:020000040800F2
:10000000407C01205D020008811E00089F0E000850
:10001000651E0008B70800080B2600080000000055
:100020000000000000000000000000009D0100082A
:10003000F509000800000000F901000899230008F4
:1000400077020008770200087702000877020008AC
:10005000770200087702000877020008770200089C
:10006000770200087702000877020008770200088C
:10007000770200087702000877020008770200087C
:10008000770200087702000877020008770200086C
:10009000770200087702000877020008770200085C
:1000A000770200087702000877020008770200084C
:1000B00077020008770200089924000877020008F8
:1000C000770200087702000877020008770200082C
:1000D000770200087702000877020008770200081C
:1000E000770200087702000877020008770200080C
:1000F00077020008770200087702000877020008FC
:1001000077020008770200087702000877020008EB
:100110007702000877020008A5240008E9240008F7
:1001200077020008770200087702000877020008CB
:1001300077020008770200087702000877020008BB
:1001400077020008770200087702000877020008AB
:10015000770200087702000877020008770200089B
:10016000770200087702000877020008770200088B
:1001700077020008770200087702000800000000FC
:100180007702000877020008DFF80CD000F056FB79
:10019000004800470DCA0108407C01202C4B19681B
:1001A0000868B0E8F04F80F30988BFF36F8F4FF015
:1001B000000080F3118870470000000008480068C4
:1001C000006880F308884FF0000080F3148862B65E
:1001D00061B6BFF34F8FBFF36F8F00DF00BF00BF6B
:1001E00008ED00E0DFF80C00016841F470010160E7
:1001F000704700BF88ED00E0EFF30980BFF36F8F19
:10020000134B1A681EF0100F08BF20ED108A20E96A
:10021000F04F106009B44FF0500080F31188BFF325
:100220004F8FBFF36F8F20F0A3FB4FF0000080F3E0
:10023000118809BC19680868B0E8F04F1EF0100F6B
:1002400008BFB0EC108A80F30988BFF36F8F704746
:1002500010000020EFF3058070470000064880473B
:1002600006480047FEE7FEE7FEE7FEE7FEE7FEE79B
:10027000FEE7FEE7FEE7FEE78924000889010008A3
:100280002DE9F05F0546002092469B4688460646CB
:10029000814640241BE0284641464746224600F05E
:1002A00036FA53465A46C01A914110D311461846A1
:1002B000224600F01DFA2D1A67EB01084F46224630
:1002C0000120002100F014FA17EB00094E41201E16
:1002D000A4F10104DFDC484631462A464346BDE826
:1002E000F09F10B5431A934209D28318881803E08F
:1002F00010F8011D03F8011D521EF9D210BD40EA8D
:1003000001039B0703D009E008C9121F08C0042A93
:10031000FAD203E011F8013B00F8013B521EF9D27A
:1003200010BDD2B201E000F8012B491EFBD270478C
:100330000022F6E710B513460A4604461946FFF7B1
:10034000F0FF204610BD421C10F8011B0029FBD114
:10035000801A704710B5002200E0521C835C8C5C50
:10036000A34201D1002BF8D1D8B2E1B2401A10BD9E
:10037000034611F8012B00F8012B002AF9D1184689
:1003800070472DE9FE4F804681EA0300C00F0C46FE
:10039000009021F0004123F00045B8EB0200A94194
:1003A00005D24046214690461C460B46024623F0A5
:1003B0000040104347D0270DC7F30A00C3F30A518A
:1003C0000290401A019040286BDAC3F3130040F406
:1003D000801B0098924620B10023D2EB030A63EB06
:1003E0000B0B01985946C0F14002504600F080F9CD
:1003F00006460D4650465946019A00F098F910EB12
:1004000008006141002487EA115284EAE7731A4325
:1004100040D0009A62B3019A012A4FEA075215DCD4
:10042000001B61EB02014FF0004202EA0752CDE9E6
:100430000042001C41F5801132462B4600F098F92D
:1004400003B0BDE8F08F40462146F9E7001B61EBA1
:100450000201001C41F5801300185B412018A2F531
:10046000001747EB030140EAD570B6196D4111E062
:100470006D084FEA360645EAC0754FEA0752001B81
:1004800061EB0201001C41F5801149084FEA300080
:100490000019514132462B4603B0BDE8F04F00F041
:1004A00058B90098012240000023D0EB020263EB10
:1004B000E073009821464FEAE074B8EB000061EB6E
:1004C0000401E9E783F000435BE781F0004158E76E
:1004D0002DE9FE4F81EA030404F0004421F00041BD
:1004E00000944FF0000B23F0004350EA01045ED06B
:1004F00052EA03045BD0C3F30A54C1F30A552C44F7
:10050000A4F2F3340194A0FB0254C1F3130141F4AB
:100510008011C3F3130343F4801301FB024400FB77
:10052000034E840A970A44EA815447EA8357A4FB9E
:10053000076802958D0A05FB07854FEA932C04FB9B
:100540000C542705029D4FEA065847EA1637B5EBCB
:1005500008056EEB070C870E920E47EA811742EAF8
:100560008312A7FB0201B6EB0B0164EB00042B0D19
:1005700043EA0C335E1844EB1C50DA465146E7FB65
:100580000201C5F313044FEA0B3343EA14534FEA55
:100590000432019C43EA0603A4F10C040294009C7B
:1005A000CDE900B400F0E4F803B0BDE8F08F00201E
:1005B0000146F9E72DE9F04D81EA030404F0004B10
:1005C00021F0004514464FF0000A23F0004150EAA4
:1005D000050220D054EA01021DD0C5F30A57024695
:1005E000C5F31303C1F31300C1F30A5640F4801599
:1005F00043F48013A7EB0608101BD64608F2FD381B
:1006000073EB050002D308F1010801E092185B4189
:10061000B8F1000F03DA00200146BDE8F08D00209C
:100620004FF48011064684460EE0171B73EB050756
:1006300005D3121B63EB050306434CEA010C490882
:100640004FEA300092185B4150EA0107EDD152EABF
:10065000030012D082EA040083EA0501084305D0B2
:10066000101BAB4106D20122002306E000224FF00E
:10067000004302E06FF0010253101AEB06004CEB4E
:10068000085110EB0A0041EB0B01BDE8F04D00F002
:1006900060B8000030B5041E71F1000404DB4FF0B7
:1006A0000044404264EB0101141E73F1000405DBB9
:1006B0001C464FF00043524263EB0403994208BFCB
:1006C000904230BD30B50B46014600202022012467
:1006D00009E021FA02F59D4205D303FA02F5491B10
:1006E00004FA02F52844151EA2F10102F1DC30BD26
:1006F000202A04DB203A00FA02F1002070479140E2
:10070000C2F1200320FA03F3194390407047202AD6
:1007100004DB203A21FA02F00021704721FA02F3AB
:10072000D040C2F120029140084319467047202A68
:1007300006DBCB17203A41FA02F043EAE07306E009
:1007400041FA02F3D040C2F1200291400843194619
:10075000704710B5141E73F1000408DA401C41F113
:10076000000192185B411A4301D120F0010010BD35
:100770002DE9F04D92469B4611B1B1FA81F202E0AB
:10078000B0FA80F220329046FFF7B2FF04460F46DF
:1007900040EA0A0041EA0B0153465A46084313D087
:1007A000114653EA010019D0C8F140025046FFF744
:1007B000AEFF05460E46504659464246FFF798FFA3
:1007C000084305D0012004E020463946BDE8F08DFD
:1007D0000020054346EAE0762C4337430A98630538
:1007E000E40AA0EB08000022FD0A44EA47540A305C
:1007F00002D500200146E9E7010510196941DDE94C
:10080000084500196941BDE8F04DA2E7C1F30A525D
:10081000C1F3130140F2FF3341F480119A4202DA2E
:1008200000200146704740F233439A42A2F233421D
:1008300002DC5242FFF76BBFFFF75ABF064C074D71
:1008400006E0E06840F0010394E8070098471034A0
:10085000AC42F6D3FFF79CFC248F0208448F0208B9
:1008600070B58C1810F8015B15F0070301D110F872
:10087000013B2A1106D110F8012B03E010F8016B9F
:1008800001F8016B5B1EF9D12B0705D40023521E22
:100890000DD401F8013BFAE710F8013BCB1A921C8A
:1008A00003E013F8015B01F8015B521EF9D5A14288
:1008B000D8D3002070BDFEE730B587B01821684658
:1008C000FFF736FD0E48016841F002010160006843
:1008D000002100F002004FF4807406900391009410
:1008E00001200221CDE90101064D04906946284608
:1008F00000F04AFFAC61044800F0D2FA07B030BD06
:10090000303802400004024098000020022000F02D
:1009100027B800001CB501A800900423032215216C
:100920000E4800F0C5FB9DF804109DF8050001F08D
:100930000F0140EA01229DF807009DF806300749A3
:1009400003F00F030F3040EA03200839A0F217101C
:10095000C2F1EF024042C1E900201CBD9800002016
:1009600002461521014800F0E7BB00009800002076
:1009700070B5074C4FF480752804A0610A2005F07B
:1009800083FEA561BDE87040642005F07DBE0000D7
:1009900000040240144808B5016841F48001016078
:1009A000006800F48000009010480068C0F3022046
:1009B000C0F10701042900D90421021D072A01D230
:1009C000002000E0C01E01228A40521E02F00501F4
:1009D00081400801064981F8000405494FF0006094
:1009E0003739C1F8000108BD303802400CED00E095
:1009F0003BE000E07047000001488068704700005D
:100A0000000000200248816802781144816070472C
:100A1000000000200B4810B5016841F4007101602E
:100A2000016841F480610160016841F480710160F6
:100A3000032000F09FF80F2000F006F800F050F8B7
:100A4000002010BD003C024030B505461F4887B06D
:100A50000024016841F004010160006806A900F06B
:100A60000400009001A800F097F80498A8B100F0E5
:100A7000B3F840001649174AB0FBF1F11648491E79
:100A8000026040F2E732C0E90324C0E90114846146
:100A900000F0B4F8040003D015E000F09DF8E9E799
:100AA0000D4800F015F904000DD11E2000F034F8B7
:100AB000102D07D2002229461E2000F03BF80748DF
:100AC000056000E0012407B0204630BD40380240F8
:100AD00040420F00000800405002002004000020A7
:100AE0000C4882B0016841F480410160006800F464
:100AF000804000900748001F016841F0805101606C
:100B00000068002200F0805000900F21901E02B07B
:100B100000F010B844380240002809DB00F01F0242
:100B2000012191404009800000F1E020C0F800114F
:100B300070470000F0B40E4B1B680C46C3F3022351
:100B4000C3F10705042D00D90425191D072901D279
:100B5000002300E0DB1E012606FA05F1491E2140B4
:100B600099409E40761E16403143F0BC01F0BABD5C
:100B70000CED00E0064900F0070208684FF6FF039D
:100B8000184040EA0220034A104308607047000002
:100B90000CED00E00000FA050F2202600C4A136819
:100BA00003F003034360136803F0F00383601368EA
:100BB00003F4E053C36012684FF4E05303EAD20237
:100BC00002610448006800F00700086070470000F8
:100BD00008380240003C02400448054900680968A2
:100BE000044AC1F38221515CC84070470C000020C8
:100BF00008380240D21702087047704710B5040049
:100C000003D094F83D0010B107E0012010BD002092
:100C100084F83C00204600F01EF8022084F83D00D5
:100C2000211D206801F082FC012084F8460084F830
:100C30003E0084F83F0084F8400084F8410084F8C6
:100C4000420084F8430084F8440084F8450084F8A6
:100C50003D00002010BD704790F83D10012901D0E3
:100C600001207047022180F83D1000681149884238
:100C700014D0B0F1804F11D00F4988420ED00F49E7
:100C800088420BD00E49884208D00E49884205D0D0
:100C90000D49884202D00D49884204D1816801F093
:100CA0000701062903D0016841F00101016000201D
:100CB00070470000000001400004004000080040B0
:100CC000000C0040000401400040014000180040BA
:100CD00090F83D10012901D001207047022180F8D1
:100CE0003D100168CA6842F00102CA6000681149FB
:100CF000884214D0B0F1804F11D00F4988420ED0F5
:100D00000E4988420BD00E49884208D00D498842CE
:100D100005D00D49884202D00C49884204D181682F
:100D200001F00701062903D0016841F001010160CB
:100D3000002070470000014000040040000800400F
:100D4000000C004000040140004001400018004039
:100D500070472DE9F04104460068C66805694FF008
:100D60000007A90713D5B10711D5F91E01610120AC
:100D70002077206880698007204602D0FFF7E8FFCF
:100D800004E000F07EF8204600F07CF82777680742
:100D900016D5700714D521686FF004000861022091
:100DA00020772068806910F4407F204602D0FFF74A
:100DB000CFFF04E000F065F8204600F063F82777E5
:100DC000280715D5300713D521686FF00800086192
:100DD000042020772068C0698007204602D0FFF7F2
:100DE000B7FF04E000F04DF8204600F04BF82777FD
:100DF000E80616D5F00614D521686FF010000861DA
:100E0000082020772068C06910F4407F204602D077
:100E1000FFF79EFF04E000F034F8204600F032F8BF
:100E20002777E80708D0F00706D021686FF00100A7
:100E30000861204600F028F8280608D5300606D5B7
:100E400021686FF0800008612046FFF7D5FE680634
:100E500008D5700606D521686FF04000086120466D
:100E600000F01CF8A8060AD5B00608D521686FF076
:100E7000200008612046BDE8F041FFF7BEBEBDE896
:100E8000F08170477047000000680349884201D133
:100E9000FFF7B8BD70470000000800407047FEE74C
:100EA00010B586B0044618216846FFF741FA20893C
:100EB0000121CDE900010020CDE9030102200290CB
:100EC0006946206800F060FC6089009069466068AF
:100ED00000F05AFC06B010BD70B506460824002587
:100EE00001F0E0F813E06806050E0021304601F03D
:100EF000C8F8022005F0D6FB0121304601F0C1F808
:100F0000012005F0CFFB304601F0C3F80543641E15
:100F1000E4B2E8D20021304601F0B3F8304601F0E7
:100F2000DEF8284670BD10B50446002101F0CFF868
:100F3000012005F0B7FB0121204601F0A2F80120B5
:100F400005F0B0FB0021204601F09BF8BDE8104001
:100F5000012005F0A7BB000070B50C460646082529
:100F600019E000BF01F08DF8022005F09BFB04F0B2
:100F70008001304601F0ABF8012005F093FB6006DC
:100F8000040E012005F08EFB0121304601F079F8B6
:100F9000012005F087FB6D1EEDB24FF000013046D9
:100FA000E0D201F06EF8BDE87040022005F07ABB97
:100FB00010B50446012101F08AF8012005F072FB0A
:100FC0000121204601F05DF8012005F06BFB0021B6
:100FD000204601F056F8BDE81040022005F062BB43
:100FE00010B50446012101F072F8022005F05AFB09
:100FF0000121204601F045F8012005F053FB0021B6
:10100000204601F064F8012005F04CFB0021204649
:1010100001F037F8BDE81040012005F043BB10B5E2
:101020000446002101F02DF8022005F03BFB0021D1
:10103000204601F04CF8012005F034FB0121204648
:1010400001F01FF8012005F02DFB0121204601F0E1
:101050003EF8BDE81040012005F024BB70B5054600
:10106000052401F01FF80121284601F00AF805E0E7
:10107000641EA4B2012005F015FB84B1284601F0DE
:1010800008F80028F4D1284601F029F80021284664
:1010900000F0F7FF022005F005FB002070BD284698
:1010A00001F01DF82846FFF7BAFF012070BD0000CF
:1010B0002DE9F0411D4617460C468046069EFFF777
:1010C0008FFF6006010E4046FFF746FF4046FFF7E0
:1010D000C5FF28B14046FFF7A2FF0120BDE8F0811F
:1010E00039464046FFF738FF4046FFF7B7FF404616
:1010F000FFF776FF012000EB4400C1B24046FFF746
:101100002BFF4046FFF7AAFF00246F1E0AE000BF36
:10111000FFF7E2FE3055BC4202DA4046FFF703FF1C
:10112000641CE4B2AC424046F2D3FFF741FF4046B4
:10113000FFF775FF0020D1E770B516460C4605464F
:10114000FFF74EFF6006010E2846FFF705FF284611
:10115000FFF784FF31462846FFF7FEFE2846FFF7DB
:101160007DFF2846FFF73CFF012000EB4400C1B2A1
:101170002846FFF7F1FE2846FFF770FF2846FFF7E5
:10118000ABFE04462846FFF713FF2846FFF747FF4C
:10119000204670BD30B587B018216846FFF7C8F803
:1011A000012000F0D9FA01240025CDE90045694667
:1011B0000848049400F0E8FA082000F0CDFAAA20CC
:1011C000CDE9000569460494034800F0DDFA07B054
:1011D00030BD000000000240000C02402DE9F0414B
:1011E00004461D4616460F462A2000F03BFA2046CC
:1011F00000F029FA304600F026FA2B2000F032FAEF
:10120000384600F020FA284600F01DFABDE8F0410B
:101210002C2000F027BA70B55E1A141A641C761CD4
:10122000A4B2B6B21433143174439BB289B2049D94
:10123000FFF7D4FF4FF4006001F002F82146284682
:1012400001F070F8BDE87040002000F0F9BF10B563
:1012500014460B460246FFF7C1FF2046BDE810408A
:1012600000F0F1B92DE9F04780461F4603F1130065
:1012700083B21646501E82B20C4601F1140081B2B0
:101280004046DDF82090FFF7A9FF0AE0454604E05C
:10129000484600F0D8F96D1CADB2B542F8D3641CD5
:1012A000A4B2BC42F2D3BDE8F08700002DE9F041C2
:1012B00088B018216846FFF73BF81F48016841F0E5
:1012C0001001016000681D4C00F0100006904FF402
:1012D0008020A0614FF0040801AA01250326002701
:1012E000CDF8008082E8E0006946204600F04CFA24
:1012F000C4F81880E804A0614FF0080801AACDF8EE
:10130000008082E8E0006946204600F03DFAC4F81B
:1013100018802805A0614FF0100801AACDF80080C0
:1013200082E8E0006946204600F02EFAC4F81880F2
:1013300008B0BDE8F08100003038024000100240E3
:1013400010B5FFF727FB00F0E1FE00F09BFDFFF773
:10135000ADFF642005F098F9654C1021204600F09F
:1013600082FD0421204600F07EFD642005F08CF90A
:101370000421204600F07EFD642005F085F911204F
:1013800000F070F9782005F07FF9362000F06AF956
:10139000C02000F079F93A2000F064F9052000F04F
:1013A00073F9B22000F05EF90C2000F06DF90C200A
:1013B00000F06AF9002000F067F9332000F064F9CA
:1013C000332000F061F9B72000F04CF9352000F02F
:1013D0005BF9BB2000F046F9192000F055F9C02058
:1013E00000F040F92C2000F04FF9C22000F03AF94B
:1013F000012000F049F9C32000F034F9122000F078
:1014000043F9C42000F02EF9202000F03DF9C62059
:1014100000F028F90F2000F037F9D02000F022F971
:10142000A42000F031F9A12000F02EF9E02000F016
:1014300019F9D02000F028F9042000F025F90D203A
:1014400000F022F9112000F01FF9132000F01CF920
:101450002B2000F019F93F2000F016F9542000F07D
:1014600013F94C2000F010F9182000F00DF90D20B0
:1014700000F00AF90B2000F007F91F2000F004F932
:10148000232000F001F9E12000F0ECF8D02000F07A
:10149000FBF8042000F0F8F80C2000F0F5F811201B
:1014A00000F0F2F8132000F0EFF82C2000F0ECF838
:1014B0003F2000F0E9F8442000F0E6F8512000F069
:1014C000E3F82F2000F0E0F81F2000F0DDF81F20E7
:1014D00000F0DAF8202000F0D7F8232000F0D4F84C
:1014E000212000F0BFF8BDE81040292000F0BAB874
:1014F00000100240411F5F2901D800F03BBD70473A
:101500002DE9FF4F81B00446DDF83C9000904FEA92
:1015100059074FF00008780700D0012000EBD700F2
:1015200000FB09FB203AD0B203900298029948448C
:10153000401E83B2E019401E82B22046FFF74EFEE5
:10154000002553E0B9F10C0F2AD0B9F1100F2ED0BD
:10155000B9F1180F2ED0B9F1200F49D127490398BE
:1015600001EB8010002610F805A0109800284FF01D
:10157000010000FA06F000EA0A0022D020B120465D
:10158000049A0299FFF763FE641C0098A4B2201A23
:10159000B84225D10298009C401C80B2029023E002
:1015A0000398174900EB400001EB8000DAE715498A
:1015B000039803E00398144900EB400001EB00108E
:1015C000D0E708B1049800E00E9800F03CF808F16C
:1015D0000100C0B2B0FBF7F1804607FB118050B1AB
:1015E000761CF6B2082EC0D36D1CADB25D45A9D3F2
:1015F00005B0BDE8F08F4FF00008F5E70E340208A3
:10160000DA1702084E1C02083E2202082DE9FE4F9E
:101610009946DDE90D6714468A460546DDF83080B7
:101620000CE0CDF800804B4651462846CDE90167D5
:10163000FFF766FF05EB560085B2641C2278002A8E
:10164000EFD1BDE8FE8F10B504464FF4006000F006
:10165000F7FD0121204600F005FEBDE81040002006
:1016600000F0EEBD10B5074C03460821204600F0FF
:10167000FAFB184600F008F82046BDE810400821A3
:1016800000F0F8BB00100240012100F01BBE00007A
:1016900000B587B018216846FEF74AFE102000F01A
:1016A00067F808484FF460410A0482610091012103
:1016B0000022CDE90112CDE90321694600F064F86A
:1016C00007B000BD00100240034A516921F4604197
:1016D00041EA403050617047001002404FF4FA7404
:1016E00000F020F820461FF047F8F9E700B587B072
:1016F00018216846FEF71CFE042000F039F808485F
:101700004FF400510A048261009101210022CDE9C9
:101710000112CDE90321694600F036F807B000BD9B
:101720000008024005494FF400524869824300F422
:10173000005042EA00408861704700000008024003
:10174000044908B50A6802430A600968014000912B
:1017500008BD000030380240044908B50A68024359
:101760000A6009680140009108BD0000303802405D
:10177000044908B50A6802430A60096801400091FB
:1017800008BD000030380240F0B50A680F2692FA12
:10179000A2F2B2FA82F303248AE001279F4015EAFD
:1017A00007027DD04D68012D01D0022D1BD18D681F
:1017B000876892FAA2FCBCFA8CFC4FEA4C0C04FA43
:1017C0000CFC27EA0C0792FAA2FCBCFA8CFC4FEA4C
:1017D0004C0C05FA0CF52F438760CD6847685543DC
:1017E00097432F4347600F69D0F80CC092FAA2F5D7
:1017F000B5FA85F54FEA450E04FA0EF52CEA050C0C
:1018000092FAA2F5B5FA85F56D00AF404CEA070CE7
:10181000C0F80CC04D68022D33D192FAA2F5B5FA8A
:1018200085F5082D15D2D1F814C0056A92FAA2F7F1
:10183000B7FA87F7BF0006FA07F7BD4392FAA2F797
:10184000B7FA87F7BF000CFA07FC45EA0C050562FA
:1018500017E0D1F814E0476A150A95FAA5FCBCFA1E
:101860008CFC4FEA8C0C06FA0CFC95FAA5F5B5FA3F
:1018700085F5AD0027EA0C070EFA05FE47EA0E07CC
:1018800047624D68076892FAA2FCBCFA8CFC4FEAEA
:101890004C0C04FA0CFE27EA0E0792FAA2F200E0C2
:1018A00005E0B2FA82F2520095402F4307605B1CBC
:1018B0000A681546DA407FF470AF0020F0BD10B51D
:1018C000044600F091FB206000F064FB606000F0D3
:1018D0006FFBA060606800F079FBE06010BD10B5A0
:1018E00003680122C3F380132BBBD1E900231A4301
:1018F000D1E9023423431A430B691A434B691A4353
:101900008B691A43CB691A430B6A1A4303684FF673
:10191000BF74A3431A43026042684B6922F0040279
:1019200042EA134242600A6AB2F5005F02D1898C32
:1019300089B201610022C16921F40061C1611046D0
:1019400010BD000001490860704700000C00002035
:10195000F0B50268254B264D264E274F274C4FF0F9
:10196000804C984209D0604507D0A84205D0B042CB
:1019700003D0B84201D0A04205D1D1F804E022F052
:10198000700242EA0E0298421BD0604519D0A8426C
:1019900017D0B04215D0B84213D0A04211D0184D84
:1019A000A8420ED0174DA8420BD0174DA84208D020
:1019B000164DA84205D0164DA84202D0154DA8429A
:1019C00003D1CD6822F440722A4302608A68C26261
:1019D0000A888262984201D0A04201D1096901635C
:1019E000416941F0010141610020F0BD000001406A
:1019F0000004004000080040000C004000040140CA
:101A000000400140004401400048014000180040EF
:101A1000001C004000200040F0B5012600236E4C61
:101A20006E4D012908D010293BD0B1F5807F73D0CD
:101A3000B1F5805F6ED1A6E0016A21F0010101627B
:101A4000016A46688769D2F800C027F0730747EA41
:101A50000C07D2F810C021F0020141EA0C01D2F8C3
:101A600004C021F0010141EA0C01A04201D0A842CA
:101A700012D1546921F0080141EA8401946821F0EF
:101A8000040141EA8401956926F480742C43D569E8
:101A900024F4007444EA450646608761D2684263D4
:101AA0006FE0016A21F010010162066A41688769EE
:101AB000D2F800C027F4E64747EA0C27D2F810C056
:101AC00026F0200646EA0C16D2F804C026F01006CE
:101AD00046EA0C16A04201D0A84213D1556926F05F
:101AE000800444EA8514956824F0400444EA85168D
:101AF000946921F4806141EA8401D46921F4006190
:101B000041EAC40141608761D168816361E003E01B
:101B100000E01E463046F0BD016A21F4807101628A
:101B2000016A4668C769D2F800C027F0730747EA20
:101B30000C07D2F810C021F4007141EA0C21D2F850
:101B400004C021F4807141EA0C21A04201D0A842D6
:101B500013D1546921F4006141EA8421946821F48D
:101B6000806141EA8421956926F4805444EA051491
:101B7000D56924F4005444EA45164660C761D2682A
:101B8000C2630162C5E7016A21F480510162066AFD
:101B90004168C769D2F800C027F4E64747EA0C2736
:101BA000D2F810C026F4005646EA0C36D2F804C02B
:101BB00026F4805646EA0C36A04201D0A84204D151
:101BC000946921F4804141EA84114160C761D16880
:101BD000016406629DE7000000000140000401402E
:101BE0007FB50446C0680D460126C0F34030C0BB37
:101BF000E9686868AA690843296911430843E168EC
:101C000049F20C6291430843E060A868216921F41D
:101C10004051014321616869616921F440710143C8
:101C200061616846FFF74BFE0F48844208D00F48B9
:101C300084420DD00E4884420AD00E48844201D11D
:101C4000039906E00C48844202D00C48844208D133
:101C5000029931B12B6823B100262046AA6900F011
:101C60000FF804B0304670BD001001400044004041
:101C70000048004000140140004C0040005000406B
:101C80002DE9F04106461920A1FB00011F46002363
:101C900064243225B2F5004F27D0BB0FBA00FEF7FF
:101CA000EFFA0146B0FBF4F06FF01802504301EB7D
:101CB000800005EB0010B0FBF4F000F0F002B1FB87
:101CC000F4F002EB0012B1FBF4F06FF0180358438C
:101CD00001EB800005EB0010B0FBF4F000F00F000A
:101CE000104480B2B060BDE8F081FA195B41FEF7A4
:101CF000C7FA0146B0FBF4F00201B1FBF4F06FF05B
:101D00001803584301EB800005EBC000B0FBF4F072
:101D100000F0F80002EB4002B1FBF4F0584301EB95
:101D2000800005EBC000B0FBF4F000F00700D7E73F
:101D30000FF01AF80FF060F819F026FC0446322272
:101D4000642117F070FF00231A460921204614F081
:101D50003FFC094C4FF0FF35294620691FF0C2F9BE
:101D6000012805D100231A46194620691FF00EF8F4
:101D70000A201EF001FDEFE7A80000200A4C4FF0FA
:101D8000FF35294620691FF0ADF9012807D11AF067
:101D9000F3F900231A46194620691EF0F7FF0520C3
:101DA0001EF0EAFCEDE70000A800002000F02EBCC9
:101DB00010B58020FFF7C4FCBDE810400120FFF7FC
:101DC000BFBC000010B58EB01C216846FEF7B0FA0B
:101DD000182107A8FEF7ACFA1F48016841F010016E
:101DE0000160006800F010000D901B481438016875
:101DF00041F0010101600068002400F001000D9035
:101E00004FF4C0600790022008900320CDE9090438
:101E10000720CDE90B4007A91048FFF7B5FC4FF4A8
:101E2000E130CDE900040C200294CDE90340059493
:101E300006940B4C69462046FFF7D2FE206920F439
:101E400090402061606920F02A006061E06840F401
:101E50000050E0600EB010BD443802400000024067
:101E600000100140FEE70A048261426931EA020281
:101E7000FBD070478161426931EA0202FBD17047B1
:101E8000FEE70000F0B595B0142110A8FEF750FA57
:101E9000202101A8FEF74CFA182109A8FEF748FAFC
:101EA0003048016841F0020101600068002500F03F
:101EB00002000090A720ADF8400040F22B10CDE9C1
:101EC0001150294C10A920461395FFF741FD2068B9
:101ED00020F0800020602548A115027922481830A2
:101EE00016183068214F0822FF1D3B799A40104395
:101EF00030606020CDE901050395049501AA2046D4
:101F00000595FFF789FD30683A79042191408843AF
:101F10003060606820F070006060A06820F0800091
:101F2000A06010481038016841F0020101600068AB
:101F30000C9500F002000090012009900220CDE9EC
:101F40000A05CDE90D5009A90948FFF71DFC2068D5
:101F500040F001002060206A40F480702062E56358
:101F600015B0F0BD4038024000040040AC17020834
:101F700000040240642800D964204FF4967110FBDD
:101F800001F06421B0FBF1F00149C8637047000023
:101F90000004004004490968044A01F0F0010909FD
:101FA000515CC8407047000008380240C217020860
:101FB00004490968044A01F4E05102EB91210978CF
:101FC000C840704708380240D2170208044909681F
:101FD000044A01F4604102EB51310978C84070476E
:101FE00008380240D21702080748006810F00C01B8
:101FF000064807D0042904D0082903D1082000F09E
:1020000009B8034870470000083802400024F40073
:1020100040787D0110B5104A04460020116811F483
:1020200080030E4903D0B3F5800F00D10C49082C72
:1020300011D1106800F03F00B1FBF0F01168C1F35E
:10204000881148431168012201F4403102EB11412B
:102050004900B0FBF1F010BD043802400024F40048
:1020600040787D0100244FF4FA75641CE4B2062C1C
:1020700000D900242046FFF727FB28461EF07CFBF2
:10208000F3E74289406809B18261704711048161B8
:102090007047016800890969884301D000207047B2
:1020A0000120704710B586B0044618216846FEF737
:1020B0003FF9208900900020019001200490022027
:1020C000029069462068FFF75FFB06B010BD0289E9
:1020D000006809B18261704711048161704710B5D1
:1020E00086B0044618216846FEF722F92089009040
:1020F0000120019003900020049002200290694684
:102100002068FFF741FB06B010BD000030B591B06C
:1021100028216846FEF70CF918210AA8FEF708F9ED
:102120004248016841F480510160006800F4805029
:1021300010903E481438016841F0010101600068C8
:10214000022500F001001090A020CDE90A0503202F
:102150000024CDE90C040520CDE90E400AA934483D
:10216000FFF712FB34483349C2788A58C37822F00B
:10217000606242F0C062CA50C2788A58C37822F0C6
:10218000C00242F04002CA50C2788A58C37822F492
:102190004032CA50C2788A58C37822F49072CA502A
:1021A000C2788A58C37822F40072CA50C2788A581A
:1021B000C37842F48062CA50C2788A58C37822F445
:1021C000C05242F40062CA50C2788A58C37822F4DE
:1021D000C04242F40052CA501649C27814315258D3
:1021E000C07822F0040242504FF48270CDE90040E2
:1021F00001200294CDE903504002CDE905040A20F4
:10220000CDE9084007940D4C69462046FFF767FB6F
:10221000606820F010006060606840F0020060605C
:10222000206840F04000206011B030BD44380240CA
:102230000000024000640240BA170208003001406A
:1022400007490A6822F040020A600A6822F4006224
:1022500002430A60086840F04000086070470000D0
:10226000003001402DE9F0410E460746FEF7C4FB61
:102270000446134D05E000BFFEF7BEFB001BB04255
:102280001CD2A868C0F340000028F5D0EF6004E03D
:10229000FEF7B2FB001BB04210D2A868C0F34000AA
:1022A0000028F5D005E000BFFEF7A6FB001BB042FA
:1022B00004D2A868C0F3C0100028F5D1BDE8F081B1
:1022C000003001402DE9F0410E460746FEF794FB31
:1022D0000546134C05E000BFFEF78EFB401BB042E5
:1022E0001CD2A068C0F340000028F5D0277304E09A
:1022F000FEF782FB401BB04210D2A068C0F3400042
:102300000028F5D005E000BFFEF776FB401BB04289
:1023100004D2A068C0F3C0100028F5D1BDE8F08158
:1023200000300140F0B5194A194BD4781C5914F00B
:10233000010FFAD14FF000649C60D5785D59D678D2
:1023400025F001059D51124FD6780837114DF551F2
:10235000D6783D1D7051D578381F2D586FF30F0575
:102360000D43D1780D50D0781858D17840F0010045
:102370005850D078185810F0010FFAD11868C0F3EF
:10238000C0600028FAD09C60F0BD0000BA170208B7
:10239000006402400C30014010B54FF0E0200069AD
:1023A0001EF0EEFF012803D0BDE810401EF034BC43
:1023B00010BD000070B52E48016821F0070141F002
:1023C00005010160016801F007010529FAD12949D9
:1023D000086840F4804008602748026842F4803270
:1023E00002600268C2F34042002AFAD0224A234B1C
:1023F000121D1468224D2C4023431360136823F4EC
:1024000040331360026842F0807202600268C2F3D7
:102410004062002AFAD04868C0F380300028FAD021
:1024200015480830016821F0F0010160016821F4CD
:10243000E05141F4A0510160016821F4604141F490
:1024400000410160016821F0030141F002010160D7
:10245000016801F00C010829FAD10A48FFF772FA65
:102460000F20FEF7F1FA002801D072B6FEE770BD2A
:10247000003C024000700040003802401954400007
:102480000080BFFF007A030A0248016841F470012E
:102490000160704788ED00E00148FEF75ABC00007B
:1024A0005002002010B5064C206910F0010F05D035
:1024B00004A000F007F96FF00100206110BD0000DA
:1024C0000010004054494D36E6ADA3E59CA8E8BF96
:1024D00090E8A18C2CE4BC98E58588E7BAA7E4B81D
:1024E000BA3A360D0A00000010B5064C206910F00B
:1024F000010F05D004A000F0E5F86FF001002061A5
:1025000010BD00000014004054494D37E6ADA3E56E
:102510009CA8E8BF90E8A18C2CE4BC98E58588E7EE
:10252000BAA7E4B8BA3A340D0A000000F0B5026860
:10253000294C2A4D2A4E2B4F2B4B4FF0804CA0425A
:1025400009D0604507D0A84205D0B04203D0B842B8
:1025500001D0984204D122F0700E4A6842EA0E027D
:10256000A0421BD0604519D0A84217D0B04215D068
:10257000B84213D0984211D01C4DA8420ED01C4D29
:10258000A8420BD01B4DA84208D01B4DA84205D035
:102590001A4DA84202D01A4DA84203D122F4407528
:1025A000CA682A434D6922F080022A4302608A6881
:1025B000C2620A688262A04201D0984201D10969D0
:1025C0000163012141610169C90703D0016921F05B
:1025D00001010161F0BD0000000001400004004065
:1025E00000080040000C0040000401400040014091
:1025F000004401400048014000180040001C004019
:1026000000200040012019F07BBDFEE71CB5012031
:102610001EF018FB164900234FF440620861083190
:102620000220CDE9000113A116481EF051FE104909
:1026300003200C31CDE900010023802212A11548AE
:102640001EF046FE0A480124CDE900400023802206
:1026500011A115481EF03CFE05480023001DCDE9E0
:102660000040802211A116481EF032FE1CBD000061
:10267000A80000204C7648616E646C6572546173EA
:102680006B0000007D1D00084C56474C5F54617381
:102690006B000000311D00084C4544546F67676CA7
:1026A000655F5461736B0000DD1600085247424CB1
:1026B0004544546F67676C655F5461736B0000003D
:1026C000652000080FB4054B10B503A9044A029811
:1026D00001F03EFE10BC5DF814FB000041C800088C
:1026E0004C0200200907090E002804DB00F1E0205D
:1026F00080F80014704700F00F0000F1E02080F82F
:10270000141D704702E008C8121F08C1002AFAD140
:1027100070477047002001E001C1121F002AFBD161
:10272000704770B5044600256FF02F0608E020685A
:10273000411C2160007805EB850106EB410145183D
:102740002068007800F0B6F80028F0D1284670BD67
:102750002DE9FF5FDDE90220010DDDF838B002430D
:1027600018D044F61050A1F2FF3141430D140F98D8
:10277000012820D0A5EB0B00401C5FEA000A4FF0B7
:102780000004474EDFF81C91A046504616D5CAF10A
:10279000000728E00F98012443A2012808D0002157
:1027A00000980F9BC0E90021C0E90243BDE8FF9FEC
:1027B0006FEA0B01F4E7CBF10000DEE7074612E019
:1027C000F80707D02246334640464946FDF780FECB
:1027D000804689462246334610461946FDF778FE64
:1027E00004460E467F10002FEAD1DDE90201BAF15E
:1027F000000F42464B4602DAFDF76AFE01E0FDF7A4
:10280000D9FE04460E460022284BFDF743FF03D8AD
:102810004FF0FF30014607E00022254B20463146AD
:10282000FDF7AFFDFDF7F2FF102409E0002C0ADBF5
:102830000A220023FDF724FD019B30321A55641E45
:1028400050EA0102F2D1641C019AC4F1110314444C
:102850000F9A012A03D0012208430DD10AE0084350
:1028600004D000204FF0110B0F9080E7A3EB0B0575
:102870006D1E0DE05B4504DD4FF0000205F1010522
:1028800004E003DA4FF00002A5F10105002AECD0C4
:1028900000980F99C0E90231C0E9004586E70000C1
:1028A000000024400000F03F300000000000F04332
:1028B0000000E03F3038092801D80120704700208F
:1028C0007047000010B54021074801F081F8002250
:1028D0000A21064819F01EFC054CA06002F0C8FB56
:1028E0000020207010BD000070B6002019510008B3
:1028F000D001002070B5B1F90030B2F90040A34218
:1029000000DC23460380B1F90250B2F90240A5422F
:1029100000DD2C464480B1F90460B2F90450AE42A7
:1029200000DA35468580B1F90610B2F906209142E9
:1029300000DB1146C1800120AB4201DC8C4200DD8E
:10294000002070BDF8B50D460446B0F90000B1F99D
:1029500000101646884247DBB4F90210B5F9022090
:10296000914241DBB4F90410B5F9042091423BDCFB
:10297000B4F90610B5F90620914235DC96B3ADF8EE
:1029800000006088ADF8020032466946284600F033
:1029900099F8002827D0A088ADF800006088ADF82D
:1029A000020032466946284600F08CF800281AD00A
:1029B0002088ADF80000E088ADF802003246694694
:1029C000284600F07FF800280DD0A088ADF8000060
:1029D000E088ADF8020032466946284600F072F8F9
:1029E000002800D00120F8BD0020F8BDB0F900207B
:1029F000B1F904309A4213DCB0F90420B1F9003087
:102A00009A420DDBB0F90220B1F906309A4207DC98
:102A1000B0F90600B1F90210884201DB01207047CD
:102A200000207047F8B50D460446B0F90400B1F92E
:102A300000101646884243DBB4F90600B5F90210CF
:102A400088423DDBB4F90000B5F90410884237DC58
:102A5000B4F90210B5F90620914231DC76B3ADF835
:102A600000006088ADF8020032466946284600F052
:102A700029F818BBA088ADF800006088ADF8020006
:102A800032466946284600F01DF8B8B92088ADF8EE
:102A90000000E088ADF8020032466946284600F0A2
:102AA00011F858B9A088ADF80000E088ADF8020030
:102AB00032466946284600F005F808B10020F8BD06
:102AC0000120F8BD2DE9FC4114460E46B1F9002065
:102AD000B0F9001005468A423ADBB5F9040082429B
:102AE00036DCB6F90270B5F90220974230DBB5F951
:102AF00006309F422CDC002C75DD401A9A1A401CCF
:102B0000521C00B212B200EBD07002EBD272401035
:102B10005210904200DB1046844200DD0446ADF8BE
:102B20000010288800222044ADF804006888ADF821
:102B30000200688831462044ADF806006846FFF779
:102B4000C1FF40B1BDF804002044ADF804003FE0EF
:102B50000020BDE8FC81E8880022001BADF80200DF
:102B6000E888ADF8060031466846FFF7ABFF28B1AC
:102B7000BDF804002044ADF8040011E0A88800224C
:102B8000001BADF80000A888ADF804003146684687
:102B9000FFF798FF50B1BDF80000001BADF8000032
:102BA000BDF80200001BADF8020016E06888ADF821
:102BB0000200688800222044ADF8060031466846CD
:102BC000FFF780FF70B1BDF80000001BADF80000FA
:102BD000BDF806002044ADF806003146684617F0FF
:102BE0002DFAB6E7FFE70120B3E710B5B1F90040D1
:102BF000B2F900309C4200DA23460380B1F902406A
:102C0000B2F902309C4200DA23464380B1F9044015
:102C1000B2F904309C4200DD23468380B1F90610EE
:102C2000B2F90620914200DC1146C18010BD0000BF
:102C3000FEB5074619F05AFA0025354C06460095B0
:102C400037B1F8686060384619F032FB606802E01E
:102C50000EF08AF86060006917F08CF960684069CE
:102C600008B117F087F96068C06917F083F96068E8
:102C7000006A17F07FF960680169E1B317F002FCA0
:102C800017F07EFB6068B0F8501199B30168097CB9
:102C9000890715D50EF0C6F8401E07B260680EF021
:102CA0007BF8401E03B20022114601A800970CF0E9
:102CB00035FE606801A90268926B516004F058FC0F
:102CC00060684FF48071303013F0D0FA60682021D2
:102CD00000F5987013F0CAFA6068A0F850513046B9
:102CE00019F0FEF9009060680068436A13B1226829
:102CF0000099984700E007E013F0FAF800F036F882
:102D0000BDE8FE4000F006B8A0F85051FEBD00003E
:102D1000F000002070B50A4D002400BFC4EBC406CB
:102D200055F8260008B113F057F905EB86001C2171
:102D300013F09CFA641CE4B2042CEFD370BD0000C5
:102D40004CB70020084949680AE04A68824202D02C
:102D50000A68824203D10A7E42F001020A7649697A
:102D60000029F2D170470000C40000207047000025
:102D70000421014800F02CBE64B600201C2101484B
:102D800000F026BE7CB600202DE9FF5F0446DDE999
:102D90000E0613B9B0F5807F7ED0B6F900504FF023
:102DA000FF376D42454307EB25252DB22580B6F947
:102DB00002C0CCF1000C0CFB00FC07EB2C273FB24F
:102DC0006780B6F900C0A1EB0C0141434FF0020C43
:102DD0000CEB212109B2A180B6F90280A2EB080216
:102DE00042430CEB222000B2E080002B7ED04FF05B
:102DF0000A0A93FBFAF5684200EB800003EB4007F8
:102E000005F1010928B219F08FFB00900FFA89F043
:102E100019F08AFB83465A3528B219F085FB8046A3
:102E200009F15A0000B219F07FFB0146009AC7F180
:102E30000A0000FB02F300FB08F00BFB073301FB69
:102E4000070193FBFAF291FBFAF04FEA601AB4F92A
:102E50000010B4F902000AFB01FCCDF80CC05511BA
:102E6000378805FB10C207EBA2220FFA82F905FB97
:102E700001F2BB46029277880AFB002107EBA121F1
:102E80000BB2B4F90410BE460AFB01FC05FB10C2EC
:102E90000BEBA22216B200E02FE005FB01F7CDE913
:102EA000007CB4F90680DDF80CC00AFB007005FB5D
:102EB00018C1DDF804C0009F05FB18C5029A0AFB83
:102EC000087C0AFB08220BEBA1210EEBAC270EEBD2
:102ED000A02009B20EEBA2220BEBA5250FFA87FC6E
:102EE00000B212B22DB24F46494500E00EE000DAC2
:102EF0000F46B54216DAA84615E000202080491E8C
:102F00006080A180521EE280BDE8FF9F32882A4483
:102F1000228072883A44628032881144A18071888C
:102F200008444FE0B046474504DA4F46494506DAC3
:102F30000F4604E0B54201DA2F4600E0374627800D
:102F40004F46494500DD0F46B54201DDA84600E089
:102F5000B046474503DD4D46494505DC01E0B54235
:102F600001DD294600E03146A1809A4201DA15468A
:102F700000E01D46844501DA614600E001468D42CD
:102F800005DA9A4201DA114606E0194604E0844562
:102F900001DA614600E0014661809A4201DD114696
:102FA00000E01946844501DD654600E00546A9427A
:102FB00005DD9A4201DD104604E0184602E0844532
:102FC00000DD6046E0809FE72DE9FE4F0446D0F823
:102FD00000B0B0F90800E589081AB4F90A10511ACE
:102FE000D4E90932B5F5807F38D0A589ADB3A66B99
:102FF000704345114E437011266BE16A06FB05F7DD
:1030000001FB1077694306FB001003EBA72902EBD5
:10301000A02080460612B4F904004FEA2927B842DE
:103020004EDD002F4CDBB4F90610B14248DD002E16
:1030300046DB94F834104A0745D58A0704F1140397
:1030400022D400FB067045004FF0020A0BEB05018D
:103050005246184613F0C0F827E00DE0256BE66AEB
:1030600005FB00F706FB1177464305FB016003EB08
:10307000A70902EBA000CCE7A56B68434D4303EB27
:10308000601902EB6510C4E700FB067000EB400519
:103090004FF0030A0BEB05010222184613F09CF8CF
:1030A000E81C584410F8010CA07594F83400C007CF
:1030B0001FD04FF4FC60ADF80000A18A814218D106
:1030C0000020BDE8FE8F32B204F118002369CDE97B
:1030D0000102002539B2AA468B4611F083F900900F
:1030E000BDF80000A082DDE90102594611F012F995
:1030F000DAE7E07C78B1A4F83C90A4F83E80A4F82C
:103100004070A4F84260656484F848A02046BDE899
:10311000FE4F00F002B80120D3E72DE9F04F04463E
:1031200090F83C10D0F8009090F83E0087B04FF037
:10313000FF36702907DAB4F940203546012A00D558
:10314000002580310DE0902916DDB4F94020B4F956
:1031500004300125521C9A4200DB0025A1F27F11A8
:103160004942C9B28846702809DAB4F942100129E7
:1031700000D50026803010E00025FF21F2E79028DE
:103180000DDDB4F94210B4F906200126491C914224
:1031900000DB0026A0F27F104042C7B201E000260B
:1031A000FF2760690090A07D05900020834682463D
:1031B000049094F83400400744D594F84810606CAB
:1031C00011FB05014944022201A813F005F8A0886B
:1031D00094F8481010FB01F0616C022206FB00110C
:1031E000494403A812F0F8FFA18894F8480011FBA5
:1031F00000F1626C06FB012210FB059011180222FF
:1032000002A812F0E9FF94F83400800761D594F821
:103210004800626C10FB052300EB09010B4413F816
:10322000013C0493A38813FB00F306FB0322114423
:1032300011F801BC10FB0500111801EB090010F892
:10324000010C45E0B4F84000B4F94220284401B232
:1032500004F118008146236911F0C4F80190B4F814
:103260004200B4F94010304402B254F8103F4846CE
:1032700011F0B8F80390608E2368304402B2208EBB
:10328000284401B2484611F0ADF8029094F82400A9
:10329000103C80071DD5B4F9422034F8400F284473
:1032A00001B2484611F036F804906088B4F9001075
:1032B000304402B2484611F02DF88346608830440D
:1032C00002B234F84009284401B2484611F022F80D
:1032D000824694F8340042464546800735D5059825
:1032E00010FB08F30499C8F1FF0011FB0031C1F392
:1032F00007211BFB08F61AFB0060C0F3072011FB37
:1033000007F3C7F1FF0610FB06331B0AA37502295A
:1033100007D8022803D8002007B0BDE8F08F0027A7
:1033200002E0022800D8FF270598022800D80022D2
:103330000498022800D8FF22BBF1020F00D8002514
:10334000BAF1020F03D8FF2501E0FF20A075EAB112
:10335000FF2A04D0DDE900010DF082FB0090BDB131
:10336000FF2D17D0DDE902102A460DF079FB0490FD
:1033700097B1FF2F05D001463A4600980DF070FB3B
:103380000090BDF80000A0820120C5E70198E5E7A4
:103390000298ECE70398EAE7BDF81000F3E70000B5
:1033A0002DE9F0470446B0F908000A2700026062E0
:1033B000B4F90A000002A062B4F90C1091FBF7F511
:1033C000684200EB800001EB4006684205F101080D
:1033D00000B219F0A9F88246E84300B219F0A4F847
:1033E0008146C5F15A0000B219F09EF80546C8F1B1
:1033F0005A0000B219F098F8C6F10A0101FB0AF36D
:10340000024609FB0630694390FBF7F002FB061108
:1034100091FBF7F14011E06248112063A07C11F0AC
:103420008EF894F8341060F3000184F83410A07C16
:1034300011F075F894F8341060F3410184F83410F9
:10344000A07C042824D0052822D0062820D021F0F2
:10345000040100BF84F8341021682162A16921F0C1
:10346000E00160F30401A08860F39421E08860F338
:103470005F51A161E0894FF4001101EB5001B1FBF4
:10348000F0F0A063FF20A075208AA082BDE8F0873D
:1034900041F00401DEE700002DE9F04115460E463B
:1034A0000746114C18F022FE80462B46324639461C
:1034B000204611F089FB20B10020A062E06950B1E4
:1034C00010E02C21204612F0D1FE4FF00040A06207
:1034D0000020BDE8F081404618F002FEE06108B926
:1034E0000120E0612046F4E7A0B6002010B51421C9
:1034F000074800F06DFA11F02DFB40B1054901605D
:1035000005494160054981600549C16010BDFEE77C
:1035100088B6002081450108FD480108754A010868
:103520004F45010870B50D4604461021284612F09B
:103530009DFE20680078012804D0022807D00428C6
:1035400007D008E0208A2880608A688003E0E0686D
:1035500000E00A20686020684268002A03D02946FB
:10356000BDE87040104770BDFEB5866A0446BEB91E
:10357000A08A218A0844A082E08A618A0844E08205
:10358000204608F06CFC060079D020460AF07AFE4E
:1035900000220921304610F001FA607880076ED4CD
:1035A000208A10B9608A002869D00025ADF804503F
:1035B000ADF8085094F83C0000F00F0003283046A6
:1035C00016D014F0A3F90746304614F079F80346F4
:1035D0000C200090B4F912103A46304608F032F848
:1035E000ADF80800304614F0BDF8C10712D017E05E
:1035F00014F020F90746304614F0BCF802460320C8
:103600000090B4F910103B46304608F01BF8ADF8B6
:103610000400E7E7BDF90410002901DDADF804500E
:10362000810705D4BDF90410002901DAADF8045072
:10363000410705D4BDF90810002901DDADF8085097
:10364000000705D4BDF90800002801DAADF80850DC
:1036500002AA01A920461BF09CF80023BDF908200E
:10366000BDF90410304616F06FF8A08ABDF80410BA
:103670000844A082E08ABDF808100844E082FEBD3C
:103680002DE9FC5F0446806A5FEA000B71D094F874
:103690003C0000076DD011F051FB01900068402103
:1036A000457E584615F015F84FF0000818B9A4F8F3
:1036B0001A80A4F81880584614F01AF98246584621
:1036C00014F01DF9064694F83C004FF0640900F030
:1036D0000F000C2802D003284CD09AE0A4F81880E0
:1036E00056B1B4F91A50002711F028FB006849467A
:1036F000407EC0F1640022E0608BC5F1640110FBE4
:1037000001F191FBF9F06083584613F0D9FF0546AB
:10371000584614F0FBF802460C200090B4F91A1039
:103720002B46584607F08EFF6083024600231EE0BA
:103730007A1917B210FB05F292FBF1F215B2002DC7
:10374000F6D1ADF80070A4F81A806A460021204630
:103750001BF01FF841F6FF72BDF900305142584688
:1037600008F0E2FCBDF800100123084402B2002179
:103770004CE09AE0A4F81A80BAF1000F0AD0B4F92C
:103780001850002711F0DAFA00684946407EC0F16F
:10379000640022E0208BC5F1640110FB01F191FB74
:1037A000F9F02083584613F0E5FF0546584614F01B
:1037B00041F8034603200090B4F918102A465846F1
:1037C00007F040FF2083014600231EE07A1917B25C
:1037D00010FB05F292FBF1F215B2002DF6D1ADF817
:1037E0000070A4F818800022694620461AF0D1FF24
:1037F00041F6FF72BDF900305142584608F00CFC0A
:10380000BDF800100123084401B20022584615F00B
:103810009BFF208B002848D1608B002845D1C6B97A
:10382000584614F073F80546584613F049FF002D2A
:1038300006DC00280DDD002D02DA01232A4604E013
:10384000002806DA0123404202B20021584615F052
:103850007BFFBAF1000F19D1584613F08BFF0546D4
:10386000584613F0E7FF002D07DC00280EDD002D81
:1038700003DA01230022294605E0002806DA0123A5
:103880000022404201B2584615F05EFF0A21584618
:10389000019A10F083F86078800706D414F83C0F82
:1038A00020F00F00207044F8148CBDE8FC9F00004D
:1038B0007FB50E46040003D10DF056FA040023D064
:1038C0000025FEB1ADF80050ADF802500DF064FADD
:1038D000401EADF8040020460DF0A4FA401EADF8DD
:1038E00006006A46314602A8FFF704F800280BD00C
:1038F0002068017C890708D5DDE90001C4E90C01D5
:1039000001202AE0A0F850517FBD82690AB102A9C6
:10391000904700260BE000BF04EBC601002202A87E
:103920003031FFF70FF80028EED1761CB6B2B4F8AC
:103930005001B042F0D880B2202804D204EBC0007D
:1039400002A9303004E0A4F8505104F13000694677
:103950000BF044FFB4F85001401CA4F8500160681B
:103960000028D1D018F0B0FC7FBD70B5054600F03E
:1039700012F804460CE02146284600F01EF80646E0
:103980002146284600F071F8204612F025FB344607
:10399000002CF0D170BD002800D04068704700B501
:1039A00003460022FFF7F7FF03E01846521C00F021
:1039B00004F80100F9D1104600BD0068091D405807
:1039C0007047006840587047002800D080687047F2
:1039D00000224260C91C21F003018260016070472F
:1039E00070B504460068083012F06CFA050013D078
:1039F00001460022204619F04FFC29462046626805
:103A000019F044FC616819B12A46204619F044FCBB
:103A10006560A06800B9A560284670BD70B5044611
:103A20000068083012F04EFA050013D0014600225B
:103A3000204619F02BFC29462046A26819F02CFCE0
:103A4000A16819B12A46204619F020FCA5606068DB
:103A500000B96560284670BD28B1416809B9806821
:103A600008B1002070470120704770B504000DD0E8
:103A7000FFF791FF00228842204608D1FFF79DFF03
:103A80006060011E01D000221EE0A26070BDFFF741
:103A90009BFF8842206808440AD10168A16029B1CF
:103AA0002046BDE87040002219F0F0BB626070BD96
:103AB00005682046FFF781FF064602462946204654
:103AC00019F0E4FB2A4631462046BDE8704019F063
:103AD000E3BB10B50446006882680AB121469047EE
:103AE00020680068002801D02060F5E710BD8068DC
:103AF000002801D0B0F91600704700002DE9F0470A
:103B0000074690B0408C189E40F0040078849046A0
:103B10003A8499468A463289384614F089FC05462B
:103B2000A7F8209032895146384614F081FC0446AB
:103B3000788CA54220F00400788403D12904B1EBED
:103B4000044F68D0A7F8208032895146384614F0D7
:103B50006FFC05468046A7F820905146384609F08C
:103B60006DFC318900682A4617F01AFC30896028FC
:103B700023D147F6FF794D4501D04C451DD138463C
:103B800014F07AFD00EBD0704510384614F074FD47
:103B900000EBD0704010C84506D1691C431C994207
:103BA00000DA00E0194688464C4506D1691C421CE3
:103BB000914201DA6C1C00E014461948FFF710FF2F
:103BC00005002BD02F60C5E903843089A8806846A2
:103BD000C5F808A00BF01AF91248FF21CDE90050F2
:103BE000114802901148039000200790CDE9080188
:103BF00030880A9070889DF83E1040420B90F06823
:103C00000690002060F300018DF83E1030690590A9
:103C100068460BF06FF910B0BDE8F087FEE70000D2
:103C200094B60020A500020899020208F5010208D6
:103C300014210148FFF7CCBE94B600202DE9FC5FAB
:103C4000002592468B4606462C46042743F60F086D
:103C500043F60E0900E100BFF16807EBC400085805
:103C600082017DD480B230EA0B0212D05FF00002F4
:103C700030EA0A000FD00020824271D051F834009F
:103C800001AA41F61001009017F096F9002868D1BA
:103C900003E00122ECE70120EEE701AA41F6110161
:103CA000009817F089F9002873D101AA41F6120192
:103CB000009817F081F900286BD101AA41F6130191
:103CC000009817F079F9002863D101AA41F615018F
:103CD000009817F071F900285BD101AA41F6140190
:103CE000009817F069F9E0BB01AA41F26901009858
:103CF00017F062F9A8BB01AA43F20C01009817F073
:103D00005BF970BB01AA43F20D01009817F054F95A
:103D100038BB01AA41F20101009817F04DF900BB30
:103D200001AA41F20401009817F046F9C8B901AAA6
:103D300041F20201009817F03FF990B901AA41F24F
:103D40000301009817F038F958B901AA41F20501AA
:103D5000009817F031F920B901AA41F2060101E0FB
:103D600079E016E0009817F027F990B901AA41F21E
:103D70003201009817F020F958B901AA414600987D
:103D800017F01AF928B901AA4946009817F014F952
:103D900010B10320BDE8FC9F01AA40F60A0100987B
:103DA00017F00AF9F0BB01AA40F60B01009817F0D2
:103DB00003F9B8BB01AA4146009817F0FDF888BB8B
:103DC00001AA4946009817F0F7F858BB01AA40F637
:103DD0003C01009817F0F0F820BB01AA40F63D0125
:103DE000009817F0E9F8E8B901AA40F63A010098FE
:103DF00017F0E2F8B0B901AA4FF40461009817F087
:103E0000DBF878B901AA40F64501009817F0D4F81C
:103E100040B901AA40F64101009817F0CDF808B961
:103E200001AA00E013E040F64201009817F0C4F840
:103E300068B901AA40F64301009817F0BDF830B9FF
:103E400001AA40F64901009817F0B6F808B102251A
:103E500001E005B90125641C708CC0F3C500A042C7
:103E60003FF6FAAE284695E70148406870470000E3
:103E7000F00000207047C0F30410072800D9072085
:103E80007047000010B518210348FFF7A1FD034952
:103E90000120087010BD000040B60020FC01002089
:103EA0002DE9F04190460C46050015D0FCF74BFA81
:103EB0000A4F06462146BA68284690470446BA6823
:103EC0002819414690470146701A03E06218AA5C1F
:103ED0002A55641CA042F9D2BDE8F08110020020EE
:103EE0002DE9F041094D90460E466A681C4607468A
:103EF00019469047306020B120686A683844002134
:103F00009047C8F80000BDE8F081000010020020D2
:103F10002DE9F04F87B00446DDE910581F4693465F
:103F20008A46002005B1288054B1217841B1BAF108
:103F3000000F05D0002618F0060F15D0002004E071
:103F4000002007B0BDE8F08F401C215C0A2904D096
:103F50000D2902D00029F7D100E0401C002DF0D03F
:103F60004FF0FF312980ECE75FEA887101D541F617
:103F7000FF7781468DF81400049026E0CDF8189064
:103F800068B34FF0000C05AA06ABCDF80CC0CDF815
:103F90000080CDE9013220443B465A46514618F094
:103FA000EDFA06997A1A314417B20EB288B1049923
:103FB0000144049120780A280BD00D2809D0605CB8
:103FC0000A280FD00D280DD00846215C09B1002F1A
:103FD000D4DC049848B105B12E800498B1E74FF0C5
:103FE000010CD0E7481C0490F3E7074A04A92046D7
:103FF000526890470146002DEFD0002250460FF046
:10400000A6FD06B2E8E70000100200202DE9F0410D
:104010001746884606001ED0002F1CD0FCF793F9E7
:1040200004463846FCF78FF9050014D00B4A2C449F
:104030004146926830469047411903E0621BB25CEA
:104040003255641EA142F9D930442A463946BDE8AA
:10405000F04112F0CDB8BDE8F08100001002002060
:1040600000230278232902D0012A0DD00FE02AB1C3
:104070000021012A04D0022A04D008E0012101E035
:10408000017004E0017001E0202902D001231846EC
:1040900070470221F6E72DE9F0410E4680460246C0
:1040A00000213346084618F0A5FC04460027401CB2
:1040B00011F008FF050008D02F5533464246611C19
:1040C00018F098FC2846BDE8F081FEE72DE9F0479E
:1040D0001E4614460D468246DDF8209015E000BFCE
:1040E0004FEA540808FB0657394650464A4690475F
:1040F000002808DD44F30000C0EB540407EB06057C
:10410000A4F1010401E005DA4446002CE8D1204680
:10411000BDE8F0873846FBE72DE9FC5F9B460CAB1A
:104120008A468146DDE9116093E81210DDE90F57F8
:104130005FEA80784FF030031AD45EB15FEAC0784E
:1041400008D000F00C0858EA0C0803D0761E01E0F5
:104150000B55641CBC4204D2202CF9D301E00B5552
:10416000641C5FEAC07803D0B44201D2202CF6D39D
:104170005FEAC06825D55FEA40580AD44CB1BC421A
:1041800001D0B44205D1641E03D0102D03D1641EAA
:1041900004E0102D02D0022D0AD00EE0850603D4D3
:1041A000202C1ED2782506E0202C1AD2582502E0B9
:1041B000202C16D262250D55641C202C11D20B55D3
:1041C000641C202C0DD2BCF1000F01D02D2306E081
:1041D000430701D52B2302E0030702D520230B550B
:1041E000641CCDE900BAC846154681468B46AA46EE
:1041F000800714D1274607E02A46DDE900316D1C0F
:104200002020C446E0477F1CB742F5D307E02A468A
:104210006D1C641EDDE900311BF80400C047002C52
:10422000F5D15FEA897006D409E02A46DDE900315C
:104230006D1C2020C047A5EB0A00B042F5D32846EC
:10424000BDE8FC9F2DE9F04F8FB099468B46DDE924
:104250001818DDE91C63DDE91A47924686460022FC
:1042600009B923F01003580507AD00D5C9B1B1FB5A
:10427000F4F004FB1010C0B20A2801D2303009E07B
:104280005FEA836C02D54FF0410C01E04FF0610C06
:1042900060440A38B1FBF4F1A854521C09B1202A39
:1042A000E5D3CDF80880CDE90563CDE90052CDE92D
:1042B00003474B46524659467046FFF72DFF0FB055
:1042C000BDE8F08F2DE9FF4F8FB01CACDDE92395E1
:1042D00094E8030820AC94E8C004002450EA0102EA
:1042E00001D125F010056A050DF11C0802D550EA30
:1042F000010217D032463B46FBF7C2FFD2B20A2A70
:1043000001D2303206E0AB0601D5412300E0612343
:104310001A440A3A08F80420641C50EA010201D049
:10432000202CE7D3CDE90084CDF808B0CDE9059580
:10433000CDE9036A0FAF97E80F00FFF7EDFE13B06A
:10434000BDE8F08F9A4200D2885470477047000051
:104350002DE9FF4F95B09B468946064600250FE2A2
:10436000252877D100242746F84A0121059400E04A
:10437000044316F8013F203B01FA03F01042F7D145
:1043800030782A2811D06FF02F033078A0F1300256
:10439000092A16D8059A44F0020402EB820203EBC4
:1043A00042021044761C0590EFE759F8042B059261
:1043B000002A03DA504244F40054059044F0020409
:1043C000761C30782E2816D116F8010F44F004041C
:1043D0002A280DD06FF02F023078A0F13003092B7E
:1043E00009D807EB870302EB4303C718761CF3E7F2
:1043F00059F8047B761C30786C280FD006DC4C28EA
:1044000017D068280DD06A2814D104E0742810D081
:104410007A280FD10DE044F400140AE044F480142B
:1044200001E044F440147278824202D104F5801411
:10443000761C761C307866280BD013DC582877D091
:1044400009DC002875D04528F6D04628F4D0472846
:104450001AD19DE118E0632835D0642879D0652809
:1044600012D195E1702873D008DC6728F1D0692853
:104470006FD06E280DD06F2806D1B5E073282CD0F0
:10448000752875D0782874D05A46179990476D1CB6
:1044900075E1C4F30250022809D003280DD0D9F8E1
:1044A000001004280DD00D6009F1040967E1D9F866
:1044B0000010EA17C1E90052F6E7D9F800100D80A4
:1044C000F2E70D70F0E719F8041B8DF800100020DA
:1044D0008DF80100EA46012003E059F804AB4FF0E3
:1044E000FF3061074FF0000102D40DE008F1010137
:1044F0008846B9420FDA8045F8DB1AF8081000291F
:10450000F4D108E008F1010188468142FADB1AF88B
:1045100008100029F6D105985B46A0EB0807214654
:104520003846179A00F094FA284400EB080507E093
:104530004DE029E10DE01AF8010B5A461799904712
:10454000B8F10108F7D25B4621463846179A13E1C5
:1045500042E00A220092C4F302524FF0000A022AFB
:1045600008D059F804CB032A4FEAEC710AD00DE0C9
:1045700029E02AE009F1070121F00702F2E802C16F
:10458000914609E00FFA8CFC4FEAEC71042A03D142
:104590004FFA8CFC4FEAEC71002907DA0A46002139
:1045A000DCF1000C61EB02012D2202E0220504D5B2
:1045B0002B228DF80420012203E0E20701D0202203
:1045C000F7E7904659E00A2102E010220DE01021A1
:1045D0004FF0000A00910BE010224FF0000A44F067
:1045E00004040827009203E008224FF0000A00921A
:1045F000C4F30252022A05D059F804CB0021032A41
:1046000008D009E009F1070121F00702F2E802C130
:10461000914605E01FFA8CFC042A01D10CF0FF0C36
:104620004FF00008220728D5702806D0009B83F0A1
:10463000100353EA0A0305D00EE040228DF804204F
:10464000012208E05CEA010206D030228DF8042045
:104650008DF8050002229046009B83F0080353EA80
:104660000A030AD15CEA010201D1620705D53022B2
:104670008DF804204FF001087F1E582804D034A084
:1046800003900EA802900DE036A0F9E7534660466D
:10469000009AFBF7F5FD84460398825C0298401E61
:1046A000029002705CEA0100F0D1029806A9081A93
:1046B00000F1200A600702D524F4803400E00127CD
:1046C000574502DDA7EB0A0000E0002000EB0A01DD
:1046D000009005984144401A0590E00306D45B46DB
:1046E0002146179A059800F0B3F90544002706E023
:1046F00001A85A46C05D179990476D1C7F1C47451D
:10470000F6DBE0030CD55B462146179A059800F0CE
:104710009FF9054404E030205A46179990476D1CD4
:104720000099481E00900029F5DC08E002980299E3
:104730005A460078491C0291179990476D1CBAF1AE
:104740000001AAF1010AF1DC65E10000092801007D
:1047500030313233343536373839616263646566F7
:1047600000000000303132333435363738394142B9
:10477000434445460000000000F058F90544761C0B
:10478000307800287FF4ECAD19B02846BDE8F08FF2
:10479000620700D4062709F1070222F0070CFCE8A3
:1047A0000223E14603F000485FEA080C02D00FF252
:1047B000702C0DE05FEA045C02D50FF2682C07E074
:1047C0005FEAC47C02D00FF2602C01E0AFF2700C03
:1047D0004FF0FF3823F00043CDF850C065280CD0CF
:1047E00006DC452809D046281DD047283DD13DE0AC
:1047F000662818D067287ED138E00021112F01DB10
:10480000112000E0781CCDE9000106A90EA8FDF7F3
:104810009FFFDDE90F010E9A03910021009207F13D
:10482000010A04914DE04FF000400097CDE90110DE
:1048300006A90EA8FDF78CFFDDE90F0203920E9B7F
:1048400011990022DDF80CA00093049211B9791C93
:1048500000EB010AB7EB0A0004D4C0F1FF3007F106
:10486000010A0490AAEB0700019044E0012F00DA4E
:1048700001270021112F01DD112000E03846CDE98C
:10488000000106A90EA8FDF763FFDDE90F010E9AEE
:104890000391002104910092BA4621070CD4039998
:1048A000514500DA8A46BAF1010F05DD009AAAF1F6
:1048B0000101515C302908D0B84202DA10F1040F2E
:1048C00006DA0121CDE9011015E0AAF10101E9E7BD
:1048D000002805DC049901440491AAEB000102E0E0
:1048E000411C514500DD8A460499401A401C019044
:1048F0004FF000400290200704D40198504501DB9E
:10490000CDF8048000208DF84F0002980DF14F077C
:10491000B0F1004F25D02B200E9002984FF00208E6
:1049200000280CDA404202902D200E9007E00A2168
:104930000298FBF7C7FE3031029007F8011DB8F16D
:104940000001A8F10108F2DC02980028EFD1791EDD
:104950000E980870307800F0200040F0450007F80D
:10496000020D12A8C01B00F107081498007800B1CE
:10497000012000EB0A01019801EBE0710598414428
:10498000401A401E0590E00306D45B462146179A64
:10499000059800F05DF805441498007818B15A465F
:1049A000179990476D1CE00324D55B462146179A62
:1049B000059800F04DF805441CE00498002807DB3A
:1049C000DDE90301884203DD0098405C179901E0AE
:1049D000179930205A469047049805F10105401C6C
:1049E00004900198401E019004D12E205A46179938
:1049F00090476D1CBAF10001AAF1010ADDDC05E067
:104A000017F8010B5A46179990476D1CB8F1000131
:104A1000A8F10108F4DC5B462146179A0598ABE63D
:104A20002D0000002B000000200000002DE9F041C7
:104A3000044600251E461746880404D405E039467E
:104A40002020B0476D1C641EF9D52846BDE8F081D2
:104A50002DE9F041044600251E469046C80301D5C5
:104A6000302700E02027880404D505E04146384679
:104A7000B0476D1C641EF9D52846BDE8F0810000E2
:104A80002DE9FF4F89B005460A9800249246002878
:104A900000D1FE4D8FE1252804D02246641C5346E8
:104AA0000A990BE2491C4FF0000808460C91017866
:104AB0002B2919D004DC202919D0232904D119E08D
:104AC0002D290ED0302909D00026C8B2FDF7F2FEFC
:104AD000B0B10CA8FDF725FE06461FE048F0010125
:104AE0000AE048F0020107E048F0040104E048F061
:104AF000080101E048F01001401C88460C90D6E700
:104B00000C9908782A2809D1169840C81690002ECA
:104B100002DA48F002087642491C0C910C984FF0DA
:104B2000000B01782E2919D1401C0C9048F48068A4
:104B30000078FDF7BFFE20B10CA8FDF7F2FD83461B
:104B40000CE00C9A10782A2808D1169802C8169002
:104B5000002900DC0021521C8B460C920C98017835
:104B60006C290AD004DC68290FD06A2919D128E001
:104B7000742929D07A2914D126E0401C0C900178A0
:104B800048F480786C291CD00BE0401C0C90017814
:104B900048F08008682904D148F04001401C88464C
:104BA0000C9002460078692822D015DC62281FD0BC
:104BB0000DDC252871D050281AD058287FF46DAF0D
:104BC00016E048F40071E9E748F48071E6E76328ED
:104BD00078D06428F2D10BE0732874D004DC6F28FD
:104BE00006D07028EAD103E0752801D07828E5D1F5
:104BF00078280DD058280BD070280BD0502809D019
:104C00006F2816D0622816D00A2128F0100016E06E
:104C1000102107E05078102148F48878562804D1F4
:104C2000521C0C921078582807D01078502804D0C5
:104C300006E0082109E0022107E048F02000804654
:104C40001078692803D0642801D028F00C085FEAA6
:104C5000485001D528F00108107869281ED0642832
:104C60001CD0562864D05FEA885072D5169804ABE1
:104C7000C01D002283E806080292CDE9076820F0F3
:104C800007005346F0E80212CDE9001216902246C2
:104C900028460A99FFF716FB89E00AE15FEA885087
:104CA00024D5169804AFC01D20F00703F3E80202D4
:104CB0001693002387E80A08CDE90768002A03DA7B
:104CC000012102E080E0A6E00021002302911946C4
:104CD0001B1A914101DA114603E00021404261EBC9
:104CE000020153462246CDE90001D1E75FEAC850F0
:104CF00004D5169804C80FE0524215E05FEA4860F8
:104D000003D5169810F8042B06E05FEA0860F0D58A
:104D1000169830F8042B12B21690CDE9021BCDE99B
:104D20000468D00F002AE7DDCDE9002053461EE0DD
:104D30001698AAEB040202C8169048680068009012
:104D40000A980B6801192846FFF79AFE04442FE0E1
:104D5000FFE75FEAC8500CD5CDE9021BCDE9046836
:104D600016980021534604C8CDE90021169022462A
:104D700019E05FEA486003D5169810F8042B08E0A4
:104D80005FEA0860169803D530F8042B92B200E071
:104D900004C816900020CDE90020CDE9021BCDE922
:104DA00004685346224628460A99FFF74BFA044600
:104DB0000C98401C0C900C99087800287FF46BAE7E
:104DC00054457DD222467DE001275FEA887006D5F2
:104DD00009E02246641C534620200A99A847384619
:104DE0007F1CB042F5D316992246641C11F8040BBF
:104DF000169153460A99A8475FEA887006D4D7E708
:104E00002246641C534620200A99A84738467F1C36
:104E1000B042F5D3CCE7169850F8049B16904B4659
:104E2000BBF1000001D0014601E04FF0FF314846E0
:104E300000E0401C02780AB1491EFAD2C71A5FEAA4
:104E4000485003D558465F4500D307465FEA88704F
:104E500006D512E02246641C534620200A99A84732
:104E600038467F1CB042F5D307E000BF224609F167
:104E70000109641C53460A99A84799F8000040B1FB
:104E80005FEA4851F2D5BBF1010B01E04D43000848
:104E9000ECD25FEA887006D48AE72246641C534647
:104EA00020200A99A84738467F1CB042F5D37FE7F7
:104EB00006E02246641C534625200A99A84777E756
:104EC000AAF10102534600200A99A8470DB02046D6
:104ED000BDE8F08F10B502004FF000000CD04B1E63
:104EE000194200D0FEE70A44521E9A43B2F5803FB1
:104EF00002D20C2A01D9104610BD0C2010BD084466
:104F00004A1E401E9043114200D0FEE77047000049
:104F10002DE9F0410F4601210025044641862E4629
:104F20000BE01B49FBF716FA10B16D1CADB202E0A5
:104F3000608E401C6086761CB6B257F8260010B111
:104F400001780029EDD1208EA8421ED0A06A00264B
:104F500010B111F041F8A662E06A10B111F03CF80E
:104F6000E662E80010F0AEFFA06238B1680010F011
:104F7000A9FFE06218B1A16A11B102E0FEE7FEE705
:104F80000025690011F072F92586BDE8F081000066
:104F9000A40101082DE9F84F8146407A0F4600F040
:104FA0000700022819D010468046974200DD3A4695
:104FB000164603202A4C2B4A00EB460020F003053E
:104FC000A06811681035411A636805EB010C9C4517
:104FD00005D2416821F0004124E00846E4E79D4203
:104FE00019D892464FF0FF3B48196168884210D9A2
:104FF000002269461C48CDF800B009F039FC0022B7
:1050000069461A4809F034FCA168DAF80000091A68
:10501000EAE7A068DDE7284610F054FFC0B1416818
:1050200041F0004188EA6702416089EA02010160BB
:10503000416801F04041491C31F080414160868166
:10504000A0F80E8005D500F110018160BDE8F88F51
:10505000FEE7A16801F1100229448260A160F5E732
:10506000F8000020EC0100204DBE0008D1E8000847
:1050700010B5084C012020700748FEF78CFC002872
:10508000A06803D0BDE8104017F01EB9BDE810407D
:1050900017F00EB9D001002070B6002010B50446FC
:1050A00090F83E00626B810707D4A18F39B1A1F55A
:1050B0007F43FF3B15D0491EA187A18F89B90AB153
:1050C00081070ED521461348FEF7CFFCFFF7D0FF2E
:1050D000E16809B1204688472046BDE8104010F03D
:1050E0007BBFA16B4942E162002A11D0810702D443
:1050F000216B4942E1624110491C61F3410084F88F
:105100003E00616AE069E1616062A06AA262606378
:1051100010BD000070B6002070B5304D686816F004
:10512000DFFF0646687880F00100687047E00020E5
:10513000287094F83E006978C0F380028A4242D019
:1051400061F3820084F83E00E16A8A19030719D4EA
:10515000002917DC002A15DBC00709D1216939B104
:1051600020468847E1690144E161616A0844606260
:10517000A16809B12046884794F83E0040F0080035
:1051800084F83E00E06A8019E06216D4A16A884281
:1051900000DDE162A169204688470146206A884215
:1051A00004D0216262680AB120689047D4E90A01FC
:1051B000814202DB2046FFF771FF287818B10848CA
:1051C000FEF7E9FB03E021460548FEF7F6FB040085
:1051D000ADD116F08BFF686070BD0000D0010020DB
:1051E00070B6002070B5044640680D4608B1FFF760
:1051F000F9FF2268002A04D029462046BDE8704005
:10520000104770BD89B20AF04EBA89B20AF087BA67
:1052100010B50446406882080AD0496821F00301AD
:10522000091D08446060204600F042F8204610BD89
:10523000FEE74068103120F00300884201D30120CE
:105240007047002070472DE9FC47054648680C462A
:1052500020F0030001AA694617F0C0FEDDE90070E6
:1052600005EBC71101EB80098046D9F83C0060B11D
:1052700064B1C4E9020504F10806C46030460421A3
:10528000FFF73DFE864202D0FEE7FEE7FEE7C9F8E3
:105290003C400120296900FA07F21143296105EB1E
:1052A000870100FA08F04A6902434A61BDE8FC87B9
:1052B00010B5044600F087F8046010BD2DE9FC47E6
:1052C00006464FF000000D0000900746019042D0C6
:1052D0000C46E9460DF10408802907D308461AF068
:1052E000B5FE411F01208840401E04444246494605
:1052F000204617F073FE009C0A2C2CDA06EB840083
:10530000019A40694FF0FF3101FA02F210400CD1CE
:10531000641C3069A14008401DD01AF08FFE04467D
:10532000009006EB8000406978B11AF087FE0346D2
:1053300006EBC411019001EB8000C76B5FB1786888
:1053400020F00300A84201D2FEE7FEE739463046CE
:10535000009A19F059F83846BDE8FC8710B50446A4
:10536000FFF7A6FF416841F002014160606840F02C
:105370000100606010BD10B5044600F024F84168DB
:1053800021F002014160606820F00100606010BD02
:1053900070B506460D46084600F015F8040010D01A
:1053A0002079C0070BD0686880080BD021463046B2
:1053B00000F03CF821462846FFF72AFF054628461C
:1053C00070BDFEE7FEE7426800F1080122F003002D
:1053D000001F0844910800D1FEE7704770B50646EB
:1053E0000C004FF000001ED0F2B120791546C00726
:1053F0001BD011462046FFF71CFF78B129462046F6
:1054000000F025F805462046FFF752FF6868294658
:1054100040F0020068603046FFF715FF2046FFF7B6
:10542000AAFF04F1080070BDFEE7FEE77CB5054663
:1054300048680C4620F0030001AA694617F0CEFD2B
:10544000DDE900232146284618F0DEFF7CBD2DE96A
:10545000F0410D46044600F10801281F0E1860684F
:1054600006F1080720F00300401BA0F104083846AD
:105470000421FFF744FD874200D0FEE7606820F07A
:10548000030108EB0500001D814200D0FEE73079E2
:1054900000F0030040EA0800706020F003000C28D0
:1054A00000D2FEE7207900F0030028436060304618
:1054B000FFF754FF3046BDE8F08138B504460FF0E1
:1054C0003DFC05460FF06FFC0028204605D0218FDB
:1054D000E18613F0CCFB012038BD0EF025F8002842
:1054E00020461ED00DF0F5FE218FE08E81420CD0BB
:1054F0002087E08E00906A461C2120460EF04EFA6E
:105500000128E9D1204613F0B2FB28460FF057FCE2
:105510000428E0D1204612F081F800210EF0D9FED7
:10552000D9E70EF05DF8D6E72DE9F04F0D4687B0CC
:105530000446002111F0A7FF60B32946204600F081
:1055400061FA2946204600F06FF80021204612F04B
:105550007AFE05900021204612F00FFF04900021F2
:10556000204612F06CFD012800D00020804600216A
:10557000204613F065F807460021204612F0D0FDC2
:1055800042F2D17906464F450BD1608C400508D4D4
:10559000012707E007B02846BDE8F04F1C2110F0B6
:1055A00065BE0027204611F0ECFFDFF878A08346A7
:1055B00020460021BAF8022012F03AFFD5F810C0B8
:1055C000AB682968CDF800C0CDF80C80CDE9013179
:1055D000C2B239465846059B07F0A2FF28834E45C4
:1055E00004D1608C800501D4012600E0002620460D
:1055F00011F0ADFF074620460021BAF8062012F050
:1056000017FFC2B2686900246B68E9688DE81B0067
:1056100031463846049B07F083FF688307B0BDE836
:10562000F08F00001C0100202DE9F34F81B00C46E3
:10563000019807F033FA0646019811F0A2FF82465E
:10564000304600F0C5FE2061400010F067FC20608D
:105650002069400010F062FC002541F69A79A060B4
:105660003AE036F91510DFF82081494533D100279B
:10567000DFF818B11FE03946019811F004FF5946D0
:10568000009013F02DF8A8B9009807F019FA012836
:1056900010D1009807F00AFAA8420BD1009812F036
:1056A000EBFF4146404501DA084602E0009812F05F
:1056B000E3FF80467F1C019811F0F7FEB842DAD86C
:1056C000B8F1000F03DBA16821F8158003E0A168A1
:1056D000002021F815006D1C2069A842C1D80025C2
:1056E0002F46284641F69B784B4615E036F91010B8
:1056F000414504DB0D44A5F5F8559B3D0BE099426F
:1057000004D1A16831F81010394403E0A26822F8EE
:10571000101039440FB2401C21698142E6D80021A3
:10572000019812F090FD2169C1F1010200FB02A075
:10573000C01B00B2002800DA002000224FF0FF3327
:105740001146C44611E000BF36F9117067450BDB06
:10575000A7F5F8579B3F3AB210FB02F3B3FBF5F302
:10576000A76827F811300B46491C27698F42EBD8F0
:10577000002B07DBA91A4143B1FBF5F1401AA168E0
:1057800021F81300BDE8FE8F01E0FFFF01000600D5
:105790002DE9F14F00221146009814F013F9002171
:1057A000009812F079FC04460021009812F0FAFDEE
:1057B00020440FFA80F90021009812F005FD2044E2
:1057C0000FFA80F8009812F0E7FB00EB090101EBFB
:1057D0000800DFF898A006B25446009811F065FE64
:1057E000074600252AE0009821498068006850F8A3
:1057F0002500834612F074FFF8B9584613F098FA62
:1058000040BB0021584612F0ECFB18B3012821D010
:1058100002281FD003281DD00021584612F025FF72
:1058200058B9BBF81A10BBF81600081A401C00B291
:105830004844A04200DB044624B26D1CBD42D2D3D2
:10584000544504D004EB080000B2B04200DC3046FE
:10585000BDE8F88F0098BBF91A10B0F91600081AC5
:10586000411CA142E8DB0C46E6E7000001E0FFFF37
:10587000010004002DE9F84F00228046114614F083
:105880008BF80021404612F007FC044600214046F8
:1058900012F034FD20440FFA80FA0021404612F045
:1058A000E7FC20440FFA80F9404612F083FB00EB3E
:1058B000090101EB0A00DFF844B105B25C4640463D
:1058C00011F0F3FD07460021404612F0A3FB01282A
:1058D0004FF0000644D078E0D8F808004849006846
:1058E00050F82600009012F0FBFEC0BB009813F0A9
:1058F0001FFA50B10098B8F91810B0F91400091A3D
:10590000481CA0422ADB4C1C28E00021009812F021
:1059100068FB58B1032809D0062807D0082805D00D
:105920000021009812F09AFE58B118E00098B8F9DA
:105930001810B0F91400081A411CA1420EDB0C46E5
:105940000CE000981430009009F0B0FF5044A042E1
:1059500004DB009809F0AAFF00EB0A0424B2761CCD
:10596000BE42B9D35C453BD004EB090033E000BF35
:10597000D8F808002249006850F82600009012F07C
:10598000AFFE08BB009813F0D3F960BB002100986C
:1059900012F027FB38B3012825D0042823D007288C
:1059A00021D00021009812F060FE68B900981430F0
:1059B000009009F07BFF4844A04204DB009809F006
:1059C00075FF00EB090424B2761CBE42D0D35C45BF
:1059D00006D004EB0A0000B2584501D0A84200DC12
:1059E0002846BDE8F88F0098B0F91810B8F91400EF
:1059F000091A481CA042E6DB4C1CE4E701E0FFFF6B
:105A0000010004002DE9F84F0C46834607F024FC02
:105A1000064600F0DDFC6061400010F07FFA606037
:105A20006069400010F07AFA002541F69A79E0604A
:105A30003AE036F91500DFF80C81484533D10027EC
:105A4000DFF804A11FE03946584611F01CFD51460D
:105A5000009012F045FEA8B9009807F083FC0128D9
:105A600010D1009807F074FCA8420BD1009811F0F7
:105A7000DAFD4146404501DA084602E0009811F09F
:105A8000D2FD80467F1C584611F00FFDB842DAD88F
:105A9000B8F1000F03DBE16821F8158003E0E1684D
:105AA000002021F815006D1C6069A842C1D80027AC
:105AB0003D46384641F69B784A4615E036F91010C7
:105AC000414504DB0F44A7F5F8579B3F0BE091429B
:105AD00004D1E16831F81010294403E0E36823F8A9
:105AE000101029440DB2401C61698142E6D80021A2
:105AF000584612F042FC8146584611F028FD0146F6
:105B00006069C0F1010209FB0210401B02B2002AC9
:105B100000DA0022002043460FE000BF36F91010E3
:105B2000994209DBA1F5F8519B3912FB01F1B1FB58
:105B3000F7F1E56825F81010401C61698142EDD845
:105B4000BDE8F88F01E0FFFF010006001CB50B88DF
:105B500004892344ADF800304B8844892344ADF8D0
:105B600002308B8804892344ADF80430C988438906
:105B70001944ADF806104369694698471CBD0000FA
:105B8000F8B50D46D0E90C2104468AB112787AB1F5
:105B900041B100BF16F09BF90D4909688847616B58
:105BA000884211D2206B88B100200A4E009006E096
:105BB00061B1EFE7326869469047A84206D0206B92
:105BC0000099415C0029F5D10020F8BD0120F8BD05
:105BD00028020020140200202DE9FF4F87B0C8786A
:105BE000189CC0070D46002801D0F14800E0F1489C
:105BF000069001D0F04800E0F048049001D1EE4852
:105C000000E0EE484FF0100A4FF00C0ECDF81400F3
:105C10006088A1884FF0000BA0EB010001B25A464A
:105C20005846276912E000BF00EB8006E3680AEBE4
:105C3000860C13F80CC05FEACC7C0BD04FF0080C3C
:105C40000CEB86069B5BC91A09B2401C8742EBD855
:105C5000002347E00EEB86069B5B1A4412B2F4E782
:105C600003EB8306E7680AEB86000190385CC00707
:105C700037D191FBF2F00EEB860CCDF800C037F86F
:105C80000CC00CFB00FC0FFA8CF94FF0060C042042
:105C90000CEB860C00EB860037F90C80385ECC46A6
:105CA000C84500DCC446604504DC4046CC46C845D7
:105CB00000DD6046484506D0DDF804804FF0010C59
:105CC000E34647F808C0D4F80CC0082707EB86065F
:105CD0002CF80600E768009EBE5B921B081A12B201
:105CE00001B25B1C20699842BAD8BBF1000F8FD17A
:105CF0000021079812F09CF9012826D000270020E7
:105D0000ADF80800ADF80C0003A902A8CDE9000128
:105D10002089B4F9022003B22878169917F060FBA5
:105D2000E878384207D0079811F02BFCBDF808102E
:105D30000844ADF808000999079811F0A4FB06463D
:105D40004FF4FA684FF0640B27E10127D7E79C492D
:105D5000304612F0C5FC00287DD10021304612F0FB
:105D6000C7F9E8B34FF000094846216911E000BFC8
:105D7000E26800EB800352F82320B24208D100EB26
:105D80008002E168082000EB820031F9009002E017
:105D9000401C8142ECD8E878C007708C02D040F4F7
:105DA000806001E040F40070708406F114000499F2
:105DB00082468847484528D0304612F058FFB08ABE
:105DC000ADF80000F08AADF80200308BADF80400A9
:105DD000708BADF80600069A49465046904700E0A1
:105DE0000FE06A46292130460DF0D8FD304611F00B
:105DF0005BFC324622210DF0D1FD304612F037FF18
:105E000003E0708C20F4C0607084002000906878FB
:105E1000012810D0022816D1059906F114008847F0
:105E2000B4F90010491C21F00101081A00EBD070F0
:105E300040F34F0006E0059906F1140088472188D9
:105E4000081A00B20090E87838420AD0049906F1A6
:105E50001400884700E098E0BDF80810081AADF873
:105E600008003046002143F20C0212F0E1FA0FFA6A
:105E700080F93046002143F20D0212F0D9FA0FFAF0
:105E800080FA304612F0F8FB0190304611F0CBFB5F
:105E90000146C9F3413001280ED129F4C0404045E4
:105EA0000ADCB0F57A7F01DDC0F57A70019A5043C3
:105EB00090FBFBF00FFA80F9CAF3413001280DD1B5
:105EC0002AF4C040404509DCB0F57A7F01DDC0F519
:105ED0007A70484390FBFBF00FFA80FAB18A14986D
:105EE000F28A411A01EB0900159900B28A1A02EBF5
:105EF0000A01EA7809B2D207002A02D0BDF90820C7
:105F000000E0009A10440FFA80FA01D0009801E0F6
:105F1000BDF9080008440FFA80F95AEA09001BD0BD
:105F2000304612F0A4FEB18A01EB0A00B082318B38
:105F300001EB0A003083F18A01EB0900F082718BDA
:105F400001EB09007083304612F091FE01234A46AE
:105F50005146304612F03AFFE87838420CD10499A5
:105F600006F11400884717990844BDF80C1008443E
:105F7000BDF80810084406E0BDF80C101798084456
:105F8000BDF80810081AADF80800E87809AAC0F3AF
:105F90008001079807F02CF80646002E04D0DDE9B2
:105FA000090188427FF4D3AE0BB0BDE8F08F00004A
:105FB00035F900082BF90008D1F8000879F8000835
:105FC000010006002DE9F04F91B00E0005463FD0CC
:105FD0002E83286808B10FF0FFFF06EB460006216C
:105FE00001EB40000FF06EFF286040B3022101EB8F
:105FF00046010144E960042101EB86010144C5E941
:10600000010101210024012E1AD0F00008300FF008
:1060100085FF814600EB860000F10408B00000B265
:10602000A346ADF81000C0F101028010ADF812B027
:106030000FFA82FA5C46CDF828B00690ABE0FEE796
:10604000B4220270E8680480E8684180A86804808F
:1060500011B0BDE8F08F0027BDF81220BAF1000F93
:1060600007DC032101EB42010AEB01000FFA80FA81
:106070000CE0BDF810100523521A03EB420202EBAC
:106080000A00491E0FFA80FAADF81010BDF8120090
:10609000401CADF8120004A800F0E9F868B1BDF9A1
:1060A000100006A9821041F827200AA900F0030079
:1060B00041F827007F1C042FCEDB042F71D10999F2
:1060C0000698884212D129F8140028F814B0DDE9A6
:1060D0000A010144DDE90C201044084469680855B0
:1060E000696800010855641C24B252E0079988428F
:1060F00019D029F8140028F814B06A680A981055C5
:106100006A6800011055641C069A20B2521E29F8D4
:10611000102028F810B0DDE90B120A440D99091D72
:1061200011446A682FE0089929F81400884228F879
:1061300014B0DDE90A025946104412D06A681055BD
:106140006A6800011055641C069A20B2521E29F894
:10615000102028F81010DDE90C12114408316A688B
:1061600011E00C9A10446A6810556A6800011055D5
:10617000641C069A20B2521E29F8102028F810102C
:106180000D996A680C3111546A6809011154401C58
:1061900004B20BF1010B04A800F069F800287FF4A9
:1061A0005AAF40F2D32016FB00F109EB44028812EB
:1061B00032F9022C824205D108EB440232F9022C5A
:1061C00082421AD0A1EB8021B1F5007F03DC494364
:1061D00041F3CF3106E0C1F58061494341F3CF314E
:1061E000C1F10F0129F8140028F81400686801555E
:1061F000686809010155641C24B2A01E0EE000BFAE
:1062000038F8102029F8142039F8102028F8142024
:1062100069680A5C0A55641C24B2401E0028EFDA43
:10622000EA680021084611801BE0EA6822F81100A4
:10623000AB6839F8102023F811200AE0AE6839F96C
:10624000102036F81130934200DA1A4626F8112051
:10625000401C38F910208A4201D1A042EEDB491CD3
:1062600009B2A042E1DB48460FF0A4FEF0E6B0F927
:106270000210B0F90000814201DC012070470020CB
:10628000704717B581B0022A03D8BDF8080004B0E2
:1062900010BDBDF80830BDF80400D90A01EBD021CB
:1062A0001F2900D31F2161F3CF20C3F34511C0F391
:1062B00045142144ADF804003F2900D33F2161F388
:1062C0004A1003F01F0100F01F031944ADF8040049
:1062D0001F2900D31F2161F30400ADF80400FF2A39
:1062E00007D0DDE901010AF0A1FB0090BDF8000034
:1062F000CDE780B2CBE717B581B0022A03D8BDF84D
:10630000080004B010BDBDF80400BDF80810C30AB1
:10631000CC0A13FB04F35B0963F3CF2000F01F03E7
:1063200001F01F0413FB04F35B0963F30400C0F3E3
:106330004513C1F3451113FB01F1890961F34A10BB
:10634000ADF80400FF2A07D0DDE901010AF06EFB79
:106350000090BDF80000D4E780B2D2E717B581B055
:10636000022A03D8BDF8080004B010BDBDF80830FB
:10637000BDF80400D90AA1EBD021002900DC0021DE
:1063800061F3CF20C3F34511C0F34514091BADF8E9
:106390000400002900DC002161F34A1003F01F0112
:1063A00000F01F03C91AADF80400002900DC002129
:1063B00061F30400ADF80400FF2A07D0DDE9010114
:1063C0000AF034FB0090BDF80000CDE780B2CBE7C7
:1063D0000146002041F6FF7200E0401C31F9103008
:1063E0009342FAD170471CB5044690F8500000F073
:1063F000010088422DD094F8500011B140F0010006
:1064000001E020F0010084F8500004F144016846E6
:1064100009F023FA606ABDF80010828A1144ADF8D1
:106420000010BDF80210C08A0844ADF80200606A8E
:10643000BDF80410808A0844ADF80400606ABDF815
:106440000610C08A0844ADF806006946204612F0DE
:1064500042FC1CBD08B5084611460AF0FAF9009046
:10646000BDF8000008BD2DE9F04F0646C87A89B096
:1064700015460F46022803D8012009B0BDE8F08F69
:1064800018463A69B968FDF707F8041EF5D0207D73
:1064900000F01F000EF053F808B1062008E0207D40
:1064A00000F01F000EF03BF808B1052000E00420CA
:1064B000226A814622B12946304618F098FBB7E09F
:1064C000A069E8B3294602A809F09AF9388818B9F2
:1064D0007888B0F5807F2AD0A88829886A88401AF1
:1064E000401C01B2E8883B1D801A401C02B278882B
:1064F000CDE90003B7F9003002A8FCF745FCBDF870
:10650000080029880844ADF80800BDF80A00698829
:106510000844ADF80A00BDF80C0029880844ADF81D
:106520000C00BDF80E0069880844ADF80E0002AA00
:1065300004A8B168FCF7DEF9002879D004A800E0CF
:106540000DE0D6F80880B060CDF800902A463946B4
:106550003046A3690AF0A4FEC6F8088068E02A461F
:1065600004A8B168FCF7C6F9002861D0BDF8140092
:10657000BDF81010401A401C0FFA80FB0BEB4B00CB
:106580000FF0CCFC039004A901A8D6F808A009F0EC
:1065900037F9012101A809F0C8F9BDF91000B5F9D2
:1065A0000010BDF91280401A0690B5F90200A8EB60
:1065B000000534E001AA514607A8FCF79BF960B337
:1065C0000398009006985B4601B22AB220460EF06E
:1065D00059FB01280CD020460EF0A9FA03980FF0C1
:1065E000E9FC20460EF0A3FA0020C6F808A044E714
:1065F00007A8B060CDF8009001AA39463046039B49
:106600000AF04EFEBDF80600401CADF80600BDF8CD
:106610000A00401CADF80A006D1C08F10108BDF924
:1066200016004045C6DAC6F808A003980FF0C2FC71
:1066300020460EF07CFA1FE77047000010B54408B2
:106640000E4894B00021026842F004020260006823
:1066500000F0040012900A480090601ECDE901018C
:106660004FF6FF70CDE903016846FAF7C7FA6846AE
:10667000FAF7F2FA0348046014B010BD4038024043
:1066800000080040A400002070B5054600244FF427
:106690007A7603E0304600F005F8641CAC42F9D38A
:1066A00070BD0000094910B50A684FF6FF7392B239
:1066B0009B1A06E00C68944203D20C681C44844286
:1066C00003D20C68A41A8442F4D310BD24080040FD
:1066D00038B5054600924C88CB888A8808882146C0
:1066E000FAF799FD2846BDE838400AF037BB0000AC
:1066F0002DE9F04FA1B0074614468A4604A80AF0D7
:10670000B7FB4FF4A021384611F075FC9DF81D1021
:1067100060F382018DF81D10A1882088091A491C98
:1067200009B201EBD1714E103044ADF870006088B1
:1067300000213044ADF87200384611F022FD814648
:10674000514608A810F0DEFC04A810904FF4003069
:1067500015902D48099000200A9007F130008346DB
:10676000FDF732F94AE02079032843D1208BADF8B8
:106770001000208AADF812006079FD2801D9484642
:1067800002E010FB09F0000A8DF81C002568B5F93D
:106790002030E88B18440090D5E90512A0680FF06E
:1067A0007FFB8046B5F92030E88B18440090D5E98E
:1067B0000512E0680FF074FB0546608B08AA3044B0
:1067C000ADF85C001CA811901A21199438460DF000
:1067D000E5F8A9B21FFA88F0CDE90001BDF85C30F8
:1067E0001CAA04A950460AF033FB08AA1B2138460C
:1067F0000DF0D4F821465846FDF7E3F80400B2D175
:1068000021B0BDE8F08F0000C85202082DE9F74F13
:10681000C878A0B00C4602287DD9114601A808F01E
:10682000E6FFB4F92000012829DD94F82200FD28B4
:1068300025D3208818B394F82300BDF8041040082D
:10684000C0F380021144ADF80410BDF80610C0F387
:1068500040000844ADF8060094F82310BDF8080085
:106860004908C1F3C001401AADF8080094F823109C
:10687000BDF80A00C1F34001401AADF80A002098A3
:1068800001A9826805A8FCF735F8002843D0E07B11
:1068900010F0070619D0E088ADF80000BDF8000040
:1068A0006189884200D1002601A80BF0EFF9074664
:1068B0001C210EA8F9F73CFDA0788DF85100BDF819
:1068C0000000ADF840001FB105E060680090E5E70A
:1068D000208800B9EEB3E078FD2800D3FF2083467E
:1068E000BDF80800BDF80410401A401C0FFA80FAE9
:1068F000BDF80A00BDF80610401A401C01B28946D6
:106900005046CA4500DB0846B4F90050B5EB600FAD
:1069100000DB451000E043E0BDF81810BDF814009E
:10692000081A401C0FFA80F84FF0FF301D9000202D
:106930000790002D00DC87B140460FF0EFFA07907A
:1069400000232A4601A916A80BF00CFC002116A86A
:1069500000E01CE00AF0BAFF1D90BDF81400ADF88D
:106960000C00BDF81800ADF810000798119003A8AE
:106970000E901390FF208DF850004A465146A01DFE
:106980000DF0F2FA040018D0022E0CD015E001A888
:106990000E90E0788DF850000EA920980BF09EFE26
:1069A00023B0BDE8F08FBDF91410A06800EB4100E2
:1069B000BDF90410A0EB41000F90002F7DD0BDF970
:1069C000165027E02FB2ADF80E70ADF812704246A7
:1069D000594607980FF018FCBDF9141043463A4683
:1069E00007980BF015F98DF84800012802D1022014
:1069F0008DF84800012E08D1BDF90610A068691A6B
:106A000000EB41000088ADF840000EA920980BF083
:106A100065FE6D1CBDF91A00A842D3DAB7E000BFCD
:106A2000BDF80600BDF9161038440FFA80F9BDF81C
:106A30000A00C01B0FFA80FA494503DDBDF91A10A0
:106A4000514544DB4246594607980FF0DDFBBDF93E
:106A50000C1043464A4607980BF0DAF88DF84800C8
:106A6000012802D102208DF84800BDF916104945D1
:106A700013DCADF80E90ADF81290012E09D1BDF9DE
:106A80000620A168A9EB020001EB40000088ADF8E8
:106A900040000EA920980BF021FEBDF91A105145B7
:106AA00015DBADF80EA0ADF812A0012E0BD1BDF98B
:106AB0000600A268AAEB000000E009E002EB40003B
:106AC0000088ADF840000EA920980BF007FE7F1C4F
:106AD000AF42A5DBBDF80400ADF87800BDF80800B2
:106AE000ADF87C00BDF806002844ADF87A00BDF88A
:106AF0000A00401BADF87E001EA80BF0C7F8074641
:106B000030430CD001208DF84800BDF90A008DF803
:106B100050B0A0EB0509BDF90600054435E0BDF80D
:106B200006008DF850B02844ADF80E00BDF80A00FC
:106B30000EA9401BADF812000020119020980BF018
:106B4000CDFD24E06FB14246594607980FF05CFB3B
:106B5000BDF9141043462AB207980BF059F88DF886
:106B60004800ADF80E50ADF81250012E08D1BDF915
:106B70000600A168281A01EB40000088ADF840002B
:106B80000EA920980BF0AAFD6D1C4D45DADD079883
:106B900008B10FF00FFA1D98401C05D01D980BF09E
:106BA0008DFB16A80BF056F8002C3FF4F9AE2046EA
:106BB0000DF0D3F9F4E6F0B5074608698FB0154635
:106BC0000C46002871D0A17E02296ED90EF06DF816
:106BD000022820D0694620690DF0CAFF012864D13F
:106BE00005A80AF065FBA0788DF82000208BADF891
:106BF0001C00E07E8DF81E00A07E8DF81F00207F17
:106C00004FF0FF36E0B300996888ADF8060006EB58
:106C100051510844A8E0002641F6FF70CDE900601C
:106C20000296D4E9041233460DA815F041FD28461A
:106C300008F042FE01462A88BDF9340001EBD1710B
:106C400002EB610200EBD071A2EB61010844401E2F
:106C5000ADF81000ADF80C10284608F007FE01460C
:106C60006A88BDF9360001EBD17102EB610100EBDE
:106C7000D072A1EB62010844ADF80E10401E00E096
:106C800015E0ADF8120005A80AF0C8FD606905908E
:106C9000208BADF82000A07E8DF82E00009603AA70
:106CA00005A9384623690AF01DFB0FB0F0BD284640
:106CB00008F002FE298800EBD07001EB600000991B
:106CC000C1F38A21A0EB5100ADF80400284608F07A
:106CD000CDFD698800EBD07001EB60010098A1EB5D
:106CE0009051C0F38A22ADF80610BDF80430521E50
:106CF0001A4406EB5050ADF808200844ADF80A00DD
:106D000001AA05A9384623690AF0AAFACDE7009935
:106D10002888C1F38A21ADF80400491E084410E018
:106D200001AA05A9384623690AF09AFA0098BDF825
:106D30000410C0F38A200144ADF80410BDF8081017
:106D40000844ADF80800BDF90400B5F90410884204
:106D5000E6DDBDF80610009801EB5051ADF80610C5
:106D6000BDF80A1001EB5050ADF80A00BDF906005D
:106D7000B5F906108842CADD97E7F0B5074691F8E5
:106D8000220087B016460C4602286BD9208C0028BA
:106D900068D094F8230010F03E0F63D0C00761D193
:106DA000B08831887288401A401C01B2F088B4F96A
:106DB0000050801A401C00B2814200DA0846B5EB50
:106DC000600F00DD4510314604A808F010FD94F86E
:106DD0002300BDF91020C0F344014807B4F9200096
:106DE00001D4284440421044ADF810000807BDF912
:106DF0001420B4F9200001D428444042101AADF800
:106E0000140094F82300BDF9121040088007B4F96B
:106E1000200001D4284440420844ADF8120094F800
:106E20002300BDF916104008C007B4F9200001D1B5
:106E300028444042081AADF81600208C281A00B2E7
:106E4000002800DA0020A27894F82210CDE902127E
:106E5000E18BADF8041000902B4604AA3146384669
:106E600000F002F807B0F0BD2DE9FF4FA9B01D46B4
:106E7000DDE93879DDF8D88016460C46FF2F00D3BF
:106E8000FF2708460AF002FF2690284350EA080030
:106E900074D029982146826808A8FBF72BFD0028AA
:106EA00073D0BDF82400BDF82010401A401C00B279
:106EB00004901C210AA80FF0D9F904980FF02EF8BD
:106EC0000D904FF0FF302490002D0ADD00232A465C
:106ED000214615A80BF046F9002115A80AF0F6FC8A
:106EE00024900123424631461BA80BF03BF90021B8
:106EF0001BA80AF0EBFC259001A80A900F90BDF8A2
:106F0000DC008DF84070ADF830008DF84190B4F998
:106F100000002290B6F900C04319634500DC6346C7
:106F2000B4F904000FFA83F92190B6F90430401B3C
:106F3000984200DB18460FFA80F8B4F902E0B6F97F
:106F400002000EEB05018246514500DC01460FB2FE
:106F5000B4F906B0B6F90610ABEB05028A4200DBC5
:106F60000A4610B20590A8EB0900401C00B2279019
:106F7000D6450DDC01200CE000E006E0009732462B
:106F80002146379B299800F0B8F92DB0BDE8F08F65
:106F9000002082468B4501DB012000E00020834673
:106FA0002698D8B3BDF82000ADF80400BDF8240041
:106FB000ADF80800BDF9224022E000BFBAF1000F91
:106FC00001D1A7421BDCBBF1000F02D10598A04202
:106FD0001ADB25B2ADF80650ADF80A5004990D98A9
:106FE0000FF072F9BDF920102A46049B0D980AF0A3
:106FF0000FFE8DF838000AA929980BF06FFB641C6E
:10700000BDF92600A042D9DA1BA80AF023FE259874
:107010000BF054F92498401C07D000E009E015A8B3
:107020000AF018FE24980BF049F90D980EF0C2FFF3
:10703000ABE72298604501DC012000E000201390BE
:107040002198984201DB012100E0002101200090FD
:1070500013981291084000EA0A0010EA0B0F04D0BE
:107060002798322801DA00200090012000998DF83D
:1070700038001AEA010F0ED0ADF80490ADF8088080
:107080006088ADF8060070880AA9401EADF80A00B5
:1070900029980BF023FB00991BEA010F0ED0ADF8E5
:1070A0000490ADF80880F0880AA9401CADF80600ED
:1070B000E088ADF80A0029980BF010FB139878B11E
:1070C0002088ADF804003088ADF80670401EADF899
:1070D00008000598ADF80A000AA929980BF0FEFAF5
:1070E000129878B1B0880AA9401CADF80400A088B5
:1070F000ADF808000598ADF80670ADF80A002998BB
:107100000BF0ECFA0098C0B1BDF92400BDF92010D5
:10711000A9F10102ADF80410904200DB1046ADF871
:107120000800401A401C05B2002D70DD139850EA8B
:107130000A0066D0BDF9224061E0BDF82000ADF83C
:107140000400BDF82400ADF80800B4F90200B6F957
:107150000210401AA84200DB05460FFA85F8002508
:1071600033E06088284406B2E088401B07B2BDF9CE
:107170002200B04203DDBDF92600B84224DB0499A9
:107180000D980FF0A1F8BDF904103246049B0D983C
:107190000AF03EFD8DF83800BDF92200B04207DC50
:1071A000ADF80660ADF80A600AA929980BF096FAC6
:1071B000BDF92600B84207DBADF80670ADF80A70DD
:1071C0000AA929980BF08AFA6D1C4545C9DB8DE0A8
:1071D00026B2ADF80660ADF80A6029460D980FF0AA
:1071E00073F8BDF904102B4632460D980AF010FDD5
:1071F0008DF838000AA929980BF070FA641CA74290
:10720000E6DC139850EA0B001DD0059C16E01AE04E
:1072100026B2ADF80660ADF80A6029460D980FF069
:1072200053F8BDF904102B4632460D980AF0F0FCD5
:107230008DF838000AA929980BF050FABDF92600FC
:10724000641CA042E4DABDF9200008F10101884283
:1072500000DC0846BDF82410ADF80400081A401CF4
:1072600005B2ADF80810002D40DD129850EA0A0072
:107270001BD0BDF9224016E026B2ADF80660ADF88D
:107280000A6029460D980FF01FF8BDF904102B462F
:1072900032460D980AF0BCFC8DF838000AA92998EE
:1072A0000BF01CFA641CA742E6DC129850EA0B00B3
:1072B0001CD0059C15E026B2ADF80660ADF80A605A
:1072C00029460D980FF000F8BDF904102B46324600
:1072D0000D980AF09DFC8DF838000AA929980BF04A
:1072E000FDF9BDF92600641CA042E4DA1BA80AF0EF
:1072F000B1FC25980AF0E2FF8FE62DE9FF478EB03A
:107300000C46824615461C2102A81A9E0EF0AEFFBE
:10731000CDF808D0BDF84400ADF810008DF820601D
:10732000B4F90200B5F90210884201DC012700E03F
:107330000027B4F90600B5F90610884201DB0126E2
:1073400000E00026B4F90000B5F90010884201DC25
:10735000012100E000218946B4F90410B5F90420A8
:10736000914201DB012100E00021ADF80000A0887E
:10737000ADF804006088ADF8020068888846401EB9
:10738000ADF806001FB102A950460BF0A7F9E88836
:10739000401CADF80200E088ADF806001EB102A95D
:1073A00050460BF09BF92088ADF800002888401E5D
:1073B000ADF8040017B1B5F9020001E0B4F902001C
:1073C000ADF8020016B1B5F9060001E0B4F9060007
:1073D000ADF80600B9F1000F03D002A950460BF03A
:1073E0007DF9A888401CADF80000A088ADF8040025
:1073F000B8F1000F03D002A950460BF06FF912B09C
:10740000BDE8F0872DE9F04F8B46A2F57F4195B09E
:1074100091460646FF3944D0746A208C80469842D3
:1074200004D02384608C40F0040060844FF4802AF0
:107430005146204611F095F807465146204611F076
:10744000B2F80546B7F90870304605F0FAFCB0F915
:1074500016107A1909FB021105EBD570A1EB60003B
:10746000ADF8060038446D1E2844ADF80A00706A75
:10747000818AADF80410008BADF8080006A80AF068
:1074800041FF06AA5146204611F096FA01AA06A924
:1074900058460AF023FFA4F82080608C20F00400F6
:1074A000608415B0BDE8F08F2DE9F0430E46A2F5DB
:1074B0007F4191B090460546FF3956D06C6A278CC3
:1074C0009F4204D02384608C40F00400608406A8AE
:1074D0000AF0A4F94FF4802906AA4946204611F083
:1074E000C8F94946204611F05EF8ADF82A00284652
:1074F00005F0A7FC050038D00698B5F91620B0F9BC
:107500000810BDF92A0000EB010C08FB0C2200EB6F
:10751000D073A2EB63021044491EADF80A20084460
:10752000ADF80E00A08AADF80800208BADF80C0075
:1075300002AA0EA8B168FBF7DDF988B10EA8D6F84B
:107540000880B06028460EF03DF803460020009009
:1075500005F1140206A9304609F0C4FEC6F80880F9
:107560002784608C20F00400608411B0BDE8F083B3
:107570002DE9F041274E0746706809F009FC0446E2
:107580003868856BE96A09B128468847206850B198
:10759000606828B907E070680068816A01B18847AF
:1075A00020690028F7D10120206171680968C96845
:1075B0008A69D20702D08969890700D400206061F6
:1075C000606908B1012600E000263868416971B1A0
:1075D000016911F0300F06D0490704D5D5E9001034
:1075E00000F01AF803E0D5E90021FEF7AFFA2068B1
:1075F00000280BD06168002908D03A68127CB24399
:10760000D20703D1A268824202D1A160BDE8F08115
:10761000A060FBE7F00000202DE9F34F05468A4803
:1076200093B041680E683069820701D542076ED475
:10763000C0F3011002281ED0012801D0032866D112
:1076400000200F90084609F0A3FB8346A988B5F9EE
:107650000000EA88091A491C0CB2B5F90210521A46
:10766000521C17B24FF4A052B2FBF4F3BB420FDA34
:10767000B2FBF4F20DE029463046149A00F0F0F81F
:10768000149A15B029463046BDE8F04FFEF75EBAB1
:107690003A460C920791317CC1F30111012905D0C2
:1076A0006880611E0844E8800020BDE07188081AE7
:1076B000401EE880001B401C6880F5E70C99A7EB92
:1076C0000A00884200DD084600B201900120CBF894
:1076D0001000BAF1000F20D1A7421EDB0194307CCC
:1076E000C0F30110032810D000202146149A00F0A6
:1076F000EAF8307CC0F30110012809D031880798DE
:10770000081A401EA880001B56E00120EDE797E014
:10771000079828800798204466E00F9820B94FF416
:1077200020500EF0FBFB0F90307CC0F301100328BB
:107730001BD000208646DDF850C001990F980A90B2
:1077400014FB01F0401E0D90601E48430E90002077
:107750008146884222DA0E9ABEF1000F02EB090040
:1077600001D00D9A101A002212E00120E2E70A9BD4
:10777000BEF1000F03EB400863460CF1020C1B88BE
:10778000A8F8003001D0084400E0401A521C12B2A0
:10779000A242ECDB09F1010000B2D9E7307CC0F372
:1077A000011001281BD031880798091AA1EB0A00A3
:1077B000401EA8800199401A401C288001990AEBBC
:1077C0000108B84513DBDBF81800C0070FD0DBF861
:1077D000180080070BD50120CBF814000AE00798A9
:1077E0005044288001990844401EA880E6E7002103
:1077F000CBF814100F9828B1024629463046FEF700
:10780000A5F905E0149AF8E7B16A09B1304688474E
:10781000DBF810000028F7D101981499604301EBC0
:10782000400014900FFA88F08246B842FFF646AF47
:107830000F98002804D015B0BDE8F04F0EF0BABB89
:1078400015B0BDE8F08F0000F000002030B50488CE
:107850000D88058010880880188810801C8030BD35
:10786000F8B58B880C884D881B1BCC885B1C641B6F
:10787000641C13FB04F300245B1E0DE002EB4306C3
:1078800002EB44073588ADF80050B7F800C0A6F801
:1078900000C05B1E3D80641CA342EFD843884C8827
:1078A000CA881B1B5B1ECB8043889A1A521E4A80D3
:1078B00003880C888A881B1B5B1E8B800088801ABB
:1078C000401E0880F8BD2DE9F0470C461746824659
:1078D000002601EBD47931E00025601C00EBD07864
:1078E00027E0A01B401E01B2601B401E00B2BAF18F
:1078F000000F0AD015FB041207EB420311FB040131
:1079000007EB410210FB046009E010FB046207EB87
:10791000420311FB040007EB400215FB041007EBC8
:10792000400116FB045007EB4000FFF78FFF6D1C72
:107930002DB2B5EB680FD4DB761C36B2B6EB690F0F
:10794000CADBBDE8F08700002DE9F047A2B005468C
:107950000CF01FF8044628460BF0E3FF8246606AED
:107960000DF030FE054694F85000C00778D004A80A
:107970000AF0C8FC4FF4E02904AA4946204611F059
:107980001BF804F1440101A807F067FF606ABDF825
:107990000410828A1144ADF80410BDF80610C08AA4
:1079A00001AA0844ADF80600606ABDF80810808A94
:1079B0000844ADF80800606ABDF80A10C08A08449F
:1079C000ADF80A0004A950460AF088FC4946204652
:1079D00010F07EFB06464946204610F081FC8719D0
:1079E0004946204610F01DFD4FF000081E49064490
:1079F000CDF87480CDF87880E06C09682844884719
:107A00000246E06C41191DA80EF052FBBDF80400BF
:107A100040F257423844ADF80400BDF80600414634
:107A20003044ADF80600606A10F002FD054612A869
:107A300009F0F4FE12AA4946204610F01AFF9DF8FC
:107A40001300022804D8BDF85400A9B2884207D018
:107A50001DAB01AA12A95046CDF8008009F042FCE6
:107A600022B0BDE8F0870000100200202DE9F04FA1
:107A7000D3B005460BF08DFF044628460BF051FFAE
:107A80004F9010A920460FF096FD002140F60A0203
:107A9000204610F0CDFC0546002140F60B022046A2
:107AA00010F0C6FCBDF84010BDF84420491BADF8ED
:107AB00040102A44BDF84230ADF844201B1ABDF8EE
:107AC0004650511A2844ADF84600C01A401C0FFA1F
:107AD00080FAADF84230D4E90A02491C0FFA81FB62
:107AE000A2EB0008D34501DB012100E0002189461B
:107AF00000213E9194F85C1001F00301012908D1A6
:107B0000002806DA002A04DD216B814201D1012020
:107B10003E900021204610F0C0FB2190002120461D
:107B200010F001FC36900021204610F050FC20900F
:107B30000021204610F05DFB359004F1340010A9BF
:107B4000139007F06FFEA18E21980844A086218F24
:107B50003698081A2087E18E20980144E186618FCB
:107B60003598081A00B26087B9F1000F11D0E18E84
:107B7000401A401C00B204281DDAE18A0AEBDA72CE
:107B80006FF0010000EB62000844E086001D608792
:107B900011E0218FA08E081A401C00B204280ADAD6
:107BA000A18A0BEBDB726FF0010000EB620008446E
:107BB000A086001D2087218FA08E081A401C00B2CD
:107BC0001890618FE08E081A401C00B22290B9F123
:107BD000000F05D004F13805DC48189F139E04E01F
:107BE00004F13606DA48229F351D3A90A36D581CE1
:107BF00014D0216DA06A626D091A101A7943784376
:107C000091FBF8F190FBF8F009B200B2401A58432A
:107C1000C21700EB126001EB202005E0216BA06A87
:107C2000081A784390FBF8F000B21690A26C501C32
:107C300014D0216CA06A636C091A181A794378432E
:107C400091FBF8F190FBF8F009B200B2401A5043F2
:107C5000C21700EB126001EB202005E0D4E9091007
:107C6000081A784390FBF8F000B23F9020460021BC
:107C700041F26A4210F0DCFBC0B2B9F1000F28D02B
:107C800001280AD130462E4605463F98404200B2B0
:107C90003F901698404200B2169031883F980844B1
:107CA000288031881698084430803E9888B3A06AAE
:107CB0004042784390FBF8F000B2B9F1000F15D0C4
:107CC00031880844B5F9001000B281420BDD3080E4
:107CD00039E029883F98081A401C30802988169876
:107CE000081A2880E1E7318028802CE02988081ACA
:107CF000401CB6F9001000B2814201DD288001E08D
:107D000029803080B5F90010B6F900008142EADB25
:107D100019E0FFE73A9913988847012813DC35A842
:107D20004F990FF0EFF94FF40030429089483690A8
:107D3000002037901398389035AA1A2120460BF06E
:107D40002DFE35AAFBE050A8139907F06BFD68469D
:107D50000AF0D8FA4FF400356A462946204610F05A
:107D60002BFE23A84F990FF0CDF94FF0000879486A
:107D7000CDE924083095CDF89CD01398269045463F
:107D800023AA1A2120460BF009FE2046602229462C
:107D900010F04EFB05B258465146D34500DB08466D
:107DA000B5EB600F00DD4510229A1899BDF900006F
:107DB000914200DB1146B0EB610F00DD4810B9F1D4
:107DC000000F02D0228FA18E01E0628FE18E511A46
:107DD000491C09B2B1EB400F18DD9DF8220012904A
:107DE0009DF803709DF81A608DF803808DF81A8055
:107DF0008DF822806946139A4F980AF06FFA12980C
:107E00008DF803708DF81A608DF82200A18A2198F0
:107E100000230844ADF83401218B36982A46081A0D
:107E2000ADF83801E18A20980844ADF83601618B3D
:107E30003598081AADF83A014DA947A80AF092F909
:107E4000002147A809F042FD17909DF822608DF8A7
:107E5000228045468DF8368010A90EA807F0E2FC76
:107E6000BDF838102198084400B2ADF83800BDF8CC
:107E70003A20209911440BB2ADF83A30BDF83C20BD
:107E80003699511A0AB2ADF83C20BDF83E703599CA
:107E9000791A09B2ADF83E10B9F1000F12D0C81A24
:107EA000401C00B204281FDAE18A0AEBDA726FF094
:107EB000010000EB62000844ADF83A00001DADF887
:107EC0003E0011E0101A401C00B204280CDAA18A0E
:107ED0000BEBDB726FF0010000EB62000844ADF8C1
:107EE0003800001DADF83C00BDF90020002319A8A2
:107EF00013990AF037F9002119A809F0E7FC0746A1
:107F00000EAA69464F980AF0E9F98DF822608DF8BB
:107F100003508DF81A508DF836506946139A4F98D1
:107F20000AF0DCF919A809F095FE47A809F092FEBD
:107F300038460AF0C3F917980AF0C0F923AA1B21A2
:107F400020460BF02BFD53B0BDE8F08FDDF80008A4
:107F500085F80008948A02082DE9F047B8B0054674
:107F60000BF017FD044628460BF0DBFC824600218F
:107F7000204610F06BF80646204610F07DFB0546C3
:107F800020460FF050FB854201DB012701E000276E
:107F9000284694F85C108046002001F00301012976
:107FA00006D1A16A002903DAE16A002900DD012077
:107FB0008FB110B1606A00280ADB012E03D100BF27
:107FC000B4F9340001E0B4F93800ADF800000BE07A
:107FD000012EF8D0F4E710B1606A002801DBE08ED2
:107FE00000E0608FADF8020017A80AF08BF94FF49B
:107FF000403517AA2946204610F0DEFC3B46424693
:108000006946204615F02AFA04F16800694681465F
:1080100007F01AFC514605A80FF074F82F48069097
:108020000020CDE9125017ADCDE908950790204604
:1080300012F06AFF022806D005AA1A2120460BF08A
:10804000ADFC4A463DE0382217A926A80EF030F8CC
:1080500005AA1A2120460BF0A1FC4A4617A9504652
:108060000AF03CF905AA1B2120460BF097FC4FB102
:10807000012E02D0B4F9340001E0B4F93800ADF8B3
:10808000000002E0608FADF802003B4642466946C0
:10809000204615F0E3F904F160006946064607F052
:1080A000D3FB382226A917A80EF002F80120099563
:1080B000CDE90706139005AA1A2120460BF06EFCA5
:1080C000324617A950460AF009F905AA1B21204695
:1080D0000BF064FC38B0BDE8F0870000748B020838
:1080E0002DE9F0438FB004460BF053FC05460FF02A
:1080F000DBFA074603A809F091FB03AA00213846E2
:1081000010F0B7FB20460BF00CFC816804460E46CD
:1081100007F114020DA8FAF7EDFB002850D00DA8C6
:10812000A0600BA9384605F027F9A88AADF804002D
:10813000E88AADF80600288BADF80800BDF82E00DF
:10814000ADF80A0001AA1046A168FAF7D3FB4FF078
:1081500000090DF1040878B1A7682846C4F8088022
:108160000DF030FA034605F1140203A92046CDF8BC
:10817000009009F0B7F8A760A88AADF80400BDF830
:108180003200ADF80600288BADF80800688BADF81A
:108190000A0001AA1046A168FAF7ACFB78B1A768FB
:1081A0002846C4F808800DF00DFA034605F11402C4
:1081B00003A92046CDF8009009F094F8A760A660C6
:1081C0000FB0BDE8F08300002DE9FF4F9FB0987B12
:1081D0008A7E00F00F04DDF8B0E00E46032C18D0C4
:1081E000012C1DD0022C21D0042C13D0082C7DD1C1
:1081F000A24D4FF0FF0A6101FD2A2FD2A04F38781F
:10820000904202D17868A04225D00020DFF8748225
:108210001FE00424994D4FF0F00A103D1021EBE7C8
:10822000964D4FF0800A163D0221E5E7934D4FF041
:10823000C00A143D0421DFE715F800C0BCF1FF0FB0
:108240001DD01CFB02FC4FEA1C2C00BF08F800C02C
:10825000401C8842F0D38B4D3A707C601F9AB3F873
:108260000680188907902199926808FB04F0B1F9FB
:108270000010B2F90030994203DB002302E094467B
:10828000E4E75B1A9B46B2F9043001EB08079F4212
:1082900001DC414601E0591A491C89462199B2F98D
:1082A0000230B1F90210994201DB002300E05B1AB1
:1082B0001193079BB2F906200B44934201DC079906
:1082C00001E0511A491C0A91119941430BFB04101A
:1082D0000EEBD00100F007072C911C2115A80DF022
:1082E000C5FFB089ADF85C00B07E00E0C2E08DF85B
:1082F0006C00B07FC0F3C2008DF86D00FBF7B4FDD9
:1083000008F04AFD079A08FB02F1814200DC0846AA
:108310001C900DF003FE079018902198002601880C
:1083200001EB0B02ADF80C200188A9F1010001441A
:108330002198ADF810104388119818448B1AADF8A5
:108340001200ADF80E00ADF83810ADF834200A99DF
:10835000ADF836005B1C08441BB2ADF83A000B9335
:108360000DA809F093FC1D9003A815901A90C4F174
:10837000080008EB0B010F90A1EB0900604312907D
:10838000119860E033462AFA07F059464FF0000C86
:108390001FE02C9ADDF83C801278A8EB0708024019
:1083A00032FA08F205D015F80280079A02F8068022
:1083B00002E0079A02F806C00F9A974202D22744B9
:1083C000E04004E02C9A0027521C50462C92491C95
:1083D000761C4945DDDB1D9880B10798BDF9122058
:1083E0001844BDF90C1080460B9B09F011FC8DF868
:1083F000640018B940460B990DF038FFA9EB0B004B
:1084000081191C98814205D2BDF81200401CADF8BC
:1084100012000EE002208DF8640015A91F980AF0E2
:108420005DF9BDF81200401CADF80E00ADF8120069
:10843000002612982C99384401EBD00100F0070770
:1084400001982C91401C0A99019088429ADBBDF951
:108450000E10BDF91200814209D0401EADF8120085
:1084600002208DF8640015A91F980AF037F90798C3
:108470000DF0A0FD23B0BDE8F08F000032510208DE
:1084800004010020F4B400202DE9F04F8346B1F937
:1084900002000C46401E411000F001004618B2F9DF
:1084A0000050B3F9000089B0854200DA2846ADF8E3
:1084B0000000B2F90000B3F90030984200DC184621
:1084C000401EADF804005088801BADF802005088B3
:1084D0000844ADF8060069460846DBF80820FAF7BC
:1084E00009FA00281FD0E08818B1A08808B1012738
:1084F00000E000270125684609F0C8FB00B907B174
:1085000000251C2102A80DF0B1FECDF808D020886E
:10851000ADF81000207A6E468DF8200035B102A922
:1085200058460AF0DBF809B0BDE8F08FBDF804103A
:10853000BDF90000BDF90680091A491C0DB2BDF84D
:108540000210ADF806104FF0000A47B1B4F906105A
:10855000B4F90420114490FBF1F201FB120A284601
:108560000DF0DCFC079605908146BDF902603EE007
:10857000294648460DF0A8FEBDF900102B4632B240
:10858000484609F045FB8DF818000FB300B30021F1
:1085900050460B4617E000BFB4F90420824205DBC9
:1085A000121A1144104409B200B208E0B4F906C02E
:1085B0006244824201DC002001E009F80130491CDC
:1085C000401C09B200B2A942E6DB02208DF8180077
:1085D00002A958460AF082F8BDF80200401CADF826
:1085E0000200BDF80600401CADF80600761C4645AA
:1085F000BEDD48460DF0DEFC95E700002DE9FF4F9B
:10860000B2F90240B3F90250C5B0AC4208DA1288A0
:1086100064F31F4062F30F0065F31F411A8807E0FF
:108620001B8865F31F40128864F31F4163F30F003A
:1086300062F30F010FFA81F904B20514A9EB0406E5
:108640004FEA214AAAEB05070391002E01DD3146CE
:1086500000E07142002F01DD384600E0784281429F
:1086600001DD012000E0002015904698B0F90210CD
:10867000159858B1002F01DD384600E078424201DC
:10868000002E01DD30460CE070420AE0002E01DDD4
:10869000304600E070424201002F01DD384600E024
:1086A000784292FBF0F0AB4A105C10FB01F03F30D7
:1086B000C0114FEA600800F0010202EB080B4946C6
:1086C0004C4500DA2146A1EB0001ADF8581001DD60
:1086D000214600E049460144ADF85C10514655453D
:1086E00000DA2946A1EB0001ADF85A1001DD294658
:1086F00000E051460844ADF85E00459816A982682E
:108700000846FAF7F7F800287ED0159800210028CF
:108710007BD0002E16DDAAEB080000B2CDE90001E7
:10872000A5EB080002B24B46214620A809F052FBF7
:108730000AEB0B00012100B2CDE900014B4605EB2D
:108740000B0015E00AEB0B0000B2CDE9000105EBD0
:108750000B0002B24B46214620A809F03BFBAAEBD6
:108760000800012100B2CDE900014B46A5EB08004D
:1087700002B221460AA809F02DFB002120A809F029
:10878000A5F8189000210AA809F0A0F815904698BD
:108790004FF0FF39C846407AC00623D4A8190321F8
:1087A00000B2CDE90001E01B03B22A4621462BA806
:1087B00009F010FB039902200A14911909B2CDE9BE
:1087C0000010039801B2C81B03B236A809F002FBDF
:1087D00000212BA809F07AF88146002136A809F07B
:1087E00075F88046BDF85C00BDF85810401A401C72
:1087F00004B2FBF739FB08F0CFFA054616A807F0DC
:1088000047F8A84206D201E0A1E027E016A807F049
:108810003FF80546AA4628460DF080FB8346BDF981
:108820005E70BDF85A00ADF85E000025514658460E
:108830000DF04AFD1C2119A80DF018FD16A919917B
:1088400046980088ADF86C004698BDF95A60007AE9
:108850008DF87C00CDF870B01E9145E009EB0B005F
:10886000CDE900A103B204EB0B0001B22A4620A817
:1088700009F0B0FA0121A9EB0800CDE900A103B28B
:10888000A4EB080001B22A4674E700BFBDF95810F6
:108890000BEB0500234632B2079009F0B9F98DF8C9
:1088A000740018B9214607980DF0E0FC25442919F9
:1088B000514505D2BDF85E00401CADF85E0012E0E7
:1088C00002208DF8740019A9459809F007FFBDF83A
:1088D0005E000025401CADF85A00ADF85E00514620
:1088E00058460DF0F1FC761CBE42CFDDBDF95A10A2
:1088F000BDF95E00814209D0401EADF85E00022045
:108900008DF8740019A9459809F0E8FE58460DF055
:1089100051FB20A809F09EF90AA809F09BF9B9F1CA
:10892000FF3F02D02BA809F095F9B8F1FF3F02D024
:1089300036A809F08FF9189809F0C0FC159809F0CD
:10894000BDFC484609F0BAFC404609F0B7FC49B006
:10895000BDE8F08F325202082DE9F04F8346B1F99D
:1089600002000C46401E411000F00100158889B03D
:108970000844281AADF8000010880844ADF8040037
:10898000B2F90210B3F90200814200DA0846ADF8EC
:108990000200B2F90200B3F90210884200DC084676
:1089A000401EADF8060069460846DBF80820F9F7D6
:1089B000A1FF00281FD0E08818B1A08808B10126C7
:1089C00000E000260127684609F060F900B906B109
:1089D00000271C2102A80DF049FCCDF808D0208802
:1089E000ADF81000207A6D468DF8200037B102A94D
:1089F000584609F073FE09B0BDE8F08FBDF80400D9
:108A0000BDF80010BDF90670401A401C0FFA80F93D
:108A1000BDF80200ADF8060048460DF07FFA824628
:108A200005900795002056B1B4F90600B4F904107A
:108A30000844BDF9021091FBF0F200FB12108046D1
:108A4000BDF9025031E0494650460DF03DFCBDF9FC
:108A500000104B462AB2504609F0DAF88DF818009B
:108A6000A6B178B1B4F90410414502DA00208DF8BE
:108A70001800B4F90600B4F904100144414501DCC2
:108A80004FF0000808F101000FFA80F802A95846DB
:108A900009F024FEBDF80200401CADF80200BDF84C
:108AA0000600401CADF806006D1CBD42CBDD5046F3
:108AB0000DF080FA9FE77CB505460AF06AFF446A2C
:108AC00028460AF02EFF626A05468168684614321D
:108AD000F9F710FF002835D0AE68C5F808D094F833
:108AE0003C00800621D5628FE08E824208D121238E
:108AF00029462046FEF786FC2046628F21231DE092
:108B0000202329462046FEF77DFC2046628F202345
:108B10002946FEF7C9FC2046E28E01232946FEF7CE
:108B200071FC2046E28E012308E02046628F20235C
:108B30002946FEF767FC628F204620232946FEF770
:108B4000B3FCAE607CBD00002DE9F04FD5B005460A
:108B50000AF01FFF0446008E00287DD028460AF048
:108B6000E0FE4F90608C49A940F0040060842046EC
:108B70000EF021FD0025278C2584608CA94640F04D
:108B800004012E46C846618433A809F0BBFB41A806
:108B900008F044FE4FF4A02A33AA514620460FF0B5
:108BA0000BFF41AA514620460FF063FE608C002166
:108BB00020F004006084204627840FF00FFC5390BF
:108BC000002120460FF01CFB5290002120460FF0A0
:108BD0006BFB5190002120460FF0ACFB509020A879
:108BE0004F990EF08FFAB548CDF8B4A0CDE9210821
:108BF00012A824900AA8259054E1761CB6B2606AA7
:108C0000AFA150F82600F7F7A5FB0028F5D0E06AE1
:108C100030F81500C0F3C001002974D18846C0F3B4
:108C2000C01109B14FF00108C0F3401010B148F075
:108C3000800014E0A08EA84212D1B80601D548F0F9
:108C40002008B80701D548F00208780701D548F098
:108C50000408380704D500E02CE148F008008046FD
:108C6000A06A00EBC50103A806F0E5FDBDF80C10F5
:108C7000BDF82401B8F1000F0144ADF80C10BDF8A7
:108C80000E20BDF826110A44ADF80E20BDF81020C4
:108C90001044ADF81000BDF812000844ADF8120001
:108CA00026D0A4F82080608C40F00401618412A8D2
:108CB00009F028FB0AA808F0B1FD12AA5146204687
:108CC0000FF07AFE0AAA514620460FF0D2FD278403
:108CD000608C20F004016184E06A30F81500C0F374
:108CE000003000289DF845000ED040F001000DE056
:108CF000382233A912A80DF0DBF9202241A90AA8D5
:108D00000DF0D6F9E8E7C9E020F001008DF8450044
:108D100003A8239020AA1A212E9520460AF03EFE91
:108D20009DF86B004108C9063CD520F03E001E307E
:108D30008DF86B00B4F914305199BDF90C20194429
:108D40008A4203D120F008008DF86B00B4F9182096
:108D50005098BDF91010101A814205D19DF86B0092
:108D600020F010008DF86B00B4F916205398BDF96F
:108D70000E101044814205D19DF86B0020F00400D4
:108D80008DF86B00B4F91A205298BDF91210101A20
:108D9000814207D19DF86B008108490061F34500CD
:108DA0008DF86B00BDF81210BDF90E00091A491CB0
:108DB0000FFA81FB5FEA886108D5E16A31F8151086
:108DC000890503D5A0EB0B00ADF80E0003AA12A98C
:108DD0004F9809F083FA606ABDF93C30BDF93A104A
:108DE00050F826000890BDF82801BDF824C10A9A61
:108DF000A0EB0C00401C00B2CDE900109DF845C06E
:108E0000CDF808C054A8089913F052FCBDF8101012
:108E1000BDF80C00BDF95031091A491C09B2C91A34
:108E200001EBD17100EB6100ADF80C00BDF8121040
:108E3000BDF80EC0BDF95221A1EB0C01491C09B2CD
:108E4000891A01EBD1710CEB610109B21844ADF83C
:108E50001000881802B2ADF80E10ADF812205FEACB
:108E600088600ED5E06A30F81500800509D50BEB57
:108E7000DB70A1EB6001A2EB6000ADF80E10ADF865
:108E80001200CDF8009003AA0AA9089B4F9808F099
:108E900029FA20AA1B2120460AF080FD6D1C761CB1
:108EA000ADB2B6B2208EA8423FF6A9AE608C20F0DB
:108EB0000400608455B0BDE8F08F0000CC8A020841
:108EC0000A0000002DE9F04FA7B005460AF061FD49
:108ED000044628460AF025FD2290002120460FF086
:108EE000E9F80546002141F6120220460FF0A0FAEB
:108EF00028440FFA80FB002141F6130220460FF0B0
:108F000097FA28440FFA80FA002120460FF06DFAF4
:108F100028440FFA80F918A808F080FC18AA4FF42A
:108F2000003120460FF0A5FCA06A08B1179009E0B7
:108F300080200CF0F3FF05460146802220460AF00F
:108F4000C3FA179594F83C00002700F00F000128A1
:108F500000D101272046002141F26A420FF068FA51
:108F6000C0B2012800D10127E06A002869D00BF0C7
:108F70009CFE804602280DD002A9E06A0BF0F8FDA5
:108F800001281BD04FF0FF363546E7B1A18A01EB2F
:108F90000B001CE0BDF972009DF87D2041F6FF71C9
:108FA0008DE80700BDF97430189A15A8E16A13F02E
:108FB0007FFBBDF95460BDF95650E6E70298C0F357
:108FC0008A26450DE1E7218BA1EB0A00801B711E6B
:108FD000ADF814000844ADF81800B8F1020F5ED0E7
:108FE00020460EF020FB401BE18A00EBD07001EB25
:108FF0006000ADF81600691E0844ADF81A0011A80B
:1090000008F056F94FF4003811AA414620460FF0F7
:10901000E7FB06EBD6704010ADF8480005EBD570C5
:109020004010ADF84A00204643F60F0241460FF0CB
:10903000FFF9ADF8440005AA11A9E36A229808F0E7
:109040000FF909A808F0EAFB09AA002120460FF051
:1090500010FCBDF936009DF8412041F6FF718DE806
:109060000700BDF9383007A8099A179913F020FBBB
:10907000E18A01EB0900BDF81E10ADF80E000844AE
:10908000ADF81200E06AE0B13FB3218BA1EB0A001A
:10909000BDF81C10B0EB0100ADF80C0024E0E18A33
:1090A0006D1E01EB0900ADF816002844ADF81A005A
:1090B0000020009005AA18A9E36A229808F012F986
:1090C000BFE720460FF0D8FABDF91C10A28A401A5B
:1090D00000EBD07002EB6000DEE7A18A01EB0B0031
:1090E000BDF81C10ADF80C000844ADF810000020CD
:1090F000009003AA09A9179B229808F0F3F8A06A28
:10910000002802D117980CF055FF27B0BDE8F08F6A
:109110002DE9F04798B005460AF03BFC0446284686
:109120000AF0FFFB06460FA920460EF0E2F994F87C
:1091300048000025C10600D50125800601D545F06F
:109140000205002120460FF082FAA0F51C51D1390A
:1091500004D1608C400501D445F0040507A808F04F
:109160005DFBB4F84400ADF83200B4F84600ADF849
:1091700034008DF8395007AA002120460FF079FB02
:109180009DF83800012708B98DF83870E06B089019
:10919000206C099008994FF6FF70814219D0099907
:1091A000814216D04FF48028204644F2574241466F
:1091B0000FF03EF90090BDF80000ADF82A002046FF
:1091C000202241460FF034F90090BDF80000ADF8C0
:1091D0002C0094F8480041F6FF7A00F007000228BE
:1091E00001D003281ED19DF83800022801D00328A1
:1091F00018D1BDF92E100295CDE9001ABDF9303015
:10920000079A16A8616A13F053FABDF84000BDF83A
:109210003C10401A401CBDF9581000B2884201DAD7
:109220008DF8387094F8480004F1300700F007001A
:10923000032809D0BDF84200BDF83E10401A401C7A
:1092400000B2B0F5806F00DA00270FA914A8B26849
:10925000F9F750FB00287DD094F8480040070BD167
:1092600020460EF053FB404202B200210FA806F048
:1092700048FB608BADF8420094F848000DF15009AE
:1092800000F00700022813D0032811D000970FAA7E
:1092900007A93046636A08F025F8B068C6F8089058
:1092A000804694F8480000F0070003280FD05FE0E4
:1092B000D6F80880C6F8089000970FAA07A930468C
:1092C000636A08F00FF84046C6F80880E6E7BDF983
:1092D0002E100295CDE9001ABDF93030079A06A884
:1092E000616A13F0E5F9BDF84000BDF83C10401A82
:1092F000401CBDF9181000B2884219DA202211462C
:1093000007980AF024FCB4F84410BDF8182000EBCC
:10931000400011440844ADF83200B4F84600ADF8FE
:10932000340000970FAA07A93046636A07F0DAFFF6
:10933000BDF84200BDF83E10401A401C01B2BDF914
:109340001A00814214DAB4F84410ADF832100799CB
:10935000098900E00EE0B4F8462000971044084464
:10936000ADF834000FAA07A93046636A07F0BAFFC8
:10937000C6F8088018B0BDE8F0872DE9F04397B033
:1093800007460AF0C8FA054638460AF002FB0446CA
:109390004FF48026152D7DD0182D7CD138460AF04B
:1093A000C0FA054607A808F039FA07AA3146204650
:1093B0000FF05FFA13A9204603F0DEFF13AA15A8E9
:1093C000A968F9F797FA002865D0204603F040FD18
:1093D000814620460FF050F9064648460CF0F2F858
:1093E000BDF92E10CDE90016022202920146BDF908
:1093F000303005A8079A13F05BF920460EF013F9F8
:10940000B4F9161000EBD076B9F9160001EB66013D
:10941000471A48460EF007F9B90391FBF0F700210F
:1094200020460FF0A6F80799B0F90800B1F9081026
:10943000081A00EBD070BDF816104010091A09B2D6
:10944000ADF81610E28A794302EB660202EBA13115
:109450000F1A002120460EF034FE804620460021DF
:1094600041F612020EF0E4FF06462046002141F6C6
:1094700013020EF0DDFFA28A06EB08011144ADF8DD
:109480004010ADF84270218B081AA0EB0800ADF82F
:10949000440001E01DE019E0BDF816003844ADF8C5
:1094A00046009DF8390040F002008DF8390015A8FB
:1094B000AC68A86048460CF085F803460020009090
:1094C00010AA07A9284607F00DFFAC6017B0BDE849
:1094D000F08338460AF025FA054610A9204603F025
:1094E0004BFF684608F00EFF6A46314620460FF0F3
:1094F00063FA10AA6946284608F0F0FEE6E72DE96F
:10950000F043ABB005460AF044FA044628460AF098
:1095100008FA8146002120460EF0D4FE07460021BD
:1095200020460EF015FF0646002120460EF06BFF88
:109530000546002120460EF071FEA18AE28AADF8B0
:109540008A20238BADF88C30B4F81AC03944ADF8BA
:109550008810991BADF88C10ACEB00005119ADF8D8
:109560008E00ADF88A1006A808F0CCFE06AA4FF4CB
:10957000003120460FF020FA22AA06A9484608F03A
:10958000ADFE20460EF04FF80546208BA18A411A09
:10959000491C481B06B2606A411C06D07043C117C3
:1095A00000EB116040F30F2708E020460EF010FD9D
:1095B00010F0010F01D0374600E0002720460021BF
:1095C00041F26A420EF034FFC0B2012801D1F01B13
:1095D00007B2A08A3844ADF800002844ADF8040072
:1095E000E08AADF80200608BADF806004FF440371A
:1095F000394620460EF066FE0646394620460EF0F5
:10960000A7FE8046394620460EF0FDFE0546394647
:1096100020460EF003FEBDF80010BDF80420891BA3
:10962000ADF8001002EB0801ADF80410BDF802100F
:10963000491BADF80210BDF806100844ADF806004D
:1096400014A808F05FFE14AA394620460FF0B4F9BA
:109650006A4614A9484608F041FE2BB0BDE8F083E5
:109660002DE9F04FE5B005460AF093F90446284687
:109670000AF057F98346826804F1140116A8F9F735
:1096800039F900287ED0DBF80800089016A9CBF83D
:1096900008102046002141F232020EF0C9FE00B24D
:1096A0005B90002120460EF0B5FE5F900021204621
:1096B0000EF0BBFD6190002120460EF00AFE5E9088
:1096C000002120460EF04BFE4FF4A0255D90294668
:1096D00020460EF0FEFD0D90294620460EF03FFE7E
:1096E0000A90294620460EF095FE15902946204600
:1096F0000EF09BFD1490208C00260E902684608C2A
:1097000040F00401618428A808F0FCFD28AA29463D
:1097100020460FF051F918A808F080F818AA294639
:1097200020460FF0A6F80E982084608C002720F0C9
:109730000400608420460EF0F7F8E28A5F99114435
:10974000091A5B980844401EADF8160020460EF03A
:10975000E4F85C90002120460EF07FFC012800D048
:1097600000205A90594637A80DF0CCFC4FF4A020A9
:109770004490E04838900020399049A83B9020A8B8
:109780003C9000E093E0002089E0E16ABDF816001B
:1097900031F919105791401C00B2491E0144ADF82F
:1097A0001610BDF95E10ADF8120088427CDC5A98A4
:1097B00050B1218B5D98091A5C98091A5B98081AB8
:1097C000401EADF8100009E0A18A5E9801445C9843
:1097D000091A5B980844401EADF81400002558E0B3
:1097E000A06A4FF0000A50F8270008B190F800A0D6
:1097F0005A9860B1BDF81000401EADF81400216BFE
:1098000031F81510401A401CADF810000BE0BDF8FF
:109810001400401CADF81000216B31F815100844FD
:10982000401EADF81400002621E0A16AB81951F8D5
:10983000200008B390F800A05FEACA701CD05A98C4
:10984000216B002805EB06024FF0020000EB4200FE
:10985000085A05D0BDF81010081AADF8100004E041
:10986000BDF814100844ADF81400761CB6B2A08CF4
:109870007119401E8142D8DBBDF91600BDF95A109E
:10988000884217DAB819401C87B2A81980B2401C68
:1098900085B2A08CA842A3D809F1010080B2E18C66
:1098A000814649453FF671AF0898CBF8080065B08E
:1098B000BDE8F08FBDF91020ADF83C20BDF91210C5
:1098C000ADF83E10BDF91480ADF84080ADF842000F
:1098D00086469DF8C300C0F3440043070DD5B4F994
:1098E00014C05E9B63449A4207DDBDF9C03003EBB0
:1098F000D373A2EB6302ADF83C2082070DD5B4F917
:1099000016305F9A1A44914207DDBDF9C02002EB80
:10991000D272A1EB6201ADF83E10010711D5B4F986
:1099200018205D99511A491E88450ADABDF9C01000
:1099300001F0010201EBD17102EB61014144ADF88C
:109940004010C00712D0B4F91A206198101A401EB6
:1099500086450BDABDF9C00000F0010100EBD070C4
:1099600001EB600101EB0E00ADF84200E28E002138
:109970004A4569D1A08EA84266D1208C420602D405
:10998000820600D52021820701D541F0020142075D
:1099900001D541F00401000701D541F00801E9B308
:1099A0002184608C40F00401618449A808F0AAFC7D
:1099B00020A807F033FF4FF4A02849AA41462046CB
:1099C0000EF0FAFF20AA414620460EF052FF0E98F4
:1099D0002084608C20F0040161840FA83A90A18C4F
:1099E00037AA09FB015045901A21204609F0D6FFFD
:1099F0000FAA49A9584608F071FCA06A50F8270040
:109A0000F0B3BDF810100D98084403B2BDF814105F
:109A10000A98ADF84430081A02B200E014E0BDF82C
:109A200012101598ADF848200844ADF84600BDF86E
:109A300016101498081AADF84A00CAF340005FEAFD
:109A400000080CD002210BE0382228A949A80CF00C
:109A50002FFB202218A920A80CF02AFBBDE700212B
:109A6000D01A401CBDF9922000B20092CDE901014C
:109A7000A06ABDF9943050F8271060A8491C00E096
:109A800031E0189A12F014FEB8F1000F14D1579873
:109A9000BDF98221BDF8121000EBD07301EB630019
:109AA00002EBD272A0EB6200ADF84600581000EB5A
:109AB00062000844ADF84A0004AA16A962A8F8F7A3
:109AC00019FF80B162A90020CBF808100090A06AAD
:109AD00011AA20A950F8273058465B1C07F002FC59
:109AE00016A9CBF8081037AA1B21204609F056FF0B
:109AF000C8E60000AC8B02082DE9F04F8B46074604
:109B000090881188A9B0401A401C00B200EBD070B8
:109B100046108819ADF8780050883044ADF87A00C6
:109B200020A807F0B3FE4FF4A02420AA214638460F
:109B30000EF0EEFE18A807F0BBFB18AA2146384627
:109B40000EF04EFE002138460EF01BFB82465946B1
:109B500002A80DF0D7FA604803901EA80B9007F1F9
:109B600030002490F9F730FFAFE025681394207996
:109B7000012801D0A0B3A4E0B5F92030E88B184447
:109B80000090D5E90512E0680CF08AF9A98B628A89
:109B900000B211448D19804612F0C6FC10FB05F18D
:109BA00047F6FF7991FBF9F0BDF87A100844ADF85B
:109BB0009A00404612F0B4FC10FB05F191FBF9F05D
:109BC000BDF878100844ADF89800A08AADF8800080
:109BD000208AADF882006079FD2802D9504603E062
:109BE00016E010FB0AF0000A8DF8880001201090A2
:109BF00020A8089026A80C9002AA1A21384609F03D
:109C0000CDFE26AB1EAA20A9584607F032FE53E02F
:109C10002069E0B3B5F92030E88B18440090D5E90D
:109C20000512E0680CF03CF9054625A920690AF008
:109C30009FFFBDF87800A18A411AADF85810BDF811
:109C40007A00E28A801AADF85A00259AC2F38A2374
:109C50005B1E1944ADF85C104FF0FF3101EB52511F
:109C60000844ADF85E006079FD2801D9504602E055
:109C700010FB0AF0000A8DF86B00A08AADF86400B2
:109C8000E08AADF8660005EB8500400000E018E0D2
:109C9000B0F5616F01DDA0F56160ADF8600018A856
:109CA000099002AA1A21384609F078FE16AA18A9C6
:109CB0005846236907F0D4FA02AA1B21384609F056
:109CC0006DFE21462498F9F77CFE04007FF44DAF29
:109CD00029B0BDE8F08F0000C852020830B5054633
:109CE00091F82A0089B00C4602285FD9E08C002840
:109CF0005CD0114604A805F07AFD208DBDF8101047
:109D0000401E091AADF81010BDF81210091AADF86E
:109D10001210BDF814100144ADF81410BDF816105F
:109D20000844ADF8160004A906A805F060FDBDF8CA
:109D30001810E08CBDF81220091AADF81810BDF803
:109D40001C100844ADF81C00BDF81A00E18C401A44
:109D5000ADF81A00BDF81E00E18C0844ADF81E00F5
:109D6000BDF81400BDF81010401ABDF81610401CC4
:109D7000891A491C00B209B2B4F90020884200DAFD
:109D80000146B2EB610F00DD4A10E08CA17810446F
:109D900003B294F82A00CDE90201A08CADF80400CA
:109DA000009204AA06A92846FDF75EF809B030BD66
:109DB000F8B5044609F0EDFD0646204609F0E7FD3A
:109DC0000446406BB0F5A02F51D1A06B00250728A9
:109DD00005D22069C570206980F8225012E081B256
:109DE0002022304606F05FFA60B12069C570206914
:109DF00080F82250122010F009F900906069BDF837
:109E000000108181208F4FF4004281B2304606F06D
:109E10004AFA98B121696620C870304612F048F9B4
:109E200000902069BDF800108180304606F039FAB4
:109E3000A16B884202D12169B220C870208F4FF4F3
:109E4000804281B2304606F02EFA00280FD02169F8
:109E5000FF2081F82200304612F02AF90090206994
:109E6000BDF80010C1832169088C401C0884F8BD2E
:109E70002DE9F0418CB0054609F08BFD04462846DB
:109E800009F04FFD8046606A0BF09CFB00780028CB
:109E90003BD1A06A002838D00078002835D001A82E
:109EA00007F0BCFC01AA4FF4002120460EF0E1FCB3
:109EB00094F85C00000705D59DF8210040F00200F1
:109EC0008DF82100002120460EF00AFA07460021F5
:109ED00020460EF0A6FA0646002120460EF0F8F8BD
:109EE000054604F1140109A805F0B7FC701902B287
:109EF000781901B209A805F004FD0020009009AA14
:109F000001A94046A36A07F0EDF90CB0BDE8F08165
:109F10007CB50446806961896D468668A08961B117
:109F2000002865D0814203D12289E3889A427CD3FC
:109F300002297BD003297AD0AFE010BBE0882189C9
:109F400088421ED2B4F9060012F0EEFAB4F90410F9
:109F5000B4F90E20891A48432168498801EBE030A2
:109F6000ADF80200E0885A3000B212F0DDFAA188A4
:109F700010FB01F02168098801EBE030ADF8040026
:109F800040E020680088ADF800002068A188408883
:109F90000844ADF80600B4F9060012F0C5FAB4F9A9
:109FA0000410B4F90E20891A48432168498801EB4E
:109FB000E030ADF80200E0885A3000B212F0B4FA96
:109FC000A18810FB01F021683246098801EBE030DE
:109FD000ADF8040069460846F8F78CFC30B1A0697A
:109FE0006A4685602169A06908F078F9A08970BB8C
:109FF0002068A18800880844ADF8040020684088E3
:10A00000ADF80200B4F9080012F08EFAA18810FB36
:10A0100001F02168498801EBE030ADF806002089A5
:10A020005A3000B212F080FA02E015E012E00FE0C0
:10A03000B4F90410B4F90E20891A48432168324655
:10A04000098801EBE030ADF8000069461AE024E031
:10A05000022801D0012820D1206832460088ADF8BE
:10A06000000020684088ADF802002068A1880088C0
:10A070000844ADF804002068A18840880844ADF881
:10A08000060029460846F8F735FC30B1A0696A4653
:10A0900085602169A06908F021F9A06986607CBD0E
:10A0A0007CB50446806961896D468668A08901296E
:10A0B0000CD0012867D0814203D12289E3889A42DB
:10A0C0007ED300297DD003297CD0B5E0012822D1A0
:10A0D000E088218988421ED2B4F9060012F024FAE1
:10A0E000A18810FB01F02168498801EBE030ADF850
:10A0F0000600E0885A3000B212F016FAB4F90410E3
:10A10000B4F90E20891A48432168098801EBE03030
:10A11000ADF8040042E02068A1880088401AADF83C
:10A12000000020684088ADF80200B4F9060012F083
:10A13000FBF9A18810FB01F02168498801EBE030B0
:10A14000ADF80600E0885A3000B212F0EDF9B4F92B
:10A150000410B4F90E20891A484321683246098850
:10A1600001EBE030ADF8040069460846F8F7C2FBA1
:10A1700030B1A0696A4685602169A06908F0AEF82F
:10A18000A089012858D120680088401EADF804003D
:10A190002068A18840880844ADF80600B4F908009A
:10A1A00012F0C2F9B4F90410B4F90E20891A484328
:10A1B0002168498801EBE030ADF80200208902E017
:10A1C00018E010E014E05A3000B212F0ADF9A188A6
:10A1D00010FB01F021683246098801EBE030ADF850
:10A1E000000069461DE0022804D0032802D023E0C5
:10A1F000022821D12068A18832460088401AADF893
:10A20000000020684088ADF8020020680088401EE9
:10A21000ADF804002068A18840880844ADF8060025
:10A2200029460846F8F766FB30B1A0696A468560A2
:10A230002169A06908F052F8A06986607CBD7CB5F0
:10A240000446806961896D468668A08902290CD020
:10A2500002287ED0814203D12289E3889A4279D3B1
:10A26000002978D0012977D0D4E002283FD1E088B6
:10A27000218988423BD25A3000B212F055F9A188A8
:10A2800010FB01F02168098801EBE030ADF8000017
:10A29000B4F9060012F048F9B4F90410B4F90E202C
:10A2A000891A48432168498801EBE030ADF806007F
:10A2B000B4F9080012F038F9A18810FB01F0216808
:10A2C000498801EBE030ADF8020020895A3000B235
:10A2D00012F02AF9B4F90410B4F90E20891A48438F
:10A2E0002168098801EBE030ADF8040066E02068E1
:10A2F0000088401EADF804002068A1884088401AFC
:10A30000ADF80200E0885A3000B212F00DF9A188D1
:10A3100010FB01F02168098801EBE030ADF8000086
:10A32000B4F9060012F000F9B4F90410B4F90E20E3
:10A33000891A484321683246498801EBE030ADF87C
:10A34000060069460846F8F7D5FA58B1A069856055
:10A3500003E00AE03BE034E036E06A462169A069A8
:10A3600007F0BCFFA089022854D12068A18800888A
:10A37000401AADF8000020684088401EADF8060085
:10A3800020895A3000B212F0CFF8B4F90410B4F9B1
:10A390000E20891A48432168098801EBE030ADF8A6
:10A3A0000400B4F9080012F0BFF8A18810FB01F016
:10A3B0002168498801EBE030ADF802003246694679
:10A3C0001DE0032803D025E0032800D010BB20683F
:10A3D000A18832460088401AADF800002068A188A4
:10A3E0004088401AADF80200206829460088401EC7
:10A3F000ADF8040020684088401EADF8060008460D
:10A40000F8F778FA30B1A0696A4685602169A069D9
:10A4100007F064FFA06986607CBD7CB50446806956
:10A4200061896D468668A08903290ED0032867D00C
:10A43000814203D12289E3889A427ED302297DD0CA
:10A4400001297CD002297BD0B1E003281FD1E0880C
:10A45000218988421BD25A3000B212F065F8B4F953
:10A460000410B4F90E20891A48432168098801EBC9
:10A47000E030ADF80000B4F9060012F055F8A188FC
:10A4800010FB01F02168498801EBE03040E02068D2
:10A49000A18800880844ADF8040020684088401E68
:10A4A000ADF80600E0885A3000B212F03DF8B4F979
:10A4B0000410B4F90E20891A48432168098801EB79
:10A4C000E030ADF80000B4F9060012F02DF8A188D4
:10A4D00010FB01F021683246498801EBE030ADF80D
:10A4E000020069460846F8F705FA30B1A0696A46E5
:10A4F00085602169A06907F0F1FEA089032856D183
:10A5000020680088ADF800002068A1884088401AC3
:10A51000ADF8020020895A3000B212F005F8A18887
:10A5200010FB01F02168098801EBE030ADF8040070
:10A53000B4F9080011F0F8FF03E016E010E013E0B2
:10A540000FE0B4F90410B4F90E20891A48432168C9
:10A550003246498801EBE030ADF8060069461BE061
:10A5600018B1012801D022E008BB206832460088DB
:10A57000ADF800002068A1884088401AADF80200BC
:10A580002068A18800880844ADF8040020682946A6
:10A590004088401EADF806000846F8F7ABF930B128
:10A5A000A0696A4685602169A06907F097FEA069E5
:10A5B00086607CBD70B5A4B00C46054620AA22A9D1
:10A5C0000DF0BAF922A805F063F920B920A805F02A
:10A5D0005FF900283ED012A9284614F023F901287B
:10A5E00038D1214668460CF08DFD1B4801900220B1
:10A5F000029012A804904FF480300D9022A805F02C
:10A6000047F980B122A803906A461A21284609F02A
:10A61000C5F922AA12A9204607F060FE6A461B214E
:10A62000284609F0BBF920A805F032F9002811D01E
:10A6300020AE6A461A212846039609F0AFF920AAEF
:10A6400012A92046039607F049FE6A461B212846B8
:10A6500009F0A4F924B070BDF85002082DE9F74FB5
:10A66000B1F92E00AAB014460E46002872D096F812
:10A67000361002296ED9012808D1B6F93400002815
:10A6800004DC308E10B9708E0028EFD02088318E17
:10A690004218B08E151AADF82850A28811440B1834
:10A6A000ADF82C306088718E0844B18E421AADF836
:10A6B0002A20E088718E0844B18E0144ADF82E1036
:10A6C000B6F92E0000EBD070A5EB60056D1EADF85D
:10A6D0004C50012505EB60001844ADF85000B6F968
:10A6E0002E0000EBD070A2EB6000401EADF84E00D3
:10A6F000B6F92E0000EBD07005EB60000844ADF811
:10A70000520096F836002990FD2801D9FF202990A3
:10A710002A9813A9826827A8F8F7ECF80028A5D092
:10A7200021461DA805F063F84FF0FF384146424628
:10A730001DA805F0D9F8B6F900901DA805F0BCF8E1
:10A7400004461DA805F092F884421DA803DA05F01E
:10A75000B3F802E0FEE305F089F8B9EB600F01DD24
:10A760004FEA6009B6F900400AA805F0A5F80546C9
:10A770000AA805F07BF885420AA802DA05F09CF8E1
:10A7800001E005F073F8B4EB600F00DD4410B6F99A
:10A790002E00051905FB05F040000BF0BFFB1090E3
:10A7A0000146B6F92E2023460AA814F061F913A831
:10A7B00007F06CFA012720B9F078FF2801D3B078B0
:10A7C00060B1002701234A461DA920A807F0CAFC52
:10A7D000002120A807F07AF8269001E0CDF89880B3
:10A7E00013A805F069F80BF099FB83461C2115A806
:10A7F0000BF03CFDCDF854D0CDF860B0CDF868D06A
:10A80000B08DADF85C0096F836008DF86C00B0782D
:10A810008DF86D00BDF85000BDF84C20ADF8040077
:10A82000811A491C09B201EBD17102EB61010FFAE7
:10A8300081FABDF85220BDF84E10401B521A521C2E
:10A8400012B202EBD27201EB6202401C14B200B2EF
:10A850006A1EADF80000ADF80210114409B2099269
:10A86000ADF806105246504500DC1046ADF8000029
:10A87000A14200DB21462A98ADF80610694682689D
:10A8800006A8F8F737F8D0B34A461DA906A8F8F786
:10A8900059F8A0BBBDF81C00BDF91810BDF91A206D
:10A8A000401A401C00B20890BDF94E301098D21AE0
:10A8B00002FB0500BDF95020521B891A0844401EB6
:10A8C000059047B14A461DA906A8F8F7ABF810B1A4
:10A8D00001200F9000E00F970898002827DDBDF8B1
:10A8E0001800ADF80000BDF81C00ADF8040002200F
:10A8F000CDF860B08DF86400BDF91A8013E016E061
:10A90000ADF802800F98ADF8068070B305981890E6
:10A9100015A92A9807F0E2FE05982844059008F149
:10A9200001000FFA80F8BDF91E104145E8DABDF8C4
:10A930005000ADF80400401B401C00B2ADF8000010
:10A94000BDF85220ADF80620511B491C09B2ADF8E4
:10A9500002105246504500DC1046ADF80000601C65
:10A960001190814216DD084615E0FFE72A46584659
:10A9700005990BF09DFBBDF9181042465846089BFF
:10A9800007F046F98DF864000128C1D102208DF846
:10A990006400BDE7601CADF802002A986946826831
:10A9A00006A8F7F7A7FFD0B34A461DA906A8F7F7F0
:10A9B000C9FFA0BBBDF81C00BDF91810BDF90620E9
:10A9C000401A401C00B20890BDF91E301098D21AEF
:10A9D00002FB0500BDF95020521B891A0844401E95
:10A9E000059047B14A461DA906A8F8F71BF810B113
:10A9F00001200F9000E00F970898002827DDBDF890
:10AA00001800ADF80000BDF81C00ADF804000220ED
:10AA1000CDF860B08DF86400BDF91E8013E016E03B
:10AA2000ADF802800F98ADF80680B0B30598189085
:10AA300015A92A9807F052FE059828440590A8F118
:10AA400001000FFA80F8BDF91A104145E8DDBDF8A4
:10AA50004C0009992844ADF80000BDF85000401B97
:10AA6000ADF80400BDF84E00ADF80200084400B295
:10AA7000ADF80600A04200DB2046ADF806002A989B
:10AA80006946826806A8F7F735FFB0B34A461DA9A4
:10AA900006A8F7F757FFA8B17CE0FFE72A4658461B
:10AAA00005990BF005FBBDF9181042465846089B66
:10AAB00007F0AEF88DF864000128B9D102208DF8B6
:10AAC0006400B5E7BDF81C00BDF81810BDF9022000
:10AAD000401A401C00B20890BDF91A101098891A4B
:10AAE00001FB050005904FB14A461DA906A8F7F7DE
:10AAF00099FF18B101200F9001E04BE00F970898E3
:10AB0000002847DD0F9860B100201890BDF81800AC
:10AB1000ADF80000BDF81C00ADF80400BDF91A0046
:10AB200033E0CDF860B0F1E7ADF802800F98ADF8F2
:10AB3000068060B12998FF280598007804D096F81F
:10AB4000361010FB01F0000A8DF86C0013E0059838
:10AB5000089A017858460BF057FBBDF91810424689
:10AB60005846089B07F054F88DF86400012802D17C
:10AB700002208DF8640015A92A9807F0AFFD05980A
:10AB80002844059008F1010000B2BDF91E1080466E
:10AB90004145C9DA96F836008DF86C00BDF84C00D6
:10ABA0002844ADF80000BDF85000BDF85210401B1D
:10ABB000ADF80400481B401CADF8061000B2119916
:10ABC000ADF80200884200DC601CADF802002A9853
:10ABD0006946826806A8F7F78DFE78B34A461DA934
:10ABE00006A8F7F7AFFE48BBBDF81C00BDF818106B
:10ABF000BDF91E20401A401C00B20890BDF9061095
:10AC00001098891A01FB050005900898002851DD6D
:10AC10003FB14A461DA906A8F7F704FF0020189087
:10AC200001E0CDF860B0BDF81800ADF80000BDF847
:10AC30001C00ADF80400BDF91E0036E03AE000BF8C
:10AC4000ADF80280ADF806808FB14A461DA906A86E
:10AC5000F7F7E8FE2998FF280598007804D096F8C1
:10AC6000361010FB01F0000A8DF86C0013E0059817
:10AC7000089A017858460BF0C7FABDF918104246F9
:10AC80005846089B06F0C4FF8DF86400012802D1E5
:10AC900002208DF8640015A92A9807F01FFD059879
:10ACA00028440590A8F1010000B2BDF91A108046B1
:10ACB0004145C5DD96F836008DF86C00BDF85000B2
:10ACC000ADF80400411BBDF84E00491C0AB22844EF
:10ACD000ADF8002000B2ADF80200BDF85210119B93
:10ACE000491B09B2ADF80610984200DB601CADF8B4
:10ACF0000200A14200DC2146ADF806105046524544
:10AD000000DC02462A98ADF800206946826806A851
:10AD1000F7F7F0FDB8B34A464E461DA906A8F7F767
:10AD200011FE80BBBDF81C00BDF91810099A401A2D
:10AD3000401C00B20890109802FB0500BDF950209D
:10AD4000521B891A0844401E0590EFB132461DA9D6
:10AD500006A8F7F767FE10B14FF0010800E0B8460B
:10AD6000059818900898002836DDBDF81800ADF851
:10AD70000000BDF81C00ADF8040002208DF864004E
:10AD8000BDF91A6024E027E0B8465846E9E700BF5D
:10AD9000ADF80260ADF80660B8F1000F12D1584668
:10ADA000089A05990BF084F9BDF9181032465846F7
:10ADB000089B06F02DFF8DF86400012802D10220C7
:10ADC0008DF8640015A92A9807F088FC761C36B225
:10ADD000BDF91E00B042DBDA0022109817E000BF78
:10ADE00000EB050EAEF10101002305EBD57608E07E
:10ADF00090F800C091F8008000F8018B01F801C9BB
:10AE00005B1CB3EB660FF3DB521C704612B2AA4216
:10AE1000E6DBBDF84C000999ADF80000084401B22A
:10AE2000BDF84E00119B284400B2ADF80200BDF8F9
:10AE30005220ADF80410521B12B2ADF80620984211
:10AE400000DB601CADF80200A24200DC2246AAF141
:10AE50000100ADF806200C90814200DB01462A98E3
:10AE6000ADF804106946826806A8F7F743FDA8B359
:10AE70004A464E461DA906A8F7F764FD70BBBDF80B
:10AE80001C00BDF91810099A401A401C00B2089025
:10AE9000109802FB0500BDF90020891A08440590AE
:10AEA000EFB132461DA906A8F7F7BCFD10B14FF06F
:10AEB000010800E0B846059818900898002835DD8C
:10AEC000BDF81800ADF80000BDF81C00ADF8040096
:10AED00002208DF86400BDF91A6023E026E0B84630
:10AEE0005846E9E7ADF80260ADF80660B8F1000F2A
:10AEF00012D15846089A05990BF0DAF8BDF91810E6
:10AF000032465846089B06F083FE8DF864000128FF
:10AF100002D102208DF8640015A92A9807F0DEFB03
:10AF2000761C36B2BDF91E00B042DBDABDF84C002B
:10AF30000999ADF800000844BDF84E10099AADF823
:10AF40000210114400B2ADF8040009B2ADF80610C9
:10AF50000C9A00E05AE1904201DBAAF10100ADF841
:10AF60000400A14200DB21462A98ADF8061069468C
:10AF7000826806A8F7F7BEFCC0B34A461DA906A81A
:10AF8000F7F7E0FC90BBBDF81C00BDF91810BDF947
:10AF90001A20401A401C00B20890BDF902301098E7
:10AFA000D21A02FB0500BDF90020891A01EB000846
:10AFB00047B14A461DA906A8F7F734FD10B1012094
:10AFC0000F9000E00F970898CDF860B0002822DDC0
:10AFD000BDF81800ADF80000BDF81C00ADF8040085
:10AFE00002208DF86400BDF91A6010E013E000BF84
:10AFF000ADF802600F98ADF80660C8B3CDF8608078
:10B0000015A92A9807F06AFB761CA84436B2BDF948
:10B010001E00B042ECDABDF84C00ADF80000099912
:10B02000BDF85220084401B2501BADF80410401C7A
:10B03000ADF8062000B2119AADF80200904200DC93
:10B04000601CADF802000C98814201DBAAF10101FD
:10B050002A98ADF804106946826806A8F7F74AFCFA
:10B06000C8B34A461DA906A8F7F76CFCA8B15AE078
:10B07000FFE72A46414658460BF01AF8BDF918106A
:10B0800032465846089B06F0C3FD8DF8640001283F
:10B09000B6D102208DF86400B2E7BDF81C00BDF9FE
:10B0A0001810BDF90620401A401C0FFA80FABDF9AD
:10B0B0001E301098D21A02FB0500BDF90020891A33
:10B0C0000E184FB14A461DA906A8F7F7ABFC18B1F8
:10B0D0004FF0010801E026E0B846CDF860B0BAF1C3
:10B0E000000F20DDBDF81800ADF80000BDF81C0011
:10B0F000ADF8040002208DF86400BDF91E400EE09A
:10B10000ADF80240ADF80640B8F1000F2FD0189608
:10B1100015A92A9807F0E2FA641E2E4424B2BDF95C
:10B120001A00A042ECDDBDF84C0069462844ADF899
:10B130000000BDF85000401BADF80400BDF84E0003
:10B14000CDF860B02844ADF80200BDF85200401BB5
:10B15000ADF806002A98826806A8F7F7CBFBE8B39B
:10B160004A461DA906A8F7F7EDFBA0B141E02A4623
:10B17000314658460AF09CFFBDF918105346224646
:10B18000584606F045FD8DF864000128C0D1022024
:10B190008DF86400BCE7BDF91C10BDF918000A1A4F
:10B1A000521C15B2002D24DDADF80410ADF80000DE
:10B1B000BDF91A4019E000BFADF80240ADF80640F5
:10B1C000294658460BF080F8BDF918102B46224648
:10B1D000584606F01DFD8DF8640000E009E015A951
:10B1E0002A9807F07BFA641C24B2BDF91E00A04225
:10B1F000E2DA2FB920A806F02DFD269807F05EF8B8
:10B2000010980AF0D7FE58460AF0D4FE2DB0BDE8DB
:10B21000F08F00002DE9F74FD8B0589849909088EA
:10B22000B2F90030D4885188C01A401C611A00B2AB
:10B23000491C09B200EBD070401001EBD171B0EBAA
:10B24000610F00DB481028901844ADF80C005188BD
:10B2500028980844ADF80E0025A806F017FB4FF417
:10B26000C02425AA214658980DF052FB9DF89D0058
:10B2700040F010008DF89D000BA806F0CFFA0BAA45
:10B28000214658980DF0F5FA13A859990BF03AFF9A
:10B29000E94814900320159025A819904998209406
:10B2A00024300590F8F790FBBFE12494A08B2899F7
:10B2B000BDF80C20084406B2A189A088711A301A82
:10B2C0000FFA81FB111AADF82811BDF80E100244D7
:10B2D0000B1AADF82C210844ADF82A31ADF82E0137
:10B2E00047F6FF7501232A464AA943A806F03AFF0C
:10B2F000BDF80C200123A2EB0B00ADF83001BDF826
:10B300000E00A0EB0B01ADF83211ABF101010A44C4
:10B31000ADF834210844ADF836012A464CA932A8CC
:10B3200006F020FFBDF80C100023881BADF8380193
:10B33000BDF80E20901BADF83A01701E0144ADF827
:10B340003C111044ADF83E012A464EA92AA806F049
:10B3500009FF00212AA806F0B9FA4190608908B1D6
:10B36000401E01E04FF6FF708046002749E100BF14
:10B37000608908F101084FF0000A404502D1D0462B
:10B380004FF0010AA0690090628800213846521EE1
:10B3900063690AF085FD81462390BAF1000F04D05D
:10B3A000A06839903090E08903E0206839903090AF
:10B3B000E08800B252900290499830300890F8F737
:10B3C00003FB43E0287902283CD1A968494539DCD0
:10B3D000EA684A4536DB2B8A0298184400B202908C
:10B3E000688AAB8A984203D1688AADF8E40029E004
:10B3F000A87D4FF00003C0074FF0FF0000904846C3
:10B4000001D1D4E905120AF04BFDC0B2698A001DD2
:10B41000B5F814C0C308ADF8241088B240EA004162
:10B42000864A1FFA8CF040EA004011401040401A52
:10B43000584301EB5010104040EA1040ADF80000B6
:10B4400080B2399029460898F8F7BBFA0500B9D1BF
:10B45000E08B784301026088401E91FBF0F10812F6
:10B460003A90401CC9B209900091218C3A98084446
:10B4700000B211F059F80546218C0998084400B231
:10B4800011F052F80099C1F58072079212FB05F293
:10B4900010FB01200512218C3A98084400B211F0EB
:10B4A0003FF80890218C0998084400B211F038F850
:10B4B000DDE9072112FB01F2009910FB01200212C5
:10B4C000BDF8E400ADF894000298ADF89600409203
:10B4D00030444243BDF80C107F3201EBE231ADF84D
:10B4E000C4106843BDF80E107F3001EBE030ADF8BA
:10B4F000C60003A821971C900BA81890BAF1000F62
:10B500005BD0419806F0DAFEB4F910104098ABEB2E
:10B5100001014843BDF80C207F3002EBE030409041
:10B520004D43BDF80E007F3500EBE53A20220BA914
:10B5300038A80AF0BDFD38A818904B4640A210214B
:10B5400054A80FF0EBFC54A81E9013AA1A21589887
:10B5500008F024FABDF93E00002541F6FF718DE8A0
:10B560002300BDF9403053A80B9A1E9911F0A0F8A2
:10B57000BDF94C11409801EBD172A0EB6202BDF90C
:10B580004E01114400EBD07CAAEB6C03ADF81C20FB
:10B59000ADF820101844ADF81E30ADF8220000952B
:10B5A00007AA1E9B1899599805F09CFE00212AA80D
:10B5B00006F08CF9419032A808E0002018901E9007
:10B5C00013AA1A21589808F0E9F943A8002106F0B7
:10B5D0007DF9054603AB31AA25A9599806F049F92A
:10B5E000284606F06BFE13AA1621589808F0D6F9E3
:10B5F000BDF8C000ADF8940052987F1CADF89600DD
:10B60000FFB26088B8423FF6B3AE43A806F022FB13
:10B6100032A806F01FFB2AA806F01CFB419806F092
:10B620004DFE21460598F8F7CCF904007FF43DAEB5
:10B630005BB0BDE8F08F0000C85202081FF8E007B9
:10B64000256400002DE9FF5F0C46934680462021CB
:10B65000DDF838A00DF03DF8002878D0BAF1030FDE
:10B6600040461DD00CF04BF9814609F077FB0027CE
:10B6700005463E46BAF1030F3946404613D00CF05A
:10B680008AFE8246002140460CF097FD4946B9F1FA
:10B69000010F5DD0022963D0B9F1030F66D13BE001
:10B6A0000CF026F9E0E70CF0DCFD82460021404674
:10B6B0000CF01DFE4946B9F1010F1ED0022924D01D
:10B6C000B9F1030F52D1B8F81820B8F81410521A73
:10B6D000521C13B2A3EB0A02101A00EBD0720AEB51
:10B6E0006200084407B2298BA88A091A491C09B2CA
:10B6F00001EBD17100EB610027E0B8F81410B5F947
:10B70000146001EB0A0007B230E0B8F81810B5F980
:10B710001860081A07B229E0B8F81A20B8F816100D
:10B72000521A521C13B2A3EB0A02101A00EBD07289
:10B730000AEB6200084407B2688BE98A401A401C91
:10B7400000B200EBD07001EB600006B20EE02FE01B
:10B75000B8F81610B5F9166001EB0A0007B205E05B
:10B76000B8F81A10B5F91A60081A07B2A01E0399A2
:10B7700000B2002910DAB9F1000F15D0BE4221DC69
:10B7800012E0002C01DDA41C24B2E01704EB907041
:10B79000801004B0BDE8F09FBBF1000F12DAB9F1E0
:10B7A000000F01D0BE420DDB002CEADA0446E8E7C8
:10B7B0000398E04202D50398404204B2BBEB040078
:10B7C00000D55C462046E4E770B5044609F0B6FAB9
:10B7D00048B1006882680AB1217A9047207E8107CB
:10B7E00043D4C0077CD10126002160680BF008FF1C
:10B7F00000251AE0016899B1017ACA0910D08029A0
:10B8000004D0227A21F08001914209D14168E1609F
:10B81000016820468847207E810726D4C0075FD173
:10B820006D1C294660680BF0EBFE08B1002EE1D1DB
:10B83000214600200BF011FE050053D00021606866
:10B840000BF0DEFE002619E0016891B1017A0A06CC
:10B850000FD411B1227A91420BD14168E1600168A5
:10B8600020468847207E810701D5012070BDC00792
:10B8700036D1761C314660680BF0C2FE10B1012D46
:10B88000E2D02FE0012D2DD16068416851B3217EB7
:10B89000490727D4217A232919D0242917D0A903AD
:10B8A0000CF017FFF0B1207A11381C280FD2DFE816
:10B8B00000F019191919191919191919190E0E1950
:10B8C0000E0E191919190E0E0E0E19190E1960689F
:10B8D000406860602046FFF777FF0546012801D0E9
:10B8E000002070BD284670BD2DE9FF4F8A880B8867
:10B8F00089B0D21A521C17B2CA8849880446511A14
:10B90000DDE916B8491C19980FFA81F9012813D0FE
:10B91000022813D0032843D1434E00BF5FEA08003A
:10B920000ED0002006902088ADF8140098F8000092
:10B93000FD2838D35A4639E03C4EEFE73C4EEDE760
:10B940002088ADF80000ADF808005A4600990C9820
:10B95000B0470590002020E0002517E0BDF8080062
:10B9600034F8151088420BD004EB45005A46008885
:10B97000ADF81400ADF8080005990C98B047059093
:10B9800004EB4500BDF8141001806D1CBD42E5DBE1
:10B990000B9804EB400408F1010080464845DBDBCE
:10B9A0000DB0BDE8F08F00FB0BF0020A05990C9872
:10B9B000B0470890002033E0002528E018F8050083
:10B9C00020B30699884205D1BDF8141034F815202B
:10B9D000914216D0FD2801D35A4602E000FB0BF03D
:10B9E000020A04EB45000088ADF8180006990C988F
:10B9F000B047089018F80500069034F81500ADF827
:10BA0000140004EB4500BDF8201001806D1CBD4200
:10BA1000D4DB0B98189904EB400488440AF1010028
:10BA200082464845C8DBBBE7F7620008836200082E
:10BA30005D6300082DE9FF4F83B00F46DDE91086F6
:10BA40000446F8F711FAB8883988401A401C05B244
:10BA5000F8887988401A401C0FFA80F976B1BDF851
:10BA60001800B8F1FD0F00EB004000907DD3A5F168
:10BA700004084FF0000BBDF818A034E1B8F1FD0F39
:10BA80000FD3002608E02A462046069904F0EEFE71
:10BA90000598761C04EB40044E45F4DB07B0BDE886
:10BAA000F08FBDF80010002060F3040189B260F34C
:10BAB0004A1189B260F3CF21ADF8001088B200902E
:10BAC000BDF80000009001464246069804F0AEFF23
:10BAD00001900699404689B2CA0A424362F30F06B2
:10BAE000C1F3451201F01F0101FB08F102FB08F24E
:10BAF00061F30F0762F31F46BA46C8F1FF01002247
:10BB000050E0002048E000BFBDF8003034F810706D
:10BB1000BB423BD004EB4003B7B21B88ADF800300A
:10BB2000ADF808309BB24FEAD32C0CFB017780377D
:10BB300007EBC71C0CEBC737BDF80480C7F3C4572D
:10BB400067F3CF28C3F3451C370C0CFB0177803714
:10BB500007EBC71C0CEBC737C7F3C55767F34A1889
:10BB60001FFA8AF703F01F0300E0C3E003FB017331
:10BB7000803303EBC31707EBC333C3F3C45363F33F
:10BB80000408ADF804801FFA88F3019304EB400326
:10BB9000BDF804701F80401CA842B5DB0598521CFC
:10BBA00004EB40044A45ACDB78E7002710E032782C
:10BBB000FF2A12D02088ADF804000199069804F0FD
:10BBC00035FF0190BDF804002080A41C761C7F1C6A
:10BBD000AF425DDAB007EAD15AE0A4F800A0F4E77A
:10BBE0003068411C43D0E8B33278FF2A53D0208814
:10BBF000ADF804000199069804F018FF0190BDF813
:10BC00000400208016F8012FA41CFF2A46D02088AB
:10BC1000ADF804000199069804F008FF0190BDF802
:10BC20000400208016F8012FA41CFF2A39D0208898
:10BC3000ADF804000199069804F0F8FE0190BDF8F3
:10BC40000400208016F8012FA41CFF2A2CD0208885
:10BC5000ADF804000199069804F0E8FE0190BDF8E3
:10BC6000040000E011E02080A41C761C0FE0A00777
:10BC700007D0A4F800A0022000990151A4F806A062
:10BC800003E000982060009860600834361D3F1D76
:10BC90004745A5DD1CE0A4F800A0B3E7A4F800A088
:10BCA000C0E7A4F800A0CDE7A4F800A0DCE7327854
:10BCB000FF2A1CD02088ADF804000199069804F0F2
:10BCC000B5FE0190BDF804002080A41C761C7F1CEA
:10BCD000AF42ECDB05980BF1010B401B04EB400479
:10BCE0001298401B0644CB45FFF65FAFD6E6A4F89A
:10BCF00000A0EAE700222188ADF800109346104624
:10BD000033E0002727E0307818B3904205D0FF28B1
:10BD10002FD000FB08F31B0A9B46904203D134F856
:10BD20001700814210D0BBF1FF0F24D004EB470075
:10BD30005A460088ADF800000099069804F076FE97
:10BD40000090327834F8171004EB4700BDF800304B
:10BD50000380761C7F1CAF42D5DB059804EB4004C2
:10BD60001298401B06440AF1010082464845C8DB90
:10BD700094E64346D0E70698E2E700002DE9FF4F3E
:10BD800083B00C46DDF84480F8F76EF8BDF818A0D3
:10BD90008146B8F1000F0CD0A0882188401A401CC1
:10BDA00007B2E0886188401A401C0FFA80FB002629
:10BDB00041E0B4F9026017E0B4F900500FFA86F8D8
:10BDC0000DE010980290ADF804A0CDF80080D9F8ED
:10BDD00000002BB2059AC7690399B8476D1CB4F9E6
:10BDE0000400A842EDDA761CB4F90600B042E3DAAA
:10BDF00007B0BDE8F08F002518E000BF18F8050077
:10BE000098B11099ADF804A04843000A02906088E8
:10BE10000399304400B200902088059A284403B268
:10BE2000D9F80000D0F81CC0E0476D1CBD42E5DB2E
:10BE30001298761C80445E45DDDBD9E7006809680E
:10BE4000884201D1012070470020704740680A688D
:10BE500020F04040904200D20860002070472DE959
:10BE6000F04F002787B00446BA4608F067FF006825
:10BE70000025B4F9141090F81890266AA8460029F5
:10BE800000DC4942B4F91600002800DC404281423F
:10BE900001DD0125ADE04FF00108AAE01021304698
:10BEA0000CF017FC00287ED0CDE90058AB46CDF849
:10BEB000088030460BF056FCC10700D18B46810745
:10BEC00001D400210091410701D400210291000713
:10BED00001D40020019030460BF018FD059030464B
:10BEE0000BF0EEFB049030460BF044FC0390304620
:10BEF0000BF0A0FC0599002902DC0499002910DD53
:10BF0000029919B1B4F916204A4507DA019941B1ED
:10BF1000B4F91620C9F100018A4202DC37464FF01D
:10BF20000C0A0399002901DC002811DDBBF1000F88
:10BF300003D0B4F914204A4507DA009941B1B4F9A5
:10BF40001420C9F100018A4202DC37464FF0030A8F
:10BF50000599002901DC002102910499002901DCE6
:10BF6000002101910399002901DC4FF0000B00280A
:10BF700001DC00200090BBF1000F03D0B4F91410D5
:10BF8000494517DA009828B1B4F91410C9F1000036
:10BF900081420FDD029818B1B4F91610494509DA4B
:10BFA000019800B100E010E0B4F91610C9F10000EA
:10BFB00081420ADC0DB1032000E00C2094F83C1013
:10BFC00060F3030184F83C1016E04FF480713046B2
:10BFD0000CF07FFB35EA00000ED14FF400713046C3
:10BFE0000CF077FB38EA000006D130460BF05CFB22
:10BFF0000646002E7FF452AF4FB194F83C1000205B
:10C000006AF3030184F83C10A762A082E08207B0C3
:10C010003846BDE8F08F00002DE9FF4F83B08B4616
:10C0200082460BF065FC060012D041F6FF784446CC
:10C03000002150460CF015F90090002150460CF0FC
:10C0400056F9019050460BF030FA074600255FE0A4
:10C05000002007B0BDE8F08FDAF808003149006829
:10C0600050F8250081460CF03BFBE8BB4FF48051B3
:10C0700048460CF02EFBB8B3012E04D0022E08D097
:10C08000032E44D11AE0B9F91400BAF8142000992B
:10C0900032E0BAF818200199B9F91800511A069A35
:10C0A00009B2104400B2584531DB059A90422EDCAB
:10C0B000401A00B2002821DD014620E0B9F818201E
:10C0C000B9F81410BAF81830501A401C00B200EB3E
:10C0D000D070BAF8142001EB6000991A491C0BB219
:10C0E000009900B25B1A00E011E00199591A01EBC6
:10C0F000D173009901EB63011144D0E74142002C58
:10C1000001DD224600E06242914200DA04466D1CE5
:10C11000BD42A1D3444501D1002000E0604200B2FD
:10C1200097E70000010004002DE9FF4F83B08B4624
:10C1300082460BF0E4FB060012D041F6FF7844463D
:10C14000002150460CF027F90090002150460CF0D9
:10C1500034F8019050460BF0A8F9074600255FE03F
:10C16000002007B0BDE8F08FDAF808003149006818
:10C1700050F8250081460CF0B3FAE8BB4FF480512B
:10C1800048460CF0A6FAB8B3012E04D0022E08D00F
:10C19000032E44D11AE0B9F91600BAF81620009916
:10C1A00032E0BAF81A200199B9F91A00511A069A20
:10C1B00009B2104400B2584531DB059A90422EDC9A
:10C1C000401A00B2002821DD014620E0B9F81A200B
:10C1D000B9F81610BAF81A30501A401C00B200EB29
:10C1E000D070BAF8162001EB6000991A491C0BB206
:10C1F000009900B25B1A00E011E00199591A01EBB5
:10C20000D173009901EB63011144D0E74142002C46
:10C2100001DD224600E06242914200DA04466D1CD4
:10C22000BD42A1D3444501D1002000E0604200B2EC
:10C2300097E70000010004002DE9FF4F83B00E4690
:10C24000DDE910B41746002103980CF0F2F9054619
:10C25000002103980BF05DFF0146F07882070BD5B3
:10C26000C30742F2D17202D0954202D006E0914259
:10C2700006D120F00200F070C00701D07D4800E038
:10C280007D488146F078C00712D07B484FF0000A05
:10C29000A4F802A0A4F804A0C4F810A0A4F800A078
:10C2A000C4F808A0C4F80CA0804639460197ADE058
:10C2B0007048EBE70198B84206D04FF400012846D9
:10C2C0000CF007FA002873D16C4928460CF008FAE4
:10C2D00000286ED1002128460BF00AFF029070B3AF
:10C2E0002069401C2061A28802EB0B01A180217D06
:10C2F000C90771D000EB8000800009F00FFE0090AC
:10C30000F0B1E16851B12069401E00EB800082006D
:10C31000009809F0CDFEE06809F04CFE206900EBC2
:10C320008001009800EB81004FF0000140F8145CA0
:10C33000F078C007284604D041F2020203E039E059
:10C34000FEE741F205020CF073F8216900B201EB3F
:10C350008102009901EB820121F8100CF0784FF076
:10C360000001C007284602D041F2030201E041F279
:10C3700006020CF05DF8216900B201EB8102009920
:10C3800001EB820121F80E0C2069029900EB80027A
:10C39000009800EB820040F8081C206900EB800246
:10C3A000009800EB820040F804AC0098E06013E0D5
:10C3B00032E020E02846494688470146F078800769
:10C3C00005D5B4F9040042180698824224DCA288FC
:10C3D00001EB0B001044A0802846414688470146E7
:10C3E000B4F90000814202DD28464146884720809A
:10C3F000A068401CA060F078400702D54FF0FF30E5
:10C4000000E0012001994118019105D403980BF037
:10C410003AF8051E7FF44EAFB4F90400002802DD9F
:10C42000A0EB0B00A080206908B1069801E0B4F9E8
:10C4300004006080CDB10198B84216D1039901AAD9
:10C440008968096851F82050F078C0F3800103989A
:10C4500000F0CEFD4DB12846414688472080284651
:10C460004946884760800120A060019807B0BDE878
:10C47000F08F000079860108277601080100060088
:10C480002DE9F04FB24D93B0044600212A880BF0FD
:10C49000CFFF9DF81710421C62F30001820862F37F
:10C4A0004101C00860F382018DF817102046002179
:10C4B0006A880BF0BDFF8DF8140020460021AA8881
:10C4C0000BF0B6FF8DF8150020460021EA880BF02E
:10C4D000AFFF8DF81600002120460BF0A9FD0128C2
:10C4E00000D0002081469DF817004FF00001C007E2
:10C4F00020460CD00BF03AFF82469DF817004FF013
:10C500000001C007204605D00BF096FE04E00BF0BA
:10C5100093FEF1E70BF02AFF07909DF81700C00784
:10C52000204602D00BF02DF801E00BF010F8069039
:10C530002046002141F232020BF07AFF05462046E8
:10C54000002141F610020BF073FFE18A28444618DF
:10C5500020460BF0E9F9301AADF820002046002102
:10C5600041F612020BF064FFA18A284445182046C8
:10C570000BF0D3F9281AADF840009DF817009DF88C
:10C580001660C00701D008AD00E010AD00212046C4
:10C590000CF04FF81190002120460BF0BAFD8346B5
:10C5A0009DF81700C10708D0ABF51C52D13A02D153
:10C5B000618C890509D5C10708D1119AA2F51C51D2
:10C5C000D13903D1618C490500D40026B9F1000F9F
:10C5D00008D0C00706D116B1012E02D002E0012614
:10C5E00000E000260027ADF83C70B8468EB39DF8F9
:10C5F0001700400703D5A0684268521E15E00022CC
:10C6000013E000200E9009A90798CDE9000105A9C3
:10C610002046069BFFF710FE0246BDF8241007EBEC
:10C620000A00084407B208F10108A0684068904277
:10C6300001DD002AE5DAB8F1000F02D0A7EB0A000D
:10C6400007B29DF81700C007204603D00AF07FFF0D
:10C6500002E00BE00AF095FF0FA9CDE90051014679
:10C660000FFA88F33A46304610F0BAFE9DF81700EC
:10C67000410703D5A1684E68761E00E00026B9F197
:10C68000000F04D0C00702D128883844288009AFA1
:10C69000A0684068B04249DD002E47DB01200E90C3
:10C6A0000798CDE90007324605A92046069BFFF70B
:10C6B000C3FD8046B9F1000F08D09DF81700C007F0
:10C6C00004D12888BDF82410401A2880DDE906012D
:10C6D000BDF9202002AB019283E88300BDF9400040
:10C6E00000904346324605A92046F9F775FA4646BA
:10C6F0000C9809F05FFC00200C90B9F1000F03D0FA
:10C700009DF81700C0070AD02888BDF82410BDF88E
:10C710003C20014402EB0A0008442880B8E7BDF839
:10C720003C20298802EB0A00081AF6E7119942F228
:10C73000D170814201D0834502D120460CF071FDB9
:10C7400000222B21204607F029F913B0BDE8F08F15
:10C750000C0100202DE9F05F0546007E92468B46D5
:10C76000C0076BD14FF00108EC680026C1467CB9C8
:10C77000287EC0F3C000401E30425FD1B9F1000FE7
:10C780005CD02846594688474FF000080446C14609
:10C790000EB9261E52D0B8F1000F06D02146284609
:10C7A000524690470446B04248D04FF00108002C52
:10C7B000DED020680BF00CFC0006D8D427683AE0E5
:10C7C000012138460BF085FF80B32FB10121384697
:10C7D0000BF07FFF0028CAD1E868A0422ED070B1CC
:10C7E000284600F04FFA0246E8680F21006807F07B
:10C7F000D5F8012822D1E86800680CF038FA2846FC
:10C80000EC6000F03FFA0246E8680E21006807F08D
:10C81000C5F8012812D1E86800680CF028FA2969E7
:10C8200000290BD02846BDE8F05F0847FFE73846EF
:10C830000AF03AFF0746002FC2D1CDE7BDE8F09FCE
:10C84000044AC1B251601168C1F3C0110029FAD085
:10C8500070470000001001402DE9F34F8FB00546EE
:10C8600069460AF0A8FE28460BF006FF0B90284602
:10C870000AF0D9FE0A90002128460BF015FD07901A
:10C88000002128460BF056FD0746002128460BF0F4
:10C89000A5FD0446002128460BF0B2FC834600218A
:10C8A00028460BF071FD0646002128460BF0D2FC0D
:10C8B00006F0010106EBD67201EB620100F0010205
:10C8C00000EBD07002EB6000491C401C09B200B2C2
:10C8D0000D2900DB0D218A460D2800DB0D20814645
:10C8E0000D2F00DB0D27B8460D2C00DB0D2426464E
:10C8F0005846BBF10D0F01DA074600E00D27002472
:10C900006BE0A86A00EBC40108A802F094FFBDF92F
:10C9100020000799884213DCBDF900200D2900DBB7
:10C920000D21511A00EB0100ADF82000BDF92200E5
:10C93000B04233DCBDF902100D2E07DA324606E0B4
:10C94000BDF80020A2EB09010844EDE70D22891A89
:10C9500000EB01000B99ADF82200BDF92400A1EB1A
:10C960000801891E424688421EDBBDF90010B8F15D
:10C970000D0F0144104600DB0D2008440A99ADF864
:10C980002400BDF92600C91B891E88421DDBBDF9A4
:10C9900002100D2F08440DDA39460CE0BDF80220D4
:10C9A000A2EB0A010844D5E7BDF80010014401EBF1
:10C9B0000900E3E70D210844ADF82600002208A88D
:10C9C0001099F6F77FF858B905E0BDF80210014458
:10C9D00001EB0A00F0E7641CA4B2288EA04290D8B4
:10C9E000288EA04201D14FF6FF7411B02046BDE859
:10C9F000F08F10F0070000D101207047B0F90C0053
:10CA0000032101EB400020F00300103070472DE9B6
:10CA1000F05F89469346824600210BF037FC0546BD
:10CA2000002150460BF078FC8046002150460BF068
:10CA3000C7FC0446002150460BF0D4FB0646504686
:10CA40000BF01AFE411BA1EB080750460AF0EBFD64
:10CA5000001B801B8742504605DA0BF00DFE411B80
:10CA6000A1EB080003E00AF0DEFD001B801B00EBD9
:10CA7000D07040F34F00BAF8141042191144A9F8CD
:10CA80000010BAF8161002191144A9F80210BBF1EF
:10CA9000000F01D0ABF80000BDE8F09F024A002172
:10CAA00012880BF0C5BC00001C010020034A10B521
:10CAB000002112890BF0BCFCC0B210BD1C0100208B
:10CAC000034A10B5002152890BF0B2FCC0B210BD70
:10CAD0001C010020032901D2012300E00023C01A19
:10CAE00003EB430301EB8301891EC1EB41110C23CE
:10CAF000B1FBF3F111446422B0FBF2F2014401EB0B
:10CB00009001891A4FF4C872B0FBF2F00844072173
:10CB1000B0FBF1F201FB1200C0B270472DE9FC47F7
:10CB20000F0023D00569686928B10168B94202D1B4
:10CB30004068BDE8FC87698A00224FF0040CC1F30D
:10CB400008040CE0AE6802EB820356F823100CEBED
:10CB50008303F35A791A8B420AD2521C92B294423E
:10CB6000F0D818B107606969002048600020E0E74C
:10CB700002EB82041222A86802EB84020026825C87
:10CB80004FF00609022A0CD04FF00C0A6AB1DFF808
:10CB9000A8C008234FF01008032A0FD0012A26D07E
:10CBA00043E009EB8402805A06E00AEB840209EBB9
:10CBB00084038258C05A515C461836E0ADF8041020
:10CBC00008EB8401CDF800C003EB8408425A50F80A
:10CBD0000810022301A8F7F779FA30B3A96851F8D1
:10CBE0000820801A09EB84024010895A1CE0ADF835
:10CBF000041008EB8401CDF800C003EB8408425A0E
:10CC000050F80810022301A8F7F760FA68B1A96884
:10CC100009EB840351F80820801A0AEB84024010C3
:10CC20008A58C95A32F810000E18686910B10760A6
:10CC30006869466030467CE7850302082DE9F041CB
:10CC40000D46044600F0FDF8071E19D0F88A0021B1
:10CC50002D1A38460BF085FC0689002138460BF06A
:10CC6000A2FC00EBD07105EB6101304409B200B2C7
:10CC700091FBF0F0A18E80B2814201D8491E88B2AA
:10CC8000BDE8F0812DE9F0410026074635463046E3
:10CC900010E000BF08F093F8216DB94209D10228D5
:10CCA00002D0042803D003E02046BDE8F0812646E8
:10CCB0002546204608F048F80400EBD10EB1304676
:10CCC000F3E70DB12846F0E7BDE8F041002008F099
:10CCD0003BB800007CB50369006900255B8AC46825
:10CCE0009E04A3682BD4980F17D00120B0EB937F3C
:10CCF00031D101EB02402668019018480090A068ED
:10CD0000042320F04042314601A8F7F7DFF910B3C1
:10CD1000801B801061680D561DE001EB0220266823
:10CD2000ADF804000E4823F0404200900223314643
:10CD300001A8F7F7CBF970B1801B4010EAE76068F3
:10CD4000405C995C38B131B1637B2268401E10FBB6
:10CD50000320491E455628467CBD0000A7E8000870
:10CD6000BBE800082DE9FC5F88461F461446824652
:10CD700005464FF400310BF046F900EBD070461039
:10CD8000A01B0FFA80F9A88EAC8C10F0060F06D00D
:10CD9000C0F34100022804D0012845D004E0288DCA
:10CDA00000E0E88C204484B204F15A0000B20FF095
:10CDB000BBFB10FB09F0C51320B20FF0B5FB10FB55
:10CDC00009F0C4134FF44039494650460BF05EFA5F
:10CDD0008346494650460BF09FFA0190494650461B
:10CDE0000BF0EEFA0090494650460BF0FBF9B8F80C
:10CDF000001030444A19A2EB0B01891B3980B8F8A6
:10CE000000104A19019931441144B980B8F8021050
:10CE10000A190099511A891B7980B8F80210214427
:10CE20000844F880BDE8FC9FB5F93000B5F9321030
:10CE3000084400EBD070B5F92E1040108142B0DBF1
:10CE4000ADE7406A002802D000210AF01CBB704701
:10CE500000210AF018BB00002DE9F04105460F46FD
:10CE6000698C00200426C1F3C503EA680FE000BF07
:10CE700006EBC00414595FEAC41C07D524F07F44B4
:10CE8000BC4203D152F83000BDE8F081401C83421F
:10CE9000EED84FF0806000EB71204FEAF0506884CC
:10CEA000C0F3C500C100104609F0DAF8E860C0B36D
:10CEB000688CC0F3C504641E16D06FF003025300E3
:10CEC000E86802EBC40141585FEAC11C0CD4890137
:10CED0000AD403EBC40C00EBC4018444641EDCE9F7
:10CEE000000CC1E9000CEBD1E868082100EBC4009C
:10CEF00009F0BCF9082008F0E5FFE96841F83400C2
:10CF00000EF08BF8EA6806EBC400115841F080710E
:10CF10001150EA6867F317011150E86850F83400BF
:10CF2000B2E7FFE7FEE700002DE9FC410068C068BA
:10CF3000C068B0FBF1F4944200DD1446154F7868E8
:10CF40000068806920B30020ADF80000ADF804004F
:10CF5000ADF8020025B2681E06B2ADF8066078682A
:10CF60006946006882699047BDF80600BDF8021066
:10CF7000401A401C00B2A04202DD351EEBDC01E08D
:10CF8000002D02DC0020BDE8FC81BDF90640641CD8
:10CF90002046F8E7F0000020491E01D5401E0C3164
:10CFA0000C2901DB401C0C3901290DD0072091FB15
:10CFB000F0F200FB121000EBD07121F00101401AD9
:10CFC000C0F11F00C0B2704781070CD16421B0FBD3
:10CFD000F1F201FB120149B94FF4C871B0FBF1F253
:10CFE00001FB120010B100201C30EBE70120FBE731
:10CFF000136821B15B1E13600BD4806805E05B1CD5
:10D000001360806841688B4203DA006850F823009F
:10D010007047002070472DE9F84315460E46044638
:10D0200007F08CFE07F0CBFE01280AD0032808D0B9
:10D030004FF6FF7005B1288006B130800020BDE8B2
:10D04000F88307F07BFE694607F08EFE4FF000087C
:10D0500075B320460AF061FCBDF80010084407B221
:10D06000002120460AF0F9FF01280CD0A08A0021F7
:10D070003F1A20460BF02DF9381A02B24046A5F8A7
:10D080000080002110E0002120460BF068F9218B80
:10D09000081AC01BF1E7236B33F81030194409B2AA
:10D0A0008A4205DB401C2880A38C80B29842F2D3D0
:10D0B000FEB120460AF038FCBDF802100844E18AAF
:10D0C000451A002120460BF0A5F9281A02B2404665
:10D0D000A6F80080002108E0E36A33F81030194414
:10D0E00009B28A4205DB401C3080E38C80B2984252
:10D0F000F2D30120A3E72DE9FF4F83B005461F4679
:10D100000598F6F7B8FE01218140B5F8208001F0BE
:10D11000FF096FEA080080B2019095F822004FF0F5
:10D12000FF36C0F3800B00244FF0040A22E0E968C8
:10D1300001EBC4004268920149D5BBF1000F18D140
:10D140000AEBC4028958049AC1F3074109049142C9
:10D150000FD10068817911EA090F0AD06A46059952
:10D160000DF02AFF28B100983860012007B0BDE813
:10D17000F08F641C688CC0F3C500A042D7D826E0AD
:10D18000E8680AEBC40200EBC4018058C0F3074210
:10D190001FFA80FB04981204824217D10868817933
:10D1A00011EA090F12D0019A1BEA020F0ED1B34502
:10D1B0000CDD6A4605990DF0FFFE38B15846C345AF
:10D1C000D1D05E4502DA064600983860641C688C4F
:10D1D000C0F3C500A042D3D8002EC4DA0020C5E7B2
:10D1E0002DE9F047814642F30006C0F15A001D4682
:10D1F0000F46540800B2761C0FF096F9A7EB04080E
:10D2000000FB08F0C71148460FF08EF900FB08F04C
:10D21000C011002F06DD7F3F39120A1B32442A80DD
:10D22000214405E07F3739120A1B21442A80891BDB
:10D23000A980002806DD7F380012011B3144698077
:10D24000204405E07F300012011B20446980801BD0
:10D25000E880BDE8F0870000024A002192880BF0C8
:10D26000E7B800001C0100202DE9FF4F0746808C25
:10D2700085B0484384B20798A14600250289DDE9BC
:10D2800015100844049010440FFA80FA57E0BB6A66
:10D2900053F8241079B3D7F830C00026401E3CF96B
:10D2A00015B013E0A21953F8222092B11278D207D8
:10D2B0000FD0AA194FF0020808EB42023CF8028096
:10D2C000761C08EB0B020FFA82FBB6B2721982428F
:10D2D000E8DB002001B1087880070DD50798159983
:10D2E000B0F908000144169808445146504500DC46
:10D2F00008460FFA80FA1EE0DDE913020244ABEBA8
:10D30000020000B2129ACDE9002000230293DDE969
:10D31000072303A8491C0FF0CBF9BDF90E100498A0
:10D3200008445146504500DC08460FFA80FAA0191F
:10D3300084B2A81985B2641C6D1CA4B2ADB2B88CBD
:10D3400000EB0901A142A2D809B05046BDE8F08F18
:10D35000034A10B50021D2890BF06AF8C0B210BDA3
:10D360001C010020034A10B50021128A0BF060F85E
:10D37000C0B210BD1C0100202DE9FC410C46064640
:10D3800000210BF0F6F805464FF4802130460BF0F3
:10D39000F0F8B5F90870B0F90850002130460BF0EC
:10D3A00010F9E91901EBD17100EB610005B23046CB
:10D3B0000AF039F9F18A00EBD07001EB600005EB5F
:10D3C000D571A0EB610060802844E080694630465A
:10D3D0000AF0F1F8BDF800002080BDF80400A0803C
:10D3E000BDE8FC812DE9FF410646FFF731FD040051
:10D3F00021D04FF48027394630460BF0BAF8054665
:10D40000304641F25A4239460BF012F806B2204635
:10D4100008F0D8F80146002041F6FF72CDE900027D
:10D42000029033462A4603A80FF042F9BDF90C00DA
:10D4300004B0BDE8F0810020FAE700002DE9F041DA
:10D4400004460D46668C00200423C6F3C501E2683D
:10D450000BE000BF03EBC007D7595FEA871C03D579
:10D4600027F07F47AF4202D0401C8142F2D8814270
:10D4700003D002EBC000BDE8F0814FF0806000EB0C
:10D4800076204FEAF0506084C0F3C500C10010461A
:10D4900008F0E6FDE060608CC0F3C500401E0DD0D2
:10D4A0006FF00702E16802EBC00601EBC0030E4417
:10D4B000401ED6E90016C3E90016F3D10821E06842
:10D4C00008F0D4FE082008F0FDFCE16808600DF0CB
:10D4D000A4FDE168486840F000704860E16865F3C9
:10D4E00017004860E068C6E738B50C480D4614469A
:10D4F00090F820004FF00201C0074FF0120002D058
:10D500000CF052FD01E00CF067FD2246294603F0C5
:10D51000C1FA0090BDF8000038BD00001CB6002024
:10D520002DE9F0474FF0000CDDE90964089DDDF8B6
:10D530002CA0E1466F1E09BB052A03D0062A01D0A4
:10D54000042A02D10023012D01D0002109E001228B
:10D550005FF000019C4436F81180491CC4440FFA66
:10D560008CFCA942F6D3ACEB030109B2072A2AD2FC
:10D57000DFE802F004070B2921160D00A4F8009043
:10D5800021E0411A01EBD17112E0411A11E0411A78
:10D5900009B23AB291FBF2F1A4F800900BB212E09A
:10D5A000411A09B22AB291FBF2F10BB203EBD3712B
:10D5B0004910218007E0411A0AB2691C09B292FBA6
:10D5C000F1F10BB2238000210BE000BF34F81120F1
:10D5D00036F811C0624404EB410C1A44ACF8022046
:10D5E000491CB942F2D304EB450106EB450231F880
:10D5F000021C32F8022C11442288891A0AB2BAF1AC
:10D60000000F0CD0002108E034F8113036F811700A
:10D61000C31ADB1B24F81130491CA942F4D310466D
:10D62000BDE8F08770B58AB00446FFF737FA0546C3
:10D630002046FFF711FE002D5FD000285DD069461F
:10D640002046F7F771FF0C2107A808F00FFE2046CF
:10D65000002141F232020AF0EBFE0546204600218D
:10D6600041F612020AF0E4FE46192046002141F676
:10D6700010020AF0DDFE054420460AF04EF9A18AA8
:10D680003144081AADF8240020460AF04DF9E18A29
:10D690002944081AADF82600002507E0006807AA0B
:10D6A000694650F8250000F077FF6D1CA0684168BE
:10D6B000A942F3D8009808F07DFC019808F07AFCA4
:10D6C000029808F077FC039808F074FC00212046CB
:10D6D0000AF0B6FF0546002120460AF021FD42F27D
:10D6E000D1718D4201D0884202D120460BF099FDC4
:10D6F00000222B21204606F051F90AB070BD00210E
:10D70000A0F13002092A01D8D1B216E0612801D374
:10D710002038C0B2413806280FD2DFE800F00305F8
:10D7200007090B0D0A2108E00B2106E00C2104E09B
:10D730000D2102E00E2100E00F21084670472DE97F
:10D74000F0470446406A4FF4404102F0EEFA94F983
:10D750002E10A08D0122FFF7BDF90546206B18B3EE
:10D7600000264FF002084FF00309AF1D4FF4004AA6
:10D7700017E0206BA28D30F8261091420FD108EBF4
:10D780008601415694F92E20914208D109EB860179
:10D7900040565246384481B2606A02F090FD761CD1
:10D7A000B6B2A08EB042E4D8A08D218D884211D1AE
:10D7B00094F92E1094F92A0081420BD194F92B0090
:10D7C000AD1D284481B2606ABDE8F0474FF4804245
:10D7D00002F075BDBDE8F0872DE9F0410446406DCB
:10D7E0000D4600282BD0A968022230F9217002EBE7
:10D7F0008101465EA87B01280AD1B4F90C00B84229
:10D8000003D1B4F90E00B04202D0201D00F088FC14
:10D81000201D00F0E9FC002811D127816681A87B3A
:10D82000012804F104000CD000F07AFC201D00F067
:10D83000DBFC002803D12089A0816089E081BDE85C
:10D84000F08100F07DFBF1E770B5254C0546042121
:10D8500060680AF03EFF002828D0E96A60688142CB
:10D8600024D009F0DBFE0646E86A08B109F0D6FECE
:10D8700086421CD11EB1606806F05AFC0FE0E86ACF
:10D8800040B10F21A26806F089F8284600F0ACFCF0
:10D8900000280BD1D4E901020E2106F07FF82846BA
:10D8A00000F0A2FC002801D16068E86270BD78B188
:10D8B000EB6A53B1A26888B11021184606F06EF8E1
:10D8C000284600F091FC0028F0D1002EE2D0D2E7EB
:10D8D000E86A0028F9D00F21A268EFE70F21ECE7F2
:10D8E000D00000202DE9F0470D460446897B4079A1
:10D8F0004FF0000801292AD0010708D520F00801BF
:10D9000021F00101C4F84480617184F80880277A0D
:10D91000A87B20726868E060D4F850905FEA090044
:10D920007ED006F061FCB34E0028706078D0A87BF2
:10D9300008B1A5F80C80484606F056FC7060002837
:10D940006ED0A97B012905D000296AD00AE1000721
:10D9500066D4DCE717B1012F30D003E10EF0C6FB2F
:10D96000606469680A2909D014291AD013291BD0C8
:10D970001B291DD0484606F0A1FCF3E070680BF0AF
:10D98000BCF920B9102170680AF0A3FE08B1012784
:10D9900000E00027484606F021FC8743D6D101214C
:10D9A00063E0A889401E01E0A889401CA881D9E055
:10D9B0001B21484606F082FC202156E06079C00712
:10D9C0003DD1606C0EF08CFB2168898B88426079B8
:10D9D00033D940F0010060710EF088FBA0646868E4
:10D9E0000A2819D170680BF088F920B910217068E5
:10D9F0000AF06FFEB0B1484606F0FDFB01280BD9D6
:10DA0000484606F0EBFB80F00101484606F061FC59
:10DA10002021706809F04AF9607940F00100A0E027
:10DA200087E02CE0D6E90102052105F0B7FF201DB3
:10DA300000F0DAFB00287CD1EEE7C0071ED0A06C16
:10DA40000EF04EFB2168C98B884217D90EF04EFBB1
:10DA5000A06469680A2907D01429A2D01329A3D089
:10DA6000484606F02BFC04E00621D6E9010205F049
:10DA700095FF201D00F0B8FB00285AD172E0012F5D
:10DA800070D169680A2967D10BF037F920B91021E4
:10DA900070680AF01EFE80B3484606F09FFB00281F
:10DAA00060794FEAC07052D020B1484606F0A3FB1F
:10DAB000012847D8D6E90102082105F06FFF201D93
:10DAC00000F092FB00286AD1D6E90102042105F09A
:10DAD00065FF201D00F088FB002860D1D6E9010217
:10DAE000072105F05BFF201D00F07EFB002856D1CA
:10DAF0000A21484606F0E2FB2EE0FFE7D6E90102E4
:10DB0000082105F04BFF201D00F06EFB002846D1D8
:10DB10006079C00704D1D6E90102042105F03EFF77
:10DB2000201D00F061FB002839D1D6E90102072150
:10DB300000E034E005F032FF201D00F055FB002826
:10DB40002DD109E02021706809F0B0F804E018B97F
:10DB50000121484606F0BDFBC4F84480607920F0FE
:10DB600001006071C6F80480A889002817D04846D3
:10DB700006F034FB0028B5F90C001FD0002810DA9D
:10DB80004FF0000406E000BF4FF01401484606F0D5
:10DB900095FB641CB5F90C004042A042F4DCBDE8E2
:10DBA000F087FCDD002404E01321484606F086FBE4
:10DBB000641CB5F90C00A042F6DCF0E700280CDA92
:10DBC0004FF0000403E0484606F0FAFA641CB5F989
:10DBD0000C004042A042F6DCE1E7E0DD002403E077
:10DBE000484606F09DFA641CB5F90C00A042F7DC2B
:10DBF000D5E70000D000002070B50446806A0028F8
:10DC000070D194F83D00C0076CD14FF40046256AEE
:10DC100003E0284609F048FD0546002D62D0314654
:10DC200028460AF056FD0028F3D1B4F91000002868
:10DC300001DD014600E041422B4A926813689B7E59
:10DC4000994209DAB4F91210002900DC49429942DC
:10DC500002DA002121876187218F084400B22087E2
:10DC6000618F638A0028194409B2618701DD034688
:10DC700000E043421668F67EB34206DC002901DD6F
:10DC80000B4600E04B42B3422CDD012384F83D30CB
:10DC9000002801DD034600E04342002901DD0E4675
:10DCA00000E04E42B34209DD002894F83C0020F029
:10DCB000F00001DD20300AE0103008E094F83C006C
:10DCC000002920F0F00001DD803000E0403084F8D1
:10DCD0003C000C21284605F061FE2046BDE870405E
:10DCE00000F082BA70BD0000D00000202DE9F041A4
:10DCF0000E460446897B4079002701291DD0010783
:10DD000004D520F00900676460712772D4F8508050
:10DD10005FEA08007ED006F067FA5B4D0028686075
:10DD200078D0E2687168E160217AB37B2372B37BBB
:10DD3000012B05D0002B7AD0A3E000076AD4E5E7D9
:10DD400011B1012930D09CE00EF0D0F96064716807
:10DD50000A2909D01B290DD0092915D00B291BD060
:10DD6000404606F0ABFA8CE00A21404606F0A6FADF
:10DD7000012104E01B21404606F0A0FA2021D5E94C
:10DD8000010205F00BFE4AE00021404606F0A1FA30
:10DD9000404606F0C5F942E00021404606F099FAF7
:10DDA000404606F00DFA3AE071680A2908D10221CE
:10DDB000AA6805F0F3FD201D00F016FA002861D1D5
:10DDC0006079C00714D1606C0EF08AF92168898BE4
:10DDD000884260790AD940F00100607170680A28B1
:10DDE0004FD10EF083F90521A064C8E7C00748D0E1
:10DDF000A06C0EF075F92168C98B884241D90EF0EC
:10DE000075F9A06471680A290FD00929BCD00B29C3
:10DE1000C2D001E036E00AE0404606F04FFA201D8D
:10DE200000F0E2F900282DD12BE00621A7E7012917
:10DE300027D172600A2A1FD10821AA6805F0AEFD19
:10DE4000201D00F0D1F900281CD16079C00709D14C
:10DE5000D5E90102042105F0A1FD201D00F0C4F95F
:10DE600000280FD1D5E90102072105F097FD201DFB
:10DE700000F0BAF9002805D16764607920F001004C
:10DE800060716F60BDE8F081D000002070B504467D
:10DE900000680D46098800692182698861820268EC
:10DEA000117CC1F30111022901D003290AD1118883
:10DEB0002A88891A491E298001686A884988891A2E
:10DEC000491E69800168097CC1F30111012901D053
:10DED000032907D169882A886A8000684088401A27
:10DEE000401E28802068006902F056FF2068006903
:10DEF00002F098FFE06C78B1B4F90C20B5F900108D
:10DF00008A4205D1B4F90E20B5F902309A4203D005
:10DF1000B5F902200BF068FE2888208168886081AE
:10DF20002079012804F1040006D000F0F9F82089D6
:10DF3000A0816089E08170BD00F002F8F7E7000081
:10DF40002DE9F041754D0446006A68606178090763
:10DF50007DD4A968002609680F6930B1A16A39BB70
:10DF60004FF400510AF0B5FB10BB384602F02AFF0F
:10DF7000211D06F0FCFF686070B9384602F02AFFE8
:10DF8000211D06F0F4FF686030B9384602F034FF16
:10DF9000211D06F0ECFF6860606A48B12683668345
:10DFA0002046F5F76DFB204600F01EF900284ED103
:10DFB000206A696888423CD0A1882181E18861811A
:10DFC00040B10321AA6805F0E9FC204600F00CF9F5
:10DFD00000283CD168682062606250B30EF086F879
:10DFE00020646078012120F001006070A682E68242
:10DFF00094F83C0020F0FF0084F83C0084F83D6079
:10E000002687668726826682D5E9010205F0C6FC6E
:10E01000204600F0E9F800287DD1A8684179090779
:10E0200079D4001DFFF710FC204600F0DDF8002831
:10E0300071D1A0882189401A02B22282E0886189C8
:10E04000401A01B26182B4F91800431000E062E0A6
:10E05000B4F91A0003EB62024010228300EB610066
:10E060006083A069E0616868002854D00221AA6832
:10E0700005F094FC204600F0B7F800284BD1A868C2
:10E080004079000747D42046F5F76EFA204600F0A5
:10E09000ABF800283FD12046FFF7AEFD204600F048
:10E0A000A3F8002837D1A06A002834D16078C007CF
:10E0B0001DD1206C0EF014F8AA681168898B884273
:10E0C0000FD90521686805F069FC204600F08CF83E
:10E0D000002820D1607840F0010060700EF006F852
:10E0E0006064A06A002816D16078C00713D0606C05
:10E0F0000DF0F6FFAA681168C98B88420BD906217A
:10E10000686805F04BFC204600F06EF8002802D14C
:10E110000DF0ECFF6064BDE8F0810000D00000204D
:10E120002DE9F041044640784FF00006010706D57E
:10E1300026626662266420F00800666460701A4DEC
:10E14000206A6860A76A18B30821AA6805F026FC4F
:10E15000204600F049F8002824D1B7B96078C007FC
:10E1600009D1D5E90102042105F018FC204600F090
:10E170003BF8002816D1D5E90102072105F00EFC75
:10E18000204600F031F800280CD12662266466642F
:10E19000002F07D02046F5F773FA2046BDE8F0417E
:10E1A00000F022B8BDE8F081D0000020427991074C
:10E1B00016D5002141628162C1624164816401839C
:10E1C000418390F8403022F0030223F00F0380F8DF
:10E1D00040308183C1838187C1874271014841609A
:10E1E00070470000D00000204078810702D5034A24
:10E1F00000215160C0F3400070470000D0000020B3
:10E200002DE9F041044690F82A00C00738D0A08CD0
:10E210000721B0FBF1F0E18CB1FBF0F200FB121230
:10E2200000EB40010A4492B2B2FBF0F300FB132072
:10E230000844E2842085002120460AF09AF9054628
:10E24000002120460AF0BDF90746B5F908502046DE
:10E2500009F07DF906462046FEF7FAFD0246E18CFC
:10E26000E819414306EBD67005EBD573BDE8F041E4
:10E270004010A0EB6300401A01B210460BF05EBEE6
:10E28000BDE8F0812DE9F843856A044680212846DF
:10E290000AF01FFA4D4FFE0CC8B1284609F02FFBBB
:10E2A00001281DD0022828D0032837D06786E686AB
:10E2B000284609F01DFB012847D0022850D003282A
:10E2C0005AD02786A686208E002872D072E0334668
:10E2D00039463A4604F13000009601F01FFBF2E7A0
:10E2E000E88A0023401C01B232462846FDF71CFF95
:10E2F0006086E88A401E02B209E0B5F91A100023D0
:10E3000032462846FDF710FF6086B5F91A20002333
:10E3100039462846FDF708FFE086C9E7688BE98A99
:10E320000023401A401C00B200EBD07001EB6008E3
:10E3300008F1010001B232462846FDF7F5FE60867D
:10E34000A8F10100002302B2E2E7B5F9141000239E
:10E3500032462846FDF760FE2086B5F9142009E014
:10E36000B5F91810002332462846FDF755FE2086E1
:10E37000B5F91820002315E0288BA98A0023401A3C
:10E38000401C00B200EBD07001EB600808F1010006
:10E3900001B232462846FDF73FFE2086A8F1010073
:10E3A000002302B239462846FDF736FEA0868AE7EA
:10E3B000FFE72786A08E00B9A686608E00B9678623
:10E3C000E08E002800D1E686BDE8F88301E0FFFF7B
:10E3D00070B50D4C064600200D460A4620601D21F2
:10E3E000304605F0DBFA206858B1017839B129468A
:10E3F000F1F7B0FF28B1304621680DF023FB002073
:10E4000070BD012070BD0000480200202DE9F041E0
:10E4100088B01F4614460D4606460AF09FFC0028A9
:10E4200042D0A54240D04FF4B470854202D9A5F540
:10E43000B475ADB2844202D9A4F5B474A4B2B18C5F
:10E440004A1995B221448CB2854202D9A5F5B4751A
:10E45000ADB2844202D9A4F5B474A4B207AA06A945
:10E460003046FEF7D4FA3946304609F0CCFD8046F6
:10E4700030463946512209F0DBFF04A908B10122D8
:10E4800000E00022CDE90221CDE90048BDF81C00E2
:10E49000BDF91A1082B2BDF918002B4602F007FD33
:10E4A00004A930460AF017FC08B0BDE8F0811FB59A
:10E4B000044603AA02A9FEF7AAFA6B46BDF90C208E
:10E4C00002A92046FEF74EFC694620460AF003FCEE
:10E4D0001FBDF0B50546A1F57F408BB00E46FF3855
:10E4E00058D0288EB04255D9A86A00EBC6016846BC
:10E4F00001F0A1F903A9284609F05DF8002128469A
:10E5000009F042FF07460021284609F0A3FE044611
:10E51000284609F057F802F02DFC0A2190FBF1F291
:10E52000BA4201DB90FBF1F790FBF1F33AB2A34260
:10E5300001DB90FBF1F4BDF80C30BDF80000991A36
:10E540000844ADF80000BDF80E10BDF802000F1B26
:10E550003844BDF8047000B23B441A44ADF80420BE
:10E56000BDF80620ADF802001144214409B2ADF80F
:10E570000610AA8EB24209D1EA6A32F81620920534
:10E5800004D5091A491C401AADF80200694628460C
:10E590000AF0A1FB0BB0F0BD2DE9F74F0D4682B09C
:10E5A0000446B1490AF09CF800287DD12046FEF7C8
:10E5B00087FA82462046FEF7D5FE5FEA000973D04F
:10E5C000BAF1000F70D02046FEF770FA07462046D9
:10E5D000FEF7BEFEDFF894B2064620460021BBF8E7
:10E5E0000C2009F025FF00F0FF0820460021BBF8B1
:10E5F000122009F01DFFC0B201902B6807EB0A0042
:10E600006FF00102D5F808C033F8171002EB400094
:10E610001B5A3CF800001844401A00B200906B6886
:10E6200006EB090002EB400033F816101A5AEB68AB
:10E63000185A1044401A0FFA80FB0021204609F0B6
:10E64000FEFC01280AD1B8F1000F03D0B8F1020F87
:10E6500002D003E0022000E000208046208BA18A47
:10E66000401A401C0FFA80FA608BE18A401A401C65
:10E670000FFA80F94046B8F1010F1BD0022824D0D0
:10E680002868B8F1030F30F9170028D18046608C54
:10E69000DDF800A040F480606084019801287DD0FE
:10E6A000022879D0032800E0DAE0686830F91670B3
:10E6B00073D119E029680098A0EB0A0031F817100F
:10E6C00000EBD07001EB600008E0204609F0D4FFB9
:10E6D000296831F8172000991144081A00B28046C1
:10E6E000608C20F48060D7E7608CD94640F40070DD
:10E6F0006084204609F0C0FF504504D1204608F050
:10E7000092FF484527D0A08AADF80000E08AADF816
:10E710000200208BADF80400608BADF806002046A7
:10E720000AF0A5FA04F114005146054601F002F979
:10E730004946284601F0F9F820460AF098FA6A4658
:10E740002921204605F02AF9204608F0ADFF22468F
:10E75000222105F023F92046002143F20C0209F0A2
:10E7600067FE06B22046002143F20D0209F060FE6A
:10E7700005B2204609F080FF8146204608F053FF8D
:10E780000146C6F3413064224FF4FA634FF47A7CB9
:10E7900001281BD027E001E00AE013E06968ABEB39
:10E7A000090000EBD07031F8161001EB600008E0B2
:10E7B000204608F038FF696831F8162002EB0B019B
:10E7C000081A07B2608C20F4007091E726F4C0406C
:10E7D000984208DC604501DDC0F57A7000FB09F065
:10E7E00090FBF2F006B2C5F3413001280BD125F4BD
:10E7F000C040984207DC604501DDC0F57A704843AF
:10E8000090FBF2F005B2049A08EB06007919128920
:10E810001044A28A801A05B2049840890844E18A0B
:10E82000401A06B255EA06001AD020460AF01FFA2E
:10E83000A08A2844A082208B28442083E08A304488
:10E84000E082608B3044608320460AF010FA05B005
:10E85000324629462046BDE8F04F01230AF0B6BAF9
:10E8600005B0BDE8F08F0000010006001C0100208B
:10E870002DE9F041064615460F46002005E03946D1
:10E880002046B04701280AD020460EF0E7FC0400DD
:10E8900002D060688000F2D10020BDE8F08105B1AF
:10E8A0002C600120F9E703880A88934201D0981A66
:10E8B000704740884988401A704703780A78934225
:10E8C00001D0981A704740784978401A7047000084
:10E8D0002DE9F0414268096822F040428A4227D17E
:10E8E0000446FEF78BF8DFF84C800546D8F8082080
:10E8F000131BA2EB05005E1BC8F8080015D02746C5
:10E9000061193246384607F0D3FB06E0A068401B89
:10E91000A0602046FEF772F80444D8F8080084424C
:10E92000F4D1B819294607F0A1FC0120BDE8F08117
:10E930000020FBE7F800002070B5054604F0EBFF6F
:10E940000446284605F025F8064608F0ADFE0546C3
:10E950002A2C01D0292C0BD10021304607F004FAD3
:10E9600028460FF0A5FA2846BDE8704010F066B9B9
:10E9700070BD000070B5054608F097FD06460024FE
:10E9800006E0A868006850F82400FFF7F3FF641C55
:10E99000B442F6D3688CC1071ED020F00100688411
:10E9A00028460AF03EFC28460AF05BFB002E13D0F6
:10E9B0000021284609F0C2FB00280DD0074949680C
:10E9C000884209D80649096801EBC00050E90221D4
:10E9D0002846BDE87040104770BD0000E4000020EC
:10E9E000DC0100202DE9F0478046089D1F46E869BC
:10E9F00000FB01F39B12002807DD934207DD00BFF7
:10EA000095F8280080070DD489E09342F8DBCB19F4
:10EA100043439B12002808DD934237DA95F828001B
:10EA200080077CD40120BDE8F0879342F6DCA8691A
:10EA3000521C504340F395000312C0B2FF2200283D
:10EA400026D06E6AC0F1FF0404FB06F4A2EB242674
:10EA5000A3EB0104A14636D0002C15DBBC4213DA2F
:10EA6000C0F1FF00C6F1FF014843A2EB6020C1B234
:10EA700095F82800800701D5C1F1FF0118F80400BE
:10EA80000EF0C2FA08F80400641C1CE0A869D0E784
:10EA90004FF0FF06DCE7002C10DBBC420EDAA6EBE1
:10EAA0006000C1B295F82800800701D5C1F1FF01CF
:10EAB00018F804000EF0A8FA08F80400686A641C4C
:10EAC000361ABC4202DA686AB042E4DBBC4218DAA9
:10EAD000002C16DBA869704380127043C0F34721F5
:10EAE000E869002801DAC1F1FF0195F828008007E4
:10EAF00001D5C1F1FF0118F804000EF085FA08F8FD
:10EB0000040095F82800800707D54946B94506DC7A
:10EB100000290DDB404609E001E0641C01D500201E
:10EB200081E7BC4204DC391B08EB040007F09EFBC4
:10EB3000022078E72DE9F05F06460A9F8A461D46C7
:10EB4000B86900FB02F18C12002800DD641C97F804
:10EB50002830544502DA980707D4D5E08C120AEB26
:10EB6000050CA44502DA98077ED483E0521C424388
:10EB700041F3950142F395044FEA2129221204F052
:10EB8000FF08C9B2A9EB0A04914505D0002803DAB1
:10EB900011B9FF219146641E914528D1002C0CDB50
:10EBA000AC420ADA01EB08004108980701D5C1F12F
:10EBB000FF01305D0EF028FA305597F82800641CEC
:10EBC000800706D5A9EB0A01A9424DDA8EE030464E
:10EBD0000AE0AC4200DD2C46002C45D006DD00BF2B
:10EBE000A5EB040106EB040007F040FB89E04FF0C1
:10EBF000FF0B002844DAF869404248434FEAA02856
:10EC0000002C0DDBAC420BDA08FB01F0C0F347210E
:10EC1000980701D5C1F1FF01305D0EF0F5F93055CF
:10EC2000B969A8F1FF0041438812641E11D4AC42B7
:10EC30000FDAC8F1FF014143ABEB6120C1B297F895
:10EC40002800800701D5C1F1FF01305D0EF0DCF92D
:10EC5000305597F82800A41C800709D5A9EB0A01B4
:10EC6000491EA9424DDC00E04EE00029AFDC48E03F
:10EC7000AC4202DD0120BDE8F09F002CB0DA40E09C
:10EC8000C1F1FF00F96941434FEAA128002C0EDBD6
:10EC9000AC420CDA00FB08F0ABEB6020C1B2980785
:10ECA00001D5C1F1FF01305D0EF0AEF93055B96903
:10ECB000C8F1FF0041438912641C0ED4AC420CDA47
:10ECC0004843C0F3472197F82800800701D5C1F1D8
:10ECD000FF01305D0EF098F9305597F82800641C5C
:10ECE000800707D5A9EB0A01A9420DDC0029BFF670
:10ECF0006EAF06E0AC4200DD2C46002C04D03FF79E
:10ED00006FAF4FF00200B6E74FF00000B3E77CB5FD
:10ED1000446A06F013F8054606F051F804280CD1B1
:10ED2000E18E2046218708F079FC064605F056FA68
:10ED300018B10021304605F0CCFA284606F03FF81D
:10ED4000012804D0284606F03AF803280AD101A980
:10ED5000284606F009F8BDF906102046FDF76EFFBB
:10ED6000E0862087204604F0B4FAA06A10B9204655
:10ED700009F07DFFE08E00906A461C21204604F0D9
:10ED80000DFE7CBD2DE9F04107468846002612485D
:10ED9000F4F701FE044619E021460F48F4F70DFE92
:10EDA00005462068B84200D07FB96168414502D06D
:10EDB000B8F1000F09D121460748F4F756FE204666
:10EDC00007F00AF9F6F754F901262C46002CE3D196
:10EDD0003046BDE8F081000070B6002070B50546F1
:10EDE0000C460948F4F7D7FD0BE00168A94204D1AD
:10EDF0004168A14207D0002C05D001460248F4F733
:10EE0000DCFD0028F1D170BD70B6002010B50446BD
:10EE1000402107F02BFA4FF4FA70A0620020E06165
:10EE2000642060620120A0870448A06194F83E003D
:10EE300040F0010084F83E0010BD0000A7EE00087D
:10EE400038B504464FF480650095D4E90A200023C4
:10EE5000194607F025F84FF46E7332220021009511
:10EE600000F00CFFE269616A891A414302EBA120BC
:10EE700038BD38B504464FF480650095D4E90A20C2
:10EE80000023194607F00CF840F2B6334FF46172D4
:10EE90000021009500F0F2FEE269616A891A41439F
:10EEA00002EBA12038BD38B504464FF480600090D5
:10EEB000D4E90A200023194606F0F2FFE269616AEC
:10EEC000891A414302EBA12038BDD0E90A128A42D7
:10EED00001DB406A7047C06970478B1A002B00DC69
:10EEE000531A4FF47A714B43B3FBF0F0002800D172
:10EEF0000120704770B54168054611B12868FFF7D9
:10EF000041FF1948F4F7A8FD184E10B10DF0EEF8C6
:10EF100070601548F4F764FD040024D040222946AF
:10EF200007F0C6F82868A84200D12460717894F8E8
:10EF30003E0061F3820084F83E00C0070FD02169D3
:10EF400039B120468847E1690144E161616A0844BA
:10EF5000606262681AB1206808B1E1699047F6F70B
:10EF600087F8204670BDFEE770B60020D001002073
:10EF700010B500200C468884872161852D22A2854A
:10EF8000E18449002185A18E21F00601A1864FF47C
:10EF90000041E185A18E2086642041F00801608651
:10EFA00088B220F00100A0861001E0860DF09EF8E6
:10EFB000A063208DA0870221204607F079FA4FF444
:10EFC0004071204607F038FE2046BDE810400D2174
:10EFD0000AF02FBD2DE9F04FAFB0044604F0D9FC84
:10EFE0000746204604F09DFC2A9028AA2CA9384602
:10EFF000FDF70DFD06A82A9908F084F8BDF9A000D8
:10F00000DFF888810DF1B00A0DF1080B00282DDD25
:10F01000584601F02DFF02AA0021384609F099FB5D
:10F020000020CDF83CA01390CDE90780BDF8A000EA
:10F03000ADF8540006AA1A213846CDF838B004F0CD
:10F04000ADFCB98DB88C7A8D0144104489B280B280
:10F05000CDE90001BDF854302CAA02A92A9801F08C
:10F06000F7FE06AA1B21384604F098FC4FF400393D
:10F070004946384609F00AF906464946384609F035
:10F080004BF905464946384609F09AF9044649467F
:10F09000384609F0A7F8AE4201DD314600E02946C6
:10F0A000844201DD224600E00246914205DDAE4287
:10F0B00001DD304604E0284602E0844200DD2046BF
:10F0C000BDF8A010081A04B2002C34DD02A801F02B
:10F0D000CFFE02AA4D464946384609F03AFB0120C8
:10F0E000CDF83CA01395CDE90780ADF8544006AAB1
:10F0F0001A213846CDF838B004F050FCBDF90A109A
:10F10000BDF95400814201DDADF80A00398DB88C9B
:10F11000FA8C0144104489B280B2CDE90001BDF8F7
:10F1200054302CAA02A92A9801F092FE06AA1B21AB
:10F13000384604F033FC2DABBDF9A0202CA938468D
:10F14000FDF710FE18A803F0DDF84FF4403418AABC
:10F150002146384609F030FC02201394CDE907809F
:10F160002DA8099018A80A9006AA1A21384604F07A
:10F1700015FC2DAA18A92A9803F0B0F806AA1B219D
:10F18000384604F00BFC2FB0BDE8F08F788A0208F7
:10F190002DE9F04786B08A46F74808F05EF9012865
:10F1A0007ED1504604F0B7FB0646504604F0F1FB12
:10F1B0000546504604F0EDFB0446022E11D0082E01
:10F1C0006FD0032EFCD00D2E6CD0112E6BD0132ED1
:10F1D0006AD0152E64D106B05046BDE8F047FFF75F
:10F1E000F9BE05F0ABFD06005AD005F0E8FD012898
:10F1F00056D101A9304605F0B7FD03AA02A9284659
:10F20000FDF705FCBDF80400BDF80810401AADF884
:10F210000400BDF80600BDF80A10401AADF806005B
:10F2200094F83400C00744D14FF40031284608F068
:10F23000EAFE0646BDF80C004FF48031801BADF8A5
:10F240000C00284609F045FA10B1BDF80C0008E0A2
:10F25000BDF90C00C11700EB9171B6EBA10F00DAFC
:10F260008E10801BADF80C0000B2012802DA0120DC
:10F27000ADF80C00BDF8040010FB00F1BDF806006D
:10F2800010FB0010BDF80C1011FB01F1884206DDE7
:10F29000A08E40F00100A0860CF028FFA06304E0DF
:10F2A00086E099E0B2E0D5E015E194F83400C007BB
:10F2B0007ED0BDF9041019B9BDF80600002877D03A
:10F2C000B4F92C60628DB0B2904202D200F5B470F5
:10F2D00006B2BDF9060000F032FBA18C628D401A27
:10F2E000801A00B2002802DA00F5B47000B2B11A38
:10F2F000A38F09B29A1A0FFA82F8A0EB080212B291
:10F3000002F58C72B2F50C7F07D994F8340000072F
:10F3100001D500200DE008460BE001EBD171B0EB08
:10F32000610FA18E02DA41F0080101E021F008012D
:10F33000A186A0EB080007B2A06B0CF0D1FEE18E15
:10F3400041434FF47A70B1FBF0F000B2874201DD27
:10F35000074603E04042874200DA07B2618DB4F904
:10F360003220B4F9303008EB0700A6EB010CD71AB5
:10F370004FEACC0C9CFBF7F73F1D00EB2710B4F9CC
:10F380002E700844009200B2324606F089FD06B2A3
:10F39000B5F92E00B04211D00CF0A8FEA0633146A2
:10F3A000284600F0F5F9BE4208D000221C2100E0FA
:10F3B0000FE0284604F0F2FA01280AD1B4F930002F
:10F3C000B04203D0B4F93200B04202D10CF08EFE4C
:10F3D000A06306B0BDE8F087A08E20F00100A086F3
:10F3E000284608F01BF9054604F0F8FE044605F02F
:10F3F000A5FC05F0E4FC0428EBD1002CE9D006B014
:10F400002846BDE8F047002104F063BF504604F0F1
:10F41000BEFA0078B4F92E60132806D0112804D063
:10F42000142805D0122803D008E0E88D401C01E024
:10F43000E88D401E01B2284600F0AAF9B4F92E006A
:10F44000B042C6D006B02846BDE8F04700221C21D5
:10F4500004F0A4BA504604F09AFA044604AA03A998
:10F460002846FDF7D4FAA868002608B1B0F9146060
:10F470000021284608F0C7FD0546BDF810103044AD
:10F48000081ABDF80E20ADF81000111809B200914D
:10F49000BDF80C10121A0B18081A01B21BB212B2E6
:10F4A00001A800F03BFA47F6FF773A4601A8216829
:10F4B000F3F708FB08B100200BE005EB460002B2B1
:10F4C000114601A800F010FA3A4601A82168F3F7A6
:10F4D000F9FA20717DE70021284608F0D7FE07469B
:10F4E0000021284608F018FF06460021284608F0AB
:10F4F00067FF04460021284608F074FEB74201DD8C
:10F50000394600E03146844201DD224600E00246F1
:10F51000914205DDB74201DD384604E0304602E0A5
:10F52000844200DD204680464FF440394946284653
:10F5300008F0ACFE04464946284608F0EDFE0746B2
:10F540004946284608F03CFF06464946284608F04A
:10F5500049FEBC4201DD214600E03946864201DD1C
:10F56000324600E00246914208DDBC4201DD204601
:10F5700007E0384605E00000788A0208864200DD90
:10F580003046801C04B2504604F001FAB0F9001075
:10F59000A4EB0802914200DC1146018019E770B526
:10F5A0000C460546114600F07EF821462846BDE887
:10F5B000704000F0B4B870B50C460546114600F036
:10F5C00006F821462846BDE8704000F036B870B510
:10F5D0004FF4B47305460C46994202D9A1F5B474B0
:10F5E000A4B2A88D698D421A611A12B209B2002A1A
:10F5F00002DA02F5B47212B2002902DA01F5B4712E
:10F6000009B28E1AB4369E4203D9284609F02FFB60
:10F610000DE0914203DA00230246214604E08A42CB
:10F6200005DA0023224601462846FEF7EFFE28466B
:10F63000AC85BDE8704011F013BA70B54FF4B473E7
:10F6400005460C46994202D9A1F5B474A4B2A98D1D
:10F65000688D0A1A091B12B209B2002A02DA02F5F1
:10F66000B47212B2002902DA01F5B47109B28E1A2D
:10F67000B4369E4203D9284609F0F9FA0DE09142CA
:10F6800003DA00232246014604E08A4205DA002319
:10F69000024621462846FEF7B9FE28466C85BDE89D
:10F6A000704011F0DDB970B54FF4B47305460C46E7
:10F6B000994202D9A1F5B474A4B2288DE98C421AFA
:10F6C000611A12B209B2002A02DA02F5B47212B259
:10F6D000002902DA01F5B47109B28E1AB4369E42DD
:10F6E00003D9284609F0C3FA0DE04FF400339142E4
:10F6F00002DA0246214603E08A4204DA2246014643
:10F700002846FEF783FE2846FEF7D1FE28462C85C4
:10F71000BDE87040FEF7CBBE818409F0A8BA70B591
:10F720004FF4B47305460C46994202D9A1F5B4745E
:10F73000A4B2298DE88C0A1A091B12B209B2002A58
:10F7400002DA02F5B47212B2002902DA01F5B471DC
:10F7500009B28E1AB4369E4203D9284609F087FAB8
:10F760000DE04FF40033914202DA2246014603E0F5
:10F770008A4204DA024621462846FEF747FE28461A
:10F78000FEF795FE2846EC84BDE87040FEF78FBE7C
:10F79000B0F92E308B420ED0B0F932208A4200DA16
:10F7A0001146B0F930208A4200DD11468B4202D06A
:10F7B000C18511F055B970470A8802804A88428095
:10F7C0008A888280C988C18070470A8802804A88F6
:10F7D00042808A888280C988C18070470A880280F6
:10F7E0004A8842808A888280C988C18070470A8896
:10F7F00002804A8842808A888280C988C180704796
:10F800000A8802804A8842808A888280C988C180AA
:10F8100070470A8802804A8842808A888280C98824
:10F82000C18070470A8802804A8842808A88828024
:10F83000C988C18070470A8802804A8842808A88C5
:10F840008280C988C18070470A8802804A884280C5
:10F850008A888280C988C18070470A8802804A8865
:10F8600042808A888280C988C1807047C188408868
:10F87000081A401C00B27047C1884088081A401C12
:10F8800000B27047C1884088081A401C00B2704717
:10F89000B0F90410B0F90020891AB0F90620B0F9C7
:10F8A0000200101A401C491C484370478188008898
:10F8B000081A401C00B2704781880088081A401C52
:10F8C00000B2704781880088081A401C00B2704757
:10F8D00081880088081A401C00B27047818800881F
:10F8E000081A401C00B2704703885B1A03808388A3
:10F8F000194481804188891A4180C1881144C1809E
:10F90000704703880B4403808388194481804188B1
:10F9100011444180C1881144C180704710B5029CD8
:10F92000018042808380C48010BD4288491E1144FA
:10F93000C18070470288491E1144818070470022AF
:10F94000002801DA01224042002901DA4942921CD2
:10F95000884207D9C1EB011101EB4101B1FBF0F382
:10F96000103205E0C0EB001000EB4000B0FBF1F3FB
:10F970000020D9B216290BD92C2900D80120292919
:10F9800000D8401C252900D8401C20290BD90BE0A9
:10F99000022900D30120062900D3401C0A2900D3E4
:10F9A000401C0F2900D3401C1844D10601D5C0F1DA
:10F9B0005A0091074FEAC27105D509B1B43005E08C
:10F9C000C0F1B40002E009B1C0F5B47080B2704774
:10F9D000C160006809F04BB900684FF0FF32016860
:10F9E000C26001F13C02904202D182684A6205E0A5
:10F9F00001F14C02904201D182680A63006809F06B
:10FA000036B910B50C4600206421C4E90A01206310
:10FA10006062A0862087E086608784F85C0004F13D
:10FA20003C01204600F0A5F804F14C01204600F00E
:10FA3000A0F80821204607F0FFF81021204607F023
:10FA4000FBF820460022BDE81040114600F0BDB88A
:10FA500010B50C46002104F13C00FFF793F904F1C6
:10FA60004C00BDE810400021FFF78CB92DE9F041B2
:10FA70000D46314807F0F1FC012854D1284603F027
:10FA80004AFF0446284603F084FF8046132C0AD020
:10FA9000012C4AD0082C48D0152C44D12846BDE86A
:10FAA000F041F7F7E3BF4FF4003106F095FF04464D
:10FAB000284603F06CFF0546B0F90000A04200DDC7
:10FAC00004462C800021404608F0E7FB0746002151
:10FAD000404608F028FC06460021404608F077FC26
:10FAE00004460021404608F084FBB74201DA39465B
:10FAF00000E03146844201DA224600E002469142AB
:10FB000005DAB74201DA384604E0304602E08442C2
:10FB100000DA2046002806DAB5F90010404281429A
:10FB200000DC01462980BDE8F08108F1340140463F
:10FB3000BDE8F04109F0CFB8948A020890F85C0063
:10FB400000F00300704790F85C1001F003010229F7
:10FB500001D0806A7047816D491C01D0406D7047AB
:10FB6000006B7047816C491C01D0406C7047406A43
:10FB700070470860002048608860401EC860704779
:10FB800038B5134690F85C2002F00302022A1BD11C
:10FB9000D0E90A428A4201DD0D4600E01546AC423A
:10FBA00001DD214602E08A4200DC1146426A8A42B7
:10FBB00000DA1146026B8A4206D0009300F14C0332
:10FBC00000F1300200F022F838BDF8B5456A13465E
:10FBD0008D421AD0D0E90A428A4201DD0E4600E089
:10FBE0001646B44201DD214602E08A4200DC11469D
:10FBF000026B8A4200DD11468D4206D0009300F16F
:10FC00003C0300F1240200F001F8F8BD30B591B0DA
:10FC1000054614981C4618B3E068401C27D0A0681D
:10FC2000C4E90101116000211846FFF7ABF86846EE
:10FC3000FFF7ECF80F484FF48071CDE90040002049
:10FC4000CDE9080107900C48039028460021652261
:10FC500008F0EEFB0A906846FFF74CF911B030BD92
:10FC6000116011B02846BDE8304009F000B81068B6
:10FC7000D6E70000D1F90008D9F90008F0B5C0F5C1
:10FC8000806404FB04F5AD0A05FB04F64FEA962CEC
:10FC900000FB00F6B60A06FB00F745435543BF0AD2
:10FCA0000CFB01FC74434FEA9C2105EB45005C43CF
:10FCB000DDF814E004EB440201EB105007FB0EF7F3
:10FCC00000EB125000EB9720F0BD10B50C46102150
:10FCD000204606F0B1FF2046BDE810404FF4806199
:10FCE00006F0E6BB10B50146034806F0FDFE0446EB
:10FCF00006F068FF204610BDB08A020870B50446C1
:10FD0000008E154688420FD9E06A30F81120AA43C8
:10FD100020F811202046FEF7DCFBA80504D520467C
:10FD2000BDE8704009F0D4BB70BD70B50E46054605
:10FD3000002406E0324621462846FFF7DFFF641C18
:10FD4000A4B2288EA042F5D870BD0000084600215C
:10FD5000018641864FF6FF7282868162C1624162EE
:10FD600080F83610014900F0DDBA00002C020020B6
:10FD700010B50146034806F0B7FE044606F022FF20
:10FD8000204610BDCC8A020810B50C46886A06F0E1
:10FD900023F9E06A06F020F90020A062E06210BDBD
:10FDA0002DE9FC478846FE4807F057FB012827D17C
:10FDB000404603F0B0FD0646404603F0EAFD00274A
:10FDC0000446132E1ED02A2E4BD0292E49D04FF692
:10FDD000FF75012E49D0022E7CD0082E7BD0062E36
:10FDE0007AD0032E79D00E2E78D00F2E77D0102E09
:10FDF000FCD00D2E74D0152E02D14046F8F7A4FE8B
:10FE0000BDE8FC87404603F0C2FD8146608EA046F7
:10FE100020B30025D8F8246014E000BFD8F82C00E7
:10FE200030F81500C0F3402050B1608E28B1204654
:10FE300007F08DFB618E90FBF1F0A9F80000DFE781
:10FE40006D1CADB256F8250040B1D6A1F0F782FA8C
:10FE500020B156F8250000780028DFD1A9F80070FD
:10FE6000CEE7616A00F05EFACAE7404603F08FFD14
:10FE700006462046A18EFEF72CFB04F05FFF04F03F
:10FE80009EFF012801D0032817D16946304604F0AF
:10FE90006BFF69462046FCF7DFFCA8420DD0E16A03
:10FEA00031F81010C1F340123AB9C1F3C00121B9C1
:10FEB000A08601462046FEF70CFBA18EA9429FD0EA
:10FEC000E06A30F81100C0F30022002A98D1C0F394
:10FED00040229EE00CE053E093E0A2E0A3E0E1E0EA
:10FEE000E7E000BFC0F3C000002889D1019141E0E4
:10FEF000404603F04CFD074604F020FF064604F0A0
:10FF00005EFF04289BD0022899D06946304604F051
:10FF10002BFF69462046FCF79FFC0646A18E204633
:10FF2000B1428CD0A94201D0FEF7D3FAA68638465A
:10FF300004F0F2FFAE4293D0E06A30F81600C0F34E
:10FF4000401100298CD1C0F3C000002888D131466F
:10FF50002046FEF7BEFAE06A30F81610C1F3002121
:10FF60000029B3D1A18E30F81100C0F34020002841
:10FF7000ACD1019601AA1C21204603F00FFD3FE7FA
:10FF8000A18EA94238D0E26A32F81100C0F3801382
:10FF9000B3B1C0F340139BB9C0F3C0131BB194F8C5
:10FFA0003630DB0714D040F0800000BF22F811008B
:10FFB00094F83600C00703D02046A18E0CF08AFDCD
:10FFC000A18EE26A32F81100C0F3002232B902E0D9
:10FFD00020F08000EAE7C0F340226AB1C0F340128B
:10FFE00052B9C0F3C00038B9019101AA1C212046C2
:10FFF00003F0D4FC0128C2D12046A18EFEF769FA95
:020000040801F1
:10000000FEE6A18EA942BAD0E06A30F81100C0F332
:100010000012002AB3D1C0F34012002A3FF462AFAD
:10002000EEE6A18E41E0404603F0B1FC074604F045
:10003000C6FE06462FB9002004F086FE04F0BFFE7F
:100040000646204607F0EAFA04F0C8F8A18EA94255
:1000500095D1022E02D0042E29D140B394F8361047
:100060000020E26AC90701D110E0401C32F81010EC
:10007000C1F3C003002BF8D1C1F34013002BF4D11E
:10008000C1F3C0110029F0D00AE0401C32F8101072
:10009000C1F3C003002BF8D1C1F340110029F4D102
:1000A000A086ADE6A18EA94201D0FEF712FAA58680
:1000B000A6E6A18EFEF70DFA404603F068FC007834
:1000C000132813D0142831D004264FF00209122827
:1000D0004AD0112890D10021204608F0BBF8A28E0A
:1000E0008446AA425BD1A786E26A9AE0A08EA84223
:1000F00001D1A78601E0401CA086A18E208E8142FE
:1001000000D3A786E26AA18E32F81100C0F3C003C3
:100110003BB1491C88B2A086218E8842F3D3A786C2
:10012000F1E7C0F340100028F3D165E7A08EA842A4
:1001300001D1A78600E000B9208E401EA086E26AA9
:1001400006E011B1491EA18602E0208E401EA08665
:10015000A18E32F81100C0F3C003002BF1D1C0F31F
:1001600040100028EDD147E70021204608F072F842
:100170008046A08E0146A8421BD1A786E26A06E00F
:10018000491C88B2A086218E884200D3A786A18E02
:1001900032F81100C0F3C003002BF1D104E04CE0B1
:1001A000CC8A02080A000000C0F340100028E7D102
:1001B00022E7A26A06EBC103D35A32F830505B1B28
:1001C0005B1C43F34E032B440FFA83FC238E1CE08D
:1001D00009EBC00709EBC105D75F555FAF4212DDE0
:1001E00032F9305065450EDC06EBC005555F4544DD
:1001F000654508DBE56A35F81070C7F3401515B999
:10020000C7F3C0051DB1401C80B28342E0D88342D1
:1002100045D8F1E6491C88B2A086218E884200D3D9
:10022000A786A18E32F81100C0F3C003002BF1D1D4
:10023000C0F340100028EDD1DEE6A16A06EBC20053
:10024000085A31F83230C01A401C40F34E001844AE
:1002500005B2B4F934001DE009EBC00709EBC20395
:10026000CF5FCB5E9F4213DA31F93030A3EB0C0342
:10027000AB420DDC06EBC003CB5EAB4208DBE36AAE
:1002800033F81030C3F3401717B9C3F3C00323B1D9
:10029000401E00B20028DFDAAEE6002888DBA08628
:1002A000AAE6808E7047038E8B4204D9C06A30F86C
:1002B0001100824301D0002070470120704770B5C3
:1002C0000446008E0E461546B0421AD994F8360000
:1002D000C00705D0280603D580212046FFF725FD5D
:1002E000E06A30F81610294320F8161031462046EF
:1002F000FEF7EFF8A80504D52046BDE8704009F0E8
:10030000E7B870BD70B50E460546002406E03246DB
:1003100021462846FFF7D3FF641CA4B2288EA042D2
:10032000F5D870BD2DE9F34F97B00D007BD0179C29
:100330002046F4F7EDFD6562002141F26A4217980C
:1003400008F076F8C0B212900021179807F0ACFFC1
:100350000B900021179808F041F80F900021179892
:1003600008F012F802900021179807F073FF099027
:10037000179807F006F90490179807F0E8F8618ECF
:100380000027C1F101020299A94601FB020000B257
:100390001090384686E000BF4FF0000B5D460AE043
:1003A000E06A791930F81100FCF723FB58446D1C02
:1003B0001FFA80FBADB259F8250040B142A1EFF71A
:1003C000C9FF20B159F8250000780028E8D15DB3B5
:1003D0001099608E01FB08F1B1FBF0F20F995318F0
:1003E000029A08FB023109B20891109908F1010242
:1003F0005143B1FBF0F10F9A0298491E08FB00200F
:10040000084400B2149009990498C5F1010201FB57
:10041000020000B20E90002801DA00200E904FF08A
:10042000000A564636E04BE0FFE709F1040036E0EB
:10043000E06A30F81700FCF7DCFA0E9901FB0AF1CC
:10044000B1FBFBF20999824406FB01210E9A09B225
:100450000AFB02F0B0FBFBF0099A401E06FB02000B
:10046000129A00B2012A06D10A460499081A01B26A
:100470000498801A00B20B9A104403B214980090AA
:100480001144A06A09B200EBC700089AFFF746FAC8
:10049000761C7F1CAE42CBD309EB8500001D814644
:1004A00008F101008046608E40453FF675AF179811
:1004B00009F00EF8179819B0BDE8F04F08F0D7BB57
:1004C00019B0BDE8F08F00000A00000070B50446C6
:1004D000008E0D46A84203D8A5F57F40FF380AD10B
:1004E0002046A18EFDF7F5FF2046A5862946BDE8EA
:1004F0007040FDF7EEBF70BD2DE9F0410F460C4690
:1005000040F2E4712185012084F82A0084F82B0050
:10051000A18584F82E0084F82F0000202063A08697
:10052000A82104F58C7005F0A1FE002108462D4B92
:10053000782506E028B14207B2F1604F08D00828BC
:1005400008D253F8202000BF04EB8006B2630CE011
:1005500025A2F9E704EB810204EB800682F818512A
:1005600002F58C72491CC9B2B263401CC0B2382873
:10057000E0D31EA0C4F814013846FFF7F9FB04F1DC
:1005800038016062FFF7CEFE54F8240F4FF48871F3
:10059000FFF7B8FE00231A221549206805F04AFF2C
:1005A00042F26401206809F09BFC0121384609F001
:1005B00065FA0121206809F071FA94F90A2021896D
:1005C000384600F019F894F9073094F90620A1880C
:1005D000384600F0AFF82068BDE8F0414FF48041A4
:1005E00005F066BF540100200A0000000000000072
:1005F000B19D00082C3070472DE9F05F044688B2A9
:10060000A08555B284F82E50012184F82F1082461F
:100610002021606AFFF789FB002620223146606AAC
:10062000FFF74DFE761CF6B2072EF6D35646294646
:100630003046FCF7B1FC8346012229463046FCF7E0
:1006400049FA064607464FF001080BEB06090EE093
:1006500004EB8700434636A2042100F58C700AF0B3
:100660005DFC7F1C08F10100FFB200F0FF08B945F6
:10067000EED8691E5046FCF78FFC0025801B401CFD
:10068000C7B211E004EB85003B4629A2042100F526
:100690008C700AF043FC2022E91D606AFFF70FFE10
:1006A0006D1C7F1CEDB2FFB2B542EBD306EB0B0025
:1006B000C5B2012712E000BF04EB85003B461CA237
:1006C000042100F58C700AF029FC2022E91D606AE3
:1006D000FFF7F5FD6D1C7F1CEDB2FFB22A2DEBD3A9
:1006E0002046FDF72CF8606AFFF7DBFDA0F57F419F
:1006F000FF3903D0F11D606AFFF7E8FE204608F0DD
:10070000B6FA204606F0D1FE064600250CE0294642
:10071000204606F0B8FE616A814203D022461C21C1
:1007200003F03CF96D1CEDB2B542F0D3BDE8F09F8B
:1007300025640000018580F82A2080F82B30FCF722
:10074000FEBFF0B504464FF4FA66C1F341307710AE
:10075000642501280BD121F4C040B04207DCB84227
:1007600001DDC0F57A70584390FBF5F001B2C2F399
:10077000413001280BD122F4C040B04207DCB8421E
:1007800001DDC0F57A70584390FBF5F002B2944257
:1007900001DA204600E01046884201DA0846F0BD42
:1007A000944201DA2046F0BD1046F0BDF0B5044693
:1007B0004FF4FA66C1F341307710642501280BD15C
:1007C00021F4C040B04207DCB84201DDC0F57A70C8
:1007D000584390FBF5F001B2C2F3413001280BD130
:1007E00022F4C040B04207DCB84201DDC0F57A70A7
:1007F000584390FBF5F002B2944201DA204600E043
:100800001046884201DA0846F0BD944201DA2046DB
:10081000F0BD1046F0BD002208B51146104600F0AC
:1008200074F80090BDF8000008BD002208B511461C
:10083000104600F082F80090BDF8000008BD0022CC
:1008400008B51146104600F0C0F80090BDF8000051
:1008500008BD38B50C460546FFF7F1FF224629468C
:1008600000F032F90090BDF8000038BD07B58107EF
:10087000BDF8043002D020F8023B521EBDF804102F
:1008800001EB01410EE002C0103A02C040F8081B23
:1008900040F8041C40F8101B40F80C1C40F8081CE1
:1008A00040F8041C102AEED803E000BF20F8023BF9
:1008B000521E002AFAD10EBD4FF478414FF4FC626B
:1008C00001EA102102EA501208B51143C0F3C40036
:1008D0000143ADF8001088B208BD08B5D308BDF8D3
:1008E000002063F30402ADF800208A08BDF8001070
:1008F00062F34A11ADF80010C108BDF8000061F3C1
:10090000CF20ADF8000080B208BD08B5D308BDF80F
:10091000002063F30402ADF800208A08BDF800103F
:1009200062F34A11ADF80010C108BDF8000061F390
:10093000CF20ADF8000080B208BD08B5D308BDF8DF
:10094000002063F30402ADF800208A08BDF800100F
:1009500062F34A11ADF80010C108BDF8000061F360
:10096000CF20ADF8000080B208BD08B5D308BDF8AF
:10097000002063F30402ADF800208A08BDF80010DF
:1009800062F34A11ADF80010C108BDF8000061F330
:10099000CF20ADF8000080B208BD08B5D308BDF87F
:1009A000002063F30402ADF800208A08BDF80010AF
:1009B00062F34A11ADF80010C108BDF8000061F300
:1009C000CF20ADF8000080B208BD08B5D308BDF84F
:1009D000002063F30402ADF800208A08BDF800107F
:1009E00062F34A11ADF80010C108BDF8000061F3D0
:1009F000CF20ADF8000080B208BD08B5D308BDF81F
:100A0000002063F30402ADF800208A08BDF800104E
:100A100062F34A11ADF80010C108BDF8000061F39F
:100A2000CF20ADF8000080B208BD000008B5121D4F
:100A3000D3080A4A89B280B241EA014140EA004043
:100A400011401040401A584301EB5010104040EA4A
:100A50001040ADF8000080B208BD00001FF8E007AC
:100A600008B5121DD3080A4A89B280B241EA014191
:100A700040EA004011401040401A584301EB50102A
:100A8000104040EA1040ADF8000080B208BD000000
:100A90001FF8E00708B5121DD3080A4A89B280B2D0
:100AA00041EA014140EA004011401040401A5843D9
:100AB00001EB5010104040EA1040ADF8000080B249
:100AC00008BD00001FF8E00708B5121DD3080A4A48
:100AD00089B280B241EA014140EA00401140104031
:100AE000401A584301EB5010104040EA1040ADF856
:100AF000000080B208BD00001FF8E00782B2D00AF3
:100B0000C0EBC00303EB0020C01D400960F3174198
:100B10000846C2F3451101EB410303EB0121C91C57
:100B2000890961F30F2002F01F01C1EBC10202EB42
:100B30000121C91D490961F30700FF2161F31F600D
:100B40007047FF2208B511461046FFF7F6FE0090E9
:100B5000BDF8000008BD08B51F20BDF800103F22F9
:100B600060F3040189B262F34A1189B260F3CF21C4
:100B7000ADF8001088B20090BDF8000008BD70B557
:100B80000C00054611D000F0F5F810FB04F05030D1
:100B9000B0F5A07F0BDB284600F0ECF810FB04F06A
:100BA000A021503090FBF1F002E0002000E0012095
:100BB00000B270BD2DE9F0410D461E4617460446B1
:100BC0001C2105F053FBC4E90057C4E90256BDE8F7
:100BD000F081000038B504464C2105F047FB4FF486
:100BE000A0702080F02060804FF0FF30A080E08077
:100BF0000020208160812069822120F0400040F0A7
:100C0000080061F3D01020614FF4FC60ADF80000E3
:100C10000090BDF80000A0860248E0632064382000
:100C2000606438BD792D0108F8B505464648F2F7ED
:100C3000D7FE040002D0A86B08B10AE0FEE7686C9A
:100C400005F040F9060066D00146EA6B2846904759
:100C5000AE634FF4AC71204605F008FB3B4E2560B7
:100C60002246F7680A213A48F4600BF053FA6060B4
:100C7000002851D0286981070AD529886A8811FB84
:100C800002F1EA68D268914202D920F0020028619C
:100C9000FF2211461046FFF780FE0090BDF80000CD
:100CA0000090BDF800006085FF2084F829000BF05B
:100CB000F7F978B30BF098F9A060002006F04CF833
:100CC0002061002006F048F8E061002006F044F8BA
:100CD000204D20622A460021E06908F09BFC2A464C
:100CE0000021206A08F096FC0221E06905F0A4FFCB
:100CF0000221206A05F0A0FF0021E06908F07FFFD3
:100D00000021206A08F07BFF206907F0B0FFF76040
:100D10009FB113E001E0FEE7FEE7002009F076F95D
:100D20000546052009F072F901460B4800900023A2
:100D30002A4620460BF062F9BEE7F46060680BF0CB
:100D4000BAFA2046F8BD00004CB60020B8010020D9
:100D5000312C0008FFFF0F0028880208C26800211C
:100D60001161C068416170470148C0687047000068
:100D7000B801002010B90548C06820B100680069BA
:100D8000C0F3C9107047822070470000B8010020EE
:100D90000068C0687047000018B90948C06800289A
:100DA00009D00068017CC1F30111012904D0032995
:100DB00002D0B0F900007047B0F90200704700009F
:100DC000B801002010B518B9FFF7CEFF002800D0F9
:100DD000006A10BD10B518B9FFF7C6FF002800D093
:100DE000C06910BD18B101460248F2F7E6BD0148DE
:100DF000F2F7D1BD4CB6002010B518B9FFF7B4FF1B
:100E0000002800D0006910BD10B518B9FFF7ACFF7D
:100E1000002800D0406910BD10B508B9FFF7A4FF45
:100E2000806810BD18B90948C068002809D000685A
:100E3000017CC1F30111012904D0032902D0B0F9CA
:100E400002007047B0F9000070470000B8010020B0
:100E50007CB50E7BDDE90654022E08D94E88002EA3
:100E600005D0A54203D0CDE900540469A0477CBD5C
:100E700038B50446102105F0F9F901206080FF2003
:100E80002073BDF80010002060F3040189B260F304
:100E90004A1189B260F3CF21ADF8001088B20090FA
:100EA000BDF800000090BDF80000208038BD2DE99D
:100EB000F04F85B0824610B294468B460FFA82F905
:100EC000AAEB000EDDF838800FFA8EF20492ABEB3D
:100ED000000217B203920AEB000203F5B471119CF1
:100EE00058441E46029212B203B2019088457DD04A
:100EF0004FF4B4718E4202D9A6F5B476B6B28845E5
:100F000003D9A8F5B4701FFA80F80F99ACEB010073
:100F100000B20090109818B101EBD1704010401C45
:100F200005B25A21B6FBF1F0B8FBF1F1C0B2C9B27B
:100F3000042800D10320042900D1032188427ED156
:100F400046457CD868B3012854D0022878D00328BD
:100F50007ED106F15A0000B20BF0E6FA009910FBC0
:100F600001F10AEBE130401B208030B20BF0DCFADB
:100F700010FB09F10BEBE130401B608008F15A00D7
:100F800000B20BF0D1FA10FB09F10AEBE130284472
:100F9000A0800FFA88F00BF0C7FA009910FB01F15E
:100FA0005AE130B20BF0C0FA009910FB01F10BEBE3
:100FB000E130401B60805A3630B20BF0B5FA10FBBE
:100FC00009F10AEBE1302844A0800FFA88F00BF019
:100FD000ABFA10FB09F10BEBE1302844E08008F19B
:100FE0005A0000B20BF0A0FA009900E0E6E010FB16
:100FF00001F129E030B20BF097FA10FB09F10BEB8D
:10100000E1302844E0805A3630B20BF08DFA009976
:1010100010FB01F10AEBE1302844A0800FFA88F0C0
:101020000BF082FA009910FB01F10BEBE130401B51
:10103000608008F15A0000B20BF076FA02E036E068
:1010400009E005E010FB09F10AEBE130401B2080CC
:1010500005B0BDE8F08F06F15A0000B20BF064FA5B
:1010600010FB09F10AEBE130401B208030B20BF09D
:101070005BFA009910FB01F10BEBE1302844E080B2
:101080000FFA88F00BF050FA10FB09F10BEBE1308E
:10109000401B608008F15A0000B20BF045FA00993D
:1010A00010FB01F10AEBE1302844A080D0E730B119
:1010B000012837D0022861D003287ED099E0012989
:1010C0007CD108F15A0000B20BF02EFA10FB09F1A6
:1010D0000AEBE130401B20800FFA88F002900BF001
:1010E00023FA074630B280460BF01EFA874201DA37
:1010F000029800E040460BF017FA009910FB01F14E
:101100000BEBE130401B60805A3630B20BF00CFA2A
:1011100010FB09F10AEBE1302844A0800198284433
:10112000E08095E7022964D1AEEB050020800FFA3C
:1011300088F00BF0F9F910FB09F10BEBE130401BE3
:10114000608006F15A0000B201900BF0EDF90746FD
:1011500008F15A0000B280460BF0E6F9874201DD43
:10116000019800E040460BF0DFF9009910FB01F117
:101170000AEBE1302844A08030B269E0032938D17D
:1011800006F15A0000B20BF0CFF910FB09F10AEB9F
:10119000E130401B20800398401B608008F15A001A
:1011A00000B20BF0C1F910FB09F10AEBE130284461
:1011B000A0800FFA88F0804601E019E019E00BF0FA
:1011C000B3F9009910FB01F730B206460BF0ACF909
:1011D000009910FB01F0874201DD404600E03046F7
:1011E0000BF0A2F9009910FB01F00BEBE03096E751
:1011F00029B1049820806780A280E38028E708F165
:101200005A0000B203900BF08FF9074606F15A001E
:1012100000B201900BF088F9874201DA039800E0F0
:1012200001980BF081F9009910FB01F10AEBE13014
:10123000401B208030B20BF077F910FB09F10BEB6B
:10124000E130401B608002982844A0800FFA88F0AB
:101250000BF06AF910FB09F10BEBE1305FE70000DE
:1012600070B5164604463BB1C87A022812D9A56962
:10127000204625B1A84704E007A2314606E0F5F76D
:10128000F2F8002806D104A231462046BDE870409D
:101290000DF0ADBC70BD00004E6F0A64617461005A
:1012A00038B54469049D002C01D00095A04738BD95
:1012B00038B50446182104F0D9FF00221146104623
:1012C000FFF70BFB0090BDF800000090BDF8000098
:1012D0002081FF20E072401C60800120207538BD15
:1012E000704700002DE9FF4FB5B0887E429F1E4633
:1012F00092460C4602287DD9206800287AD035987D
:10130000C069002876D0202221A8EEF7EAFF2068E5
:101310000390002E6ED0307800286BD0359851465F
:1013200082682DA8F1F7E6FA002863D0207FB0F19B
:10133000000B01D14FF0010B607F810707D4BAF891
:101340000410BAF80000081A401C03B20FE0B4F908
:101350001210009141F6FF72CDE90120B4F914306A
:10136000314608A822680BF0A3F9BDF92030039894
:10137000B4F912100025B0F908906A1E01EB0900BB
:101380000890BAF80000ADF81000BAF80210ADF8F5
:101390001210B4F916000690B4F918000144ADF823
:1013A0001210FFB1F0B9BAF9021000291ADAD7F811
:1013B00008C0ACEB0100002801DCA1EB0C0008998F
:1013C0004FF4806C49420CEB4101884200DD3A60E9
:1013D0003868002806DB0546BDF81210B8880844B6
:1013E000ADF81200617F0020CDE90001B4F91420AE
:1013F000701900E0ACE02F930399F2F789FD00EB40
:10140000050829E0617F0020CDE90001B4F914202E
:1014100006EB08002F9B0399F2F77AFD454600EB97
:101420000508BDF812100898084400B2ADF8120083
:101430007FB110F5806F0CDB3868002809DA3D6059
:10144000BDF91210BAF90200081A7860BAF9020060
:10145000B860705D00287BD03598BDF912108068A7
:101460004944B0F902008142CCDB5846CDF8C0B007
:10147000BBF1020F02D0032816D029E0607F009054
:10148000B4F91430A8EB05017019039A0BF06EF94A
:1014900007465046FEF716FAC01BBDF8101000EBC9
:1014A000D07001EB600011E0607F0090B4F914305F
:1014B000A8EB05017019039A0BF058F9074650463E
:1014C000FEF700FABDF81010C01B0844ADF810007C
:1014D000D4E9019BD94502D94846D9468346A07F25
:1014E000800717D01EA800F0D1F9A089ADF87800C8
:1014F000039890F90E0000B90120ADF87A00A07EA3
:101500008DF88000A07FC1089DF8810061F3010083
:101510008DF8810000200F90FFF77DF9319010A821
:1015200000F0F0FE208AADF84400BDF910003290C2
:101530006BE100BFBDF81000069900270844ADF824
:10154000100070190D90A8EB050007970E90BCE0F5
:101550005FE10021A9F57F420091FF3A09D0ABF588
:101560007F42FF3A05D0AC4A2918304612689047AE
:10157000009007AB0BAA0CA90D98F2F7B1FC607FA5
:10158000C0070AD00C98232802D0012F13D004E002
:1015900047B1012F0AD0022F0BD0E0683190022F03
:1015A0004FD050E007980F90012048E00027E068F6
:1015B00048E0002043E0202842D107990F98081AFC
:1015C000072801D0A08938E00F9A0D986946104489
:1015D0005FF0060210F8013B01F8013B521EF9D101
:1015E00000208DF806009DF80100FCF788F80746FA
:1015F0009DF80000FCF783F807EB001029909DF898
:101600000300FCF77CF807469DF80200FCF777F82A
:1016100007EB00102A909DF80500FCF770F80746CC
:101620009DF80400FCF76BF807EB0010C2B22A9893
:10163000C1B22998C0B2FFF768F92C900220074682
:1016400043E02C983190DDE90B21039802F07FFAFA
:1016500033904FF6FF70814522D0834520D000980B
:1016600048451DD358451BD2BDF81010ADF80010E9
:10167000BDF81200ADF80200A28A0A443399491E4F
:101680001144ADF8041008996A46491E0844ADF8A3
:10169000060010A9359800F021FEE089ADF8C400DD
:1016A000BDF8C400ADF8900004AA21A90C9B3598A0
:1016B00000F0DAF83398002807DDBDF81010A08A92
:1016C000014433980844ADF810000E990798814200
:1016D0003FF63FAFA07F800723D53298ADF80000DA
:1016E0002068BDF97A1002ABB0F9080001EBD171A6
:1016F00000EBD070401000EB6100BDF812106A469C
:101700000844BDF81010ADF80810ADF80200ADF8AF
:101710000A00BDF8C400ADF878001EA9359800F0A5
:10172000A8F8A07FC0071FD03298ADF8000020684D
:10173000BDF8121002AB028940891144091A0398BE
:101740006A4690F90D00081ABDF81010ADF808109F
:10175000ADF80200ADF80A00BDF8C400ADF878009D
:101760001EA9359800F085F8617F0020CDE90001C1
:1017700006EB0800B4F9142007462F9B0399F2F7F3
:10178000C7FB454600EB0508BAF80000ADF81000AD
:101790003098022802D0032816D029E0607F0090FC
:1017A000B4F91430A8EB05013846039A0AF0DEFFBD
:1017B00007465046FEF786F8C01BBDF8101000EB38
:1017C000D07001EB600011E0607F0090B4F914303C
:1017D000A8EB05013846039A0AF0C8FF07465046B1
:1017E000FEF770F8BDF81010C01B0844ADF81000EB
:1017F000BDF8121008980844359900B2ADF81200EF
:101800008968B1F90610884203DC705D00287FF416
:1018100091AE39B0BDE8F08F2402002038B50446FF
:10182000202104F023FDFF20A076FEF7F4FF0090B6
:10183000BDF80000A0810B4820604FF6FF7060608B
:10184000A060FEF7E8FF0090BDF80000E0810520F1
:1018500008F0DCFB0090BDF8000020820020E0765C
:1018600038BD00002888020830B4C469A44630BCE2
:10187000604730B44C88002C06D00C7A022C03D977
:10188000046AA44630BC604730BC704738B5044693
:101890000A2104F0EBFC01206080FF202072BDF8DB
:1018A0000010002060F3040189B260F34A1189B28C
:1018B00060F3CF21ADF8001088B20090BDF80000B1
:1018C0000090BDF80000208038BD000010B5034630
:1018D0000A4A002052F8304024B1401CC0B21028FF
:1018E000F8D301E0102802D34FF0FF3010BD42F8CA
:1018F000303002EBC002516010BD0000BCB70020C8
:101900002DE9FF4F81B08B460E9D16461C46B5F95A
:101910000A10B5F90C00571AB5F9082005F110099D
:10192000ABEB020305F13C0AB4285DDAB5F90E20F1
:10193000B42A7DDA00287BD0002A79D0904277DD66
:10194000B1425ADC696D79434FEAA12CA96A7F1C28
:1019500079438912A0F20F15582D01D8002909DB0F
:10196000451E592D01D8002904DB5B38B32802D26B
:10197000002900DD0021A2F20F10582801D800290B
:1019800009DB501E592801D8002904DB5B3AB32A31
:1019900002D2002900DD0021ACEB010001EB600068
:1019A0000125C71AA74200DD2746002F0DDD3BB2F7
:1019B00032465946CDF80090019800F091F90500A3
:1019C00003D13946019804F051FCA74200DD2746B7
:1019D000002F00DA0027CDF800A05DE0B54276D1F7
:1019E000284605B0BDE8F08F68DDB5F90E20B42AB1
:1019F00064DD904262DDB14201DA0120F1E7696DF8
:101A000079434FEAA12CA96A7F1C79438912A0F27D
:101A10000F15582D01D8002909DB451E592D01D875
:101A2000002904DB5B38B32804D2002902DD00E082
:101A300044E00021A2F20F10582801D8002909DB48
:101A4000501E592801D8002904DB5B3AB32A02D280
:101A5000002900DD0021ACEB010001EB6000012555
:101A6000C71AA74200DD2746002F0DDD3BB23246E4
:101A70005946CDF800A0019800F032F9050003D1D5
:101A80003946019804F0F2FBA74200DD2746002FFB
:101A900000DA0027CDF800900BEB070001B20198A7
:101AA000E41B384423B20746324600F019F9060019
:101AB00094D12146384604F0D9FB8FE70127B84678
:101AC000B42805D038B109DAB14209DC0AE047E0B0
:101AD000B14210DC04E0B14202DC0CE0B14201DCB6
:101AE000032708E0234632465946CDF80090019876
:101AF00000F0F6F80746B5F90E00B42806D060B13C
:101B0000B5F90A000FDAB04204DC0EE0B5F90A00BC
:101B1000B04206DD4FF0030803E0B5F90A00B04219
:101B2000F8DDBFB10EE0B042F4DD2346324659463F
:101B3000CDF800A0019800F0D3F8804657B1B8F175
:101B4000000F07D0032F02D0012F05D008E0B8F115
:101B5000030F05D1002044E74046B8F1010FFAD049
:101B600002203EE72DE9F8430546884640F267101B
:101B7000411C089C1746002B01DA002302E08B422F
:101B800000DB0346002C01DA002402E08C4200DB7B
:101B900004469C4203DAC3F5B470204403E0E01A23
:101BA000002800DC181BA5F86800AB81EC81A5F8C3
:101BB00008806F8115482860012028718B4200D968
:101BC000FEE7B42B01D2002000E00120002C01DB55
:101BD0008B4200DDFEE7B42C05D3A4F1B401B42997
:101BE00001D2002600E0012600903A46414605F168
:101BF000100000F0CBF823463A46414605F13C0080
:101C0000009600F0C3F8BDE8F88300000119010850
:101C10002DE9F8431E4617468846814600250C4CA0
:101C20000DE00090D0F800C033463A4641464846A1
:101C3000E047002808D0022800D101250834206898
:101C40000028EED115B10220BDE8F8830120FBE7A2
:101C5000BCB7002010B50179022906D0052913D19F
:101C60008068BDE8104004F0B7B904464069002818
:101C70000AD00169002904DA406804F0ADF960690E
:101C8000EFE74169491E416110BD000070B5134D79
:101C9000060008D05FF0000455F83410B9B1087997
:101CA000022805D002E02868002800D0012070BD7D
:101CB000887CB1F91020C007304601F1080102D03C
:101CC000F0F7B0FE01E0F0F73DFE0028EED0641C16
:101CD000E4B2102CE0D3002070BD0000BCB700209F
:101CE000F8B5069CA58A266A521B658A12B2491B62
:101CF00094F8285009B24FEAC57526B1009485B30F
:101D0000FCF770FEF8BD85B1207C810727D000F07C
:101D10000301012923D0022901D1511C1FD4C04342
:101D2000800728D1002A1ADC25E0227C02F0030477
:101D3000022C14D0D543AD0711D0012C01D10029BC
:101D40000DDC920701EB030207D0002A13DB4942A6
:101D50000FD50021002B0EDD0FE0002A02DA012052
:101D6000F8BD10E04A4206D49A420ADA991A1044A1
:101D700005E0994201DB0020F2E7994201DA04F024
:101D800075FA0220ECE7FCF7D5FEE9E72DE9FC4700
:101D90001C46DDF8288016460F468146B42B01DD2F
:101DA000B43C24B204F15A0000B20AF0BDFB07EBC8
:101DB000601520460AF0B8FB06EB601000B2CDE9D2
:101DC00000082BB232463946484600F003F8BDE819
:101DD000FC8700002DE9F0470F46DDE908699846C9
:101DE000154604462C2104F041FAB54206D1B9F15A
:101DF000030F03D16D1E761E2DB236B2B54205DD3E
:101E00004046B846074630462E460546278165813E
:101E1000A4F80C80E68184F810906782A8EB070094
:101E20004B46A582002801DD014601E0A7EB080131
:101E3000721B002A01DD154600E0AD1BA94294F893
:101E4000281002DD41F0010101E021F0010184F8D8
:101E500028100025E561244E2660A5612571CE0776
:101E60004FF480150DD020B195FBF0F65643B61215
:101E7000E66122B195FBF2F242439012A061E06963
:101E80000CE022B195FBF2F64643B612A66120B1F2
:101E900095FBF0F050438012E061A0692062980742
:101EA00009D003F00300012808D0022813D0D8433A
:101EB000800714D006E021F0020001E041F00200AA
:101EC00084F82800216A88106062002901DA404203
:101ED0006062BDE8F087206A0028EFDCEBE7206A4B
:101EE0000028EBDDE7E70000E11C01082DE9FE4FCB
:101EF0008046DDF830900E461C4699F812001746D1
:101F000000F0010AB9F91050684609F10801FDF71F
:101F100080FCBDF90200BAF1000F2FD0B84250DCAE
:101F2000BDF90600B8424CDBBDF900004119B142D1
:101F300005DCBDF904203119521B914209DDBDF9C0
:101F400002104A19BA4240DCBDF90620521BBA42BF
:101F50003BDBBAF1000F18D0801B00D50020A04257
:101F600031DCBDF90410891B091A491C4218A24230
:101F700000DD211A002926DB4044EFE0B84213DCE3
:101F8000BDF90600B8420FDBCEE7871BA7420BDC8A
:101F9000002F03DB3946404604F068F9BDF9040020
:101FA000851B6D1C002D02DC0020BDE8FE8FA542C4
:101FB00004DA611B08EB050004F058F91FB9A542CB
:101FC00001D10120F1E70220EFE7BDF80430821BC8
:101FD000181A401C0FFA80FCBDF80600401A401C7D
:101FE00003B2781A00B2A84202DA281A401E01E0B1
:101FF000591B401AD9F8141000B20223CF6803EB22
:102000004003FB5A37F810609B1B1EB28B6849686F
:1020100033F8103037F810004FF0000700EB010BD9
:1020200002EB0C00401B18440FFA80F95019C01A3B
:10203000401E05B2BAF1000F22D06BE0F11B01EB9C
:102040000B0010F8010C029009EB07005FEA000A90
:1020500008D4A24506DA18F80A1002980AF0D4FF4C
:1020600008F80A00B5EB070A08D4A24506DA18F802
:102070000A1002980AF0C8FF08F80A007F1C3FB255
:10208000B742DBDB09EB0700A04201DA014600E0C2
:102090002146002901DA002002E0A04200DB2046B0
:1020A00000B2211A404404F0E1F8A81B411CA142EF
:1020B00001DA0A4600E02246002A01DA002402E0A2
:1020C000A14200DA0C4621B2404647E0F11B01EB89
:1020D0000B0010F8010CC0F1FF00029009EB0700A3
:1020E0005FEA000A08D4A24506DA18F80A10029836
:1020F0000AF08AFF08F80A00B5EB070A08D4A245DF
:1021000006DA18F80A1002980AF07EFF08F80A00AA
:102110007F1C3FB2B742D9DB681CA04201DA691CC0
:1021200000E02146002901DA002504E0A04201DA9E
:102130006D1C00E025462AB2A9EB0200A11A8842D4
:1021400001DA034600E00B46002B01DA002002E032
:10215000884200DB084601B208EB020004F086F872
:1021600031E700002DE9F0411546064688880A88C7
:102170001C46801A401C02B2C8884B88C01A401CFA
:1021800000B2824200DA1046B5EB600F00DD451068
:10219000002D00DA002506F10800FDF73AFB358234
:1021A000B47438483060022030710023C5B136481D
:1021B00000214FF47A7200BFC1EBC10400EB84042C
:1021C000B4F91840AC421BD1C1EBC10100EB810056
:1021D0004169491C41610169102D04DA012303E0C2
:1021E0007361BDE8F0812B110B44934205DA102D89
:1021F00001DA012200E02A110A4402617061F0E76D
:10220000491C0429D8D300244FEA0401C1EBC107BB
:1022100000EB8707D7F814C0BCF1000F07D12CB131
:10222000D7F810C0D4F810E0F44500DA3C46491C59
:102230000429EBD33CB16069401CC4E90430102D83
:102240000EDA01200DE01C2003F03CFE040006D055
:102250001C2104F00BF84FF0FF3020610BE0FEE78B
:1022600028111844904205DA102D01DA012000E00F
:1022700028111A182261204629467461BDE8F041F0
:10228000F3F7A0BEED1E01084CB70020F0B5002505
:10229000094E07462C4600BF06EBC4004068B84212
:1022A00004D156F83450204600F008F8641CE4B21B
:1022B000102CF1D32846F0BDBCB700200021421CF1
:1022C00008D0054A002352F8301042F8303002EBB3
:1022D000C000436008467047BCB7002030B4D388C4
:1022E00054881B1B5B1C1BB2012B09DB93881488D1
:1022F0001B1B5B1C1BB2012B02DBC36830BC1847E5
:1023000030BC704738B50446382103F0AFFFFEF704
:1023100018FC0090BDF8000024F8040FFEF711FC33
:102320000090BDF800006080FEF77FFA0090BDF8D5
:102330000000E080FF2525720220A072FEF775FAEA
:102340000090BDF800006083FEF76FFA0090BDF8C2
:10235000000020850748206104F8015CA57584F819
:102360002650A57784F83250E07F20F03E001E30E2
:10237000E07738BD288802082DE9F04FCBB08346BE
:10238000DDE95465087B984614460F4602287DD93E
:10239000B7F90200002879D0AE4277D01AB2814650
:1023A0009246404500DD914606A8FFF7ABFF787BDB
:1023B00000F003008DF81A00B86840B100208DF8D5
:1023C0001B00B8680A90387B8DF8320005E0387B36
:1023D0008DF81B003888ADF81C002188A1EB08009F
:1023E000ADF810006288A8F10101A2EB0802ADF877
:1023F000122023880B44ADF81430B4F802C0ADF8B5
:1024000004006144ADF80830ADF81610ADF80620B0
:10241000ADF80A10B7F802C06044ADF80400B7F890
:1024200002C0624412B2ADF80620B7F802C0A3EBB6
:102430000C03ADF80830B7F802C0181AA1EB0C0174
:10244000401C09B24FF0FF3C00B2ADF80A10CDF8C5
:1024500014C1002810DD881A401C00B200280BDDD2
:10246000012347F6FF7201A932A8FFF77BFE002186
:1024700032A8FFF72BFA4590002347F6FF7204A914
:1024800038A8FFF76FFE002138A800E024E0FFF72E
:102490001DFA489006F5B470A84205D005F5B47150
:1024A0004FF4B4708E421ED147F6FF70ADF818009D
:1024B00004AA06A95846FFF711FF4898FFF7FEFE49
:1024C0004598401C02D04598FFF7F8FE38A8FFF762
:1024D000C1FB32A8FFF7BEFB4BB0BDE8F08F00BFD9
:1024E000A6F5B476B6B28642FAD202E0A5F5B47586
:1024F000ADB28542FAD228B246900090B4F90220DB
:10250000B4F9001033B214A84793FFF72BFB002156
:1025100014A8FFF7DBF92F90B54203D9A81BC0F52B
:10252000B47000E0701BDBF8081000913C282ADD35
:10253000B8F10A0F27D95A20B6FBF0F1B5FBF0F03D
:1025400000F00300ADF8040106A8ADF8FCA0ADF85A
:10255000005101F0030142903E94ADF8FE60ADF8E9
:102560000211ADF8069104A8CDE9430B3EA8F7F798
:10257000CFFC3EA8F7F794FD3EA8F7F760FE3EA813
:10258000F7F74BFF04E004AA06A95846FFF7A6FE9A
:1025900014A8FFF75FFB38A8FFF75CFB32A8FFF732
:1025A00059FB2F98FFF78AFE4898FFF787FE45985A
:1025B000401C02D04598FFF781FE787B40078BD501
:1025C00009F0FF022FAB51464798FAF709FEBDF814
:1025D000BC0021882FAA0844ADF8BC00BDF8C0009B
:1025E00021880844ADF8C000BDF8BE0061880844E9
:1025F000ADF8BE00BDF8C20061880844ADF8C20065
:1026000048A80099F0F776F948ADC0B1002347F625
:10261000FF722FA93EA8FFF7A5FD00213EA8FFF7F6
:1026200055F90646584604AA06A9CBF80850FFF704
:1026300055FE3046FFF742FE3EA8FFF70BFB09F0C0
:10264000FF022FAB51464698FAF7CAFDBDF8BC0011
:1026500021882FAA0844ADF8BC00BDF8C00021882D
:102660000844ADF8C000BDF8BE0061880844ADF86C
:10267000BE00BDF8C20061880844ADF8C20048A899
:102680000099F0F737F9C0B1002347F6FF722FA980
:102690003EA8FFF767FD00213EA8FFF717F90446A3
:1026A000584604AA06A9CBF80850FFF717FE2046A3
:1026B000FFF704FE3EA8FFF7CDFA0098CBF808001C
:1026C0000AE770B514460D460646F4F79FF8224611
:1026D00029463046BDE87040F4F76DBA7CB5044633
:1026E000087E0D4602280ED9A26868462968F0F7D0
:1026F00001F9002807D0E16A09B120468847626BDA
:102700002946204690477CBD2DE9F04FCD6889B021
:102710000C46804615B1207C002879D0207C012809
:1027200000D10025D8F8040081880088081A401CD0
:1027300000B20790D8F8082005A82168F0F7DAF869
:10274000002865D0F1F790FB83460068D8F800A018
:10275000C06980B9D8F80400BDF91410B0F90020A0
:10276000B0F90200891ABDF91620121A079800FB69
:1027700002110AEB410AD4F804905FEA090013D071
:1027800020688288B0F90010B0F90200521A521C79
:1027900017B2BDF91420511ABDF91620101A07FB03
:1027A000001109EB410900E0002795B160698288BA
:1027B000B0F90010B0F90200521A521C16B2BDF95D
:1027C0001420891ABDF916202944801A06FB001529
:1027D00000E00026D8F804004188008849420AB287
:1027E000404201B205A8FDF78CF8DBF80000C06993
:1027F0000028606818D00028207E0CD001A900971E
:1028000081E861004B4605A95046079A0AF07CFB17
:1028100009B0BDE8F08F8DE86100A36805A95046B6
:10282000079AF9F7ABFAF3E70028607E0DD018B3EA
:10283000217E0097CDE90360CDE901154B4605A93E
:102840005046079A0AF05CF9E2E758B1217ECDE9DB
:102850000260CDE90015A36805A95046079AF9F76B
:1028600043F8D5E7207E05A98DE86100A3685046AE
:10287000079AF9F7DFF8CBE7207E01A9009781E8F6
:1028800061004B4605A95046079A0AF0BBF9BFE71D
:102890002DE9FF4FB7B00C46379899461646806829
:1028A000DDF810A10188ADF814104188ADF81610BC
:1028B0008188ADF81810C088ADF81A0005A8FFF798
:1028C000E5F91F901C2122A803F0D0FCE07A8DF8D6
:1028D000A000207B00F00F008DF8A1001F9840B9E8
:1028E000208830B96088B0F5807F02D1BAF1040F3A
:1028F00003D0BAF1050F35D001E0A07A48B3022722
:10290000B18830880025081A401C00B21D904FF491
:10291000FC60ADF800003390BDF81A10BDF8160049
:10292000BDF81420091A491C09B22991BDF81810E4
:10293000ADF80820ADF80C10ADF80A00ADF80E00A7
:1029400002A88B1A22905B1C20880FFA83F878B9B2
:102950000AE0CDE9226922A93798FFF7BFFE3BB014
:10296000BDE8F08F0327CBE76088B0F5807F01D00A
:10297000012000E000202E901F99014304D1BAF1FC
:10298000050F01D1A07A60B1F1F76EFAFEF704FAF3
:10299000834605A8FCF77CFF5946584575D908467B
:1029A00076E0F1F761FAFEF7F7F9044605A8FCF7BF
:1029B0006FFF2146A04201D9084602E005A8FCF7B6
:1029C00067FF8246400003F0A9FA8346504603F0B1
:1029D000A5FA0446259002A827900220CDF88CB0D5
:1029E0008DF89800BDF91620B6F90210511A1D9AFB
:1029F000514301FB0790BDF91410B6F90020891A64
:102A000001FB070900262AE0484600210BE08278F6
:102A100062552AB10378427803EB02232BF8153074
:102A2000491C38446D1C4145F1DB1D9810FB07998A
:102A300005EB0801514505D8BDF80E00401CADF866
:102A40000E000BE022A93798FFF748FEBDF80E00F4
:102A5000401CADF80A00ADF80E000025761C299840
:102A60008642D1DBBDF90A10BDF90E00814206D0C5
:102A7000401EADF80E0022A93798FFF72FFE204622
:102A800003F098FA584673E1FFE705A8FCF700FF4A
:102A90002190400003F042FA2D90219803F03EFA75
:102AA0000190259002A8279002208DF898002D987B
:102AB0002390002004904C210AA803F0D7FB2E9805
:102AC00020B32088ADF834006088ADF836001D983A
:102AD000CDF82890ADF82C00F18870888DF83AA0D8
:102AE000081A401CADF82E00A088ADF83000E08830
:102AF000ADF832002089ADF83800207D00F00100EB
:102B00008DF83B000AA8F0F74BFC10E0BDF9162049
:102B1000B6F90200B6F90010101A1D9A5043BDF91B
:102B2000142000FB0790511A01FB070004900020BD
:102B300020902B90A07AC0F1FF013491B0B121898F
:102B40008AB2D10A11FB00F3209963F30F01C2F39B
:102B5000451313FB00F363F31F41209102F01F01A3
:102B600011FB00F12B9861F30F002B90BAF1040FC9
:102B700005D1208818B96088B0F5807F01D0022087
:102B800000E001208DF898001F9818B12199019854
:102B900003F09AFBBDF90A10B6F90200081A30904A
:102BA0000020CEE0DDF810B03195BDF90800B6F98F
:102BB00000104FF00009401A329073E02E98B0B127
:102BC000089930980844329902B201EB090001B229
:102BD0000AA8F0F7F9F930B101989DF83E10415577
:102BE000BDF83C0022E001980021415556E0BAF1C1
:102BF000050F0ED00198FF2100F805109BF800107A
:102C00009BF80100BAF1060F01EB002080B206D05C
:102C10000CE001999BF802004855E0B3EEE73399C8
:102C2000884203D101990020485537E0A17A81B349
:102C30002099349A89B2C30A13FB0211803101EB47
:102C4000C11303EBC131C1F3C453BDF8D410C0F3B9
:102C5000451C63F3CF21209B1B0C1CFB02338033EC
:102C600003EBC31C0CEBC333C3F3C55363F34A112B
:102C70002B9B00F01F0010FB0230803000EBC012D5
:102C800002EBC030C0F3C45060F30401ADF8D410BF
:102C900088B22D9900E001E021F8150009F1010941
:102CA000BB446D1CC14589DB1F98C0B1BDF816102F
:102CB0000898019B084402B23198BDF908101844E5
:102CC00081464346FEF7A4FF10B1022804D006E077
:102CD0004846414603F0CAFA02208DF898001D9933
:102CE000049811FB07000490219805EB080181422C
:102CF00005D2BDF80E00401CADF80E001FE022A961
:102D00003798FFF7EBFCBDF80E000025401CADF82E
:102D10000A00ADF80E00BAF1040F05D1208818B9E9
:102D20006088B0F5807F01D0022000E001208DF89E
:102D300098001F9818B12199019803F0C5FA0898D6
:102D4000401C0146089029988142FFF62BAFBDF93F
:102D50000A10BDF90E00814206D0401EADF80E00EB
:102D600022A93798FFF7BAFC019803F023F92D98B0
:102D700003F020F9F3E5000010B50C463821204699
:102D800003F074FA094820610948E0600948A0622C
:102D90000948E061094860610948206209486062A9
:102DA0000948E0620948606310BD0000792301080A
:102DB00099320108C3260108D12D01089128010884
:102DC000752E010819300108D132010809270108C0
:102DD000F0B51F46064687B014460D460868002326
:102DE0003A4602A900F045FE002841D0BDF8102067
:102DF000002A3DD0BDF80E10002939D02088BDF83A
:102E00001230184400B2ADF804002B686488B3F89F
:102E100008C05B89ACEB03032344BDF814409B1A44
:102E20001B1B1BB2ADF806304418B168B1F900C0E5
:102E300064451DDBB1F90440A04219DC9818B1F9D2
:102E40000220904214DBB1F90600834210DC3946BF
:102E5000029800F00AFE00280AD00299097B89072F
:102E600006D1009002AB01AA29463046F5F7ACF92D
:102E700007B0F0BD2DE9F0470E46B1F9021096B04B
:102E80001C461546814600297ED0307A02287BD91F
:102E9000B5F90000B4F90020904205D1B5F902302F
:102EA000B4F90270BB426FD0904200DB104601EBD8
:102EB000D171A0EB6100ADF84400B5F90010B4F990
:102EC0000000B6F90220814200DD084602EBD27113
:102ED00000EB6100ADF84800B5F90210B4F902004A
:102EE000B6F90220814200DA084602EBD271A0EB6B
:102EF0006100ADF84600B5F90210B4F90200B6F968
:102F00000220814200DD084602EBD27100EB610035
:102F1000ADF84A0011A90846D9F80820EFF7EAFCF5
:102F2000002875D011A9D9F808A0C9F80810B5F97A
:102F30000200B4F90210884206D123462A463146DF
:102F40004846F5F7A1FA0EE0B5F90000B4F9001013
:102F5000234688422A463146484602D1F5F7FCFC12
:102F600001E0F5F74BFB707A010701D440074DD51E
:102F700002A8FFF7C7F93088ADF80C0047F6FF70DC
:102F8000ADF80800307A00E042E08DF80B00B6F9A9
:102F90000200471040F3000000F10108707A40077A
:102FA00018D528886A46C01BADF800006888C01B89
:102FB000ADF802002888C119A1EB0800ADF80400A3
:102FC0006888C119A1EB0800ADF8060002A94846BF
:102FD000FFF784F9707A000718D520886A46C01B6D
:102FE000ADF800006088C01BADF802002088C11950
:102FF000A1EB0800ADF804006088C119A1EB08003E
:10300000ADF8060002A94846FFF768F9C9F808A01C
:1030100016B0BDE8F08700002DE9FF4F8BB01E46CB
:103020001746032B7ED3002F7CD0B00002F076FF32
:1030300005007BD00024386828602046721E15E009
:1030400007EB800137F92030B1F904C0634505D1A1
:10305000B1F90230B1F906C0634505D005EB840330
:103060000968641C1960A4B2401C80B29042E7DB7E
:1030700007EB8600B7F9001030F9042C914205D116
:10308000B7F9021030F9022C914206D005EB840109
:1030900050F8040C641C0860A4B2032C43D37D498F
:1030A000D1E90001CDE90201002027E0BDF90820A7
:1030B00035F920108A4200DA1146ADF8081005EB08
:1030C0008002BDF90A10B2F90230994200DB1946BC
:1030D000ADF80A10BDF90C3035F920108B4200DD37
:1030E0001946ADF80C10BDF90E30B2F902108B4242
:1030F00000DD1946401CADF80E1080B2A042D5D3B9
:103100000B9802A9826805A8EFF7F4FB58B10B9859
:1031100005A90026806809900B988160B5F9021016
:10312000012011E002E0284602F044FF0FB0BDE8A4
:10313000F08F00BF05EB8002B2F902208A4201DA6B
:10314000114606B2401C80B2A042F3D32C2104FBEE
:1031500001F002F0E3FE8346B2460490D1464FF000
:103160000008701E00D52044621E09F1010108927A
:10317000914200DD002135F8262035F8203035F861
:10318000217005EB80009B1ABF1A428805EB860070
:1031900005EB810140884988121A081A002107911D
:1031A00012FB07F110FB03F0814267DA0120079060
:1031B00001E00798F0B308980AF10106864200DDA5
:1031C0000026B9F1010700D5274405EB860005EB81
:1031D0008A01B0F90200B1F90220904216DB12D048
:1031E00035F9263035F92A108B420CD04FF0010CFE
:1031F000CDE9000C5846FEF7EDFD58460499FEF760
:1032000065FB0BF12C0B08F10108B246A04523D059
:1032100005EB870005EB8901B0F90200B1F9022046
:10322000904217DB13D035F9273035F929108B423E
:103230000DD000E022E00026CDE900065846FEF75A
:10324000C9FD58460499FEF741FB0BF12C0B08F120
:103250000108B946A045ACD3DDE90B0102AAFFF78E
:103260003DF80498FFF712F8049802F0A3FE2846F0
:1032700002F0A0FE0B990998886057E7BAF10106A1
:1032800000D52644089809F1010787429DDD0027F3
:103290009BE700005452020870B514460D460646DE
:1032A000F7F7DCF9224629463046F3F7AFFA224613
:1032B00029463046F3F77FFC224629463046F3F78D
:1032C0005CFD224629463046BDE87040F6F706BD53
:1032D000704710B50446012103F0E8FC4FF6FF707B
:1032E00060870121606A03F0E3F820460022BDE810
:1032F0001040202100F052BB70B500200C464862FF
:1033000016A1C4E90B10A06294F83C1041F0300102
:1033100084F83C10E08620874FF6FF716187A08615
:1033200094F83C004FF4806120F00F00083084F8DE
:103330003C00204603F0BCF809A1204600F090FABA
:10334000204604F0B5F901460C4803F0CDFB0546D4
:1033500003F038FC65626C6270BD0000EF81B8005C
:103360004F7074696F6E20310A4F7074696F6E20F0
:10337000320A4F7074696F6E20330000048B0208AC
:1033800010B50146034803F0AFFB044603F01AFCF6
:10339000204610BDE88A020870B5486A0C46002530
:1033A00010B103F0E5FC656294F83C00C00603D45C
:1033B000206B02F011FE256370BD000070B50E4653
:1033C0003F4804F04AF8012843D1304600F0A3FA00
:1033D0000546304600F0DDFA04460E2D14D00F2DC0
:1033E00021D0102D1FD0082D21D02A2D23D0292DFA
:1033F00021D02C2D23D00D2D2CD0152D29D13046A8
:10340000BDE87040F5F75EBD04F008F900F0E6FE97
:10341000054601F093FC01F0D2FC042819D17DBBD4
:10342000218F2046E186BDE87040FFF752BFBDE81E
:103430007040F2F742B8BDE8704006F075B830460B
:1034400000F0A5FA05460021204605F08AF800891B
:10345000688070BD304600F09AFA0078132810D0CA
:1034600012280ED0142817D0112815D01B28D7D019
:103470000A28EED101F072FCA042EAD02046D6E73D
:1034800019E0204600F050F8A8B1E08EA18E401C53
:103490008842DED2214608E0204600F045F850B1CF
:1034A000E08E0028D5D02146401EE086BDE8704061
:1034B00008460AF023B82046BDE8704000F090B8F6
:1034C000E88A0208C08E70472DE9F04104460025C5
:1034D000006B90460E462F4620B1ECF734FF0246B3
:1034E000002008E00F70BDE8F081216B095C0A291B
:1034F00000D16D1C401C904202D2218FA942F4D110
:103500000021A8F1010507E0B8F1000F01D0A942A0
:1035100008D27354401C491C904203D2236B1B5C9D
:103520000A2BF1D17754DEE710B5406A012105F08E
:10353000D0F880F0010010BDF8B50F46084600F045
:10354000EAF90546182805D03946244803F085FFD6
:1035500001283AD1384600F01CFA446A0646082D84
:103560000ED0012D17D0092D30D0182D2DD1384671
:10357000F5F7A1FA3946BDE8F840184803F06DBFE9
:1035800001F0DCFB01F00FFC00281ED13046BDE845
:10359000F840FBF7BCBB01F0D1FB050015D001F0F2
:1035A0000EFC012804D0284601F009FC03280CD1A8
:1035B0006946284601F0D8FBBDF902102046F9F70C
:1035C0003DFB6087304605F052FBF8BD4FF6FF70BB
:1035D00060873046BDE8F84005F049BB048B02081F
:1035E0002DE9F8430446012102F095FF204604F03E
:1035F0005FF80146606A06F088FA4FF0FF31606AB2
:1036000005F0A4FC0121606A03F016FB00221F21D3
:10361000204600F0C3F92046F9F713FC8046216BE1
:1036200002F007FC42F2D171606A06F059FC404694
:1036300006F0A0FC606A05F01FF80546204605F07C
:103640001BF885420EDC94F83C0000F00F000428C3
:1036500001D0082806D1204605F00EF80146606A20
:1036600006F03EFC404603F0DEFF07460021606A9C
:1036700004F020FD05460021606A04F0B6FE4619FC
:10368000002141F61102606A04F0D2FE2844B91903
:10369000084407B294F83C003D4600F00F06082E9F
:1036A00002D0042E1ED034E0FDF75EFBFDF7BAFB1E
:1036B000B4F91A10294488422BDAFDF755FBFDF7BF
:1036C000B1FBB4F91A10411AB4F91600814201DABB
:1036D000042605E0FDF748FBFDF7A4FB618B401ACB
:1036E000401E15E0B4F91600401B12D5FDF73CFB57
:1036F000FDF798FBB4F91A10B4F91650411AA94213
:1037000007DD0826FDF730FBFDF78CFB618B401AC7
:1037100005B2BD4200DD3D462946606A06F0CAF9A1
:10372000204609F0EBFE0020082E06D0042E09D01A
:10373000012E0CD0022E0FD015E0009000230D2298
:10374000606A0DE0009000230A22606A08E00090A1
:1037500000231022606A03E000900023606A1322B5
:10376000214602F043FF606A06F004FC94F83C0036
:1037700000F00F00012801D0022818D1606A04F07F
:1037800081FF0646606A04F099FF0546FDF7ECFAF2
:10379000FDF748FBA8420ADCFDF7E6FAFDF742FB1D
:1037A000281A301A401E01B2606A06F0C7FB0021D9
:1037B0004046226B03F07CF9022808D04FF000034A
:1037C00003281A4601D0012104E0032102E000236E
:1037D0001A46092101B04046BDE8F04302F0F8BEA8
:1037E0002DE9F0410E00044603D00025A5862846A9
:1037F00006E0FEE70A2902D1A18E491CA186401CE1
:10380000315C0029F6D1A08E401CA086E586258774
:103810003046ECF798FD471C206B30B194F83C1013
:10382000C90602D402F0D8FB2563384602F04AFBF1
:10383000206390B13146ECF79BFD94F83C0020F0FA
:103840001001204684F83C1005F011FA606A002847
:1038500004D0BDE8F04105F00ABAFEE7BDE8F0810A
:1038600070B50E00044603D00025A586294606E063
:10387000FEE70A2802D1A08E401CA086491C705C7D
:103880000028F6D1A08E401CA086E586258794F8F6
:103890003C00C00604D4206B10B102F09DFB2563F0
:1038A00094F83C0040F0100184F83C102046266358
:1038B00005F0DDF9606A002803D0BDE8704005F02E
:1038C000D6B970BDC28E8A4207D0828E8A4200D895
:1038D000511EC186018705F0CAB9704710B50C4664
:1038E0004FF48061204603F0A7F90421204603F03D
:1038F000A3F94FF40031204602F0DAFD0121204601
:1039000002F0D6FD2046BDE8104001F0C3BB486A76
:10391000002141627047007A20F0800070474068C3
:103920007047017A15290BD0142909D0162907D020
:10393000182905D0172903D0192901D00020704774
:1039400000697047017A01291FD002291DD003297F
:103950001BD0042919D0052917D0062915D007290D
:1039600013D0082911D009290FD00A290DD00B290D
:103970000BD00C2909D00D2907D00E2905D00F290D
:1039800003D0102901D000207047006970470069FA
:10399000704700687047C0687047000010B588B075
:1039A000C0B1009001908DF808100020CDE903020D
:1039B0009DF81800084C20F007008DF8180060688A
:1039C0000590C4F804D06846F7F7FEFE05996160DB
:1039D00008B010BD0120FBE7C4000020027A132AC2
:1039E00006D10069B0F900208A4200DD114601804D
:1039F000704710B500F004F8BDE8104000F01CBBA3
:103A000010B500210B4802F02FFA0B4CE06007F0D4
:103A100083FB208007F080FB40F48050608007F03B
:103A20007BFB40F48050A08007F076FB40F4805090
:103A3000E08010BD81C400080C01002010B50929E8
:103A400000D120210469F9F769F8002806D06168DF
:103A500001EBC000618A890B01D0002010BD006815
:103A60002168C0F31300084410BD08B14268104734
:103A7000FEE72DE9F0411E4617460D4688B18DB18F
:103A8000002104462960D4F800C033463A4629464E
:103A90002046E04738B1A97BC90604D42C60BDE8B4
:103AA000F081FEE7FEE76469002CECD1F7E72DE931
:103AB000F04700269A460C468146092A01D1202269
:103AC00001261146D9F81050F9F728F8071E3CD006
:103AD000E8684FF0000850B151464846F9F71EF823
:103AE000020004D039464846F9F7F4F88046686881
:103AF000298A00EBC70001FB08F10A110168090DD2
:103B0000002E01D04FEA4101114401F108014FEAB2
:103B10001111A180417921810179E18090F906207C
:103B2000628190F90700A081688A4FEA5022A07B49
:103B300062F3030020F01000A07304D04FF6FF7072
:103B400000EA4100E0804FF00100BDE8F0871FB5BA
:103B500050B113460A466946FFF78BFF002801D093
:103B6000BDF8040004B010BDFEE770B5044640681F
:103B7000B0B1C268B2B1216890470546606840881C
:103B800040B1A06830B1C06808B102F025FAA06861
:103B900002F022FA002020606060A060284670BD1C
:103BA0000B2070BD092070BD10B504460748EFF723
:103BB000F2FE08E008680078A04201D1086810BD54
:103BC0000248EFF7FAFE0100F4D110BD64B6002000
:103BD00010B50446ECF7B7FB40B1215C2E2907D0A5
:103BE0002F2903D05C2901D0401EF6D102A010BDC0
:103BF0002044401C10BD00000000000010F8011F10
:103C00003A2900D1401C70472DE9F04117460E00BB
:103C1000054624D03078FFF7C7FF040021D0616843
:103C200009B18847F8B1A068F8B13046FFF7E6FF60
:103C30000146A3683A4620469847C0B1411C16D0B9
:103C4000C5E90004608838B1102002F03BF9A86093
:103C500078B1102102F00AFB0020BDE8F0810B20B2
:103C6000FBE70320F9E70120F7E70920F5E70C203F
:103C7000F3E7FEE77CB51C0005464FF0000300D0DB
:103C80002360686850B1066956B101934388002BE0
:103C900001AB07D0284600F010F809E00B207CBDEE
:103CA00009207CBD00932D6813460A462946B0477B
:103CB000002CF6D0019921607CBD2DE9FC5F044603
:103CC000806815468B4690E84600D0F80C80606806
:103CD00000279A46B0F80290B14237D8964235D2C2
:103CE000701A80B2A9EB00018EB2B54208EB000158
:103CF00004D82A46584602F0DBF955E032465846C9
:103D000002F0D6F94D4508D9CDF800A0D4E900104D
:103D1000AB1B0BEB0602066920E00020019001A816
:103D20000090D4E900104B4607694246B847A168A5
:103D300007464868401C0860A168019A1044486022
:103D4000A81B82B20BEB0600414628E04D4508D97E
:103D5000CDF800A0066921682B465A46B0470746B1
:103D60001FE0B8F1000F06D1484602F0ABF8A16899
:103D7000C860C0B180460020019001A80090D4E93D
:103D800000104B4607694246B8470746A0682A46D6
:103D90000660A06801993144416041465846ECF7FD
:103DA000A0FA0FB106E0FEE7CAF80050A0688168EB
:103DB000294481603846BDE8FC9FF8B54568044653
:103DC000E5B1AE69E6B16B880020C3B3D2B1012A78
:103DD00021D0022A11D1134620680A4601462846FE
:103DE000B047002809D1D4E900106A46C369984752
:103DF000002802D1A26800999160F8BD0B20F8BD9F
:103E00000920F8BDA2689160A3680A461D68A9420E
:103E10000CD3596808E0A3689A680A449A60A168BC
:103E20000B689A4202D349688A42EAD9D4E9001061
:103E30000023846901B0A446BDE8F0406047FFE775
:103E4000134620680A46014601B02846B446BDE83C
:103E5000F0406047F0B58646807889B015460C463C
:103E600010FB04F00012824203DCBEF8000009B02F
:103E7000F0BD9EF808700EEB870212F8023C13FBAF
:103E800004F31B129D4202DB32F8040CEFE7002220
:103E9000012326E00EEB830C9CF802C01CFB04FC03
:103EA0004FEA2C2C65451ADC0EEB830737F8040D1E
:103EB000ADF800000098FCF721FE0646B888ADF882
:103EC00000000098FCF71AFE0146B87810FB04F0D9
:103ED000BA79001212FB04F2C0EB222203E05B1C51
:103EE000DBB29F42D6D8281A00B2C0EB002090FB6C
:103EF000F2F0C0B2C0F1FF02CBB213FB00F3F4B298
:103F000014FB023303EBC31404EBC3339C0EBDF864
:103F1000143064F30403C1F3072414FB00F4C6F364
:103F2000072515FB024404EBC41505EBC434640EED
:103F300064F34A13C1F3074111FB00F0C6F30741D4
:103F400011FB020000EBC01101EBC030800E60F3EA
:103F5000CF23ADF8143098B289E74168002901DA1F
:103F600002F03AB870470000FEB50546407A1646A2
:103F70000C4640072FD0224F387820B9002000F09F
:103F800043F801203870687A00F00700022818D042
:103F90004FEA060080EA640068400190002000902B
:103FA0006A4601A91748FAF763FC01280BD032468C
:103FB00021462846F0F7EEFF009000280BD00024A1
:103FC00018E02046E6E700980422416802EBB17150
:103FD0004FEAB1014160FEBD22462846FFF73AFF95
:103FE00002900098BDF80810806800EB4400641C43
:103FF000018024B20098B0F90E10A142ECDCFEBDA5
:10400000F80000203DBE000870B5094D0446286840
:1040100001F0E2FF204601F055FF2860054DA86041
:1040200020B1214602F022F96C6070BDFEE700006D
:10403000EC010020F800002010B500211B4801F021
:1040400013FF1B4C606107F067F840F4805020803C
:1040500007F062F840F48050A08007F05DF840F46B
:104060008050608007F058F840F48050E08007F0FE
:1040700053F840F48050208207F04EF840F480500E
:10408000E08107F049F840F48050608107F044F87F
:1040900040F48050208107F03FF840F48050A08128
:1040A00007F03AF840F48050608210BD25D6000831
:1040B0001C01002070B50C4606002FD0EFF76BFCFA
:1040C00005E00868A04229D03046EFF776FC0100F1
:1040D000F7D1204603F0A2FA40B1A168896829B15E
:1040E000C9680968A14201D100F087F8A06810B939
:1040F000204602F0E7FBA06886603046EFF78EFCB2
:1041000005000AD030462C60EFF745FCA84205D1E7
:104110003046BDE8704000F070B8FEE770BD0000AA
:10412000014A0249F8F716BBBB3900089739000865
:1041300070B5060043D003F071FA04003FD0207E32
:10414000C0073CD10021204600F0C3F82046EFF71D
:1041500022FC32E02868B0422BD1E06888B10068C8
:10416000B0420ED02046F8F78DFD0246E0680F21E0
:104170000068FFF713FC012821D1E068006804F013
:1041800076FDE560002D1AD0216909B120468847E7
:104190002046F8F777FD0246E0680E210068FFF739
:1041A000FDFB01280BD1E0680068BDE8704004F019
:1041B0005EBD29462046EFF700FC0500CAD170BD60
:1041C000014A0249F8F7C6BAC3390008C9390008DC
:1041D0000148006870470000CC000020002802D091
:1041E000007EC0F340007047002803D0C06800285C
:1041F00000D000687047EFF7D2BB70B50446007E70
:10420000C0F3C00540F0080020764007204602D4E5
:10421000FFF786FF01E0FFF7D3FF207E65F3C300C1
:10422000207670BD2DE9F041064603F0F7F9040051
:104230003DD0E068002740B30068B04220D1207E26
:10424000C10702D020F0010020762046EFF7A3FB43
:10425000E16888420FD12046EFF7B6FBE16888425B
:1042600009D12046F8F70EFD0246E0680F210068EC
:10427000FFF794FB02E02046FFF7BFFFE06820B1A4
:10428000E0680068B04200D1E7602046EFF783FBAA
:1042900011E028682946B04220460AD1EFF7E5FB35
:1042A000284601F099FEB068002800D08760BDE87C
:1042B000F081EFF782FB0500EBD1F8E713B5FFF7CC
:1042C00093FF20B101AA0D21FFF768FB1CBD01205F
:1042D0001CBD70B504001CD0207EC0F340028A4291
:1042E00017D061F3410020762046FFF77DFF0500DF
:1042F0000FD02046F8F7C6FC0246E0680E210068A1
:10430000FFF74CFB012804D12846BDE8704004F0BB
:10431000AEBC70BDFFB58368006800F01F04052CBB
:1043200008D00B2C10D00C2C23D00D2C32D00E2CFE
:1043300047D01CE0C0F38A2010FB021000EB4000C5
:104340001844807804B0F0BD01F00704C0F38A205F
:10435000C910C01DC00810FB0210185CC4F1070191
:1043600001228A401040C84001D00020EAE7FF2027
:10437000E8E717A4C0F38A20246800948C07640F30
:104380008910C01C800810FB0210185CC4F10601E3
:10439000032210E00FA7C0F38A20F0CF8DE8F000D1
:1043A000CC07640F4910401C400810FB0210185C39
:1043B000C4F104010F228A401040C8401DF80000DB
:1043C000C0E7C0F38A2010FB0210185CBAE70000B7
:1043D0000055AAFF00112233445566778899AABB7D
:1043E000CCDDEEFF2DE9FF410D460746BDF800107C
:1043F000002060F3040189B260F34A1189B260F3CE
:10440000CF21ADF8001088B20090BDF800000190F7
:104410003968BC6801F01F001646042814D006282D
:1044200012D0052810D007281DD008282AD0092826
:1044300037D00A2849D00B2851D00C284FD00D284E
:104440004DD00E284BD04BE000F04FF8C108386833
:10445000C0F38A2010FB065001FB0041022201A894
:1044600001F0BAFE3CE0C1F38A21EA10C91D05F053
:104470000700C90811FB06210834C0F10700615C80
:1044800001221CE0A807C1F38A21400FAA10C91C11
:10449000890811FB06211034C0F10600615C03227B
:1044A0000DE0E807C1F38A21400F6A10491C490852
:1044B00011FB06214034C0F10400615C0F228240F0
:1044C0001140C140ADF804100AE0C1F38A2010FB8E
:1044D000025004F58064205CADF8040000E0019314
:1044E000BDF8040004B0BDE8F081014600200F29AA
:1044F0000AD2DFE801F009090909080A080C0E10C0
:10450000120C0E1012001020704718207047012066
:10451000704702207047042070470820704701460A
:104520000020891E0D2909D2DFE801F007080807DD
:10453000080707070707070707000120704701461C
:104540000020032901D0062900D10120704770B551
:104550004C6A0D46002C12D0287C012802D120463E
:10456000FFF703FBE06808B101F036FD206908B1F0
:1045700001F032FD204601F02FFD0020686270BD81
:104580007FB514460D46084600F08FFB20B1012888
:1045900017D0022839D035E0296801F01F00001F2C
:1045A0000B282FD2880A216860F3942121602868A3
:1045B000400D60F35F512160287860F304012160B1
:1045C0002FE02846FFF704FB17A1EBF7C3FEC8B99D
:1045D000022229466846FFF717FB68B903AB04229D
:1045E00021466846FFF746FB05466846FFF7BDFAD9
:1045F00045B90398042805D1207800F01F00001F5A
:104600000B280ED3002004B070BD2068012161F397
:104610009420C0F3140000F5001020F01F000B30B0
:1046200020600120EFE7000062696E002DE9FF4F76
:1046300080465CA087B0006804905BA05BA3006824
:1046400093460F4605900FCB8DE80F00B8F8081081
:10465000002089B2CAB2090A09E000BF149C00EB2D
:104660004003401CE254149C00B2234459700A9B3E
:104670009842F3DB98F814004FF0000900F01F0097
:10468000FFF733FF8246012101FA0AF1491E88B281
:1046900006900025D8F814002C4600F01F012E4685
:1046A0000B2906D00C2912D00D2920D00E2931D18A
:1046B0002CE0C0F38A20C01DC50804EBE70115FB00
:1046C0000B1407F00700C0F1070604A80DE0C0F3C3
:1046D0008A20C01C850804EBA70115FB0B1407F00A
:1046E00003000621A1EB400605A8814612E0C0F3B5
:1046F0008A20401C450804EB670115FB0B1407F0EA
:1047000001000421A1EB80066846EEE7C0F38A258C
:1047100015FB0B742846D8F8247001F0FFFB5FEA04
:10472000000B13D098F81000A0B10022211D3846CC
:10473000FFF743FB00232A4659463846FFF79AFA0B
:104740005946CAF10802002053B222E000200BB003
:10475000BDE8F08FD8F8040080680119F1E70A7805
:10476000069CF240224098F8144004F01F040E2CDE
:1047700001D019F80220149C00EB40052C44A270D3
:10478000A6EB0A0256B2002E01DA1E46491C401C56
:1047900000B20A9A9042E2DB584601F00BFC01207D
:1047A000D5E7000000FF00000055AAFF00112233EA
:1047B000445566778899AABBCCDDEEFF2DE9FF4F03
:1047C0008046007D81B091460E4600F01F00FFF745
:1047D0008CFE8246012101FA0AF1491E0025D8F813
:1047E00014001FFA81FB00F01F012F462C460729F9
:1047F00006D0082912D009291FD00A2932D12BE06E
:10480000C0F38A20C01DC50804EBE60115FB09149E
:1048100006F00700C0F10707083423E0C0F38A2040
:10482000C01C850804EBA60115FB0914062106F03F
:104830000300A1EB4007103414E0C0F38A20401CB1
:10484000450804EB660115FB0914042106F001007C
:10485000A1EB8007403405E0C0F38A2515FB09640D
:1048600004F580642846D8F8249001F057FB061E12
:1048700040D098F8100068B10022211D4846FFF78B
:104880009CFA00232A4631464846FFF7F3F93146A1
:10489000002028E0D8F8040080680119F8E70A78B9
:1048A000D9F80C30FA4002EA0B0203EB42030E9DEA
:1048B0001B8800EB4004ADF800302B55BDF80030EC
:1048C0001D0A0E9B23445D70D9F81040A25C9A70BB
:1048D000A7EB0A0257B2002F03DACAF1080257B257
:1048E000491C401C00B2049A9042D8DB304601F0CB
:1048F00061FB012005B0BDE8F08F00002DE9FE430B
:104900000646087C0C46012801D028B328E06068E0
:10491000FFF75EF956A1EBF71DFD28B902226846A4
:104920006168FFF771F910B10020BDE8FE83606A8D
:1049300038B9142001F0C6FA606260B1142101F0A8
:1049400095FC606A69460C2211F8013B00F8013BB6
:10495000521EF9D104E0FEE7606880680028E4D0C8
:10496000207D00F01F00042814D0052812D006284E
:1049700010D0072814D0082812D0092810D00A28EF
:104980000ED00B286DD00C286BD00D2869D00E28C6
:1049900067D068E0207C80BB60688068A06160E0D0
:1049A000FFF7A3FD01278740606A38B9142001F0A2
:1049B00089FA6062B8B1142101F058FC7800656A88
:1049C00001F080FAE86078B1384601F07BFA28619E
:1049D00058B1E86878B3207C012807D060680024CB
:1049E000D0F808803BE0FEE7FEE7FEE70022042166
:1049F0002846FFF7E2F900241AE032E000230422FF
:104A000069462846FFF736F99DF800209DF8011009
:104A10009DF80200FBF7A9FF0190E868BDF80410BB
:104A200000EB4400018029699DF803000855641CCF
:104A3000BC42E3D315E016E008EB840618F8242006
:104A40007178B078FBF791FF0090E868BDF800102E
:104A500000EB440001802969F0780855641CBC42D1
:104A6000EAD3012061E721463046FFF770FD5BE79E
:104A700062696E002DE9F84F0C461D461646207DF2
:104A8000DDE90A32002100F01F00042816D00528B5
:104A900014D0062812D00B2839D00C2837D00D2876
:104AA00035D00E2833D0072838D0082836D009282A
:104AB00034D00A2832D00020BDE8F88F277C012F9F
:104AC00033D198469146D4F824A0FFF70EFD07464F
:104AD0006069C0F38A2015FB00607843C110002292
:104AE0005046091DFFF769F9002470B9FD0805FB60
:104AF00008F56B462A46494650460094FFF7BAF837
:104B000018B90098854200D1012421460DE0009299
:104B10002A4631462046FFF789FD05E000922A46E5
:104B200031462046FFF74AFE01460846C4E710B565
:104B30000446006800280BD0C2680AB1214690479D
:104B4000207C012804D1606801F046FA00206060F2
:104B500010BD000010B50548EEF742FF040004D078
:104B6000142101F083FB204610BDFEE788B600202B
:104B70002DE9F0410F4605460421384601F076FB49
:104B800025B1284600F091F818B105E00020BDE8F5
:104B9000F081A8680028FAD000260A48EEF7FBFE4C
:104BA0000BE023682BB13A46294698470646012870
:104BB00005D021460348EEF700FF0400F1D130464E
:104BC000E5E7000088B600202DE9FF410E461D46AE
:104BD0000446282101F04AFBAEB1304600F065F8EA
:104BE00008B9B16879B1BDF8081021812074E56079
:104BF00001280CD0666000272148EEF7CCFE054660
:104C000004F1140831E0002004B0BDE8F081304622
:104C1000EBF799FB401C01F055F9606018B1314683
:104C2000EBF7A6FBE7E7FEE72B68CBB16868B8B106
:104C300042463146284698470746012810D125604C
:104C40006A6821462846904707460128DCD004219F
:104C5000404601F00BFB00202062A0616062E06131
:104C600029460748EEF7A9FE0546002DDCD1207C39
:104C7000012802D1606801F0AFF93846C4E70000AE
:104C800088B600202DE9FC4105680E46089FAC68F7
:104C900000213CB1CDE90037134601463246284693
:104CA000A04701460846BDE8FC81032130B10078E9
:104CB000A0F120015F2903D8012070470846704702
:104CC000802801D3022070470020704710B50446A9
:104CD000202101F0CBFA002020700A202076607697
:104CE0004FF4C870A0836420E0833220E076032074
:104CF000A07610BD70B50546006920B9FCF734F800
:104D00002861002814D00B48EEF76AFE040010D08A
:104D1000582101F0ABFA25606079224640F002008C
:104D200060710A21044807F0F5F9216848612046BE
:104D300070BDFEE758B60020E94D010801488068C3
:104D400070470000D000002018B101460248EEF77D
:104D500034BE0148EEF71FBE58B600200148406837
:104D600070470000D000002038B102681278012A94
:104D700005D0032A03D04FF0FF30088002E00289FB
:104D80000A80408948807047002806D00168097869
:104D9000012903D0032901D00020704790F840007A
:104DA00000F00F007047002806D00168097801293B
:104DB00003D0032901D000207047C06A7047002843
:104DC00001D000680078704700220A804A800028DD
:104DD00009D002681278012A01D0032A03D1828AFD
:104DE0000A80C08A488070477FB5284CC068A060A0
:104DF00001680969002947D0F9F7D8F9A068407916
:104E0000400741D400256946A068EEF78BFB9DF86A
:104E10000F60A068F9F7CAF96560A1689DF80E00F7
:104E20000871012806D008680078042809D1BDF867
:104E30000C00D0B107F05AF9A16809680969C1F8F6
:104E40005401A06801680978012906D0022908D018
:104E500004290AD003290DD00FE06946F9F716F8A6
:104E60000BE06946F8F742FF07E06946A068F8F7EB
:104E700039FD02E06946F8F7AFFCA068F9F796F94A
:104E8000002EC0D1A56065607FBD0000D00000206D
:104E900070B5204E0C460025B0B3417941F00201B7
:104EA0004171B168814200D17560016809780129BA
:104EB00001D002290ED114B1016BA14201D10563C9
:104EC00014B1416AA14201D1456214B1816AA14283
:104ED00000D1856270BD417941F0020141710168E4
:104EE0000978012901D002290ED114B1016BA14228
:104EF00001D1056314B1416AA14201D1456214B1E7
:104F0000816AA14200D18562FFF71EFF0028E2D12D
:104F1000756070BDD000002010B50446407920F0C7
:104F20000100607107F0E2F8A06407F0DFF8606448
:104F300010BD002804D0032906D00C2901D0002080
:104F40007047B0F9221001E0B0F920100068427EED
:104F50000020C2F16402642306E0084400B212FBA0
:104F600001F191FBF3F109B20029F6D170472DE967
:104F7000F0410F460546012103F0ABFB30BB39463B
:104F8000284603F0B7FB06460022394605F1140017
:104F9000EDF798FD28B94FF40021284603F099FB5E
:104FA00080B1284602F081FA401E04000AD4A868A5
:104FB0003946006850F82400FFF7D9FF002803D1D4
:104FC000641EF4D516B12846BDE8F0810020FBE749
:104FD00010B5144C2078002821D101F00BF8EEF721
:104FE00051FFEDF7C5FEEDF76DFCEDF7C7FEFCF7E1
:104FF00077F9EEF71DFE4FF4AC710B48EEF7E8FCC5
:1050000058210A48EEF7E4FCEEF734FFEEF76EFAAB
:105010004420112804D0FEF7ECFC0120207010BDC4
:10502000FEE70000DC0000204CB6002058B600204F
:1050300010B50C460020486214F8481F21F01801F2
:1050400004F81C19411E2160227F22F007022277FA
:1050500020836083E060C4E90110090C2161616173
:1050600044F8040C14F81C0F022120F0400004F84E
:105070004809204601F0E0FD0021204600F038FEFE
:105080002046BDE8104001A100F06EBE5465787462
:105090000000000010B50146034801F025FD04465C
:1050A00001F090FD204610BD208B020810B5084687
:1050B0000C4600F00AF894F84800000702D4606A31
:1050C00000F08AFF0020606210BD10B5044690F821
:1050D0004800400603D5A06A08B100F07DFF94F8AF
:1050E000480020F0400084F848000020A06210BD75
:1050F0002DE9FF470E463F4802F0AFF9012876D16F
:105100003046FEF708FC04463046FEF742FC0546F2
:105110002A2C1CD0132C0BD0292C18D02C2C1ED0B0
:10512000152C64D104B03046BDE8F047F3F7F0BF6A
:10513000002103F01AFAB0F9080004B0C11700EB1F
:10514000917081103046BDE8F047FEF747BC00F093
:105150009DFD04B02846BDE8F04700F04BBB0021A0
:1051600003F003FA81460021284603F00EFA804638
:105170000021284603F01EFA074695F8480000244F
:10518000C10600D50124800601D544F0020428465A
:1051900002F0F7F90021284603F059FAA0F51C5156
:1051A000D13905D1688C400502D441F6FF7002E088
:1051B000284602F0E6F90097CDE9010443464A4645
:1051C00003A8696A07F074FA3046FEF7E0FBB0F90D
:1051D0000020BDF90C108A4200DD11460180B0F9B3
:1051E0000220BDF90E108A4200DD11464180BDE863
:1051F000FF870000208B02082DE9F04F8BB00D00D7
:1052000080465BD0002141F6120203F011F9298893
:1052100041F61002081A60F30F044046002103F023
:1052200007F96988081A60F31F44A14608A9404697
:1052300002F05FF9BDF82400BDF820100025401AE7
:10524000401C00B2D8F8247005902C4629464046F0
:1052500003F08BF902900021404603F0ABF9009077
:105260000021404603F091F903900298AB465E4658
:10527000B0F90800079098F84800C10600D501264B
:10528000800601D546F002060021404603F0DFF912
:10529000A0F51C51D13905D1B8F82200400501D440
:1052A00046F0040640460021D8F8242001F000FC16
:1052B00082460099079800EB010821E0FEE70020F4
:1052C000CDE90006DDE902127819059BEEF720FE14
:1052D000044407984FEA2942584482420BDC444A6E
:1052E000009469461268384690470A280BD0385D0A
:1052F00048B9641C07E008EB0B000FFA80FB254659
:10530000785D0028DBD107EB050B4FF00008BAF100
:10531000020F03D0BAF1030F16D025E0DDE9022316
:10532000611B5846009607F021FABDF82410BDF81D
:10533000202000EBD070891A491C09B201EBD17111
:105340004910A1EB60000DE0DDE90223611B584626
:10535000009607F00BFABDF82410BDF82020891A3A
:10536000491C081A0FFA80F800208DF818008246B0
:10537000049044BB2BE004AB6A4601A95846EEF703
:10538000AFFDF00706D004981BF8001006A8EEF752
:1053900067FEC0B9DDE90110009AFEF7D8FB01B243
:1053A0000FFA89F208EB010082421EDB04994A19C8
:1053B000A2421AD00AEB0502BA5CB2B1039A8A463D
:1053C00010440FFA80F804982844A042D3D3094C23
:1053D000584604992268904706462268294638466E
:1053E00090470BB03044BDE8F08FCDF810A0EEE749
:1053F00020020020240200202DE9F74F8AB05FEA46
:105400000209804664D0D8F8245040462A4600213C
:1054100001F04EFB8346287800285AD007A9404661
:1054200002F067F8BDF82000BDF81C100024401AF7
:10543000401C00B2049026462146404603F095F8F1
:1054400003900021404603F0B5F806900021404645
:1054500003F09BF802900398A2465746B0F9080063
:10546000059098F84800C10600D50127800601D5AF
:1054700047F002070021404603F0E9F8A0F51C516F
:10548000D13905D1B8F82200400501D447F004070E
:105490004B4A28460B99126890478046A85DA8B3EE
:1054A000DDE90510084409900020CDE90007DDE999
:1054B00002212819049BEEF72BFD0644B04526D3A4
:1054C000A85D18B30998344650440FFA80FAEBE708
:1054D000FEE70020A9F802005946BBF1010F07D0F2
:1054E00002290AD0BBF1030F04D1404602F049F86B
:1054F000A9F800000DB0BDE8F08F404602F041F879
:1055000000EBD0704110A9F80010F3E7FFE7B8F105
:10551000000F12D005EB080010F8010C0A2801D08A
:105520000D280AD115F8080038B9DDE90501014454
:1055300001EB0A000FFA80FA44462819CDE9007001
:10554000DDE90103A8EB0401039A07F00FF9054612
:105550000B98A04202D00298284405B2BBF1020F7A
:1055600003D0BBF1030F16D025E00097DDE901035E
:10557000311B039A07F0FAF8BDF82010BDF81C2083
:1055800000EBD070891A491C09B201EBD1714910A6
:10559000A1EB60000DE00097DDE90103311B039AE8
:1055A00007F0E4F8BDF82010BDF81C20891A491C4A
:1055B000081A284405B2A9F80050A9F802A099E7F2
:1055C00018020020406A7047006C7047C06B70473B
:1055D0002DE9F04117000D46044627D094F8480005
:1055E000000725D4204603F042FB606AEAF7ABFED1
:1055F00006463846EAF7A7FE8119491C606A00F0A2
:105600002FFD606298B1A5F57F41FF3903D10949AB
:105610000968884705463A462946606AEEF7F6FC6F
:105620002046BDE8F041002100F09EBBFEE7FEE70A
:10563000BDE8F081280200202DE9F04F95B05FEA27
:10564000010A80465FD010A9404601F052FFBDF824
:105650004400BDF840100024401A401C00B2D8F8A5
:1056600024700A9025462146404602F07EFF0390B2
:105670000021404602F09EFF00900021404602F0CB
:1056800084FF029003980021B0F908000B90404677
:10569000D8F8242001F00CFA834698F84800A14677
:1056A0004E46C10600D50126800601D546F0020609
:1056B0000021404602F0CBFFA0F51C52D13A05D1A3
:1056C000B8F82210490501D446F004060B99009859
:1056D00001EB0008385DB8B10020CDE90006DDE936
:1056E000022138190A9BEEF713FC0B990544BAF90D
:1056F000022009EB0100824206DD08EB09000FFAE7
:1057000080F92C46E6E7FEE74FF00008C146BBF102
:10571000020F03D0BBF1030F16D025E0DDE9023202
:10572000291B3819009607F021F8BDF84410BDF880
:10573000402000EBD070891A491C09B201EBD171ED
:105740004910A1EB60000DE0DDE90232291B381998
:10575000009607F00BF8BDF84410BDF84020891AF8
:10576000491C081A0FFA80F800208DF848000890AC
:1057700004940C90FDB16D1E0498A8421BD804AB94
:105780000CAA08A93846EEF7ABFBF00706D0049840
:10579000395C12A8EEF764FC0028EDD1C1460C9AE2
:1057A00008990398FEF7D3F94044BAF9001000B203
:1057B000814216DA04940C9A08990398FEF7C7F907
:1057C0000299029B0144BAF90000A9EB0302491CAB
:1057D00090420CDB4944884209DC012015B0BDE849
:1057E000F08F0299049C08440FFA80F8C4E7002067
:1057F000F4E700002DE9F04F0446406A99B0002814
:105800007ED04FF0FF3913A92046C4F8309001F044
:1058100070FEBDF85000BDF84C10401A401C0FFA45
:1058200080F80021204602F0A0FE05460021204617
:1058300002F0C0FE07460021204602F0A6FE824686
:1058400094F848000026C10600D50126800601D53F
:1058500046F002060021204602F0F9FEA0F51C5198
:10586000D13904D1608C400501D446F0040600977C
:10587000CDE9018653462A4615A8616A06F018FF4D
:10588000204603F051FE94F848004FF6FF7B00F0ED
:1058900007004FF00008022804D003287ED001281A
:1058A0007DD0DFE10021204602F0A2FB0604360C89
:1058B00008D1204601F086FEFBF75CFA032190FB3D
:1058C000F1F086B26846F9F7A1FA4FF496700094A9
:1058D000ADF83CB00C900E90BDF85010BDF84C00E7
:1058E000BDF95420081A401C002701B2914233DA56
:1058F0000020891A0790CDE90801DD48014600E043
:10590000B3E101902046F9F769FA00210A4620B177
:10591000C16A90F83E00C0F340020A9888420FDD49
:105920009DF83E000B9120F001008DF83E003AB149
:1059300040F002008DF83E00099907980791099000
:105940003046099A0799F9F7C8FA0A900D90684607
:10595000F9F7D0FA012705E0C5492046F9F712FA10
:10596000A4F84480BDF85200BDF84E10BDF9562091
:10597000401A401C00B290427EDA002F7CD1821A7D
:10598000B5F908000021101ACDE90810B9480791AF
:10599000014601902046F9F721FA01E023E0AEE04C
:1059A00000210A4620B1C16A90F83E00C0F34002CF
:1059B0000A9888420FDD9DF83E000B9120F001000F
:1059C0008DF83E003AB140F002008DF83E00099992
:1059D0000798079109903046099A0799F9F77DFAD7
:1059E0000A900D9087E00021204602F001FB06049A
:1059F000360C08D1204601F0E5FDFBF7BBF9032189
:105A000090FBF1F086B26846F9F700FA0094ADF821
:105A10003CB0BDF85000BDF84C100027401A401CA7
:105A2000BDF9541000B288422CDA202211462846D3
:105A3000FEF78DF8BDF9541000EB400008444042D9
:105A4000CDE908708A48079701903046099A07996E
:105A5000F9F743FA0A9086492046F9F7BFF900B1F1
:105A6000C06A0A99814206DD0B909DF83E0020F045
:105A700001008DF83E0000E016E06846F9F73AFABA
:105A8000012705E07A492046F9F77CF9A4F844801B
:105A9000BDF85200BDF84E10401A401CBDF956101A
:105AA00000B2884200DA37B172492046F9F76AF944
:105AB000A4F84680D6E0B5F90820002011444942F8
:105AC0000790CDE908016B480A46019030460799D6
:105AD000F9F703FA0A9067492046F9F77FF900B110
:105AE000C06A0A99814206DD0B909DF83E0020F0C5
:105AF00001008DF83E006846F9F7FCF9B2E0BDF808
:105B00005200BDF84E10401A401C01B2BDF95600BB
:105B1000814209DAB5F90810884205DD5649606A04
:105B200009688847032802D8C4F82C909AE0BDF889
:105B30005000BDF84C102E22461A11462846761CFD
:105B4000FEF705F85044A0EB80003044ADF80000AB
:105B5000BDF85200BDF84E10401A401C00B2ADF81E
:105B60000200B5F90820D11990FBF1F301FB1301F4
:105B70008A42A0EB010004DCADF802002989084448
:105B800000E0C01BADF8020069462046FFF734FB79
:105B90008146606AEAF7D7FB384A074649461268E9
:105BA000606A9047364D069005E02A6806A9606A4B
:105BB0009047A9F101090698C01CB842F5D8002504
:105BC000DFF8C0B0069EAA46606A06990844DBF872
:105BD000001088472C4A2844C5B2126806A9606A9A
:105BE0009047032D07D80698B84204D80AF1010A55
:105BF000BAF1030FE8D9616A204601EB060A0746AD
:105C0000FFF763FA042D12D9681C00F05BF9B86243
:105C100040B32A46514600F04BFAB96A01F80580B4
:105C200097F8480040F0400087F848000BE097F8EC
:105C300048002A4620F0400087F84800514607F106
:105C4000280000F035FA00202E213318626A401C2B
:105C50000328D154F9D3616AF61C09F1030001F855
:105C60000680E062204603F002F819B0BDE8F08F2C
:105C700029E9010831E90108280200201802002062
:105C80002002002010020020140200202DE9F04123
:105C90000446054690F8480000F00700012823D18B
:105CA000E96A481C20D0114A686AC91E12689047E8
:105CB000024694F848100020490601D5A16A06E082
:105CC00004F1280103E00F5C401CF754C0B26E6A77
:105CD0001318F75C002FF6D1095C104431542046AC
:105CE000FFF7F3F9781EE862BDE8F08118020020A2
:105CF00070B50D4604461A49F9F744F8194920468B
:105D0000F9F740F80020A4F84400A4F84600022D5A
:105D10000FD0032D0DD0042D0BD094F8480020F0A7
:105D2000200100BF01F0070084F84810012805D0C9
:105D30000AE094F8480040F02001F3E7E06A401CD4
:105D400002D02046FFF7A2FF94F8480065F3020056
:105D500084F848002046BDE87040FFF74BBD0000C6
:105D600029E9010831E9010870B50D46044602F041
:105D70007EFF05B9656A606AA8420CD194F84810A4
:105D8000090708D4EAF7DFFA411C606A00F068F9F5
:105D90006062D0B9FEE738B194F84810090703D41F
:105DA00000F01AF9002161622846EAF7CCFA401C9B
:105DB00000F088F8606268B12946EAF7D9FA94F8E9
:105DC000480020F0080184F848102046BDE87040E3
:105DD000FFF710BDFEE70FB470B504460598F8B1A3
:105DE000204602F044FF0598D8B1606A002530B122
:105DF00094F84810090702D400F0EEF8656206A98D
:105E00000598EEF748F9606294F8480020F0080120
:105E1000204684F84810FFF7EDFC70BC5DF814FBD9
:105E2000FEE72046F7E7016402F021BFC16302F0FC
:105E30001EBF70B5044690F848000D46000705D413
:105E4000606A18B100F0C8F80021616235B194F8B9
:105E5000480040F0080184F8481065622046BDE81B
:105E60007040FFF7C7BC00002DE9F0410A4C07461F
:105E70000A4D60680E46401CC1006060286800F052
:105E8000EFF8286038B1616800EBC10040E90276A4
:105E90000846BDE8F081FEE7E4000020DC010020B8
:105EA00010B59042029C01DB204610BD884201DC07
:105EB000184610BD521AE41A401A604390FBF2F0E3
:105EC000184410BD10B588B038B101460748406885
:105ED00006F086FA040003D005E0044808B010BDBF
:105EE000684600F095F82046F8E70000F001002031
:105EF00070B50024084E254656F8340038B100F03D
:105F00006BF806EBC40046F8345085718580641C3C
:105F1000E4B2102CF0D370BDCCB600202DE9F041D6
:105F200005000BD00022224C4FF0FF30012600BFAD
:105F300004EBC2018B79DB0703D014E00020BDE83D
:105F4000F0818988A9420ED305D104EBC200867185
:105F500054F83200F3E7002804DB04EBC0039B880D
:105F6000994200D250B2521CD2B2102AE0D300287B
:105F700005DB04EBC0018E7154F83000DFE7002729
:105F800004EBC7008079C00704D07F1CFFB2102F3C
:105F9000F6D3FEE754F83700294600F061F830B137
:105FA00004EBC7018E718D8044F83700C7E7FEE728
:105FB000CCB60020074A002152F83130834204D188
:105FC00002EBC101002088717047491CC9B2102939
:105FD000F2D37047CCB600200549884206D000288D
:105FE00004D001460248406806F0CCB97047000072
:105FF000F001002010B54FF44041034806F0B4F919
:106000000249486010BD00003CB80020F0010020AB
:1060100010B504461C22002100F0F6F80E48406836
:1060200006F0DBF922460D4906F05AFA4FF44041DA
:106030002160A06864224243B2FBF1F1C1F1640126
:10604000217638B1E16864225143B1FBF0F0C0B26F
:10605000C0F16400607610BDF0010020916001087D
:1060600010B539B1094A904208D1BDE81040084640
:10607000FFF728BFFFF7B0FF044810BD0A460146EE
:1060800002484068BDE8104006F0BDB9F0010020AC
:106090001AB11869401C186170475868401C586054
:1060A000986808449860D8688842F5D2D9607047EB
:1060B00030B500F0030401F003050346A54243D1C7
:1060C0004EE00C781C704C785C708C789C70CC78AE
:1060D000DC700C791C714C795C718C799C71CC7979
:1060E000DC710C7A1C724C7A5C728C7A9C72CC7A61
:1060F000DC720C7B1C734C7B5C738C7B9C73CC7B49
:10610000DC730C7C1C744C7C5C748C7C9C74CC7C30
:10611000DC740C7D1C754C7D5C758C7D9C75CC7D18
:10612000DC750C7E1C764C7E5C768C7E9C76CC7E00
:10613000DC760C7F1C774C7F5C778C7F9C77CC7FE8
:10614000DC772031203A2033202ABAD805E000BF7E
:1061500011F8014B03F8014B521E002AF8D130BD53
:106160004CB3C4F1040405E011F8015B521E03F8BE
:10617000015B641EFCB1002AF6D11CE010C9203A74
:1061800010C310C910C351F8084B43F8084B51F81D
:10619000044C43F8044C51F8104B43F8104B51F8A1
:1061A0000C4C43F80C4C51F8084C43F8084C51F88F
:1061B000044C43F8044C202AE0D802E010C9121F16
:1061C00010C3042AFAD804E011F8014B03F8014B7C
:1061D000521E002AF8D130BD10B5034605E000BFBD
:1061E00011F8014B03F8014B521E002AF8D110BDE3
:1061F00010B5034605E000BF11F8014B03F8014B51
:10620000521E002AF8D110BD10F0030309D0C3F1CB
:10621000040303E0521E00F8011B5B1E0BB1002AB1
:10622000F8D101EB012303EB014303EB01630EE023
:1062300008C0203A08C040F8083B40F8043C40F849
:10624000103B40F80C3C40F8083C40F8043C202A45
:10625000EED801E008C0121F042AFBD803E000BFFB
:1062600000F8011B521E002AFAD1704710F00303F8
:106270004FF0000219D0C3F1040303E0491E00F8F7
:10628000012B5B1E8BB10029F8D1704704C0203967
:1062900004C040F8082B40F8042C40F8102B40F8BC
:1062A0000C2C40F8082C40F8042C2029EED801E0F2
:1062B00004C0091F0429FBD803E000BF00F8012B2C
:1062C000491E0029FAD1704710F003024FF0FF0376
:1062D0000AD0C2F1040203E0491E00F8013B521E3D
:1062E00012B10029F8D170474FF0FF320EE004C020
:1062F000203904C040F8082B40F8042C40F8102B3B
:1063000040F80C2C40F8082C40F8042C2029EED83A
:1063100001E004C0091F0429FBD802E000F8013B9A
:10632000491E0029FAD1704710B50C46242104F10A
:106330002400EDF74DFB04F13000BDE810401C21B6
:10634000EDF746BB10B50C4601F13000EDF70DFB43
:1063500004F12400BDE81040EDF707BB2DE9F04340
:1063600097B00D46324801F078F801285DD12846F3
:10637000FDF7D1FA06462846FDF70BFB0446152E1D
:1063800053D12846FDF7CDFA81466946204601F0F3
:10639000B0F86A4649462046F0F7AAF96A464946E7
:1063A0002046F4F737FF6A4649462046F3F7A4FB38
:1063B000BDF80400BDF80010401A401C00B200EB0C
:1063C000D07040100E18BDF802100D1804A8FBF78D
:1063D00099FF4FF4003804AA4146204602F0ECFA37
:1063E000204641F20102414602F022F800B200EBE1
:1063F000D0704710204641F20402414602F018F8DE
:1064000000B200EBD070F11B4010ADF85410291A07
:10641000ADF85610F119ADF858102844ADF85A00EF
:1064200015AA04A94846FBF759FF17B0BDE8F08349
:10643000C85202082DE9F0411D4616460F46044693
:1064400000F040FAA068817E491CC9B28176A0683C
:1064500001EB41018900C068FFF702FEA168C86036
:10646000A16820B3897E6FF0030301EB41026FF056
:106470000B0101EB82028750A068C268807E00EBAE
:10648000400003EB80000B1D1654A068C268807E9C
:1064900000EB400003EB80001550A068C268807ECE
:1064A00000EB400001EB80001044BDE8F081FEE706
:1064B0007FB50C46054602F03BFC0646E00702D0DD
:1064C000284602F0D4FBE8692043E861E00702D0E7
:1064D000284602F0CCFB284602F02AFCB04202D14A
:1064E00014F0C07F07D0284601F0DEF802F059FC16
:1064F000284602F056FCE0060CD502AA694628465A
:1065000001F01AFA6946284602F0E5FB02A928467E
:1065100002F0E1FB7FBD028C11438A4201D003F0FF
:106520008DBB70472DE9F047174688464FF6FF7937
:10653000044600234A46394609F0CEFE618C002508
:106540000426C1F3C502E06809E000BF06EBC503FD
:10655000C3585FEA831C01D4DB0102D56D1CAA423B
:10656000F4D84FF0806202EB71214FEAF15161845F
:10657000C1F3C501C900FFF773FDE060608C6FF0E7
:106580000702C0F3C50009E0E16802EBC00C01EBB3
:10659000C0036144D1E900C1C3E900C1401EA84263
:1065A000F2D8E068082100EBC500FFF75FFEE16864
:1065B00041F83580E06806EBC501425867F31702E1
:1065C00042504A4639462046BDE8F04702F0C4BF73
:1065D00070B516461D460446002203F029FC2A46E3
:1065E00031462046BDE8704003F0FEBA2DE9FF4F6A
:1065F00081B093468846019803F0BCFCB8F1000FC7
:1066000003D1019801F050F88046002425460198F6
:1066100001F04AF88146002101F03EFD06460021C6
:10662000484601F025FE30440FFA80FA0021484622
:1066300001F0B8FE304400B200900021404601F065
:106640002BFD06460021404601F012FE304407B201
:106650000021404601F0A6FE304406B2BBF1000F17
:106660000FD0BBF1160F34D2DFE80BF0D511233475
:106670003F4454676913828797A1A6B5BFC5CBD1A4
:10668000FDFC0021404601F0C5FC012822D03C461B
:106690001EE0404600F075FF0246019801F0ECFF55
:1066A000014602EBD270401001EBD171A0EB61000A
:1066B0004DE0404600F065FF0246019801F0DCFF26
:1066C00002EBD271491000EBD070A1EB600009E041
:1066D0003546A0E0404600F054FF0246019801F024
:1066E000CBFF101A384404B2F2E73C461CE03044B9
:1066F00005B290E0404600F044FF0246019801F0E8
:10670000BBFF014602EBD270401001EBD171A0EB50
:10671000610007E0404600F034FF0246019801F0B6
:10672000ABFF101A384404B2404600F010FF024696
:10673000019800F078FF101AD9E73C4609E040467E
:1067400000F01FFF0246019801F096FF101A38442E
:1067500004B2404600F0FBFE0246019800F063FFE1
:1067600002EBD271491000EBD070A1EB6000BEE7E4
:10677000019800F058FF4042BAE7404601F07CFF24
:106780000246019801F078FF014602EBD2704010FA
:1067900001EBD171A0EB610007E0404601F06CFF16
:1067A0000246019801F068FF101A04B2E0E7404683
:1067B00000F039FF05462EE0404601F05DFF02463D
:1067C000019801F059FF02EBD271491000EBD07033
:1067D000A1EB600007E0404601F04EFF0246019841
:1067E00001F04AFF101A04B2E1E7019801F044FFFA
:1067F000404204B20FE0019801F03EFF404204B273
:1068000041E0019801F038FF404204B24EE04046BA
:1068100001F032FF04460021484601F0FBFB01284D
:1068200048464CD000F0A6FFB8F8142004990A445A
:10683000B9F81410511A0144A1EB0A00204404B223
:10684000484601F063F8B8F816200E990A44B9F8E2
:106850001610511A014400980022081A284405B263
:10686000012101E01EE00AE0019803F0E1FA01983D
:1068700005B02A462146BDE8F04F03F0B5B94046C1
:1068800001F0FAFE0446404600F0CDFE02460198B3
:1068900000F0C9FE02EBD271491000EBD070A1EB01
:1068A000600025E7404601F0E7FE0446404600F060
:1068B000BAFE0246019800F0B6FE101A18E700F082
:1068C000B9FFB1E710B504468068002813D10B4822
:1068D0004168491C41601C20FFF7F4FAA06058B1E0
:1068E0001C21FFF7C3FCA1680F204876A068017E39
:1068F00041F00301017610BDFEE70000DC0000203E
:106900002DE9FC410E460546012101F0E2FEE0BB07
:10691000284600F0CDFE044600F054FE0746FAF784
:106920006BFAA0420ED03846FAF76EFAA04209D0B0
:106930003846FAF74FFAA04204D03846FAF742FA3E
:10694000A04232D14FF400273946284601F0C1FE5B
:1069500028BB2846EDF7CBF8044605F1140168463C
:10696000F8F733FFBDF80000001BADF80000BDF8DC
:106970000200001BADF80200BDF804002044ADF891
:106980000400BDF80600204400E00EE0ADF806006B
:1069900031466A460846EBF7ADFF002806D0284688
:1069A00014E0012101F095FE10B10020BDE8FC814A
:1069B0003946204601F08DFE38B9314604F1140203
:1069C0000846EBF797FF0028F0D0204600F06CFE59
:1069D0000400E6D10120E9E72DE9F0410E46074623
:1069E000002501F0AFFD040035D03146384601F0F6
:1069F0009BFD02282FD904EBD470012101EB600428
:106A00003146384601F097FD20440FFA80F83146B0
:106A1000384601F07BFD04463146384601F07DFDE5
:106A2000002C01DD214600E06142002801DD024624
:106A300000E04242914205DD002C01DD204604E0E9
:106A4000604202E0002800DC4042404400B20028DE
:106A500000DA284605463146384601F0A7FB040017
:106A60000ED03146384601F093FB022808D9314652
:106A7000384601F094FB2044A84200DB05462DB2C5
:106A80003846314640F60A0201F0D2FC04B23846DC
:106A9000314640F60B0201F0CBFC00B2844200DC30
:106AA0000446002C01DD281905B22846BDE8F08116
:106AB00070B50D46064641F25D4201F0B9FCC4B224
:106AC0003046294641F26A4201F0B2FC04B9012481
:106AD000204670BD002803D00068884201D1012003
:106AE00070470020704700002DE9F0410D46074631
:106AF0000026334900E00068B8B182690A42FAD042
:106B00008069C0F30F108046FFF7DCF9041E4BD0FC
:106B10004146FFF7ABFBC4E900754FF001086FF089
:106B2000030725B1A86848B32BE03046EBE7FAF736
:106B30001BF9051E38D0EA68C2B1686A401C8100A2
:106B400068621046FFF78CFAE860696A07EB81011A
:106B50004450A682E6820020FAF71EF9401E2083E8
:106B60000020FAF75FF9401E60831CE00420FFF765
:106B7000A9F9E8600460C5F82480EAE72846FFF731
:106B8000A1FEA868016889B14168491C4160A868F4
:106B900089000068FFF764FAA9680860A968496875
:106BA00007EB810144502046BDE8F0810420FFF747
:106BB00089F9A96808600460A968C1F80480F2E74F
:106BC000F0FF0F0070B5054602F0EBF8002000F072
:106BD000A1FA284605F0F4F9284600F06FF80120E4
:106BE00000F098FA4FF6FF724FF47021284602F039
:106BF000B3FC284602F098FCFDF7EAFA030007D040
:106C0000284602F087F818B129461846FDF752FACF
:106C1000284600F049FD04000DD02A462221FCF749
:106C2000BDFE2A4623212046FCF7B8FE2846BDE8D3
:106C3000704002F01CB870BD7FB50C46064602F0ED
:106C400077F80546E0060CD502AA6946304600F002
:106C500073FE6946304602F03EF802A9304602F063
:106C60003AF8F069A043F061E0070ED0304601F039
:106C7000FEFF304602F05CF838B1304600F014FDFB
:106C800002F08FF8304602F08CF8304602F050F8EF
:106C9000A84202D114F0C07F07D0304600F004FDB6
:106CA00004B0BDE8704002F07CB87FBD028C22EADF
:106CB00001018A4201D002F0C1BF704770B504687B
:106CC0000546206818B128602846FFF7F7FF2C60BA
:106CD00062682046002A03D02946BDE8704010476C
:106CE00070BD2DE9F0414D680C46FDB1284600F01D
:106CF00041FD0646284600F009FE074628460021C9
:106D000041F6100201F094FBE98A41F612020844B0
:106D1000C01BE082401E60832846002101F088FBF2
:106D2000A98A0844801BA082401E208341F20200F1
:106D3000E061002D04D043F2020043F20230E06132
:106D400040F0740040F40060E06102D040F4004084
:106D5000E061BDE8F081000010B501460348FFF78F
:106D6000C3FE0446FFF72EFF204610BDF850020870
:106D700070B5054601F07BFF284600F095FC040045
:106D800001D002F035FE2846A4B106F08AFA0021AF
:106D9000204602F01DF9204602F02AFE00222221A0
:106DA0002046FCF7FBFD2046BDE870400022242170
:106DB000FCF7F4BD00F006FC040007D02069A842EF
:106DC000284604D106F06DFA0020206170BDBDE8B0
:106DD000704006F066BA000070B50C460846EBF746
:106DE000B1FF002000F096F92046144A002102F07D
:106DF00011FC012000F08EF900212046F7F7C2FFB8
:106E0000204600F00BFC10B12046FDF70BFAA068FD
:106E1000002811D00068002518B1FFF7DDF8A06840
:106E20000560A068C06818B1FFF7D6F8A068C56013
:106E3000A068FFF7D1F8A56070BD0000FFFF0F004C
:106E40002DE9F047A2B08046FCF765FD06464046B6
:106E5000FCF79FFD012700240546122E72D0DFF8B3
:106E6000A092152E6CD0182E7AD14046FCF759FD11
:106E7000824601462846F3F79DFB0021284601F093
:106E80002EF950B105F59070FBF700FA060004D01A
:106E9000FAF7E0FE3046FFF78DF80021284601F0B2
:106EA000F3F800285CD002A8FBF72CFA8DF80B4011
:106EB0008DF822408DF832408DF83E4002AA002124
:106EC000284601F079FD0021284601F09DFB80460F
:106ED0000021284601F08AFB064605F114016846A8
:106EE000F8F76AFCBDF80010A1EB0800BDF804102B
:106EF000ADF8000001EB0800ADF80400BDF8020099
:106F00005146801BADF80200BDF806003044ADF8D4
:106F1000060010A800F0F6F802A8149068461D9428
:106F2000CDE91270CDF8449010AA1A212846FCF73A
:106F300035FD6A4602A95046FBF7D0F9DAE001E0D8
:106F40005BE00DE04046FCF722FD06460078022893
:106F500006D00021284601F0C2F820B1022030708E
:106F600022B0BDE8F0870021284601F0C9FA824628
:106F70000021284601F048FB81460021284601F007
:106F800035FB804605F114016846F8F715FCBDF89D
:106F900000105246A1EB0900BDF80410ADF8000046
:106FA00001EB0900BDF80210ADF80400A1EB0800E8
:106FB000BDF80610ADF8020001EB0800ADF80600C0
:106FC00069467068EBF7BEFC98B10021284601F0D5
:106FD0004FF8FD280DD328460021682201F028FA39
:106FE00010F0FF0F05D10021284601F0BCF8FD2864
:106FF00001D23770B4E73470B2E74046FCF791FC39
:10700000804602A8FBF77EF90021284601F03CF8F3
:1070100028B19DF82B0040F001008DF82B0002AA4A
:107020000021284601F0C8FC0021284601F0ECFAB6
:1070300006460021284601F0D9FA074605F1140159
:107040008A466846F8F7B8FBBDF800004146801B49
:10705000ADF80000BDF804003044ADF80400BDF800
:107060000200C01BADF80200BDF806003844ADF8C0
:10707000060010A800F046F802A814906846CDE972
:107080001240CDF8449010AA1A2128461D94FCF70E
:1070900085FC0021284601F022F830B1BDF8080037
:1070A00018B1069E0127069401E0069E00276A4655
:1070B00002A94046FBF712F9E7B11820FEF72EFFB0
:1070C0000746BDF9082000235146FBF74BF805F5AC
:1070D00090713846FAF7FAFB66B18DF80B408DF8DF
:1070E0002A408DF832408DF83E406A4602A940465B
:1070F000069621E710AA1B212846FCF74FFC2FE734
:10710000F850020870B50D4604464821FFF7AEF866
:10711000256070BD0149087070470000EC00002038
:107120002DE9FF4188460846FCF7F5FB044640463A
:10713000FCF7F5FB0546012C21D0082C21D0032CAF
:107140003CD02A2C3CD00D2C4AD00E2C7ED0092CC1
:107150007DD00A2C7CD00F2C7BD0292C7AD0222CED
:1071600079D0132C78D0152C03D0182C01D0122CE8
:1071700034D104B04046BDE8F041FFF761BE2021A4
:10718000F9E02021FFF792FD4046FCF700FCFDF7F7
:107190000AFE002822D10821284601F09AFA002888
:1071A0001CD095F820004FF00101C007284602D0FE
:1071B000FFF77CFD30E0FFF7AEF92DE02021F7E08E
:1071C00000F073F90646002406E0A868006850F84D
:1071D000240001F0E6FD641CB442F6D3BDE8FF8153
:1071E000082101F076FAF8B14046FCF7D0FB0478AC
:1071F000132C06D0112C04D0142C07D0122C05D03F
:1072000008E001212846FFF786F903E0012128461E
:10721000FFF74CFD0A2CE1D004B02846BDE8F04150
:1072200000221C21FCF7BABB4FF40161284601F093
:1072300050FA0028D2D0284601F05FFD0028CDD1B9
:107240000027284600F096FA064606E069E091E03D
:1072500096E0ACE0B1E0CDE0F0E0284600F0EAFADC
:1072600004464046FCF793FB007812281BD01128F7
:107270000CD013282BD01428B0D1284600F072FA75
:10728000800703D0002E38DC002C36DC284600F0C6
:10729000CAF90446284600F047FBE11704EB917158
:1072A000A0EBA1000BE0284600F0BDF904462846FB
:1072B00000F03AFBE11704EB917100EBA10001B281
:1072C00004B03A462846BDE8F04102F07BBB2846B0
:1072D00000F048FA8007E6D0002E01DC002CE2DD49
:1072E000284601F0C9F90446284600F016FBE117CC
:1072F00004EB917100EBA1000BE0284601F0BCF912
:107300000446284600F009FBE11704EB9171A0EB5D
:10731000A10001B204B03A462846BDE8F04102F0AF
:107320003BBB4FF4806101F0D4F918B1012128462C
:1073300002F015FB284600F071F9FCF74FFF0646F6
:107340000224FDF7FBFC10B94046FCF7FBFAFDF701
:1073500036FD022801D0042800D106241EB144F0D5
:107360000801284607E021462846FFF7D4F80821FF
:1073700028461DE0402104B0BDE8F041FFF7CBB83E
:107380004021FFF793FC284600F0FEFD02287FF421
:1073900025AF02AA6946284600F0CEFA694628467B
:1073A00001F099FC02A9284601F095FC16E70E2190
:1073B00004B0BDE8F041FFF779BC002100F00AFEFF
:1073C00004460021284600F0B2FE204302D02846A1
:1073D00001F0E7FC284600F068F80646002406E0C5
:1073E000A868006850F8240001F0DBFC641CB4427B
:1073F000F6D3F3E6002141F2010201F019F806B2DA
:107400002846002141F2040201F012F804B20021E2
:10741000284600F0DFFD07460021284600F087FEE1
:10742000384305D142F2D170864201D08442BDD1A9
:1074300004B02846BDE8F04101F0B3BC4046FCF77B
:10744000A6FA044600212846FFF7C6FAB4F9001050
:10745000814200DD08462080C0E610B50C4600B928
:107460006068006868B101690029FAD00021E16014
:10747000026921469047217E0120C90700D00020E3
:1074800010BD012010BD8068002809D0002902DA53
:107490004268511803D443680A468B4201D8002041
:1074A0007047006850F8220070478068002800D0BC
:1074B0004068704770B50C46054600F1140120463F
:1074C000F8F783F9A868002812D02188808A081A62
:1074D0002080A968A088898A0844A080A96860885B
:1074E000898A401A6080A968E088898A0844E08017
:1074F00070BD70B50C460546002100F0CDFD064676
:107500002146284600F057F8704202B21146204644
:10751000F8F7EAF90021284600F0AAFE218808447D
:1075200020800021284600F0E9FEA188081AA080EA
:107530000021284600F036FF618808446080002161
:10754000284600F041FEE188081AE08070BD70B561
:107550000446002100F026FF05460021204600F0E9
:1075600033FE06460021204600F096FD02462046E6
:1075700000F059F8401B801B514200EB410000B263
:1075800070BD70B50446002100F072FE0546002172
:10759000204600F0B3FE06460021204600F07CFDA8
:1075A0000246204601F068F8401B801B514200EB68
:1075B000410000B270BD0A4600F114011046F8F710
:1075C00004B9000010B5416809B100F071F8044633
:1075D0000A48ECF7E0F90EE00021426A05E0C368D2
:1075E00053F82130A34208D0491C8A42F7D80146FB
:1075F0000248ECF7E2F90028EED110BD4CB60020AD
:107600008068002803D0827E8A4201D8002070471B
:10761000C06801EB410100EB8100704780680028E1
:1076200000D080687047418BC08A081A401C00B2A5
:10763000704770B5064600F037F8050001D0002409
:107640000AE0002070BD21462846FFF71CFFB0422B
:1076500001D1204670BD641C2846FFF726FFA042DA
:10766000F1D84FF0FF3070BDF0B4468C00240425F3
:10767000C6F3C50613E000BFC76805EBC40C57F896
:107680000C705FEAC71C09D527F07F479F4205D1E0
:10769000C06850F83400F0BC03F08EBC641CA642F5
:1076A000EAD8F0BC00207047002800D0406870473E
:1076B00000B50146FFF7F8FF0028FAD1084600BDE3
:1076C0002DE9F047DFF8948006464446FFF7EDFECB
:1076D00007460025DFF888A00EE0B0685146006834
:1076E00050F82500814600F0FBFF20B9B9F91A00D7
:1076F000A04200DB04466D1CBD42EED300213046A3
:1077000000F057FE81460021304600F064FD074638
:107710000021304600F0C7FC0546444504D0708B7C
:10772000C01B401B201A04B2304600F035FC8046D6
:107730003046FFF778FFA0EB0900C01B694200EB61
:107740004101A8EB0101304600F0EEF8081A00B242
:10775000844200DD2046BDE8F087000001E0FFFF25
:1077600001000400806818B1407E00F00F007047EF
:107770000F2070472DE9F84F0646002100F051FC1C
:10778000012807D0B068002802D0008A404200B229
:10779000BDE8F88F0021304600F0B7FD00900021D1
:1077A000304600F06CFD81460021304600F07BFC45
:1077B000804641F6FF7A54463046FFF776FE07468C
:1077C00000250EE0B0681949006850F8250083468E
:1077D00000F086FF20B9BBF91400A04200DC04468B
:1077E0006D1CBD42EED3544506D0B28A09EB0800A9
:1077F0001044001B04B200E00D4C304600F0DAFBF0
:107800000546304600F038FF0099411AA1EB090106
:10781000C8F1000001EB4000291A304600F07DF865
:10782000084400B28442B3DD2046B1E70100040001
:1078300001E0FFFF2DE9F0470646002100F0F1FBD3
:1078400001280AD0DFF8A08030464446FFF72DFE1D
:1078500007460025DFF894A015E0B068002801D0A5
:10786000B0F91000BDE8F087B0685146006850F8E4
:107870002500814600F034FF20B9B9F91800A04274
:1078800000DB04466D1CBD42EED30021304600F003
:107890003CFD07460021304600F0F1FC8146002106
:1078A000304600F000FC0546444504D0308BC01B38
:1078B000401B201A04B2304600F07CFB8046304664
:1078C00000F0DAFEC11BA1EB0900694200EB4101A7
:1078D000A8EB0101304600F020F8081A00B28442FB
:1078E000C0DD2046BEE7000001E0FFFF010004000C
:1078F0008068002802D0007EC0F381007047806855
:10790000002802D0007EC0F3011070478068002874
:1079100002D0408A404200B270478068002802D0FE
:10792000008A404200B270478068002802D0408A36
:10793000404200B2704700002DE9F04F91B016466A
:107940000C464FF0FF37054600223B4611462046C5
:107950000097F7F7E3FF00223B46114630460097B9
:10796000F7F7DCFF1021284600F0B3FE002816D000
:10797000284600F009FB070011D00020FDF7E4F9CC
:107980008046022F08D010E0FDF70DFAA84209D07A
:107990004046FDF7D9F98046B8F1000FF4D111B097
:1079A000BDE8F08FB8F1000FF9D02846FFF7AEFF21
:1079B00005902846FFF784FE0C902846FFF7DAFE74
:1079C0000A902846FFF736FF08902846FFF7CAFEC0
:1079D0008146002019F00C0F009014D0012F10D018
:1079E000032F02D0022F07D00DE00598002808DCF5
:1079F0000C98002805DC06E04046FDF7C5F90C2888
:107A000001D101200090002009905FEA897014D014
:107A1000012F10D0032F02D0022F07D00DE00A98BB
:107A2000002808DC0898002805DC06E04046FDF741
:107A3000ABF9032801D10120099000990998084366
:107A4000ADD04FF480373946284600F0EAFA0128D5
:107A500000D000200E903946284600F0AAFC06907F
:107A60003946284600F0B7FB0F903946284600F00B
:107A700006FC80463946284600F047FC81462846E9
:107A800041F20102394600F0D3FC0FFA80FB284690
:107A9000FFF7C9FD0490284600F0EEFD0390009822
:107AA00000B158468246099800B1584610902846C1
:107AB0003946212200F0BCFCC0B2022808D2284678
:107AC0003946312200F0B4FCC0B20228FFF467AF9F
:107AD000DDE9040101440C98A027084400B20B9092
:107AE0000098002870D00B980028FBD0E88A70809E
:107AF000688BF0800E9840B1A98A01EB08003080B5
:107B0000ABF101010844B08007E0298BA1EB09002B
:107B1000B080A0EB0B00401C308006990498411AFD
:107B20000F98091A1098081A0499009048430B9965
:107B300090FBF1F000B205900020F9F71BF900EB83
:107B40008001502000EB4100B0F5A07F0ADB00204F
:107B5000F9F710F900EB8001502000EB410090FB99
:107B6000F7F000E001200599884201DA084616E0A6
:107B70000020F9F7FFF800EB8001502000EB4100F6
:107B8000B0F5A07F0ADB0020F9F7F4F800EB8001E4
:107B9000502000EB410090FBF7F000E0012000993D
:107BA00000B2091A0AB2049B0B99C91A09B200293A
:107BB0000BDCE98A069808447080698B0F98091AD3
:107BC0001098081A401EF08090E00C9B12FB03F303
:107BD00093FBF1F1511A069AEB8A1144194409B248
:107BE000401E71800844F080B5F9162006981044B4
:107BF000814238DA70800020F9F7BCF800EB800190
:107C0000502000EB4100B0F5A07F0ADB0020F9F71F
:107C1000B1F800EB8001502000EB410090FBF7F041
:107C200000E00120B6F902100844B6F906108842B7
:107C300019DD0020F9F79EF800EB8001502000EBE1
:107C40004100B0F5A07F0ADB0020F9F793F800EBC4
:107C50008001502000EB410090FBF7F000E0012094
:107C600071880844F080B5F91A201098B6F906100A
:107C7000121A0F98101A814238DDF0800020F9F7AF
:107C800079F800EB8001502000EB4100B0F5A07FB7
:107C90000ADB0020F9F76EF800EB8001502000EBC2
:107CA000410090FBF7F000E00120B6F90610081A39
:107CB000B6F90210884219DA0020F9F75BF800EBF8
:107CC0008001502000EB4100B0F5A07F0ADB0020CE
:107CD000F9F750F800EB8001502000EB410090FBD9
:107CE000F7F000E00120F188081A70800A990398E3
:107CF00001440898084400B20490099800283FF411
:107D00004EAE04980028FAD0698B0F98081AE080CC
:107D1000A0EB0B00401C6080A88A2080288BA080EC
:107D20000399A1EB0801A1EB0901A1EB0A0003995A
:107D300000904843049990FBF1F000B202900020BB
:107D4000F9F718F800EB8000502606EB40004FF4DE
:107D5000A07B584509DB0020F9F70CF800EB800008
:107D600006EB400090FBF7F000E00120029988420A
:107D700001DA084613E00020F8F7FCFF00EB800072
:107D800006EB4000584509DB0020F8F7F3FF00EB55
:107D9000800006EB400090FBF7F000E00120009926
:107DA00000B2091A0AB2DDE90331C91A09B2002981
:107DB00016DCA98A0E9840B14144AAF1010008449A
:107DC0002080298BA1EB090008E001EB080020804E
:107DD000298BA1EB0901A1EB0A00401EA080DEE582
:107DE000089B12FB03F393FBF1F1511A0E9A09B2AF
:107DF000EAB3AA8A401E531808EB0A02991809B27E
:107E000021800844A080B5F914001044884233DD75
:107E100020800020F8F7AEFF00EB800006EB40006A
:107E2000584509DB0020F8F7A5FF00EB800006EBC2
:107E3000400090FBF7F000E00120B4F90010084486
:107E4000B4F90410884217DD0020F8F793FF00EB27
:107E5000800006EB400058450ADB0020F8F78AFF57
:107E600000EB800006EB400090FBF7F001E03AE009
:107E7000012021880844A080B4F90410B5F9182025
:107E800078E0A0800020F8F775FF00EB800006EB9B
:107E900040005D46A84273DB0020F8F76BFF00EB63
:107EA000800006EB400090FBF7F000BFB4F904102F
:107EB000081AB4F90010884291DA0020F8F75AFF46
:107EC00000EB800006EB4000A8425BDB0020F8F7E7
:107ED00051FF00EB800006EB400090FBF7F0A1881B
:107EE000081A20805BE5AB8A4144194409B2401E60
:107EF00021800844A080B5F9142002EB08008142DB
:107F000032DA20800020F8F735FF00EB800006EB26
:107F10004000584509DB0020F8F72CFF00EB8000FB
:107F200006EB400090FBF7F000E00120B4F90010F0
:107F30000844B4F90410884216DD0020F8F71AFF4F
:107F400000EB800006EB4000584509DB0020F8F705
:107F500011FF00EB800006EB400090FBF7F000E023
:107F6000012021880844A080B5F91820B4F9041034
:107F7000A2EB0A02A2EB0900814282DC0FE5FFE7D7
:107F8000012093E70120AAE7806818B1007E00F085
:107F9000030070470320704708B505496A464968E1
:107FA00000912C21FBF7FAFCBDF9020008BD00008E
:107FB0001451020808B505496A46096800912C2148
:107FC000FBF7ECFCBDF9000008BD000014510208ED
:107FD000008C704710B541F2090200F029FAC0B2D6
:107FE00010BD10B541F2090200F022FAC0B210BD76
:107FF000662200F01DBA10B5512200F019FA0028CF
:1080000000D0012010BD10B54FF4056200F010FA49
:1080100000B210BD10B541F26A4200F009FAC0B2D8
:1080200010BD10B541F26A4200F002FAC0B210BDB4
:1080300010B541F26A4200F0FBF9C0B210BD10B5B4
:1080400041F26A4200F0F4F9C0B210BD10B541F23D
:108050006A4200F0EDF9C0B210BD10B541F26A42BB
:1080600000F0E6F9C0B210BD44F2200200F0E0B921
:1080700010B5212200F0DCF9C0B210BD10B56822A5
:1080800000F0D6F9C0B210BD10B5342200F0D0F91E
:10809000002800D0012010BD10B541F2320200F0DE
:1080A000C7F900B210BD10B541F2320200F0C0F9BC
:1080B00000B210BD10B541F2320200F0B9F900B2C1
:1080C00010BD10B541F2320200F0B2F900B210BD9D
:1080D00010B541F2320200F0ABF900B210BD10B59C
:1080E000612200F0A5F9002800D0012010BD000099
:1080F000034A10B5128900F09BF9C0B210BD000010
:108100000C01002010B541F2040200F091F900B218
:1081100010BD10B541F2040200F08AF900B210BDA2
:1081200010B541F2040200F083F900B210BD10B5A1
:1081300041F2690200F07CF980B210BD10B541F245
:10814000690200F075F980B210BD10B541F2060267
:1081500000F06EF900B210BD10B541F2050200F05A
:1081600067F900B210BD10B540F2624200F060F94C
:10817000C0B210BD10B540F2624200F059F9C0B271
:1081800010BD10B540F2624200F052F9C0B210BD0D
:1081900010B540F63C0200F04BF9C0B210BD10B56E
:1081A00040F63D0200F044F900B210BD10B540F6B3
:1081B0003A0200F03DF900B210BD10B541F61102CF
:1081C00000F036F900B210BD10B541F6110200F012
:1081D0002FF900B210BD10B541F6110200F028F9D8
:1081E00000B210BD10B541F6110200F021F900B245
:1081F00010BD10B541F6110200F01AF900B210BD21
:1082000010B541F6110200F013F900B210BD10B51F
:1082100041F6110200F00CF900B210BD10B541F6A4
:10822000110200F005F900B210BD10B541F61102BF
:1082300000F0FEF800B210BD10B541F6150200F0D6
:10824000F7F800B210BD10B541F6150200F0F0F8D5
:1082500000B210BD10B541F6150200F0E9F800B209
:1082600010BD10B541F6120200F0E2F800B210BDE8
:1082700010B541F6120200F0DBF800B210BD10B5E7
:1082800041F6120200F0D4F800B210BD10B541F66C
:10829000120200F0CDF800B210BD10B541F6120286
:1082A00000F0C6F800B210BD10B541F6120200F0A1
:1082B000BFF800B210BD10B541F6120200F0B8F8D8
:1082C00000B210BD10B541F6120200F0B1F800B2D4
:1082D00010BD10B541F6120200F0AAF800B210BDB0
:1082E00010B541F6120200F0A3F800B210BD10B5AF
:1082F00041F6130200F09CF800B210BD10B541F633
:10830000130200F095F800B210BD10B541F613024B
:1083100000F08EF800B210BD10B541F6130200F067
:1083200087F800B210BD10B541F6130200F080F8D6
:1083300000B210BD10B541F6130200F079F800B29A
:1083400010BD10B541F6130200F072F800B210BD76
:1083500010B541F6130200F06BF800B210BD10B575
:1083600041F6130200F064F800B210BD10B541F6FA
:10837000140200F05DF800B210BD10B541F6140211
:1083800000F056F800B210BD10B541F6140200F02E
:108390004FF800B210BD10B541F6100200F048F8D9
:1083A00000B210BD10B541F6100200F041F800B265
:1083B00010BD10B541F6100200F03AF800B210BD41
:1083C00010B541F6100200F033F800B210BD10B540
:1083D00041F6100200F02CF800B210BD10B541F6C5
:1083E000100200F025F800B210BD10B541F61002E1
:1083F00000F01EF800B210BD10B541F6100200F0FA
:1084000017F800B210BD10B541F6100200F010F8D8
:1084100000B210BD10B541F6100200F009F800B22C
:1084200010BD10B541F6100200F002F800B210BD08
:108430002DE9F04186B00C4606461546C2F3802869
:10844000C2F380379FB122F4804510E002AB2A4688
:1084500021463046F4F74FFE60BBB8F1000F08D05C
:108460000CB1002403E03046FFF71EF90646002E4B
:10847000ECD13CB941F201018D4207D0A5F5805005
:10848000043803D0284602F0D1FD12E0306807E03E
:108490008D4202D1828A3AB901E0C28A12B90068DB
:1084A0000028F5D18D4202D1B0F9140001E0B0F9F5
:1084B0001600029017B30298350000901AD030468B
:1084C00021466322FFF7B4FF060012D0306880B166
:1084D000284621466422FFF7ABFF10F0FF0208D0C8
:1084E00033683046009998470190BDF80400ADF814
:1084F00000000098029006B0BDE8F0810298FAE70B
:1085000010B56022FFF794FF00B210BD10B540F621
:108510004102FFF78DFF00B210BD10B540F64202D8
:10852000FFF786FF00B210BD10B540F64502FFF719
:108530007FFFC0B210BD10B540F64302FFF778FFD1
:1085400000B210BD10B54FF40462FFF771FF00B226
:1085500010BD44F25742FFF76BBF41F25942FFF79B
:1085600067BF41F25942FFF763BF41F25942FFF73B
:108570005FBF41F25942FFF75BBF41F25942FFF73B
:1085800057BF41F25942FFF753BF10B541F25A426B
:10859000FFF74EFF00B210BD10B541F25A42FFF78F
:1085A00047FF00B210BD10B541F25B42FFF740FF3C
:1085B00000B210BD10B541F25B42FFF739FF00B2C7
:1085C00010BD10B541F25B42FFF732FF00B210BDA3
:1085D00010B541F25B42FFF72BFF00B210BD10B5A2
:1085E00041F25B42FFF724FF00B210BD10B540F628
:1085F0000B02FFF71DFF00B210BD10B540F60B02D5
:10860000FFF716FF00B210BD10B540F60A02FFF7E3
:108610000FFF00B210BD10B540F60A02FFF708FFC9
:1086200000B210BD10B541F20102FFF701FF00B228
:1086300010BD10B541F20102FFF7FAFE00B210BD05
:1086400010B541F20102FFF7F3FE00B210BD10B504
:1086500041F20102FFF7ECFE00B210BD10B541F28D
:108660000702FFF7E5FE00B210BD10B541F20802A7
:10867000FFF7DEFE00B210BD018B808A081A401C95
:1086800000B2704770B50546FFF70EF8040012D02F
:10869000E88AE18A451A2046FFF746F90544002199
:1086A0002046FFF77FFE2D1A00212046FFF7F4FC3D
:1086B000281A00B270BDB5F9160070BD10B5044699
:1086C000FFF7E0FF02462046FEF7ADFF104400B280
:1086D00010BDC069814301D0002070470120704760
:1086E000C069084000D001207047008C084000D0CD
:1086F000012070477FB50D4606460221FFF7E9FFCE
:10870000002820D080213046FFF7EFFFE8B902A90A
:108710003046FEF7CFFE0022294602A8EAF7D2F93A
:10872000040012D04FF480313046FFF7D2FF70B111
:1087300001208DF8040000956A4611213046FBF7B0
:108740002DF99DF8040004B070BD0020FBE7204621
:10875000F9E7F8B514460D4606464FF40562FFF7F3
:1087600067FE00B26080002839D030462946532287
:10877000FFF75EFEC0B22073022830D9294630468A
:10878000FFF7F8FCFD2804D2217B11FB00F0000A62
:108790002073207B022822D93046294644F2520217
:1087A000FFF746FE0090BDF80000208030462946C5
:1087B0005422FFF73DFEA060304629465122FFF7C4
:1087C00037FE00B10120617B60F3820161732946AD
:1087D0003046FFF753FC617B60F301016173F8BD24
:1087E000F8B514460E4605464622FFF721FEC0B2F4
:1087F000E07202283CD931462846FFF7BBFCFD2831
:1088000004D2E17A11FB00F0000AE072E07A02285B
:108810002ED9002020804FF480706080288BA98A98
:108820004822401A401C00B200EBD0704010A080DB
:10883000688BE98A401A401C00B200EBD0704010EF
:10884000E08028463146FFF7F3FD10F0FF00A072EC
:1088500009D02846314644F24702FFF7E9FD00906F
:10886000BDF80000208131462846FFF707FC207341
:10887000F8BDF8B514460D4606464FF48B62FFF777
:10888000D7FDC0B2A076022841D929463046FFF76D
:1088900071FCFD2804D2A17E11FB00F0000AA07635
:1088A000A07E022833D929463046FFF752FE0090B9
:1088B000BDF80000A0813046294641F25A42FFF738
:1088C000B7FDA0823046294641F25B42FFF7B0FD7A
:1088D00060823046294640F25C42FFF7A9FDA17F45
:1088E00060F30201A17729463046FFF7C7FBA17F5D
:1088F00060F3C501A17729463046FFF72EFE2060C0
:108900003046294641F25D42FFF792FD2077F8BDDF
:10891000F8B514460D46064640F64902FFF788FDB5
:1089200000B26080002846D0304629464E22FFF72C
:108930007FFDC0B2207202283DD929463046FFF79C
:1089400019FCFD2804D2217A11FB00F0000A2072E4
:10895000207A02282FD93046294644F24D02FFF7EB
:1089600067FD0090BDF800002080304629464A226D
:10897000FFF75EFD00B2A08028B1304629464B22A9
:10898000FFF756FDE080304629464C22FFF750FDA8
:1089900008B1012100E00021607A61F382008108C2
:1089A00061F3C300607229463046FFF767FB617AC6
:1089B00060F301016172F8BD2DE9F84314460D46DC
:1089C00006466022FFF734FD208025B12946304657
:1089D000FFF7D0FB00E0FF20804629463046FFF736
:1089E000C9FB0746022802D9B8F1020F09D80020B6
:1089F000E07084F8220084F8360084F82A00BDE88C
:108A0000F88329463046FFF739FBA070E07800284C
:108A100051D0304629462122FFF70AFDC0B2E0704E
:108A2000022848D929463046FFF71EFB0090BDF8C2
:108A30000000A080304629462622FFF7F9FC0100FD
:108A400007D0487A400704D00A22A01DFDF730FB6A
:108A500031E0304629462322FFF7EAFCE17B60F350
:108A60000201E17348071DD029463046FFF7FCFAA2
:108A70000090BDF80000E0803046294644F2220212
:108A8000FFF7D6FC0090BDF8000060813046294613
:108A90002422FFF7CDFC2072304629462522FFF71D
:108AA000C7FC2073304629462722FFF7C1FCE17B33
:108AB00060F3C501E1733046294641F23202FFF707
:108AC000B7FC00B2208408B394F82200F0B130461D
:108AD00029463122FFF7ACFCC0B284F822000228FC
:108AE00014D9304629463322FFF7A2FC94F823100C
:108AF00044F2300260F3450184F8231030462946E1
:108B0000FFF796FC0090BDF80000E0832946304650
:108B1000FFF74CFBE084C8B194F82A00B0B12946B5
:108B20003046FFF735FB84F82A0002280ED9294683
:108B30003046FFF734FB20853046294644F23B029D
:108B4000FFF776FC0090BDF80000A084A07E68B31B
:108B50003046294640F62802FFF76AFC206128B318
:108B6000304629462922FFF763FCC0B2A0760228CE
:108B70001CD92069FCF799F802286AD030462946AA
:108B800044F22A02FFF754FC0090BDF80000208355
:108B9000304629462B22FFF74BFCE076304629462B
:108BA0002C22FFF745FC00B10120207794F8360015
:108BB00050B329463046FFF7C5FCE08520B394F852
:108BC0003600022820D929463046FFF7ADFC84F84C
:108BD0003600022818D929463046FFF797FC208630
:108BE00029463046FFF799FC608629463046FFF754
:108BF000A2FCA0863046294644F24402FFF718FC46
:108C00000090BDF80000A085B8F1FD0F02D218FB5E
:108C100007F0070AFD2FBFF4F2AE14F8030F10FBA4
:108C200007F0000A04F8140BE07810FB07F0000AC4
:108C3000E070E07A10FB07F0000AE072E07F10FBC2
:108C400007F0000AE077E07C10FB07F0000AE07410
:108C5000D5E629463046FFF780FC6061294630465C
:108C6000FFF777FC0090BDF8000020839EE77CB5FD
:108C700005464FF4002403E02846FEF715FD05469F
:108C8000FEF712FD28B121462846FFF722FD0028F5
:108C9000F2D12846EAF72BFF044605F11401684695
:108CA000F6F793FDBDF800006946001BADF8000023
:108CB000BDF80200001BADF80200BDF8040020441E
:108CC000ADF80400BDF806002044ADF806002846C3
:108CD00000F001F87CBD1CB504466846F6F775FD4A
:108CE00069462046FDF70CFE002805D02046FEF719
:108CF00069FC6946EAF7DCFD1CBD0068002808D065
:108D0000017E8907F9D0007E00F00300012800D021
:108D1000002070470068002809D0017E11F00C0F78
:108D2000F8D0007EC0F38100012800D000207047F9
:108D300010B504460849FFF7D3FC08B1002010BD68
:108D40002046FEF7B1FC0028F9D00021FFF7F6F924
:108D50000028F4D0012010BD010006007CB50546B6
:108D6000EAF7C5FE044605F114016846F6F72DFD45
:108D7000BDF800006946001BADF80000BDF8020018
:108D8000001BADF80200BDF804002044ADF804005B
:108D9000BDF806002044ADF806002846FDF7B0FDFA
:108DA0007CBD10B5418C41F001014184FEF780FC8F
:108DB000418C41F002014184FEF704FC4068002828
:108DC00003D0BDE8104003F07FBA10BD2DE9F04795
:108DD0009946174688468246FEF767FB06460025F9
:108DE00023E000BFDAF80800B9F1000F006850F87E
:108DF000254005D04FF480212046FFF76AFC98B942
:108E0000A18A002301EB0800A082E08A3A46384498
:108E1000E082218B01EB08002083608B41463844BF
:108E200060832046FFF7D2FF6D1CB542DAD3BDE860
:108E3000F0872DE9FF47456816460F4604469DB367
:108E400000212846FFF714FA804600212846FFF744
:108E5000A9FA81464FF480212046FFF73AFC48B139
:108E6000A98A07EB0800084407B2E98A06EB090063
:108E7000084410E02846FEF750FDAA8A02EB0801DC
:108E8000081A384407B22846FEF74EFDEA8A02EB7C
:108E90000901081A304406B200212846FFF7FCF801
:108EA000391830440FB206B2A08A381A07B2E08AE5
:108EB000301A06B20FB9002E40D02046FFF7D7FE79
:108EC00002A92046FEF777FB4FF0000875B169460E
:108ED0002846FEF70EFB0022694602A8E9F732FD9C
:108EE0005FEA000802D1284600F082FDA08A3246DF
:108EF0003844A082E08A39463044E082208B002347
:108F000038442083608B304460832046FFF75EFF47
:108F10008DB1224622212846FAF740FD2046FFF770
:108F2000A6FE0022694604F11400E9F70BFDB8F132
:108F3000000F07D104E02046FFF799FEBDE8FF8748
:108F40000028FBD0284600F053FDF7E770B50C0071
:108F5000064604D5FEF7A8FBFEF7A7FA0444304600
:108F6000FEF767FB02463046FEF79EFB0546002CE7
:108F70002DDBFEF79AFAA04229DD944227D015DABC
:108F80006FF00301A24214DDA86801EB82030068C0
:108F9000C35840F82230521EF4E7A86801EB820360
:108FA0000068C35840F82230521C00E00421A2425D
:108FB000F3DBA86800222221006840F824602846DC
:108FC000FAF7ECFC2846BDE87040FFF750BE70BDD4
:108FD0002DE9F0410D460646FEF791FCA0B930465A
:108FE000FEF794FC04463046FEF76AFB00280BDAD5
:108FF000002C09DD4042844200DB044622B22B46AD
:109000000021304600F0A0FB3046FEF771FC00283E
:1090100025D13046FEF7AEFB04463046FEF70AFC8B
:10902000074600213046FEF7FCFF01280BD0002F39
:1090300015DA002C13DD7842844200DB044621B2AD
:109040002B46002206E0002C09DA002F07DD2B4614
:10905000002221463046BDE8F04100F075BBBDE876
:10906000F0812DE9F14F82B00298FFF761FE0028F0
:109070007DD10298FEF718FB009000210298FFF7BF
:10908000EDFA824600210298FFF7EFFA07460098B2
:1090900068B1FEF776FA81460098FEF758FA054661
:1090A000CAF341304FF0640B012803D012E03A4676
:1090B000514694E02AF4C040B0F5FA6F0ADCB0F5EE
:1090C0007A7F01DDC0F57A7000FB09F090FBFBF0C0
:1090D0000FFA80FAC7F3413001280DD127F4C040C0
:1090E000B0F5FA6F08DCB0F57A7F01DDC0F57A7073
:1090F000684390FBFBF007B2002143F20C02029898
:10910000FFF796F906B2002143F20D020298FFF72D
:109110008FF902B20298FFF7AFFA80460298FEF785
:1091200082FA0446C6F3413001280ED126F4C0402D
:10913000B0F5FA6F09DCB0F57A7F01DDC0F57A7021
:1091400000FB08F090FBFBF006B2C2F341300128AF
:109150000FD122F4C040B0F5FA6F0ADCB0F57A7F87
:1091600001DDC0F57A70604390FBFBF000E056E053
:1091700002B20AEB060006B2B81807B20021029844
:10918000FEF72FFF50B1012827D0801E082824D2D7
:10919000DFE800F00B13202B3318383B0021009838
:1091A000FEF738FF012808D017E009EBD971491004
:1091B00008EBD870A1EB600001E0A9EB0800304497
:1091C00006B20AE005EBD570401004EBD471A0EBB9
:1091D000610000E0281B384407B23A463146029845
:1091E00003B0BDE8F04FFFF724BE09EBD971491079
:1091F00008EBD870A1EB600001E0A9EB0800304457
:1092000006B2E7E7A9EB080006E009EBD9714910BF
:1092100008EBD870A1EB6000304406B2D2E7BDE89D
:10922000FE8F2DE9F04F0446408C87B0410501D5F3
:1092300080057ED42046FEF737FA5FEA000878D032
:109240002046FEF797FA0190608C002640054FF407
:10925000FA6B42F2D17A03D52046FFF70DFA5FE0B0
:1092600000212046FFF7DEF90546504501D10126D1
:1092700000E00026C5F34130012805D125F4C040A7
:10928000584501DC012000E0002081464046FEF701
:1092900078F9074626B12046ECF7ECFA05462BE0B4
:1092A000B9F1000F28D0B8F82200400518D40021E9
:1092B0004046FFF7B7F9504512D100212046FEF78E
:1092C000EBFE054600212046FEF7D2FF00EB050924
:1092D00000212046FFF712F8411901EB09000AE0CE
:1092E00025F4C040B0F57A7F01DDC0F57A7078438F
:1092F000642190FBF1F005B22046002141F2020208
:10930000FFF796F80FFA80F92046002141F2030298
:10931000FFF78EF802B23B4649462846F7F746FA71
:1093200007462046FEF7F2FA00904FF00009608CE5
:1093300000E06FE0800503D52046FEF774F955E0A4
:1093400000212046FEF7DEFEA0F51C510546D1396E
:1093500006D000208146C5F34130012802D007E045
:109360000120F7E725F4C040584501DC012000E06A
:10937000002083464046FEF7EAF88246B9F1000F26
:1093800004D02046ECF704FA05461BE0BBF1000FC1
:1093900018D0B8F82200800507D400214046FEF717
:1093A000B1FEA0F51C51D13938D025F4C040B0F53C
:1093B0007A7F01DDC0F57A7000FB0AF0642190FB32
:1093C000F1F005B22046002141F20502FFF730F826
:1093D0000FFA80FB2046002141F20602FFF728F831
:1093E00002B2534659462846F7F7ABF9054656EA06
:1093F000090605D0DDE900210023204600F0A1FA8E
:109400002046FFF739F9B8421BD12046FEF70BF989
:10941000A84216D1002007B0BDE8F08F00212046F9
:10942000FEF73AFE054600212046FEF7BBFF00EBA3
:10943000050B00212046FEF7C7FE411901EB0B008A
:10944000BFE72046FFF713FC02A92046FEF7B3F85A
:1094500004A94046FEF74DF8002204A902A8E9F746
:1094600071FA060002D1404600F0C2FAE08A6D1E91
:109470002844608300212046FEF7CCFD01281CD043
:10948000A08A7F1E3844208302AA29212046FAF7A9
:1094900085FA224622214046FAF780FA2046FFF755
:1094A000E6FB00212046FFF793FD002204A904F10A
:1094B0001400E9F747FA36B904E0208BC01B401CC2
:1094C000A082E1E710B1404600F092FA0120A2E745
:1094D00038B50446EAF70BFB05460020ADF800005E
:1094E0006A4613212046FAF759FABDF90000A8424E
:1094F00002D02046FFF7BBFBA06818B1BDF80010F2
:10950000C18209E0BDF8000030B12046FDF7DAF96C
:10951000A168BDF80000C882BDF90000A84202D0D1
:109520002046FFF7A4FB38BD70B505460021FFF7C4
:1095300079F8044600212846FEF7E4FD42F2D17195
:109540008C4203D0884201D0002070BD2846FFF72E
:1095500028FC012070BD00002DE9F04706462C488C
:1095600014460D46007800284FD03046FFF77FFBA9
:1095700005F47F05E0044FF470294FF6FF771ED500
:109580004D4514D09DB13046002141F20402FEF752
:109590004FFF00B242F2D178404508D0304600215A
:1095A00041F20102FEF744FF00B2404514D100220F
:1095B0002A213046FAF7F2F93046FFF7F2FB4D4523
:1095C00000D04DB9BC4201D0A00405D53046FEF70D
:1095D0006BF808B1FFF7E5FBBC4201D0200502D5CE
:1095E0003046FFF775FF3046FFF741FBBC4204D021
:1095F00060050AD514F4C05F07D0B5F5803F04D0EC
:109600003046BDE8F04704F044BEBDE8F0870000F6
:10961000EC0000202DE9F05F4FF6FF7A0F000546C1
:109620001FFA82F802F47F09564602D0F87900B991
:1096300000260024214659E0EA68042000EBC40B10
:10964000964652F80B00C0F307424FEA024C5246CE
:1096500083B2904501D0434509D1B9F5702F01D0AF
:10966000CC4504D12FB15EF83430BB4201D0641C2C
:109670003CE0800104D500234946284606F02CFE34
:10968000E86850F80B10CA0101D489010CD550F8D4
:10969000340001F0ACFDE86850F83400FCF79CFCA5
:1096A000E968002041F83400204608220AE0E96811
:1096B00002EBC00C01EBC0036144401CD1E900C1C6
:1096C000C3E900C1698CC1F3C501491E8142EED8CE
:1096D000688CC108491E61F3C8006884C0F3C500E6
:1096E000C100E868FCF7BCFC0121E860688CC0F3AD
:1096F000C500A042A0D8002908D0002E06D03246CE
:1097000049462846BDE8F05FFFF726BFBDE8F09F59
:1097100070B506460B480078002812D000200CE0F7
:10972000002506E0E06850F82510304604F08DFE74
:109730006D1C606AA842F5D82046F7F753FB040079
:10974000EED170BDEC0000202DE9F0411646074631
:1097500090B00D4651EA060076D0012B19D03C4955
:109760003846F5F70FFB04463A493846F5F70AFB49
:10977000804632462946384604F0E6FF54EA08049B
:1097800062D010B03846BDE8F04100220A21FAF755
:1097900005B93846FDF716FF80466846F5F736FBF3
:1097A0002D484FF4C874009703902DB34046F7F747
:1097B000F3FA40102A460021F5F78FFBC82801D2A2
:1097C000C82002E0A04200D920460A903846FEF7A1
:1097D000A4F84142281ACDE908101E4801901F48FC
:1097E000079106906A4609213846FAF7D7F801280A
:1097F0002AD16846F5F77EFB002E25D04046F7F7C4
:1098000011FB401032460021F5F767FBC82801D252
:10981000C82002E0A04200D920460A903846FEF750
:1098200083F84142301ACDE90810094801900B48ED
:10983000079106906A4609213846FAF7AFF80128E1
:1098400002D16846F5F756FB10B0BDE8F081000084
:109850000DE80108F5E70108A3E4010873EE00082C
:109860002DE9F0471546824699460C4651EA050017
:1098700065D0504600F07EFB5046FEF74EF8404261
:109880000FFA80F808EB040004B200215046FEF7FE
:10989000C8FB012813D0002C13DC25DA5046FDF755
:1098A00069FF06465046FDF7C5FF304400B2002868
:1098B00000DA00204042844216DA04B214E0002CA0
:1098C00002DA4FF000040FE00EDD5046FDF752FFC4
:1098D00006465046FDF7AEFF304400B2002800DADD
:1098E0000020844200DD04465046FEF71DF8404249
:1098F00006B2701905B2002D02DD4FF0000510E030
:109900000FDA5046FEF702F807465046FDF7D8FE3C
:10991000384400B2002800DA00204042854200DAD4
:1099200005B2A4EB080001B2A81B02B251EA020082
:1099300005D04B465046BDE8F047FFF705BFBDE8F0
:10994000F08770B516461D4604461A4600F024F806
:109950002A4631462046BDE8704000F033B8F8B5DD
:109960000E46044600F006FB002000902046FDF75E
:109970009BFE054604F114070AE033466A46214679
:10998000384604F09BFD2C462046FDF78DFE05462B
:10999000002DF2D1F8BD000070B50D461446064604
:1099A0000749F5F7EFF93046FDF7B7FF401B01B265
:1099B00023463046BDE870400022FFF751BF00004B
:1099C000F5E7010870B50D46144606460749F5F758
:1099D000D9F93046FDF7A8FF401B02B223463046B6
:1099E000BDE870400021FFF73BBF00000DE8010813
:1099F0001FB5044602AA6946FDF79EFF6846F5F7C3
:109A000047FF20B902A8F5F743FF002810D06846A9
:109A1000F5F73EFF18B169462046FFF75CF902A84A
:109A2000F5F736FF002803D002A92046FFF753F9C7
:109A30001FBD70B50D460446FCF744FFA068858243
:109A400070BD000070B516461D460446002200F0A9
:109A500013FA00223146204600F0F6F9002229468A
:109A6000204600F011FA04480022808981B2204685
:109A7000BDE8704000F016BA0C01002010B5044695
:109A8000002200F0E9F904480022808981B22046D2
:109A9000BDE8104000F006BA0C01002010B50446E5
:109AA000002200F0E1F92046FDF7FEFDBDE8104080
:109AB000FFF777B938B50C46054600236A4641F2F0
:109AC0000401FDF7D1FD012807D0002804D10022B0
:109AD0002146284600F0E0F938BD0098A042F6D1B2
:109AE00038BD2DE9F0410C4615461F46064619467D
:109AF000F3F7B2F92A46214601F052FC22463946D4
:109B00003046BDE8F041FFF727BD70B50646406816
:109B10000C46002867D0002C65D03046FFF7A7F828
:109B20002046FCF7CFFE30467568FDF782FD014602
:109B3000042207E0A86802EB81030068C35840F8DC
:109B40002130491C2846FDF7B0FC801E8842F1DA1E
:109B5000A9684868401E4860A96805D08200086866
:109B60001146FCF77DFA03E00868FCF735FA00209F
:109B7000A9680860A1684868401C4860A268810024
:109B80001068FCF76DFAA16808602046FDF78DFCAF
:109B90006FF0030101EB8000A16809680E500021FD
:109BA00028467460FFF714FA2846FFF721FF324673
:109BB00022212846F9F7F2FE002224212846F9F74F
:109BC000EDFE324622212046F9F7E8FE002223214D
:109BD0002046F9F7E3FE3046FFF7E3F83046BDE8EC
:109BE0007040FFF744B870BD70B51546044600F0EC
:109BF0008EF929462046BDE8704000F09FB970B547
:109C00000C460546FCF75EFEA868017E01F00302E3
:109C1000A24207D064F3010101762846BDE87040F6
:109C2000FFF725B870BD70B51546044600F058F929
:109C300029462046BDE87040FFF73CBF2DE9F34FB1
:109C400087B08146008C089988427DD00390A9F89E
:109C500020104846089A0399E9F7F0FF5FEA0008E8
:109C600072D04FF420742046FCF758F92146029038
:109C7000FCF7FCFA0025284693E000BFD9F80C1049
:109C8000042201EBCA0002EBCA040490085920F038
:109C90007F4000F06DF90090D9F80C00005920F0D9
:109CA0007F4000F062F9069008990098884376D1C9
:109CB00004984068800172D4049867220068838801
:109CC00019040AD5006804E0914201D144681DE0FE
:109CD000083001880029F7D161E0C179A9B30129D1
:109CE0000FD90468002004EB810307E033F810600B
:109CF000964202D104EB800007E0401C8142F5D877
:109D00004DE0C3F30E01672949D10468002740E004
:109D1000002620E0029806EB860100EB8101059108
:109D2000D1F804B0584600F023F90190584600F0ED
:109D30001CF9216831F81720059909898A4209D14F
:109D40000699884206D101E06FE028E0DDE90001D4
:109D5000814202D2761CAE42DCD3AE4218D1029AC6
:109D600005EB8500A18922F82010029A218A02EBD6
:109D700080006D1C4180A168C160216831F8171016
:109D80000181616801610499496821F07F41416066
:109D90007F1C206830F8170008B1202DB8D30AF1D5
:109DA00001008246B9F82200C0F3C501514502D92D
:109DB000202DFFF463AF002410E000BF029804EBF5
:109DC000840100EB8106706800F0CFF80146009630
:109DD0004846089B039AE9F791FE641CAC42EDD318
:109DE0000298FCF7E7F8B8F1010F0ED0B8F1030FB5
:109DF00011D0B8F1020F18D14846FEF738FF09B06C
:109E00004846BDE8F04FFFF763BB09B04846BDE8E0
:109E1000F04FFEF72CBF09B04846BDE8F04F4FF6B3
:109E2000FF724FF47021FFF797BB09B0BDE8F08FC8
:109E300013460A4641F20901FFF753BE13460A468C
:109E400040F62801FFF74DBE13460A4601498988AE
:109E5000FFF747BE0C01002013460A460149098856
:109E6000FFF73FBE0C01002013460A46014909894D
:109E7000FFF737BE0C01002013460A460149498806
:109E8000FFF72FBE0C01002013460A460149C9887E
:109E9000FFF727BE0C01002013460A4641F20401D9
:109EA000FFF71FBE13460A4641F26901FFF719BECC
:109EB00013460A4641F25D41FFF713BE13460A46B8
:109EC00041F20101FFF70DBE13460A4641F20701B8
:109ED000FFF707BE13460A4641F20801FFF701BE2D
:109EE00038B50C46054600236A4641F20101FDF7EC
:109EF000BBFB012807D0002804D1002221462846B8
:109F0000FFF7DCFF38BD0098A042F6D138BD38B568
:109F10000C46054600236A4641F20701FDF7A4FB03
:109F2000012807D0002804D1002221462846FFF747
:109F3000CBFF38BD0098A042F6D138BD38B50C46ED
:109F4000054600236A4641F20801FDF78DFB012812
:109F500007D0002804D1002221462846FFF7BAFF87
:109F600038BD0098A042F6D138BD00F47F0070479C
:109F700080B2704770B50B4D2978002911D10121AD
:109F80002970FDF795FB044606E000BF20F00200B3
:109F900060842046F4F7EEFC608C8107F6D4002044
:109FA000287070BDE400002008B5132802D209B162
:109FB000042905D9F6F743FC0090BDF8000008BD60
:109FC000044A491EC9B202EBC00000EB4100008800
:109FD00008BD00002889020808B5132802D209B17B
:109FE000052905D9F6F72BFC0090BDF8000008BD47
:109FF000054A491E00EB8000C9B202EB400000EBAD
:10A000004100008808BD00006A88020808B51328CE
:10A0100005D3F6F714FC0090BDF8000008BD024916
:10A0200001EB4000008808BD44880208002801DADE
:10A03000C0F57A7040F4005000B2704710B5B0F926
:10A040000420B0F900304088D21A02EBD2725210CC
:10A050000C88134449881044E31A081A12FB02F1D1
:10A0600013FB03F210FB0020884201D8012010BD31
:10A07000002010BD10B50E48F6F7ACFD0C4CF020DA
:10A080000D4A20804FF48C7060800A48A2F552512E
:10A0900060614FF4D253A1F11C00F6F78BFD04F17F
:10A0A0004C00E060BDE810404C38F6F7BDBD000044
:10A0B0006C4B0020D16600085480002010B5064883
:10A0C000FAF704FE04480121017004494160FAF7DF
:10A0D00011FE0349486010BDD4B400205D000208A1
:10A0E000BC0000202DE9F04F544E054689B0706841
:10A0F00001688C6BC96889682160016809698A07F1
:10A1000001D4C90723D0F6F78DFE401E07B2706850
:10A11000F6F742FE401E03B20022114601A8009746
:10A12000F5F7FCFB01A9616070680068027CC068FB
:10A13000920705D5826942F002028261A16076E051
:10A140008169826961F341028261A5606FE0A9883B
:10A150002A88891A491C0FFA81F9E9886A88891ABC
:10A16000491C0FFA81F8F6F75DFE0146B5F90600C5
:10A17000814203DC7068F6F755FE401E07B2424686
:10A180004946B2467068F2F7CFFE81460026B5F91F
:10A1900002000DF10C0B28E02A88ADF80C20AA88EB
:10A1A000ADF81020ADF80E00ADF81210C4F804B0F0
:10A1B000C4F808B0DAF804000168C9688968216049
:10A1C000BDF91210B94201DDADF81270BDF912608F
:10A1D000B74205D10068C068816941F00201816120
:10A1E000204600F02DF80FFA88F000EB0908A8F1DE
:10A1F0000101B942D0DDB7421CD02988ADF80C105E
:10A20000A988ADF81010ADF80E00ADF81270C4F8C2
:10A2100004B0C4F808B0DAF804000168C9688968B5
:10A2200021600068C068816941F0020181612046B7
:10A2300000F006F809B0BDE8F08F0000F000002043
:10A24000F0B54E4C06468FB06068F6F7A1FD0546A6
:10A25000006850B1686828B107E060680068816AEA
:10A2600001B1884728690028F7D100256068F6F712
:10A27000C3FD0146706800F0CDF80746606841698B
:10A2800019B1706800F0C6F8054657EA05004BD1D1
:10A29000B06AB0B16846F8F735F86068C16A0491F1
:10A2A00090F829108DF81A10418DADF8041090F82F
:10A2B00029008DF80300B36A6946304672689847F2
:10A2C00032E06068C06AF8B109A9FAF751FC0128C8
:10A2D0002AD109980022410D491EC0F38A2300911A
:10A2E000114607A85B1EF5F719FB01A8F6F7E0FF7A
:10A2F000606807AA90F829108DF80F10C36A01A9A9
:10A300003046F6F7ADFF0FE06846F7F7FBFF6068F1
:10A31000418DADF8041090F829008DF803006946CE
:10A3200030467268F7F7DAFF6068406928B105B90E
:10A3300005462946304600F071F90FB96068076993
:10A340003046394600F06AF96068F6F743FD014689
:10A35000304600F063F96068F6F734FD0146304698
:10A3600000F05CF960680168097C890704D40FB0CB
:10A37000BDE8F040EDF7FCB80FB0F0BDF0000020F4
:10A3800070B5234D002028606868B0F85041002C5B
:10A390003DD0002603E0011991F8301179B1641E17
:10A3A000F9D50168C9688A6922F001028A610068EA
:10A3B000C068816921F002018161002422E0264603
:10A3C000EFE7011991F83011D9B9B44205D101680C
:10A3D000C9688A6942F001028A610168C9688A69AC
:10A3E00022F002028A6100EBC4003030FFF77AFEEF
:10A3F000686800EBC4003030F5F74AFA2968084471
:10A400002860641C6868B0F85011A142D9DC70BDA6
:10A41000F00000202DE9FC410D4600248046224634
:10A420001431E8F78FFA58B301212846FEF751F9A5
:10A4300030BB00208DF800006A4612212846CDF876
:10A440000480F9F7ABFA9DF80000022805D02846F1
:10A45000FDF72BF8074600260CE00020BDE8FC8144
:10A46000A868006850F826104046FFF7D3FF0400A4
:10A4700006D1761CBE42F3D39DF8000000B92C46ED
:10A480002046EBE72DE9FC410025DFF8B4804FE0E2
:10A49000294491F83011E9BB002441E0011991F8F9
:10A4A0003011C1BBA5423AD000EBC40100EBC5009E
:10A4B00030303031E8F79AFA68B37068B04600EB94
:10A4C000C40200EBC501684630313032E8F78DFB3D
:10A4D0006846F5F7DDF90646D8F8040000EBC5003C
:10A4E0003030F5F7D5F90746D8F8040000EBC40082
:10A4F0003030F5F7CDF93844864210D2D8F8040050
:10A50000464600EBC50069463030F5F767F9012093
:10A51000716801E00BE002E0214481F83001641C25
:10A52000D8F804004646B0F85011A142B6D86D1CC8
:10A53000D8F80410B1F85021AA42A9D8BDE8FC818E
:10A54000F00000202DE9F0438846044687B0012141
:10A550004046FEF7BEF800285DD102A94046A66835
:10A56000FDF729F84046E9F7C2FA0146024602A87B
:10A57000F5F7BAF902AA314604A8E8F7BBF90028B2
:10A5800049D00DF11009224614214046C4F8089024
:10A59000F9F704FA224615214046F9F7FFF9224659
:10A5A00016214046F9F7FAF94FF400214046FEF72C
:10A5B00090F820B1306800907068019006E008F1D2
:10A5C000140231466846E8F795F990B1C4F808D00E
:10A5D0004046FCF76AFF0746002508E0D8F8080067
:10A5E000006850F825102046FFF7ACFF6D1CBD42F7
:10A5F000F4D3224617214046C4F80890F9F7CEF963
:10A60000224618214046F9F7C9F922461921404649
:10A61000F9F7C4F9A66007B0BDE8F0832DE9F0476B
:10A620000C00814605D11B484068F6F7E5FB0400A5
:10A630002AD021464846FFF785FF1FE00027FCF798
:10A6400034FF0646002508E0A068006850F8251091
:10A65000E7B14846FFF776FF6D1CB542F4D34A4692
:10A6600017212046F9F79AF94A4618212046F9F7AA
:10A6700095F94A4619212046F9F790F9A046404637
:10A68000FDF712F80400D9D1BDE8F0874145E3D1C8
:10A690000127E1E7F000002010B591F82A000C46F0
:10A6A00020F0010081F82A0000208884C8840885F1
:10A6B00010212046FCF7C0FA4FF400712046FCF749
:10A6C000BBFA21460548FCF70FFAFCF77BFA204657
:10A6D000BDE81040002202A100F00AB9588B020820
:10A6E0004F7074696F6E20310A4F7074696F6E20FD
:10A6F000320A4F7074696F6E20330A4F7074696F3D
:10A700006E20340A4F7074696F6E203500000000AF
:10A71000F8B50E465648FCF7A0FE01282ED130466B
:10A72000F9F7F9F805463046F9F733F904462C2DC8
:10A730001CD02A2D23D0292D2DD0012D2DD0022D36
:10A7400037D0082D50D0032D4ED00E2D50D00F2DC8
:10A750005DD00D2D66D0132D7CD0152D01D0182D78
:10A760000CD13046BDE8F840EEF707BE3046F9F7A9
:10A770000EF905462046F2F735FE2880F8BDF2F7BF
:10A7800067FB18B100222A21F9F708F92046FEF7E5
:10A79000CBFE002141E0002140E0A06A20F400311E
:10A7A0002046A162F2F754FBBDE8F8403149F4F7C6
:10A7B000E9BAFAF7C3FA6946FAF706FBBDF80200F0
:10A7C0000028DBD02046F2F743FB0546FDF75AFF91
:10A7D000BDF80210084401B22846FFF7AFFBA06A9B
:10A7E00040F40030A062F8BDBDE8F84003F070BD51
:10A7F000FCF714FFF9F7F2FC0546FAF79FFAFAF7AF
:10A80000DEFA042800D115B1E08C2085F8BDE18C7A
:10A81000208D8142FAD0E08401212046BDE8F84035
:10A8200003F050BC3046F9F7B2F80078132812D084
:10A83000122810D0142801D01128E7D1E08C00286C
:10A84000E4D0258D401E81B20122204600F0BBF8E5
:10A850002585F8BD06E0E08CA18C401C8842F8D22A
:10A86000258DF0E7F2F7F4FABDE8F840FEF730BEC8
:10A870003C8B020839E9010870B50E460846F9F725
:10A880004AF80446152805D031461848FCF7E5FD7E
:10A89000012823D13046F9F77CF80546132C08D05F
:10A8A000292C1CD0152C19D13046BDE87040EDF78D
:10A8B00017BC3046F9F76BF804462846FCF7F4FE5F
:10A8C000F2F790FD06462846FDF7D6FE0246B4F99B
:10A8D0000000B11A884200DC0846208070BDFCF7F9
:10A8E000E3FEBDE87040002103F0ECBB588B02088A
:10A8F0002DE9F84F15465FEA010904460DD02046C0
:10A90000F2F7A6FA4FF0000B0090A4F826B0A4F8D6
:10A9100028B0A4F824B0584606E0FEE70A2902D180
:10A92000A18C491CA184401C19F800100029F5D104
:10A93000A08C401CA08494F82A00DDB340F00101F3
:10A9400084F82A104846E5F7FEFC471CC7EBC70011
:10A950008246FBF7E3FA06460025A0F1010800BF96
:10A9600007FB05604946E5F703FD6D1C07FB05F194
:10A970000A20EDB201F80800072DF1D30AEB060119
:10A9800001F801BC31460098FBF7EEF93046FBF7C1
:10A9900011FBA08C00EB4001E184C0EBC000A0845F
:10A9A0002046F3F72DFCE08C20850098BDE8F84F99
:10A9B000FEF78EBD20F0010084F82A004946009879
:10A9C000FBF7D2F9EFE730B490F82A30DB070BD071
:10A9D000C38C0724B3FBF4F313B1A3EBC3042144EA
:10A9E000C3EBC303194489B2838C8B4200D8591E30
:10A9F000C184018530BC114603F064BB70B50020F2
:10AA0000086791F874000C4620F0030081F8740088
:10AA10004FF440712046FCF70FF910212046FCF757
:10AA20000BF90020F6F7A6F9502505EBC000B0F5AC
:10AA3000A07F08DB0020F6F79DF905EBC000A02100
:10AA400090FBF1F000E0012001B22046BDE870402B
:10AA5000FEF7EFBF2DE9F34F83B0FE480499FCF7F2
:10AA6000FCFC012852D10498F8F755FF05460498DC
:10AA7000F8F78FFF044600F047FA0646112D17D06D
:10AA8000012D46D0022D78D0082D77D0032DFCD093
:10AA90000E2D74D0292D73D0132D72D00D2D71D0A1
:10AAA000152D33D1049805B0BDE8F04FEDF754BA39
:10AAB0000498F8F76CFF0546A06810B1B0F914705F
:10AAC00000E0002704F168016846F4F7BDFE3A464D
:10AAD00011466846F4F708FF002268462968E7F740
:10AAE000F1FF2871002811D1022E0FD104F160016D
:10AAF0006846F4F7A9FE3A4611466846F4F7F4FEB4
:10AB0000002268462968E7F7DDFF287105B0BDE837
:10AB1000F08F2046FEF7ABF894F8740040F0010186
:10AB200084F874109EB1012E11D0022EEED1FAF7E6
:10AB300005F96946FAF718F92046FDF79DFD054627
:10AB40002046FCF770FD854204DB012503E004F19B
:10AB500024003BE0002500212046FDF777FAA5B34D
:10AB60000128BDF900000ED0B4F96C108842EEDC6B
:10AB7000B4F96010884241DB0DE062E0D6E008E104
:10AB800015E11AE189E1B4F968108842DFDBB4F914
:10AB90006410884232DCB4F96410B4F96000091A18
:10ABA00001EBD17100EB6102BDF90000111A00291F
:10ABB00000DC811A0BB2B4F96C20B4F96810521A97
:10ABC00002EBD27201EB62022EE00DE020679DE7FE
:10ABD00008B298422DDA04F1240044F8700F20796D
:10ABE00020F00200207191E7BDF90200B4F96A205B
:10ABF0009042ACDBB4F96610884202DD04F130000B
:10AC0000E4E7B4F96230C91A01EBD17103EB6103D7
:10AC1000191A002900DCC11A0BB2B4F96E10891A96
:10AC200001EBD17102EB6102111A0029D0DC811A0B
:10AC3000CEE704F1300044F8700F207940F00200B4
:10AC4000D0E7206F0028C2D0FAF778F80546FAF767
:10AC5000B6F80128BBD169462846FAF785F80021E5
:10AC60002046FDF7F3F982462046FDF705FD06462E
:10AC70002046FCF7D8FC054600212046FDF71BFBCB
:10AC8000804600212046FDF75CFB07460021204658
:10AC9000FDF7B2FB814600212046FDF7B8FA0246D7
:10ACA000D4E90A010B1AAE421FDBA6EB0802D21B45
:10ACB00015B2BAF1010F11D0B4F91470BDF90060EA
:10ACC00007EB0802B21A5A4392FBF5F2236F04F124
:10ACD00030050244AB4214D1616A13E0B4F9182084
:10ACE000BDF90060D21B921BEDE7AE1AA6EB090579
:10ACF000B4F91A70BDF902603A44B21A2DB2524248
:10AD0000E1E7206B824201DA024602E08A4200DD7E
:10AD10000A461868904296D020461A60FDF7A7FFB1
:10AD200000221C212046F8F739FEEFE694F8740063
:10AD300020F0010184F87410002120462167FDF7FE
:10AD400096FF2046FCF76AFC0546F9F747FA0646E7
:10AD5000F9F7F4FFFAF733F80428E6D1002EE4D02F
:10AD6000204600F0D1F802280CD194F87400810735
:10AD700004D440F0020084F87400C7E620F002001A
:10AD800084F8740005B02846BDE8F04F0021F9F7BB
:10AD9000A0BAF9F7D3FFFAF712F8042801D0022875
:10ADA000C3D114F8740F20F002002070AEE605B095
:10ADB0002046BDE8F04FFEF78BBB4FF440373946D5
:10ADC0002046FDF778FA814639462046FDF7B9FA64
:10ADD000804639462046FDF70FFB06463946204699
:10ADE000FDF715FA0546204643F60E023946FDF7F3
:10ADF0001FFB00B2009039462046FDF70CFC82464E
:10AE000039462046FDF7F9FB83462046FDF734FC22
:10AE100000EB4A072046FCF706FC00EB4B0087429C
:10AE2000204604DAFDF728FC00EB4A0003E0FCF7BB
:10AE3000FAFB00EB4B000099401010FB01F040F3CF
:10AE40000F2049464246C14500DC1146B54203DDAC
:10AE50002A4602E0748B02083246914207DD4946D9
:10AE60004246C14501DD0D4604E0154602E0B5420B
:10AE700000DC354605444FF440312046AD1CFBF75D
:10AE8000ABFD284404B20498F8F781FDB0F9001036
:10AE9000A14200DD0C46048038E60498F8F777FDFF
:10AEA0000078132812D0112810D0142801D01228AD
:10AEB000F2D194F874008007204616D4F4F752FEBD
:10AEC000411E01222046F4F780FE15E094F874003C
:10AED0008007204604D4F4F745FE0122411CF1E727
:10AEE000F4F731FE0122411C03E0F4F72CFE411E71
:10AEF00001222046F4F744FE05B02046BDE8F04F9D
:10AF000000221C21F8F74ABD10B5F4F717FE0128FE
:10AF100002D0022800D0002010BD00000FB40A4665
:10AF200008B505A9009101460348049BE9F7A8FD6F
:10AF300001B05DF814FB00004543000830B50C4635
:10AF400091B002212046FBF777FE6846F3F75EFFDB
:10AF50001548CDE900404FF6FF70ADF83C001348AE
:10AF600001680A914268079202F5B470CDE90820A1
:10AF70006846F3F7BFFF0E48069000204FF4B47503
:10AF8000CDE9080507900B4801906846F3F7B2FF3A
:10AF90002A4600212046F4F70EFB4FF48771204625
:10AFA000F4F7BAFB11B030BD05520008A80100202B
:10AFB00041EE00080B520008F0B584884FF00106FE
:10AFC00023040BD5006804E08B4201D1406815E0F2
:10AFD00008300388002BF7D10020F0BDC379002B87
:10AFE000FAD0012B11D90468002004EB830509E095
:10AFF00035F810708F4204D154F8200010603046AC
:10B00000F0BD401C8342F3D8E6E7C4F30E038B4245
:10B01000E2D1006810600120F0BD0821FBF726B9DD
:10B02000C07908B100207047012070471CB500228C
:10B03000FF214E2864D01EDC332863D00EDC292883
:10B040005ED006DC202849D022284BD025283FD1CD
:10B0500056E0302846D031283AD151E046284FD02A
:10B0600004DC3B283ED0442832D13BE0472839D08D
:10B070004D282DD136E040F63C04A0F63C03A0421A
:10B080003ED010DC40F25744A0F25743A04229D0F2
:10B0900004DC522826D053281AD131E0012B2FD0BE
:10B0A0000B2B15D12CE040F2CA74A3F2CA70A34254
:10B0B0002DD004DC092B23D0C31C09D127E0A0F537
:10B0C0008060533821D0A0F2B530B0F5005F02D0D7
:10B0D000009200981CBD4FF4807014E0FF221146CE
:10B0E000104602E0002211461046F5F786FC01905A
:10B0F000BDF804000190BDF80400ADF80000E8E7D9
:10B100000091E6E70F200090E3E70248FBE741F6F5
:10B11000FF70F8E72888020802490888401C80B2BE
:10B1200008807047F80100202DE9F041828804462C
:10B130000F46100459D4E079002851D0012804D0DA
:10B140002668002106EB80054DE0C2F30E00884220
:10B150004BD1D00BC003A0800020E0713FE000BFC6
:10B1600035F81130BB423DD1022811D0401E00EB12
:10B1700040004000FAF7A6FE010036D02160E079D9
:10B18000401EC0B2E07101EB8003002002461FE0C8
:10B190000120E071002907D0B5F8000060F30E022D
:10B1A000A28003D1706802E06888F7E73068206009
:10B1B00012E000BF35F810C0BC4508D056F820E0BA
:10B1C00041F822E035F810C023F812C0521C401C90
:10B1D00094F807C08445EDD23046FAF7FDFE012011
:10B1E000BDE8F081491C8842BAD80020F8E710B5C4
:10B1F0000446808800040BD4E079012802D9206835
:10B20000FAF7EAFE2046BDE810400821FBF72EB809
:10B2100010BD0A46652100F0C3B803B482B0BDF882
:10B220000C10ADF80010009A522104B000F0B8B82C
:10B230000A46512100F0B4B80A464FF4056100F007
:10B24000AFB803B482B0BDF80C10ADF80010009A8E
:10B25000202104B000F0A4B80A46212100F0A0B8D3
:10B2600003B482B0BDF80C10ADF80010009A302184
:10B2700004B000F095B80A46342100F091B80A46AF
:10B28000332100F08DB80A4641F2320100F088B84F
:10B290000A46612100F084B80A46632100F080B8B4
:10B2A0000A46642100F07CB80A4641F2040100F02D
:10B2B00077B803B482B0BDF80C10ADF80010009A56
:10B2C0004D2104B000F06CB80A4640F6490100F088
:10B2D00067B80A4641F2060100F062B803B482B0D2
:10B2E000BDF80C10ADF80010009A3B2104B000F03E
:10B2F00057B80A4640F63C0100F052B80A4640F6FC
:10B300003D0100F04DB80A4640F63A0100F048B859
:10B3100070B50C46054600F02EF82146284600F090
:10B320002FF82146284600F035F821462846BDE88A
:10B330007040AFF300800A4641F6110100F030B8CA
:10B340000A4641F6150100F02BB870B50C460546CB
:10B3500000F01BF821462846BDE87040FFF7F0BF1B
:10B3600070B50C46054600F006F821462846BDE8B3
:10B37000704000F005B80A4641F6120100F010B81E
:10B380000A4641F6130100F00BB80A4641F61401D3
:10B3900000F006B80A4641F6100100F001B80000BE
:10B3A0002DE9F041044680880E46010410D4E1796D
:10B3B00001271546012935D92268084602EB810389
:10B3C00008E000BF33F810C0B44503D142F8205064
:10B3D000BDE8F081401EF5D5491C01EB410041005C
:10B3E0001046FAF73DFE0100F2D02160E07901EB52
:10B3F000800205E002EB400C32F81030ACF804306B
:10B40000401EF7D5E079401CC2B201EB820000EB90
:10B410004200E27120F8026CE07901EB800040F814
:10B42000045C20E01AD1C0F30E00B04201D12260CA
:10B43000CEE70C20FAF746FD0028C9D0226820602C
:10B44000E179491CC9B2E171A38800EB8101C3F322
:10B450000E030B804E80C0E9002504E0E77166F31F
:10B460000E00A08022603046E8F705FDA1798740F4
:10B470003943A171ACE70A466021FFF791BF03B4DD
:10B4800082B0BDF80C10ADF80010009A442104B051
:10B49000FFF786BF0A4640F64201FFF781BF0A4622
:10B4A00040F64501FFF77CBF0A464FF40461FFF701
:10B4B00077BF70B50C46054600F02AF821462846AD
:10B4C000BDE87040FFF7F0BE0A4641F25D41FFF76C
:10B4D00067BF03B482B0BDF80C10ADF80010009A3D
:10B4E00040F2574104B0FFF75BBF0A4641F25B41AF
:10B4F000FFF756BF0A4640F60B01FFF751BF0A4659
:10B5000040F60A01FFF74CBF0A466721FFF748BF24
:10B510000A4641F20101FFF743BF00002DE9F04761
:10B520000F46DDE908891E46154604461421FAF740
:10B530009DFE276005B9044DC4F80490083484E8E2
:10B540006001BDE8F0870000A7EE00084162FDF74A
:10B550008EBB00684FF0FF314162FDF788BB10B52C
:10B560004FF0FF300C46486210212046FBF764FB89
:10B5700008212046FAF79CFF2046BDE810404FF412
:10B580008061FAF795BF000010B501460348FBF74C
:10B59000ABFA0446FBF716FB204610BD908B020861
:10B5A00008460021F3F7EEBB2DE9F0478946354800
:10B5B000FBF753FF01285CD14846F8F7ACF9044685
:10B5C0004846F8F7E6F98046132C08D01C2C52D0D8
:10B5D000152C4ED14846BDE8F047EDF790BF4FF42B
:10B5E00040352946FCF76EFE074629464046FCF7E3
:10B5F000AFFE064629464046FCF705FF04462946AD
:10B600004046FCF70BFEB74201DD394600E031460B
:10B61000A04201DD024600E02246914205DDB7422C
:10B6200001DD384604E0304602E0A04200DC20465E
:10B63000841C29464046FBF7CFF9204405B2484612
:10B64000F8F7A5F90446B0F90000A84200DD054668
:10B6500025804FF4003529464046FBF7BDF90146E9
:10B66000B4F90000814203DB29464046FBF7B4F9F8
:10B670002080BDE8F08700F007F84046BDE8F047BD
:10B68000FDF7F5BA908B0208F0B591B0064600219F
:10B690006522FCF7CDFE07002DD03046FCF798FC64
:10B6A000746A00F00100611C4FF4807501D038B954
:10B6B00005E008B1002403E02C46002503E0002546
:10B6C000601B002801DD601B00E0281B7843070A8F
:10B6D00000213046F3F756FB6846F3F797FB07481F
:10B6E00008A9CDE9006006480390079481E8B000FE
:10B6F0006846F3F7FFFB11B0F0BD00004DB501083F
:10B7000053B5010810B501208884C8840C46022076
:10B71000FAF7D8FB2063E08C4000FAF7D3FBE06235
:10B72000216B82200880E16A0880E08CA18C48436C
:10B730008100A06AFAF794FC0021A062016010BDAC
:10B7400070B500250C462E460AE000BF50F82500D3
:10B7500020B1FAF741FCA06A40F825606D1CADB23B
:10B76000A08CE18C4843A842A06AEFDC08B1FAF74C
:10B7700033FCE06A08B1FAF72FFC206B002803D0F5
:10B78000BDE87040FAF728BC70BD00002DE9FC410F
:10B790000F466B48FBF761FE012843D13846F8F7A6
:10B7A000BAF805463846F8F7F4F804462A2D14D0BE
:10B7B0002C2D17D0012D37D0022D35D04FF6FF7626
:10B7C000082D49D00E2D66D00D2D68D0152D29D10C
:10B7D0003846BDE8FC41EDF743BFBDE8FC41002120
:10B7E00002F0FABC3846F8F7D2F8034600200146CA
:10B7F000A28C05E0256B35F81150491C284400B295
:10B800008A42F7D800210A46E58C05E0E66A36F858
:10B810001260521C314409B29542F7D8401E18807C
:10B82000491E5980BDE8FC8101AA6946F1F7F3FB86
:10B830000128F7D1A18EBDF80400814204D1E18E28
:10B84000BDF800209142EDD0A086BDF80010204642
:10B85000E186FDF70CFAE5E7FDF709FAF9F76EFA6C
:10B86000F9F7A1FAA18EB1420AD0E18EB14207D018
:10B8700030B900221C212046F8F790F80128D1D1D8
:10B88000F9F75CFAF9F79BFA012801D00328C9D12E
:10B89000A686E686C6E7BDE8FC41FDF7E8B938466E
:10B8A000F8F775F8A18E0568E08E0F468446B14220
:10B8B00001D0B04204D10020A086E0862046EAE70D
:10B8C000A38C8B4200DC0021E28C824200DC002051
:10B8D000142D0ED0132D0ED0112D0ED0122DA1D15E
:10B8E000401C8B420DDC511E814208DD0021401CB2
:10B8F0000EE0491EF5E7491CF3E7401EF1E7591E2B
:10B9000006E0002904DA10B1591E401E00E00021B3
:10B91000824201DC501E02E0002800DA00208F4243
:10B9200001D1844597D0A186E0862046FDF79FF996
:10B9300002B02046BDE8F04100221C21F8F72EB8E5
:10B94000AC8B020873B592B0044613981090002097
:10B9500010AD119029462046F2F73AFD012862D138
:10B9600094F85C00000704D513980A285BD00D28D2
:10B9700059D0304A002113A812689047014620464A
:10B98000EAF7FEF800284ED094F85C00400702D594
:10B99000204602F029FAA06A38B1606AF9F712FE6F
:10B9A000007810B92046FDF762F92A46216C606ADA
:10B9B000F9F70EFE204600F0D3F894F85C0040073B
:10B9C00027D5E06AE4F7BFFC06462846E4F7BBFC4F
:10B9D0003118491CE06AFAF743FBE06228B32A46B3
:10B9E000216CE8F713FB208F00B36846F3F70EFADB
:10B9F00011480121CDE90040208F0A9000200790D6
:10BA0000CDE908010D4806900D4803906846F3F70C
:10BA100071FA216C2046491C00F062FA00221C21B8
:10BA20002046F7F7BBFF14B070BDFEE7204602F0DA
:10BA3000DBF9EEE7140200207DDE0108CBEE000802
:10BA40007FDE0108F0B591B00D00044609D094F8EE
:10BA50005C00400702D5204602F0C6F9206B18B9F9
:10BA600000E0FEE7606BA0B10020374E374F00903A
:10BA700009E0326869462846904739688847014698
:10BA80002046FFF75FFF0098285C0028F1D111B035
:10BA9000F0BD29462046F2F79BFC0128F7D1A06AA9
:10BAA00038B1606AF9F78EFD007810B92046FDF7CD
:10BAB000DEF82A46216C606AF9F78AFD204600F01C
:10BAC0004FF894F85C00400727D5E06AE4F73BFCA8
:10BAD00006462846E4F737FC3118491CE06AFAF7B5
:10BAE000BFFAE06250B32A46216CE8F78FFA208F44
:10BAF00028B36846F3F78AF915480121CDE90040DB
:10BB0000208F0A9000200790CDE908011148069087
:10BB1000114803906846F3F7EDF910492846266C62
:10BB2000096888473118204600F0DAF911B020463C
:10BB3000BDE8F04000221C21F7F730BFFEE72046A9
:10BB400002F052F9E9E70000140200201C02002074
:10BB50007DDE0108CBEE00087FDE01082802002010
:10BB600070B50446406AF9F731FD4FF6FF75A842FB
:10BB700004D1606AF9F728FDA84209D02946606A15
:10BB8000FAF754F92946606ABDE87040FAF74BB9F4
:10BB900070BD000010B591F85C000C4620F0040068
:10BBA00081F85C000020C86240F2DC5121872063EC
:10BBB000606394F8501041F0010184F850100121A5
:10BBC000216494F8501041F0020184F85010A087CD
:10BBD00094F85C1021F00A0184F85C106062A062A5
:10BBE0002046F9F757FA60626420FEF71FFA014613
:10BBF000606AFEF775F90CA1606AFAF7B5F80023E0
:10BC00001A460A49606AFAF715FC4FF4806120462B
:10BC1000FAF74EFC0021204600F062F92046BDE80C
:10BC2000104003F00BB800000000000039E90008E4
:10BC300038B50446016C406A6A46F9F7DDFB00211D
:10BC40002046FCF7CCFC054600212046FCF799FC79
:10BC50000089BDF802106D1C08442844ADF80200AC
:10BC6000A08FADF80000606AFBF7DDFCBDF90210A3
:10BC7000884209DD6946606AF9F7BEFA0146204646
:10BC8000A58F00F02DF9A58738BD016C002902D0E1
:10BC9000491E00F025B97047016C491C00F020B91D
:10BCA00038B50446016C406A6A46F9F7A5FB0021E5
:10BCB0002046FCF794FC054600212046FCF761FC79
:10BCC0000189BDF802002944401A401CADF8020069
:10BCD000A08FADF800006946606AF9F78DFA014659
:10BCE000A58F204600F0FCF8A58738BD38B504467E
:10BCF000006C00283FD021A06946006800902046D3
:10BD0000F2F766FB012836D1606AF9F75BFC216C1B
:10BD100005460122491EE8F7C3F82946606AFAF78A
:10BD200023F82046FFF71CFFA06A38B1606AF9F7D4
:10BD300049FC007810B92046FCF799FF94F85C00A4
:10BD400040070ED5216C0122491EE06AE8F7A8F8E9
:10BD5000E06AE4F7F8FA411CE06AFAF781F9E06278
:10BD600050B1216C2046491E00F0BAF800221C2177
:10BD70002046F7F713FE38BDFEE700007F00000005
:10BD800070B5056C0446691C00F0AAF8206CA84246
:10BD900004D02046BDE87040FFF7A8BF70BD70B565
:10BDA000C86A0C46002510B1FAF716F9E562A06AD8
:10BDB000002802D0FAF710F9A56270BD70B50E46E2
:10BDC0003F48FBF74AFB012878D13046F7F7A3FD3F
:10BDD00004463046F7F7DDFD05460E2C12D00D2C3B
:10BDE00014D0012C60D0022C5ED0032C5CD0082C27
:10BDF0005AD0152C5DD0182C60D13046BDE870406B
:10BE0000EBF7A2BDBDE8704002F018BF3046F7F76F
:10BE1000BEFD0168132910D0142913D0112916D0A2
:10BE2000122919D008291CD07F291FD0022922D01D
:10BE3000032922D00A2927D031E02846BDE87040E6
:10BE4000FFF72ABF2846BDE87040FFF71EBF28460F
:10BE5000BDE87040FFF724BF2846BDE87040FFF7FB
:10BE6000E7BE2846BDE87040FFF740BF2846BDE862
:10BE70007040FFF785BF002101E047F6FF712846BB
:10BE8000BDE8704000F02CB8284600F01BF830B137
:10BE90002846BDE8704000221F21F7F77FBD2846E5
:10BEA000BDE87040FFF74EBD3046BDE8704004F07D
:10BEB0006DBA3046BDE87040EDF7DABF70BD0000E6
:10BEC000C88B020890F85C00C0F3C000704790F87F
:10BED0005C10490702D4406AF9F774BBC06A704726
:10BEE000F8B50546006C0C46A04266D0686AF9F7C2
:10BEF00069FB324909688847002C00DA044484420F
:10BF000003DCA4F5FE41FF3900D1044628462C6429
:10BF1000FEF730F800212846FCF733FB06466A4658
:10BF20002146686AF9F768FAB6F908402846FBF72F
:10BF3000EDFCBDF90210884203DD01222846FDF721
:10BF400041FD2846FBF703FB06462846FBF7DEFCCF
:10BF5000BDF902100A19101AB04206DD881B2044F0
:10BF600001B201222846FDF72DFD2846FBF702FC11
:10BF7000BDF90010884203DD01222846FDF70CFDC3
:10BF80002846FBF7FEFA06462846FBF7F3FBBDF909
:10BF900000100A19101AB04206DD881B204401B2B5
:10BFA00001222846FDF7F8FCBDF800102846A987B5
:10BFB00002F044FE284601F07BFFF8BD2802002075
:10BFC00070B5044600F081F805000AD02046054A05
:10BFD0000021FDF71FFB21462846BDE87040E9F728
:10BFE00001B970BDFFFF0F0000B500F059F800283F
:10BFF00000D0014800BD00001CB600202DE9FF471D
:10C00000994607460C9E00F04BF8214D40B90020A0
:10C0100028704FF4B070F9F755FF1E490860E860CA
:10C02000F4F7A2FEF4F7B8FE4FF00108B0F5A07FD8
:10C0300001DC032007E0F4F797FEF4F7ADFEB0F55E
:10C04000347F02DA0220687001E085F80180124C2A
:10C05000A4F12800E760BDF804100187BDF80810BE
:10C06000418766610D48A6612060C4E9076902F056
:10C0700015FE27B13846F4F7CFFEA04202D10020CA
:10C08000FDF746FB85F8008004B00348BDE8F08763
:10C0900034010020E40100201CB6002059F90108F9
:10C0A00002480068002800D001207047E401002009
:10C0B00008B500F00AF808B1006902E01120FDF7A8
:10C0C000A5FF0090BDF8000008BD10B510B1FBF74A
:10C0D00079FA01E0F4F748FEBDE81040F4F79CBEA1
:10C0E00010B5044600F002F8001B10BD0349012200
:10C0F00048680A700B78002BFBD07047C8010020FD
:10C10000034900220A704A681044486070470000E2
:10C11000C80100202DE9F041074615460E460B48A0
:10C12000E7F75EFC040010D0A7604FF0FF302660F8
:10C13000206100206061FFF7D9FFE560044960607D
:10C14000012008712046BDE8F081FEE740B60020DE
:10C15000FC01002010B5044601460548E7F785FCC0
:10C1600004490120C8702046BDE81040F9F734BFEB
:10C1700040B60020FC0100202DE9F047494CA07892
:10C1800010B10120BDE8F0870120A07020780026C2
:10C1900028B1FFF7ABFF5FEA000902D007E0A67005
:10C1A000EFE72069401C2061642800D926613E4DDC
:10C1B0004FEA060884F8038084F804803B48E7F7D8
:10C1C000EAFB286037E03948E7F7F7FB2E680746B7
:10C1D000307DC0072ED18246304600F078F888B90D
:10C1E0003069B0F1000A01DD401E3061FFF77EFFCB
:10C1F0007060B16821B1BAF1000F01D030468847B4
:10C200004FF0010AE07820B9306910B93046FFF7E5
:10C21000A1FFBAF1000F0DD02079E178084309D0D1
:10C2200028680028C6D100BF4FF0FF351F48E7F748
:10C23000B2FB11E02F6029680029C4D1F4E7307DFA
:10C24000C00705D1304600F042F8A84200D20546AA
:10C2500031461648E7F7B1FB0600F0D14846FFF734
:10C260003FFFE1680844E060A068FFF739FFB0F5E0
:10C27000FA7F13D3E16864225143B1FBF0F0C0B2FE
:10C280006070642801D9002001E0C0F16400607092
:10C290002646C4F80C80FFF729FFB06084F80280BE
:10C2A00028466FE7FC010020E001002040B6002096
:10C2B00001214161704710B50446FFF717FF21685F
:10C2C000401A401E606010BD00214161704710B5EA
:10C2D00004464068FFF704FF2168814201D800202E
:10C2E00010BD081A10BD70B50346083A0C4602F09E
:10C2F0000300111AA00705D1A1F10C004FF6F57249
:10C30000904201D3002070BD2078251F00F003006B
:10C31000084320F0020040F0010121602946184640
:10C32000E8F791FF2846E8F7C3FF01790221416051
:10C33000204670BD70B5810701D0002070BD00237C
:10C340008060C0E90303194600EB810200EBC114D1
:10C350005361002204EB8206521CF063202AF9DBB1
:10C36000491C0A29F0DB70BD70B50C460546FFF785
:10C37000E1FF0646A4F23C5205F23C51FFF7B3FF41
:10C38000304670BD70B5002926D0083906460879B8
:10C390000C46C00700D0FEE70846E8F7DFFF21792A
:10C3A000304689070CD52568A5B12979C90712D06F
:10C3B0002946E9F73BF821462846E8F729FF0446D5
:10C3C00021463046E8F7E4FF01463046BDE87040BC
:10C3D000E8F739BFFEE7FEE770BD00F23C5070475A
:10C3E00070B50A46054604211046E8F773FD044679
:10C3F00001462846E8F762FF014622462846BDE886
:10C400007040E8F7EBBF2DE9F05F90460C008146E5
:10C410004FF000051FD0B8F1000F18D0A4F10805A7
:10C420002846E8F7D0FF82466868042120F0030719
:10C43000DAF8040020F00300384400F1040B404611
:10C44000E8F748FD06462879C00709D0FEE74846C8
:10C45000FFF798FF41E01146FFF7C2FF05463CE0B9
:10C46000BE4216D99AF80400C00701D05E4510D923
:10C4700041464846FFF7B4FF05002ED040464745E9
:10C4800000D307463A4621462846F9F711FE2146D1
:10C49000DDE7BE4206D929464846E8F779FF284637
:10C4A000E8F769FF28794F46C00700D0FEE731461C
:10C4B0002846E8F7BEFE78B131462846E8F7C7FFC0
:10C4C0000146406820F0020048603846E8F760FF07
:10C4D00001463846E8F7B7FE25462846BDE8F09FF6
:10C4E00070B5164601B90D49001F0D460DE000BF9D
:10C4F00010F0010F0FD0002220F0030104F108001A
:10C500003346A8472046E8F75EFF040002D0606883
:10C510008108EDD170BD0122EEE700003966000808
:10C520005A3000B2AFF300804FF4B47190FBF1F2D7
:10C5300001FB1200002802DA00F5B47000B20E49C7
:10C540005A2802DA31F910007047A0F15A025A2A2B
:10C5500003D2C0F1B40000B2F4E7A0F1B4025A2A49
:10C5600001D210B202E0C0F5B47000B231F8100090
:10C57000404200B270470000C08902082DE9FF4F19
:10C5800083B05FEA0009119F7BD099F80000002872
:10C5900077D00498002871D01098800702D541F612
:10C5A000FF70069000243F4A009401945268A3460D
:10C5B000254626464FF0FF38694648469047824652
:10C5C0000098019050E0374A01A9484652689047C8
:10C5D00083461098761CC00704D051461298E7F79E
:10C5E0003FFD98BB5A4651460498F7F7B0FA00B29F
:10C5F00029180DB2002802DD0598284405B2B8F1CB
:10C60000FF3F05D10598291A0698814200DDA04612
:10C610005046BAF10A0F1AD0BAF10D0F17D00146E1
:10C62000A0F59C4045F2A512904210D9002005E0EB
:10C630001DA2125C8A420AD0401CC0B21AA2125C2F
:10C64000002AF5D117B1B8F1FF3F08D008E024B9AE
:10C65000B8F1FF3F01D107B13D60761E08E03D60B3
:10C66000DDE90040DA46009019F804000028AAD15C
:10C67000B8F1FF3F06D0139870B1404607B0BDE84F
:10C68000F08F0CE02EB1BAF10D0F03D1BBF10A0F00
:10C6900000D1009C2046F1E70FB100203860002057
:10C6A000ECE7000010020020202C2E3B3A2D5F000A
:10C6B0002DE9FF4F83B004464FF00000DDF848A09D
:10C6C000DDF84090208093460F00608049D0BBF198
:10C6D000000F46D05FEA8A7002D541F6FF701190D4
:10C6E0000025A846BBF8086025E00020CDE9000A37
:10C6F000781902905946119B069AE7F709FC804485
:10C70000B4F9020006EB09010144B1F5004F28D24B
:10C71000304448446080A8EB0501CDF800A05A469B
:10C72000069B029800F022F8B4F90010814200DB69
:10C73000084620804546785D0028D6D15DB178193D
:10C7400010F8010C0A2801D00D2804D1618806EBED
:10C75000090008446080B4F9020028B1A0EB090088
:10C76000608007B0BDE8F08F6680FAE72DE9FF47EB
:10C770001E46DDF8309090460D4607000CD0B8F10B
:10C78000000F09D03878002807D000200446029016
:10C790008DF80C00EDB923E0002004B0BDE8F0876F
:10C7A00002AB01AA69463846E7F79AFB5FEAC9700F
:10C7B00004D003A80099E7F753FC50B9DDE9001253
:10C7C0004046F7F7C4F900B2002802DD20443044A7
:10C7D00004B20298A842E3D3002C01DDA01B04B2EE
:10C7E0002046DAE710B50146802825D3002301F062
:10C7F0003F0242F08002B1F5006F0AD2C0F384110B
:10C8000041F0C00161F3070062F30F2063F31740AA
:10C8100010E0C1F3851444F08004B1F5803F0CD2E0
:10C82000C0F3033141F0E00161F3070064F30F202E
:10C8300062F3174063F31F6010BDB1F5881FFBD290
:10C84000C1F3824343F0F003C1F3053163F3070002
:10C8500041F0800161F30F2064F3174062F31F6021
:10C8600010BD00002DE9F04100240F460646254684
:10C87000DFF8248007E0D8F800103019884700B9A5
:10C88000012004446D1CBD4202D2305D0028F2D16B
:10C890002046BDE8F081000010020020F8B50746F0
:10C8A00000200D460446064E009004E0726869467A
:10C8B00038469047641C0098A842F7D32046F8BD3C
:10C8C00010020020F8B500240546074E009404E04D
:10C8D0007268694628469047641C0098285C0028C6
:10C8E000F6D12046F8BD00001002002078B50025E2
:10C8F0000446009501B969460A68A05C030601D4A4
:10C90000054634E006260223B6EB501F06D1C006CA
:10C91000400D24E004F03F031D1828E00E26B6EB7E
:10C92000101F02D10007000C0FE01E26B6EBD00F3F
:10C930001DD1521C0A604007A55CC00AB3EB951FCD
:10C9400013D105F03F0500EB0530521C0A60A55CD1
:10C95000B3EB951F09D105F03F0500EB8510521C84
:10C960000A60A45CB3EB941FD4D0002078BD521CA5
:10C9700028460A6078BD0000F8B50746086800251B
:10C98000401E0C460D4E086001E0042D13D22068B5
:10C9900031683844884718B9216861B1491E21605F
:10C9A0006D1CEDB20028F0D02068009072686946D6
:10C9B00038469047F8BD0020F8BD00001002002066
:10C9C0000078010601D4012070470621B1EB501F09
:10C9D00001D1022070470E21B1EB101F01D10320BD
:10C9E00070471E21B1EBD00F01D104207047002009
:10C9F0007047000008B5009313460A4601460248F6
:10CA0000E8F73EF808BD0000454300080EB5E4F71E
:10CA100001F8E4F7BFFBE4F769FEE4F739FEE5F758
:10CA2000C9FCE5F7C5F9E5F7CDF9A820E9F706FE59
:10CA3000E3F742FFE3F79CFF6420E9F725FEE4F704
:10CA40007FFC4FF47A742046E9F71EFE4FF6FF7024
:10CA50004FF48C76002100903346F0220846E4F72C
:10CA600001FC3220E9F710FE1420E4F743FD182002
:10CA70004FF47841CDE9001000251F2312A2029542
:10CA800078214820E4F7C2FD2046E9F7FDFD0021AA
:10CA90003346F02208460095E4F7E4FBF8F798FAED
:10CAA000FDF7E8FAFDF70AFB6420E9F7EDFD00F079
:10CAB00085FCE5F77BF903F00FFF00BFE4F732FEDA
:10CAC0002046E9F7E1FDF9E757656C636F6D652175
:10CAD0000000000070B50D4606468022F3F7E3FB28
:10CAE000044680213046F3F720F9002C06D0294671
:10CAF0003046BDE870408022F3F7E1BB70BD000016
:10CB00002DE9FF4F98468A880B8883B0D21A521CB1
:10CB100016B2CA8849888146511A491C1498DDF812
:10CB200048B00FB201280AD002280AD003282FD11A
:10CB3000314D00BF5FEA0B0027D0002058E02F4D99
:10CB4000F8E72F4DF6E7002415E000BF09EB440B92
:10CB5000119ABBF80000ADF8040008EB440000880F
:10CB6000ADF80000DDE90001A8470090BDF8001015
:10CB7000ABF80010641CB442E8DB05990AF101002F
:10CB800009EB4109109908EB41088246B842DADB0B
:10CB900007B0BDE8F08F00241EE000BF1BF80400C2
:10CBA000C8B1FD2801D3119A02E011994843020A45
:10CBB00009EB440001900088ADF8080008EB440040
:10CBC00002990088ADF800000098A84700900198ED
:10CBD000BDF800100180641CB442DFDB05990AF146
:10CBE000010009EB4109109908EB410813998B44A6
:10CBF0008246B842CFDBCBE7F762000883620008C9
:10CC00005D6300082DE9FF4F06468A8808888BB0CF
:10CC1000101A401C07B2CA884888DDE919BA101AF0
:10CC2000401C0FFA80F85FEA0A001D46584605D0FE
:10CC3000FD287CD9A7F1040B002027E1FD2813D3A0
:10CC400000247F000BE03A4629463046F9F730FAD7
:10CC50000D98641C06EB4006189805EB400544450A
:10CC6000F1DB0FB0BDE8F08F002021E0002415E0DB
:10CC700006EB440A5A46BAF80000ADF8180005EB76
:10CC800044000088ADF81400DDE90501F3F7CEFE9D
:10CC90000590BDF81410AAF80010641CBC42E7DB34
:10CCA0000D9806EB4006189805EB400509F10100C8
:10CCB00081464045DADBD4E7D14600241CE000BFC2
:10CCC00099F80020AAB1FF2A06EB44001AD0099077
:10CCD0000088ADF8200005EB44000088ADF81C008A
:10CCE000DDE90701F3F7A2FE0690BDF818100998D8
:10CCF000018009F10109641CBC427CDA5FEA897099
:10CD0000DED178E005EB44010988F1E7D9F80000AD
:10CD1000F0B3401C74D099F80020BAB1FF2A06EB9A
:10CD200044007AD009900088ADF8200000E0B6E019
:10CD300005EB44000088ADF81C00DDE90701F3F7BE
:10CD400075FE0690BDF818100998018009F10100E0
:10CD5000059099F80120AAB1FF2A06EB440060D0A3
:10CD600009904088ADF8200005EB44004088ADF8FC
:10CD70001C00DDE90701F3F759FE0690BDF8181015
:10CD8000099841800598401C05900278BAB100E0EE
:10CD90002EE0FF2A06EB440047D009908088ADF8CA
:10CDA000200005EB44008088ADF81C00DDE9070198
:10CDB000F3F73CFE0690BDF818100998818005989D
:10CDC0004278AAB1FF2A06EB440032D00590C08811
:10CDD000ADF8200005EB4400C088ADF81C00DDE98B
:10CDE0000701F3F723FE0690BDF818100598C180DF
:10CDF00009F10409241D5C4588DB3BE000E00CE000
:10CE000005EB440006EB440102880A8042884A8010
:10CE100082888A80C088C880EAE705EB44010988D7
:10CE200093E705EB44014988ABE705EB44018988AA
:10CE3000C4E705EB4401C988D9E700BF99F8002091
:10CE4000AAB1FF2A06EB440025D009900088ADF86E
:10CE5000200005EB44000088ADF81C00DDE9070167
:10CE6000F3F7E4FD0690BDF818100998018009F168
:10CE70000109641CBC42E1DB0D981B9906EB4006DE
:10CE800018988A4405EB40050198401C01904045E4
:10CE9000FFF612AFE5E605EB44010988E6E700205E
:10CEA0002DE000241FE000BF1AF80400D0B1FD28D7
:10CEB00001D35A4602E000FB0BF0020A06EB4400E5
:10CEC00003900088ADF8180005EB44000088ADF829
:10CED0001400DDE90501F3F7A9FD05900398BDF8FD
:10CEE00014100180641CBC42DEDB0D981B9906EB1C
:10CEF000400618988A4405EB400509F10100814677
:10CF00004045CEDBADE600002DE9FF4F85B09A46E7
:10CF10000C46DDF850B0E6F7A7FF0390A088218803
:10CF2000401A401C06B2E0886188401A401C0FFA83
:10CF300080F8BBF1000F01D000204BE000271DE07E
:10CF4000002515E0139802900AEB4500079A008827
:10CF5000ADF804006088384400B20090208805993C
:10CF6000284403B203980068D0F81CC0E0476D1C49
:10CF7000B542E7DB12997F1C0AEB410A4745DFDB2C
:10CF800009B0BDE8F08F00251BE000BF1BF80500CD
:10CF9000B0B113994843000A02900AEB4500079A82
:10CFA0000088ADF80400618801EB090000B2009030
:10CFB00020880599284403B203980068C769B847D8
:10CFC0006D1CB542E2DB159909F101008B44129901
:10CFD0000AEB410A81464045D5DBD1E770B51546DD
:10CFE0000E460446802805D2E117002004EB91711B
:10CFF000891006E003F02AF8411FCC4084F020019C
:10D00000801F3060296070BDFD2902D2022901D83D
:10D010000020704710FB01F000EBC01101EBC030A5
:10D02000C0F3C750704700002DE9F041F6F7B1FC9E
:10D030000746FAF739FB0646FAF736FB0546F3F7DB
:10D04000D9FA046800213046FAF71DFAB84244F3D1
:10D05000074008D1012801D0401E07E00C2060F3F2
:10D060001744601E1FE00C2819D0401C60F31744C1
:10D0700044F30747A1B20C463A462846F3F7BCFAF8
:10D0800001213046FAF7FFF90849224601EB8701F2
:10D0900051F8043CBDE8F04105A1F8F79CBE012021
:10D0A00060F31744601C60F30F04E1E77001002097
:10D0B000256420257300000070B50546F6F769FC6D
:10D0C00004462846F6F767FC05462046F6F7FAF9C7
:10D0D00004462846F3F78EFA0088641C62B262F3B5
:10D0E000174081B22846BDE87040F3F785BA0000CA
:10D0F00070B50D4600212846FBF728FF0021284681
:10D10000FCF7BCFC0023022219462846FCF79AFCD7
:10D110002846F2F7E7FD0646002228A1FCF78EFE1E
:10D1200042F264013046FCF7C5FC3046FCF722FFB2
:10D130003046FAF778FA044601463046FCF7D0FE4E
:10D14000002307221E493046F9F774F904213046BE
:10D15000F9F772FD2846F7F79DFF06460321F8F719
:10D16000C7FD002202213046FCF7A2FE0121304615
:10D17000FCF794FC2846F2F7B5FD0646002211A103
:10D18000FCF75CFE224611463046FCF74CFD0023BE
:10D1900007220B493046F9F74DF904213046F9F7DB
:10D1A0004BFD00231C2208492846F9F743F928467D
:10D1B000BDE8704000221C21F6F7F0BBEF81930020
:10D1C00029D00108EF819400D50902082DE9F0412A
:10D1D0000F460846FAF768FA044600213846FBF77E
:10D1E000B5FE00213846FCF749FC3846F6F7C8F88A
:10D1F000164D06466968F6F7F3FA23461C221449D1
:10D200003046F9F717F901213046FCF747FC38465C
:10D21000F6F7B6F806462968F6F7E2FA23461C2226
:10D220000C493046F9F706F901213046FCF736FC87
:10D2300000231C2208493846F9F7FCF83846BDE8B7
:10D24000F04100221C21F6F7A9BB0000A00100203C
:10D2500075170208B9D00108190A020870B5094DFE
:10D2600004466868002808D044B12046EFF7C6FBA2
:10D27000A9682044884200D3002070BD024800689D
:10D2800070BD0000F8000020EC010020002902D051
:10D290000068091D42507047002901D000684250C3
:10D2A00070472DE9F041044600222121F6F776FB74
:10D2B00000287ED000212046FAF7E5F810B1FFF7EC
:10D2C000F0FFF7E72046FAF7A9F906460020F7F73E
:10D2D0003BFD054600271CE0686AA04202D0A86A10
:10D2E000A04203D121462846F7F7D2FD286BA04281
:10D2F00000D12F63286DB04207D1F7F72FFDA04270
:10D3000003D121462846F7F7C3FD2846F7F71CFD51
:10D310000546002DE0D12046E6F7DBFB60680426D9
:10D320000028204602D0FAF784F929E0FAF74AF9F2
:10D3300005460020EA68696A04E052F82030A342FA
:10D340000AD0401C8142F8D806E0E96806EB80026A
:10D350008A5841F82020401C696A491E8142F4D84D
:10D36000686A401E81006862E868F8F779FEE86044
:10D370001BE0096806EB80028A5841F82020401C17
:10D38000616889684A68521E8242F2D86068806883
:10D390004068401E486061688200896808681146DC
:10D3A000F8F75EFE6168896808602046BDE8F041D4
:10D3B00000E001E0F8F710BEBDE8F081EFF3058072
:10D3C00010B16FF0050070470448016811B14FF0CB
:10D3D000FF3070470121016000207047600000208D
:10D3E000F0B50027DDE905458E1A012B05DC032881
:10D3F0000CD004280AD0052808D0891A09B20628BA
:10D400002AD2DFE800F0290A0320140E2F8020889A
:10D4100006EBD67100EB61001CE02F8020883044C1
:10D4200018E05B1E18B291FBF0F02880F0BD91FB74
:10D43000F3F02988084400B22880218800EBD070DE
:10D4400001EB600006E05B1C18B291FBF0F0288055
:10D45000218808442080F0BD2F80F0BD2DE9F05FC9
:10D4600005460C46501E53B12188A1EB6201218074
:10D470000844A080E88A6080688BE08009E06188C9
:10D48000A1EB620161800844E080A88A2080288B9B
:10D49000A0804FF4403631462846FAF70CFF81460B
:10D4A00031462846FAF74DFF824631462846FAF7BC
:10D4B000A3FF804631462846FAF7A9FE8346314647
:10D4C0002846FBF7A8F8074631462846FBF795F8AB
:10D4D0000146208809EB0702801A2080A0880AEB09
:10D4E00007021044A080608808EB0102801A608067
:10D4F000E08859440844E080BDE8F09F70B50446D8
:10D50000EFF79FFC05001DD0FAF78DF80646204680
:10D51000FAF71DF8864215DD00212846FBF721F8B1
:10D52000068900212846FBF73EF8E18E304441434E
:10D5300009B20022606AFCF745FA606ABDE87040F3
:10D54000FBF795BB70BD00002DE9F041134C0F4671
:10D550000546E6682068001D02F0D8FF681C07D168
:10D5600037B12168BDE8F0410D48091D03F020B82E
:10D5700020683544B5424560216805D2A06BBDE8FE
:10D58000F041091D02F0FCBF606B091D02F0F8FFBD
:10D59000A06A854200D2A562BDE8F081100000209B
:10D5A000880700202DE9F041054603F00DF82D4CC9
:10D5B000A068401CA06020682B4F10B1606930B398
:10D5C0002BE02560A068012827D1002606EB860005
:10D5D00007EB800002F0C6FF761C382EF6D32348F6
:10D5E00002F0C0FF2148143002F0BCFF1F48283071
:10D5F00002F0B8FF1D483C3002F0B4FF1B48503029
:10D6000002F0B0FF194860631430A06305E02068A1
:10D61000E96AC06A884200D82560606A401C60627E
:10D620006864E86A2169884200D9206100EB8000C3
:10D6300007EB8000291D02F0BBFF02F0E5FF6069E7
:10D6400000280CD02068E96AC06A884207D20849DD
:10D650004FF080500860BFF34F8FBFF36F8FBDE86E
:10D66000F081000010000020D802002038070020C0
:10D6700004ED00E038B502F0A7FF104C2068C8B9EF
:10D680000F4802F06FFF0E48143002F06BFF0C4899
:10D69000E060143020610A4B0020F03B009003F161
:10D6A000500210210A2003F0F9FA206010B105A100
:10D6B00003F02CF8BDE8384002F0A6BF4C00002073
:10D6C0008C080020546D72510000000030B4026CD0
:10D6D0000B46002A0BD0C1681144C1608468A14286
:10D6E00001D30168C16030BC1846E2F7FABD30BC16
:10D6F00070472DE9F041856B174604460026026C01
:10D7000082B1C7B1E068E2F7ECFDE168206C091A6C
:10D71000E1602268914202D2A168081AE060022FFB
:10D7200016D017E02068A8B9A06803F0A9FE064645
:10D730000020A0600EE06068E2F7D3FD216C606815
:10D7400008446060A168884204D32068606001E0FA
:10D7500005B16D1E6D1CA5633046BDE8F08110B5A6
:10D76000044690F8590058B101280CD002280FD077
:10D77000502080F31188BFF34F8FBFF36F8FFEE708
:10D78000206B02F055FF2046BDE8104002F050BF6C
:10D7900010BD000010484FF47051420706D0C01D64
:10D7A0000D4920F00700411AC1F570510B4A0023C2
:10D7B0000144C2E900030839183A21F00701116059
:10D7C0004B600B600B1AC0E9001393604FF00040F0
:10D7D00053605061704700006C0F00207C000020F7
:10D7E000144E154CA6F29C474FF08058DFF84C9031
:10D7F00012E000BF02F0E8FEF068C568281D02F0E4
:10D8000085FEA068401EA0606068401E606002F057
:10D81000FBFE2846FFF7A3FF60680028EAD13868BE
:10D820000128F9D9C9F80080BFF34F8FBFF36F8F7C
:10D83000F2E70000740700201000002004ED00E073
:10D84000002807D00021816001600B460A46C160B4
:10D8500003F09CBA7047000070B51D46049C51B19E
:10D86000C4F80020C4E90F010121204603F04AFA60
:10D8700084F84C5070BD2460F4E700002DE9F05F9F
:10D880008846DDE90B941546834691009A460A9E28
:10D89000A522206BE2F745FD6FF00301206B01EB41
:10D8A0008501084420F00707780707D0502080F34F
:10D8B0001188BFF34F8FBFF36F8FFEE70025B8F1DC
:10D8C000000F0FD05FF00000221818F8001082F847
:10D8D000341018F8001011B1401C1028F4D384F84B
:10D8E000435001E084F83450382E00D33726E662E6
:10D8F000C4E91365201D02F040FE04F1180002F097
:10D900003CFE2461C6F138006462A061656584F85C
:10D91000585052465946384600F0B4FA2060B9F1E2
:10D92000000F01D0C9F80040BDE8F09F30B51149A3
:10D9300000E011460A688242FBD34B685C188442BF
:10D9400003D1406818444860084643681C18944254
:10D9500009D1084C183C2468A24209D052681A44E4
:10D9600042600A6812680260814200D0086030BDDF
:10D970000460F9E77C00002070B5002441600B4D85
:10D980000061914206D8D11A8269914206D2011DE6
:10D99000286907E09A4203D2994201D3012403E0A7
:10D9A000011DE86802F0ECFD204670BD4C0000202F
:10D9B00010B5044602F008FEA06B28B15FF0000429
:10D9C00002F022FE204610BD0124F9E730B589B0EF
:10D9D0003C4D6EE00498002806DADDE90601059A60
:10D9E00090470498002864DB069C606910B1201DF4
:10D9F00002F08CFD03A800F0D7F8024604980A282C
:10DA000057D2DFE800F00505052D334A05052D3313
:10DA100094F8280040F0010084F828000599A069D6
:10DA2000059B01442046FFF7A7FF68B3216A204603
:10DA3000884794F8280040073BD5002000900598BF
:10DA4000A169002342181946204603F05FFED8B9A9
:10DA5000502080F31188BFF34F8FBFF36F8FFEE725
:10DA600014F8280F20F00100207022E094F828001C
:10DA700040F0010084F828000598A06128B18118C1
:10DA800013462046FFF778FF13E0502080F31188FB
:10DA9000BFF34F8FBFF36F8FFEE794F82800810725
:10DAA00003D4204602F0C4FD03E020F0010084F816
:10DAB0002800002204A9286803F078FA002889D1F8
:10DAC00009B030BD4C0000202DE9FC410F46054651
:10DAD00002F046FF01A800F067F80446019818B16B
:10DAE00003F082FDBDE8FC81254EAFB130690068CE
:10DAF000D0B30027291B3A46306802F01BFE03F022
:10DB000073FD0028EED11F494FF080500860BFF32D
:10DB10004F8FBFF36F8FE5E7A542EBD803F064FDAD
:10DB2000F0682746C068C468201D02F0EFFC94F836
:10DB30002800410719D5A0692B4641193A462046CD
:10DB4000FFF71AFFA8B100200346014600902A46BD
:10DB5000204603F0DBFD60B9502080F31188BFF34D
:10DB60004F8FBFF36F8FFEE707E020F0010084F8CE
:10DB70002800216A20468847B4E70127BAE7000059
:10DB80004C00002004ED00E00648416B096829B113
:10DB9000416BC968C9684968816270474FF0FF31BD
:10DBA000FAE700001000002070B5054603F0F6FB10
:10DBB000064E0446B068844203D200F009F8012002
:10DBC00000E0002028602046B46070BD4C000020BA
:10DBD000F8B5194D20E0C068C4680668201D02F041
:10DBE00095FC216A2046884794F82800400713D501
:10DBF000A0693044B04206D924616060211DE86804
:10DC000002F0BEFC08E000200346014600903246C8
:10DC1000204603F07BFD38B1E86801680029DAD1BD
:10DC20002969C5E90310F8BD502080F31188BFF3BE
:10DC30004F8FBFF36F8FFEE74C000020084840680D
:10DC4000401C4FF0500080F3118804D0BFF34F8F79
:10DC5000BFF36F8FFEE7BFF34F8FBFF36F8FFEE70A
:10DC600084000020074CE068016841B1C0680021D1
:10DC7000D0F80000FFF728FFFFF7A8FEF3E7012127
:10DC80000020F7E74C0000202DE9F041044602F0A7
:10DC90009BFC94F9455004F1240609E0606A48B100
:10DCA000304603F069FC08B102F094FD6D1E6DB2C0
:10DCB000002DF3DC4FF0FF3684F8456002F0A4FC41
:10DCC00002F082FC94F9445004F1100709E0206945
:10DCD00048B1384603F050FC08B102F07BFD6D1EE0
:10DCE0006DB2002DF3DC84F84460BDE8F04102F031
:10DCF0008BBC00002DE9F0410546002702F030FE04
:10DD0000324E306808B9FFF745FD706905424ED1C3
:10DD1000C5B3083568070ED005F00700C0F108004C
:10DD20000544680707D0502080F31188BFF34F8F58
:10DD3000BFF36F8FFEE72DB37068854237D8234855
:10DD4000183001460C6801E020460C466168A94283
:10DD500002D221680029F7D131688C4227D00768A8
:10DD60002168016060680837411B10290FD96019CC
:10DD7000420708D0502080F31188BFF34F8FBFF3C4
:10DD80006F8FFEE713E041606560FFF7CFFD6168CC
:10DD90007068401A7060B268904200D2B0607069DA
:10DDA00001430020C4E90001F068401CF06003F06A
:10DDB0001BFC780707D0502080F31188BFF34F8FEA
:10DDC000BFF36F8FFEE73846BDE8F08164000020A6
:10DDD0000449086818B10868026D521C0265086899
:10DDE00070470000100000202DE9FF47064690F81C
:10DDF0005C00400739D5706AF7F7E4FB1C490968F5
:10DE00008847040031D000213046FAF7BAFB0023DE
:10DE100042F222026946F5F72CFE08B115A000E097
:10DE200015A08146E2F78FFA074604FB07F0401C75
:10DE3000F8F774F88046002507E000BF05FB07806F
:10DE40003A464946F8F734F96D1CA542F6DB7D43A6
:10DE5000002108F805104146706AF7F785FF404633
:10DE6000F8F7A8F8304600F023F8BDE8FF87000077
:10DE700028020020E280A2002A000000704700680B
:10DE8000FFF7B2BF10B5031F4FF080741C601B1F5B
:10DE900021F001011960191F044B0B6014390A604D
:10DEA000091F6FF0020244380A6010BD3DDC010812
:10DEB0002DE9F04F91B004460021FAF762FB09907A
:10DEC00000212046FAF78BFB0890206C0590606AD1
:10DED000F7F778FB784A8246059912689047DFF891
:10DEE000DCB106460AEB0600DBF800208146002183
:10DEF000904707000998B0F908807DD00A2FFCD020
:10DF00000D2FFAD0002239460998F5F720FE05B208
:10DF100003AA606A0599F7F76FFA606AF7F752FB90
:10DF200002460021606AF8F7C3FD616ABDF90C2062
:10DF3000B1F91430B1F918101A442A448A4228DD84
:10DF400094F85C10090724D4032822D00020ADF8EF
:10DF50000C000899BDF80E2008EB01001044ADF844
:10DF60000E00002F7ED0564948460968884706446F
:10DF7000DBF800200AEB060000219047010071D079
:10DF80000A296FD00D296DD000220998F5F7DFFD21
:10DF900005B24FF4E02B20465946E664FAF798F8AC
:10DFA000064659462046FAF73CFA00EB060A204698
:10DFB00041F611025946FAF73BFA00EB06095946B9
:10DFC0002046FAF78DF98719204641F61302594683
:10DFD000FAF72EFABDF80C203044D11BADF83410FE
:10DFE000BDF80E3010446D1EA3EB0A012844ADF8B5
:10DFF0003610ADF8380000E057E003EB0901A8F156
:10E0000001000844ADF83A0004F144010D4601A8AE
:10E01000F1F723FC606ABDF80410828A1144ADF860
:10E020000410BDF80610C08A0844ADF80600606A06
:10E03000BDF80810808A0844ADF80800606ABDF891
:10E040000A10C08A0844ADF80A0001A92046FAF770
:10E0500042FE0DA92846F1F700FC294601A8F1F778
:10E06000FCFB00E024E0606ABDF80410828A1144E1
:10E07000ADF80410BDF80610C08A0844ADF80600DB
:10E08000606ABDF80810808A0844ADF80800606A2C
:10E09000BDF80A10C08A0844ADF80A0001A920465C
:10E0A000FAF719FE11B0BDE8F08F002220212BE70E
:10E0B0000022202169E7000018020020140200203D
:10E0C000100200202DE9F04790B088460646EEF792
:10E0D000BFFE05006BD0F7F775FA0246002128460F
:10E0E000F8F7E6FC012838D0022802D0032819D11D
:10E0F0000CE03046F9F745FA04462846FAF7BCFA30
:10E10000201A00EBD07040F34F0108E03046F9F7D9
:10E1100038FA04462846FAF7AFFA201A01B2284620
:10E12000FBF7F5FE00213046FAF723FA04460021FA
:10E130003046FAF746FA8246B4F908703046F9F7E5
:10E1400006FA8146304600216522FAF771F984B259
:10E15000B8F1000F03D014B104E00021DFE730462E
:10E16000F0F74EF8F18C07EB0A00484309EBD97140
:10E17000491007EBD772A1EB6201081A06B2B8F199
:10E18000000F17D0B4B16846F0F740FE0F48CDE954
:10E1900000502846FAF776FACDE9080607900C48B1
:10E1A00003900C4806900A946846F0F7A3FE10B05E
:10E1B000BDE8F08705492846F0F7E4FD10B0314688
:10E1C0002846BDE8F047FBF7B9BE000039E9010871
:10E1D000ADE4010873EE00082DE9F04F0C464FF452
:10E1E000A02689B005463146FAF773F80790314604
:10E1F0002846FAF7B4F8824631462846FAF70AF973
:10E20000814631462846FAF710F8804631462846BE
:10E21000FAF7C2F9069031462846FAF7D9F983464B
:10E2200031462846FAF7A9F9059031462846F9F70C
:10E2300093FF074631462846F9F787FF06461FE059
:10E24000079BCDF800B0CDE9013ACDE90398DDE9AF
:10E250000523A1B22846EFF707F8E96AB04221F892
:10E260001400E96A01DA024600E03246BA4201DAF5
:10E27000384602E0B04200DB304621F81400641C4E
:10E28000E88CA042DCD809B02846BDE8F04FFBF787
:10E290004BB92DE9F0410746F9F707F90546002487
:10E2A00012E0B868006850F824603046FAF7DFFCE6
:10E2B00000222A213046F5F771FB3046FAF7D7FCE9
:10E2C0003046FFF7E6FF641CAC42EAD3BDE8F081BC
:10E2D0002DE9FE4F0446EEF7BBFD060009D0F6F728
:10E2E0002DFD8046F6F76BFD042805D0022803D0EB
:10E2F00012E00120BDE8FE8FE28C21462285042831
:10E300000AD10846F9F78AF90546F5F767FF18B10B
:10E3100000212846F5F7DDFF4046F6F750FD0128BD
:10E3200004D04046F6F74BFD032863D1A06A800372
:10E3300031D4002569464046F6F716FDBDF80200C7
:10E34000F18A401AADF80200BDF80000B18A401A07
:10E35000ADF8000069463046F6F74EFF07463046F6
:10E36000F7F730F98246002080460646DFF89490A1
:10E3700001900DE0D9F8002001A9504690470A28E5
:10E3800003D1B84501D06D1C2DB2DDF80480761C98
:10E39000BE42EFD327E000212046FAF7EAF805460F
:10E3A00000212046FAF70DF92989B4F91A2008440A
:10E3B000B4F9161007B2501A00EBD07001EB6000F0
:10E3C00005B20C214046F6F7B4FDF18A084400B2CC
:10E3D000281A90FBF7F0002800DA0020A18C814277
:10E3E00000DC481E05B2002D04DBA9B20122204644
:10E3F000FCF7E9FAE08C029002AA1C212046F5F70E
:10E40000CDFA77E71402002070B5D1E90245D5B105
:10E41000D4B1E560AC6000EBC21505EB8305EE6B93
:10E420008E420FD1EC6384420CD100EB82050121B6
:10E430006C6901FA03F39C436C6103D10369914059
:10E440008B43036170BDFEE7FEE72DE9F0410C460A
:10E45000498C06460020C1F3C5010EE026B1E268F2
:10E4600052F83020B24207D14FF6FF724FF47021BC
:10E470002046FBF771F802E0401C8142EED82046AE
:10E48000F9F713F80746002507E0A068006850F880
:10E4900025103046FFF7D9FF6D1CBD42F5D3BDE80E
:10E4A000F081002200680A21F5F778BA10B50068FB
:10E4B000F9F7FAF8BDE81040EFF7A2BE2DE9FF4FDB
:10E4C00085B090460C460846F9F7EEF8064610214E
:10E4D000FAF7FFF800286FD03046F9F743F9834682
:10E4E00000253046F9F70BFA1434CDE9024000B9A3
:10E4F000059C00213046F9F7D6FD824600213046C2
:10E50000F9F757FF504407B200213046F9F763FE90
:10E51000504400B20190F08A61883844421AB8F839
:10E520000210501A0FFA80F9728B0198101AE288C3
:10E53000801A081A00B200903046F9F774F8C11B2F
:10E540000198081A00B20490B9F1000F0CDB009892
:10E55000002814DAB9F1000006DD05463046F9F767
:10E56000D5F9401B0AD40AE00098002807DD404294
:10E5700005B23046F9F7A4F8E84200D50025039823
:10E58000012804D0022807D003280DD115E0F08A15
:10E5900061883844294421E0718B0198091AE08888
:10E5A0002844081A284405B200243046F9F7A0F997
:10E5B0000090A8B1029F14E0BEE00498F18A00EB3D
:10E5C000D07007EB60000844E2886188521A521C40
:10E5D00012B202EBD27205EB62021144401AE1E77B
:10E5E000059F00213046F9F74AFE50440FFA80F9A2
:10E5F00000213046F9F789FE5044B18A0FFA80FABB
:10E6000001EB09003988338B421AB8F80010501A10
:10E61000A3EB0A02BB8800B2D21A891A09B20028F9
:10E620000BDB002913DA002807DD04463046F9F732
:10E63000A1F82044002809DC09E0002907DD484250
:10E6400004B23046F9F7F6F8E04200D5002430462F
:10E65000FAF712F8A0EB0901A1EB0A00009900B249
:10E66000012904D0022907D003290DD122E0B18A63
:10E6700001EB0900398803E0318BA1EB0A00B9886E
:10E680002144401A204404B22D493046F0F77AFB69
:10E6900007462C493046F0F775FB384306D0002278
:10E6A0000A213046F5F77AF9012845D15FEACB70A7
:10E6B00011D013E000EBD072B18A09EB620008447C
:10E6C000B9883A88891A491C09B201EBD17104EB67
:10E6D00061011144D5E7002C00DA00245FEA8B7059
:10E6E00002D4002C00DD00245FEA4B7002D4002D20
:10E6F00000DA00255FEA0B7002D4002D00DD002552
:10E700000898B8F90010002800D020460844A8F85E
:10E710000000B8F9021002D14FF0000000E02846D6
:10E720000844A8F80200089B09B02A462146304652
:10E73000BDE8F04FFBF708B809B0BDE8F08F000066
:10E740000DE80108F5E7010870B5164605460C46C8
:10E7500051EA06001CD02846F8F7B4F8A86801234F
:10E760003246018A21440182A868418A31444182AB
:10E7700021462846FAF72AFB00220B212846F5F706
:10E780000DF9012804D12846BDE87040FAF76FBAA8
:10E7900070BD30B5AAB1B0F91630B2F900401D19FC
:10E7A000B0F93240A54201DAE31A1380B0F91640FD
:10E7B000B2F90030E518B0F936309D4201DD1B1B7F
:10E7C0001380002915D0B0F91430B1F900209C183D
:10E7D000B0F93020944201DAD21A0A80B0F914203C
:10E7E000B1F90030B0F934001344834201DD801ADE
:10E7F000088030BD10B50346F9F78FF8084401B220
:10E80000BDE8104000221846FFF79EBF10B5034632
:10E81000F9F78AF8084402B2BDE810400021184612
:10E82000FFF792BFF8B505460C460846F3F76AFDB8
:10E830004FF4803631462846F9F71AFCE07002287A
:10E8400008D9284631462022F9F7F2FD0090BDF89C
:10E850000000A080284631463122F9F7E9FDC0B218
:10E86000002784F82200022815D92846314641F2B3
:10E870003202F9F7DDFD00B22084002809DD2846C8
:10E8800031463022F9F7D4FD0090BDF80000E08356
:10E8900001E084F822702846314640F64502F9F737
:10E8A000C7FDC0B284F8360002281CD9284631467C
:10E8B0004FF40462F9F7BCFD00B2E085002810DDDA
:10E8C000284640F643023146F9F7B2FDA0862846B5
:10E8D00044223146F9F7ACFD0090BDF80000A08558
:10E8E00001E084F8367031462846F9F73CFCFD28F3
:10E8F0000AD2E17811FB00F1090AE1704143080AEC
:10E9000084F8220084F83600E07830B994F82200C8
:10E9100018B994F83600002805D031462846F9F792
:10E92000EFFD20800120F8BDA0F84410FAF79FB950
:10E93000A0F84610FAF79BB909B2FBF7FFBA00003E
:10E940002DE9F84F04464F1091460D464FEA610AF3
:10E95000C80700D17F1E60008346F7F7DFFA06463E
:10E960004B46002026E000BF03EB4400009030F847
:10E97000021C6943601E15D4002200EB0A0C26F825
:10E980001010A44501DA33F81C208A1AC11B012992
:10E9900001D5198803E003EB410131F8021C401E48
:10E9A0001144E9D55A4631461846F7F781FB009BDA
:10E9B00008F101008046A042D6DB4FF47F51B1FB45
:10E9C000F5F2002093B214FB04FC0CE039F810209F
:10E9D00042B18A4202D129F8103003E092FBF5F2ED
:10E9E00029F81020401C8445F0D8002039E000BFF1
:10E9F00009EB4002934613886B43002123E0002B70
:10EA000002DA4FF0000C01E04FEAA31C26F811C017
:10EA1000A1EB0A0CBCF1000F02DCB2F800C003E06D
:10EA20000CFB040839F818C0A3EB0C0CCB195B1CC9
:10EA3000A34200DB631E03FB040802EB440239F827
:10EA40001830491C6344A142D9DB5A46002105E035
:10EA500036F81130138002EB4402491CA142F7DB67
:10EA6000401CA042C4DB3046BDE8F84FF7F7A2BA1D
:10EA70002DE9F0470E468AB01F46804601461546EE
:10EA80009146D41907A8F0F7B2FE05EBD57007EB55
:10EA9000600145F30002891A891EADF8201001219A
:10EAA00001EB6000ADF81E004046F0F705FFBDF831
:10EAB0002010081AADF81C004046F0F7D7FEBDF84C
:10EAC0001E1000230844ADF822003A4607A901A809
:10EAD000F3F748FB4D46B9F1010F01D04FEA690544
:10EAE0002046F7F71BFA8246B046002734E021465D
:10EAF0005046F7F7E9FB01A80090DDF804C023B207
:10EB00003AB200215046E04740B19AF80000800137
:10EB100090FBF5F1A8F80010012018E061004046D4
:10EB2000F7F7A4FB15E000BF0AEB00021AF800108B
:10EB300012F8012C914204D108EB400131F8022C6B
:10EB400002E0890191FBF5F228F81020401CA04258
:10EB5000EADB08EB44087F1CA742C8DB5046F7F706
:10EB600029FA01A8F3F776F8012D14D020B2324625
:10EB700029460746FFF7E4FE09F00100284401B2E8
:10EB8000012926DD4FF47F5090FBF1F2002093B273
:10EB900004FB04F517E00020644304E036F810108D
:10EBA0008A093254401C8442F8DC0AB0BDE8F08780
:10EBB00036F8102032B1FF2A0ED0920192FBF1F20A
:10EBC00026F81020401C8542F2D832463846FFF71E
:10EBD000B7FE0020644307E026F81030F2E700BFDC
:10EBE00016F810103154401C8442F9DCDDE7F0B512
:10EBF00097B0074614460D4601A8F3F783FBFF22A2
:10EC000011461046F1F769FE0090BDF80000009033
:10EC1000BDF80000ADF8080000262A4601A93846D4
:10EC2000F3F75CFB0FA8F2F7F9FD23462A460FA97C
:10EC300038460096F2F756FB17B0F0BD30B591B0EC
:10EC400005464FF4E0216522F9F7F2FB040017D0E6
:10EC50006846F0F7DBF80F480A94CDE90050012030
:10EC60000D9400210790CDE908010B4806904FF65E
:10EC7000FF70ADF83C006846F0F73CF911B030BDCC
:10EC800004492846F0F77EF815F8500F40F00100CF
:10EC90002870F3E7E7630008CBEE00082DE9FC4796
:10ECA000FE4DFF4C95F82000C00703D0FD48F1F75A
:10ECB00003FE03E004211220FBF78EF90090BDF85B
:10ECC0000000608095F82000C00704D005211220C4
:10ECD000FBF782F903E004211220FBF765F90090AD
:10ECE000BDF80000A08095F82000C00703D0EE48D2
:10ECF000F1F7E2FD01E0F1F72EFF0090BDF8000012
:10ED0000E08095F82000C00703D0E848F1F7D4FD73
:10ED100003E002211220FBF75FF90090BDF800002C
:10ED2000208100264620CDE90006DC485023E04A39
:10ED3000E0492838FCF7F2FBD84800965023DC4A1B
:10ED4000DC4914380196FCF7E9FBE068D03000F0AC
:10ED5000F9FDD249E0682839D030FCF7D5FBE068EE
:10ED6000D83000F0EFFDCD49E0681439D830FCF719
:10ED7000CBFBE068083000F0E5FD95F82000C00707
:10ED800004D002211220FBF70FF902E01220FBF75A
:10ED90003DF90146E0680830FCF753FAE06847F6B1
:10EDA000FF7A51460830FCF766FB0721E868F1F767
:10EDB000E6FE0146E0680830FCF7AAFA0521E8689B
:10EDC000F1F7DDFE0146E0680830FCF7A1FBE068E2
:10EDD00066210830FCF740FAB049E0681439083081
:10EDE000FCF792FBE068103000F0ACFDE068FF211A
:10EDF0001030FCF731FAE06800F0A4FDFF21E06874
:10EE0000FCF72AFA6088ADF800000099E068FCF78A
:10EE100018FAA088ADF800000099E068FCF759FBEB
:10EE2000607801287ED00228E8687CD05FF00A0173
:10EE3000F1F7A5FE0146E068FCF7A7FA6078012823
:10EE400072D00228E86870D05FF00A01F1F797FEEF
:10EE50000146E068FCF774FAE068183000F072FDD3
:10EE600060780128E8687DD05FF00801F1F787FE3F
:10EE70000146E0681830FCF7FEFAE068FF21183020
:10EE8000FCF7EAF9E088ADF80000E0680099183076
:10EE9000FCF7D7F92089ADF80000E0680099183038
:10EEA000FCF7DEF90221E868F1F769FE0146E06847
:10EEB0001830FCF7E8F9E06801211830FCF7DBF9BD
:10EEC000A088ADF80000E06800991830FCF701FB5D
:10EED000607801287ED00228E8687CD05FF01001BD
:10EEE000F1F74DFE0146E0681830FCF711FA607842
:10EEF000012871D00228E8686FD00A21F1F73FFE9F
:10EF00000146E0681830FCF740FA6078012865D0C7
:10EF10000228E8687ED00A21F1F731FE0146E06858
:10EF2000183003E07FE081E082E084E0FCF708FA3B
:10EF30001220FBF76BF80146E0681830FCF7B9F9CE
:10EF40000121E868F1F71BFE0146E0681830FCF784
:10EF5000BBF9E068A03000F0F5FC504EE068283EB8
:10EF6000B16B00E069E0A030FCF7B8F90321E86874
:10EF7000F1F705FE0146E068A030FCF7C4F9032173
:10EF8000E868F1F7FCFD0146E068A030FCF7B6F94F
:10EF9000E0687F21A030FCF7ACF9E068A83000F011
:10EFA000D1FC708FADF80000E0680099A830FCF744
:10EFB00095F90321E868F1F7E2FD0146E068A83021
:10EFC000FCF7A1F9E0687F21A830FCF792F9E0682E
:10EFD000203004E033E035E036E038E039E000F09E
:10EFE000B1FC6078012839D00228E86839D00821BE
:10EFF000F1F7C5FD0146E0682030FCF73CFAE06817
:10F00000FF212030FCF728F92089ADF80000009995
:10F01000E06800E020E02030FCF713F995F82000CC
:10F02000C00720D070E00E21E86801E70C21FFE660
:10F030000E21E8680AE70C2108E70C2116E71821E1
:10F04000E8684DE714214BE70E21E86856E70C21EC
:10F0500054E70E21E8685FE70C215DE71021E868BE
:10F06000C6E70C21C4E71220FAF7D0FF0146E0689A
:10F070002030FCF704FA0020F1F77CFE00EB4000A2
:10F080004FF4A07950304FF0A008484517DB00201E
:10F09000F1F770FE00EB400050300DE01CB6002090
:10F0A000340100201A171500302B280037322F00AA
:10F0B000A7EE00085C52020890FBF8F000E0012087
:10F0C00001B2E0682030FCF7EFF9E0687F212030E2
:10F0D000FCF7E5F90020F1F74DFE502707EB800023
:10F0E000484507DB0020F1F745FE07EB800191FB67
:10F0F000F8F000E0012001B2E868F1F740FD0146B8
:10F10000E0682030FCF7C6F9A088ADF80000E068A0
:10F1100000992030FCF7DDF9607801287ED00228C4
:10F12000E8687CD05FF01001F1F729FD0146E06846
:10F130002030FCF715F9E06800F12008607801281C
:10F140006ED00228E8686CD05FF00A01F1F717FD75
:10F15000074601464046FCF71DF939464046FCF794
:10F16000EAF80521E868F1F70AFD0146E068203079
:10F17000FCF7E6F80521E868F1F701FD0146E068D3
:10F180002030FCF702F9FF49FD4808600831FE48CD
:10F190000860E068583000F0D5FBE068F949583065
:10F1A000FCF77AF8E06823215830FCF779F8E0683A
:10F1B000603000F0C7FBF349E06808316030FCF7CD
:10F1C0006BF8E0687F216030FCF76AF8E068C030D7
:10F1D00000F0B8FBE0680121C030FCF759F8E068A6
:10F1E0000121C030FCF747F8E068803000F0AAFB4E
:10F1F000607801287ED00228E8687CD05FF010019A
:10F20000F1F7BDFC0146E0688030FCF781F86078DA
:10F21000012871D00228E8686FD003E09FE2A1E2E4
:10F22000A2E2A4E25FF01001F1F7A9FC0146E06858
:10F230008030FCF7AAF8607801287DD00228E868C1
:10F240007BD01021F1F79BFC0146E0688030FCF791
:10F2500077F8E068783000F075FB607801286DD0B1
:10F260000228E8686BD00A21F1F789FC0146E068C2
:10F270007830FCF74DF8607801287CD00228E868E7
:10F280007AD00A21F1F77BFC0146E0687830FCF780
:10F290005CF8E068883000F055FB0A21E868F1F777
:10F2A0006EFC0146E0688830FCF76FF80A21E868D8
:10F2B000F1F765FC0146E0688830FCF741F8E0684A
:10F2C000903000F03FFB1421E868F1F758FC01464C
:10F2D000E0689030FCF709F9E068983000F032FB04
:10F2E000E06802219830FCF7EFF8E068683000F041
:10F2F00029FB03E03DE23FE240E242E2E068002118
:10F300006830FCF705F8E06800216830FCF73DF84C
:10F31000E06800216830FCF713F8E068703000F016
:10F3200011FB607801287DD00228E8687BD002219B
:10F33000F1F725FC014603E025E227E228E22AE274
:10F34000E0687030FBF7E4FF607801286CD0022899
:10F35000E8686AD05FF00201F1F711FC0146E0684D
:10F360007030FCF712F8607801287DD00228E86838
:10F370007BD0022101E010E212E2F1F700FC01462D
:10F38000E0687030FBF7DCFFE068283000F0DAFA64
:10F39000E068B16B2830FBF754FFF1F7DCFB014666
:10F3A000E0682830FCF795F8E068FF212830FBF78B
:10F3B00053FFE068303000F0C5FAE068B16B3030E0
:10F3C000FBF73FFFE068B16B3030FCF782F8E06894
:10F3D00033213030FBF740FFE068383000F0B2FAFC
:10F3E000708FADF80000E06800993830FBF729FF16
:10F3F000F1F7B1FB0146E0683830FCF76AF8E068E5
:10F40000FF213830FBF728FFE068403000F09AFA1F
:10F41000708FADF80000E06800994030FBF711FFF5
:10F42000708F03E0BEE1C0E1C1E1C3E1ADF80000CF
:10F43000E06800994030FCF74CF8E0683321403038
:10F44000FBF70AFFE068483000F07CFA2089ADF84D
:10F450000000E06800994830FBF7F3FEE068FF2108
:10F460004830FBF7F9FE01E0A6E1A8E1A088ADF87D
:10F470000000E06800994830FCF72BF8E068503055
:10F4800000F060FAE088ADF80000E06800995030C4
:10F49000FBF7D7FEE068FF215030FBF7DDFEA088C8
:10F4A000ADF80000E06800995030FCF712F8E06811
:10F4B000B03000F047FAE06857465146B030FBF7ED
:10F4C000DAFFE068B83000F03DFAE0680021B830BB
:10F4D000FBF7D1FFE068C83000F034FA0321E86898
:10F4E000F1F74DFB0146E068C830FCF708F803214E
:10F4F000E868F1F744FB0146E068C830FBF7FAFF23
:10F50000E068F03000F01EFAE068B16BF030FBF715
:10F5100098FEE068FF21F030FBF79EFE0621E868C8
:10F52000F1F72DFB0146E068F030FBF7F1FEE068F3
:10F530003946F030FBF79FFFE068E03000F002FA58
:10F54000E068C821E030FBF764FEE068E83000F0D6
:10F55000F9F9E0687821E830FBF75BFEE06800F538
:10F56000807000F0EFF92089ADF80000E0680099A4
:10F5700000F58070FBF751FE0F21E86806E00000FF
:10F580005564000844010020E9D40008F1F7F7FAB7
:10F590000146E06800F58070FBF74EFEE06801214F
:10F5A00000F58070FBF744FEE06800F5847000F021
:10F5B000C9F9E068B16B00F58470FBF72EFEE068D6
:10F5C00000F5887000F0BEF9E0684FF4827100F534
:10F5D0008870FBF77EFEE06800F58C7000F0B2F9F1
:10F5E0000421E868F1F7CBFA404201B2E06800F587
:10F5F0008C70FBF78DFEF1F7AEFA0146E06800F57E
:10F600008C70FBF71EFEE06800F5947000F09AF92C
:10F610000521E868F1F7B3FA0146E06800F5947057
:10F62000FBF752FEA088ADF80000E068009900F5F5
:10F630009470FBF73EFE1421E868F1F7A0FA01464A
:10F64000E06800F59470FBF734FF0F21E868F1F7EC
:10F6500096FA0146E06800F59470FBF78CFEE068CE
:10F6600000F5987000F06EF9E068394600F5987082
:10F67000FBF701FFA088ADF80000E068009900F5F5
:10F680009870FBF7DEFDE068FF2100F59870FBF74E
:10F69000E3FD0F21E868F1F772FA0146E06800F532
:10F6A0009870FBF706FFE06800F5907000F04AF9EB
:10F6B0000121E868F1F763FA0146E06800F590700F
:10F6C000FBF7E1FD2089ADF80000E068009900F546
:10F6D0009070FBF7C5FDE068032100F59070FBF723
:10F6E000CEFDE06800F59C7000F02CF9A088ADF824
:10F6F0000000E068009900F59C70FBF7B1FD022165
:10F70000E868F1F73CFA0146E06800F59C70FBF709
:10F71000BAFD0121E868F1F732FA404201B2E0682F
:10F7200000F59C70FBF727FEE068042100F59C7053
:10F73000FBF7A5FDE0684FF4C87100F59C70FBF77E
:10F7400068FDE06800F5A07000F0FCF895F8200076
:10F75000C00736D002211220FAF726FC35E0182126
:10F76000E868E1E41421DFE40E21E868EEE40C210E
:10F77000ECE41821E86843E5142141E51821E86824
:10F7800052E5142150E51821E8685BE5142159E59C
:10F790000E21E86868E50C2166E50E21E86871E550
:10F7A0000C216FE50821E868C2E50621C0E50821C3
:10F7B000E868D1E50621CFE50821E868DAE5062109
:10F7C000D8E501211220FAF707FC0146E06800F5B0
:10F7D000A070FBF77EFEE06800F5A47000F0B2F8C0
:10F7E000607801287ED00228E8687CD05FF00A01AA
:10F7F000F1F7C5F90146E06800F5A470FBF788FD54
:10F800006078012870D00228E8686ED05FF00A01A5
:10F81000F1F7B5F900EBD0704110E06800F5A47085
:10F82000FBF793FDE06800F5A87000F08BF801216C
:10F83000E868F1F7A4F90146E06800F5A870FBF765
:10F8400022FD2089ADF80000E068009900F5A8705D
:10F85000FBF706FDE088ADF80000E068009900F5D0
:10F86000A870FBF7EEFCE068332100F5A870FBF709
:10F87000F3FCE06800F5AC7000F064F860780128F3
:10F880004CD00228E8684CD05FF00A01F1F777F914
:10F890000146E06800F5AC70FBF762FD6078012876
:10F8A00041D00228E86841D05FF00A01F1F767F91A
:10F8B0000146E06800F5AC70FBF76CFD607801284C
:10F8C00036D00228E86836D05FF00201F1F757F928
:10F8D0000146E06800F5AC70FBF72DFD607801286B
:10F8E0002BD003E010E012E013E015E00228E868F6
:10F8F00026D00A21F1F743F90146E068BDE8FC474C
:10F9000000F5AC70FBF721BD0E21E86870E70C2113
:10F910006EE70E21E8687BE70C2179E70E21E868A5
:10F92000B4E70C21B2E70E21E868BFE70C21BDE780
:10F930000821E868CAE70621C8E70E21E868D9E788
:10F940000C21D7E70349097809B1FBF750BCFBF755
:10F9500064BB0000340100202DE9F35F0198F7F744
:10F96000A3FEF84CDFF8E0934FF48038E8B1F74994
:10F970000198F7F7AFF8E0B10198F7F795FEF44971
:10F98000F7F7A8F800287CD1E16800221831019827
:10F99000F6F7C8FDE168424608310198F6F7C2FD66
:10F9A000E1684A461031019828E30022E168019895
:10F9B000EEE7E8490198F7F78DF8A0B3E168002277
:10F9C00020310198F6F7AEFDE16800222831019858
:10F9D000F6F7A8FDE1680022D0310198F6F7A2FD04
:10F9E000E168202258310198F6F79CFDE168202259
:10F9F000D8310198F6F796FDE1680422A03101980C
:10FA0000F6F790FDE1682022C8310198F6F78AFDEB
:10FA1000E168012238310198F6F784FDE16880221F
:10FA200060310198EAE2FFE7CB490198F7F752F815
:10FA30004FF4A027DFF824A307F1040B002865D0BA
:10FA40000198F7F731FEC249F7F744F8C34DE16872
:10FA50006035002801984FF0000223D001F5A47111
:10FA6000F6F760FDE1680422A0310198F6F75AFD2F
:10FA7000E1680822A8310198F6F754FD3A46E1689A
:10FA800000E0C0E201F5A8710198F6F74BFDE168CE
:10FA9000524658310198F6F745FDE1682A46603133
:10FAA000019825E01831F6F73DFDE1680422A03108
:10FAB0000198F6F737FDE1680822A8310198F6F7BA
:10FAC00031FDE1683A4620310198F6F72BFDE168F7
:10FAD0002A4660310198F6F725FDE1685246583113
:10FAE0000198F6F71FFD9D4AE1681F3A28310198F9
:10FAF000F6F718FDE1685A46A0310198F6F712FDB5
:10FB0000964AE168183AA831019877E29449019839
:10FB1000F6F7E0FF4FF4003510B3E1680022303112
:10FB20000198F6F7FFFCE1680022B0310198F6F782
:10FB3000F9FCE1680422A0310198F6F7F3FCE168D2
:10FB40000822A8310198F6F7EDFCE1682A46283131
:10FB50000198F6F7E7FCE1682A46B03101984DE2DA
:10FB600080490198F6F7B6FF4FF44036A8B3E16834
:10FB7000002230310198F6F7D5FCE1680022B0315F
:10FB80000198F6F7CFFCE1680422A0310198F6F75E
:10FB9000C9FCE1680822A8310198F6F7C3FCE168C6
:10FBA0002A4628310198F6F7BDFCE1682A46B031B3
:10FBB0000198F6F7B7FCE1683246F0310198F6F7A4
:10FBC000B1FC694DE1682A46C8310198F6F7AAFCF4
:10FBD000E1683246D0310198ACE0FFE76349019813
:10FBE000F6F778FFF0B3E168002218310198F6F7D4
:10FBF00099FCE168002268310198F6F793FCE1680E
:10FC00000022B8310198F6F78DFCE1680422A0319A
:10FC10000198F6F787FCE1680822A8310198F6F709
:10FC200081FCE168424608310198F6F77BFCE16807
:10FC30004A4610310198F6F775FCE1683A465031B2
:10FC40000198F6F76FFCE1683A4601F5907101986A
:10FC5000F6F768FCE1683A4680310198F6F762FCF5
:10FC6000524600E010E0E16801985831F6F75AFC7E
:10FC7000E1685A4628310198F6F754FC374AE168A2
:10FC8000183A38310198B9E139490198F6F722FF5D
:10FC9000002871D0E168002248310198F6F742FC53
:10FCA000E1680022B0310198F6F73CFCE1680022DF
:10FCB000E8310198F6F736FCE1688022603101985E
:10FCC000F6F730FCE1680422A0310198F6F72AFC2F
:10FCD000284FE1683A4628310198F6F723FCE1689D
:10FCE0002A46B0310198F6F71DFC224AE1687F32BE
:10FCF00060310198F6F716FCE1683246F031019860
:10FD0000F6F710FCE168324650310198F6F70AFC2C
:10FD1000E168324601F58C710198F6F703FC124A4E
:10FD2000E168603260310198F6F7FCFBE1683A4621
:10FD3000D8310198F6F7F6FBE1682A46D8310198E8
:10FD40005CE119E03401002040000100F850020895
:10FD500074520208B08A0208CC8A0208200005000A
:10FD6000948A0208748B020820000300AC8B0208FE
:10FD7000908B020801000200A4490198F6F7AAFE40
:10FD80004FF4802740B3E168002218310198F6F75C
:10FD9000C9FBE1680022E0310198F6F7C3FBE16896
:10FDA000002290310198F6F7BDFBE16800229831FE
:10FDB0000198F6F7B7FBE1680422A0310198F6F745
:10FDC000B1FBE1680822A8310198F6F7ABFBE168C6
:10FDD0003A462831019811E18D490198F6F77AFEEB
:10FDE00040B3E168002218310198F6F79BFBE16807
:10FDF000002278310198F6F795FBE1680022D031B6
:10FE00000198F6F78FFBE1682022D8310198F6F7C8
:10FE100089FBE168202258310198F6F783FBE168FD
:10FE20000422A0310198F6F77DFBE1680822A83191
:10FE300001987FE777490198F6F74CFEB0B3E16887
:10FE4000002218310198F6F76DFBE1680022C031FD
:10FE50000198F6F767FBE168002290310198F6F708
:10FE600061FBE168002201F588710198F6F75AFB01
:10FE7000E168424608310198F6F754FBE1684A46CA
:10FE800010310198F6F74EFBE1683A46503101987F
:10FE9000F6F748FBE168604A28310198F6F742FB23
:10FEA0005D4AE1681F3258310198A7E0FFE75B49DE
:10FEB0000198F6F70FFEC8B1E168002201F58071E4
:10FEC0000198F6F72FFBE1682A4601F58071019849
:10FED000F6F728FBE1682A4601F584710198F6F7E8
:10FEE00021FBE1683246F031019887E04C490198E6
:10FEF000F6F7F0FD98B1E168002201F580710198F4
:10FF0000F6F710FBE1682A4601F580710198F6F7D3
:10FF100009FBE1682A4601F5847101986EE04149C8
:10FF20000198F6F7D7FD88B1E168002218310198F1
:10FF3000F6F7F8FAE1680022B0310198F6F7F2FA24
:10FF4000E1682A4601F59871019857E03649019811
:10FF5000F6F7C0FD88B3E168002218310198F6F782
:10FF6000E1FAE168002278310198F6F7DBFAE168FE
:10FF70000422A0310198F6F7D5FAE1680822A831E9
:10FF80000198F6F7CFFAE168424608310198F6F792
:10FF9000C9FAE1684A4610310198F6F7C3FAE168F8
:10FFA000224A01F59C710198F6F7BCFAE1684FF41A
:10FFB000002201F5A071019820E0FFE71C4901989B
:10FFC000F6F788FD50B1E168002218310198F6F784
:10FFD000A9FAE1680022683101980FE015490198FB
:10FFE000F6F778FD28B914490198F6F773FD002853
:10FFF00009D0E1680198002201F5AC7102B0BDE8BA
:020000040802F0
:10000000F05FF6F78FBABDE8FC9F00003C8B02085A
:10001000E88A0208048B020801000400788A0208BA
:10002000E4520208C8520208C88B02080200070006
:100030007452020890520208AC520208C143491C93
:100040000840B0FA80F0C0F11F00704718B1B0FA54
:1000500080F0C0F12000401E704700002DE9F04103
:100060000C46E0F753FC78B1E0F750FCFF280BD0CA
:100070000A4E0127B51CE0F74DFC09480188318084
:1000800080882880A77301E00020A07303480188BE
:10009000218040886080BDE8F0810000BC00002025
:1000A00090000020FEB5066804460025728C0420EE
:1000B000C2F3C5020CE000BFF36800EBC507DB59D3
:1000C0009F0104D5A76823F07F43BB4203D06D1C7A
:1000D000AA42F1D8FEBDA388472B60D00EDC342B9A
:1000E00050D006DC202B5AD0302B58D0332B16D1D1
:1000F00048E03B2B53D0442B11D150E0682B41D02A
:1001000004DC632B41D0672B09D13BE0A3F5806071
:10011000573844D000F6FE70B0F5005F32D069B3B6
:10012000FF292DD0D4E90302121A4A4300EB222002
:100130000090F068012701AA50F835001946FAF737
:100140003BFF60B1DDE90010814208D1BDF800201D
:10015000BDF804309A4202D1814200D10027F068F4
:10016000A188009A50F83500FBF71AF9002FB1D09A
:10017000A288A1682068F9F7EFF9FEBDE068D7E72B
:100180002069D5E7FF29FBDAF8E7E0680028F7D017
:100190002269002ACCD08029CADB0092C9E7002955
:1001A00001DCA08920E0FF2901DB208A1CE0C8B225
:1001B000228AB4F80CC0001DC7080D491FFA8CF044
:1001C00092B240EA004042EA024208400A40121A53
:1001D0007A4300EB5210084040EA1040ADF80800A6
:1001E00080B20290BDF80800ADF80000A1E7000061
:1001F0001FF8E0072DE9F04104682648A688256825
:10020000E3F7C9FB10E0A1420BD0086822689042D6
:1002100007D18868A268904203D18888A28890425A
:1002200036D01C48E3F7C9FB0100ECD1698C0027EC
:100230000420C1F3C50129E0EA6800EBC703D258E6
:10024000930122D5A36822F07F429A421DD1214614
:100250001048E3F70AFC2046F5F7BEFEE868314691
:1002600000EBC7042068FAF75FFFE86850F8370032
:10027000FAF7D6FE00280BD06068216820F07F4294
:100280002846BDE8F041F9F7C5B97F1CB942D3D87B
:10029000BDE8F08194B6002070B50468A068A2881B
:1002A00000F47F0631462068F8F7C2F8E060A588C0
:1002B0000020A08023462A463146206800F00CF832
:1002C000A580A1682068EDF7B9F8A1880068E26808
:1002D000BDE87040FBF764B82DE9FF4F064681B0DA
:1002E0009B46894600272648E3F76EFB04464FF4F9
:1002F000702A4FF004083DE05C453DD0214620487F
:10030000E3F75FFB00902068B04232D1A168494515
:1003100001D0D1452DD1A1880398814203D0A0F509
:100320007F41FF3925D100251EE000BFF06808EBB2
:10033000C50141588A0116D5D14503D021F07F422D
:100340004A4510D150F83500A188FAF7EDFE00219A
:100350002046EEF717FD21460948E3F786FB2046C5
:10036000F5F73AFE01276D1C708CC0F3C500A8425A
:10037000DCD8009C002CBFD105B03846BDE8F08F1A
:1003800094B6002000880988401A70472DE9F04192
:1003900086B00446F4F7D2FC050073D02046F3F78C
:1003A000BAFA06462046F3F7F4FA044690F85000ED
:1003B000800767D52846F4F702FD022862D0284658
:1003C000F4F7FDFC04285DD06946606AF7F7F3F89E
:1003D00003A92846F4F7C8FC04A92846F4F7F4FC5E
:1003E000BDF90C1000294DDBBDF90E00002849DBDA
:1003F000BDF80020891AADF80810BDF80210401AA7
:10040000ADF80A00606AF8F737F90146606ABDF98D
:1004100008200546002A01DA002703E08A4203DBB0
:1004200047F6FF77012009E002A9F4F7E5FE87B25D
:1004300002A9606AF5F700F980F0010094F85C10F9
:100440004FF6FF788A0724D501F0010202434FF4EA
:10045000407001D1012E08D0C9071ED0022E12D043
:10046000032E12D0082E10D019E0C4E9157894F8A4
:100470005C1041F00102014684F85C202046F6F74A
:10048000DBFB06E03FE0A76503E001462046F6F708
:100490000FF894F85C00C00701D1012E33D1394622
:1004A0002046FBF71DFD94F85C00C0072BD0D4E973
:1004B0001510814208D9EA6B824202D12A6C8A4225
:1004C00018D0E863606D11E008D2EA6B8A4202D16D
:1004D0002A6C82420ED0E963A06D07E0E96B4046CA
:1004E000814202D1296C814204D0E863286420460D
:1004F000F8F7BDFB032E01D0082E04D114F85C0FD1
:1005000020F00100207006B0BDE8F081D0E9013292
:1005100001699A60D0E901235A604A68824201D198
:1005200082684A60002202610868401E086008680C
:1005300070470000034B036003F15C0008608020FB
:1005400010607047B4080020044B036003F15C00A6
:1005500008604FF48070106070470000100B00209E
:10056000E2F750B800F108014FF0FF32C0E9011284
:10057000C160016100210160704700210161704785
:1005800030B50B685A1C02D000F1080202E0026983
:1005900004E02246546825689D42FAD953684B60AE
:1005A00099608A60516008610168491C016030BD32
:1005B00042684A6093688B609368596091600861F3
:1005C0000168491C01607047502080F31188BFF317
:1005D0004F8FBFF36F8F0A494868401C486001285D
:1005E0000CD10848006810F0FF0F07D0502080F3AE
:1005F0001188BFF34F8FBFF36F8FFEE77047000086
:100600008400002004ED00E00849486828B1401E3D
:10061000486001D180F311887047502080F3118821
:10062000BFF34F8FBFF36F8FFEE700008400002001
:1006300070B500282AD0164DA0F1080460686969D9
:10064000084207D1502080F31188BFF34F8FBFF3CA
:100650006F8FFEE722683AB1502080F31188BFF314
:100660004F8FBFF36F8FFEE78843606000F078F92B
:1006700060686968084468602046FDF757F9286992
:10068000401C2861BDE8704000F0AEBF70BD0000A6
:10069000640000204FF0E0200021016181610549E4
:1006A0004FF47A720968B1FBF2F1491E41610721EA
:1006B000016170470C00002010B5DFF7CBFD114938
:1006C00010280ED300F1E02090F8F0030A78904251
:1006D00007D2502080F31188BFF34F8FBFF36F8F85
:1006E000FEE709480068896800F4E060884207D99D
:1006F000502080F31188BFF34F8FBFF36F8FFEE759
:1007000010BD0000840000200CED00E010B5084B87
:10071000002200BF53F832401CB1521C082AF9D302
:1007200010BD43F8321003EBC201486010BD000059
:100730009802002070B515460E460446FFF744FFA8
:1007400094F944100020491C01D184F8440094F924
:100750004510491C01D184F84500FFF755FFA06BF7
:1007600028B92A46314604F1240000F051F8204609
:10077000BDE87040FDF788BA10B5020014D00F48EC
:10078000006B38B1502080F31188BFF34F8FBFF357
:100790006F8FFEE700F0E4F800211046FCF7D4FE6E
:1007A00000F022FF002807D105494FF08050086073
:1007B000BFF34F8FBFF36F8F10BD000010000020FC
:1007C00004ED00E002490A6A0260C96841607047AE
:1007D0001000002001490120C8617047100000206E
:1007E00010B50C4650B1094909681831FFF7C8FE29
:1007F0002046BDE810400121FCF7A6BE502080F342
:100800001188BFF34F8FBFF36F8FFEE710000020FA
:1008100070B514460D4668B10A4909681831FFF7EA
:10082000C7FE0CB14FF0FF3521462846BDE87040A9
:10083000FCF78ABE502080F31188BFF34F8FBFF3BF
:100840006F8FFEE71000002070B504003ED0226DCF
:10085000A2B1E06C884200D30146E06A884235D0FC
:10086000012A33D11A4D2A6894420FD1502080F3C7
:100870001188BFF34F8FBFF36F8FFEE7502080F3D7
:100880001188BFF34F8FBFF36F8FFEE7E162A2695C
:10089000002A02DBC1F13801A1610E4E00EB80009D
:1008A000616906EB8000814210D1201DFFF72EFE0A
:1008B000E06A2969884200D9286100EB800006EBD4
:1008C0008000211DBDE87040FFF772BE70BD0000C2
:1008D00010000020D802002030B587B00024039417
:1008E00005AA04A903A80494FFF724FEDDE9030187
:1008F0000094CDE90110002315A11748059A00F0D6
:1009000014FD164D0028E8621FD000F0CFFE01282C
:1009100009D0401C19D1502080F31188BFF34F8FAC
:10092000BFF36F8FFEE7502080F31188BFF34F8F26
:10093000BFF36F8F4FF0FF30A86201206861EC6059
:1009400007B0BDE8304000F0EDB807B030BD0000A2
:1009500049444C4500000000E1D701081000002088
:100960000248016B491C0163704700001000002021
:10097000164810B5016B11B10121C16110BD0021F4
:10098000C1610169124A01E0B9B1491E01EB81035D
:1009900052F82330002BF7D001EB810302EB8302E6
:1009A00002F1080453685B685360A34201D15B689D
:1009B0005360DA680260016110BD502080F3118835
:1009C000BFF34F8FBFF36F8FFEE7000010000020D2
:1009D000D802002070B5F2F7DCFF0546F6F764FE9A
:1009E000EFF708FE044601212846F6F74CFD0546C0
:1009F00094F902000549228801EB800004A150F817
:100A0000043C2846BDE87040F5F7E5B970010020C8
:100A1000256420257300000070B5F2F7BAFF054683
:100A2000F6F742FEEFF7E6FD044600212846F6F70A
:100A30002AFD02462088A0F2E770404281B21046AB
:100A4000F2F740FF01212846F6F71DFD024694F912
:100A50000200BDE87040401E81B21046F2F732BF7E
:100A6000F8B50446B0F92E0010F5004F59D0B4F98E
:100A70002C30678D99B2B94202D201F5B4710BB234
:100A800094F83410C1F34101D9B301290ED00229E1
:100A900047D10093B4F93220B4F930103B46F5F752
:100AA000FFF905B22046A28DA9B237E0F91801EB93
:100AB000D171B4F93050B4F9322041F34F06A9187E
:100AC00001EBD17141F34F0188420CDA0A463B46F3
:100AD00029460096F5F7E4F905B2A9B22046EEF7EB
:100AE0001EFEB1B209E000933346F5F7D9F905B21D
:100AF000B1B22046EEF713FEA9B22046EEF7D3FDC1
:100B00000EE0FFE70093B4F93220B4F930103B4611
:100B1000F5F7C6F905B2AAB22046618DEEF73FFDA2
:100B2000A587F8BD1CB537480168374A914207D1FF
:100B3000502080F31188BFF34F8FBFF36F8FFEE714
:100B400000683149491E884207D1502080F311883E
:100B5000BFF34F8FBFF36F8FFEE72C4908780190EA
:100B6000FF20087008788DF800009DF800009DF8BF
:100B7000002000F0F000904207D0502080F3118850
:100B8000BFF34F8FBFF36F8FFEE79DF80000204C3F
:100B900000F0500020700720A06005E09DF80020C4
:100BA00052008DF80020401E9DF800201206F5D45A
:100BB000A060032807D0502080F31188BFF34F8F27
:100BC000BFF36F8FFEE74FF44070A060019808708C
:100BD0000C482030016841F470010160016841F067
:100BE00070410160FFF756FD00206060DFF7FAFA00
:100BF0000848016841F040410160DFF7DFFA00205A
:100C00001CBD000000ED00E071C20F4100E400E0F7
:100C10008400002034EF00E010B5502080F31188EC
:100C2000BFF34F8FBFF36F8F00F0BEFB18B10449C5
:100C30004FF080500860002080F3118810BD000044
:100C400004ED00E010B502460021012000F005F897
:100C50000446FCF7F5FD204610BDF8B517460E46D4
:100C6000050013D005FB06F05030FDF743F80400F3
:100C70000AD0002084F8460004F150023B46314679
:100C800028460094FCF7E8FD2046F8BD502080F38C
:100C90001188BFF34F8FBFF36F8FFEE738B5049D08
:100CA00018B153B1CAB181B120E0502080F311884E
:100CB000BFF34F8FBFF36F8FFEE7502080F3118893
:100CC000BFF34F8FBFF36F8FFEE7502080F3118883
:100CD000BFF34F8FBFF36F8FFEE739B1502080F322
:100CE0001188BFF34F8FBFF36F8FFEE750241C4670
:100CF000012384F846302B460094FCF7ADFD2046D6
:100D000038BD000070B50D46040025D0FFF75CFC2F
:100D1000D4E90F20216802FB0011A1600021A1632A
:100D2000216861600A46D4E90F01401E00FB0121E1
:100D3000E16021464FF0FF3001F8440F487004F1A4
:100D400010008DB1FFF70EFC04F12400FFF70AFC40
:100D5000FFF75AFC012070BD502080F31188BFF3CB
:100D60004F8FBFF36F8FFEE721690029F0D000F0AD
:100D700003FC0028ECD004494FF080500860BFF31A
:100D80004F8FBFF36F8FE3E704ED00E02DE9FF47DE
:100D900082B01D468A464FF00008040003D0BAF125
:100DA000000F08D011E0502080F31188BFF34F8F5F
:100DB000BFF36F8FFEE7206C38B1502080F31188AD
:100DC000BFF34F8FBFF36F8FFEE7022D0AD1E06BA9
:100DD000012807D0502080F31188BFF34F8FBFF355
:100DE0006F8FFEE700F0CCFA3F4F4FF000094FF055
:100DF000805648B9049838B1502080F31188BFF369
:100E00004F8FBFF36F8FFEE7FFF7DEFBA06BE16B49
:100E1000884207D3022D05D00498D0B1B8F1000F55
:100E20001AD01EE02A4651462046FCF762FC616A51
:100E300019B104F1240000F09FFB20B13E60BFF324
:100E40004F8FBFF36F8FFFF7DFFB012006B0BDE8C8
:100E5000F087FFF7D9FB22E06846FFF7B3FC4FF0BD
:100E60000108FFF7D1FBFFF77BFDFFF7ADFB94F91E
:100E70004400401C01D184F8449094F94500401C82
:100E800001D184F84590FFF7BFFB04A9684600F044
:100E9000E5F930B12046FCF7F7FE00F0A5FB002095
:100EA000D4E7FFF791FBA06BE16B884213D1FFF70A
:100EB000ABFB04F110000499FFF792FC2046FCF70D
:100EC000E3FE00F091FB00289ED13E60BFF34F8F00
:100ED000BFF36F8F98E7FFF797FB2046FCF7D4FE30
:100EE00000F082FB90E7000004ED00E02DE9F04700
:100EF0001F4690468946040003D0B9F1000F08D080
:100F000011E0502080F31188BFF34F8FBFF36F8F34
:100F1000FEE7206C38B1502080F31188BFF34F8F6B
:100F2000BFF36F8FFEE7022F0AD1E06B012807D0D5
:100F3000502080F31188BFF34F8FBFF36F8FFEE710
:100F4000FFF7BAFB5020EFF3118680F31188BFF34F
:100F50004F8FBFF36F8FA06BE16B884206D3022FD8
:100F600004D0002086F31188BDE8F08794F945503D
:100F7000A06B3A4649462046FCF7BBFB681C04D0F0
:100F80006D1C84F845500120ECE7606A0028FAD017
:100F900004F1240000F0F0FA0028F4D0B8F1000FBA
:100FA000F1D00121C8F80010EDE700002DE9F74766
:100FB000002683B08A46040003D0BAF1000F08D09F
:100FC00011E0502080F31188BFF34F8FBFF36F8F74
:100FD000FEE7206C38B1502080F31188BFF34F8FAB
:100FE000BFF36F8FFEE700F0CBF9DFF8F4804FF02E
:100FF00000094FF0805748B9059838B1502080F368
:101000001188BFF34F8FBFF36F8FFEE7FFF7DCFA56
:10101000A56BC5B151462046FCF758FB6D1EA56374
:10102000206950B104F1100000F0A6FA28B1C8F808
:101030000070BFF34F8FBFF36F8FFFF7E5FA01200A
:1010400006B0BDE8F087059808B11EB106E0FFF7CD
:10105000DBFA27E06846FFF7B5FB0126FFF7D4FA75
:10106000FFF77EFCFFF7B0FA94F94400401C01D171
:1010700084F8449094F94500401C01D184F84590CF
:10108000FFF7C2FA05A9684600F0E8F800282046F4
:101090000AD0FCF7F9FD00F0A7FA2046FCF788FC1F
:1010A0000028B3D00020CBE7FCF782FC90B104F11C
:1010B00024000599FFF794FB2046FCF7E5FD00F0BE
:1010C00093FA0028A2D1C8F80070BFF34F8FBFF386
:1010D0006F8F9BE72046FCF7D7FD00F085FA95E778
:1010E00004ED00E02DE9F343002683B0040035460B
:1010F00009D0206C78B1502080F31188BFF34F8F56
:10110000BFF36F8FFEE7502080F31188BFF34F8F3E
:10111000BFF36F8FFEE700F033F9DFF83C814FF04B
:1011200000094FF0805748B9049838B1502080F337
:101130001188BFF34F8FBFF36F8FFEE7FFF744FABD
:10114000A06BC8B1401EA063206810B9FCF740FE38
:10115000A060206950B104F1100000F00DFA28B130
:10116000C8F80070BFF34F8FBFF36F8FFFF74CFAD3
:10117000012005B0BDE8F083049808B166B10FE026
:101180003DB1502080F31188BFF34F8FBFF36F8FB5
:10119000FEE7FFF739FA5DE06846FFF713FB01262B
:1011A000FFF732FAFFF7DCFBFFF70EFA94F9440081
:1011B000401C01D184F8449094F94500401C01D1B1
:1011C00084F84590FFF720FA04A9684600F046F835
:1011D0000028204612D0FCF757FD00F005FA204603
:1011E000FCF7E6FB0028A9D09DB3FFF7EDF9606A94
:1011F00050B3206B0068C0F1380126E0FCF7D8FB43
:10120000E0B1206838B9FFF7DFF9A06800F078F99D
:101210000546FFF7F9F904F124000499FFF7E0FA15
:101220002046FCF731FD00F0DFF9002886D1C8F830
:101230000070BFF34F8FBFF36F8F7FE72046FCF73F
:1012400023FD00F0D1F979E70021A068FFF7FCFA4F
:101250009FE7FFE700208CE704ED00E02DE9F04177
:101260000C46050011D0C4B1FFF7AEF9174BDA6890
:101270006E682068911B471C17D02F681B6A9F421D
:1012800019D0964217D8012410E0502080F311881D
:10129000BFF34F8FBFF36F8FFEE7502080F31188AD
:1012A000BFF34F8FBFF36F8FFEE70024FFF7ACF95A
:1012B0002046BDE8F081884205D9401A20602846C2
:1012C000FFF780FAF1E700202060DCE71000002043
:1012D0002DE9FF5F8346DDE90E87994616468A466B
:1012E0009000FCF707FD05001CD05C20FCF702FD18
:1012F000040014D00020256384F85900CDE9024091
:10130000CDE900874B46324651465846FCF7B6FABF
:101310002046FCF747F9012004B0BDE8F09F2846BD
:10132000FFF786F94FF0FF30F6E7F0B585B0DDE95D
:101330000B640A9DA6B1DCB15C27009726630226E8
:1013400084F85960002604AFCDE90246CDE9005784
:10135000FCF794FA2046FCF725F9049805B0F0BD97
:10136000502080F31188BFF34F8FBFF36F8FFEE7DC
:10137000502080F31188BFF34F8FBFF36F8FFEE7CC
:101380000548416919B1006B18B100207047012070
:101390007047022070470000100000200148C0681C
:1013A00070470000100000202DE9F041324C00276A
:1013B000206B38B1A069401CA061FFF7D1F8384616
:1013C000BDE8F081E668761CE66013D1606B0068CA
:1013D00038B1502080F31188BFF34F8FBFF36F8F68
:1013E000FEE7606BA16B6163A063206A401C206212
:1013F000FCF7CAFBA06ADFF88480864209D3606BE1
:10140000006890B1606BC068C568686886420FD29A
:10141000A0622068C06A00EB800158F82100012812
:1014200000D90127A069F8B120E04FF0FF30EFE7C5
:10143000281DFFF76BF8A86A18B105F11800FFF72F
:1014400065F8E86A2169884200D9206100EB8001D3
:1014500008EB8100291DFFF7ABF8E86A2168C96A2B
:101460008842CCD30127CAE7FFF77AF8E069002861
:10147000A5D00127A3E7000010000020D80200201B
:1014800070B504004FF0000133D01B4D2868844232
:1014900007D0502080F31188BFF34F8FBFF36F8FB9
:1014A000FEE7206D38B1401E2065E36CE26A9A4287
:1014B0001FD040B11DE0502080F31188BFF34F8F43
:1014C000BFF36F8FFEE7201DFFF720F8E06CE062AE
:1014D000C0F13800A061E06A2969884200D928611A
:1014E000064900EB800001EB8000211DFFF760F84A
:1014F0000121084670BD000010000020D802002025
:1015000070B504004FF000002BD0194DE16A2A6835
:10151000D26A914226D2A069002804DB2868C06AFA
:10152000C0F13800A061134E01EB8101606906EB48
:101530008101884211D1201DFEF7E8FF2868C06AAA
:10154000E0622969884200D9286100EB800006EB3F
:101550008000211DFFF72CF802E02868C06AE062D5
:10156000012070BDE16C2A68D26A9142F8D370BD47
:1015700010000020D802002070B5C068C46854B1C3
:1015800004F118000646FEF7C1FF144D286B50B158
:101590003146134815E0502080F31188BFF34F8F78
:1015A000BFF36F8FFEE7201DFEF7B0FFE06A2969E9
:1015B000884200D928610B4900EB800001EB8000D4
:1015C000211DFEF7F5FFE06A2968C96A884202D941
:1015D0000120E86170BD002070BD000010000020F7
:1015E00060070020D80200202DE9F0472C4D002490
:1015F0002746286B38B1FEF7E7FF286B401E2863AB
:10160000286B40B146E0502080F31188BFF34F8F24
:10161000BFF36F8FFEE7A968224E0120D1B3A6F574
:10162000916980463068E0B1F068C46804F1180040
:10163000FEF76CFF201DFEF769FFE06A296988420A
:1016400000D9286100EB800109EB8100211DFEF724
:10165000AFFFE06A2968C96A8842E3D3C5F81C80F5
:10166000E0E70CB1FCF790FAAC694CB14FEA080620
:10167000FFF79AFE00B1EE61641EF9D10020A86167
:10168000E86938B10849012738070860BFF34F8F70
:10169000BFF36F8FFEF7B8FF3846BDE8F087000054
:1016A000100000206007002004ED00E010B586B0B7
:1016B000FBF7E0FF114C2068B8B1002003900490C4
:1016C00005AA04A903A8FEF73FFFDDE9032137209F
:1016D0008DE8070000230AA10B48059AFFF725FEB5
:1016E000606010B106B0012010BD502080F3118859
:1016F000BFF34F8FBFF36F8FFEE700004C00002059
:10170000546D72205376630065DC01082DE9FF41BA
:101710001E46134602000A9D4FF0000016D0144CDE
:101720002768002F0FD0CDE900130292062917DA9F
:10173000FFF726FE02284FF000030FD00022694673
:101740002068FFF723FB04B0BDE8F081502080F350
:101750001188BFF34F8FBFF36F8FFEE72A46EEE786
:101760000023324669463846FFF7C0FBEBE700002E
:101770004C00002070B50546F2F70BF904462846E8
:10178000F2F709F905462046F1F79CFE0446284683
:10179000EEF730FF0068A4F2E774614240F30742BD
:1017A0002846BDE8704089B2EEF726BF0000000071
:1017B0000404040000080000000810284058708845
:1017C000A0B80000000000000000010203040607AA
:1017D00008090000000001020304000000000000EE
:1017E00000000000000000000404040404000004E1
:1017F000000014140A0000000000000000000000B7
:101800000A0A1F0A0A1F0A0A000000040E1505062C
:101810000C14150E0400000012150D152E2C2A12A2
:1018200000000000040A0A361515291600000202FD
:10183000010000000000000000001008080404047B
:101840000404080810000204040808080808040436
:10185000020000000004150E0E1504000000000038
:101860000008083E0808000000000000000000001A
:1018700000000202010000000000003F0000000024
:101880000000000000000000000000020000002036
:101890001010080804040202010000000E111111CA
:1018A0001111110E00000000040604040404040ECB
:1018B000000000000E1111080402011F00000000CA
:1018C0000E11100C1010110E00000000080C0C0A74
:1018D000091F081C000000001F01010F1110110E4C
:1018E000000000000C12010D1311110E0000000089
:1018F0001E10080804040404000000000E11110E5C
:101900001111110E000000000E1111191610090618
:1019100000000000000004000000000400000000BF
:10192000000000040000000404000000100804028D
:10193000020408100000000000003F003F0000000B
:10194000000000000204081010080402000000005B
:101950000E11110804040004000000001C22292DAF
:101960002D1D221C0000000004040C0A0A1E123364
:10197000000000000F12120E1212120F00000000E1
:101980001E1101010101110E000000000F121212C0
:101990001212120F000000001F120A0E0A02121F7C
:1019A000000000001F120A0E0A02020700000000D9
:1019B0001C1201013911120C000000003312121E1A
:1019C00012121233000000001F0404040404041F58
:1019D000000000003E080808080808080907000081
:1019E00037120A060A12123700000000070202022C
:1019F0000202223F000000003B1B1B1B1515153582
:101A0000000000003B1216161A1A12170000000000
:101A10000E1111111111110E000000000F12120E03
:101A200002020207000000000E1111111117190E19
:101A3000180000000F12120E0A12123700000000E8
:101A40001E1101060810110F000000001F150404EC
:101A50000404040E00000000331212121212120CC1
:101A6000000000003312120A0A0C040400000000F7
:101A7000151515150E0A0A0A000000001B0A0A04B3
:101A8000040A0A1B000000001B0A0A0A0404040ED0
:101A9000000000001F0908040402121F00001C04BB
:101AA00004040404040404041C00000202040404EA
:101AB0000808081010000E08080808080808080898
:101AC0000E00040A000000000000000000000000FA
:101AD0000000000000000000003F020400000000C1
:101AE00000000000000000000000000C121C123C6E
:101AF000000000030202020E1212120E000000008B
:101B00000000001C1202120C000000181010101C23
:101B10001212123C000000000000000C121E021CF9
:101B2000000000182404041E0404041E0000000029
:101B30000000003C120C021C221C00030202020ED8
:101B40001212123700000004040000060404040E00
:101B5000000000080800000C080808080807000337
:101B60000202021A0A060A13000000070404040411
:101B70000404041F000000000000000F15151515D7
:101B8000000000000000000F1212123700000000D9
:101B90000000000C1212120C000000000000000FE8
:101BA0001212120E020700000000001C1212121C7A
:101BB000103800000000001B0602020700000000B1
:101BC0000000001E020C101E000000000004041E95
:101BD0000404041C000000000000001B1212123C50
:101BE000000000000000001B0A0A040400000000BE
:101BF00000000015150E0A0A000000000000001B7E
:101C00000A040A1B000000000000003312120C0836
:101C1000040300000000001E0804041E0000180851
:101C20000808080C08080808180008080808080828
:101C30000808080808080604040404080404040446
:101C4000060016090000000000000000000000006F
:101C50000000000000000000000000000000000084
:101C600000080808080808080000181800000048C4
:101C70006C241200000000000000000000000000C2
:101C8000002424247F1212127F121212000000007E
:101C9000081C2A2A0A0C1828282A2A1C08080000CE
:101CA0000022251515152A5854545422000000000E
:101CB000000C1212120A76252911916E00000006FE
:101CC00006040300000000000000000000000040C7
:101CD0002010100808080808081010204000000212
:101CE000040808101010101010080804020000006A
:101CF000000008086B1C1C6B0808000000000000B6
:101D00000000080808087F08080808000000000014
:101D100000000000000000000000060604030000B0
:101D2000000000000000FE000000000000000000B5
:101D30000000000000000000000006060000000097
:101D40008040402020101008080404020200000017
:101D5000001824424242424242422418000000003D
:101D600000080E08080808080808083E00000000DF
:101D7000003C4242422020100804427E0000000045
:101D8000003C4242201820404042221C000000003B
:101D900000203028242422227E2020780000000009
:101DA000007E0202021A26404042221C000000006F
:101DB00000382402021A2642424224180000000081
:101DC000007E222210100808080808080000000001
:101DD000003C4242422418244242423C000000009F
:101DE00000182442424264584040241C0000000075
:101DF0000000000018180000000018180000000083
:101E000000000000000800000000000808040000B6
:101E100000402010080402040810204000000000C8
:101E2000000000007F0000007F00000000000000B4
:101E300000020408102040201008040200000000E6
:101E4000003C4242464020101000181800000000DC
:101E5000001C225A555555552D42221C00000000E9
:101E6000000808181414243C224242E70000000035
:101E7000001F2222221E22424242221F0000000096
:101E8000007C4242010101010142221C00000000CD
:101E9000001F2242424242424242221F00000000F2
:101EA000003F4212121E12120242423F0000000086
:101EB000003F4212121E121202020207000000002E
:101EC000003C2222010101712122221C000000009D
:101ED00000E7424242427E42424242E700000000A6
:101EE000003E0808080808080808083E000000002E
:101EF000007C10101010101010101010110F0000A6
:101F0000007722120A0E0A12122222770000000025
:101F100000070202020202020202427F00000000E9
:101F20000077363636362A2A2A2A2A6B0000000025
:101F300000E346464A4A525252626247000000009D
:101F4000001C2241414141414141221C000000004E
:101F5000003F424242423E020202020700000000ED
:101F6000001C2241414141414D53321C60000000A0
:101F7000003F4242423E1212222242C700000000AD
:101F8000007C4242020418204042423E0000000011
:101F9000007F4908080808080808081C000000001D
:101FA00000E74242424242424242423C00000000BC
:101FB00000E74242222424141418080800000000FC
:101FC000006B49494949555536222222000000003C
:101FD00000E7422424181818242442E700000000D7
:101FE00000772222141408080808081C00000000CA
:101FF000007E2120101008040442423F00000078B7
:1020000008080808080808080808080878000000F8
:102010000202040408080810102020204040001E7E
:102020001010101010101010101010101E0000389A
:10203000440000000000000000000000000000005C
:1020400000000000000000000000000000FF00068B
:102050000800000000000000000000000000000078
:1020600000000000003C4278444242FC00000000B6
:1020700000030202021A26424242261A0000000011
:102080000000000000384402020244380000000052
:102090000060404040784442424264D80000000062
:1020A00000000000003C427E0202423C00000000B2
:1020B00000F08808087E08080808083E00000000B4
:1020C00000000000007C22221C023C42423C000036
:1020D00000030202023A4642424242E70000000088
:1020E000000C0C00000E08080808083E0000000064
:1020F000003030000038202020202020221E000048
:10210000000302020272120A161222770000000077
:10211000000E0808080808080808083E000000002B
:1021200000000000007F9292929292B7000000009F
:1021300000000000003B4642424242E7000000002F
:1021400000000000003C42424242423C00000000CD
:1021500000000000001B26424242221E020700002F
:1021600000000000007844424242447840E0000011
:102170000000000000774C040404041F000000006D
:1021800000000000007C42023C40423E0000000093
:1021900000000008083E0808080808300000000099
:1021A0000000000000634242424262DC0000000086
:1021B0000000000000E7422424140808000000008A
:1021C0000000000000EB49495555222200000000A4
:1021D00000000000007624181818246E000000008B
:1021E0000000000000E7422424141808080700003B
:1021F00000000000007E22100808447E000000C09D
:10220000202020202010202020202020C00010107E
:1022100010101010101010101010101010100006D8
:1022200008080808081008080808080806000C3202
:10223000C2000000000000000000000000000000DC
:10224000000000000000000000000000000000008E
:10225000000000000000000000000000000000007E
:10226000000000000000000000000000000000006E
:10227000000000000000600060006000600060007E
:1022800060006000400020002000200000000000EE
:10229000000060006000600000000000000000001E
:1022A00000006006600630039801880044000000CA
:1022B000000000000000000000000000000000001E
:1022C000000000000000000000000000000000000E
:1022D0000000000000001002100210021002FE07B1
:1022E000FE0708020801080108010801FE07FE07B1
:1022F00004010401040104010000000000000000CA
:102300000000000040004000F00158034C03CC03E3
:102310004C0058007000E000C001C00140034C03B5
:102320005C034C034801F000400040000000000046
:102330000000000000000E010A01910091009100D0
:10234000510051003A00AE03A0025004500448046A
:1023500048044804840284030000000000000000D8
:1023600000000000000038006C006C006C006C0085
:102370006C002C0098071C011A0133013301630122
:10238000E300C308C6093C0700000000000000008D
:1023900000000C001C0010001000080004000000E9
:1023A000000000000000000000000000000000002D
:1023B000000000000000000000000000000000001D
:1023C0000000000400020001800080004000400086
:1023D00020002000200020002000200020004000DD
:1023E00040008000800000010002000400000000A6
:1023F000000002000400080010001000200020006F
:1024000040004000400040004000400040002000EC
:10241000200010001000080004000200000000006E
:10242000000000000000000000004000C00040006C
:10243000460C4E0FD001F0015E0F460C40004000EC
:10244000400000000000000000000000000000004C
:1024500000000000000000000000000040004000FC
:10246000400040004000FE0F40004000400040009F
:10247000400000000000000000000000000000001C
:10248000000000000000000000000000000000004C
:10249000000000000000000000000000000000003C
:1024A00000000C001C0010001000080004000000D8
:1024B000000000000000000000000000000000001C
:1024C000000000000000FE07000000000000000007
:1024D00000000000000000000000000000000000FC
:1024E00000000000000000000000000000000000EC
:1024F00000000000000000000000000000000000DC
:1025000000001C001C001C00000000000000000077
:10251000000000040006000200030001000180002A
:1025200080004000400060002000200010001000EB
:10253000080008000C000400060002000000000073
:102540000000000000000000F00098010C030C03E4
:10255000060606060606060606060606060606061B
:102560000C030C039801F0000000000000000000C4
:10257000000000000000000040007C0060006000DF
:10258000600060006000600060006000600060004B
:10259000600060006000FC0300000000000000001C
:1025A0000000000000000000F800840102030603A0
:1025B0000603000300018001C0006000200010003D
:1025C000080204020602FE030000000000000000F2
:1025D00000000000000000007800C60086018601AF
:1025E00080018001C0007000800100010003000331
:1025F000060306038601F80000000000000000004A
:10260000000000000000000080018001C001A00166
:10261000A00190018801880184018201FE0F8001E0
:10262000800180018001E007000000000000000040
:102630000000000000000000FC030400040004008F
:1026400004000400F4008C010403000300030603EB
:10265000060382018401F800000000000000000071
:102660000000000000000000E00118030C030C0053
:1026700004000600E60116030E0606060606060618
:1026800004060C021803F000000000000000000027
:102690000000000000000000F8070C06040204011E
:1026A0000001000180008000400040004000600008
:1026B000600060006000600000000000000000009A
:1026C0000000000000000000F8010C0306060606EA
:1026D00006060C021C03F000C8010C0306060606E1
:1026E000060606060C03F0010000000000000000D2
:1026F0000000000000000000F0000C010C030602C6
:1027000006060606060606078C067806000600037F
:1027100000030C018C0178000000000000000000A4
:1027200000000000000000000000000000000000A9
:102730000000E000E000E0000000000000000000F9
:102740000000E000E000E0000000000000000000E9
:102750000000000000000000000000000000000079
:1027600000006000600000000000000000000000A9
:102770000000000060006000400020002000000019
:102780000000000000000004000200018000400082
:102790002000100008000400080010002000400085
:1027A00080000001000200040000000000000000A2
:1027B0000000000000000000000000000000000019
:1027C0000000FE07000000000000FE0700000000FF
:1027D00000000000000000000000000000000000F9
:1027E000000000000000040008001000200040006D
:1027F000800000010002000400020001800040008F
:10280000200010000800040000000000000000008C
:102810000000000000000000E0031806040C040C97
:102820000C0C0C0C00078001400040004000000030
:102830000000E000E000E0000000000000000000F8
:10284000000000000000E00018030C02CC05640545
:102850006605A605B604B604B604B604B602E401DD
:102860000C040C021803F00000000000000000003F
:102870000000000000000000600060005000D00078
:1028800090009000880088010801F8010403040307
:102890000402020202060F0F000000000000000008
:1028A0000000000000000000FE008C030C030C037D
:1028B0000C030C038C01FC000C030C020C060C0630
:1028C0000C060C060C03FE010000000000000000D6
:1028D0000000000000000000E00318030C060C04D8
:1028E00004040600060006000600060006000604B2
:1028F0000C040C021803F0000000000000000000AF
:1029000000000000000000007F008C010C030C039D
:102910000C060C060C060C060C060C060C060C0627
:102920000C030C038C017F0000000000000000007D
:102930000000000000000000FF0306030604060478
:10294000060086008600FE008600860086000600DF
:10295000060406040602FF03000000000000000059
:102960000000000000000000FF0306030604060448
:10297000060086008600FE008600860086000600AF
:102980000600060006001F00000000000000000016
:102990000000000000000000F00018010C020C0212
:1029A00004020600060006000600C60F0603060322
:1029B0000C030C031803F0000000000000000000EE
:1029C00000000000000000000F0F060606060606C5
:1029D000060606060606FE0706060606060606069E
:1029E0000606060606060F0F0000000000000000A5
:1029F0000000000000000000FC03600060006000B8
:102A000060006000600060006000600060006000C6
:102A1000600060006000FC03000000000000000097
:102A20000000000000000000F807C000C000C00067
:102A3000C000C000C000C000C000C000C000C00096
:102A4000C000C000C000C000C60066003C0000001E
:102A50000000000000000000CF038601C600460011
:102A60002600160036002E006E004600C6008600C6
:102A70008601060106038F07000000000000000029
:102A800000000000000000001F0006000600060015
:102A90000600060006000600060006000600060006
:102AA000060406040602FF03000000000000000008
:102AB00000000000000000000707860386038E0365
:102AC0008E034E034E034A035A035A033A0332035A
:102AD00032033203120387070000000000000000E9
:102AE00000000000000000008E0F0C021C021C02FF
:102AF00034023402640264024402C4028402840385
:102B00008403040304031F0200000000000000000F
:102B10000000000000000000F00098010C030C020F
:102B20000606060606060606060606060606060645
:102B30000C020C039801F0000000000000000000EF
:102B40000000000000000000FF0006030606060665
:102B50000606060606068603FE00060006000600B8
:102B60000600060006001F00000000000000000034
:102B70000000000000000000F00098010C030C02AF
:102B80000606060606060606060606060606760675
:102B90004C02CC039801F000800700030000000005
:102BA0000000000000000000FF0106030606060604
:102BB000060606060603FE004600C60086008601DD
:102BC0000603060306060F0E0000000000000000CA
:102BD0000000000000000000F8020C0306020602DC
:102BE00006000E003C00F800E00380030007020628
:102BF000020606060C03F0010000000000000000C1
:102C00000000000000000000FE0762046108610887
:102C100060006000600060006000600060006000B4
:102C2000600060006000F80100000000000000008B
:102C300000000000000000001E070C020C020C0245
:102C40000C020C020C020C020C020C020C020C0214
:102C50000C020C021801F00000000000000000004F
:102C600000000000000000000F070602040104013C
:102C70000C010C018800880098009800500050005A
:102C80007000300020002000000000000000000064
:102C90000000000000000000F70E62044204460439
:102CA000460464026402E402E4029C029C0198016E
:102CB00098018801880088000000000000000000E2
:102CC00000000000000000009E070C010801180130
:102CD0009000B0006000200060006000D000900014
:102CE0008801080104038E070000000000000000B6
:102CF00000000000000000000F0F060404020C0298
:102D000008011801B800B0007000600060006000A9
:102D1000600060006000F80100000000000000009A
:102D20000000000000000000FC070C020603020186
:102D300080018000400040002000200010001800AA
:102D400008040C040402FE03000000000000000060
:102D50000000E003200020002000200020002000D0
:102D60002000200020002000200020002000200063
:102D700020002000200020002000E00300000000D0
:102D8000000000000000040004000800080010001B
:102D9000100010002000200040004000C000800013
:102DA0008000000100010002000200020004000097
:102DB00000007C0040004000400040004000400017
:102DC0004000400040004000400040004000400003
:102DD000400040004000400040007C000000000037
:102DE00060009000080100000000000000000000EA
:102DF00000000000000000000000000000000000D3
:102E000000000000000000000000000000000000C2
:102E100000000000000000000000000000000000B2
:102E200000000000000000000000000000000000A2
:102E3000000000000000000000000000FF0F000084
:102E4000000018006000000000000000000000000A
:102E50000000000000000000000000000000000072
:102E60000000000000000000000000000000000062
:102E70000000000000000000000000000000000052
:102E80000000F0010C030C030003E0031C030E031D
:102E9000060306038E0B7C0E0000000000000000FD
:102EA00000000000000008000E000C000C000C00E8
:102EB0000C00CC013C031C060C060C060C060C0690
:102EC0000C060C021C03E4010000000000000000DE
:102ED00000000000000000000000000000000000F2
:102EE0000000F0008C018C0186010600060006003F
:102EF00006020C020C01F0000000000000000000BF
:102F00000000000000000002C003000300030003F3
:102F1000000378038C030C03060306030603060371
:102F2000060304038C077801000000000000000085
:102F30000000000000000000000000000000000091
:102F40000000E001180308020C060C06FC070C0048
:102F50000C0018041802E00100000000000000004E
:102F60000000000000000000C003600630063000D2
:102F70003000FE0130003000300030003000300002
:102F8000300030003000FC010000000000000000B4
:102F90000000000000000000000000000000000031
:102FA0000000F007D8068C018C018C019801F80014
:102FB0000C00FC00CC03060306038E03F80000009F
:102FC00000000000000008000E000C000C000C00C7
:102FD0000C00EC011C030C030C030C030C030C038E
:102FE0000C030C030C039E0700000000000000000F
:102FF0000000000000000000600060000000000011
:1030000040007C00600060006000600060006000C4
:10301000600060006000FC03000000000000000091
:103020000000000000000000C001C001000000001E
:103030000001F00180018001800180018001800198
:1030400080018001800180018001CC007C000000B3
:1030500000000000000008000E000C000C000C0036
:103060000C008C038C008C004C006C005C008C000D
:103070008C010C010C039E07000000000000000002
:1030800000000000000040007C0060006000600064
:103090006000600060006000600060006000600030
:1030A000600060006000FC03000000000000000001
:1030B0000000000000000000000000000000000010
:1030C00000003707EE0666066606660666066606B2
:1030D000660666066606FF0F00000000000000009E
:1030E00000000000000000000000000000000000E0
:1030F0000000EE011C030C030C030C030C030C0377
:103100000C030C030C039E070000000000000000ED
:1031100000000000000000000000000000000000AF
:103120000000F00098010C030606060606060606D7
:1031300006060C030C03F000000000000000000075
:10314000000000000000000000000000000000007F
:103150000000EE011C030C060C060C060C060C0607
:103160000C060C031C03EC010C000C003E000000DC
:10317000000000000000000000000000000000004F
:10318000000078028C030C03060306030603060303
:10319000060304038C03780300030003C007000048
:1031A000000000000000000000000000000000001F
:1031B00000009F0358063806180018001800180071
:1031C000180018001800FF000000000000000000B8
:1031D00000000000000000000000000000000000EF
:1031E0000000F0031C030C020C023800F000C003C6
:1031F000040304038C03FC01000000000000000035
:10320000000000000000000000002000200030004E
:103210003000FE013000300030003000300030005F
:10322000300030023002E001000000000000000029
:10323000000000000000000000000000000000008E
:1032400008028E030C030C030C030C030C030C0389
:103250000C030C039C077801000000000000000034
:10326000000000000000000000000000000000005E
:1032700000001E070C020801080118019000B000B0
:10328000B0006000600020000000000000000000AE
:10329000000000000000000000000000000000002E
:1032A0000000F70E6204460464026402EC029C0112
:1032B000980198019801080000000000000000003B
:1032C00000000000000000000000000000000000FE
:1032D0000000BC0718011001B00060006000E000B1
:1032E0009000080108039E07000000000000000095
:1032F00000000000000000000000000000000000CE
:1033000000009E0708010801080190009000B0002D
:103310006000600060002000200024001C0000000D
:10332000000000000000000000000000000000009D
:103330000000FC018401C400440060002000300053
:10334000180208020C03FC0100000000000000004D
:10335000000000038000800080008000800080006A
:10336000800080004000200040008000800080003D
:10337000800080008000800080000003000040008A
:10338000400040004000400040004000400040003D
:10339000400040004000400040004000400040002D
:1033A000400040004000400040004000400000005D
:1033B00000000C00100010001000100010001000A1
:1033C000100010002000400020001000100010002D
:1033D000100010001000100010000C000000000091
:1033E0001C002204C2048003000000000000000052
:1033F00000000000000000000000000000000000CD
:1034000000000000000000000000000000000000BC
:1034100000000000000000000000000000000000AC
:10342000000000000000000000000000000000009C
:10343000000000000000000000000000000000008C
:10344000000000000000000000000000000000007C
:103450000000000000000000C001C001C001C00168
:10346000C001C001C0018000800080008000800099
:103470008000800000000000000000008001C00308
:10348000C0038001000000000000000000000000F8
:1034900000000000E01CE01CF01E700E380718034E
:1034A000080184000000000000000000000000008F
:1034B000000000000000000000000000000000000C
:1034C00000000000000000000000000000000000FC
:1034D000000000000000000000002010201020105C
:1034E00020102010FE7FFE7F100810081008100822
:1034F000100810081008FE7FFE7F08040804080466
:1035000008040804000000000000000000000000A3
:1035100000000000000000010001C0076019103128
:1035200018311839183938017001E001C0038007DB
:10353000000F001D003900311C311C310C310C1101
:10354000180DE0070001000100010000000000006C
:10355000000000000000000000001C103618630886
:10356000630C63046304630263026301361D9C37CA
:1035700080228063406340632063206330631022B5
:103580001836081C000000000000000000000000C9
:1035900000000000000000000000F00098018C0115
:1035A0008C018C018C018C00CC007800183E1C082A
:1035B0003608320863046304C304C3038343064329
:1035C0008E26781C000000000000000000000000B3
:1035D000000000001C003C003C00300030001000E7
:1035E0000C000600000000000000000000000000C9
:1035F00000000000000000000000000000000000CB
:1036000000000000000000000000000000000000BA
:10361000000000000040002000100008000C000422
:103620000006000300030003800180018001800187
:103630008001800180018001000300030003000677
:103640000006000C000800100020004000000000F0
:1036500000000000020004000800100030002000FC
:103660006000C000C000C0008001800180018001B6
:103670008001800180018001C000C000C0006000A6
:10368000600030001000080004000200000000008C
:103690000000000000000000000000000000000129
:1036A0008003800300011C713C79783DC007000154
:1036B000C007783D3C791C710001800380038001C4
:1036C00000000000000000000000000000000000FA
:1036D00000000000000000000000000000000000EA
:1036E0000001000100010001000100010001FC7F58
:1036F00000010001000100010001000100010000C3
:1037000000000000000000000000000000000000B9
:1037100000000000000000000000000000000000A9
:103720000000000000000000000000000000000099
:1037300000000000000000000000000000001C006D
:103740003C003C003000300010000C00060000007F
:103750000000000000000000000000000000000069
:103760000000000000000000000000000000FE7FDC
:103770000000000000000000000000000000000049
:103780000000000000000000000000000000000039
:103790000000000000000000000000000000000029
:1037A0000000000000000000000000000000000019
:1037B00000000000000000000000000018003C00B5
:1037C0003C001800000000000000000000000000A5
:1037D00000000000004000600020003000100018D1
:1037E0000008000C00040006000200030001800134
:1037F0008000C00040006000200030001000180071
:1038000008000C0004000600020000000000000098
:1038100000000000000000000000C007600C30182D
:103820001830183018200C600C600C600C600C60B4
:103830000C600C600C600C601820183018303018C8
:10384000600CC00700000000000000000000000045
:103850000000000000000000000000018001F801ED
:103860008001800180018001800180018001800150
:103870008001800180018001800180018001800140
:10388000C003F81F0000000000000000000000005E
:1038900000000000000000000000E007101C0818F5
:1038A000043004300C300C300030001800080004E4
:1038B0000002000180004000202010200820043079
:1038C000FC1FFC1F000000000000000000000000C2
:1038D00000000000000000000000E003180E0C0CC7
:1038E0000C180C180C180018000C0006C003000E71
:1038F00000180010003000300C300C300C100C1888
:10390000180CE003000000000000000000000000B0
:1039100000000000000000000000000C000E000E7F
:10392000000F800E800E400E600E200E100E100E46
:10393000080E040E040EFE7F000E000E000E000E98
:10394000000E000EC07F000000000000000000001C
:1039500000000000000000000000F03FF03F1000F9
:103960001000100008000800C807280C18180810DC
:1039700000300030003000300C300C3004180418D7
:10398000080CF00300000000000000000000000030
:1039900000000000000000000000800FC010203078
:1039A00010301800180008000C008C0F6C183C3008
:1039B0001C600C600C600C600C60186018203030CB
:1039C0006018C007000000000000000000000000B8
:1039D00000000000000000000000F83FF83F1C104D
:1039E0000C080408040400040002000200010001A5
:1039F0000001800080008000C000C000C000C00046
:103A0000C000C00000000000000000000000000036
:103A100000000000000000000000E007300C181853
:103A20000C300C300C301C3038187008E007B00730
:103A3000180E0C1C063806300630063006300C18FE
:103A4000180CE0030000000000000000000000006F
:103A500000000000000000000000E00318040C0853
:103A60000C180610063006300630063006380C3CBE
:103A70001836F03100300018001800180C0C0C0635
:103A80000C03F00100000000000000000000000036
:103A90000000000000000000000000000000000026
:103AA00000000000000000008001C003C00380018E
:103AB0000000000000000000000000008001C003C2
:103AC000C0038001000000000000000000000000B2
:103AD00000000000000000000000000000000000E6
:103AE0000000000000000000C000C0000000000056
:103AF00000000000000000000000000000000000C6
:103B0000C000C000800080004000400000000000B5
:103B10000000000000000000002000100008000469
:103B2000000600038001C0006000300018000C0097
:103B3000180030006000C00080010003000600048F
:103B4000000800100020000000000000000000003D
:103B50000000000000000000000000000000000065
:103B60000000000000000000FE7F000000000000D8
:103B700000000000FE7F00000000000000000000C8
:103B80000000000000000000000000000000000035
:103B900000000000000000000400080010002000E9
:103BA0006000C000800100030006000C0018003017
:103BB0000018000C000600038001C0006000200017
:103BC00010000800040000000000000000000000D9
:103BD0000000000000000000C00730180830086036
:103BE0000C601C601C601C600030001C00060001A2
:103BF0008000800080008000000000008001C00381
:103C0000C003800100000000000000000000000070
:103C100000000000000000000000C0076018103025
:103C200018200C2F8C4D864CC64CC64C664C6644F6
:103C30006644662666266615CC1C0C4008201830A3
:103C40003018C00700000000000000000000000065
:103C500000000000000000000001C001C001C00120
:103C600040016003200320032003300610061006E5
:103C70001006F80F080C080C080C0C0C041804189B
:103C800006181F7C0000000000000000000000007B
:103C900000000000000000000000FE07181C18389B
:103CA00018301830183018301818180CF807181871
:103CB00018301820186018601860186018601830E4
:103CC0001818FE0F000000000000000000000000B7
:103CD00000000000000000000000C0276038103025
:103CE00018200C400C4004000600060006000600E8
:103CF00006000600060006000C400C400C201830A0
:103D00003018C007000000000000000000000000A4
:103D100000000000000000000000FE03180E18184C
:103D20001830183018301860186018601860186063
:103D300018601860186018601830183018101818BB
:103D4000180EFE030000000000000000000000004C
:103D500000000000000000000000FE3F18301820A6
:103D600018601840180018081808180CF80F180CDC
:103D700018081808180018001800184018401820D3
:103D80001830FE3F000000000000000000000000AE
:103D900000000000000000000000FE7F18701840C6
:103DA00018C018801800181018101818F81F1818C4
:103DB0001810181018001800180018001800180023
:103DC00018007E000000000000000000000000005D
:103DD00000000000000000000000C013701C101064
:103DE00018100C200C200400060006000600060037
:103DF000060006FC063006300C300C301830183047
:103E00003008C007000000000000000000000000B3
:103E1000000000000000000000003F7E0C180C189D
:103E20000C180C180C180C180C180C180C18FC1F7B
:103E30000C180C180C180C180C180C180C180C1862
:103E40000C183F7E00000000000000000000000091
:103E500000000000000000000000F81F8001800149
:103E6000800180018001800180018001800180014A
:103E7000800180018001800180018001800180013A
:103E80008001F81F0000000000000000000000009A
:103E900000000000000000000000E07F00060006B7
:103EA00000060006000600060006000600060006E2
:103EB00000060006000600060006000600060006D2
:103EC0000006000600060E060E038E01FC00000030
:103ED000000000000000000000007E7C1818180898
:103EE000180418061802180198019801D801B8039F
:103EF000380318071806180E180C181C1818183054
:103F000018307EFC000000000000000000000000EF
:103F1000000000000000000000007E0018001800F3
:103F200018001800180018001800180018001800D1
:103F30001800180018001800180018401840182021
:103F40001830FE3F000000000000000000000000EC
:103F5000000000000000000000001FF81C381C38A2
:103F60001C381C3C343434343434343674326432C7
:103F7000643264326431C431C431C431C430C430B9
:103F800084309FFC000000000000000000000000E2
:103F9000000000000000000000001F7C1C103C100E
:103FA0003410341074106410E410C410C41184115F
:103FB0008413041304170416041E041C041C041C9C
:103FC00004181F180000000000000000000000009E
:103FD00000000000000000000000C003300C1818B2
:103FE00008100C300C300660066006600660066043
:103FF00006600660066006600C200C300810181879
:10400000300CC003000000000000000000000000B1
:1040100000000000000000000000FE0F181818301B
:104020001860186018601860186018301818F80FB9
:1040300018001800180018001800180018001800C0
:1040400018007E00000000000000000000000000DA
:1040500000000000000000000000C003300C181831
:104060000C100C300C2006600660066006600660CE
:104070000660066006600660E4612C331C32181688
:10408000300EC007004C007C00380000000000002B
:1040900000000000000000000000FE07181C183897
:1040A00018301830183018301818180CF807980302
:1040B0001803180718061806180E180C180C181CE8
:1040C00018187E78000000000000000000000000CA
:1040D00000000000000000000000E0273038183029
:1040E0000C200C200C000C0018007800E003800F5E
:1040F000001E003800700060046004600860183022
:104100003818C80F00000000000000000000000088
:1041100000000000000000000000FC3F8C218461D2
:104120008241824180018001800180018001800103
:104130008001800180018001800180018001800177
:104140008001E00700000000000000000000000007
:10415000000000000000000000003F7C0C100C106C
:104160000C100C100C100C100C100C100C100C106F
:104170000C100C100C100C100C100C100C1008086B
:104180003804E00300000000000000000000000010
:10419000000000000000000000003EF81820182079
:1041A000182030103010301030106008600860089F
:1041B000E00CC004C004C0048003800380038003BB
:1041C00000010001000000000000000000000000ED
:1041D00000000000000000000000DFF3866186217F
:1041E00086218C210C218C238C138C138C134C1363
:1041F00058125816580E380E380E380E300C10045F
:104200001004100400000000000000000000000086
:10421000000000000000000000007E3E1808380882
:104220003004300470026002E001C001C00180016E
:1042300080034003400720062006100C100C0818CD
:1042400008183E7C00000000000000000000000094
:10425000000000000000000000007E7C1C10181010
:1042600018083008300C700460046002C002C002FC
:10427000C0018001800180018001800180018001F6
:104280008001E007000000000000000000000000C6
:1042900000000000000000000000F83F1818081897
:1042A000040C040E00060007000380038001C00117
:1042B000C000E000600070003000382018201C10A2
:1042C0000C18FE1F000000000000000000000000AD
:1042D00000000000C03F400040004000400040009F
:1042E00040004000400040004000400040004000CE
:1042F00040004000400040004000400040004000BE
:104300004000400040004000C03F000000000000AE
:104310000000000000000000080018001800100055
:1043200030002000600060004000C000800080017C
:104330008001000100030002000600060004000CDA
:1043400000080018001800100030002000000000D5
:1043500000000000FC030002000200020002000254
:10436000000200020002000200020002000200023D
:10437000000200020002000200020002000200022D
:104380000002000200020002FC0300000000000026
:10439000000000008007C006200810100000000088
:1043A000000000000000000000000000000000000D
:1043B00000000000000000000000000000000000FD
:1043C00000000000000000000000000000000000ED
:1043D00000000000000000000000000000000000DD
:1043E00000000000000000000000000000000000CD
:1043F00000000000000000000000000000000000BD
:10440000000000000000000000000000FFFF0000AE
:10441000000000007800C000000100000000000063
:10442000000000000000000000000000000000008C
:10443000000000000000000000000000000000007C
:10444000000000000000000000000000000000006C
:10445000000000000000000000000000000000005C
:104460000000000000000000F00318060C0C0C0C0B
:10447000000C800F700C1C0C0C0C060C060C064C6F
:104480000C4FF838000000000000000000000000A1
:10449000000000000000000010001E0018001800BE
:1044A0001800180018001800180FD8183830386095
:1044B000186018601860186018601860182038308C
:1044C0007818C8070000000000000000000000008D
:1044D00000000000000000000000000000000000DC
:1044E0000000000000000000C007700C1818181829
:1044F0000C180C000C000C000C000C2018201810DC
:104500003008C007000000000000000000000000AC
:1045100000000000000000000010001E001800183D
:104520000018001800180018E01B301C1818181884
:104530000C180C180C180C180C180C180818181C4F
:10454000307AE009000000000000000000000000D8
:10455000000000000000000000000000000000005B
:104560000000000000000000C007300C1818081000
:104570000C300C30FC3F0C000C000C001820181004
:104580007018C007000000000000000000000000DC
:1045900000000000000000000000003E80C380C05A
:1045A000C0C0C000C000C000FC1FC000C000C000F0
:1045B000C000C000C000C000C000C000C000C000FB
:1045C000C000F80F00000000000000000000000024
:1045D00000000000000000000000000000000000DB
:1045E0000000000000000000C077306C10181818A0
:1045F000181818181018300CF00718001800F00FD1
:10460000F03F08700C600C600C603838E00F000060
:10461000000000000000000010001E00180018003C
:104620001800180018001800980FD81838301830E3
:10463000183018301830183018301830183018303A
:1046400018307EFC000000000000000000000000A8
:1046500000000000000000000000800380038003D1
:104660000000000000000001F801800180018001CD
:104670008001800180018001800180018001800132
:104680008001F81F00000000000000000000000092
:104690000000000000000000000000380038003872
:1046A0000000000000000010801F00180018001813
:1046B000001800180018001800180018001800183A
:1046C0000018001800180018180C1806F003000055
:1046D000000000000000000010001E00180018007C
:1046E0001800180018001800183E180C18061803B7
:1046F00018019801D801380318071806180C181C5F
:1047000018187E7C0000000000000000000000007F
:1047100000000000000000000001F801800180019D
:104720008001800180018001800180018001800181
:104730008001800180018001800180018001800171
:104740008001F81F000000000000000000000000D1
:104750000000000000000000000000000000000059
:104760000000000000000800EE1C9C338C318C31EE
:104770008C318C318C318C318C318C318C318C3151
:104780008C31DE7B00000000000000000000000013
:104790000000000000000000000000000000000019
:1047A00000000000000010001E0FD818383018302C
:1047B00018301830183018301830183018301830B9
:1047C00018307EFC00000000000000000000000027
:1047D00000000000000000000000000000000000D9
:1047E0000000000000000000C007701C10301830EE
:1047F0000C600C600C600C600C600C6018301830A1
:104800003018C00700000000000000000000000099
:104810000000000000000000000000000000000098
:1048200000000000000010009E0F581838301820BB
:1048300018601860186018601860186018303830F8
:104840007818980718001800180018007E0000005B
:104850000000000000000000000000000000000058
:104860000000000000000000C023303C1838183061
:104870000C300C300C300C300C300C300830183848
:10488000303CE033003000300030003000FC0000ED
:104890000000000000000000000000000000000018
:1048A00000000000000060007E3C60666061E00087
:1048B000E000600060006000600060006000600078
:1048C0006000FE0700000000000000000000000083
:1048D00000000000000000000000000000000000D8
:1048E0000000000000000000E027303818301820D9
:1048F00018007000E003800F001C043004300C30FE
:104900001C18EC0F00000000000000000000000078
:104910000000000000000000000000000000800017
:1049200080008000C000E000FC1FC000C000C0008C
:10493000C000C000C000C000C000C000C020C02037
:104940008011000F000000000000000000000000C7
:104950000000000000000000000000000000000057
:1049600000000000000010201E3C183018301830E5
:1049700018301830183018301830183018301838EF
:1049800030F4E01300000000000000000000000010
:104990000000000000000000000000000000000017
:1049A00000000000000000007E3C181818083808BD
:1049B00030043004700260026002E001C001C001F6
:1049C000C0008000000000000000000000000000A7
:1049D00000000000000000000000000000000000D7
:1049E0000000000000000000DFF78E630C238C2322
:1049F0008C239813981358165816700E700E700E5C
:104A0000200420040000000000000000000000005E
:104A10000000000000000000000000000000000096
:104A20000000000000000000FC3E70087004E0047C
:104A3000C002C0018003800340076006200C100CF8
:104A400018183E7E0000000000000000000000007A
:104A50000000000000000000000000000000000056
:104A600000000000000000007E7C181818083008C4
:104A70003008300460046004C002C002C00280013B
:104A8000800180018000800080004C003C0000001C
:104A90000000000000000000000000000000000016
:104AA0000000000000000000FC1F0C0C040E0406B7
:104AB000000380038001C000E00070203020383007
:104AC0001C18FC1F00000000000000000000000097
:104AD000000000000030000800040004000400048E
:104AE000000400040004000400040004000280012B
:104AF0000002000400040004000400040004000498
:104B0000000400040004000400080030000000015C
:104B1000000100010001000100010001000100018D
:104B2000000100010001000100010001000100017D
:104B3000000100010001000100010001000100016D
:104B4000000100010001000100010001000100005E
:104B5000000000000C0010002000200020002000B9
:104B600020002000200020002000200040008001C4
:104B70004000200020002000200020002000200015
:104B8000200020002000200010000C000000000089
:104B90003800C400864002610022001C00000000B2
:104BA0000000000000000000000000000000000005
:104BB00000000000000000000000000000000000F5
:104BC0000000000000000000000000000000D6D03F
:104BD000200020002000FE03220222022202FE0307
:104BE0002202200020002000BEB0FC010401FC01D4
:104BF0000401FC012000FF070401FC012000240146
:104C00003202D4B0FE070204FA0402040204FE05D4
:104C1000520452044A0586050204FE07B5E7100057
:104C20001000FF0111011101FF0111011101FF012C
:104C300011041004E007D7D30000FC0180004000FD
:104C400020002000FF072000200020002000380066
:104C5000D6D08000800080008000FC1F841084106B
:104C6000841084108410FC1F841080008000800059
:104C70008000BEB0F80F0808F80F0808F80F800091
:104C8000FF7F0000F80F08080808F80F8000841064
:104C9000A2204000D4B00000FE3F0220F2270220F4
:104CA0000220FA2F222122212221122912290A2E42
:104CB0000220FE3F0220B5E7800080008000FC1F3C
:104CC000841084108410FC1F841084108410FC1F36
:104CD000845080408040007FD7D30000FE1F000832
:104CE0000004000280018000FF7F800080008000BF
:104CF000800080008000A0004000D6D000000000AE
:104D00000000001800000800000800000800080863
:104D100018F8FF1F18081818081818081818081885
:104D2000180818180818F8FF1F08080800080000DD
:104D30000800000800000800001800001800001813
:104D400000000000BEB0000000000000400006C0EF
:104D5000FF07400006C0FF07400006C0FF074008ED
:104D600002003000FEFF3F000000C0FF07C000024D
:104D7000C00002C00002C0FF03801000801101606B
:104D8000100E3010180C1E30001C00000000D4B0B3
:104D9000000000000000080030F8FF1F08001008A5
:104DA000C010083F10080010080010080013C8FFCA
:104DB00010082210082210082210082210082112C0
:104DC00008211488601648C013280010080010F845
:104DD000FF1F080010000000B5E700000000000001
:104DE000001800000800000800000800F0FF0F1085
:104DF0000804100804100804100804F0FF07100845
:104E000004100804100804100804F0FF071008003C
:104E100000081000081000082000183000F01F00E3
:104E20000000D7D3000000000000000004F0FF0FD6
:104E300000000600000100C000002800001800006B
:104E40001800001830FEFF7F00180000180000183E
:104E500000001800001800001800001800001800DA
:104E6000001800001F00000C00000000D6D0000059
:104E700000000000000000800000008001000080B1
:104E8000010000800100008001000080010010800E
:104E9000010CF0FFFF0F30800104308001043080EE
:104EA000010430800104308001043080010430802E
:104EB000010430800104F0FFFF07308001043080DE
:104EC00001040080010000800100008001000080DA
:104ED00001000080010000800100008001000080CE
:104EE0000100008001000080000000000000BEB052
:104EF0000000000000000000000000000001800130
:104F000000FFFF01000380010003800100FFFF019B
:104F1000000380010003800100FFFF010081810088
:104F2000000003000000031CFCFFFF3F00004000E6
:104F30000003C00100FFFF010003C0000003C00028
:104F40000003C00000FFFF00000141000004010059
:104F5000000E710000078101800101076000010E51
:104F60001898011C04E0011800C0000000000000B7
:104F7000D4B0000000000000000000000008F0FFB6
:104F8000FF1F3000000C3000000C3000100C30FE11
:104F90003F0C3004000C3000000C3000000C3000DE
:104FA000000C3000C00CF0FFFF0D3030060E30302A
:104FB000060C3010060C3010060C3010060C3018A1
:104FC000860C3018860C3008060D300C860D300625
:104FD000EE0F3002FC0D3001000CF000000C300030
:104FE000000CF0FFFF0F3000000C10000004000068
:104FF0000000B5E7000000000000000000C0000055
:1050000000C0010000C0000000C0000000C000009F
:1050100000C00000E0FFFF0360C0000360C00003A9
:1050200060C0000360C0000360C0000360C00003F4
:10503000E0FFFF0360C0000360C0000360C0000326
:1050400060C0000360C00003E0FFFF0360C0000118
:1050500060C0000000C0000800C0001000C00010C8
:1050600000C0001800C001380080FF1F00000000D1
:1050700000000000D7D30000000000000000000086
:10508000000000000003C0FFFF07000080070000D1
:10509000C000000060000000180000000C0000804C
:1050A00003000080030000800100008001080080F0
:1050B000011CFCFFFF3F0080010000800100008018
:1050C00001000080010000800100008001000080DC
:1050D00001000080010000800100008001000080CC
:1050E00001000080010000FC010000E00000004021
:1050F000000000000000000000000000E36C010858
:10510000D96D0108000000002171010882008200B1
:105110004A020000000001E001E0000000FF00552D
:10512000AAFF00112233445566778899AABBCCDDCB
:10513000EEFF000102030405060708090A0B0C0D27
:105140000E0F101112131415161718191A1B1C1D07
:105150001E1F202122232425262728292A2B2C2DF7
:105160002E2F303132333435363738393A3B3C3DE7
:105170003E3F404142434445464748494A4B4C4DD7
:105180004E4F505152535455565758595A5B5C5DC7
:105190005E5F606162636465666768696A6B6C6DB7
:1051A0006E6F707172737475767778797A7B7C7DA7
:1051B0007E7F808182838485868788898A8B8C8D97
:1051C0008E8F909192939495969798999A9B9C9D87
:1051D0009E9FA0A1A2A3A4A5A6A7A8A9AAABACAD77
:1051E000AEAFB0B1B2B3B4B5B6B7B8B9BABBBCBD67
:1051F000BEBFC0C1C2C3C4C5C6C7C8C9CACBCCCD57
:10520000CECFD0D1D2D3D4D5D6D7D8D9DADBDCDD46
:10521000DEDFE0E1E2E3E4E5E6E7E8E9EAEBECED36
:10522000EEEFF0F1F2F3F4F5F6F7F8F9FAFBFCFD26
:10523000FEFF808080818182828384858687898A3F
:105240008C8D8F91939597999B9EA0A2A5A7AAADAF
:10525000AFB2B500FF1FFF1F01E001E021002000F9
:105260000A080B080D300C300E380F38640063004C
:1052700000000000F8500208F904010800000000D6
:105280000000000000000000C300C300041C000078
:10529000F8500208F1D001080000000000000000F2
:1052A0000000000064202B0000000000F8500208FD
:1052B000CDD1010800000000000000000000000047
:1052C0006420D12700000000F8500208296301087B
:1052D00045630108000000005D6301080000000054
:1052E000C0030000788A02083DAF010800000000FA
:1052F00000000000000000000000000000000000AE
:105300000EA0D90D90C80C80B70A60110B80D91F70
:105310000991F0881F0880F088000000000D203CF3
:1053200000000F0069002FFFFFFFF7015C11A610BE
:10533000006900C300008800D2009FFFFFFFF01249
:10534000C523E22000D203C00000F004B00000003A
:10535000700000000E00000000E0000019EFEA30CD
:105360000CD6E6A702F40E00001F80E000006FEFED
:1053700050000016FFE500000E0AF00100E05F1388
:10538000F85E6EB005CFFE9100000E0000000070C8
:10539000000008DD3000A7004B02D004C0007700F9
:1053A000D01D20004B03D0A7000007DC34C4CC3054
:1053B00000001D2D22D00000A63B00B30005C03A1E
:1053C00000A3001D200D00D000A60004CC40004D1D
:1053D000FC300000F718C00001F205D00000BB6EE1
:1053E0004000005FF3000007E6DB03802F301DBAAA
:1053F000A05F0001DF401FB448FEC003BFFC40B205
:1054000000000000001F01F01F00F0000003F10B7E
:10541000900F404F007D009B00AA00AA009B007DDA
:10542000004F000F400B9003F15E000E6008C004B7
:10543000F001F300F500E600E600F501F304F008E2
:10544000C00E605E0000930088A6C209FE404DDDDC
:10545000B1429350005200000450000008A0000028
:1054600008A0001FFFFFF30339B3300008A00000BD
:1054700008A0000103F61E60E12C00000003FFF904
:105480000333100003F52E4000000E400004E0003E
:10549000009A00000E400004F000009A00000E4048
:1054A0000003F000009A00000E500003F000009A84
:1054B00000000E500003F00000004CFE70004FB6DC
:1054C0008F900DB0005F32F40000E74F20000CA475
:1054D000F20000CA2F40000E70DB0005F204FB68EA
:1054E000F90004CFE700EFFB44CB00AB00AB00AB0F
:1054F00000AB00AB00AB00AB00AB07DFEA108E8562
:105500007EC0010006F1000006F000000D900000D2
:10551000CC00001CC00001DB00001DE544427FFF01
:10552000FFF97FFFFFF024445F900000BC000009FA
:10553000E100003FD81000046DD0000002F410001C
:1055400002F4BD757DD019DFEA1000000DA0000047
:1055500000AC00000007E10000004F40100002F620
:1055600000F5001DA000F5007FFFFFFFF3133333AC
:10557000F730000000F500000000F50009FFFFF023
:105580000AB444400C8000000E7000000FFFFC4085
:1055900003345CF2000000F7100000F78E856CF118
:1055A00008DFFB30002AEFD5003FD657400CC00083
:1055B0000002F40000004F5BFFA104FE845DD03FB9
:1055C00080003F30E80003F206F845DC0005DFE923
:1055D000109FFFFFFD9D4444E99C0004F200000B76
:1055E000B000002F400000AD000001F6000008E010
:1055F00000000E8000006F1000019EFE9100BE634F
:105600006EC00F60006F00CC202BC002EFFFE200E5
:10561000DC424CD05F20001F55F20002F50ED5355C
:10562000DE001AEFEA1003BFEA202FA44BE18E0040
:1056300000E99D0000DD4F7129FF07FFFC9E00027D
:1056400010AC000002F607658FB00AEFD7002E53AA
:10565000F50000000000003F52E42E53F50000006A
:105660000000002E52F60D21D00100000000310094
:10567000006CF2018ED6000FC300000AFB40000050
:1056800017EE70000005C3000000001FFFFFF303CA
:1056900033333000000000000000001FFFFFF30361
:1056A000333330040000000ED71000005CF92000F6
:1056B000002AF20003AFB106DE82001C6000000089
:1056C00000000007DFEA109E746EC0010006F000C3
:1056D0000009C000008E200006F2000008700000E3
:1056E000000000000B8000000C900000006CEFDA5E
:1056F0004000003DA41016D90001E509EE98CA90BB
:105700000A80BD43AFC0D30F13F2000CC0693C0642
:10571000D00007C03B4B06D00007C02C3C03F20072
:105720000CC04A0F10BD439EE3C50A8009EE91CF1D
:105730009001E50000000000003DA41028000000DA
:10574000007CEFD9100000000CF1000000003FD7F2
:1057500000000000B96E00000002F20E50000009C7
:10576000A007D000001F3000F400007FFFFFFB0007
:1057700000E733334F2005F000000C900C90000040
:1057800006F18FFFFEC408E3334BF28E00001F5872
:10579000E00018F18FFFFFF808E33337F68E0000C2
:1057A00009C8E000009D8E33347F78FFFFFD700054
:1057B00007CFFB4000CF966AF50AE20000301F6079
:1057C0000000004F200000004F200000001F60007C
:1057D00000000AE200003001CF966AF50007DFFB07
:1057E000408FFFFEA4008E4446CF708E000007F36A
:1057F0008E000000DA8E0000009D8E0000009D8E5D
:10580000000000DA8E000007F38E4446BF708FFF61
:10581000FEA4008FFFFFF68E4444418E0000008EF0
:105820000000008FFFFFC08E3333208E0000008EFB
:105830000000008E4444428FFFFFF98FFFFFF68E79
:105840004444418E0000008E0000008E0000008F56
:10585000FFFFC08E3333208E0000008E0000008ECC
:105860000000000007CFFC5000CF966AF60AE20065
:1058700000201F600000004F200000004F200000AB
:10588000B91F600000B90AE30000B900CF966AF8BA
:105890000007DFFC608E000008E8E000008E8E004C
:1058A0000008E8E000008E8FFFFFFFE8E333339E3F
:1058B0008E000008E8E000008E8E000008E8E0009E
:1058C000008E8E8E8E8E8E8E8E8E8E8E02FFFFC0FE
:1058D0000444BC000009C000009C000009C0000096
:1058E0009C000009C02000BA0EB58F603CFE808E7F
:1058F00000004F508E0004F6008E003F70008E03B3
:10590000F800008E2EC000008EECF600008FB07FF5
:1059100030008E000AE1008E0000CC008E00001ED8
:10592000A08E0000008E0000008E0000008E00009F
:10593000008E0000008E0000008E0000008E00002F
:10594000008E4444408FFFFFF28E00000008E8F70D
:10595000000002FE8FF10000BFE8DCA0004F9E8D2A
:105960002F300D87E8D09C06E07E8D01E7E507E843
:10597000D006FC007E8D000A2007E8D00000007EE3
:105980008E100008E8FC00008E8FF90008E8E6F6AB
:10599000008E8E09F308E8E00CE18E8E001EB8E858
:1059A000E0003FEE8E00006FE8E00000AE0007CFA1
:1059B000EB500000CF966BF9000AE200005F601F19
:1059C0006000000AD04F20000006F04F20000006C3
:1059D000F01F6000000AD00AE200005F6000CF966E
:1059E0006BFA000007DFEB50008FFFFD7008E44505
:1059F0008FB08E00005F38E00001F58E00003F4858
:105A0000E0014DD08FFFFFB208E33310008E00009D
:105A10000008E00000000007CFEB500000CF966BBD
:105A2000F9000AE200005F601F6000000AD04F200A
:105A3000000006F04F20000005F01F6000000AD0B3
:105A40000AE200005F6001DF855AFA000008DFFC0F
:105A50005000000001EC21940000001BFFC1000079
:105A6000000012008FFFFD7008E4458FB08E00002B
:105A70005F38E00001F58E00003F38E0014DD08F27
:105A8000FFFFC208E333DA008E0002F608E00005EB
:105A9000F3019EFDA200CE646B702F40000001F860
:105AA00000000006FD950000016AEE500000009F16
:105AB00000200005F13FA547EB004BEFE910FFFF89
:105AC000FFFF2444BD44400009C00000009C0000CA
:105AD0000009C00000009C00000009C00000009CFC
:105AE00000000009C00000009C00009C00000BA901
:105AF000C00000BA9C00000BA9C00000BA9C0000C6
:105B00000BA9C00000BA8E00000D94F40003F50C40
:105B1000F868FD0009EFE9100CB000000AC05F2032
:105B20000001F500E900008E0008F0000E70001F73
:105B30006005F10000AD00C9000003F43F30000033
:105B40000CBAC00000005FF500000000EE00006F1E
:105B500010000DB00002F21F60003FF10008D00BF2
:105B6000B0008BE6000D7006F000E69B002F2001D0
:105B7000F503F14F108D0000CA09B00E60D8000087
:105B80006F0E6009B2F300001F9F1004F9D00000EF
:105B90000CFB0000EF80000007F600009F30003F84
:105BA00050000DA008F2009D0000CC04F300002F6F
:105BB0009E70000006FC00000009FE1000004F4D22
:105BC000B00001E802F7000BD0007F207F20000B1F
:105BD000D00CB000009C002F50002F30009E000C15
:105BE000900000E805F1000005F3E60000000CFD60
:105BF000000000003F4000000002F3000000002F02
:105C00003000000002F300004FFFFFFF9144444AC0
:105C1000F3000003F6000001EA000000CC000000E1
:105C20009E1000006F4000003F7000001ED44444EE
:105C300036FFFFFFFC8FF68D318D008D008D008DBE
:105C4000008D008D008D008D008D008D008D318FB9
:105C5000F65D000000F200000B8000006D00000106
:105C6000F200000B8000006D000001F200000B70DC
:105C700000006D000001F200000B7000006D0000DC
:105C800001F2BFF325F302F302F302F302F302F38E
:105C900002F302F302F302F302F325F3BFF300ADC4
:105CA00000001EC4000885A000E20E105B00970BE8
:105CB0005002E0EEEEEEE00BC00009B004CFEA10B7
:105CC0000B745DB0000004F004CEEEF21F8214F2FB
:105CD0004F1004F21F703DF204DFD7F2BA0000004B
:105CE000BA000000BA000000BA8EFC30BFD54BF3FA
:105CF000BE1000CABA00007EBA00007EBE1000CA04
:105D0000BFD55BF3B98EFC30007DFD6009F748F428
:105D10002F5000205F0000005F0000002F50002087
:105D200009F748F4007DFD600000001F40000001FD
:105D3000F40000001F4008EFC4F40AF748FF42F5E2
:105D40000007F45F00002F45F00001F42F50006FB2
:105D500040AE637EF4008EFC4F40008EFC400AD5BE
:105D600038F42F20008C5FEEEEFF5F2111112F70B1
:105D7000001009F846E4007DFE80009EE305F44132
:105D800008C000CFFFF029D32008D00008D00008B9
:105D9000D00008D00008D00008D000007EFC4E6083
:105DA000AF747FF62F50005F65F00000F65F0000D3
:105DB0000F62F60006F609F747FF5007EFC4F5003B
:105DC00000003F20CB646EB003AEFD8000BA00003F
:105DD00000BA000000BA000000BA8EFB20BFC56DFB
:105DE000D0BE0003F2BA0000F4BA0000F5BA000019
:105DF000F5BA0000F5BA0000F5BAA800BABABABA06
:105E0000BABABABA000AB0009900000000AB000AA2
:105E1000B000AB000AB000AB000AB000AB000AB0A3
:105E200000AA064E71DFA0BA000000BA000000BA56
:105E3000000000BA001CC0BA01CC00BA1CD100BBE3
:105E4000CF6000BFDBE100BD11DC00BA003F70BADB
:105E50000007F3BABABABABABABABABABABAB99EF3
:105E6000FA15DFD40BFB45EDE64AF2BE0006F6005C
:105E70000E7BA0004F2000C9BA0003F1000C9BA0CC
:105E8000003F1000C9BA0003F1000C9BA0003F10B6
:105E900000C9B99EFB20BFB45DD0BE0003F2BA00BA
:105EA00000F4BA0000F5BA0000F5BA0000F5BA0037
:105EB00000F5007DFD60009F748F702F50007F05FE
:105EC000F00001F35F00002F32F50007F009F748FA
:105ED000F70007DFD600B98EFC30BFC43AF3BE101E
:105EE00000CABA00007EBA00007EBE1000CABFD54C
:105EF0005BF3BA7EFC30BA000000BA000000BA00C2
:105F00000000008EFC3F40AF748EF42F50007F45A0
:105F1000F00001F45F00002F42F50007F40AF74893
:105F2000FF4008EFC4F40000001F40000001F4002F
:105F300000001F40B98E4BFD71BE100BB000BA00BF
:105F40000BA000BA000BA00005DFEA13F735A06F25
:105F5000000001EE9610016AEF300000D96C646F0A
:105F600062AEFD7008D00008D000CFFFF029D3202A
:105F700008D00008D00008D00008D00005F5510076
:105F80009FE3C80002F3C80002F3C80002F3C80090
:105F900002F3C90003F3AB0007F35F837EF306DF70
:105FA000C5F30D90000AA06E0001F300F5007D001E
:105FB00009C00E60003F24F00000C8B9000006FFD1
:105FC0003000000FC000C80006F1000D56D000CF11
:105FD0006003F01F302F9C009A00B807B2F10E400A
:105FE00005E0D60C74E0000F6F007C990000AFA0B4
:105FF00001FF400005F4000BE0004F3007E109D03D
:106000002F4000D9D900003FD000004FE10001E748
:10601000BB000BB01E707E1005F30D90000AA06F40
:106020000001F300F6007D0009C00D60002F34F080
:106030000000C9A9000005FF2000000EC0000000FC
:10604000E5000094AD00001BFC2000005FFFFFA1F5
:106050003337F40001E70000CB00008E10004F4002
:10606000001EA33326FFFFFC006EA00F9201F40078
:106070001F4001F4003F303FC0006F3001F4001FAB
:106080004001F4001F4000FA2005EA8B8B8B8B8BBC
:106090008B8B8B8B8B8B8B8B8BBE5002AE0005F06A
:1060A000005F0005F0004F1000DF104F5005F000BA
:1060B0005F0005F0005F002AE00BE40007EC40B44D
:1060C0001E25DFC00100000004CC302B01C05700AA
:1060D000932B01C005CC3006A10FF60BE2000000A7
:1060E000000000000000000000027BFB0000000434
:1060F0009DFFFFD00003AFFFFFFFFD0000AFFFFFDC
:10610000FFDFD0000AFFFFB610ED0000AF940000E3
:106110000ED0000AF1000000ED0000AF1000000EEC
:10612000D0000AF1000045FD0000AF1001EFFFD0E4
:10613000179DF1005FFFFC0EFFFF1000AFFD31FF68
:10614000FFE00000010003BDA300000000005018A4
:106150008888888405FABFDDDDDDFDAFE47F1000AF
:1061600000CA4EE04F100000C80EFEEF100000CF36
:10617000EFE03FEEEEEEF80EF68F766666EB6FF828
:10618000AF100000CC8FE03F100000C80EFCDF65B0
:106190005555EECFC25FFFFFFFF92C577505777796
:1061A0007775FFFF1FFFFFFFFFFFFF2FFFFFFFFFC1
:1061B000EFFF0EFFFFFFFE01100011111110EFFEA7
:1061C0000EFFFFFFFEFFFF2FFFFFFFFFFFFF1FFF81
:1061D000FFFFFF6887078888888668870788888820
:1061E00086FFFF1FFFFFFFFFFFFF2FFFFFFFFFDF08
:1061F000FD0DFFFFFFFD000000000001500000004A
:1062000000001DF80000000001DFFD000000001D7F
:10621000FFE22D600001DFFE20DFF7001DFFE2003E
:106220008FFF71DFFE200008FFFEFFE20000008FFD
:10623000FFFE2000000008FFE200000000007D20BB
:1062400000000000000000007F60000BE2EFF6009D
:10625000BFF84FFF6BFFD104FFFFFD10005FFFE1B0
:106260000000BFFFF6000BFFDFFF60BFFD14FFF56E
:10627000CFD1004FF617100003600000001100009E
:1062800000000000FF000000006F21FF12F7000671
:10629000FF61FF16FF601FF901FF109FF16FE00122
:1062A000FF100EF6AF8001FF1008FACF6001FF105B
:1062B00006FCAF8000AA0008FB7FD00000000DF7AD
:1062C0001FF80000008FF107FF91002AFF70009F68
:1062D000FFEEFFF9000005CFFFFD50000000024473
:1062E0002000000000000000000000000AFFA000E5
:1062F0000000000CFFC0000003D6DFFFFD6D300E74
:10630000FFFFFFFFFFE05FFFFFAAFFFFF51AFFF4AB
:10631000004FFFA103FFD0000DFF3004FFF0000F7E
:10632000FF404FFFFB22BFFFF42FFFFFFFFFFFF2F5
:1063300009FEFFFFFFEF9000505EFFE50500000043
:106340000CFFC000000000047740000000000003C4
:10635000100341000000009FF50DF50000001BFD3B
:10636000FF8DF5000002DFB12DFFF500004FF83E74
:10637000C2BFF50007FF55FFFE39FE409FE38FFFC8
:10638000FFF56FF6AC2AFFFFFFFF73E6005FFFFF2C
:10639000FFFFF100006FFFD77FFFF200006FFF905B
:1063A0000DFFF200006FFF900DFFF200004FFF7035
:1063B0000BFFE1000000003300000000000BFFB005
:1063C000000000000CFFC0000000000CFFC0000037
:1063D00000000CFFC0000000000CFFC00000008F98
:1063E000FFFFFFF800002EFFFFFFE2000002EFFFBB
:1063F000FE200000002DFFE20000799982DE28993E
:1064000097FFFFFB22BFFFFFFFFFFFFFFFFFFFFF25
:10641000FFFFFFFAB3CFACCCCCCCCCCCCA0006BBD0
:10642000BBBBBA3000004FFFFFFFFFE10000EF30C1
:10643000000006FB0009F800000000CF504FD0001C
:106440000000002FE1DF84420000344BF9FFFFFD24
:106450000001FFFFFBFFFFFF988BFFFFFCFFFFFF2B
:10646000FFFFFFFFFCFFFFFFFFFFFFFFFB9FFFFFA3
:10647000FFFFFFFFF60000000000003300018DFF6A
:10648000C600EF004EFFFFFFE4DF04FFB3004CFF48
:10649000FF0EF90000008FFF6FC00001FFFFFF8EAD
:1064A000500001DEEEED000000000000002222227C
:1064B00000000021FFFFFF100008F8FFFBBC1000E8
:1064C0001EF4FFFC100001DFC0FEEFE8448EFE105A
:1064D000FE1AFFFFFFC100FD0028BB940000000072
:1064E00002700002EF0002EFFDFFFFFFFFFFFFFF62
:1064F000FFFFFFFFFFFFFFFFFFFF3447FFF0000537
:10650000FF000005C0000000000002700000000253
:10651000EF00000002EFF0000DFFFFFF0220FFFF81
:10652000FFF08E1FFFFFFF00E7FFFFFFF03F5FFF61
:10653000FFFF08903447FFF000000005FF00000057
:106540000005C0000000000000000000000000077F
:106550007000000002700005FA0000002EF00081BB
:106560004F600002EFF001DD07F0DFFFFFF0321EA9
:1065700080F6FFFFFFF08E27E0B9FFFFFFF00E73FC
:10658000F19BFFFFFFF03F54F09AFFFFFFF0890AF5
:10659000C0D83447FFF0007F43F300005FF002F6FD
:1065A0000CB0000005C00000BF1000000000000992
:1065B000E300000000000002100037888888888807
:1065C00073EFFFFFFFFFFFFEFE32DFFFFFFFFFF96C
:1065D000007FFFFDFFFFFD10CFFFA07FFFFFFFFF4C
:1065E000FA0007FFFFF35FA00000CFFF30030000B9
:1065F00000CFFC0000000000CFFFCCCCCCCCCCFF07
:10660000AFFFFFFFFFFFF900002000000001FA00CC
:10661000000006FF1000000DFF7000006FFFF1008A
:1066200001EFFFFA000BFFFFFF605FFFFFFFE0CF0E
:10663000FFFFFFF6FEBFFFFFF9FD4FFFFFF9BF4968
:10664000FFFFF53FE52EFFD006FFFFFD200028BA33
:10665000600004300000311FE00006F91FE0007FF9
:10666000FA1FE009FFFA1FE0AFFFFA1FEBFFFFFA86
:106670001FFFFFFFFA1FFFFFFFFA1FE6FFFFFA1FD2
:10668000E05FFFFA1FE004FFFA1FE0003EFA0FD0C0
:106690000002D700000000000200000000000CFB18
:1066A0002000000000FFFF900000000FFFFFE60049
:1066B0000000FFFFFFFC30000FFFFFFFFF9100FF16
:1066C000FFFFFFFFE60FFFFFFFFFFFF2FFFFFFFFF0
:1066D000FFFD0FFFFFFFFFF800FFFFFFFFB2000FFE
:1066E000FFFFFD400000FFFFF70000000FFFA100CB
:1066F0000000006A400000000000144420014442F1
:106700000DFFFF10DFFFF1FFFFF30FFFFF3FFFFF64
:1067100040FFFFF4FFFFF40FFFFF4FFFFF40FFFFBD
:10672000F4FFFFF40FFFFF4FFFFF40FFFFF4FFFFF9
:10673000F40FFFFF4FFFFF40FFFFF4FFFFF40FFFD9
:10674000FF4FFFFF30FFFFF39FFFC009FFFC001466
:1067500044444444420DFFFFFFFFFFF1FFFFFFFFF2
:10676000FFFF3FFFFFFFFFFFF4FFFFFFFFFFFF4FB4
:10677000FFFFFFFFFFF4FFFFFFFFFFFF4FFFFFFFE4
:10678000FFFFF4FFFFFFFFFFFF4FFFFFFFFFFFF4DF
:10679000FFFFFFFFFFFF4FFFFFFFFFFFF39FFFFF25
:1067A000FFFFFC0002100000420FE20003FB0FFE9F
:1067B0003004FB0FFFF404FB0FFFFF54FB0FFFFF40
:1067C000FAFB0FFFFFFFFB0FFFFFFFFB0FFFFFD6E3
:1067D000FB0FFFFD14FB0FFFC104FB0FFB0004FBCD
:1067E0000CA00003FA0000000000000000120000EE
:1067F00000000003FF60000000002EFFF500000015
:1068000001EFFFFF4000001DFFFFFFF30000CFFF7F
:10681000FFFFFE200AFFFFFFFFFFE00EFFFFFFFF6D
:10682000FFF203999999999950058888888888700A
:106830000FFFFFFFFFFFF30FFFFFFFFFFFF40BFF53
:10684000FFFFFFFFD1000000000000003F900000AC
:106850003FFC00003FFD10003FFD10003FFD100019
:106860001FFD100000CFF4000000CFF4000000CFA7
:10687000F4000000CFF4000000CFE0000000A4000E
:106880000000000000CD1000001FFD1000003FFDC3
:106890001000003FFD1000003FFD1000003FFD0014
:1068A0000008FF900008FF900008FF900008FF908C
:1068B0000002FF900000078000000000000450006C
:1068C00000000002FF60000000003FF70000000031
:1068D00003FF70000000003FF7000006999AFFC90F
:1068E0009980FFFFFFFFFFFF3DFFFFFFFFFFF2016A
:1068F000113FF71110000003FF70000000003FF788
:106900000000000003FF70000000000CD300000036
:106910006999999999980FFFFFFFFFFFF3DFFFFF38
:10692000FFFFFF200000000000000000015664008F
:1069300000000003BFFEEFF91000007FFA1003DF34
:10694000E40008FFA009B41EFF504FFF200BFF26F4
:10695000FFE1EFFF09CFFF63FFFABFFF09FFFF541D
:10696000FFF61EFF51DFFB09FFB003EFE204305FCB
:10697000FC10002CFF956AFF9000000049DFFD929B
:106980000000000000000000000000CD200000001A
:10699000000000008FF50014664000000004EFAC1A
:1069A000FFEFFF910000001CFFA1004DFE30000032
:1069B000009FF5AB31EFF40007B105FFFFE17FFE6B
:1069C000100FFE302DFFF54FFF900CFFE000AFF6EB
:1069D0005FFF6002FFF40006FFEFFB00004FFD10B9
:1069E000003EFFC0000002DFE85401BFE3000000EA
:1069F00005AEFF6007FF60000000000000004EF6DB
:106A00000000000000000001A100000000000000E4
:106A100000000000003ED00000000000000CFF80DD
:106A2000000000000006FFFF200000000000EFFF54
:106A3000FB00000000008FFCCFF4000000002FFBE3
:106A400000FFD00000000BFFC00FFF70000004FF2C
:106A5000FD01FFFF100000DFFFE02FFFFA00007FC5
:106A6000FFFF9BFFFFF3001FFFFFB00EFFFFC00AF9
:106A7000FFFFFE24FFFFFF60FFFFFFFFFFFFFFFAA6
:106A800006CCCCCCCCCCCCCB300000000000360007
:106A900000000000007F80DDDB00008DEFF8FFFFCD
:106AA000B007FFFFFD556FF46FF8AFE2000574FF0C
:106AB000907E2000003FFA0000000002EFB2504A32
:106AC00000012EFD1DF48FB0FFFFD10BFFFFFBFF78
:106AD000FE2000CFFFFB12210000029FC00000003B
:106AE00000005B00000007A00000000008FFB000ED
:106AF000000008FFFFB0000008FF95FFB00008FF8E
:106B00009005FFB007FF900005FFB09F90000005C3
:106B1000FD004000000003104C20000000B60BFEFA
:106B2000200000CFF02EFE2000CFF4002EFE20CF5C
:106B3000F400002EFECFF40000002EFFF400000051
:106B4000002EF400000000001300000000083000D8
:106B5000000000000000BFF308BBBBBB90000BFFB0
:106B6000FF39FFFFFFF1008FCFCFF000000AF100E7
:106B7000382F948000000AF100002F900000000AD6
:106B8000F100002F900000030AF130002F90000068
:106B90001FCBF8F8002FEBBBBB39FFFFE2001FFF54
:106BA000FFFFB09FFD2000000000000008D100376B
:106BB000888700000000EFFFFFA0000000FFFFFF3C
:106BC000FDCCCCB6FFFFFFFFFFFFFFFFFFFFFFFF86
:106BD000FFFFFFFFFFFFFFFFFFFFFFFFFFFFFFFFC5
:106BE000FFFFFFFFFFFFFFFFFFFFFFFFFFFFFFFFB5
:106BF000FFFFFFFFFFAFFFFFFFFFFFF900000000F7
:106C0000000000000001DD10000000001DFFD100A9
:106C1000000001DFFFFD1000001DFFFFFFD100009D
:106C20009FFFFFFFF90000011CFFC1100000000CD6
:106C3000FFC0000000000CFFC0000000000CFFC0FF
:106C4000000079993BFFB39997FFFFB2442BFFFFF8
:106C5000FFFFFEDDEFFFFFFFFFFFFFFAB3CFACCC7E
:106C6000CCCCCCCCCA000000000002000000000028
:106C70000004FFC70000000000AFFFF000000000AC
:106C80001FFFFD0000000006FFFFC000000000081D
:106C9000FFF700000000000CFF300000000004FFC0
:106CA000C00000000001EFF300004A3002DFF800EE
:106CB00005DFFE15EFFB0000EFFFFFFFFA00000B02
:106CC000FFFFFFF70000007FFFFFA200000002BAF5
:106CD00085000000000004860000001006FFFA0096
:106CE00002DFD1EF3CF101DFFA0EE0AF21DFFA0065
:106CF0009FEFF6DFFA00008DFFFFFB00000006FFAC
:106D0000FD00000048EFFFF600006FFFFBFFF600FC
:106D10000EF3CF23FFF600EE0AF204FFF609FEFCA5
:106D20000004FFF108DA1000026200000000000019
:106D30000000006FFFF987000008FFFF98F708A622
:106D40008FFFF95990FFA8FFFFFCCC0FFA8FFFFFD0
:106D5000FFF1FFA8FFFFFFFF1FFA8FFFFFFFF1FF0B
:106D6000A8FFFFFFFF1FFA8FFFFFFFF1FFA8FFFF44
:106D7000FFFF1FFA7FFFFFFFF0FFE3122222210F28
:106D8000FFFFFFF90000ACCCCCCB50000049999933
:106D90009995000EFFFFFFFFF600FD2222224FF61D
:106DA0000FC0000001FFF3FC0000001FFF6FC000D8
:106DB0000002FFF6FFFFFFFFFFFF6FFFFFDCFFFF9B
:106DC000F6FFFFB005FFFF6FFFF6000FFFF6FFFFB6
:106DD000C006FFFF6FFFFFEDFFFFF69FFFFFFFFF06
:106DE000FD10CDDDDDDDDDDD2FFFFFFFFFFFF31249
:106DF00022222222220000000000000000000000E9
:106E000000000FFFFFFFFFFFF3DEEEEEEEEEEE20E1
:106E10000000000000000000000000000DEEEEEE9B
:106E2000EEEEE2FFFFFFFFFFFF300000000000007A
:106E300037888888888873EFFFFFFFFFFFFEEFFF2A
:106E4000FFFFFFFFFE1CFFFFFFFFFFC1D28FFFFF11
:106E5000FFF82DFF64EFFFFE45FFFFFA2BFFB2AFF7
:106E6000FFFFFFD3553DFFFFFFFFFFBBFFFFFFFF0E
:106E7000FFFFFFFFFFFFAFFFFFFFFFFFF900000075
:106E8000000001FFFFF00004FFFFD00006FFFF80BD
:106E90000008FFFF30000AFFFFAAA60CFFFFFFF863
:106EA0000EFFFFFFE10BDDDFFF6000004FFD000084
:106EB000007FF3000000BFA0000000FF10000003EF
:106EC000F800000003C0000000002000000004558E
:106ED000EFB5520000FFFD1FFFB0000FFFFFFFFCEA
:106EE0000000FFFF533320000FFF97FFFB5700FF09
:106EF000F8AFFFC6F80FFF8AFFFC4AA1FFF8AFFF0B
:106F0000E3220FFF8AFFFFFFF4FFF8AFFFFFFF4F01
:106F1000FF8AFFFFFFF43552AFFFFFFF40000AFF7B
:106F2000FFFFF400007FFFFFFE20000001100000C3
:106F3000000000AF00000000018FFA30000002EFF7
:106F4000FFFF500000BFFFFFFF10001FFFFFFFF516
:106F50000003FFFFFFFF70005FFFFFFFF90008FF66
:106F6000FFFFFFC000DFFFFFFFFF209FFFFFFFFFCE
:106F7000FD0EFFFFFFFFFFF202222222222100006E
:106F800008FFC00000000009A20000005BBBBBBB03
:106F9000BBBBBBA3FFFFFFFFFFFFFFFBFC0C30E110
:106FA0001D0D11FCFC0B30E01D0D10FCFFFEFFEF72
:106FB000FEFEEFFCFFF15A0870A05FFCFFF37B2997
:106FC00092C27FFCFFBFCBBBBBBFCBFCFC0B200046
:106FD000000D00FCFFCFCCCCCCCFCCFB9FFFFFFF44
:106FE000FFFFFFF6000000000000020000000000AC
:106FF0000005DFB00000000007EFFFD00000001820
:10700000FFFFFF70000029FFFFFFFF00003BFFFFB5
:10701000FFFFF8000AFFFFFFFFFFF1000FFFFFFF78
:10702000FFFFA000049AAAAFFFFF20000000000E9F
:10703000FFFB00000000000EFFF400000000000E47
:10704000FFC000000000000EFF5000000000000D17
:10705000FD00000000000004B3000000355555029B
:10706000000FFFFFF2F400FFFFFF2FF40FFFFFF20E
:10707000FFF3FFFFFF32221FFFFFFFFFF7FFFFFFBE
:10708000FFFF8FFFFFFFFFF8FFFFFFFFFF8FFFFFF7
:10709000FFFFF8FFFFFFFFFF8FFFFFFFFFF8FFFF7E
:1070A000FFFFFF8FFFFFFFFFF88AAAAAAAAA3000FE
:1070B00000002455310000000003AFFFFFFFC700B0
:1070C0000002BFFFFEDEFFFFF6005FFFB51000030A
:1070D0008EFFB0DFD300000000008FF5180005AE72
:1070E000FEC81004600002DFFFFFFFF80000000C84
:1070F000FF95347DFF40000002A2000000770000F1
:107100000000000296000000000000000DFF50008B
:1071100000000000000EFF6000000000000005DA23
:10712000000000005BBBBBBBBBBBBBBA20FFFFFFCB
:10713000FFFFFFFFFF90FC1222222222220FF7FC0A
:107140005FFFFFFFFFFF2CFAFC5FFFFFFFFFFF2148
:10715000FAFC5FFFFFFFFFFF27FAFC266666666604
:10716000661FFAFEBBBBBBBBBBBBBFB1AFFFFFFF24
:10717000FFFFFFFF500000000000000000005BBBAD
:10718000BBBBBBBBBBBA20FFFFFFFFFFFFFFFF90F6
:10719000FC1222222221000FF7FC5FFFFFFFF80004
:1071A0000CFAFC5FFFFFFFF80001FAFC5FFFFFFF36
:1071B000F80007FAFC2666666663000FFAFEBBBBA2
:1071C000BBBBBBBBBFB1AFFFFFFFFFFFFFFF50006B
:1071D00000000000000000005BBBBBBBBBBBBBBA38
:1071E00020FFFFFFFFFFFFFFFF90FC122222100095
:1071F000000FF7FC5FFFFFD000000CFAFC5FFFFF01
:10720000D0000001FAFC5FFFFFD0000007FAFC2667
:1072100066665000000FFAFEBBBBBBBBBBBBBFB179
:10722000AFFFFFFFFFFFFFFF500000000000000066
:1072300000005BBBBBBBBBBBBBBA20FFFFFFFFFFBC
:10724000FFFFFF90FC1222000000000FF7FC5FFF21
:10725000300000000CFAFC5FFF3000000001FAFC77
:107260005FFF3000000007FAFC2666100000000FE8
:10727000FAFEBBBBBBBBBBBBBFB1AFFFFFFFFFFF9A
:10728000FFFF500000000000000000005BBBBBBB24
:10729000BBBBBBBA20FFFFFFFFFFFFFFFF90FC005F
:1072A00000000000000FF7FC0000000000000CFAD6
:1072B000FC00000000000001FAFC000000000000DB
:1072C00007FAFC0000000000000FFAFEBBBBBBBBCE
:1072D000BBBBBFB1AFFFFFFFFFFFFFFF50000000D0
:1072E0000000000000000000000007B200000000E5
:1072F00000000ADFFA000000000000A93DF50000D0
:1073000000044002E00010000000AFF80B60000035
:10731000006C30FFFFFFFFFFFFFFFFF4AFF9000C31
:107320005000006D4005500004C000001000000037
:107330000000C43EE80000000000002EEFFA00004C
:1073400000000000004FFA000000000000000000F4
:1073500000000000011000000007EFFFB30000AFC5
:10736000FD8FFF2004FFFD09FFB00AFEFD12AFF004
:107370000EF55D2C0EF30FFF33129FF50FFFF30791
:10738000FFF60FFFE206FFF60FFE24137FF50DF563
:107390007D2C0DF30AFFFD11BFF003FFFE0BFFA0D4
:1073A000007FFEBFFE100003ACDC81000000344310
:1073B000000005667FFFF96650FFFFFFFFFFFF3506
:1073C0006666666666501CCCCCCCCCC402FFFFFF60
:1073D000FFFF602FF3FB7F6DF602FF2FB7F5DF6035
:1073E0002FF2FB7F5DF602FF2FB7F5DF602FF2FB78
:1073F0007F5DF602FF2FB7F5DF602FF3FB7F6DF6A1
:1074000001FFFFFFFFFF5007BCCCCCCC9000000079
:107410000000000120000000000004FF50000000F8
:107420000002FFFF500000000439FFFE00000004CE
:10743000FF39FFA0000004FFFF39B0000004FFFF88
:10744000FF20000004FFFFFFB0000004FFFFFFB0BB
:10745000000004FFFFFFB0000004FFFFFFB00000CA
:1074600000BFFFFFB00000000DFFFFB000000000F4
:10747000FFFFB00000000009A8600000000000004D
:1074800000178888888887400002EFFFFFFFFFFF12
:10749000F4003EFFFFCFFFCFFFF703EFFFF908F83F
:1074A00009FFF83EFFFFFE20402EFFF8DFFFFFFF41
:1074B000E101EFFFF89FFFFFFF80008FFFF809FF5A
:1074C000FFF902C209FFF8009FFFFE4EFE4EFFF8D3
:1074D0000009FFFFFFFFFFFFF700008FFFFFFFFF27
:1074E000FFC100000000000003EFFFFFE203FBFB11
:1074F000CEBFA4FF1D03A1FAFFF1D03A1FAFFFFFDB
:10750000FFFFFAFFFFFFFFFFAFFFFFFFFFFAFFFFE5
:10751000FFFFFFAFFFFFFFFFFAFFFFFFFFFFAFFF20
:10752000FFFFFFFAFFFFFFFFFFADFFFFFFFFF8299F
:10753000AAAAAAA8000000000000000300000000A2
:10754000000004F1000820000001FF100BF700000C
:10755000002FF10CFF94444445FF1BFFFFFFFFFF8A
:10756000FFF18FFFFFFFFFFFFD007FF7000000002E
:1075700000006F600000000000003000000000000C
:1075800000000000000000000000C0030000000038
:107590000000C003030A00000F0080050505000578
:1075A0001C00D0090A0A00004E00B008090F00FEB6
:1075B0009200D00B0C0A0000CE00A0090A0B00FFBD
:1075C0000501F002030500050D01B004040E01FDE4
:1075D0002901C004040E00FD4501A00506060005B2
:1075E000570120080807000273013003030500FE5D
:1075F0007B016005050300038301300303030000E2
:107600008801F004070EFFFFB9015009090A0000C4
:10761000E6013005040A0000FA011008080A00001B
:1076200022020008080A00004A0260090A0A000053
:107630007C021008080A0000A402A008090A000041
:10764000D1026008080A0000F9020009090A0000D6
:107650002603A008080A00004E03300303080000B8
:107660005A033003030B00FD6B03200808080001D8
:107670008B03200808060002A30320080808000165
:10768000C3030008080A0000EB03800E0E0D00FD86
:107690004604400A0C0AFF008204A00A090A0100FD
:1076A000AF04200A0A0A0000E104900B0A0A010054
:1076B00013056009080A01003B05E008080A0100FB
:1076C0006305D00A0A0A00009505600B090A01004B
:1076D000C2055004020A0100CC053007070AFF006A
:1076E000EF05100A0A0A010021065008080A0100E5
:1076F0004906600D0B0A01008006600B090A0100B3
:10770000AD06C00B0C0A0000E906200A090A0100B8
:107710001607C00B0C0D00FD6407300A090A0100B2
:107720009107B008090A0000BE073008090A0000E6
:10773000EB07100B090A01001808F0090B0AFF00FB
:107740004F08C00F100A00009F0870090A0A0000C5
:10775000D10810090B0AFF0008093009090A0000C6
:107760003509B004040E01FD5109F004070EFFFFB6
:107770008209B004040E00FD9E09300807060102CC
:10778000B3090007070100FFB709600805020109F6
:10779000BC09600808080000DC099009080B01001A
:1077A000080A000808080000280A9009090B0000D0
:1077B0005A0A9008080800007A0AF004060B000034
:1077C0009B0AB009090B00FDCD0A9009080B0100C6
:1077D000F90AE003020B0100040B0004050EFEFD94
:1077E000270BA008080B0100530BE003020B01005C
:1077F0005E0BD00E0D080100920B900908080100E5
:10780000B20BE00809080000D60B9009080B01FD37
:10781000020C9009090B00FD340CC005050801009D
:10782000480C000707080000640CD005060A000099
:10783000820C800908080100A20CD0070908FF008B
:10784000C60C900C0D080000FA0CC00708080000D8
:107850001A0DD007090BFFFD4C0D5007070800005B
:10786000680DF004050E00FD8B0D3004020E01FDC5
:10787000990DF004050E00FDBC0D2008080300035F
:10788000C80DE00506050006D70D600404030003DB
:10789000DD0D000E0F0FFFFE4E0E000E0E0B000052
:1078A0009B0E000E0E0D00FFF60E000E0E0B0000DC
:1078B000430FA0090A0B00007A0F000E0E0F00FE06
:1078C000E30F000E0E0F00FE4C10C00F100D00FF56
:1078D000B410000E0E0F00FE1D11C00F100B0000A3
:1078E0007511000E0E0F00FEDE110007070C00FFE1
:1078F0000812800A0B0C00FF4A12C00F100E00FE87
:10790000BA12000E0E0B00000713A0090A0F00FEAA
:107910005213400C0A0E01FE9813400C0D0F00FE8E
:10792000FA13400C0D0D00FF4F14400C0D0D00FF1D
:10793000A414400C0A0E01FEEA14400C0E0DFFFFC9
:107940004515C008090D00FF8015C008090D00FF8E
:10795000BB15400C0D0D00FF1016400C0D0400036C
:107960002A16C00F100B000082168011120F00FEA5
:107970000917C00F110FFFFE8917000E0E0D00FF33
:10798000E417400C0D0800011818400C0D08000108
:107990004C188011120B0000AF18000E0E0B0000E7
:1079A000FC18000E0E0F00FE6519000E0F0FFFFEF3
:1079B000D619400C0D0D00FF2B1A400C0D0F00FEC8
:1079C0008D1A400C0D0D00FFE21A400C0D0C00FF4B
:1079D000301B000E0E0B00007D1BC0080A0FFFFEBF
:1079E000C81B400C0D0F00FE2A1C400C0D0F00FEA2
:1079F0008C1CC00F100B0000E41C000E100FFFFECB
:107A00005C1D800A0B0F00FEAF1D8011120D00FFE0
:107A1000241E8011120A00007E1E8011120A00002E
:107A2000D81E8011120A0000321F8011120A0000B5
:107A30008C1F8011120A0000E61F8011120C00FF3B
:107A40005220400C0C0F00FEAC20400C0D0F00FE2D
:107A50000E21000E0F0FFFFE7F218011120B000080
:107A6000E221800A0B0F00FE3522100E0F0A0000E3
:107A70000000721F51EF58EF5BEF5CEF5DEF61EFBD
:107A800063EF65EF69EF6CEF71EF76EF77EF78EF0B
:107A90008EEF93EF98EF9BEF9CEF9DEFA1EFA2EF9E
:107AA000A3EFA4EFB7EFB8EFBEEFC0EFC1EFC4EFA5
:107AB000C7EFC8EFC9EFCBEFE3EFE5EF14F015F038
:107AC00017F019F030F037F03AF043F06CF074F042
:107AD000ABF03BF190F191F192F193F194F1D7F188
:107AE000E3F13DF254F2AAF412F7F2F7200000009D
:107AF0005F00010000000000000000000000020024
:107B0000B0000000F3F76000707A02080000000087
:107B10003E000300000001020003040502060708FE
:107B2000090A090A0B0C000D0E0F101112130C1488
:107B3000140000001516171819161A1B1C1D1D1EFF
:107B40001F201D1D1621222303241E25252627283C
:107B5000292A2B002C002D2E2F303132332D343496
:107B600035302D2D2E2E36373839333A3A3B3A3CC4
:107B7000290000093D09000000000000000000008D
:107B800000000000000000000000000000000000F5
:107B900000000000000000000000000000000000E5
:107BA00000000000000000000000000000000000D5
:107BB0000000000001020003040502060708090A8C
:107BC000090A0B0C0D0E0F10110C121314151500D1
:107BD000000016171819171919191719191A191950
:107BE000191917191719031B1C1D1D1E1F202122EF
:107BF0002300240025262727270027262829262694
:107C00002A2A272A272A2B2C2D2E2E2F2E30000011
:107C100023093109000000000000000000000000FE
:107C20000000000000000000000000000000000054
:107C30000000000000000000000000000000000044
:107C40000000000000000000000000000000000034
:107C50000001000000000000000100000200000020
:107C60000002000000000000000000000000000012
:107C70000000010000000000000000000000000003
:107C800000010A0006FB00000000F4F3020B0504EB
:107C9000F7020B01090207000000000000000000CD
:107CA00000000D02FE0000000000000000000000C7
:107CB000000400F90000000000FC04040000FE00C5
:107CC000FE0200FE00FEFFFC00000000FE0000FDC2
:107CD000FD0000FE00FC000000000000000000FEAF
:107CE000FE00FD00FA00E50000FC0004070000FCB7
:107CF00002020704FC040000F30000000000000082
:107D000000000000F800000000000000000000007B
:107D1000000000FAFDF500F7FE0000000000090079
:107D2000F9FEFF0100FC0000FEEF00000000000073
:107D30000000000000EEFE0900000000000000004E
:107D400000000000F7000000000000000000000735
:107D500000020000FC000000000000000000000025
:107D60000000000000000902010000000000000007
:107D70000000000000000000000000000000000003
:107D800000000000000000000000000000000000F3
:107D9000F8000000000000000000000000000000EB
:107DA0000000000000000002040207FE000004FEC4
:107DB000F9E102060400FD00080007000700EB00DF
:107DC000FD070007FE0402000001FE0000FC120097
:107DD0001200070009030407000000F8000000007B
:107DE00001FE0002FCFDFC0200FE000000F70000A6
:107DF000000000000000000000F100000000000092
:107E000000000000000000000001F400F20000008B
:107E100000FE0016FDFD0202FE00FD020000F4005F
:107E200000000000000000000000EA000200000066
:107E3000000000000000000000F2000D0000F8004B
:107E40000700F1EAF1FC070000F10003FB00FD0070
:107E500000000000000000000000000607E5000030
:107E6000000000000000000000000B000200000005
:107E700000000202FDFC00FFFFFE0000FE0000000B
:107E8000FC00FE00FBFC00FAF9F9FC00FC00FC0021
:107E9000000000FE0000020002FE000100000002DF
:107EA000FE000000FE0202FF000000FC00FF0000D8
:107EB000000000010003FE00FD00FC0000FE0007C2
:107EC0000000FE0000000000FF01FEFE0000FE00BA
:107ED000FE000000000000000000FFFF00FEFD00AB
:107EE00000000000010000FE00FEFEFE0000000099
:107EF0000000000000FF00000000FEFD00FD00F992
:107F0000FEF9040000FC02040600FAFFFD00FFF584
:107F100002FE02F402000001F400F4FEEDFE00F5A2
:107F20000004060003000000000000FCFD00F90052
:107F30000000FE000000FE0000000000FFFF00FF48
:107F4000FD00000000000000FEFE00FEFDFE00003F
:107F5000FE0000000000000000000000FEFE00FD2A
:107F600000FE00FC020000FD010202000000000013
:107F700000FE0000000000020000FE00FEFEFD000A
:107F80000000000000000200FE00000000FEFD00F6
:107F9000FC0007FE01F9000006F5F4F7FC0200FE04
:107FA000F1FC00FC00FC03FCF200FA000001FF02FF
:107FB000FE000200F9F700F5FBFBFBF9FDFA00FCFF
:107FC000FA01000100FE00000002000200000000B3
:107FD00000000000000000FE00FF00FFFE00FCFBB0
:107FE000FBFF00F9000000000000FE00000000019F
:107FF000FF0000000200000000000000000B000075
:108000000000000002000000FE0000000000000070
:1080100000000000FC000200000000000000000062
:1080200000000000FE000000FC00000000F5F90068
:108030000000FDF50000FE0200FA00000000000054
:1080400000000000FC0000FC000000000000000038
:10805000000000000200FC00000000030002FCFC25
:1080600000FEFEFD000000000000F900FE00FDFE25
:1080700000FBFAF9FE00FC00F9000000001200000D
:10808000010000FD000200F60000000000EBFC070C
:1080900007FEF70002FD00F5FFFD02F0FE030003FE
:1080A000F8FDF8F9F70000F3000D0000FF000000F4
:1080B000FFFFFEFAF900EB000000000000000000E6
:1080C00001000000000000000000000000000000AF
:1080D00000FE00FFFEFD0000FC00FE0000000000AE
:1080E00000000000000000000000FF00FC00000491
:1080F000FF0300FB02FEFFFAFE00FDFEFE00FDFC9A
:108100000000FEFFFEFCFD0000FE0002FE00FB0082
:108110000000FC00FC00FCFC02000000000000006D
:1081200000FC0200FD00FEFDF9FEFEFEFFFEFDFF6D
:108130000000000000FEFEFE0000000003FE00FE46
:10814000000000FEFDFEFEFDFE000209FF00FA0039
:10815000FE0400FEF7FD030000F5FC02FC0200FE39
:10816000FEF900FD010000FC0000000202FCFC0022
:10817000FCFEFDFEFE00FC01FCFC07000000000010
:1081800000000000020000000000000000000000ED
:10819000000000000000000000000000FC000000E3
:1081A00000000000000000000000000000000000CF
:1081B00000000000000000000000000000000000BF
:1081C0000000000000000000FE00000000000000B1
:1081D000000000000000000000000000000000009F
:1081E000000000000000FEFE000000000000000093
:1081F00000000000FD0000FD0000FEFE0000000089
:10820000FE00000000FF0000000000FE0000000073
:10821000FD00FC000000F90002FB0400FEF5000078
:10822000FBFE00F7FAFA0000F6FEF7F7F500FA0099
:10823000020FFD00FBFEFFFEFCFAFCF8F7FBFE0060
:1082400000FE00010000F0FE0705FBF80001F90048
:10825000F5FEFE04EBFD010000F1FDF4FEF0000070
:10826000F0000D0100FE00000000FFFEF7FE00F12F
:1082700000000000F900FE00FFFAF50000FFFDF924
:10828000FE00FE00000000F6FEF9F9FEFCFAFEFC1E
:1082900000FCFEF9FD00FDFCFEFC000100FEF90003
:1082A0000400FC00000000030002FC0900FEFEFDCB
:1082B000000000000000F900FE00FDFE00FBFAF9DE
:1082C000FE00FC020900000000120000010000FD99
:1082D000000200000000000000000000000000009C
:1082E000FEFC0000000000FF000000FEFE0000FC9D
:1082F000FE0000FC0004FF00000000000001000080
:108300000000030402FE00F9FC0007F9F9FCFC0977
:108310000402EDFE04FE00FE02FEF800FE02FDFE79
:10832000F9FE0000070400FA00F4FD06FDF701FD68
:10833000F9F9FE090200FD00FA000207FBF8F7FA5E
:10834000070001F0FE02FCFEFB00FBF8FDFDFE0055
:1083500000FBFBFE000705FEF400F4FD00F8F3FF50
:10836000F9FCF9FA060000FD00FCFE00FEFC00042A
:10837000F9020000F400FEFBFCFEF9FAF9FB00F93B
:10838000FEFBFCF9FE0000010BFC00F9FE00FEFC08
:10839000FBFAFAF7FDFC0400FD00F5FD0104F9F815
:1083A000FCF907FE01EBFC04FBFCF800F9F7FDFE0D
:1083B000FEFEFBF9FF00000706FEF100F3FB05F7E8
:1083C000F1FCF8F7F5F90400000000FD000002FDE3
:1083D0000402FC040000F9FF00FF000101FE0000A0
:1083E00000000000FE0000000002070000FD000089
:1083F0000000FEFEFD00000001020000000002007F
:10840000FE000900040101FD00040000000200005C
:10841000000000000000000000070006000000004F
:1084200000000000000000000000F300FE04000750
:1084300000001603FCFC0202FE01F500000BF30035
:1084400000000000000000000000F1091F00000013
:10845000000000000000000000F300000000000029
:10846000000000000000000000000000000000000C
:1084700000000000FC0000FCFE0000000000000006
:10848000000000000000000000000000FE00FA00F4
:1084900000010000021DFCFE0706FA0200000202B5
:1084A000FD0000000000000000000000E3060000E6
:1084B000000000000000000000000000000000FAC2
:1084C000000000FA00000000FBFF000000FB00FDC0
:1084D00000F50000000000000000000000F10000B6
:1084E000000001000000000000FE0000FC00FD0094
:1084F000FA000000FC02FD0000FAFEFB0000FA009A
:10850000FE00F500FE0000EEFCF7FEF80000F100B2
:10851000FAFF0000000000000000FDFCFEFC00006F
:108520000000FB00FB03FE0400FEFBFEFCFC00FD64
:10853000FFFE02FAFF000000ECFEFD00FB00FEF56E
:10854000FE0000FEFE000000000200FEFCFE040033
:10855000000000000000000000000000000000001B
:10856000000000000000000000000000000000000B
:1085700000000000000000000000030000000000F8
:1085800000FB00FE000000FC02000000FAFEFC0000
:1085900000FA00FE00F500000000EA00FCF8F5001B
:1085A00000F100FEFD0000000000000000FEFDFFE5
:1085B000FD01000004FD00070BFEFEF9030B04059E
:1085C000FA03090306050600000000000000000091
:1085D00000000E0BFCFE00FE120A1200000002005A
:1085E00000080000FC000000000000000000FE0089
:1085F000000000000000000300000000EDFDFEF799
:10860000F50000F100000000000000000000000084
:108610000000000000FC000000000000000000FE60
:1086200000000000000000000300000000EDFDFE5F
:10863000F7F50000F7000000000000000000000057
:108640000000000000000000FE000000FB0200FE31
:10865000020402F90000FE02000200000000FA001D
:10866000FEFEFC00FEF7000EFE00FBFE00FEFC001E
:10867000FEFAFCFD000000FC00000000000000000D
:1086800000FE00000000000000000300000000EDFC
:10869000FDFEF7F50000F10000000000000B0000F7
:1086A0000000000000000000FC00F9FDFE07FEFED7
:1086B000F701FF01FEFA000500020102FBF7FD00D1
:1086C000F7FCFAF7F700FCFCFDFDFEFEFDFE00FEE8
:1086D000FF030003FE000700000000000000000090
:1086E000000000FEFEFE0000FA00FF00FC0000009B
:1086F0000000000000000000F30000000000000087
:1087000000000000FEFE00FD00000000FE0000FC76
:10871000FE0200FCFCFE00FAFEFBFEFD00FC000079
:10872000000000000000000000F100070000FC0055
:10873000000000FD00FE0000FF0000FE00FB000046
:1087400009FDF9F902020200FA020302070207FE1C
:10875000FA0000F70000F9FA0000FC00FDFC00FD43
:1087600000FD00FE0300FEF9FE080000FE00FC0014
:108770000003FB0002FE020000F900FEFF00FE0203
:10878000FE000000F7FDFB00F90000F50008FE0008
:10879000FC000100FE00FEF900FE0200000000FEE9
:1087A000000002FD010000FDFE00FD0000000000D1
:1087B000000000000000000000000000F2000500C2
:1087C00000FE000000000000FEFE000000040005A6
:1087D0000000000000F2F3010A0704F70209000894
:1087E000000400000000000000000000000C000079
:1087F0000000000000000000000000000000000079
:10880000507C0208147B0208B27B02083D31000054
:108810000053020880750208EC7A020800880208FA
:1088200010000228B0010020AF3A01083D3A0108CB
:108830001000030000FF0100108802080000000083
:108840000000000006F2ECE83699D661963ABE24A4
:108850005E05FA05B1046A4D098EE7CE47FF00FEBA
:10886000C0FCA4FAA97AF163F39C8AEA8EE3D3EC04
:108870007AFE5DFF0FEA12F376F4DAFD3DFF37AAC8
:1088800059BB9BCCFCE53EF7B87AB993FBB43DD617
:108890003EEF585B397C5B9D5DC65EEF3E45BE6535
:1088A0005F96FFBE9FE7BE2D1E4EBF863FB7BFE758
:1088B0003B269C4EFD865EB7BFE73325B54D5886F7
:1088C000FBB69EE7CD653086B4A639CFBDEF6C9E72
:1088D000B0AE14C779DFDDF70AD72EDF73E7B8F73C
:1088E000DCFF6BFF8EFFB3FFD8FFFCFF45FEA9FE48
:1088F00010FF76FFDCFF24FDA9FD70FE16FF9CFF34
:1089000088FB4CFC52FD77FE5CFF6C8B4FA454BD82
:1089100079D65DEF937C3595F8B5DBCE7EEFF7BD6C
:108920001CE77DEFBEF7DFFFC6E165D145C1E3B0CF
:10893000CCD8CBC0AAA869883589F478D368B14867
:10894000B65975513441D230553AF331B2290F1925
:108950005C1CBA1B3813340ADC045A04B703B30294
:108960007805B40411040C034F04CD034B036802D3
:108970000845673CE62BE41A887DE76C4554433391
:1089800046C6A5ADE49CA283C6FE05FE44FDE2F307
:1089900080FD00FD60FC60FB60FCE0F360EB80E2CA
:1089A00083F243E202DAA1B9686A065AA54924397A
:1089B0006F53CC4229328721AE730C6308420421E5
:1089C00000003C027804B306EE08280B610D990FF5
:1089D000D01106143A166C189D1ACB1CF71E2121D3
:1089E00048236C258E27AC29C72BDF2DF32F0332AC
:1089F000103418361C381C3A173C0E3EFF3FEC4131
:108A0000D443B64593476A493C4B084DCD4E8D50F3
:108A10004652F953A5554B57EA58825A135C9C5D50
:108A20001F5F9A600D627963DD6439668D67D9686E
:108A30001D6A596B8C6CB76DD96EF36F04710C7233
:108A40000B730174EE74D275AD767F774778067933
:108A5000BB79677A0A7BA27B327CB77C337DA57DAC
:108A60000D7E6C7EC07E0B7F4B7F827FAF7FD27F7F
:108A7000EB7FFA7FFF7F0000F850020871EF0008DB
:108A8000000000000000000091F10008000000005C
:108A900001040000F850020803FA000851FA000827
:108AA000000000006DFA000804010D00000600003F
:108AB000F8500208CBFC0008000000000000000095
:108AC00000000000D127D12744020000F85002081E
:108AD0004DFD000889FD000800000000A1FD000810
:108AE0000401820085030000F8500208F9320108F1
:108AF0009933010800000000BD3301088200D1272E
:108B000005040000F8500208DD3801080F3901089B
:108B1000000000003935010800000000800200005C
:108B2000F850020831500108AD5001080000000063
:108B3000F1500108D127D127C0040000F8500208E5
:108B400099A60108000000000000000011A701081C
:108B5000D1278200C5020000208B0208000000001F
:108B6000000000000000000079A8010800000000DB
:108B7000C0040000948A0208FDA90108000000005A
:108B80000000000055AA0108000000008507000051
:108B9000F85002085FB50108A1B501080000000007
:108BA000A9B5010834001E0084020000F850020834
:108BB00005B7010841B70108000000008DB70108A2
:108BC000D127D12785030000F850020895BB010882
:108BD0009FBD010800000000BDBD01080401820026
:108BE000040600005361000057650000546800004F
:108BF0004D6F000046720000537500005475000070
:108C00004A756E65000000004D61726368000000E7
:108C1000417072696C000000446563656D62657245
:108C20000000000053657074656D6265720000009D
:108C30004E6F76656D626572000000004F63746F61
:108C40006265720041756775737400004D6179004B
:108C50004A756C79000000004A616E756172790096
:108C600046656272756172790000000032303233FD
:108C70000A323032320A323032310A323032300A7D
:108C8000323031390A323031380A323031370A3233
:108C90003031360A323031350A323031340A32302E
:108CA00031330A323031320A323031310A32303126
:108CB000300A323030390A323030380A3230303708
:108CC0000A323030360A323030350A323030340A27
:108CD000323030330A323030320A323030310A32F8
:108CE0003030300A313939390A313939380A3139B5
:108CF00039370A313939360A313939350A31393992
:108D0000340A313939330A313939320A3139393192
:108D10000A313939300A313938390A313938380AA3
:108D2000313938370A313938360A313938350A316C
:108D30003938340A313938330A313938320A31395D
:108D400038310A313938300A313937390A3139374F
:108D5000380A313937370A313937360A3139373538
:108D60000A313937340A313937330A313937320A5F
:108D7000313937310A313937300A313936390A3128
:108D80003936380A313936370A313936360A313907
:108D900036350A313936340A313936330A31393603
:108DA000320A313936310A313936300A31393539FA
:108DB0000A313935380A313935370A313935360A09
:108DC000313935350A313935340A313935330A31DB
:108DD0003935320A313935310A313935300A3139CC
:108DE00034390A313934380A313934370A313934AF
:108DF000360A313934350A313934340A31393433A9
:108E00000A313934320A313934310A313934300ACD
:108E1000313933390A313933380A313933370A3184
:108E20003933360A313933350A313933340A313975
:108E300033330A313933320A313933310A31393374
:108E4000300A313932390A313932380A3139323758
:108E50000A313932360A313932350A313932340A77
:108E6000313932330A313932320A313932310A3149
:108E70003932300A313931390A313931380A313928
:108E800031370A313931360A313931350A31393120
:108E9000340A313931330A313931320A3139313119
:108EA0000A313931300A313930390A313930380A2A
:108EB000313930370A313930360A313930350A31F3
:108EC0003930340A313930330A313930320A3139E4
:108ED0003031000030310A30320A30330A30340A7F
:108EE00030350A30360A30370A30380A30390A311C
:108EF000300A31310A3132000A00000042746E310A
:108F00000000000042746E320000000042746E33B4
:108F10000000000042746E340000000042746E35A0
:108F200000000000448F02080000002050020000F2
:108F300060080008DC8F020850020020F079010070
:108F40001427000832018210037924F41AAA01D1EF
:108F50002C04024004128002214002272D29EC013A
:108F6000641EF88B0208F0041AFC041AE8041AECD8
:108F7000041AF4041AE4041E588C020860041A0847
:108F8000041A10041A4C041119041A50041A440447
:108F90001A24041A3C041A30041A18042ED48E021F
:108FA000086C24014745D4C3B2A102176F180AC147
:108FB000C90108EDC8010865041EE5C7010879105C
:108FC0001A9D0C1AC5041AFC8C1E048F02080C048E
:0C8FD0001AF80C1A14081A1C049A68A065
:040000050800018965
:00000001FF
