:020000040800F2
:10000000C08F0120550300086F2D0008672D0008E0
:100010006B2D00086D190008B531000800000000C4
:100020000000000000000000000000009502000831
:100030007119000800000000F1020008712D00088D
:1000400079030008790300087903000879030008A0
:100050007903000879030008790300087903000890
:100060007903000879030008790300087903000880
:100070007903000879030008790300087903000870
:100080007903000879030008790300087903000860
:100090007903000879030008790300087903000850
:1000A0007903000879030008790300087903000840
:1000B0007903000879030008790300087903000830
:1000C0007903000879030008790300087903000820
:1000D00079030008A53100087903000879030008B6
:1000E0007903000879030008790300087903000800
:1000F00079030008790300087903000879030008F0
:1001000079030008790300087903000879030008DF
:100110007903000879030008992D00087903000885
:1001200079030008790300087903000879030008BF
:1001300079030008790300087903000879030008AF
:10014000790300087903000879030008790300089F
:10015000790300087903000879030008790300088F
:10016000790300087903000879030008790300087F
:1001700079030008790300087903000800000000F3
:10018000790300087903000800F002F800F072F823
:100190000AA090E8000C82448344AAF10107DA45E2
:1001A00001D100F067F8AFF2090EBAE80F0013F0C2
:1001B000010F18BFFB1A43F001031847B8FF0300F3
:1001C000D8FF03000A444FF0000C10F8013B13F075
:1001D000070408BF10F8014B1D1108BF10F8015BA0
:1001E000641E05D010F8016B641E01F8016BF9D193
:1001F00013F0080F1EBF10F8014BAD1C0C1B09D1EA
:100200006D1E58BF01F801CBFAD505E014F8016B5B
:1002100001F8016B6D1EF9D59142D6D370470000ED
:100220000023002400250026103A28BF78C1FBD8FF
:10023000520728BF30C148BF0B607047662938F0AD
:10024000EC83642900F06E81782900F0A78173297E
:1002500000F0C186002070471FB538F0D9FB00F0D0
:10026000D1FE04000020002138F084F8E0601FBDBA
:1002700010B510BD00F084FF1146FFF7EDFF2FF021
:10028000DDFA00F0A2FF03B4FFF7F2FF03BC05F0B4
:10029000E3F800002C4B19680868B0E8F04F80F3D1
:1002A0000988BFF36F8F4FF0000080F3118870470B
:1002B0000000000008480068006880F308884FF0DC
:1002C000000080F3148862B661B6BFF34F8FBFF3AE
:1002D0006F8F00DF00BF00BF08ED00E0DFF80C000B
:1002E000016841F470010160704700BF88ED00E0D3
:1002F000EFF30980BFF36F8F134B1A681EF0100FD6
:1003000008BF20ED108A20E9F04F106009B44FF0CB
:10031000500080F31188BFF34F8FBFF36F8F37F01A
:100320007DF84FF0000080F3118809BC1968086857
:10033000B0E8F04F1EF0100F08BFB0EC108A80F349
:100340000988BFF36F8F7047A0000020EFF305808E
:10035000704700000C48016841F4700101600B48CF
:1003600080470B480047FEE7FEE7FEE7FEE7FEE7B3
:10037000FEE7FEE7FEE7FEE7FEE700000548064968
:10038000044A064B7047000088ED00E0852D000808
:1003900089010008C07F0120C08F0120C07F01209B
:1003A000704753EA020C00F069802DE9F04B4FF0E2
:1003B0000006002B1FBFB3FA83F503FA05F424FAF5
:1003C00005F65E4012BF1643B2FA82F502FA05F452
:1003D000C5F120051EBF22FA05FC44EA0C042035B5
:1003E00056EA044C4FEA144418BF641C4FF000084E
:1003F0004FF00009904271EB030C39D3002919BF6B
:10040000B1FA81F701FA07F6B0FA80F700FA07F6B9
:10041000C7F120071EBF20FA07FC46EA0C0620376A
:10042000B6FBF4FCA7EB0507103F07F01F0BCBF161
:1004300020060CFA0BFB2CFA06F644BFB346002646
:10044000202FA4BF5E464FF0000B5BEA060C08BFEE
:100450004FF0010B19EB0B09ABFB027C48EB0608D4
:10046000C01B06FB02CC0BFB03CC71EB0C01C1E7FC
:100470000B46024641464846BDE8F08B13B54FF0A7
:1004800000004FF00001AFF30080BDE81C40704752
:100490000FB4044910B503AA029800F0A1FD10BCE6
:1004A0005DF814FB140000200FB41CB5074B06AA1E
:1004B0007B4469460090059800F063FD0020694682
:1004C00000F072FD1CBC5DF814FB0000F50A000092
:1004D00070B50C460546012A05D02878800600D55F
:1004E000EA69002302E0012305E05B1C934202D28B
:1004F000E05C0028F9D1A869E618C01AA861286A4A
:10050000184428622846AFF3008004E0D5E90121B1
:1005100014F8010B9047B442F8D32846AFF300809B
:1005200070BD00002DE9F0410646002410687529D1
:10053000314616A510D0AFF30080002802DA404201
:1005400013A507E031688A0701D512A502E0490723
:1005500004D511A5012401E0AFF3008000210A2297
:1005600006F1240709E0B0FBF2FCB0FBF2F302FB5A
:100570001C00303078541846491C0028F3D123461B
:100580002A463046BDE8F04100F08DBA0000000078
:100590002D0000002B0000002000000070B5044674
:1005A0000D4621461068AFF300802188090502D569
:1005B0000F4A7A4402E00E4A7A440E32002104F1D6
:1005C000240305E000F00F060009965D5E54491C07
:1005D0000028F7D120780023000704D5702D02D021
:1005E00009B1022311322046BDE8704000F05BBA29
:1005F000A6F503002DE9F05F894604464FF0000A96
:10060000DFF874B1FB44C0F820A02046E1688847B9
:10061000002874D0252806D0D4E901219047206A0B
:10062000401C2062F1E700265F462046E1688847CB
:100630002028054607DB312D05D2781910F8200C4B
:1006400008B10643F1E7B00701D526F00406C4F867
:100650001CA00027C4F818A02A2D09D0284602F0B3
:10066000FDFD38B304EB8708303DC8F8185019E099
:1006700059F8041B204604EB87029161E168884722
:10068000012F054618D1E069002820DA26F020065F
:100690001DE0D8F8180000EB800005EB4000303872
:1006A000C8F818002046E1688847054602F0D6FDE4
:1006B0000028EED1012F0AD02E2D08D12046E16866
:1006C00088477F1C0546022F46F02006C4DBA06940
:1006D000002803DA404246F00106A061F00701D08D
:1006E00026F010066C2D0BD0682D09D04C2D39D07A
:1006F0006A2D35D0742D35D07A2D33D016E038E000
:10070000E1682F4620468847B842054609D16C2F3C
:1007100026D04FF48060E1680643204688470546AE
:1007200004E06C2F1AD04FF4807006430DB3A5F18E
:100730004100192802D8203546F400664A46294669
:10074000204626604E46FFF779FD80B101280BD088
:10075000F61D26F0070000F1080956E74020E4E7FF
:100760008020D8E70020D6E706F104094DE72846A7
:1007700052E7206ABDE8F09F7CF5030040EA0103E0
:10078000024630B59B0710D14FF0013400E008C29B
:1007900008C91D1B9D4315EAC41FF8D013F0FF01C3
:1007A00002F8011B0DD01B0AF8E711F8013B002BE2
:1007B00002F8013B05D011F8013B002B02F8013B88
:1007C000F3D130BD10B5431C02E010F8011B71B12C
:1007D0008107FAD14FF0013202C88C1A8C4314EA17
:1007E000C211F9D0C01A0A0603D0C01E10BDC01A2B
:1007F00010BD0A0401D0801E10BD0902FCD0401EAD
:1008000010BD032A40F2308010F0030C00F0158078
:1008100011F8013BBCF1020F624498BF11F801CB03
:1008200000F8013B38BF11F8013BA2F1040298BF68
:1008300000F801CB38BF00F8013B11F0030300F0D2
:100840002580083AC0F0088051F8043B083A51F876
:1008500004CBA0E80810F5E7121D5CBF51F8043B7B
:1008600040F8043BAFF30080D20724BF11F8013BEE
:1008700011F801CB48BF11F8012B24BF00F8013B50
:1008800000F801CB48BF00F8012B704710B5203AA3
:10089000C0F00B80B1E81850203AA0E81850B1E839
:1008A0001850A0E81850BFF4F5AF5FEA027C24BFEF
:1008B000B1E81850A0E8185044BF18C918C0BDE8E6
:1008C00010405FEA827C24BF51F8043B40F8043BAF
:1008D00008BF7047D20728BF31F8023B48BF11F864
:1008E000012B28BF20F8023B48BF00F8012B7047BE
:1008F00002F0FF0343EA032242EA024200F002B898
:100900004FF000020429C0F0128010F0030C00F038
:100910001B80CCF1040CBCF1020F18BF00F8012BB6
:10092000A8BF20F8022BA1EB0C0100F00DB85FEA84
:10093000C17C24BF00F8012B00F8012B48BF00F850
:10094000012B70474FF0000200B5134694469646BF
:10095000203922BFA0E80C50A0E80C50B1F12001D2
:10096000BFF4F7AF090728BFA0E80C5048BF0CC080
:100970005DF804EB890028BF40F8042B08BF7047DE
:1009800048BF20F8022B11F0804F18BF00F8012B50
:10099000704700004FF0013C50F8042B51F8043B25
:1009A0009A4221D1A2EB0C03934313EACC1317D143
:1009B00050F8042B51F8043B9A4215D1A2EB0C03DA
:1009C000934313EACC130BD150F8042B51F8043B9A
:1009D0009A4209D1A2EB0C03934313EACC13DBD068
:1009E0004FF00000704700BFD01A01BAB1FA81F190
:1009F00001F0180122FA01F0CB40C1F12001DBB275
:100A0000C0B2C01A2CFA01F3D11A914311EAC311F2
:100A1000E6D17047704770477047704730B5B0F106
:100A20000A024FEA900E71F100034EEA817EB0EBAC
:100A30000E0061EB91014FEA101E4EEA017E10EBB1
:100A40000E0041EB11114FEA102E4EEA016E10EB31
:100A50000E0041EB11214FEA104E4EEA014E10EB11
:100A60000E0041EB1141401841F100014FEAD00066
:100A700040EA41704FEAD10110EB80054FEA810452
:100A800044EA907444EB01046D1944EB0404521BD6
:100A9000A3414FF0000348BF0A3200D530BD401CCF
:100AA00041F1000130BD2DE9F0470D4699469246CF
:100AB000044600F124080168880604D5E06921F0A5
:100AC0001001216000E00120A84201DD471B00E089
:100AD0000027A1697A1902EB0900081AA0612078A1
:100AE000C00602D42046AFF30080002608E0D4E917
:100AF00001211AF806009047206A401C761C2062EB
:100B00004E45F4DB2078C0060AD52046AFF30080BE
:100B100006E0D4E9012130209047206A401C206281
:100B2000381EA7F10107F4DC07E0D4E9012118F829
:100B300005009047206A401C2062281EA5F101058F
:100B4000F3DC2046AFF300802078000602D50220B7
:100B5000BDE8F0870120FBE770472DE9FF4F0C4609
:100B60001E464FF0FF378BB0D2E90001DDF8608000
:100B70000A908A46C1F30A5505B93D460021084648
:100B80004FF00000BAF1000F00F4400005DA00EB6E
:100B900080004FF4400101EA50004FEA9059B9F14A
:100BA000010F00DDB9460A9850EA4A000ED044F61B
:100BB0001050A5F2FF3545432F14B8F1000F1ED099
:100BC0007542291E1EDDC9F100021CE0B8F1010FBB
:100BD0004FF0000001D0302103E0F24305E0215442
:100BE000401CB042FBDB30460022002121540B990F
:100BF000C1F80880C1E900200FB0BDE8F08FBD1B2F
:100C00006D1CDEE74A4600DA694206A800F03EFAAB
:100C100006AB93E8070003AB83E8070050460A9948
:100C200000F0DCFA8DE80700A0F500501F380090B6
:100C30000398002D0ADD42F21F014A4608440023B2
:100C400003A90390684600F045FD09E0A0F50050B7
:100C50004A461F38002303A90390684600F04FFD61
:100C60008DE807000004000C03D04FF0FF3041086E
:100C700000E01046B8F1000F03D0002200921546A4
:100C80001EE0751E05D4FFF7C9FE303262556D1E99
:100C9000F9D5B3460122084302D000227F1C04E0AC
:100CA0002078302801D100227F1E002A099784D0A5
:100CB0001DE0112D07DAFFF7B1FE303262556D1CD1
:100CC00050EA0102F5D1084302D00098C8B10EE005
:100CD0000021681E05E0235C625C63542254401EC0
:100CE000491C8142F7DBAB46A81B401E099000203F
:100CF00004F80B000B98099AC0F80880C0E9002B93
:100D00007AE711264FF0000857E72DE9F04F8846A3
:100D10000446D21D22F0070191B0D1E90001CDE9CE
:100D20000A0102F049FA02460B98C00F01D02D20AB
:100D300007E02068810701D52B2002E0202101EA8D
:100D4000C000032A099001D0072A05DB034641466B
:100D5000204600F05BF90BE12078800601D5E069C0
:100D600000E00620B8F1650F814606D0B8F1660FA5
:100D700018D0B8F1670F70D131E00020B9F1110F30
:100D8000009001DB112301E009F101030AAA01A986
:100D90000CA8FFF7E2FEDDE90C70002609F1010561
:100DA000834647E001204B4600904FF000470AAAD7
:100DB00001A90CA8FFF7D1FEDDE90DB00C995D4645
:100DC000002610B909F101000D18B9EB050003D494
:100DD000C0F1FF3609F10105A5EB09002BE0B9F1DF
:100DE000010F01DA4FF001090020B9F1110F009055
:100DF000484601DD112300E003460AAA01A90CA818
:100E0000FFF7ABFEDDE90C704D46002683462078E7
:100E100000070AD4AB4500DA5D4601A8012D04DDC8
:100E2000411911F8011C302907D04F4502DA17F19A
:100E3000040F04DA012082460FE06D1EEEE7002F5A
:100E400002DCED1B3E4403E0781CA84200DD7D1C63
:100E5000B81B00F1010A4FF000472078000703D4C7
:100E6000AA4501DB4FF0FF3A0021B7F1004F0DF129
:100E700043088DF8431024D002202B23002F01DAE1
:100E80007F422D230A21021EA0F1010000DC5FB188
:100E900097FBF1FC97FBF1F201FB1C7C17460CF170
:100EA000300C08F801CDEEE7A8F1010003702188AD
:100EB000090501D5452100E06521A0F1010800F8F0
:100EC000011C09980FA9A1EB0807FF1D00B1012023
:100ED000411901EBEA70A1693844081A401EA0616B
:100EE0002078C00602D42046AFF30080099828B1CC
:100EF000D4E901219047206A401C20622078C00676
:100F000022D52046AFF300801EE0002E04DBB3455F
:100F100002DD01A8805D00E03020D4E90121904786
:100F2000206A401C2062761CAAF101005FEA000AD8
:100F30000AD100F067F8C0680168405CD4E901217B
:100F40009047206A401C2062281EA5F10105DCDCC8
:100F500007E0D4E9012118F8010B9047206A401CF2
:100F60002062381EA7F10107F3DC2046AFF30080B2
:100F7000032011B041E6000001694A1C02610878B3
:100F8000704700B58FB0CDE90131002105910549C9
:100F90007944CDE9031011466846FFF72BFB0FB0EB
:100FA00000BD0000E5FFFFFF0A6802F8010B0A60C0
:100FB000704710B5436913B1AFF3008001E0FFF74C
:100FC00087FA012010BD127800F124010A70002276
:100FD0004A700122EDE711684FF0FF32E9E70000A7
:100FE000074B70B50D467B44FFF7CBFF0446284600
:100FF00000F0BEF810B14FF0FF3070BD204670BD5C
:101000001F0A0100004870477C7F01202DE9F04154
:101010001F46044603260168072A01F4006004DB2A
:1010200008B116A505E016A503E008B115A500E076
:1010300015A521F010002060A069C01EA0610FB1AD
:10104000401EA0612046AFF300804FB1D4E90121DA
:1010500038469047206A401C2062C01C206206E08F
:10106000206AFAE7D4E9012115F8010B9047761EB2
:10107000F8D22046AFF30080BDE8F0814E414E002B
:101080006E616E00494E4600696E66002DE9F047BC
:10109000814616468AB0354878440DC88DE80D0063
:1010A00032487844801C03AC0DC884E80D0041F63A
:1010B0009B300844372190FBF1F290FBF1F5A5F14C
:1010C000800501FB12041B3C02D56442012000E0B4
:1010D0000020DFF898A080460027FA44AAF1BE0A53
:1010E0000EE0E0070AD03246684607EB47010123CD
:1010F0000AEB810100F003FB8DE8070064107F1C00
:10110000002CEED1194F7F44AE3F19E0E80715D00F
:1011100007EB04100DF1180A90E80E008AE80E00A3
:10112000C068F04201D1981908903246012306A9FF
:1011300003A800F0E4FA03AB83E807006D10641C19
:10114000002DE3D14FF0010332466946B8F1000F9C
:1011500003A802D000F0BEFA01E000F0D0FAC9E91D
:101160000001C9F808200AB0BDE8F08778EB030059
:10117000007B00F080007047004870475C7F0120D2
:101180007546FFF7F9FFAE4605006946534620F065
:101190000700854618B020B5FFF7F0F8BDE82040FD
:1011A0004FF000064FF000074FF000084FF0000B23
:1011B00021F00701AC46ACE8C009ACE8C009ACE8D6
:1011C000C009ACE8C0098D46704710B50446AFF3BE
:1011D00000802046BDE81040FFF755B85FEA400C9C
:1011E00008BF91F0000F4FEA8C234FEAC12243EA77
:1011F00051514FEA1C5018BF00F5F0404FEA300043
:1012000018BF41F000415FEA6C5C00F02980BCF13E
:10121000FF3F08BF40F080407047130C06BF120428
:101220004FF0100C4FF0000C130E04BF12020CF123
:10123000080C130F04BF12010CF1040C930F04BF30
:1012400092000CF1020CD30F04BF52000CF1010C00
:1012500011464FF00002A0F11F00A0EB0C007047F8
:1012600011F0004F08BF704731F000413FF4D5AF97
:101270000B0C06BF09044FF0100C4FF0000C0B0EC6
:1012800004BF09020CF1080C0B0F04BF09010CF19B
:10129000040C8B0F04BF89000CF1020CCB0F04BFB0
:1012A00049000CF1010CCCF12003A0EB0C0022FA58
:1012B00003F302FA0CF241EA030100F10100704766
:1012C00020F07F4C80EA030023F07F47ACEB07035C
:1012D00003F57C5300F0004003F1FF032DE9804942
:1012E0004FEA154B09B44FEA144325EA0B4E24EAA2
:1012F00003480FF2042606EB132749083E785FEAFD
:10130000320203FB0667C7F5000707FB06F64FEA44
:1013100054374FEAD64606F1020607FB066CCCF1BD
:10132000005C4FEA1C472CEA074C07FB06F40CFB59
:1013300006F504EB15464FEA961634BF00204FF031
:1013400000404FEAD13706FB07FC4FEA1C4C0CFB70
:101350000BF7D21B03FB0CF761EB07010CFB0EF73D
:10136000B0EB074072EB17420CFB08F734BFA2EB5F
:101370000742B2EB074261EB17414FEA0C444FEAD8
:10138000910706FB07FC4FEA1C4C0CFB0BF7B0EB7C
:10139000C74072EB573203FB0CF734BFA2EBC742D6
:1013A000B2EBC74261EB57310CFB0EF7B0EBC70055
:1013B00072EB57720CFB08F734BFA2EBC702B2EB1B
:1013C000C70261EB5771039F4FEA816141EA9211B5
:1013D00004EBCC044FEAD1374FEA826206FB07FCEC
:1013E00042EA90124FEA80604FEA1C4C0CFB0BF76C
:1013F000D21B03FB0CF761EB07010CFB0EF7B0EB04
:10140000074072EB17420CFB08F734BFA2EB074210
:10141000B2EB074261EB17414FEA8C554FEA910757
:1014200004EB9C2406FB07FC4FEA1C4C0CFB0BF75F
:10143000B0EBC74072EB573203FB0CF734BFA2EBA3
:10144000C742B2EBC74261EB57310CFB0EF7B0EB72
:10145000C70072EB57720CFB08F734BFA2EBC70250
:10146000B2EBC70261EB577115EB4C254FEA816176
:1014700041EA92114FEA82624FEAD13742EA901272
:1014800006FB07FC44F100044FEA80604FEA1C4C65
:101490000CFB0BF7D21B03FB0CF761EB07010CFBFA
:1014A0000EF7B0EB074072EB17420CFB08F734BFA6
:1014B000A2EB0742B2EB074261EB174115EB1C159B
:1014C0004FEA813141EA92414FEA823242EA904248
:1014D0004FEA80304FEA0C7644F1000448EA0343B7
:1014E0004EEA0B484FF0000EB2EB080C71EB03070D
:1014F00024BF624639464EEB0E0E4FF0000B00182B
:10150000524149414BEB0B0BB2EB080C71EB03075B
:101510007BF1000B24BF624639464EEB0E0E4FF0B6
:10152000000B0018524149414BEB0B0BB2EB080C7E
:1015300071EB03077BF1000B24BF624639464EEB8B
:101540000E0E51EA020718BF46F0010616EB0E76A2
:1015500055F1000254F1000103D5BDE88901BDE851
:101560000088BDE88901BDE80048B619524141EB49
:101570000101A3F10103704780807F7E7D7C7B7A2F
:101580007978777676757473727171706F6E6E6D2F
:101590006C6C6B6A6A6968686766666564646363D5
:1015A00062616160605F5F5E5E5D5D5C5C5B5B5A5B
:1015B0005A595958585757565655555554545353C8
:1015C00052525251515050504F4F4F4E4E4D4D4D23
:1015D0004C4C4C4B4B4B4A4A4A494949484848476E
:1015E00047474746464645454544444444434343AC
:1015F0004342424242414141002B9C4630D4770055
:101600002BD01CB54FEA370703B44FF010004FF052
:101610001001BAF1000F06D0BCF1000FDCBF40F0A2
:10162000080040F008014FF000000FBCBDE810407A
:101630000BF1010BBBF1010F08BF5FEA170722BFD7
:1016400012F1010211F101014FF0004143F10003D9
:1016500000F0004043EA00007047F9D35708D0E794
:1016600046EA064613F1400F4FEA16461FDD13F116
:10167000200FDFBF16430A46002120335B42BED055
:10168000C3F1200746EA064602FA07F74FEA164674
:1016900046EA0706C3F1200722FA03F201FA07F728
:1016A00021FA03F14FF0000342EA0702A7E746EAF6
:1016B000020646EA06464FEA164646EA0106BCBF5F
:1016C00046EA0646360C4FF000034FF000024FF09A
:1016D000000194E72DE9804C9A46934670B491E856
:1016E000380007C831EA400C48BF34EA430C03D540
:1016F000FFF7E6FDFFF780FFF0BCBDE8008C2DE9A9
:10170000804C9A46934670B491E8380007C810F0B0
:10171000804F08BF13F0804F03D100F005F8FFF7AA
:101720006BFFF0BCBDE8008C20F07F4780EA03002F
:1017300023F07F4C07EB0C03A3F57C5300F0004033
:10174000A3F1FE0392F0000F00F0B38095F0000FBC
:1017500000F077802DE901494FEA11404FEA144625
:1017600021EA004800FB06FC24EA064708FB06F6CF
:1017700007FB08F800FB07F718EB06484CEB164C84
:101780004FEA124B18EB07484FEA15464CEB17404F
:1017900022EA0B4E0BFB06FC25EA06470EFB06F67B
:1017A00007FB0EFE0BFB07F71EEB064E4CEB164C31
:1017B0004FF000061EEB074E4CEB174B18EB0B08D7
:1017C00040F1000018EB0E0B58EB000840F1000050
:1017D0008F1A4FF000013CBFC943661B14BFB5EB25
:1017E000040C00213CBFC943F61B4FEA17444EEAE4
:1017F0008E0E27EA04454FEA1C4704FB07622CEAD9
:10180000074C05FB07F70CFB05F604FB0CFC16EB7D
:10181000074642EB174216EB0C4642EB1C421BEB11
:10182000060658EB0202414146EA9E0601D5BDE894
:101830000189B619524141EB0101A3F10103BDE851
:1018400001894FEA14454FEA114724EA054621EA87
:10185000074C05FB07F406FB07F70CFB06F105FB3D
:101860000CFC11EB074144EB17444FEA124711EB14
:101870000C4144EB1C4422EA074C05FB07F206FB33
:1018800007F70CFB06F605FB0CFC16EB074642EBD4
:10189000174216EB0C4642EB1C456A1854F1000146
:1018A00048BF7047B619524141EB0101A3F1010352
:1018B000704795F0000F37D04FEA11424FEA1447B6
:1018C00021EA024624EA074C02FB07F106FB07F770
:1018D0000CFB06F402FB0CFC14EB074441EB174134
:1018E0004FEA154714EB0C4441EB1C4125EA074C29
:1018F00002FB07F506FB07F70CFB06F602FB0CFCE8
:1019000016EB074645EB174516EB0C4645EB1C421C
:10191000121951F1000148BF7047B619524141EB0D
:101920000101A3F1010370474FEA14454FEA114743
:1019300024EA054621EA074C05FB07F106FB07F7F9
:101940000CFB06F24FF0000605FB0CFC12EB074205
:1019500041EB174112EB0C4251EB1C4148BF704761
:10196000921841EB0101A3F10103704700BFFEE7AC
:101970007047000070B504461D460023B5F5804F42
:1019800013D154F822300C480340D1E9000640EA54
:1019900006108E6840EA06208E8940EA06408E696D
:1019A0003043034344F8223003E06FF0704044F8C2
:1019B0002200002070BD00000000F0CF10B50346EB
:1019C0000022086853F8202012480240D1E901049F
:1019D0002043CC6820430C6920434C6920438C6928
:1019E0002043CC6920430C6A20434C6A20438C6A14
:1019F0002043CC6A2043CC6B20430C6B2043024332
:101A00008868082801D142F04002086843F8202085
:101A1000002010BD8000F0FF30B503460024501CAC
:101A200053F8204004F04044D1E9000540EA051095
:101A30008D6840EA05208D8940EA0545088A401EE8
:101A400045EA0055087D801E45EA00608D692843FF
:101A50000443501C43F82040002030BD70B50446BC
:101A6000A56D00F085F9064694F83500022808D0E7
:101A70008020606500BF002084F8340000BF012092
:101A800070BD2068006820F016002168086020689A
:101A9000406920F0800021684861206C08B9A06C82
:101AA00028B12068006820F00800216808602068DC
:101AB000006820F00100216808600FE000F058F98C
:101AC000801B05280AD92020606500BF002084F80B
:101AD000340000BF032084F83500D1E72068006897
:101AE00000F001000028E9D194F85C103F20884004
:101AF000A86000BF002084F8340000BF012084F8F3
:101B000035000020BCE7014691F83500022803D0DB
:101B10008020486501207047052081F8350008685D
:101B2000006820F001000A6810600020F3E7000060
:101B3000F8B502460B460025002400200021DEE017
:101B4000012606FA01F51E6806EA0504AC4275D1C5
:101B50001E7906F00306012E04D01E7906F0030656
:101B6000022E13D190684F000326BE40B0434F00B1
:101B7000DE68BE4030439060506801268E40B0431E
:101B80001E79C6F300168E40304350601E7906F071
:101B90000306032E09D0D0684F000326BE40B04391
:101BA0004F009E68BE403043D0601E7906F00306A9
:101BB000022E13D1CF0802F1200656F827004E0757
:101BC000F70E0F26BE40B0434F07FF0E1E69BE4002
:101BD0003043CF0802F1200646F8270010684F0076
:101BE0000326BE40B0431E7906F003064F00BE40F8
:101BF000304310605E6806F08056B6F1805F7DD19C
:101C000000BF00260096404E366846F480463E4FA0
:101C10003E603E46366806F48046009600BF00BF30
:101C20003A4E8F0856F827008E07370F0F26BE4012
:101C3000B043374EB24202D1002624E05EE0354E7A
:101C4000B24201D101261EE0334EB24201D102263A
:101C500019E0324EB24201D1032614E0304EB242B6
:101C600001D104260FE02F4EB24201D105260AE031
:101C70002D4EB24201D1062605E02C4EB24201D1D2
:101C8000072600E008268F073F0FBE4030431F4E57
:101C90008F0846F82700264E3068A0435E6806F499
:101CA0008036B6F5803F00D12043214E3060361D8E
:101CB0003068A0435E6806F40036B6F5003F00D1F8
:101CC00020431B4E361D3060361D3068A0435E68D1
:101CD00006F48016B6F5801F00D12043144E083656
:101CE0003060361D3068A0435E6806F40016B6F515
:101CF000001F00D120430E4E0C363060491C1029C5
:101D0000FFF41EAFF8BD000044380240083801401F
:101D1000000002400004024000080240000C0240A3
:101D2000001002400014024000180240001C024053
:101D3000003C0140024613690B400BB1012000E05A
:101D40000020704710B5426921EA020302EA01044B
:101D500043EA0443836110BD0AB1816101E00B04D1
:101D60008361704701480068000C7047002004E060
:101D700001480068704700001C000020034800680C
:101D80000349097808440149086070471C00002095
:101D90002400002010B50A48006840F4007008498B
:101DA00008600846006840F480600860032000F086
:101DB0007FF80F2000F006F800F02AF8002010BD90
:101DC000003C024070B504460E4800784FF47A712A
:101DD000B1FBF0F00C490968B1FBF0F5284600F0C2
:101DE0009BFC08B1012070BD102C07D200222146B7
:101DF000501E00F01EF80548046001E00120F2E7E3
:101E00000020F0E724000020000000202000002037
:101E1000704701460846002809DB00F01F03012235
:101E20009A4043099B0003F1E023C3F8002100BF5F
:101E300070472DE9F05F80460D461646002701F0F9
:101E4000D3F9074639462A46334601F00700C0F168
:101E5000070ABAF1040F02D94FF0040A01E0C0F1F9
:101E6000070AD14600F1040ABAF1070F02D24FF077
:101E7000000A01E0A0F1030AD4464FF0010A0AFA71
:101E800009FAAAF1010A0AEA020A0AFA0CFA4FF060
:101E9000010B0BFA0CFBABF1010B0BEA030B4AEA4B
:101EA0000B042146404601F0A7F9BDE8F09F000071
:101EB00000BF00F00702064B19684FF6FF031940F8
:101EC000044B0B4343EA0221014B196000BF7047EA
:101ED0000CED00E00000FA0570B504460D460CB9A3
:101EE000012070BD5848006800F00700A84209D2E0
:101EF00055490D700846006800F00700A84201D05F
:101F00000120EEE7207800F0020002281DD12078A1
:101F100000F00400042805D14C48006840F4E0506B
:101F20004A490860207800F00800082805D1474891
:101F3000006840F46040454908604448006820F06B
:101F4000F000A168084341490860207800F00100D2
:101F5000A8B36068012807D13C4808380068C0F37E
:101F60004040B8B90120BCE76068022802D0606830
:101F7000032807D1354808380068C0F3406048B9E5
:101F80000120AEE7314808380068C0F3400008B9C6
:101F90000120A6E72D48006820F00300616808438F
:101FA0002A490860FFF7E4FE064609E0FFF7E0FE75
:101FB000801B41F28831884202D9032091E707E073
:101FC0002248006800F00C006168B0EB810FEDD191
:101FD0001D48006800F00700A84209D91A490D7091
:101FE0000846006800F00700A84201D0012078E709
:101FF000207800F00400042807D11448006820F479
:10200000E050E168084311490860207800F00800BA
:10201000082808D10D48006820F46040216940EA92
:10202000C1000A49086000F03FF808490968C1F397
:102030000311074A515CC840064908600648006819
:10204000FFF7C0FE00204CE7003C02400838024089
:102050001E8A0308000000202000002001480068BC
:10206000704700000000002000B5FFF7F7FF0449AB
:102070000968C1F38221034A515CC84000BD0000D9
:10208000083802402E8A030800B5FFF7E7FF04492D
:102090000968C1F34231034A515CC84000BD0000E9
:1020A000083802402E8A03082DE9F0470024002555
:1020B0000026A1462548006800F00C0020B1042845
:1020C00005D008283AD105E0DFF8849039E0DFF840
:1020D000849036E01D48001F006800F03F041B4854
:1020E000001F006800F4800078B11A481749091FE2
:1020F0000968C1F38811A0FB017001462246002344
:102100003846FEF74EF905460EE011480F49091F03
:102110000968C1F38811A0FB017001462246002323
:102120003846FEF73EF905460848001F0068C0F330
:102130000140401C4600B5FBF6F902E0DFF81090C4
:1021400000BF00BF4846BDE8F087000008380240E5
:102150000024F40000127A00F8B504460CB90120FE
:10216000F8BD207800F00100002874D0F94800681C
:1021700000F00C0004280DD0F648006800F00C00B8
:10218000082813D1F348001F006800F48000B0F560
:10219000800F0BD1EF4808380068C0F3404000289A
:1021A00059D06068002856D10120D9E700BF606887
:1021B000B0F5803F08D1E7480838006840F4803027
:1021C000E449083908601EE06068B0F5A02F0DD121
:1021D000E0480838006840F48020DE49083908608B
:1021E0000846006840F4803008600CE0D9480838A0
:1021F000006820F48030D749083908600846006834
:1022000020F48020086000BF606890B1FFF7B0FD47
:10221000054606E0FFF7ACFD401B642801D903200A
:102220009EE7CC4808380068C0F340400028F1D051
:1022300011E0FFF79DFD054606E0FFF799FD401B05
:10224000642801D903208BE7C24808380068C0F32E
:1022500040400028F1D1207800F0020002285FD130
:10226000BC48006800F00C0058B1BA48006800F0A3
:102270000C0008281CD1B748001F006800F480003B
:10228000B0B9B44808380068C0F3400020B1E06835
:10229000012801D0012063E7AE480838006820F02B
:1022A000F800216940EAC100AA490839086037E00E
:1022B000E06800B30120A8490860FFF759FD054612
:1022C00006E0FFF755FD401B022801D9032047E730
:1022D000A04808380068C0F340000028F1D09D48AD
:1022E0000838006820F0F800216940EAC1009949E7
:1022F0000839086014E0002097490860FFF738FDAE
:10230000054606E0FFF734FD401B022801D90320F3
:1023100026E7904808380068C0F340000028F1D153
:10232000207800F0080008282CD16069A8B10120AD
:102330008A490860FFF71CFD054606E0FFF718FD17
:10234000401B022801D903200AE782486C3000684C
:10235000C0F340000028F1D014E000207F4908605D
:10236000FFF706FD054606E0FFF702FD401B0228C9
:1023700001D90320F4E677486C300068C0F34000D0
:102380000028F1D1207800F00400042870D1002743
:1023900070483830006800F0805090B900BF0020CD
:1023A00000906C483830006840F0805069493831FE
:1023B00008600846006800F08050009000BF00BF31
:1023C00001276748006800F48070B0B9644800686D
:1023D00040F4807062490860FFF7CAFC054606E0D9
:1023E000FFF7C6FC401B022801D90320B8E65C4871
:1023F000006800F480700028F2D000BFA0680128B7
:1024000008D154486830006840F0010051496831F3
:1024100008601DE0A06805280DD14E4868300068AE
:1024200040F004004B49683108600846006840F0FD
:10243000010008600CE047486830006820F00100A7
:102440004449683108600846006820F004000860CC
:1024500000BFA068A8B1FFF78BFC054609E0FFF7B5
:1024600087FC401B41F28831884202D9032077E67D
:1024700026E0384868300068C0F340000028EED0FD
:1024800013E0FFF775FC054608E0FFF771FC401B01
:1024900041F28831884201D9032061E62D48683035
:1024A0000068C0F340000028EFD1012F07D1294870
:1024B0003830006820F0805026493831086000BF6D
:1024C000A069002845D02348006800F00C000828C7
:1024D0005DD0A069022845D100201F490866FFF79A
:1024E00047FC054606E0FFF743FC401B022801D9E4
:1024F000032035E6174808380068C0F3406000281C
:10250000F1D1D4E907010843616A40EA811101224F
:10251000A06AC2EB500041EA00412C20005D41EA74
:1025200000600C49091F086001200B490866FFF78D
:102530001FFC054606E0FFF71BFC401B022801D9E3
:1025400003200DE6034808380068C0F34060002807
:10255000F1D049E00838024000004742800E47426F
:1025600000700040002021490866FFF701FC054685
:1025700006E0FFF7FDFB401B022801D90320EFE531
:102580001B480068C0F340600028F2D12CE0A0692D
:10259000012800D1E4E51648001D0668A06901285D
:1025A00020D006F48001E06981421BD106F03F0192
:1025B000206A814216D147F6C0703040616AB0EBA4
:1025C000811F0FD106F440310122A06AC2EB5000F6
:1025D000B1EB004F06D106F070612C20005DB1EB2D
:1025E000006F01D00120BBE50020B9E500004742A3
:1025F0000038024070B504460E4615460CB901205D
:1026000070BD94F8490028B9002084F8480020469D
:1026100000F01CF804F108012068FFF7CFF93146FB
:10262000A2682068FFF7F8F92946236BD4E9010274
:10263000FFF7A0F9A168206850F8210040F00100E0
:10264000A268216841F822000020D9E710B586B0C1
:10265000044600BF002000902248006840F00100BE
:10266000204908600846006800F00100009000BFA3
:1026700000BF00BF002000901A480838006840F0F2
:1026800008001849083908600846006800F008008A
:10269000009000BF00BF00BF002000900846006807
:1026A00040F0100008600846006800F0100000903C
:1026B00000BF00BF4CF20370019002200290012085
:1026C0000390022004900C20059001A90648FFF712
:1026D0002FFA4FF68070019001A90448FFF728FAFD
:1026E00006B010BD38380240000C02400010024015
:1026F000042808D14FF0E021096941F004014FF0AE
:10270000E022116107E04FF0E021096921F00401A6
:102710004FF0E0221161704770B504462546681EEF
:10272000B0F1807F01D301200FE0681E4FF0E0215F
:1027300048610F214FF0FF3000F05EFD00204FF0A8
:10274000E021886107200861002070BD7047704754
:10275000704710B5044620680069C0F34000D8B146
:102760002068C068C0F34000B0B16FF0020021687B
:102770000861012020772068806900F0030018B10B
:102780002046FFF7E5FF05E0204600F0ADF82046C3
:1027900000F0ABF80020207720680069C0F38000CB
:1027A000D8B12068C068C0F38000B0B16FF00400F9
:1027B00021680861022020772068806900F4407059
:1027C00018B12046FFF7C4FF05E0204600F08CF862
:1027D000204600F08AF80020207720680069C0F3C6
:1027E000C000D8B12068C068C0F3C000B0B16FF0BD
:1027F000080021680861042020772068C06900F083
:10280000030018B12046FFF7A3FF05E0204600F0C3
:102810006BF8204600F069F80020207720680069F6
:10282000C0F30010D8B12068C068C0F30010B0B188
:102830006FF0100021680861082020772068C069C7
:1028400000F4407018B12046FFF782FF05E02046F3
:1028500000F04AF8204600F048F800202077206871
:10286000006900F0010058B12068C06800F0010064
:1028700030B16FF0010021680861204600F036F8A1
:1028800020680069C0F3C01058B12068C068C0F368
:10289000C01030B16FF08000216808612046FFF75A
:1028A00055FF20680069C0F3801058B12068C068E7
:1028B000C0F3801030B16FF04000216808612046FD
:1028C00000F015F820680069C0F3401058B1206886
:1028D000C068C0F3401030B16FF02000216808617B
:1028E0002046FFF734FF10BD7047704770477047B0
:1028F000704770472DE9F84F044620680568206846
:10290000C668206847694FF00009CA4605F00F09FC
:10291000B9F1000F0AD105F0200038B106F020000F
:1029200020B1204600F075FABDE8F88FB9F1000F2C
:1029300072D007F0010018B906F4907000286BD02F
:1029400005F0010030B106F4807018B1206C40F041
:102950000100206405F0040030B107F0010018B157
:10296000206C40F00200206405F0020030B107F056
:10297000010018B1206C40F00400206405F008004C
:1029800048B106F0200010B907F0010018B1206C22
:1029900040F008002064206C70B305F0200028B1DE
:1029A00006F0200010B1204600F033FA206840699C
:1029B000C0F3801A206C00F0080010B9BAF1000FC3
:1029C00023D0204600F0FAF92068406900F040006A
:1029D000402816D12068406920F0400021684861F5
:1029E000A06B50B15648A16B0865A06BFFF78BF840
:1029F00010B1A06B016D88470CE02046FFF779FF0E
:102A000008E02046FFF775FF04E02046FFF771FF5E
:102A10000020206488E7FFE7206B012879D105F0CA
:102A20001000002875D006F01000002871D000BFFB
:102A300000200090206800680090206840680090A6
:102A400000BF00BF2068406900F04000402839D135
:102A5000A06B006840681FFA80F8B8F1000F30D012
:102A6000A08D40452DDDA4F82E80A06BC069B0F587
:102A7000807F1FD02068C06820F480702168C86003
:102A80002068406920F001002168486120684069A1
:102A900020F0400021684861202084F83E0000209A
:102AA00020632068C06820F010002168C860A06B17
:102AB000FEF7D4FFA08DE28D801A81B22046FFF789
:102AC00017FF31E7A08DE18D401A1FFA80F8E08DE5
:102AD000E8B1B8F1000F1AD02068C06820F49070F7
:102AE0002168C8602068406920F0010021684861C1
:102AF000202084F83E00002020632068C06820F079
:102B000010002168C86041462046FFF7F1FE0BE740
:102B1000FFE705F0800030B106F0800018B12046D4
:102B200000F00FFB00E705F0400030B106F0400078
:102B300018B1204600F05DF9F6E600BFF4E60000AB
:102B4000A92D000810B504460CB9012010BDA069DC
:102B500000B100E000BF94F83D0028B9002084F8DF
:102B60003C00204600F028F8242084F83D0020682E
:102B7000C06820F400502168C860204600F0A8F921
:102B80002068006920F4904021680861206840694D
:102B900020F02A00216848612068C06840F4005095
:102BA0002168C86000202064202084F83D0084F85B
:102BB0003E000020CAE7000010B586B004462E494A
:102BC0002068884255D100BF00BF002000902B48EC
:102BD000006840F01000294908600846006800F0CD
:102BE0001000009000BF00BF00BF00BF00BF00206A
:102BF000009022481438006840F001001F49143941
:102C000008600846006800F00100009000BF00BFA7
:102C100000BF00BF00BF002000900846006840F0E1
:102C2000010008600846006800F00100009000BF45
:102C300000BF00BF481501900220029001200390C0
:102C4000022004900720059001A90D48FEF770FFAF
:102C50004FF4806001900720059001A90848FEF715
:102C600067FF2520FFF7D5F8032211462520FFF73F
:102C7000E0F806B010BD00000010014044380240EA
:102C80000000024070B504460D46164694F83E001A
:102C9000202816D105B10EB9012070BD00BF94F8EF
:102CA0003C00012801D10220F7E7012084F83C0014
:102CB00000BF0020206332462946204600F01EFA5D
:102CC000EBE70220E9E7000010B504462049206840
:102CD00088423BD11F48008800F4004088BB1D4853
:102CE000008800F4804070B11B4800780A2803D0A7
:102CF00000201849088024E01648008840F400406D
:102D0000144908801DE0144800780D2806D11148A8
:102D1000008840F480400F49088012E00E48007897
:102D20000C490988C1F30D010C4A50540948008828
:102D3000401C0849088008460088C72801DD00209B
:102D40000880012204490648FFF79CFF10BD0000DF
:102D500000100140180000201A0000200C03002081
:102D6000D4030020704700BFFEE700BFFEE77047B6
:102D700010B5FFF703F834F091FF012801D034F0CB
:102D800057FD10BD0348006840F470000149086019
:102D90007047000088ED00E010B50248FFF7D9FC4D
:102DA00010BD00007804002070B50546AC6B002013
:102DB000E085E0842046FFF79CFD70BD0168C9688E
:102DC00021F490710268D1600168496921F0010124
:102DD00002685161016B012905D10168C96821F0C0
:102DE00010010268D160202180F83E1000210163AB
:102DF000704710B504462068C06820F04000216884
:102E0000C860202084F83D002046FFF7ABFF00207B
:102E100010BD70B5044694F83E00222856D1A06833
:102E2000B0F5805F0CD1206950B90025A66A2068F2
:102E30004068C0F308003080A06A801CA06215E0E2
:102E4000A56A0026A068B0F5805F03D0A06828B905
:102E5000206918B920684068287004E0206840683C
:102E600000F07F002870A06A401CA062E08D401E28
:102E700080B2E08540BB2068C06820F02000216857
:102E8000C8602068C06820F480702168C86020682D
:102E9000406920F0010021684861202084F83E004C
:102EA000206B01280AD12068C06820F0100021683A
:102EB000C860A18D2046FFF71BFD02E02046FFF70A
:102EC00003FF0020206370BD0020FCE70220FAE72A
:102ED0002DE9F84F04462068006920F44050E1686D
:102EE0000843216808612169A068084361690843B3
:102EF000E169084300902068C06849F20C6188438A
:102F0000009908432168C8602068406920F4407037
:102F1000A16908432168486176492068884203D046
:102F200075492068884203D1FFF7AEF8814602E078
:102F3000FFF79AF88146E069B0F5004F6CD10220A6
:102F40006168A0FB015003461920A9FB00700146EF
:102F50002A463846FDF725FA6421B0FBF1F04FEA26
:102F6000001A02206168A0FB01510B461920A9FB41
:102F700000712A463846FDF714FA8346022061683C
:102F8000A0FB015003461920A9FB00712A463846D0
:102F9000FDF707FA6421B0FBF1F000EBC00101EB93
:102FA0000010ABEB8000322101EBC0006421B0FBCC
:102FB000F1F000F0F8000AEB400A02206168A0FB83
:102FC000015003461920A9FB007001462A463846E5
:102FD000FDF7E7F9834602206168A0FB0150034634
:102FE0001920A9FB00712A463846FDF7DAF9642159
:102FF000B0FBF1F000EBC00101EB0010ABEB800087
:10300000322101EBC0006421B0FBF1F000F00700B9
:103010005044216888606AE004206168A0FB015088
:1030200003461920A9FB007001462A463846FDF7E1
:10303000B8F9824604206168A0FB015003461920BC
:10304000A9FB007001462A463846FDF7AAF964211B
:10305000B0FBF1F000EBC00101EB0010AAEB800027
:10306000322101EB00106421B0FBF1F000F0F00A16
:1030700004206168A0FB017003461920A9FB0051E0
:103080003A462846FDF78DF96421B0FBF1F00AEBD2
:10309000001A04206168A0FB01510B461920A9FB0E
:1030A00000712A463846FDF77CF9834604206168A2
:1030B000A0FB015003461920A9FB007001462A46D7
:1030C0003846FDF76EF96421B0FBF1F000EBC0016A
:1030D00001EB0010ABEB8000322101EB001064210A
:1030E000B0FBF1F000F00F00504421688860BDE8AB
:1030F000F88F0000001001400014014010B5034695
:1031000099629A85DA8500201864222083F83E00AF
:1031100000BF002083F83C0000BF1868C06840F47E
:1031200080701C68E0601868406940F001001C680D
:1031300060611868C06840F020001C68E0600020F2
:1031400010BD014691F83D00212828D18868B0F5CE
:10315000805F0BD1086948B90A6A1088C0F308007B
:103160000B685860086A801C086205E00B6A581CEE
:10317000086218780B685860C88C401E80B2C884FA
:1031800058B90868C06820F080000B68D8600868EB
:10319000C06840F040000B68D860002070470220F3
:1031A000FCE7000010B50248FFF7A4FB10BD0000CB
:1031B000D403002000BFFEE703B40198410000984B
:1031C00050EAC12018BF04204A0D18BF40F001008A
:1031D00040F2FF72B2EB515F08BF40F002000128DD
:1031E00008BF052002B0704702480068C0F3022003
:1031F000704700000CED00E010B5002804DB0A0762
:10320000130E054A135406E00A07140E034A00F091
:103210000F031B1FD45410BD00E400E018ED00E0C4
:1032200070B50446002508E02168481C2060087835
:10323000303805EB850100EB41052168087800F086
:1032400004F80028F0D1284670BD0146302903DB80
:10325000392901DC012070470020FCE730380A28BA
:1032600001D20120704700207047000010B54021B6
:10327000074801F0E3FA0022042106482BF07CFC09
:103280000549086002F002FE00200449087010BDE4
:1032900090C50020595F0008940200209002002091
:1032A00030B50346B1F90040B2F90050AC4202DD3E
:1032B000B1F9004001E0B2F900401C80B1F90240D0
:1032C000B2F90250AC4202DDB1F9024001E0B2F9BC
:1032D00002405C80B1F90440B2F90450AC4202DA19
:1032E000B1F9044001E0B2F904409C80B1F9064014
:1032F000B2F90650AC4202DAB1F9064001E0B2F987
:103300000640DC800120B3F90040B3F90450AC4220
:1033100005DCB3F90240B3F90650AC4200DD0020F1
:1033200030BDF8B504460D4616460027B4F9000036
:10333000B5F90010884212DBB4F90200B5F90210A9
:1033400088420CDBB4F90400B5F90410884206DCAD
:10335000B4F90600B5F90610884200DC01270FB960
:103360000020F8BD0EB90120FBE72088ADF8000071
:103370006088ADF8020032466946284600F0A7F89A
:1033800008B90020EDE7A088ADF800006088ADF82E
:10339000020032466946284600F099F808B9002034
:1033A000DFE72088ADF80000E088ADF80200324683
:1033B0006946284600F08BF808B90020D1E7A088BC
:1033C000ADF80000E088ADF80200324669462846B4
:1033D00000F07DF808B90020C3E70120C1E70246EC
:1033E000B2F90000B1F90430984213DCB2F90400DC
:1033F000B1F9003098420DDBB2F90200B1F90630A4
:10340000984207DCB2F90600B1F90230984201DBBC
:10341000012070470020FCE7F8B504460D4616462B
:10342000B4F90400B5F90010884211DBB4F90600C4
:10343000B5F9021088420BDBB4F90000B5F90410AD
:10344000884205DCB4F90200B5F90610884201DDB6
:103450000120F8BD0EB90020FBE72088ADF8000080
:103460006088ADF8020032466946284600F02FF821
:1034700008B10020EDE7A088ADF800006088ADF845
:10348000020032466946284600F021F808B10020C3
:10349000DFE72088ADF80000E088ADF80200324692
:1034A0006946284600F013F808B10020D1E7A0884B
:1034B000ADF80000E088ADF80200324669462846C3
:1034C00000F005F808B10020C3E70120C1E72DE9AD
:1034D000FC5F05460E4614464FF0000AB6F90000A0
:1034E000B5F90010884213DBB6F90000B5F90410F5
:1034F00088420DDCB6F90200B5F90210884207DBFC
:10350000B6F90200B5F90610884201DC4FF0010A55
:10351000BAF1000F02D10020BDE8FC9F002C01DCB5
:103520000120F9E7284617F022F9834600EBDB700B
:103530004710284617F093F8834600EBDB704FEAFC
:103540006008474501DA384600E0404681464C4570
:1035500000DD4C462888ADF800002888204400B2E1
:10356000ADF804006888ADF802006888204400B215
:10357000ADF80600002231466846FFF7A8FF80B18B
:10358000BDF80400204400B2ADF80400BDF8060008
:10359000204400B2ADF806003146684627F0F2FD3F
:1035A000BAE7E888001B00B2ADF80200E888ADF881
:1035B0000600002231466846FFF789FF80B1BDF85A
:1035C0000400204400B2ADF80400BDF80200001B66
:1035D00000B2ADF802003146684627F0D3FD9BE704
:1035E000A888001B00B2ADF80000A888ADF8040060
:1035F000002231466846FFF76AFF80B1BDF800003F
:10360000001B00B2ADF80000BDF80200001B00B2C4
:10361000ADF802003146684627F0B4FD7CE76888C3
:10362000ADF802006888204400B2ADF80600002220
:1036300031466846FFF74BFF80B1BDF80000001B24
:1036400000B2ADF80000BDF80600204400B2ADF8AD
:1036500006003146684627F095FD5DE701205BE7EF
:1036600010B5B1F90030B2F90040A34202DAB1F965
:10367000003001E0B2F900300380B1F90230B2F954
:103680000240A34202DAB1F9023001E0B2F902309D
:103690004380B1F90430B2F90440A34202DDB1F92C
:1036A000043001E0B2F904308380B1F90630B2F998
:1036B0000640A34202DDB1F9063001E0B2F906305E
:1036C000C38010BD2DE9FF4104462BF0F6F90546F5
:1036D0000020039034B14749E068086020462BF091
:1036E00063FB03E019F0B0FE4249086041490968F4
:1036F000086927F0A5FC3F480068406920B13D49B2
:103700000968486927F09CFC3A490968C86927F0AC
:1037100097FC38490968086A27F092FC3548006828
:10372000006940B9002033490968A1F8500100BF81
:1037300000BFBDE8FF8128F025F827F06BFF2D487A
:103740000068B0F8500100284BD02A480068006893
:10375000007CC0F34000E8B12648006819F0F2FE92
:10376000401E06B22348006819F086FE401E07B2CC
:103770003B460022114601A8009617F03DF801A82B
:103780001C4909680968896B48601A48006805F097
:1037900021FE00BF4FF4807116480068303021F0E0
:1037A0009AFE20211348006800F5987021F093FEDE
:1037B000002010490968A1F8500128462BF070F943
:1037C00003900C4800680068406A50B109490968D4
:1037D00008680849096809684B6A07490A68039933
:1037E000984721F0A3FB00F03FF800F007F800BF76
:1037F0009FE70000540100205001002010B5002474
:1038000016E0C4EBC4000C4951F8200030B1C4EB01
:10381000C401094A52F8210021F03AFCC4EBC4016A
:10382000054A02EB81001C2121F055FE601CC4B248
:10383000042CE6DB10BD00006CC600200146094ADE
:1038400010680BE042688A4202D002688A4204D1C2
:10385000027E22F00102521C027640690028F1D15A
:1038600070470000280100207047000010B50421B7
:10387000014800F0E3FF10BD84C5002010B51C21F5
:10388000014800F0DBFF10BD9CC500202DE9FF4F73
:103890008BB004469A46199DBAF1000F11D11898C1
:1038A000B0F5807F0DD10020208060800C98401EF4
:1038B00000B2A0800D98401E00B2E0800FB0BDE8BD
:1038C000F08FB5F900004042189948430121C1EB3F
:1038D000202000B22080B5F90200404218994843E8
:1038E0000121C1EB202000B26080B5F900100C98D6
:1038F000401A18994843022101EB202000B2A08011
:10390000B5F902100D98401A18994843022101EBAD
:10391000202000B2E080BAF1000F14D1208829885D
:10392000084400B2208060886988084400B2608042
:10393000A0882988084400B2A080E08869880844EB
:1039400000B2E080BAE70A209AFBF0F00A900A98E9
:10395000401C09900A9800EB8000AAEB400B0A98E3
:1039600000B22BF0A7FB0890099800B22BF0A2FB45
:1039700007900A985A3000B22BF09CFB06900998E9
:103980005A3000B22BF096FB0590CBF10A01089853
:103990004143079800FB0B100A2190FBF1F6CBF195
:1039A0000A0106984143059800FB0B100A2190FB81
:1039B000F1F776117F11B4F90080B4F9029007FB9A
:1039C00008F006FB1900298801EBA02000B2ADF831
:1039D000100006FB08F007FB0900698801EBA02036
:1039E00000B2ADF81200B4F90480B4F9029007FBFC
:1039F00008F006FB1900298801EBA02000B2ADF801
:103A00000C0006FB08F007FB0900698801EBA02009
:103A100000B2ADF80E00B4F90080B4F9069007FBCF
:103A200008F006FB1900298801EBA02000B2ADF8D0
:103A3000080006FB08F007FB0900698801EBA020DD
:103A400000B2ADF80A00B4F90480B4F9069007FB9F
:103A500008F006FB1900298801EBA02000B2ADF8A0
:103A6000040006FB08F007FB0900698801EBA020B1
:103A700000B2ADF80600BDF90800BDF9101088428B
:103A800002DABDF9080001E0BDF91000BDF904102B
:103A9000BDF90C20914202DABDF9041001E0BDF934
:103AA0000C1088420BDABDF90800BDF910108842ED
:103AB00002DABDF908000DE0BDF910000AE0BDF919
:103AC0000400BDF90C10884202DABDF9040001E0DF
:103AD000BDF90C002080BDF90800BDF91010884226
:103AE00002DDBDF9080001E0BDF91000BDF90410C8
:103AF000BDF90C20914202DDBDF9041001E0BDF9D1
:103B00000C1088420BDDBDF90800BDF91010884289
:103B100002DDBDF908000DE0BDF910000AE0BDF9B5
:103B20000400BDF90C10884202DDBDF9040001E07B
:103B3000BDF90C00A080BDF90A00BDF91210884241
:103B400002DABDF90A0001E0BDF91200BDF9061064
:103B5000BDF90E20914202DABDF9061001E0BDF96F
:103B60000E1088420BDABDF90A00BDF91210884226
:103B700002DABDF90A000DE0BDF912000AE0BDF954
:103B80000600BDF90E10884202DABDF9060001E018
:103B9000BDF90E006080BDF90A00BDF9121088421F
:103BA00002DDBDF90A0001E0BDF91200BDF9061001
:103BB000BDF90E20914202DDBDF9061001E0BDF90C
:103BC0000E1088420BDDBDF90A00BDF912108842C3
:103BD00002DDBDF90A000DE0BDF912000AE0BDF9F1
:103BE0000600BDF90E10884202DDBDF9060001E0B5
:103BF000BDF90E00E08000BF60E62DE9F74F86B00A
:103C0000044620680590B4F908100798A0EB010855
:103C1000B4F90A100898A0EB0109E089B0F5807F9B
:103C200013D1206B00FB08F0E16A01FB1901606A07
:103C300000EBA10BE06A00FB08F0216B01FB09011E
:103C4000A06A00EBA10004902FE0A08980B9A06BCE
:103C500000FB08F04FEA6018A06B00FB09F04FEA88
:103C60006019606A00EB080BA06A484404901CE0ED
:103C7000A06B00FB08F04FEA6018A06B00FB09F096
:103C80004FEA6019206B00FB08F0E16A01FB1901A3
:103C9000606A00EBA12BE06A00FB08F0216B01FBDE
:103CA0000901A06A00EBA12004904FEA2B2604989A
:103CB0000712B4F90400B04203DC002009B0BDE8EB
:103CC000F08F002E01DA0020F8E7B4F90600B842C0
:103CD00001DC0020F2E7002F01DA0020EEE73420BB
:103CE000005DC0F3800050B33420005DC0F340009D
:103CF00078B90225B4F904007843684306FB050A45
:103D0000059800EB0A012A4604F1140021F085FB16
:103D10002CE00325B4F904007843684306FB050A48
:103D20006A1E059800EB0A0104F1140021F075FBEE
:103D30000AEB0500401E0599095CA17516E04FF0DD
:103D4000000A0025208A03463AB231B2019004F1FC
:103D500018001EF04BF80290BDF80800A0823AB29D
:103D600031B204F118001DF0A1FFA0753420005DF0
:103D700000F00100B0B14FF47F40002100F47C421C
:103D800041EA5211C0F3C40211430191BDF804206D
:103D900011460291A08ABDF80810884201D1002086
:103DA0008CE700BFE07C08B9012087E70FFA8BF1B0
:103DB000A187049801B2E18731B24020015339B2A2
:103DC00042200153C4F844A084F84850204600F033
:103DD00003F80390039871E72DE9F04F8DB0044686
:103DE000D4F8009094F83C000C9094F83E000B90AE
:103DF0000C9870280BDA4FF0FF35B4F940002844D6
:103E0000002800DA00250C988030C7B213E00C9827
:103E100090280EDD0125B4F940002844B4F90410BF
:103E2000884200DB00250C98C0F1FF008030C7B24B
:103E300001E00025FF270B9870280CDA4FF0FF36C1
:103E4000B4F942003044002800DA00260B98803094
:103E500000F0FF0815E00B9890280FDD0126B4F95B
:103E600042003044B4F90610884200DB00260B986B
:103E7000C0F1FF00803000F0FF0802E000264FF0A4
:103E8000FF08A08A0A90A07D06900020059004906B
:103E900003903420005DC0F3800000285BD094F8CC
:103EA0004800626C00FB052000EB0901022209A812
:103EB00021F0B3FAA28894F8480012FB00F2606C7B
:103EC00002FB060000EB0901022208A821F0A5FA76
:103ED000A28894F8480012FB00F2606C02FB060214
:103EE00094F8480000FB052000EB0901022207A816
:103EF00021F093FA3420005DC0F3400000287ED00A
:103F000094F84800616C00FB05110844401E19F844
:103F100000000590A18894F8480011FB00F1606C46
:103F200001FB060194F848000844401E19F80000FF
:103F30000490A18894F8480011FB00F1606C01FB2B
:103F4000060194F8480000FB05110844401E19F8CA
:103F50000000039053E0208A0090B4F942204020F2
:103F6000005B284401B204F11800009B1DF03EFFE5
:103F70000990208A00904220005B304402B2B4F9DC
:103F8000401004F11800009B1DF030FF0890208ABB
:103F900000904220005B304402B24020005B284485
:103FA00001B204F11800009B1DF020FF079034209F
:103FB000005DC0F3400010B3B4F942204020005B24
:103FC000284401B204F118001DF070FE0590422053
:103FD000005B304402B2B4F9401004F118001DF047
:103FE00065FE04904220005B304402B24020005B3A
:103FF000284401B204F118001DF058FE0390BA469F
:10400000BB463420005DC0F34000E0B3069878431F
:10401000C7F1FF0C059B03FB0C00C0F307210498BC
:104020007843C7F1FF0C039B03FB0C00C0F307228E
:1040300001FB08F0C8F1FF0302FB0300030AA375AC
:10404000022905DC022A03DC00200DB0BDE8F08F58
:10405000022901DC4FF00008022A01DC4FF0FF08C2
:104060000698022801DC4FF0000A0598022801DCBE
:104070004FF0FF0A0498022801DC4FF0000B039870
:10408000022803DC00E002E04FF0FF0B03E0BA4639
:10409000BB46FF21A175BAF1000F02D10998029029
:1040A0000BE0BAF1FF0F02D10A98029005E05246E8
:1040B000DDE9091018F058FC0290BBF1000F02D1A5
:1040C000079801900BE0BBF1FF0F02D10898019017
:1040D00005E05A46DDE9071018F046FC0190B8F1FA
:1040E000000F03D1BDF80400A0820FE0B8F1FF0F6C
:1040F00003D1BDF80800A08208E04246DDE90110C6
:1041000018F032FC0090BDF80000A08201209CE76E
:104110002DE9F05F0446B4F9080001026162B4F9C8
:104120000A000102A162B4F90C000A2190FBF1F52A
:104130006F1CB4F90C0005EB8501A0EB4106684249
:1041400000B22AF0B7FF8046784200B22AF0B2FFF0
:104150008146C5F15A0000B22AF0ACFF8246C7F191
:104160005A0000B22AF0A6FF8346C6F10A0000FBFF
:1041700008F009FB06000A2190FBF1F1E162C6F1AB
:104180000A0000FB0AF00BFB06000A2190FBF1F18C
:104190002163E06A4111E162206B41112163A07C3F
:1041A0001DF033FF3421095D60F300013420015517
:1041B000A07C1DF00DFF3421095D60F34101342026
:1041C0000155A07C042805D0A07C052802D0A07C45
:1041D000062807D13420005D20F00400001D3421A2
:1041E000085505E03420005D20F00401342001551D
:1041F00021682162A06920F0E000A061A17CA06993
:1042000061F30400A061A188A06961F39420A0611A
:10421000E188A06961F35F50A061E08900EBD07193
:10422000491001F5001191FBF0F2A263FF21A17585
:10423000208AA082BDE8F09F2DE9F7430546164687
:104240000024134C2AF039FC804633462946204688
:10425000019A1EF089FB07465FB900BF00BF2C2101
:10426000204621F038F94FF00040A0620020BDE860
:10427000FE830020A062E06918B940462AF010FCD5
:10428000E061E06908B90120E0612046EFE7000045
:10429000C0C5002010B51421114800F0CFFA1EF05F
:1042A00015FB044600BF1CB900BF00BF00BFFEE7FE
:1042B00000BF14B900BF00BF10BD0A4920461EF060
:1042C000EDFB094920461EF0EBFB084920461EF095
:1042D000E9FB074920461EF0DFFB00BFECE70000CA
:1042E000A8C50020E9200208BD250208D927020838
:1042F000B120020870B504460D461021284621F071
:10430000EAF820680078012804D1208A2880608A91
:1043100068800CE020680078022802D1E0686860BC
:1043200005E020680078042801D10A206860206830
:10433000406820B1206829464268904701E000BFEC
:1043400000BF70BD2DE9FE430446A66AEEB9A18AFE
:10435000208A084401B2A182E18A608A084401B23D
:10436000E18220460CF053FD06460EB9BDE8FE83FF
:10437000204610F03FFC0022092130461CF038FD99
:104380006078C0F3400000B1F0E7208A10B9608A7D
:10439000002870D000200290019094F83C0000F0BA
:1043A0000F00032812D1304623F056F90746304655
:1043B00023F0DAF8804603200090B4F910103B4651
:1043C000424630460CF01AF8029012E0304623F0D4
:1043D000C5F90746304623F039F880460C20009096
:1043E000B4F9121043463A4630460CF007F80190F3
:1043F00000BF304623F08AF8054605F0010028B9D1
:10440000BDF90800002801DD0020029005F002003F
:1044100028B9BDF90800002801DA0020029005F053
:10442000040028B9BDF90400002801DD0020019036
:1044300005F0080028B9BDF90400002801DA0020C1
:10444000019001AA02A920462DF070FD0023BDF9BC
:104450000420BDF90810304626F05EF8A08ABDF8A9
:104460000810084401B2A182E08ABDF80410084493
:1044700001B2E18200BF00BF78E72DE9F84F0446A2
:10448000D4F828B0BBF1000F01D1BDE8F88F94F843
:104490003C0000F00F0000B9F7E71EF0E7FD06460C
:1044A0003068477E4021584624F060FD10B9002155
:1044B00061832183584623F03DF98046584623F016
:1044C00043F9054694F83C0000F00F000C2843D156
:1044D000002121831DBBB4F91A00C7F164014843D0
:1044E000642190FBF1F001B26183584622F0AEFFE7
:1044F0008146584623F032F982460C200090B4F9E8
:104500001A104B46524658460BF078FF6083B4F9B8
:104510001A2000231946584625F0FEFF69E0204680
:104520002DF05BFD0090002161836A4620462DF04E
:10453000FDFCBDF9003041F6FF72514258460CF0C7
:104540000FFE8146BDF80000484402B2012300215D
:10455000584625F0E1FF4CE094F83C0000F00F00D5
:10456000032846D100216183B8F1000F23D1B4F9AB
:104570001800C7F164014843642190FBF1F001B2D7
:104580002183584622F0F0FF8146584623F064F814
:10459000824603200090B4F9181053464A46584604
:1045A0000BF02CFF2083B4F9181000231A4658464C
:1045B00025F0B2FF1DE020462DF0F4FC0090002114
:1045C00021830022694620462DF0B0FCBDF9003061
:1045D00041F6FF72514258460CF028FD8146BDF865
:1045E0000000484401B201230022584625F094FF00
:1045F00000BF208B002860D1608B00285DD11DBBDF
:10460000584623F0ABF88146584622F01FFF8246F9
:10461000B9F1000F02DCBAF1000F14DDB9F1000F9F
:1046200006DA01234A460021584625F075FF0AE0C4
:10463000BAF1000F07DA0123CAF1000002B200212B
:10464000584625F069FF00BFB8F1000F23D1584646
:1046500022F08AFF8146584622F0FEFF8246B9F1D9
:10466000000F02DCBAF1000F14DDB9F1000F06DA19
:10467000012300224946584625F04EFF0AE0BAF1D0
:10468000000F07DA01230022CAF1000001B25846E8
:1046900025F042FF00BF32460A2158461CF0A8FB15
:1046A0006078C0F3400000B1EFE694F83C0020F0E1
:1046B0000F0184F83C100021A16200BFE5E62DE95E
:1046C000FF4104460F4614B918F0BEFE04460CB96B
:1046D000BDE8FF811FB90020A4F85001F8E70020D1
:1046E000ADF80800ADF80A00204618F0C5FE401EDF
:1046F00000B2ADF80C00204618F024FF401E00B2B6
:10470000ADF80E0002AA39466846FEF7C9FD064616
:1047100006B9DDE72068007CC0F3400060B1029874
:104720002063039860630120A4F85001606810B111
:1047300060682AF045FBCBE72068806918B12068E3
:1047400069468269904700250BE004F1300000EBD8
:10475000C50100226846FEF7E4FD00B1B8E7681C19
:1047600085B2B4F85001A842EFDCB4F8500120281B
:1047700009DAB4F8502104F1300101EBC2006946B6
:1047800015F0DDFE0BE00020A4F85001B4F8502134
:1047900004F1300101EBC20002A915F0D0FEB4F81B
:1047A0005001401CA4F85001606810B160682AF004
:1047B00007FB00BF8CE770B50546284600F013F8EC
:1047C000044600260CE02146284600F024F8064660
:1047D0002146284600F086F8204620F059FC344651
:1047E000002CF0D170BD014609B90020704748681F
:1047F000FCE770B5064600243046FFF7F4FF054697
:1048000005E0641C2946304600F005F80546002DF9
:10481000F7D1204670BD02460B461068001D0344C8
:104820001868704702460B461068034418687047C2
:10483000014609B9002070478868FCE70022426001
:104840008260CA1C22F003010160704770B5044603
:10485000216801F1080020F04DFB0546A5B10022BA
:10486000294620462BF0E2FC2946204662682BF0C0
:10487000CFFC606820B12A46204661682BF0D6FC48
:104880006560A06800B9A560284670BD70B5044693
:10489000216801F1080020F02DFB0546A5B100229A
:1048A000294620462BF0B4FC29462046A2682BF06E
:1048B000BDFCA06820B12A462046A1682BF0A8FCC8
:1048C000A560606800B96560284670BD014609B9F9
:1048D00001207047486818B9886808B90120F8E7CE
:1048E0000020F6E72DE9F04104460D460CB9BDE87D
:1048F000F0812046FFF777FFA8420FD129462046D6
:10490000FFF789FF6060606810B90020A0602FE0A9
:104910000022204661682BF089FC29E02046FFF741
:1049200087FFA8420FD129462046FFF77BFFA060F2
:10493000A06810B9002060601AE000222046A1683B
:104940002BF066FC14E029462046FFF76BFF064675
:1049500029462046FFF75FFF07463A463146204684
:104960002BF056FC3246394620462BF05FFC00BF48
:1049700000BFBCE710B504462068806818B1206805
:104980002146826890472068006828B12068006846
:1049900020602046FFF7EEFF10BD0146886818B181
:1049A0008868B0F9160070470020FCE72DE9F04F49
:1049B00093B005468B4691469A461C9E688C20F023
:1049C0000400001D6884A5F82090328959462846C5
:1049D00024F048F81290A5F820A0328959462846BC
:1049E00024F040F81190688C20F004006884DDE920
:1049F000111088420CD1DDE91110884208D1BDF8B0
:104A00004800BDF84410884202D113B0BDE8F08FD1
:104A1000A5F8209032895946284624F023F81290B0
:104A2000A5F820A0594628460EF0CDFA10903189FD
:104A3000109A1068129A28F038FC3089602833D117
:104A400047F6FF711298884202D0119888422BD104
:104A5000284624F02EFA0F9000EBD070471028461D
:104A600024F027FA0F9000EBD0704FEA600847F669
:104A7000FF711298884208D1781C08F10101884220
:104A800000DA01E008F10100129047F6FF71119879
:104A9000884208D1781C08F10101884200DA01E05F
:104AA00008F10100119000BF2448FFF7CFFE044633
:104AB00000BF1CB900BF00BF00BFFEE700BF04B9C4
:104AC000A3E71298E06011982061ACB325603089AB
:104AD000A080C4F808B0684614F0F8FE2146684685
:104AE00014F0A7FF1649684614F073FF15480290AA
:104AF00000BF1549684614F07AFFFF22002168467E
:104B000014F087FF3188684614F079FF7188684691
:104B100014F05AFFF068069000BF6846002190F834
:104B20003E2061F3000280F83E2000BF306905900E
:104B3000684614F095FF00BF00BF66E7B4C50020CB
:104B400029670308D56903080569030810B514210E
:104B50000148FFF773FE10BDB4C500202DE9FE4FDC
:104B600004460F4690464FF0000900256BE1E068CF
:104B700000EBC5004068C0F3406000B162E1E1684D
:104B800001EBC501496821F07F4026F056FA064640
:104B900026EA070008B9012000E00020029026EA7A
:104BA000080008B9012000E000200190DDE90101C2
:104BB000814272D0E06850F835A04FF0000B6A4691
:104BC00041F61001504628F009F810B14FF0010BE2
:104BD000A9E06A4641F61101504627F0FFFF10B1E7
:104BE0004FF0010B9FE06A4641F61201504627F054
:104BF000F5FF10B14FF0010B95E06A4641F6130145
:104C0000504627F0EBFF10B14FF0010B8BE06A46E6
:104C100041F61501504627F0E1FF10B14FF0010BAE
:104C200081E06A4641F61401504627F0D7FF10B1E3
:104C30004FF0010B77E06A4641F26901504627F0D8
:104C4000CDFF10B14FF0010B6DE06A4643F20C014D
:104C5000504627F0C3FF10B14FF0010B63E06A46E6
:104C600043F20D01504627F0B9FF10B14FF0010B90
:104C700059E06A4641F20101504627F0AFFF10B1FA
:104C80004FF0010B4FE06A4641F20401504627F015
:104C9000A5FF18B14FF0010B45E0D2E06A4641F2A2
:104CA0000201504627F09AFF10B14FF0010B3AE095
:104CB0006A4641F20301504627F090FF10B14FF0D1
:104CC000010B30E06A4641F20501504627F086FFAD
:104CD00010B14FF0010B26E06A4641F20601504642
:104CE00027F07CFF10B14FF0010B1CE06A4641F247
:104CF0003201504627F072FF10B14FF0010B12E065
:104D00006A4643F60F01504627F068FF10B14FF096
:104D1000010B08E06A4643F60E01504627F05EFF9D
:104D200008B14FF0010BBBF1000F02D00320BDE82A
:104D3000FE8F6A4640F60A01504627F04FFF10B139
:104D40004FF002097CE06A4640F60B01504627F01E
:104D500045FF10B14FF0020972E06A4643F60F01B9
:104D6000504627F03BFF10B14FF0020968E06A4659
:104D700043F60E01504627F031FF10B14FF0020903
:104D80005EE06A4640F63C01504627F027FF10B12E
:104D90004FF0020954E06A4640F63D01504627F0C4
:104DA0001DFF10B14FF002094AE06A4640F63A0191
:104DB000504627F013FF10B14FF0020940E06A4659
:104DC0004FF40461504627F009FF10B14FF002097B
:104DD00036E06A4640F64501504627F0FFFE10B126
:104DE0004FF002092CE06A4640F64101504627F098
:104DF000F5FE10B14FF0020922E06A4640F642018A
:104E0000504627F0EBFE10B14FF0020918E06A4659
:104E100040F64301504627F0E1FE10B14FF0020981
:104E20000EE06A4640F64901504627F0D7FE10B121
:104E30004FF0020904E0B9F1000F01D14FF0010970
:104E400000BF00BF6D1C608CC0F3C500A8423FF6D8
:104E50008EAE48466BE700000148006870470000CE
:104E60005401002070470146C1F30412072A00DDF7
:104E70000722D0B27047000010B518210348FFF791
:104E8000DDFC012029F0B4FE10BD000060C500204B
:104E90002DE9F04105460F4616460DB9BDE8F081F3
:104EA0002846FBF78FFC8046394628460A4A126896
:104EB00090470746E8193146074A12689047064668
:104EC0003C4603E0A019285C2855641CA8EB0600AA
:104ED000A042F7D200BFE1E7E00200202DE9F04157
:104EE00006460C4617461D4629463046084A1268B3
:104EF00090472060206830B1296888190021044A51
:104F00001268904700E000203860BDE8F0810000A2
:104F1000D80200202DE9F04F87B004460F46924694
:104F20009846DDE910560DB1002028801CB90020FC
:104F300007B0BDE8F08F207808B90020F8E70FB976
:104F40000020F5E74FF0000906F0020010B906F066
:104F5000040098B1002000E0401C215C0A2905D023
:104F6000215C0D2902D0215C0029F5D1215C01B121
:104F7000401C15B14FF0FF312980D9E706F002003F
:104F800008B141F6FF7800200690059038E0002037
:104F90000490059808B9012000E0002006A904AAA1
:104FA000CDE90062CDE902100599601843465246EA
:104FB00039462AF0B7F883460498A8EB00000FFAA8
:104FC00080F8049848440FFA80F9BBF1000F00D133
:104FD0001CE005985844059020780A2802D02078D3
:104FE0000D2800D112E00598205C0A2803D005980E
:104FF000205C0D2803D10598401C059006E000BFF9
:105000000598205C10B1B8F1000FC0DC00BF059816
:1050100070B905A92046094A12689047834635B100
:105020000022594638461CF0FCF80FFA80F900BF00
:105030000DB1A5F8009005987AE70000D80200208D
:105040002DE9F04706468846174606B10FB9BDE878
:10505000F0873046FBF7B6FB81463846FBF7B2FBDC
:10506000044604B9F3E704EB090A414630460B4A0B
:10507000126890478046554603E0281B305C705507
:105080006D1E08EB0400A842F7D906EB0800224683
:10509000394620F0DAF900BFD9E70000E00200202D
:1050A000024600200FA31B788B4211D113781BB945
:1050B0000123137001200BE01378012B02D1002390
:1050C000137005E01378022B02D100231370012026
:1050D0001378012B04D1202901D102231370012060
:1050E000704700002300000073B582B006460398A5
:1050F0000190324600210846019B2AF02FFB05460D
:10510000002001900024681C1FF0F4FE044600BF3C
:105110001CB900BF00BF00BFFEE700BF14B90020EC
:1051200004B070BD002060553246691C2046039BC8
:105130002AF014FB2046F3E72DE9F04781460E469E
:1051400014461F46DDF820A035461BE0600800FB32
:10515000075529464846D047B0F1000809DD04F05C
:10516000010080F00100C0EB5404E8190546064632
:1051700008E0B8F1000F02DA6408354602E028467C
:10518000BDE8F087002CE1D10020F9E72DE9FF4FC1
:1051900085B08346DDE9158ADDE91349DDE9177538
:1051A000129E05F00200F8B94FB105F0010030B1D0
:1051B000B9F1000F02D105F00C0000B17F1E03E031
:1051C00030222046641C3254544501D2202CF7D39F
:1051D00003E030222046641C325405F0010018B16F
:1051E000BC4201D2202CF4D305F01000B0B305F47A
:1051F000806050B94CB1544501D0BC4205D1641E09
:105200001CB1B8F1100F00D1641EB8F1100F09D114
:1052100005F0200030B9202C04D278222046641CEE
:10522000325415E0B8F1100F09D105F0200030B16B
:10523000202C04D258222046641C325408E0B8F1D5
:10524000020F05D1202C03D262222046641C325466
:10525000202C03D230222046641C3254202C16D23B
:10526000B9F1000F04D02D222046641C32540EE008
:1052700005F0040020B12B222046641C325406E0C5
:1052800005F0080018B120222046641C3254CDE9F4
:105290000275CDE90064584606A90EC900F0A2F8CF
:1052A00009B0BDE8F08F2DE9FF4F8FB08046DDE9F2
:1052B0001FABDDE91D96219D1C9C00270CB925F034
:1052C000100505F4806000B1E4B100BFB4FBF6F155
:1052D00006FB1141C8B20A2802DA00F1300107E0EA
:1052E00005F0200109B1412100E0612101440A39A2
:1052F000CBB239467F1C07AA5354B4FBF6F40CB169
:10530000202FE3D307A8CDE904AB8DE881020396F3
:105310000695404610A90EC9FFF738FF13B0BDE847
:10532000F08F2DE9FF4F8FB0DDE9217BDDF8908014
:10533000209EDDE91C454FF00009002184EA0100B0
:105340006940084301D128F0100808F4806028B1B2
:10535000002184EA0100694008432DD000BF324695
:105360003B4620462946FBF71CF802F0FF0ABAF13B
:105370000A0F02DA0AF1300007E008F0200008B155
:10538000412000E0612050440A38C2B2484609F189
:10539000010907A90A5432463B4620462946FBF735
:1053A00000F804460D46002184EA010069400843E4
:1053B00002D0B9F1200FD2D32398CDE9036BCDE908
:1053C000050807A91E98CDE9001902900FA80FC87B
:1053D000FFF7DCFE13B0BDE8F08F9A4200D288548C
:1053E000704770472DE9FF5F05461446DDE90EA6BC
:1053F000DDE91087A34607F0020078B907F0010045
:1054000060B9B14607E02246641C2020039B019945
:10541000A84709F10109C145F5D300BF08E02246BC
:10542000641C711E0E461AF80100039B0199A847DF
:10543000002EF4D107F0020050B105E02246641CB2
:105440002020039B0199A847A4EB0B004045F5D30E
:10545000204604B0BDE8F09F00BF70472DE9FF4F24
:105460008BB0074600250C9800B9FA4FEAE20E9877
:10547000007825280AD02A466D1C0E990878DDE9A7
:105480000C13B8470E98401C0E90DBE20E98401C9F
:105490000E90002400BF0E9800782B2819D004DC51
:1054A00020281ED023282CD123E02D2809D03028F5
:1054B00027D144F001040E98401C0E9001200A9060
:1054C00022E044F002040E98401C0E9001200A9045
:1054D0001AE044F004040E98401C0E9001200A903B
:1054E00012E044F008040E98401C0E9001200A902F
:1054F0000AE044F010040E98401C0E9001200A901F
:1055000002E000200A9000BF00BF0A980028C2D124
:1055100080460E990878FDF798FE20B10EA8FDF799
:105520007FFE804612E00E9800782A280ED1189946
:1055300001C91891002804DA44F00204C0F10008FF
:1055400000E080460E99491C0E9100BF4FF0000903
:105550000E9800782E281FD144F480640E98401CC9
:105560000E900E990878FDF770FE20B10EA8FDF799
:1055700057FE814610E00E9800782A280CD1189921
:1055800001C91891002801DD014600E0002189468B
:105590000E99491C0E9100BF0E9800786C280AD015
:1055A00004DC682816D06A2835D128E0742820D079
:1055B0007A2830D129E044F480740E98401C0E9073
:1055C0000E9800786C2804D144F400740E98401CA6
:1055D0000E9021E044F080040E98401C0E900E982E
:1055E0000078682804D144F040040E98401C0E90C6
:1055F00012E044F480740E98401C0E900CE044F4C9
:1056000000740E98401C0E9006E044F480740E98CE
:10561000401C0E9000E000BF00BF0E980078692883
:105620001DD00EDC622821D006DC25287ED0502833
:105630001AD058287BD115E0632879D06428F9D195
:105640000CE0732875D004DC6F280ED07028F1D1DF
:1056500009E0752804D07828ECD102E000BF00BF33
:1056600000BF00BF00BF00BF00BF00BF0E980078A2
:10567000782803D00E980078582801D1102623E00E
:105680000E980078702803D00E98007850280CD11E
:10569000102644F0100444F480740E984078562884
:1056A00012D10E98401C0E900EE00E9800786F28D4
:1056B00001D1082608E00E980078622801D1022660
:1056C00002E00A2624F010040E980078582803D02F
:1056D0000E980078502801D144F020040E980078EC
:1056E000692805D00E980078642801D024F00C04B5
:1056F00004F4806008B124F001040E980078692851
:1057000003D00E98007864287CD104F40070B8B3FC
:105710001898C01D20F007001890D0E900AB189A27
:10572000083218920020CDE9069803E073E17CE18D
:10573000F2E01CE1CDE904600894BAEB00017BEBD8
:10574000000001DA012000E000200021029008465C
:10575000B1EB0A0170EB0B0002DA5046594605E046
:1057600000200146B0EB0A0061EB0B01CDE900011E
:105770002A463846DDE90C13FFF7D3FD0546C7E09E
:10578000FFE704F48070D0B1189850F804AB18907B
:105790004FEADA70CDE9039802960594BAF1000F4A
:1057A00001DD514601E0CAF10001CDE900102A46B1
:1057B0003846DDE90C13FFF776FD0546A8E004F056
:1057C000400028B1189810F8041B1890C8B20DE0DA
:1057D00004F0800028B1189830F8041B189008B223
:1057E00004E0189800681899091D189182464FEA3C
:1057F000DA70CDE9039802960594BAF1000F02DD44
:10580000514602E00BE0CAF10001CDE900102A4642
:105810003846DDE90C13FFF746FD054678E00E98A3
:105820000078562818D1189850F804AB1890DAF878
:1058300004000068099009980090DAF800300D988B
:10584000421B0C9841193846FFF708FE054400201A
:1058500009905DE0E353000804F40070D0B118989B
:10586000C01D20F00700CDE906980894189000208C
:10587000CDE904600290189903C9189A0832189269
:10588000CDE900012A463846DDE90C13FFF749FD52
:1058900005463DE004F4807098B10022CDE90398FC
:1058A00002960594189800681899091DCDE9000220
:1058B00018912A463846DDE90C13FFF7F4FC05463B
:1058C00026E004F0400028B1189810F8041B189046
:1058D000C8B20DE004F0800028B1189830F8041B1D
:1058E000189088B204E0189800681899091D18915A
:1058F00082460020CDE900A0CDE9039802960594E8
:105900002A463846DDE90C13FFF7CDFC054600BFFB
:105910000E98401C0E9093E0012604F0020050B94E
:1059200005E02A466D1C2020DDE90C13B8473046FF
:10593000761C4045F5D3189911F8043BD8B22A4695
:105940006D1C1891DDE90C13B84704F0020050B14A
:1059500005E02A466D1C2020DDE90C13B8473046CF
:10596000761C4045F5D30E98401C0E9068E01898C0
:1059700050F804AB18905046B9F1000F01D04946D9
:1059800001E04FF0FF310A46014600E0491C0B7868
:105990001BB1131EA2F10102F8D10E1A04F48060AB
:1059A00028B14E4501D2304600E04846064604F094
:1059B000020050B905E02A466D1C2020DDE90C13D9
:1059C000B8473046761C4045F5D306E01AF8010B7F
:1059D0002A466D1CDDE90C13B8479AF8000040B167
:1059E00004F480600028F1D0B9F10000A9F10109A8
:1059F000ECD104F0020050B105E02A466D1C2020D5
:105A0000DDE90C13B8473046761C4045F5D30E98B7
:105A1000401C0E9014E02A466D1C2520DDE90C1375
:105A2000B8470E98401C0E900AE02A466D1C0E994D
:105A30000878DDE90C13B8470E98401C0E9000BFA3
:105A400000BF00BF0E98007800287FF410AD0D98BD
:105A5000854201D2284601E00D98401E02460020F2
:105A6000DDE90C13B84728460FB0BDE8F08F2DE9EB
:105A7000F04104460E46002774B13146204600F03E
:105A80002DF80546B5F5803F05D20C2D01D92846E5
:105A900000E00C20074600BF3846BDE8F081024612
:105AA00000BF481E084018B100BF00BF00BFFEE79E
:105AB00000BF481E1040101A704710B502464B1E1A
:105AC00013444C1E23EA040000BF4B1E0B401BB1C5
:105AD00000BF00BF00BFFEE700BF10BD024600BF11
:105AE000481E084018B100BF00BF00BFFEE700BF5E
:105AF000481E10444B1E9843704700002DE9F041AA
:105B000080460E46444601206086002500270DE0B1
:105B100056F8270025A1FAF73DFF10B1681C85B2A1
:105B200002E0608E401C6086781C87B256F8270021
:105B300020B156F8270000780028E9D1208EA8422D
:105B400001D1BDE8F081A06A20B1A06A1FF0A0FADF
:105B50000020A062E06A20B1E06A1FF099FA0020FC
:105B6000E062E8001FF0C6F9A06200BFA06A18B9A1
:105B700000BF00BF00BFFEE700BF68001FF0BAF91A
:105B8000E06200BFE06A18B900BF00BF00BFFEE7D7
:105B900000BFA06A08B1E06A00B900256900E06AA8
:105BA0001FF099FC258600BFCBE700000A0000002B
:105BB0002DE9F84F81460E46924699F8090000F00B
:105BC0000700022801D1304600E050468346564582
:105BD00001DD304600E050460746032000EB470059
:105BE00020F0030000F110053948006839490968C0
:105BF000A0EB0108002405EB08003749096888423A
:105C000006D233480468606820F0004060603AE0E3
:105C100031480068854221D813E04FF0FF300090F2
:105C2000002269462D480FF035FD002269462C48B8
:105C30000FF030FD2648006826490968A0EB0108EE
:105C400000BF08EB0500244909688842E5D82048D0
:105C50000468606820F00040606014E028461FF08F
:105C600049F9044600BF1CB900BF00BF00BFFEE7F2
:105C700000BF14B90020BDE8F88F606820F0004034
:105C800000F10040606032465946484601F0E2FEAD
:105C90002060606800F04040401C6060606820F058
:105CA00080406060A781A4F80EB06068C00F20B18A
:105CB000204600F11001A16008E00548006810309E
:105CC000A060034800682844014908602046D2E7E4
:105CD0005C010020A802002058010020F10D0108FD
:105CE000D5580108F0B585B006460D46344600206B
:105CF00004900390029094F83C0000F0030020B15F
:105D0000012838D0022866D000BF94F83C0000F08B
:105D100003005A49097888421BD02620005D00EB19
:105D2000001000EB4000142190FBF1F05449087082
:105D30002720005D00EB001000EB4000142190FBD9
:105D4000F1F05049087094F83C0000F003004B4912
:105D5000087002A803A9CDE9001005EB45014FF634
:105D6000FF7202EA410004AB46490A7844490978C7
:105D70000AF014FD5FE094F83C0000F003003F4996
:105D8000097888421AD0A08C00EB400040024FF402
:105D9000B471B0FBF1F03C4908802720005D00EBB6
:105DA000001000EB4000142190FBF1F03549087021
:105DB00094F83C0000F003003049087002A803A9E1
:105DC000CDE90010E9B204AB2E4802782E480088D5
:105DD0000AF0E4FC2FE094F83C0000F003002749AF
:105DE000097888421AD0A08C00EB400040024FF4A2
:105DF000B471B0FBF1F0244908802620005D00EB6F
:105E0000001000EB4000142190FBF1F01C490870D9
:105E100094F83C0000F003001849087002A803A998
:105E2000EAB204ABCDE900101548017816480088A5
:105E30000AF0B4FC00BF00BF9DF810009DF80C10E4
:105E40009DF80820D708BDF8003067F304038F08D9
:105E50000093BDF8003067F34A13C7080093BDF8FC
:105E6000003067F3CF230093BDF800703B460193E9
:105E7000BDF80410084605B0F0BD00000E02002079
:105E80000C0200200D0200200A02002010B50120A3
:105E9000074908700748FEF7A6FC20B906480068C5
:105EA00028F082FF03E00448006828F089FF10BD55
:105EB0009002002090C500209402002010B50446F6
:105EC00094F83E00C0F3400050B9A08F002807DDD1
:105ED000A08F4FF6FF71884202D0A08F401EA0878E
:105EE000A08FA8B9606B20B194F83E00C0F34000C9
:105EF00070B121461748FEF7F5FCFFF7C7FFE068D1
:105F000010B12046E168884720461FF0C1F81FE025
:105F1000A06B4042E062606BD0B194F83E10C1F3D8
:105F2000400111B9216B4942E16294F83E104908E1
:105F3000C94394F83E2061F3410284F83E20E069B1
:105F4000616AE1616062A06A616BA162606300BF27
:105F500010BD000090C500202DE9F0418046424868
:105F6000006828F09DFD06464048007880F001005A
:105F70003E4908703E48FEF736FC04466BE00020C0
:105F80003C49087094F83E00C0F380003749097816
:105F9000884253D0354801782C34A07C61F38200CC
:105FA000A07420688719A07C2C3CC0F3C00010BBF3
:105FB000E06A00281FDC002F1DDB94F83E0000F093
:105FC000010060B9206950B1204621698847054623
:105FD000E0692844E061606A2844606200BFA0680C
:105FE00010B12046A168884794F83E0020F00800D0
:105FF000083084F83E00E06A3044E062E06A00283D
:106000001BDBD4E90A10884201DDA06AE062204669
:10601000A16988470546206AA84206D025626068C3
:1060200018B12946D4E900029047D4E90A10884201
:1060300002DB2046FFF742FF00BF00BF0D4800789B
:1060400020B10B48FEF7CFFB044604E02146084888
:10605000FEF7E1FB0446002C91D128F02EFD024909
:106060000860BDE8F08100008C0200209102002051
:1060700090C5002090020020F7B582B004460E467D
:1060800014B9049805B0F0BD00BF63223146204624
:1060900022F0E8FC0190019D00BFBDB12868A8B1C5
:1060A00000BF64223146204622F0DCFC01900198BA
:1060B000C0B207464FB13A462B6828460499984724
:1060C0000190BDF80400ADF8100000BF0498D9E7B6
:1060D00070B504460D46606818B129466068FFF740
:1060E000F7FF206818B1294620462268904770BD06
:1060F00070B505460C46A1B2284614F04DF970BDA6
:1061000070B505460C46A1B2284614F096F970BD4C
:1061100010B50DF083FC10BD70B505460C46164653
:1061200006E028466A1C95B200F008F804F8010B56
:10613000301EA6F101018EB2F3D170BD70B50446D8
:1061400000260DF035FD2112A02202EB4101C8B25C
:106150000DF0F6FC0DF074FD2546E11704EB11611E
:106160000912A4EB0121C8B20DF0EAFC0DF068FDA4
:106170000DF01EFDA1200DF0E3FC0DF061FD0020EF
:106180000DF0AEFC06460DF03BFD304670BD70B51F
:1061900005460C46164606E02178284600F009F828
:1061A000681C85B2641C301EA6F101018EB2F3D1C9
:1061B00070BD70B504460E460DF0FAFC2112A02207
:1061C00002EB4101C8B20DF0BBFC0DF039FD2546D4
:1061D000E11704EB11610912A4EB0121C8B20DF023
:1061E000AFFC0DF02DFD30460DF0AAFC0DF028FDA2
:1061F0000DF006FD0A2001F0BDFF70BD70B504462C
:106200000D4600BF204600F03BF818B100BF00BFAC
:1062100000BFFEE700BF284600F050F9001D61688E
:1062200008446060204600F03AF8204670BD70B522
:1062300005460C46284600F041F904F11001884259
:1062400001D3012070BD0020FCE70146A1F1080048
:1062500070477CB505460C46204600F02FF90646EF
:106260006A4601A929F0BCFD21462846DDE9003235
:106270000EF092FD7CBD0146087900F001007047E8
:1062800010B50446204600F019F908B9012010BDE8
:106290000020FCE70146087900F00200704770B565
:1062A0000446204600F097F805462C60284670BD4D
:1062B0007CB506460C4600200190009000256CB18C
:1062C0006A4601A9204629F0A8FD01980A2805DAA6
:1062D0006A4601A930462BF067FF054685B100BF2D
:1062E000284600F0EBF8A04203D200BF00BF00BF79
:1062F000FEE700BF29463046DDE900322BF0BCFB4B
:1063000028467CBD70B504462046FFF7C8FF054609
:10631000284600F0BEF8204600F0B6F870BD70B513
:106320000446204600F057F80546284600F0B6F827
:10633000204600F0BEF870BD70B506460D462846F2
:1063400000F049F8044600BF1CB900BF00BF00BF01
:10635000FEE700BF2046FFF78EFF90B100BF284642
:10636000FFF78EFF18B100BF00BF00BFFEE700BF00
:106370002146304600F076F821462846FFF73EFFDA
:106380000546284670BD70B506460D462846FFF7FF
:1063900081FFF0B1284600F057F8044600BF1CB951
:1063A00000BF00BF00BFFEE700BF00BF2046FFF7F1
:1063B00062FF18B900BF00BF00BFFEE700BF214663
:1063C000304600F04FF829462046FFF717FF0546F4
:1063D00000BF284670BD2DE9F0410446204600F07C
:1063E0006DF8061F204600F0B8F80746314629F040
:1063F000D1FF054600BF2046FFF742FF18B100BF9E
:1064000000BF00BFFEE700BF2846BDE8F0812DE9D0
:10641000F04106460C461546002794B100BF1DB951
:1064200000BF00BF00BFFEE700BF2A46214630463E
:1064300000F097F82046FFF772FF204600F08DF835
:1064400007463846BDE8F08110B5044600BF204637
:10645000FFF720FF18B900BF00BF00BFFEE700BF75
:10646000206810BD7CB505460C46204600F026F895
:1064700006466A4601A929F0B3FC21462846DDE913
:1064800000322BF0F9FA7CBD416841F00101416016
:106490007047416841F0020141607047416821F056
:1064A000020141607047426802F003030B434360FE
:1064B0007047416821F0010141607047014648681A
:1064C00020F0030070472DE9F04706460C463046A1
:1064D00000F043F88046211F29F05CFF0746304654
:1064E000FFF7ECFF211D451A00BF384600F035F8D4
:1064F0008146384600F031F880460421FFF7DDFA86
:10650000814503D000BF00BF00BFFEE700BF00BF52
:106510003046FFF7D3FF2919091D884203D000BF79
:1065200000BF00BFFEE700BF29463846FFF7BBFFAC
:1065300000BF3846FFF7C2FF0C2803D200BF00BFE0
:1065400000BFFEE700BF21463046FFF7ACFF3846EC
:10655000FFF7D8FE3846BDE8F087014601F1080094
:1065600070472DE9F04106460C46154600BF20460F
:10657000FFF781FE18B900BF00BF00BFFEE700BFF4
:1065800029462046FFF753FE78B129462046FFF7FB
:106590009AFF07462046FFF782FE3846FFF779FF4D
:1065A00039463046FFF755FE00BFBDE8F0812DE9C2
:1065B000F04106460C46154600BF2046FFF75BFE3D
:1065C00018B100BF00BF00BFFEE700BF294620464C
:1065D000FFF72DFE88B129462046FFF774FF0746D6
:1065E0003846FFF75BFF39463046FFF7A5FE074602
:1065F00039463046FFF72DFE00BFBDE8F0812DE99A
:10660000F843064634461CF031FD804640461CF0F7
:1066100072FD78BB30461AF0FEF838B3304619F0F8
:1066200076FF208FE18E884212D0E08E2087E08EA8
:1066300000906A461C2130461AF0DAFB0746012F0B
:1066400002D03846BDE8F883304623F02CF800BF6E
:1066500040461CF060FD0546042D06D1304620F072
:1066600083FE074600211BF0F4FA09E030461AF0D9
:1066700035F905E0FFE7208FE086304623F013F878
:106680000120DFE72DE9F041044620461AF0AAFB7D
:106690000546284620F0C2FE0646284614F02AFF8A
:1066A000074601223946304627F0B2FBBDE8F081AB
:1066B0000146C1F3C01070470146C1F38010704716
:1066C0000146C1F3C01070470146C1F30020704776
:1066D0000146C1F3C00070470146C1F34010704746
:1066E0000146C1F3402070470146C1F300307047B6
:1066F0000146C1F3001070472DE9F04F89B0044600
:106700000D460021204620F024FD30B91C212846EA
:106710001EF0E1FE09B0BDE8F08F2946204600F0EA
:106720000BFB2946204600F07DF80021204621F091
:1067300043FF08900021204622F0C4F80790002172
:10674000204621F0F9FC012800D100E0002081461C
:106750000021204622F06CFB07460021204621F054
:10676000D9FD064642F2D170874205D1608CC0F354
:10677000802008B9012000E000208246204620F059
:1067800088FD069000BF4FF000082448028841466B
:10679000204622F067F903900398C0B200BF8346F9
:1067A000AA6829692868CDE90209CDE900125A468C
:1067B0005146089B06980CF093FC288342F2D17056
:1067C000864205D1608CC0F3402008B9012000E06A
:1067D00000200590204620F03DFD049000BF4FF0C2
:1067E00000080F4802884146204622F03BF90390FA
:1067F0000398C0B200BF83460023EA6869686869ED
:10680000CDE90213CDE900025A46079BDDE90401F8
:106810000CF066FC688300BF7CE70000820100206A
:10682000860100202DE9F34F87B00C4607980BF046
:1068300075FC8046079820F02CFD0690404601F03C
:1068400084F92061216948001EF08EFB20602169D7
:1068500048001EF089FBA060002548E058480290DF
:1068600038F9150041F69A7188423FD10020019015
:1068700029E00199079820F06CFC0090514900989C
:1068800022F07FFB00B11BE000980BF065FC824614
:10689000BAF1010F00D013E000980BF04DFC8346D5
:1068A000AB4500D00CE0009822F003FB029988422F
:1068B00001DA029802E0009822F0FBFA029000BF91
:1068C0000198401C0190079820F061FC01998842D2
:1068D000CFD80298002804DB0298A16821F815009F
:1068E00003E00021A06820F8151000BF6D1C20698E
:1068F000A842B3D80026B14600251BE038F91500A0
:1069000041F69B71884202DB411A0E4411E041F6C8
:106910009A71884206D1A16831F8151049440FFADE
:1069200081F906E0A16821F8150009EB00010FFAD2
:1069300081F96D1C2069A842E0D80021079821F058
:106940003BFE05902169491EDDE9050200FB11208F
:1069500000B206900698A0EB090007B2002F00DAFB
:1069600000274FF0FF30049000200390002513E033
:1069700038F9150041F69B7188420CDB421A11B2BE
:1069800007FB01F2B2FBF6F212B2A36823F815205E
:106990000495039100BF6D1C2069A842E8D80498B3
:1069A00000280ADB0398301A7843B0FBF6F0381A57
:1069B00001B2A268049822F8101009B0BDE8F08F67
:1069C00001E0FFFF010006002DE9FC5F0546002203
:1069D0001146284623F02CFF0021284621F013FC05
:1069E00081460021284621F094FF484407B2002147
:1069F000284621F045FD48440FFA80FA284621F048
:106A000001FB384450440FFA80FB3B4E284620F0EF
:106A1000BEFB01904FF000085CE0A868006850F8E9
:106A200028403649204622F0ACFA00B150E020461A
:106A300022F0B6FE002839D10021204621F014FBB7
:106A40000090009830B1012807D0022804D0032814
:106A500015D100E000BF00BF00BFB4F91A10B5F9AE
:106A60001600081A401CB04201DA304605E0B4F9BD
:106A70001A10B5F91600081A401C06B214E00021DD
:106A8000204622F009FA70B904F1140013F0AFFDAA
:106A90003844B04201DA304604E004F1140013F047
:106AA000A6FD384406B200BF00BF10E0B4F91A10CA
:106AB000B5F91600081A401CB04201DA304605E06C
:106AC000B4F91A10B5F91600081A401C06B200BF36
:106AD00008F10108019880459FD30748864209D0F4
:106AE00006EB0A0006B25E4502DD3046BDE8FC9FBB
:106AF0005846FBE75846F9E701E0FFFF01000400B4
:106B00002DE9FC5F054600221146284623F074FE5D
:106B10000021284621F077FB82460021284621F0FB
:106B200035FE50440FFA80F80021284621F085FDFB
:106B300050440FFA80F9284621F074FA4844404442
:106B400000B20190724C284620F021FB83460021C0
:106B5000284621F0CAFA012866D100265BE0A86821
:106B6000006850F826706B49384622F00AFA00B1E6
:106B700050E0384622F014FE002839D10021384672
:106B800021F072FA0090009830B1032805D0062851
:106B900004D0082815D102E000BF00BF00BFB5F93E
:106BA0001800B7F91410401A401CA04201DA204620
:106BB00005E0B5F91800B7F91410401A401C04B2EA
:106BC00014E00021384622F05AF970B907F1140098
:106BD00013F080FD4044A04201DA204604E007F1B2
:106BE000140013F077FD404404B200BF00BF10E072
:106BF000B5F91800B7F91410401A401CA04201DA88
:106C0000204605E0B5F91800B7F91410401A401CE9
:106C100004B200BF761C5E45A1D33D48844269D0D2
:106C200004EB090004B265E000265BE0A868006898
:106C300050F826703749384622F0A3F900B150E0E9
:106C4000384622F0ADFD80BB0021384621F00CFA19
:106C50000090009830B1012805D0042804D00728FE
:106C600015D102E000BF00BF00BFB7F91800B5F9A9
:106C70001410401A401CA04201DA204605E0B7F982
:106C80001800B5F91410401A401C04B215E0002198
:106C9000384622F001F978B907F1140013F01AFD13
:106CA0004844A04202DA204605E008E007F114005B
:106CB00013F010FD484404B200BF00BF10E0B7F964
:106CC0001800B5F91410401A401CA04201DA204601
:106CD00005E0B7F91800B5F91410401A401C04B2C9
:106CE00000BF761C5E45A1D30948844202D004EB64
:106CF000080004B20648844202D10198BDE8FC9F16
:106D00000198844201DD2046F8E70198F6E700008B
:106D100001E0FFFF0100040010B5044620681EF0EA
:106D20009FF960681EF09CF9A0681EF099F9E06870
:106D30001EF096F910BD00002DE9F34F87B00C4608
:106D400007980BF0DBFF8046404600F0FEFE6061D6
:106D5000616948001EF008F96060616948001EF032
:106D600003F9E060002548E05948029038F9150021
:106D700041F69A7188423FD10020019029E00199A3
:106D8000079820F0E6F900905249009822F0F9F8AF
:106D900000B11BE000980CF079F88246BAF1010FBF
:106DA00000D013E000980CF061F88346AB4500D0AA
:106DB0000CE0009820F0E2FA0299884201DA029889
:106DC00002E0009820F0DAFA029000BF0198401C1F
:106DD0000190079820F0DBF901998842CFD80298FA
:106DE000002804DB0298E16821F8150003E0002088
:106DF000E16821F8150000BF6D1C6069A842B3D896
:106E00000026B14600251BE038F9150041F69B71BC
:106E1000884202DB411A0E4411E041F69A71884221
:106E200006D1E16831F8151049440FFA81F906E0FE
:106E3000E16821F8150009EB00010FFA81F96D1CDA
:106E40006069A842E0D80021079821F03BFD069038
:106E5000079820F0FFF901466269521E069800FB70
:106E6000121000B205900598A0EB090007B2002FA0
:106E700000DA00274FF0FF30049000200390002537
:106E800011E038F9150041F69B7188420ADB421A7D
:106E900011B207FB01F2B2FBF6F212B2E36823F87B
:106EA000152000BF6D1C6069A842EAD8049800282C
:106EB0000ADB0398301A7843B0FBF6F0381A01B2B7
:106EC000E268049822F8101009B0BDE8F08F0000C5
:106ED00001E0FFFF010006007CB504460D461646A2
:106EE00028882189084400B2ADF8000068886189CB
:106EF000084400B2ADF80200A8882189084400B215
:106F0000ADF80400E8886189084400B2ADF80600D5
:106F1000324669462046636998477CBDF8B5054608
:106F20000E462C46206B10B1206B007818B9606BB0
:106F300008B90120F8BD606B58B1284627F05DFB09
:106F40000746104909688847616B884201D30020D1
:106F5000F0E7206B98B1002000900AE069460A4AE9
:106F6000206B126890470746B74201D10120E1E744
:106F700000BF206B0099405C0028EFD1DAE70120C8
:106F8000D8E70000E8020020D80200202DE9FF4FDA
:106F90008FB00F46209DF87800F0010008B1FA4844
:106FA00000E0FA480E90F87800F0010008B1F848C7
:106FB00000E0F8480D90F87800F0010008B9F448B6
:106FC00000E0F4480C9001200B90B5E000220B92F9
:106FD00000206A88B5F804C0A2EB0C0211B20026AA
:106FE0001AE006EB860CEA6802EB8C02127C02F0D7
:106FF000010242B906EB860CEA6802EB8C02928928
:10700000024410B207E006EB860CEA6802EB8C0241
:1070100012898A1A11B2761C2A69B242E1D8002676
:1070200085E006EB860CEA6802EB8C02127C02F02B
:107030000102002A7AD191FBF0F80FFA88F306EBEF
:107040008609D5F80C8008EB8908B8F80C8008FB95
:1070500003F80FFA88F206EB8609D5F80C8008EBE6
:107060008908B8F9049006EB860AD5F80C8008EB7D
:107070008A08B8F90680904501DD904607E006EBE6
:10708000860AD5F80C8008EB8A08B8F90680C14555
:1070900008DD06EB8609D5F80C8008EB8908B8F9FD
:1070A000048013E006EB8609D5F80C8008EB89080C
:1070B000B8F90680904501DD904607E006EB8609A9
:1070C000D5F80C8008EB8908B8F90680C4469445C9
:1070D0000BD04FF0010806EB860AD5F80C9009EBAF
:1070E0008A09C9F81080CDF82C8006EB8609D5F8FE
:1070F0000C8008EB8908A8F808C006EB8609D5F8CB
:107100000C8008EB8908B8F80C80A0EB08080FFA8F
:1071100088F006EB8609D5F80C8008EB8908B8F8EA
:107120000880A1EB08080FFA88F100BF761C2A69D5
:10713000B2423FF676AF00BF0B9800287FF446AF0F
:1071400000210F9820F0EBFF012800D100E0002083
:107150000A9000200990089008A809A9CDE900101C
:1071600029890BB2B5F9022038781E9929F015F952
:10717000F87800F0010048B10A9838B10F9820F073
:1071800088F8BDF82410084400B2099011990F98AE
:107190001FF0DFFF04468AE17F49204621F0F1FE1F
:1071A00040B1F878C0F3800111AA0F980BF0E1FB11
:1071B00004467CE10021204621F082F807900798E0
:1071C000002858D000200390002610E006EB86012E
:1071D000E86850F82100A04208D106EB8600E96873
:1071E00001EB8000B0F90800039003E0761C2869E9
:1071F000B042EBD800BFF87800F0010030B1608CED
:1072000020F4806000F58060608405E0608C20F4EC
:10721000007000F50070608404F114000D99884737
:107220000399884226D0204622F03DFA00BFA08A6A
:10723000ADF80400E08AADF80600208BADF8080038
:10724000608BADF80A0000BF04F114000E9A039998
:10725000904701AA2921204619F0CAFD204620F0B6
:10726000DDF822462221009019F0C2FD204622F0CE
:107270001AFA00BF07E0608C20F480606084608CA4
:1072800020F400706084002006907878012812D0E5
:10729000022819D104F114000C998847B5F900109F
:1072A000491C21F00101081A039000EBD070401036
:1072B00000B2069009E004F114000C99884729886F
:1072C000081A00B2069000E000BF00BFF87800F096
:1072D000010050B10A9840B104F114000D9988479B
:1072E000BDF82410081A00B209900020039043F260
:1072F0000C022046039921F0B5FB029002980FFA88
:1073000080F800BF0020039043F20D02204603994D
:1073100021F0A8FB029002980FFA80F900BF2046E6
:1073200021F0C7FD0590204620F028F8049008F4CD
:10733000C040B0F5005F01D1012000E0002030B175
:1073400028F4C040B0F5FA6F01DC012000E0002015
:1073500090B128F4C040B0F57A7F04DD28F4C04035
:10736000C0F57A7001E028F4C040059948436421D3
:1073700090FBF1F00FFA80F809F4C040B0F5005F1F
:107380000CD101200BE0000013A8010807A8010898
:1073900053A7010843A6010801000600002030B1F0
:1073A00029F4C040B0F5FA6F01DC012000E00020B4
:1073B00090B129F4C040B0F57A7F04DD29F4C040D3
:1073C000C0F57A7001E029F4C04004994843642173
:1073D00090FBF1F00FFA80F9A18A1C98401A404402
:1073E0000FFA80FAE18A1D98401A48440FFA80FB90
:1073F000F87800F0010010B1BDF9240000E0069813
:1074000050440FFA80FAF87800F0010008B10698AD
:1074100001E0BDF9240058440FFA80FBBAF1000FD7
:1074200002D1BBF1000F1BD0204622F03CF9A08A0C
:10743000504400B2A082208B504401B22183E08AE4
:10744000584401B2E182608B584401B26183204606
:1074500022F029F901235A465146204622F000FA2B
:10746000F87800F0010008B10A9870B904F114002E
:107470000D9988471F990844BDF820100844BDF8AD
:107480002410084400B2099008E0BDF820101F98AD
:107490000844BDF82410081A00B20990F878C0F327
:1074A000800111AA0F980BF064FA044600BF24B1C2
:1074B000DDE9111081427FF46FAE13B0BDE8F08FAB
:1074C0002DE9F04F8DB005468946B9F1000F02D184
:1074D0000DB0BDE8F08FA5F81890286810B12868A5
:1074E0001DF0D6FD09EB4901062202EB41001DF01B
:1074F00001FD286000BF286818B900BF00BF00BFA9
:10750000FEE700BF286868600221286801FB0900C7
:10751000801CE8600421286801FB0900001DA860A8
:10752000B9F1010F0CD1B420696808700020E96836
:1075300008800120E96848800020A9680880C7E722
:1075400009F10101C8001DF00FFD074609F1010016
:1075500007EB80084FF0000A4FEA890002B20BA93E
:107560000CA800F067F90024BDF9300080100790E6
:1075700000200390CCE0002616E00BA90CA800F038
:1075800061F90CA800F04BF900B90FE0BDF930002B
:10759000801007A941F82600BDF8300000F0030074
:1075A00003A941F82600761C042EE6DB00BF042E5A
:1075B00000D0B3E00A990798884219D1079800B221
:1075C00027F814000FFA8AF028F81400DDE9030107
:1075D000084405990844069908446968085568688C
:1075E000005D0007000E69680855601C04B28DE05C
:1075F000DDE9070188422CD0079800B227F8140073
:107600000FFA8AF028F8140003986968085568682A
:10761000005D0007000E69680855601C04B20798F9
:10762000401E00B227F814000FFA8AF028F8140060
:107630000498001D0599084406990844696808558E
:107640006868005D0007000E69680855601C04B298
:107650005CE00999079888422CD0079800B227F877
:1076600014000FFA8AF028F81400DDE90301084439
:10767000696808556868005D0007000E696808556C
:10768000601C04B20798401E00B227F814000FFADD
:107690008AF028F8140005980830069908446968AB
:1076A00008556868005D0007000E69680855601C91
:1076B00004B22BE0079800B227F814000FFA8AF002
:1076C00028F81400DDE903010844059908446968B5
:1076D00008556868005D0007000E69680855601C61
:1076E00004B20798401E00B227F814000FFA8AF07F
:1076F00028F8140006980C30696808556868005D21
:107700000007000E69680855601C04B20AF1010AFE
:107710000CA800F084F800287FF42DAF00BF40F2E1
:10772000D32109FB01F00290029880120190601EA3
:1077300037F910100198814205D1601E38F91010F8
:107740000198814226D0DDE90121A1EB8220B0F52C
:10775000007F04DC00FB00F14800001407E0C0F5E6
:10776000806000FB00F148000014C0F10F00019997
:1077700009B227F81410019909B228F814106A68A0
:1077800010556968095D0907090E6A681155611C81
:107790000CB200BFA61E0EE038F8160027F8140041
:1077A00037F8160028F814006868805D6968085585
:1077B000761E601C04B2002EEEDA4FF0000B00269D
:1077C0000020E968088023E0E96821F81B6037F8A9
:1077D0001600A96821F81B0010E0A86830F81B000B
:1077E00037F91610884203DAA86830F81B0001E068
:1077F00037F91600A96821F81B00761C38F9160025
:10780000584501D1A642E8DB0BF101000FFA80FBDD
:10781000A642D9DB38461DF023FC00BF58E60146DE
:10782000B1F90200B1F90020904201DC012070475B
:107830000020FCE7028000234380C2F101031BB259
:107840000B807047B1F90020002A07DC0B884288C2
:107850005200D21C1A4412B20A800CE042880388FB
:10786000D21A5200521D0B881A4412B20A800288A2
:10787000521E12B202804288521C12B242807047DD
:1078800037B582B01546022D04DCBDF80C10084651
:1078900005B030BDBDF80C00C00ABDF8081000EB03
:1078A000D1241F2C01D2204600E01F20BDF8081073
:1078B00060F3CF210291BDF80C00C0F34510BDF874
:1078C0000810C1F3451144183F2C01D2204600E0B6
:1078D0003F20BDF8081060F34A110291BDF80C007A
:1078E00000F01F00BDF8081001F01F0144181F2C04
:1078F00001D2204600E01F20BDF8081060F304010B
:107900000291FF2D03D1BDF808100846C0E72A46B2
:10791000DDE9020115F006F80190BDF804100846F3
:10792000B6E717B581B01446022C04DCBDF8081088
:10793000084604B010BDBDF80400C00ABDF8081028
:10794000C90A10FB01F04109BDF8040061F3CF2022
:107950000190BDF8040000F01F00BDF8081001F010
:107960001F0110FB01F04109BDF8040061F30400A0
:107970000190BDF80400C0F34510BDF80810C1F334
:10798000451110FB01F08109BDF8040061F34A10B4
:107990000190FF2C03D1BDF804100846C9E7224628
:1079A000DDE9010114F0BEFF0090BDF800100846AB
:1079B000BFE737B582B01546022D04DCBDF80C10C8
:1079C000084605B030BDBDF80C00C00ABDF808106F
:1079D000A0EBD124002C01DD204600E00020BDF802
:1079E000081060F3CF210291BDF80C00C0F34510E0
:1079F000BDF80810C1F34511441A002C01DD2046E2
:107A000000E00020BDF8081060F34A110291BDF8B3
:107A10000C0000F01F00BDF8081001F01F01441A0F
:107A2000002C01DD204600E00020BDF8081060F3C6
:107A300004010291FF2D03D1BDF808100846C0E7EC
:107A40002A46DDE9020114F06DFF0190BDF8041033
:107A50000846B6E708B5034600930098484080EA18
:107A6000620008BD2DE9F84F8046404619F0BAF98A
:107A70008246404619F055F9064650461FF0CEFCA6
:107A800081462B2E09D1484626F0B5F9044600223E
:107A90002146484626F0BCF93AE00A2E38D169461C
:107AA00050461FF03DFD50461FF0F3FB04460021F9
:107AB000484620F04EFB01280AD1204604EBD07145
:107AC000BDF90020C2EB610191FBF4F10DB209E0B8
:107AD000204604EBD071BDF9002002EB610191FB5F
:107AE000F4F10DB2002D00DA00250027484626F0FB
:107AF00082F9A84200D0012701222946484626F0F3
:107B000087F927B100221C21484619F071F900BFFE
:107B1000BDE8F88F10B58060C060002303610021CC
:107B200010E0002400F1140343F82140002206E095
:107B300000F13C0303EBC11343F82200521C202A3E
:107B4000F6DB491C0A29ECDB10BD0146002000E0F1
:107B5000401C31F9102041F6FF739A42F8D170476A
:107B600010B500BF00224FF400611148FAF7F4F895
:107B700000BF00F021F800BF012211460D48FAF7BE
:107B8000EBF800BF00F018F800BF002201210948FF
:107B9000FAF7E2F800BF00F00FF800BF0122D102AF
:107BA0000348FAF7D9F800BF00F006F810BD00004E
:107BB000001402400004024010B5022000F0E6FA72
:107BC00010BD000000B587B000BF00BF00200190CD
:107BD0001A48006840F0020018490860084600682A
:107BE00000F00200019000BF00BF00BF00BF00BF57
:107BF000002001900846006840F020000860084618
:107C0000006800F02000019000BF00BF00BF01200D
:107C1000029011200390012004900320059002A9F6
:107C20000748F9F785FF4FF40060029002A9054864
:107C3000F9F77EFF00F0BEF807B000BD3038024013
:107C4000000402400014024010B500BF0122D1021E
:107C50000C48FAF781F800BFFFF7AEFF00BF012222
:107C600011460948FAF778F800BFFFF7A5FF00BFF3
:107C7000002201210448FAF76FF800BFFFF79CFFCC
:107C800010BD0000001402400004024070B505461B
:107C9000002400261DE06006040E00BF01221146EC
:107CA0001148FAF759F800BFFFF786FF4FF400615B
:107CB0000E48FAF73FF808B1601CC4B200BF0022BA
:107CC00001210948FAF748F800BFFFF775FF701C5B
:107CD000C6B2082EDFDB15B9FFF7B6FF01E0FFF7EC
:107CE0003FFF204670BD0000000402400014024027
:107CF00070B50446002525E000BFE00928B1012247
:107D0000D1021548FAF728F805E000224FF4006187
:107D10001148FAF721F800BFFFF74EFF00BF01221C
:107D200011460E48FAF718F800BFFFF745FF00BFED
:107D3000002201210948FAF70FF800BF6006040E7F
:107D4000681CC5B2082DD7DB00BF0122D102024852
:107D5000FAF702F800BF70BD0014024000040240B0
:107D600010B500BF0122D1021048F9F7F5FF00BF9E
:107D700000BF012211460E48F9F7EEFF00BFFFF7E2
:107D80001BFF00BF00224FF400610848F9F7E4FF31
:107D900000BFFFF711FF00BF002201210448F9F7DF
:107DA000DBFF00BFFFF708FF10BD0000001402401A
:107DB0000004024010B500BF00224FF400610C48DF
:107DC000F9F7CAFF00BFFFF7F7FE00BF0122114617
:107DD0000848F9F7C1FF00BFFFF7EEFE00BF012220
:107DE000D1020348F9F7B8FF00BFFFF7E5FE10BD69
:107DF000001402400004024070B50024002500BFBA
:107E00000122D1021648F9F7A7FF00BFFFF7D4FE01
:107E100000BF012211461348F9F79EFF00BFFFF78C
:107E2000CBFE09E0601CC4B2FA2C03DDFFF7C2FFF1
:107E3000012508E0FFF7C0FE4FF400610848F9F79C
:107E400079FF0028EED100BF00BF002201210548C4
:107E5000F9F782FF00BFFFF7AFFE284670BD0000B4
:107E600000140240000402407CB506460D4634462C
:107E70005020005D00F00100A84233D00DB1012078
:107E800000E000205021095D60F300015020015501
:107E900004F14401684612F09AFBBDF80000616AE3
:107EA000898A084400B2ADF80000BDF80210606A8B
:107EB000C08A084400B2ADF80200BDF80400616A4F
:107EC000898A084400B2ADF80400BDF80610606A63
:107ED000C08A084400B2ADF806006946304621F079
:107EE0001CFC00BF7CBD37B582B005461446214658
:107EF000039814F091FB0190BDF80410084605B0FA
:107F000030BD2DE9FF4F8DB005460E461446F07A80
:107F1000022803DC012011B0BDE8F08F30893269FE
:107F200001460C901098FCF787F907460FB900201E
:107F3000F1E7397D01F01F001AF067F810B14FF03A
:107F400006080AE0397D01F01F001AF041F810B16F
:107F50004FF0050801E04FF00408386A38B100BF5F
:107F600000BF214628463A6A2AF01FFBDEE0B869C6
:107F7000002859D021460BA812F0F3FA308818B91E
:107F80007088B0F5807F32D0204612F0CDFB83465A
:107F900000BFE0886188401A401C00B20890301D84
:107FA0007188CDE90010308803B259460BA8089AB1
:107FB000FBF76CFCBDF82C002188084400B2ADF83A
:107FC0002C00BDF82E006188084400B2ADF82E00E8
:107FD000BDF830002188084400B2ADF83000BDF88B
:107FE00032006188084400B2ADF8320000BF0BAA2D
:107FF00009A8A968FBF754F98146B9F1000F04D12B
:10800000384601F03AFC012085E7D5F808A009A818
:10801000A860CDF80080224631462846BB6915F09D
:108020004DFDC5F808A081E022460BA8A968FBF722
:1080300037F90A900A9820B9384601F01EFC012051
:1080400069E70BA812F070FB09900BA812F06CFB0B
:1080500000EB400003901CF087FF8146D5F808A094
:108060000BA907A812F07DFA012107A812F0CBFB9B
:10807000BDF92C00B4F90010401A0690BDF92E008D
:10808000B4F90210A0EB010BBDF92E00059042E0FF
:1080900007AA514602A8FBF703F90A900A9800B90B
:1080A00036E0CDF80090099803B20FFA8BF20698EB
:1080B00001B238461AF0D6FC0490049801280ED07C
:1080C00038461AF0EFFB00BF00BF48461CF0C8FF5F
:1080D000384601F0D2FBC5F808A000201BE702A833
:1080E000A8604B4607AA31462846CDF8008015F017
:1080F000E5FCBDF81E00401C00B2ADF81E00BDF846
:108100002200401C00B2ADF822000BF1010B00BFB1
:108110000598401C0590BDF9321005988142B7DAE8
:10812000C5F808A048461CF09BFF00BF384601F088
:10813000A4FB0120EFE600BF00BF704770B5044606
:108140000420FAF7D5FA0A48046025464FF47A70FD
:1081500045434FF0E020006940F002004FF0E0217D
:10816000086108464561006940F00100086170BD82
:108170001000002030B50446002504E04FF47A706A
:1081800000F004F86D1CA542F8D330BD70B503466D
:1081900000224FF0E02675690D4E366803FB06F4A9
:1081A0004FF0E026B16910E04FF0E026B069884258
:1081B0000BD0884202D20E1A324402E02E1A0E442C
:1081C00032440146A24200D300E0EDE700BF70BD9B
:1081D00010000020F8B506460C4615460095B4F987
:1081E0000630B4F90420B4F90210B4F900000DF01F
:1081F0000CFD304615F022F9F8BD10B510F0DAF993
:1082000001200DF0F7FB10BDF8B505462C461AF01D
:108210002DFF0646206B26F043FC3168898B88428F
:108220002CD2606A009094F83C0000F0030020B16A
:10823000012806D002280CD107E00020ADF800008C
:1082400007E064208DF8020003E064208DF803004D
:1082500000BF00BF30461BF0CDF82846009914F04F
:1082600084FF50B100221C21284618F0C1FD0746AA
:10827000012F01D03846F8BD00BF00BF26F01DFC1D
:1082800020630120F7E700002DE9F04F9BB007467F
:1082900089461646BA4617A815F08DF94FF4A02165
:1082A00038461FF0F9FE9DF8691060F382018DF8E1
:1082B0006910304612F054FA054600EBD5704FEACB
:1082C00060083088404400B2ADF8580070884044DF
:1082D00000B2ADF85A000021384620F090F8159011
:1082E000494603A81EF0EAFC17A80B904FF4003093
:1082F000109033480490002005900AF13000FCF7FC
:1083000097FA044657E02079032800D04DE0208BEF
:10831000ADF85C00208A00B2ADF85E006079FD28FF
:1083200001DD159803E060791599484300128DF836
:1083300068002568B5F92000E98B08440090B5F97C
:108340002030D5E90512A0681CF0C0FD8346B5F9C0
:108350002000E98B08440090B5F92030D5E90512DA
:10836000E0681CF0B3FD0290608B404400B2ADF8B1
:108370004800149416A80C9003AA1A21384618F045
:1083800037FD029880B21FFA8BF1CDE90010BDF8DD
:10839000480083B216AA17A9484615F0EEF803AABA
:1083A0001B21384618F024FD00BF21460AF1300099
:1083B000FCF738FA0446002CA5D11BB0BDE8F08FBD
:1083C0000CC1030870B504460D460022294620461C
:1083D00007F082FE01222946204607F07DFE022298
:1083E0002946204607F096FC04222946204607F03D
:1083F00091FC70BD2DE9F74F9EB00C46E078022845
:1084000002DC21B0BDE8F08F1CA8209912F0A0F882
:10841000B4F9200001282EDD94F82200FD282ADB83
:10842000208840B3BDF8700014F8231F4908C1F339
:108430008001084400B2ADF87000BDF872002178E8
:108440004908C1F34001084400B2ADF87200BDF81C
:10845000740021784908C1F3C001401A00B2ADF898
:108460007400BDF8760014F82319C1F34001401AD6
:1084700000B2ADF876001E981CA982681AA8FAF717
:108480000FFF00B9BDE7E07B00F0070616B9A08832
:10849000199001E0E0881990BDF86410608981426C
:1084A00000D100261CA816F06FFA18901C2111A804
:1084B000F8F748FAA0788DF85D00BDF86400ADF8D3
:1084C0004C00189860B9208850B94EB91CA811907A
:1084D000E0788DF85C0011A91E9817F005F990E777
:1084E000E078FD2801DBFF2000E0E07810901CA878
:1084F00012F013F90F901CA812F095F80E90DDE918
:108500000E01814201DA0F9800E00E980D90B4F947
:1085100000100D98B1EB600F02DAB4F9000001E031
:108520000D98401007461AA812F0F7F881464FF050
:10853000FF300C9000200B90002F01DC189870B1D8
:1085400048461CF011FD0B9000233AB21CA905A867
:1085500016F092FD002105A815F010FF0C90BDF853
:108560006800ADF80C00BDF86C00ADF810000B9879
:10857000149003A811901690FF208DF85C00A01DA8
:10858000DDE90E2119F014F98046B8F1000F0CD086
:10859000022E0AD1BDF96810D8F8080000EB41009E
:1085A000BDF97010A0EB410012901898A0B3BDF96E
:1085B0006A502CE028B2ADF80E0028B2ADF81200D7
:1085C0004A4610990B981CF04CFFBDF968100FFA41
:1085D00089F32AB20B9816F087F98DF854009DF8AC
:1085E0005400012802D102208DF85400012E09D137
:1085F000BDF97210691AD8F8080000EB4100008834
:10860000ADF84C0011A91E9817F06EF86D1CBDF95D
:108610006E00A842CEDACCE0FFE700255CE0BDF8B2
:10862000720028440FFA80FABDF87600401B0FFA5A
:1086300080FBBDF96A00504504DDBDF96E00584568
:1086400000DA48E04A4610990B981CF00AFFBDF981
:108650000C100FFA89F352460B9816F045F98DF875
:1086600054009DF85400012802D102208DF85400D6
:10867000BDF96A00504514DCADF80EA0ADF812A0AB
:10868000012E0AD1BDF97210AAEB0101D8F8080039
:1086900000EB41000088ADF84C0011A91E9817F0BE
:1086A00023F8BDF96E00584514DBADF80EB0ADF8F7
:1086B00012B0012E0AD1BDF97210ABEB0101D8F84E
:1086C000080000EB41000088ADF84C0011A91E988D
:1086D00017F00AF800BF6D1CBD42A0DBBDF87000AA
:1086E000ADF80400BDF87400ADF80800BDF87200E4
:1086F000384400B2ADF80600BDF87600C01B00B2E9
:10870000ADF80A0001A816F03FF900900098B0B942
:10871000AEB9BDF87200384400B2ADF80E00BDF835
:108720007600C01B00B2ADF8120010988DF85C0006
:108730000020149011A91E9816F0D6FF38E010986A
:108740008DF85C0001208DF85400BDF97600A0EB97
:10875000070ABDF97200C51927E0009870B14A46B2
:1087600010990B981CF07DFEBDF968100FFA89F383
:108770002AB20B9816F0B8F88DF8540028B2ADF86C
:108780000E0028B2ADF81200012E09D1BDF9721009
:10879000691AD8F8080000EB41000088ADF84C00D9
:1087A00011A91E9816F0A0FF6D1C5545D5DD00BF20
:1087B00000BF0B9810B10B981CF052FC0C98401C99
:1087C00028B10C9816F040FD05A816F0B9F8B8F1DC
:1087D000000F02D0404618F0E2FF00BF11E62DE97D
:1087E000F0478EB007460C461546206910B90EB00A
:1087F000BDE8F087A07E022800DCF8E720691AF0C7
:10880000D5FB0646022E55D1002041F6FF71CDE979
:108810000001029003460DA8D4E9041226F038FDA9
:10882000284611F07AFF814600EBD970298801EBC8
:108830006000BDF9348008EBD871A0EB610000B294
:10884000ADF82C00BDF82C00BDF834100844401ED3
:1088500000B2ADF83000284611F0E5FE814600EB8D
:10886000D970698801EB6000BDF9368008EBD871DA
:10887000A0EB610000B2ADF82E00BDF82E00BDF8EF
:1088800036100844401E00B2ADF8320003A815F0BF
:10889000FDFC60690390208BADF81800A07E8DF878
:1088A0002600002000900BAA03A93846236915F082
:1088B00039F9AEE00DA920691AF020F88046B8F128
:1088C000010F02D000BF00BF91E707A815F00DF916
:1088D000A0788DF82800208BADF82400E07E8DF87C
:1088E0002600A07E8DF82700207FE8BB284611F0E7
:1088F00014FF824600EBDA70298801EB60000D99C5
:10890000C1F38A2909EBD971A0EB610000B2ADF87F
:108910001400284611F087FE824600EBDA70698861
:1089200001EB60000D994FEA515909EBD971A0EBA9
:10893000610000B2ADF81600BDF814000D99C1F346
:108940008A210844401E00B2ADF81800BDF8160098
:108950000D9900EB5150401E00B2ADF81A0005AA67
:1089600007A93846236900E002E015F06FF84FE0F0
:108970006888ADF81600BDF816000D9900EB51504F
:10898000401E00B2ADF81A003BE02888ADF8140094
:10899000BDF814000D99C1F38A210844401E00B2AD
:1089A000ADF8180017E005AA07A93846236915F0A5
:1089B0004DF8BDF814000D99C1F38A21084400B2A6
:1089C000ADF81400BDF818000D99C1F38A210844D0
:1089D00000B2ADF81800BDF91400B5F904108842D2
:1089E000E1DDBDF816000D9900EB515000B2ADF875
:1089F0001600BDF81A000D9900EB515000B2ADF809
:108A00001A00BDF91600B5F906108842BDDD00BF99
:108A100000BF00BFEBE62DE9F04F87B083460C4660
:108A2000164694F82200022802DC07B0BDE8F08F59
:108A3000208C00B9F9E794F82300C0F3440000B992
:108A4000F3E794F8230000F0010000B1EDE73046B1
:108A500011F063FE8146304611F0E5FD0746B4F99A
:108A60000050B94501DA484600E038468246B5EB89
:108A70006A0F01DD4FEA6A05314605A811F068FD6D
:108A8000BDF9141094F82300400800F0040010B160
:108A9000B4F9200003E0B4F920002844404208441F
:108AA00000B2ADF81400BDF9181094F82300400886
:108AB00000F0080010B1B4F9200003E0B4F9200080
:108AC00028444042081A00B2ADF81800BDF916104B
:108AD00094F82300400800F0020010B1B4F920001F
:108AE00003E0B4F9200028444042084400B2ADF845
:108AF0001600BDF91A1094F82300C0F3400010B11D
:108B0000B4F9200003E0B4F9200028444042081AD8
:108B100000B2ADF81A00208C281A0FFA80F8B8F1CC
:108B2000000F01DA4FF00008A07894F82210CDE988
:108B30000210E08BADF804002BB205AA314658466E
:108B4000CDF8008000F002F800BF6EE72DE9FF4F7E
:108B5000A3B00D4616461F463298FF2801DBFF20C2
:108B600000E032983290284615F00EFF22902298AD
:108B700068B967B9309850B93298009032462946A2
:108B8000319B239800F0A9FA27B0BDE8F08F239815
:108B90002946826820A8FAF783FB00B9F4E720A8E9
:108BA00011F0BBFD81461C2119A81CF094FC48461D
:108BB0001CF0DAF91C904FF0FF301890002F0ADDFE
:108BC00000233A46294612A816F056FA002112A8A8
:108BD00015F0D4FB1890012331460CA8309A16F0FA
:108BE0004BFA00210CA815F0C9FB0B9009A81990AD
:108BF0001E90BDF8C400ADF86C0032988DF87C0072
:108C000033988DF87D00B5F900003844B6F90010AE
:108C1000884203DDB5F90000384401E0B6F90000F0
:108C200000B2ADF81C00B5F90400C01BB6F9041081
:108C3000884203DAB5F90400C01B01E0B6F904006C
:108C400000B2ADF82000B5F902003844B6F90210C0
:108C5000884203DDB5F90200384401E0B6F90200AC
:108C600000B2ADF81E00B5F90600C01BB6F906103B
:108C7000884203DAB5F90600C01B01E0B6F9060028
:108C800000B2ADF8220007A811F047FD0690B5F933
:108C90000200B6F90210884201DC012000E0002049
:108CA0008246B5F90600B6F90610884201DB0120BC
:108CB00000E000208346229800284CD0BDF88000B8
:108CC000ADF82400BDF88400ADF82800BDF982405D
:108CD00029E0BAF1000F04D1BDF91E00A04200DD69
:108CE00020E0BBF1000F04D1BDF92200A04200DA60
:108CF0001DE020B2ADF8260020B2ADF82A004946AA
:108D00001C981CF01FFCBDF980100FFA89F322B2E9
:108D10001C9815F0E9FD8DF8740019A9239816F038
:108D2000E3FC00BF641CBDF98600A042D1DA00BF9D
:108D30000CA815F005FE0B9816F086FA1898401C42
:108D400028B112A815F0FCFD189816F07DFA1C98B1
:108D50001CF086F918E7B5F90000B6F90010884252
:108D600001DC012000E000200590B5F90400B6F90F
:108D70000410884201DB012000E000200490012063
:108D80000390059860B1049850B1BAF1000F07D074
:108D9000BBF1000F04D00698322801DA00200390BE
:108DA00001208DF87400BAF1000F15D0039898B126
:108DB000BDF81C00ADF82400BDF82000ADF8280077
:108DC0006888ADF826007088401E00B2ADF82A0011
:108DD00019A9239816F088FCBBF1000F15D0039851
:108DE00098B1BDF81C00ADF82400BDF82000ADF826
:108DF0002800F088401C00B2ADF82600E888ADF8E5
:108E00002A0019A9239816F06FFC059898B12888B4
:108E1000ADF824003088401E00B2ADF82800BDF83F
:108E20001E00ADF82600BDF82200ADF82A0019A9F1
:108E3000239816F059FC049898B1B088401C00B2F1
:108E4000ADF82400A888ADF82800BDF81E00ADF8E4
:108E50002600BDF82200ADF82A0019A9239816F0C3
:108E600043FC0398F0BBBDF88000ADF82400BDF8CA
:108E70008400ADF82800B5F90200B6F90210401AD6
:108E8000B84201DA384604E0B5F90200B6F902103A
:108E9000401A00B20290002442E06888204400B2E8
:108EA0000190E888001B00B20090BDF98210019883
:108EB000814205DDBDF986100098814200DA2EE07E
:108EC00049461C981CF03EFBBDF924100FFA89F3AB
:108ED000019A1C9815F008FD8DF87400BDF98210F8
:108EE000019800E020E0814209DC0198ADF82600FD
:108EF0000198ADF82A0019A9239816F0F5FBBDF9E1
:108F000086100098814209DB0098ADF82600009891
:108F1000ADF82A0019A9239816F0E6FB00BF641CDF
:108F200002988442B9DBC7E0BDF88000ADF82400A8
:108F3000BDF98410BDF91C00401E814202DABDF962
:108F4000840002E0BDF91C00401E00B2ADF828000C
:108F500009A811F0E2FB8046B8F1000F48DD059842
:108F600010B9BAF1000F1ED0BDF9824017E020B24F
:108F7000ADF8260020B2ADF82A0041461C981CF03E
:108F8000E1FABDF92410434622B21C9815F0ACFC5E
:108F90008DF8740019A9239816F0A6FB641CBDF97E
:108FA0001E00A042E3DC059810B9BBF1000F1FD0F2
:108FB000BDF92200441C17E020B2ADF8260020B213
:108FC000ADF82A0041461C981CF0BCFABDF92410EB
:108FD000434622B21C9815F087FC8DF8740019A93D
:108FE000239816F081FB641CBDF98600A042E3DAE9
:108FF000BDF98010BDF92000401C814202DDBDF9A1
:10900000800002E0BDF92000401C00B2ADF8240051
:10901000BDF88400ADF8280009A811F07EFB804659
:10902000B8F1000F48DD049810B9BAF1000F1ED056
:10903000BDF9824017E020B2ADF8260020B2ADF8AD
:109040002A0041461C981CF07DFABDF924104346C5
:1090500022B21C9815F048FC8DF8740019A92398C9
:1090600016F042FB641CBDF91E00A042E3DC04982C
:1090700010B9BBF1000F1FD0BDF92200441C17E04E
:1090800020B2ADF8260020B2ADF82A0041461C9867
:109090001CF058FABDF92410434622B21C9815F072
:1090A00023FC8DF8740019A9239816F01DFB641C8D
:1090B000BDF98600A042E3DA0CA815F041FC0B983C
:1090C00016F0C2F812A815F03BFC189816F0BCF880
:1090D0001C981BF0C5FF00BF56E52DE9FF4F89B076
:1090E00080460C461546DDF858901C2168461CF059
:1090F000F2F907A80090BDF83000ADF808008DF82F
:109100001890B4F90200B5F90210884201DC012080
:1091100000E000200646B4F90600B5F906108842C2
:1091200001DB012000E000200746B4F90000B5F99A
:109130000010884201DC012000E000208246B4F9E2
:109140000400B5F90410884201DB012000E0002092
:1091500083462088ADF81C00A088ADF82000608808
:10916000ADF81E006888401E00B2ADF822001EB1A6
:109170006946404616F0B8FAE888401C00B2ADF8DF
:109180001E00E088ADF822001FB16946404616F087
:10919000ABFA2088ADF81C002888401E00B2ADF85C
:1091A000200016B1B5F9020001E0B4F90200ADF8F3
:1091B0001E0017B1B5F9060001E0B4F90600ADF8DC
:1091C0002200BAF1000F03D06946404616F08CFA2F
:1091D000A888401C00B2ADF81C00A088ADF82000A3
:1091E000BBF1000F03D06946404616F07DFA0DB082
:1091F000BDE8F08F2DE9FF4F93B0074690469946A2
:109200004FF6FF70804502D117B0BDE8F08F3E46A3
:10921000746A208C1290208C484506D0A4F82090C7
:10922000608C20F00400001D60844FF480212046F3
:109230001FF0E5FC11904FF4802120461FF04FFDF8
:109240000546119818F008F88246384609F097FA52
:109250008346BBF81600ADF83E00BDF93E000AEBB0
:10926000050108FB010000B2ADF83E00284605EB01
:10927000D071BDF83E20A2EB610109B2ADF83E10FD
:10928000BDF83E0050442844401E00B2ADF84200F4
:10929000706A808AADF83C00706A008BADF84000BF
:1092A00001A815F0FFFF01AA4FF48021204620F00D
:1092B0004BF80FAA01A9149815F0D8FF1298208432
:1092C000608C20F00400608400BF9DE72DE9F04F22
:1092D00091B007460D46904699464FF6FF7080457F
:1092E00002D111B0BDE8F08F1097109F7C6A208CDE
:1092F0000F90208C484506D0A4F82090608C20F078
:109300000400001D608407A814F0C0FF07AA4FF4F2
:10931000802120461FF03DFF4FF4802120461FF0A2
:10932000DEFCADF82E00384609F029FA064606B9EB
:10933000D7E7079817F090FF8246F08AADF816003D
:10934000BDF91600BDF92E10514408FB010000B212
:10935000ADF81600BDF92E0000EBD071BDF8162057
:10936000A2EB610109B2ADF81610BDF81600504429
:10937000BDF82E100844401E00B2ADF81A00A08AB5
:10938000ADF81400208BADF8180005AA03A8A96851
:10939000F9F786FF8346BBF1000F13D0A86802904F
:1093A00003A8A86030461AF095FD019000200090B7
:1093B00006F1140207A92846019B14F0B3FB02989A
:1093C000A86000BF0F982084608C20F004006084A7
:1093D00000BF86E72DE9F04105463548006814F0E6
:1093E00047F804462868866BF06A10B13046F16A87
:1093F0008847206890B1606880B10CE02C48006814
:109400000068806A38B12A4A12681068284A1268CF
:109410001268916A884720690028EFD101202061F5
:10942000234800680068C068806900F0010050B1FE
:109430001F4800680068C0688069C0F3400010B130
:109440000120606101E000206061606908B10120D5
:1094500000E0002007462868406998B12868007C31
:10946000C0F3011048B12868007CC0F3800020B12F
:10947000D6E9001000F01EF804E0D6E900212868C3
:10948000FDF72AFD206880B1606870B12868007C13
:1094900000F0010000B147B12168A068884202D104
:1094A0006068A06001E02068A060BDE8F081000075
:1094B000540100202DE9F34F83B00446884800682A
:1094C0000568874800680068007CC0F3400040B130
:1094D000287CC0F3800020B100BF00BF05B0BDE80C
:1094E000F08F287CC0F3011002280AD121462846BB
:1094F000049A00F004F921462846049AFDF7ECFC92
:10950000EBE0287CC0F30110012804D0287CC0F3D4
:1095100001100328F4D1002002907148006813F074
:10952000A7FF8246204611F0DCF80646204611F0DF
:1095300065F883464FF4A050B0FBF6F000B25845F2
:1095400005DA4FF4A050B0FBF6F000B200E0584648
:109550000190B4F90280287CC0F3011001280BD1DE
:1095600068882188401A401E00B2E080E088801B95
:10957000401C00B2608006E0208860806088304433
:10958000401E00B2E08000279EE0ABEB070101988F
:10959000814201DD019801E0ABEB07000FFA80F991
:1095A0000120CAF8100047BBB34526DBB146297C31
:1095B000C1F30111032901D1012100E00021084676
:1095C0003146049A00F00FF9287CC0F301100128FD
:1095D00007D1A4F8008008EB0600401E00B2A0806E
:1095E0003FE02888401EA0EB080000B2A080A088C1
:1095F000801B401C00B2208033E0029820B94FF459
:1096000020501BF0B1FC029002980090297CC1F31D
:109610000111032901D1012100E0002108464A4639
:109620003146049B00F0B2F8287CC0F301100128F9
:109630000AD108EB070000B2208008EB070048447D
:10964000401E00B2A0800CE02888401EA0EB08005D
:10965000C01B00B2A080A088A0EB0900401C00B293
:10966000208007EB090058450DDBDAF8180000F000
:10967000010040B1DAF81800C0F3400018B1012031
:10968000CAF8140002E00020CAF81400029808B9D1
:10969000049800E00298024621462846FDF71CFC8B
:1096A00004E0A86A10B12846A96A8847DAF81000D1
:1096B0000028F6D106FB09F1049800EB4100049064
:1096C00007EB090007B200BF5F45FFF65EAF0298E7
:1096D00010B102981BF0C4FC00BF00BFFEE6000002
:1096E0005401002018B5048800940C880480148864
:1096F0000C801C881480BDF800401C8018BD2DE92A
:10970000FC5F05460C461646204610F0EAFF8246EE
:10971000204610F073FF83461AFB0BF0019001986E
:10972000471E4FF0000811E006EB4700008800904C
:1097300006EB470006EB48010988018006EB48006C
:10974000BDF8001001807F1E08F101084745EBD8E5
:10975000B4F9069068886188401A401E00B2E08023
:109760006888A0EB0900401E00B26080B4F9049044
:1097700028882188401A401E00B2A0802888A0EBCB
:109780000900401E00B22080BDE8FC9F2DE9F04793
:1097900004461D46089F01FB02F0A0F1010C481E83
:1097A00000FB02F800231AE008EB03000CB1ACEB5D
:1097B000000000260FE0A946AD1C07EB400AB9F8EF
:1097C0000090AAF800900CB1104400E0801A06F155
:1097D00001090FFA89F68E42EDDB581C03B2934261
:1097E000E2DBBDE8F0872DE9F04782460C461546DE
:1097F00000263BE0002731E0601E801B0FFA80F856
:10980000601EC01B0FFA80F9BAF1000F12D007FBDF
:10981000048C05EB4C0308FB049C05EB4C0209FB94
:10982000046C05EB4C0106FB047C05EB4C00FFF7D8
:1098300059FF11E009FB046C05EB4C0308FB049C89
:1098400005EB4C0207FB048C05EB4C0106FB047C8A
:1098500005EB4C00FFF746FF781C07B2601C00EBDD
:10986000D071B7EB610FC7DB701C06B204EBD4718B
:10987000B6EB610FBEDBBDE8F08710B504462046AD
:1098800019F010F810BD00002DE9F14F9EB01E98A0
:1098900017F0A8FA05462C461E9817F04AFA1D90B4
:1098A000606A1AF017FB07465020005D00F00100C7
:1098B00010B91FB0BDE8F08F0FA815F0F3FC0FAA88
:1098C0004FF4E02128461FF03FFD04F144010DA8AC
:1098D00010F07DFEBDF83400616A898A084400B248
:1098E000ADF83400BDF83610606AC08A084400B292
:1098F000ADF83600BDF83800616A898A084400B2C4
:10990000ADF83800BDF83A10606AC08A084400B269
:10991000ADF83A000DAA0FA91D9815F0A7FC4FF459
:10992000E02128461EF0B0FC06464FF4E021284610
:109930001EF012FF30440FFA80F84FF4E021284661
:109940001FF083F830440FFA80F900200B900C9040
:10995000E16CC8191F49096888478246E06CC11943
:1099600052460BA81BF01DFCBDF83400404400B269
:10997000ADF83400BDF83600484400B2ADF836000A
:109980004FF0000BD4F824A040F2574259465046FD
:109990001FF068F8019001980A9002A814F076FC74
:1099A00002AA4FF4E02128461FF0F3FB9DF83F0088
:1099B000022805DCBDF81400BDF82810884207D045
:1099C00000200BAB0DAA02A900901D9814F0AAF874
:1099D00000BF6EE7CC0200202DE9F04FBDB0054678
:1099E0000E4600BF00BFAB460BF13000FAF76EFF2A
:1099F00010B13DB0BDE8F08F05F114023BA8B1688D
:109A0000F9F74EFC00B9F4E7B0683A903BA8B060B3
:109A100035A814F087FC35AA4FF4E02128461FF042
:109A20001FFC27A815F03EFC9DF8DC008DF89F0078
:109A300047F6FF70ADF89C004FF4E02128461FF078
:109A400004FA074600EBD7704FEA60094FF4E021B3
:109A500028461FF0FAF9074600EBD7704FEA600A74
:109A6000314604A81DF02AF924A80A9016A80890E7
:109A70004FF4E020119069480590052006900BF105
:109A80003000FAF7D5FE0446C0E00A2235A924A822
:109A90001BF087FB382227A916A81BF082FBE08861
:109AA000ADF89000E088ADF85C0039A80D9038A8BA
:109AB0000E90607B00F0010020B1B4F90070B4F9A1
:109AC000028010E0A08847F6FF71884200D197E03D
:109AD000A28801AB2846A16812F064F9BDF90470B0
:109AE000BDF9068000BFA88A384407B2E88A40441E
:109AF0000FFA80F8B9F1000F19D0BAF1000F16D0A3
:109B0000A7EB090000B2ADF8080007EB090000B2AE
:109B1000ADF80C00A8EB0A0000B2ADF80A0008EBA3
:109B20000A0000B2ADF80E0002A8079001E0002084
:109B30000790207B00F0030070B3207B00F0010051
:109B400010B1B5F9140000E03846ADF8E400ADF806
:109B5000E680207B00F0020010B1B5F9180000E0AB
:109B60003846ADF8E000BDF8E600ADF8E20004AA22
:109B70001A21284617F03CF938AB39AA24A93046F7
:109B800014F0B9FB02AA16A9304615F06FFB04AA1F
:109B90001B21284617F02CF9207B00F00C0070B335
:109BA000ADF8E470207B00F0040010B1B5F91600A8
:109BB00000E04046ADF8E600BDF8E400ADF8E00096
:109BC000207B00F0080010B1B5F91A0000E0404613
:109BD000ADF8E20004AA1A21284617F009F938ABBB
:109BE00039AA24A9304614F086FB02AA16A93046E9
:109BF00015F03CFB04AA1B21284617F0F9F800BF1A
:109C000021460BF13000FAF70DFE0446002C7FF4DC
:109C10003CAF3A98B06000BFEBE60000D4BB03084D
:109C20002DE9F14F9AB01A9817F0DCF804461A980B
:109C300017F07FF8199020461FF03BF907462046A1
:109C40001DF09CFB834607EBD771A28A02EB6101F2
:109C500009B218910BEBDB714A10E18A114409B289
:109C6000179107EBD7714E1014A814F05BFB14AAE0
:109C7000002120461FF0F4FA4FF41D7016FB00F08F
:109C8000552190FBF1F0642190FBF1F000B2ADF8AA
:109C90005200BDF85200801C00B2ADF85200002006
:109CA0001390002120461EF006FA0546002347F6D1
:109CB000FF7204F114010DA815F0DEF900210DA8C2
:109CC00014F05CFB0C9000BFA08AADF82800E08A7D
:109CD000ADF82A00208BADF82C00608BADF82E007B
:109CE00000BFBDF82800284400B2ADF82800BDF838
:109CF0002C00401B00B2ADF82C00BDF82A0028440F
:109D000000B2ADF82A00BDF82E00401B00B2ADF83D
:109D10002E00012347F6FF720AA904A815F0ACF93A
:109D2000002104A814F02AFB0390BDF952804FF0E3
:109D3000000A4FE051462046FBF7D4FF0090BDF8E3
:109D40000000ADF850001398C0F30F290FFA89F006
:109D500025F0B0F906EB08014843189901EBE03013
:109D600000B2ADF804000FFA89F025F093F906EB84
:109D700008014843179901EBE03000B2ADF8060046
:109D80000FFA89F025F096F9711BA1EB0801484301
:109D9000189901EBE03000B2ADF808000FFA89F035
:109DA00025F078F9711BA1EB08014843179901EBE5
:109DB000E03001B2ADF80A1002AB01AA14A919985B
:109DC00014F099FA0AF103001FFA80FA139800F5CB
:109DD00087601390BAF5807FACDD0DA814F0B0FD5C
:109DE00004A814F0ADFD0C9815F02EFA039815F0A8
:109DF0002BFA1BB0BDE8F08F2DE9F04FA5B004465B
:109E00000F46254604F1140123A8BA68F9F748FA69
:109E10002290229810B925B0BDE8F08FB868219043
:109E200023A8B860002120461EF007FA1E900021EA
:109E300020461EF01CFC01461E98084400B21D90EE
:109E4000002120461EF07FFD01461E98084400B206
:109E50001C9020461DF01DFA7E35E988484300120B
:109E600000B21B9020461DF0F5F9298948430012E5
:109E700000B21A9017A814F055FA17AA002120462C
:109E80001FF0EEF9394605A81CF018FF00201290CB
:109E90008C4806900020079017A80B904FF0FF30D9
:109EA000139000200E900F9005AA1A21204616F05C
:109EB0009FFF002001903122204601991EF0D2FD23
:109EC0000090009800F0FF0B00BF002120461EF01C
:109ED000B4F90490002001903322204601991EF02D
:109EE000C1FD0090009800F0FF0800BF20461DF063
:109EF0003BFB039020461DF031FC029035F87E09B3
:109F0000002865D0E18A1C9801440298081A00B222
:109F10000190A08AADF88000208BADF87C004FF056
:109F20000009B5F87E000FFA80FABBF1020F1ADDC6
:109F30000498002817DD08F0020040B100212046F7
:109F40001EF001FD18B909F101000FFA80F908F0BF
:109F5000010040B1002120461EF0ACFA18B9AAF168
:109F600001000FFA80FA4E462FE01A987043B5F8B8
:109F70007E10491E90FBF1F000B2ADF88200BDF8F2
:109F800082100198084400B2ADF88200BDF882004A
:109F9000ADF87E004B4806900120079020A80E9057
:109FA0001FA80F90139605AA1A21204616F020FF2D
:109FB0001FAB20AA17A9384614F09DF905AA1B214A
:109FC000204616F015FF701C06B25645CDDB00BFCB
:109FD000B5F88000002865D0A18A1D980144039837
:109FE000081A00B20190E08AADF88200608BADF8EB
:109FF0007E004FF00009B5F880000FFA80FABBF13F
:10A00000020F1ADD0498002817DD08F0040040B1A3
:10A01000002120461EF02BFB18B909F101000FFAB0
:10A0200080F908F0080040B1002120461EF0C8FB6E
:10A0300018B9AAF101000FFA80FA4E462FE01B98DA
:10A040007043B5F88010491E90FBF1F000B2ADF8F6
:10A050008000BDF880100198084400B2ADF880007F
:10A06000BDF88000ADF87C001648069002200790ED
:10A0700020A80E901FA80F90139605AA1A2120461B
:10A0800016F0B6FE1FAB20AA17A9384614F033F914
:10A0900005AA1B21204616F0ABFE701C06B25645E1
:10A0A000CDDB00BF4FF0FF30139000200E900F90DB
:10A0B00005AA1B21204616F09BFE2198B86000BF20
:10A0C000A9E60000D4BB03082DE9F14F9AB01A9815
:10A0D00016F027FE07461A9816F084FE05462C4611
:10A0E000122F7DD11A9816F07AFE06463078022893
:10A0F00002D11BB0BDE8F08F94F8380000F00300E7
:10A10000032805D094F8380000F00300022802D19B
:10A1100001203070EDE794F83800C0F38400042883
:10A1200008D094F83800C0F38400012802D0012040
:10A130003070DEE74FF0000A4622514628461EF0F6
:10A1400091FC19901998C0B2FF2802D001203070FC
:10A15000CFE7002128461EF003FE8146208E814471
:10A16000B9F1000F02D001203070C2E7002128466B
:10A170001EF037FE8046E08E00FB08F04FEA2028F4
:10A180001A9816F02CFE8346B8F5807F09D100227C
:10A1900005F114015846F9F7C4F8E8BB0120307006
:10A1A000A7E728461DF0EAF8824628461EF081FE01
:10A1B000179004F132001FFA88F100235246CDE9CE
:10A1C000001018A81799F9F761FBBDF86000A98A7B
:10A1D000084400B2ADF86000BDF86210E88A00E003
:10A1E0001DE0084400B2ADF86200BDF86400A98A21
:10A1F000084400B2ADF86400BDF86610E88A08446F
:10A2000000B2ADF86600002218A95846F9F789F89F
:10A2100018B9012030706CE700E000BF19E2152F7B
:10A2200001D0182FFAD1002128461EF0DAFD804611
:10A23000E08E00FB08F04FEA2028002128461EF09F
:10A240008FFD8246208E824428461EF032FE1990F1
:10A2500028461DF093F81890002641F2320231464C
:10A2600028461EF0FFFB0E900E9800B2814600BFFC
:10A2700041F61202314628461EF0F4FB0E900E986D
:10A2800048440FFA80FB00BF41F6130231462846CE
:10A290001EF0E8FB0E900E98484400B2179000BFE5
:10A2A00041F61002314628461EF0DCFB0E900E9857
:10A2B000484400B2169000BF41F6110231462846CC
:10A2C0001EF0D0FB0E900E98484400B21590608EA0
:10A2D000584400B2ADF85000A18E1698084400B260
:10A2E000ADF8520094F8390000F00300012804D1C1
:10A2F00012A928461CF0ECFF27E014A91FFA88F0E9
:10A300000FFA8AF3CDE9000112A8DDE91821F9F767
:10A31000BDFABDF84800A98A084400B2ADF848006B
:10A32000BDF84A10E88A084400B2ADF84A00BDF80A
:10A330004C00A98A084400B2ADF84C00BDF84E109C
:10A34000E88A084400B2ADF84E0005F1140110A8E7
:10A3500010F02BF912A905F1140010F026F9BE48EF
:10A360001A991CF0D1FE0F900F98012800D0C0E67A
:10A3700010A905F1140010F018F9152F7ED1E08D09
:10A3800008B1A08D00B9B4E6B8F1000F00D1B0E675
:10A390001A9816F0CEFC064605F114010DA810F02F
:10A3A00004F9284618F0F0FC0C9094F8390000F0FD
:10A3B000030001283CD1B4F92C10BDF93020891AD2
:10A3C000481C00EBD071BDF83420A2EB610109B24A
:10A3D000ADF83410B4F92C10BDF93020891A481C9E
:10A3E00000EBD071BDF83820A2EB610109B2ADF8E5
:10A3F0003810B4F92E10BDF93220891A481C00EB30
:10A40000D071BDF83620A2EB610109B2ADF836106B
:10A41000B4F92E10BDF93220891A481C00EBD07116
:10A42000BDF83A20A2EB610109B2ADF83A1013E091
:10A4300012A810F0B1F9BDF834100844401E00B263
:10A44000ADF8380012A810F01FF9BDF83610084416
:10A45000401E00B2ADF83A00BDF83400584400B2D6
:10A46000ADF83400BDF836101698084400B2ADF8C7
:10A470003600BDF838101798081A00E0E8E000B27E
:10A48000ADF83800BDF83A101598081A00B2ADF8CA
:10A490003A0094F8380000F00300012805D094F841
:10A4A000380000F0030000287AD106A813F01DFB45
:10A4B00006AA002128461EF00DFE1FFA88F0ADF80E
:10A4C0001A001FFA8AF0ADF81800608EADF81C0073
:10A4D000A18EADF81E1094F83800C0098DF82C003C
:10A4E000BDF84800584400B2ADF81000BDF84A105D
:10A4F0001698084400B2ADF81200BDF84C10179839
:10A50000081A00B2ADF81400BDF84E101598081ADC
:10A5100000B2ADF81600B068039004AA04A8B168B0
:10A52000F8F7BEFE00B9E4E504A8B060BDF8361047
:10A53000608D084400B2ADF80600BDF90600BDF913
:10A540003610884206DDBDF80600E18D401A00B2E3
:10A55000ADF80600BDF80600E18D0844401E00B2CB
:10A56000ADF80A0049E0BDF83400218D084400B27E
:10A57000ADF80400BDF90400BDF93410884206DDD1
:10A58000BDF80400A18D401A00B2ADF80400BDF87A
:10A590000400A18D0844401E00B2ADF8080016E08A
:10A5A00034E001AA06A93046636A13F04FFABDF8F9
:10A5B0000400BDF83010084400B2ADF80400BDF846
:10A5C0000800BDF83010084400B2ADF80800BDF92D
:10A5D0000400BDF938108842E3DBBDF80600BDF881
:10A5E0003210084400B2ADF80600BDF80A00BDF80C
:10A5F0003210084400B2ADF80A00BDF90600BDF9FA
:10A600003A108842AFDB0398B06020E094F838003D
:10A6100000F00300022811D104A813F037FE04AAA9
:10A62000002128461EF0B5FD0020009005F114021F
:10A6300004A93046636A13F075FA08E000BF00BF52
:10A64000002305F114021946304613F0FFF900BF4C
:10A6500000BF00BF4DE5000060FA03082DE9F14F8F
:10A66000DCB05C9816F0BEFB05462C465C9816F0F4
:10A6700060FB5B9059A928461CF02AFE0020CDE91A
:10A68000105040F60A02DDE910011EF0EBF90F90C0
:10A690000F9800B258900020CDE9105040F60B0200
:10A6A000DDE910011EF0DEF90F900F9800B257900F
:10A6B000BDF864115898081A00B2ADF86401BDF8ED
:10A6C00068115898084400B2ADF86801BDF86611E9
:10A6D0005798081A00B2ADF86601BDF86A1157988C
:10A6E000084400B2ADF86A0159A810F047F8834653
:10A6F00059A80FF0BBFF5690D4E90A10A0EB01094E
:10A700005698834501DB012000E0002080460020B0
:10A71000559094F85C0000F0030001280BD1A06A6A
:10A72000002808DAE06A002805DDA16A206B88426B
:10A7300001D101205590002128461DF0BFFF549003
:10A74000002128461EF063F85390002128461EF091
:10A7500021F95290002128461DF0D3FE519059A9AD
:10A7600004F134000FF00FFFA18E5498084400B29A
:10A77000A086218F5398081A01B22187E18E529842
:10A78000084401B2E186618F5198081A01B26187CD
:10A79000B8F1000F13D004F134000FF067FF042864
:10A7A0000DDA569800EBD0714A10E98A1144891EDF
:10A7B0000AB2E286E08E001D01B2618715E0B8F1B1
:10A7C000000F12D104F134000FF0D8FF04280CDA86
:10A7D00058460BEBD071AA8A02EB6101891E09B2BF
:10A7E000A186A08E001D01B2218704F134000FF074
:10A7F000C5FF509004F134000FF038FF4F90B8F1CE
:10A80000000F01D0509800E04F988246B8F1000F39
:10A8100005D004F13406371DFE484C9004E004F1E5
:10A820003606371DFC484C90A06D401CF8B1A36A59
:10A83000216DC91A01FB0AF191FBF9F108B2A36A73
:10A84000616DC91A01FB0AF191FBF9F10AB2131A01
:10A85000D4F858C003FB0CF1CB1701EB13631B12A8
:10A860001BB24D934D99014409B24D9108E0A16A84
:10A87000206B401A00FB0AF090FBF9F000B24D90FB
:10A88000A06C401CE0B1A36A216CC91A01FB0AF15B
:10A8900091FBF9F108B2A36A616CC91A01FB0AF1D4
:10A8A00091FBF9F10AB2131AD4F848C003FB0CF17A
:10A8B000CB1701EB136300EB23231BB24E9308E08D
:10A8C000D4E90901401A00FB0AF090FBF9F000B24C
:10A8D0004E900020119041F26A42284611991EF0D4
:10A8E000C1F810901098C0B24B90B8F1000F0ED084
:10A8F0004B9801280BD130463E4607464E994942B7
:10A9000009B24E914D99494209B24D9100BFB8F13B
:10A91000000F0AD031884E98084400B23880318840
:10A920004D98084400B230800AE039884E98081AE1
:10A93000401C00B2308039884D98081A00B2388027
:10A94000559878B3A26A524202FB0AF292FBF9F2DE
:10A9500011B2B8F1000F0CD032880A4410B2B7F926
:10A960000020824201DD30801BE03A88328038804E
:10A9700017E03A88521A521C10B2B6F900208242EF
:10A9800001DD388002E032883A803080B7F900205B
:10A99000B6F900309A4204DAB6F900003A883280FB
:10A9A000388000BF559800BB04F134004C998847AB
:10A9B00001281ADC68465B991CF080F94FF40030DE
:10A9C0000D90964801900020029004F1340003900D
:10A9D0006A461A21284616F00BFA6A461B212846B9
:10A9E00016F006FA5DB0BDE8F08F04F1340149A815
:10A9F0000FF0C9FD3BA814F055FC3BAA4FF4003101
:10AA000028461EF0A1FC29A85B991CF057F94FF4C9
:10AA10000030369081482A9000202B903BA82D9042
:10AA200004F134002C9029AA1A21284616F0E0F9E6
:10AA3000002011906022284611991EF013F8109002
:10AA4000109800B228905698834501DA584600E0E5
:10AA500056982790DDE92701B1EB600F02DD2798BA
:10AA600040102890BDF9EC0026904F9950988842EC
:10AA700001DA509800E04F982790DDE92601B0EB0D
:10AA8000610F02DD279840102690B8F1000F08D022
:10AA900004F134000FF072FE01462698B1EB400F2E
:10AAA0000BDCB8F1000F28D104F134000FF0DEFD0B
:10AAB00001462698B1EB400F1FDD9DF8EF00119085
:10AAC0009DF8060110909DF80E010F9000208DF862
:10AAD000EF008DF806018DF80E0104F134023BA958
:10AAE0005B9814F0C3FB11988DF8EF0010988DF867
:10AAF00006010F988DF80E0100BFA98A54980844EA
:10AB000000B2ADF87800298B5398081A00B2ADF85E
:10AB10007C00E98A5298084400B2ADF87A00698B4B
:10AB20005198081A00B2ADF87E0000231EA920A893
:10AB3000289A14F0A1FA002120A813F01FFC1D9000
:10AB40009DF822011C909DF80E011B9000208DF8AD
:10AB50000E018DF8220159A919A80FF014FDBDF8B6
:10AB600064105498084400B2ADF86400BDF8661053
:10AB70005298084400B2ADF86600BDF868105398CA
:10AB8000081A00B2ADF86800BDF86A105198081AAA
:10AB900000B2ADF86A00B8F1000F15D019A80FF097
:10ABA00065FD042810DA569800EBD0714A10E98A46
:10ABB0001144891E09B2ADF86610BDF86600001D8B
:10ABC00000B2ADF86A0017E0B8F1000F14D119A86F
:10ABD0000FF0D4FD04280FDA58460BEBD071AA8A87
:10ABE00002EB6101891E09B2ADF86410BDF8640082
:10ABF000001D00B2ADF86800BDF9EC20002304F19F
:10AC0000340113A814F038FA002113A813F0B6FB8E
:10AC1000129005E07DA701086DA60108B8F90308A8
:10AC200019AA3BA95B9814F021FB1B988DF80E0123
:10AC30001C988DF8220100208DF8EF008DF8060198
:10AC40008DF8220104F134023BA95B9814F00EFB4D
:10AC500013A813F075FE20A813F072FE129814F0DA
:10AC6000F3FA1D9814F0F0FA29AA1B21284616F0D1
:10AC7000BFF800BFB6E6F0B591B00546284616F01D
:10AC8000B1F80446284616F054F80746264603A8AD
:10AC900014F008FB03AA4FF4403120461EF054FB89
:10ACA00047F6FF70ADF80C002C20805D00F001002D
:10ACB00038B1204612F047FA0090BDF80000ADF818
:10ACC0001000214601A807F073FC01AA03A9384629
:10ACD00014F0CCFA11B0F0BD2DE9F04FB3B08146BD
:10ACE000484616F07FF880464446484616F021F85C
:10ACF0003290002140461DF039FA054640461EF0CC
:10AD0000D8F8824640461CF039FB8346DA4501DB21
:10AD1000012000E0002006460EB1584600E05046F3
:10AD20003190002794F85C0000F00300012806D160
:10AD3000A06A002803DAE06A002800DD0127002E5F
:10AD40003CD097B93EB1012D02D1B4F9340009E0ED
:10AD5000B4F9380006E0012D02D1B4F9360001E063
:10AD6000B4F93A00ADF8BC0037E0606A002812DBA5
:10AD70003EB1012D02D1B4F9340009E0B4F9380034
:10AD800006E0012D02D1B4F9360001E0B4F93A0031
:10AD9000ADF8BC0021E03EB1012D02D0B4F9340081
:10ADA00009E0B4F9380006E0012D02D0B4F936000C
:10ADB00001E0B4F93A00ADF8BC000EE01FB9E08E36
:10ADC000ADF8BE0009E0606A002803DBE08EADF854
:10ADD000BE0002E0608FADF8BE0021A814F062FA58
:10ADE00021AA4FF4403140461EF0AEFA33462FA957
:10ADF0004046319A25F02CFB2FA904F168000FF092
:10AE0000DDFB0FA832991BF059FF4FF440301C9026
:10AE10003C481090002011901D9004F168001290A1
:10AE200021A81390404621F0E6FB022810D00FAA7B
:10AE30001A21404615F0DCFF04F1680221A932987E
:10AE400014F014FA0FAA1B21404615F0D1FF55E06B
:10AE5000382221A901A81AF0A4F90FAA1A21404604
:10AE600015F0C6FF04F1680221A9329814F0FEF92A
:10AE70000FAA1B21404615F0BBFF96B13EB1012D34
:10AE800002D0B4F9340009E0B4F9380006E0012D2D
:10AE900002D0B4F9360001E0B4F93A00ADF8BC00D4
:10AEA00002E0608FADF8BE0033462FA94046319ACC
:10AEB00025F0CEFA2FA904F160000FF07FFB3822B5
:10AEC00001A921A81AF06DF90120119004F1600088
:10AED000129021A8139001201D900FAA1A2140461C
:10AEE00015F086FF04F1600221A9329814F0BEF932
:10AEF0000FAA1B21404615F07BFF00BF33B0BDE811
:10AF0000F08F0000ECFA03082DE9F04790B00746F7
:10AF1000384615F067FF054628461CF07FFA0646BE
:10AF200008A813F0B3F908AA002130461EF031F941
:10AF3000384615F0FEFE0446D4F8088006F11402E7
:10AF400006A8A168F8F7ACF910B910B0BDE8F08711
:10AF500006A8A06004A9304607F0A8FFA88AADF8AB
:10AF60000800E88AADF80A00288BADF80C00BDF89F
:10AF70001200ADF80E0002AA02A8A168F8F790F935
:10AF800098B1D4F8089002A8A060284618F0A2FF53
:10AF900082460020534605F1140208A9009020467D
:10AFA00012F0C0FDC4F8089000BFA88AADF80800F0
:10AFB000BDF81600ADF80A00288BADF80C00688BC0
:10AFC000ADF80E0002AA02A8A168F8F769F998B1D5
:10AFD000D4F8089002A8A060284618F07BFF8246AB
:10AFE0000020534605F1140208A90090204612F0F3
:10AFF00099FDC4F8089000BFC4F8088000BFA4E71A
:10B000002DE9FF4FA1B0064614462498807B00F03E
:10B010000F052298807E1F90032D00D10425012D5D
:10B0200006D0022D0BD0042D10D0082D1DD114E018
:10B03000DFF86C834FF0800A02201E901AE0DFF8E0
:10B0400064834FF0C00A04201E9013E0DFF8588399
:10B050004FF0F00A10201E900CE0DFF850834FF004
:10B06000FF0A4FF480701E9004E000BF00BF25B0BF
:10B07000BDE8F08F00BF1F98FD2823DACC48017887
:10B080001F98814203D1CB480068A84213D000200A
:10B090000DE018F80010FF2901D11F9904E018F8FD
:10B0A00000101F9A51430912C34A1154401C1E99A3
:10B0B0008842EED300BFDFF80083BD491F980870B7
:10B0C000BC4805602498B0F806B0249800891B900D
:10B0D0000BFB05F01A90B4F90000B168B1F900104B
:10B0E000884201DB002005E0B068B0F90000B4F947
:10B0F0000010401A1990B4F900005844B168B1F931
:10B100000410884201DC584606E0B068B0F904003B
:10B11000B4F90010401A401C1890B4F90200B1684C
:10B12000B1F90210884201DB002005E0B068B0F9F7
:10B130000200B4F90210401A1790B4F902101B98DB
:10B140000844B168B1F90610884201DC1B9806E09A
:10B15000B068B0F90600B4F90210401A401C16900D
:10B160001A9917984843199901FB050015902E99D3
:10B17000159801EBD0002E90159800F007071C21C0
:10B180000DA81AF0A8F922988089ADF83C00229801
:10B19000807E8DF84C002298807FC0F3C2008DF82D
:10B1A0004D00F9F759FE019012F066F90C901B98CA
:10B1B0000BFB00F10C98814201DD0C9802E01B9919
:10B1C0000BFB01F00B900B9819F0CEFE8146CDF8E9
:10B1D000409000200A9021881998084400B2ADF8E8
:10B1E0002000218818980844401E00B2ADF82400C1
:10B1F00061881798084400B2ADF82200BDF822001B
:10B20000ADF8260000BFBDF82400BDF82010401A9C
:10B21000401C00B2079000BFBDF82000ADF814003C
:10B22000BDF82200ADF81600BDF82400ADF81800F6
:10B23000BDF82600ADF81A0000BFBDF8161016982C
:10B24000084400B2ADF81A0005A813F09DFB049065
:10B2500008A80D901290C5F10800039019980BEB07
:10B2600000011898081A6843029017981C9078E01B
:10B270000A9801902AFA07F0209019981D9028E06A
:10B280002E980078209908400399C91BC840149053
:10B29000149830B1149818F800100A9809F80010A2
:10B2A00003E000210A9809F800100398874204D2AD
:10B2B0002F442098E840209005E00027CDF880A09A
:10B2C0002E98401C2E900A98401C0A901D98401CF5
:10B2D0001D9018991D988842D2DB0498A0B1BDF941
:10B2E0002620BDF92010019B09EB0300079B13F0FA
:10B2F000FBFA8DF844009DF8440028B9019909EB48
:10B30000010007991AF0E7F8DDE91801411A0A98D7
:10B3100001440B98814206D2BDF82600401C00B2C1
:10B32000ADF8260012E002208DF844000DA9304649
:10B3300014F0DAF9BDF82600401C00B2ADF8220086
:10B34000BDF82200ADF8260000200A9002980744BC
:10B350002E9800EBD7002E9007F007071C98401C92
:10B360001C9016991C98884282DBBDF92200BDF919
:10B37000261088420ED0BDF82600401E00B2ADF85F
:10B38000260002208DF844000DA9304614F0ACF9D7
:10B3900000200A90484619F063FE00BF67E60000EF
:10B3A00020BA030822BA03082EBA03083EBA0308DB
:10B3B000640100206801002014C400202DE9FF4F23
:10B3C0008FB00C4615461E46B4F90200401E0E9082
:10B3D0000E9840100D900E9800F001010D98084451
:10B3E0000C90B5F90000B6F90010884202DAB5F900
:10B3F000000001E0B6F90000ADF82800B5F9000042
:10B40000B6F90010884202DDB5F9000001E0B6F996
:10B410000000401E00B2ADF82C0069880C98081A94
:10B4200000B2ADF82A0069880D98084400B2ADF862
:10B430002E000F980AA982680AA8F7F731FF824602
:10B44000BAF1000F02D113B0BDE8F08FE08818B157
:10B45000A08808B1012000E0002083460120099067
:10B460000AA813F091FA10B10020099004E0BBF192
:10B47000000F01D0002009901C2102A81AF02BF81F
:10B480000AA802902088ADF81000207A8DF82000DC
:10B49000099820B102A90F9814F026F978E00AA8BB
:10B4A0000FF034F90746BDF92E000190BDF82A00CF
:10B4B000ADF82E0000200090BBF1000F0BD0B4F9C6
:10B4C0000600B4F904100844BDF9281091FBF0F20D
:10B4D00000FB12100090384619F046FD8046CDF86A
:10B4E00014800AA80790BDF92A904AE039464046E0
:10B4F0001AF028F8BDF928103BB20FFA89F240463D
:10B5000013F0F2F98DF81800BBF1000F27D09DF869
:10B51000180020B3009800211BE0B4F904208242F7
:10B5200007DBA3881B1A1AB28B1819B2831818B23A
:10B530000BE0B4F90620B4F904301A44824201DC6D
:10B54000002002E0002208F801204A1C11B2421C2F
:10B5500010B2B942E1DB02228DF8182000BF02A927
:10B560000F9814F0C1F8BDF82A00401C00B2ADF8E5
:10B570002A00BDF82E00401C00B2ADF82E0009F1E3
:10B58000010901988145B1DD404619F069FD00BF10
:10B5900000BF58E72DE9FF4FC7B08B4691469A464A
:10B5A000B9F90200BAF90210884210DAB9F80200BB
:10B5B000ADF81A01BAF80200ADF81601B9F80000AA
:10B5C000ADF81801BAF80000ADF814010FE0BAF8B0
:10B5D0000200ADF81A01B9F80200ADF81601BAF888
:10B5E0000000ADF81801B9F80000ADF81401BDF97C
:10B5F0001401BDF91811441ABDF91601BDF91A114B
:10B60000451A002C01DD204600E06042002D01DDDE
:10B61000294600E06942884201DD012000E0002067
:10B620004490BBF9026000204390449870B1002D13
:10B6300001DD284600E068424101002C01DD204682
:10B6400000E0604291FBF0F043900DE0002C01DD42
:10B65000204600E060424101002D01DD284600E067
:10B66000684291FBF0F04390E0494398085C7043D6
:10B670003F30C611771006F0010000EB0708BDF956
:10B680001801BDF91411884202DABDF9180101E070
:10B69000BDF91401801B00B2ADF80401BDF9180119
:10B6A000BDF91411884202DDBDF9180101E0BDF9B0
:10B6B0001401304400B2ADF80801BDF91A01BDF91A
:10B6C0001611884202DABDF91A0101E0BDF916012E
:10B6D000801B00B2ADF80601BDF91A01BDF91611C3
:10B6E000884202DDBDF91A0101E0BDF916013044BE
:10B6F00000B2ADF80A01479841A9826841A8F7F75E
:10B70000CFFD4090409810B94BB0BDE8F08F449801
:10B71000F0B3002C24DD0021BDF81601C01B00B2DF
:10B72000CDE90001BDF91431BDF81A01C01B02B208
:10B73000BDF9181135A813F021FA0121BDF8160141
:10B74000404400B2CDE90001BDF91431BDF81A0141
:10B75000404402B2BDF918112AA813F00FFA4AE0CA
:10B760000021BDF81601404400B2CDE90001BDF949
:10B770001431BDF81A01404402B2BDF9181135A8C0
:10B7800013F0FCF90121BDF81601C01B00B200E066
:10B790000DE0CDE90001BDF91431BDF81A01C01B5F
:10B7A00002B2BDF918112AA813F0E8F923E000212C
:10B7B000BDF91601CDE90001BDF81401404403B202
:10B7C000BDF91A21BDF81801404401B235A813F0A3
:10B7D000D5F90121BDF91601CDE90001BDF814012B
:10B7E000C01B03B2BDF91A21BDF81801C01B01B27C
:10B7F0002AA813F0C3F9002135A812F0BFFD139059
:10B8000000212AA812F0BAFD12904FF0FF301190DB
:10B8100010909BF80900C0F3001068BB0321BDF82D
:10B820001A01204400B2CDE90001BDF81801401B07
:10B8300003B2BDF91A21BDF918111FA813F09EF922
:10B840000221BDF81601204400B2CDE90001BDF887
:10B850001401401B03B2BDF91621BDF9141114A83F
:10B8600013F08CF900211FA812F088FD119000211F
:10B8700014A812F083FD109041A80EF047FF0F901E
:10B88000F9F7EAFA019011F0F7FD0D9041A80EF0DA
:10B8900009FF01460D98814203D241A80EF002FF34
:10B8A00000E00D980C900C9819F05EFB0B90BDF920
:10B8B0000A010A90BDF80601ADF80A0100200990BE
:10B8C000DDE90B0119F03EFE1C2102A819F003FE70
:10B8D00041A80290BBF80000ADF810009BF80800EA
:10B8E0008DF820000B98059041A80790BDF906013E
:10B8F0000E9040E0BDF90411099B0B9AD0180F9AE5
:10B9000013B20E9A12B212F0EFFF8DF818009DF8E4
:10B91000180028B9099A0B9988180F9919F0DBFDBE
:10B920000F990998084409900F99099801440C98B7
:10B93000814206D2BDF80A01401C00B2ADF80A01EE
:10B9400016E002208DF8180002A9479813F0CCFEEB
:10B95000BDF80A01401C00B2ADF80601BDF80601B1
:10B96000ADF80A0100200990DDE90B0119F0EAFDAC
:10B970000E98401C0E900A990E988842BADDBDF9C7
:10B980000601BDF90A1188420CD0BDF80A01401E1B
:10B9900000B2ADF80A0102208DF8180002A94798FC
:10B9A00013F0A2FE0B9819F05BFB35A812F0C8FF4C
:10B9B0002AA812F0C5FF1198401C10B11FA812F060
:10B9C000BFFF1098401C10B114A812F0B9FF1398D3
:10B9D00013F03AFC129813F037FC119813F034FC72
:10B9E000109813F031FC00BF8EE600003EBB030848
:10B9F0002DE9FF4F91B00C4615461E46B4F90200E2
:10BA0000401E1090109840100F90109800F0010107
:10BA10000F9808440E9029880E98081A00B2ADF8C5
:10BA2000300029880F98084400B2ADF83400B5F909
:10BA30000200B6F90210884202DAB5F9020001E00C
:10BA4000B6F90200ADF83200B5F90200B6F90210FD
:10BA5000884202DDB5F9020001E0B6F90200401E9D
:10BA600000B2ADF8360011980CA982680CA8F7F75F
:10BA700017FC8146B9F1000F02D115B0BDE8F08F77
:10BA8000E08818B1A08808B1012000E000208246BB
:10BA900001200B900CA812F077FF10B100200B9042
:10BAA00004E0BAF1000F01D000200B901C2104A883
:10BAB00019F011FD0CA804902088ADF81800207A28
:10BAC0008DF828000B9820B104A9119813F00CFEF2
:10BAD00066E00CA80EF01AFE8346BDF9360003900E
:10BAE000BDF83200ADF83600584619F03DFA029024
:10BAF000029807900CA8099000200190BAF1000F5D
:10BB00000BD0B4F90600B4F904100844BDF93210A2
:10BB100091FBF0F200FB12100190019FBDF9328001
:10BB200037E05946029819F00DFDBDF930100FFAB3
:10BB30008BF30FFA88F2029812F0D6FE8DF82000EF
:10BB4000BAF1000F13D09DF8200070B1B4F90400D1
:10BB5000B84202DA00208DF82000B4F90600B4F9EA
:10BB600004100844B84200DC0027781C07B204A97E
:10BB7000119813F0B9FDBDF83200401C00B2ADF8C9
:10BB80003200BDF83600401C00B2ADF8360008F1B6
:10BB9000010803988045C4DD029819F061FA00BFDE
:10BBA00000BF6AE72DE9FC5F8046404615F01AF9B0
:10BBB0000746B946D9F824603446404615F0B9F82E
:10BBC0000546606A00F114026846A968F7F768FB49
:10BBD0008246BAF1000F41D0D5F808B0C5F808D0B8
:10BBE00094F83C00C0F3401048B3608FE18E884267
:10BBF0000CD1628F212329463046FDF7FBFA628F74
:10BC0000212329463046FDF761FB24E0628F202383
:10BC100029463046FDF7EEFA628F2023294630464A
:10BC2000FDF754FBE28E012329463046FDF7E2FA88
:10BC3000E28E012329463046FDF748FB0BE0628F78
:10BC4000202329463046FDF7D5FA628F2023294666
:10BC50003046FDF73BFBC5F808B000BFBDE8FC9FD0
:10BC60002DE9F14FD0B0509815F0BCF804462546A8
:10BC7000288E10B951B0BDE8F08F509815F059F8E2
:10BC80004F90608C20F00400001D60844DA9204678
:10BC90001BF01EFB0026B246B4F820800020208452
:10BCA000608C20F00400001D608427A813F0FAFACD
:10BCB0001FA812F0EBFA27AA4FF4A02120461DF08E
:10BCC00043FB1FAA4FF4A02120461DF062FA608CAE
:10BCD00020F004006084A4F82080002120461CF09D
:10BCE00066FE1E90002120461CF018FC1D900021CD
:10BCF00020461CF0F0FC1C90002120461CF094FD16
:10BD00001B9009A84F991AF0D9FF4FF4A020169064
:10BD1000D7480A9000200B903DA80D9035A80E90B2
:10BD200000BF9BE103E00AF101001FFA80FA696A93
:10BD300051F82A00CFA1F4F72DFE0028F3D0E96ACC
:10BD400031F81600FAF7C4FC00B181E10027E96A76
:10BD500031F81600FAF7ACFC08B147F00107E96AC0
:10BD600031F81600FAF7B8FC10B147F0800716E07A
:10BD7000A88EB04213D108F0200008B147F0200788
:10BD800008F0020008B147F0020708F0040008B10B
:10BD900047F0040708F0080008B147F00807A86A50
:10BDA00000EBC6014BA80EF0F7FBBDF82C01BDF867
:10BDB0003411084400B2ADF82C01BDF82E01BDF8D5
:10BDC0003611084400B2ADF82E01BDF83001BDF8BF
:10BDD0003411084400B2ADF83001BDF83201BDF8AD
:10BDE0003611084400B2ADF8320157B9382227A9FC
:10BDF0003DA819F0D6F920221FA935A819F0D1F9CC
:10BE00001DE02784608C20F00400001D60843DA8A4
:10BE100013F048FA35A812F039FA3DAA4FF4A021E0
:10BE200020461DF091FA35AA4FF4A02120461DF0BE
:10BE3000B0F9A4F82080608C20F004006084E96AE6
:10BE400031F81600FAF750FC8346BBF1000F06D01C
:10BE50009DF8F10040F001008DF8F10005E09DF83B
:10BE6000F10020F001008DF8F1004BA80C9017961E
:10BE700009AA1A21204614F0BBFF9DF817014008BB
:10BE800000F01000F0B39DF8170120F03E001E30C6
:10BE90008DF81701BDF92C11B4F914201C98104429
:10BEA00081420AD19DF81701400820F004009DF856
:10BEB000171160F345018DF81711BDF93011B4F970
:10BEC00018201B98101A81420AD19DF817014008CA
:10BED00020F008009DF8171160F345018DF8171147
:10BEE000BDF92E11B4F916201E98104481420CD1D0
:10BEF0009DF81701400820F002009DF8171160F32B
:10BF0000450100E014E08DF81711BDF93211B4F9C4
:10BF10001A201D98101A81420AD19DF81701400875
:10BF200020F001009DF8171160F345018DF81711FD
:10BF30004BA80EF0A2FB814607F0200060B1E86A32
:10BF400030F8160000F4007030B1BDF82E01A0EBFF
:10BF5000090000B2ADF82E014BAA3DA94F9813F08D
:10BF600085F935980890BDF9E8000790BDF9E6001D
:10BF70000690686A50F82A0005904DA80EF005FC5E
:10BF800003909DF8F11002460698CDE9012100903A
:10BF900004A8DDE90732059923F07AF94BA80EF0E1
:10BFA000F4FBBDF91010401A039000EBD070BDF8FF
:10BFB0002C1101EB600000B2ADF82C014BA80EF083
:10BFC0005CFBBDF91210401A039000EBD070BDF875
:10BFD0002E1101EB600000B2ADF82E01BDF82C016E
:10BFE000BDF81010084400B2ADF83001BDF82E01C4
:10BFF000BDF81210084400B2ADF8320107F020007D
:10C00000C0B1E86A30F8160000F4007090B14846FC
:10C0100009EBD071BDF82E21A2EB610109B2ADF898
:10C020002E1109EBD071BDF83221A2EB610109B2EA
:10C03000ADF83211002000904BAA35A9059B4F980E
:10C0400011F070FD09AA1B21204614F0D1FE00BF9B
:10C05000701C86B20AF101001FFA80FA288EB042E5
:10C060003FF760AE608C20F00400608400BF01E602
:10C07000F0F903080A0000002DE9F14FA2B0229860
:10C0800014F0B0FE04462546229814F052FE21908A
:10C09000002120461CF0DEF881462646002741F6A6
:10C0A0001202394630461CF0DDFC0A900A984844DA
:10C0B00000B2209000BF41F61302394630461CF012
:10C0C000D1FC0A900A98484400B21F9000212046F3
:10C0D0001CF087FC484400B21E9016A812F0D6F857
:10C0E00016AA4FF4003120461DF053F8A86A10B18B
:10C0F000D5F828800AE0802018F036FF0646802216
:10C100003146204614F048FBB04600BF4FF0000A0D
:10C1100095F83C0000F00F00012800D1824600266F
:10C1200041F26A42314620461CF09CFC0A900A9873
:10C13000C0B2012800D18246E86A00287ED0E86AB1
:10C1400016F034FF0A900A98022814D19DF8750061
:10C1500041F6FF72BDF96A10CDE900120290BDF9F7
:10C160006C30169A07A8E96A23F092F8BDF91C60B2
:10C17000BDF91E7011E007A9E86A16F0BFFB8346FF
:10C18000BBF1010F05D10798C0F38A260798470D28
:10C1900002E04FF0FF36374600BFBAF1000F0DD076
:10C1A000A18A2098084400B2ADF82000BDF8200014
:10C1B0003044401E00B2ADF824000DE0218B1F98E2
:10C1C000081A801B00B2ADF82000BDF820003044F2
:10C1D000401E00B2ADF824000A98022815D1E18A69
:10C1E0001E98084400B2ADF82200BDF82200384481
:10C1F000401E00B2ADF826000020009008AA16A943
:10C20000EB6A219811F08EFC40E020461BF0B6F856
:10C21000A0EB070B0BEBDB704110E08A084400B287
:10C22000ADF82200BDF822003844401E00B2ADF83F
:10C23000260002A811F059FC02AA00E027E04FF402
:10C24000003120461CF046FF304606EBD071491005
:10C2500009B2ADF80C10384607EBD07149100AB29C
:10C26000ADF80E204FF4003B43F60F02594620462E
:10C270001CF0F8FB0190019880B2ADF8080008AA04
:10C2800002A9EB6A219811F0E1FB00BF00BF0EA8E4
:10C2900011F0FCFF0EAA002120461CF07AFF9DF849
:10C2A000550041F6FF72BDF94A10CDE90012029027
:10C2B000BDF94C3041460DA80E9A22F0E9FFE18A03
:10C2C0001E98084400B2ADF82E00BDF82E00BDF84F
:10C2D0003610084400B2ADF83200E86AB0B9204622
:10C2E0001CF0E7FDBDF93410461A06EBD670A18AA2
:10C2F00001EB600000B2ADF82C00BDF82C00BDF8D9
:10C300003410084400B2ADF8300022E0BAF1000F5A
:10C3100011D0218B1F98081ABDF83410401A00B2B2
:10C32000ADF82C00BDF82C00BDF83410084400B264
:10C33000ADF830000DE0A18A2098084400B2ADF8B5
:10C340002C00BDF82C00BDF83410084400B2ADF844
:10C350003000002043460BAA0EA90090219811F04E
:10C36000E1FBA86A10B9404618F07AFE23B0BDE898
:10C37000F08F2DE9F14F90B0109814F033FD054681
:10C380002C46109814F0D5FC06460EA928461AF043
:10C390002BFF002794F84800C0F3001008B147F0C5
:10C3A000010794F84800C0F3401008B147F00207B5
:10C3B000002128461CF056FD42F2D171884205D179
:10C3C000688CC0F3802008B947F0040706A811F074
:10C3D0005DFFB4F84400ADF82E004620005BADF8D8
:10C3E00030008DF8357006AA002128461CF0D1FED9
:10C3F0000DA8411E626A03780BB90123037000BFC8
:10C40000284617F073FD0790284617F069FD08903D
:10C410004FF6FF71079888421ED0089888421BD0BB
:10C420004FF4802B44F25742594628461CF01AFB21
:10C43000029002980390BDF80C00ADF8260000BFF2
:10C440002022594628461CF00DFB029002980390CA
:10C45000BDF80C00ADF8280094F8480000F0070083
:10C46000022805D094F8480000F0070003281FD1E7
:10C470009DF83400022803D09DF83400032817D11A
:10C4800041F6FF71BDF92A008DE88300BDF92C301B
:10C49000069A03A8616A22F0FBFE0EA80EF083F94B
:10C4A000BDF90C10884202DA01208DF8340000BF7B
:10C4B00004F1300894F8480000F00700032805D084
:10C4C0000EA80EF0E8F8B0F5806F01DA4FF0000822
:10C4D0000EA904A8B268F6F7E3FE8146B9F1000F91
:10C4E00002D111B0BDE8F08F94F8480000F00700C9
:10C4F00070B928461BF032F98346CBF1000002B236
:10C5000000210EA80EF067F9688BADF83E0000BF61
:10C5100094F8480000F00700022805D094F848007D
:10C5200000F0070003280ED1D6F808B004A8B060C8
:10C53000CDF800800EAA06A93046636A11F0F2FA1F
:10C54000C6F808B007E0CDF800800EAA06A930466C
:10C55000636A11F0E7FAD6F808A004A8B06094F86E
:10C56000480000F0070003284FD141F6FF71BDF9E4
:10C570002A008DE88300BDF92C30069A03A8616A71
:10C5800022F086FE0EA80EF00EF9BDF90C108842BE
:10C590001BDA20221146069814F043FE00EB4000FF
:10C5A000B4F84410BDF80C201144084400B2ADF8B2
:10C5B0002E004620005BADF83000CDF800800EAABA
:10C5C00006A93046636A11F0ADFA0EA80EF063F8C2
:10C5D000BDF90E10884217DAB4F84400ADF82E0009
:10C5E000069814F03DFE4621095BBDF80E2011446B
:10C5F000084400B2ADF83000CDF800800EAA06A9BC
:10C600003046636A11F08EFA00BFC6F808A000BF7A
:10C6100067E72DE9F14F9AB01A9814F082FB804633
:10C620001A9814F0DFFB0446B8F1150F16D11A98CA
:10C6300014F07FFB054618A9204606F037FC0AA82F
:10C6400012F030FE0AAA4FF4802120461CF07CFE36
:10C6500018AA0AA9284612F009FEC5E0B8F1180F79
:10C66000FBD11A9814F065FB054612A811F00EFED6
:10C6700012AA4FF4802120461CF08BFD10A9204601
:10C6800006F014FC10AA0EA8A968F6F709FE0D9092
:10C690000D9800287DD0204606F07DF88146204682
:10C6A0001CF007FC8346484617F014FC0221039057
:10C6B000BDF95A00CDE901B10090BDF95C300CA87C
:10C6C000129A039922F0E4FD20461AF057FE06461E
:10C6D000304606EBD0714A10B4F916100A44B9F985
:10C6E0001610891A0B9148461AF048FE0B998903D7
:10C6F00091FBF0F00B90002120461CF098FA0A9074
:10C700001299B1F908200A99B1F90810501A00EBF2
:10C71000D071491009B20991BDF832100998081A70
:10C7200000B2ADF83200304606EBD0714A10B4F9D1
:10C7300016105718BDF932000B99484307EBA03784
:10C7400009983F1A002120461BF091FD82464FF0C8
:10C75000000B41F61202594620461CF083F9039063
:10C76000039800B2089000BF41F6130259462046D4
:10C770001CF078F90390039800B20790A18A0898FA
:10C780000844504400B2ADF8140038B2ADF81600B9
:10C7900000E028E0218B0798081AA0EB0A0000B2FD
:10C7A000ADF81800BDF81600BDF83210084400B20C
:10C7B000ADF81A009DF8650040F002008DF86500A4
:10C7C000A86804900EA8A860484617F083FB83462B
:10C7D00000205B4605AA12A90090284611F0A2F994
:10C7E0000498A86000BF00BF1BB0BDE8F08F2DE922
:10C7F000F14FA8B0289814F0F5FA04462546289879
:10C8000014F097FA2790002120461BF08BFF26900A
:10C81000002120461CF02FF82590002120461CF016
:10C82000FAF82490002120461BF09FFE239000BFC1
:10C83000A08AADF88400E08AADF88600208BADF8C0
:10C840008800608BADF88A0000BFBDF88410269880
:10C85000084400B2ADF88400BDF888102598081A85
:10C8600000B2ADF88800BDF886102498084400B2E4
:10C87000ADF88600BDF88A102398081A00B2ADF80A
:10C880008A0013A812F00EFD13AA4FF400312046BF
:10C890001CF05AFD21AA13A9279812F0E7FC0026E4
:10C8A00020461AF06BFD074600BF208BA18A401A74
:10C8B000401CC01B0FFA80F8686A401C40B1696ACE
:10C8C00001FB08F0C11700EB116109120EB20CE078
:10C8D00020461BF0B7FB00F0010BBBF1000F01D0AD
:10C8E000404600E00020064600BF4FF0000B41F23A
:10C8F0006A42594620461CF0B5F800900098C0B234
:10C90000012802D1A8EB060006B2A08A304400B28A
:10C91000ADF84400BDF84400384400B2ADF848001A
:10C92000E08AADF84600608BADF84A004FF4403124
:10C9300020461BF0F7FE81464FF4403120461BF0A5
:10C940009AFF82464FF4403120461CF064F8109064
:10C950004FF4403120461BF008FE0F90BDF8440014
:10C96000A0EB090000B2ADF84400BDF84800504407
:10C9700000B2ADF84800BDF846101098081A00B291
:10C98000ADF84600BDF84A100F98084400B2ADF863
:10C990004A0001A812F086FC01AA4FF4403120465B
:10C9A0001CF0D2FC11AA01A9279812F05FFC29B053
:10C9B000BDE8F08F2DE9F14FE0B0609814F012FA65
:10C9C00004462546609814F0B4F9814604F1140138
:10C9D0005EA8D9F80820F6F763FC10B961B0BDE88D
:10C9E000F08FD9F808005D905EA8C9F808004FF0F4
:10C9F000000841F23202414620461CF033F80C9008
:10CA00000C9800B25690002120461CF011F8559069
:10CA1000002120461BF0B6FD5490002120461BF05B
:10CA20008EFE5390002120461BF032FF52904FF4AF
:10CA3000A02120461BF083FE51904FF4A0212046F8
:10CA40001BF026FF50904FF4A02120461BF0F0FF72
:10CA50004F904FF4A02120461BF094FD4E90208C67
:10CA60004D9000202084608C20F00400001D608424
:10CA70003FA812F017FC3FAA4FF4A02120461CF05B
:10CA800063FC29A811F002FC29AA4FF4A02120463A
:10CA90001CF07FFB4D982084608C20F004006084A3
:10CAA000002720461AF06EFE0146E28A559810448F
:10CAB000401E411A5698084400B2ADF86E01204657
:10CAC0001AF056FE2090002120461BF05CFB012846
:10CAD00000D100E000201F9049460DA81AF0EEF8A2
:10CAE0004FF4A0201A90FE480E9000200F9031A81D
:10CAF000119021A812904FF0000B33E2E86A30F950
:10CB00001B000C90BDF86E01401C00B2ADF86A012C
:10CB1000BDF86A110C980844401E00B2ADF86E01D1
:10CB2000BDF96A01BDF97E11884200DD1EE21F9841
:10CB300058B1218B5298081A401E2099411A5698D4
:10CB4000081A00B2ADF868010AE0A18A53980844B7
:10CB5000401E2099411A5698084400B2ADF86C0165
:10CB60000026F7E100200B90A86A50F8270020B1BA
:10CB7000A86A50F8270000780B901F9880B1BDF884
:10CB80006801401E00B2ADF86C01286B30F8160049
:10CB9000BDF86C11081A401C00B2ADF868010FE036
:10CBA000BDF86C01401C00B2ADF86801286B30F88C
:10CBB0001600BDF868110844401E00B2ADF86C01C3
:10CBC0004FF0000800BF34E007EB0801A86A50F8F6
:10CBD000210048B307EB0802A96A51F8220008B106
:10CBE00001780B910B9901F00101D9B11F9961B145
:10CBF00006EB0801491C2A6B32F81110BDF86821B8
:10CC0000511A09B2ADF868110DE006EB0801491C94
:10CC10002A6B32F81110BDF86C21114409B2ADF83D
:10CC20006C1100E00BE000E009E008F101001FFAE0
:10CC300080F808EB0601A88C401E8142C4DB00BFCF
:10CC4000BDF96E01BDF97A11884207DA08F10100D9
:10CC5000384487B206EB080086B279E100BFBDF820
:10CC60006801ADF82400BDF86A01ADF82600BDF8F2
:10CC70006C01ADF82800BDF86E01ADF82A0000BFC8
:10CC80009DF81F01400800F0040090B1BDF9241088
:10CC9000B4F914205398104481420ADDBDF91C01F7
:10CCA00000EBD071BDF82420A2EB610109B2ADF810
:10CCB00024109DF81F01400800F0020090B1BDF95A
:10CCC0002610B4F916205598104481420ADDBDF9AA
:10CCD0001C0100EBD071BDF82620A2EB610109B266
:10CCE000ADF826109DF81F01400800F00800B8B10B
:10CCF000BDF92810B4F918205298101A401E81422C
:10CD00000EDABDF91C0100EBD07182B202F0010213
:10CD100002EB6101BDF82820114409B2ADF82810DA
:10CD20009DF81F01C0F34000B8B1BDF92A10B4F955
:10CD30001A205498101A401E81420EDABDF91C01C7
:10CD400000EBD07182B202F0010202EB6101BDF88A
:10CD50002A20114409B2ADF82A104FF0000AE88EDB
:10CD6000584523D1A88EB04220D194F8200000F07D
:10CD7000400030B994F8200000F0200008B14AF0DB
:10CD8000200A94F8200000F0020008B14AF0020ADC
:10CD900094F8200000F0040008B14AF0040A94F866
:10CDA000200000F0080008B14AF0080ABAF1000FAC
:10CDB0000AD138223FA931A818F0F3F9202229A975
:10CDC00021A818F0EEF91EE0A4F820A0608C20F055
:10CDD0000400001D608431A812F064FA21A811F04B
:10CDE00055FA31AA4FF4A02120461CF0ADFA21AA31
:10CDF0004FF4A02120461CF0CCF94D982084608C83
:10CE000020F00400608409A81090A88C0BFB00603F
:10CE10001B900DAA1A21204613F0EAFF09AA31A996
:10CE2000484612F023FAA86A50F8270000287DD05F
:10CE3000BDF868115198084400B2ADF86001BDF822
:10CE40006C115098081A00B2ADF86401BDF86A116F
:10CE50004F98084400B2ADF86201BDF86E114E98CB
:10CE6000081A00B2ADF866010B98C0F340000890B4
:10CE7000089810B10220579001E00020579000BFA1
:10CE8000BDF86401BDF86011401A401C00B2049066
:10CE9000BDF9962004995798CDE900210290A86A1F
:10CEA00050F82700411CBDF998305CA8299A22F05F
:10CEB000EFF9089818BB0C9901EBD172BDF86A31F3
:10CEC00003EB6202BDF9720100EBD073A2EB6302C7
:10CED00012B2ADF862210C9901EBD17202E00000B0
:10CEE00024FB0308BDF86A3103EB6202BDF972014D
:10CEF00000EBD07302EB630212B2ADF866215AAABE
:10CF00005EA906A8F6F7CCF90590059890B106A899
:10CF1000C9F8080000200090A86A50F82700431CB8
:10CF200058AA21A9484610F0FDFD00E003E05EA8E4
:10CF3000C9F8080000BF0DAA1B21204613F058FFB6
:10CF400008F10100384487B206EB080086B200BF42
:10CF5000701C86B2A88CB0423FF704AE0BF1010002
:10CF60001FFA80FBE88C58453FF7C8AD00BF5D98BD
:10CF7000C9F8080000BF31E52DE9F04FA3B007461E
:10CF800089461646229730460DF0EAFB054600EB2F
:10CF9000D5704FEA60083088404400B2ADF8840094
:10CFA0007088404400B2ADF886001EA811F0BAF9AE
:10CFB0001EAA4FF4A02138461CF052F918A810F010
:10CFC00094FD18AA4FF4A02138461CF083F80021E4
:10CFD00038461BF014FA1790494605A819F06EFE62
:10CFE0007048069021A80E9022983030F7F720FC68
:10CFF0000446D1E025681694207901285CD1B5F962
:10D000002000E98B08440090B5F92030D5E90512DD
:10D01000E06817F05BFF8246A88B00EB0801608A8E
:10D0200008440FFA80FB0FFA8AF022F043F810FB55
:10D030000BF047F6FF7190FBF1F0BDF88610084445
:10D0400000B2ADF812000FFA8AF022F02BF810FBB4
:10D050000BF047F6FF7190FBF1F0BDF88410084427
:10D0600000B2ADF81000A08AADF87800208A00B2B6
:10D07000ADF87A006079FD2801DD179803E060794A
:10D080001799484300128DF88000012013901EA8C4
:10D090000B9004A80F9005AA1A21384613F0A8FE99
:10D0A00004AB21AA1EA9484611F025F905AA1B21A7
:10D0B000384613F09DFE68E02079002865D120698C
:10D0C00000B963E0B5F92000E98B08440090B5F998
:10D0D0002030D5E90512E06817F0F8FE824604A971
:10D0E000206915F00BFCBDF88410A08A081A00B264
:10D0F000ADF80800BDF88610E08A081A00B2ADF855
:10D100000A00BDF808000499C1F38A210844401EB2
:10D1100000B2ADF80C00BDF80A00049900EB5150C4
:10D12000401E00B2ADF80E006079FD2801DD1798B1
:10D1300003E060791799484300128DF86B00A08ACC
:10D14000ADF86400E18A18A8C1800AEB8A004FEAB2
:10D15000400ABAF5616F01DDAAF5616A1FFA8AF02B
:10D16000ADF8600018A80C9005AA1A21384613F0F3
:10D170003FFE02AA18A94846236910F067FC05AAD9
:10D180001B21384613F034FE00BF00BF2146229811
:10D190003030F7F747FB0446002C7FF42BAF23B069
:10D1A000BDE8F08F0CC103082DE9F74F8AB00C469B
:10D1B000904694F82A00022802DC0DB0BDE8F08FFA
:10D1C000E08C00B9F9E794F82A90B9F1FD0F01DD80
:10D1D0004FF0FF09414608A80DF0BAF9208D401E16
:10D1E00005B2BDF82000401B00B2ADF82000BDF82C
:10D1F0002200401B00B2ADF82200BDF824002844F4
:10D2000000B2ADF82400BDF82600284400B2ADF805
:10D21000260008A906A80DF09BF9BDF81800E18CBE
:10D22000401A00B2ADF81800BDF81C00E18C0844AB
:10D2300000B2ADF81C00BDF81A00E18C401A00B233
:10D24000ADF81A00BDF81E00E18C084400B2ADF83C
:10D250001E0008A80DF061FA824608A80DF0E3F957
:10D260000746B4F90060BA4501DA504600E0384696
:10D270008346B6EB6B0F01DD4FEA6B06E08C304462
:10D2800000B20590A07894F82A10CDE90210A08C85
:10D29000ADF8040030B2009008AA06A9059B0A98D0
:10D2A000FBF754FC00BF88E7F8B50546284613F0A5
:10D2B00099FD0646284613F092FD0446606BB0F5D2
:10D2C000A02F54D1A06B072806D200202169C87076
:10D2D000216981F8220014E0208F81B2202230469B
:10D2E0000EF00EF968B100202169C870216981F83B
:10D2F000220012201DF022FF0090BDF8001060698E
:10D300008181208F81B24FF4004230460EF0F8F850
:10D3100098B166202169C870304621F0A1FB0090C9
:10D32000BDF800102069818030460EF0E3F8A16B53
:10D33000884202D1B2202169C870208F81B24FF497
:10D34000804230460EF0DCF888B1FF20216981F878
:10D350002200304621F084FB0090BDF800102069C7
:10D36000C1832069008C401C00B221690884F8BD8B
:10D370002DE9F04F8BB08146484613F033FD05464A
:10D380002C46484613F0D5FC8346606A16F0A2FD91
:10D3900082469AF8000000283ED1A06A00283BD0BF
:10D3A000A06A0078C0B303A810F070FF03AA4FF47E
:10D3B000002128461BF0EDFE94F85C00C0F3C0008D
:10D3C00028B19DF8290040F002008DF829000021C5
:10D3D00028461BF0C1F90746002128461BF035FB03
:10D3E0008046002128461AF04FFF064605F1140139
:10D3F00001A80DF0ECF808EB060002B2B81901B272
:10D4000001A80DF0E8F90020009001AA03A95846F0
:10D41000A36A10F087FB00BF0BB0BDE8F08F7CB5AE
:10D420000446A06985686089002856D1A089002833
:10D4300053D1E088218988424FDAE18808B221F08F
:10D4400039FEB4F90410B4F90E20891A4843216852
:10D45000498801EBE03000B2ADF80200E1885A31B2
:10D4600008B221F027FEA18810FB01F0216809888D
:10D4700001EBE03000B2ADF80400218908B221F0E0
:10D4800019FEA18810FB01F02168498801EBE0300A
:10D4900000B2ADF8060021895A3108B221F00AFE27
:10D4A000B4F90410B4F90E20891A48432168098898
:10D4B00001EBE03000B2ADF800002A46694668464C
:10D4C000F5F7EEFE06463EB1A169C1F808D06A46FE
:10D4D0002169A06911F0CAFEC2E0608910B1A0897B
:10D4E00000287BD16089D0BB20680088ADF800009F
:10D4F00020684088A188084400B2ADF80600E188A1
:10D5000008B221F0D7FDB4F90410B4F90E20891A3D
:10D5100048432168498801EBE03000B2ADF80200D1
:10D52000E1885A3108B221F0C5FDA18810FB01F055
:10D530002168098801EBE03000B2ADF804002A460A
:10D5400069466846F5F7ACFE06463EB1A169C1F8EA
:10D5500008D06A462169A06911F088FE00BFA08941
:10D5600000287DD120680088A188084400B2ADF869
:10D57000040020684088ADF80200218908B221F03B
:10D5800099FDA18810FB01F02168498801EBE0308A
:10D5900000B2ADF8060021895A3108B221F08AFDA7
:10D5A000B4F90410B4F90E20891A48432168098897
:10D5B00001EBE03000B2ADF800002A46694668464B
:10D5C000F5F76EFE06463EB1A169C1F808D06A467D
:10D5D0002169A06911F04AFE42E0FFE76089A18954
:10D5E000884205D1608918B12089E188884211DB21
:10D5F0006089022802D1A08901280BD06089032804
:10D6000002D1A089022805D06089032828D1A089E9
:10D61000012825D120680088ADF8000020684088E6
:10D62000ADF8020020680088A188084400B2ADF877
:10D63000040020684088A188084400B2ADF80600C4
:10D640002A4669466846F5F72BFE06463EB1A169B3
:10D65000C1F808D06A462169A06911F007FE00BF31
:10D66000A06985607CBD7CB50446A0698568608939
:10D67000012856D1A089012853D1E0882189884208
:10D680004FDAE18808B221F015FDA18810FB01F006
:10D690002168498801EBE03000B2ADF80600E1886E
:10D6A0005A3108B221F006FDB4F90410B4F90E2085
:10D6B000891A48432168098801EBE03000B2ADF8CF
:10D6C0000400218908B221F0F5FCB4F90410B4F982
:10D6D0000E20891A48432168498801EBE03000B2E6
:10D6E000ADF8020021895A3108B221F0E3FCA1888B
:10D6F00010FB01F02168098801EBE03000B2ADF8C1
:10D7000000002A4669466846F5F7CAFD06463EB15E
:10D71000A169C1F808D06A462169A06911F0A6FD87
:10D72000C7E06089012802D0A08901287ED16089E4
:10D7300001283AD120680088A188401A00B2ADF8CB
:10D74000000020684088ADF80200E18808B221F0AE
:10D75000B1FCA18810FB01F02168498801EBE030A1
:10D7600000B2ADF80600E1885A3108B221F0A2FCFF
:10D77000B4F90410B4F90E20891A484321680988C5
:10D7800001EBE03000B2ADF804002A466946684675
:10D79000F5F786FD06463EB1A169C1F808D06A4694
:10D7A0002169A06911F062FD00BFA0890128B7D1ED
:10D7B00020680088401E00B2ADF804002068408850
:10D7C000A188084400B2ADF80600218908B221F012
:10D7D00071FCB4F90410B4F90E20891A4843216889
:10D7E000498801EBE03000B2ADF8020021895A31DE
:10D7F00008B221F05FFCA18810FB01F021680988C4
:10D8000001EBE03000B2ADF800002A4669466846F8
:10D81000F5F746FD06463EB1A169C1F808D06A4653
:10D820002169A06911F022FD43E0FFE76089A18929
:10D83000884206D16089012803D02089E188884286
:10D840000FDB608910B9A08902280AD0608910B95D
:10D85000A089032805D0608903282AD1A08902283D
:10D8600027D120680088A188401A00B2ADF80000D6
:10D8700020684088ADF8020020680088401E00B291
:10D88000ADF8040020684088A188084400B2ADF8D3
:10D8900006002A4669466846F5F702FD06463EB18F
:10D8A000A169C1F808D06A462169A06911F0DEFCBF
:10D8B00000BFA06985607CBD7CB50446A069856811
:10D8C0006089022856D1A089022853D1E088218995
:10D8D00088424FDAE1885A3108B221F0EBFBA18887
:10D8E00010FB01F02168098801EBE03000B2ADF8CF
:10D8F0000000E18808B221F0DDFBB4F90410B4F9AE
:10D900000E20891A48432168498801EBE03000B2B3
:10D91000ADF80600218908B221F0CCFBA18810FBEC
:10D9200001F02168498801EBE03000B2ADF8020057
:10D9300021895A3108B221F0BDFBB4F90410B4F9C1
:10D940000E20891A48432168098801EBE03000B2B3
:10D95000ADF804002A4669466846F5F7A1FC06467C
:10D960003EB1A169C1F808D06A462169A06911F0E9
:10D970007DFCCCE06089022802D0A08902287DD1FC
:10D98000608902283CD120680088401E00B2ADF8B2
:10D99000040020684088A188401A00B2ADF8020057
:10D9A000E1885A3108B221F085FBA18810FB01F013
:10D9B0002168098801EBE03000B2ADF80000E18891
:10D9C00008B221F077FBB4F90410B4F90E20891ADB
:10D9D00048432168498801EBE03000B2ADF8060009
:10D9E0002A4669466846F5F75BFC06463EB1A169E2
:10D9F000C1F808D06A462169A06911F037FC00BF60
:10DA0000A0890228B5D120680088A188401A00B2F8
:10DA1000ADF8000020684088401E00B2ADF8060056
:10DA200021895A3108B221F045FBB4F90410B4F948
:10DA30000E20891A48432168098801EBE03000B2C2
:10DA4000ADF80400218908B221F034FBA18810FB55
:10DA500001F02168498801EBE03000B2ADF8020026
:10DA60002A4669466846F5F71BFC06464EB1A16991
:10DA7000C1F808D06A462169A06900E002E011F00F
:10DA8000F5FB44E06089A189884206D160890228BB
:10DA900003D02089E18888420FDB608910B9A08912
:10DAA00003280AD06089012802D1A089032804D064
:10DAB000608901282BD1A08948BB20680088A188F3
:10DAC000401A00B2ADF8000020684088A188401AD2
:10DAD00000B2ADF8020020680088401E00B2ADF828
:10DAE000040020684088401E00B2ADF806002A46B7
:10DAF00069466846F5F7D4FB06463EB1A169C1F810
:10DB000008D06A462169A06911F0B0FB00BFA06986
:10DB100085607CBD7CB50446A06985686089032862
:10DB200056D1A089032853D1E088218988424FDA51
:10DB3000E1885A3108B221F0BDFAB4F90410B4F901
:10DB40000E20891A48432168098801EBE03000B2B1
:10DB5000ADF80000E18808B221F0ACFAA18810FB12
:10DB600001F02168498801EBE03000B2ADF8020015
:10DB700021895A3108B221F09DFAA18810FB01F0E9
:10DB80002168098801EBE03000B2ADF8040021897A
:10DB900008B221F08FFAB4F90410B4F90E20891AF2
:10DBA00048432168498801EBE03000B2ADF8060037
:10DBB0002A4669466846F5F773FB06463EB1A169F9
:10DBC000C1F808D06A462169A06911F04FFBC7E08F
:10DBD0006089032802D0A08903287ED160890328A8
:10DBE0003CD120680088A188084400B2ADF8040048
:10DBF00020684088401E00B2ADF80600E1885A3126
:10DC000008B221F057FAB4F90410B4F90E20891AB9
:10DC100048432168098801EBE03000B2ADF800000C
:10DC2000E18808B221F046FAA18810FB01F02168D2
:10DC3000498801EBE03000B2ADF802002A4669469F
:10DC40006846F5F72DFB06463EB1A169C1F808D03C
:10DC50006A462169A06911F009FB00BFA089032869
:10DC60007ED120680088ADF8000020684088A18837
:10DC7000401A00B2ADF8020021895A3108B221F0F1
:10DC800019FAA18810FB01F02168098801EBE03046
:10DC900000B2ADF80400218908B221F00BFAB4F902
:10DCA0000410B4F90E20891A48432168498801EB11
:10DCB000E03000B2ADF806002A4669466846F5F73E
:10DCC000EFFA06463EB1A169C1F808D06A4621695B
:10DCD000A06911F0CBFA43E0FFE76089A18988428F
:10DCE00006D16089032803D02089E18888420FDBB0
:10DCF0006089022801D1A08950B16089012801D131
:10DD0000A08928B1608902282AD1A089012827D1B9
:10DD100020680088ADF8000020684088A188401A7B
:10DD200000B2ADF8020020680088A188084400B263
:10DD3000ADF8040020684088401E00B2ADF806002F
:10DD40002A4669466846F5F7ABFA06463EB1A16930
:10DD5000C1F808D06A462169A06911F087FA00BFAE
:10DD6000A06985607CBD000070B5A4B006460D4674
:10DD700020AA22A9304619F00FFD22A80CF092FC2F
:10DD800028B920A80CF08EFC08B924B070BD12A9E7
:10DD9000304624F059F90446012C00D0F5E7294615
:10DDA000684618F08BFF1B4801900220029012A8D1
:10DDB00004904FF480300D9022A80CF073FC80B1D9
:10DDC00022A803906A461A21304613F011F822AABD
:10DDD00012A9284611F04AFA6A461B21304613F070
:10DDE00007F820A80CF05EFC90B120A803906A46CA
:10DDF0001A21304612F0FCFF20A8039020AA12A995
:10DE0000284611F033FA6A461B21304612F0F0FF23
:10DE100000BFBAE7FCB903082DE9F04FB1B00546E1
:10DE20000F4605F114012FA8BA68F5F739FA10B9B1
:10DE300031B0BDE8F08FB8682E902FA8B8602C469E
:10DE4000002128461AF013FC2B90002128461AF0D6
:10DE50007AFD2A90284619F01CFAB4F88410484339
:10DE600000120FFA80FA284619F0F4F9B4F8861077
:10DE7000484300120FFA80FB04F12400F6F7B9FCC6
:10DE80002890002128461AF0A4FB82346188484378
:10DE9000001227902188491E279801FB10A0218895
:10DEA00090FBF1F000B2269028992698B0FBF1F093
:10DEB00000B225904FF4A02128461AF08AFB618811
:10DEC000823C484300122490284619F04DFB01463D
:10DED0002B98401A00B22390284619F03FFC0146C7
:10DEE0002A98401A00B2229014A811F0DBF914AA63
:10DEF0004FF4A02128461BF027FA14A8C07B20F07D
:10DF0000070114A8C173FF208DF85300688BBDF87A
:10DF10005010084400B2ADF8B600394602A818F017
:10DF2000CDFE4FF4A0200F905D4803900420049094
:10DF30004FF00008AAE02798504400FB08F0B4F81E
:10DF4000821090FBF1F0A98A01442398084400B2A2
:10DF50000190CDF8408004F12400F6F769FC0646F4
:10DF60008CE0307B00F0010000B181E094F8880083
:10DF7000C0F3C00008B9708900E0002000B2009032
:10DF80000198ADF8B000BDF8B01025980144249870
:10DF9000081A401E00B2ADF8B40025990198084453
:10DFA00000B20190BDF9B400BDF9BC10884200DA9E
:10DFB0005EE0BDF9B000BDF9C010884200DD60E050
:10DFC0003089ADF8540000984044B4F8821090FBBA
:10DFD000F1F201FB12000FFA80F9706830F91910A4
:10DFE000307BC0F3001204F16C0030F91200081A03
:10DFF00000FB0BF02990307BC0F3001104F170009E
:10E0000030F91110307BC0F3001204F16C0030F9CC
:10E010001200091A299890FBF1F029902998ABEB8E
:10E020000001E88A01442298084400B2ADF8B20029
:10E03000706830F9190047F6FF71884217D02CA894
:10E04000059014A806901396706830F91900129084
:10E0500002AA1A21284612F0CBFE2CAA14A938468F
:10E0600011F004F902AA1B21284612F0C1FE00BFDC
:10E07000314604F12400F6F7D5FB0646002E7FF466
:10E0800070AF00BF08F101001FFA80F8B4F88200F9
:10E0900040453FF750AF2E98B86000BFC8E600007B
:10E0A000D4BB03082DE9F34FB9B083463A980BF17E
:10E0B0001401826837A8F5F7F3F810B93BB0BDE852
:10E0C000F08F3A988068369037A93A9881605D461B
:10E0D000B5F88200022800DAF0E7002158461AF06D
:10E0E000ACF83390002158461AF0C1FA0146339833
:10E0F000084400B23290002158461AF024FC014630
:10E100003398084400B23190584619F0C2F8B5F877
:10E1100084104843001200B23090584619F09AF823
:10E12000B5F886104843001200B22F90584619F0F7
:10E130001BFA0146BBF8142032981044401A00B272
:10E140002E90584619F00AFB0146BBF8162031986C
:10E150001044401A00B22D903A980BF114018268D5
:10E160002BA8F5F79DF82A902A9800B9A6E727A8CA
:10E1700010F0D8F827AA4FF4A02158461BF070F8E9
:10E1800019A811F08FF819AA4FF4003158461BF066
:10E19000DBF84FF4003158461AF057FE064600EB04
:10E1A000D67047104FF4003158461AF0C0F80646B2
:10E1B00000EBD6704FEA600ABDF99E00574501DAC0
:10E1C000394600E0514600EBD072B1EB620F06DD3C
:10E1D0009DF8A50020F0100010308DF8A500BDF8C6
:10E1E0009E00012806D19DF8A50020F010001030F7
:10E1F0008DF8A500B5F882103098814201DB01202E
:10E2000000E00020189005F12400F6F711FB044609
:10E21000D4E1207B00F0010000B1C9E12089ADF814
:10E220009C002089ADF8680095F88800C0F3C00014
:10E2300008B9608900E0002006B217962E98ADF864
:10E24000D4002E98ADF8D000179E179EB046606897
:10E2500030F91810207BC0F3001205F16C0030F982
:10E260001200081A2F9948431690207BC0F3001122
:10E2700005F1700030F91110207BC0F3001205F198
:10E280006C0030F91200091A169890FBF1F0169004
:10E2900016992F98411A2D98084400B2ADF8D20073
:10E2A00004A83A9918F00AFDC84805900320069082
:10E2B0004FF4A020119027A80A9019A8089015944F
:10E2C000BDF9D2000390BDF9D20002904FF00009D1
:10E2D00023E1BDF8D000ADF8D400BDF8D200ADF810
:10E2E000D600BDF9D4103698B0F904003844401C6B
:10E2F000814200DD16E1309800FB09F0B5F882108C
:10E30000491E90FBF1F12E98084400B2ADF8D00000
:10E3100017984844B5F8821090FBF1F201FB120007
:10E3200006B2606830F91610207BC0F3001205F1C8
:10E330006C0030F91200081A2F9948431690207B80
:10E34000C0F3001105F1700030F91110207BC0F30B
:10E35000001205F16C0030F91200091A169890FBB2
:10E36000F1F0169016992F98411A2D98084400B292
:10E37000ADF8D200BDF9D0103698B0F90000C01B3E
:10E38000401E814201DAB046C3E0B9F1000F58D017
:10E390001898E8B3606830F9180047F6FF718842B2
:10E3A000F5D0606830F916008842F0D0BDF9D2107F
:10E3B0000298814201DA029801E0BDF9D200029090
:10E3C000BDF9D2100398814201DD039801E0BDF947
:10E3D000D2000390BDF9D400BDF9D010884230D0EE
:10E3E000BDF9D2000190BDF8D000401E00B2ADF8DA
:10E3F000D000BDF8D000ADF8D4000398ADF8D60039
:10E400000298ADF8D200BDF9D600BDF9D21000E0F7
:10E4100018E0884205D1BDF8D200401C00B2ADF82A
:10E42000D20034AB35AA27A93A980FF064FFBDF8A3
:10E43000D000401C00B2ADF8D000019803900198C4
:10E44000029064E0BDF8D400C01B00B2ADF800003B
:10E45000BDF8D400384400B2ADF80400BDF8D600D1
:10E46000A0EB0A0000B2ADF80200BDF8D60050449F
:10E4700000B2ADF80600A9F101001290606830F911
:10E48000180047F6FF71884201D035A800E000204F
:10E490000D90606830F9160047F6FF71884201D090
:10E4A00034A800E000200E90CDF81CD0606830F950
:10E4B0001800149004AA1A21584612F099FC6068BA
:10E4C00030F9180047F6FF7188420AD0606830F9C9
:10E4D0001600884205D034AB35AA27A93A980FF028
:10E4E0000AFF77B1BAF1000F0BD0606830F918005D
:10E4F00047F6FF71884204D06A4619A93A9810F08D
:10E50000B5FE04AA1B21584612F072FC00BFB046AB
:10E5100000BF09F101001FFA80F9B5F882004845F3
:10E520003FF7D7AE00BF1898E8BBB5F88200484562
:10E530003DD1606830F9160047F6FF71884236D049
:10E54000BDF8D000C01B00B2ADF80000BDF8D0008F
:10E55000384400B2ADF80400BDF8D200A0EB0A00C8
:10E5600000B2ADF80200BDF8D200504400B2ADF8E0
:10E570000600A9F10100129000200D900E90CDF838
:10E580001CD0606830F91600149004AA1A2158466D
:10E5900012F02EFC6A4619A93A9810F067FE04AAF8
:10E5A0001B21584600E002E012F022FC00BF00BF31
:10E5B000214605F12400F6F735F90446002C7FF4D6
:10E5C00028AE3A993698886000BF77E5D4BB030837
:10E5D0002DE9F34FB3B08146349809F114018268F4
:10E5E00031A8F4F75DFE10B935B0BDE8F08F34986E
:10E5F0008068309031A9349881604D4600214846AA
:10E6000019F01BFE2D90002148461AF030F82C908E
:10E61000002148461AF097F92B90484618F039FE29
:10E62000B5F884104843001200B22A90484618F00A
:10E6300011FEB5F886104843001200B229904846F2
:10E6400018F092FF0146B9F814202C9802442D9836
:10E650001044401A00B22890484619F07FF801464D
:10E66000B9F816202B9802442D981044401A00B295
:10E67000279024A80FF056FE24AA4FF4A021484664
:10E680001AF0EEFD16A810F00DFE16AA4FF4003198
:10E6900048461AF059FE4FF4003148461AF0D5FBAF
:10E6A000064600EBD67047104FF40031484619F08B
:10E6B0003EFE064600EBD6704FEA6008BDF99200B8
:10E6C000474501DA394600E0414600EBD072B1EB34
:10E6D000620F06DD9DF8990020F0100010308DF8D3
:10E6E0009900BDF89200012806D19DF8990020F00C
:10E6F000100010308DF8990005F12400F6F798F815
:10E70000044698E1207B00F0010000B18DE12089F2
:10E71000ADF890002089ADF85C0095F88800C0F352
:10E72000C00008B9608900E0002006B2159628985C
:10E73000ADF8BC002898ADF8B800159E159EB346FC
:10E74000606830F816000A2847D02A98009023689D
:10E7500033F91600237BC3F3C00C05F1780333F9BA
:10E760001C20237BC3F3C00C05F1740333F91C1088
:10E77000002316F0ABFB00B2ADF8B800BDF8B8103E
:10E780002898084400B2ADF8B80029980090636852
:10E7900033F91600237BC3F3001C05F1700333F932
:10E7A0001C20237BC3F3001C05F16C0333F91C1000
:10E7B000002316F08BFB00B2ADF8BA00BDF8BA101A
:10E7C0002998401A00B2ADF8BA00BDF8BA102798DF
:10E7D000084400B2ADF8BA0005E04EF20100ADF811
:10E7E000B800ADF8BA0003A8349918F067FA4FF4EE
:10E7F000A0201090944804900320059024A809902C
:10E8000016A8079014944FF0000AC8E0BDF8B800AD
:10E81000ADF8BC00BDF8BA00ADF8BE001598504484
:10E82000B5F8821090FBF1F201FB120006B26068AD
:10E8300030F9160047F6FF71884247D029980090BA
:10E84000636833F91600237BC3F3001C05F17003E2
:10E8500033F91C20237BC3F3001C05F16C0333F94F
:10E860001C10002316F032FB00B2ADF8BA00BDF860
:10E87000BA102998401A00B2ADF8BA00BDF8BA1023
:10E880002798084400B2ADF8BA002A98009023688F
:10E8900033F91600237BC3F3C00C05F1780333F979
:10E8A0001C20237BC3F3C00C05F1740333F91C1047
:10E8B000002316F00BFB00B2ADF8B800BDF8B8109D
:10E8C0002898084400B2ADF8B80001E0B34662E011
:10E8D000BAF1000F5DD0BDF8BC00C01B00B2ADF8AE
:10E8E0000400BDF8BC00384400B2ADF80800BDF823
:10E8F000BE00A0EB080000B2ADF80600BDF8BE00F7
:10E90000404400B2ADF80A00AAF10100119060681D
:10E9100030F91B0047F6FF71884201D02FA800E0B4
:10E9200000200C90606830F9160047F6FF718842AD
:10E9300001D02EA800E000200D9001A8069060688C
:10E9400030F91B00139003AA1A21484612F050FA1E
:10E95000606830F91B0047F6FF71884213D0606889
:10E9600030F9160088420ED02EAB2FAA24A9349875
:10E970000FF0C1FC3FB1B8F1000F04D001AA16A9F5
:10E98000349810F073FC03AA1B21484612F030FAA9
:10E9900000BFB34600BF0AF101001FFA80FAB5F8C4
:10E9A000820050453FF732AFB5F8820050453BD169
:10E9B000606830F9160047F6FF71884234D0BDF820
:10E9C000B800C01B00B2ADF80400BDF8B800384470
:10E9D00000B2ADF80800BDF8BA00A0EB080000B224
:10E9E000ADF80600BDF8BA00404400B2ADF80A0028
:10E9F000AAF10100119000200C900D9001A8069042
:10EA0000606830F91600139003AA1A21484612F0E4
:10EA1000EFF901AA16A9349810F028FC03AA1B21CB
:10EA2000484612F0E5F900BF00BF214605F1240079
:10EA3000F5F7F8FE0446002C7FF464AE3499309864
:10EA4000886000BFD0E50000D4BB03082DE9F74F74
:10EA5000A2B00F46F88D10B925B0BDE8F08F97F839
:10EA60003600022800DCF7E7F88D012808D1B7F955
:10EA70003400002804DC388E10B9788E00B9EBE73A
:10EA800024980088398E0844B98E401A00B2ADF837
:10EA9000800024988088398E0844B98E084400B2DA
:10EAA000ADF8840024984088798E0844B98E401AC5
:10EAB00000B2ADF882002498C088798E0844B98EDF
:10EAC000084400B2ADF88600B7F92E0000EBD07113
:10EAD000BDF88020A2EB6101491E09B2ADF87810A3
:10EAE000B7F92E0000EBD071BDF8842002EB610174
:10EAF000491C09B2ADF87C10B7F92E0000EBD071BB
:10EB0000BDF88220A2EB6101491E09B2ADF87A106E
:10EB1000B7F92E0000EBD071BDF8862002EB610141
:10EB2000491C09B2ADF87E1097F836001D901D986B
:10EB3000FD2801DDFF201D9022981EA982681BA8D8
:10EB4000F4F7AEFB00B987E719A824990BF000FD94
:10EB50004FF0FF32114619A80BF02CFEB7F90080D8
:10EB600019A80BF0DAFD834619A80BF05CFD83456C
:10EB700003DA19A80BF0D1FD02E019A80BF053FD40
:10EB800018901898B8EB600F02DD18984FEA6008EB
:10EB9000B7F90000179020A80BF0BFFD834620A80E
:10EBA0000BF041FD834503DA20A80BF0B6FD02E02F
:10EBB00020A80BF038FD1890DDE91701B0EB610FCC
:10EBC00002DD189840101790B7F92E1017980C18FE
:10EBD00004FB04F1480016F0C7F98246B7F92E206D
:10EBE000179803B2514620A823F0FCFB1EA80FF093
:10EBF000CBFE16904FF00109169820B9F878FF283F
:10EC000001DBB87808B14FF000094FF0FF300F90EA
:10EC1000B9F1000F0BD101230FFA88F219A910A83E
:10EC200010F02AFA002110A80FF0A8FB0F901EA8E0
:10EC30000BF073FD834616F097F90E901C2102A885
:10EC400016F049FC0CA8029007900E980590B88D1C
:10EC5000ADF8100097F836008DF82000B8788DF8E0
:10EC600021001EA80BF059FD834600EBDB70BDF8B8
:10EC7000781001EB600000B201901EA80BF0D3FCED
:10EC8000834600EBDB70BDF87A1001EB600000B248
:10EC90000090BDF87C00ADF83400BDF87C00001B8E
:10ECA000401C00B2ADF83000BDF87A00ADF832007B
:10ECB000BDF87A002044401E00B2ADF83600BDF920
:10ECC00030100198814202DDBDF9300000E001986A
:10ECD000ADF83000BDF936100098814202DABDF976
:10ECE000360000E00098ADF8360022980CA9826842
:10ECF0000AA8F4F7D5FA002866D00FFA88F219A905
:10ED00000AA8F4F70EFB00285ED10AA80BF005FD57
:10ED100083465646BDF92A00BDF97A10401A00FB19
:10ED20000466BDF92810BDF97C00001B401C081AC0
:10ED30000644B9F1000F09D00FFA88F219A90AA800
:10ED4000F4F76AFB10B10120099001E0CDF824909E
:10ED5000BBF1000F37DD0E980590BDF82800ADF827
:10ED60003000BDF82C00ADF8340002208DF81800FA
:10ED7000BDF92A5023E0ADF83250ADF8365009986D
:10ED8000A8B9224631460E9816F00BFABDF92810A4
:10ED90005B462A460E980FF0A7FD8DF818009DF8E7
:10EDA0001800012804D102208DF8180000E0059613
:10EDB00002A9229810F098FC2644681C05B2BDF9FF
:10EDC0002E00A842D7DA00BFBDF87C00ADF83400B1
:10EDD000BDF87C00001B401C00B2ADF83000BDF84F
:10EDE0007E00001B401C00B2ADF83200BDF87E0072
:10EDF000ADF83600BDF930100198814202DDBDF951
:10EE0000300000E00198ADF83000BDF932100098F4
:10EE1000401C814202DDBDF9320001E00098401C37
:10EE200000B2ADF8320022980CA982680AA8F4F763
:10EE300037FA002866D00FFA88F219A90AA8F4F761
:10EE400070FAA8BB0AA80BF068FC83465646BDF9C9
:10EE50003600BDF92E10401A00FB0466BDF92810DB
:10EE6000BDF97C00001B401C081A0644B9F1000FD4
:10EE700009D00FFA88F219A90AA8F4F7CDFA10B14F
:10EE80000120099001E0CDF82490BBF1000F38DD9E
:10EE90000E980590BDF82800ADF83000BDF82C00A4
:10EEA000ADF8340002208DF81800BDF92E5024E092
:10EEB00028E0ADF83250ADF836500998A8B922468E
:10EEC00031460E9816F06DF9BDF928105B462A46BA
:10EED0000E980FF009FD8DF818009DF81800012814
:10EEE00004D102208DF8180000E0059602A92298AE
:10EEF00010F0FAFB2644681E05B2BDF92A00A842AC
:10EF0000D7DD00BFBDF87800204400B2ADF8300076
:10EF1000BDF87C00001B00B2ADF83400BDF87A00EB
:10EF2000ADF83200BDF87A002044401E00B2ADF8C2
:10EF30003600BDF936100098814202DABDF936007C
:10EF400000E00098ADF8360022980CA982680AA863
:10EF5000F4F7A6F9002870D00FFA88F219A90AA8C8
:10EF6000F4F7DFF9002868D10AA80BF0D6FB834636
:10EF70005646BDF92A00BDF93210401A00FB04665E
:10EF8000B9F1000F09D00FFA88F219A90AA8F4F70D
:10EF900043FA10B10120099001E0CDF82490BBF1B3
:10EFA000000F49DD099810B90E98059001E0002086
:10EFB0000590BDF82800ADF83000BDF82C00ADF884
:10EFC0003400BDF92A5033E0ADF83250ADF8365078
:10EFD0000998C8B931785A460E9816F042FABDF928
:10EFE00028105B462A460E980FF07EFC8DF818001C
:10EFF0009DF81800012802D102208DF8180002A9FE
:10F00000229810F071FB10E01D98FF2801D1307894
:10F0100005E0307897F8361010FB01F000128DF8FB
:10F02000200002A9229810F05FFB2644681C05B25C
:10F03000BDF92E00A842C7DA00BF97F836008DF858
:10F040002000BDF87800204400B2ADF83000BDF8D3
:10F050007C00001B00B2ADF83400BDF87E00001B40
:10F06000401C00B2ADF83200BDF87E00ADF83600AD
:10F07000BDF932100098401C814202DDBDF932001A
:10F0800001E00098401C00B2ADF8320022980CA9B3
:10F0900082680AA8F4F704F900287DD00FFA88F2F4
:10F0A00019A90AA8F4F73DF900287AD10AA80BF0AB
:10F0B00034FB83465646BDF93600BDF92E10401A82
:10F0C00000FB0466BBF1000F6ADDB9F1000F09D047
:10F0D0000FFA88F219A90AA8F4F79EF910B10120D5
:10F0E000099001E0CDF82490099810B90E98059088
:10F0F00001E000200590BDF82800ADF83000BDF813
:10F100002C00ADF83400BDF92E5042E0ADF832507D
:10F11000ADF83650B9F1000F09D00FFA88F219A9ED
:10F120000AA8F4F779F910B10120099001E0CDF8AF
:10F1300024900998C8B931785A460E9816F091F97A
:10F14000BDF928105B462A460E980FF0CDFB8DF8CE
:10F1500018009DF81800012802D102208DF818002F
:10F1600002A9229810F0C0FA10E01D98FF2801D1E2
:10F17000307805E0307897F8361010FB01F0001277
:10F180008DF8200002A9229810F0AEFA2644681EDD
:10F1900005B2BDF92A0001E003E001E0A842B5DDB7
:10F1A00000BF97F836008DF82000BDF87C00001BEA
:10F1B000401C00B2ADF83000BDF87C00ADF8340062
:10F1C000BDF87A00204400B2ADF83200BDF87E00F0
:10F1D000001B00B2ADF83600BDF932100098401C9B
:10F1E000814202DABDF9320001E00098401C00B211
:10F1F000ADF83200BDF936100098814202DDBDF94C
:10F20000360000E00098ADF83600BDF930100198E6
:10F21000814202DDBDF9300000E00198ADF8300018
:10F2200022980CA982680AA8F4F73AF8E0B30FFA1A
:10F2300088F219A90AA8F4F774F8A8BB0AA80BF079
:10F240006CFA83465646601E00FB0466BDF9281022
:10F25000BDF97C00001B401C081A0644B9F1000FE0
:10F2600009D00FFA88F219A90AA8F4F7D5F810B155
:10F270000120099001E0CDF82490099808B13046AA
:10F2800000E00E980590BBF1000F33DDBDF82800BB
:10F29000ADF83000BDF82C00ADF8340002208DF838
:10F2A0001800BDF92A5021E025E0ADF83250ADF844
:10F2B00036500998A0B95A4631460E9815F071FF9C
:10F2C000BDF928105B462A460E980FF00DFB8DF80D
:10F2D00018009DF81800012802D102208DF81800AE
:10F2E00002A9229810F000FA681C05B2BDF92E00A0
:10F2F000A842DADA00BF5646002515E03046331939
:10F30000591E002208E0037891F800C080F800C080
:10F310000B70401C491E521C04EBD47CB2EB6C0FEA
:10F32000F1DB2644681C05B2A542E7DBBDF8780096
:10F33000ADF83000BDF878002044401E00B2ADF8B2
:10F340003400BDF87A00204400B2ADF83200BDF8B8
:10F350007E00001B00B2ADF83600BDF932100098F7
:10F36000401C814202DABDF9320001E00098401CE5
:10F3700000B2ADF83200BDF936100098814202DDCE
:10F38000BDF9360000E00098ADF83600BDF9341044
:10F390000198401E814202DABDF9340001E0019873
:10F3A000401E00B2ADF8340022980CA982680AA869
:10F3B000F3F776FFD0B30FFA88F219A90AA8F3F78A
:10F3C000B0FF98BB0AA80BF0A8F983465646601E0A
:10F3D00000FB0466BDF92800BDF93010401A064450
:10F3E000B9F1000F09D00FFA88F219A90AA8F4F7A9
:10F3F00013F810B10120099001E0CDF8249009988C
:10F4000008B1304600E00E980590BBF1000F33DDE7
:10F41000BDF82800ADF83000BDF82C00ADF8340080
:10F4200002208DF81800BDF92A5021E025E0ADF842
:10F430003250ADF836500998A0B95A4631460E9868
:10F4400015F0AFFEBDF928105B462A460E980FF066
:10F450004BFA8DF818009DF81800012802D10220FF
:10F460008DF8180002A9229810F03EF9681C05B228
:10F47000BDF92E00A842DADA00BFBDF87800ADF879
:10F480003000BDF878002044401E00B2ADF83400D2
:10F49000BDF87A00ADF83200BDF87A002044401E75
:10F4A00000B2ADF83600BDF934100198401E81421B
:10F4B00002DABDF9340001E00198401E00B2ADF857
:10F4C0003400BDF936100098814202DABDF93600E9
:10F4D00000E00098ADF8360022980CA982680AA8CE
:10F4E000F3F7DEFED0B30FFA88F219A90AA8F3F7F2
:10F4F00018FF98BB0AA80BF010F983465646BDF9D1
:10F500002A00BDF93210401A00FB0466BDF928003C
:10F51000BDF93010401A0644B9F1000F09D00FFAB6
:10F5200088F219A90AA8F3F777FF10B10120099012
:10F5300001E0CDF824900E980590BBF1000F36DD68
:10F54000BDF82800ADF83000BDF82C00ADF834004F
:10F5500002208DF81800BDF92A5024E028E0ADF80B
:10F560003250ADF836500998A8B9224631460E9867
:10F5700015F017FEBDF928105B462A460E980FF0CD
:10F58000B3F98DF818009DF81800012804D1022065
:10F590008DF8180000E0059602A9229810F0A4F852
:10F5A0002644681C05B2BDF92E00A842D7DA00BF78
:10F5B000BDF87800ADF83000BDF878002044401E5A
:10F5C00000B2ADF83400BDF87E00001B401C00B254
:10F5D000ADF83200BDF87E00ADF83600BDF932104E
:10F5E0000098401C814202DDBDF9320001E0009824
:10F5F000401C00B2ADF83200BDF934100198401E35
:10F60000814202DABDF9340001E00198401E00B2E7
:10F61000ADF8340022980CA982680AA8F3F740FEDE
:10F62000D0B30FFA88F219A90AA8F3F77AFE98BBAB
:10F630000AA80BF072F883465646BDF93600BDF9AC
:10F640002E10401A00FB0466BDF92800BDF93010E9
:10F65000401A0644B9F1000F09D00FFA88F219A92F
:10F660000AA8F3F7D9FE10B10120099001E0CDF806
:10F6700024900E980590BBF1000F36DDBDF82800F0
:10F68000ADF83000BDF82C00ADF8340002208DF844
:10F690001800BDF92E5024E028E0ADF83250ADF846
:10F6A00036500998A8B9224631460E9815F079FDD2
:10F6B000BDF928105B462A460E980FF015F98DF813
:10F6C00018009DF81800012804D102208DF81800B8
:10F6D00000E0059602A9229810F006F82644681E5C
:10F6E00005B2BDF92A00A842D7DD00BFBDF87800F9
:10F6F000204400B2ADF83000BDF87C00001B00B221
:10F70000ADF83400BDF87A00204400B2ADF8320004
:10F71000BDF87E00001B00B2ADF836000E980590D3
:10F7200022980CA982680AA8F3F7BAFDA0B30FFAD1
:10F7300088F219A90AA8F3F7F4FD68BB0AA80AF031
:10F74000ECFF8346BBF1000F25DDBDF82800ADF8C6
:10F750003000BDF82C00ADF83400BDF92A5016E099
:10F76000ADF83250ADF8365059460E9815F0EAFE15
:10F77000BDF928105B462A460E980FF0B5F88DF8B3
:10F78000180002A922980FF0AFFF681C05B2BDF95E
:10F790002E00A842E4DA00BFB9F1000F05D110A88D
:10F7A0000FF0CEF80F980FF04FFD504615F058FCB3
:10F7B0000E9815F055FC00BFFFF74EB92DE9F74F35
:10F7C000DEB05E985D9060980AF0CAFF804600EB5C
:10F7D000D8704FEA600A60980AF03AFF074600EBDB
:10F7E000D7704010824507DA60980AF0B9FF0646E4
:10F7F00006EBD670401006E060980AF029FF054637
:10F8000005EBD570401000B25B90609801885B9862
:10F81000084400B2ADF87001609841885B980844D4
:10F8200000B2ADF8720158A80EF07CFD58AA4FF452
:10F83000C0215E9819F014FD9DF8690120F01000B8
:10F8400010308DF8690150A80EF020FD50AA4FF439
:10F85000C0215E9819F09DFC2CA85F9917F02EFA34
:10F86000FE482D904FF4C020399003202E9058A8C8
:10F8700032905D982430F4F7DBFF044643E23D9478
:10F88000A18B5B98084406B2A088301A00B22B9076
:10F89000A089301A0FFA80FABDF870112B98081A57
:10F8A00000B2ADF8A400BDF872112B98081A00B28E
:10F8B000ADF8A600BDF870112B98084400B2ADF861
:10F8C000A800BDF872112B98084400B2ADF8AA0048
:10F8D000012347F6FF7229A94AA80FF0CDFBBDF816
:10F8E0007001A0EB0A0000B2ADF89C00BDF87201F7
:10F8F000A0EB0A0000B2ADF89E00BDF870015044C4
:10F90000401E00B2ADF8A000BDF872015044401E88
:10F9100000B2ADF8A200012347F6FF7227A944A860
:10F920000FF0AAFBBDF87001801B00B2ADF8940087
:10F93000BDF87201801B00B2ADF89600BDF87001F1
:10F940003044401E00B2ADF89800BDF8720130445A
:10F95000401E00B2ADF89A00002347F6FF7225A9B9
:10F960003EA80FF089FB00213EA80EF007FD249071
:10F970004FF0FF302390608910B16089401E01E094
:10F980004FF6FF7022904FF00009A6E12298401C2C
:10F9900022900020219061892298814203D1002089
:10F9A000229001202190A06900906088421E0021D1
:10F9B0004846636915F08AFA07463C97219810B1CA
:10F9C0002089209001E02068209020981F902198A5
:10F9D00008B1E08900E0E0880FFA80F8CDF878807F
:10F9E000DDF878805D983030F4F722FF05465FE05F
:10F9F0002879022800D055E0A868B84251DCE868B0
:10FA0000B8424EDB288A40440FFA80F8698AA88AF7
:10FA1000814202D1688A209043E0A87D00F0010075
:10FA200050B1FF20009000233846D5E9021215F0AE
:10FA30004DFAC0B2139009E0FF2000900023384631
:10FA4000D4E9051215F042FAC0B21390A98A1191B7
:10FA5000698A1291139800F1040C4FEAEC00BDF88A
:10FA600048C04CEA0C4CDFF8F8E10CEA0E01BDF896
:10FA700044C04CEA0C4C0CEA0E02A2EB010C0CFB4D
:10FA800000FC01EB5C1C0CEA0E0343EA134C1FFA6A
:10FA90008CFCCDF840C0BDF840E0F446CDF880C005
:10FAA00000BF00BF29465D983030F4F7BBFE054625
:10FAB000002D9DD1E08B00FB09F001026088401E03
:10FAC00091FBF0F01D901D9800121C901C98401C9A
:10FAD0001B901D9800F0FF0B228C1C99114408B25A
:10FAE0001FF0E8FA1A90228C1B99114408B21FF0FB
:10FAF000E1FA1990CBF580711A9811FB00F1199871
:10FB000010FB0B1000121890228C1C99114408B2A3
:10FB10001FF0C8FA1790228C1B99114408B21FF0ED
:10FB2000C1FA1690CBF58071179811FB00F1169869
:10FB300010FB0B1000121590BDF88000ADF86001AD
:10FB4000ADF86281BDF8702106EB080115984843B5
:10FB50007F3002EBE03000B2ADF85000BDF872210A
:10FB600006EB0801189848437F3002EBE03000B202
:10FB7000ADF8520014A835905CA83590CDF8E89007
:10FB800050A83190219800287CD024980FF05CFB7D
:10FB9000B4F91000AAEB00001390BDF8702113997E
:10FBA000159848437F3002EBE03000B2ADF84800D2
:10FBB000BDF872211399189848437F3002EBE0306A
:10FBC00000B2ADF84A00202250A90AA815F0E9FABF
:10FBD0000AA831903B4623A2102106A81CF034FD50
:10FBE00006A837902CAA1A215E9811F001F900217D
:10FBF00041F6FF72BDF95201CDE901210090BDF936
:10FC0000543105A8509A37991FF042FBBDF91400F2
:10FC100000EBD071BDF84820A2EB610109B2ADF84C
:10FC20000C10BDF9160000EBD071BDF84A20A2EB14
:10FC3000610109B2ADF80E10BDF80C00BDF814104A
:10FC4000084400B2ADF81000BDF80E00BDF8161063
:10FC5000084400B2ADF81200002006E00CC1030811
:10FC60001FF8E007256400000CE0009003AA379B12
:10FC700031995F980DF056FF00213EA80EF07EFBF3
:10FC8000249007E00020319037902CAA1A215E982A
:10FC900011F0AEF8219909B144A900E04AA908463B
:10FCA00000210EF06BFB23905CAB14AA58A95F985F
:10FCB0000EF021FB23980FF0C7FA2CAA16215E98AC
:10FCC00011F096F8BDF87C00ADF860011E98ADF813
:10FCD000620109F1010000F0FF09608848453FF723
:10FCE00055AE4AA80EF02CFE44A80EF029FE3EA800
:10FCF0000EF026FE24980FF0A7FA21465D982430D6
:10FD0000F4F790FD0446002C7FF4B9AD61B0BDE876
:10FD1000F08F00002DE9F04FB1B005468B469046BC
:10FD20002E464146284603F035F904462089C0F3A3
:10FD30000E00012802DC31B0BDE8F08F2089C0F34D
:10FD4000C03020B9208810B9608800B9F3E70021DD
:10FD5000284618F08CFC82460021284618F06DFADF
:10FD6000504400B22E90284617F093FAB6F884104B
:10FD70004843001200B22D9025A80EF087FA25AA5C
:10FD80004FF4C021284619F004FA284617F0ECFB7E
:10FD90000146AA8A2E981044401A00B22490B8F165
:10FDA000020F0ED12089C0F3C03028B14FF4C0211A
:10FDB000284618F07FFB00E000202390B5F91A9048
:10FDC0000DE02089C0F3C03028B14FF4C02128468F
:10FDD00018F0B9FD00E000202390B5F91690B8F1B5
:10FDE000020F16D1DBF80800B0F90600484500DA2A
:10FDF000A1E7239848442599B1F908100844B4F9BB
:10FE000000100844DBF80810B1F90210884200DA4B
:10FE100091E720A80EF086FA20AA4FF4C0212846C8
:10FE200019F01EFA0020ADF88600ADF8840059469E
:10FE30000EA816F043FFA6480F900620109002204F
:10FE40001C904FF4C0201B9025A8139020A814905C
:10FE5000B8F1020F01D0012000E000200D9096F8CB
:10FE6000880000F00700022822D10021284618F05F
:10FE7000B0FBB6F8841048434FEA202A2D9850442E
:10FE8000B6F8821090FBF1F000B20B900B99A1EB49
:10FE90000A0000EBD0714A102499114409B2249150
:10FEA0000B98A0EB0A012D98401A00B22D9000BFCC
:10FEB000ADF8C2902089C0F30E00401E6168C1F306
:10FEC0000E4148430C900027FBE000200B90606837
:10FED000C0F30E40B7FBF0F100FB117008B9012030
:10FEE0000B90BDF982102D98401A78430C99B0FB05
:10FEF000F1F12498084400B2ADF8C000ADF8BC00A0
:10FF00000D9868B1BDF9C2100B9810B1B4F900009A
:10FF100001E0B4F90200081A00B2ADF8BE000CE02E
:10FF2000BDF9C2100B9810B1B4F9000001E0B4F9AA
:10FF30000200084400B2ADF8BE0030A817902FA808
:10FF4000189096F8880000F00700032810D106F1F9
:10FF500078000D9930F91100009006F1740030F925
:10FF60001130002138460C9A14F0B0FF824604E0AC
:10FF70006068C0F30E40B7FBF0FACDF878A00B989C
:10FF8000002871D02089C0F3C03000286CD05346BF
:10FF900050A2102107A81CF057FB25A8139007A812
:10FFA000199010201A900EAA1A21284610F020FF4E
:10FFB000002141F6FF72BDF9A600CDE901210090B4
:10FFC000BDF9A83006A8259A19991FF061F9BDF965
:10FFD000180000EBD071BDF8BC20A2EB610109B2A2
:10FFE000ADF81010BDF9180000EBD071BDF8BC20C1
:10FFF00002EB610109B2ADF814100D9878B1BDF8AB
:020000040801F1
:10000000BE102398081A00B2ADF81600BDF816000D
:10001000BDF81A10401A00B2ADF812000EE0BDF89B
:10002000BE102398084400B2ADF81200BDF81200CB
:10003000BDF81A10084400B2ADF81600BDF914005E
:10004000B5F9141088420DDBBDF91010B5F9180090
:10005000814207DC0020009004AA25A95846199B7C
:100060000DF060FD09E0FFE70020139019901A9051
:100070000EAA1A21284610F0BBFEBDF9821001EB32
:10008000D172BDF9C03003EB6202B5F914309A4267
:1000900011DBBDF9820000EBD072BDF9BC30A3EBDF
:1000A0006203B5F91820934205DC2FAB30AA20A9D2
:1000B00058460EF020F90EAA1B21284610F098FE93
:1000C0007F1C0C9887427FF600AF00BF33E600002C
:1000D000D4BB0308256400002DE9F74FB2B00546F4
:1000E000164631953146284602F054FF04462089D1
:1000F000C0F30E00012802DC35B0BDE8F08F208986
:10010000C0F3C03020B9208810B9608800B9F3E787
:100110000EB1012000E0002083460021284618F09F
:100120008CF82E900021284618F00DFC2D902846C2
:1001300017F090F83199B1F886104843001200B2D8
:100140002C90284617F00AFB0146EA8A2D980244B3
:100150002E981044401A00B22B904EB94FF4C02193
:10016000284618F084FA0746B5F914002A9008E0EA
:100170004FF4C021284618F023FB0746B5F91800B4
:100180002A90B4F900002990B4F902002890012EB9
:1001900007D12998404200B229902898404200B2E5
:1001A000289025A80EF0BEF825AA4FF4C0212846B5
:1001B00019F056F81DA80EF069F81DAA4FF4C021D9
:1001C000284618F0E6FF0BA8339916F077FD89480A
:1001D0000C9006200D9019960004189025A81190F7
:1001E0001DA810902089C0F30E00401E6168C1F365
:1001F0000E4100FB01F94FF00008F6E0BDF9961042
:100200002C98401A00FB08F0B0FBF9F12B98084439
:1002100000B2ADF8C200ADF8BE002A98ADF8C0003B
:1002200036B9BDF8C000401E00B2ADF8C00005E010
:10023000BDF8C000401C00B2ADF8C00000200A901C
:100240006068C0F30E40B8FBF0F100FB118008B904
:1002500001200A900A9838B1BDF8C0102998081AF0
:1002600000B2ADF8BC0006E0BDF8C0102898081A2E
:1002700000B2ADF8BC0030A814902FA815903198AA
:10028000703030F91B00009031996C3131F91B301E
:10029000A9EB08004A46002114F018FE8246CDF86A
:1002A0006CA00A98002872D02089C0F3C0300028C2
:1002B0006DD0534650A2102106A81CF0C5F91DA808
:1002C000109006A81690102017900BAA1A21284605
:1002D00010F08EFD002141F6FF72BDF98600CDE9D8
:1002E00001210090BDF9883005A81D9A16991EF0CD
:1002F000CFFFBDF9160000EBD071BDF8BE20A2EB18
:10030000610109B2ADF80E10BDF9160000EBD07115
:10031000BDF8BE2002EB610109B2ADF81210BBF1CD
:10032000000F0FD1BDF8BC00BDF81410401AC01B5F
:1003300000B2ADF80C00BDF8BC00C01B00B2ADF8B7
:1003400010000EE0BDF8BC00384400B2ADF80C005F
:10035000BDF8BC00BDF814100844384400B2ADF834
:100360001000BDF91210B5F9160081420DDBBDF980
:100370000E10B5F91A00814207DC0020009003AA94
:100380001DA9169B33980DF0CDFB09E0FFE7002077
:100390001090169017900BAA1A21284610F028FDED
:1003A000BDF9961001EBD172BDF9C23003EB6203C7
:1003B000B5F91620934211DBBDF9960000EBD0721F
:1003C000BDF9BE30A3EB6203B5F91A20934205DCF8
:1003D0002FAB30AA25A933980DF08DFF0BAA1B2156
:1003E000284610F005FD08F10108C8457FF606AF64
:1003F00000BF81E6D4BB0308256400002DE9FE4F51
:1004000006460C46174698462021304618F0AEFDA9
:1004100000287DD00C98032803D1304617F08AF9C4
:1004200002E0304617F090F9814612F033FE05469F
:100430004FF0000A002002900C98032843D10021BD
:10044000304618F0EDF883460021304618F091F957
:100450000190B9F1010F23D0B9F1020F28D0B9F101
:10046000030F2ED106F114000AF02DF9A0EB0B01B9
:100470000198081A009000EBD0700BEB6000B18A75
:1004800008440FFA80FA05F114000AF01CF90090F4
:1004900000EBD070A98A01EB600000B2029010E07E
:1004A000B08A58440FFA80FAB5F91400029008E0B7
:1004B000318B0198081A0FFA80FAB5F918000290EA
:1004C00000BF00BF45E00021304618F015FA834612
:1004D0000021304617F0C7FF0190B9F1010F25D078
:1004E000B9F1020F2AD0B9F1030F30D106F114008F
:1004F0000AF076F8A0EB0B010198081A009000EBC7
:10050000D0700BEB6001F08A08440FFA80FA00E02B
:1005100054E005F114000AF063F8009000EBD0708D
:100520004110E88A084400B2029010E0F08A584472
:100530000FFA80FAB5F91600029008E0718B019865
:10054000081A0FFA80FAB5F91A00029000BF00BF2E
:1005500000BFB8F1000F17DAB9F1000F05D002980B
:10056000504502DD2046BDE8FE8F002C01DAA01EBA
:1005700004B2002C01DDA01C04B22146E01704EBFC
:100580009070801000B2EEE7002F16DAB9F1000F7C
:1005900004D00298504501DA2046E4E7002C01DA45
:1005A000A01E04B2002C01DDA01C04B22246E017FC
:1005B00004EB9070801000B2D5E709E008EB04006E
:1005C000002802DAC8F1000004B2381B00D53C460E
:1005D0002046C8E710B50446207EC0F3800008B16D
:1005E000002010BD207A232802D0242803D100E067
:1005F00000BF0120F5E700BF00BF4FF480416068F5
:1006000018F0B4FC08B90020EBE7207A11381C2858
:1006100023D2DFE800F00E0F101112131415161775
:100620001822221922221A1D1B1C222222221E1FDE
:10063000222000BF00BF00BF00BF00BF00BF00BF3F
:1006400000BF00BF00BF00BF00BF00BF00BF00BFB2
:1006500000BF00BF00BF0020C3E70120C1E72DE9B4
:10066000F041044612F002FD07469FB138688068E9
:1006700018B1217A386882689047207EC0F3400024
:1006800010B10120BDE8F081207E00F0010008B12A
:100690000020F7E701260EB9002003E00021606882
:1006A00016F04EFE05464FF0000827E02868F0B12E
:1006B000287A00F08000802819D1287A802805D077
:1006C000287A20F08000217A884210D16868E060A2
:1006D000204629688847207EC0F3400008B10120E9
:1006E000D0E7207E00F0010008B10020CAE708F141
:1006F00001084146606816F023FE05460DB1012E43
:10070000D4D02146002016F0FFFC06460EB900208A
:1007100003E00021606816F013FE05464FF0000864
:1007200023E02868D0B1287A00F08000B0B9287A98
:1007300018B1287A217A884210D16868E060204692
:1007400029688847207EC0F3400008B1012099E75E
:10075000207E00F0010008B1002093E708F10108B5
:100760004146606816F0ECFD05460DB1012ED8D06B
:10077000012E11D16068406870B12046FFF72AFF52
:1007800050B16068406860602046FFF768FF064629
:10079000012E01D0002075E7304673E72DE9F043C4
:1007A0008046DDE9074521B92A7022701A70BDE83C
:1007B000F0834FEA282000F00209B9F1000F04D0BD
:1007C00000BF99462B464D4600BF00F00409B9F121
:1007D000000F04D000BFA1462C464D4600BF00F0DC
:1007E0000609B9F1000F09D100F00109B9F1000FB4
:1007F0000ED100BF994623464C4609E000F001099E
:10080000B9F1000F04D000BF994623464C4600BF03
:1008100022706FEA010909F0FF0602FB06F74FEAB2
:10082000272985F8009008F0FF0C00F00109B9F1C4
:10083000000F0DD1BCF1000F02D14FEA012905E0F4
:10084000CCF1000909F0FF0909FB01F94F4601E06D
:1008500001FB0CF73E126FEA060909F0FF0602FBE6
:1008600006F74FEA272983F8009000BF9FE70000B2
:100870002DE9FF4F87B005468B469146DDE914A66A
:10088000584609F035FF0690584609F0BEFE05901F
:100890001798012804D0022804D0032806D103E0C9
:1008A000494F08E0494F06E0494F04E000BF00BF50
:1008B0000BB0BDE8F08F00BF8EBB2888049028885D
:1008C0005246014602900A98B84703904FF000083C
:1008D00021E0002418E0BDF8100035F8141088421B
:1008E0000CD005EB44000088049005EB4400008820
:1008F0005246014602900A98B847039005EB44001F
:10090000BDF80C100180641C06988442E3DB05EB03
:10091000490508F1010805988045DADB51E0FFE759
:1009200000200290288804903078FD2801DB504692
:1009300003E0307800FB0AF0000A0190019A049964
:100940000A98B84703904FF0000836E000242BE0E7
:10095000305D00B927E0315D0298814205D1BDF8D4
:10096000100035F81410884217D0305DFD2801DBE7
:10097000504603E0305D00FB0AF0000A019005EBF1
:100980004400008800900146019A0A98B8470390F5
:10099000305D029035F81400049005EB4400BDF87A
:1009A0000C10018000BF641C06988442D0DB05EB6C
:1009B00049051698064408F1010805988045C5DBED
:1009C00000BF00BF74E7000081780008B379000819
:1009D000237900082DE9FF4F89B004469246DDE9EE
:1009E0001685F4F739FA08900A9809F081FE8146D5
:1009F0000A9809F00AFE8346002D78D1B8F1FD0F60
:100A00000CDB002707E04A4620460C990BF014FE49
:100A100004EB4A047F1C5F45F5DB7DE100BF00204D
:100A2000014602464FEAD20CBDF804306CF30403D1
:100A30004FEA910C0193BDF804306CF34A134FEA6E
:100A4000D00C0193BDF804306CF3CF230193BDF8B3
:100A500004C063460293BDF808100846079042465A
:100A600007990C980BF05EFF06900C9904A8029170
:100A7000BDF80810C90A01FB08F10180BDF8081093
:100A8000C1F3451101FB08F14180BDF8081001F0E8
:100A90001F0101FB08F1818000BFC8F1FF00039036
:100AA000002720E0002619E0BDF81C0034F81610DD
:100AB00088420DD004EB46000088079004EB460006
:100AC00000880290014604A8039A0BF0D5FF069017
:100AD00004EB4600BDF818100180761C4E45E3DBA0
:100AE00004EB4A047F1C5F45DCDB15E1FFE7BDF842
:100AF000300000EB00400790B8F1FD0F6FDBA9F16B
:100B0000040006900027B4E0002614E02878FF28AF
:100B100003D1BDF8300020800AE02A782088014601
:100B200004900C980BF0FEFE0590BDF81400208098
:100B30006D1CA41C761C4E4503DA05F0030000284A
:100B4000E4D172E0286805900598401CA8B904F02B
:100B5000030048B1BDF830102180A01C0799016046
:100B6000BDF83010E18005E0204607990160079943
:100B7000416000BF08342D1D56E00598002851D073
:100B80002878FF2803D1BDF8300020800AE02A78B9
:100B90002088014603900C980BF0C4FE0490BDF829
:100BA000100020806D1CA41C2878FF2803D1BDF8FC
:100BB000300020800AE02A782088014603900C98B3
:100BC0000BF0B0FE0490BDF8100020806D1CA41C3A
:100BD0002878FF2804D1BDF8300020800BE04CE0DD
:100BE0002A782088014603900C980BF09BFE049015
:100BF000BDF8100020806D1CA41C2878FF2803D1AC
:100C0000BDF8300020800AE02A7820880146039051
:100C10000C980BF087FE0490BDF8100020806D1C2E
:100C2000A41C01E02D1D0834361D0698864289DD7E
:100C300014E02878FF2803D1BDF8300020800AE0B6
:100C40002A782088014604900C980BF06BFE0590E2
:100C5000BDF8140020806D1CA41C761C4E45E8DBFA
:100C6000AAEB090004EB40041898A0EB0900054426
:100C70007F1C5F45FFF648AF4DE0002004902088C0
:100C800006902088059000200390002740E0002671
:100C900035E0287888B329780498814209D02878EB
:100CA000FF2801D1404603E0287800FB08F0000A45
:100CB000039029780498814205D1BDF8180034F8D2
:100CC0001610884214D00398FF2802D10C98059082
:100CD00009E004EB4600008802900146039A0C9854
:100CE0000BF020FE05902878049034F8160006904A
:100CF00004EB4600BDF8141001806D1C761C4E45B7
:100D0000C7DB04EB4A041898A0EB090005447F1CDC
:100D10005F45BCDB00BF00BF0DB0BDE8F08F2DE923
:100D2000FF4F85B081460C46DDE912A7F4F794F831
:100D3000804607BBB4F9026018E0B4F9005010E037
:100D4000CDF808A0BDF82000ADF8040030B2009046
:100D5000D8F800002BB2D0F81CC04946079AE047EB
:100D60006D1CB4F90400A842EADA761CB4F9060056
:100D7000B042E2DA2EE0204609F0BAFC8346204673
:100D800009F043FC0490002620E0002519E0785D7E
:100D9000B0B1785D00FB0AF0000A0290BDF82000B7
:100DA000ADF804006088304400B2009021882944E6
:100DB0000BB2D8F80000D0F81CC04946079AE047AB
:100DC0006D1C5D45E3DB14980744761C049886424D
:100DD000DBDB00BF09B0BDE8F08F10B502460B4663
:100DE00010681C68A04201D1012010BD0020FCE762
:100DF00010B502460B46506820F040401C68A042E7
:100E000003D2506820F040401860002010BD2DE94A
:100E1000F04F89B0044600200890079012F026F9A0
:100E2000069006980068057ED4F820800027B94611
:100E3000B4F91400002802DDB4F9140002E0B4F99A
:100E400014004042B4F91610002902DDB4F916105E
:100E500002E0B4F916104942884201DD012701E0A1
:100E60004FF00109CAE01021404618F07FF8B0B9F0
:100E70004FF48071404618F079F808B907B1C1E025
:100E80004FF40071404618F071F818B9B9F1000F2D
:100E900000D0B7E0404616F0C1FA8046AEE0CA4640
:100EA000CDF814900497BB46404616F02FFB06463B
:100EB00006F0010008B90020049006F0020008B90D
:100EC0004FF0000B06F0040008B94FF0000A06F0DE
:100ED000080008B900200590404616F03FFC03903A
:100EE000404616F0B3FA0290404616F03DFB0190E2
:100EF000404616F0B1FB00900398002802DC0298EF
:100F0000002811DDBAF1000F03D0B4F91600A84291
:100F100006DA059840B1B4F916006942884203DC4C
:100F2000CDF820800C2007900198002802DC009862
:100F3000002811DD049818B1B4F91400A84207DAAA
:100F4000BBF1000F08D0B4F914006942884203DCF9
:100F5000CDF82080032007900398002801DC4FF093
:100F6000000A0298002801DC002005900198002862
:100F700001DC002004900098002801DC4FF0000BF9
:100F8000049818B1B4F91400A84215DABBF1000FA7
:100F900004D0B4F91400694288420DDDBAF1000FA3
:100FA00003D0B4F91600A84206DA059878B1B4F96E
:100FB0001600694288420ADC0FB1032000E00C20D1
:100FC00094F83C1060F3030184F83C101AE04FF4ED
:100FD0008071404617F0CAFF08B907B112E04FF41C
:100FE0000071404617F0C2FF18B9B9F1000F00D0E8
:100FF00008E0404616F012FA804600BFB8F1000F34
:101000007FF431AF00BF089858B194F83C100798AE
:1010100060F3030184F83C100898A0620021A182CB
:10102000E182089809B0BDE8F08F00002DE9FF4F7C
:1010300083B00446204616F07DFB0290029818B952
:10104000002007B0BDE8F08F41F6FF750021204673
:1010500017F0E6FA07460021204617F08AFB824681
:10106000204616F094F883464FF000086AE0A06826
:10107000006850F828603949304617F082FF00B107
:101080005EE04FF48051304617F070FF002856D0D4
:101090004FF00009002001900298012804D0022896
:1010A00009D003282CD10EE0B6F91490A08A384458
:1010B00000B2019025E0B6F91890208BA0EB0A0051
:1010C00000B201901DE006F1140009F0FCFA009056
:1010D00000EBD070B18A01EB60000FFA80F904F1E7
:1010E000140009F0F0FAC01BA0EB0A00009000EB1E
:1010F000D070A18A394401EB600000B2019000E099
:101100001EE000BF069848440FFA80F90498814514
:1011100014DB0598814511DC0199A9EB010108B2A6
:10112000002801DD014600E04142002D01DD2A4694
:1011300000E06A42914200DA054600BF00BF00BFEE
:1011400008F10108D84592D341F6FF70854201D1DC
:10115000002000E0684200B273E7000001000400D4
:101160002DE9FF4F83B00446204616F0EDFA0290B9
:10117000029818B9002007B0BDE8F08F41F6FF755E
:101180000021204617F0B8FB07460021204617F043
:101190006AF98246204615F0FAFF83464FF00008B0
:1011A0006AE0A068006850F828603949304617F0B6
:1011B000E8FE00B15EE04FF48051304617F0D6FEF5
:1011C000002856D04FF00009002001900298012815
:1011D00004D0022809D003282CD10EE0B6F91690CD
:1011E000E08A384400B2019025E0B6F91A90608B8D
:1011F000A0EB0A0000B201901DE006F1140009F016
:10120000EFF9009000EBD0704110F08A08440FFA1B
:1012100080F904F1140009F0E3F9C01BA0EB0A0007
:10122000009000EBD0704110E08A3844084400B2CE
:10123000019000E01EE000BF069848440FFA80F9D4
:101240000498814514DB0598814511DC0199A9EBCF
:10125000010108B2002801DD014600E04142002DF5
:1012600001DD2A4600E06A42914200DA054600BFED
:1012700000BF00BF08F10108D84592D341F6FF70C6
:10128000854201D1002000E0684200B273E700000F
:10129000010004002DE9FF4F87B00E469046DDE9BE
:1012A00014940021079817F0B6FD069000210798C6
:1012B00017F023F80590F078C0F34000A8B1F0785B
:1012C00000F0010020B142F2D1710698884208D0A6
:1012D000F07800F0010040B942F2D17105988842DF
:1012E00003D1F07820F00200F070F07800F00100F7
:1012F00008B1964800E096480490F07800F00100AC
:1013000008B9924800E09248824600206080A080A0
:1013100020612080A060E060CDF80C8003990798E0
:1013200015F017FF0546E0E00398404506D04FF45E
:101330000001284617F01AFE00B1D9E08549284679
:1013400017F01FFE00287CD10021284616F0B8FFB8
:1013500002900298002875D02069401C2061A08866
:10136000484400B2A080207D00F0010000286AD02F
:10137000216901EB8101880013F0F6FD074600BFEB
:101380001FB900BF00BF00BFFEE700BF1FB9039831
:101390000BB0BDE8F08FE06858B12069401E00EB4B
:1013A000800082003846E16813F0FBFEE06813F02D
:1013B00057FE2069401E00EB800047F82050F0786F
:1013C00000F0010058B14FF0000B41F20202594603
:1013D000284617F047FB0190019800B20BE04FF050
:1013E000000B41F205025946284617F03BFB0190DD
:1013F000019800B200BF2169491E01EB810107EB92
:1014000081018880F07800F0010058B14FF0000BA6
:1014100041F203025946284617F024FB0190019837
:1014200000B20BE04FF0000B41F20602594628468D
:1014300017F018FB0190019800B200BF2169491E06
:1014400002E03EE017E02CE001EB810107EB8101B7
:10145000C88002982169491E01EB810107EB8101D7
:10146000C86000212069401E00EB800007EB80006F
:101470000161E76015E02846049988470746F0783F
:10148000C0F3400030B1B4F90400C1190A98814298
:1014900000DD2DE0A08807EB0901084400B2A08020
:1014A00000BF2846D047B4F90010884202DD284624
:1014B000D04701E0B4F900002080A068401CA06083
:1014C00000BFF078C0F3800010B14FF0FF3000E0B3
:1014D00001200399084403900398002800DA07E0EC
:1014E0000399079815F035FE0546002D7FF41CAFD3
:1014F00000BFB4F90400002804DDA088A0EB0900B7
:1015000000B2A080206908B10A9801E0B4F9040093
:101510006080CDB10398404516D107988068006877
:10152000039950F82150F078C0F3800103AA07987E
:1015300001F01FFA45B12846D0472080284604997B
:10154000884760800120A060039821E7B38E0208DD
:101550007D730208010006002DE9F04F97B00446A4
:1015600000BF00BF4FF0000BDE48028859462046FE
:1015700017F078FA0A900A98C6B200BFF0439DF8B7
:101580005B1060F300018DF85B10B0089DF85B10F4
:1015900060F341018DF85B10F0089DF85B1060F37B
:1015A00082018DF85B1000BFCF4802885946204663
:1015B00017F058FA0A900A98C0B28DF8580000BF88
:1015C000CA4802885946204617F04CFA0A900A98F1
:1015D000C0B28DF8590000BFC54802885946204660
:1015E00017F040FA0A900A98C0B28DF85A0000210C
:1015F000204616F094FD012800D100E0002015904F
:101600009DF85B0000F0010020B90021204616F093
:10161000C6FF03E00021204617F047F914909DF81B
:101620005B0000F0010020B10021204616F0B7FF5A
:1016300003E00021204617F038F913909DF85B0075
:1016400000F0010018B1204615F023FE02E020460C
:1016500015F000FE12904FF0000B41F23202594695
:10166000204617F0FFF90A900A9800B2119000BFC7
:1016700041F610025946204617F0F4F90A900A98EC
:10168000E18A0144119801EB000B204616F07AF82C
:10169000ABEB000000B210904FF0000B41F61202CD
:1016A0005946204617F0DEF90A900A98A18A0144AB
:1016B000119801EB000B204616F05AF8ABEB000036
:1016C00000B20F909DF85A709DF85B0000F0010089
:1016D00008B110A800E00FA805460021204617F029
:1016E0009AFB0E900021204616F007FE0D909DF803
:1016F0005B0000F0010040B142F2D1710D988842C8
:1017000003D1608CC0F3402068B19DF85B0000F00D
:10171000010048B942F2D1710E98884204D1608C20
:10172000C0F3802000B90027159850B19DF85B00E8
:1017300000F0010028B90FB9012702E0012F00D104
:1017400000274FF0000800200C900B90002F49D08C
:101750009DF85B00C0F3800018B1A0684068401E8F
:1017600000E00020814617E000200A9005A91398A8
:10177000CDE900014A4616A92046129BFFF78AFDD3
:101780008246BDF814101498084440440FFA80F8BB
:101790000B98401C0B90D146A0684068484502DD7C
:1017A000B9F1000FE0DA0B9820B11498A8EB000013
:1017B0000FFA80F89DF85B0000F0010018B1204698
:1017C00015F048FD02E0204615F063FD83460CA8A5
:1017D000CDE900500B9803B24246594638461EF0F8
:1017E000DCFD00BF9DF85B00C0F3800018B1A0686D
:1017F0004068401E00E000208146159840B19DF8E9
:101800005B0000F0010018B92888404400B228802D
:101810004DE001200A9005A91398CDE900014A4640
:1018200016A92046129BFFF735FD8246159850B148
:101830009DF85B0000F0010028B92888BDF814105D
:10184000401A00B2288005AABDF94030DDE9121027
:10185000CDE90131CDE90302BDF93C0053464A46CA
:1018600016A900902046F5F791FBD146089813F091
:10187000F7FB00200890159868B19DF85B0000F018
:10188000010040B92988BDF8302014981044081A86
:1018900000B228800AE02988BDF81400BDF8302085
:1018A000024414981044084400B2288000BFA06885
:1018B0004068484502DDB9F1000FAADA42F2D17161
:1018C0000E98884202D00D98884202D1204618F026
:1018D000C4FA00222B2120460FF08AFA17B0BDE887
:1018E000F08F0000700100207201002074010020C0
:1018F000760100202DE9FC5F044689469246207E51
:1019000000F0010008B1BDE8FC9FE56800264FF03B
:10191000010B0120019000BF85B9207EC0F3C000FB
:1019200000B956B9019800B9EDE72046C847054609
:101930004FF0000B0020019000E0E4E716B92E46BE
:1019400006B9E0E7BBF1000F06D029462046D04794
:101950000546B54200D1D6E74FF0010B05B9DBE7EC
:10196000286816F06FFB00F0800000B1D4E72F6804
:1019700009E00121384617F0F9FA00B105E03846D0
:1019800015F04CFD0746002FF3D100BF2FB1012108
:10199000384617F0EBFA00B1BEE700BF00BFE068C1
:1019A000A84200D1AFE7E06890B1204600F017FDF3
:1019B0000090E16808680F21009A0FF019FA0746B5
:1019C000012F00D09FE7E168086817F06CFE00BFA8
:1019D000E560204600F003FD0746E1683A460868E6
:1019E0000E210FF005FA8046B8F1010F00D08AE70A
:1019F000E168086817F057FE206910B12046216998
:101A0000884700BF7FE7000000BF054A126802F068
:101A10004002002AF9D0C2B2014B5A607047000060
:101A2000001001402DE9F0410446204600F020FB63
:101A3000054611480068001B461B0F480068401B04
:101A40000D490860B6B1274661193246204613F0A9
:101A5000A8FB06E0A068401BA060204600F008FB41
:101A60000444054800688442F4D1B819294613F0AB
:101A700032FD00BFBDE8F0815C01002000B587B0F9
:101A800000BF00BF002000904948006840F00400FB
:101A9000474908600846006800F00400009000BF55
:101AA00000BF00BF00BF00BF0020009008460068D4
:101AB00040F0020008600846006800F00200009054
:101AC00000BF00BF00BF4FF4005002900120039000
:101AD00004900320059002A93648F0F729F8022067
:101AE000029000200390012004900320059002A999
:101AF0003148F0F71DF8F6F765F800BF00224FF403
:101B000000512C48F0F728F900BF1420F6F732FBFB
:101B100000BF012251032748F0F71EF900BF322011
:101B2000F6F728FB00208DF80400012201A900F03F
:101B300049F9012201A9A42000F044F916208DF8EA
:101B40000400012201A9802000F03CF90C208DF84E
:101B50000400012201A9882000F034F9022201A921
:101B6000A12000F031F89DF80400302803D19DF841
:101B7000050003280DD09DF80500012809D09DF827
:101B80000500022805D09DF8040070B99DF80500F5
:101B900058B99DF805009DF8042000EB022107A02C
:101BA000EEF776FC002007B000BD0120FBE7000047
:101BB00030380240000802400004024043545020E4
:101BC00049443A25780D0A002DE9F04106460F46B2
:101BD0001546F6F7C5F87020F6F78AF8F6F70CF90F
:101BE000F0B2F6F785F8F6F707F9F6F7B9F87120CD
:101BF000F6F77EF8F6F700F900240BE0691EA14223
:101C000001D0012100E000210846F6F73FF83855E1
:101C1000601CC4B2AC42F1DBF6F7CCF8BDE8F08151
:101C20002DE9FC4107460020019000240026614870
:101C30000078401C5F490870084600780A2190FB34
:101C4000F1F201FB120018B15A4800780A2867DA4D
:101C5000012201A90220FFF7B7FF9DF8040000F060
:101C60000F0000285CD09DF8040000F00F0006284B
:101C70007BDA9DF8040000F00F014FF6FF708840FA
:101C800085B2E84380B240F440404B498886042046
:101C9000F6F770FA00245AE04748808E0121A140EF
:101CA0000840E0B3454931F8140004226946FFF7C3
:101CB0008BFF414890F8440000F00100C0B19DF84E
:101CC00001009DF8001001F00F0100EB01203A49DE
:101CD000203121F814009DF803009DF8021001F056
:101CE0000F0100EB012134480C3020F814101EE0E5
:101CF0009DF801009DF8001001F00F0100EB01209C
:101D00002F490988081A81B22B480C3020F814108A
:101D10009DF803009DF8021001F00F0101E014E0AE
:101D200023E000EB01202449203121F814009DF824
:101D3000000000F0F000802807D000211E4820306D
:101D400020F81410143820F81410601CC4B2052CAC
:101D5000A2DB01261848808920B91748008C08B9F1
:101D6000002001900020134908709DF8040000F045
:101D70001F00A8B91048808E00F4004030B10E4812
:101D8000808E20F400400C49888609E04FF6FF70F1
:101D90000949888108840846808E00F4604088865E
:101DA00004480078F02802DD0A2002490870304615
:101DB000BDE8FC813100002034000020B6B90308E2
:101DC000680400202DE9F04105460E4617464FF005
:101DD0000008F5F7C5FF7020F5F78AFFF6F70CF855
:101DE000E8B2F5F785FFF6F707F800240BE0305D61
:101DF000F5F77EFFF6F700F88046B8F1000F00D047
:101E000003E0601CC4B2BC42F1DB00BFF5F7D2FFB7
:101E10004046BDE8F08110B50246114691F83C30CD
:101E200003F0030323B1012B04D0022B0DD000BF1C
:101E3000888C15E026235B5C4FF4B47413FB04F329
:101E4000642493FBF4F398B20AE027235B5C4FF41D
:101E5000B47413FB04F3642493FBF4F398B200BF4F
:101E600000BF10BD2DE9F34F87B083465F4605A93B
:101E7000584615F02DFA584617F01BF802905846B0
:101E800015F07CFA01900021584616F024FC0090D1
:101E90000021584616F0C8FC80460021584616F02E
:101EA00086FD81460021584616F038FB8246002107
:101EB000584616F014FD05460021584616F096FBCC
:101EC0000646284605EBD0714910491C05F0010271
:101ED00011440DB2304606EBD0714910491C06F092
:101EE000010211440EB20D2D01DA284600E00D204A
:101EF00005460D2E01DA304600E00D200646B8F109
:101F00000D0F01DA404600E00D208046B9F10D0FBB
:101F100001DA484600E00D208146BAF10D0F01DAE2
:101F2000504600E00D20824600248BE0B86A00EBAA
:101F3000C40103A808F030FBBDF90C1000988142E1
:101F40000FDCBDF9141000980D2801DA009800E0AC
:101F50000D20081ABDF80C10084400B2ADF80C00B2
:101F600008E0BDF80C00BDF81410891B084400B24D
:101F7000ADF80C00BDF90E0048450FDCBDF91600A8
:101F8000B9F10D0F01DA494600E00D21401ABDF804
:101F90000E10084400B2ADF80E0008E0BDF80E00C7
:101FA000BDF81610491B084400B2ADF80E00BDF98B
:101FB00010100298A0EB0800801E81420FDBBDF9D3
:101FC0001400B8F10D0F01DA414600E00D2108447C
:101FD000BDF81010084400B2ADF8100008E0BDF8DC
:101FE0001000BDF814103144084400B2ADF81000E0
:101FF000BDF912100198A0EB0A00801E81420FDB90
:10200000BDF91600BAF10D0F01DA514600E00D21BD
:102010000844BDF81210084400B2ADF8120008E000
:10202000BDF81200BDF816102944084400B2ADF8FE
:102030001200002203A80899F1F749FA00B105E05F
:10204000601C84B2388EA0423FF770AF00BF388E5C
:10205000A04201D14FF6FF74204609B0BDE8F08FD1
:10206000014601F007020AB1104670470120FCE763
:102070000146B1F90C20032303EB420222F00302D4
:1020800002F1100070472DE9FC5F05460E46174629
:102090000021284616F005FB80460021284616F050
:1020A000A9FB82460021284616F067FC81460021E4
:1020B000284616F019FA0190284616F0FAFEA0EB11
:1020C0000800A0EB0A0B284615F058F9A0EB09010F
:1020D0000198081A834507DA284616F0EAFEA0EBB5
:1020E0000800A0EB0A0006E0284615F047F9A0EB2F
:1020F00009010198081A009000EBD070401004B25A
:10210000A88A2044404400B23080E88A20444844F1
:1021100000B2708007B13C80BDE8FC9F38B5044632
:102120000025044802882946204616F09BFC0090B2
:10213000009838BD8001002038B5044600250548C8
:1021400002882946204616F08DFC00900098C0B207
:1021500038BD00008801002038B504460025054838
:1021600002882946204616F07DFC00900098C0B2F7
:1021700038BD00008A010020F0B504460B46032B51
:1021800001D2012000E000200546611B981E0C27AB
:1021900007FB0500C0EB4010B0FBF7F0104408440B
:1021A00000EB91006427B1FBF7F7C01B4FF4C87731
:1021B000B1FBF7F738440727B0FBF7FC07FB1C0619
:1021C000F0B2F0BD2DE9FC4781460E4616B900205D
:1021D000BDE8FC87D9F81040606930B160690068DB
:1021E000B04202D160694068F2E70025B1E005EB3A
:1021F0008501A06850F82100371A05EB8501A06819
:1022000000EB81008088B84200D2A0E04FF00008C7
:1022100005EB8501A06800EB8100807C022808D1D5
:1022200005EB8501A06800EB8100C08800EB070882
:1022300084E005EB8501A06800EB8100807C78B923
:1022400005EB8502A16801EB8201C86805EB8502F8
:10225000A16801EB8201C988C25D01EB02086DE053
:1022600005EB8501A06800EB8100807C03282AD162
:10227000B8B201903E48009005EB8503A06800EBE2
:102280008300028A05EB8503A06800EB830002232C
:10229000816801A8F2F750FF8246BAF1000F11D011
:1022A00005EB8502A16801EB82018968AAEB0101B7
:1022B000481005EB8502A16801EB8201C98801EB9A
:1022C000000800BF3AE005EB8501A06800EB810043
:1022D000807C012832D1B8B201902548009005EBEE
:1022E0008503A06800EB8300028A05EB8503A068E4
:1022F00000EB83000223816801A8F2F71DFF8246EC
:10230000BAF1000F19D005EB8503A26802EB830236
:102310009268AAEB0202501005EB8503A26802EB5B
:102320008302D16805EB8503A26802EB8302D288A1
:1023300031F8103002EB030800BF00BF606920B124
:10234000606906606069C0F80480404640E7681C28
:1023500085B2608AC0F30800A8423FF748AF6069C1
:1023600020B16069066000206169486000202FE7A5
:10237000D56A03082DE9F84F80460D46C146404610
:1023800000F0FDF9064616B90020BDE8F88FF08A86
:10239000281A05B20021304616F031FC0090009852
:1023A0000EF05AFF82460021304616F098FC044693
:1023B000204604EBD07105EB61010DB20AEB04007D
:1023C0000FFA80FB95FBFBF087B2B9F83400B842F6
:1023D00003DCB9F83400401E87B23846D5E72DE952
:1023E000F041054600260027002010F045FE044677
:1023F00016E0204610F08FFE8046206DA8420AD1DC
:10240000B8F1020F02D12046BDE8F081B8F1040F07
:1024100000D126462746204610F02EFE044600BF77
:10242000002CE6D10EB13046EEE70FB13846EBE7AF
:10243000002010F021FEE7E72DE9F04107460C46A9
:102440003D46384614F025FFB5F884104843001285
:1024500006B20021384616F00AF98046A4EB0800BF
:1024600004B2002C02DA0020BDE8F081B44203DDA2
:10247000B5F88200401EF7E795F8880000F00700E5
:1024800001280BD1314606EBD1704210B5F882001D
:10249000401E04FB002090FBF6F0E5E795F888006D
:1024A00000F00700022805D1B5F88200604390FBD8
:1024B000F6F0D9E70020D7E70246114600E00968A8
:1024C00021B18869C0F30F100028F8D009B90020A5
:1024D00070478869C0F30F10FAE700002DE9FC5F30
:1024E00080460D461646D8F810704FF0000A788ADC
:1024F000C0F34030002840D1FC68A068800FD8B9F4
:10250000D4F8009005EB062080B201902648009098
:10251000A06820F040420223494601A8F2F70CFED1
:102520008346BBF1000F06D0ABEB09014810616890
:1025300011F900A000BF1FE00121A068B1EB907F5E
:102540001AD1D4F8009005EB06400190174800908E
:10255000A06820F040420423494601A8F2F7ECFDB0
:102560008346BBF1000F06D0ABEB09018810616810
:1025700011F900A000BF00BF12E0F8684368595D80
:1025800083689A5D00290ADD002A08DD531E4C1E6F
:1025900090F80DC004FB0C33046814F903A000BFCD
:1025A0005046BDE8FC9F0000F5560108D5560108CD
:1025B0002DE9FE4F07460C46254600260021204601
:1025C00015F079FD834600EBDB70C0F34F064FF446
:1025D0004031204616F058F880464FF440312046EE
:1025E00016F0FBF881464FF44031204616F0B8F95A
:1025F00082464FF44031204615F069FF0290A08AD0
:10260000298D0844801BA0EB080000B2ADF8000043
:10261000E18A688D0844801BA0EB090000B2ADF888
:102620000200A08A298D08443044504400B2ADF81D
:102630000400E18A688D084481190298084400B2B8
:10264000ADF806000098386001987860BDE8FE8F0C
:102650002DE9F04F87B081460F469246984600BF5D
:1026600000BF4C464FF40031484615F031FD83461B
:1026700058460BEBD0714D10AAEB05000FFA80FA0B
:10268000A68C94F83400C0F3410018B9208D304472
:1026900086B223E094F83400C0F34100022803D14D
:1026A000E08C304486B219E094F83400C0F3410065
:1026B000012813D1B4F93020B4F93230D11801EB2C
:1026C000D1725010B4F92E10814203DAE18C3144FA
:1026D0008EB202E0218D31448EB200BF06F15A0065
:1026E00000B21CF0E7FC00FB0AF0C01300B2069039
:1026F00030B21CF0DFFC00FB0AF0C01300B2059002
:102700004FF44031484615F0CCFF04904FF440316F
:10271000484616F06FF803904FF44031484616F0E3
:102720002CF902904FF44031484615F0DDFE01903F
:102730003988069801440498081A401B00B2A8F88A
:10274000000039880698014403980844284400B2E0
:10275000A8F804007988059801440298081A401BDB
:1027600000B2A8F80200798805980144019808444D
:10277000284400B2A8F8060007B0BDE8F08F70B595
:1027800004462546686A08B9002070BD0021686AC1
:1027900014F0DFFCF9E710B504460021204614F0E0
:1027A000D8FC10BD70B504460E46002513E0E06865
:1027B00000EBC5004068C0F3006058B1E06800EB72
:1027C000C500406820F07F40B04203D1E06850F877
:1027D000350070BD6D1C608CC0F3C500A842E6D802
:1027E000608CC008401C618C60F3C8016184628CFD
:1027F000C2F3C502D100E06812F09EFCE06000BFA9
:10280000E06818B900BF00BF00BFFEE700BF608CE2
:10281000C0F3C500451E1AE0681EE16801EBC00068
:102820004068C0F3006038B9681EE16801EBC00081
:102830004068C0F3406000B10BE0E06800EBC50108
:102840000246681E02EBC00205CA05C16D1E002DBE
:10285000E2D100BFE16801EBC500082112F03BFEA8
:10286000082012F047FBE16841F83500E16851F8B3
:1028700035001AF033FAE06800EBC500406820F03C
:10288000807000F18070E16801EBC5014860E0688C
:1028900000EBC500406866F31700E16801EBC50175
:1028A0004860E06850F8350093E700002DE9FC41EE
:1028B0000746884616463868C068C068B0FBF8F41A
:1028C000B44200DD3446194800680068806958B396
:1028D0000020ADF80000ADF80400ADF8020025B20C
:1028E00000BF681E00B2ADF806001049096808680C
:1028F0000E49096809688A6969469047684607F081
:102900007DFEA04200DC03E0681E05B2002DE8DC7D
:1029100000BF002D04DC00BF00BF0020BDE8FC812B
:10292000BDF90600441C00BF2046F7E75401002013
:1029300070B505460C46641E002C01DA6D1E0C3481
:102940000C2C01DB6D1C0C3C012C04D1284602F040
:102950009BFC1C300BE0072094FBF0F100FB1146C0
:1029600006EBD6704010A6EB4000C0F11F00C0B2CD
:1029700070BD10B5034669B11068401E1060106844
:10298000002805DB98680068146850F8240010BD22
:102990000020FCE71068401C106010689C686468A8
:1029A000A04205DA98680068146850F82400EEE741
:1029B0000020ECE730B50446481CE56835F8100007
:1029C00035F81150401B00B21080A06830F811009B
:1029D00000B21880E06830F811006568284430BD06
:1029E0002DE9F84F06460C461546B04610F03EFB62
:1029F000814610F090FB8246BAF1010F0DD0BAF17A
:102A0000030F0AD015B14FF6FF70288014B14FF6AE
:102A1000FF7020800020BDE8F88F10F027FB814672
:102A2000694610F03DFB002D3ED0304614F0A0FE6C
:102A3000BDF8001008440FFA80F90021304615F067
:102A4000A2FB01280AD10021304615F021FF318B6D
:102A5000081AA0EB09000FFA80F90CE0B08AA9EB84
:102A600000000FFA80F90021304615F068FEA9EB4E
:102A700000000FFA80F900202880002728800CE051
:102A80002988D8F8300030F81100384407B2B94529
:102A900000DA07E02888401C28802888B8F824102D
:102AA0008842EDDB00BF00BF6CB3304614F06AFE15
:102AB000BDF8021008440FFA80F9F08AA9EB000073
:102AC0000FFA80F90021304615F0B2FFA9EB0000A3
:102AD0000FFA80F900202080002720800CE0218858
:102AE000D8F82C0030F81100384407B2B94500DAA4
:102AF00007E02088401C20802088B8F826108842F3
:102B0000EDDB00BF00BF012085E72DE9F04F87B066
:102B10000446884691461E464846F2F7A4F901212C
:102B20008140C8B206904FF0FF3A208C059005987E
:102B3000C04380B2049094F82200C0F38000029059
:102B4000002530E0E06800EBC5077868C0F340601E
:102B500000B92DE0029800B124E0E16801EBC50165
:102B6000496821F07F4018F064FA8346C34500D0DD
:102B700018E0386880790699084000B912E003AA85
:102B8000494638681AF02AF808B1012000E0002010
:102B90000190019828B103983060012007B0BDE88A
:102BA000F08F00BF6D1C608CC0F3C500A842C9D86F
:102BB00000BF41E0E06800EBC50BE16801EBC50137
:102BC000496821F07F4018F034FA0090E16801EB89
:102BD000C501496821F07F4018F02FFA0746009898
:102BE000404500D027E0DBF80000807906990840D6
:102BF00000B920E00498384000B11CE0574500DCE3
:102C000019E003AA4946DBF8000019F0E7FF08B114
:102C1000012000E000200190019858B105988742FA
:102C200003D1039830600120B8E7BA4502DABA460A
:102C30000398306000BF6D1C608CC0F3C500A842D3
:102C4000B8D8BAF1000F03DB039830600120A5E784
:102C50000020A3E72DE9FC5F83468A4690461D4687
:102C6000082001907F200090404608EBD0714C1066
:102C700008F0010080F00109CBF15A0108B21CF004
:102C800019FAAAEB04014843C61158461CF012FA7F
:102C9000AAEB04014843C711002E0ADDA6F17F000C
:102CA0000612301B484400B22880301900B2A880B8
:102CB0000AE006F17F000612301B00B228803019AE
:102CC000A0EB090000B2A880002F0ADDA7F17F0069
:102CD0000712381B484400B26880381900B2E880F7
:102CE0000AE007F17F000712381B00B2688038192C
:102CF000A0EB090000B2E880BDE8FC9F38B50446AF
:102D00000025044802882946204615F0ABFE0090B5
:102D1000009838BD840100202DE9FF4F89B083461B
:102D20009246DDE919785C46A08C0A99484380B246
:102D3000069000BFBAF808003844404400B205903D
:102D4000069D4FF0000986E0A06A50F82500002893
:102D50007BD0206B30F919000790002600BF1EE0E1
:102D6000A919A06A50F82100B0B10021AB19A26ADC
:102D700052F8230000B1017801F0010252B109EBD1
:102D80000602521C236B33F81230079A1A4412B20F
:102D9000079200E009E000E007E0701C86B206EB55
:102DA0000901A08C401E8142DADB00BF00200490A4
:102DB000A06A50F8250020B1A06A50F825000078DC
:102DC0000490049800F0020090B100BFBAF9080026
:102DD000384400EB08010598814205DD00BFBAF9CF
:102DE00008003844404400E0059800B205902BE00C
:102DF000DDE9170101440798401A00B2079000224C
:102E0000079916988DE80700A06A50F82500411C24
:102E1000524608A80C9B1CF03BFABDF9220038442E
:102E200000EB08010598814205DDBDF92200384418
:102E3000404401E009E0059800B20590A81985B268
:102E400009EB06001FFA80F900BF681C85B209F182
:102E500001001FFA80F9A18C06980844A8423FF7A8
:102E600073AF05980DB0BDE8F08F000038B504468B
:102E70000025054802882946204615F0F3FD0090FC
:102E80000098C0B238BD00008E01002038B504465D
:102E90000025054802882946204615F0E3FD0090EC
:102EA0000098C0B238BD0000900100202DE9FF5FFE
:102EB00006460C460021304615F0B9FE03904FF44B
:102EC0008021304615F0B3FE029003980EF0CCF945
:102ED000074602980EF0C8F980460021304615F0EA
:102EE00018FF814608EB070000EBD07109EB610188
:102EF0000DB2304614F042FA834600EBDB7041100D
:102F0000F08A0844AA4605EBDA71A0EB610000B232
:102F100060806088284400B2E0806946304614F042
:102F2000D7F9BDF800002080BDF80400A080BDE8FE
:102F3000FF9F2DE9FF4705462846FFF72CFC064674
:102F40001EB9002004B0BDE8F0874FF48021284668
:102F500015F06DFE80464FF4802741F25A42394603
:102F6000284615F07FFD0290029804B200BF30465B
:102F700010F0B0FF8146002041F6FF71CDE900015D
:102F8000234642464946029003A81CF081F9BDF948
:102F90000C00D7E702460B46114633B1012B0AD08D
:102FA000022B05D0042B0CD108E001F13C00704746
:102FB00001F14800FBE701F15400F8E701F160007E
:102FC000F5E70020F3E770B504460E46002510E053
:102FD000E06800EBC5004068C0F3406040B1E068C5
:102FE00000EBC500406820F07F40B04200D105E012
:102FF0006D1C608CC0F3C500A842E9D800BF608C8E
:10300000C0F3C500A84203D0E06800EBC50070BD66
:10301000608CC008401C618C60F3C8016184628CC4
:10302000C2F3C502D100E06812F086F8E060608C5F
:10303000C0F3C500451E09E0E06800EBC50102468B
:10304000681E02EBC00205CA05C16D1E002DF3D13A
:103050000821E06812F03FFA082011F04BFFE16808
:103060000860E168086819F039FEE068406820F0FF
:10307000007000F10070E1684860E068406866F345
:103080001700E1684860E068C1E7000037B584B028
:1030900005461446114890F8200000F0010070B178
:1030A0000221122017F0F4FF22460390059909F03F
:1030B0007DFC0290BDF80810084607B030BD022123
:1030C000122018F00FF822460190059909F06EFCC5
:1030D0000090BDF800100846EFE7000014C500207E
:1030E0002DE9F04F064688461746DDE9095CDDE923
:1030F0000B490022B8F1000F03D09246A4F800A0BB
:1031000069E0052F03D0062F01D0042F03D100233F
:10311000012D00D10127002106E03CF811A09A44BE
:1031200092440FFA8AF2491CA942F6D3A2EB030A91
:103130000FFA8AF2072F4DD2DFE807F00409144C8A
:103140003E2C1B004FF0000AA4F800A042E0A6EBC2
:10315000020A0AEBDA7B4FEA6B0B0FFA8BFBA4F83F
:1031600000B037E0A6EB020A0FFA8AFAA4F800A032
:1031700030E04FF0000AA4F800A0A6EB020A0FFA14
:103180008AFBA5F1010A0FFA8AFA9BFBFAFA0FFAF9
:103190008AF31FE0A6EB020A0FFA8AFA0FFA85FB00
:1031A0009AFBFBFA0FFA8AF39A4603EBDA7B4FEAB3
:1031B0006B0BA4F800B00DE0A6EB020A0FFA8AFB35
:1031C00005F1010A0FFA8AFA9BFBFAFA0FFA8AF361
:1031D000238000BF00BF00210CE034F811A03CF8B0
:1031E00011B0DA449A440FFA8AFA01F1010B24F87B
:1031F0001BA0491CA5F1010A8A45EED834F81AB083
:103200003CF81AA0DA44B4F800B0AAEB0B0A0FFAA3
:103210008AF0B9F1000F10D000210CE034F811A0B1
:10322000A6EB0A0A3CF811B0AAEB0B0A0FFA8AFACD
:1032300024F811A0491CA942F0D3BDE8F08F2DE974
:10324000F04F8DB0044600BF00BF2046FEF766FF7A
:1032500081462046FFF752FD0746B9F1000F00D026
:1032600017B90DB0BDE8F08F06A92046F3F744FA70
:103270000C2103A812F02FF94FF0000B41F232029B
:103280005946204615F0EEFB0090009805B200BFAD
:1032900000BF41F612025946204615F0E3FB0090AC
:1032A000009828440FFA80FA00BF41F610025946F0
:1032B000204615F0D7FB00900098284400B20290F9
:1032C000204614F055FAA18A5144081A00B2ADF80C
:1032D0001400204614F056FA0146E28A029810447F
:1032E000401A01B2ADF81610002609E0A068006887
:1032F00050F826B003AA06A9584601F0DBFF761C59
:10330000A0684068B042F1D806A8F3F705FD002197
:10331000204615F08DFD01900021204614F0FAFFA3
:10332000804642F2D1710198884202D00846804519
:1033300002D1204616F091FD00222B2120460DF0EF
:1033400057FD00BF8DE7000000B589B000BF00BF8A
:10335000002001904F48006840F004004D4908608B
:103360000846006800F00400019000BF00BF00BFE5
:1033700000BF00BF002001900846006840F0020036
:1033800008600846006800F00200019000BF00BF1E
:1033900000BF4FF4005004900120059006900320D8
:1033A000079004A93C48EEF7C3FB022004900020DC
:1033B0000590012006900320079004A93748EEF7F6
:1033C000B7FBF4F7FFFB00BF00224FF40051324877
:1033D000EEF7C2FC00BF0A20F4F7CCFE00BF0122CA
:1033E00051032D48EEF7B8FC00BF0A20F4F7C2FEE7
:1033F000022004900020059006900320079004A965
:103400002648EEF795FB6420F4F7B4FE042202A9E7
:1034100048F2401000F05AF800208DF80C0020A16E
:1034200002A8EDF7B7FA88B11EA102A8EDF7B2FA2B
:1034300060B11EA102A8EDF7ADFA38B11DA102A836
:10344000EDF7A8FA10B1012009B000BD02A91BA038
:10345000EDF71EF817A102A8EDF79CFA10B90A20A3
:103460001949087002208DF80800012202A948F2CB
:10347000400000F0D5F90A20F4F77CFE00208DF81A
:103480000800012202A948F2400000F0C9F900201A
:10349000DAE7000030380240000802400004024031
:1034A00039313100393134370000000031313538DD
:1034B0000000000039323731000000004354502032
:1034C00049443A25730D0A00320000202DE9F041ED
:1034D00005460F461646F4F743FC2820F4F708FC8F
:1034E000F4F78AFC2812F4F703FCF4F785FCE8B241
:1034F000F4F7FEFBF4F780FCF4F732FC2920F4F734
:10350000F7FBF4F779FC00240BE0711EA14201D017
:10351000012100E000210846F4F7B8FB3855601C93
:10352000C4B2B442F1DBF4F745FCBDE8F081000021
:1035300071B583B0002001900026B4480078401C8B
:10354000B2490870084601780A2091FBF0F200FBAE
:10355000121018B1AD4800780A287DDA012203A9BB
:1035600048F24E10FFF7B2FF9DF80C0000F080000B
:1035700078B19DF80C0000F00F00A5490978884249
:1035800007DC00200190012201A948F24E1000F052
:1035900047F99DF80C0000F00F0000285CD09DF862
:1035A0000C0000F00F009A490978884254DC9DF81D
:1035B0000C0000F00F014FF6FF70884084B2954870
:1035C000858EE04380B240F44040924988860846A8
:1035D00082898F480078401E0C3121F810208D48D8
:1035E000028C8B480078401E143121F810200020F6
:1035F0000190A7E08748808E9DF80420012191402A
:10360000084000283FD084499DF8042031F812007A
:10361000042202A9FFF75AFF8048808845F2105122
:1036200088420BD07D48808849F60601884205D043
:103630007A48808847F29671884240D1754890F860
:10364000440000F00100F8B19DF80A009DF80B104D
:1036500000EB0120714900E0B2E00988081A81B24C
:103660006C480C309DF8042020F812109DF80800DA
:103670009DF8091000EB012081B2664820309DF8CA
:10368000042020F8121058E09DF808009DF8091059
:1036900000EB012081B25F480C309DF8042020F837
:1036A00012109DF80A009DF80B1000EB012081B26A
:1036B000584820309DF8042020F812103DE055486D
:1036C00090F8440000F00100D0B19DF808009DF88A
:1036D000091000EB012081B24E480C309DF8042007
:1036E00020F812109DF80A009DF80B1000EB012045
:1036F00081B2484820309DF8042020F812101CE0C8
:103700009DF80A009DF80B1000EB01204349098841
:10371000081A81B23F480C309DF8042020F812109E
:103720009DF808009DF8091000EB012081B239488E
:1037300020309DF8042020F812109DF80400401C51
:10374000C0B201909DF80400314909788842FFF623
:1037500051AF01262F48808930490988884205DC0D
:103760002C48008C2D494988884226DD9DF80C00A4
:1037700000F00F0001280ADD2648C089254988810C
:103780000846408C088400202049087018E0204832
:103790000078401E1F490C3131F810000C39888127
:1037A0001B480078401E203131F810002039088471
:1037B000802003900846858602E0002013490870A7
:1037C0009DF80C0000F08F00802815D11148808EE4
:1037D00000F4004030B10F48808E20F400400D49C5
:1037E000888609E04FF6FF700A49888108840846F8
:1037F000808E00F46040888604480078F02802DD5E
:103800000A2002490870304604B070BD3300002021
:103810003200002034000020C0B9030868040020F2
:103820002DE9F04104460E4617464FF00008F4F724
:1038300097FA2820F4F75CFAF4F7DEFA2012F4F78E
:1038400057FAF4F7D9FAE0B2F4F752FAF4F7D4FAE7
:1038500000250BE0705DF4F74BFAF4F7CDFA8046E3
:10386000B8F1000F00D003E0681CC5B2BD42F1DB27
:1038700000BFF4F79FFA4046BDE8F0812DE9F04122
:1038800006463746788E002802DC0020BDE8F0812D
:103890007D6A002409E0F96A31F81400F2F720FF8C
:1038A00008B10120F2E7601C84B255F8240050B141
:1038B00055F8240005A1EDF76DF820B155F8240066
:1038C00000780028E7D10020E0E700000A000000AF
:1038D00001460020302905DB392903DCA1F1300243
:1038E000D0B21CE0612902DBA1F12002D1B2A1F12A
:1038F0004102062A10D2DFE802F0030507090B0D8A
:103900000A200BE00B2009E00C2007E00D2005E069
:103910000E2003E00F2001E0002000BF00BF704731
:103920002DE9F04105462C464FF44041606A07F00E
:1039300001FA94F92E10A08D0122FEF71DFC074616
:10394000206B18B300261EE0206B30F82600A18DF6
:10395000884216D1206B00EB860090F9021094F992
:103960002E0081420DD1226B02EB860292F90320D8
:10397000521E3A44D21D91B24FF40042606A07F0E1
:10398000D3FD701C86B2A08EB042DDDCA08D218DEF
:10399000884210D194F92E1094F92A0081420AD15C
:1039A00094F92B20521E3A44D21D91B24FF480421A
:1039B000606A07F0B9FDBDE8F081000010B500BFF6
:1039C00000224FF400711148EEF7C6F900BF00F075
:1039D0001FF800BF012211020C48EEF7BDF900BF2D
:1039E00000F016F800BF00224FF480710748EEF790
:1039F000B3F900BF00F00CF800BF012251020348E8
:103A0000EEF7AAF900BF00F003F810BD0004024071
:103A100010B50220F4F7BAFB10BD000000B587B066
:103A200000BF00BF002001901B48006840F002006A
:103A3000194908600846006800F00200019000BFC4
:103A400000BF00BF00BF00BF002001900846006813
:103A500040F0020008600846006800F00200019093
:103A600000BF00BF00BF88150290012003900490A2
:103A70000320059002A90948EEF75AF84FF40070A8
:103A800002901120039002A90448EEF751F800F0CB
:103A9000B7F807B000BD0000303802400004024013
:103AA00010B500BF012251020C48EEF755F900BFD6
:103AB000FFF7AEFF00BF012211020848EEF74CF9F4
:103AC00000BFFFF7A5FF00BF00224FF4807103483D
:103AD000EEF742F900BFFFF79BFF10BD0004024064
:103AE00070B50546002400261EE06006040E00BFE7
:103AF000012211021148EEF72FF900BFFFF788FFEE
:103B00004FF400710D48EEF715F908B1601CC4B20E
:103B100000BF00224FF480710848EEF71DF900BF86
:103B2000FFF776FF701CC6B2082EDEDB15B9FFF773
:103B3000B7FF01E0FFF742FF204670BD00040240DE
:103B400070B50446002526E000BFE00928B1012237
:103B500051021648EEF700F905E000224FF400711B
:103B60001248EEF7F9F800BFFFF752FF00BF01223D
:103B700011020E48EEF7F0F800BFFFF749FF00BF53
:103B800000224FF480710948EEF7E6F800BF6006A6
:103B9000040E681CC5B2082DD6DB00BF01225102FD
:103BA0000248EEF7D9F800BF70BD000000040240E3
:103BB00010B500BF012251021048EEF7CDF800BF4A
:103BC00000BF012211020D48EEF7C6F800BFFFF753
:103BD0001FFF00BF00224FF400710848EEF7BCF849
:103BE00000BFFFF715FF00BF00224FF480710348AC
:103BF000EEF7B2F800BFFFF70BFF10BD0004024064
:103C000010B500BF00224FF400710C48EEF7A4F885
:103C100000BFFFF7FDFE00BF012211020748EEF7CB
:103C20009BF800BFFFF7F4FE00BF012251020348DA
:103C3000EEF792F800BFFFF7EBFE10BD0004024064
:103C400070B50024002500BF012251021548EEF78F
:103C500083F800BFFFF7DCFE00BF0122110211480C
:103C6000EEF77AF800BFFFF7D3FE07E0601CC4B29E
:103C7000FA2C03DDFFF7C4FF012506E04FF40071C5
:103C80000848EEF757F80028F0D100BF00BF002227
:103C90004FF480710348EEF75FF800BFFFF7B8FEFE
:103CA000284670BD000402402DE9F04104460D464F
:103CB000606D18B900BF00BFBDE8F081606DA968F4
:103CC00030F92160606DA96800EB8100B0F90270E5
:103CD000A87B1A490978884206D0A87B012801D11F
:103CE00000BF01E000BF00BFA87B01280AD1B4F9E2
:103CF0000C00B04203D1B4F90E00B84202D0201D2E
:103D000000F094FE201D00F00FFF00B1D4E72681E3
:103D10006781A87B012803D1201D00F027FD02E068
:103D2000201D00F083FE201D00F0FEFE00B1C3E761
:103D30002189A1816189E18100BFBDE73C010020AB
:103D400070B5044604214048006815F00FF920B111
:103D50003D49E06A0968884200D170BD3A48006870
:103D600013F002FB0546E06A18B1E06A13F0FCFAB2
:103D700000E000200646B54224D14DB1324800682B
:103D80000DF056FE204600F0CFFE002857D0E4E7A5
:103D9000E06A50B12D49E06A0A680F210DF028F859
:103DA000204600F0C1FE00B1D7E728480E21026886
:103DB000254800680DF01CF8204600F0B5FE0028EC
:103DC0003DD0CAE766B9E06A50B12049E06A0A68A6
:103DD0000F210DF00DF8204600F0A6FEC8B1BCE79B
:103DE000E06AB0B156B91949E06A0A680F210CF0CF
:103DF000FFFF204600F098FE58B1AEE71349E06A95
:103E00000A6810210CF0F4FF204600F08DFE00B18E
:103E1000A3E745B10C4800680DF00AFE204600F00B
:103E200083FE60B199E709480E21026806480068E0
:103E30000CF0DEFF204600F077FE00B18DE702486F
:103E40000168E16200BF88E73801002034010020EA
:103E50002DE9F04704460D46A87B012805D160797D
:103E6000C0F3C00008B1BDE8F0876079C0F3C000BE
:103E700058B1607920F008016171002161646079B6
:103E800020F00101617100212172277AA97B217242
:103E90006968E160D4F85080B8F1000F00D1E2E722
:103EA00040460DF03BFEED4908600846006800B949
:103EB000D9E7A87B08B10020A88140460DF02EFE6E
:103EC000E64908600846006800B9CCE7A87B0128ED
:103ED00053D1002F51D100BF00BF1AF0EEFD606436
:103EE00068680A2820D1DD48006815F02FFC28B941
:103EF0001021DA48006815F039F808B1012000E017
:103F00000020064640460DF001FE00B95EB9D448D7
:103F100001210268D14800680CF06AFF201D00F002
:103F200003FE00B19FE74AE16868142804D1A8891C
:103F3000401E00B2A88142E16868132804D1A88914
:103F4000401C00B2A8813AE168681B2810D11B21EF
:103F500040460DF06FFEC24820210268BF4800684D
:103F60000CF046FF201D00F0DFFD0028DBD07AE7D3
:103F7000404669680DF05EFE21E1A87B012870D102
:103F8000012FFCD1607900F00100B8BB606C1AF021
:103F900087FD2168898B884244D9607920F001002F
:103FA000401C60711AF089FDA06468680A2833D14A
:103FB000AA48006815F0CAFB28B91021A748006874
:103FC00014F0D4FF08B1012000E000200646B6B18D
:103FD00040460DF0AEFD01281DD900BF00BF404690
:103FE0000DF094FD80F00109494640460DF031FE88
:103FF00020219A48006812F0BFFB0CE012E09848BC
:1040000005210268954800680CF0F2FE201D00F0C2
:104010008BFD00B127E700BF607920F00100401C54
:104020006071CCE0607900F0010000288BD0A06CBA
:104030001AF036FD2168C98B884284D91AF03DFDFB
:10404000A06468680A280DD1854806210268834863
:1040500000680CF0CDFE201D00F066FD00288BD01E
:1040600001E719E06868142804D1A889401E00B24D
:10407000A881A4E06868132804D1A889401C00B274
:10408000A8819CE0404669680DF0D4FD201D00F039
:104090004BFD0028C5D0E6E6A87B002870D1012F93
:1040A0006ED100BF00BF68680A286BD16B480068FA
:1040B00015F04CFB28B910216848006814F056FF31
:1040C00008B1012000E0002006463EBB64480821FC
:1040D0000268624800680CF08BFE201D00F024FD91
:1040E00000B1C0E6607900F0010030B95C480421FD
:1040F00002685A4800680CF07BFE201D00F014FD99
:1041000000B1B0E6564807210268544800680CF038
:104110006FFE201D00F008FD88B3A4E640460DF0B8
:10412000F5FC70B3607900F0010020B140460DF05D
:1041300000FD01282CD84A48082102684748006839
:104140000CF056FE201D00F0EFFC00B18BE6444859
:1041500004210268414800680CF04AFE201D00F06E
:10416000E3FC00B17FE63E48072102683B48006857
:104170000CF03EFE201D00F0D7FC20B173E617E0E6
:104180001DE00BE015E00A2140460DF053FD0FE065
:1041900020213248006812F0EFFA09E0607900F05F
:1041A000010028B900BF00BF012140460DF051FDBC
:1041B00000BF00216164607920F00101617100207D
:1041C00026490860A88928B340460DF09FFC10B32B
:1041D00000BF00BFB5F90C0000280CDA002604E08F
:1041E000142140460DF026FD761CB5F90C00404226
:1041F000B042F5DC0EE0B5F90C0000280ADD00261F
:1042000004E0132140460DF015FD761CB5F90C00B5
:10421000B042F6DC20E000BF00BFB5F90C0000287A
:104220000BDA002603E040460DF05EFC761CB5F983
:104230000C004042B042F6DC0DE0B5F90C0000285D
:1042400009DD002603E040460DF0E6FB761CB5F9DB
:104250000C00B042F7DC00BF00BF04E638010020CC
:104260003401002070B50446A06A00B170BD94F816
:104270003D0000F0010000B1F8E7256A03E02846A0
:1042800013F0CCF8054635B14FF40041284614F040
:104290006DFE0028F3D105B9E8E7B4F91000002855
:1042A00002DDB4F9100002E0B4F9100040424849C0
:1042B00009680968897E884212DAB4F91200002878
:1042C00002DDB4F9120002E0B4F9120040424049A4
:1042D00009680968897E884202DA0021218761879E
:1042E000218F208A084401B22187618F608A0844A7
:1042F00001B26187B4F93800002802DDB4F9380052
:1043000002E0B4F938004042314909680968C97EC1
:1043100088420FDCB4F93A00002802DDB4F93A0013
:1043200002E0B4F93A004042294909680968C97EA7
:1043300088424ADD012184F83D10B4F93800002894
:1043400002DDB4F9380002E0B4F938004042B4F9B3
:104350003A10002902DDB4F93A1002E0B4F93A103B
:104360004942884213DDB4F93800002807DD94F88B
:104370003C0020F0F000203084F83C001AE094F873
:104380003C0020F0F000103084F83C0012E0B4F95A
:104390003A00002807DD94F83C0020F0F00080305F
:1043A00084F83C0006E094F83C0020F0F000403037
:1043B00084F83C0006480C21026828460CF018FDE1
:1043C000204600F0B1FB00B150E700BF4EE700000F
:1043D000340100202DE9F04104460D46A87B012858
:1043E00005D16079C0F3C00008B1BDE8F081607903
:1043F000C0F3C00058B1607920F00801617100215C
:104400006164607920F00101617100212172276DE2
:1044100007B9EAE738460DF081FB91490860084684
:10442000006800B9E1E7D4F80C806968E160267A99
:10443000A97B2172A87B012853D1002E51D100BF46
:1044400000BF1AF03AFB606468680A2810D10A219C
:1044500038460DF0EFFB8348012102688048006870
:104460000CF0C6FC201D00F05FFB002838D0BCE734
:1044700068681B2810D11B2138460DF0DBFB7948FA
:1044800020210268764800680CF0B2FC201D00F084
:104490004BFB0028EAD0A8E7686809280CD1002166
:1044A00038460DF0D6FB38460DF0B6FA201D00F068
:1044B0003BFB0028DAD098E768680B280CD1002174
:1044C00038460DF0C6FB38460DF00EFB201D00F0FF
:1044D0002BFB0028CAD088E7384669680DF0AAFB94
:1044E000B8E0A87B01287BD1012E79D168680A2821
:1044F0000BD15C4802210268594800680CF078FC36
:10450000201D00F011FB00B16FE7607900F00100A1
:10451000F0B9606C1AF0C4FA2168898B884217D907
:10452000607920F00100401C607168680A28D7D1CA
:104530001AF0C3FAA0644B48052102684848006895
:104540000CF056FC201D00F0EFFA0028C8D04CE714
:10455000607900F0010000287CD0A06C1AF0A0FA6D
:104560002168C98B884275D91AF0A7FAA0646868D7
:104570000A280CD13B4806210268394800680CF033
:1045800037FC201D00F0D0FA002863D02DE76868C2
:1045900009280CD1002138460DF05BFB38460DF0A0
:1045A0003BFA201D00F0C0FA002853D01DE76868D0
:1045B0000B280CD1002138460DF04BFB38460DF08E
:1045C00093FA201D00F0B0FA88B30EE708E03846F1
:1045D00069680DF02FFB201D00F0A6FA38B304E740
:1045E000A87B20BB012E35D100BF00BFC5F80480D9
:1045F00068680A2828D11B48082102681848006802
:104600000CF0F6FB201D00F08FFA00B1EDE66079AA
:1046100000F0010060B913480421026810480068E6
:104620000CF0E6FB201D00F07FFA08B1DDE611E09A
:104630000C48072102680A4800680CF0D9FB201DCD
:1046400000F072FA00B1D0E600216164607920F0D8
:104650000101617100200249086000BFC5E6000049
:10466000380100203401002070B505460C4628684A
:10467000066921882982618869823068007CC0F3DC
:104680000110022805D03068007CC0F30110032817
:104690000DD1306800882188401A401E00B2208069
:1046A000306840886188401A401E00B260803068DF
:1046B000007CC0F30110012805D03068007CC0F3F5
:1046C000011003280AD1B4F9020021886180316801
:1046D0004988091A491E09B2218000BFB4F90000B7
:1046E000002801DA00BF00BF2968086908F0C4FE8D
:1046F000B4F90010884201DC00BF00BFB4F9020029
:10470000002801DA00BF00BF2968086908F01AFF15
:10471000B4F90210884201DC00BF00BFE86C90B120
:10472000B5F90C00B4F90010884205D1B5F90E00B6
:10473000B4F90210884206D0B4F90220B4F900108E
:10474000E86C16F0BEF92188298161886981287991
:10475000012803D1281D00F009F802E0281D00F00F
:1047600065F92989A9816989E98170BD2DE9F0413F
:10477000044600BF00BFAB49206A08606078C0F300
:10478000C00008B1BDE8F081A7480068006805696D
:104790000026A448006810BB284608F088FE07469B
:1047A000211D0EF0ECFD9F4908600846006840B9E5
:1047B000284608F089FE0746211D0EF0E0FD9949C4
:1047C00008609848006840B9284608F099FE0746F6
:1047D000211D0EF0D4FD9349086001262AE0A06A4D
:1047E00040BB4FF400518F48006814F0BFFB08BB7A
:1047F000284608F05CFE0746211D0EF0C0FD8949E1
:1048000008600846006840B9284608F05DFE074683
:10481000211D0EF0B4FD834908608248006840B94C
:10482000284608F06DFE0746211D0EF0A8FD7D49C3
:104830000860012666B1606A50B10021218361835E
:104840002046EFF71AFE204600F06EF900B199E716
:104850007449206A0968884254D0A1882181E1887E
:104860006181206A60B1276A6F4803210268384677
:104870000CF0BEFA204600F057F900B182E700BF05
:10488000684801682162016861620068002839D0C7
:104890001AF013F92064607820F0010060700021A4
:1048A000A182E18294F83C0020F00F0184F83C10D2
:1048B00094F83C0020F0F00184F83C10002184F8CA
:1048C0003D1021876187218261825748012102685A
:1048D000544800680CF08CFA204600F025F900B12D
:1048E00050E7514800684079C0F3C00000B149E783
:1048F0004D480068001DFFF723FA204600F014F928
:1049000000B13FE7A1882089081A01B22182E1881D
:104910006089081A01B26182B4F9180040F35C00A2
:104920002083B4F91A0040F35C016183218BB4F950
:104930001000800001EBE00001B22183618BB4F92B
:104940001200800001EBE00001B26183A169E16126
:1049500034480068002863D0334802210268314897
:1049600000680CF045FA204600F0DEF800B109E7D7
:104970002D4800684079C0F3C00000B102E720462E
:10498000EFF7E0FC204600F0CFF800B1FAE6204651
:10499000FFF768FC204600F0C7F800B1F2E6A06A15
:1049A00000BB607800F00100E0B9206C1AF078F8E4
:1049B0001D4909680968898B884213D91A4805215D
:1049C0000268184800680CF013FA204600F0ACF8B2
:1049D00000B1D7E6607820F00100401C60701AF04A
:1049E0006CF86064A06AD8B9607800F00100B8B1D2
:1049F000606C1AF055F80C4909680968C98B88423F
:104A00000ED9094806210268064800680CF0F0F942
:104A1000204600F089F800B1B4E61AF04EF8606460
:104A200000BFAFE6380100203401002070B5044615
:104A30006078C0F3C00048B10021216261620020AB
:104A400020646064607820F0080060702049206A6B
:104A50000860A56A0846006878B300BF00BF1D481B
:104A6000082102681A4800680CF0C2F9204600F0DC
:104A70005BF800B170BDDDB9607800F0010058B995
:104A8000144804210268124800680CF0B1F920466D
:104A900000F04AF800B1EDE70E48072102680C4823
:104AA00000680CF0A5F9204600F03EF800B1E1E7FF
:104AB000002121620020206460643DB12046EFF7B0
:104AC000DCFC204600F030F800B1D3E700BFD1E7AE
:104AD00038010020340100204179C1F34001002950
:104AE0001ED0002242628262C262417921F001023C
:104AF00042710022426482640283428390F8401033
:104B000021F00F0280F8402000228283C283828736
:104B1000C287417921F0020242710021014A1160ED
:104B2000704700003801002001464878C0F340007B
:104B300010B10020024A10604878C0F3400070476E
:104B4000380100202DE9FE4F0646344694F82A002D
:104B500000F0010000284AD0A08C072190FBF1F062
:104B600085B2E08C90FBF5F105FB1100E084E08C50
:104B7000032101FB0500E084E08C90FBF5F105FBCF
:104B800011002085208D032101FB050020850021D7
:104B9000304614F04CF802900021304614F0B9F879
:104BA000814602980CF060FB0746304612F052FB3B
:104BB00080463046FDF7EFFD0190E08C07EB0901E0
:104BC00048430FFA80FA414608EBD172521038463A
:104BD00007EBD073A2EB63020FFA82FBABEB0A0088
:104BE00000B20090DDE9001016F00AFA00BFBDE83F
:104BF000FE8F0000F8B50446A56A8021284614F00F
:104C0000B5F950B941F6FF70034642421146009093
:104C100004F1300005F0F0FDA7E0284612F094FD05
:104C2000012804D0022816D0032843D125E0E88AC1
:104C3000401C01B2002341F6FF722846FCF790FAAF
:104C40006086E88A401E02B2002352492846FCF7DB
:104C500087FAE08635E0B5F91A10002341F6FF72B5
:104C60002846FCF77DFA6086B5F91A2000234949E9
:104C70002846FCF775FAE08623E005F1140005F0FC
:104C8000AFFC074600EBD7704110E88A084406B233
:104C9000002341F6FF72701C01B22846FCF760FA4F
:104CA0006086701E02B200233A492846FCF758FA83
:104CB000E08606E04EF20101618641F6FF71E18671
:104CC00000BF00BF284612F035FD012804D002289D
:104CD00014D0032841D123E0B5F91410002341F684
:104CE000FF722846FCF7A2F92086B5F914200023AC
:104CF00028492846FCF79AF9A08635E0B5F918103E
:104D0000002341F6FF722846FCF790F92086B5F99A
:104D1000182000231F492846FCF788F9A08623E0C5
:104D200005F1140005F0CFFC074600EBD770A98A07
:104D300001EB600006B2002341F6FF72701C01B265
:104D40002846FCF773F92086701E02B20023114931
:104D50002846FCF76BF9A08606E04EF20101218699
:104D600041F6FF71A18600BF00BF208E10B94EF240
:104D700001012186A08E10B941F6FF71A186608ED7
:104D800010B94EF201016186E08E10B941F6FF7153
:104D9000E186F8BD01E0FFFF2DE9F04704460D462E
:104DA00016461F4604F13C0000EBC61050F8278061
:104DB00000BFB8F1000F03D100BF00BF00BFFEE786
:104DC00000BF00BF1DB900BF00BF00BFFEE700BFAE
:104DD000C5F80880EC60C8F80C5000BF2846F1F711
:104DE000BCFB82462846F1F7B8FB81460421F0F768
:104DF00064FE824503D000BF00BF00BFFEE700BFD6
:104E000004F13C0000EBC61040F827500121B140EE
:104E100020690843206104F1140050F826000121A4
:104E2000B940084304F1140141F82600BDE8F087B9
:104E300070B505460C4600200F49086022461D212A
:104E400028460BF0D5FF0C48006890B10A4800686E
:104E5000007808B9002070BD214607480068EBF7CC
:104E600099FD30B104480168284619F0D1F80020B6
:104E7000F1E70120EFE70000080300202DE9F04FE3
:104E800089B006460C4615461F4600BF00BF304697
:104E900014F0A2FC10B909B0BDE8F08FB046AC42E6
:104EA00000D1F8E7B4F5B47F02DDA4F5B47084B2A4
:104EB000B5F5B47F02DDA5F5B47085B2B8F824006D
:104EC000204484B2B8F82400284485B2B4F5B47FF5
:104ED00002DDA4F5B47084B2B5F5B47F02DDA5F5AA
:104EE000B47085B208AA07A93046FDF7CCF8394658
:104EF000304613F0EDF88146B246BB465122594682
:104F0000504613F0AFFD0390039808B1012000E074
:104F10000020069004A9069808B1012000E00020B6
:104F2000CDE90059CDE90201BDF820309AB2BDF9B2
:104F30001E10BDF91C00234608F069FB04A9304689
:104F400014F0EBFB00BFA6E71FB5044602AA03A9B5
:104F50002046FDF798F86B46BDF9082003A92046C6
:104F6000FDF776FB6946204614F0D7FB1FBD2DE9FF
:104F7000FF4781460C464FF6FF70844201D1BDE8E1
:104F8000FF874E46308EA04200DCF8E7B06A00EBA7
:104F9000C40102A805F000FB6946484612F098F9E2
:104FA0000021484613F09BFC07460021484613F0B9
:104FB0001DFB8046484612F097F9824608F04AFAEF
:104FC00005460A2195FBF1F0B84201DA384602E0C5
:104FD0000A2095FBF0F007B20A2095FBF0F040455F
:104FE00001DA404602E00A2095FBF0F00FFA80F863
:104FF000BDF80800BDF80010C91B084400B2ADF8A8
:105000000800BDF80A00BDF80210A1EB0801084431
:1050100000B2ADF80A00BDF80C00BDF8001039442C
:10502000084400B2ADF80C00BDF80E00BDF8021047
:105030004144084400B2ADF80E00B08EA0420ED13B
:10504000F06A30F8140000F4007040B102A805F0D6
:1050500014FBBDF80A10081A00B2ADF80A0002A944
:10506000484614F05AFB00BF89E71CB504462146A8
:105070006846FDF79DFA6946204614F04EFB1CBDBC
:105080002DE9F04F87B005460E462C46B4F8820055
:10509000B04202DC07B0BDE8F08F284612F0F9F804
:1050A000B4F884104843001207B2284612F05CFAA4
:1050B000824694F88800C0F3C00018B9284614F05E
:1050C000F2FAE7E794F8880000F0070001287CD1A5
:1050D0000021284613F0B1F806900021284613F06D
:1050E000C6FA0590A98A0598014406980844A0EBE1
:1050F0000A000FFA80FB4FF4A020029040F649020C
:105100002846029913F0AEFC0190019800B2804647
:105110004FF40031284613F098FE814600BFA88A5C
:10512000ADF80C00E88AADF80E00288BADF8100041
:10513000688BADF8120000BFBDF80E0008EB090146
:10514000401A00B2ADF80E00BDF8120008EB0901DC
:10515000084400B2ADF81200B4F88200401EB0421C
:105160001FDD07FB06F0B4F88210491E90FBF1F03A
:105170005844A0EB0800A0EB090000B2ADF80C0009
:10518000701C7843B4F88210491E90FBF1F058442B
:105190004044484400B2ADF8100003A9284614F07A
:1051A000BCFA002E21DD701E7843B4F88210491E2F
:1051B00090FBF1F05844A0EB0800A0EB090000B20E
:1051C000ADF80C0007FB06F000E00FE0B4F8821029
:1051D000491E90FBF1F058444044484400B2ADF8F9
:1051E000100003A9284614F098FA4BE094F88800C0
:1051F00000F00700022838D10021284613F0E9F911
:10520000B4F8841048434FEA202807EB0800B4F8AC
:10521000821090FBF1F00FFA80F909FB06F00FFA0B
:1052200080FB0021284613F022FAA98A084458443A
:105230000FFA80FB05A9284612F04AF8ABEB0A00EA
:1052400000B2ADF81400BDF81400484400B2ADF847
:105250001800BDF81400A0EB080000B2ADF814006F
:1052600005A9284614F059FA0CE094F8880000F0DB
:105270000700032803D1284614F015FA02E0284657
:1052800014F011FA00BF05E7014601F0030070B900
:105290006420B1FBF0F200FB121030B94FF4C8707B
:1052A000B1FBF0F200FB121008B90120704700209A
:1052B000FCE700002DE9F74F94B004460D46F24993
:1052C000204613F05EFE10B117B0BDE8F08F204607
:1052D000FCF742FF13902046FDF7D8FD129012987C
:1052E00008B1139800B9EFE72046FCF725FF064602
:1052F0002046FDF7BBFD074600BF00200390E348B2
:1053000002882046039913F0ADFB02900298C0B2C8
:10531000119000BF00200390DD48028820460399C9
:1053200013F0A0FB02900298C0B21090286830F9E8
:1053300016100F91296813983044401E31F8101050
:10534000AA6813983044401E32F81000084400B296
:105350000E90DDE90E01401A00B20D90686830F938
:1053600017100C91696812983844401E31F81010DB
:10537000EA6812983844401E32F81000084400B21F
:105380000B90DDE90B01401A00B20A900021204683
:1053900012F0D2FE012809D1119810B90220119003
:1053A00004E01198022801D10020119000BF208B49
:1053B000A18A401A401C00B2099000BF608BE18AAC
:1053C000401A401C00B20890119830B1012818D042
:1053D000022827D0032808D000BF286830F916A07B
:1053E000608C20F4806060842CE0286830F916A07E
:1053F0000D980990608C20F4806000F580606084D6
:1054000020E0296831F81630099A0D99881A00EBC6
:10541000D07103EB61010FFA81FA608C20F4806097
:1054200060840FE0204613F044FD296831F816200F
:105430000D991144081A0FFA80FA608C20F48060EC
:10544000608400BF00BF109830B1012818D0022836
:1054500027D0032808D000BF686830F917B0608CE7
:1054600020F4007060842CE0686830F917B00A9866
:105470000890608C20F4007000F50070608420E0DB
:10548000696831F81730089A0A99881A00EBD071C8
:1054900003EB61010FFA81FB608C20F400706084E3
:1054A0000FE0204611F06AFF696831F817200A9969
:1054B0001144081A0FFA80FB608C20F4007060849D
:1054C00000BF00BF204613F0F4FC0999884205D1C3
:1054D000204611F053FF089988422BD000BFA08AC4
:1054E000ADF80800E08AADF80A00208BADF80C009A
:1054F000608BADF80E0000BF204614F0D4F804F124
:105500001400099905F085F904F11400089905F0D3
:105510007AF9204614F0C7F802AA292120460BF098
:1055200067FC204611F07AFF2246222101900BF001
:105530005FFC00BF0020039043F20C022046039959
:1055400013F090FA029002980FFA80F800BF002042
:10555000039043F20D022046039913F083FA029060
:1055600002980FFA80F900BF204613F0A2FC0790C2
:10557000204611F003FF069008F4C040B0F5005F2C
:1055800001D1012000E0002030B128F4C040B0F586
:10559000FA6F01DC012000E0002090B128F4C04047
:1055A000B0F57A7F04DD28F4C040C0F57A7001E0E0
:1055B00028F4C04007994843642190FBF1F00FFAAA
:1055C00080F809F4C040B0F5005F01D1012000E08F
:1055D000002030B129F4C040B0F5FA6F01DC0120A1
:1055E00000E0002090B129F4C040B0F57A7F04DDDE
:1055F00029F4C040C0F57A7001E029F4C040069952
:105600004843642190FBF1F00FFA80F90AEB08009F
:105610000FFA80FA0BEB09000FFA80FB169800894D
:105620005044A18A401A00B205901698408900EBB8
:105630000B01E08A081A00B20490059808B9049892
:10564000F8B1204614F02FF8A18A0598084400B25A
:10565000A082218B0598084401B22183E18A049835
:10566000084401B2E182618B0498084401B261836D
:10567000204614F018F801232046DDE9042114F037
:10568000EFF800BF20E60000010006008C010020BA
:10569000920100202DE9F04106460F4615460020F4
:1056A0001AF094FD04460DE039462046B047012823
:1056B00004D105B12C600120BDE8F08120461AF02C
:1056C00085FD044624B1606820F040400028EBD1FD
:1056D0000020F1E730B5024614460B4620881D88AD
:1056E000A84203D020881D88401B30BD60885D889B
:1056F000401BFAE730B5024614460B4620781D7869
:10570000A84203D020781D78401B30BD60785D78BA
:10571000401BFAE700B587B000BF00BF0020019032
:105720003848006840F010003649086008460068B4
:1057300000F01000019000BF00BF00BF00BF00BF1D
:10574000002001900846006840F0100008600846FC
:10575000006800F01000019000BF00BF00BF00BF54
:1057600000BF002001900846006840F0100008606B
:105770000846006800F01000019000BF00BF00BFA5
:1057800000BF00BF002001900846006840F0010003
:1057900008600846006800F00100019000BF00BFEB
:1057A00000BF1020029000200390012004900220EE
:1057B000059002A91448ECF7BBF9082002900020DC
:1057C0000390012004900220059002A90E48ECF7F6
:1057D000AFF90420029000200390012004900220E1
:1057E000059002A90848ECF7A3F9012002900020D7
:1057F000039002200490059002A90448ECF798F960
:1058000007B000BD303802400010024000000240E6
:1058100070B50446002514B101202B4908702A48B0
:105820000078002834D010212848ECF783FA78B1AA
:1058300008212648ECF77EFA50B104212348ECF702
:1058400079FA28B101212248ECF774FA01281FD116
:105850000A20F2F78FFC00201B49087010211B481A
:10586000ECF768FA00B9012508211848ECF762FA4C
:1058700000B9022504211548ECF75CFA00B90325AC
:1058800001211348ECF756FA01281BD1042519E031
:1058900010210E48ECF74EFA012813D108210B48CD
:1058A000ECF748FA01280DD104210848ECF742FA38
:1058B000012807D101210648ECF73CFA10B9012074
:1058C00001490870284670BD3000002000100240D9
:1058D0000000024070B505460C462646686820F078
:1058E00040403168884204D12846FCF79BF80120EB
:1058F00070BD0020FCE72DE9F041054628460BF07D
:1059000010FA044628460BF06DFA0746384611F0A7
:1059100085FD06462A2C01D0292C09D100213846C4
:105920000EF0BEFF30461BF011FD30461CF05AFF52
:10593000BDE8F0812DE9F0410446204611F027FC36
:105940000746002607E0A068006850F82650284661
:10595000FFF7F0FF761CBE42F5D394F8220000F06A
:10596000010008B9BDE8F081608C20F0010060847E
:10597000204614F072FA204614F0FEF8D7B1002148
:10598000204612F0EEFC05469DB10B4800688542AA
:105990000FD8681E0949096801EBC000D0F80480DF
:1059A000681E0649096851F8302041462046904754
:1059B00000BF00BF00BFD5E74801002098020020CB
:1059C00070B50446002609480588408845430021F3
:1059D000084603F0A9F903F00DFC00BF02E00448FB
:1059E0000480761CAE42FAD370BD0000680400202B
:1059F0008000006C10B5044658488471002C58D1C2
:105A0000F020564908804FF4A070488008468088EE
:105A100045F21051884210D14FF430504F4908815F
:105A20004FF4285048814FF42C5088814FF4F07087
:105A300008804FF4487048801AE04848808841F652
:105A4000631188420DD12C20444908812B204881C4
:105A50002A2088814FF4F07008804FF44870488005
:105A600006E02C203D4908812A2048812B2088818E
:105A70003A48808845F21031884205D037488088FE
:105A800047F29671884206D14FF4A07033490880DE
:105A90004FF4F07048803148808849F6060188420A
:105AA00058D14FF4F0702D4908804FF44870488069
:105AB00050E04FF4A07029490880F0204880084643
:105AC000808845F21051884210D14FF4305023495C
:105AD00008814FF4285048814FF42C5088814FF4AE
:105AE000487008804FF4F070488020E01B488088A0
:105AF00041F66311884205D01848808849F60601AE
:105B000088420DD12C20154908812A2048812B205C
:105B100088814FF4487008804FF4F070488006E0A8
:105B20002C200E4908812A2048812B2088810B488F
:105B3000808845F21031884205D00848808847F2B5
:105B40009671884206D14FF4F070044908804FF4F2
:105B5000A0704880002002F0C9FF10BD680400203A
:105B60002DE9F04706460F4690469A4600244546E2
:105B70000320A0EB480944E07A1B91B2321990B29D
:105B8000524600F0C1F83A1B91B2721990B25246D7
:105B900000F0BAF83A1991B2721990B2524600F078
:105BA000B3F87A1991B2321990B2524600F0ACF8BB
:105BB0007A1991B2321B90B2524600F0A5F83A1908
:105BC00091B2721B90B2524600F09EF87A1B91B2CD
:105BD000321B90B2524600F097F83A1B91B2721BFA
:105BE00090B2524600F090F8641CB9F1000F03DA4D
:105BF000A000801D814404E0601B80000A308144C5
:105C00006D1EAC42B8DDBDE8F0872DE9F84F0446C3
:105C10000D4617469846DDF828B0381B401C1FFA81
:105C200080F9A8EB0500401C1FFA80FAA9B2A0B2C7
:105C300053464A4603F008F909FB0AF0009003F0C6
:105C4000D9FA002604E03BF8160003F0BBFA761CF4
:105C500000988642F7D3BDE8F88F2DE9FF4F84B056
:105C600081468A460020029083460698A0EB0905EB
:105C70000798A0EB0A06CDF80490CDF800A0002DFF
:105C800001DD012705E00DB9002702E04FF0FF37E5
:105C90006D42002E02DD4FF0010806E016B94FF00C
:105CA000000802E04FF0FF387642B54201DD2C4695
:105CB00000E03446002003901EE0009A91B2019A61
:105CC00090B2119A00F020F8029828440290B34450
:105CD0000298A04205DD0298001B0290019838440A
:105CE0000190A34504DDABEB040B00984044009009
:105CF0000398401C80B20390611C03988842DCDD4D
:105D000008B0BDE8F08F000070B505460E46144699
:105D10003146284603F008F803F06CFA01490C807C
:105D200070BD00008000006C10B5CF2003F056FA63
:105D3000002003F047FAC12003F044FA302003F0BA
:105D400041FAED2003F04AFA642003F03BFA032005
:105D500003F038FA122003F035FA812003F032FA0A
:105D6000E82003F03BFA852003F02CFA102003F022
:105D700029FA7A2003F026FACB2003F02FFA3920F3
:105D800003F020FA2C2003F01DFA002003F01AFA89
:105D9000342003F017FA022003F014FAF72003F07E
:105DA0001DFA202003F00EFAEA2003F017FA002073
:105DB00003F008FA002003F005FAC02003F00EFA01
:105DC0001B2003F0FFF9C12003F008FA012003F0C3
:105DD000F9F9C52003F002FA302003F0F3F930207E
:105DE00003F0F0F9C72003F0F9F9B72003F0EAF95E
:105DF000362003F0F3F9482003F0E4F93A2003F0E9
:105E0000EDF9552003F0DEF9B12003F0E7F90020A9
:105E100003F0D8F91A2003F0D5F9B62003F0DEF923
:105E20000A2003F0CFF9A22003F0CCF9F22003F00E
:105E3000D5F9002003F0C6F9262003F0CFF90120A0
:105E400003F0C0F9E02003F0C9F90F2003F0BAF91C
:105E50002A2003F0B7F9282003F0B4F9082003F052
:105E6000B1F90E2003F0AEF9082003F0ABF954208D
:105E700003F0A8F9A92003F0A5F9432003F0A2F943
:105E80000A2003F09FF90F2003F09CF9002003F093
:105E900099F9002003F096F9002003F093F900200F
:105EA00003F090F9E12003F099F9002003F08AF95A
:105EB000152003F087F9172003F084F9072003F079
:105EC00081F9112003F07EF9062003F07BF92B20E5
:105ED00003F078F9562003F075F93C2003F072F9CD
:105EE000052003F06FF9102003F06CF90F2003F088
:105EF00069F93F2003F066F93F2003F063F90F20B2
:105F000003F060F92B2003F069F9002003F05AF93F
:105F1000002003F057F9012003F054F93F2003F06B
:105F200051F92A2003F05AF9002003F04BF9002020
:105F300003F048F9002003F045F9EF2003F042F99F
:105F4000112003F04BF97820F2F714F9292003F01F
:105F500045F910BD10B5FF2003F040F9FF2003F014
:105F600031F9982003F02EF9062003F02BF9BC201C
:105F700003F034F9012003F025F90F2003F022F992
:105F8000612003F01FF9FF2003F01CF9012003F04A
:105F900019F9012003F016F90B2003F013F9102072
:105FA00003F010F9372003F00DF9632003F00AF92C
:105FB000FF2003F007F9FF2003F004F9012003F0AC
:105FC00001F9012003F0FEF8002003F0FBF80020A7
:105FD00003F0F8F8FF2003F0F5F8522003F0F2F890
:105FE000012003F0EFF8002003F0ECF8402003F06C
:105FF000E9F8BD2003F0F2F8012003F0E3F82320D4
:1060000003F0E0F8452003F0DDF8672003F0DAF84C
:10601000012003F0D7F8232003F0D4F8452003F043
:10602000D1F8672003F0CEF8BE2003F0D7F80020A7
:1060300003F0C8F8012003F0C5F8AB2003F0C2F864
:10604000602003F0BFF8222003F0BCF8222003F008
:10605000B9F8222003F0B6F8222003F0B3F822208A
:1060600003F0B0F8C72003F0B9F8362003F0AAF81F
:10607000ED2003F0B3F87F2003F0A4F80F2003F025
:10608000A1F8C02003F0AAF80F2003F09BF80B2022
:1060900003F098F80A2003F095F8FC2003F09EF82E
:1060A000082003F08FF8DF2003F098F8002003F0B9
:1060B00089F8002003F086F8002003F083F8002020
:1060C00003F080F8002003F07DF8202003F07AF838
:1060D000F32003F083F8742003F074F8B42003F085
:1060E0007DF8002003F06EF8002003F06BF800202C
:1060F00003F068F8F72003F071F8822003F062F8EB
:10610000B12003F06BF8002003F05CF8132003F0DB
:1061100059F8132003F056F8F22003F05FF88020BE
:1061200003F050F8042003F04DF8402003F04AF843
:10613000282003F047F8C12003F050F8172003F09F
:1061400041F8882003F03EF8882003F03BF8202037
:1061500003F038F8E02003F041F8002003F032F8B3
:106160000A2003F02FF8122003F02CF8102003F07F
:1061700029F80E2003F026F8202003F023F8CC2085
:1061800003F020F8072003F01DF8062003F01AF8AA
:106190000B2003F017F80E2003F014F80F2003F083
:1061A00011F80D2003F00EF8152003F00BF8102065
:1061B00003F008F8002003F005F8E12003F00EF8E2
:1061C000002002F0FFFF0B2002F0FCFF132002F082
:1061D000F9FF0D2002F0F6FF0E2002F0F3FF1B2066
:1061E00002F0F0FF712002F0EDFF062002F0EAFF5E
:1061F000062002F0E7FF0A2002F0E4FF0F2002F081
:10620000E1FF0E2002F0DEFF0F2002F0DBFF152081
:1062100002F0D8FF0C2002F0D5FF002002F0D2FFE0
:106220002A2002F0DBFF002002F0CCFF002002F069
:10623000C9FF012002F0C6FFDF2002F0C3FF2B20C0
:1062400002F0CCFF002002F0BDFF002002F0BAFFF8
:10625000032002F0B7FF1F2002F0B4FF3A2002F043
:10626000BDFF552002F0AEFF362002F0B7FF002040
:1062700002F0A8FF112002F0B1FF7820F1F77AFFB9
:10628000292002F0ABFF1420F1F774FF2C2002F05C
:10629000A5FF10BD10B5ED2002F0A0FF012002F017
:1062A00091FFFE2002F08EFFEE2002F097FFDE202D
:1062B00002F088FF212002F085FFF12002F08EFF1E
:1062C000012002F07FFFDF2002F088FF102002F0A3
:1062D00079FFC42002F082FF8F2002F073FFC620F6
:1062E00002F07CFF002002F06DFFE22002F06AFF66
:1062F000E22002F067FFE22002F064FFBF2002F01C
:106300006DFFAA2002F05EFFB02002F067FF0D20B3
:1063100002F058FF002002F055FF0D2002F052FF5E
:10632000002002F04FFF112002F04CFF002002F08D
:1063300049FF192002F046FF002002F043FF212010
:1063400002F040FF002002F03DFF2D2002F03AFF56
:10635000002002F037FF3D2002F034FF002002F061
:1063600031FF5D2002F02EFF002002F02BFF5D20A8
:1063700002F028FF002002F025FFB12002F02EFFDE
:10638000802002F01FFF002002F01CFF8B2002F093
:1063900019FF002002F016FF962002F013FF0020E4
:1063A00002F010FFB22002F019FF002002F00AFFF5
:1063B000002002F007FF022002F004FF002002F09C
:1063C00001FF032002F0FEFE002002F0FBFEB320DE
:1063D00002F004FF002002F0F5FE002002F0F2FEC1
:1063E000002002F0EFFE002002F0ECFE002002F0A0
:1063F000E9FE002002F0E6FE002002F0E3FE0020AD
:1064000002F0E0FE002002F0DDFE002002F0DAFEE5
:10641000002002F0D7FE002002F0D4FE002002F09F
:10642000D1FE002002F0CEFE002002F0CBFE0020C4
:1064300002F0C8FE002002F0C5FE002002F0C2FEFD
:10644000002002F0BFFE002002F0BCFE002002F09F
:10645000B9FE002002F0B6FE002002F0B3FE0020DC
:1064600002F0B0FEB42002F0B9FE8B2002F0AAFECA
:10647000002002F0A7FE962002F0A4FE002002F009
:10648000A1FEA12002F09EFE002002F09BFEB5209E
:1064900002F0A4FE022002F095FE002002F092FE1F
:1064A000032002F08FFE002002F08CFE042002F098
:1064B00089FE002002F086FEB62002F08FFE00204A
:1064C00002F080FE002002F07DFEB72002F086FE82
:1064D000002002F077FE002002F074FE3F2002F060
:1064E00071FE002002F06EFE5E2002F06BFE0020C6
:1064F00002F068FE642002F065FE002002F062FEF9
:106500008C2002F05FFE002002F05CFEAC2002F066
:1065100059FE002002F056FEDC2002F053FE00205F
:1065200002F050FE702002F04DFE002002F04AFE04
:10653000902002F047FE002002F044FEEB2002F023
:1065400041FE002002F03EFEDC2002F03BFE002077
:1065500002F038FEB82002F041FE002002F032FEC8
:10656000002002F02FFE002002F02CFE002002F09E
:1065700029FE002002F026FE002002F023FE00206B
:1065800002F020FE002002F01DFEBA2002F026FEDE
:10659000242002F017FE002002F014FE002002F07A
:1065A00011FE002002F00EFEC12002F017FE202096
:1065B00002F008FE002002F005FE542002F002FE68
:1065C000002002F0FFFDFF2002F0FCFD002002F0A1
:1065D000F9FDC22002F002FE0A2002F0F3FD0020C5
:1065E00002F0F0FD042002F0EDFD002002F0EAFDD3
:1065F000C32002F0F3FD3C2002F0E4FD002002F095
:10660000E1FD3A2002F0DEFD002002F0DBFD392042
:1066100002F0D8FD002002F0D5FD372002F0D2FDB7
:10662000002002F0CFFD3C2002F0CCFD002002F063
:10663000C9FD362002F0C6FD002002F0C3FD322065
:1066400002F0C0FD002002F0BDFD2F2002F0BAFDD7
:10665000002002F0B7FD2C2002F0B4FD002002F073
:10666000B1FD292002F0AEFD002002F0ABFD262096
:1066700002F0A8FD002002F0A5FD242002F0A2FDFA
:10668000002002F09FFD242002F09CFD002002F07B
:1066900099FD232002F096FD002002F093FD3C209E
:1066A00002F090FD002002F08DFD362002F08AFD00
:1066B000002002F087FD322002F084FD002002F06D
:1066C00081FD2F2002F07EFD002002F07BFD2C20BA
:1066D00002F078FD002002F075FD292002F072FD25
:1066E000002002F06FFD262002F06CFD002002F079
:1066F00069FD242002F066FD002002F063FD2420E5
:1067000002F060FD002002F05DFD232002F05AFD42
:10671000002002F057FDC42002F060FD622002F06C
:1067200051FD002002F04EFD052002F04BFD00203F
:1067300002F048FD842002F045FD002002F042FDF9
:10674000F02002F03FFD002002F03CFD182002F096
:1067500039FD002002F036FDA42002F033FD0020B8
:1067600002F030FD182002F02DFD002002F02AFD7D
:10677000502002F027FD002002F024FD0C2002F042
:1067800021FD002002F01EFD172002F01BFD00205D
:1067900002F018FD952002F015FD002002F012FD18
:1067A000F32002F00FFD002002F00CFDE62002F0C5
:1067B00009FD002002F006FDC52002F00FFD322089
:1067C00002F000FD002002F0FDFC442002F0FAFC83
:1067D000002002F0F7FC652002F0F4FC002002F03B
:1067E000F1FC762002F0EEFC002002F0EBFC8820A9
:1067F00002F0E8FC002002F0E5FCC62002F0EEFC0E
:10680000202002F0DFFC002002F0DCFC172002F068
:10681000D9FC002002F0D6FC012002F0D3FC0020BD
:1068200002F0D0FCC72002F0D9FC002002F0CAFC24
:10683000002002F0C7FC002002F0C4FC002002F09F
:10684000C1FCC82002F0CAFC002002F0BBFC002002
:1068500002F0B8FC002002F0B5FC002002F0B2FC0F
:10686000C92002F0BBFC002002F0ACFC002002F0CA
:10687000A9FC002002F0A6FC002002F0A3FC0020EE
:1068800002F0A0FC002002F09DFC002002F09AFC27
:10689000002002F097FC002002F094FC002002F09F
:1068A00091FC002002F08EFC002002F08BFC002006
:1068B00002F088FC002002F085FC002002F082FC3F
:1068C000002002F07FFCE02002F088FC162002F09D
:1068D00079FC002002F076FC1C2002F073FC002002
:1068E00002F070FC212002F06DFC002002F06AFC36
:1068F000362002F067FC002002F064FC462002F023
:1069000061FC002002F05EFC522002F05BFC0020E3
:1069100002F058FC642002F055FC002002F052FC0A
:106920007A2002F04FFC002002F04CFC8B2002F099
:1069300049FC002002F046FC992002F043FC0020B4
:1069400002F040FCA82002F03DFC002002F03AFCDE
:10695000B92002F037FC002002F034FCC42002F021
:1069600031FC002002F02EFCCA2002F02BFC00209B
:1069700002F028FCD22002F025FC002002F022FCCC
:10698000D92002F01FFC002002F01CFCE02002F0E5
:1069900019FC002002F016FCF32002F013FC00208A
:1069A00002F010FCE12002F019FC162002F00AFCB3
:1069B000002002F007FC1C2002F004FC002002F082
:1069C00001FC222002F0FEFB002002F0FBFB36203F
:1069D00002F0F8FB002002F0F5FB452002F0F2FB8C
:1069E000002002F0EFFB522002F0ECFB002002F04E
:1069F000E9FB642002F0E6FB002002F0E3FB7A20D2
:106A000002F0E0FB002002F0DDFB8B2002F0DAFB5D
:106A1000002002F0D7FB992002F0D4FB002002F006
:106A2000D1FBA82002F0CEFB002002F0CBFBB92066
:106A300002F0C8FB002002F0C5FBC42002F0C2FB3C
:106A4000002002F0BFFBCA2002F0BCFB002002F0D5
:106A5000B9FBD22002F0B6FB002002F0B3FBD82035
:106A600002F0B0FB002002F0ADFBE02002F0AAFB38
:106A7000002002F0A7FBF32002F0A4FB002002F0AC
:106A8000A1FBE22002F0AAFB052002F09BFB002004
:106A900002F098FB0B2002F095FB002002F092FB25
:106AA0001B2002F08FFB002002F08CFB342002F050
:106AB00089FB002002F086FB442002F083FB0020CB
:106AC00002F080FB4F2002F07DFB002002F07AFBF9
:106AD000612002F077FB002002F074FB792002F0C5
:106AE00071FB002002F06EFB882002F06BFB00209F
:106AF00002F068FB972002F065FB002002F062FBC9
:106B0000A62002F05FFB002002F05CFBB72002F041
:106B100059FB002002F056FBC22002F053FB00207C
:106B200002F050FBC72002F04DFB002002F04AFBB0
:106B3000D12002F047FB002002F044FBD62002F0F7
:106B400041FB002002F03EFBDD2002F03BFB002079
:106B500002F038FBF32002F035FB002002F032FB9C
:106B6000E32002F03BFB052002F02CFB002002F0AA
:106B700029FB0A2002F026FB002002F023FB1C2048
:106B800002F020FB002002F01DFB332002F01AFB74
:106B9000002002F017FB442002F014FB002002F05A
:106BA00011FB502002F00EFB002002F00BFB6220D4
:106BB00002F008FB002002F005FB782002F002FB47
:106BC000002002F0FFFA882002F0FCFA002002F018
:106BD000F9FA972002F0F6FA002002F0F3FAA62064
:106BE00002F0F0FA002002F0EDFAB72002F0EAFA23
:106BF000002002F0E7FAC22002F0E4FA002002F0DE
:106C0000E1FAC72002F0DEFA002002F0DBFAD12020
:106C100002F0D8FA002002F0D5FAD52002F0D2FA1C
:106C2000002002F0CFFADD2002F0CCFA002002F0C2
:106C3000C9FAF32002F0C6FA002002F0C3FAE420F9
:106C400002F0CCFA012002F0BDFA002002F0BAFAFC
:106C5000012002F0B7FA002002F0B4FA022002F09C
:106C6000B1FA002002F0AEFA2A2002F0ABFA0020BE
:106C700002F0A8FA3C2002F0A5FA002002F0A2FAE5
:106C80004B2002F09FFA002002F09CFA5D2002F0F7
:106C900099FA002002F096FA742002F093FA00208C
:106CA00002F090FA842002F08DFA002002F08AFAB5
:106CB000932002F087FA002002F084FAA22002F06A
:106CC00081FA002002F07EFAB32002F07BFA002065
:106CD00002F078FABE2002F075FA002002F072FA93
:106CE000C42002F06FFA002002F06CFACD2002F00E
:106CF00069FA002002F066FAD32002F063FA00205D
:106D000002F060FADD2002F05DFA002002F05AFA8B
:106D1000F32002F057FA002002F054FAE52002F0C6
:106D20005DFA002002F04EFA002002F04BFA00203B
:106D300002F048FA002002F045FA022002F042FA7E
:106D4000002002F03FFA292002F03CFA002002F075
:106D500039FA3C2002F036FA002002F033FA4B20D8
:106D600002F030FA002002F02DFA5D2002F02AFA3B
:106D7000002002F027FA742002F024FA002002F02A
:106D800021FA842002F01EFA002002F01BFA932060
:106D900002F018FA002002F015FAA22002F012FA0E
:106DA000002002F00FFAB32002F00CFA002002F0EB
:106DB00009FABE2002F006FA002002F003FAC4200D
:106DC00002F000FA002002F0FDF9CD2002F0FAF9FD
:106DD000002002F0F7F9D32002F0F4F9002002F0CD
:106DE000F1F9DC2002F0EEF9002002F0EBF9F320DB
:106DF00002F0E8F9002002F0E5F9E62002F0EEF9F1
:106E0000112002F0DFF9002002F0DCF9342002F05A
:106E1000D9F9002002F0D6F9562002F0D3F900206B
:106E200002F0D0F9762002F0CDF9002002F0CAF984
:106E3000772002F0C7F9002002F0C4F9662002F0C2
:106E4000C1F9002002F0BEF9882002F0BBF9002051
:106E500002F0B8F9992002F0B5F9002002F0B2F979
:106E6000BB2002F0AFF9002002F0ACF9992002F04B
:106E7000A9F9002002F0A6F9662002F0A3F900208B
:106E800002F0A0F9552002F09DF9002002F09AF9D5
:106E9000552002F097F9002002F094F9452002F005
:106EA00091F9002002F08EF9432002F08BF90020C6
:106EB00002F088F9442002F085F9002002F082F9FE
:106EC000E72002F08BF9322002F07CF9002002F07A
:106ED00079F9552002F076F9002002F073F9762056
:106EE00002F070F9002002F06DF9662002F06AF9F4
:106EF000002002F067F9672002F064F9002002F038
:106F000061F9672002F05EF9002002F05BF987204A
:106F100002F058F9002002F055F9992002F052F9D8
:106F2000002002F04FF9BB2002F04CF9002002F0E3
:106F300049F9992002F046F9002002F043F9772040
:106F400002F040F9002002F03DF9442002F03AF945
:106F5000002002F037F9562002F034F9002002F048
:106F600031F9232002F02EF9002002F02BF9332012
:106F700002F028F9002002F025F9452002F022F95C
:106F8000002002F01FF9E82002F028F9002002F0AA
:106F900019F9002002F016F9992002F013F90020E7
:106FA00002F010F9872002F00DF9002002F00AF932
:106FB000882002F007F9002002F004F9772002F09F
:106FC00001F9002002F0FEF8662002F0FBF8002034
:106FD00002F0F8F8882002F0F5F8002002F0F2F84C
:106FE000AA2002F0EFF8002002F0ECF8BB2002F03B
:106FF000E9F8002002F0E6F8992002F0E3F800201A
:1070000002F0E0F8662002F0DDF8002002F0DAF885
:10701000552002F0D7F8002002F0D4F8552002F0F5
:10702000D1F8002002F0CEF8442002F0CBF8002086
:1070300002F0C8F8442002F0C5F8002002F0C2F8BF
:10704000552002F0BFF8002002F0BCF8E92002F061
:10705000C5F8AA2002F0B6F8002002F0B3F800202C
:1070600002F0B0F8002002F0ADF8002002F0B6F80F
:10707000AA2002F0A7F8CF2002F0B0F8002002F01A
:10708000A1F8002002F09EF8002002F09BF80020FA
:1070900002F098F8002002F095F8002002F092F833
:1070A000002002F08FF8002002F08CF8002002F09F
:1070B00089F8002002F086F8002002F083F8002012
:1070C00002F080F8002002F07DF8002002F07AF84B
:1070D000002002F077F8002002F074F8002002F09F
:1070E00071F8F02002F07AF8002002F06BF85020DE
:1070F00002F068F8002002F065F8002002F062F863
:10710000002002F05FF8F32002F068F8002002F09F
:1071100059F8F92002F062F8062002F053F8102026
:1071200002F050F8292002F04DF8002002F04AF851
:107130003A2002F053F8552002F044F8112002F0F2
:107140004DF86420F1F716F8292002F047F83520B1
:1071500002F044F8002002F035F8512002F03EF829
:10716000FF2002F02FF8532002F038F82C2002F014
:1071700029F8552002F032F8822002F023F82C2062
:1071800002F02CF810BD10B555214FF4704002F0FC
:107190003BF8AA214FF2010002F036F852214FF2DB
:1071A000020002F031F808214FF2030002F02CF83F
:1071B00001214FF2040002F027F80D214FF4304076
:1071C00002F022F80D214BF2010002F01DF80D2112
:1071D0004BF2020002F018F834214FF4364002F06E
:1071E00013F834214BF2016002F00EF834214BF217
:1071F000026002F009F80D214FF4314002F004F86A
:107200000D214BF2011001F0FFFF0D214BF2021096
:1072100001F0FAFF34214FF4374001F0F5FF34213B
:107220004BF2017001F0F0FF34214BF2027001F0DB
:10723000EBFF00214FF4324001F0E6FF00214BF25A
:10724000012001F0E1FF00214BF2022001F0DCFF00
:1072500024214FF4384001F0D7FF24214BF60100E0
:1072600001F0D2FF24214BF6020001F0CDFF0121F5
:107270004FF43F4001F0C8FF0F214FF4334001F0BD
:10728000C3FF0F214BF2013001F0BEFF0F214BF283
:10729000023001F0B9FF34214FF4394001F0B4FF5E
:1072A00034214BF6011001F0AFFF34214BF60210F0
:1072B00001F0AAFF08214FF4354001F0A5FF082195
:1072C0004BF2015001F0A0FF08214BF2025001F0F7
:1072D0009BFF03214FF4424001F096FF24214FF41D
:1072E0003A4001F091FF24214BF6012001F08CFF80
:1072F00024214BF6022001F087FF00214FF43C408F
:1073000001F082FF78214BF6014001F07DFF002162
:107310004BF6024001F078FF00214FF43D4001F0B0
:1073200073FF78214BF6015001F06EFF00214BF600
:10733000025001F069FF00214FF43E4001F064FF6C
:1073400064214BF6016001F05FFF00214FF45140D2
:1073500001F05AFF33214DF2011001F055FF0021D9
:107360004DF2021001F050FF34214DF2031001F0F4
:107370004BFF00214DF2041001F046FF3A214DF27F
:10738000051001F041FF00214DF2061001F03CFF15
:107390004A214DF2071001F037FF00214DF208108D
:1073A00001F032FF5C214DF2091001F02DFF0021A8
:1073B0004DF20A1001F028FF81214DF20B1001F06F
:1073C00023FF00214DF20C1001F01EFFA6214DF20B
:1073D0000D1001F019FF00214DF20E1001F014FF05
:1073E000E5214DF20F1001F00FFF01214DF21010B9
:1073F00001F00AFF13214DF2111001F005FF0121E8
:107400004DF2121001F000FF54214DF2131001F063
:10741000FBFE01214DF2141001F0F6FE82214DF227
:10742000151001F0F1FE01214DF2161001F0ECFEF5
:10743000CA214DF2171001F0E7FE02214DF218109B
:1074400001F0E2FE00214DF2191001F0DDFE0221F3
:107450004DF21A1001F0D8FE01214DF21B1001F07F
:10746000D3FE02214DF21C1001F0CEFE34214DF26C
:107470001D1001F0C9FE02214DF21E1001F0C4FEE4
:1074800067214DF21F1001F0BFFE02214DF22010C6
:1074900001F0BAFE84214DF2211001F0B5FE022167
:1074A0004DF2221001F0B0FEA4214DF2231001F0A4
:1074B000ABFE02214DF2241001F0A6FEB7214DF2E1
:1074C000251001F0A1FE02214DF2261001F09CFED4
:1074D000CF214DF2271001F097FE02214DF2281026
:1074E00001F092FEDE214DF2291001F08DFE022105
:1074F0004DF22A1001F088FEF2214DF22B1001F01E
:1075000083FE02214DF22C1001F07EFEFE214DF291
:107510002D1001F079FE03214DF22E1001F074FEC2
:1075200010214DF22F1001F06FFE03214DF23010AB
:1075300001F06AFE33214DF2311001F065FE0321A6
:107540004DF2321001F060FE6D214DF2331001F06A
:107550005BFE00214FF4524001F056FE33214DF204
:10756000012001F051FE00214DF2022001F04CFEFD
:1075700034214DF2032001F047FE00214DF204209A
:1075800001F042FE3A214DF2052001F03DFE0021BE
:107590004DF2062001F038FE4A214DF2072001F09D
:1075A00033FE00214DF2082001F02EFE5C214DF249
:1075B000092001F029FE00214DF20A2001F024FEED
:1075C00081214DF20B2001F01FFE00214DF20C2015
:1075D00001F01AFEA6214DF20D2001F015FE00214A
:1075E0004DF20E2001F010FEE5214DF20F2001F0CA
:1075F0000BFE01214DF2102001F006FE13214DF289
:10760000112001F001FE01214DF2122001F0FCFDDC
:1076100054214DF2132001F0F7FD01214DF2142009
:1076200001F0F2FD82214DF2152001F0EDFD012166
:107630004DF2162001F0E8FDCA214DF2172001F0AD
:10764000E3FD02214DF2182001F0DEFD00214DF294
:10765000192001F0D9FD02214DF21A2001F0D4FDCC
:1076600001214DF21B2001F0CFFD02214DF21C2023
:1076700001F0CAFD34214DF21D2001F0C5FD0221AB
:107680004DF21E2001F0C0FD67214DF21F2001F0D8
:10769000BBFD02214DF2202001F0B6FD84214DF208
:1076A000212001F0B1FD02214DF2222001F0ACFDBC
:1076B000A4214DF2232001F0A7FD02214DF2242048
:1076C00001F0A2FDB7214DF2252001F09DFD022120
:1076D0004DF2262001F098FDCF214DF2272001F038
:1076E00093FD02214DF2282001F08EFDDE214DF2A6
:1076F000292001F089FD02214DF22A2001F084FDAC
:10770000F2214DF22B2001F07FFD02214DF22C20C1
:1077100001F07AFDFE214DF22D2001F075FD0321CF
:107720004DF22E2001F070FD10214DF22F2001F0BE
:107730006BFD03214DF2302001F066FD33214DF247
:10774000312001F061FD03214DF2322001F05CFD9A
:107750006D214DF2332001F057FD00214FF45340CD
:1077600001F052FD33214DF2013001F04DFD0021B9
:107770004DF2023001F048FD34214DF2033001F0AA
:1077800043FD00214DF2043001F03EFD3A214DF25F
:10779000053001F039FD00214DF2063001F034FDD5
:1077A0004A214DF2073001F02FFD00214DF2083043
:1077B00001F02AFD5C214DF2093001F025FD002188
:1077C0004DF20A3001F020FD81214DF20B3001F025
:1077D0001BFD00214DF20C3001F016FDA6214DF2EB
:1077E0000D3001F011FD00214DF20E3001F00CFDC5
:1077F000E5214DF20F3001F007FD01214DF210306F
:1078000001F002FD13214DF2113001F0FDFC0121C8
:107810004DF2123001F0F8FC54214DF2133001F01A
:10782000F3FC01214DF2143001F0EEFC82214DF207
:10783000153001F0E9FC01214DF2163001F0E4FCB5
:10784000CA214DF2173001F0DFFC02214DF2183051
:1078500001F0DAFC00214DF2193001F0D5FC0221D3
:107860004DF21A3001F0D0FC01214DF21B3001F035
:10787000CBFC02214DF21C3001F0C6FC34214DF24C
:107880001D3001F0C1FC02214DF21E3001F0BCFCA4
:1078900067214DF21F3001F0B7FC02214DF220307C
:1078A00001F0B2FC84214DF2213001F0ADFC022147
:1078B0004DF2223001F0A8FCA4214DF2233001F05A
:1078C000A3FC02214DF2243001F09EFCB7214DF2C1
:1078D000253001F099FC02214DF2263001F094FC94
:1078E000CF214DF2273001F08FFC02214DF22830DC
:1078F00001F08AFCDE214DF2293001F085FC0221E5
:107900004DF22A3001F080FCF2214DF22B3001F0D3
:107910007BFC02214DF22C3001F076FCFE214DF271
:107920002D3001F071FC03214DF22E3001F06CFC82
:1079300010214DF22F3001F067FC03214DF2303061
:1079400001F062FC33214DF2313001F05DFC032186
:107950004DF2323001F058FC6D214DF2333001F020
:1079600053FC00214FF4544001F04EFC33214DF202
:10797000014001F049FC00214DF2024001F044FCBD
:1079800034214DF2034001F03FFC00214DF2044050
:1079900001F03AFC3A214DF2054001F035FC00219E
:1079A0004DF2064001F030FC4A214DF2074001F053
:1079B0002BFC00214DF2084001F026FC5C214DF229
:1079C000094001F021FC00214DF20A4001F01CFCAD
:1079D00081214DF20B4001F017FC00214DF20C40CB
:1079E00001F012FCA6214DF20D4001F00DFC00212A
:1079F0004DF20E4001F008FCE5214DF20F4001F080
:107A000003FC01214DF2104001F0FEFB13214DF269
:107A1000114001F0F9FB01214DF2124001F0F4FB9D
:107A200054214DF2134001F0EFFB01214DF21440BF
:107A300001F0EAFB82214DF2154001F0E5FB012146
:107A40004DF2164001F0E0FBCA214DF2174001F063
:107A5000DBFB02214DF2184001F0D6FB00214DF274
:107A6000194001F0D1FB02214DF21A4001F0CCFB8C
:107A700001214DF21B4001F0C7FB02214DF21C40D9
:107A800001F0C2FB34214DF21D4001F0BDFB02218B
:107A90004DF21E4001F0B8FB67214DF21F4001F08E
:107AA000B3FB02214DF2204001F0AEFB84214DF2E8
:107AB000214001F0A9FB02214DF2224001F0A4FB7C
:107AC000A4214DF2234001F09FFB02214DF22440FE
:107AD00001F09AFBB7214DF2254001F095FB022100
:107AE0004DF2264001F090FBCF214DF2274001F0EE
:107AF0008BFB02214DF2284001F086FBDE214DF286
:107B0000294001F081FB02214DF22A4001F07CFB6B
:107B1000F2214DF22B4001F077FB02214DF22C4077
:107B200001F072FBFE214DF22D4001F06DFB0321AF
:107B30004DF22E4001F068FB10214DF22F4001F074
:107B400063FB03214DF2304001F05EFB33214DF227
:107B5000314001F059FB03214DF2324001F054FB5A
:107B60006D214DF2334001F04FFB00214FF45540A1
:107B700001F04AFB33214DF2015001F045FB002199
:107B80004DF2025001F040FB34214DF2035001F060
:107B90003BFB00214DF2045001F036FB3A214DF23F
:107BA000055001F031FB00214DF2065001F02CFB95
:107BB0004A214DF2075001F027FB00214DF20850F9
:107BC00001F022FB5C214DF2095001F01DFB002168
:107BD0004DF20A5001F018FB81214DF20B5001F0DB
:107BE00013FB00214DF20C5001F00EFBA6214DF2CB
:107BF0000D5001F009FB00214DF20E5001F004FB85
:107C0000E5214DF20F5001F0FFFA01214DF2105025
:107C100001F0FAFA13214DF2115001F0F5FA0121A9
:107C20004DF2125001F0F0FA54214DF2135001F0D0
:107C3000EBFA01214DF2145001F0E6FA82214DF2E7
:107C4000155001F0E1FA01214DF2165001F0DCFA75
:107C5000CA214DF2175001F0D7FA02214DF2185007
:107C600001F0D2FA00214DF2195001F0CDFA0221B3
:107C70004DF21A5001F0C8FA01214DF21B5001F0EB
:107C8000C3FA02214DF21C5001F0BEFA34214DF22C
:107C90001D5001F0B9FA02214DF21E5001F0B4FA64
:107CA00067214DF21F5001F0AFFA02214DF2205032
:107CB00001F0AAFA84214DF2215001F0A5FA022127
:107CC0004DF2225001F0A0FAA4214DF2235001F010
:107CD0009BFA02214DF2245001F096FAB7214DF2A1
:107CE000255001F091FA02214DF2265001F08CFA54
:107CF000CF214DF2275001F087FA02214DF2285092
:107D000001F082FADE214DF2295001F07DFA0221C4
:107D10004DF22A5001F078FAF2214DF22B5001F089
:107D200073FA02214DF22C5001F06EFAFE214DF251
:107D30002D5001F069FA03214DF22E5001F064FA42
:107D400010214DF22F5001F05FFA03214DF2305017
:107D500001F05AFA33214DF2315001F055FA032166
:107D60004DF2325001F050FA6D214DF2335001F0D6
:107D70004BFA00214FF4564001F046FA33214DF200
:107D8000016001F041FA00214DF2026001F03CFA7D
:107D900034214DF2036001F037FA00214DF2046006
:107DA00001F032FA3A214DF2056001F02DFA00217E
:107DB0004DF2066001F028FA4A214DF2076001F009
:107DC00023FA00214DF2086001F01EFA5C214DF209
:107DD000096001F019FA00214DF20A6001F014FA6D
:107DE00081214DF20B6001F00FFA00214DF20C6081
:107DF00001F00AFAA6214DF20D6001F005FA00210A
:107E00004DF20E6001F000FAE5214DF20F6001F035
:107E1000FBF901214DF2106001F0F6F913214DF24A
:107E2000116001F0F1F901214DF2126001F0ECF95D
:107E300054214DF2136001F0E7F901214DF2146075
:107E400001F0E2F982214DF2156001F0DDF9012126
:107E50004DF2166001F0D8F9CA214DF2176001F019
:107E6000D3F902214DF2186001F0CEF900214DF254
:107E7000196001F0C9F902214DF21A6001F0C4F94C
:107E800001214DF21B6001F0BFF902214DF21C608F
:107E900001F0BAF934214DF21D6001F0B5F902216B
:107EA0004DF21E6001F0B0F967214DF21F6001F044
:107EB000ABF902214DF2206001F0A6F984214DF2C8
:107EC000216001F0A1F902214DF2226001F09CF93C
:107ED000A4214DF2236001F097F902214DF22460B4
:107EE00001F092F9B7214DF2256001F08DF90221E0
:107EF0004DF2266001F088F9CF214DF2276001F0A4
:107F000083F902214DF2286001F07EF9DE214DF265
:107F1000296001F079F902214DF22A6001F074F92B
:107F2000F2214DF22B6001F06FF902214DF22C602D
:107F300001F06AF9FE214DF22D6001F065F903218F
:107F40004DF22E6001F060F910214DF22F6001F02A
:107F50005BF903214DF2306001F056F933214DF207
:107F6000316001F051F903214DF2326001F04CF91A
:107F70006D214DF2336001F047F955214FF4704007
:107F800001F042F9AA214FF2010001F03DF952211E
:107F90004FF2020001F038F908214FF2030001F01E
:107FA00033F900214FF2040001F02EF9CC214FF4F7
:107FB000314001F029F900214BF2011001F024F9C0
:107FC00005214FF4364001F01FF970214FF437407E
:107FD00001F01AF970214BF2017001F015F901213D
:107FE0004FF4384001F010F903214BF6010001F085
:107FF0000BF903214BF6020001F006F903214BF6C1
:10800000030001F001F902214FF43C4001F0FCF8BB
:1080100000214BF6014001F0F7F800214BF6024039
:1080200001F0F2F8D0214FF4494001F0EDF80221BF
:108030004CF6011001F0E8F850214CF6021001F066
:10804000E3F850214CF6031001F0DEF850214CF615
:10805000041001F0D9F800214FF4545001F0D4F885
:1080600055214FF4685001F0CFF84FF4885001F0DB
:10807000B5F87820F0F78AF84FF4245001F0AEF804
:1080800010BD10B5E22001F0A9F81D2001F09AF80A
:10809000022001F097F8042001F094F86420F0F732
:1080A00075F8E02001F09AF8012001F08BF80A2021
:1080B000F0F760F8E02001F091F8032001F082F879
:1080C0000C20F0F757F8012001F088F80A20F0F7AB
:1080D00051F8E62001F082F82F2001F073F8FF201C
:1080E00001F070F8FF2001F06DF8B02001F076F893
:1080F000202001F067F8002001F064F8032001F06F
:1081000061F840F21F3001F05DF8012001F05AF8EB
:1081100040F2DF1001F056F8002001F053F8B420CF
:1081200001F05CF8042001F04DF840F21F4001F02E
:1081300049F8002001F046F82E2001F043F8002015
:1081400001F040F8002001F03DF8002001F03AF87D
:10815000002001F037F8B62001F040F8022001F0CD
:1081600031F84FF4037001F02DF8002001F02AF8E7
:10817000172001F027F8152001F024F8002001F065
:1081800021F8002001F01EF8F02001F027F803206C
:1081900001F018F8292001F021F8D02001F01EF894
:1081A000002001F00FF8BE2001F018F8052001F0C2
:1081B00009F8FE2001F006F8012001F003F8002084
:1081C00001F000F8002000F0FDFF002000F0FAFFB1
:1081D000B82001F003F8032000F0F4FF012000F0C4
:1081E000F1FFBA2000F0FAFF012000F0EBFF10BD14
:1081F00010B5112000F0F2FF7820EFF7BBFF36201A
:1082000000F0ECFF002000F0DDFF3A2000F0E6FF78
:10821000052000F0D7FFB22000F0E0FF0C2000F0B6
:10822000D1FF0C2000F0CEFF002000F0CBFF332068
:1082300000F0C8FF332000F0C5FFB72000F0CEFFEC
:10824000352000F0BFFFBB2000F0C8FF322000F057
:10825000B9FFC02000F0C2FF0C2000F0B3FFC22025
:1082600000F0BCFF012000F0ADFFC32000F0B6FF1E
:10827000102000F0A7FFC42000F0B0FF202000F085
:10828000A1FFC62000F0AAFF0F2000F09BFFD02026
:1082900000F0A4FFA42000F095FFA12000F092FFC1
:1082A000E02000F09BFFD02000F08CFF002000F0C9
:1082B00089FF022000F086FF072000F083FF0A20DC
:1082C00000F080FF282000F07DFF322000F07AFFD0
:1082D000442000F077FF422000F074FF062000F0F9
:1082E00071FF0E2000F06EFF122000F06BFF1420D3
:1082F00000F068FF172000F065FFE12000F06EFF3E
:10830000D02000F05FFF002000F05CFF022000F0B2
:1083100059FF072000F056FF0A2000F053FF2820E5
:1083200000F050FF312000F04DFF542000F04AFFD4
:10833000472000F047FF0E2000F044FF1C2000F013
:1083400041FF172000F03EFF1B2000F03BFF1E20E6
:1083500000F038FF2A2000F041FF002000F032FF3B
:10836000002000F02FFF002000F02CFFEF2000F095
:1083700029FF2B2000F032FF002000F023FF002017
:1083800000F020FF012000F01DFF3F2000F01AFF49
:10839000292000F023FF10BD10B5112000F01EFFB2
:1083A0007820EFF7E7FE362000F018FF482000F0B5
:1083B00009FF3A2000F012FF552000F003FFF020E3
:1083C00000F00CFFC32000F0FDFEF02000F006FFDF
:1083D000962000F0F7FEB42000F000FF012000F02E
:1083E000F1FEB62000F0FAFE0A2000F0EBFEA2201B
:1083F00000F0E8FEB72000F0F1FEC62000F0E2FE3B
:10840000B92000F0EBFE022000F0DCFEE02000F0DE
:10841000D9FEC02000F0E2FE802000F0D3FE16203E
:1084200000F0D0FEC12000F0D9FE192000F0CAFEF5
:10843000C22000F0D3FEA72000F0C4FEC52000F04B
:10844000CDFE162000F0BEFEE82000F0C7FE402062
:1084500000F0B8FE8A2000F0B5FE002000F0B2FE69
:10846000002000F0AFFE292000F0ACFE192000F043
:10847000A9FEA52000F0A6FE332000F0A3FEE02018
:1084800000F0ACFEF02000F09DFE072000F09AFE08
:108490000D2000F097FE042000F094FE052000F06F
:1084A00091FE142000F08EFE362000F08BFE54204A
:1084B00000F088FE4C2000F085FE382000F082FE9F
:1084C000132000F07FFE142000F07CFE2E2000F030
:1084D00079FE342000F076FEE12000F07FFEF020EF
:1084E00000F070FE102000F06DFE142000F06AFE17
:1084F0000E2000F067FE0C2000F064FE082000F063
:1085000061FE352000F05EFE442000F05BFE4C2052
:1085100000F058FE262000F055FE102000F052FE1C
:10852000122000F04FFE2C2000F04CFE322000F014
:1085300049FEF02000F052FE3C2000F043FEF02007
:1085400000F04CFE692000F03DFE7820EFF712FEAF
:10855000212000F043FE292000F040FE10BD000065
:108560002DE9F04F05460E4617469846DDF824A043
:108570004FF0000B781B401C1FFA80FB344613E0C1
:108580002146284600F0D0FB00F034FE4FF00009F1
:1085900006E00749A1F800A009F101001FFA80F9DF
:1085A000D945F6DB601C84B24445E9DDBDE8F08FB7
:1085B0008000006C00B595B000BF00BF00200190A6
:1085C000F848006840F04000F64908600846006836
:1085D00000F04000019000BF00BF00BF00BF00BF1F
:1085E000002001900846006840F008000860084636
:1085F000006800F00800019000BF00BF00BF00BF8E
:1086000000BF002001900846006840F008000860A4
:108610000846006800F00800019000BF00BF00BFDE
:1086200000BF00BF002001900846006840F04000F5
:1086300008600846006800F04000019000BF00BFDD
:1086400000BF00BF00BF002001900846006840F056
:10865000020008600846006800F00200019000BFB8
:1086600000BF00BF881410900220119001201290CA
:10867000022013900C20149010A9CB48E9F758FA67
:108680002020109010A9C948E9F752FA1020109044
:1086900010A9C648E9F74CFA4FF48050109010A981
:1086A000C348E9F745FA4FF40040109001201190BB
:1086B00010A9C048E9F73CFA4FF02040BE490860D5
:1086C000BE484860062088600021BB48C160102178
:1086D000416100218161C16141624FF48051816239
:1086E0000021C1624FF48041016300214163816335
:1086F0000F20099000200A903C200B9000200F9042
:108700000920029000200390092004900020089086
:1087100002AA09A9A848E9F76DFF3220EFF72AFD60
:10872000D32000F05BFD00F0D5F9A549888000F06A
:10873000D1F9A349888000F0CDF9A1498880084685
:1087400080884FF6FF7101EA00209D49888000F083
:10875000C1F99B49898808439949888008468088DF
:1087600049F2413188427CD0042000F037FD00F00E
:10877000B1F99349888000F0ADF99149888000F003
:10878000A9F98F498880084680884FF6FF7101EA71
:1087900000208B49888000F09DF989498988084329
:1087A000874988800846808848F25251884203D120
:1087B00047F28970824988808148808847F28971B0
:1087C0008842D0D0D42000F009FD00F083F97C4924
:1087D000888000F07FF97A49888000F07BF9784939
:1087E0008880084680884FF6FF7101EA00207449AE
:1087F000888000F06FF97249898808437049888041
:108800000846808845F210318842ACD0D32000F071
:10881000E5FC00F05FF96A49888000F05BF968497F
:10882000888000F057F966498880084680884FF6AE
:10883000FF7101EA00206249888000F04BF960492D
:10884000898808435E4988800846808847F2967187
:10885000884288D055214FF4704000F0D5FCAA2101
:1088600000E07EE04FF2010000F0CEFC52214FF21A
:10887000020000F0C9FC08214FF2030000F0C4FC24
:1088800001214FF2040000F0BFFC4FF4454000F01E
:10889000A5FC00F01FF94A498880084680884FF6F9
:1088A000FF7101EA0020464988804CF2015000F037
:1088B00095FC00F00FF942498988084340498880B7
:1088C0000520EFF757FC3E48808845F2105188425A
:1088D00047D0D32000F082FC00F0FCF838498880B3
:1088E00000F0F8F83649888000F0F4F834498880C0
:1088F000084680884FF6FF7101EA002030498880E1
:1089000000F0E8F82E49898808432D4988800846F8
:10891000808849F60601884223D0A12000F05EFC41
:1089200000F0D8F82649888000F0D4F824498880DF
:10893000084680884FF6FF7101EA002020498880B0
:1089400000F0C8F81E49898808431D4988800846F8
:10895000808845F26171884203D141F6631018495D
:1089600088801748818817A0E7F792FD144880880F
:1089700047F28971884202D1FFF73AFC4EE0104875
:10898000808849F24131884202D1FDF7CDF945E0B6
:108990000B48808845F21031884219D1FDF77AFCE6
:1089A0003CE000003038024000180240000C024059
:1089B000001402400004024018040020040100A03A
:1089C000680400204C43442049443A25780D0A00AD
:1089D0003A48808847F29671884202D1FFF7DCFC62
:1089E0001CE03648808845F21051884202D1FEF7DB
:1089F000CAFB13E03148808849F60601884202D15B
:108A0000FDF7A8FA0AE02D48808841F663118842F4
:108A100004D1FFF736FB642000F0A4FB27488088D0
:108A200047F2897188420BD02448808849F241314D
:108A3000884205D02148808841F6631188420AD1D6
:108A40000320029004901E490B6B8A68486802A9B3
:108A5000E8F790FF21E01948808845F210318842FC
:108A600011D01648808847F2967188420BD013487F
:108A7000808845F21051884205D01048808849F618
:108A80000601884209D10220029004900C490B6B28
:108A90008A68486802A9E8F76DFF0020FCF7AAFF82
:108AA00000BF0122D1030748E9F756F900BF4FF68E
:108AB000FF70FCF785FF15B000BD000068040020C2
:108AC000180400200004024000BF011EA0F10100B4
:108AD000FBD1704708B50220FFF7F6FF0248008877
:108AE0000090BDF8000008BD8000006CF0B50546A0
:108AF000002400278B488079012805D18948808887
:108B000041F66311884208D186488079F0B98548DA
:108B1000808841F66311884218D1082D15D2DFE80C
:108B200005F00406080A0C0E101206250DE00725B4
:108B30000BE0042509E0052507E0012505E00025F7
:108B400003E0032501E0022500BF00BF082D1CD271
:108B5000DFE805F00406090C0F12151800BF14E039
:108B600044F0800411E044F040040EE044F0C004FE
:108B70000BE044F0200408E044F0600405E044F019
:108B8000A00402E044F0E00400BF00BF36276548BF
:108B9000808845F21051884200D13F0261488088A8
:108BA00049F2413188420BD05E48808847F2897192
:108BB000884205D05B48808847F29671884201D18F
:108BC00044F008042146384600F01EFB55488088D2
:108BD00041F6631188421DD004F0200068B151486D
:108BE000008850494988884214DA4E4806884088EF
:108BF0004C490880084646800CE04A4800884949AC
:108C00004988884206DD47480688408845490880EB
:108C1000084646804348808845F21051884252D128
:108C20004049488900F0DAFA002000F0CBFA3D49CB
:108C30004989491C88B200F0D1FA002000F0C2FA3C
:108C400038494989891C88B200F0C8FA3549098831
:108C5000491EC1F30F2000F0B5FA32494989C91CF9
:108C600088B200F0BBFA2F490978491EC8B200F05B
:108C7000A9FA2C49888900F0B1FA002000F0A2FA84
:108C800028498989491C88B200F0A8FA002000F020
:108C900099FA24498989891C88B200F09FFA2149F0
:108CA0004988491EC1F30F2000F08CFA1D498989BB
:108CB000C91C88B200F092FA1A498978491EC8B2D4
:108CC00000F080FA2DE01749488900F087FA00206B
:108CD00000F078FA002000F075FA12490988491E60
:108CE000C1F30F2000F06EFA0E490978491EC8B290
:108CF00000F068FA0B49888900F070FA002000F053
:108D000061FA002000F05EFA06494988491EC1F365
:108D10000F2000F057FA03498978491EC8B200F0C5
:108D200051FAF0BD6804002010B502460C464548D3
:108D3000808841F66311884247D142488079A8B9BA
:108D400040480088401E801A82B23E49488900F09F
:108D500045FA002000F036FA002000F033FA101235
:108D600000F030FAD0B200F02DFA16E0354948890B
:108D700000F034FA101200F025FAD0B200F022FA16
:108D800030490988491EC1F30F2000F01BFA2D4914
:108D90000978491EC8B200F015FA2A49888900F0FE
:108DA0001DFA201200F00EFAE0B200F00BFA25498D
:108DB0004988491EC1F30F2000F004FA214989783F
:108DC000491EC8B200F0FEF93AE01E48808845F21C
:108DD0001051884220D11B49488900F0FFF9101238
:108DE00000F0F0F917494989491C88B200F0F6F9FA
:108DF000D0B200F0E7F91349888900F0EFF92012AA
:108E000000F0E0F90F498989491C88B200F0E6F9C1
:108E1000E0B200F0D7F913E00A49488900F0DEF922
:108E2000101200F0CFF9D0B200F0CCF905498889D2
:108E300000F0D4F9201200F0C5F9E0B200F0C2F958
:108E400010BD0000680400202DE9F04104460D46E5
:108E50001E46A018401E87B2A819401E1FFA80F8AF
:108E60005448808841F66311884231D15148807955
:108E700001282DD04F480088801A001B84B2A81901
:108E8000401E86B24B49488900F0A8F9201200F034
:108E900099F9E0B200F096F9A118491EC1F30F202C
:108EA00000F090F9A118491EC8B200F08BF94149B1
:108EB000888900F093F9281200F084F9E8B200F0F4
:108EC00081F9301200F07EF9F0B200F07BF96EE02B
:108ED0003848808845F21051884246D13549488942
:108EE00000F07CF9201200F06DF932494989491CE3
:108EF00088B200F073F9E0B200F064F92D494989B5
:108F0000891C88B200F06AF9381200F05BF929492F
:108F10004989C91C88B200F061F9F8B200F052F931
:108F20002449888900F05AF9281200F04BF92149A8
:108F30008989491C88B200F051F9E8B200F042F981
:108F40001C498989891C88B200F048F94FEA282019
:108F500000F038F917498989C91C88B200F03EF938
:108F600008F0FF0000F02EF921E01249488900F0D6
:108F700035F9201200F026F9E0B200F023F938129A
:108F800000F020F9F8B200F01DF90A49888900F0D4
:108F900025F9281200F016F9E8B200F013F94FEAAB
:108FA000282000F00FF908F0FF0000F00BF9BDE8F1
:108FB000F0810000680400202DE9FC4F80460E4639
:108FC00015461C46B3460020019000902046E3174A
:108FD00004EB5373DB1021464FEAE47C04EB5C7C2A
:108FE0004FEAEC0CA4EBCC0CBCF1000F02D04FF01C
:108FF000010C01E04FF0000C6344224604EBD27CEC
:109000004FEA6C0C03FB0CF3DBB20193A5F12000DB
:10901000C5B20C2C06D0102C0BD0182C0ED0202C46
:1090200018D112E005EB45002D4901EB80000090BE
:1090300012E02C4800EB051000900DE005EBC50098
:10904000294901EB8000009006E0284800EB8510DC
:10905000009001E0BDE8FC8F00BF00273AE00098D7
:1090600010F807904FF0000A2EE009F0800028B1B8
:10907000314640460C9AFCF747FE07E00B9828B9AA
:109080001B48314602684046FCF73EFE4FEA496005
:109090004FEA1069701C86B216484088B04200DC66
:1090A000D8E7A6EB0B00A0420AD15E4608F101000A
:1090B0001FFA80F80F480088404500DCCAE706E048
:1090C0000AF1010000F0FF0ABAF1080FCDDB00BF82
:1090D000781CC7B201988742C1DB00BFBAE7000025
:1090E000368A0308AA8E03089A940308F6A1030897
:1090F0002C000020680400202DE9FC4F04460D469A
:1091000090469946DDE90C7A0B9E04F0FF0B08EBC4
:1091100004001FFA80F809EB05001FFA80F917E038
:10912000444502DB5C46A81985B24D4500DB15E0DD
:109130000020CDE9000A3A78334629462046FFF759
:109140003BFF304606EBD07104EB61018CB27F1C13
:1091500038787E2802DC38782028E1DA00BFBDE8C4
:10916000FC8F000070B52DED048B0446BE2000F08E
:1091700035F8052000F026F820461FF0C5FA41EC2E
:10918000190B9FED0E0B53EC102B1FF00DFB41EC58
:10919000180B1FF075FA85B2284600F013F801206D
:1091A00000F010F8FF2000F00DF8002000F00AF8A1
:1091B000002000F007F8BDEC048B70BD66666666A3
:1091C0006666044001B5BDF800000090BDF80000DF
:1091D0000149088008BD00008000006C01B5BDF8A1
:1091E00000000090BDF800000149088008BD0000A3
:1091F0007E00006C02480089024908807047000028
:10920000680400207E00006C034A10804FF0D842B2
:10921000A2F88010704700007E00006C00B587B097
:1092200000BF00BF002001902048006840F02000EF
:109230001E4908600846006800F02000019000BF49
:1092400000BF00BF00BF00BF0020019008460068BB
:1092500040F0200008600846006800F020000190FF
:1092600000BF00BF00BF481502900120039004908A
:109270000220059002A90E48E8F75AFC4FF48060DE
:10928000029002A90A48E8F753FC00BF01225102EC
:109290000748E8F761FD00BF00BF012291020448C2
:1092A000E8F75AFD00BF07B000BD000030380240AB
:1092B0000014024000BF0AE000BF4FF400710448F0
:1092C000E8F740FD00BF4FF47A701DF0DFFEF3E7D2
:1092D000001402402DE9F04F85B007468B469146B9
:1092E0001E460E9DE86900FB0BF080120490E869B1
:1092F00000280DDD0498484516DD95F82800C0F3D8
:10930000400018B1012005B0BDE8F08F0020FAE759
:109310000498484508DA95F82800C0F3400008B1E1
:109320000120F0E70020EEE70BEB0601E869484377
:1093300080120490E86900280BDD0498484514DA8F
:1093400095F82800C0F3400008B10020DBE70120B9
:10935000D9E70498484508DD95F82800C0F3400097
:1093600008B10020CFE70120CDE7E869002806DD3D
:109370004FEA0920A96948438012039006E009F1E9
:1093800001000002A969484380120390039800126B
:1093900002900398C0B20190019810B94FF0FF08F5
:1093A00007E00198C0F1FF00696A4843FF21A1EB83
:1093B00020280298A0EB0B040198D8B1002C18DBF0
:1093C000B44216DA0198C0F1FF00C8F1FF0148432A
:1093D000FF21A1EB602000F0FF0A95F82800C0F300
:1093E000400008B1CAF1FF0A385D514616F02DFD64
:1093F0003855641C1BE0002C12DBB44210DAA88C38
:10940000A8EB600000F0FF0A95F82800C0F34000C8
:1094100008B1CAF1FF0A385D514616F016FD3855FD
:10942000686AA8EB0008641CB44200DB02E0686ACA
:109430004045E0DB00BFB4421DDA002C1BDBA8690D
:1094400000FB08F080120090009800FB08F0C0F3C9
:10945000472AE869002801DACAF1FF0A95F82800CE
:10946000C0F3400008B1CAF1FF0A385D514616F05A
:10947000ECFC385500BF95F82800C0F3400068B1F7
:109480000298A0EB0B04B44201DD00203BE7002C66
:109490000FDB214638460CF01EF80AE0641C002C55
:1094A00001DA00202FE7B44203DC311B38190CF03D
:1094B00012F8022027E72DE9FF4F87B007468A46BA
:1094C0001E46149DA8690999484380120690A86910
:1094D000002802DD0698401C0690069850450ADADE
:1094E00095F82800C0F3400018B101200BB0BDE88A
:1094F000F08F0020FAE7A869099948438012069086
:109500000AEB06010698814208DA95F82800C0F3B4
:10951000400008B10020E9E70120E7E709980002D0
:10952000A96948438012059005984FEA202B0598B9
:10953000C0B204900998401C0002A96948438012F7
:1095400003900398001202900398C0B20190ABEB15
:109550000A040298834509D0A869002806DA04980D
:1095600020B9FF200490DDF808B0641E02988345FE
:1095700034D1002C12DBB44210DA0199049808446B
:10958000C0F3470895F82800C0F3400008B1C8F1BF
:10959000FF08385D414616F058FC3855641C95F8B4
:1095A0002800C0F3400060B1ABEB0A04B44201DB19
:1095B00000209BE7002C03DB214638460BF08BFF95
:1095C000C9E0B44200DD34460CB900208EE7002C1F
:1095D000F6DD311B38190BF07EFFBCE0A8690028CE
:1095E0005ADAE8694042049948434FEAA029002C1E
:1095F00012DBB44210DA049809FB00F0C0F34728EC
:1096000095F82800C0F3400008B1C8F1FF08385DA4
:10961000414616F01AFC3855641EC9F1FF00A969CD
:109620004942484380120090002C16DBB44214DA01
:10963000C9F1FF0000994843FF21A1EB602000F031
:10964000FF0895F82800C0F3400008B1C8F1FF08F2
:10965000385D414616F0F9FB3855A41C95F82800F2
:10966000C0F3400068B1ABEB0A00441EB44201DD18
:10967000344610E0002C0EDD214638460BF02BFF5F
:1096800009E0B44201DD012030E7002C03DB311B8F
:1096900038190BF020FF5DE00498C0F1FF00E96984
:1096A00048434FEAA029002C17DBB44215DA04988E
:1096B000C0F1FF0000FB09F0FF21A1EB602000F0EA
:1096C000FF0895F82800C0F3400008B1C8F1FF0872
:1096D000385D414616F0B9FB3855641CC9F1FF00EE
:1096E000A969484380120090002C13DBB44211DAC0
:1096F000C9F1FF0000994843C0F3472895F82800B6
:10970000C0F3400008B1C8F1FF08385D414616F0CB
:109710009CFB3855641C95F82800C0F3400060B1EC
:10972000ABEB0A04B44201DD0020DFE6002C10DBC5
:10973000214638460BF0CFFE0BE0B44200DD344644
:109740000CB90020D2E6002C03DD311B38190BF0D8
:10975000C2FE00BF00BF0220C8E62DE9F843044660
:1097600027467D6AA84609F081FC0646C6B1304608
:1097700009F0D1FC012804D0304609F0CCFC0328C4
:109780000ED16946304609F08BFCBDF9021028461F
:10979000F8F7F0FDA8F83A0020460FF084FF00BF6C
:1097A000BDE8F8832DE9FC470546A846D8F82470A3
:1097B0003C4609F05BFC8146484609F0ACFC0428B5
:1097C0000ED1E08E208738460DF0CEFD8246504601
:1097D00008F09CF918B10021504608F03AFA00BF91
:1097E000484609F098FC012804D0484609F093FC4B
:1097F00003280CD16946484609F052FCBDF9021015
:109800003846F8F7B7FDE086E08E208700BF38467F
:1098100006F07DFEA06A10B938460FF044FFE08ED6
:10982000019001AA1C21384607F0E2FA0646012EF3
:1098300002D03046BDE8FC870120FBE72DE9F0416E
:1098400005460E464FF000081148EAF7CCFF0446E3
:1098500018E021460E48EAF7DEFF07462068A842D6
:1098600000D075B96068B04200D056B921460848AA
:10987000EBF738F820460BF00BFCECF707FB4FF04A
:1098800001083C46002CE4D14046BDE8F0810000D0
:1098900090C5002070B506460D460B48EAF7A3FFB9
:1098A00004460DE02068B04205D16068A84200D0AF
:1098B0000DB9204670BD21460348EAF7ACFF0446C7
:1098C000002CEFD10020F5E790C5002010B504462C
:1098D000402120460BF0FFFD4FF4FA70A0620020FB
:1098E000E061642060620120A0870548A06194F8CF
:1098F0003E0020F00100401C84F83E0010BD000036
:109900008B990108F8B504464FF48060009000235D
:109910001946D4E90A200BF0D9FA06464FF48060C4
:109920004FF46E73322200210090304601F096F918
:109930000746E169606A401A00FB07F5AD12E0696D
:1099400005442846F8BDF8B504464FF48060009001
:1099500000231946D4E90A200BF0B8FA06464FF462
:10996000806040F2B6334FF46172002100903046BF
:1099700001F074F90746E169606A401A00FB07F5D7
:10998000AD12E06905442846F8BDF8B504464FF429
:109990008060009000231946D4E90A200BF096FA63
:1099A0000646E169606A401A00FB06F5AD12E069FF
:1099B00005442846F8BD0146D1E90A20904201DB62
:1099C000486A7047C869FCE74A42C2627047416012
:1099D0007047416070474160704741607047416027
:1099E0007047816170478161704741637047C16012
:1099F0007047C1607047818770478162704781629C
:109A000070478162704781627047C1610162426242
:109A10007047C161016242627047C1610162426286
:109A20007047C161016242627047C1610162426276
:109A3000704701607047016070470160704730B542
:109A400003468D1A002D01DD8D1A00E0551A2C46B3
:109A50004FF47A756543B5FBF3F000B9401C30BD97
:109A600070B50546686818B1D5E90001FFF7E6FE54
:109A70002148EAF72BFF18B115F01FF81F490860BD
:109A80001D48EAF7E3FE044600BF1CB900BF00BF53
:109A900000BFFEE700BF0CB9002070BD4022294680
:109AA00020460BF07EFB2868A84200D124601448B1
:109AB000017814F83E0F61F38200207014F83E091B
:109AC00000F00100A0B1206950B12046216988470B
:109AD0000646E0693044E061606A3044606200BF7D
:109AE000606828B1206818B1D4E90002E1699047A4
:109AF000ECF7CCF92046D0E790C500208C0200207E
:109B00009102002070B506460C4625460020A88428
:109B1000872068852D20A8858720E8844000288537
:109B2000A88E20F00600A8864FF40040E885A88E95
:109B300020F008000830A886002028866420688667
:109B4000A88E20F00100A8864FF43470E88614F047
:109B5000B4FFA863288D00B2A887022120460CF02C
:109B6000A5F84FF4407120460CF0C5FD0D212046AC
:109B700010F09CFE70BD00002DE9F04FABB08346A5
:109B8000584607F02FF982465446584607F0D1F858
:109B90002A9028AA29A95046F8F775FA16A82A99F2
:109BA0000DF08CF8BDF9A000002831DD12A803F0FB
:109BB00002FD12AA002150460FF02AFA002023903D
:109BC000634817900020189029A81F90BDF9A000A5
:109BD000ADF8940012A81E9016AA1A21504607F05C
:109BE00007F9A08DA18C084480B2618DA28C11442C
:109BF00089B2CDE90010BDF8940083B229AA12A958
:109C00002A9803F0BAFC16AA1B21504607F0F0F878
:109C10004FF4003150460EF044FD06464FF400313B
:109C200050460EF0E7FD07464FF4003150460EF067
:109C3000A4FE80464FF4003150460EF055FC054618
:109C4000BE4201DD304600E03846A84501DD414610
:109C500000E02946884205DDBE4201DD304606E0CF
:109C6000384604E0A84501DD404600E02846BDF83E
:109C7000A010081A0FFA80F9B9F1000F3BDD12A805
:109C800003F099FC12AA4FF4003150460FF0C0F9CE
:109C90004FF4003023902E4817900120189029A8E7
:109CA0001F90ADF8949012A81E9016AA1A21504643
:109CB00007F09EF8BDF94A00BDF99410884203DD13
:109CC000BDF89400ADF84A00208DA18C084480B204
:109CD000E18CA28C114489B2CDE90010BDF894004A
:109CE00083B229AA12A92A9803F047FC16AA1B21BD
:109CF000504607F07DF810ABBDF9A02029A95046C9
:109D0000F8F7A6FC02A805F0CDFA02AA4FF44031FC
:109D100050460FF019FB4FF4403023900C48179039
:109D20000220189010A8199002A81A9016AA1A21B9
:109D3000504607F05DF810AA02A92A9805F096FA95
:109D400016AA1B21504607F053F82BB0BDE8F08F40
:109D50009CF903082DE9F34F8DB0FB480E990DF0E7
:109D6000D3F90C900C98012802D00FB0BDE8F08F09
:109D70000E9806F0D6FF06460E9807F033F80B90C3
:109D80000E9807F02FF80446022E7DD109F06EF9E7
:109D90000A900A9800B9E8E70A9809F0BCF9099016
:109DA0000998012800D0E0E708A90A9809F078F995
:109DB00006AA07A90B98F8F766F9BDF82000BDF8C8
:109DC0001C10401A00B2ADF82000BDF82200BDF80A
:109DD0001E10401A00B2ADF8220094F8340000F0D2
:109DE000010000284BD14FF400310B980EF070F9B0
:109DF0000190BDF818100198081A00B206904FF4AF
:109E000080310B980FF0B2F830B1BDF818100198FE
:109E1000081A00B2069015E0BDF91810CA1701EB38
:109E200092729310019A934206DDBDF91800C21791
:109E300000EB9272921000E0019ABDF818309A1A65
:109E400012B20692BDF91800012801DA012006902D
:109E5000BDF8200010FB00F0BDF8221011FB01003E
:109E6000BDF8181011FB01F1884207DDA08E20F02B
:109E70000100401CA08614F020FEA06300BF94F8EF
:109E8000340000F0010000E0BBE000B96DE7BDF870
:109E9000200018B9BDF8220000B966E7A08D0FFABE
:109EA00080FAA08D618D884204DAA08D00F5B4702F
:109EB0000FFA80FABDF92010BDF9220000F0AFFCC6
:109EC00005B2A08C281A05B2608D281A05B2002DA3
:109ED00002DA05F5B47005B2608DAAEB00000FFA46
:109EE00080FBA08F618D401A00B205900598281A5A
:109EF00007B2002F01DD384600E07842B0F58C7FD4
:109F000008DD94F83400C0F3C00008B1002510E06B
:109F10005D460EE00BEBDB71B5EB610F05DAA08E51
:109F200020F008000830A08603E0A08E20F0080092
:109F3000A0860598281A07B2A06B14F0B1FD049012
:109F4000E18E049841434FF47A70B1FBF0F00FFAC0
:109F500080F94F4501DD4F4606E0C9F10000874218
:109F600002DAC9F1000007B20598384405B2B4F925
:109F70003200B4F93010401A618DAAEB0101C9001A
:109F800091FBF0F003900398001D001103900398DB
:109F9000284405B2608D284405B2B4F92E00029021
:109FA000B4F932000090B4F93030618D5246284641
:109FB0000AF08CFF0FFA80F80B9800F04BF940453F
:109FC00013D014F07AFDA06341460B9800F07BFAA1
:109FD0000298804509D000221C210B9806F008FF4A
:109FE0000C900C98012800D0BFE6B4F93000404531
:109FF00003D0B4F93200404502D114F05EFDA063F5
:10A0000026E1082E01D0032E19D1A08E20F00100E8
:10A01000A0860B980DF0A8F98046404607F076FD23
:10A02000074609F023F8814609F075F80546042D26
:10A0300004D11FB10021404607F00BFE08E10D2EB0
:10A0400031D10E9806F0CBFE0578B4F92E70132DA1
:10A0500001D0112D0AD10B9800F0FCF8401C0FFA2A
:10A0600080F841460B9800F02EFA0DE0142D01D037
:10A07000122D09D10B9800F0EDF8401E0FFA80F870
:10A0800041460B9800F01FFAB4F92E00B84209D0EF
:10A0900000221C210B9806F0ABFE0C900C980128B6
:10A0A00000D062E6D4E0112E50D10E9806F097FE53
:10A0B000074609AA0AA90B98F7F7E5FF00250B98B0
:10A0C000806818B10B988068B0F9145000210B9883
:10A0D0000DF0FEFF804608EB0500BDF82410081ABD
:10A0E00000B20990BDF82A00BDF82410084400B25F
:10A0F0000090BDF82800084403B2BDF82A00401AB9
:10A1000002B2BDF82800401A01B207A800F074FBA3
:10A1100047F6FF7207A83968E9F7D9F910B10020AE
:10A12000387122E608EB450002B208EB450001B2A7
:10A1300007A800F03FFB47F6FF7207A83968E9F768
:10A14000C6F9387184E000009CF90308132E7AD117
:10A1500000210B980EF0A5FA0A9000210B980EF042
:10A1600049FB099000210B980EF007FC0890002194
:10A170000B980EF0B9F90790DDE90910884201DD6E
:10A180000A9A00E0099ADDE90710884201DD089883
:10A1900000E00798824207DDDDE90910884201DD11
:10A1A0000A9808E0099806E0DDE90710884201DD19
:10A1B000089800E0079806904FF440310B980EF095
:10A1C00070FA80464FF440310B980EF013FB814635
:10A1D0004FF440310B980EF0D0FB82464FF44031E3
:10A1E0000B980EF081F90746C84501DD404600E0B6
:10A1F0004846BA4501DD514600E03946884205DD52
:10A20000C84501DD404606E0484604E0BA4501DDA8
:10A21000504600E03846801C0FFA80FB0E9806F08E
:10A22000DEFD0546B5F900100698ABEB0000814253
:10A2300003DDB5F9000003E005E00698ABEB000094
:10A2400000B2288004E0152E02D10E98FFF794FC8E
:10A2500000BF8AE5014600BF00BFB1F92E0070477C
:10A2600070B505460E4614462146284600F094F87F
:10A270003146284600F0E1F870BD70B505460E463F
:10A2800014462146284600F005F83146284600F0DD
:10A2900042F870BD2DE9F04180460F4600BF00BF77
:10A2A0004646B7F5B47F02DDA7F5B47087B2B08D2E
:10A2B000718D401A04B2708D381A05B2002C02DA82
:10A2C00004F5B47004B2002D02DA05F5B47005B2DD
:10A2D000281B002801DD281B00E0601BB42803DDDB
:10A2E00040460FF0E0F910E0A54206DAB28D0023F7
:10A2F00039464046FAF7C2FD07E0AC4205DAB18DB7
:10A3000000233A464046FAF7B9FDB78540461DF0AE
:10A3100033F9BDE8F0812DE9F04180460F4600BFDA
:10A3200000BF4646B7F5B47F02DDA7F5B47087B22B
:10A33000B08D718D401A04B2B08DC01B05B2002CD7
:10A3400002DA04F5B47004B2002D02DA05F5B47037
:10A3500005B2281B002801DD281B00E0601BB42883
:10A3600003DD40460FF09FF910E0A54206DA718D3B
:10A3700000233A464046FAF781FD07E0AC4205DA91
:10A38000728D002339464046FAF778FD77854046BE
:10A390001DF0F2F8BDE8F0812DE9F04180460F464E
:10A3A00000BF00BF4646B7F5B47F02DDA7F5B47025
:10A3B00087B2308DF18C401A04B2F08C381A05B295
:10A3C000002C02DA04F5B47004B2002D02DA05F5AF
:10A3D000B47005B2281B002801DD281B00E0601BBB
:10A3E000B42803DD40460FF05EF912E0A54207DA1B
:10A3F000328D4FF4003339464046FAF73FFD08E00E
:10A40000AC4206DA318D4FF400333A464046FAF753
:10A4100035FD4046FAF798FD37854046FAF794FD3A
:10A42000BDE8F08170B504460D4600BF00BF26466A
:10A43000B58420460FF037F970BD2DE9F041804614
:10A440000F4600BF00BF4646B7F5B47F02DDA7F553
:10A45000B47087B2308DF18C401A04B2308DC01BBD
:10A4600005B2002C02DA04F5B47004B2002D02DA51
:10A4700005F5B47005B2281B002801DD281B00E09B
:10A48000601BB42803DD40460FF00DF912E0A54231
:10A4900007DAF18C4FF400333A464046FAF7EEFC07
:10A4A00008E0AC4206DAF28C4FF4003339464046FD
:10A4B000FAF7E4FC4046FAF747FDF7844046FAF71E
:10A4C00043FDBDE8F0812DE9F04107460D4600BF90
:10A4D00000BF3C46B4F92E00A84201D1BDE8F0818E
:10A4E000B4F93200A84202DAB4F9320000E028469A
:10A4F0000646B4F93000B04202DDB4F9300000E0A5
:10A5000030460646B4F92E00B04200D1E6E7E685B3
:10A5100038461DF031F800BFE0E70A8802804A881B
:10A5200042808A888280CA88C28070470A880280F6
:10A530004A8842808A888280CA88C28070470A8896
:10A5400002804A8842808A888280CA88C280704796
:10A550000A8802804A8842808A888280CA88C280AB
:10A5600070470A8802804A8842808A888280CA8826
:10A57000C28070470A8802804A8842808A88828026
:10A58000CA88C28070470A8802804A8842808A88C6
:10A590008280CA88C28070470A8802804A884280C6
:10A5A0008A888280CA88C28070470A8802804A8866
:10A5B00042808A888280CA88C28070470A88028066
:10A5C0004A8842808A888280CA88C28070470A8806
:10A5D00002804A8842808A888280CA88C280704706
:10A5E0000146C8884A88801A401C00B2704701465C
:10A5F000C8884A88801A401C00B270470146C88843
:10A600004A88801A401C00B270470146C8884A88B0
:10A61000801A401C00B270470146C8884A88801AD8
:10A62000401C00B270470146C8884A88801A401C06
:10A6300000B270470146C8884A88801A401C00B2A0
:10A6400070470146C8884A88801A401C00B270478B
:10A650000146C8884A88801A401C00B270470146EB
:10A66000C8884A88801A401C00B270470146C888D2
:10A670004A88801A401C00B270470146C8884A8840
:10A68000801A401C00B270470146C8884A88801A68
:10A69000401C00B270470146C8884A88801A401C96
:10A6A00000B2704710B50146B1F90420B1F900308D
:10A6B000D21A521CB1F90630B1F902401B1B5B1CC7
:10A6C00002FB03F010BD014688880A88801A401CEE
:10A6D00000B27047014688880A88801A401C00B280
:10A6E0007047014688880A88801A401C00B270476B
:10A6F000014688880A88801A401C00B270470146CB
:10A7000088880A88801A401C00B2704701468888F1
:10A710000A88801A401C00B27047014688880A885F
:10A72000801A401C00B27047014688880A88801A47
:10A73000401C00B27047014688880A88801A401C75
:10A7400000B27047014688880A88801A401C00B20F
:10A750007047014688880A88801A401C00B27047FA
:10A76000014688880A88801A401C00B2704701465A
:10A7700088880A88801A401C00B270470146888881
:10A780000A88801A401C00B27047014688880A88EF
:10A79000801A401C00B27047014688880A88801AD7
:10A7A000401C00B27047014688880A88801A401C05
:10A7B00000B2704703885B1A1BB2038083880B4486
:10A7C0001BB2838043889B1A1BB24380C388134407
:10A7D0001BB2C380704703880B441BB2038083887D
:10A7E0000B441BB28380438813441BB24380C3884D
:10A7F00013441BB2C380704710B5029C0180428095
:10A800008380C48010BD42880A44521E12B2C280A6
:10A81000704702880A44521E12B282807047F0B517
:10A8200006460D460024002E02DA601CC4B27642B1
:10A830003746002D02DAA01CC4B26D42AC46674513
:10A8400009D9CCEB0C1000EB4000B0FBF7F304F19E
:10A850001000C4B205E0C7EB071000EB4000B0FBEE
:10A86000FCF30022D9B2162910DD2C2901DC501C82
:10A87000C2B2292901DC501CC2B2252901DC501CBE
:10A88000C2B2202912DC501CC2B20FE0022901DB47
:10A89000501CC2B2062901DB501CC2B20A2901DBDE
:10A8A000501CC2B20F2901DB501CC2B2134404F089
:10A8B000100008B1C3F15A0304F0020038B104F0EB
:10A8C000010008B1B43307E0C3F1B40304E004F0BD
:10A8D000010008B1C3F5B47398B2F0BD70B5044679
:10A8E0000D462646F56030680EF0DDFE70BD2DE9A0
:10A8F000F0410646346827683D464FF0FF30E0607F
:10A9000005F13C00844202D1A068686205E005F1CF
:10A910004C00844201D1A068286320680EF0C3FE79
:10A92000BDE8F08170B506460C4625460020A862B9
:10A930006420E862002028636862A88600212987D5
:10A94000E986698785F85C0005F13C01204600F046
:10A95000C8F805F14C01204600F0C3F80821204654
:10A960000BF0C9FE102120460BF0C5FE0022114657
:10A97000204600F0F3F870BD70B506460C4625463B
:10A98000002105F13C00FEF759FF002105F14C00C4
:10A99000FEF754FF70BD00002DE9F34F83B03C4833
:10A9A00004990CF0B1FB02900298012802D005B086
:10A9B000BDE8F08F049806F0B4F90546049806F057
:10A9C00011FA0646132D50D14FF4003130460BF0EA
:10A9D00010FD0190049806F002FA0446B4F9001044
:10A9E0000198814202DDB4F9000000E00198208066
:10A9F000002130460DF062FE8046002130460DF009
:10AA000006FF8146002130460DF0C4FF824600213A
:10AA100030460DF076FD0746C84501DA404600E0B5
:10AA20004846BA4501DA514600E03946884205DA1F
:10AA3000C84501DA404606E0484604E0BA4501DA76
:10AA4000504600E038468346BBF1000F0CDAB4F9FB
:10AA50000000CBF10001884202DDB4F9000001E002
:10AA6000CBF1000000B220800FE0012D01D0082DB5
:10AA700006D1344604F1340130460EF04EFE04E0B7
:10AA8000152D02D10498EFF7E9FD00BF8FE7000014
:10AA9000B8F90308014600BF00BF0A4692F85C00FF
:10AAA00000F003007047024600BF00BF114691F856
:10AAB0005C0000F00300022801D0886A7047886DAE
:10AAC000401C08B1486DF9E7086BF7E7024600BF84
:10AAD00000BF1146886C401C08B1486C7047486A3A
:10AAE000FCE7086000224A608A60521ECA60704714
:10AAF000F8B506460D46174600BF00BF344694F829
:10AB00005C0000F00300022800D0F8BDD4E90A1070
:10AB1000A84201DD284600E0E06A814201DDA06A2A
:10AB200005E0E06AA84201DD284600E0E06A05464B
:10AB3000606AA84201DA606A00E028460546206B98
:10AB4000A84200D1E1E704F14C0304F130022946A8
:10AB50003046009700F036F800BFD6E7F8B5064655
:10AB60000D46174600BF00BF3446606AA84200D1B8
:10AB7000F8BDD4E90A10A84201DD284600E0E06AE9
:10AB8000814201DDA06A05E0E06AA84201DD2846B5
:10AB900000E0E06A0546206BA84201DD206B00E082
:10ABA00028460546606AA84200D1E1E704F13C036B
:10ABB00004F1240229463046009700F003F800BF54
:10ABC000D6E700002DE9F04792B007460D4616463D
:10ABD0001C46DDF86890B9F1000F04D135603846A5
:10ABE0000EF061FD33E0E068401C18B93068606029
:10ABF000A56002E0A0686060A56035600021204685
:10AC0000FEF71CFE02A8FEF761FE00BF029400BF23
:10AC10001048039000BF00204FF4807109900A9003
:10AC20000B9100BF0C48059000BF4FF0000A652251
:10AC3000514638460DF016FF0190DDF8048000BF44
:10AC4000CDF8308000BF02A8FEF70AFF00BF12B0A7
:10AC5000BDE8F087DDA80108EFA801082DE9F04F55
:10AC600004460D46C4F5806101FB01F0860A06FB2F
:10AC700001F04FEA902C04FB04F0870A07FB04F074
:10AC80004FEA90280CFB05F04FEA902906EB4600AE
:10AC9000604350434FEA105A01EB41007843584358
:10ACA0004FEA105B099808FB00F04FEA902E09EB81
:10ACB0000A0058447044BDE8F08F70B505460C4654
:10ACC000102120460BF017FD4FF4806120460AF05A
:10ACD000EDFF70BD70B5044600BF00BF21460448BB
:10ACE0000BF05AFC054628460BF0CBFC284670BDFD
:10ACF000D4F903082DE9F04107460C46164600BF7B
:10AD000000BF3D46288EA04201DCBDE8F081E86A24
:10AD100030F81400B043E96A21F81400214638469F
:10AD2000FAF725F906F4007010B138460FF038FA3A
:10AD300000BFEAE72DE9F04105460E4600BF00BF1F
:10AD40002F46002406E0324621462846FFF7D2FF70
:10AD5000601C84B2388EA042F5DCBDE8F0810000B2
:10AD600070B506460C4625460020288668864FF6B4
:10AD7000FF70A8860020A862E862686285F8360045
:10AD80000249204600F022FC70BD0000EC020020C9
:10AD900070B5044600BF00BF214604480BF0FCFB21
:10ADA000054628460BF06DFC284670BDF0F90308F7
:10ADB00070B506460C462546A86A0AF069F9E86AA5
:10ADC0000AF066F90020A862E86270BD2DE9F34F31
:10ADD00083B0FB4804990CF097F90746012F02D085
:10ADE00005B0BDE8F08F049805F09BFF0546049878
:10ADF00005F0F8FF80464446132D18D1049805F05D
:10AE0000EEFF06464046F8F739FD68B1608E00282F
:10AE100006DD40460CF01EFA618E90FBF1F000E07A
:10AE2000002000B2308001E00020308000BF2A2DD9
:10AE300004D14046616A00F0C9FB29E3292D04D101
:10AE40004046616A00F0C2FB22E3012D60D1049804
:10AE500005F0C5FF8246A18E4046FAF788F808F053
:10AE600005F9064608F057F98146B9F1010F02D0FD
:10AE7000B9F1030F1ED102A9504608F011F902A939
:10AE80004046F6F7EFFF06464FF6FF70864210D0B9
:10AE9000E16A31F81600EBF71FFC50B9E16A31F8AE
:10AEA0001600EBF715FC20B9A686A18E4046FAF7EE
:10AEB0005EF800BFA08E4FF6FF71884227D0A28EA9
:10AEC000E16A31F81200EBF7FFFB00BBA28EE16AEA
:10AED00031F81200EBF704FCC8B9A28EE16A31F830
:10AEE0001200EBF7F9FB90B9A28EE16A31F812007B
:10AEF000EBF7EEFB58B9A08E019001AA1C21404649
:10AF000005F076FF0746012F00D069E700BFBFE2DA
:10AF1000022D59D1049805F062FF82464FF6FF7664
:10AF200008F0A4F88346584608F0F5F88146B9F1D0
:10AF3000040F02D0B9F1020F00D151E702A958461F
:10AF400008F0AEF802A94046F6F78CFF0646A08E40
:10AF5000B04238D0A08E4FF6FF71884203D0A18E48
:10AF60004046FAF704F8A686504608F0D7F94FF69F
:10AF7000FF70864227D0E16A31F81600EBF7ACFB90
:10AF800008BBE16A31F81600EBF7A2FBD8B93146ED
:10AF90004046F9F7ECFFE16A31F81600EBF794FB55
:10AFA00088B9A28EE16A31F81200EBF799FB50B92B
:10AFB000019601AA1C21404605F01AFF0746012F01
:10AFC00000D00DE700BF63E2082D69D1A08E4FF6D7
:10AFD000FF7188425FD0A28EE16A31F81200EBF770
:10AFE0006BFB80B3A28EE16A31F81200EBF774FBC1
:10AFF00048BBA28EE16A31F81200EBF759FB78B139
:10B0000094F8360000F0010050B9A18EE06A30F8E3
:10B01000110020F08000A28EE16A21F8120009E000
:10B02000A18EE06A30F8110040F08000A28EE16A43
:10B0300021F8120094F8360000F0010018B1A18E3A
:10B04000404614F01CFCA28EE16A31F81200EBF7C6
:10B050003BFB30B9A28EE16A31F81200EBF740FBFE
:10B06000C8B1A28EE16A31F81200EBF735FB90B956
:10B07000A28EE16A31F81200EBF72AFB58B9A08ED4
:10B08000019001AA1C21404605F0B2FE0746012F9F
:10B0900000D0A5E600BFA18E4046F9F768FFF7E1B2
:10B0A000062D28D1A08E4FF6FF7188428BD0A28E3C
:10B0B000E16A31F81200EBF71BFB0028EFD1A28EFA
:10B0C000E16A31F81200EBF707FB0028E7D1A28E06
:10B0D000E16A31F81200EBF7FBFA0028DFD1A08E0D
:10B0E000019001AA1C21404605F082FE0746012F6F
:10B0F00000D075E6CCE1032D07D1A18E4046F9F7CB
:10B1000036FF4FF6FF70A086C2E10E2D5ED1049887
:10B1100005F065FE8246504607F0FDFF8346BAF112
:10B12000000F07D1002007F0A7FF8246504607F026
:10B13000F2FF834640460CF017F9064606F0E6FC9F
:10B140008146A08E4FF6FF7188423ED1BBF1020FBF
:10B1500005D0BBF1040F35D1B9F1000F32D0002674
:10B1600094F8360000F00100B8B100E0761CE16A06
:10B1700031F81600EBF7ACFA0028F7D1E16A31F8A4
:10B180001600EBF7A9FA0028F0D1E16A31F81600B1
:10B19000EBF796FA0028E9D00FE000E0761CE16AB0
:10B1A00031F81600EBF794FA0028F7D1E16A31F88C
:10B1B0001600EBF791FA0028F0D1A68605E0000012
:10B1C000F0F903084FF6FF70A08661E10F2D01D062
:10B1D000102D0CD1A08E4FF6FF71884203D0A18EA6
:10B1E0004046F9F7C4FE4FF6FF70A08650E10D2DE2
:10B1F00079D1A18E4046F9F7BAFE049805F0EFFD2B
:10B2000090F80090B9F1130F2BD1A08E4FF6FF717B
:10B21000884202D10020A08602E0A08E401CA086B9
:10B22000A08E218E884201DB0020A08608E0A08E3F
:10B23000401CA086A08E218E884201DB0020A086C3
:10B24000A28EE16A31F81200EBF742FA0028EED143
:10B25000A28EE16A31F81200EBF73EFA0028E6D13F
:10B260000CE1B9F1140F2ED1A08E4FF6FF71884278
:10B2700001D10020A086A08E18B9208E401EA08685
:10B2800005E0A08E002802DDA08E401EA08609E009
:10B29000A08E002803DDA08E401EA08602E0208E36
:10B2A000401EA086A28EE16A31F81200EBF710FA78
:10B2B0000028EDD1A28EE16A31F81200EBF70CFA0A
:10B2C0000028E5D1DAE0B9F1120F6AD10021404639
:10B2D0000DF08CF98346A08E4FF6FF7188421DD188
:10B2E0000020A08609E0CEE0A08E401CA086A08EA3
:10B2F000218E884201DB0020A086A28EE16A31F80F
:10B300001200EBF7E5F90028EED1A28EE16A31F8E0
:10B310001200EBF7E1F90028E6D141E0A28EA16A24
:10B3200001EBC200FFF731FAA28EA16A31F83210A8
:10B3300001EB60000FFA80FAA68E28E0A06A00EB0D
:10B34000C600B0F90200A28EA16A01EBC201B1F9F8
:10B350000210884219DDA06A30F93600504514DC2D
:10B36000A06A00EBC600B0F90400584450450CDB5D
:10B37000E16A31F81600EBF7AFF930B9E16A31F85C
:10B380001600EBF7A5F900B904E0701C86B2208E18
:10B39000B042D3DC00BF208EB04200DDA68600BFE5
:10B3A0006CE0B9F1110F69D1002140460DF01EF992
:10B3B0008346A08E4FF6FF7188421CD10020A086E4
:10B3C00008E0A08E401CA086A08E218E884201DB62
:10B3D0000020A086A28EE16A31F81200EBF778F91E
:10B3E0000028EED1A28EE16A31F81200EBF774F971
:10B3F0000028E6D141E0A28EA16A01EBC200FFF76E
:10B40000C4F9A28EA16A31F8321001EB60000FFA84
:10B4100080FAA08E06B229E0A06A00EBC600B0F95F
:10B420000200A28EA16A01EBC201B1F902108842AA
:10B430001ADAA06A30F93600A0EB0B00504513DC95
:10B44000A06A00EBC600B0F9040050450CDBE16ACD
:10B4500031F81600EBF740F930B9E16A31F816001F
:10B46000EBF736F900B903E0701E06B2002ED3DA0E
:10B4700000BF002E00DBA68600BF00BFA18E4046A5
:10B48000F9F775FD04E0152D02D10498F0F7E8FBFB
:10B4900000BFA5E42DE9F04180460E4600BF00BF85
:10B4A0004FF6FF70864202D10020BDE8F08144468D
:10B4B000208EB04201DA0020F7E7002500270CE0DB
:10B4C000781C87B2681C85B2616A51F8250008A112
:10B4D000E5F760FA08B9681C85B2B742F0D1208E52
:10B4E000B84201D10020E0E7606A50F82500DCE7AF
:10B4F0000A000000014600BF00BF0A46908E704758
:10B5000010B5034600BF00BF1C46208E884201DCF8
:10B51000002010BDE06A30F811001040904201D1C7
:10B520000120F6E70020F4E72DE9F04107460D463B
:10B53000164600BF00BF3C46208EA84201DCBDE895
:10B54000F08194F8360000F0010030B106F0800080
:10B5500018B180213846FFF7EDFBE06A30F815009E
:10B560003043E16A21F8150029463846F9F7FFFC17
:10B5700006F4007010B138460EF012FE00BFDEE790
:10B580002DE9F04105460E4600BF00BF2F460024BE
:10B5900006E0324621462846FFF7C6FF601C84B20B
:10B5A000388EA042F5DCBDE8F08170B504460E4649
:10B5B00000BF00BF2546298E4A003146E86A09F0DF
:10B5C000F0FD2046696A00F001F870BD2DE9F34FE7
:10B5D00091B0804600BF00BF129810B913B0BDE80B
:10B5E000F08F444640461299EAF788FA129E666246
:10B5F000002541F26A42294620460DF033FA0890B0
:10B600000898C0B21090002140460DF064F80F90E9
:10B61000002140460DF0CBF90E90002140460DF080
:10B620005EF90D90002140460CF0E0FF8346404655
:10B630000BF02FFE0C9040460BF00CFE0B90628E30
:10B64000521E0D990B9801FB120000B20A900020C7
:10B6500009908146129E0027A1E000200890002555
:10B660000CE009EB0502E16A31F81200F6F7F8FC8C
:10B670000899084480B20890681C85B256F82500E5
:10B6800050B156F825004CA1E5F784F920B156F8E1
:10B69000250000780028E4D11DB9681C06EB80065F
:10B6A0007CE00A987843618EB0FBF1F10E9801447A
:10B6B0000D9807FB001000B20790791C0A984843C8
:10B6C000618EB0FBF1F10E9801440D9807FB00105C
:10B6D000401E00B20690691E0C980BFB110000B2D0
:10B6E00005900598002801DA0020059000200490BC
:10B6F00082464DE0E16A31F81900F6F7B1FC03909B
:10B70000DDE9041048430899B0FBF1F00AFB0B0097
:10B7100000B20290DDE903100844059948430899F6
:10B72000B0FBF1F00AFB0B00401E00B20190109834
:10B7300001280ED10298019902910190029A0C9968
:10B74000891A09B202910C990198091A09B201915A
:10B7500000BF0F990298084400B202900F99019817
:10B76000084400B2019006980090A16A01EBC9005C
:10B77000DDE90131079AFFF73FF8DDE903100844DE
:10B7800004900AF1010A09F101090998401C099085
:10B79000AA45AFD3681C06EB800600BF7F1C608EF5
:10B7A000B8423FF65AAF40460EF0FAFC40460DF064
:10B7B0007AFF00BF12E700000A00000070B50446DF
:10B7C0000D4600BF00BF264686F8365000212046B1
:10B7D00014F055F870BD70B506460C4600BF00BFAA
:10B7E0003546288EA04204DC4FF6FF70844200D01C
:10B7F00070BDA98E3046F9F7BAFBAC8621463046BB
:10B80000F9F7B5FB00BFF3E72DE9F04781460D4698
:10B810002C4640F2E470208501212A2001552B207E
:10B82000015540F2E470A0852E2001552F200155CE
:10B8300000202063A086A82104F58C7009F04BFE3F
:10B840000027002626E06EB1701CC11700EB517175
:10B85000C910A0EBC10129B931A104F1380040F8A9
:10B86000261015E0082E07DA2E4850F8261004F1AD
:10B87000380040F826100BE0782104F58C7000F8B1
:10B88000271000EB8701E03840F82610781CC7B27B
:10B89000701CC6B2382ED6DB23A1C4F8141128467A
:10B8A000FFF776FA606204F13801606AFFF78EFEF6
:10B8B0004FF48871606AFFF763FE00231A221B4968
:10B8C000606A0AF0ABF96420002804DAC0F57A71E6
:10B8D00041F4005101E040F400510FFA81F8414673
:10B8E000606A0FF05BFB012128460FF00BF8012185
:10B8F000606A0FF019F894F92E20A18D284600F007
:10B900001FF894F92B3094F92A20218D284600F055
:10B91000D9F84FF48041606A0AF0C8F9BDE8F087B1
:10B920000A000000B401002000000000A9D20008B5
:10B93000014600BF00BF0A4602F12C00704700001C
:10B940002DE9F74F82B0064600BF00BF344603988A
:10B95000A085049841B22E20015501212F200155C8
:10B96000A08DADF804002E20005D8DF806002F207C
:10B97000005D8DF807002021606AFFF7DBF90025E4
:10B9800006E020222946606AFFF7CEFD681CC5B29A
:10B99000072DF6DB9DF90610BDF80400F6F7C8FF89
:10B9A00081469DF90610BDF804000122F6F7E4FB7C
:10B9B00007463D464FF001080EE004F58C7101EB9F
:10B9C000850043463EA2042110F03EFE681CC5B22D
:10B9D00008F1010000F0FF0809EB0700A842ECDCC9
:10B9E0009DF90620511EBDF80400F6F7A1FF82461E
:10B9F0000025AAEB0700401C00F0FF0813E004F547
:10BA00008C7101EB850043462DA2042110F01CFE31
:10BA10002022E91D606AFFF787FD681CC5B208F1A6
:10BA2000010000F0FF08BD42E9DB07EB0900C5B2E9
:10BA30004FF0010813E004F58C7101EB85004346DB
:10BA40001FA2042110F000FE2022E91D606AFFF70A
:10BA50006BFD681CC5B208F1010000F0FF082A2D3B
:10BA6000E9DB3046F7F75CFF606AFFF743FD4FF60E
:10BA7000FF71884203D0F91D606AFFF7ACFE3046C3
:10BA80000DF011FE30460BF082FB8346002511E0DD
:10BA9000294630460BF05DFB0090616A00988142B8
:10BAA00000D105E032461C21009805F0A1F900BF45
:10BAB000681CC5B25D45EBD305B0BDE8F08F000052
:10BAC000256400002DE9F04104460E4617469846CD
:10BAD00000BF00BF25462E8579B22C462A2041554D
:10BAE0004FFA88F12B2041552046F7F719FFBDE8A2
:10BAF000F08170B506460C462546102105F124005C
:10BB0000E8F79CFE102105F13000E8F797FE0020D1
:10BB1000A5F86C00A5F8740000216E204153762032
:10BB200041536420A5F87000A5F8780064217220C4
:10BB300041537A20415303207C3568800520A8803A
:10BB40000A20E88047F6FF702880287B20F0070055
:10BB5000401C2873287B20F0080028734FF4807065
:10BB6000288168817C3D70BD2DE9F04180460E46FC
:10BB7000344613E004F12400E8F735FE0546287B3F
:10BB8000C0F3800010B9686809F082FA294604F110
:10BB90002400E8F7A7FE284609F07AFAA06A0028F0
:10BBA000E8D104F12400E8F706FE0CE004F13000CF
:10BBB000E8F719FE0746394604F13000E8F792FE2F
:10BBC000384609F065FA606B0028EFD104F13000C7
:10BBD000E8F7F1FDBDE8F0812DE9F84F88464146D0
:10BBE0006F480BF091FA8146B9F1010F01D0BDE821
:10BBF000F88F404605F095F80546404605F0F2F806
:10BC000006463446012D2FD107F030FA83466946A7
:10BC1000584607F045FABDF80000B18A401A00B254
:10BC2000ADF8000030460BF09FFCBDF80010084452
:10BC30000FFA80FA51463046F6F7FEFB0746B4F895
:10BC40007C00B8420FD0B9B23046F9F719FAB4F80F
:10BC50007C103046F9F714FAA4F87C7000221C21FD
:10BC6000304605F0C5F898E0082D09D1B4F87C10ED
:10BC70003046F9F705FA47F6FF70A4F87C008CE02F
:10BC8000292D03D130460EF0BAFA86E0132D33D1B8
:10BC9000B4F94020B4F94C00824202DDB4F940000E
:10BCA00001E0B4F94C00B4F95830B4F9642093427F
:10BCB00002DDB4F9582001E0B4F9642090420BDDB4
:10BCC000B4F94020B4F94C00824202DDB4F94000DE
:10BCD0000DE0B4F94C000AE0B4F95820B4F964005E
:10BCE000824202DDB4F9580001E0B4F96400014673
:10BCF000404605F0B3F850E02C2D16D1404605F033
:10BD00006EF8074630460BF0C4FAB4F88410484386
:10BD1000001200B2388030460BF09CFAB4F886105E
:10BD20004843001200B2788037E0152D35D14046E7
:10BD300004F0FFFF074639463046EEF75DF8394616
:10BD40003046ECF73FFB04F12400E8F7BFFDF8B9FB
:10BD500094F8880000F00700012804D139463046E5
:10BD6000F2F7A0F914E094F8880000F00700022828
:10BD700004D139463046F2F74FF809E094F88800CC
:10BD800000F00700032803D139463046F2F720FCC3
:10BD900039463046EDF720FE00BF00BF27E7000020
:10BDA000D4BB03082DE9F04F87B081460E461746F5
:10BDB0001D4600BFB9F1000F03D100BF00BF00BF97
:10BDC000FEE700BF00BF1EB900BF00BF00BFFEE717
:10BDD00000BF00BF00BF4C46B4F88200B84207DC89
:10BDE00000BF00BF00202880688007B0BDE8F08F4A
:10BDF00048460BF04EFA34F8841F484300120FFAFD
:10BE000080F848460BF026FA6188484300120FFA82
:10BE100080FA2079843C00F00700012809D108FB52
:10BE200007F0B4F88210491E90FBF1F000B22880B0
:10BE300079E094F8880000F00700032818D1CDF8C5
:10BE40000080336833F91700337BC3F3C00C04F16F
:10BE5000780333F91C20337BC3F3C00C04F1740363
:10BE600033F91C10002309F031F800B228805AE0A1
:10BE700094F8880000F00700022854D104F124004F
:10BE8000E8F7B7FC05904FF4A02148460CF0A1FB61
:10BE900082346188484300120490002148460CF027
:10BEA00098FB61884843001203902188491E03983B
:10BEB00001FB1081208891FBF0F000B202900599FF
:10BEC0000298B0FBF1F000B2019008FB07F034F8E3
:10BED000821990FBF1F000B228800020009004F15C
:10BEE0002400E8F7A5FC00900EE00098B04200D1D5
:10BEF0000DE029880198084400B2288004F124004C
:10BF00000099E8F78FFC009000980028EDD100BF61
:10BF1000049A0199881A00EBD0712A8802EB61011A
:10BF200009B2298000BF002148460CF086F98346FB
:10BF3000002148460CF09BFB58442988084400B275
:10BF4000288048460BF010FB2988081A00B2288088
:10BF500000200690706830F91710307BC0F3001293
:10BF600004F16C0030F91200081A00FB0AF0069088
:10BF7000307BC0F3001104F1700030F91110307BF8
:10BF8000C0F3001204F16C0030F91200091A06988F
:10BF900090FBF1F006900698AAEB000000B26880D2
:10BFA000002148460CF0CFFC58446988084400B290
:10BFB000688048460BF0D2FB6988081A00B2688096
:10BFC00000BF12E770B506460C46254608A0686219
:10BFD0000120A8620221204609F068FE08212046BF
:10BFE00009F064FE4FF48061204609F05FFE70BDE9
:10BFF000436865636B20626F7800000070B5064689
:10C000000C46254695F8280000F0010020B9686A22
:10C0100009F03EF80020686270BD00002DE9F14F84
:10C02000BEB03E9804F0DEFE044625463E9804F07D
:10C0300080FE3D90002120460CF0D5FD074600BF54
:10C04000B7F908000646A2464FF0000B41F2320253
:10C05000594650460CF006FD0290029800B2804608
:10C06000002120460CF0B0FC40440FFA80F900217A
:10C0700020460CF03DFB404400B23C90002120469D
:10C080000CF0C1FA3B904FF4003120460CF030FB2D
:10C090003A904FF4003120460CF0D3FB39904FF426
:10C0A000003120460CF090FC38904FF400312046CF
:10C0B0000CF041FA37904FF4003B40F60A02594623
:10C0C00050460CF0CFFC0290029800B2369000BFB0
:10C0D00040F60B02594650460CF0C4FC0290029800
:10C0E00000B2359027A803F0DDF827AA594620466C
:10C0F0000DF02AF9A18A3C98084400B2ADF89400EA
:10C10000BDF8940081193A98014439980844401EBA
:10C1100000B2ADF89800E08A484400B2ADF896004D
:10C12000BDF8960081193898014437980844401E9C
:10C1300000B2ADF89A0000BFBDF89400ADF88C00D5
:10C14000BDF89600ADF88E00BDF89800ADF89000EF
:10C15000BDF89A00ADF8920000BFBDF88C1036987B
:10C16000081A00B2ADF88C00BDF89010369808445B
:10C1700000B2ADF89000BDF88E103598081A00B2E4
:10C18000ADF88E00BDF892103598084400B2ADF8B5
:10C19000920011A83D990AF091FD27A81590374803
:10C1A00012900020139023A8149058461E9011AAB4
:10C1B0001A21204604F01CFE23AA27A93D9803F06B
:10C1C00055F811AA1B21204604F012FE002120463A
:10C1D0000CF078FD1090002120460CF04CFD0F90E3
:10C1E000002141F6FF721098CDE901210090696AA3
:10C1F0003A460EA80F9B13F04BF806A802F046F83B
:10C2000006AA002120460CF0C4FF00BFBDF89A101A
:10C21000BDF89620891A491C09B2881B00EBD07121
:10C22000491009B20591BDF898103B98084400B236
:10C23000ADF80C00BDF80C00BDF83810084400B291
:10C24000ADF81000E08A00EB09010598084400B23F
:10C25000ADF80E00BDF80E00BDF83A10084400B26B
:10C26000ADF812000020009003AA06A96B6A3D9861
:10C2700001F058FC3FB0BDE8F08F00000CFA030855
:10C280002DE9F04F8DB00F4639464C480AF03CFF7F
:10C290000C900C98012802D00DB0BDE8F08F384604
:10C2A00004F03FFD0446384604F09CFD05462C2C66
:10C2B00067D1384604F093FD0646AA460021284679
:10C2C0000CF091FC804600BFB8F9080081460021BF
:10C2D00028460CF0F7FC8346002128460CF0CBFCE6
:10C2E0000B90002041F6FF71CDE900B10290DAF821
:10C2F000241042460AA80B9B12F0CAFF00212846D0
:10C300000CF081F909904FF4003128460CF0F0F957
:10C3100008904FF4003128460CF093FA07904FF440
:10C32000003128460CF050FB06904FF400312846AF
:10C330000CF001F90590089809EB000107980844F2
:10C3400000B2ADF81000069809EB0001059808440A
:10C3500000B2ADF81200BDF81000BDF8281001447D
:10C360000998084400B23080BDF91200BDF92A10C6
:10C37000884202DDBDF9120001E0BDF92A0070809B
:10C380001AE0132C13D1384604F029FD06464FF469
:10C39000003128460AF02DF88046B6F900004045E5
:10C3A00002DDB6F9000000E04046308004E0152CC4
:10C3B00002D13846FFF732FE00BF6DE70CFA0308E2
:10C3C00030B5044601F4C040B0F5005F01D1012052
:10C3D00000E0002030B121F4C040B0F5FA6F01DC7C
:10C3E000012000E0002080B121F4C040B0F57A7F48
:10C3F00004DD21F4C040C0F57A7001E021F4C040B2
:10C400005843642590FBF5F001B202F4C040B0F54A
:10C41000005F01D1012000E0002030B122F4C040D3
:10C42000B0F5FA6F01DC012000E0002080B122F4B9
:10C43000C040B0F57A7F04DD22F4C040C0F57A70C8
:10C4400001E022F4C0405843642590FBF5F002B2AD
:10C45000944201DA204600E01046884201DA08469C
:10C4600030BD944201DA2046FAE71046F8E730B5CD
:10C47000044601F4C040B0F5005F01D1012000E0A6
:10C48000002030B121F4C040B0F5FA6F01DC01208A
:10C4900000E0002080B121F4C040B0F57A7F04DDD7
:10C4A00021F4C040C0F57A7001E021F4C040584347
:10C4B000642590FBF5F001B202F4C040B0F5005FD6
:10C4C00001D1012000E0002030B122F4C040B0F5DD
:10C4D000FA6F01DC012000E0002080B122F4C040AE
:10C4E000B0F57A7F04DD22F4C040C0F57A7001E037
:10C4F00022F4C0405843642590FBF5F002B2944208
:10C5000001DA204600E01046884201DA084630BDD4
:10C51000944201DA2046FAE71046F8E708B500220F
:10C520001146104600F06EF90090BDF80010084664
:10C5300008BD08B500221146104600F07BF90090B6
:10C54000BDF80010084608BD1CB500200146024693
:10C55000D408BDF8003064F304038C080093BDF8E0
:10C56000003064F34A13C4080093BDF8003064F34C
:10C57000CF230093BDF8004023460193BDF804107B
:10C5800008461CBD08B500221146104600F09AF975
:10C590000090BDF80010084608BD01B583B00398AF
:10C5A0000190BDF80400C00AC0EBC00202EB0020FD
:10C5B000C01DC0F347108DF80200BDF80400C0F3A1
:10C5C000451000EB400202EB0020C01CC0F38710B6
:10C5D0008DF80100BDF8040000F01F00C0EBC002A0
:10C5E00002EB0020C01DC0F347108DF80000FF20B3
:10C5F0008DF80300009802909DF808009DF80A202D
:10C60000032313FB02009DF80920042313FB0201FE
:10C61000C1F3C70004B000BD13B582B00C46FFF7EC
:10C62000B1FF22460190029900F004FA0090BDF893
:10C630000010084604B010BD37B503461C4604F090
:10C64000030525B1BDF804501D809B1C521EBDF88A
:10C65000045005EB0541184610E00160001D016023
:10C66000001D0160001D0160001D0160001D0160D2
:10C67000001D0160001D0160001D103A102AECD859
:10C68000034604E0BDF804501D809B1C521E002A86
:10C69000F8D13EBD0160704708B5014601F478004D
:10C6A000000A01F47C4240EA5210C1F3C402104374
:10C6B0000090BDF80020104608BD08B5014601F401
:10C6C0007800000A01F47C4240EA5210C1F3C4022F
:10C6D00010430090BDF80020104608BD2DE9F04F32
:10C6E00085B0824689461446CAEB0A204FF4B471DD
:10C6F000B0FBF1F01FFA80FAC9EB0920642190FB2E
:10C70000F1F000F0FF09C4EB042090FBF1F0C4B29B
:10C71000B9F1000F0BD122462146204600F0D2F895
:10C720000090BDF80010084605B0BDE8F08F2B2042
:10C730009AFBF0F0C0B204902B21049810FB01F09A
:10C74000AAEB000000EB40004006000E0390C9F188
:10C75000FF0060434FEA2028039809FB00F0FF2107
:10C76000A1EB20206043001202900398C0F1FF006B
:10C7700000FB09F0A1EB202060434FEA202B049836
:10C78000052818D2DFE800F003070B0F1300254639
:10C790005E46474613E0029D264647460FE0454663
:10C7A00026465F460BE04546029E274607E05D466B
:10C7B0004646274603E025464646029F00BF00BF87
:10C7C0003A463146284600F07DF80190BDF8041045
:10C7D0000846A9E718B50346D408BDF8000064F37D
:10C7E00004008C080090BDF8000064F34A10DC08D7
:10C7F0000090BDF8000064F3CF200090BDF8004029
:10C80000204618BD18B50346D408BDF8000064F3EF
:10C8100004008C080090BDF8000064F34A10DC08A6
:10C820000090BDF8000064F3CF200090BDF80040F8
:10C83000204618BD18B50346D408BDF8000064F3BF
:10C8400004008C080090BDF8000064F34A10DC0876
:10C850000090BDF8000064F3CF200090BDF80040C8
:10C86000204618BD18B50346D408BDF8000064F38F
:10C8700004008C080090BDF8000064F34A10DC0846
:10C880000090BDF8000064F3CF200090BDF8004098
:10C89000204618BD18B50346D408BDF8000064F35F
:10C8A00004008C080090BDF8000064F34A10DC0816
:10C8B0000090BDF8000064F3CF200090BDF8004068
:10C8C000204618BD18B50346D408BDF8000064F32F
:10C8D00004008C080090BDF8000064F34A10DC08E6
:10C8E0000090BDF8000064F3CF200090BDF8004038
:10C8F000204618BD18B50346D408BDF8000064F3FF
:10C9000004008C080090BDF8000064F34A10DC08B5
:10C910000090BDF8000064F3CF200090BDF8004007
:10C92000204618BD37B581B0101DC210BDF80800F3
:10C9300040EA00400B4D00EA0501BDF8040040EA62
:10C94000004000EA0503581A504301EB501000EA7A
:10C95000050444EA144080B20090BDF80050284617
:10C9600004B030BD1FF8E00737B581B0101DC2100C
:10C97000BDF8080040EA00400B4D00EA0501BDF893
:10C98000040040EA004000EA0503581A504301EB56
:10C99000501000EA050444EA144080B20090BDF84B
:10C9A0000050284604B030BD1FF8E00737B581B00D
:10C9B000101DC210BDF8080040EA00400B4D00EA0F
:10C9C0000501BDF8040040EA004000EA0503581ADA
:10C9D000504301EB501000EA050444EA144080B2D1
:10C9E0000090BDF80050284604B030BD1FF8E007A5
:10C9F00037B581B0101DC210BDF8080040EA0040F4
:10CA00000B4D00EA0501BDF8040040EA004000EAD1
:10CA10000503581A504301EB501000EA050444EA9C
:10CA2000144080B20090BDF80050284604B030BDDC
:10CA30001FF8E00737B581B0101DC210BDF808001F
:10CA400040EA00400B4D00EA0501BDF8040040EA51
:10CA5000004000EA0503581A504301EB501000EA69
:10CA6000050444EA144080B20090BDF80050284606
:10CA700004B030BD1FF8E00707B581B00346188841
:10CA8000BDF80810C90A01FB0200803000EBC0119C
:10CA900001EBC030C00DBDF8001060F3CF21009154
:10CAA0005888BDF80810C1F3451101FB0200803021
:10CAB00000EBC01101EBC030C00DBDF8001060F3F9
:10CAC0004A1100919888BDF8081001F01F0101FB80
:10CAD0000200803000EBC01101EBC030C00DBDF88A
:10CAE000001060F30401009100BF00BFBDF800100A
:10CAF000084604B000BD07B581B003461888BDF8EC
:10CB00000810C90A01FB0200803000EBC01101EBE4
:10CB1000C030C00DBDF8001060F3CF2100915888DF
:10CB2000BDF80810C1F3451101FB0200803000EB95
:10CB3000C01101EBC030C00DBDF8001060F34A1108
:10CB400000919888BDF8081001F01F0101FB020058
:10CB5000803000EBC01101EBC030C00DBDF80010FB
:10CB600060F30401009100BF00BFBDF8001008464B
:10CB700004B000BD01B581B0BDF80400C00AC0EB2F
:10CB8000C00101EB0020C01DC0F347108DF802006A
:10CB9000BDF80400C0F3451000EB400101EB00209C
:10CBA000C01CC0F387108DF80100BDF8040000F030
:10CBB0001F00C0EBC00101EB0020C01DC0F34710F7
:10CBC0008DF80000FF208DF8030000980CBD08B51B
:10CBD000FF2211461046FFF72DFE0090BDF8001011
:10CBE000084608BD1CB5FF2001460246D408BDF822
:10CBF000003064F304038C080093BDF8003064F344
:10CC00004A13C4080093BDF8003064F3CF230093A7
:10CC1000BDF8004023460193BDF8041008461CBD32
:10CC200070B506460C4625460020A88464212620BF
:10CC30004155272041553035287B20F003002873CB
:10CC4000287B20F004002873002028606860303DB5
:10CC5000084800782C2148554FF48031204609F0CF
:10CC600025F84FF44071204609F045FD204614F0A8
:10CC7000AFFC70BD080200202DE9F34F89B0F948E0
:10CC80000A990AF041FA8046B8F1010F02D00BB0C0
:10CC9000BDE8F08F0A9804F044F805460A9804F0BD
:10CCA000A1F806463446132D42D14FF440313046A8
:10CCB0000BF0EAFC81464FF4403130460BF08DFD1D
:10CCC00082464FF4403130460BF04AFE83464FF423
:10CCD000403130460BF0FBFB0890D14501DD494661
:10CCE00000E051460898834501DD584600E0089869
:10CCF000814205DDD14501DD484607E0504605E0AB
:10CD00000898834501DD584600E00898801C00B271
:10CD100007900A9804F063F80746B7F900100798DF
:10CD2000814202DDB7F9000000E00798388008E290
:10CD3000292D1BD10A9804F052F8074630460CF012
:10CD4000B8F8B9883A88891A491C09B2884209D1C9
:10CD500030460AF013FBF9887A88891A491C09B20F
:10CD6000884202D0304614F033FCEAE12A2D03D188
:10CD7000304614F02DFCE4E10D2D71D10A9804F039
:10CD80002EF80768132F01D0112F40D1606A089048
:10CD900094F83C0000F0030020B101280ED00228D6
:10CDA00024D117E0A08C401C4FF4B47190FBF1F239
:10CDB00001FB120080B2ADF8200017E02620005DD4
:10CDC000401C642190FBF1F201FB1200C0B28DF80F
:10CDD00022000BE02720005D401C642190FBF1F253
:10CDE00001FB1200C0B28DF8230000BF00BF304627
:10CDF000089900F0BAF948B100221C21304603F02E
:10CE0000F7FF8046B8F1010F00D040E747E0142F4C
:10CE100001D0122F43D1606A089094F83C0000F0D2
:10CE2000030020B101280ED0022827D119E0A08CE0
:10CE3000002802DDA08C401E01E04FF4B47080B2E7
:10CE4000ADF820001AE02620005D002803DD262032
:10CE5000005D401E00E06420C0B28DF822000DE0AD
:10CE60001EE02720005D002803DD2720005D401E16
:10CE700000E06420C0B28DF8230000BF00BF304640
:10CE8000089900F072F948B100221C21304603F0E5
:10CE9000AFFF8046B8F1010F00D0F8E600BF50E1C7
:10CEA000012D11D111F009FE606306F0DFF807468D
:10CEB00004F1380106F0F4F83046EBF7A5F98046A6
:10CEC000B8F1010FEBD0E2E6022D7CD106F0CEF8EE
:10CED0008246BAF1000F00D1D9E6504606F01BF9A0
:10CEE0008346BBF1040F02D0BBF1020F18D13046CC
:10CEF0000BF0DFFF019000EBD070B18A01EB600016
:10CF000000B2ADF8200030460AF038FA019000EB8C
:10CF1000D0704110F08A084400B2ADF8220003E05E
:10CF200008A9504606F0BCF8DAF80000007E079029
:10CF3000BDF92000B4F93810401A002805DDBDF90C
:10CF40002000B4F93810401A04E0B4F93800BDF9F3
:10CF50002010401A0799884214DCBDF92210B4F958
:10CF60003A00081A002805DDBDF92210B4F93A008C
:10CF7000081A04E0B4F93A00BDF92210401A0799E2
:10CF8000884208DD11F099FD6063BDF8200020871C
:10CF9000BDF822106187BDF82000B18A401A00B2A6
:10CFA000ADF82000BDF82210F08A081A00B2ADF8E2
:10CFB000220030460BF07DFF80B2069000200590E5
:10CFC0000021304600E098E00BF075F881460698A5
:10CFD00000EBD07149100FB2BDF82000C01B00B2A9
:10CFE000ADF82000BDF82200C01B00B2ADF8220051
:10CFF00001200490A7EB090007B2412F0ADD494642
:10D0000009EBD172521010B2391A0FB2412F00DA67
:10D01000412700BFBDF8200010FB00F0BDF8221032
:10D0200011FB010107FB07F0814201DA00200490A7
:10D03000606B11F035FD03900498A8B9DAF8000090
:10D04000818B039881420FD294F83C00C0F380009A
:10D0500050B9304613F0A0F806F008F8019006F039
:10D06000C9F914E6F0BB0308049800B90FE6BDF94E
:10D070002210BDF92000FDF7D2FB4FF4B47190FBF4
:10D08000F1F201FB120000B20590606A029094F880
:10D090003C0000F0030020B1012807D002281BD17A
:10D0A0000FE0059880B2ADF8080015E064210598FE
:10D0B00048434FF4B47190FBF1F0C0B28DF80A0010
:10D0C0000AE06421059848434FF4B47190FBF1F0F5
:10D0D000C0B28DF80B0000BF00BF3046029900F0CF
:10D0E00044F848B100221C21304603F081FE8046FE
:10D0F000B8F1010F00D0CAE523E0112D0CD10A9838
:10D1000003F06DFE074647F6FF7206F1140039681A
:10D11000E6F7DDF9387114E0152D06D10A98ECF721
:10D120007FFD0A98EDF7A7FD0BE0122D09D10A98B3
:10D1300003F055FE07463878022801D001203870E8
:10D1400000BF00BFA3E538B5044600BF00BF2546B9
:10D1500027235A5D2C462623595DA88CFFF7BEFA7B
:10D160000090BDF80010084638BD73B50546BDF8FF
:10D170000400B0F5B47F0ADDBDF804004FF4B471CB
:10D1800090FBF1F201FB120080B2ADF804009DF8B3
:10D190000600642802DD64208DF806009DF8070073
:10D1A000642802DD64208DF8070000BF00BF2C4614
:10D1B000A08CBDF8041088420DD12620005D9DF89A
:10D1C0000610884207D12720005D9DF8071088428D
:10D1D00001D100207CBD01986062284614F0F8F966
:10D1E00028460CF060FA0120F4E700BF07F06AFE61
:10D1F00004E011F02FFD052019F048FFF9E770B5A4
:10D2000005460C460CB9002013E0284600F022F930
:10D2100060435030A02190FBF1F0012808DD284642
:10D2200000F018F960435030A02190FBF1F000E0CD
:10D23000012000B270BD2DE9F04104460F461546AD
:10D240001E461C21204608F046F9276065602068CC
:10D25000A060E660BDE8F0811CB504464C21204684
:10D2600008F039F94FF4A0702080F02060804FF072
:10D27000FF30A080E080002020816081206920F0C4
:10D28000080008302061206920F0400020618221E0
:10D29000206961F3D01020614FF47F40002100F439
:10D2A0007C4241EA5211C0F3C40211430091BDF81F
:10D2B000002011460191BDF80400A0860248E063F9
:10D2C0002064382060641CBDE5FD0108FEB50546FC
:10D2D0005648E7F7BBFA044644B900BF1CB900BF83
:10D2E00000BF00BFFEE700BF0020FEBDA86B98B9DD
:10D2F000686C07F0FFFD064600BF1EB900BF00BF07
:10D3000000BFFEE700BF0EB90020EEE73146284619
:10D31000EA6B9047AE6300BF4FF4AC71204608F053
:10D32000DAF8256042480768046022460421414833
:10D3300011F022FC606000BF606818B900BF00BF38
:10D3400000BFFEE700BF606820B9204607F0A0FEDE
:10D350000020CAE7287CC0F3400068B128886988AB
:10D3600010FB01F0E968C968884205D9286920F0F6
:10D370000200286100BF00BF00BFFF221146104617
:10D38000FFF788FA0190BDF8041008460290BDF836
:10D3900008006085FF2084F8290011F057FB88B948
:10D3A00000200DF0CBFE029005200DF0C7FE01908D
:10D3B0002148002300902046DDE9011211F0E6FA31
:10D3C000A06002E011F0D8FAA060002009F058FA3D
:10D3D0002061002009F054FAE061002009F050FAC1
:10D3E0002062E0690DF06CF8206A0DF069F8022106
:10D3F000E06909F080F90221206A09F07CF9002136
:10D40000E0690DF096FB0021206A0DF092FB206987
:10D410000CF049F906480760006808B90448046040
:10D42000606811F0C4FC20465FE700006CC5002076
:10D430007C020020C53600084CF703080021C268B2
:10D440001161C2685161704701480068704700006F
:10D450007C02002000B5014611B9FFF7F5FF014637
:10D4600009B9822000BD08680069C0F3C910F9E756
:10D4700001460868C068704700B5014611B9FFF75A
:10D48000E3FF014609B9002000BD0868007CC0F335
:10D490000110012802D0032805D100E000BF086870
:10D4A000B0F90200F0E70868B0F90000ECE710B549
:10D4B000044614B9FFF7C8FF04461CB900BF00BFFB
:10D4C000002010BD206AFCE710B5044614B9FFF730
:10D4D000BBFF04461CB900BF00BF002010BDE069BF
:10D4E000FCE7000010B504461CB90448E7F77BF9D7
:10D4F00010BD21460148E7F78EF9F9E76CC5002019
:10D5000010B5044614B9FFF79FFF04461CB900BFCD
:10D5100000BF002010BD2069FCE710B5044614B917
:10D52000FFF792FF04461CB900BF00BF002010BDEA
:10D530006069FCE710B5044614B9FFF785FF04469F
:10D54000A06810BD00B5014611B9FFF77DFF014687
:10D5500009B9002000BD0868007CC0F30110012853
:10D5600002D0032805D100E000BF0868B0F9000030
:10D57000F0E70868B0F90200ECE72DE9FC47054642
:10D580000C4690469946DDE90A67207B022801DCBB
:10D59000BDE8FC87608800B9FAE7BE4200D1F7E732
:10D5A000CDE900674B46424621462846D5F810C0D3
:10D5B000E04700BFECE73EB504461021204607F0E7
:10D5C0008AFF01206080FF20207300BF00200146F9
:10D5D0000246D508BDF8003065F304038D080093BA
:10D5E000BDF8003065F34A13C5080093BDF800305C
:10D5F00065F3CF230093BDF800502B460193BDF88F
:10D60000041008460290BDF8080020803EBD2DE9B8
:10D61000FF4F83B081468A461F46DDF84080139C49
:10D62000059806B207F5B470804512D1A9EB060043
:10D6300000B22080AAEB060000B2608009EB060071
:10D6400000B2A0800AEB060000B2E08007B0BDE89F
:10D65000F08FB7F5B47F02DDA7F5B47087B2B8F5E7
:10D66000B47F03DDA8F5B4701FFA80F8119905980E
:10D67000401A00B20290129929B1119800EBD071B2
:10D680004910491C00E000210DB25A2097FBF0F030
:10D69000C0B201905A2098FBF0F0C0B200900198FF
:10D6A000042801D1032001900098042801D103200F
:10D6B0000090DDE9001088427CD147457ADC019872
:10D6C00058BB38B211F0F6FC029948430AEBE0303F
:10D6D000401B00B2608007F15A0000B211F0EAFC72
:10D6E000704309EBE030284400B2A0800FFA88F0C4
:10D6F00011F0E0FC70430AEBE030284400B2E08017
:10D7000008F15A0000B211F0D5FC0299484309EB28
:10D71000E030401B00B2208096E1019801282BD117
:10D7200038B211F0C7FC70430AEBE030284400B275
:10D73000E08007F15A0000B211F0BCFC02994843A6
:10D7400009EBE030284400B2A0800FFA88F011F015
:10D75000B1FC029948430AEBE030401B00B2608004
:10D7600008F15A0000B211F0A5FC704309EBE0305B
:10D77000401B00B2208067E1019802282DD107F1FB
:10D780005A0000B211F096FC704309EBE030401BE8
:10D7900000B2208038B211F08DFC029948430AEBA8
:10D7A000E030284400B2E0800FFA88F011F082FCEB
:10D7B000704300E040E00AEBE030401B00B26080C4
:10D7C00008F15A0000B211F075FC0299484309EBC8
:10D7D000E030284400B2A08036E1019803289BD1B4
:10D7E00007F15A0000B211F065FC0299484309EBB9
:10D7F000E030401B00B2208038B211F05BFC704377
:10D800000AEBE030401B00B2608008F15A0000B221
:10D8100011F050FC704309EBE030284400B2A080C6
:10D820000FFA88F011F046FC029948430AEBE03009
:10D83000284400B2E08007E10198B8BB00980128B5
:10D8400035D108F15A0000B211F034FC704309EBF5
:10D85000E030401B00B220800FFA88F011F02AFC63
:10D86000834638B211F026FC834504DA0FFA88F0BB
:10D8700011F020FC02E038B211F01CFC0299484380
:10D880000AEBE030401B00B2608007F15A0000B2A2
:10D8900011F010FC704309EBE030284400B2A08086
:10D8A0000AEB0600284400B2E080CDE0FFE70198D3
:10D8B00001283AD10098022837D1A9EB0600401B75
:10D8C00000B220800FFA88F011F0F4FB70430AEBED
:10D8D000E030401B00B2608007F15A0000B211F046
:10D8E000E9FB834608F15A0000B211F0E3FB8345DF
:10D8F00005DD07F15A0000B211F0DCFB04E008F18D
:10D900005A0000B211F0D6FB0299484309EBE0300F
:10D91000284400B2A08038B211F0CCFB70430AEB6F
:10D92000E030284400B2E0808EE0019802283DD12A
:10D93000009803283AD107F15A0000B211F0BAFB5F
:10D94000704309EBE030401B00B22080AAEB0600D8
:10D95000401B00B2608008F15A0000B211F0AAFB2F
:10D96000704309EBE030284400B2A0800FFA88F041
:10D9700011F0A0FB029900FB01FB38B211F09AFBF9
:10D9800002994843834506DD0FFA88F011F092FBB7
:10D990000299484304E038B211F08CFB02994843E5
:10D9A0000AEBE030284400B2E0804DE00198032803
:10D9B0003AD10098B8BB08F15A0000B211F07AFBD6
:10D9C000834607F15A0000B211F074FB834505DA73
:10D9D00008F15A0000B211F06DFB04E007F15A00A3
:10D9E00000B211F067FB0299484309EBE030401B9D
:10D9F00000B2208038B211F05DFB70430AEBE030DA
:10DA0000401B00B2608009EB0600284400B2A080F1
:10DA10000FFA88F011F04EFB70430AEBE030284417
:10DA200000B2E08010E0FFE7A9EB060000B2208022
:10DA3000AAEB060000B2608009EB060000B2A080ED
:10DA40000AEB060000B2E08000BFFFE52DE9F041DF
:10DA500005460E4617469846B8F1000F08D100BF9C
:10DA600000BF14A23946284614F09FFDBDE8F0819E
:10DA7000F07A022800DCF9E7A86940B143463A464B
:10DA800031462846D5F818C0E047044606E043462C
:10DA90003A4631462846EAF734FA04463CB900BF14
:10DAA00000BF04A23946284614F07FFDDEE700BF20
:10DAB000DCE700004E6F0A64617461002DE9F843F1
:10DAC00004460D4616461F46DDF82080606908B9F9
:10DAD000BDE8F883CDF800803B4632462946204613
:10DAE000D4F814C0E04700BFF2E71CB50446182183
:10DAF000204607F0F0FC00BF002211461046FEF75A
:10DB000069FE0090BDF8001008460190BDF80400C1
:10DB10002081FF20E072401C6080012020751CBD28
:10DB2000704700001FB5C0B04198807E022801DC1C
:10DB300044B010BD4198006810B900BF00BFF7E7BE
:10DB40004098C06910B900BF00BFF1E7202238A893
:10DB50004199E2F79BFE419800683790439810B1D5
:10DB60004398007800B9E3E74098806802460D903A
:10DB700034A84299E5F794FB3390339800B9D7E77E
:10DB80004198007F32904198C07E319000BF9DF84F
:10DB9000C80008B90120329000BF4198407F00F0D2
:10DBA000020020B94298FCF7C6FD36901AE0419871
:10DBB000407F41F6FF724199B1F91210CDE9001290
:10DBC00002904198B0F914000C90419800680B90B5
:10DBD00002460DA80C9B439911F05AFBBDF9340085
:10DBE000369000BF00BF3798B0F9080030904198D8
:10DBF000B0F91210309808442F9000202E904298CF
:10DC00000088ADF8B40042984088ADF8B600002016
:10DC10002C902B904198B0F916002C904198B0F9B7
:10DC200018002B90BDF8B6102B98084400B2ADF840
:10DC3000B60000202A90401E2990469840B32B98A9
:10DC400030BB4298B0F90200002821DA469881687A
:10DC50004298B0F90200081A002806DD469881684B
:10DC60004298B0F90200081A05E04298B0F9021093
:10DC700046988068081A2F994900C1F5806188424A
:10DC800003DD4FF0FF314698016046980068299007
:10DC9000469860B12998002809DB29982A90BDF898
:10DCA000B61046988088084400B2ADF8B600419896
:10DCB000407F0021CDE900104198B0F914000D908B
:10DCC0002A99439808440C90369803B2DDE90C0277
:10DCD0003799E7F71FF92A990844289040E02898D7
:10DCE0002A904198407F0021CDE900104198B0F979
:10DCF00014000D9043992A9808440C90369803B26A
:10DD0000DDE90C023799E7F705F901462898084440
:10DD10002890BDF8B6102F98084400B2ADF8B600B0
:10DD20004698C0B1BDF9B60010F5806F13DB469878
:10DD3000006800280FDA46992A980860BDF9B610E5
:10DD40004298B0F90200091A469841604298B0F929
:10DD50000210469881602A994398405C00B9E7E632
:10DD6000BDF9B6103098014440988068B0F90200BF
:10DD70008142B4DB9DF8C800022823D14198407F3E
:10DD800000904198B0F914000D902A992898401AF3
:10DD90000C90439808440B90DDE90C13379A11F06E
:10DDA000E9FA2E904298FCF7C6FC2E99401A0D9085
:10DDB00000EBD070BDF8B41001EB600000B2ADF81C
:10DDC000B40022E09DF8C80003281ED14198407F8E
:10DDD00000904198B0F914000D902A992898401AA3
:10DDE0000C90439808440B90DDE90C13379A11F01E
:10DDF000C1FA2E904298FCF79EFC2E99401ABDF86D
:10DE0000B410084400B2ADF8B400419840682790BF
:10DE1000419881682691DDE92610884206D9279825
:10DE20000D90269827900D98269000BF4198807FEE
:10DE300000F0010020B94198807F00F00200E8B1B5
:10DE400023A800F06FFA41988089ADF88C003798CC
:10DE5000807B18B1379890F90E0000E00120ADF8F2
:10DE60008E004198807E8DF894004198807FC10893
:10DE70009DF8950061F301008DF895000020229037
:10DE80002090FEF74BFB1E900FA801F00BFA419873
:10DE9000008AADF84000BDF9B4000E90EAE1BDF88B
:10DEA000B4102C98084400B2ADF8B40000202290C1
:10DEB00021902A99439808440D90FCE000200C9092
:10DEC0004FF6FF71279888420CD02698884209D0D7
:10DED00021992A98084401460990EA4A4398126811
:10DEE00090470C9021AB0AAA0BA90D98E6F7F6FF14
:10DEF0004198407F00F0010000287BD0E2A000782C
:10DF00000B99884212D1229820B9219820900120A3
:10DF10002290D0E02298012802D10020229005E032
:10DF20002298022802D100202290C4E022980128E1
:10DF300067D10B98202863D1DDE92001081A072852
:10DF400059D108A8029020990D9808440390062002
:10DF5000049002980190039800900CE000980178DA
:10DF6000019801700198401C01900098401C00909D
:10DF70000498401E049004980028EFD100BF8DF84B
:10DF800026009DF821000490F5F7A2FC04469DF8B8
:10DF900020000490F5F79CFC04EB001007909DF81E
:10DFA00023000490F5F794FC04469DF822000490A9
:10DFB000F5F78EFC04EB001006909DF82500049008
:10DFC000F5F786FC04469DF824000490F5F780FCE4
:10DFD00004EB001005900598C0B204900698C0B2FA
:10DFE00003900798C0B20290DDE90312FEF70AFC25
:10DFF0001F9003E005E0419880891F900220229045
:10E0000059E0419880891E902298022801D11F98DA
:10E010001E90DDE90A21379803F003F91D904FF6B1
:10E02000FF71279888422ED0269888422BD02799B6
:10E030000C98884227D326990C98884223D2BDF8A1
:10E04000B400ADF82000BDF8B600ADF82200BDF870
:10E05000B4101D9801444198808A0844401E00B2C3
:10E06000ADF82400BDF8B6102F980844401E00B249
:10E07000ADF8260008AA0FA9409801F0F7F84198DA
:10E08000C0891E9000BFBDF87800ADF8EC002DAA45
:10E0900038A90B9B409800F01FF91D98002809DD56
:10E0A000BDF8B4104198828A1D981044084400B20B
:10E0B000ADF8B40000BF2A992898401A21998842E7
:10E0C0003FF6FCAE4198807F00F0020058B30E98F6
:10E0D00000B2ADF8300041980068B0F9080009902E
:10E0E00000EBD070BDF8B61001EB6001BDF98E00F9
:10E0F0000A9000EBD07001EB600000B2ADF8320086
:10E10000BDF8B400ADF82C00BDF83200ADF82E001B
:10E11000BDF87800ADF88C000BAB0CAA23A9409891
:10E1200000F0E9F800BF4198807F00F0010038B3AB
:10E130000E9800B2ADF83000BDF8B61041980068F6
:10E1400000890144419800684089091A379890F97C
:10E150000D00081A00B2ADF83200BDF8B400ADF8F9
:10E160002C00BDF83200ADF82E00BDF87800ADF8F7
:10E170008C000BAB0CAA23A9409800F0BCF800BFA0
:10E1800028982A904198407F0021CDE900104198BD
:10E19000B0F914000C9043992A9808440B903698D3
:10E1A00003B2DDE90B023799E6F7B4FE0146289881
:10E1B0000844289042980088ADF8B4009DF8C80043
:10E1C000022823D14198407F00904198B0F9140073
:10E1D0000C902A992898401A0B90439808440A906A
:10E1E000DDE90B13379A11F0C5F82E904298FCF731
:10E1F000A2FA2E99401A0C9000EBD070BDF8B41022
:10E2000001EB600000B2ADF8B40022E09DF8C80058
:10E2100003281ED14198407F00904198B0F9140026
:10E220000C902A992898401A0B90439808440A9019
:10E23000DDE90B13379A11F09DF82E904298FCF708
:10E240007AFA2E99401ABDF8B410084400B2ADF81D
:10E25000B400BDF8B6102F98084400B2ADF8B6006F
:10E26000BDF9B61040988068B0F90600814200DD23
:10E270005EE400BF2A994398405C00287FF40FAE0B
:10E2800000BF55E4E40200202300000038B5044636
:10E290002021204607F01FF9FF20A076FEF73EF967
:10E2A0000090BDF80000A0810A4820604FF6FF7082
:10E2B0006060A060FEF732F90090BDF80000E081D8
:10E2C00005200CF03BFF0090BDF8000020820020EC
:10E2D000E07638BD4CF703082DE9F04104460D46C1
:10E2E00016461F463B46324629462046D4F81CC0F7
:10E2F000E047BDE8F0812DE9F04105460C461646A1
:10E300001F46608808B9BDE8F081207A022800DC49
:10E31000F9E73B46324621462846D5F820C0E0477B
:10E3200000BFF0E73EB504460A21204607F0D3F8C7
:10E3300001206080FF20207200BF002001460246BD
:10E34000D508BDF8003065F304038D080093BDF8CF
:10E35000003065F34A13C5080093BDF8003065F33B
:10E36000CF230093BDF800502B460193BDF8041055
:10E3700008460290BDF8080020803EBD02460B46CC
:10E38000002106E00C4850F8310000B903E0481CB9
:10E39000C1B21029F6DB00BF102904DB00BF00BFAB
:10E3A0004FF0FF307047044840F8312000EBC100C7
:10E3B00043600846F6E70000DCC600202DE9F04F78
:10E3C00087B081468A4616461D46109CB4F90A005D
:10E3D000301A0690B4F90800AAEB00000590B4F9D1
:10E3E0000C00B4287EDAB4F90E00B428FADAA08959
:10E3F000002877D0E0890028FBD0B4F90C10B4F9DC
:10E400000E0081426EDDB4F90A00B04203DD012046
:10E4100007B0BDE8F08F606D069948438012049004
:10E42000A16A0698401C41434FEAA128B4F90C00A8
:10E43000B0F5877F0ADDB4F90C00B0F5B47F05DADA
:10E44000B8F1000F02DA4FF000081BE0B4F90C003D
:10E45000002809DDB4F90C005A2805DCB8F1000FDA
:10E4600002DA4FF000080DE0B4F90C005A2809DD7B
:10E47000B4F90C00B0F5877F04DAB8F1000F01DDC4
:10E480004FF00008B4F90E00B0F5877F0ADDB4F94B
:10E490000E00B0F5B47F05DAB8F1000F02DA4FF0E4
:10E4A00000081BE0B4F90E00002809DDB4F90E00E5
:10E4B0005A2805DCB8F1000F02DA4FF000080DE031
:10E4C000B4F90E005A2809DDB4F90E00B0F5877FC3
:10E4D00004DAB8F1000F01DD4FF000080498A0EB5A
:10E4E000080000E042E0401003904FF0010B0120D3
:10E4F0000290039808EB000105980F1AAF4200DD67
:10E500002F46002F10DD04F110003BB23246514679
:10E510000090484600F076FA8346BBF1000F03D125
:10E520003946484606F0D7FFAF4200DD2F46002FA0
:10E5300000DA002704F13C00EA1B13B20AEB0702E1
:10E5400011B2009009EB0700324600F05BFA02902E
:10E55000029820B9E91B09EB070006F0BCFF0298FE
:10E56000834501D1584653E7022051E7B4F90C0026
:10E57000B4287DDDB4F90E00B428FADDB4F90C102E
:10E58000B4F90E008142F4DDB4F90A00B04201DAB8
:10E5900001203DE7606D0699484380120490A16A0E
:10E5A0000698401C41434FEAA128B4F90C00B0F58D
:10E5B000877F0ADDB4F90C00B0F5B47F05DAB8F155
:10E5C000000F02DA4FF000081BE0B4F90C0000283D
:10E5D00009DDB4F90C005A2805DCB8F1000F02DAA5
:10E5E0004FF000080DE0B4F90C005A2809DDB4F929
:10E5F0000C00B0F5877F04DAB8F1000F01DD4FF0B1
:10E600000008B4F90E00B0F5877F0ADDB4F90E00FA
:10E61000B0F5B47F05DAB8F1000F02DA4FF0000868
:10E620001BE0B4F90E00002809DDB4F90E005A28E9
:10E6300005DCB8F1000F02DA4FF000080DE0B4F984
:10E640000E005A2809DDB4F90E00B0F5877F04DA10
:10E65000B8F1000F01DD4FF000080498A0EB0800AE
:10E66000401003904FF0010B01200290039800E04E
:10E670003BE008EB000105980F1AAF4200DD2F4682
:10E68000002F10DD04F13C003BB2324651460090B1
:10E69000484600F0B7F98346BBF1000F03D1394675
:10E6A000484606F018FFAF4200DD2F46002F00DA83
:10E6B000002704F11000EA1B13B20AEB070211B2A3
:10E6C000009009EB0700324600F09CF90290029896
:10E6D00020B9E91B09EB070006F0FDFE029883450F
:10E6E00001D1584694E6022092E60127B846B4F9D3
:10E6F0000C00B42806D1B4F90A00B04200DD27E0CE
:10E70000032725E0A08938B9B4F90A00B04201DD39
:10E7100003271DE001271BE0B4F90C00B42803DA3D
:10E72000B4F90A00B04207DCB4F90C00B42805DDE6
:10E73000B4F90A00B04201DC032709E004F110003B
:10E740002B46324651460090484600F05BF907469A
:10E75000B4F90E00B42809D1B4F90A00B04202DDC0
:10E760004FF003082BE04FF0010828E0E08948B99A
:10E77000B4F90A00B04202DD4FF001081FE04FF08B
:10E7800003081CE0B4F90E00B42803DAB4F90A0057
:10E79000B04207DCB4F90E00B42806DDB4F90A0073
:10E7A000B04202DC4FF0030809E004F13C002B46C4
:10E7B000324651460090484600F024F9804617B191
:10E7C000B8F1000F01D1002022E6032F04D1B8F1E7
:10E7D000030F01D100201BE6012F04D1B8F1010F76
:10E7E00001D1012014E6022012E600002DE9F84FC5
:10E7F0000646894692461C460A9D002C01DA0024F2
:10E8000004E0B4F5B47F01DB40F26714002D01DAB7
:10E81000002504E0B5F5B47F01DB40F26715A542A1
:10E8200005DAC4F5B4702844A6F8680007E0281B90
:10E83000002801DD281B00E0601BA6F86800B481F9
:10E84000F581A6F80890A6F80AA0264830600120B5
:10E85000307100BF002C02DBB4F5B47F03DD00BFD4
:10E8600000BF00BFFEE700BF002C03DBB42C01DAC1
:10E87000002707E0B42C04DBB4F5B47F01DA0127EC
:10E8800000E0012700BF002D02DBB4F5B47F03DDFB
:10E8900000BF00BF00BFFEE700BF002D04DBB42DAA
:10E8A00002DA4FF0010809E0B42D05DBB5F5B47FBD
:10E8B00002DA4FF0000801E04FF00108234652460B
:10E8C000494606F11000009700F032F92B465246F7
:10E8D000494606F13C00CDF8008000F029F9BDE87A
:10E8E000F88F0000BDE301082DE9F84F0746884680
:10E8F00091469A464FF0000B104C15E02568012612
:10E900002068009053464A4641463846D5F800C034
:10E91000E047064616B90020BDE8F88F022E01D167
:10E920004FF0010B083400BF20680028E6D1BBF18E
:10E93000000F01D00220EFE70120EDE7DCC6002048
:10E9400070B5044626463079022814D125466869F8
:10E9500080B168690069002807DA6969486806F0CB
:10E9600097FB686906F094FB04E068694069401E03
:10E970006969486107E03079052804D12546A8680F
:10E9800006F086FB00BF70BD2DE9F04106463EB99A
:10E990001B48006810B10120BDE8F0810020FBE7B2
:10E9A000002428E0164850F8347007B921E038797F
:10E9B00002281BD1124850F83450A87C00F0010006
:10E9C00048B1B5F9102005F108013046E4F724FDFF
:10E9D00058B90120E0E7B5F9102005F108013046EB
:10E9E000E4F79FFC08B90120D6E701E00120D3E756
:10E9F00000BF601CC4B2102CD4DB0020CCE70000A8
:10EA0000DCC600202DE9F84F82460D4690461E4692
:10EA10000A9CA08AA8EB00000FFA80F8608A281AE6
:10EA200005B2206A00286BD194F8280000F001009C
:10EA300010B3207C00F0030020B1207C00F0030024
:10EA4000012802D10120BDE8F88F207C00F00300EE
:10EA5000022805D108F10100002801DA0120F2E7BF
:10EA6000207C00F00300032804D1B8F1000F01DD81
:10EA70000120E8E70020E6E7207C00F00300022800
:10EA800004D0207C00F00300032801D10120DAE744
:10EA9000207C00F00300012802D1002D00DDD2E728
:10EAA000207C00F00300A0B9A819002801DA012099
:10EAB000C9E76F42002F01DA0020C4E7002F06DB10
:10EAC000B74204DAF11B0AEB070006F004FD02204E
:10EAD000B9E7A819002801DA0020B4E76F42002F37
:10EAE00000DA0027B74201DB0020ACE7002F05DB8E
:10EAF000B74203DA3946504606F0EDFC0220A2E7A1
:10EB000094F8280000F0010040B1334642462946FF
:10EB100050460094FAF7DEFB814607E03346424652
:10EB2000294650460094FAF7C6FC814648468AE7D3
:10EB30002DE9FC4781460D4616461C46DDF828A007
:10EB4000B42C02DDA4F1B40004B204F15A0000B206
:10EB500010F0B0FA05EB6017204610F0ABFA06EBA8
:10EB600060180FFA88F03BB232462946CDE9000A18
:10EB7000484600F003F8BDE8FC8700002DE9F05F8F
:10EB800004460F4615469846DDE90A6B2C212046BF
:10EB900006F0A1FCB54206D1BBF1030F03D1681EFC
:10EBA00005B2701E06B2B54206DD4046B8460746BD
:10EBB00030462E46054600BF27816581A4F80C80AB
:10EBC000E68184F810B06782A582A8EB07000028D0
:10EBD00002DDA8EB070001E0A7EB0800711B00298C
:10EBE00001DD711B00E0A91B884201DD012000E06E
:10EBF000002094F8281060F3000184F82810002009
:10EC0000E061A0614748206000202071A8EB07095F
:10EC1000A6EB050A94F8280000F00100C0B1B9F194
:10EC2000000F07D04FF4801191FBF9F000FB0AF1BF
:10EC30008912E161BAF1000F07D04FF4801191FB06
:10EC4000FAF000FB09F18912A161E169216218E083
:10EC5000BAF1000F07D04FF4801191FBFAF000FBDE
:10EC600009F18912A161B9F1000F07D04FF48011A9
:10EC700091FBF9F000FB0AF18912E161A1692162BF
:10EC800000BF207C00F0030030B994F8280020F089
:10EC9000020084F8280039E0207C00F003000128FD
:10ECA00007D194F8280020F00200801C84F8280086
:10ECB0002CE0207C00F00300022811D1206A0028FB
:10ECC00007DD94F8280020F00200801C84F828005A
:10ECD0001CE094F8280020F0020084F8280015E0D9
:10ECE000207C00F00300032810D1206A002806DDF4
:10ECF00094F8280020F0020084F8280006E094F838
:10ED0000280020F00200801C84F82800206A80106F
:10ED10006062206A002802DA606A40426062BDE8F0
:10ED2000F09F000005EA01082DE9F04F8DB0804604
:10ED30008B4691461D461698807C00F001000C9091
:10ED40001698B0F910000B901699083109A8FBF736
:10ED500011FC0C9858B9BDF92600484503DCBDF9F3
:10ED60002A0048450DDA00200DB0BDE8F08FBDF94E
:10ED70002600484503DCBDF92A00484501DA012098
:10ED8000F2E7BDF924100B980844584507DC0BEB5B
:10ED90000501BDF928200B98101A81420BDDBDF941
:10EDA00026100B980844484559DCBDF92A100B98E9
:10EDB000081A484553DB0C9858BBBDF92400A0EB5A
:10EDC0000B0001900198A84201DD0020CCE70198DA
:10EDD000002803DB4046019906F07DFBBDF92800C1
:10EDE000A0EB0B0000F1010ABAF1000F01DC0020DA
:10EDF000BAE7AA4505DAA5EB0A0108EB0A0006F016
:10EE00006AFB019818B9AA4501D10120ACE702209C
:10EE1000AAE7BDF92400A0EB0B0ABAF1000F01DA52
:10EE20004FF0000AAA4517DCBDF92800A0EB0B0043
:10EE3000A0EB0A00401C019001985044A84202DD5A
:10EE4000A5EB0A0001900198002804DB08EB0A00FA
:10EE5000019906F040FB00BF00BF022084E7BDF926
:10EE60002400A0EB0B00089009A8FBF76BFC0790AF
:10EE700009A8FBF7DFFB0690BDF82400ABEB000010
:10EE80000FFA80FBBDF82600A9EB00000FFA80F90D
:10EE90000B98814506DA0B98A0EB0900401E00B2E2
:10EEA000039006E00B990698401AA9EB000000B207
:10EEB0000390169904AB05AA48690399F3F77AFD04
:10EEC0000290DDE9071001440B98081ABDF81010F4
:10EED000084406B20B9908980844BDF81010401A6F
:10EEE000401E07B20C98002863D1002425E0BDF92C
:10EEF0001400001B401E029911F800A030190028D0
:10EF00000BDB3019A84208DA301918F80010504607
:10EF100010F09BFF311908F80100381B0BD4381B87
:10EF2000A84208DA381B18F80010504610F08DFF80
:10EF3000391B08F80100601C04B2BDF914008442BA
:10EF4000D5DB3019A84201DA301900E02846002844
:10EF500001DA002005E03019A84201DA301900E09A
:10EF6000284606B2A91B08EB060006F0B4FABDF964
:10EF70001400381A401CA84204DABDF91400381AEB
:10EF8000401C00E02846002801DA00200BE0BDF913
:10EF90001400381A401CA84204DABDF91400381ACB
:10EFA000401C00E0284607B23946404606F093FA76
:10EFB0005FE0002427E0BDF91400401E011B029809
:10EFC000405CC0F1FF000090301900280BDB3019C5
:10EFD000A84208DA301918F80010009810F035FF30
:10EFE000311908F80100381B0BD4381BA84208DA85
:10EFF000381B18F80010009810F027FF391B08F88C
:10F000000100601C04B2BDF914008442D3DB781CFB
:10F01000A84200DA00E02846002801DA002004E0D7
:10F02000781CA84200DA00E028460FFA80FAA6EB26
:10F030000A00A5EB0A01884202DAA6EB0A0001E009
:10F04000A5EB0A00002801DA00200AE0A6EB0A007E
:10F05000A5EB0A01884202DAA6EB0A0001E0A5EB63
:10F060000A0000B2019008EB0A00019906F033FA99
:10F0700000BF022078E600002DE9F84F07468846D9
:10F08000154699464046FBF75DFB83464046FBF735
:10F09000D1FA00900098834501DA584600E00098C4
:10F0A0008246B5EB6A0F02DD4FEA6A0005B2002D19
:10F0B00000DA0025414607F10800FBF75BFA3D82C4
:10F0C00087F8129051483860022038711DB900202D
:10F0D0007861BDE8F88F002440E0C4EBC4004C49DF
:10F0E00001EB8000B0F91800A84236D1C4EBC4008F
:10F0F00001EB80004069401CC4EBC401444A02EBB0
:10F1000081014861C4EBC400114601EB8000016934
:10F11000102D01DA012000E028110844B0F57A7FB3
:10F120000CDAC4EBC4003A4901EB80000169102DF0
:10F1300001DA012000E02811084401E04FF47A7060
:10F14000C4EBC401324A02EB81010861C4EBC40084
:10F15000114601EB80007861BBE7641C042CBCD332
:10F16000002600241BE0C4EBC400294901EB800009
:10F17000406998B926B9C4EBC40001EB80060DE0E4
:10F18000C4EBC400224901EB800000693169884268
:10F1900004DAC4EBC4001E4901EB8006641C042C95
:10F1A000E1D396B91C2005F0A5FE064600BF1EB9A6
:10F1B00000BF00BF00BFFEE700BF1C21304606F0C5
:10F1C0008AF94FF0FF30306119E07069401C7061BE
:10F1D000002030613169102D01DA012000E0281192
:10F1E0000844B0F57A7F07DA3169102D01DA012081
:10F1F00000E02811084401E04FF47A7030617E612C
:10F2000029467869E8F75CF900BF62E729ED010853
:10F210006CC6002070B50546002600240DE00948A4
:10F2200000EBC4004068A84205D1064850F834609D
:10F23000204600F009F8601CC4B2102CEFDB304609
:10F2400070BD0000DCC60020014600204A1C4AB107
:10F25000054A52F831000022034B43F8312003EBFA
:10F26000C1035A6070470000DCC6002070B5054637
:10F270000E46144600BFE0886188401A401C00B268
:10F28000012807DB00BFA0882188401A401C00B27B
:10F29000012800DA70BD224631462846EB689847BF
:10F2A00000BFF7E738B504463821204606F013F9C9
:10F2B000FDF78DFC0090BDF80000A080FDF787FCF5
:10F2C0000090BDF80000E080FDF733F90090A01D2C
:10F2D000BDF800106181FF2121730221A173FDF7A8
:10F2E00028F90090BDF800000C346082FDF721F988
:10F2F0000090BDF8000020840848A060FF2004F8BA
:10F30000090CA073A077A07584F82A00E07D20F096
:10F310003E001E30E0750C3C38BD00004CF7030881
:10F320002DE9F04FC9B081460D4614469846539FCB
:10F33000529E287B022802DC49B0BDE8F08F688825
:10F3400000B9F9E7BE4200D1F6E7B5F902A0C2451F
:10F3500001DD0FFA88FA3BA8FFF7A4FF687B00F0F5
:10F3600003008DF8EE00A86840B100208DF8EF0092
:10F37000A8683F90287B8DF8060105E0287B8DF872
:10F38000EF002888ADF8F0002088A0EB080000B25C
:10F39000ADF8E4006088A0EB080000B2ADF8E6002C
:10F3A00020884044401E00B2ADF8E8006088404428
:10F3B000401E00B2ADF8EA0000BFBDF8E400ADF8B1
:10F3C000DC00BDF8E600ADF8DE00BDF8E800ADF801
:10F3D000E000BDF8EA00ADF8E20000BFBDF8DC00D7
:10F3E0006988084400B2ADF8DC00BDF8DE00698829
:10F3F000084400B2ADF8DE00BDF8E0006988401AAC
:10F4000000B2ADF8E000BDF8E2006988401A00B231
:10F41000ADF8E2004FF0FF3B00BFBDF8E000BDF8E3
:10F42000DC10401A401C00B2002815DD00BFBDF8FA
:10F43000E200BDF8DE10401A401C00B200280BDDCF
:10F44000012347F6FF7237A931A8FFF715FE002107
:10F4500031A8FEF793FF8346002347F6FF7239A9D0
:10F460002BA8FFF709FE00212BA8FEF787FF2A90A3
:10F4700006F5B470B84203D007F5B470864218D1CF
:10F4800047F6FF70ADF8EC0039AA3BA94846FFF7F4
:10F49000EDFE2A98FFF7D8FE0BF1010010B1584697
:10F4A000FFF7D2FE2BA8FFF74BFA31A8FFF748FA77
:10F4B00042E702E0A6F5B47086B2B6F5B47FF9DA99
:10F4C00002E0A7F5B47087B2B7F5B47FF9DA38B2C5
:10F4D0000090B4F90220B4F9001033B20FA8FFF77E
:10F4E00085F900210FA8FEF749FF0E90B74204DD11
:10F4F000B81BC0F5B4700D9001E0F01B0D90D9F869
:10F5000008000C900D983C282EDDB8F10A0F2BDD79
:10F5100005940FFA88F0ADF81800ADF81A60ADF850
:10F520001C705A2096FBF0F000F00300ADF81E00AE
:10F530005A2097FBF0F000F00300ADF82000ADF882
:10F5400022A03BA8099039A80A90CDF82C9005A8D4
:10F55000EDF765FF05A8EEF786F805A8EEF7ACF91C
:10F5600005A8EEF7D7FA04E039AA3BA94846FFF709
:10F570007DFE0FA8FFF7E4F92BA8FFF7E1F931A80A
:10F58000FFF7DEF90E98FFF75FFE2A98FFF75CFEA3
:10F590000BF1010010B15846FFF756FE687BC0F32F
:10F5A000800000287ED00AF0FF0204AB0FFA88F139
:10F5B00030B2F3F74FFBBDF810002188084400B2C9
:10F5C000ADF81000BDF814002188084400B2ADF871
:10F5D0001400BDF812006188084400B2ADF81200B2
:10F5E000BDF816006188084400B2ADF8160004AA00
:10F5F00002A80C99E3F754FED0B1002347F6FF723E
:10F6000004A906A8FFF738FD002106A8FEF7B6FEFC
:10F61000019002A8C9F8080039AA3BA94846FFF79B
:10F6200025FE0198FFF710FE06A8FFF789F900BF35
:10F630000AF0FF0204AB0FFA88F138B2F3F70AFBC5
:10F64000BDF810002188084400B2ADF81000BDF8E4
:10F6500014002188084400B2ADF81400BDF812006F
:10F660006188084400B2ADF81200BDF81600618848
:10F67000084400B2ADF8160004AA02A80C99E3F7FA
:10F680000FFEE0B1002347F6FF7204A906A8FFF7BA
:10F69000F3FC002106A8FEF771FE019002A8C9F84C
:10F6A000080000E00FE039AA3BA94846FFF7DEFD5D
:10F6B0000198FFF7C9FD06A8FFF742F900BF0C98B3
:10F6C000C9F8080000BF00BF36E670B504460D4615
:10F6D0001646324629462046E8F78CFE3246294631
:10F6E0002046E9F77CF870BD7CB504460D46287EBF
:10F6F000022800DC7CBDA26868462968E3F7D0FDDB
:10F7000000B9F7E7E06A10B12046E16A8847294668
:10F710002046626B904700BFECE72DE9F04F89B0BF
:10F7200007460C46E06800B90026E06820B1207C5E
:10F7300010B909B0BDE8F08F207C012801D1002666
:10F7400000E0E6687868FAF7D3FF8346BA6807A84E
:10F750002168E3F7A5FD00B9EBE7E5F77DFB8146FE
:10F7600038680690D9F80000C06988B9BDF91C0056
:10F770007968B1F90010401ABDF91E107A68B2F923
:10F780000220891A0BFB0101069800EB410006904C
:10F79000D4F804A0BAF1000F14D02068FAF7A8FF3B
:10F7A0008046BDF91C002168B1F90010411ABDF96D
:10F7B0001E002268B2F90220821A08FB02100AEB2E
:10F7C000400A01E04FF000089EB16069FAF790FF2F
:10F7D00005466069B0F90000BDF91C10411A606966
:10F7E000B0F90200BDF91E20821A05FB0210064482
:10F7F00000E0002578684088404202B278680088BE
:10F80000404201B207A8FAF7E6FFD9F80000C06944
:10F81000D0B1606860B9207ECDE901650090208993
:10F8200003465A4607A905900698F1F778FA46E08C
:10F83000207E53465A4607A9CDE90080CDE90265EE
:10F84000069810F062FA3AE06068E8B9607E60B944
:10F85000207ECDE901650090208903465A4607A91C
:10F8600005900698F1F7B6F829E0607E217ECDE993
:10F87000016500910390208903465A4607A9059027
:10F880000698F0F7F5FF1AE0607E58B9207E5346DF
:10F890005A4607A9CDE90080CDE90265069810F027
:10F8A0008DF80CE0607E217E53465A46CDE90081FA
:10F8B000CDE90265049007A906980FF0F5FF00BF97
:10F8C00037E72DE9FF4FB1B00C461746DDF8F88059
:10F8D000319988680188ADF8BC104188ADF8BE1038
:10F8E0008188ADF8C010C188ADF8C21000BF2FA844
:10F8F000FFF74AF82E901C2127A805F0ECFDE07ACE
:10F900008DF8B400207B00F00F008DF8B5002E9824
:10F9100090B9208880B96088B0F5807F0CD1B8F1AB
:10F92000040F09D1A07A38B927973498289027A9CD
:10F930003198FFF7D9FE51E2B8F1050F01D103204C
:10F9400000E0022081463846FAF7D9FE26904FF4AF
:10F950007F40002100F47C4241EA5211C0F3C4020E
:10F9600011431F91BDF87C201146249100252FA83A
:10F97000FAF752FE23902FA8FAF7C1FE8346BDF88E
:10F98000BC00ADF88400BDF8C000ADF88800BDF83B
:10F99000BE00ADF88600BDF88600ADF88A0021A84B
:10F9A0002790208818B96088B0F5807F01D00120A9
:10F9B00000E0002020902E9800287ED1209800287A
:10F9C000FBD1B8F1050FF8D1A07A0028F5D1E5F701
:10F9D00043FA1990FDF750FD1F902FA8FAF762FE29
:10F9E0001F99884201D91F9802E02FA8FAF75AFE02
:10F9F0001E901E99480005F0B7FA1D901E9805F05C
:10FA0000B3FA1C901C982A9021A82C9002208DF803
:10FA1000AC001D982890349EBDF9BE00B7F90210C5
:10FA2000401A2699484300FB0966BDF9BC00B7F9A6
:10FA30000010401A00FB096600201A903BE0B24615
:10FA400000201B9013E09AF802001C99485548B119
:10FA50009AF800109AF8012001EB02218AB21D9950
:10FA600021F815201B98401C1B90CA446D1C1B9844
:10FA70005845E8DB269800FB096605EB0B011E984C
:10FA8000814206D8BDF88A00401C00B2ADF88A0059
:10FA90000EE027A93198FFF727FEBDF88A00401C29
:10FAA00000B2ADF88600BDF88600ADF88A000025EA
:10FAB0001A98401C1A90239900E019E01A9888427D
:10FAC000BDDBBDF98600BDF98A10884209D0BDF8BA
:10FAD0008A00401E00B2ADF88A0027A93198FFF7CE
:10FAE00003FE1C9805F0BCFA1D9805F0B9FA74E104
:10FAF000E5F7B2F90290FDF7BFFC1F902FA8FAF7C7
:10FB0000D1FD1F99884201D91F9802E02FA8FAF76A
:10FB1000C9FD1E901E99480005F026FA1D901E98FA
:10FB200005F022FA06462A9621A82C9002208DF88C
:10FB3000AC001D98289000201C904C2109A805F0CD
:10FB4000CAFC209828B3208800B2ADF83000608845
:10FB5000ADF8320034980990269800B2ADF828002C
:10FB60003846FAF759FDADF82A008DF83680A0889E
:10FB7000ADF82C00E088ADF82E002089ADF83400F7
:10FB8000207D00F001008DF8370009A8E4F7C0FAE5
:10FB900015E034981C90BDF9BE00B7F90210411A67
:10FBA000269841431C9801FB09001C90BDF9BC003C
:10FBB000B7F90010411A1C9801FB09001C900020A5
:10FBC00007900890A07AC0F1FF000690A07AC8B113
:10FBD00022890292A07A07A9BDF80820D20A12FB56
:10FBE00000F20A80BDF80820C2F3451212FB00F2B1
:10FBF0004A80BDF8082002F01F0212FB00F28A8042
:10FC000000BF00BFB8F1040F05D1208818B9608883
:10FC1000B0F5807F01D0022000E001208DF8AC001B
:10FC20002E9818B130461E9905F08CFCBDF986005F
:10FC3000B7F90210401A039000200490B1E0DDF8FB
:10FC400070A00295BDF98400B7F90010401A019028
:10FC5000002005904BE02098B8B1DDE9030318447B
:10FC600002B2059B0198184401B209A8E3F7C5FF49
:10FC70000090009810B90020705533E009A8807DED
:10FC80007055BDF8380025901EE0B8F1050F05D17C
:10FC90009AF80200705500B924E001E0FF20705589
:10FCA0009AF800009AF8011000EB012080B225902C
:10FCB000B8F1060F08D1BDF89400BDF89010884245
:10FCC00002D1002070550DE0A07A28B107A8069A4D
:10FCD0002599FCF710FF2590BDF894101D9820F889
:10FCE000151000BF0598401C05906D1CCA4405986E
:10FCF0005845B0DB2E98E8B1BDF8BEC0049B634404
:10FD00001AB2BDF98410029BF0185B46FEF7ECFDB9
:10FD10000090009840B902997018594605F0DBFB35
:10FD200002208DF8AC0004E00098022801D18DF883
:10FD3000AC0000BF26991C9801FB09001C9005EB44
:10FD40000B011E98814206D2BDF88A00401C00B209
:10FD5000ADF88A0022E027A93198FFF7C5FCBDF86D
:10FD60008A00401C00B2ADF88600BDF88600ADF8F0
:10FD70008A000025B8F1040F05D1208818B96088E1
:10FD8000B0F5807F01D0022000E001208DF8AC00AA
:10FD90002E9818B130461E9905F0D4FB0498401CEB
:10FDA0000490239904988842FFF649AFBDF9860074
:10FDB000BDF98A10884209D0BDF88A00401E00B201
:10FDC000ADF88A0027A93198FFF78EFC304605F080
:10FDD00047F91D9805F044F900BF00BF35B0BDE8F4
:10FDE000F08F000070B506460C462546382128469F
:10FDF00005F071FB094828610948E8600948A862D4
:10FE00000948E86109486861094828620948686248
:10FE10000948E8620948686370BD000021F30108E1
:10FE2000D1040208CBF6010841FE0108C3F801081D
:10FE300039FF01083D0102080D0502081BF7010802
:10FE40002DE9F04387B005460E4690461C46002338
:10FE5000224603A9306801F052F98146B9F1000F3A
:10FE60000ED1202C09D34FF6FF00844205D042F278
:10FE70000C00844201D000BF00BF07B0BDE8F08392
:10FE8000BDF8140010B1BDF8120000B9F5E7B8F8DC
:10FE90000000BDF81610084400B2ADF80800306844
:10FEA000008931684989401AB8F802100844BDF841
:10FEB0001410401ABDF81810401A00B2ADF80A002C
:10FEC000BDF90800BDF812100844A968B1F9001086
:10FED000884217DBBDF90800A968B1F9041088420F
:10FEE00010DCBDF90A00BDF814100844A968B1F986
:10FEF0000210884206DBBDF90A00A968B1F90610B4
:10FF0000884200DDB9E72146039801F0E9F8074689
:10FF100017B900BF00BFB0E70398007B00F00300F3
:10FF200008B100BF06E003AB02AA3146284600979D
:10FF3000EBF766F800BFA0E72DE9F04F93B08046DD
:10FF40000E4614461D46708810B913B0BDE8F08FF8
:10FF5000307A022800DCF8E7B4F90000B5F90010A7
:10FF6000884206D1B4F90200B5F90210884200D1E6
:10FF7000EBE7B4F90010B5F90020914202DAB4F9C8
:10FF8000001001E0B5F90010B6F9020000EBD072E4
:10FF9000A1EB620109B2ADF84410B4F90010B5F953
:10FFA0000020914202DDB4F9001001E0B5F9001023
:10FFB000B6F9020000EBD07201EB620109B2ADF8B4
:10FFC0004810B4F90210B5F90220914202DAB4F9EE
:10FFD000021001E0B5F90210B6F9020000EBD07290
:10FFE000A1EB620109B2ADF84610B4F90210B5F9FF
:10FFF0000220914202DDB4F9021001E0B5F90210CD
:020000040802F0
:10000000B6F9020000EBD07201EB620109B2ADF863
:100010004A1011A911A8D8F80820E3F741F982463F
:10002000BAF1000F00D190E7D8F808B011A8C8F8CD
:100030000800B4F90200B5F90210884206D12B4637
:10004000224631464046EBF7B9F912E0B4F9000018
:10005000B5F90010884206D12B462246314640466B
:10006000EBF7C6FC05E02B46224631464046EBF74F
:1000700091FA707AC0F3C00020B9707AC0F38000A2
:10008000002857D003A8FFF70DF93088ADF810000D
:1000900047F6FF70ADF80C00307A8DF80F00B6F916
:1000A00002004710B07800F0010080F00109707A7A
:1000B000C0F38000E0B12088C01B00B2ADF804009E
:1000C0006088C01B00B2ADF8060020883844A0EB61
:1000D000090000B2ADF8080060883844A0EB0900C0
:1000E00000B2ADF80A0001AA03A94046FFF7BEF826
:1000F000707AC0F3C000E0B12888C01B00B2ADF830
:1001000004006888C01B00B2ADF806002888384497
:10011000A0EB090000B2ADF8080068883844A0EBF5
:10012000090000B2ADF80A0001AA03A94046FFF792
:100130009DF800BFC8F808B000BF06E72DE9FF4FE3
:1001400093B090461E46032E02DA17B0BDE8F08F3A
:10015000B8F1000F00D1F8E7B00004F005FF044645
:1001600004B9F2E700201290D8F8000020600025C2
:100170001EE038F92510681C38F9200081420AD1A8
:1001800008EB8500B0F90210681C08EB8000B0F99C
:10019000020081420AD0129804EB800008EB85012E
:1001A000096801601298401C80B21290681C85B2E8
:1001B000701EA842DDDCB8F9001038F92000814239
:1001C00008D1B8F90210701E08EB8000B0F90200E7
:1001D00081420BD0129804EB8001701E08EB800066
:1001E000006808601298401C80B21290129E032E84
:1001F00003DA204604F034FFA7E7B44903C9CDE988
:10020000100100253DE0BDF9400034F92510884279
:1002100002DABDF9400001E034F92500ADF84000F4
:10022000BDF9420004EB8501B1F90210884202DAFF
:10023000BDF9420003E004EB8500B0F90200ADF81F
:100240004200BDF9440034F92510884202DDBDF9B1
:10025000440001E034F92500ADF84400BDF9460042
:1002600004EB8501B1F90210884202DDBDF94600B8
:1002700003E004EB8500B0F90200ADF84600681C0D
:1002800085B2B542BFDB139810A982680DA8E3F7C9
:1002900007F80F900F9818B9204604F0E1FE54E7D4
:1002A000139880680C900DA913988160B4F902002E
:1002B0000B9000200A9001250FE004EB8500B0F9B7
:1002C00002100B98814206DA04EB8500B0F90200B7
:1002D0000B9028B20A90681C85B2B542EDDB2C2148
:1002E00006FB01F004F040FE099009980890DDF843
:1002F00028A0DDF828A0D34600200790DDF828A02C
:10030000AAF10107002F00DA37440A9800F1010929
:10031000701E484501DA4FF0000934F827100A989A
:1003200034F82000081A01B2069134F829100A980E
:1003300034F82000081A01B2059104EB87004188C7
:100340000A9804EB80004088081A00B2049004EB7D
:10035000890041880A9804EB80004088081A00B29E
:10036000039000200290DDE9040110FB01F20699E0
:10037000039810FB01F0824201DA0120029000BFD5
:10038000029860B9AAF10107002F00DA37440BF197
:100390000109701E48450EDA4FF000090BE00AF122
:1003A0000107701EB84200DA0027ABF10109B9F16C
:1003B000000F00DAB14404EB8700B0F9020004EB4F
:1003C0008A01B1F9021088422CDB04EB8700B0F9F6
:1003D000020004EB8A01B1F9021088421ED034F900
:1003E000270034F92A10884218D0012104EB870035
:1003F000B0F90200CDE9000134F9273004EB8A009E
:10040000B0F9022034F92A100898FEF7B7FBDDE9AD
:100410000801FDF7B3FF08982C3008900798401C9E
:100420000790BA460798B04200D13AE004EB890041
:10043000B0F9020004EB8B01B1F9021088422CDB09
:1004400004EB8900B0F9020004EB8B01B1F9021052
:1004500088421ED034F9290034F92B10884218D074
:10046000002104EB8900B0F90200CDE9000134F964
:10047000293004EB8B00B0F9022034F92B100898D6
:10048000FEF77CFBDDE90801FDF778FF08982C30CA
:1004900008900798401C0790CB460798B042FFF49D
:1004A0006FAF00BF10AADDE91301FEF7DFFE099868
:1004B000FEF7B0FE099804F0D3FD204604F0D0FD0D
:1004C00013990C98886000BF3FE6000060BB0308EA
:1004D00070B504460D461646324629462046EEF7CC
:1004E000B5FA324629462046E7F784FF32462946C8
:1004F0002046E8F774F9324629462046E8F78BFA99
:10050000324629462046ECF74FFE70BD704770B565
:10051000044600BF00BF0121204606F02DF9254604
:100520004FF6FF7068870121686A05F0BFFB002263
:100530002021204600F05CFC70BD00002DE9F04158
:1005400080460C462546002045F8240FE86018A098
:10055000A86000206860287E20F010001030287607
:10056000287E20F020002030287600206882A88293
:100570004FF6FF70E88200202882287E20F00F00CE
:10058000083028764FF48061204605F08FFB09A1E2
:10059000204600F04CFB204606F048FF074600F0DE
:1005A00047F9286055F824697462BDE8F0810000BD
:1005B000EF81B8004F7074696F6E20310A4F70740C
:1005C000696F6E20320A4F7074696F6E20330000BD
:1005D00070B5044600BF00BF2146044805F0DCFFAB
:1005E0000546284606F04DF8284670BD28FA03084F
:1005F00070B506460D462C46606A20B1606A06F06A
:100600004FF90020606294F83C00C0F3001020B95C
:10061000206B04F03DFD0020206370BD2DE9F84FF4
:1006200089464946584806F06FFD8046B8F1010FEB
:1006300001D0BDE8F88F484600F073FB05464846F8
:1006400000F0D0FB07463C460E2D1BD1384606F085
:100650008BFE8346584601F059FA064602F006FD25
:10066000009002F058FD8246BAF1040F09D11EB184
:10067000384600F033F904E0208FE0863846FFF773
:1006800046FF7FE00F2D01D0102D03D13846FFF734
:100690003EFF77E0082D07D13846E5F7B0FF8046EA
:1006A000B8F1010F6ED0C4E72A2D03D1384609F006
:1006B000A6FD67E0292D03D1384609F0A0FD61E0D1
:1006C0002C2D0DD1484600F08AFB06460021384605
:1006D00008F095FA8246504600F0BEFD708051E069
:1006E0000D2D4AD1484600F07AFB0678132E01D032
:1006F000122E13D1384600F08EF818B9384600F0A3
:10070000EDF839E0E08E401CA18E884234DAE08EAC
:10071000401CE08638460FF0FFFE2DE0142E01D07D
:10072000112E11D1384600F076F818B9384600F08D
:10073000D5F821E0E08E00281EDDE08E401EE08628
:1007400038460FF0E9FE17E01B2E05D1208FE0861A
:100750003846FFF7DCFE0FE00A2E0DD102F09AFCBE
:100760008246BA4507D03846E5F749FF8046B8F1DA
:10077000010F00D05DE700BF04E0152D02D148460F
:10078000EBF77AFC00BF54E728FA0308014600BFE4
:1007900000BF0A46D08E70472DE9F05F81460F46B4
:1007A000924600BF00BF4D464FF0000B286B20B1B2
:1007B000286BE0F707F8804603E000203870BDE8BA
:1007C000F09F002406E0286B005D0A2801D10BF1A0
:1007D000010B641C444502D2288F5845F3D10026F2
:1007E0000EE0BAF1000F06D0AAF10100B04202D823
:1007F00000BF00BF0AE0286B005DB855761C641C82
:10080000444503D2286B005D0A28EAD100BF0020CE
:10081000B85500BFD3E770B5044600BF00BF2546FA
:100820000121686A08F0A2FB80F0010070BD0000A1
:1008300070B5044600BF00BF2146044805F0ACFE79
:100840000546284605F01DFF284670BD44FA0308FA
:100850002DE9F05F83468846404600F062FA044680
:10086000182C08D041461C4806F04EFC0546012DC8
:1008700001D0BDE8F09F404600F0B4FA0646D6F835
:1008800024904F46082C09D102F0F0FB824602F07A
:1008900032FCF8B93046F8F785FF1BE0012C03D194
:1008A0003046F8F75AFF15E0092C06D14FF6FF70D5
:1008B0007887304608F0F7FE0CE0182C0AD1404645
:1008C000EBF770F94146044806F01EFC0546012D81
:1008D00000D0CEE700BFCCE744FA03082DE9F04F83
:1008E00087B0054600BF00BF2C460121284605F011
:1008F0001AFA284606F09AFD83465946606A0AF0BD
:100900005FF84FF0FF31606A09F08CF80121606AEE
:1009100005F0F1FE00221F21284600F069FA284662
:10092000F1F72DFF0690216B069804F060F842F273
:10093000D171606A0AF032FB06980AF081FB606AA6
:1009400008F0B7FA8346284608F0B3FA834513DC6B
:1009500094F83C0000F00F00042805D094F83C0007
:1009600000F00F00082807D1284608F0A2FA8346B5
:100970005946606A0AF012FB069806F0FFFC0590E3
:100980000021606A07F066FC81460021606A08F079
:1009900028F8484401B204910020D4F824B0029011
:1009A00041F611025846029908F05CF8019001984E
:1009B000484400B20390DDE9041001440398084460
:1009C0000FFA80F8464694F83C0000F00F0794F8C0
:1009D0003C0000F00F00082824D1FCF735FD8346C9
:1009E000FCF7B0FDB5F91A10314488423CDAFCF747
:1009F0002BFD8346FCF7A6FDB5F91A10411AB5F98F
:100A00001600814204DA0427E88A401E06B22BE071
:100A1000FCF71AFD8346FCF795FD698B401A401ED2
:100A200006B221E094F83C0000F00F0004281BD12E
:100A3000B5F91600801B17D5FCF706FD8346FCF7B9
:100A400081FDB5F91A10411AB5F91600814209DD88
:100A50000827FCF7F9FC8346FCF774FD698B401A04
:100A600006B201E0B5F91660464500DD464631465E
:100A7000606A09F068FF28460FF04EFD082F08D184
:100A80000020009000230D222946606A05F0CEF96F
:100A90001FE0042F08D10020009000230A222946DD
:100AA000606A05F0C3F914E0012F08D1002000901E
:100AB000002310222946606A05F0B8F909E0022FE8
:100AC00007D100200090002313222946606A05F018
:100AD000ADF9606A0AF0B4FA94F83C0000F00F0037
:100AE000012805D094F83C0000F00F0002281FD127
:100AF000606A08F00AFA0290606A08F029FA8346F0
:100B0000FCF7A2FC0190FCF71DFD58450FDCFCF73B
:100B10009BFC0090FCF716FDABEB00010298401A1D
:100B2000401E00B20190606A01990AF069FA00BFA4
:100B30000021226B069805F0F7FC82465046BAF178
:100B4000010F04D0022810D0032807D000BF0023D3
:100B50001A460121069805F057F90DE000231A46C0
:100B60000321069805F050F906E000231A460921F2
:100B7000069805F049F900BF00BF07B0BDE8F08F47
:100B80002DE9F04107460D4600BF00BF00BF1DB96B
:100B900000BF00BF00BFFEE700BF3C460020A086AC
:100BA000002606E0A85D0A2802D1A08E401CA0867F
:100BB000761CA85D0028F5D1A08E401CA0860020E0
:100BC000E08620872846DFF7FDFD00F10108206B55
:100BD00048B194F83C00C0F3001020B9206B04F039
:100BE00057FA00202063404604F084F9206300BFD8
:100BF000206B18B900BF00BF00BFFEE700BF206B2D
:100C000008B9BDE8F0812946206BDFF7B7FD94F8FD
:100C10003C0020F0100084F83C00384608F043FD0A
:100C2000606A10B1606A08F03EFD00BFE9E72DE997
:100C3000F04107460D4600BF00BF00BF1DB900BF11
:100C400000BF00BFFEE700BF3C460020A086002694
:100C500006E0A85D0A2802D1A08E401CA086761C62
:100C6000A85D0028F5D1A08E401CA0860020E0865B
:100C7000208794F83C00C0F3001030B9206B20B1FD
:100C8000206B04F005FA0020206394F83C0020F06B
:100C90001000103084F83C002563384608F003FD4E
:100CA000606A10B1606A08F0FEFCBDE8F08170B5C2
:100CB00006460D4600BF00BF3446E08EA84200D174
:100CC00070BDA08EA84201DD284601E0A08E401E26
:100CD000E086E08E2087304608F0E5FC00BFEFE7B5
:100CE00070B505460C464FF48061204605F003FDC3
:100CF0000421204605F0FFFC4FF40031204604F0AB
:100D0000D5FF0121204604F0D1FF204602F0C0FDAE
:100D100070BD30B504460B46586A02460025556240
:100D200030BD0146087A20F08000704701464868CF
:100D3000704700B50246107A15280ED0107A142894
:100D40000BD0107A162808D0107A182805D0107AFF
:100D5000172802D0107A192803D1104600F03FF866
:100D600000BD00BF00BF0020FAE700B50246107AC0
:100D700001282CD0107A022829D0107A032826D0F6
:100D8000107A042823D0107A052820D0107A06285B
:100D90001DD0107A07281AD0107A082817D0107A98
:100DA000092814D0107A0A2811D0107A0B280ED0F6
:100DB000107A0C280BD0107A0D2808D0107A0E2843
:100DC00005D0107A0F2802D0107A102803D11046CF
:100DD00000F005F800BD00BF00BF0020FAE70146A3
:100DE000086970470146086870470146C86870473F
:100DF000F0B587B004460D46164614B9012007B079
:100E0000F0BD00BF00BF009401948DF80850002091
:100E1000039004969DF8180020F001008DF818004A
:100E20009DF8180020F004008DF818009DF81800B7
:100E300020F002008DF81800074800680590064968
:100E4000C1F800D06846EFF70AFC0746024905984A
:100E500008603846D3E700002801002010B503469B
:100E60000C46187A13280DD11846FFF7B8FF024632
:100E7000B2F90000A04202DDB2F9000000E0204615
:100E8000108001E000BF00BF10BD00002DE9FF5F32
:100E90000AF0CBFF009006F071FA062190FBF1F00A
:100EA00005B20AF0C2FF2A46042101900CF026FF89
:100EB00004463FA120460CF0C7FD06463EA1204651
:100EC0000CF0C2FD07463FA120460CF0BDFD804658
:100ED000304602F0DDFC81463CA1484603F0E0FCD0
:100EE000484605F045FB384602F0D2FC82463FA159
:100EF000504603F0D5FC504605F03AFB404602F060
:100F0000C7FC834647A1584603F0CAFC584605F083
:100F10002FFB20460CF075FF03904448FBF7CDFBF8
:100F20004FF4A02201460190039809F045FF4FF4C9
:100F3000A022C821039809F05CFF3D48FBF7BDFBE8
:100F40004FF4A02201460190039809F0EFFF3948C1
:100F5000FBF7B3FB384A01460190039809F02CFFD8
:100F6000354AC821039809F044FF3048FBF7A5FB38
:100F7000314A01460190039809F0D8FF2E4A00211A
:100F8000039809F042FF20460CF02EFF02906FF00C
:100F90007F40FBF792FB002201460190029809F086
:100FA0000BFF0022FF21029809F023FFBDE8FF9FFD
:100FB0004D657373616765005363686564756C653F
:100FC000000000004D656574696E6700546F6E69BE
:100FD0006768742773206D656574696E6720636147
:100FE0006E63656C6C65642E00000000414D20202E
:100FF00020383A33302020206D6565742074686590
:1010000020636C69656E740A0A504D2020203133CC
:101010003A3330202020666163746F727920746FD8
:10102000757200004E6F6E65000000002A47B70021
:10103000F3F3F300E1E1E1000100050010B500F079
:1010400003F800F03BFC10BD10B500210D4803F083
:10105000EDFC0D4908600BF0F3FE0C4908800BF025
:10106000EFFE40F480500A4908800BF0E9FE40F49E
:101070008050084908800BF0E3FE40F48050064998
:10108000088010BD591501086C0100207001002076
:101090007201002074010020760100202DE9F0414A
:1010A00006460F46092F00D12027346939463046BD
:1010B000F1F788F8054615B90020BDE8F0816068B1
:1010C00000EBC508608A800B30B92068D8F80010A2
:1010D000C1F313010844F0E700BF00BF0020ECE7B4
:1010E00070B504460D4600BF1CB900BF00BF00BF6D
:1010F000FEE700BF294620466268904770BD2DE993
:10110000F04706460D469046994600BF1EB900BFFF
:1011100000BF00BFFEE700BF00BF1DB900BF00BF9A
:1011200000BFFEE700BF00202860344600270FE024
:101130004B46424629462046D4F800C0E0470746C1
:101140002FB1A87BC0F3001008B92C6002E06469DD
:10115000002CEDD100BF3846BDE8F0872DE9FF4FE8
:1011600083B00C4691464FF0000AB9F1090F03D144
:101170004FF020094FF0010A039806694946039889
:10118000F1F720F807461FB9002007B0BDE8F08F3F
:101190004FF0000BF06868B106990398F1F712F868
:1011A0000190019828B13946019A0398F1F796F910
:1011B000834600BF706800EBC705308A00FB0BF068
:1011C0000011029028684FEA1058BAF1000F01D0C0
:1011D0004FEA48080298804408F108004FEA1018C6
:1011E000A4F80480687920812879E08095F90600C8
:1011F000608195F90700A081708A400AA17B60F3A5
:101200000301A173A07B20F01000A073BAF1000FBE
:1012100005D0E0884FF6FF7101EA4000E080012030
:10122000B3E72DE9FF4105460E46174600BF1DB93D
:1012300000BF00BF00BFFEE700BF3B463246694625
:101240002846FFF75CFF044624B1BDF8040004B053
:10125000BDE8F0810020FAE70146B1F908007047C7
:101260000146B1F9080070470146B1F9080070471E
:101270000146B1F90800704770B50446606808B9C6
:101280000B2070BD6068C06808B90920F9E7D4E98F
:101290000010C268904705466068408858B1A06851
:1012A00048B1A068C06818B1A168C86803F0F0FE32
:1012B000A06803F0EDFE002020606060A06028467A
:1012C000DFE7000070B505460948E3F78CFA0446ED
:1012D0000AE020680078A84201D1206870BD21464C
:1012E0000348E3F798FA0446002CF2D10020F5E712
:1012F00084C5002070B505462846DFF763FA04462A
:101300000EE0285D2E2802D1601C284470BD285DA7
:101310002F2802D0285D5C2801D103A0F6E7641EC7
:10132000002CEED100A0F1E700000000401C017885
:101330003A2900D1401C70472DE9F04705460F4679
:10134000914627B900BF00BF0B20BDE8F08797F892
:1013500000804046FFF7B6FF04461CB900BF00BF3F
:101360000320F2E7606838B120466168884718B901
:1013700000BF00BF0120E8E7A06818B900BF00BFA8
:101380000920E2E73846FFF7D1FF82464A46514638
:101390002046A368984706460EB1701C08B90C2079
:1013A000D3E76C602E60608878B1102003F0A2FD56
:1013B000A86000BFA86818B900BF00BF00BFFEE763
:1013C00000BF1021A86804F086F80020BDE72DE9D1
:1013D000FC4104460F4690461D460DB10020286092
:1013E000606810B90B20BDE8FC816068006908B92D
:1013F0000920F8E7002001906068408838B101AB0F
:1014000042463946204600F011F8064609E001A898
:101410000090D4E9001043463A46D0F810C0E047A7
:1014200006460DB1019828603046DCE72DE9F04F03
:1014300087B004460F4615469A4600200690A068DD
:10144000D0F808B0A06800680590A06840680490D3
:10145000A068D0F80C806068B0F8029005985845F4
:101460004AD80498834547D20598ABEB000080B278
:1014700003900398A9EB000086B2B54207D8039801
:1014800008EB00012A46384603F08BFE33E0039850
:1014900008EB00013246384603F083FE4D450AD979
:1014A000AB1BBA19CDF800A0D4E90010D0F810C0D9
:1014B000E04706901FE00020029002A80090D4E9C7
:1014C00000104B464246D0F810C0E0470690A06896
:1014D0004068401CA1680860A06800680299084440
:1014E000A1684860A81B80B20190B8194146019AD2
:1014F000DFF787F900BF39E04D4509D9CDF800A0E5
:10150000D4E900102B463A460669B04706902DE014
:10151000B8F1000F10D1484603F0ECFCA168C86098
:1015200000BFA068C06818B900BF00BF00BFFEE7D9
:1015300000BFA068D0F80C800020039003A80090A2
:10154000D4E900104B4642460669B0470690A068B1
:10155000C0F800B0A068006803990844A16848601A
:101560002A4641463846DFF74CF900BF069830B9A5
:10157000CAF80050A06880682844A168886006986E
:1015800007B0BDE8F08FF8B504460D461746606811
:1015900008B90B20F8BD6068806908B90920F9E72F
:1015A00000266068408800284ED027B1012F1AD04D
:1015B000022F48D132E0A0688560A0688068A168E9
:1015C0000968884205D3A0688068A1684968884294
:1015D00008D9A3689A68D4E900100023D0F818C08D
:1015E000E04706462FE0A06880682844A16888602C
:1015F000A0688068A1680968884205D3A0688068EF
:10160000A1684968884208D9A3689A68D4E900109B
:101610000023D0F818C0E047064614E0D4E90010D3
:101620003B462A46D0F818C0E047064656B9D4E9EA
:1016300000106A46C3699847064616B90098A16823
:10164000886000BF00BF07E0D4E900103B462A468F
:10165000D0F818C0E047064630469BE72DE9F04F2A
:1016600087B004460E461746A07870434FEA202AFA
:10167000574507DC20880690BDF81810084607B0CB
:10168000BDE8F08F207A401E04EB80008078704324
:101690004FEA202B5F4509DB207A401E04EB8000D7
:1016A00000880690BDF818100846E8E7002003906F
:1016B00001252AE004EB8500807870430012019038
:1016C000019887421FDC681E04EB800000880090B0
:1016D000FBF750FA059004EB850000880090FBF7BB
:1016E00049FA0490681E04EB8000807870434FEA4A
:1016F000202A04EB8500807870434FEA202BABEB67
:101700000A00039004E0681CC5B2207AA842D1DC2C
:1017100000BFA7EB0A0007B2C7EB0721039891FBB4
:10172000F0F000F0FF08C8F1FF099DF8100010FB71
:1017300008F09DF8141011FB090000EBC01101EB3B
:10174000C030800EBDF8081060F3040102919DF8CE
:10175000110010FB08F09DF8151011FB090000EBBB
:10176000C01101EBC030400EBDF8081060F34A1103
:1017700002919DF8120010FB08F09DF8161011FB65
:10178000090000EBC01101EBC030800EBDF808105D
:1017900060F3CF210291BDF8081008466FE710B53D
:1017A00004466068C00F10B1204603F071FC10BD04
:1017B0002DE9FE4305460E461746687A00F00700FD
:1017C00010B90020BDE8FE832848007828B9002021
:1017D00000F050F8012025490870687A00F00700F1
:1017E000022801D1304600E0384680463246414664
:1017F0002846E6F72FF902900020019001AA02A9DD
:101800001B48F3F747FF01280AD101984068401CA4
:101810000199496860F31D01019841600198D1E781
:101820003A4631462846E4F7C3F90190019818B9C1
:1018300000BF00BF0198C5E7002410E00198B0F98F
:101840000E1022462846FFF709FF00900198806895
:1018500000EB4400BDF800100180601C04B2019848
:10186000B0F90E00A042E9DC0198ABE7600100206E
:10187000DB0D010810B504460D48006803F008FCB4
:10188000204603F037FB0A4908600A49086000BF98
:101890000748006818B900BF00BF00BFFEE700BFDF
:1018A00021460348006803F016FE0348046010BD9B
:1018B000A80200205C0100205801002010B5002182
:1018C000204803F0B3F8204908600BF0B9FA40F45F
:1018D00080501E4908800BF0B3FA40F480501C4938
:1018E00008800BF0ADFA40F480501A4908800BF0E4
:1018F000A7FA40F48050184908800BF0A1FA40F490
:101900008050164908800BF09BFA40F4805014492F
:1019100008800BF095FA40F48050124908800BF0D3
:101920008FFA40F48050104908800BF089FA40F497
:1019300080500E4908800BF083FA40F480500C4927
:10194000088010BD3F3201087C010020800100208A
:1019500084010020820100208601002090010020E7
:101960008E0100208A010020880100208C010020C7
:10197000920100202DE9F04107460C460FB9BDE861
:10198000F08100BF00BF3846E2F72DFF06460AE0AF
:101990003068A04202D100BF00BFF0E731463846B0
:1019A000E2F739FF0646002EF2D1204605F0DCFCB6
:1019B0008046B8F1000F0DD0A068806850B1A068D3
:1019C0008068C0680068A04204D1404600F0B7F8C3
:1019D00000BF00BFA06810B9204604F061FCA068F9
:1019E00087603846E2F752FF054600BF1DB900BFC9
:1019F00000BF00BFFEE700BF05B9C0E72C60384656
:101A0000E2F7F1FEA84202D1384600F098F800BF94
:101A100000BF00BFB3E7000010B50446024A034907
:101A20002046EFF767FF10BD17480008E74700089A
:101A30002DE9F04106460EB9BDE8F081304605F0CB
:101A400093FC044604B9F7E7207E00F0010000B1E2
:101A5000F2E70021204600F0FCF82046E2F7C3FE42
:101A600005463CE02868B04234D1E068B0B1E06897
:101A70000068B04212D02046F0F7B1FC8046E16821
:101A8000424608680F21FFF7B3F90746012F00D03F
:101A9000D2E7E168086807F006FE00BFE560E0688D
:101AA000B8B1206910B12046216988472046F0F777
:101AB00096FC8046E168424608680E21FFF798F9D7
:101AC0000746012F00D0B7E7E168086807F0EBFD93
:101AD00000BF06E029462046E2F79DFE0546002DA0
:101AE000C0D100BF00BFA7E710B50446024A0349B2
:101AF0002046EFF7FFFE10BD2548000831480008DA
:101B0000014800687047000030010020014609B913
:101B100000207047087EC0F34000FAE7014609B98B
:101B200000207047C86808B90020FAE7C868006854
:101B3000F7E710B504462046E2F75BFE10BD70B52E
:101B40000446207EC0F3C005207E20F00800083047
:101B50002076207EC0F3800018B92046FFF75CFF96
:101B600006E0207EC0F3800010B12046FFF7BCFFE6
:101B7000207E65F3C300207670BD2DE9F041054657
:101B8000284605F0F1FB04460CB9BDE8F08100BF22
:101B900000BFE06808B3E0680068A84221D1207E59
:101BA00000F0010018B1207E20F0010020762046D0
:101BB000E2F719FEE168884210D12046E2F738FECC
:101BC000E16888420AD12046F0F709FC0746E1683F
:101BD0003A4608680F21FFF70BF902E02046FFF7AD
:101BE000AEFFE06828B1E0680068A84201D100209B
:101BF000E0602046E2F7F7FD064614E03068A842B0
:101C00000CD131462046E2F76DFE304603F040FA33
:101C1000A86810B10020A968886006E03146204617
:101C2000E2F7F9FD0646002EE8D100BF00BF00BF75
:101C300000BFAAE773B505462846FFF76FFF0446C5
:101C40000CB901207CBD01AA0D212046FFF7D0F878
:101C5000F8E72DE9F04704460D460CB9BDE8F087DA
:101C60002E46207EC0F340003546A84200D1F5E75D
:101C7000207E66F3410020762046FFF74FFF07469F
:101C800097B12046F0F7ABFB8146E1684A46086809
:101C90000E21FFF7ADF88046B8F1010F00D0DDE767
:101CA000384607F000FD00BF00BFD7E72DE9FF432E
:101CB00003469C68187800F01F0005280DD11868AD
:101CC000C0F38A20504300EB400001EB4106851928
:101CD000A81C205C04B0BDE8F083187800F01F0059
:101CE0000B281BD101F00705C9101868C0F38A2022
:101CF000C01DC01000FB0216A05DC5F107084FF023
:101D0000010C0CFA08FC00EA0C00C5F1070C40FAC3
:101D10000CF70FB10020DDE7FF20DBE7187800F0BB
:101D20001F000C281CD12CA0006803908807450FC9
:101D300089101868C0F38A20C01C801000FB0216AE
:101D4000A05DC5F106084FF0030C0CFA08FC00EA90
:101D50000C00C5F1060C40FA0CF703A8C05DB9E70A
:101D6000187800F01F000D2826D10FF27009D9E96C
:101D700001C8D9F80000D9F80C90CDE901C8CDF818
:101D80000C900090C807450F49101868C0F38A20CE
:101D9000401C401000FB0216A05DC5F104084FF086
:101DA0000F0C0CFA08FC00EA0C00C5F1040C40FA18
:101DB0000CF71DF807008DE7187800F01F000E28BB
:101DC00006D11868C0F38A2000FB0215605D81E728
:101DD00000BFFF207EE700000055AAFF001122335C
:101DE000445566778899AABBCCDDEEFF2DE9FF4309
:101DF00083B004460D46174600BF00200146024648
:101E00004FEAD20CBDF800306CF304034FEA910C9A
:101E10000093BDF800306CF34A134FEAD00C0093E6
:101E2000BDF800306CF3CF230093BDF800C06346CB
:101E30000193BDF8041008460290A668207800F0CF
:101E40001F00042809D0207800F01F00062804D0C5
:101E5000207800F01F00052815D1217801F01F001F
:101E600000F090F84FEAE0082068C0F38A20784339
:101E700000FB08F005FB080906EB0901022202A895
:101E800003F0CBFA78E0207800F01F00072816D185
:101E9000083605F00700ED102268C2F38A22D21D31
:101EA000D21002FB0751725CC0F1070C012303FA48
:101EB0000CF31A40C0F107031A4102925CE020784B
:101EC00000F01F00082816D11036AA07500FAD10D9
:101ED0002268C2F38A22D21C921002FB0751725C64
:101EE000C0F1060C032303FA0CF31A40C0F10603F9
:101EF0001A41029240E0207800F01F00092816D114
:101F00004036EA07500F6D102268C2F38A22521C35
:101F1000521002FB0751725CC0F1040C0F2303FA4C
:101F20000CF31A40C0F104031A41029224E0207815
:101F300000F01F000A2809D106F580662168C1F368
:101F40008A2101FB0750315C029115E0207800F0F6
:101F50001F000B280ED0207800F01F000C2809D09D
:101F6000207800F01F000D2804D0207800F01F001A
:101F70000E2801D106980290BDF80810084607B057
:101F8000BDE8F083014600200F291DD2DFE801F0F3
:101F900008091C1C0B0E0C101316191114171A002B
:101FA00000BF002012E000BF10200FE018200DE05D
:101FB00000BF01200AE000BF022007E000BF0420AC
:101FC00004E000BF082001E0002000BF00BF704710
:101FD000014600208A1E0D2A13D2DFE802F0081203
:101FE000120712090A0B0C0D0E0F100000BF00BFE4
:101FF00000BF00BF00BF00BF00BF00BF00BF012087
:1020000001E0002000BF00BF704701460020032907
:1020100002D0062902D100BF012001E0002000BF4C
:1020200000BF704770B506460C462546002045F8AF
:10203000240F287D20F00300C01C2875287D20F087
:102040007C002875204606F034FF2881204605F0E4
:1020500095F968810020A8814FF480706882287DFE
:1020600020F08000803028750020A880243D0021C9
:1020700069856886A98685F839000221204604F022
:102080003AFB4FF48031204603F010FE70BD000093
:1020900070B5044600BF00BF2146044804F07CFA36
:1020A0000546284604F0EDFA284670BD60FA03089C
:1020B00070B506460D466C6AA4B1287C012802D191
:1020C0002046FFF7D9F8E06810B1E06802F0E0FFC1
:1020D000206910B1206902F0DBFF204602F0D8FF32
:1020E0000020686270BD00002DE9FF4781460D4663
:1020F0001446284600F05AFF0746E7B9287800F052
:102100001F01042901DB0E2903DD002004B0BDE816
:10211000F0872868820A206862F39420206028688B
:10212000420D206862F35F5020602878226860F3D7
:102130000402226049E0012F30D12846FFF7DAF887
:10214000804623A1DEF726FC08B10020DEE702224C
:10215000294601A8FFF7F0F8064696B96B46042217
:10216000214601A8FFF733F9064601A8FFF784F8D6
:1021700016B90098042803D000BF00BF0020C5E7AF
:1021800000BF207800F01F00042804DB207800F056
:102190001F000E2801DD0020B8E716E0022F10D145
:1021A0000121206861F3942020602068C0F31400AE
:1021B00000F500102060206820F01F000B30206028
:1021C00003E000BF00BF0020A0E701209EE7000061
:1021D00062696E002DE9FF4F8DB004460D469146B1
:1021E0006BA000680C906BA000680B906AA30FCBEB
:1021F00007AE0FC620890690002610E0BDF8180033
:10220000C1B206EB46021A988154BDF81800020AC2
:1022100006EB4600401C1A990A54701C06B210982E
:102220008642EBDB00200590217D01F01F00FFF7C7
:10223000A9FE8246012101FA0AF0401E80B20490F4
:1022400000274FF0000800200390207D00F01F00C1
:102250000B2806D00C2816D00D2827D00E2841D1E7
:1022600037E06069C0F38A20C01DC71007FB09F082
:1022700000EBE500804405F00700C0F10700039083
:102280000CA805902EE06069C0F38A20C01C87105E
:1022900007FB09F000EBA500804405F003000621D0
:1022A000A1EB400003900BA805901BE06069C0F310
:1022B0008A20401C471007FB09F000EB65008044B2
:1022C00005F001000421A1EB8000039007A8059010
:1022D00008E06069C0F38A2707FB095080440020AA
:1022E000039000BF00BF606A0290384602F03CFED7
:1022F0008346BBF1000F03D1002011B0BDE8F08F81
:1023000000200190207C20B96068816841440191DF
:102310000DE0002208F104010298FFF734F90023D0
:102320003A4659460298FFF752F8CDF804B0002615
:1023300025E001990978039A1141049A01EA020003
:10234000217D01F01F010E2901D1024601E005990E
:102350000A5C06EB4601891C1A9B5A540399A1EBAF
:102360000A0149B203910399002906DACAF108016A
:1023700049B203910199491C0191701C06B2109851
:102380008642D6DB584602F06BFE0120B5E700001E
:1023900000FF00000055AAFF001122334455667764
:1023A0008899AABBCCDDEEFF2DE9FF4F85B004462E
:1023B0000E469146217D01F01F00FFF7E3FD0490DA
:1023C0000121049801FA00F0401E80B2039000271A
:1023D000002002900025207D00F01F00072806D075
:1023E000082815D0092825D00A2840D134E0606992
:1023F000C0F38A20C01DC71007FB09F000EBE60000
:102400000544083506F00700C0F1070002902EE0F1
:102410006069C0F38A20C01C871007FB09F000EB3D
:10242000A6000544103506F003000621A1EB40008C
:1024300002901CE06069C0F38A20401C471007FB33
:1024400009F000EB66000544403506F00100042168
:10245000A1EB800002900AE06069C0F38A2707FBC5
:102460000960054405F580650020029000BF00BFAB
:10247000D4F824B0384602F077FD8246BAF1000F56
:1024800003D1002009B0BDE8F08F00200190207C2E
:1024900020B960688168294401910CE00022291D5F
:1024A0005846FFF770F800233A4651465846FEF763
:1024B0008EFFCDF804A04FF0000837E001990978AD
:1024C000029A1141039A01EA0200DBF80C1001EBB9
:1024D000400109880091BDF80010CAB208EB48031A
:1024E0001299CA54BDF800100B0A08EB4801491CA8
:1024F000129A5354DBF810100B5C08EB4801891C4E
:10250000129A5354049A0299891A49B20291029973
:10251000002907DA0499C1F1080149B20291019931
:10252000491C019108F101000FFA80F808988045D4
:10253000C4DB504602F094FD0120A3E72DE9FC5FC7
:1025400004460E4617469846606A0190217D01F0C8
:102550001F00FFF717FD82466069C0F38A2007FB62
:10256000006000FB0AF04FEAE00B0BF1040B0022C5
:1025700059460198FFF707F88146B9F1000F04D0DA
:1025800000BF00BF0020BDE8FC9F4FEAEA0000FB4F
:1025900008F5002000906B462A460C990198FEF73A
:1025A00016FF8146B9F1000F02D10098854203D091
:1025B00000BF00BF0020E6E70120E4E72DE9FE4F61
:1025C00082460C46207C012843D16068FEF792FECB
:1025D000804680A1DEF7DEF910B10020BDE8FE8F55
:1025E000022268466168FEF7A7FE06461EB100BFDC
:1025F00000BF0020F2E7606AC0B9142002F07AFC44
:10260000606200BF606A18B900BF00BF00BFFEE78C
:1026100000BF606A30B900BF00BF6846FEF72CFEFD
:102620000020DBE71421606A02F055FF676A384634
:102630006A460C210346944607E09CF8008083F824
:1026400000805B1C0CF1010C491E0029F5D100BF74
:1026500006E0207C20B96068806808B90020BDE7EA
:10266000207D00F01F05042D03D0052D01D0062D7F
:1026700008D1207C20B960688068A0610120ADE7A6
:102680000120ABE7072D05D0082D03D0092D01D07F
:102690000A2D70D12846FFF775FC8346012000FA09
:1026A0000BF8606AA8B9142002F024FC606200BF35
:1026B000606A18B900BF00BF00BFFEE700BF606AD4
:1026C00018B900BF00BF002088E71421606A02F03B
:1026D00002FF666A4FEA480002F00CFCF06000BF9F
:1026E000F06818B900BF00BF00BFFEE700BF40465A
:1026F00002F000FC306100BF306918B900BF00BFB4
:1027000000BFFEE700BFF06808B1306938B900BF0C
:1027100000BF21465046FFF7CBFC00205EE7207C3F
:10272000012823D1002204213046FEF72CFF002788
:1027300019E00023042202A93046FEF748FE9DF866
:1027400008209DF809109DF80A00FAF78BF801900F
:10275000F06800EB4700BDF8041001809DF80B0005
:102760003169C8557F1C4745E3D31FE06068D0F846
:102770000890002717E01BE019F8272009EB8703D2
:10278000597809EB87039878FAF76CF80290F068AB
:1027900000EB4700BDF80810018009EB8700C07806
:1027A0003169C8557F1C4745E6D300BF012015E7B6
:1027B0000B2D05D00C2D03D00D2D01D00E2D01D1E8
:1027C00001200BE721465046FFF772FC00BF00BF17
:1027D000002003E762696E002DE9F84F82460C463F
:1027E00016461F46DDE90A854FF00009207D00F0FE
:1027F0001F00042809D0207D00F01F00052804D008
:10280000207D00F01F0006280BD1207C012847D135
:1028100043463A46314620460095FFF78FFE8146F3
:102820003EE0207D00F01F000B280ED0207D00F040
:102830001F000C2809D0207D00F01F000D2804D0B7
:10284000207D00F01F000E2808D143463A4631464D
:1028500020460095FFF7BEFC814621E0207D00F078
:102860001F0007280ED0207D00F01F00082809D087
:10287000207D00F01F00092804D0207D00F01F00FB
:102880000A2808D143463A46314620460095FFF7CC
:102890008BFD814604E000BF00BF0020BDE8F88F3B
:1028A0004846FBE710B50446206870B12068C06850
:1028B00018B120682146C2689047207C012804D1C5
:1028C000606802F0E5FB0020606010BD10B50A48AA
:1028D000E1F7BCFF044600BF1CB900BF00BF00BF4A
:1028E000FEE700BF0CB9002010BD1421204602F005
:1028F000F2FD2046F8E70000A8C500202DE9F041D0
:1029000005460E460421304602F0E5FD15B90020CB
:10291000BDE8F081284600F049FB07462FB929465B
:10292000886808B90020F3E700BF4FF000080D48A1
:10293000E1F759FF044610E0206848B132462946C5
:102940002046236898478046B8F1010F00D106E081
:1029500021460448E1F75FFF0446002CECD100BF9C
:102960004046D5E7A8C500202DE9FF4704460E469E
:1029700099462821204602F0AEFD1EB9002004B081
:10298000BDE8F087304600F011FB07462FB931460D
:10299000886808B90020F2E700BFBDF80800208170
:1029A0002774C4F80C90207C01281BD13046DDF739
:1029B00009FF82460AF1010002F09CFA606000BF44
:1029C000606818B900BF00BF00BFFEE700BF6068C5
:1029D00018B900BF00BF0020D1E731466068DDF7BD
:1029E000CDFE00E066604FF000081D48E1F7FBFEF9
:1029F00005462AE0286808B1686800B920E004F1BB
:102A00001402314628462B6898478046B8F1010FDA
:102A100000D015E02560214628466A689047804628
:102A2000B8F1010F01D14046A9E7042104F11400D7
:102A300002F051FD00202062A0616062E06100BFF1
:102A400029460748E1F7E7FE0546002DD2D1207C54
:102A5000012802D1606802F01BFB40468FE70000AE
:102A6000A8C500202DE9FC4704460D4616461F4622
:102A7000DDF828804FF000092068806848B1CDE972
:102A80000078206833462A462146D0F808C0E0473F
:102A900081464846BDE8FC87C160704701607047C9
:102AA000416070478160704770B506460D462C4600
:102AB00094F8380000F00300012805D094F838009D
:102AC00000F0030002280BD1606A02F0E1FA002056
:102AD000606294F8380020F00300C01C84F83800CD
:102AE00070BD00002DE9F34F85B00698FEF719F987
:102AF0000646152E0CD0182E0AD0A248069904F0CE
:102B000003FB0546012D02D007B0BDE8F08F00BFE2
:102B10000698FEF767F9804644462A2E0ED194F8AF
:102B2000380000F00300022804D14046616A00F03A
:102B300058F925E1404607F033FB21E1132E7AD105
:102B40000698FEF74CF905460021404606F049F983
:102B50008146E08E00FB09F000120FFA80F9002197
:102B6000404606F0FDF88246208E50440FFA80FA67
:102B7000BAF1000F02D1B9F5807F5BD0404606F074
:102B800098F98346404604F0F9FB029004F13200C4
:102B90001FFA89F15346CDE90010594603A8029A5D
:102BA000E0F774FEB5F90070B5F90000BDF90C103E
:102BB000791A884202DDB5F9000002E0BDF90C0087
:102BC000381A00B22880B5F90000BDF90E10791A44
:102BD000884202DDB5F9000002E0BDF90E00381AA6
:102BE00000B22880B5F90000BDF910103944A1EBFE
:102BF0000B01884202DDB5F9000004E0BDF91000C8
:102C00003844A0EB0B0000B22880B5F90010BDF9E4
:102C10001200C2190298101A814203DDB5F90000B2
:102C200005E008E0BDF91200C1190298081A00B2C7
:102C3000288000BFA4E0112E75D10698FEF7CFF8CA
:102C400005460021404606F0CCF80746E08E784362
:102C5000001207B20021404606F082F88146208E1D
:102C600048440FFA80F9404606F023F9B4F92C10D5
:102C7000884259D1404604F081FBB4F92E108842B5
:102C800052D1B7F5807F14D1B9F1000F11D1B4F949
:102C90002CB00BEBDB704010B4F93210884208D135
:102CA000B4F92EA00AEBDA704110B4F93400814275
:102CB0003AD0404606F0FDF88246404604F05EFBFE
:102CC000834604F13200B9B24B465A46CDE90010B2
:102CD000514603A8E0F7DAFDBDF80C00B8F814106F
:102CE000084400B2ADF80C00BDF80E10B8F816009C
:102CF000084400B2ADF80E00BDF81000B8F814108A
:102D0000084400B2ADF81000BDF81210B8F8160073
:102D1000084400B2ADF81200002203A82968E0F7C9
:102D2000D6FB28710BE00BE003A9404604F039FA0A
:102D3000002203A82968E0F7CAFB287100BF1FE042
:102D40002C2E14D10698FEF74AF8054694F839005F
:102D500000F00300012805D1404600F015F804906A
:102D6000286003E0A08D2880E08D688008E0152EA3
:102D700003D0182E01D0122E02D10698E7F7A4F93D
:102D800000BFC1E660FA0308F0B585B004462546E9
:102D90000021204606F025F80646E88E704306120C
:102DA0000021204605F0DCFF0746288E074405F188
:102DB0003200B1B2CDE90010B5F92E20B5F92C10D2
:102DC0003BB202A8E0F762FD02A8F7F7E5FCADF818
:102DD000100002A8F7F758FCADF81200049805B0EF
:102DE000F0BD2DE9F04F85B00546884600BF00BF15
:102DF000284606F058FC404600F0D8F806462C4617
:102E0000032E1CD100BF00BF94F8380000F003006F
:102E1000022805D094F8380000F00300012802D100
:102E2000606A02F035F90020606294F8380020F002
:102E30000300C01C84F8380005B0BDE8F08F04A979
:102E40004046FFF75BFD8EB994F8380000F00300B0
:102E5000012805D094F8380000F00300022802D1C0
:102E6000606A02F015F9C4F8248034E0012E01D024
:102E7000022E30D1606A40452DD04FF0000994F801
:102E8000380000F00300012805D094F8380000F065
:102E90000300022801D1D4F824904046DDF792FCCB
:102EA00000F1010A504602F025F8074600BF1FB99D
:102EB00000BF00BF00BFFEE700BF07B9BCE7414647
:102EC0003846DDF75BFC6762B9F1000F02D0484677
:102ED00002F0DEF800BF022E38D1002741F259423D
:102EE0003946284605F0BEFD02900298814600BF93
:102EF00041F25A423946284605F0B4FD0290029844
:102F000000B2824600BF41F25B423946284605F0D6
:102F1000A9FD0290029800B28346002041F6FF719D
:102F200053464A46CDE900B10290414603A80CF051
:102F3000AFF9BDF80C10049861F394200490BDF82B
:102F40000E10049861F35F50049000BF2C34207B76
:102F500066F3010020730498C0F38A20208004984F
:102F6000400D6080217B049860F3860121730499F1
:102F7000C1F38A2000EBD0714910E1802C3C049908
:102F8000480D00EBD0714910A186284607F037F9AB
:102F9000208E18B9E08EB0F5807F02D0284607F069
:102FA000FFF8284606F07FFB00BF45E701460320F7
:102FB00001B970470A461378202B04DB13787F2B66
:102FC00001DC012005E01378802B01DB022000E00A
:102FD0000020032801D100BF00BF00BFE9E710B502
:102FE00004462021204602F076FA002020700A20B4
:102FF000207660764FF4C870A0836420E08332208E
:10300000E0760320A07610BD70B50546286910B99A
:10301000FAF71AFA2861286918B900BF00BF002022
:1030200070BD1048E1F712FC044644B900BF1CB95A
:1030300000BF00BF00BFFEE700BF0020F0E758213F
:10304000204602F048FA2560607920F00200801CDA
:1030500060712246042104480BF08EFD216848610E
:103060002046DDE778C500204D31020801480068A0
:10307000704700003401002010B504461CB9044814
:10308000E1F7B1FB10BD21460148E1F7C4FBF9E7C8
:1030900078C5002001480068704700003801002012
:1030A00018B900220A804A80704702681278012A03
:1030B00008D002681278032A04D04FF0FF320A8049
:1030C0004A8003E002890A8042894A8000BFEBE718
:1030D000014609B90020704708680078012805D02A
:1030E00008680078032801D00020F4E791F8400038
:1030F00000F00F00EFE7014609B9002070470868AB
:103100000078012805D008680078032801D0002045
:10311000F4E7C86AF2E7014609B900207047086879
:103120000078FBE700220A804A8000B970470268F5
:103130001278012A03D002681278032A03D1828A06
:103140000A80C28A4A8000BFF0E700007FB50446CB
:103150004149E0680860084600680068006900B9F5
:103160007FBD3D480068F1F7B7FC3B4800684079F7
:10317000C0F3800000B1F3E700BF6946364800683D
:10318000E1F7B8F89DF80F5033480068F1F7A4FC58
:103190000020324908609DF80E002F490968087127
:1031A0002D4800680079012808D10BF086FC2A49D7
:1031B000096809680969C1F8540110E026480068E7
:1031C0000068007804280AD1BDF80C0038B10BF073
:1031D00074FC2149096809680969C1F854011E484D
:1031E000006800680078012805D169461A4800681F
:1031F000F1F73AFA22E018480068006800780228DF
:1032000005D1694614480068F1F7E4F816E0124861
:10321000006800680078042805D169460E480068F7
:10322000F0F716FE0AE00C480068006800780328F2
:1032300004D1694608480068F0F736FD0648006882
:10324000F1F74AFC002D98D100200349086003499A
:10325000086000BF84E7000034010020380100202E
:1032600070B504460D4634B3607920F00200801C2E
:10327000607128480068A04202D1002026490860F9
:1032800020680078012803D020680078022840D107
:1032900015B1206BA84201D10021216315B1606AEC
:1032A000A84201D10021616215B1A06AA84230D1C3
:1032B0000021A1622DE00020FFF7DEFE064622E09D
:1032C000707920F00200801C70713068007801284D
:1032D00003D030680078022811D115B1306BA842B4
:1032E00001D10021316315B1706AA84201D10021DA
:1032F000716215B1B06AA84201D10021B1623046B5
:10330000FFF7BAFE0646002EDAD100200249086017
:1033100000BF70BD340100203801002010B5044604
:10332000607920F0010161710BF0C7FBA0640BF024
:10333000C4FB606410BD70B502460C460AB900209B
:1033400070BD032C04D00C2C05D1B2F9221004E07E
:10335000B2F9201001E00020F2E700BF1068457EBE
:10336000002308E0581803B2C5F1640048436426FE
:1033700090FBF6F001B20029F4D11846E0E72DE900
:10338000F0470446884600260121204605F0EEFD60
:1033900010B10020BDE8F0874146204605F005FE4B
:1033A00007460022414604F11400E0F790F828B9DE
:1033B0004FF40021204605F0D9FDB0B1204603F0BE
:1033C000E6FE8146A9F101050CE0A068006850F80E
:1033D00025A041465046FFF7D2FF06460EB13046C3
:1033E000D8E76D1E002DF0DA00BF0FB12046D1E7FF
:1033F0000020CFE700B97047417921F0080108317A
:10340000417100BFF7E70000F8B52548007810B11A
:1034100000BF00BFF8BD00BF00BF01F04DFEE1F7E7
:103420002BFDE0F723FADFF721FFE0F727FAFAF7A1
:1034300077FBE1F78BFB4FF4AC711A48E1F7FEF92B
:1034400058211948E1F7FAF9E1F70CFDE0F722FFFE
:1034500016A52C462078C32804D16078812801D194
:10346000A07808B100BF00BF114800906E463078C8
:10347000112801D1012000E00020074627B100BF3C
:1034800000BF00BF00BFFEE700BF00BFFDF7D6FDD5
:1034900001200349087000BF00BF00BFBAE7000069
:1034A000400100206CC5002078C50020C3810000C9
:1034B0004433221170B506460C460421204603F021
:1034C0001AF925460020A86385F83C0085F83D00E0
:1034D00000231A460521204602F096FC00231C22F8
:1034E0000649204602F09AFB00221146204607F0CA
:1034F00056FC204600F07CF970BD00000135020842
:103500002DE9F04782465046FDF76CFC074600BFA8
:1035100000BF3C463846F7F7EDFF06464FF6FF7111
:103520008E4201D1BDE8F0873846F7F7E3FF8046C9
:1035300041463846F7F7AEFF054605B9F2E77FA1E9
:103540002846DDF727FA68B9002084F83C007C485B
:1035500001683846F8F73AF87A4801683846F8F7CB
:1035600024F8DFE778A12846DDF714FA68B90120CE
:1035700084F83C00724841683846F8F727F87148EB
:1035800041683846F8F711F8CCE770A12846DDF716
:1035900001FA68B9022084F83C006948816838461D
:1035A000F8F714F8674881683846F7F7FEFFB9E77F
:1035B00067A12846DDF7EEF920B166A12846DDF7C0
:1035C000E9F9B0B9002220213846FDF711FC804608
:1035D000B8F1010F00D0A5E7A06B48B1002220216F
:1035E000A06BFDF705FC8046B8F1010F00D099E70C
:1035F00098E759A12846DDF7CDF9B0B900221F217F
:103600003846FDF7F5FB8046B8F1010F00D089E799
:10361000A06B48B100221F21A06BFDF7E9FB80469B
:10362000B8F1010F00D07DE77CE700BFA06B00B9C7
:1036300078E74AA12846DDF7ADF920B149A128462F
:10364000DDF7A8F998B90A21A06B0AF02FFCA06B4E
:103650000AF0CAFF00286ED000221F21A06BFDF7E0
:10366000C7FB8046B8F1010F00D05BE763E03EA1E5
:103670002846DDF78FF918B9A06B0AF044FE5AE02E
:103680003AA12846DDF786F918B9A06B0AF04AFE80
:1036900051E037A12846DDF77DF918B9A06B0AF093
:1036A00087FE48E033A12846DDF774F980BBA06BA4
:1036B0000AF08EFF1FFA80F8A06B0AF09EFF814689
:1036C00099F800002D280FD10121A06B0AF0B2FF5C
:1036D000A06B0AF06DFE2B21A06B0AF0E7FB4146C0
:1036E000A06B0AF0A7FF21E099F800002B2810D169
:1036F0000121A06B0AF09EFFA06B0AF059FE2D215C
:10370000A06B0AF0D3FB4146A06B0AF093FF0DE0DB
:103710000DE00021A06B0AF08DFF2D21A06B0AF0B7
:10372000C5FB08F10101A06B0AF084FF03E0294604
:10373000A06B0AF06DFC00BFF4E60000616263005C
:1037400010020020340200204142430031230000D7
:10375000EF808D00EF849C00EF808C00456E7465D7
:1037600072000000EFA2A200EF819300EF819400AD
:10377000EF959A002B2F2D002DE9F04104462646A7
:1037800096F83D0000F0010040B196F83C00174A61
:1037900052F820102046F7F708FF24E02746398E1C
:1037A000480001F0A7FB0546388E420096F83C0021
:1037B0000E4B53F82010284601F0F3FC002007E0E0
:1037C00035F8101021F4007125F81010411C88B252
:1037D000398E8142F4DC29462046F7F7E6FE28467A
:1037E00001F056FC00BFBDE8F0810000340200206B
:1037F00070B50446254695F83C00054A52F820105D
:103800002046F7F7E3FE2046FFF7B6FF70BD000045
:103810001002002070B506460C46254600202C35C7
:1038200045F8080C287F20F008002877287F20F032
:10383000100028774FF0FF302860287F20F0070025
:103840002877002028832C3D002146204153481E24
:103850002863A9636963000CE86328640020A862F8
:1038600095F8480020F0400085F8480002212046E5
:1038700002F041FF0021204600F0D0FF02A12046C7
:1038800001F00EF870BD000054657874000000006F
:1038900070B5044600BF00BF2146044802F07CFE1C
:1038A0000546284602F0EDFE284670BD7CFA030866
:1038B00070B506460C462546204600F00BF895F8F4
:1038C0004800C0F3C00010B9686A01F0E1FB0020B5
:1038D000686270BD70B505462C4694F84800C0F388
:1038E000801020B1A06A10B1A06A01F0D1FB94F859
:1038F000480020F0400084F848000020A06270BD1D
:103900002DE9F04F87B0894649464F4803F0FCFB4C
:103910008246BAF1010F02D007B0BDE8F08F4846E9
:10392000FDF7FFF905464846FDF75CFA06462A2DE5
:1039300006D1304600F006FF304600F02DFC81E055
:10394000132D11D10021304605F065F9804640461F
:10395000FDF786FC04462746E01704EB90708110C3
:103960004846FDF77BFA6DE0292D06D1304600F080
:10397000E9FE304600F010FC64E02C2D5DD13746A6
:103980000021304605F047F905900021304605F04A
:103990007FF904900021304605F0AEF903904FF016
:1039A000000897F84800C0F3001008B148F001087B
:1039B00097F84800C0F3401008B148F002083046BC
:1039C00003F067FC83460021304605F04BFA42F2D3
:1039D000D171884206D1708CC0F3802010B941F6B5
:1039E000FF7B03E0304603F054FC83460398CDE9A7
:1039F00001B80090796A06A8DDE904320BF048FCB2
:103A00004846FDF7ECF90446B4F90000BDF918107A
:103A1000884202DDB4F9000001E0BDF91800208001
:103A2000B4F90200BDF91A10884202DDB4F90200AF
:103A300001E0BDF91A00608004E0152D02D148466E
:103A4000E8F797FC00BF67E77CFA030801460A46DF
:103A500092F84800C0F3801008B1906A704702F1F4
:103A60002800FBE72DE9F04F93B006468B4600BFD8
:103A700000BF00BFBBF1000F03D100BF00BF00BFFC
:103A8000FEE700BF37460020039041F612023046A1
:103A9000039904F0E7FF02900298BBF80010081A9F
:103AA00000B2ADF848000020039041F61002304605
:103AB000039904F0D7FF02900298BBF80210081A8D
:103AC00000B2ADF84A0010A9304603F08DFB304635
:103AD00000F000FA81460025002410A8F6F763FEE6
:103AE0000F900021304605F096F80E9000213046E8
:103AF00005F002F90D900021304605F0C9F80C9050
:103B00000E98FDF7ADFB0B9000200A9080463E46D4
:103B100097F84800C0F3001008B148F0010897F882
:103B20004800C0F3401008B148F0020800213046B8
:103B300005F098F942F2D171884205D1708CC0F33A
:103B4000802008B948F00408002130467A6A02F063
:103B5000EBFC079028E00020CDE9000809EB050008
:103B6000DDE90E130C9AE1F7D5F90444BDF94A20BA
:103B7000DDE90A01084482420EDC039403A94846A9
:103B8000504A12689047029002980A2803D019F808
:103B9000040000B9641C0BE00D990B9801440A98CD
:103BA000084400B20A90254619F805000028D2D131
:103BB00000BF09EB050008904FF0000A07980228A3
:103BC00019D1611BCDF800800C9B0E9A08980BF060
:103BD000D1FB039010A8F6F7E6FD019000EBD07042
:103BE00041100398029000EBD070A1EB60005044AC
:103BF0000FFA80FA14E00798032811D1611BCDF861
:103C000000800C9B0E9A08980BF0B4FB039010A850
:103C1000F6F7C9FD0399401A50440FFA80FA00BF25
:103C200000200690059005980490D4B334E005ABCD
:103C300002AA03A90898E1F751F908F0010038B188
:103C4000059A0898815C06A8E1F72AFA00B123E0FA
:103C5000DDE902210E98FDF7E4FA00B20190BDF90A
:103C6000481001985044814208DB05982844A0423E
:103C700004D00498284419F8000010B9049805905D
:103C80000EE0019850440FFA80FA0C9850440FFA55
:103C900080FA0598049000BF05982844A042C6D336
:103CA00000BF094A0599089812689047099029466B
:103CB0004846054A1268904701460998084413B0DF
:103CC000BDE8F08FDC020020E40200202DE9F74F70
:103CD0008EB0164600BF00BF00BF1EB900BF00BFB8
:103CE00000BFFEE700BF0E980D900E9800F0F2F8AE
:103CF0000446224600210E9802F016FC83462078E6
:103D000000BB00207080BBF1010F06D0BBF1020F99
:103D10000BD0BBF1030F11D102E0002030800DE089
:103D20000E9803F0B6FA308008E00E9803F0B1FA6E
:103D3000029000EBD0704010308000BF00BF11B087
:103D4000BDE8F08F0BA90E9803F04EFA4FF0000972
:103D500000270BA8F6F727FD0A9000210E9804F023
:103D60005AFF099000210E9804F0C6FF0890002128
:103D70000E9804F08DFF07900998FDF771FA0690F0
:103D80000020059080460D9890F84800C0F3001080
:103D900008B148F001080D9890F84800C0F34010B1
:103DA00008B148F0020800210E9805F05BF842F2D5
:103DB000D171884206D10E98408CC0F3802008B99A
:103DC00048F004082046424A0F9912689047054679
:103DD00017E00020CDE9000804EB0900DDE9091334
:103DE000079AE1F797F80744BD4201D3E05D00B9B7
:103DF0000AE00899069801440598084400B2059025
:103E0000B946E05D0028E4D100BF8DB1681E205C9A
:103E10000A2803D0681E205C0D2809D1605D38B9DE
:103E20000899069801440598084400B20590A946EF
:103E300004EB09000490A5EB09000390CDF8008085
:103E4000079B099ADDE903100BF094FA82460F985C
:103E5000484503D0079850440FFA80FABBF1020F8F
:103E60001AD1A7EB0901CDF80080079B099A0498A5
:103E70000BF080FA02900BA8F6F795FC009000EB8F
:103E8000D07041100298019000EBD070A1EB60005F
:103E900050440FFA80FA15E0BBF1030F12D1A7EBE3
:103EA0000901CDF80080079B099A04980BF062FA8B
:103EB00002900BA8F6F777FC0299401A50440FFACB
:103EC00080FA00BFA6F800A00598708000BF36E712
:103ED000E0020020014600BF00BF0A46506A70475A
:103EE000014600BF00BF0A46106C7047014600BF84
:103EF00000BF0A46D06B70472DE9F04705460F46D4
:103F0000164600BF00BF00BF1EB900BF00BF00BF04
:103F1000FEE700BF2C4694F84800C0F3C00008B18B
:103F2000BDE8F087284605F0BEFB606ADCF74AFC76
:103F300080463046DCF746FC814609EB080A0AF168
:103F40000101606A01F0F8F8606200BF606A18B9A8
:103F500000BF00BF00BFFEE700BF606A00B9DFE737
:103F60004FF6FF70874204D10749606A09688847A5
:103F7000074632463946606AE1F762F80021284672
:103F800000F08EFC00BFCBE7E80200202DE9F04FE7
:103F900093B08346894600BF00BF00BFB9F1000F50
:103FA00003D100BF00BF00BFFEE700BF11A9584604
:103FB00003F01AF95846FFF78DFF0646CDF840B0DA
:103FC0000024002711A8F6F7EEFB0F9000215846B9
:103FD00004F021FE0E900021584604F08DFE0D9055
:103FE0000021584604F054FE82460E98FDF738F939
:103FF0000C90DDF840B000215846DBF8242002F098
:1040000093FA0B9000200A900025DDF840B09BF851
:104010004800C0F3001008B145F00105109890F871
:104020004800C0F3401008B145F002050021584691
:1040300004F018FF42F2D171884206D1BBF8220089
:10404000C0F3802008B945F0040519E00020CDE94F
:10405000000530195246DDE90E13E0F75BFF074417
:10406000B9F902200C990A980844824200DC0AE05F
:10407000DDE90C0101440A98084400B20A903C466C
:10408000305D0028E2D100BF4FF000080020099009
:104090000B98022818D1391B3019534600950E9AF7
:1040A0000BF068F9029011A8F6F77DFB009000EB89
:1040B000D07041100298019000EBD070A1EB60002D
:1040C00040440FFA80F813E00B98032810D1391BF5
:1040D0003019534600950E9A0BF04CF9029011A836
:1040E000F6F761FB0299401A40440FFA80F800BFCE
:1040F00000200890079407980690002005900490EF
:104100006FB327E007AB04AA05A93046E0F7E6FE47
:1041100005F0010030B10798315C08A8E0F7C0FF56
:1041200000B117E0CDF82480DDE904210E98FDF7F9
:1041300078F840440FFA80F8B9F90000404502DAF7
:10414000069807900AE008EB0A000FFA80F8079833
:10415000069000BF781E07998842D3D200BFDDE9E0
:1041600004210E98FDF75DF85044401C0390B9F906
:1041700000100998A0EB0A0081420ADBB9F900207F
:10418000039909980844824203DC012013B0BDE87A
:10419000F08F0020FAE700002DE9F04F99B00646B5
:1041A0003446606A10B919B0BDE8F08F4FF0FF30A7
:1041B000206317A9304603F017F817A8F6F7F3FAAB
:1041C00016900021304604F026FD1590002130465F
:1041D00004F092FD80460021304604F059FD8146EE
:1041E000002794F84800C0F3001008B147F0010719
:1041F00094F84800C0F3401008B147F002070021CE
:10420000304604F02FFE42F2D171884205D1708C05
:10421000C0F3802008B947F004071698CDE9008064
:1042200002974B46616A14A8159A0BF031F8304694
:1042300005F0E5FF94F8480000F0070002287CD163
:104240000021304603F01DFF80B21390139850B93F
:10425000304603F049F80546F9F7FCF8032190FBD6
:10426000F1F080B2139003A8F5F730FB314603A8B4
:10427000F5F7E1FB4FF6FF7103A8F5F7BCFB4FF430
:1042800096700F9000BF0F98119000BF0020029011
:1042900017A8F6F788FABDF95010884253DA17A824
:1042A000F6F781FABDF95010A0EB010B5A46002138
:1042B00003A8F5F7B6FBFE4903A8F5F78EFBFC490A
:1042C00003A8F5F78AFBFA493046F5F7E3FA054605
:1042D0004FF0000A0020019035B1D5F82CA095F8D8
:1042E0003E00C0F3400001900D98504515DDCDF81B
:1042F00038A09DF84A0020F001008DF84A0001988E
:1043000058B19DF84A1021F00201891C8DF84A101D
:104310000A980C990A910C9000BF0C9A0A9913986C
:10432000F5F78DFB8346594603A8F5F76AFB03A80A
:104330000D99F5F75AFB03A800E06FE0F5F790FB45
:104340000120029006E0DA493046F5F777FA0020BE
:10435000A4F8440017A8F6F79EF9BDF95210884258
:1043600054DA0298002851D117A8F6F794F9BDF94C
:104370005210A0EB010B1598FCF772FFABEB00009D
:1043800002460021009003A8F5F74BFBC94903A89A
:10439000F5F723FBC7493046F5F77CFA05464FF0A1
:1043A000000A0020019035B1D5F82CA095F83E0008
:1043B000C0F3400001900D98504515DDCDF838A0B0
:1043C0009DF84A0020F001008DF84A00019858B18C
:1043D0009DF84A1021F00201891C8DF84A100A98B4
:1043E0000C990A910C9000BF0C9A0A991398F5F752
:1043F00026FB8346594603A8F5F703FB03A80D994E
:10440000F5F7F3FA03A8F5F72BFB06E0A9493046C8
:10441000F5F714FA0021462001538AE194F8480088
:1044200000F0070003287DD10021304603F029FE6B
:1044300085B24DB9304602F057FF8246F9F70AF8C7
:10444000032190FBF1F085B204A8F5F73FFA31465D
:1044500004A8F5F7F0FA4FF6FF7104A8F5F7CBFAC8
:104460000020039017A8F6F79EF9BDF95010884276
:104470003CDA202211461598FCF7D3FE00EB4000F1
:10448000BDF950104942081A02460021029004A8C2
:10449000F5F7C7FA864904A8F5F79FFA28460D9A5A
:1044A0000B99F5F7CCFA0146029004A8F5F7A9FAA2
:1044B0007F493046F5F7EEF98246BAF1000F02D097
:1044C000DAF82C0000E0002083460E98584507DDFE
:1044D000CDF83CB09DF84E0020F001008DF84E0064
:1044E00004A8F5F7BDFA0120039006E070493046B4
:1044F000F5F7A4F90020A4F8440017A8F6F7CBF8C4
:10450000BDF9521088423BDA0398C0BB1598FCF7FE
:10451000A7FEBDF952104942081A02460021029036
:1045200004A800E034E0F5F77CFA624904A8F5F746
:1045300054FA28460D9A0B99F5F781FA0146029034
:1045400004A8F5F75EFA5B493046F5F7A3F9824611
:10455000BAF1000F02D0DAF82C0000E00020834608
:104560000E98584507DDCDF83CB09DF84E0020F080
:1045700001008DF84E0004A8F5F772FA07E0FFE796
:104580004C493046F5F75AF9002146200153D0E056
:1045900094F8480000F00700012875D117A8F6F735
:1045A0007AF8BDF95210884203DB4FF0FF30E06229
:1045B000BFE01598FCF754FEBDF95210884203DBAA
:1045C0004FF0FF30E062B4E03B49606A0968884719
:1045D000032803D84FF0FF30E062AAE017A8F6F7EF
:1045E000E2F883462E2211461598FCF71AFE48443D
:1045F00000EB4000ABEB000000B2ADF84C0017A898
:10460000F6F749F8ADF84E001598FCF729FE40443E
:10461000BDF94E1091FBF0F200FB121012901598AC
:10462000FCF71EFE1299884210DCBDF84E1012985D
:10463000081A00B2ADF84E001598FCF711FEBDF84F
:104640004E10084400B2ADF84E000DE0BDF84E101B
:104650001298081A00B2ADF84E00BDF84E00A0EB5B
:10466000080000B2ADF84E0013A93046FFF7FAF982
:104670001190606ADCF7A6F81090606A0F4A1199F1
:10468000126890470F9008E052E00FA90C4A606A48
:10469000126890471198401E11900F98C01C1099F5
:1046A0008842F2D8DDF83CA000200E90002521E0E1
:1046B0002D22030843220308E8020020E002002024
:1046C000DC020020616A0F9A88181C490968884733
:1046D0000E990844C0B20E900FA9194A606A126878
:1046E00090470E98032803DCDDE90F10814200D9C2
:1046F00002E06D1C032DE5D900BF606A00EB0A01E2
:1047000030460E9A00F056F888B1002505E02E20BC
:104710000AEB0502616A88546D1C032DF7D3002152
:104720000AF10300626A11541198C01CE06200E0B3
:1047300000BF304604F0B7FF00BF34E5CC020020D4
:10474000D80200202DE9F0478046444694F84800FE
:1047500000F00700012801D0BDE8F087E06A401CA6
:1047600000B9F9E7E06AA0F103094946104A606A16
:1047700012689047064600254046FFF767F907464E
:1047800005E0785D7219616A8854681CC5B27119B8
:10479000606A405C0028F4D1785D7219616A8854BF
:1047A0004046FFF797F84FF0FF30E06200BFD3E7D5
:1047B000E00200202DE9F04106460F46154634463A
:1047C0003046FFF787F8042D1AD9681C00F092FBD9
:1047D000A062A06A20B900BF00BF0020BDE8F08140
:1047E0002A463946A06A00F0DCFC0020A16A485540
:1047F00094F8480020F04000403084F848000BE076
:1048000094F8480020F0400084F848002A463946D1
:1048100004F1280000F0C5FC0120DFE770B5064672
:104820000D4600BF00BF34461B493046F5F706F879
:104830001A493046F5F702F80020A4F84400002198
:1048400046200153022D03D0032D01D0042D07D1A2
:1048500094F8480020F02000203084F8480005E05B
:1048600094F8480020F0200084F8480094F84800AC
:1048700000F00700012805D1E06A401C10B1304665
:10488000FFF760FF94F8480065F3020084F84800E1
:104890003046FFF781FC70BD2D2203084322030838
:1048A0002DE9F04106460D4600BF00BF34463046B4
:1048B00004F0F9FE05B9656A606AA84219D194F856
:1048C0004800C0F3C000A0B9606ADBF77BFF471C5B
:1048D0003946606A00F030FC606200BF606A18B957
:1048E00000BF00BF00BFFEE700BF606A58BBBDE865
:1048F000F081606A48B194F84800C0F3C00020B964
:10490000606A00F0C5FB002060622846DBF75AFFB2
:10491000471C384600F0EEFA606200BF606A18B9C2
:1049200000BF00BF00BFFEE700BF606A00B9DEE75E
:104930002946606ADBF722FF94F8480020F008005F
:1049400084F8480000BF3046FFF726FC00BFCEE7E2
:104950000FB438B5054600BF00BF00BF059818B9B1
:1049600000BF00BF00BFFEE700BF284604F09BFE6B
:104970002C46059828B92846FFF70EFC38BC5DF890
:1049800014FB606A48B194F84800C0F3C00020B935
:10499000606A00F07DFB0020606206A8009000992C
:1049A0000598E0F7A1FB60620020009094F84800B1
:1049B00020F0080084F848002846FFF7EDFB00BF10
:1049C000DCE770B504460D4600BF00BF26463564DF
:1049D000204604F068FE70BD70B504460D4600BF69
:1049E00000BF2646F563204604F05DFE70BD70B53D
:1049F00005460E4600BF00BF2C4694F84800C0F3A1
:104A0000C00030B9606A20B1606A00F041FB00204C
:104A100060623EB194F8480020F00800083084F845
:104A2000480066622846FFF7B7FB70BD70B50446C4
:104A30000D4614480068401C12490860084600688A
:104A4000C1001148006800F077FB0F49086000BF03
:104A50000846006818B900BF00BF00BFFEE700BFEE
:104A600008480068401E0849096841F83040054878
:104A70000068401E0449096801EBC0004560014818
:104A8000006870BD4801002098020020F8B5064675
:104A90000C462546204609F0E3FF0090BDF80000D3
:104AA000A884FF2085F82600F8BD00002DE9F04F0E
:104AB000A3B0824688464046FCF733F90746152FD7
:104AC0000BD0162F09D04146814802F01DFB064647
:104AD000012E02D023B0BDE8F08F4046FCF782F9EA
:104AE0000446152F7ED1254615A8FAF7DBFB15AA3B
:104AF0000021204604F028FCBDF85A000090F7F78A
:104B00004CFD8346F7F720FD029035F8240F5A46F6
:104B100000900299F7F76CFF0190BDF80400ADF822
:104B20005A00BDF85E000090F7F737FD8346F7F7AF
:104B30000BFD029028885A4600900299F7F758FF1B
:104B4000019015A8BDF80410ADF85E102098F7F795
:104B500024FD8346F7F7F8FC029028885A46009017
:104B60000299F7F745FF0190BDF80400ADF8800009
:104B7000BDF872000090F7F710FD8346F7F7E4FCEC
:104B8000029028885A4600900299F7F731FF019069
:104B9000BDF80400ADF872001E98F7F7FEFC8346DE
:104BA000F7F7D2FC029028885A4600900299F7F74E
:104BB0001FFF0190BDF80400ADF87800F7F7C4FCC2
:104BC0000290AA78BDF85A0000900299F7F710FFFA
:104BD0000190BDF80400ADF85A00F7F7B5FC02905B
:104BE000AA7800E071E0BDF85E0000900299F7F746
:104BF000FFFE019015A8BDF80410ADF85E10F7F7A0
:104C0000A3FC0290AA78BDF8720000900299F7F711
:104C1000EFFE0190BDF80400ADF87200F7F794FCC8
:104C20000290AA7801462098F7F7E2FE0190BDF8BD
:104C30000400ADF88000F7F787FC0290AA780146DF
:104C40001E98F7F7D5FE0190BDF80400ADF8780086
:104C5000A8785038BDF8821010FB01F0AF2190FB0E
:104C6000F1F000B2ADF88200A878243D5038BDF8CC
:104C7000881010FB01F0AF2190FBF1F000B2ADF80D
:104C800088004046FCF755F88146494603A802F0E3
:104C900015F804F1140006900D48049000200590CA
:104CA00015A807900020109003AA1A212046FCF7AF
:104CB0009FF804F1140215A94846FAF7D7FA03AA97
:104CC0001B212046FCF794F800BF00BF02E700005C
:104CD000A0BF030870B506460C462546002028856F
:104CE000686285F82A000221204601F004FD70BDAB
:104CF0002DE9F34F89B072480A9902F005FA08903D
:104D00000898012802D00BB0BDE8F08F0A98FCF794
:104D100008F880460A98FCF765F80646B8F1130FC4
:104D20000ED10021304603F029FB04460A98FCF717
:104D300056F80546B5F90000A04200DA2C80BDE027
:104D4000B8F12C0F3ED134460A98FCF748F8834658
:104D50004FF00009CA46208D002832DD00251BE0F7
:104D6000606A30F92500484503DD606A30F92500A6
:104D700000E048468146606A00EB8500B0F9020019
:104D8000504505DD606A00EB8500B0F9020000E0E7
:104D900050468246681C85B2208DA842E0DC002186
:104DA000304603F0EBFA074609EB07000FFA80F9EB
:104DB0000AEB07000FFA80FAABF80090ABF802A0FC
:104DC00000BF7BE0B8F1150F78D134460A98FBF7A5
:104DD000B0FF8346208D08B1606A00B993E706A949
:104DE000304602F075FA304602F0C2FCBDF81810E9
:104DF000081A0FFA80F9304602F0C4FCBDF81A1008
:104E0000081A07B2304602F0B9FA824601A8F9F74B
:104E100089FA01AA0021304604F022FA002548E070
:104E2000606A30F82500484400B2ADF81400681CF0
:104E3000616A31F82000484400B2ADF8100094F8DF
:104E40002A0000F0010088B9606A00EB8500408804
:104E5000384400B2ADF81600681C616A01EB8000AE
:104E60004088384400B2ADF8120014E0606A00EBEC
:104E700085004088AAEB0000384400B2ADF8160067
:104E8000681C616A01EB80004088AAEB000038448E
:104E900000B2ADF8120004AB05AA01A95846F9F713
:104EA0002AFA9DF80D0020F004008DF80D00681C12
:104EB00085B2208D401EA842B2DC00BF00BF22E7B1
:104EC00098FA030810B5FBF7E1FF10BDF0B50446F2
:104ED000059D944201DB2846F0BD8C4201DC18465A
:104EE000FAE7571AEE1A601A704390FBF7F018446D
:104EF000F2E7000030B587B0044614B9094807B09E
:104F000030BD2146084800680AF009F805463DB959
:104F100000BF00BF684600F0DDF800BF00BF00BF63
:104F20002846ECE7B0020020AC02002010B50024B7
:104F300015E00C4850F8340078B10A4951F83400B3
:104F400000F0A6F80020074941F8340001EBC40145
:104F50008871044901EBC4018880601CC4B2102C24
:104F6000E7DB10BDECC500202DE9F041054615B981
:104F70000020BDE8F0814FF0FF3600212CE03748DB
:104F800000EBC100807900F0010018BB334800EB52
:104F9000C1008088A8421DD3304800EBC100808842
:104FA000A84208D101202D4A02EBC10290712B4882
:104FB00050F83100DDE7002E01DA4EB20AE0274852
:104FC00000EBC1008088254A02EBC602928890421D
:104FD00000DA4EB2481CC1B21029D0DB002E08DB2B
:104FE00001201E4901EBC60188711C4850F83600AB
:104FF000BFE7002428E0194800EBC400807900F0E6
:105000000100F8B9154951F83400294600F094F828
:10501000074600BF1FB900BF00BF00BFFEE700BFCB
:105020000FB90020A5E701200C4901EBC4018871EC
:105030000A4901EBC4018D80084840F8347050F8EB
:10504000340096E7601CC4B2102CD4DB00BF00BF54
:1050500000BF00BF00BF00BFFEE70000ECC500209E
:10506000014600200CE0094A52F830208A4205D15E
:105070000022064B03EBC0039A717047421CD0B26A
:105080001028F0DB00BF00BF00BFF6E7ECC5002032
:1050900010B504460648844200D110BD04B9FCE7AF
:1050A00021460448006809F00CFF00BFF5E7000046
:1050B000B0020020AC02002010B54FF43841034884
:1050C00009F0E8FE0249086010BD00005CC700203E
:1050D000AC02002070B504461C220021204600F0DE
:1050E000C0F91348006809F014FF0546224611492B
:1050F00009F09CFF4FF4384020606421A0684843C9
:105100002168B0FBF1F0C0F164002076A06858B1CE
:105110006421E0684843A168B0FBF1F06076607EEE
:10512000C0F16400607601E00020607670BD000090
:10513000AC0200207D51020870B505460C4624B92A
:105140002846FFF7A5FF0B4870BD0A48854203D1EA
:105150002046FFF7CFFEF7E72246294606480068BB
:1051600009F0F5FE06461EB900BF00BF0020EBE7C0
:105170003046E9E7B0020020AC02002030B504461A
:1051800018461AB105696D1C056109E045686D1C7A
:10519000456085680D448560C5688D4200D2C16058
:1051A00030BD2DE9F0410F46154601463A4601F063
:1051B000030602F0030CB4457DD0C2E092F80080F3
:1051C00081F80080491C521C92F8008081F8008010
:1051D000491C521C92F8008081F80080491C521C26
:1051E00092F8008081F80080491C521C92F80080DF
:1051F00081F80080491C521C92F8008081F80080E0
:10520000491C521C92F8008081F80080491C521CF5
:1052100092F8008081F80080491C521C92F80080AE
:1052200081F80080491C521C92F8008081F80080AF
:10523000491C521C92F8008081F80080491C521CC5
:1052400092F8008081F80080491C521C92F800807E
:1052500081F80080491C521C92F8008081F800807F
:10526000491C521C92F8008081F80080491C521C95
:1052700092F8008081F80080491C521C92F800804E
:1052800081F80080491C521C92F8008081F800804F
:10529000491C521C92F8008081F80080491C521C65
:1052A00092F8008081F80080491C521C92F800801E
:1052B00081F8008000E053E0491C521C92F8008005
:1052C00081F80080491C521C92F8008081F800800F
:1052D000491C521C92F8008081F80080491C521C25
:1052E00092F8008081F80080491C521C92F80080DE
:1052F00081F80080491C521C92F8008081F80080DF
:10530000491C521C92F8008081F80080491C521CF4
:1053100092F8008081F80080491C521C92F80080AD
:1053200081F80080491C521C92F8008081F80080AE
:10533000491C521C92F8008081F80080491C521CC4
:10534000203D202D3FF63AAF06E092F8008081F82C
:105350000080491C521C6D1E002DF6D1BDE8F08165
:105360006EB1C6F1040607E092F8008081F8008073
:10537000491C521C761E6D1E0EB1002DF4D10B4639
:10538000144630E0D4F80080C3F800801B1D241DB3
:10539000D4F80080C3F800801B1D241DD4F80080C1
:1053A000C3F800801B1D241DD4F80080C3F80080C2
:1053B0001B1D241DD4F80080C3F800801B1D241D74
:1053C000D4F80080C3F800801B1D241DD4F8008091
:1053D000C3F800801B1D241DD4F80080C3F8008092
:1053E0001B1D241D203D202DCCD806E0D4F80080C4
:1053F000C3F800801B1D241D2D1F042DF6D819464F
:10540000224606E092F8008081F80080491C521C78
:105410006D1E002DF6D100BFA0E730B504460B4647
:1054200004E01D782570641C5B1C521E002AF8D114
:1054300030BD30B504460B4604E01D782570641C71
:105440005B1C521E002AF8D130BD30B504460B4615
:1054500004E01D782570641C5B1C521E002AF8D1E4
:1054600030BDF0B506460B46344604F003054DB199
:10547000C5F1040503E02370641C521E6D1E0DB1BE
:10548000002AF8D103EB032707EB034707EB03617F
:10549000204610E00160001D0160001D0160001D3C
:1054A0000160001D0160001D0160001D0160001D04
:1054B0000160001D203A202AECD802E00160001DA6
:1054C000121F042AFAD8044602E02370641C521EFC
:1054D000002AFAD1F0BD30B50446224602F003039B
:1054E00053B1C3F1040304E000251570521C491E9A
:1054F0005B1E0BB10029F7D1104611E000250560B5
:10550000001D0560001D0560001D0560001D056093
:10551000001D0560001D0560001D0560001D20398F
:105520002029EBD803E000250560001D091F042990
:10553000F9D8024603E000251570521C491E0029C7
:10554000F9D130BD30B50446224602F0030353B111
:10555000C3F1040304E0FF251570521C491E5B1EB5
:105560000BB10029F7D1104612E04FF0FF3505606E
:10557000001D0560001D0560001D0560001D056023
:10558000001D0560001D0560001D0560001D20391F
:105590002029EAD804E04FF0FF350560001D091FFF
:1055A0000429F8D8024603E0FF251570521C491E55
:1055B0000029F9D130BD024600BF00BF906C88427F
:1055C00001D101207047506B884205D192F86100EB
:1055D000012801DC0120F5E70020F3E72DE9F04781
:1055E00080464046FBF79DFB8146B9F1070F40D14D
:1055F0004046FBF7F7FB06464046FBF7F6FB044642
:10560000606BB04204D0A06CB04201D0BDE8F0871E
:1056100094F8600084F8610031462046FFF7CBFF24
:1056200000B1F3E704F154073846DFF7DCF88246AF
:1056300051463846DFF7EFF80546CDB151463846BA
:10564000DFF750F95046FFF723FD14F8600F401EB6
:10565000207029463846DFF745F92078401E04F8C7
:1056600060092046296800F06CF92846FFF710FD14
:1056700000BF00BFCAE770B5044600BF00BF2546A3
:105680002C4605F154063046DFF795F8002085F8E2
:10569000600070BD2DE9F05F83460C4650480168FC
:1056A000204605F069F90021204605F02BF9254632
:1056B0006035A87820F00600A870A87820F00800CF
:1056C000A870002028706870A87820F00100A870E9
:1056D000603D042105F15400DFF7B0F8204601F0E9
:1056E000CFF868620121686A00F0E0FA0020E86300
:1056F0006864A864E864286421463A4800F04CFFD6
:105700000646304600F0BDFF42F26401304605F027
:105710001AF90121304605F007F90121304605F05C
:10572000F1F84FF48041304600F0C0FA02213046D3
:1057300000F0E1FFAE6231462B4800F02DFF074636
:10574000384600F09EFF42F2D17242F264013846C0
:1057500005F009FA0021384605F0D4F802231A466C
:105760000021384605F0AEF80221384600F0C3FFAC
:105770004FF48041384600F099FA2F63286BF5F713
:10578000A9FA80462B4607221849404600F046FAFF
:105790004FF48041404600F089FA0021404605F070
:1057A000B1F8C5F83480686BFCF772FC824610A132
:1057B0005046FDF716FB286BFEF76AF8814601217B
:1057C000484600F073FAC5F838900020E862286572
:1057D0002B461C220749204600F020FABDE8F09F26
:1057E0006C010020B8C00308D4C00308DD550208CE
:1057F000EF819300555A020870B505460C4600210A
:10580000204605F07FF802231A460021204605F0C5
:1058100059F80221204600F06EFF70BD2DE9F041DD
:1058200007460C46264606F154052846DEF7C3FF18
:10583000BDE8F081014600BF00BF0A46D06A70474C
:10584000014600BF00BF0A46106C704770B506469F
:105850000C46204601F0E2FD05462046696A05F047
:10586000AFF80121204605F04DF802231A46002129
:10587000204605F027F84FF48041204600F016FA44
:1058800070BD70B506460C462546686A20B1686A48
:10589000FFF7FEFB0020686270BD70B5054600BFD3
:1058A00000BF2C46206B08B1E06A00B970BD94F8C7
:1058B0006200C0F3410020B101280BD002281BD1A7
:1058C00011E00021206B04F0ADF80121E06A05F041
:1058D0002BF811E00021206B04F0A4F80021E06A0D
:1058E00005F022F808E00121206B04F09BF801216B
:1058F000E06A05F019F800BF00BF206B04F0ADFAB4
:10590000E06A04F0AAFA206B05F09AFB206B01F024
:10591000A1FC20B90121206B00F0C8F903E00121AE
:10592000206B00F0E8FE00BFC0E770B505460C46EE
:105930000121204604F0E6FF0221204600F0DBFEB4
:1059400070BD2DE9F04106460D4600BF00BF34464C
:10595000E06A18B1616AE06A05F032F88DB104F1CD
:1059600054073846DEF772FF8046C8F8005094F8B6
:105970006000401C84F860002846A16A05F020F809
:1059800002E03046FFF777FEE562206D50B1206CF3
:1059900020B10121206D00F0C6F903E00121206D46
:1059A00000F0EAFE206C80B394F8620000F0010081
:1059B000A8B194F86200C0F3C00040B10121A06C0E
:1059C00000F099FE0221A06C00F070F907E00121BF
:1059D000A06C00F06BF90221A06C00F08CFE94F832
:1059E0006000022808DB0121606B00F084FE0221C8
:1059F000606B00F05BF923E00121606B00F056F969
:105A00000221606B00F077FE1AE0FFE794F8600077
:105A1000022804DA94F86200C0F3C00040B101210A
:105A2000606B00F068FE0221606B00F03FF907E058
:105A30000121606B00F03AF90221606B00F05BFE1F
:105A400000221C212046FBF7D3F93046FFF725FF43
:105A5000BDE8F0812DE9F04180464046FBF7C5F9ED
:105A600007463C463846FFF7E5FE064686B1A06B82
:105A700070B1706A40B1716AA06BFEF711FF01212D
:105A8000A06B00F038FE03E00121A06B00F00EF9DE
:105A90003846FFF7D5FE054685B1E06C70B1686AFF
:105AA00040B1696AE06CFEF7FBFE0121E06C00F09A
:105AB00022FE03E00121E06C00F0F8F8BDE8F0817F
:105AC00070B506460C462546242105F12400DEF774
:105AD000B5FE1C2105F13000DEF7B0FE70BD70B5DB
:105AE00006460C4600BF00BF254605F13000DEF734
:105AF00062FE05F12400DEF75EFE70BD2DE9F04F79
:105B000097B00D462946444801F0FEFA16901698C3
:105B1000012802D017B0BDE8F08F2846FBF701F945
:105B200006462846FBF75EF90446152E71D1284635
:105B3000FBF7FFF8159013A9204601F055FB13AAB7
:105B400020461599E2F7A0FB13AA20461599E9F71C
:105B500035FE13AA20461599E7F70EFA13A8F4F7B5
:105B6000FFFD824600EBDA704710BDF84C00384468
:105B700000B2ADF84800BDF84E00384400B2ADF8B0
:105B80004A0004A8F9F78EFB04AA4FF4003120461E
:105B900003F0DAFB4FF4003A41F20102514620468D
:105BA00002F060FF0190019800B2834600EBDB70C9
:105BB0004FEA600800BF41F204025146204602F05D
:105BC00051FF0190019800B2834600EBDB704FEA71
:105BD0006009BDF84800A0EB080000B2ADF808006D
:105BE000BDF84A00A0EB090000B2ADF80A00BDF80C
:105BF0004800404400B2ADF80C00BDF84A004844EB
:105C000000B2ADF80E0002AA04A91598F9F72EFB10
:105C100000BF00BF7EE700000CC103082DE9F04182
:105C200004460D4616461F4600BF00BF204600F042
:105C300037FBA068807E401CA1688876A268927EAF
:105C400002EB42029100A268D068FFF775FAA168E2
:105C5000C86000BFA068C06818B900BF00BF00BF1F
:105C6000FEE700BFA068C168807E401E00EB4000D8
:105C700041F82050A068C268807E401E00EB4000C2
:105C800002EB80000672A068C168807E401E00EBB7
:105C9000400001EB80004760A068C168807E401E24
:105CA00000EB400001EB8000BDE8F0812DE9FF41F1
:105CB00005460C4600BF00BF284603F071FD0646AE
:105CC00004F0010010B1284603F0EDFCE869204320
:105CD000E86104F0010010B1284603F0E4FC284616
:105CE00003F05EFDB04202D104F0C07040B128461E
:105CF00001F094FB074603F099FD284603F096FD5A
:105D000004F0100068B16A4602A9284601F044FD7B
:105D100002A9284603F001FD6946284603F0FDFC70
:105D200000BFBDE8FF8170B504460E4600BF00BF4E
:105D3000208C40EA0605208CA84203D02946204644
:105D400004F020FF70BD2DE9F04104468846174657
:105D500000234FF6FF723946204610F05FFE002503
:105D600011E0E06800EBC5004068C0F3406000B19E
:105D700008E0E06800EBC5004068C0F3006000B1D7
:105D800000E005E06D1C608CC0F3C500A842E8D8B7
:105D900000BF608CC008401C618C60F3C801618446
:105DA000628CC2F3C502D100E068FFF7C5F9E0607C
:105DB000608CC0F3C500461E09E0E06800EBC60138
:105DC0000246701E02EBC00205CA05C1761EAE4235
:105DD000F3D8E16801EBC5000821FFF77CFBE06820
:105DE00040F83580E06800EBC500406867F31700B5
:105DF000E16801EBC50148604FF6FF723946204665
:105E000004F016FABDE8F0812DE9F04106460F4690
:105E100014461D4600223946304604F0B3FF2A4698
:105E20002146304604F04DFEBDE8F0812DE9FF4FDC
:105E300087B00E4690469A4600BF00BF079805F00F
:105E4000FFF81EB9079801F0E9FA064600BF00BF47
:105E50004FF0000900200690079801F0DFFA07468E
:105E60000021384602F0CFF905900021384602F0B3
:105E7000E4FB01460598084400B20490002138462E
:105E800002F047FD01460598084400B20390002146
:105E9000304602F0B8F902900021304602F0CDFB06
:105EA00001460298084404B20021304602F031FD58
:105EB00001460298084405B2B8F1000F0AD100214A
:105EC000304602F012F9012802D14FF0030801E038
:105ED0004FF00108B8F1160F32D2DFE808F0313286
:105EE000354A5866869FB40BD4DDFEFDFCFBFAF9FB
:105EF000F8F7F6F5304601F0CCF9009000EBD070E1
:105F00004FEA600B079802F0D4FF019000EBD070CD
:105F1000ABEB600020440FFA80F9304601F09AF9AB
:105F2000009000EBD0704FEA600B079801F026FA62
:105F3000019000EBD070ABEB6000284400B20690FB
:105F400070E1A14606956DE1304601F0A2F900909E
:105F500000EBD0704FEA600B079802F0AAFF0190A7
:105F600000EBD070ABEB600020440FFA80F906958F
:105F700058E1304601F08DF98346079802F099FF09
:105F8000ABEB000020440FFA80F906954AE1A146E8
:105F9000304601F05FF98346079801F0EFF9ABEB6B
:105FA0000000284400B206903CE1304601F071F94F
:105FB000009000EBD0704FEA600B079802F079FF79
:105FC000019000EBD070ABEB600020440FFA80F939
:105FD000304601F03FF98346079801F0CFF9ABEB6B
:105FE0000000284400B206901CE1304601F051F94F
:105FF0008346079802F05DFFABEB000020440FFAE8
:1060000080F9304601F026F98346079801F0B6F989
:10601000ABEB0000284400B2069003E1A1463046F5
:1060200001F018F9009000EBD0704FEA600B079870
:1060300001F0A4F9019000EBD070ABEB60002844B4
:1060400000B20690EEE0304601F023F9834607984F
:1060500002F02FFFABEB000020440FFA80F930462E
:1060600001F0F8F8009000EBD0704FEA600B079851
:1060700001F084F9019000EBD070ABEB6000284494
:1060800000B20690CEE04FF00009079801F076F9D3
:10609000404200B20690C5E0304602F00AFF009090
:1060A00000EBD0704FEA600B079802F002FF0190FE
:1060B00000EBD070ABEB60000FFA80F9079801F0AD
:1060C0005DF9404200B209E09CE084E07CE069E0D8
:1060D0004FE045E034E01CE014E001E00690A1E070
:1060E000304602F0E6FE8346079802F0E2FEABEB94
:1060F00000000FFA80F9079801F040F9404200B221
:1061000006908FE04FF00009304601F037F9069015
:1061100088E0304602F0CDFE009000EBD0704FEAF0
:10612000600B079802F0C5FE019000EBD070ABEB5E
:1061300060000FFA80F9304601F020F9069071E016
:10614000304602F0B6FE8346079802F0B2FEABEB93
:1061500000000FFA80F9304601F010F9069061E076
:10616000079802F0A6FE40420FFA80F90020069040
:1061700058E0079802F09DFE40420FFA80F9304641
:1061800001F0FCF8009000EBD0704FEA600B07982C
:1061900001F0F4F8019000EBD070ABEB600000B2BE
:1061A00006903FE0079802F084FE40420FFA80F923
:1061B000304601F0E3F88346079801F0DFF8ABEBD7
:1061C000000000B206902DE0304602F072FE8146DB
:1061D0000020069026E0304602F06BFE81463046F5
:1061E00001F0CCF8009000EBD0704FEA600B0798FC
:1061F00001F0C4F8019000EBD070ABEB600000B28E
:1062000006900FE0304602F054FE8146304601F021
:10621000B5F88346079801F0B1F8ABEB000000B287
:10622000069000BF00BF0021384601F05EFF012844
:106230000DD1384601F010FAB18A5144BA8A891A50
:1062400001440498081A48440FFA80F90CE03846D3
:1062500001F08AF9B18A5144BA8A891A0144049832
:10626000081A48440FFA80F9384601F077FAF28AA2
:1062700014990A44F98A511A01440398091A069894
:10628000084400B2069000220121079804F07AFD2C
:106290004946DDE9062004F014FC0BB0BDE8F08FA0
:1062A00010B5044600BF00BFA06808BB11480068D5
:1062B000401C104908601C20FEF71CFEA06000BFB7
:1062C000A06818B900BF00BF00BFFEE700BFA0680C
:1062D00000B910BD1C21A068FFF7FDF80F20A168D0
:1062E0004876A068007E20F00300C01CA1680876F4
:1062F00000BFEEE7440100202DE9FC4780460F4631
:106300000121404602F032FE10B10020BDE8FC87BA
:10631000404601F08BF80446204600F0E5FF814638
:106320004846F7F7EDF8A04210D04846F7F7F5F8E1
:10633000A0420BD04846F7F7C7F8A04206D048461F
:10634000F7F7B5F8A04201D00020DFE74FF40021B5
:10635000404602F00BFE48BB4046DEF71EFB0646F9
:1063600008F114016846F4F7E1F8BDF80000801B5D
:1063700000B2ADF80000BDF80200801B00B2ADF81D
:106380000200BDF80400304400B2ADF80400BDF8CE
:106390000600304400B2ADF806006A463946384679
:1063A000DCF77EFF08B90020B0E700BF404601F0EF
:1063B00035F8054619E00121284602F0D7FD08B15D
:1063C0000020A3E74FF40021284602F0CFFD40B99A
:1063D00005F1140239463846DCF762FF08B900209F
:1063E00094E7284601F01AF80546002DE3D1012074
:1063F0008CE72DE9FE4F05460E464FF0000831466A
:10640000284602F0CBFB0446002C46D031462846F5
:1064100002F0AAFB0090009802283DDD204604EB24
:10642000D0714910491C0CB23146284602F0A9FB34
:10643000204404B23146284602F07CFB81463146B6
:10644000284602F084FB8246B9F1000F01DD484680
:1064500001E0C9F10000BAF1000F01DD514601E091
:10646000CAF10001884207DDB9F1000F01DD48469D
:1064700009E0C9F1000006E0BAF1000F01DD504665
:1064800001E0CAF10000204404B2A04501DD40460D
:1064900000E02046804600BF00BF3146284601F09C
:1064A000D5FF0746C7B13146284601F0B5FF824601
:1064B000BAF1020F0FDD3146284601F0BAFF8146DE
:1064C00009EB0700404501DA404601E009EB07000F
:1064D0000FFA80F800BF00BF00BF40F60A02314645
:1064E000284602F0BFFA009000980FFA80FB00BF28
:1064F00000BF40F60B023146284602F0B3FA009086
:10650000009800B202900298834501DD584600E0F1
:10651000029801900198002803DD019840440FFA89
:1065200080F84046BDE8FE8FFEB504460D4616468F
:1065300000BF41F25D422946204602F093FA0090E6
:106540000098C0B2029000BF41F26A42294620463C
:1065500002F088FA00900098C0B2019000BF9DF848
:10656000080008B90120029000BF9DF80800FEBD98
:1065700010B5044600231A4609212046FFF744FCC3
:1065800010BD02460AB9002070471068884201D148
:106590000120F9E70020F7E72DE9F04107460C4616
:1065A0003846EBF789FF80464046FEF7A3FC0546D8
:1065B00015B90020BDE8F08141462846FEF78BFF63
:1065C0002F606C60002C30D1F6F73EFF06461EB9F6
:1065D00000BF00BF0020EDE7F06840B90420FEF7DF
:1065E00089FCF060F0680560012070620DE0706A5F
:1065F000401C7062726A9100F068FEF79DFDF060C9
:10660000706A401EF16841F820500020A8820021E5
:10661000E982F6F731FF401E01B229830020F6F728
:1066200091FF401E01B2698329E000BF00BFA0684E
:1066300010B92046FFF734FEA068006858B904205E
:10664000FEF758FCA1680860A0680068056001209A
:10665000A168486013E0A0684068401CA1684860D9
:10666000A26852689100A2681068FEF765FDA168F3
:106670000860A068D0E90010401E41F8205028466C
:1066800098E770B50446204603F0D0F8002000F0EB
:106690001FFB204608F058F9204600F07DF8012045
:1066A00000F016FB4FF6FF724FF47021204603F006
:1066B000BFFD204603F0A3FDFBF722FA06463EB1DC
:1066C000204603F058F818B121463046FBF752F93E
:1066D000204600F0A3FE054665B122462221284649
:1066E000FAF786FB224623212846FAF781FB20464B
:1066F00002F0D9FF70BD2DE9FF4105460C4600BFF1
:1067000000BF284603F04CF8064604F0100068B1BC
:106710006A4602A9284601F03FF802A9284602F07D
:10672000FCFF6946284602F0F8FF00BFE869A04375
:10673000E86104F0010078B1284602F0B4FF284671
:1067400003F02EF840B1284600F068FE074603F03B
:106750006DF8284603F06AF8284603F021F8B042A5
:1067600002D104F0C07028B1284600F057FE074659
:1067700003F05CF8BDE8FF8170B504460E4600BF2B
:1067800000BF208C20EA0605208CA84203D02946B1
:10679000204604F0F7F970BD70B5044625682068FE
:1067A000006828B12068006820602046FFF7F4FFE9
:1067B00025602068406818B12068214642689047EB
:1067C00070BD2DE9F84381460C4665686DB32846D7
:1067D00000F0CAFE0746284600F0C0FF80460026AB
:1067E00041F610023146284602F03CF9009000982C
:1067F000E98A0844A0EB080001B2E182E08A401E69
:1068000001B2618300BF41F612023146284602F010
:1068100029F900900098A98A0844C01B00B2A08200
:10682000A08A401E01B2218300BF0220E061E0691E
:1068300040F48050E0611DB1E06940F40050E06137
:106840001DB1E06940F44070E061E06940F004008F
:10685000E061E06940F01000E061E06940F0200094
:10686000E061E06940F04000E061E06940F4006010
:10687000E0611DB1E06940F40040E061BDE8F883EB
:1068800070B5044600BF00BF21460448FFF784FEF0
:1068900005462846FFF7F5FE284670BDFCB90308FB
:1068A0002DE9F041064600BF00BF00BF00BF3046E3
:1068B00002F0F9FE304600F0B1FD044614B1204666
:1068C00003F0D2FF0025002754B9304600F00CFD3C
:1068D00005460DB9BDE8F0812869B04200D1012715
:1068E000304609F0B0FC84B10021204603F0EAF8FC
:1068F000204603F0B9FF002222212046FAF778FA59
:10690000002224212046FAF773FA1FB100BF00BF0E
:106910000020286100BF00BF00BFDBE770B506465E
:106920000C462046DCF78AFF002000F0D1F900BFBA
:10693000184A0021204603F024FD00BF012000F08A
:10694000C7F900212046F2F779FF204600F00CFD40
:10695000054615B12046FBF710F9A068C0B1A06844
:10696000006830B1A1680868FEF792FB0020A168BA
:106970000860A068C06830B1A168C868FEF788FBED
:106980000020A168C860A068FEF782FB0020A0601C
:1069900070BD0000FFFF0F002DE9F04FA3B082464D
:1069A0005046FAF7BEF906465046FAF71BFA044677
:1069B000122E6AD15046FAF712FA054628780228B4
:1069C00002D123B0BDE8F08F0021204601F069FC20
:1069D00010B102202870F4E70021204602F09EF852
:1069E00083460021204602F0E2F9074600212046B6
:1069F00002F0C3F9804604F1140121A8F3F78DFDDC
:106A0000BDF88400C01B00B2ADF88400BDF888005A
:106A1000384400B2ADF88800BDF88600A0EB08004D
:106A200000B2ADF88600BDF88A00404400B2ADF86F
:106A30008A005A4621A96868DCF773FC10B9012066
:106A40002870BEE70021204601F0B6FBFD2802DADF
:106A500001202870B5E74FF000096822494620461A
:106A600002F000F820902098C0B210B101202870E8
:106A7000A7E70021204601F0A8FCFD2802DA01204A
:106A800028709EE70020287014E1152E7ED1504614
:106A9000FAF74FF9834615A8F8F704FC00212046C1
:106AA00001F0A2FB30B19DF8770020F00100401CFE
:106AB0008DF8770015AA0021204602F045FC002140
:106AC000204602F074F905460021204602F055F9EF
:106AD000074604F1140113A8F3F71FFDBDF84C009D
:106AE000401B00B2ADF84C00BDF85000284400B285
:106AF000ADF85000BDF84E00C01B00B2ADF84E001E
:106B0000BDF85200384400B2ADF85200594601A811
:106B100000F0D4F8684802900020039015A8059072
:106B200013A8049000200E9001AA1A212046FAF71B
:106B30005FF90021204601F0B4FB20B1BDF85400FC
:106B400008B1012000E000208146DDF86480B9F141
:106B5000000F01D00020199013AA15A95846F8F784
:106B600085FBB9F1000F26D01820FEF7FDF9009043
:106B7000BDF95420002304F114010098F8F77CFAC1
:106B800004F590710098F7F7F9FB00E019E0B8F10F
:106B9000000F0FD000208DF857008DF876008DF88B
:106BA0007E008DF88A00CDF8648013AA15A9584696
:106BB000F8F75CFB00BF01AA1B212046FAF718F981
:106BC00078E0182E76D15046FAF7B3F88046414661
:106BD0002046E7F7C9F80021204601F062FB60B1CA
:106BE00004F59070F8F716FB05462DB12846F7F727
:106BF000A7FE2846FEF734FA00BF0021204601F028
:106C0000F3FA002855D015A8F8F74CFB00208DF8B2
:106C100057008DF86E008DF87E008DF88A0015AA59
:106C20000021204602F090FB0021204602F0BFF830
:106C300005460021204602F0A0F8074604F11401A1
:106C400013A8F3F76AFCBDF84C00401B00B2ADF886
:106C50004C00BDF85000284400B2ADF85000BDF81B
:106C60004E00C01B00B2ADF84E00BDF852003844D3
:106C700000B2ADF85200414601A800F01FF80E48DE
:106C800002900120039015A8059013A804900020FD
:106C90000E9001AA1A212046FAF7AAF813AA15A9FC
:106CA0004046F8F7E3FA01AA1B212046FAF7A0F8BC
:106CB00000BF00BF00BF84E6FCB9030870B50446FE
:106CC0000D4648212046FEF706FC256070BD0000F9
:106CD00001490870704700004D0100202DE9FF5F59
:106CE00088464046FAF71DF804464046FAF71EF873
:106CF0000546012C04D120212846FFF714F801E2B3
:106D0000082C2BD120212846FFF736FD4046FAF704
:106D100066F807463846FCF7EEF9F0B90821284630
:106D200002F024F9C8B1284601F08CF900F0010006
:106D300020B901212846FEF7F6FF03E0012128468D
:106D4000FFF71AFD00221C212846FAF751F80646E3
:106D5000012E01D0BDE8FF9F00BFD3E1032C04D179
:106D600020212846FFF708FDCCE12A2C10D1284627
:106D700000F00DFA0746002607E0A868006850F802
:106D80002690484602F052FD761CBE42F5D3B9E18A
:106D90000D2C7CD10821284602F0E8F808B34046C3
:106DA000FAF71DF80678132E01D0112E04D1012117
:106DB0002846FEF7B8FF07E0142E01D0122E03D1AB
:106DC00001212846FFF7D8FC0A2E09D000221C21F9
:106DD0002846FAF70DF80746012F00D0BAE700BFA2
:106DE00090E14FF40161284602F0C0F8002886D0F7
:106DF000284602F0ABFC0028AFD10390284600F0F3
:106E0000B3FB0746284600F027FC81464046F9F7C9
:106E1000E6FF0678122E14D1284600F0B3FC834614
:106E2000284600F0ABFA8246C0170AEB90700BEBD5
:106E3000A00000B2029001462846039A03F0F8FC35
:106E400085E0112E14D1284600F09CFC834628468C
:106E500000F094FA8246C0170AEB9070ABEBA000EA
:106E600000B2029001462846039A03F0E1FC6EE06E
:106E7000132E36D1284600F049FB00F0030020B164
:106E8000002F19DCB9F1000F16DC284600E05FE0A6
:106E900000F078FC8346284600F070FA8246C0175E
:106EA0000AEB90700BEBA00000B20290014628465E
:106EB000039A03F0BDFC4AE0284600F059FC8346E3
:106EC000284601F0F6FF8246C0170AEB90700BEBE4
:106ED000A00000B2029001462846039A03F08CFC01
:106EE00035E0142E33D1284600F010FB00F00300EB
:106EF00020B1002F17DCB9F1000F14DC284600F098
:106F000041FC8346284600F039FA8246C0170AEB56
:106F10009070ABEBA00000B2029001462846039AA5
:106F200003F086FC13E0284600F022FC8346284646
:106F300001F0BFFF8246C0170AEB9070ABEBA000D8
:106F400000B2029001462846039A03F055FCD9E0AE
:106F50000E2C3AD14FF48061284602F007F818B1A0
:106F60000121284603F02BFC4FF0000A284600F0D0
:106F7000FBF98346FAF7CAFD82460226FCF776F84B
:106F80008146B9F1000F03D14046F9F7EEFE814684
:106F90004846FCF7C0F80746022F01D0042F01D164
:106FA00046F00406BAF1000F06D046F00806314656
:106FB0002846FEF7B8FE07E031462846FEF7B3FE46
:106FC00008212846FFF7D8FB9CE0092C04D140217A
:106FD0002846FEF7A8FE95E00A2C16D14021284647
:106FE000FFF7CAFB284601F003F802280CD16A46D5
:106FF00002A9284600F0D0FB02A9284602F08DFB2A
:107000006946284602F089FB7CE00F2C04D10E2152
:107010002846FFF7B1FB75E0292C23D10021284633
:1070200001F015F881460021284601F08DF98246CD
:10703000BAF1000F02D1B9F1000F02D0284602F0D8
:10704000F5FB284600F0A3F80746002607E0A868ED
:10705000006850F826B0584602F0E8FB761CBE42A5
:10706000F5D34FE0222C2FD1002641F20102314608
:10707000284601F0F7FC0390039800B2074600BFD2
:1070800041F204023146284601F0ECFC03900398DB
:1070900000B281460021284600F0D9FF8246002137
:1070A000284601F051F98346BBF1000F08D1BAF12F
:1070B000000F05D142F2D170874201D0814502D143
:1070C000284602F0B3FB1DE0132C12D14046F9F71D
:1070D00086FE064600212846FFF78BF90746B6F9DB
:1070E0000000B84202DDB6F9000000E0384630800A
:1070F00008E0152C03D0182C01D0122C02D14046E8
:10710000FFF74AFC00BF25E62DE9F04106460D4693
:1071100016B96868046800E0346800E0246814B1B7
:1071200020690028FAD014B90120BDE8F081206957
:1071300008B90120F9E70020E860294620462269C5
:1071400090470127287E00F0010000B10027384653
:10715000EBE7024600BF00BF906808B90020704707
:10716000002908DA906840680144002901DA00200B
:10717000F5E70B4600E00B4690684068984201D85E
:107180000020ECE79068006850F82100E7E701462E
:1071900000BF00BF886808B9002070478868406851
:1071A000FBE770B505460C4605F114012046F3F7E0
:1071B000BDF9A868B8B12088A968898A401A00B2C8
:1071C0002080A088A968898A084400B2A0806088CD
:1071D000A968898A401A00B26080E088A968898A13
:1071E000084400B2E08070BD70B506460C4600BF92
:1071F00000BF0021304601F006F805462146304622
:1072000000F066F8684202B2684201B22046F3F725
:10721000D1FA0021304601F010FA2188084400B26A
:1072200020800021304601F0B1FAA188081A00B28E
:10723000A0800021304601F06CFB6188084400B258
:1072400060800021304601F01BF9E188081A00B285
:10725000E08070BD2DE9F041074600BF00BF00216E
:10726000384601F056FB04460021384601F008F983
:1072700005460021384600F0C6FF0646384600F0B5
:107280007DF8001B401B022101FB160000B2BDE887
:10729000F0812DE9F041074600BF00BF00213846CC
:1072A00001F0CBF904460021384601F06FFA05469B
:1072B0000021384600F0A7FF0646384601F0F9FDE8
:1072C000001B401B022101FB160000B2BDE8F0814B
:1072D00070B505460C4600BF00BF05F114012046FD
:1072E000F3F724F970BD000070B5064600BF00BF7B
:1072F000706808B9354603E0304600F097F8054657
:107300000E48DDF770FA044611E0002107E0E0685E
:1073100050F82100A84201D1204670BD491C606A86
:107320008842F4D821460548DDF775FA0446002C5A
:10733000EBD100BF00BF0020EFE700006CC50020CC
:10734000024600BF00BF906808B9002070479068EF
:10735000807E884201D80020F8E79068C06801EB81
:10736000410300EB8300F1E7014600BF00BF8868DE
:1073700010B18868806870470020FCE710B50446AB
:1073800000BF00BF04F11400F3F731F910BD70B570
:10739000064600BF00BF304600F040F805460DB974
:1073A000002070BD002400BF08E021462846FFF7FA
:1073B000D0FEB04201D12046F3E7641C2846FFF717
:1073C000E6FEA042F1D84FF0FF30EAE72DE9F041A8
:1073D00004460F4690461E46002518E0E06800EB84
:1073E000C5004068C0F3006080B1E06800EBC500F4
:1073F000406820F07F40B04208D1E16851F8350084
:107400004246394605F0EAFBBDE8F0816D1C608C10
:10741000C0F3C500A842E1D80020F5E7014609B94C
:107420000020704700BF00BF4868FAE710B5044667
:1074300000BF00BF224600BF13461846FFF7EEFF0D
:107440000246002AF8D1184610BD00002DE9F84F79
:10745000074600BF00BF2B4C3846FFF798FE80461A
:10746000002514E0B868006850F825B02649584651
:1074700001F087FD00B109E0BBF91A00A04201DA72
:10748000204601E0BBF91A00044600BF6D1C4545CB
:10749000E8D30021384601F049FA0090002138462F
:1074A00000F0FBFF81460021384600F0B9FE064699
:1074B0001448844205D0788BA0EB0900801B201A69
:1074C00004B2384600F09EFD82463846FFF756FF6C
:1074D0000099401AA0EB0900022101FB1600AAEB5B
:1074E00000000FFA80FA384600F04CF9AAEB0000D1
:1074F0000FFA80FA544502DD2046BDE8F88F504669
:10750000FBE7000001E0FFFF01000400014688687E
:1075100020B18868407E00F00F0070470F20FCE724
:1075200070B506460D460E493046F2F7B3F90446EB
:1075300014B1606A404202E0304600F019F900B22E
:10754000288008493046F2F7A5F9044614B1606A6C
:10755000404202E0304600F015F900B2688070BD8C
:10756000112003082D2003082DE9FC5F044600BF0D
:1075700000BF0021204600F0C5FD012809D0A06809
:1075800010B90020BDE8FC9FA068008A404200B20C
:10759000F8E70021204601F006F90190002120467D
:1075A00001F058F807460021204600F039FE8046D9
:1075B0004FF0000941F6FF752046FFF7E8FD8246CF
:1075C000002617E0A068006850F8260000902049C7
:1075D000009801F0D6FC00B10BE00098B0F914005F
:1075E000A84201DD284602E00098B0F914000546E3
:1075F00000BF761C5645E5D341F6FF70854208D0A2
:10760000A946A08A38444044A0EB09000FFA80F94B
:1076100001E0DFF84090204600F004FD834620465C
:1076200001F047FC0199401AC01B022101FB180020
:10763000ABEB00000FFA80FB204600F099F85844AD
:107640000FFA80FBD94501DD48469BE7584699E78C
:107650000100040001E0FFFF2DE9F84F044600BFE0
:1076600000BF0021204600F04DFD012808D1A06890
:1076700010B90020BDE8F88FA068B0F91000F9E754
:107680002A4D2046FFF783FD8046002614E0A068BF
:10769000006850F826B02649584601F072FC00B147
:1076A00009E0BBF91800A84201DA284601E0BBF95D
:1076B0001800054600BF761C4645E8D30021204649
:1076C00001F071F881460021204600F0C3FF0090D0
:1076D0000021204600F0A4FD07461448854205D04D
:1076E000208BA0EB0900C01B281A05B2204600F031
:1076F00099FC8246204601F0DCFBA0EB09010098D2
:10770000081A022101FB1700AAEB00000FFA80FA09
:10771000204600F02DF8AAEB00000FFA80FA55453C
:1077200001DD2846A6E75046A4E7000001E0FFFF80
:10773000010004000146886820B18868007EC0F31B
:10774000810070470020FCE70146886820B1886806
:10775000007EC0F3011070470020FCE701468868F6
:1077600008B9002070478868408A404200B2F9E7B3
:107770000146886808B9002070478868008A40423E
:1077800000B2F9E70146886808B9002070478868A8
:10779000408A404200B2F9E72DE9F04F95B0054626
:1077A0000C4616464FF0FF3003460022114600906B
:1077B0002046F3F721F84FF0FF3003460022114630
:1077C00000903046F3F718F81021284601F0CEFB60
:1077D00010B915B0BDE8F08F284600F009FC8046CE
:1077E000B8F1000F00D1F4E70020FBF745FC14903E
:1077F000B8F1020F11D109E01498FBF77CFCA84204
:1078000000D106E01498FBF737FC14901498002878
:10781000F2D100BF149800B9DBE72846FFF79EFFBE
:1078200013902846FFF712FE12902846FFF79CFEA1
:1078300011902846FFF710FF10902846FFF766FECC
:107840000F9000200E900F9800F00C00A8B1B8F136
:10785000010F10D0B8F1030F05D1139800280ADCEE
:107860001298002807DCB8F1020F06D11498FBF734
:107870002FFC0C2801D101200E9000200D900F98B4
:1078800000F00300A8B1B8F1010F10D0B8F1030F58
:1078900005D1119800280ADC1098002807DCB8F1FF
:1078A000020F06D11498FBF713FC032801D1012025
:1078B0000D900D9810B90E9800B98AE74FF48031F9
:1078C000284600F01FFC012800D100E000200C90A9
:1078D0004FF48031284601F029F883464FF4803177
:1078E000284600F0DAFD0B904FF48031284600F076
:1078F000B1FE07464FF48031284600F054FF814620
:107900004FF48030039041F201022846039901F0C0
:10791000A9F80290029800B20A902846FFF72EFDBF
:107920000990284601F0C5FA08900E9808B10A9807
:1079300000E0002082460D9808B10A9800E000207F
:1079400007904FF48030039021222846039901F0DC
:1079500089F802900298C0B202280DDA4FF4803004
:10796000039031222846039901F07CF80290029896
:10797000C0B2022800DA2CE7139909980144129842
:10798000084400B205900E9800287DD00598002884
:10799000FBD0E88A7080688BF0800C9850B1A88A80
:1079A000384400B2308031880A980844401E00B242
:1079B000B0800AE0288BA0EB090000B2B080B1884B
:1079C0000A98081A401C00B230800998A0EB0B01FD
:1079D0000B98091A0798081A09994843059990FBCA
:1079E000F1F000B203900020F5F734FD00EB8000C9
:1079F000502101EB4000A02190FBF1F001280BDDAC
:107A00000020F5F727FD00EB8000502101EB40003E
:107A1000A02190FBF1F000E001200399884201DAF7
:107A2000039819E00020F5F715FD00EB80005021C8
:107A300001EB4000A02190FBF1F001280BDD0020BC
:107A4000F5F708FD00EB8000502101EB4000A0217C
:107A500090FBF1F000E0012000B203900998A0EB48
:107A60000B010B98091A0798091A0398081A00B213
:107A7000069009990598401A00B2029002980028D1
:107A80000EDCE88A584400E0BFE000B27080698BE9
:107A90000B98091A0798081A401E00B2F080B3E04C
:107AA000129906984843029990FBF1F000B20190B8
:107AB00001990698401A00B20190E98A0198084499
:107AC000584400B27080718803980844401E00B288
:107AD000F080B6F90210B5F916005844814242DA36
:107AE000E88A584400B270800020F5F7B3FC00EB40
:107AF0008000502101EB4000A02190FBF1F0012813
:107B00000BDD0020F5F7A6FC00EB8000502101EB17
:107B10004000A02190FBF1F000E00120B6F9021036
:107B20000844B6F9061088421DDD0020F5F792FCE6
:107B300000EB8000502101EB4000A02190FBF1F010
:107B400001280BDD0020F5F785FC00EB80005021BB
:107B500001EB4000A02190FBF1F000E001207188D2
:107B6000084400B2F080B6F90610B5F91A2007985B
:107B7000121A0B98101A814245DD698B0798091A71
:107B80000B98081A00B2F0800020F5F763FC00EBB8
:107B90008000502101EB4000A02190FBF1F0012872
:107BA0000BDD0020F5F756FC00EB8000502101EBC7
:107BB0004000A02190FBF1F000E00120B6F9061092
:107BC000081AB6F9021088421DDA0020F5F742FCC7
:107BD00000EB8000502101EB4000A02190FBF1F070
:107BE00001280BDD0020F5F735FC00EB800050216B
:107BF00001EB4000A02190FBF1F000E00120F188B2
:107C0000081A00B2708000BF00BF119908980144A3
:107C10001098084400B204900D98002879D0049878
:107C20000028FBD0698B0B98081A00B2E080E1882D
:107C30000A98081A401C00B26080A88A2080288B0D
:107C4000A0800898C01BA0EB0900A0EB0A000899CF
:107C50004843049990FBF1F000B203900020F5F73F
:107C6000F9FB00EB8000502101EB4000A02190FBCC
:107C7000F1F001280BDD0020F5F7ECFB00EB8000B4
:107C8000502101EB4000A02190FBF1F000E0012029
:107C90000399884201DA039819E00020F5F7DAFB2E
:107CA00000EB8000502101EB4000A02190FBF1F09F
:107CB00001280BDD0020F5F7CDFB00EB8000502103
:107CC00001EB4000A02190FBF1F000E0012000B2A8
:107CD00003900898C01BA0EB0900A0EB0A010398D1
:107CE000081A00B2069008990498401A00B202904F
:107CF000029800281BDC0C9860B1A88A38445044D4
:107D0000401E00B22080288BA0EB090000B2A080AA
:107D10006BE16BE1A88A384400B22080288BA0EB8D
:107D20000900A0EB0A00401E00B2A0805DE110999E
:107D300006984843029990FBF1F000B20190019936
:107D40000698401A00B201900C9800287ED0A98AAB
:107D5000019808443844504400B220802188039898
:107D60000844401E00B2A080B4F90000B5F9141018
:107D700039445144884243DAA88A3844504400B216
:107D800020800020F5F766FB00EB8000502101EB1E
:107D90004000A02190FBF1F001280BDD0020F5F759
:107DA00059FB00EB8000502101EB4000A02190FB2B
:107DB000F1F000E00120B4F900100844B4F9041017
:107DC00088421DDD0020F5F745FB00EB80005021C7
:107DD00001EB4000A02190FBF1F001280BDD002019
:107DE000F5F738FB00EB8000502101EB4000A021AB
:107DF00090FBF1F000E001202188084400B2A0804F
:107E0000B4F90410B5F91800A0EB0900814244DD73
:107E1000288BA0EB090000B2A0800020F5F71AFB28
:107E200000EB8000502101EB4000A02190FBF1F01D
:107E300001280CDD0020F5F70DFB00EB8000502140
:107E400001EB4000A02190FBF1F001E026E00120D1
:107E5000B4F90410081AB4F9001088421DDA0020A1
:107E6000F5F7F8FA00EB8000502101EB4000A0216B
:107E700090FBF1F001280BDD0020F5F7EBFA00EBA9
:107E80008000502101EB4000A02190FBF1F000E0C8
:107E90000120A188081A00B22080A5E0A98A0198D3
:107EA0000844384400B22080218803980844401ECA
:107EB00000B2A080B4F90000B5F91410394488422A
:107EC00042DAA88A384400B220800020F5F7C2FACE
:107ED00000EB8000502101EB4000A02190FBF1F06D
:107EE00001280BDD0020F5F7B5FA00EB80005021EA
:107EF00001EB4000A02190FBF1F000E00120B4F97B
:107F000000100844B4F9041088421DDD0020F5F784
:107F1000A1FA00EB8000502101EB4000A02190FB72
:107F2000F1F001280BDD0020F5F794FA00EB80005A
:107F3000502101EB4000A02190FBF1F000E0012076
:107F40002188084400B2A080B4F90410B5F91800E3
:107F5000A0EB0A00A0EB0900814245DD288BA0EBD5
:107F60000A00A0EB090000B2A0800020F5F772FA29
:107F700000EB8000502101EB4000A02190FBF1F0CC
:107F800001280BDD0020F5F765FA00EB8000502199
:107F900001EB4000A02190FBF1F000E00120B4F9DA
:107FA0000410081AB4F9001088421DDA0020F5F711
:107FB00051FA00EB8000502101EB4000A02190FB22
:107FC000F1F001280BDD0020F5F744FA00EB80000A
:107FD000502101EB4000A02190FBF1F000E00120D6
:107FE000A188081A00B2208000BF00BF00BF13E4C0
:107FF0000146886820B18868007E00F00300704761
:108000000320FCE738B504460548006800906A463E
:108010002C212046F8F7ECFEBDF9020038BD000027
:108020001CBA030838B504460548006800906A4643
:108030002C212046F8F7DCFEBDF9000038BD000019
:1080400018BA0308014600BF00BF088C704738B556
:1080500004460D4641F209022946204600F002FD81
:1080600000900098C0B238BD38B504460D4641F2C4
:1080700009022946204600F0F5FC00900098C0B2A5
:1080800038BD38B504460D4666222946204600F024
:10809000E9FC0090009838BD38B504460D465122E1
:1080A0002946204600F0DEFC0090009808B101202F
:1080B00038BD0020FCE738B504460D464FF4056294
:1080C0002946204600F0CEFC0090009800B238BD52
:1080D00038B504460D464FF405622946204600F0A7
:1080E000C1FC0090009800B238BD38B504460D467A
:1080F00041F26A422946204600F0B4FC0090009804
:10810000C0B238BD38B504460D4641F26A42294630
:10811000204600F0A7FC00900098C0B238BD38B5EA
:1081200004460D4641F26A422946204600F09AFC78
:1081300000900098C0B238BD38B504460D4641F2F3
:108140006A422946204600F08DFC00900098C0B29B
:1081500038BD38B504460D4641F26A4229462046EC
:1081600000F080FC00900098C0B238BD38B50446DD
:108170000D4641F26A422946204600F073FC009009
:108180000098C0B238BD38B504460D4641F26A4287
:108190002946204600F066FC00900098C0B238BD29
:1081A00038B504460D4644F220022946204600F028
:1081B00059FC0090009838BD38B504460D46212280
:1081C0002946204600F04EFC00900098C0B238BD11
:1081D00038B504460D4668222946204600F042FC88
:1081E00000900098C0B238BD38B504460D46342220
:1081F0002946204600F036FC0090009808B1012086
:1082000038BD0020FCE738B504460D4641F2320285
:108210002946204600F026FC0090009800B238BDA8
:1082200038B504460D4641F232022946204600F098
:1082300019FC0090009800B238BD38B504460D46D0
:1082400041F232022946204600F00CFC00900098D2
:1082500000B238BD38B504460D4641F23202294617
:10826000204600F0FFFB0090009800B238BD38B502
:1082700004460D4641F232022946204600F0F2FB48
:108280000090009800B238BD38B504460D4641F262
:1082900032022946204600F0E5FB0090009800B22B
:1082A00038BD38B504460D4661222946204600F007
:1082B000D9FB0090009808B1012038BD0020FCE7F0
:1082C00038B504460D46054802882946204600F088
:1082D000C9FB00900098C0B238BD000078010020B2
:1082E00038B504460D4641F204022946204600F006
:1082F000B9FB0090009800B238BD38B504460D4671
:1083000041F204022946204600F0ACFB00900098A0
:1083100000B238BD38B504460D4641F20402294684
:10832000204600F09FFB0090009800B238BD38B5A1
:1083300004460D4641F204022946204600F092FB15
:108340000090009800B238BD38B504460D4641F2A1
:1083500069022946204600F085FB0090009880B213
:1083600038BD38B504460D4641F26902294620461B
:1083700000F078FB0090009880B238BD38B5044614
:108380000D4640F649022946204600F06BFB00905E
:10839000009800B238BD38B504460D4641F20602D9
:1083A0002946204600F05EFB0090009800B238BDE0
:1083B00038B504460D4641F205022946204600F034
:1083C00051FB0090009800B238BD38B504460D4608
:1083D00040F262422946204600F044FB009000989B
:1083E000C0B238BD38B504460D4640F26242294657
:1083F000204600F037FB00900098C0B238BD38B579
:1084000004460D4640F262422946204600F02AFB0F
:1084100000900098C0B238BD38B504460D4640F60D
:108420003C022946204600F01DFB00900098C0B297
:1084300038BD38B504460D4640F63D022946204673
:1084400000F010FB0090009800B238BD38B504462B
:108450000D4640F63A022946204600F003FB009004
:10846000009800B238BD38B504460D4641F61102F9
:108470002946204600F0F6FA0090009800B238BD78
:1084800038B504460D4641F611022946204600F053
:10849000E9FA0090009800B238BD38B504460D46A0
:1084A00041F611022946204600F0DCFA00900098BF
:1084B00000B238BD38B504460D4641F611022946D2
:1084C000204600F0CFFA0090009800B238BD38B5D1
:1084D00004460D4641F611022946204600F0C2FA34
:1084E0000090009800B238BD38B504460D4641F6FC
:1084F00011022946204600F0B5FA0090009800B21B
:1085000038BD38B504460D4641F6110229462046CD
:1085100000F0A8FA0090009800B238BD38B50446C3
:108520000D4641F611022946204600F09BFA0090C4
:10853000009800B238BD38B504460D4641F6110228
:108540002946204600F08EFA0090009800B238BD0F
:1085500038B504460D4641F611022946204600F082
:1085600081FA0090009800B238BD38B504460D4637
:1085700041F611022946204600F074FA0090009856
:1085800000B238BD38B504460D4641F61102294601
:10859000204600F067FA0090009800B238BD38B568
:1085A00004460D4641F615022946204600F05AFAC7
:1085B0000090009800B238BD38B504460D4641F62B
:1085C00015022946204600F04DFA0090009800B2AE
:1085D00038BD38B504460D4641F6150229462046F9
:1085E00000F040FA0090009800B238BD38B504465B
:1085F0000D4641F615022946204600F033FA009058
:10860000009800B238BD38B504460D4641F6150253
:108610002946204600F026FA0090009800B238BDA6
:1086200038B504460D4641F612022946204600F0B0
:1086300019FA0090009800B238BD38B504460D46CE
:1086400041F612022946204600F00CFA00900098EC
:1086500000B238BD38B504460D4641F6120229462F
:10866000204600F0FFF90090009800B238BD38B500
:1086700004460D4641F612022946204600F0F2F962
:108680000090009800B238BD38B504460D4641F65A
:1086900012022946204600F0E5F90090009800B249
:1086A00038BD38B504460D4641F61202294620462B
:1086B00000F0D8F90090009800B238BD38B50446F3
:1086C0000D4641F612022946204600F0CBF90090F3
:1086D000009800B238BD38B504460D4641F6120286
:1086E0002946204600F0BEF90090009800B238BD3F
:1086F00038B504460D4641F612022946204600F0E0
:10870000B1F90090009800B238BD38B504460D4666
:1087100041F612022946204600F0A4F90090009884
:1087200000B238BD38B504460D4641F6120229465E
:10873000204600F097F90090009800B238BD38B597
:1087400004460D4641F612022946204600F08AF9F9
:108750000090009800B238BD38B504460D4641F689
:1087600012022946204600F07DF90090009800B2E0
:1087700038BD38B504460D4641F613022946204659
:1087800000F070F90090009800B238BD38B504468A
:108790000D4641F613022946204600F063F9009089
:1087A000009800B238BD38B504460D4641F61302B4
:1087B0002946204600F056F90090009800B238BDD6
:1087C00038B504460D4641F613022946204600F00E
:1087D00049F90090009800B238BD38B504460D46FE
:1087E00041F613022946204600F03CF9009000981B
:1087F00000B238BD38B504460D4641F6130229468D
:10880000204600F02FF90090009800B238BD38B52E
:1088100004460D4641F613022946204600F022F98F
:108820000090009800B238BD38B504460D4641F6B8
:1088300013022946204600F015F90090009800B276
:1088400038BD38B504460D4641F613022946204688
:1088500000F008F90090009800B238BD38B5044621
:108860000D4641F613022946204600F0FBF8009021
:10887000009800B238BD38B504460D4641F61302E3
:108880002946204600F0EEF80090009800B238BD6E
:1088900038B504460D4641F613022946204600F03D
:1088A000E1F80090009800B238BD38B504460D4696
:1088B00041F614022946204600F0D4F800900098B2
:1088C00000B238BD38B504460D4641F614022946BB
:1088D000204600F0C7F80090009800B238BD38B5C7
:1088E00004460D4641F614022946204600F0BAF827
:1088F0000090009800B238BD38B504460D4641F6E8
:1089000010022946204600F0ADF80090009800B211
:1089100038BD38B504460D4641F6100229462046BA
:1089200000F0A0F80090009800B238BD38B50446B9
:108930000D4641F610022946204600F093F80090BB
:10894000009800B238BD38B504460D4641F6100215
:108950002946204600F086F80090009800B238BD05
:1089600038B504460D4641F610022946204600F06F
:1089700079F80090009800B238BD38B504460D462D
:1089800041F610022946204600F06CF8009000984D
:1089900000B238BD38B504460D4641F610022946EE
:1089A000204600F05FF80090009800B238BD38B55E
:1089B00004460D4641F610022946204600F052F8C2
:1089C0000090009800B238BD38B504460D4641F617
:1089D00010022946204600F045F80090009800B2A9
:1089E00038BD38B504460D4641F6100229462046EA
:1089F00000F038F80090009800B238BD38B5044651
:108A00000D4641F610022946204600F02BF8009052
:108A1000009800B238BD38B504460D4641F6100244
:108A20002946204600F01EF80090009800B238BD9C
:108A300038B504460D4641F610022946204600F09E
:108A400011F80090009800B238BD38B504460D46C4
:108A500041F610022946204600F004F800900098E4
:108A600000B238BD2DE9F84305460E461446C4F35E
:108A70008029C4F38038B8F1000F01D024F4804479
:108A8000002714E06B46224631462846EAF73DF8B7
:108A9000074607B10DE0B9F1000F00D109E00EB1B2
:108AA000002604E02846FEF7B9FC054600BF002D6D
:108AB000E8D100BF0FBB0EBB41F20100844202D0DF
:108AC000C01C84421AD128680AE041F201018C429C
:108AD00002D1818A19B105E0C18A01B102E00068C2
:108AE0000028F2D100BF41F201018C4202D1B0F95D
:108AF000141001E0B0F91610009103E0204604F0D4
:108B0000FDF80090B8F1000F05D031462846009AD4
:108B1000DDF7B2FA00900098BDE8F88338B5044656
:108B20000D46602229462046FFF79CFF00900098E2
:108B300000B238BD38B504460D4640F6410229461C
:108B40002046FFF78FFF0090009800B238BD38B57F
:108B500004460D4640F6420229462046FFF782FFB2
:108B60000090009800B238BD38B504460D4640F676
:108B7000450229462046FFF775FF00900098C0B2D5
:108B800038BD38B504460D4640F643022946204616
:108B9000FFF768FF0090009800B238BD38B5044672
:108BA0000D464FF4046229462046FFF75BFF009014
:108BB000009800B238BD38B504460D4644F257421D
:108BC00029462046FFF74EFF0090009838BD38B583
:108BD00004460D4641F2594229462046FFF742FF1E
:108BE0000090009838BD38B504460D4641F2594210
:108BF00029462046FFF736FF0090009838BD38B56B
:108C000004460D4641F2594229462046FFF72AFF05
:108C10000090009838BD38B504460D4641F25942DF
:108C200029462046FFF71EFF0090009838BD38B552
:108C300004460D4641F2594229462046FFF712FFED
:108C40000090009838BD38B504460D4641F25942AF
:108C500029462046FFF706FF0090009838BD38B53A
:108C600004460D4641F2594229462046FFF7FAFED6
:108C70000090009838BD38B504460D4641F25A427E
:108C800029462046FFF7EEFE0090009800B238BD5E
:108C900038B504460D4641F25A4229462046FFF7B0
:108CA000E1FE0090009800B238BD38B504460D468C
:108CB00041F25A4229462046FFF7D4FE0090009820
:108CC00000B238BD38B504460D4641F25B42294634
:108CD0002046FFF7C7FE0090009800B238BD38B5B7
:108CE00004460D4641F25B4229462046FFF7BAFE94
:108CF0000090009800B238BD38B504460D4641F2E8
:108D00005B4229462046FFF7ADFE0090009800B276
:108D100038BD38B504460D4641F25B42294620462F
:108D2000FFF7A0FE0090009800B238BD38B50446A9
:108D30000D4641F25B4229462046FFF793FE009024
:108D4000009800B238BD38B504460D4641F25B428A
:108D500029462046FFF786FE0090009800B238BDF5
:108D600038B504460D4643F60F0229462046FFF764
:108D700079FE0090009800B238BD38B504460D4623
:108D800040F60B0229462046FFF76CFE0090009843
:108D900000B238BD38B504460D4640F60B022946F0
:108DA0002046FFF75FFE0090009800B238BD38B54E
:108DB00004460D4640F60A0229462046FFF752FEB9
:108DC0000090009800B238BD38B504460D4640F614
:108DD0000A0229462046FFF745FE0090009800B29F
:108DE00038BD38B504460D4643F60E0229462046E6
:108DF000FFF738FE0090009800B238BD38B5044641
:108E00000D4641F2010229462046FFF72BFE009055
:108E1000009800B238BD38B504460D4641F2010253
:108E200029462046FFF71EFE0090009800B238BD8C
:108E300038B504460D4641F2010229462046FFF7A7
:108E400011FE0090009800B238BD38B504460D46BA
:108E500041F2010229462046FFF704FE00900098E7
:108E600000B238BD38B504460D4641F2010229462C
:108E70002046FFF7F7FD0090009800B238BD38B5E6
:108E800004460D4641F2070229462046FFF7EAFD57
:108E90000090009800B238BD38B504460D4641F246
:108EA000080229462046FFF7DDFD0090009800B239
:108EB00038BD10B5044600BF00BF04F11400F1F73F
:108EC00009FC10BD70B5064600BF00BF3046FEF776
:108ED000A5FA0546ADB1B08AA98A401A04B228465F
:108EE000FEF746FC204404B200212846FFF7A5FB0C
:108EF000201A04B200212846FFF785F9201A04B28F
:108F000001E0B6F91440204670BD70B5064600BFBA
:108F100000BF3046FEF782FA0546ADB1F18AE88A15
:108F2000081A04B22846FEF72DFC204404B20021A2
:108F30002846FFF7EEFC201A04B200212846FFF76E
:108F400062F9201A04B201E0B6F91640204670BD5D
:108F500070B5044600BF00BF2046FFF7D6FF0546A8
:108F60002046FEF70BFA284400B270BD024600BF4F
:108F700000BFD0690840884201D10120704700201D
:108F8000FCE7024600BF00BFD069084008B10120DD
:108F900070470020FCE7024600BF00BF108C08406D
:108FA00008B1012070470020FCE77FB506460D465A
:108FB00002213046FFF7DAFF10B9002004B070BD7F
:108FC00080213046FFF7E7FF08B10020F6E702A94D
:108FD0003046FEF7E6F80022294602A8DAF777FACB
:108FE00004460CB90020E9E74FF480313046FFF722
:108FF000BDFF58B1009501208DF804006A4611218B
:109000003046F7F7F5FE9DF80400D7E72046D5E790
:109010002DE9FC4705460E46144600BF4FF4056295
:1090200031462846FFF71EFD0190019800B260808E
:10903000608808B9BDE8FC8700BF53223146284646
:10904000FFF710FD01900198C0B22073207B022829
:1090500000DCEFE731462846FFF7C4F90746FD2F4D
:1090600003DA207B784300122073207B022800DC87
:10907000E0E700BF44F2520231462846FFF7F2FC17
:10908000009000980190BDF80400208000BF542299
:1090900031462846FFF7E6FC01900198A060A846FB
:1090A000B146512249464046FFF7DCFC0190019849
:1090B00008B1012000E00020617B60F38201617350
:1090C00031462846FFF784F8617B60F30101617344
:1090D00000BFAFE72DE9FC4105460E46144600BF30
:1090E000462231462846FFF7BDFC01900198C0B2E8
:1090F000E072E07A022801DCBDE8FC8131462846B6
:10910000FFF770F90746FD2F03DAE07A7843001283
:10911000E072E07A022800DCEEE7002020804FF4C5
:109120008070608000BF298BAA8A891A491C09B205
:10913000084601EBD0714910A18000BF698BEA8A13
:10914000891A491C09B2084601EBD0714910E18027
:1091500000BF482231462846FFF784FC0190019861
:10916000C0B2A072A07A00280CDD00BF44F2470212
:1091700031462846FFF776FC009000980190BDF834
:109180000400208131462846FFF722F8207300BFF3
:10919000B2E7F8B505460E46144600BF4FF48B62A1
:1091A00031462846FFF75EFC00900098C0B2A076DA
:1091B000A07E022800DCF8BD31462846FFF712F9F0
:1091C0000746FD2F03DAA07E78430012A076A07E2A
:1091D000022800DCEFE731462846FFF7ECFC009060
:1091E000BDF80000A08100BF41F25A423146284636
:1091F000FFF738FC0090009800B2A08200BF41F257
:109200005B4231462846FFF72DFC0090009800B2E3
:10921000608200BF40F25C4231462846FFF722FCE4
:1092200000900098A17F60F30201A17731462846A3
:10923000FEF7CEFFA17F60F3C501A1773146284636
:10924000FFF7C5FC206000BF41F25D423146284671
:10925000FFF708FC00900098C0B2207700BFAAE793
:109260002DE9FC4705460E46144600BF40F649026C
:1092700031462846FFF7F6FB0190019800B2608066
:10928000608808B9BDE8FC8700BF4E2231462846F9
:10929000FFF7E8FB01900198C0B22072207A022803
:1092A00000DCEFE731462846FFF79CF80746FD2F24
:1092B00003DA207A784300122072207A022800DC38
:1092C000E0E700BF44F24D0231462846FFF7CAFBF3
:1092D000009000980190BDF80400208000BF4A2251
:1092E00031462846FFF7BEFB0190019800B2A080EE
:1092F000A08848B100BF4B2231462846FFF7B2FB99
:109300000190019800B2E080A846B1464C2249463F
:109310004046FFF7A7FB0190019808B1012000E04B
:109320000020617A60F382016172607A810861F3E2
:10933000C300607231462846FEF74AFF617A60F347
:109340000101617200BF9DE72DE9FC4706460D460D
:10935000144600BF602229463046FFF783FB019088
:10936000019800B2208025B129463046FFF73AF82F
:1093700000E0FF20804629463046FFF733F80746D5
:10938000022F02DDB8F1020F09DC0020E07084F842
:10939000220084F8360084F82A00BDE8FC872946BC
:1093A0003046FEF715FFA070E078002870D000BFAF
:1093B000212229463046FFF755FB01900198C0B2A3
:1093C000E070E078022863DD29463046FEF7E8FECB
:1093D0000190BDF80400A08000BF26222946304637
:1093E000FFF740FB019001988146B9F1000F0AD0C8
:1093F00099F8090000F0070028B10A224946A01D8B
:10940000FBF7CFFE43E000BF232229463046FFF79B
:1094100029FB01900198E17B60F30201E173E07B9D
:1094200000F0070038B329463046FEF7B9FE019038
:10943000BDF80400E08000BF44F222022946304615
:10944000FFF710FB009000980190A01DBDF80410DC
:10945000618100BF242229463046FFF703FB0190BB
:109460000198207200BF252229463046FFF7FAFAFC
:1094700001900198207300BF272229463046FFF74C
:10948000F1FA01900198E17B60F3C501E17300BF3F
:1094900000BF41F2320229463046FFF7E3FA01905D
:1094A000019800B22084208C60B394F8220048B365
:1094B00000BF312229463046FFF7D4FA01900198C7
:1094C000C0B284F8220094F8220002281ADD00BFFE
:1094D000332229463046FFF7C5FA0190019894F8E7
:1094E000231060F3450184F8231000BF44F23002DA
:1094F00029463046FFF7B6FA009000980190BDF873
:109500000400E08329463046FEF7A0FFE084E08CAB
:10951000F0B194F82A00D8B129463046FEF77CFF16
:1095200084F82A0094F82A00022811DD29463046E2
:10953000FEF77FFF208500BF44F23B0229463046FC
:10954000FFF790FA009000980190BDF80400A08405
:10955000A07E002851D000BF40F6280229463046A0
:10956000FFF780FA0190019820612069002844D01B
:1095700000BF292229463046FFF774FA019001986E
:10958000C0B2A076A07E022837DD2069F9F70EFD73
:1095900002280DD129463046FFF719FB60612946A4
:1095A0003046FFF708FB0190BDF80400208324E05B
:1095B00000BF44F22A0229463046FFF753FA0090D2
:1095C00000980190BDF80400208300BF2B2229469B
:1095D0003046FFF747FA01900198C0B2E076B146F5
:1095E000AA462C2251464846FFF73CFA01900198C2
:1095F00008B1012000E00020207794F8360080B305
:1096000029463046FFF7CAFAE085E08D48B394F862
:109610003600022825DD29463046FFF7A5FA84F8F2
:10962000360094F8360002281BDD29463046FFF745
:1096300081FA208629463046FFF789FA6086294656
:109640003046FFF79EFAA08600BF44F24402294646
:109650003046FFF707FA009000980190BDF804002B
:10966000A085B8F1FD0F02DA08FB07F00712FD2F05
:1096700017DA173414F8140C7843001204F8140C99
:10968000E07878430012E070E07A78430012E072EC
:10969000E07F78430012E077E07C78430012E074CA
:1096A000173C00BF79E67CB5054600BF00BF03E06C
:1096B0002846FDF7B3FE05462846FDF7AFFE30B15C
:1096C0004FF400212846FFF751FC0028F0D128462E
:1096D000DBF763F9044605F114016846F0F726FF4D
:1096E000BDF80000001B00B2ADF80000BDF802009C
:1096F000001B00B2ADF80200BDF80400204400B227
:10970000ADF80400BDF80600204400B2ADF8060034
:109710006946284600F001F87CBD2DE9FC4105466C
:109720000E4600BF00BF31466846F0F7FFFE6946AF
:109730002846FCF7E1FD044634B12846FDF7D4FD88
:1097400007466946DAF7BBFFBDE8FC8102461168AF
:1097500000E0096821B1087E00F003000028F8D07D
:1097600009B900207047087E00F00300012800D1ED
:10977000F8E70020F6E70246116800E0096821B129
:10978000087EC0F381000028F8D009B90020704796
:10979000087EC0F38100012800D1F8E70020F6E739
:1097A00070B506460B493046FFF7EBFB08B10020C9
:1097B00070BD3046FDF732FE04460CB90020F7E7D5
:1097C00000212046FEF7CDFD05460DB10120EFE753
:1097D0000020EDE7010006007CB5054600BF00BF94
:1097E0002846DBF7DAF8044605F114016846F0F77D
:1097F0009DFEBDF80000001B00B2ADF80000BDF8F2
:109800000200001B00B2ADF80200BDF804002044C5
:1098100000B2ADF80400BDF80600204400B2ADF877
:10982000060069462846FCF767FD7CBD70B5044616
:10983000608C20F00100401C60842046FDF7F6FD9E
:109840000546688C20F00200801C68842846FDF7DD
:109850004BFD0646706810B1706805F0B1FA70BD36
:109860002DE9F04780460D46164699464046FDF7DD
:109870008EFC8246002726E0D8F80800006850F8E1
:109880002740B9F1000F06D04FF480212046FFF7A2
:109890006DFB00B116E0A08A284400B2A082E08AE5
:1098A000304401B2E182208B284401B22183608BD5
:1098B000304401B261830023324629462046FFF737
:1098C000CFFF00BF7F1C5745D6D3BDE8F0872DE9F9
:1098D000F04F85B004460E4617466568002D34D01B
:1098E00000212846FEF7A9FE824600212846FFF700
:1098F00010F883464FF480212046FFF737FB40B134
:10990000A88A5044304406B2E88A5844384407B222
:109910000FE02846FDF72CFFA98A5144081A30446D
:1099200006B22846FDF72EFFE98A5944081A384442
:1099300007B200212846FEF766FC814606EB0900C7
:1099400006B207EB090007B200BFA08A301A00B2C6
:10995000ADF81000E08A381A00B2ADF81200BDF878
:10996000100028B9BDF8120010B905B0BDE8F08F9D
:109970002046FFF798FE02A92046FDF7A9FC4FF00C
:1099800000087DB169462846FDF72EFC0022694695
:1099900002A8D9F7C6FC8046B8F1000F02D12846CC
:1099A00000F062FFA08ABDF81010084400B2A08247
:1099B000E08ABDF81210084401B2E182208BBDF8A4
:1099C0001010084401B22183608BBDF812100844C6
:1099D00001B26183BDF91220BDF9101000232046A9
:1099E000FFF73EFF25B1224622212846F7F700FA6D
:1099F0002046FFF758FE9DB10022694604F114008D
:109A0000D9F78FFC8146B8F1000F05D1B8F1000FEE
:109A100005D1B9F1000F02D0284600F025FF00BFA4
:109A200000BFA2E72DE9F04180460C4600BF00BF11
:109A3000002C06DA4046FDF7F1FC0246FDF7A7FBD5
:109A400004444046FDF7A3FC07464046FDF7E6FC0C
:109A50000646002C01DABDE8F0813046FDF797FBA1
:109A6000A04200DCF7E7BC4200D1F4E73D46BC422F
:109A70000DDA09E0B0680168681E51F82000B1688D
:109A8000096841F825006D1EA542F3DC0CE009E0F1
:109A9000B0680168681C51F82000B168096841F895
:109AA00025006D1CA542F3DBB068006840F82480F7
:109AB000002222213046F7F79BF93046FFF7F3FDED
:109AC00000BFC8E72DE9F04107460E463846FDF7CE
:109AD0003BFEC8B93846FDF741FE05463846FDF75E
:109AE000B5FC0446002C0EDA002D0CDD60428542E8
:109AF00001DA284600E0604204B2334622460021E3
:109B0000384600F009FD00BF3846FDF713FE88BB5C
:109B10003846FDF729FD04463846FDF79DFD05460C
:109B200000213846FEF7EEFA012811D0002D20DA88
:109B3000002C1EDD6842844201DA204600E06842C3
:109B400005B2334600222946384600F0E5FC10E015
:109B5000002C0EDA002D0CDD6042854201DA284629
:109B600000E0604205B2334600222146384600F04C
:109B7000D3FC00BFBDE8F0812DE9F14F86B0069817
:109B8000FFF70EFE10B107B0BDE8F08F0698FDF7A5
:109B900045FC059000210698FFF771F90546002164
:109BA0000698FFF779F90446059828B92246294610
:109BB0000698FFF78CFEE6E70598FDF76AFB8046FE
:109BC0000598FDF747FB064605F4C040B0F5005F79
:109BD00001D1012000E0002030B125F4C040B0F5F3
:109BE000FA6F01DC012000E0002088B125F4C040BC
:109BF000B0F57A7F04DD25F4C040C0F57A7001E04D
:109C000025F4C04000FB08F0642190FBF1F005B2A0
:109C100004F4C040B0F5005F01D1012000E0002055
:109C200030B124F4C040B0F5FA6F01DC012000E04F
:109C3000002080B124F4C040B0F57A7F04DD24F424
:109C4000C040C0F57A7001E024F4C0407043642144
:109C500090FBF1F004B2069802900020039043F2CA
:109C60000C02DDE90201FEF7FDFE019001980FFAFA
:109C700080FA00BF069802900020039043F20D0284
:109C8000DDE90201FEF7EEFE019001980FFA80FB7C
:109C900000BF0698FFF70DF981460698FDF76EFBA9
:109CA00007460AF4C040B0F5005F01D1012000E092
:109CB000002030B12AF4C040B0F5FA6F01DC012079
:109CC00000E0002090B12AF4C040B0F57A7F04DDB6
:109CD0002AF4C040C0F57A7001E02AF4C04000FBCD
:109CE00009F0642190FBF1F00FFA80FA0BF4C04008
:109CF000B0F5005F01D1012000E0002030B12BF46D
:109D0000C040B0F5FA6F01DC012000E0002088B10E
:109D10002BF4C040B0F57A7F04DD2BF4C040C0F5D1
:109D20007A7001E02BF4C0407843642190FBF1F09D
:109D30000FFA80FB05EB0A0005B204EB0B0004B23E
:109D400000210698FEF790F90490049850B900217C
:109D50000598FEF7CAF9012802D10320049001E01A
:109D6000012004900498012805D12246294606982E
:109D7000FFF7ADFD6FE00498801E082864D2DFE88D
:109D800000F00410212534153C4C414608EBD172FB
:109D90005210484609EBD073A2EB63022A4415B275
:109DA00053E0A8EB0900284405B24EE0314606EB2B
:109DB000D1725210384607EBD073A2EB63022244F3
:109DC00014B242E0F01B204404B23EE0414608EBEE
:109DD000D1725210484609EBD073A2EB63022A44B9
:109DE00015B2F01B204404B22FE0A8EB0900284470
:109DF00005B2F01B204404B227E0A8EB0900284478
:109E000005B2314606EBD1725210384607EBD073DB
:109E1000A2EB6302224414B217E0414608EBD17270
:109E20005210484609EBD073A2EB63022A4415B2E4
:109E3000314606EBD1725210384607EBD073A2EBD5
:109E40006302224414B200E000BF00BF224629464C
:109E50000698FFF73CFD00BF95E62DE9F04F8DB069
:109E6000044600BF00BF608CC0F3802038B1608C16
:109E7000C0F3402018B100200DB0BDE8F08F20469F
:109E8000FDF7CCFA07460FB90020F5E72046FDF7AD
:109E90006BFB0C9000200B900A90608CC0F380202C
:109EA00020B12046FFF705F8054680E00021204656
:109EB000FEF7A4FF054642F2D1718D4201D1012087
:109EC00000E000200B9005F4C040B0F5005F01D128
:109ED000012000E0002030B125F4C040B0F5FA6F59
:109EE00001DC012000E000200A903846FDF7D1F99E
:109EF00081460B9820B12046DCF702FE054634E08F
:109F00000A98F8B1788CC0F38020E0B90021384677
:109F1000FEF774FF42F2D171884214D1002120462D
:109F2000FEF771F9019000212046FEF786FB0199AA
:109F3000084405B200212046FEF728FC0199084498
:109F4000284405B211E025F4C040B0F57A7F04DD65
:109F500025F4C040C0F57A7001E025F4C04000FB54
:109F600009F0642190FBF1F005B20020019041F26C
:109F7000020220460199FEF775FD009000980FFA45
:109F800080FA00BF0020019041F2030220460199AF
:109F9000FEF768FD009000980FFA80FB00BF4B466B
:109FA0005A4651462846F2F762FA054600BF204657
:109FB000FDF7D4FB0990002008900790608CC0F357
:109FC000402020B12046FDF7D9F9064680E0002167
:109FD0002046FEF785F9064642F2D1718E4201D144
:109FE000012000E00020089006F4C040B0F5005FBA
:109FF00001D1012000E0002030B126F4C040B0F5CE
:10A00000FA6F01DC012000E0002007903846FDF7E0
:10A0100021F98146089820B12046DCF7D5FC064698
:10A0200034E00798F8B1788CC0F34020E0B9002103
:10A030003846FEF755F942F2D171884214D1002119
:10A040002046FEF7E0F8019000212046FEF761FC73
:10A050000199084406B200212046FEF711FA019941
:10A060000844304406B211E026F4C040B0F57A7FCF
:10A0700004DD26F4C040C0F57A7001E026F4C0404B
:10A0800000FB09F0642190FBF1F006B20020019082
:10A0900041F2050220460199FEF7E4FC0090009889
:10A0A0000FFA80FA00BF0020019041F2060220461C
:10A0B0000199FEF7D7FC009000980FFA80FB00BFD3
:10A0C0004B465A4651463046F2F77AF9064600BFEB
:10A0D0000B9808B9089828B100232046099A0C99D2
:10A0E00000F05BFB2046FEF7E4FEA84206D12046C6
:10A0F000FDF744F9B04201D10020BDE62046FFF74C
:10A10000D2FA05A92046FDF7E3F803A93846FDF782
:10A110006BF8002203A905A8D9F703F98046B8F126
:10A12000000F02D1384600F09FFBE08A3044401E09
:10A1300001B2618300212046FDF7D7FF012805D138
:10A14000208B401B401C00B2A08204E0A08A28445F
:10A15000401E01B2218305AA29212046F6F748FEB8
:10A16000224622213846F6F743FE2046FFF79BFAA7
:10A1700000212046FFF7A6FC002203A904F11400E9
:10A18000D9F7CFF80290B8F1000F04D1B8F1000F61
:10A1900004D1029810B1384600F066FB01206BE64E
:10A1A00038B5044600BF00BF2046DAF7F6FB054687
:10A1B000002000906A4613212046F6F719FEBDF9EB
:10A1C0000000A84202D02046FFF76DFAA06820B137
:10A1D000BDF90000A168C88209E0BDF8000030B1F7
:10A1E0002046FCF75DF8BDF90000A168C882BDF902
:10A1F0000000A84202D02046FFF755FA38BD70B5DE
:10A20000044600212046FEF7F9FD054600212046C0
:10A21000FEF766F8064642F2D170854203D08642C8
:10A2200001D0002070BD2046FFF700FB0120F9E7B8
:10A230002DE9F84306460F46144600BF00BF3848D4
:10A24000007808B9BDE8F8833046FFF72CFA3846A5
:10A2500000F0EFFE054604F4805040B3B5F5702FD2
:10A260001DD0E5B14FF0000841F2040241463046EE
:10A27000FEF7F8FB0090009800B242F2D1718842DC
:10A280000DD000BF41F2010241463046FEF7EAFB25
:10A290000090009800B242F2D171884207D10022AA
:10A2A0002A213046F6F7A4FD3046FFF7BFFAB5F590
:10A2B000702F00D08DB94FF6FF70844202D004F4A5
:10A2C000005050B13046FDF7A9F88046B8F1000FB4
:10A2D00002D04046FFF7AAFA00BF4FF6FF70844253
:10A2E00002D004F4006010B13046FFF759FF304649
:10A2F000FFF7D9F94FF6FF70844208D004F480606C
:10A3000058B104F4006010B904F4805028B1B5F5D8
:10A31000803F02D0304607F0C8FA00BF92E7000045
:10A320004D0100202DE9F04105460F46164600BFBD
:10A3300000BF002410E0E86800EBC4004068C0F3F0
:10A34000006040B1E86800EBC400406820F07F4046
:10A35000B04200D105E0641C688CC0F3C500A04287
:10A36000E9D800BF688CC0F3C500A04202D100202C
:10A37000BDE8F081E96851F83400394602F06AFD21
:10A38000F6E72DE9FE4F04460E469146484600F09A
:10A3900054FE8246484600F04CFE80464FF6FF7061
:10A3A00002901EB1F07908B9002002900025AB465A
:10A3B00074E0E16801EBC501496821F07F4000F0DD
:10A3C0003CFE0190E16801EBC501496821F07F4046
:10A3D00000F02FFE00904FF6FF70824502D00198EA
:10A3E00050450BD1B8F5702F02D00098404505D1EB
:10A3F00036B1E06850F83500B04201D06D1C4DE038
:10A40000E06800EBC5004068C0F3406030B1002355
:10A410004FF6FF72414620460CF000FBE06800EB6F
:10A42000C5004068C0F3006030B9E06800EBC500CB
:10A430004068C0F3406068B1E16851F8350002F04F
:10A440008EFDE16851F83500FAF722FE0020E16840
:10A4500041F835002F4609E0E06800EBC7010246ED
:10A46000781C02EBC00205CA05C17F1C608CC0F3DA
:10A47000C500401EB842EFD8608CC008401E618CF9
:10A4800060F3C8016184628CC2F3C502D100E06848
:10A49000FAF752FEE0604FF0010B00BF608CC0F392
:10A4A000C500A84285D8BBF1000F06D0029820B1A4
:10A4B00041462046029AFFF7BBFEBDE8FE8F000032
:10A4C00010B50446024A00212046FFF75AFF10BD8E
:10A4D000FFFF0F0070B506460E48007800B970BD4A
:10A4E0000020F2F7FFFF044610E0002506E0E068D8
:10A4F00050F82510304607F0F8FA6D1C606AA84243
:10A50000F5D82046F2F7EEFF044600BF002CECD150
:10A5100000BFE4E74D0100202DE9F04F91B0054662
:10A520000C4616469A461CB916B911B0BDE8F08F14
:10A53000BAF1010F7ED12846FCF7D6FE109068468E
:10A54000EFF7C4F900BF009500BF4E48039000BF6D
:10A55000002C38D01098F2F78FFF40F35D0B2246A5
:10A5600000215846EFF76BFA0746C82F00D2C827DC
:10A57000B7F5C87F01D94FF4C87739466846EFF779
:10A580003CFA2846FDF7F4F88046C8F100000219AD
:10A59000C8F100016846EFF738FA3B496846EFF723
:10A5A00016FA3A496846EFF71CFA6A460921284626
:10A5B000F6F71EFC8146B9F1010F00D0B5E76846F9
:10A5C000EFF74EFA00BF002E39D01098F2F7BAFF1D
:10A5D00040F35D0B324600215846EFF730FA07464C
:10A5E000C82F00D2C827B7F5C87F01D94FF4C87764
:10A5F00039466846EFF701FA2846FDF7C3F880466A
:10A60000C8F100008219C8F100016846EFF7FDF9B2
:10A610001F496846EFF7DBF91C496846EFF7E1F997
:10A620006A4609212846F6F7E3FB8146B9F1010F96
:10A6300001D07AE704E06846EFF712FA00BF1EE0A7
:10A6400013492846EFF7FAF807460F492846EFF76F
:10A65000F5F8804632462146284607F03BFC17B9FC
:10A66000B8F1000F0AD000220A212846F6F7C0FBF5
:10A670008146B9F1010F00D057E700BF00BF00BF0E
:10A6800053E70000451B0308112003084799010800
:10A690002D2003082DE9FF5F0E46174616B90FB9A6
:10A6A000BDE8FF9F009800F0CBFC0098FDF760F834
:10A6B00040420FFA80F808EB060004B2002100982F
:10A6C000FDF720FD01281BD0002C00DD0024002C0C
:10A6D0002EDA0098FCF748FF83460098FCF7BCFF91
:10A6E00058440FFA80FABAF1000F01DA4FF0000A6D
:10A6F000CAF10000844202DACAF1000004B217E095
:10A70000002C00DA0024002C12DD0098FCF72CFF4E
:10A7100083460098FCF7A0FF58440FFA80FABAF17C
:10A72000000F01DA4FF0000A544500DD544600BF27
:10A730000098FDF727F840420FFA80F909EB07006F
:10A7400005B2002D00DD0025002D16DA0098FDF77A
:10A7500005F883460098FCF779FE58440FFA80FA12
:10A76000BAF1000F01DA4FF0000ACAF10000854289
:10A7700002DACAF1000005B200BFA4EB080006B27D
:10A78000A5EB090007B206B92FB13A463146039B43
:10A790000098FFF7C1FE00BF82E72DE9F0410646B1
:10A7A0000F4614461D462A463946304600F024F826
:10A7B0002A462146304600F03BF8BDE8F081F8B566
:10A7C00004460E46204600F03BFC00200090274641
:10A7D0003846FCF723FE05460BE033466A46394609
:10A7E00004F1140007F0C0F92F462846FCF716FEC6
:10A7F0000546002DF1D1F8BD2DE9F04106460C4685
:10A8000015460A493046EFF719F83046FCF7B0FF15
:10A810000746604238440FFA80F82B460022414632
:10A820003046FFF737FFBDE8F08100001120030834
:10A830002DE9F04106460C4615460A493046EEF72A
:10A84000FDFF3046FCF79EFF0746604238440FFA92
:10A8500080F82B46424600213046FFF71BFFBDE83B
:10A86000F08100002D2003081FB504466A4602A9A6
:10A870002046FCF791FF02A8EFF714FF20B96846C5
:10A88000EFF710FF00B91FBD02A8EFF70BFF18B1DB
:10A8900002A92046FEF741FF6846EFF703FF18B113
:10A8A00069462046FEF739FF00BFECE770B5044665
:10A8B0000D4600BF00BF2046FBF7F2FCA068858272
:10A8C00070BD00002DE9F04106460F4614461D46B6
:10A8D00000223946304600F0D5FA002221463046A3
:10A8E00000F0A0FA00222946304600F0DBFA0448C6
:10A8F000008881B20022304600F0F1FABDE8F08114
:10A900006C01002070B504460D4600222946204601
:10A9100000F098FA0348008881B20022204600F037
:10A92000DEFA70BD6C01002070B504460D460022B1
:10A930002946204600F096FA2046FCF76FFD0646B1
:10A94000FEF774FF70BDF8B506460D4600BF00BFA8
:10A9500000236A4641F204013046FCF737FD044605
:10A96000012C02D10098A84200D124B90022294626
:10A97000304600F0A7FAF8BD70B505460C4600BF9A
:10A9800000BFA1B20022284600F0A9FA2846FEF72F
:10A990004DFF70BD2DE9FF4106460C461D46294678
:10A9A0003046E7F7FFFE074621463846029A02F096
:10A9B0007CFC224629463046FFF73AFCBDE8FF8181
:10A9C0002DE9F04106460D4600BF00BF00BF00BFA5
:10A9D000706818B900BF00BFBDE8F08115B900BFAD
:10A9E00000BFF9E73046FEF75EFE2846FBF758FC4D
:10A9F00074683046FCF7CBFC074609E0A0680168A4
:10AA0000781C51F82000A168096841F827007F1CD4
:10AA10002046FCF7BCFB801EB842EFDAA068406815
:10AA2000401EA1684860A068406848B1A2685268AA
:10AA30009100A2681068FAF77FFBA168086006E041
:10AA4000A1680868FAF724FB0020A1680860A868DC
:10AA50004068401CA9684860AA6852689100AA68CA
:10AA60001068FAF769FBA96808602846FCF78FFBB5
:10AA7000401EA968096841F82060756000212046E1
:10AA8000FFF720F82046FFF7EFFE3246222120464E
:10AA9000F6F7AEF9002224212046F6F7A9F932464E
:10AAA00022212846F6F7A4F9002223212846F6F7AA
:10AAB0009FF93046FEF7BAFE3046FEF7F4FD00BFC0
:10AAC0008AE770B505460E46144600BF00BF314602
:10AAD000284600F07CFA2146284600F091FA70BD25
:10AAE00070B505460C462846FBF7DAFBA868407EA1
:10AAF00000F00F00A04201D0A9684C7670BD70B57F
:10AB000004460D462046FBF7CBFBA068007E65F3AC
:10AB10008300A168087670BD70B504460D462046D6
:10AB2000FBF7BEFBA068007E65F30510A168087600
:10AB300070BD70B504460D4600BF00BF2046FBF750
:10AB4000AFFBA068007E00F00300A84200D170BDFA
:10AB5000A068007E65F30100A16808762046FEF734
:10AB6000A2FD00BFF3E770B505460E46144600BFD0
:10AB700000BF3146284600F011FA21462846FFF76B
:10AB8000E2FE70BD2DE9F04F89B007468946388C4A
:10AB9000484502D109B0BDE8F08F00BF00BF388C36
:10ABA0000890A7F820904A4638460899D9F7D6FF6A
:10ABB0008246BAF1000F00D1ECE74FF42070FAF7AB
:10ABC000D3F905464FF420712846FAF784FC002497
:10ABD000002697E0F86800EBC6000790F96801EBE3
:10ABE000C601496821F07F4000F027FA0690F96815
:10ABF00001EBC601496821F07F4000F01AFA059088
:10AC0000069820EA090000B17BE007984068C0F38D
:10AC1000406000B175E0079904AA0868672101F057
:10AC2000E7FF00B96DE0DDF810804FF0000B60E049
:10AC30000020039026E0039800EB800005EB8000E5
:10AC400040680290029800F0F8F90190029800F034
:10AC5000F0F90090D8F8000030F81B10039800EBD2
:10AC6000800005EB80000089814208D10599009899
:10AC7000884204D106990198884200DB05E00398D8
:10AC8000401C03900398A042D5D300BF0398A04274
:10AC90002DD1B8F80C0004EB840125F82100B8F898
:10ACA000100004EB840105EB8101488004EB840172
:10ACB00005EB8101D8F80800C860D8F8000030F82A
:10ACC0001B0004EB840105EB8101088104EB840186
:10ACD00005EB8101D8F8040008610798406820F06E
:10ACE0007F4004EB840105EB81014860641C0BF19B
:10ACF000010BD8F8000030F81B0008B1202C97D3C6
:10AD000000BF761C788CC0F3C500B04202D9202C5D
:10AD1000FFF460AF002613E006EB860105EB81012E
:10AD2000486800F086F9804606EB860005EB800057
:10AD30004B46009041463846089AD9F737FE761CB4
:10AD4000A642E9D32846FAF78BF9BAF1010F03D1ED
:10AD50003846FEF7A8FC13E0BAF1030F07D14FF60F
:10AD6000FF724FF470213846FFF762FA08E0BAF13B
:10AD7000020F05D13846FEF796FC3846FFF710FA69
:10AD800000BF07E7F8B506460C46154600942B466B
:10AD900041F209013046009AFFF7FCFDF8BDF8B515
:10ADA00006460C46154600942B4641F26A41304651
:10ADB000009AFFF7EFFDF8BD37B582B0054614469F
:10ADC000BDF80C00ADF80400234620212846019A66
:10ADD000FFF7E0FD05B030BDF8B506460C46154658
:10ADE00000942B4640F628013046009AFFF7D2FD2A
:10ADF000F8BDF8B506460C46154600942B462121B1
:10AE00003046009AFFF7C6FDF8BDF8B506460C4679
:10AE1000154600942B4641F232013046009AFFF766
:10AE2000B9FDF8BDF8B506460C46154600942B460C
:10AE3000034801883046009AFFF7ACFDF8BD0000DA
:10AE400074010020F8B506460C46154600942B46C2
:10AE5000034801883046009AFFF79CFDF8BD0000CA
:10AE600070010020F8B506460C46154600942B46A6
:10AE7000034801883046009AFFF78CFDF8BD0000BA
:10AE800078010020F8B506460C46154600942B467E
:10AE9000034801883046009AFFF77CFDF8BD0000AA
:10AEA00072010020F8B506460C46154600942B4664
:10AEB000034801883046009AFFF76CFDF8BD00009A
:10AEC00076010020F8B506460C46154600942B4640
:10AED00041F204013046009AFFF75CFDF8BDF8B579
:10AEE00006460C46154600942B4641F26901304651
:10AEF000009AFFF74FFDF8BDF8B506460C4615461B
:10AF000000942B4641F202013046009AFFF742FDC1
:10AF1000F8BDF8B506460C46154600942B4641F29E
:10AF20005D413046009AFFF735FDF8BD37B582B078
:10AF300005461446BDF80C00ADF80400234640F267
:10AF400057412846019AFFF725FD05B030BDF8B5F9
:10AF500006460C46154600942B4641F20101304648
:10AF6000009AFFF717FDF8BDF8B506460C461546E2
:10AF700000942B4641F207013046009AFFF70AFD84
:10AF8000F8BDF8B506460C46154600942B4641F22E
:10AF900008013046009AFFF7FDFCF8BDF8B50646FB
:10AFA0000D4600BF00BF00236A4641F20101304652
:10AFB000FCF70CFA0446012C02D10098A84200D1FB
:10AFC00024B9002229463046FFF7C1FFF8BDF8B585
:10AFD00006460D4600BF00BF00236A4641F2070146
:10AFE0003046FCF7F3F90446012C02D10098A84240
:10AFF00000D124B9002229463046FFF7B5FFF8BD3D
:10B00000F8B506460D4600BF00BF00236A4641F270
:10B0100008013046FCF7DAF90446012C02D1009809
:10B02000A84200D124B9002229463046FFF7A9FFE3
:10B03000F8BD014601F47F007047014688B27047B1
:10B0400070B505461148007810B100BF00BF70BD53
:10B0500001200E4908702846FCF7E8F904460AE08A
:10B0600000BF00BF608C20F0020060842046EAF739
:10B0700061FC00BF00BF94F82200C0F3400000282C
:10B08000EED10249087000BFE1E700004C0100204A
:10B090003EB505460C46132D08DB00BF00BFF1F797
:10B0A00071FA0290BDF8081008463EBD0CB1042CA0
:10B0B00008DD00BF00BFF1F765FA0190BDF804108C
:10B0C0000846F2E7601EC4B2054800EBC50000EB7D
:10B0D000440000880090BDF800100846E5E7000035
:10B0E0004CF803083EB505460C46132D08DB00BF9F
:10B0F00000BFF1F747FA0290BDF8081008463EBDC0
:10B100000CB1052C08DD00BF00BFF1F73BFA019040
:10B11000BDF804100846F2E7601EC4B205EB8500D6
:10B12000054901EB400000EB440000880090BDF8A9
:10B1300000100846E3E700008EF703081CB504463C
:10B14000132C08DB00BF00BFF1F71CFA0190BDF81B
:10B15000041008461CBD044800EB44000088009021
:10B16000BDF800100846F5E768F703080146002916
:10B1700004DAC1F57A7040F4005001E041F4005067
:10B1800000B270472DE9F0470246B2F90490B2F9D7
:10B1900000A0A9EB0A0000EBD0794FEA69090FFA89
:10B1A00089F31088184405B25088184406B20888FC
:10B1B000401B07B24888801B04B213FB03FC17FB3B
:10B1C00007F014FB0408E04502D80120BDE8F08731
:10B1D0000020FBE710B5DDF710F84FF4FA5300221A
:10B1E0000B490C48F2F727F80B48F2F735F80B48F3
:10B1F000008800B2084908800848408800B24880AA
:10B20000074848610348C8600846F2F75FF810BD78
:10B21000288500200C850020A8C300206804002099
:10B22000D581000810B50AF023FC0748F7F7D7FED0
:10B23000012005490870054848600846F7F7E4FE14
:10B240000349086010BD0000F4C30020B95A030888
:10B2500020010020F0B503460C460120002113E038
:10B2600002F001053DB10546A5FB037C01FB03C6C9
:10B2700000FB0461384652101E46A6FB067C04FB08
:10B2800006CC04FB03C43B46002AE9D1F0BD000014
:10B290002DE9F04F87B00546734800680068846B5D
:10B2A000714800680068C068806820606E48006867
:10B2B0000068007CC0F3400038B96B480068006843
:10B2C000007C00F00100002849D067480068F2F7D0
:10B2D00039F9401E0FFA80FA63480068F2F7CCF89B
:10B2E000401E0FFA80FB5B460022114601A8CDF8F4
:10B2F00000A0EFF781FA01A860605B480068006871
:10B30000007CC0F3400090B1574800680068C068F6
:10B31000806920F00200801C534909680968C968E7
:10B32000886101A8A060204600F0A0F814E04E4813
:10B3300000680068C06880694B4909680968C96885
:10B34000896960F34101484800680068C06881610C
:10B35000A560204600F08AF807B0BDE8F08F2846C7
:10B36000EFF7BFF906902846EFF748F905903E48F9
:10B370000068F2F7E7F8B5F90610884205DC3A48AC
:10B380000068F2F7DFF8401E01E0B5F9060006B2EA
:10B390003548DDE905210068E7F788FA80464FF077
:10B3A0000009B5F9027033E02888ADF80C00A888D0
:10B3B000ADF81000ADF80E7007EB0800401E00B2AB
:10B3C000ADF8120003A86060A0602748006800681C
:10B3D000C06880682060BDF91200B04201DDADF8A0
:10B3E0001260BDF912904E450CD11F4800680068EC
:10B3F000C068806920F00200801C1B490968096848
:10B40000C9688861204600F031F807EB080007B2F0
:10B4100007EB0800401EB042C6DD4E4522D028880A
:10B42000ADF80C00A888ADF81000ADF80E70ADF8BE
:10B43000126003A86060A0600B4800680068C068E4
:10B4400080682060084800680068C068806920F053
:10B450000200801C044909680968C968886120469F
:10B4600000F004F800BF77E7540100202DE9F04117
:10B470008EB0044666480068F1F7FAFF0646306869
:10B4800090B1706880B90CE0614800680068806A1B
:10B4900038B15F4A126810685D4A12681268916A92
:10B4A000884730690028EFD10027002558480068F8
:10B4B000F2F726F880464146606800F023F9074617
:10B4C00053480068406930B1514A12685169606858
:10B4D00000F018F90546002F66D1002D64D1A06A4E
:10B4E000E8B16846F3F7DEFE49480068C06A049098
:10B4F0004748006890F829008DF81A004448006811
:10B50000408DADF804004248006890F829008DF89D
:10B51000030069462046A36A6268984744E03C48B5
:10B520000068C06A60B33A490968C86A0DA9F7F7AC
:10B53000E5F98046B8F1010F1FD101210D98C1EB4B
:10B54000505000900D98C0F38A20431E00221146EF
:10B550000BA8EFF751F905A8F2F7C7FA2C480068D5
:10B5600090F829008DF81F00294800680BAA05A94A
:10B57000C36A2046F2F76AFA01E000BF00BF13E099
:10B580006846F3F78FFE22480068408DADF804004E
:10B590001F48006890F829008DF80300694620468E
:10B5A0006268F3F763FE00BF19480068406938B16C
:10B5B00015B91748006845692946204600F0C0F9CA
:10B5C00017B91348006807693946204600F0B8F9F2
:10B5D0000F480068F1F778FF80464146204600F0AA
:10B5E000AFF90B480068F1F762FF804641462046FC
:10B5F00000F0A6F9064800680068007CC0F340002F
:10B6000018B903480068DDF7E5FE0EB0BDE8F0812B
:10B610005401002070B5002038490860384800689F
:10B62000B0F8500100B970BD002535480068B0F889
:10B630005001441E08E03248006800F59870005D33
:10B6400008B9254602E0641E002CF4DA00BF2C483D
:10B6500000680068C068806920F001002849096816
:10B660000968C9688861264800680068C068806900
:10B6700020F00200224909680968C968886100242D
:10B6800034E01F48006800F59870005D68BBAC426C
:10B690000CD11B4800680068C068806920F0010078
:10B6A000401C174909680968C9688861144800681E
:10B6B0000068C068806920F00200114909680968C3
:10B6C000C96888610E490968303101EBC400FFF791
:10B6D000DFFD0B490968303101EBC400EEF7E2FFF2
:10B6E00006490968084405490860641C0448006864
:10B6F000B0F85001A042C4DC00BF94E75001002024
:10B70000540100202DE9FC4780460C46002600220B
:10B7100004F114014046D7F704FE80B3012120460E
:10B72000FDF724FC58BB00208DF80000CDF8048004
:10B730006A4612212046F5F75BFB9DF800000228BF
:10B7400002D10020BDE8FC872046FBF720FD07461C
:10B7500000250BE0A068006850F825904946404657
:10B76000FFF7D0FF064606B102E06D1CBD42F1D3E3
:10B7700000BF1EB99DF8000000B9264600BF304644
:10B78000E0E700002DE9FC4100255AE0314800685F
:10B7900000F59870405D00B152E0002449E02D486A
:10B7A000006800F59870005D08B9A54200D13FE03F
:10B7B000284A1268303202EBC401264A126830323D
:10B7C00002EBC500D7F70BFE00B931E02148006855
:10B7D000303000EBC4021F480068303000EBC50178
:10B7E0006846D7F73DFF6846EEF75CFF0646194905
:10B7F0000968303101EBC500EEF754FF07461549E3
:10B800000968303101EBC400EEF74CFF3844864242
:10B810000DD210490968303101EBC5006946EEF7D9
:10B820008EFE01210B48006800F59870015500BF9D
:10B83000641C08480068B0F85001A042AFD800BFAF
:10B840006D1C04480068B0F85001A8429ED8BDE8BD
:10B85000FC810000540100202DE9F04F87B0044620
:10B860000D4601212846FDF781FB10B107B0BDE868
:10B87000F08FA66803A92846FBF72AFD2846D9F7CA
:10B880008CF883465A46594603A8EEF793FF03AA5D
:10B89000314605A8D7F704FD00B9E7E705A8A06081
:10B8A000224614212846F5F7A3FA224615212846F8
:10B8B000F5F79EFA224616212846F5F799FA4FF039
:10B8C00001084FF400212846FDF750FB20B13068F5
:10B8D00001907068029008E005F11402314601A859
:10B8E000D7F7DEFC08B94FF00008B8F1000F13D00D
:10B8F00001A8A0602846FBF74AFC8146002708E023
:10B90000A868006850F827A051462046FFF7A4FF1A
:10B910007F1C4F45F4D300BF05A8A0602246172125
:10B920002846F5F765FA224618212846F5F760FA09
:10B93000224619212846F5F75BFAA66000BF95E775
:10B940002DE9F05F07460C4624B923480068F1F75B
:10B95000D7FD04460CB9BDE8F09F21463846FFF7F5
:10B960007BFFA0462046FBF759FD05462FE04FF030
:10B97000000A2846FBF70BFC8346002610E0A86867
:10B98000006850F82690BAF1000F04D1C14506D1E5
:10B990004FF0010A03E049463846FFF75DFF761C89
:10B9A0005E45ECD33A4617212846F5F721FA3A4688
:10B9B00018212846F5F71CFA3A4619212846F5F7CA
:10B9C00017FAA8462846FBF729FD054600BF002DBB
:10B9D000CDD100BFBFE70000540100202DE9F041A8
:10B9E00007460C46254695F82A0020F0010085F808
:10B9F0002A000020A884E884288510212046FAF730
:10BA00007AFE4FF400712046FAF775FE00BF00BFC2
:10BA100021460848FAF7C0FD06463046FAF731FEDF
:10BA2000002205A1204600F057F900BF00BFBDE885
:10BA3000F0810000D0FA03084F7074696F6E2031F6
:10BA40000A4F7074696F6E20320A4F7074696F6E9E
:10BA500020330A4F7074696F6E20340A4F70746916
:10BA60006F6E2035000000002DE9F84F88464146F2
:10BA70007248FBF749FB8146B9F1010F01D0BDE8DF
:10BA8000F88F4046F5F74DF905464046F5F7AAF917
:10BA900007463C462C2D08D14046F5F7A0F906464E
:10BAA0003846E7F746FA3080C5E02A2D11D13846EE
:10BAB000E6F771FE064626B100222A213046F5F748
:10BAC00097F93846FEF79BFB0021384605F0C0FD8C
:10BAD000B1E0292D04D10021384605F0B9FDAAE0D6
:10BAE000012D0BD1A06A20F40030A0623846E6F7A1
:10BAF00052FE06465249EDF7A1FE9CE0022D20D1F0
:10BB0000F7F7B4FA824669465046F7F70BFBBDF8E3
:10BB10000200A8B13846E6F73EFE83465846FDF7D8
:10BB2000F4F9BDF80210084406B231465846FFF752
:10BB300067FAA06A20F4003000F50030A06200BF70
:10BB400079E0082D01D0032D03D1384605F0CEFE53
:10BB500071E00E2D22D13846FBF706FC834658468D
:10BB6000F5F7D4FF0646F7F781FA0090F7F7D3FA16
:10BB70008246BAF1040F0ED156B9E08C218D88426D
:10BB80000BD0208DE0840121384605F061FD04E0F2
:10BB9000E08C208501E0E08C20854CE00F2D0AD15F
:10BBA000E08C218D884246D0208DE08401213846EA
:10BBB00005F04EFD3FE00D2D2CD14046F5F70FF975
:10BBC0000678132E01D0122E10D1E08C401CA18CCF
:10BBD00088421EDAB4F828A0E08C401C81B2012211
:10BBE000384600F0F6F8A4F828A012E0142E01D090
:10BBF000112E0ED1E08C00280BDDB4F828A0E08CCB
:10BC0000401E81B20122384600F0E3F8A4F828A0D3
:10BC100000BF10E0132D07D13846E6F7BCFD0646FD
:10BC20003046FEF7BDFA06E0152D01D0182D02D1E1
:10BC30004046E0F7EEFC00BF21E70000B4FA03083D
:10BC4000592203082DE9F05F0F463846F5F769F8E9
:10BC50000446152C08D039461E48FBF755FA054610
:10BC6000012D01D0BDE8F09F3846F5F7BBF88246BC
:10BC7000132C1DD13846F5F7B2F806465046FBF7AF
:10BC8000CDFB83465846E7F754F980465046FDF70A
:10BC900010F98146B6F90000A8EB0901884202DDDF
:10BCA000B6F9000001E0A8EB090000B230800EE018
:10BCB000292C07D15046FBF7B1FB0646002105F0C1
:10BCC000C7FC04E0152C02D13846DFF71DF900BF90
:10BCD000C8E70000D0FA03082DE9F84F05460E46E4
:10BCE000934600BF00BF00BF1EB900BF00BF00BF2A
:10BCF000FEE700BF2C462846E6F74DFD00900020E9
:10BD0000E0842085A084804608E016F808000A2810
:10BD100002D1A08C401CA08408F1010816F808008C
:10BD20000028F2D1A08C401CA084BBF1000F0AD1E6
:10BD300094F82A0020F0010084F82A003146009887
:10BD4000F8F7AEFD3EE094F82A0020F00100401C18
:10BD500084F82A003046D4F735FD00F10109C9EB1B
:10BD6000C900F9F701F907464FF0000A0FE009FB97
:10BD70000A703146D4F702FD0A210AF1010009FBDD
:10BD800000F0401E39540AF1010000F0FF0ABAF138
:10BD9000070FECDB0021C9EBC900401E39543946BE
:10BDA0000098F8F77DFD3846F9F75AF9A08C00EBBA
:10BDB0004000E084A08CC0EBC000A0842846E8F7D7
:10BDC000C1FE00BFE08C20850098FEF7E9F9BDE8D0
:10BDD000F88F2DE9F04105460E46174600BF00BF1B
:10BDE0002C4694F82A0000F0010070B13146E28C34
:10BDF000072392FBF3F290B210B1C0EBC002891A94
:10BE0000C0EBC0020A4496B200BFA08CB04201DD74
:10BE1000304601E0A08C401EE084E08C208539464D
:10BE2000284605F015FCBDE8F08110B5F1F70CFBD4
:10BE30000446F1F765FB10BD2DE9F04107460C46BD
:10BE40002546002045F8700F287920F00100287160
:10BE5000287920F002002871703D4FF4407120468F
:10BE6000FAF749FC10212046FAF745FC0020F1F7CB
:10BE7000F1FA502101EBC000A02190FBF1F0012864
:10BE800009DD0020F1F7E6FA502101EBC000A02106
:10BE900090FBF1F000E0012006B231462046FEF7AB
:10BEA00005FDBDE8F08100002DE9F34F8BB0FE48A1
:10BEB0000C99FBF729F90A900A98012802D00DB0D5
:10BEC000BDE8F08F0C98F4F72CFF05460C98F4F7BA
:10BED00089FF06463446304600F08DFB8046112D22
:10BEE00031D10C98F4F77BFF0746B06818B1B06801
:10BEF000B0F9140000E00020814604F1680108A8B0
:10BF0000EEF75CFB4A46494608A8EEF753FC0022D0
:10BF100008A83968D7F7DBFA3871387990B9B8F1E1
:10BF2000020F0FD104F1600108A8EEF747FB4A4663
:10BF3000494608A8EEF73EFC002208A83968D7F762
:10BF4000C6FA38714FE3012D78D13046FDF7ABFBCF
:10BF500094F8740020F00100401C84F87400B8F1DB
:10BF6000000F02D0B8F1010F03D104F124002067C3
:10BF700057E1B8F1020FFBD1F7F778F8834609A92A
:10BF8000F7F78EF83046FCF794FF83463046FBF710
:10BF9000F5F9834501DB012000E000200890002135
:10BFA0003046FCF7E3F807460898002876D0012FC2
:10BFB00005D0BDF92410B4F96C00814207DC012FD3
:10BFC00009D1BDF92400B4F96810884203DA04F1FC
:10BFD0002400206724E1012F05D0BDF92400B4F925
:10BFE0006010884207DB012F09D1BDF92410B4F994
:10BFF0006400814203DD04F13000206710E1B4F9F0
:10C000006430B4F960C0A3EB0C0202EBD2730CEB0A
:10C010006303BDF924C0A3EB0C03002B0FDDB4F9BF
:10C020006430B4F960C0A3EB0C0101EBD1730CEBED
:10C030006303BDF924C0A3EB0C030EE0F2E0B4F9F6
:10C040006430B4F960C0A3EB0C0000EBD0730CEBD0
:10C050006303BDF924C0ACEB03030FFA83F9B4F911
:10C060006C30B4F968C0A3EB0C0202EBD2730CEB9A
:10C070006303BDF924C0A3EB0C03002B0FDDB4F95F
:10C080006C30B4F968C0A3EB0C0101EBD1730CEB7D
:10C090006303BDF924C0A3EB0C030EE026E0B4F962
:10C0A0006C30B4F968C0A3EB0C0000EBD0730CEB60
:10C0B0006303BDF924C0ACEB03030FFA83FACA454E
:10C0C00009DA04F12400206794F8740020F00200DB
:10C0D00084F87400A4E004F13000206794F8740040
:10C0E00020F00200801C84F8740099E0BDF926104D
:10C0F000B4F96A00814203DA04F1240020678FE07A
:10C10000BDF92610B4F96600814203DD04F1300068
:10C11000206785E0B4F966C0B4F96230ACEB030285
:10C1200002EBD2734FEA630CB4F962306344BDF999
:10C1300026C0A3EB0C03002B11DDB4F966C0B4F9E3
:10C140006230ACEB030101EBD1734FEA630CB4F93D
:10C1500062306344BDF926C0A3EB0C0310E0B4F9D0
:10C1600066C0B4F96230ACEB030000EBD0734FEA69
:10C17000630CB4F962306344BDF926C0ACEB030331
:10C180000FFA83F9B4F96EC0B4F96A30ACEB03026C
:10C1900002EBD2734FEA630CB4F96A306344BDF921
:10C1A00026C0A3EB0C03002B11DDB4F96EC0B4F96B
:10C1B0006A30ACEB030101EBD1734FEA630CB4F9C5
:10C1C0006A306344BDF926C0A3EB0C0310E0B4F958
:10C1D0006EC0B4F96A30ACEB030000EBD0734FEAE9
:10C1E000630CB4F96A306344BDF926C0ACEB0303B9
:10C1F0000FFA83FACA4509DA04F12400206794F89B
:10C20000740020F0020084F8740009E004F13000AA
:10C21000206794F8740020F00200801C84F87400F9
:10C2200000BFE0E1022D78D1206F002875D0F6F72D
:10C230001DFF09900998F6F76EFF012800D03EE631
:10C2400008A90998F6F72CFF00213046FBF78EFF6E
:10C2500007903046FCF72DFE82463046FBF78EF8FD
:10C26000834600213046FCF750FA06900021304604
:10C27000FCF7F4FA059000213046FCF7BFFB049070
:10C2800000213046FCF764F98146D4E90A10401ACF
:10C2900003900027E06A0290A06A0190DA4521DB52
:10C2A0000699AAEB010201E0ECFA03080599511A7C
:10C2B00008B20799012907D1B6F918200599511A32
:10C2C000BDF920208F1A06E0BDF92020B6F9143000
:10C2D00006991944571A0399794391FBF0F7A16A1B
:10C2E0000F4412E0ABEB09020499511A08B2BDF9F0
:10C2F0002220B6F91A104944571A7942039A514339
:10C3000091FBF0F7A16A0F4400BF04F13000216FE8
:10C31000814203D1606A029002E01EE0206B01902E
:10C320000198874201DA019F03E00298874200DD0D
:10C33000029F206F0068B8420ED0206F0760304621
:10C34000FDF7B1F900221C213046F4F751FD0A90A7
:10C350000A98012800D0B2E545E1082D01D0032D4F
:10C360003ED194F8740020F0010084F8740000209D
:10C3700020673046FDF797F93046FAF7F5FF824619
:10C380005046F5F7C3FB0746F6F770FE8346F6F70F
:10C39000C2FE8146B9F1040F21D107B3304600F047
:10C3A0002AF9022817D194F87400C0F3400038B974
:10C3B00094F8740020F00200801C84F874000EE0F1
:10C3C00094F8740020F0020084F8740000215046B4
:10C3D000F5F73FFC03E000215046F5F73AFC02E197
:10C3E0000E2D10D1F6F742FE8146F6F794FE074671
:10C3F000042F01D0022F05D194F8740020F0020020
:10C4000084F87400EFE0292D03D13046FDF7C8FE13
:10C41000E9E0132D7ED14FF440313046FCF775F939
:10C4200009904FF440313046FCF718FA08904FF469
:10C4300040313046FCF7E2FA82464FF44031304654
:10C44000FCF786F807904FF4403B43F60E0259463E
:10C450003046FCF707FB0390039800B2069059465C
:10C460003046FCF7B1FC059059463046FCF792FC8B
:10C4700004903046FCF71DFD0222059912FB010BCA
:10C480003046FAF77BFF0222049912FB0100834534
:10C4900007DA3046FCF70DFD0222059902FB010088
:10C4A00006E03046FAF76AFF0222049902FB010017
:10C4B000401007B206987843001207B2DDE9081071
:10C4C000884201DD099900E008990798504501DD8F
:10C4D000079800E05046814207DDDDE908108842F8
:10C4E00001DD099807E0089805E00798504501DD4F
:10C4F000079800E05046384407B2B81C07B24FF422
:10C5000040313046F9F775FF384407B20C98F4F71C
:10C5100066FC00E00BE08146B9F90000B84202DD9C
:10C52000B9F9000000E03846A9F800005BE00D2DE5
:10C5300054D10C98F4F753FC0778132F01D0112F26
:10C5400023D194F87400C0F3400050B9304600F095
:10C5500061F800F1010901224946304600F06AF80D
:10C5600009E0304600F041F800F101090122494696
:10C57000304600F055F800221C213046F4F738FC14
:10C580000A900A98012828D099E4142F01D0122F7C
:10C5900023D194F87400C0F3400050B9304600F045
:10C5A00039F8A0F1010901224946304600F042F86D
:10C5B00009E0304600F019F8A0F1010901224946CE
:10C5C000304600F02DF800221C213046F4F710FC14
:10C5D0000A900A98012800D071E404E0152D02D1D8
:10C5E0000C98DEF779FB00BF69E410B504462046DD
:10C5F000EEF759FA10BD70B505462846EEF74AFA2F
:10C600000446012C00D170BD022C01D10220FAE7B2
:10C610000020F8E710B504462046EEF757FA10BDA3
:10C6200070B504460D461646324629462046EEF7BA
:10C630005FFA70BD70B504460D461646324629466F
:10C640002046EEF78BFA70BD0FB47CB504460D465C
:10C6500009A80190019800902A4621460548089BA8
:10C66000D8F7FCFE06460020019030467CBC5DF801
:10C6700014FB0000DB53000870B506460C4600BFF3
:10C6800000BF2546002045F8600F288A20F0F00002
:10C690002882288A20F00F00401D28820120E860AF
:10C6A000104868604042A860288A20F48070288280
:10C6B000288A20F4C06000F580602882603D012156
:10C6C000204602F03DF80121204601F0A8FF82211A
:10C6D0002046FEF763FC204600F08EF900BF00BF45
:10C6E00070BD00009F86010070B5054600BF00BF09
:10C6F0002C46E16E206E401AA16E88420EDBE16E80
:10C70000206E401A05D5206E002802DD206E4042C2
:10C710002066E16E206E401A20660DE0B4F87000CD
:10C72000C0F3002030B1A16E206E884202D1606E4D
:10C73000206601E0A06E2066284600F05DF970BD1D
:10C740002DE9F34F83B00120029077480499FAF75E
:10C75000DBFC02900298012802D005B0BDE8F08F02
:10C760000498F4F7DEFA06460498F4F73BFB074614
:10C770003C46082E7ED1F6F779FC01900198F6F739
:10C78000CAFC042840D13846FAF7EEFD0546F5F715
:10C79000BDF9002811D094F8700000F00F000128B6
:10C7A0000BDDB4F87000C0F34120022814D1E06E14
:10C7B000012803DD384600F0E6F87AE094F87000CE
:10C7C00000F00F00821E0A200021FEF743FDE06604
:10C7D000384600F0EBF86CE094F8700000F00F00C1
:10C7E000421E0A200021FEF735FDE26ED317101A13
:10C7F0008B4103DA384600F0D9F85AE00A20E066A7
:10C80000384600F0C0F854E0384601F0F6FE8246A3
:10C810005046D3F7D7FF8346206C1AF800002E2825
:10C8200003D1384601F06FFD11E0206C584505D169
:10C83000ABF10101384601F0FDFE08E0206C30B993
:10C84000A06E002803DA0121384601F0F3FE94F8C7
:10C85000700000F00F00401E00904020005B85B289
:10C8600094F87010C1F30311206C884208D994F831
:10C87000700000E01EE0C0F3031008B1681E85B22E
:10C880000098A0EB0508A06E002801DA08F1010865
:10C890000120E0664FF0000908E0E06E00EB800048
:10C8A0004000E06609F101001FFA80F9C145F4D3A8
:10C8B00000BF36E00D2E34D1F6F7D8FB8146F6F7EF
:10C8C0002AFC80460498F4F78AFA0568132D0AD1E9
:10C8D000B8F1040F03D1384600F028F820E03846BC
:10C8E00000F051F81CE0142D0AD1B8F1040F03D167
:10C8F0003846FFF7F9FE13E0384600F057F80FE02E
:10C90000112D03D1384600F011F809E0122D03D1A2
:10C910003846FFF7E9FE03E02946384601F0C6FA3B
:10C9200000BF00BF19E700007CC1030870B50546D1
:10C9300000BF00BF2C46E16E206E0844616E884245
:10C940000FDCE16E206E0844002805DD206E002813
:10C9500002DA206E40422066E16E206E08442066B6
:10C960000DE0B4F87000C0F3002030B1D4E9180134
:10C97000884202D1A06E206601E0606E20662846E3
:10C9800000F03AF870BD70B5064600BF00BF3446EF
:10C990000A21E06E90FBF1F5002D01DDE56601E076
:10C9A0000120E066304600F027F870BD2DE9F04127
:10C9B000054600BF00BF2C46D4E91910002802DA52
:10C9C000A06E404200E0A06E814201DD606E06E094
:10C9D000A06E002802DAA06E404200E0A06E07467A
:10C9E000E06E00EB80004600BE4200DCE6662846B2
:10C9F00000F002F8BDE8F0812DE9F04F8BB08146E0
:10CA00004D46122106A8F8F766FD06AE4FF0000B62
:10CA1000A86E002808DA286E002801DB2B2000E031
:10CA20002D203070761C03E00BF1010000F0FF0BAD
:10CA3000286E002801DD286E01E0286E4042034682
:10CA40003EA20E2102A8FFF7FFFD02A8D3F7BAFE0F
:10CA500095F8701001F00F01A1EB0008B8F1000F7C
:10CA600015DD02A8D3F7AEFE84B206E002A8005D91
:10CA700004EB080102AA5054641E002CF6DA0024CC
:10CA800003E0302002A90855641C4445F9DB95F801
:10CA90007000C0F3031020B995F8700000F00F008B
:10CAA00003E095F87000C0F303100190002404E047
:10CAB00002A8005D3070761C641C0198844203DA81
:10CAC00002A8005D0028F3D195F87000C0F30310B0
:10CAD00090B12E203070761C04E002A8005D30700A
:10CAE000761C641C95F8700000F00F00A04203DD76
:10CAF00002A8005D0028F0D106A9484601F072FEA8
:10CB0000D5F86CA095F8700000F00F0704E00A203B
:10CB10009AFBF0FA781EC7B2BAF10A0FF7DA019859
:10CB2000874201DD781CC7B2A7EB0B00C7B23946BC
:10CB3000484601F07FFD0BB0BDE8F08F2564000092
:10CB400030B591B005460C4602212046F9F7D3FDD9
:10CB500001A8ECF7BBFE00BF019400BF1A4901A871
:10CB6000ECF739FF01A84FF6FF71818700BF174925
:10CB700008680B9000BF1648006800F5B4721448AE
:10CB8000016801A8ECF749FF01A8ECF769FF11481B
:10CB9000079000BF4FF4B472002101A8ECF73DFFED
:10CBA0000D4901A8ECF717FF01A8ECF759FF4FF466
:10CBB000B47200212046EDF760FB4FF487712046E8
:10CBC000EDF730FC11B030BDF160000858020020D4
:10CBD0005C020020059901080161000870B5044657
:10CBE0000D46164632462946204600F03CF870BDF8
:10CBF000F0B503469888C00B68B11C6807E0208830
:10CC0000884203D1606810600120F0BD083420889C
:10CC10000028F4D1F9E7D87908B90020F5E7D879E8
:10CC2000012815DDD8791F6807EB80052E46002402
:10CC30000AE036F81400884205D11F6857F824002E
:10CC400010600120E1E7641CD879A042F1D808E027
:10CC50009888C0F30E00884203D118681060012044
:10CC6000D3E70020D1E7F0B503469888C00B68B140
:10CC70001C6807E02088884203D1606810600120AA
:10CC8000F0BD083420880028F4D1F9E7D87908B934
:10CC90000020F5E7D879012815DDD8791F6807EB62
:10CCA00080052E4600240AE036F81400884205D19B
:10CCB0001F6857F8240010600120E1E7641CD87950
:10CCC000A042F1D808E09888C0F30E00884203D152
:10CCD000186810600120D3E70020D1E710B50446A2
:10CCE00008212046F8F7F7FB10BD014600BF00BF42
:10CCF000C87908B9012070470020FCE73EB504461A
:10CD00004E2C75D01EDC332C73D00EDC292C78D041
:10CD100006DC202C45D0222C53D0252C6CD177E07A
:10CD2000302C4FD0312C67D168E0462C68D004DC21
:10CD30003B2C49D0442C79D145E0472C48D04D2C90
:10CD400074D143E040F63C01601A8C425AD010DCAA
:10CD500040F25741A4EB01008C4238D004DC522C45
:10CD600033D0532C62D150E0012848D00B285DD13C
:10CD700043E040F2CA72811A904253D006DC09287F
:10CD800041D0A0F2C770002850D14AE0A1F2534030
:10CD900088B3A0F50C50B53870BB4FF4807002908A
:10CDA00048E000BFFF2211461046EFF7A3FD0090B8
:10CDB000BDF8001008460190BDF80400ADF8080069
:10CDC00038E000BF00BF00BF00BF00BF00BF00BF12
:10CDD00000BF002211461046EFF78CFD0090BDF811
:10CDE000001008460190BDF80400ADF8080021E0ED
:10CDF0000AE010E005E011E018E000BF00BF00BF4E
:10CE000000BF00BF00BF00BF00BFFF20029011E0C5
:10CE1000FF2002900EE00F2002900BE007480290E6
:10CE200008E000BF41F6FF70029003E0002002908E
:10CE3000029000BF00BF02983EBD00004CF70308FF
:10CE400003480088401C0249088008460088704753
:10CE5000B40200202DE9FE4F0446884600BF00BF03
:10CE6000A088C00B20B100BF00BF0020BDE8FE8F2E
:10CE7000E07908B90020F9E7E07901280ED1A0880F
:10CE8000C0F30E00404507D1A0886FF30E00A080CC
:10CE90000020E0710120E9E70020E7E7E079216860
:10CEA00001EB80060296029E002553E036F815003D
:10CEB00040454ED1D4F80090E079022812D10120EB
:10CEC000E0710DB9708800E03088A18860F30E0130
:10CED000A1801DB9D9F80400206035E0D9F8000020
:10CEE000206031E0E079401E00EB400040000190FE
:10CEF0000198F7F7FFFF8246BAF1000F01D1002039
:10CF0000B4E7C4F800A0E079401EE071E0790AEBD4
:10CF10008000029002980090D34600273D460FE023
:10CF200036F8170040450AD059F827104BF825105D
:10CF300036F8172028466D1C009921F810207F1C18
:10CF4000E079B842ECD200BF4846F8F7A1F80120DA
:10CF50008CE76D1CE079A842A8D8002086E710B5C0
:10CF6000044600BF00BFA088C00B10B100BF00BFC7
:10CF700010BDE079012802DD2068F8F789F8082162
:10CF80002046F8F7A8FA00BFF2E738B505460C4688
:10CF9000009465212846009A00F087F938BD13B542
:10CFA00082B00446BDF80C00ADF8040052212046C2
:10CFB000019A00F07AF91FBD38B505460C46009479
:10CFC00051212846009A00F070F938BD38B5054661
:10CFD0000C4600944FF405612846009A00F065F96C
:10CFE00038BD13B582B00446BDF80C00ADF804009E
:10CFF00020212046019A00F058F91FBD13B582B0D8
:10D000000446BDF80C00ADF8040022212046019A28
:10D0100000F04BF91FBD38B505460C46009440F6AC
:10D0200028012846009A00F040F938BD38B5054679
:10D030000C46009421212846009A00F036F938BDAC
:10D0400013B582B00446BDF80C00ADF804003021E1
:10D050002046019A00F029F91FBD38B505460C4657
:10D06000009431212846009A00F01FF938BD38B5E8
:10D0700005460C46009434212846009A00F015F924
:10D0800038BD38B505460C46009433212846009A31
:10D0900000F00BF938BD38B505460C46009441F256
:10D0A00032012846009A00F000F938BD38B505462F
:10D0B0000C46009461212846009A00F0F6F838BD2D
:10D0C00038B505460C46009463212846009A00F0C6
:10D0D000ECF838BD38B505460C4600946421284666
:10D0E000009A00F0E2F838BD38B505460C460094C9
:10D0F00041F204012846009A00F0D7F838BD13B574
:10D1000082B00446BDF80C00ADF804004D21204665
:10D11000019A00F0CAF81FBD38B505460C460094C8
:10D1200040F649012846009A00F0BFF838BD38B5EE
:10D1300005460C46009441F206012846009A00F08C
:10D14000B4F838BD38B505460C46009441F20301E9
:10D150002846009A00F0A9F838BD13B582B00446FD
:10D16000BDF80C00ADF804003B212046019A00F008
:10D170009CF81FBD38B505460C46009440F63C01AE
:10D180002846009A00F091F838BD38B505460C469F
:10D19000009440F63D012846009A00F086F838BD1C
:10D1A00038B505460C46009440F63A012846009AE8
:10D1B00000F07BF838BD70B504460D462946204680
:10D1C00000F03BF82946204600F042F82946204668
:10D1D00000F054F82946204600F001F870BD38B53B
:10D1E00005460C46009441F611012846009A00F0CD
:10D1F0005CF838BD38B505460C46009441F615017B
:10D200002846009A00F051F838BD70B504460D4626
:10D210002946204600F027F829462046FFF7EAFF76
:10D2200070BD70B504460D462946204600F005F84D
:10D230002946204600F00CF870BD38B505460C466E
:10D24000009441F612012846009A00F02EF838BDED
:10D2500038B505460C46009441F613012846009A5D
:10D2600000F023F838BD38B505460C46009441F669
:10D2700014012846009A00F018F838BD38B5054664
:10D280000C46009441F610012846009A00F00DF873
:10D2900038BD70B504460D4629462046FFF7EEFF1F
:10D2A00029462046FFF79BFF70BD2DE9F74F82B05E
:10D2B00004460F4600BF00BFA088C00B20B100BFCE
:10D2C00000BF05B0BDE8F08FE079012843DDE079CB
:10D2D000216801EB8008C246E079451E09E03AF872
:10D2E0001500B84204D12068049A40F82520E8E7E8
:10D2F0006D1E002DF3DAE079401C00EB4000400089
:10D30000019020680199F7F717FF064606B9D8E79C
:10D310002660E07906EB8008C246E079451E05E00C
:10D320003AF81510A81C2AF810106D1E002DF7DA17
:10D33000E079401CE071E07906EB8008C246B34614
:10D34000E079401E2AF81070E079401E5E4604998C
:10D350004BF8201037E0E07901282CD1A088C0F3E9
:10D360000E00B84202D104982060AAE7E079401C80
:10D3700000EB40004FEA400B5846F7F7BBFD05466F
:10D3800005B99EE7206801902560E079401CE071B6
:10D39000E07905EB8008C2462E46A088C0F30E0057
:10D3A000D046AAF80000AAF802703546019830600D
:10D3B0000498706007E00120E071A08867F30E0018
:10D3C000A080049820603846D7F74DFD8146A179AA
:10D3D000012202FA09F21143A17100BF71E738B5C9
:10D3E00005460C46009460212846009AFFF75DFF31
:10D3F00038BD13B582B00446BDF80C00ADF804008A
:10D4000044212046019AFFF750FF1FBD38B505465D
:10D410000C46009440F642012846009AFFF745FF6B
:10D4200038BD38B505460C46009440F645012846FF
:10D43000009AFFF73AFF38BD38B505460C46009410
:10D4400040F643012846009AFFF72FFF38BD38B554
:10D4500005460C4600944FF404612846009AFFF7F5
:10D4600024FF38BD70B504460D462946204600F01D
:10D4700054F829462046FFF737FE70BD38B50546FB
:10D480000C46009441F25D412846009AFFF70DFFDB
:10D4900038BD13B582B00446BDF80C00ADF80400E9
:10D4A00040F257412046019AFFF7FFFE1FBD38B5F5
:10D4B00005460C46009441F259412846009AFFF770
:10D4C000F4FE38BD38B505460C46009441F25B4188
:10D4D0002846009AFFF7E9FE38BD38B505460C46E8
:10D4E000009440F60B012846009AFFF7DEFE38BD97
:10D4F00038B505460C46009440F60A012846009AC5
:10D50000FFF7D3FE38BD38B505460C4600946721B9
:10D510002846009AFFF7C9FE38BD38B505460C46C7
:10D52000009441F201012846009AFFF7BEFE38BD83
:10D530002DE9F04704460D4616461F46DDE90889E9
:10D5400014212046F7F7C7FF25600EB9054800E013
:10D550003046A060E760C4F81080C4F80490BDE8CD
:10D56000F08700008B99010870B504460D462646E9
:10D5700075623046FCF797F870BD70B504462568B3
:10D580004FF0FF3068622846FCF78DF870BD70B52B
:10D5900006460C4625464FF0FF30686210212046B3
:10D5A000F9F7A9F808212046F8F780FB4FF48061CD
:10D5B0002046F8F77BFB70BD70B506460C46254645
:10D5C00000212846ECF73AF970BD00002DE9FC5F18
:10D5D0000F4639463D48F9F797FD0190019801281B
:10D5E00001D0BDE8FC9F3846F3F79BFB0546384663
:10D5F000F3F7F8FB0090132D58D14FF44031009809
:10D60000FBF790F880464FF440310098FBF733F970
:10D6100081464FF440310098FBF7FDF982464FF404
:10D6200040310098FAF7A1FF8346C84501DD404626
:10D6300000E04846D34501DD594600E051468842A6
:10D6400005DDC84501DD404606E0484604E0D34517
:10D6500001DD584600E050460646B01C06B24FF4C5
:10D6600040310098F8F7C5FE304406B23846F3F76B
:10D67000B6FB0446B4F90000B04202DDB4F9000084
:10D6800000E0304620804FF400310098F8F7B1FEFA
:10D69000B4F90010884202DAB4F9000004E04FF453
:10D6A00000310098F8F7A5FE20800DE01C2D06D172
:10D6B000009800F00DF80098FBF7F5FF04E0152D39
:10D6C00002D13846DFF793F800BF8AE708FB03086A
:10D6D0002DE9F04790B0804600BF00BF44460025CA
:10D6E000652229462046FBF7BDF90F900F9F00BF2A
:10D6F000002F47D04046FAF7A5FC00F0010A606A07
:10D70000401C80B9BAF1000F01D0002001E04FF4B5
:10D7100080700546BAF1000F02D04FF4807000E02F
:10D720000020064608E0656ABAF1000F02D04FF407
:10D73000807000E000200646A81B002801DDA81B21
:10D7400000E0701B78434FEA102900212046ECF7D7
:10D7500075F86846ECF7BAF800BF009400BF0B48B4
:10D76000019000BF00BF07950895099600BF0848C3
:10D77000039000BF00BFCDF8289000BF6846ECF7CB
:10D780006FF900BF10B0BDE8F087000069D502084E
:10D790007BD5020870B506460C4625460120A884B4
:10D7A000E884A98C4800F7F7A5FB2863E98C4800BA
:10D7B000F7F7A0FBE8628220296B0880E96A0880FD
:10D7C000EA8CAB8C5A439100A86AF7F7B5FCA862C3
:10D7D0000020A96A086070BD2DE9F04107460E4699
:10D7E000344600250EE0A06A50F8250040B1A16A39
:10D7F00051F82500F7F74CFC0020A16A41F82500FC
:10D80000681C85B2A08CE18C4843A842EBDCA06A7E
:10D8100010B1A06AF7F73CFCE06A10B1E06AF7F7D4
:10D8200037FC206B10B1206BF7F732FCBDE8F081BC
:10D830002DE9F34F83B083480499F9F765FC8146DD
:10D84000B9F1010F02D005B0BDE8F08F0498F3F7ED
:10D8500068FA06460498F3F7C5FA824654462A2E1B
:10D8600004D10021504603F0ABFFE9E02C2E27D174
:10D870000498F3F7B4FA80464FF0000B002506E059
:10D88000206B30F8150058440FFA80FB6D1CA08CFB
:10D89000A842F5D80027002505E0E06A30F8150019
:10D8A000384407B26D1CE08CA842F6D8ABF10100F9
:10D8B00000B2A8F80000781E00B2A8F80200BFE08D
:10D8C000012E01D0022E1BD102AA01A95046E5F774
:10D8D00087F80546012D12D1A08EBDF808108842A8
:10D8E00004D1E08EBDF80410884208D0BDF80800CD
:10D8F000A086BDF80400E0865046FBF7D4FE9FE00A
:10D90000082E2BD15046FBF7CEFEF5F7AFFB804635
:10D910004046F5F7F0FB0746A08E4FF6FF718842B0
:10D920000DD0E08E88420AD04FB900221C2150460B
:10D93000F3F75EFA8146B9F1010F00D083E7F5F7FE
:10D9400095FB8346F5F7E7FB0546012D01D0032D36
:10D9500003D14FF6FF70A086E08671E00E2E03D152
:10D960005046FBF7A0FE6BE00D2E64D10498F3F750
:10D9700036FAD0F80080A78EE58E4FF6FF7087420A
:10D9800001D0854206D10020A086E0865046FBF7F4
:10D990008AFE58E7A08CB84200DC0027E08CA84241
:10D9A00000DC0025B8F1140F01D17F1E0FE0B8F1A3
:10D9B000130F01D17F1C0AE0B8F1110F01D16D1EC8
:10D9C00005E0B8F1120F01D16D1C00E03BE7A08C1F
:10D9D000B84209DCE08C401EA84202DD00276D1C25
:10D9E0000AE0A08C471E07E0002F05DA1DB1A08CCD
:10D9F000471E6D1E00E00027E08CA84202DCE08C90
:10DA0000451E02E0002D00DA0025A08EB84202D1AA
:10DA1000E08EA8420ED0A786E5865046FBF743FE6F
:10DA200000221C215046F3F7E3F98146B9F1010FBA
:10DA300000D008E704E0152E02D10498DEF7BAFF03
:10DA400000BF00E724FB03082DE9FC5F0746894679
:10DA500000BF00BF3E46384600F0C6F9019001986D
:10DA6000F8F70EFF009042F2640211460098FDF7AD
:10DA70007AF804210098F8F73EFE0198F9F787FB41
:10DA80000446384600F0BDF98246D6F8248096F860
:10DA90002C0000F00C00F0B1611C8800F7F72AFAA6
:10DAA0000546601E820041462846F7F7C2FC4846FC
:10DAB000D2F788FE00F1010B5846F7F71BFA611EFA
:10DAC00045F8210055F821004946D2F757FE30A00D
:10DAD00045F824003CE0E000F7F70CFA0546601E2C
:10DAE000C20041462846F7F7A4FC308D78B9484675
:10DAF000D2F768FE00F1010B5846F7F7FBF92860F2
:10DB000049462868D2F73AFE21A0686020E021A0AB
:10DB10000321C1EB440145F821004846D2F752FEEB
:10DB200000F1010B5846F7F7E5F90221C1EB44017A
:10DB300045F8210016A00121C1EB440145F8210060
:10DB40000221C1EB440155F821004946D2F716FEE7
:10DB5000756229465046EDF739FD4046F7F798FAC9
:10DB60004FF4A8715046EDF70BFD308D401C308509
:10DB7000308D012804D100221146384600F048F9C2
:10DB8000718D80225046EDF7CFFC0098BDE8FC9FD8
:10DB9000000000000A0000002DE9F04781460D4614
:10DBA0002C465148007884F82C0094F82C00012869
:10DBB00010D0022813D0042802D0082814D104E081
:10DBC00001212846FCF79EFE0EE009212846FCF7BD
:10DBD00099FE09E000212846FCF794FE04E00821A4
:10DBE0002846FCF78FFE00BF00BF42F264021146D8
:10DBF0002846FCF7B8FF2846EDF7CAF8074628463E
:10DC0000F8F73EFE804601213846EDF7D7FD0420A7
:10DC1000F7F770F9606235A0616A08603846616A9A
:10DC2000EDF7D4FC00231C2231493846F7F7F6FF04
:10DC30004FF480413846F8F739F800231A462D4949
:10DC40004046F7F7EBFF00214046FCF772FF94F8DF
:10DC50002C00012819D0022818D0042802D0082846
:10DC600026D100E000BF2448B0F9002042F2640150
:10DC70003846FCF778FF42F264014046FDF78EF922
:10DC800001214046FCF750FE12E000BF42F2640260
:10DC90001948B0F900103846FCF765FF42F26401FC
:10DCA0004046FCF750FE01214046FCF73DFE00BF18
:10DCB00000BFF3F725FF06461EB139463046F3F79D
:10DCC00059FE00214046FCF71DFE03214046FCF7AB
:10DCD00016FF80214046F7F7E9FF4FF48061404688
:10DCE000F8F709FDBDE8F0876002002000000000A1
:10DCF00085660008657A0008620200202DE9F0417F
:10DD000004460D46164600BF00BF07480570074889
:10DD1000068021460648F8F73FFC07463846F8F7E4
:10DD2000B0FC3846BDE8F0816002002062020020AD
:10DD3000B4C103082DE9F04107460E46344694F875
:10DD40002C0000F00C0070B1002509E0616A51F868
:10DD50002500F7F79DF90020616A41F825006D1C48
:10DD6000208DA842F2D894F82C0000F0030080B176
:10DD700000250BE06A00616A51F82200F7F788F984
:10DD800000206A00616A41F822006D1C208DA842C3
:10DD9000F0D8606AF7F77CF900206062BDE8F08196
:10DDA0002DE9F04781460C4621460E48F9F7ACF9BB
:10DDB0000646012E01D0BDE8F0872046F2F7B1FFFC
:10DDC00005462046F3F70EF80746292D08D13846B8
:10DDD00000F011F8804600224146384600F018F85D
:10DDE00000BFE8E7B4C1030810B50446012120468E
:10DDF000F9F7AFF910BD014600BF00BF0A46508DCC
:10DE0000704710B5044600212046F9F7A2F910BD6D
:10DE10002DE9FC5F80460C46934600BF00BF464696
:10DE2000308DA04201D8308D441E4046FDF708F9E0
:10DE30004046FFF7D9FF05460DB9BDE8FC9F4FF0FE
:10DE4000000A41F6150251462846FAF70BFE0090EB
:10DE5000009807B200BF2846F9F71BFA8146002157
:10DE60004046FAF776F9012808D007EB090060432D
:10DE700001B25A462846FCF7BFFC0BE0C4F1000A89
:10DE800007EB090000FB0AF001B25A462846FCF7EE
:10DE9000B3FC00BF4046FFF7B4FF0190A1B280225F
:10DEA0000198EDF741FB748500BFC6E72DE9F34704
:10DEB00092B0074600BF00BF3C4613981090002068
:10DEC000119010AD29463846E6F7B2FF0646012EFE
:10DED00002D014B0BDE8F08794F85C00C0F3C00035
:10DEE00040B113980A2802D013980D2802D100BF20
:10DEF00000BFEEE7002113A8414A1268904781460F
:10DF000049463846D9F70AF810B900BF00BFE0E724
:10DF100094F85C00C0F3800010B1384603F09CF91F
:10DF2000A06A50B1606AF5F7D5FF804698F8000006
:10DF300010B93846FBF7B7FB00BF2A46216C606A70
:10DF4000F5F7DAFF384600F025F994F85C00C0F3E5
:10DF50008000002844D0E06AD2F734FC824628468C
:10DF6000D2F730FC504400F101084146E06AF7F76F
:10DF7000E3F8E06200BFE06A18B900BF00BF00BF6D
:10DF8000FEE700BFE06A00B9A3E72A46216CE06A19
:10DF9000D7F756F8208F18B9384603F05DF91FE01F
:10DFA0006846EBF793FC21466846EBF746FD1549BA
:10DFB0006846EBF714FD218F6846EBF724FD01223C
:10DFC00000216846EBF731FD0F496846EBF70BFD82
:10DFD0000E496846EBF70DFD6846EBF741FD00BFC3
:10DFE000384600F0F5FA00F101084146384600F0E5
:10DFF00021FB00221C213846F2F7FAFE00BF68E739
:10E00000D802002011130308B7990108131303085D
:10E010002DE9F04391B006460D4600BF00BF00BF9A
:10E020001DB900BF00BF00BFFEE700BF344694F833
:10E030005C00C0F3800010B1304603F00DF93046AB
:10E0400000F0C0FA18B9304600F0C8FAC8B1002094
:10E0500010900FE010A92846484A12689047804661
:10E060004046474909688847814649463046FFF798
:10E070001DFF00BF1098285C0028EBD111B0BDE84F
:10E08000F08329463046E6F7D3FE0746012F00D03D
:10E09000F4E7A06A50B1606AF5F71CFF804698F873
:10E0A000000010B93046FBF7FEFA00BF2A46216C8B
:10E0B000606AF5F721FF304600F06CF894F85C00D8
:10E0C000C0F38000002844D0E06AD2F77BFB814691
:10E0D0002846D2F777FB484400F101084146E06A40
:10E0E000F7F72AF8E06200BFE06A18B900BF00BF86
:10E0F00000BFFEE700BFE06A00B9BFE72A46216C17
:10E10000E06AD6F79DFF208F18B9304603F0A4F8D7
:10E110001FE001A8EBF7DAFB214601A8EBF78DFC25
:10E12000184901A8EBF75BFC218F01A8EBF76BFC0A
:10E130000122002101A8EBF778FC134901A8EBF7B5
:10E1400052FC124901A8EBF754FC01A8EBF788FC3C
:10E1500000BF304600F03CFA814628460C49096869
:10E16000884709EB00084146304600F063FA002278
:10E170001C213046F2F73CFE00BF7FE7D8020020AA
:10E18000D002002011130308B799010813130308E4
:10E19000E802002070B5054600BF00BF2C46606A4B
:10E1A000F5F7A4FE4FF6FF71884206D1606AF5F7D5
:10E1B00097FE4FF6FF71884209D04FF6FF71606AF3
:10E1C000F6F70AFC4FF6FF71606AF6F7FAFB70BDCE
:10E1D0002DE9F04107460C46254695F85C0020F0F5
:10E1E000040085F85C000020E86240F2DC502887DB
:10E1F0000020286368635020405D20F00100401C2F
:10E2000050214855012129645020405D20F0020032
:10E21000801C502148550020A88795F85C0020F00C
:10E22000080085F85C0095F85C0020F0020085F895
:10E230005C0000206862A8622046F5F729FB68624E
:10E240006420FCF793FF06463146686AFCF7A6FE99
:10E250000BA1686AF6F724FB00231A460949686A8D
:10E26000F7F7DCFC4FF480612046F7F71FFD002133
:10E27000204600F0DFF9204604F0B4FABDE8F08152
:10E2800000000000F75801082DE9F84F054600BFCF
:10E2900000BF2C46284600F09BF980466A4641465E
:10E2A000606AF5F713FD00212846FAF74CFD064693
:10E2B00000212846FAF7D3FC81464846F2F7D8FFFA
:10E2C0000746BDF80210B819401C084400B2ADF86A
:10E2D0000200A08FADF80000606AF9F74FF8BDF9B1
:10E2E000021088420DDD6946606AF5F7BBFB824685
:10E2F000B4F93C805146284600F09CF9A4F83C80D3
:10E3000000BFBDE8F88F70B5054600BF00BF2846C6
:10E3100000F05EF9044624B1641E2146284600F050
:10E3200089F970BD70B5054600BF00BF284600F0F2
:10E330004FF90446641C2146284600F07BF970BD65
:10E340002DE9F84F044600BF00BF2546204600F0E7
:10E350003FF983462C466A465946686AF5F7B6FC8B
:10E3600000212046FAF7EFFC064600212046FAF786
:10E3700076FC81464846F2F77BFF0746BDF802105F
:10E38000B819401E081A00B2ADF80200A88FADF807
:10E3900000006946686AF5F765FB8246B5F93C807E
:10E3A0005146204600F046F9A5F83C80BDE8F88FBC
:10E3B0002DE9F843054600BF00BF2C46276C0FB976
:10E3C000BDE8F8832AA00068009069462846E6F771
:10E3D0002FFD0646012E00D0F2E7606AF5F77AFDC0
:10E3E0008146206C411E01224846D6F751FD494620
:10E3F000606AF6F755FA2846FFF7CCFEA06A50B1DE
:10E40000606AF5F767FD804698F8000010B9284665
:10E41000FBF749F900BF94F85C00C0F38000D0B16D
:10E42000226C511E0122E06AD6F732FDE06AD2F773
:10E43000C9F900F101084146E06AF6F77DFEE062A5
:10E4400000BFE06A18B900BF00BF00BFFEE700BF11
:10E45000E06A00B9B4E7206C411E284600F0EAF8F3
:10E4600000221C212846F2F7C3FC00BFA8E70000E9
:10E470007F00000070B5054600BF00BF284600F0D1
:10E48000A7F80446611C284600F0D4F8284600F09E
:10E490009FF8A04202D02846FFF78AFF70BD70B5F2
:10E4A00006460D462C46E06A20B1E06AF6F7F0FD1C
:10E4B0000020E062A06A20B1A06AF6F7E9FD002022
:10E4C000A06270BD2DE9F04781460E4631463C48BA
:10E4D000F8F71AFE0746012F01D0BDE8F087304655
:10E4E000F2F71FFC05463046F2F77CFC80460E2D05
:10E4F00003D1404604F076F960E00D2D47D1304657
:10E50000F2F76DFC0468132C03D14046FFF70AFFB5
:10E510003CE0142C03D14046FFF7F5FE36E0112C09
:10E5200003D14046FFF70CFF30E0122C03D14046E8
:10E53000FFF7AAFE2AE0082C03D14046FFF738FF78
:10E5400024E07F2C03D14046FFF794FF1EE0022C0D
:10E5500004D10021404600F06DF817E0032C05D1EE
:10E5600047F6FF71404600F065F80FE00A2C09D12C
:10E57000404600F039F828B100221F214046F2F74A
:10E5800037FC03E021464046FFF790FC16E0012DE2
:10E5900005D0022D03D0032D01D0082D03D1304624
:10E5A00008F09DFA0AE0152D03D13046DEF7E0FEB3
:10E5B00004E0182D02D13046DBF766F900BF8CE786
:10E5C00040FB0308014600BF00BF0A46106B7047BE
:10E5D000014600BF00BF0A46106C7047014600BFED
:10E5E00000BF0A46506B7047014600BF00BF0A4695
:10E5F00092F85C00C0F3C000704770B5054600BFDC
:10E6000000BF2C4694F85C00C0F3800020B9606A1B
:10E61000F5F760FC064600E0E66A304670BD10B5CE
:10E6200000BF00BF024650239B5C61F341035024AE
:10E63000A35410BD2DE9FC5F80460C4600BF00BF0F
:10E640004546286CA04201D1BDE8FC9F686AF5F7F9
:10E6500041FC3A490090096888470646002C00DAD8
:10E660003444B44203DC47F6FF70844200D13446A0
:10E670002C644046FCF7E4FC00214046FAF7EFFA30
:10E68000834601AA2146686AF5F720FB5846F2F74F
:10E69000EFFD07464046F9F761F8BDF906108842DC
:10E6A00005DDBDF9061001224046FCF7C1F84046E1
:10E6B000F8F7D0FD81464046F9F750F8BDF906104D
:10E6C0003944081A484509DDBDF80600A0EB0900E9
:10E6D000384401B201224046FCF7AAF84046F8F758
:10E6E00043FFBDF90410884205DDBDF90410012285
:10E6F0004046FCF781F84046F8F7CBFD824640469D
:10E70000F8F732FFBDF904103944081A504509DD05
:10E71000BDF80400A0EB0A00384401B201224046D3
:10E72000FCF76AF8BDF80400A887404604F05AF8E0
:10E73000404602F00BFE00BF86E70000E802002022
:10E740002DE9F04105460E4600BF00BF2C4694F867
:10E750005C00C0F3C000B04201D1BDE8F08106B357
:10E7600094F85C0020F00800083084F85C0042F265
:10E77000D171606AFCF712FC6420FCF7F7FC0746D5
:10E7800000223946606AFCF7B7FB42F2D171284695
:10E79000FCF7D9F800231A4619462846FBF7FDFF77
:10E7A0001EE094F85C0020F0080084F85C0064200F
:10E7B000FCF7DCFC07463946606AFCF7EFFB0022F9
:10E7C0001146606AFCF798FB002241F204012846DA
:10E7D000FBF7A8FD00231A4619462846FBF7DDFF84
:10E7E00000BFBAE72DE9F04190B006460D4600BFE4
:10E7F00000BF00BF1DB900BF00BF00BFFEE700BFE4
:10E8000034463046FFF7C6FC3046FFF7DBFE18B94A
:10E810003046FFF7E3FE40B345A1606AF6F740F8E3
:10E8200047F6FF713046FFF705FF94F85C00C0F330
:10E83000800010B10020E16A087000200F900FE006
:10E840000FA928463B4A12689047074638463A497E
:10E8500009688847804641463046FFF727FB00BFDE
:10E860000F98285C0028EBD108E02946606AF6F78B
:10E8700017F847F6FF713046FFF7DCFEA06A48B193
:10E88000606AF5F727FB0746387810B93046FAF783
:10E890000AFF00BF94F85C00C0F3800000283FD05E
:10E8A0002846D1F78FFF471C3946E06AF6F744FC4B
:10E8B000E06200BFE06A18B900BF00BF00BFFEE71A
:10E8C00000BFE06A10B910B0BDE8F0812946E06AE7
:10E8D000D1F754FF208F18B9304602F0BDFC1FE07D
:10E8E0006846EAF7F3FF21466846EBF7A6F81349B6
:10E8F0006846EBF774F8218F6846EBF784F801223D
:10E9000000216846EBF791F80D496846EBF76BF884
:10E910000C496846EBF76DF86846EBF7A1F800BFC5
:10E9200000221C213046F2F763FA00BFCBE700005B
:10E9300000000000D8020020D002002011130308BC
:10E94000B79901081313030870B50446204600F078
:10E9500099F8054605B970BD00BF064A002120465A
:10E96000FBF70FFD00BF21462846D7F7B1FB00BFDC
:10E97000F1E70000FFFF0F0000B500F067F808B9ED
:10E98000002000BD0048FCE714C500202DE9FF4130
:10E9900004461E460A9D00F059F860B9002025493A
:10E9A00008704FF41270F6F7A5FA2349086008467C
:10E9B000006822490860EEF747FD0746EEF75CFD68
:10E9C000B0F5A07F03DC03201D4908700EE0EEF7D0
:10E9D0003BFD0746EEF750FDB0F5347F03DA022029
:10E9E0001749087002E00120154908701548C460F5
:10E9F000BDF804100182BDF80810418245618561AF
:10EA0000C56111480F4908600846066203F068FFB7
:10EA10002CB12046EEF78EFD0A49884202D1002033
:10EA2000FBF758FD012003490870064804B0BDE813
:10EA3000F0810000A2010020A0020020940100202B
:10EA40009801002014C500206D47030803480068A2
:10EA500008B1012070470020FCE70000A002002060
:10EA600038B50546284600F00DF8044614B1208A52
:10EA7000009003E01120FCF761FB0090BDF800104E
:10EA8000084638BD70B504461CB12046F8F72CFC8A
:10EA900001E0EEF7D9FC05462846EEF74BFD70BDC8
:10EAA00070B5044600F009F80546A54201D32C1BB9
:10EAB00001E064422C44204670BD10B509F0FEF818
:10EAC00010BD000070B505460C4642F264021146C6
:10EAD0002046FCF748F800231A4608492046F7F775
:10EAE0009DF880212046F7F7E1F803212046FCF746
:10EAF00006F803212046FCF70FF870BD59590308AA
:10EB00002DE9F04781460C462046F8F787FC804601
:10EB100042F2640211462046FCF725F82046FCF735
:10EB20008FFA4046F8F796FB10490988484306B229
:10EB30004046F8F7AEFB0E490988484307B2324613
:10EB400039462046FBF7BDFF25460A48007885F880
:10EB500024000748006838B90448006820B905480F
:10EB600001784046FBF7BCFFBDE8F0876C0200204F
:10EB700068020020640200202DE9F04105460E469F
:10EB8000174600240F48D5F761FE044600BF1CB9A4
:10EB900000BF00BF00BFFEE700BF14B90020BDE802
:10EBA000F0812660A5604FF0FF3020610020606199
:10EBB000FFF783FF6060E76001200349087020468B
:10EBC000EDE7000060C50020BB02002010B5044640
:10EBD00021460548D5F786FE0120044908702046E5
:10EBE000F6F756FA10BD000060C50020BA020020FA
:10EBF0000149087070470000B802002070B5044653
:10EC0000207D00F0010008B1002070BD00252046E5
:10EC100000F0D9F888B926692069002802DD20694A
:10EC2000401E2061FFF749FF6060A06818B116B16F
:10EC30002046A1688847012500BF0548007820B913
:10EC4000206910B92046FFF7C1FF2846DDE7000024
:10EC5000BA0200202DE9F0414948007810B10120A6
:10EC6000BDE8F0810120464908704648007818B98F
:10EC7000002008700120F3E7FFF71FFF074667B980
:10EC800041480068401C4049086008460068642804
:10EC900003D90020086000BF00BF00BF00203B492F
:10ECA00008703B4908703B48D5F79DFD3A4908601C
:10ECB00013E0394801683748D5F7ADFD04463648BA
:10ECC0000068FFF79BFF30B13148007810B92F483A
:10ECD000007800B105E0304804602F480068002843
:10ECE000E7D100BF2C4800680028D7D1461E29482C
:10ECF000D5F779FD044610E0207D00F0010038B919
:10ED0000204600F060F88046B04500D2464600BF7D
:10ED100021462048D5F77FFD0446002CECD138462B
:10ED2000FFF7BEFE1D49096808441C4908601C48DD
:10ED30000068FFF7B5FE0546B5F5FA7F1AD3174808
:10ED4000006864214843B0FBF5F016490870084696
:10ED50000078642801DD002003E012480078C0F14B
:10ED600064001049087000200C490860FFF7A5FEF8
:10ED70000B490860002002490870304670E7000027
:10ED8000BC020020B8020020C8020020BA02002005
:10ED9000BB02002060C500209C020020C4020020AD
:10EDA000C0020020B902002001214161704710B566
:10EDB0000446FFF782FE2168401A401E606010BDC5
:10EDC00000214161704770B504466068FFF768FE36
:10EDD00005462068A84201D8002070BD2068401B6D
:10EDE000FBE72DE9F04707460C46164600F0ADF864
:10EDF0008046A6EB08000421D6F751FE0546E11730
:10EE000004EB91718910A4EB810121B100BF00BF17
:10EE10000020BDE8F0870C2D02D3B5F5803F03D963
:10EE200000BF00BF0020F4E76FF00301204601F0AF
:10EE3000B1FA814629464846D7F735FB4846D7F709
:10EE400023FB4846D7F72AFB49463846D7F701FA4D
:10EE50004846D7F724FA824600215046D7F723FBCD
:10EE60005046D7F726FB5046D7F713FB2046D0E78E
:10EE700010B50446E11704EB91718910A4EB8101F0
:10EE800019B100BF00BF002010BD2046D8F742FED8
:10EE90002046F9E72DE9F04104460D462046FFF7EC
:10EEA000E7FF064600F0BEF82F1A00F0BBF800EBB3
:10EEB00004083A4641463046FFF793FF3046BDE826
:10EEC000F0812DE9F04105460C4604B32F4620465B
:10EED000D7F7BBF9064600BF3046D7F7CCF918B1D3
:10EEE00000BF00BF00BFFEE700BF3046D7F70AFAF9
:10EEF00031463846D7F747FA064631463846D7F7FF
:10EF00001BFA064631463846D7F7A3F900BFBDE8DD
:10EF1000F08100B5014600F085F8084400BD2DE9F8
:10EF2000F04104460D46264604212846D6F79FFDAB
:10EF3000074639463046D7F7BBF980463A46414640
:10EF40003046D7F764FABDE8F081082070472DE914
:10EF5000FE4F80460C461546C2464FF000092CB1C4
:10EF600025B921464046FFF7ACFF58E02CB92946A9
:10EF70004046FFF7D4FF814651E02046D7F765F9B8
:10EF800002900298D7F727FA01900298D7F796FADD
:10EF900006460198D7F792FA3044001D00900421EC
:10EFA0002846D6F764FD074600BF0298D7F763F9F5
:10EFB00018B100BF00BF00BFFEE700BFB7421ED9B7
:10EFC0000198D7F758F910B10098874217D9294608
:10EFD0004046FFF7A4FF8146B9F1000F1ED0AE42B4
:10EFE00001D2304600E0284683465A46214648462C
:10EFF000F6F7D7F821464046FFF763FF0EE0B74229
:10F0000006D950460299D7F797F90298D7F787F9AA
:10F010003A4650460299D7F7CAFAA14600BF484679
:10F02000BDE8FE8F40F23C50704700002DE9F05FD4
:10F0300007460D4616460DB1284600E014488046A6
:10F040006FF00301384601F0A5F9044617E02046A9
:10F05000D7F711F908B9012000E0002081462046C9
:10F06000D7F72CFA82462046D7F777FA83463346FD
:10F070004A465146C0472046D7F7ADF9044624B169
:10F080002046D7F7FDF80028E1D0BDE8F09F00004A
:10F090003781000810B5044604F15A0000B200F0B0
:10F0A00009F810BD10B5044604F15A0000B200F092
:10F0B00001F810BD014600204FF4B47291FBF2F349
:10F0C00002FB1311002902DA01F5B47211B25A29B8
:10F0D00003DA134A32F9110020E05A2908DBB42977
:10F0E00006DAC1F1B40211B20D4A32F9110015E08D
:10F0F000B4290BDBB1F5877F08DAA1F1B40211B2B4
:10F10000074A32F81120524210B207E0C1F5B4723A
:10F1100011B2034A32F81120524210B27047000077
:10F12000E4F803082DE9FF4F85B08346139CBBF13B
:10F13000000F02D09BF8000018B9002009B0BDE80C
:10F14000F08F069808B90020F8E7129800F0020046
:10F1500010B141F6FF7008904FF0000800200490B5
:10F1600003900025814600268246471E019004A98F
:10F170005846444A1268904705460498039065E053
:10F1800003A958463F4A1268904781460AF1010A8E
:10F19000129800F0010050B129461498D5F780FF6D
:10F1A00028B1DDF81080039804904D464EE04A46A1
:10F1B00029460698F2F735F800B2029002983044DA
:10F1C00006B20298002802DD0798304406B2781C87
:10F1D00040B90798311A0898814203DD4746AAF1E1
:10F1E000010001900A2D1DD00D2D1BD028460022B4
:10F1F000B0F59C4F05D349F6A573984201D8012379
:10F200000FE0002107E020A35B5C834201D10122D3
:10F2100005E04B1CD9B21CA35B5C002BF3D100BFF3
:10F2200013464BB1B8F1000F03D1781C08B904B1F3
:10F230002660AAF1010A0DE014B1781C00B926601D
:10F24000DDF81080039804904D4600BF1BF80800BD
:10F25000002895D100BF781C58B9BAF1000F04D02E
:10F260000D2D04D1B9F10A0F01D1DDF8108040460F
:10F2700064E7159808B1384660E70CB100202060BB
:10F2800000205BE7D8020020202C2E3B3A2D5F00A7
:10F290002DE9FF4F83B004460E469046DDF848B096
:10F2A000DDF8409000202080608016B907B0BDE8EE
:10F2B000F08FB8F1000F00D1F8E70BF0020010B1A9
:10F2C00041F6FF7011900025AA4600BFB8F808006B
:10F2D00087B231E00020CDE9000B70194146119B47
:10F2E000069AD5F717FE8244B4F902003844484420
:10F2F000B0F5004F02D300BF00BFD7E760883844A5
:10F3000000B260806088484400B26080AAEB0501CA
:10F310007019CDF800B04246069B00F02BF8029021
:10F32000B4F900100298814201DA029801E0B4F9C0
:10F3300000002080554600BF705D0028CAD16DB125
:10F34000681E305C0A2803D0681E305C0D2805D189
:10F35000608807EB0901084400B26080608810B93A
:10F3600038B2608004E06088A0EB090000B26080E1
:10F3700000BF9BE72DE9FF4705460E461746984616
:10F38000DDF830A01DB9002004B0BDE8F0870FB94A
:10F390000020F9E7287808B90020F5E7002003905D
:10F3A0000024029046B31FE003AB6A4601A9284639
:10F3B000D5F794FD0AF0010028B102A80199D5F70C
:10F3C0006FFE00B110E03846DDE90021F1F729FFBA
:10F3D0000FFA80F9B9F1000F05DD04EB090004B262
:10F3E00004EB080004B200BF0398B042DCD3002C49
:10F3F00002DDA4EB080004B22046C5E708B50146CB
:10F40000802901D2084608BDB1F5006F11D2C1F3C1
:10F41000841040F0C0008DF8000001F03F0040F083
:10F4200080008DF8010000208DF802008DF80300A7
:10F4300033E0B1F5803F15D2C1F3033040F0E00076
:10F440008DF80000C1F3851040F080008DF80100B8
:10F4500001F03F0040F080008DF8020000208DF8A0
:10F4600003001AE0B1F5881F17D2C1F3824040F0C3
:10F47000F0008DF80000C1F3053040F080008DF8F9
:10F480000100C1F3851040F080008DF8020001F00A
:10F490003F0040F080008DF803006A461068B2E734
:10F4A00031B582B0029800F08000E8B1042202A9D0
:10F4B00001A8F5F7CAFF9DF8040000069DF80510A5
:10F4C00000EB01409DF8061000EB01209DF80710AD
:10F4D0004418002504E0E0B200B9240A681CC5B253
:10F4E000042DF8DB029400BF02983EBD2DE9F041E7
:10F4F00005460E46002400270CE028190949096832
:10F5000088478046B8F1000F01D0404600E0012056
:10F5100004447F1CB74202D2285D0028EDD120466A
:10F52000BDE8F081CC020020F8B506460C4600206C
:10F530000090002505E069463046044A126890476D
:10F540006D1C0098A042F6D32846F8BDD8020020D2
:10F5500038B5044600250020009005E069462046A5
:10F56000044A126890476D1C0098205C0028F5D171
:10F57000284638BDD802002008B5024600230020E6
:10F58000009001B969460868105C00F0800028B955
:10F590000868135C0868401C08608FE00868105C0D
:10F5A00000F0E000C02817D10868105CC006430DC9
:10F5B0000868401C08600868105C00F0C0008028E3
:10F5C00001D0002008BD0868105C00F03F00034433
:10F5D0000868401C086071E00868105C00F0F000EA
:10F5E000E02828D10868105C0007030C0868401C5C
:10F5F00008600868105C00F0C000802801D000207E
:10F60000E0E70868105C00F03F0003EB8013086837
:10F61000401C08600868105C00F0C000802801D021
:10F620000020CFE70868105C00F03F000344086842
:10F63000401C086042E00868105C00F0F800F02808
:10F6400039D10868105C4007C30A0868401C08608C
:10F650000868105C00F0C000802801D00020B1E7ED
:10F660000868105C00F03F0003EB00330868401CA2
:10F6700008600868105C00F0C000802801D00020FD
:10F68000A0E70868105C00F03F0003EB80130868F7
:10F69000401C08600868105C00F0C000802801D0A1
:10F6A00000208FE70868105C00F03F000344086802
:10F6B000401C086002E00868401C0860184681E7AA
:10F6C0002DE9F84306460C4600272068401E2060BE
:10F6D00000BF042F02DB0020BDE8F88321688819F1
:10F6E0000D490968884705463DB9206818B120686A
:10F6F000401E206001E00020EEE7781CC7B2002D1C
:10F70000E7D02068009069463046044A1268904766
:10F7100080464046E0E70000CC020020D8020020EE
:10F720000146087800F0800008B901207047087889
:10F7300000F0E000C02801D10220F7E7087800F0CF
:10F74000F000E02801D10320F0E7087800F0F8008D
:10F75000F02801D10420E9E70020E7E77FB582B077
:10F7600004460D461646059833462A462146009023
:10F770000248D5F773FE06B070BD0000DB530008E9
:10F780002DE9F04782460C462046F7F747FE05462E
:10F790002846F7F7F3FD80462846F9F78AFB8146AD
:10F7A000424649462046FBF7DEF901212046FBF799
:10F7B000A9F82046F7F764F806461048B0F900208B
:10F7C00042F264013046FBF7CEF900213046FBF7E8
:10F7D00099F802231A4600213046FBF773F82046B9
:10F7E000F7F74EF8074601213846FBF79DF842F23D
:10F7F00064013846FBF7D2FBBDE8F08770020020B9
:10F800001CB5F3F701FEFBF7E5FCFBF70BFD064823
:10F81000012100238022CDE9001004A1064808F050
:10F820000DFA07F091FD1CBD040000207374617295
:10F83000745F7461736B00006D28030810B5D2F714
:10F84000A9FA0723022208214FF4A87004F028FF28
:10F85000A820D8F773FC4FF4E13007F039FAE9F744
:10F86000DDFCE5F757FF02F0C9FE002000F052FC76
:10F87000022000F04FFCFFF7C3FF002010BD70B561
:10F8800004460D46802229462046EBF739FE0646FF
:10F8900080212046EBF74EFA26B1802229462046E9
:10F8A000EBF742FE70BD00002DE9FF4F87B0054623
:10F8B00092461F46DDF850B0DDF858800898EAF708
:10F8C00017FF06900898EAF7A0FE059018980128FF
:10F8D00004D0022805D0032809D105E0DFF8D09034
:10F8E0000AE0DFF8D09007E0DFF8CC9004E000BF3A
:10F8F00000BF0BB0BDE8F08F00BFB8F1000F21D101
:10F9000000261BE0002411E005EB44000088039072
:10F9100007EB440000880290159A0399C8470490A9
:10F9200005EB4400BDF810100180641C0698844269
:10F93000EADB05EB4A0507EB4B07761C0598864288
:10F94000E0DB33E000262EE0002422E018F804007B
:10F9500000B91DE018F80400FD2801DB159804E04B
:10F9600018F80400159948430012049005EB440070
:10F970000088029007EB440000880190049A0299E5
:10F98000C847039005EB4400BDF80C10018000BF90
:10F99000641C06988442D9DB05EB4A0507EB4B074C
:10F9A00017988044761C05988642CDDB00BFA0E7FF
:10F9B00081780008B3790008237900082DE9FF4F0A
:10F9C00085B005461F46DDF850900698EAF790FE90
:10F9D00083460698EAF719FE0490B9F1000F3DD16D
:10F9E0001398FD2814DB4FF000080DE04FEA4B029E
:10F9F00039462846F5F7D5FB079805EB40051298E0
:10FA000007EB400708F1010804988045EEDB79E137
:10FA10004FF000081EE0002412E005EB44000088CF
:10FA2000029007EB440000880190139A0299ECF7CA
:10FA300079FF039005EB4400BDF80C100180641CB5
:10FA40005C45EADB079805EB4005129807EB400799
:10FA500008F1010804988045DDDB53E11398FD2887
:10FA60007DDDABF1040003904FF000080EE14E463F
:10FA700000241FE03078D8B13078FF2806D105EB9C
:10FA8000440007EB44010988018011E0327805EB5E
:10FA900044000088019007EB440000880090019921
:10FAA000ECF740FF029005EB4400BDF80810018020
:10FAB000761C641C5C4503DA06F003000028D9D1EB
:10FAC000B246B1E0DAF8000000281ED0DAF80000F3
:10FAD000401CD8B905EB440007EB440109880180BC
:10FAE000601C05EB400107EB400000880880A01C6B
:10FAF00005EB400107EB400000880880E01C05EBA7
:10FB0000400107EB4000008808808AE056463078C4
:10FB1000D8B13078FF2806D105EB440007EB44014B
:10FB20000988018011E0327805EB440000880190DB
:10FB300007EB4400008800900199ECF7F3FE029077
:10FB400005EB4400BDF808100180761C307808B33E
:10FB50003078FF2809D1601C05EB400100E09AE0F5
:10FB600007EB40000088088014E03278601C05EB49
:10FB7000400000880190601C07EB40000088009066
:10FB80000199ECF7CFFE0290601C05EB4000BDF838
:10FB900008100180761C3078F8B13078FF2807D142
:10FBA000A01C05EB400107EB40000088088014E032
:10FBB0003278A01C05EB400000880190A01C07EBE8
:10FBC0004000008800900199ECF7ACFE0290A01C68
:10FBD00005EB4000BDF808100180761C3078F8B1C4
:10FBE0003078FF2807D1E01C05EB400107EB40000F
:10FBF0000088088014E03278E01C05EB40000088A3
:10FC00000190E01C07EB4000008800900199ECF7A0
:10FC100089FE0290E01C05EB4000BDF80810018051
:10FC2000761C0AF1040A241D03988442FFF64AAFA9
:10FC300056461FE03078D8B13078FF2806D105EB62
:10FC4000440007EB44010988018011E0327805EB9C
:10FC500044000088019007EB44000088009001995F
:10FC6000ECF760FE029005EB4400BDF8081001803F
:10FC7000761C641C5C45DDDB079805EB400512989B
:10FC800007EB40071598814408F101080498804566
:10FC9000FFF6EDAE36E04FF0000830E0002422E041
:10FCA00019F80400F0B119F80400FD2801DB1398DD
:10FCB00004E019F80400139948430012064605EBC6
:10FCC00044000088029007EB44000088324601900F
:10FCD0000299ECF727FE039005EB4400BDF80C10E9
:10FCE000018000BF641C5C45DADB079805EB40052A
:10FCF000129807EB40071598814408F10108049811
:10FD00008045CBDB09B0BDE8F08F2DE9FF4F85B012
:10FD100082460E461F46DDF848B0DDF85080D5F724
:10FD20009BF881463046EAF7E3FC04903046EAF758
:10FD30006CFC0390B8F1000F23D100251DE00024D6
:10FD400015E01398029007EB44000088ADF804001A
:10FD50007088284400B20090318821440BB2D9F851
:10FD60000000D0F81CC05146079AE047641C049874
:10FD70008442E6DB07EB4B076D1C03988542DEDB14
:10FD80002BE0002526E000241CE018F80400C0B198
:10FD900018F8040013994843000A029007EB440046
:10FDA0000088ADF804007088284400B200903188C3
:10FDB00021440BB2D9F80000D0F81CC05146079A74
:10FDC000E047641C04988442DFDB1598804407EB0D
:10FDD0004B076D1C03988542D5DB09B0BDE8F08F59
:10FDE0002DE9F04104460F469046802C06D20025AE
:10FDF0002046E11704EB91718E1009E0204605F0D2
:10FE000020FE0546681F24FA00F080F02006AD1F92
:10FE10003D60C8F80060BDE8F0812DE9F04104467E
:10FE20000D461646802C09D3204605F00AFE401FD9
:10FE3000012101FA00F0471E3C4400BF324629462A
:10FE40002046FFF7CDFFBDE8F0810246FD2901DB2A
:10FE500010467047022901DC0020FAE702FB01F09E
:10FE600000EBC01303EBC030C0F3C750F1E7000054
:10FE70002DE9F84305462846F0F7B4FF044620462E
:10FE8000F7F7CCFA80464046F7F7C8FA814648466D
:10FE9000EBF74EFD06463068009000214046F7F72C
:10FEA00058F9A04214D19DF80200012809D10C2074
:10FEB0008DF80200BDF80000401E80B2ADF80000D1
:10FEC0001AE09DF80200401E40B28DF8020013E0D7
:10FED0009DF802000C2809D101208DF80200BDF820
:10FEE0000000401C80B2ADF8000005E09DF8020063
:10FEF000401C40B28DF802009DF90220BDF80010B0
:10FF00004846EBF71DFD01214046F7F722F9074669
:10FF10009DF90200401E054951F82030BDF800202F
:10FF200003A13846F4F714FDBDE8F883D0010020A2
:10FF300025642025730000002DE9F843044620467F
:10FF4000F0F750FF07462046F0F74FFF804638464F
:10FF5000F0F71CFC05464046EBF7EAFC0646306825
:10FF60000090681C40B28DF802009DF90220BDF897
:10FF700000104046EBF7E4FCBDE8F8832DE9F047BC
:10FF800082460D4600212846F9F74CFD00212846FF
:10FF9000FAF7B8FC0023022219462846FAF792FC29
:10FFA0002846EAF797FE814600222FA14846FAF735
:10FFB00013FF6420002804DAC0F57A7141F400517F
:10FFC00001E040F400510CB221464846FAF7BBFC70
:10FFD0004846FBF735F84846F7F7D0F9064631466C
:10FFE0004846FAF7DBFF0023072220494846F5F789
:10FFF00015FE04214846F6F77EFB2846F3F748FC39
:020000040803EF
:10000000074603213846F4F709FC0022022138464E
:10001000FAF77FFF01213846FAF786FC2846EAF70F
:1000200059FE8046002212A14046FAF7D5FE32461C
:1000300031464046FAF797FD002307220B49404618
:10004000F5F7ECFD04214046F6F755FB00231C2292
:1000500008492846F5F7E2FD00221C212846F0F762
:10006000C7FEBDE8F0870000EF81930071FE020833
:10007000EF819400D57403082DE9F04180460C46C9
:100080002046F7F7CBF9054600212046F9F7CAFCD0
:1000900000212046FAF736FC2046F0F799FA06468A
:1000A000174801683046F0F76BFD2B461C221549B6
:1000B0003046F5F7B3FD01213046FAF735FC20460E
:1000C000F0F786FA0746104801683846F0F758FD01
:1000D0002B461C220D493846F5F7A0FD0121384674
:1000E000FAF722FC00231C2209492046F5F796FD69
:1000F00000221C212046F0F77BFEBDE8F0810000C5
:10010000040200202D8303080002002039FF0208AA
:100110002575030830B504460225084951F8241016
:1001200001FB05F2064951F82400002100F02AF8ED
:10013000012103480C30015530BD0000D8B9030837
:100140009000002010B501460023002207E00B4874
:1001500050F8210030F8120000B15B1C521C084816
:1001600050F821009042F2D84FF47A705843044C72
:1001700054F82140B0FBF4F080B210BD9000002094
:10018000D8B9030830B5034601E003F8011B141E7B
:10019000A2F10102F9D130BD70B50446254615F82B
:1001A0003C0F00F00300401C032190FBF1F201FB27
:1001B0001200297860F3010105F83C19204601F08E
:1001C00007FA2046F9F76FFA70BD000070B50446D3
:1001D0000C48006808B9002070BD14B90A480068CE
:1001E000FAE70CB90020F7E72046E1F741FF0546A2
:1001F000601906490968884201D30020ECE76019BC
:10020000EAE7000058010020A80200205C0100205D
:1002100037B5034601B93EBD08461D682D1D28446B
:10022000024602AC2568156000BFF4E737B5034607
:1002300001B93EBD08461D682844024602AC256847
:10024000156000BFF5E72DE9F05F0446002221218B
:100250002046F0F7CDFD8246BAF1000F01D1BDE88E
:10026000F09F00212046F6F774FF804607E04046E5
:10027000FFF7E9FF00212046F6F76BFF8046B8F153
:10028000000FF4D12046F7F76FF881460020F2F70F
:10029000F3FE07461DE0786AA04202D0B86AA04289
:1002A00003D121463846F2F7DBFF386BA04201D17B
:1002B00000213963386D484507D1F2F7EBFEA042C3
:1002C00003D121463846F2F7CBFF3846F2F7D4FE89
:1002D0000746002FDFD12046D4F74CFB606840BBB7
:1002E0002046F7F701F80546002606E0E86850F8D2
:1002F0002600A04200D103E0761C686AB042F5D81F
:1003000000BFB3465E4606E0701CE96851F8200065
:1003100041F82600761C686A401EB042F4D8686A2C
:10032000401E68626A6A9100E868F4F705FFE860B9
:100330002BE02046F7F72BF8064635460BE06068C1
:1003400080680168681C51F8200061688968096844
:1003500041F825006D1C606880684068401EA84216
:10036000EDD8606880684068401E616889684860B0
:100370006268926852689100626892681068F4F747
:10038000DBFE61688968086000BF2046F4F780FEE4
:1003900000BF64E7024650187047F0B5DDE9055428
:1003A000012B0BDC032805D0042802D0052803D13B
:1003B00000BF00BF022000E000BF00BF062842D2FD
:1003C000DFE800F0410F03332017002626808E1A45
:1003D00006EBD677B5F800C00CEB67073FB22F806D
:1003E00034E0002626802E888F1A3E4436B22E80B6
:1003F0002CE08E1A37B25E1E36B297FBF6F636B296
:10040000268023E08E1A36B296FBF3F627883E4408
:1004100036B22680B4F9006006EBD677B5F800C096
:100420000CEB67073FB22F8010E08E1A37B25E1CCC
:1004300036B297FBF6F636B226802E8827883E44E1
:1004400036B22E8002E00026268000BF00BFF0BD3D
:100450002DE9FF4F81B005460C461646049870B151
:100460002088A0EB660000B2208020883044401E27
:1004700000B2A080E88A6080688BE0800DE0608830
:10048000A0EB660000B2608060883044401E00B27D
:10049000E080A88A2080288BA0804FF44031284635
:1004A000F8F733F981464FF440312846F8F7D6F98A
:1004B00082464FF440312846F8F7A0FA83464FF4BD
:1004C00040312846F8F744F800904FF44031284670
:1004D000F8F77AFC80464FF440312846F8F75AFC8A
:1004E0000746208809EB0801401A00B22080A08846
:1004F0000AEB0801084400B2A08061880BEB0700FA
:10050000081A00B26080E2880099C819104400B24D
:10051000E08005B0BDE8F08F2DE9F84F05462C4688
:100520002846E2F72CF906460EB9BDE8F88F3046AA
:10053000F6F724FF83462846F6F78CFE834500DC59
:10054000F3E700213046F8F75AFB00900098F0F7E7
:1005500083FE074600213046F8F7C1FB804607EBD3
:1005600008000FFA80F9E08E00FB09F00FFA80FA1C
:1005700000225146606AFAF75BF9606AF9F793F86E
:1005800000BFD2E72DE9F04105460E46294807682D
:1005900000202949096881F8590027480068001D92
:1005A00006F0B2FB50B92448006890F82C100120E6
:1005B000884022490968814320480160681CD8B9F5
:1005C000D6B11F4948681C49096888601A49826881
:1005D0000968CA6018490968091D8268516016498E
:1005E0000968091D8160164A134909684A61114664
:1005F0000968491C11601AE07C190F4800684460C2
:10060000BC4207D20C480168091D0E48006806F07C
:100610009FFB0CE008480168091D0B48006806F0C4
:1006200097FB0A480068844201D208480460BDE88C
:10063000F0810000B4000020A0000020B8000020DD
:10064000D05C0020A8000020A4000020D0000020E2
:1006500010B5044606F0A2FB31480068401C304942
:1006600008603048006840B92E48046008460068B9
:1006700001280DD100F016FA0AE02B48006838B9BD
:1006800028480068C06AE16A884201D825480460A9
:1006900026480068401C25490860084600686064D8
:1006A00094F82C100120884021490968084320490A
:1006B0000860E16A01EB81011E4A02EB8101486892
:1006C000A0608268E260211D826851608160E16AF9
:1006D00001EB8101174A02EB81026261E16A01EBE1
:1006E0008101144A52F82110491CE26A02EB82028D
:1006F000104B43F8221006F09DFB0B48006868B1D0
:1007000008480068C06AE16A884207D24FF080500A
:1007100009490860BFF34F8FBFF36F8F10BD000012
:10072000B0000020A0000020BC000020CC00002071
:10073000B8000020005A002004ED00E010B506F0DB
:100740002DFB10480068D0B90F4806F0F1FA0F48A9
:1007500006F0EEFA0C480E4908600C480D49086096
:1007600000221021052007F07DF8064908600846A0
:10077000006820B108A10348006806F01BFC06F0E1
:1007800059FB10BDE8000020E45C0020F85C00206C
:10079000E0000020E4000020546D725100000000D1
:1007A00010B516E006F0FAFA0C48C068C468201DBF
:1007B00006F0AAFA0A480068401E0949086009487C
:1007C0000068401E0749086006F034FB204600F030
:1007D0005FF8044800680028E4D110BDBC5C00202C
:1007E000B0000020AC00002070B504460D46206C1F
:1007F00070B1216CE0680144E160D4E902108842E4
:1008000001D32168E1602846226CE168CFF7F9FF47
:1008100070BD2DE9F04104460F4615464FF0000823
:10082000A66B206C48B9206800282CD1A06807F07E
:100830003FFB80460020A06025E07DB93946226C50
:100840006068CFF7DEFF216C606808446060D4E91F
:100850000101884217D32068606014E03946226C99
:10086000E068CFF7CEFF216CE068411AE1602168B3
:10087000E068884203D2216CA068411AE160022D31
:1008800001D106B1761E701CA0634046BDE8F08120
:1008900010B50446206B06F00DFB204606F00AFB5F
:1008A00010BD00000146084A126812680AB9012208
:1008B00000E000220A600A6822B9034A1268D2687E
:1008C000106800E000207047E000002030B54FF4D1
:1008D0002053174800F007042CB1C01D20F007007A
:1008E000134C041B1B1B0246124C22600024114DAA
:1008F0006C60D018083820F007000F4C20600024EE
:100900000D4D2D686C600C4D2D682C601146441AFD
:100910004C60094C24680C60084D4C682C60084DF4
:100920004C682C604FF00044064D2C6030BD000038
:100930000C5D0020F4000020FC00002004010020D9
:10094000000100201001002000BFFFF729FF06482A
:1009500000680128F9D94FF0805004490860BFF3BE
:100960004F8FBFF36F8FF0E7005A002004ED00E0D7
:100970002DE9F04106460D4617469846069C0DB9EE
:10098000246000E02760E66325640121204606F02C
:10099000B1FF84F850800020A064BDE8F081000021
:1009A0002DE9F05F82460F4690469B460A9E0C9CBE
:1009B0004FEA8801A522206BCFF79AFFA8F101002A
:1009C000216B01EB800929F0070909F0070008B93C
:1009D000012000E0002028B94FF4587224A12DA076
:1009E000CFF756FD87B1002507E0795D04F13400AB
:1009F0004155785D00B902E06D1C102DF5D300BFA4
:100A000000214320015502E0002084F83400202E0C
:100A100001D2012000E0002028B940F2973214A151
:100A20001CA0CFF735FD202E00D31F26E662E6641A
:100A300000202065201D06F088F904F1180006F05A
:100A400084F92461C6F12000A06164620020606521
:100A500084F8580084F859005A465146484600F038
:100A60005FFC20600B9808B10B980460BDE8F09F14
:100A70002E2E5C2E2E5C4D6964646C657761726508
:100A8000735C4672656552544F535C7461736B734B
:100A90002E6300004572726F723A2025732C202558
:100AA000640D0A0010B5002407E004EB84010F4A2E
:100AB00002EB810006F03CF9641C202CF5D30C48B5
:100AC00006F036F90B4806F033F90B4806F030F91A
:100AD0000A4806F02DF90A4806F02AF9044809499F
:100AE000086004480849086010BD0000005A002052
:100AF000805C0020945C0020A85C0020BC5C00208E
:100B0000D05C0020A4000020A800002010B5014601
:100B1000164800E0006803688B42FBD30246436836
:100B200013448B4204D143684C682344436001461C
:100B30000A464B6813440468A34211D10C4C036865
:100B40002468A34208D04B680468646823444B605F
:100B500003681B680B6005E0054B1B680B6001E038
:100B600003680B60884200D0016010BDF4000020D3
:100B7000FC0000202DE9F04104460D4616461F46B4
:100B80004FF0000865602461B5420CD8F01BA169E4
:100B9000884202D34FF0010811E0211D0948006886
:100BA00006F0D6F80BE0BE4204D2BD4202D34FF0AD
:100BB000010804E0211D0448006806F0C9F8404619
:100BC000BDE8F081E4000020E000002070B505469B
:100BD00006F0E4F8A86B08B9012400E0002406F050
:100BE00029F9204670BD0000F1B50098846C0026FC
:100BF0002CB940F6D53220A128A0CFF749FCA06B34
:100C0000E16B884201D2012000E0002028B940F6C3
:100C1000D63219A121A0CFF73BFCA06BE16B884233
:100C200027D294F94550002269462046FFF7F1FD8E
:100C30000646681C60B9606A08B9012000E000201F
:100C4000B0B904F1240007F0BBF988B101260FE028
:100C50007F2D01D0012000E0002028B940F6F632B7
:100C600005A10EA0CFF714FC681C40B284F8450023
:100C700000BF3046F8BD00002E2E5C2E2E5C4D6964
:100C800064646C6577617265735C46726565525425
:100C90004F535C71756575652E6300004572726F08
:100CA000723A2025732C2025640D0A0070B5054684
:100CB0000E460E480068C068C468201D06F024F87F
:100CC00094F8280000F0040028B132462946204656
:100CD00000F0FEF805E094F8280000F0FE0084F82B
:100CE00028002046216A884770BD0000E0000020EF
:100CF00070B586B08AE0029800280CDA03AE2EB9EF
:100D000040F2063247A150A0CFF7C2FBD6E900203F
:100D1000B168904700BF0298002877DB049C6069A7
:100D200008B9012000E0002010B9201D05F0ECFFFB
:100D300001A800F0F9F8054602980A2864D2DFE815
:100D400000F06305072E365306082F3700BF00BF9B
:100D500000BF94F8280040F0010084F828000398B0
:100D6000A269811803462A462046FFF703FFA8B16F
:100D700094F8280000F0040038B10398A2698118A3
:100D80002A46204600F0A4F805E094F8280000F078
:100D9000FE0084F828002046216A884735E000BF1D
:100DA00094F8280000F0FE0084F828002DE000BF31
:100DB00094F8280040F0010084F828000398A0610E
:100DC000A06908B1012000E0002028B940F25932A2
:100DD00014A11DA0CFF75CFBA06941192B462A4640
:100DE0002046FFF7C7FE10E094F8280000F002004C
:100DF00018B9204606F05EF805E094F8280000F0E7
:100E0000FE0084F8280000E000BF00BF002202A915
:100E10001148006806F0ECFD00287FF46CAF06B0C6
:100E200070BD00002E2E5C2E2E5C4D6964646C65D6
:100E300077617265735C4672656552544F535C749A
:100E4000696D6572732E63004572726F723A202568
:100E5000732C2025640D0A00E8000020F8B5054633
:100E60000C4606F0D3FA684600F05EF80646009895
:100E700020BB44B9B54206D807F048F931462846A8
:100E8000FFF714FF1CE03CB10E480068006808B989
:100E9000012000E000200446A91B22460A48006801
:100EA00006F0CEF807F032F950B94FF080500749FC
:100EB0000860BFF34F8FBFF36F8F01E007F026F993
:100EC000F8BD0000E4000020E800002004ED00E090
:100ED00070B504460D46164604E0A0690544204658
:100EE000216A8847A06941192B4632462046FFF700
:100EF00041FE0028F1D170BD09480068006808B9BA
:100F0000012000E0002020B14FF0FF3005490860CB
:100F100005E003480068C06800680249086070473F
:100F2000A4000020D000002070B5044606F0C6FEE4
:100F3000054607480068854204D200F00BF80120FE
:100F4000206001E00020206001480560284670BD57
:100F5000F000002070B508E00D480068C068046823
:100F60004FF0FF312046FFF7A1FE094800680068F6
:100F700008B9012000E000200028EDD004480568F1
:100F800004480068024908600248056070BD00001E
:100F9000E0000020E40000200B480068401C08B975
:100FA000012000E0002020B9E92208A116A0CFF717
:100FB0006FFA00BF502080F31188BFF34F8FBFF34B
:100FC0006F8F00BF00BFFEE7140100202E2E5C2EA5
:100FD0002E5C4D6964646C6577617265735C467202
:100FE000656552544F535C706F727461626C655CDE
:100FF000525644535C41524D5F434D34465C706FD2
:1010000072742E63000000004572726F723A2025E0
:10101000732C2025640D0A0008B500BF6846FFF751
:1010200041FC044620460099FFF718FFFFF760FED9
:10103000F4E770B5044605F0B1FE94F9455019E0A7
:10104000A06C30B12046FFF7CFFD88B106F0FEF866
:101050000EE0606A08B9012000E0002038B904F110
:10106000240006F0ADFF18B106F0F0F800E003E050
:10107000681E45B2002DE3DC00BFFF2084F8450068
:1010800005F0D8FE05F08AFE94F9445010E020697E
:1010900008B9012000E0002048B904F1100006F072
:1010A0008FFF08B106F0D2F8681E45B200E001E0FB
:1010B000002DECDC00BFFF2084F8440005F0BAFEF0
:1010C00070BD00002DE9F04104464FF0000806F025
:1010D0009DF94948006808B9FFF7F8FB47480068E0
:1010E0002040002875D1002C23D004F10800A04234
:1010F0001FD9083404F0070000281BD004F00700B3
:10110000C0F108002044A04211D904F00700C0F14A
:101110000800044404F0070008B9012000E00020A2
:1011200040B99C2236A144A0CFF7B2F902E00024D6
:1011300000E00024002C4CD043480068844248D88A
:10114000424E3046056801E02E462D686868A04290
:1011500002D228680028F7D127480068854238D095
:10116000306800F10808286830606868001B1028A3
:1011700013D92F1907F0070008B9012000E000205B
:1011800020B9CF221EA12CA0CFF782F96868001BDE
:1011900078606C603846FFF7B9FC2B4968680968CD
:1011A000081A2949086008460068294909688842E0
:1011B00003D2254800682649086010496868096814
:1011C000084368600020286022480068401C2149CC
:1011D000086006F09BFF08F0070008B9012000E056
:1011E000002028B94FF4887205A113A0CFF750F959
:1011F0004046BDE8F0810000FC0000201001002006
:101200002E2E5C2E2E5C4D6964646C657761726570
:10121000735C4672656552544F535C706F727461B3
:10122000626C655C4D656D4D616E675C6865617093
:101230005F342E63000000004572726F723A202501
:10124000732C2025640D0A0000010020F40000200A
:1012500004010020080100202DE9F04F87B08046EE
:10126000C14699F85C00C0F38000002847D0D9F847
:101270002400F2F72FFE0690224906980968884755
:101280008246BAF1000F02D107B0BDE8F08F00210D
:101290004046F7F7E4FC0590002342F2220201A940
:1012A0000598EFF72CFF8346BBF1000F01D016A77E
:1012B00000E016A73846CFF785FA04460AFB04F18A
:1012C000481CF3F751FE0546002606E006FB0450D5
:1012D00022463946F3F765FF761C5645F6DB0021BA
:1012E00006FB04F029542946D9F82400F3F7D8FA6C
:1012F0002846F3F7B5FE404600F028F800BF00BFCF
:10130000C2E70000E8020020E280A2002A000000FC
:10131000704770B5044625682846FFF79DFF70BDED
:10132000001F4FF080730360001F21F00103036072
:10133000001F054B036014380260001F6FF00203AA
:101340000360203870470000990F03082DE9F04F23
:101350008FB00646344600213046F7F780FC0E90E9
:1013600000213046F7F7EFFC0D903046FDF730F9DD
:101370000C90606AF2F7AEFD81464846914A0C999E
:1013800012689047074609EB070000218E4A126851
:10139000904705460E98EFF76BFF0B901DB10A2D95
:1013A00001D00D2D07D1002220210E98EFF739FF33
:1013B0000FFA80FA06E0002229460E98EFF731FF77
:1013C0000FFA80FA0AAA606A0C99F2F77FFC606A49
:1013D000F2F780FD0190606A0021019AF5F7A4F808
:1013E0008346BDF92800616AB1F91410084400EB86
:1013F0000A01606AB0F91800814235DD94F85C009A
:10140000C0F3C00040BBBBF1030F2DD00020ADF8EE
:101410002800BDF82A200D990B980844104400B20A
:10142000ADF82A0065B109EB0700684909688847EB
:10143000074409EB07000021634A126890470546FC
:101440001DB10A2D01D00D2D07D1002220210E98AB
:10145000EFF7E7FE0FFA80FA06E0002229460E9821
:10146000EFF7DFFE0FFA80FAE7644FF4E021304631
:10147000F6F70AFF80464FF4E0213046F7F7E5FA29
:10148000404400B209904FF4E020019041F611026F
:1014900030460199F7F7E6FA00900098404400B210
:1014A00008904FF4E0213046F7F756F9404400B277
:1014B00007904FF4E020019041F613023046019965
:1014C000F7F7D0FA00900098404400B20690BDF8BB
:1014D00028100798081A00B2ADF81000BDF82A10BD
:1014E0000998081A00B2ADF81200BDF82810069845
:1014F00008445044401E00B2ADF81400BDF82A1054
:10150000089801440B980844401E00B2ADF816003C
:1015100004F1440102A8E9F75AF8BDF80800616A2D
:10152000898A084400B2ADF80800BDF80A10606A64
:10153000C08A084400B2ADF80A00BDF80C00616A28
:10154000898A084400B2ADF80C00BDF80E10606A3C
:10155000C08A084400B2ADF80E0002A93046F8F780
:10156000DCF804A904F14400E9F731F804F144017E
:1015700002A8E9F72CF8BDF80800616A898A0844D6
:1015800000B2ADF80800BDF80A10606AC08A0844CD
:1015900000B2ADF80A00BDF80C00616A898A0844FF
:1015A00000B2ADF80C00BDF80E10606AC08A0844A5
:1015B00000B2ADF80E0002A93046F8F7AEF80FB051
:1015C000BDE8F08FE0020020D8020020CC0200200D
:1015D0002DE9F04704462046E3F747FD254620461F
:1015E000F7F767FC064600212046F6F764FD8146C2
:1015F000A6EB090000EBD07149100FB22046E0F7CE
:101600000AFC80460FFA88F0FDF754FD10FB07F046
:10161000C01300B228850FFA88F0FDF73BFD10FBE0
:1016200007F0C01301B26985304606EBD0712A8DF0
:1016300002EB610109B2298506EBD0714A10698D70
:1016400011440AB26A852046E3F70FFDBDE8F08732
:101650002DE9F34F97B007463846E1F79CF8054669
:1016600015B919B0BDE8F08F2846F2F733FC824671
:10167000524600212846F4F757FF16901698012885
:1016800028D0022802D0032829D113E03846F5F7E4
:1016900000FE82462846F7F70CFCAAEB00001090EB
:1016A00000EBD070401000B201460F902846F9F7C9
:1016B0008EFC14E03846F5F7ECFD82462846F7F735
:1016C000F8FBAAEB000000B2014610902846F9F79B
:1016D0007EFC04E000212846F9F779FC00BF00BF3A
:1016E000BB4600213846F7F7A2FA1590002138468C
:1016F000F7F70FFB14901598EFF7B6FD80463846C4
:10170000F5F7A8FD81464FF0000A6522514638469C
:10171000F7F7A8F91090109884B2189800B114B98E
:101720003846E3F70FFABBF826001390149808EB3D
:1017300000011398414308B21290494609EBD17257
:101740005210404608EBD073A2EB630212B2119222
:10175000DDE91120101A06B2189800B144B91549F4
:101760002846E8F76BF831462846F9F749FC1FE0B0
:1017700001A8E8F7ABF800BF019500BF0D48029043
:1017800000BF2846F7F7C1FB8246CDF820A0CDF870
:1017900024A00A9600BF00BF0B9400BF0648049027
:1017A00000BF0648079000BF01A8E8F759F900BF3D
:1017B00000BF56E759220308551B03084799010843
:1017C0002DE9F04F8BB006460F4635464FF4A02169
:1017D0003046F6F7B4FF81464FF4A0213046F7F7C4
:1017E00057F882464FF4A0213046F7F721F9834697
:1017F0004FF4A0213046F6F7C5FE0A904FF4A02121
:101800003046F7F752FA09904FF4A0213046F7F727
:101810008DFA08904FF4A0213046F7F714FA07909C
:101820004FF4A0213046F6F7C3FD06904FF4A021F7
:101830003046F6F7B0FD80463C462DE00A98CDE9EB
:1018400002ABCDF8049004900898A1B20090304605
:10185000099B079AE1F760FAE96A21F81400E86A3F
:1018600030F91400404503DAE86A30F9140000E06A
:1018700040460699884201DA069809E0E86A30F99C
:101880001400404503DAE86A30F9140000E04046ED
:10189000E96A21F81400641CE88CA042CED83046D6
:1018A000F8F7ADFC0BB0BDE8F08F2DE9F04105462F
:1018B0002846F5F76CFC0646002412E0A86800688C
:1018C00050F824703846F7F7EEFE00222A213846F9
:1018D000EFF78EFA3846F7F7E6FE3846FFF7E5FFF2
:1018E000641CB442EAD3BDE8F08100002DE9F04F5A
:1018F00087B005462846E0F74EFF06461EB9012090
:1019000007B0BDE8F08FF1F7B1FB06902C460698C2
:10191000F1F701FC0746042F01D0022F10D1E08C13
:101920002085042F0CD12846F5F71EFD8046404641
:10193000F0F7ECF818B100214046F0F78AF900BF43
:101940000698F1F7E8FB012804D00698F1F7E3FBCD
:1019500003287DD14FF0FF38A06AC0F34040002833
:1019600038D1804603A90698F1F79AFBBDF80E100E
:10197000F08A081A00B2ADF80E00BDF80C00B18A6A
:10198000401A00B2ADF80C0003A93046F2F76AF82D
:1019900081463046F2F79EFA83460020029001907D
:1019A000824600BF13E002A95846324A12689047A7
:1019B000009000980A2806D10198484503D008F104
:1019C00001000FFA80F8029801900AF1010ACA4555
:1019D000E9D339E000212846F7F729F903900021DF
:1019E0002846F7F796F982460398EFF73DFC8346C1
:1019F0000BEB0A0000B20290B5F91A20B5F91610E7
:101A0000501A00EBD0714A10E98A114409B20191D1
:101A10000C210698F1F78FFCF18A084400B200907F
:101A2000DDE90010411A029891FBF0F9B9F1000FBD
:101A300001DA4FF00009A08C484502DCA08CA0F12F
:101A400001090FFA89F800BFB8F1000F07DB00E0C9
:101A500006E01FFA88F101222846FAF7BAF900BF1A
:101A6000E08C059005AA1C212846EFF7C1F90490E7
:101A7000049845E7D8020020F0B50C46E568A16857
:101A800000BF1DB900BF00BF00BFFEE700BF00BF21
:101A900019B900BF00BF00BFFEE700BFCD60A9605D
:101AA00000F13C0606EBC21656F82360A6421BD195
:101AB00000F13C0606EBC21646F82310814213D112
:101AC00000F1140656F8226001279F40BE4300F142
:101AD000140747F822603E4656F8226026B90127CF
:101AE00097400669BE430661F0BD2DE9F041064608
:101AF0000D4600240EE026B1E86850F83400B042EC
:101B000007D14FF6FF724FF470212846F8F790FB8B
:101B100005E0641C688CC0F3C500A042EBD800BF90
:101B20002846F5F734FB0746002407E0A86800685C
:101B300050F824103046FFF7D8FF641CBC42F5D3A0
:101B4000BDE8F08110B5044600220A212068EFF7B5
:101B50004FF910BD70B504462068F5F75FFC0546E7
:101B60002846E2F7EFFF70BD2DE9FF4F91B0904698
:101B70001298F5F753FC074610213846F7F7F6F9A7
:101B800010B915B0BDE8F08F3846F5F7BFFC1090DE
:101B90004FF00009CA4600253846F5F7D5FD0F90ED
:101BA0000F9818B1129800F1140400E0119C002164
:101BB0003846F6F735FB0E9000213846F6F7B6FEAC
:101BC00001460E98084400B20D9000213846F6F701
:101BD00064FC01460E98084400B20C90F98A0D98F6
:101BE00008446188401AB8F80210401A00B20B90FD
:101BF000798B0C98081AE188401AB8F80210081A74
:101C000000B20A903846F5F7B9FB01460D98091A5B
:101C10000C98081A00B209900B98002804DB0A9867
:101C2000002801DB00251BE00B98002808DD0B9D38
:101C30003846F5F793FD0246501B00D500250FE00E
:101C40000A9800280CDD0A98404205B23846F5F79C
:101C5000FDFB019001982844002800DA002500BF10
:101C60000F98012804D0022810D003283AD11BE095
:101C7000F98A0D9808440FFA80F9608828440FFA11
:101C800080FAA9EB0A00284405B22BE0798B0C9866
:101C9000081A0FFA80F9E08828440FFA80FAA9EBB5
:101CA0000A00284405B21DE0099800EBD0714A10E3
:101CB000FB8A0D99194411440FFA81F900BFE1889C
:101CC0006288891A491C09B2084601EBD071628802
:101CD00002EB610129440FFA81FAA9EB0A002844BA
:101CE00005B200BF00BF00263846F5F723FD089077
:101CF000089818B1129800F1140400E0119C00211A
:101D00003846F6F7A7FC0E9908440FFA80FB00212D
:101D10003846F6F748FD0E99084400B20790B88A95
:101D200058442188401AB8F80010401A00B20690B2
:101D3000398B0798081AA188401AB8F80010081AB9
:101D400000B205900698002804DB0598002801DB06
:101D500000261DE0069800280ADD069E3846F5F7A5
:101D600003FC019001983044002800DD00260FE0BC
:101D7000059800280CDD0598404206B23846F5F774
:101D80006BFC019001983044002800DA002600BF67
:101D90003846F7F78EF8A0EB0B010798081A00B247
:101DA00004900898012804D002280FD0032838D1C5
:101DB0001AE0B88A58440FFA80F9208830440FFAA4
:101DC00080FAA9EB0A00304406B22AE0398B079862
:101DD000081A0FFA80F9A08830440FFA80FAA9EBAC
:101DE0000A00304406B21CE0049800EBD071BA8AB5
:101DF0005A4402EB61010FFA81F900BFA1882288E1
:101E0000891A491C09B2084601EBD071228802EBFD
:101E1000610131440FFA81FAA9EB0A00304406B29D
:101E200000BF00BF29493846E7F708FD039028495D
:101E30003846E7F703FD0290039808B9029850B1BD
:101E400000220A213846EEF7D3FF019001980128BD
:101E500000D096E600BF109800F0010010B9002EE7
:101E600000DA0026109800F0020010B9002E00DD04
:101E70000026109800F0040010B9002D00DA0025AB
:101E8000109800F0080010B9002D00DD0025B8F909
:101E90000010149808B9002000E03046084400B251
:101EA000A8F80000B8F90210149808B9002000E062
:101EB0002846084400B2A8F802002A4631463846AF
:101EC000149BF8F729FB00BF5BE600002D200308F8
:101ED000112003082DE9F04104460D46164615B9B8
:101EE0000EB9BDE8F0812046F4F7DAF9A068008A5F
:101EF000284400B2A1680882A068408A304401B238
:101F0000A06841820123324629462046F7F7A8FC03
:101F100000220B212046EEF76BFF0746012F00D071
:101F2000DFE72046F7F7BFFB00BFDAE710B5DAB10D
:101F3000B0F91630B2F900401C44B0F932309C427E
:101F400004DA448EC38AE31A1BB21380B0F9163048
:101F5000B2F900401C44B0F936309C4204DDC48E16
:101F6000C38AE31A1BB21380D9B1B0F91430B1F9A6
:101F700000401C44B0F930309C4204DA048E838A5D
:101F8000E31A1BB20B80B0F91430B1F900401C44C5
:101F9000B0F934309C4204DD848E838AE31A1BB28C
:101FA0000B8010BD2DE9F0410546B5F9184000261B
:101FB000F1F75CF80746386890F8198008E03019A6
:101FC00006B2C8F164006043642190FBF1F004B2F2
:101FD000002CF4D13046BDE8F0812DE9F0410546F2
:101FE000B5F91A400026F1F741F80746386890F82D
:101FF000198008E0301906B2C8F16400604364211A
:1020000090FBF1F004B2002CF4D13046BDE8F08131
:1020100070B505460C462846F5F7AAFB204406B2E3
:10202000002231462846FFF755FF70BD70B50546C2
:102030000C462846F5F7A6FB204406B2324600219E
:102040002846FFF747FF70BD2DE9FC4105460C46C9
:102050002046EDF727F94FF480312846F6F7ACF823
:10206000E070E07802280CDD4FF4803720223946FA
:102070002846F6F7F7FC009000980190BDF80400A0
:10208000A0804FF48037312239462846F6F7EAFC23
:1020900001900198C0B284F8220094F8220002282E
:1020A0001EDD00BF41F2320239462846F6F7DAFC5F
:1020B0000190019800B22084B4F9200000280CDDC2
:1020C00000BF302239462846F6F7CCFC0090009835
:1020D0000190BDF80400E08302E0002084F82200B3
:1020E0004FF4803740F6450239462846F6F7BAFCE9
:1020F00001900198C0B284F8360094F836000228A6
:1021000029DD00BF4FF4046239462846F6F7AAFCE1
:102110000190019800B2E085B4F92E00002817DD87
:1021200000BF40F6430239462846F6F79BFC019073
:10213000019800B2A08600BF442239462846F6F72F
:1021400091FC009000980190BDF80400A08502E089
:10215000002084F836004FF480312846F6F735F930
:102160000646FD2E0DDAE07870430012E070E0784C
:102170007043001284F82200E0787043001284F863
:102180003600E07828B994F8220010B994F83600A7
:1021900040B14FF480312846F6F7C0FC2080012082
:1021A000BDE8FC810020FBE72DE9F04704460E4620
:1021B00017463568D7F8008004F1140050F8250060
:1021C0004FF0FF3101FA08F100EA0109B9F1000FFF
:1021D00016D1691C4FF0FF328A40206900EA020ADA
:1021E000BAF1000F02D10020BDE8F087504603F09D
:1021F0001DFC0546356004F1140050F8259000BF21
:1022000000BFB9F1000F03D100BF00BF00BFFEE760
:1022100000BF484603F00AFC8046C7F8008004F17E
:102220003C0000EBC51050F82800DDE770B504460F
:102230000D46264628B2A6F844002046F7F733FAA2
:1022400070BD70B504460D46264629B2462081531E
:102250002046F7F728FA70BD70B505460C4621B246
:102260002846F8F7CDFE70BD2DE9F04F85B0044645
:10227000894617464FEA690004904FEA69000390C7
:1022800009F0010010B90498401E04906000F2F7B4
:102290006BFE8346B846002631E0601E38F8100019
:1022A00000FB09F00090651E1FE0009A2BF8152036
:1022B0000021039A2A44A24203DA039A2A4438F8F6
:1022C0001210009A521A0092049AAA1A521E002A58
:1022D00002D5B8F8000004E0049AAA1A521E38F891
:1022E0001200009A024400926D1E002DDDDA620099
:1022F00059464046F2F755FF08EB4408761CA642C3
:10230000CBDB4FF47F5002900298B0FBF9F00190C4
:102310004FF0000A15E037F81A0000B90FE037F85F
:102320001A100298814203D1019827F81A0005E09B
:1023300037F81A0090FBF9F027F81A0000BF0AF1ED
:10234000010A04FB04F05045E5D8002542E007EB04
:102350004508B8F8001001FB09F000262AE0002823
:1023600001DA002300E083112BF81630039BF31AE7
:10237000002B02DCB8F8001005E0039BF31A03FB06
:10238000045337F81310401A049B33445B1CA342D8
:1023900007DA049B33445B1C03FB045337F8132018
:1023A00004E0631E03FB045337F813201044761C2B
:1023B00008EB4408A642D2DB07EB4508002606E0FE
:1023C0003BF81610A8F80010761C08EB4408A6424B
:1023D000F6DB6D1CA542BADB5846F2F741FE05B0AC
:1023E000BDE8F08F2DE9FF4F8BB00D461446274610
:1023F0000E983E1809A80B99E8F7AAF8204604EBB6
:10240000D0714A100E991144491E04F0010282F065
:102410000102891A09B2ADF8281004EBD0714910F5
:10242000491C09B2ADF826100B98E8F776F9BDF80B
:102430002810081A00B2ADF824000B98E8F7F3F85A
:10244000BDF82610084400B2ADF82A00002309A9FF
:1024500003A80E9AECF710FE012F01D1012401E030
:10246000781004B23046F2F77FFD8146A84600207E
:1024700002903BE031464846F3F764F803A8009029
:1024800033B2DDE9020C02B200214846E047834640
:10249000BBF1000F04D171004046F3F71CF820E0B7
:1024A00099F80010890191FBF4F1A8F800100120BF
:1024B00014E019F80020411E19F801108A4205D1D4
:1024C000411E38F8111028F8101006E019F8001015
:1024D000890191FBF4F128F81010401CB042E8DBB0
:1024E00000BF08EB46080298401C02900298B042D8
:1024F000C0DB4846F2F7B4FD03A8ECF721FA012C43
:102500000FD12946002005E035F81020C2F38712CC
:102510000A54401C06FB06F28242F5DC0FB0BDE80F
:10252000F08F2A46214630B2FFF79EFE07F00100E9
:10253000204404B2012C27DD4FF47F5090FBF4F0CF
:1025400000904FF0000B15E035F81B0000B90FE0CC
:1025500035F81B00FF2803D1009825F81B0006E082
:1025600035F81B00800190FBF4F025F81B0000BF3C
:102570000BF1010B06FB06F05845E5D82A4621462B
:1025800030B2FFF771FE00BF01954FF0000A06E080
:1025900015F81A10019800F80A100AF1010A06FB52
:1025A00006F05045F4DC00BFB8E770B598B00646B9
:1025B0000C4615460AA8ECF775FE00BFFF2211462F
:1025C0001046EAF707F90090BDF8001008460190A0
:1025D000BDF80400ADF82C0022460AA93046ECF7FD
:1025E00045FE02A8EBF752FE00202B46224602A928
:1025F00000903046EBF796FA18B070BD00B5A1B068
:1026000000BF00BF002000907048006840F040000C
:102610006E4908600846006800F04000009000BF66
:1026200000BF00BF00BF00BF002000900846006848
:1026300040F0080008600846006800F008000090BC
:1026400000BF00BF00BF00BF00BF002000900846D1
:10265000006840F0080008600846006800F00800C4
:10266000009000BF00BF00BF00BF0020009057488F
:102670000830006840F001005449083108600846FD
:10268000006800F00100009000BF00BF00BF002004
:1026900000904E48006840F008004C490860084629
:1026A000006800F00800009000BF00BF00BF0020DD
:1026B00000900846006840F0100008600846006876
:1026C00000F01000009000BF00BF00BF002000908D
:1026D0000846006840F0200008600846006800F0E6
:1026E0002000009000BF00BF00BF002000900846FF
:1026F000006840F0400008600846006800F04000B4
:10270000009000BF00BF081508900220099001202A
:102710000A9002200B900C200C9008A92C48CFF7AF
:1027200007FA2020089008A92A48CFF701FA1020BC
:10273000089008A92748CFF7FBF94FF603700890D7
:102740000220099001200A9002200B9008A921483C
:10275000CFF7EEF94FF68370089008A91E48CFF71F
:10276000E7F94FF23F00089008A91C48CFF7E0F9BD
:102770003F20089008A91648CFF7DAF94FF020401B
:102780000D9017480E9004200F9000211091119188
:102790001021129100211391149116918102179129
:1027A0000021189119911A911B910220019000208B
:1027B00002900820039000200490079001AA01A92C
:1027C0000DA8CFF717FF21B000BD00003038024040
:1027D00000180240000C02400010024000140240A9
:1027E000040100A0F0B591B0064635464FF4E0274D
:1027F000652239463046F6F735F9109010980446B0
:102800005CB918493046E7F719F85020405D20F0D0
:102810000100401C5021485522E001A8E7F756F876
:10282000294601A8E7F709F90E4901A8E7F7D7F803
:10283000214601A8E7F7E7F800BF0E9400BF002289
:10284000012101A8E7F7F1F8074901A8E7F7CBF85C
:1028500001A84FF6FF71818700BFE7F701F900BFBC
:1028600011B0F0BD697E0008B79901081CB5044697
:1028700000BF04F093FA0E48032100234FF4806256
:10288000CDE900100BA10F4805F0D8F90E4804213E
:1028900000238022CDE900100CA10F4805F0CEF9ED
:1028A00004F0C8FA0D48006804F032FC1CBD0000BA
:1028B000080000206C765F64656D6F5F7461736BF8
:1028C00000000000EBD101080C0000206C65645F83
:1028D0007461736B00000000B592010804000020D1
:1028E0000EB5FE4890F8200000F0010040B1FC4811
:1028F000E9F7D2FE0190FB48BDF80410018008E022
:1029000004211220F8F7EEFB0290F648BDF80810FB
:102910000180F24890F8200000F0010048B1052144
:102920001220F8F7DFFB0190EF48BDF8041001809A
:1029300008E004211220F8F7ABFB0290EA48BDF84A
:1029400008100180E54890F8200000F0010040B137
:10295000E648E9F7A1FE0190E548BDF804100180C2
:1029600006E0EAF73FF90290E148BDF8081001805F
:10297000DA4890F8200000F0010040B1DD48E9F7A6
:102980008BFE0190DC48BDF80410018008E00221B4
:102990001220F8F7A7FB0290D748BDF80810018075
:1029A000002046215023D54ACDE90010D449D5480E
:1029B000FAF7BEFD002000905023D04AD049019084
:1029C000D148FAF7B5FDD1480068D03001F058FE83
:1029D000CC49CE480068D030FAF795FDCB48006866
:1029E000D83001F04DFEC849C8480068D830FAF721
:1029F0008AFDC6480068083001F042FEB74890F8EA
:102A0000200000F0010028B102211220F8F740FB5D
:102A1000029003E01220F8F791FB0290BB48029964
:102A200000680830FAF7DDFA47F6FF71B74800682A
:102A30000830FAF7D4FCA948C06807210190EAF7EA
:102A4000DEFB01460290B14800680830FAF7B3FB9C
:102A5000A248C06805210190EAF7D1FB0146029027
:102A6000AA4800680830FAF758FD6621A7480068B0
:102A70000830FAF7DBFAA449A44800680830FAF7EE
:102A800042FDA2480068103001F0FAFDFF219F4886
:102A900000681030FAF7CAFA9C48006801F0F0FDAF
:102AA000FF219A480068FAF7C1FA8E48008801466B
:102AB000029096480068FAF794FA8B48008801461D
:102AC000029092480068FAF7E4FC914800780128E7
:102AD00006D18248C0680E210190EAF790FB10E011
:102AE0008B480078022806D17C48C0680C210190F0
:102AF000EAF785FB05E07948C0680A210190EAF70A
:102B00007EFB0146029081480068FAF7ACFB8048E2
:102B10000078012806D17148C0680E210190EAF7BB
:102B20006EFB10E07A480078022806D16B48C06836
:102B30000C210190EAF763FB05E06848C0680A21B0
:102B40000190EAF75CFB0146029070480068FAF7D2
:102B500051FB6E480068183001F092FD6C48007817
:102B6000012806D15D48C0680C210190EAF747FBB7
:102B700005E05A48C06808210190EAF740FB014689
:102B80000290624800681830FAF729FCFF215F487C
:102B900000681830FAF74AFA554800880146029052
:102BA0005A4800681830FAF71CFA53480088014662
:102BB0000290564800681830FAF742FA4748C06851
:102BC00002210190EAF71BFB014602904F48006882
:102BD0001830FAF760FA01214C4800681830FAF70B
:102BE00046FA41480088014602904848006818307B
:102BF000FAF74FFC46480078012806D13748C068EC
:102C000018210190EAF7FBFA10E041480078022809
:102C100006D13248C06814210190EAF7F0FA05E0C5
:102C20002E48C06810210190EAF7E9FA01460290A7
:102C3000364800681830FAF7BEFA3548007801289F
:102C400006D12648C0680E210190EAF7D8FA10E0B4
:102C50002F480078022806D12048C0680C21019036
:102C6000EAF7CDFA05E01D48C0680A210190EAF7AD
:102C7000C6FA01460290254800681830FAF7F3FAC0
:102C800023480078012806D11448C0680E2101901D
:102C9000EAF7B5FA10E01E480078022806D10F487E
:102CA000C0680C210190EAF7AAFA05E00B48C06859
:102CB0000A210190EAF7A3FA01460290134800683E
:102CC0001830FAF797FA1220F8F738FA014602900E
:102CD0000E4800681830FAF712FA1BE014C50020FD
:102CE0001A1715009A0100209C010020302B2800A3
:102CF0009E01002037322F00A00100208B9901088F
:102D000068BB030838C500204CC500209401002092
:102D100098010020F848C06801210190EAF76FFA95
:102D200001460290F54800681830FAF7F5F9F348C3
:102D30000068A03001F0A4FCEF480169EF4800688A
:102D4000A030FAF70AFAEC48C06803210190EAF7CC
:102D500056FA01460290E9480068A030FAF720FAD6
:102D6000E548C06803210190EAF749FA014602905C
:102D7000E2480068A030FAF708FA7F21DF480068CF
:102D8000A030FAF7F7F9DD480068A83001F078FCC8
:102D9000D948408A01460290D8480068A830FAF71E
:102DA000DCF9D548C06803210190EAF728FA01460A
:102DB0000290D2480068A830FAF7F2F97F21CF4894
:102DC0000068A830FAF7D6F9CC480068203001F046
:102DD00057FCCB480078012806D1C748C0681021AD
:102DE0000190EAF70CFA10E0C5480078022806D1F5
:102DF000C148C0680C210190EAF701FA05E0BE481D
:102E0000C06808210190EAF7FAF901460290BB4830
:102E100000682030FAF7E3FAFF21B8480068203054
:102E2000FAF704F9B748008801460290B3480068F1
:102E30002030FAF7D6F8B04890F8200000F00100F2
:102E4000E8BB1220F8F77AF901460290AB48006817
:102E50002030FAF7CEFA0020EAF7FCFA00EB400047
:102E60005030A02190FBF1F0012809DD0020EAF7A5
:102E7000F1FA00EB40005030A02190FBF1F000E0AF
:102E8000012000B2014602909C4800682030FAF709
:102E9000DEFA7F21994800682030FAF7C2FA002054
:102EA000EAF7D8FA502101EB8000A02190FBF1F065
:102EB00001280BDD0020EAF7CDFA502100E015E0F3
:102EC00001EB8000A02190FBF1F000E0012000B2B6
:102ED00001908948C06800900199EAF790F901468D
:102EE0000290864800682030FAF790FA86480088F9
:102EF00001460290814800682030FAF7CAFA8048FB
:102F00000078012806D17C48C06818210190EAF7B2
:102F100076F910E07A480078022806D17648C06831
:102F200014210190EAF76BF905E07348C06810219D
:102F30000190EAF764F90146029070480068203079
:102F4000FAF76FF96E480078012806D16A48C06820
:102F50000E210190EAF753F910E069480078022841
:102F600006D16548C0680C210190EAF748F905E0F0
:102F70006148C0680A210190EAF741F901460290D0
:102F80005E4800682030FAF784F95B48C068052184
:102F90000190EAF734F90146029058480068203061
:102FA000FAF728F95448C06805210190EAF727F993
:102FB00001460290514800682030FAF754F953490D
:102FC0005348E9F767FB53495348E9F763FB4B481C
:102FD0000068583001F054FB4D49484800685830AB
:102FE000FAF76EF82321454800685830FAF772F86E
:102FF00042480068603001F043FB47493F480068A1
:103000006030FAF75DF87F213C4800686030FAF7DD
:1030100061F83A480068C03001F032FB01213748BE
:103020000068C030FAF742F8012134480068C03027
:10303000FAF71DF831480068803001F021FB304874
:103040000078012806D12C48C06818210190EAF7C1
:10305000D6F810E02A480078022806D12648C06831
:1030600014210190EAF7CBF805E02348C06810214D
:103070000190EAF7C4F801460290204800688030C9
:10308000FAF799F81E480078012806D11A48C06856
:1030900018210190EAF7B3F810E0194800780228E7
:1030A00006D11548C06814210190EAF7A8F805E098
:1030B0001148C06810210190EAF7A1F8014602907A
:1030C0000E4800688030FAF7CEF80D4800780128E5
:1030D00006D10948C06818210190EAF790F823E06A
:1030E00007480078022819D10348C06814210190CC
:1030F000EAF785F818E0000014C5002094010020CC
:1031000098010020A00100209C010020E77E00081B
:10311000A40100208D300108AC010020FE48C068E9
:1031200010210190EAF76BF801460290FB48006815
:103130008030FAF75FF8F9480068783001F0A0FABB
:10314000F7480078012806D1F348C0680E210190A5
:10315000EAF755F810E0F2480078022806D1EE4868
:10316000C0680C210190EAF74AF805E0EA48C06817
:103170000A210190EAF743F801460290E748006807
:103180007830FAF718F8E6480078012806D1E248C6
:10319000C0680E210190EAF732F810E0E0480078AC
:1031A000022806D1DC48C0680C210190EAF727F814
:1031B00005E0D948C0680A210190EAF720F80146E5
:1031C0000290D64800687830FAF71FF8D3480068B4
:1031D000883001F055FAD048C0680A210190EAF71A
:1031E0000EF801460290CD4800688830FAF73BF8A7
:1031F000C948C0680A210190EAF701F80146029027
:10320000C64800688830F9F7F5FFC4480068903078
:1032100001F036FAC048C06814210190E9F7EFFFC9
:1032200001460290BD4800689030FAF74BF9BB4860
:103230000068983001F024FA0221B84800689830FC
:10324000FAF71CF9B5480068683001F019FA002156
:10325000B24800686830F9F7AEFF0021AF48006857
:103260006830FAF700F80021AC4800686830F9F7D8
:10327000C1FFAA480068703001F002FAA84800783F
:10328000012806D1A448C06808210190E9F7B7FFDA
:1032900010E0A3480078022806D19F48C0680621A4
:1032A0000190E9F7ACFF05E09B48C068022101905E
:1032B000E9F7A5FF01460290984800687030F9F7D9
:1032C0007AFF97480078012806D19348C068082102
:1032D0000190E9F794FF10E091480078022806D1A8
:1032E0008D48C06806210190E9F789FF05E08A480A
:1032F000C06802210190E9F782FF014602908748E9
:1033000000687030F9F7AFFF85480078012806D1D2
:103310008148C06808210190E9F771FF10E08048FA
:103320000078022806D17C48C06806210190E9F7A0
:1033300066FF05E07848C06802210190E9F75FFF69
:1033400001460290754800687030F9F753FF7348E2
:103350000068283001F094F96F4801696F480068EF
:103360002830F9F73EFEE9F73DFC014602906B4834
:1033700000682830FAF78DF8FF2168480068283087
:10338000F9F754FE65480068303001F079F9624879
:103390000169624800683030F9F723FE5E48016930
:1033A0005E4800683030FAF774F833215B480068F3
:1033B0003030F9F73BFE59480068383001F060F9C9
:1033C0005548408A01460290544800683830F9F761
:1033D00008FEE9F707FC01460290504800683830C3
:1033E000FAF757F8FF214D4800683830F9F71EFE0C
:1033F0004A480068403001F043F94748408A014696
:103400000290464800684030F9F7EBFD4248408A98
:1034100001460290414800684030FAF73AF83321FB
:103420003E4800684030F9F701FE3C4800684830EB
:1034300001F026F93B4800880146029037480068B1
:103440004830F9F7CEFDFF21344800684830F9F7DD
:10345000EDFD35480088014602903048006848304C
:10346000FAF717F82D480068503001F009F92F4895
:10347000008801460290294800685030F9F7B1FDF4
:10348000FF21264800685030F9F7D0FD2648008813
:1034900001460290214800685030F9F7FAFF1F48B2
:1034A0000068B03001F0ECF847F6FF711B48006887
:1034B000B030F9F794FF19480068B83001F0E0F82F
:1034C000002116480068B830F9F789FF13480068F2
:1034D000C83001F0D5F81048C06803210190E9F721
:1034E0008EFE014602900D480068C830FAF700F8D9
:1034F0000948C06803210190E9F781FE0146029066
:1035000006480068C830F9F7E8FF04480068F03062
:1035100001F0B6F800480BE014C50020940100202B
:1035200098010020A00100209C0100209E010020A5
:103530000169FE480068F030F9F753FDFF21FB48B0
:103540000068F030F9F772FDF948C0680621019073
:10355000E9F755FE01460290F4480068F030F9F7AB
:103560002AFE47F6FF71F1480068F030F9F737FF9F
:10357000EE480068E03001F083F8C821EB480068AD
:10358000E030F9F702FDE9480068E83001F078F82A
:103590007821E6480068E830F9F7F7FCE34800686E
:1035A00000F5807001F06CF8E24800880146029056
:1035B000DE48006800F58070F9F7F1FCDC48C0686F
:1035C0000F210190E9F71BFE01460290D7480068E1
:1035D00000F58070F9F7FAFC0121D448006800F585
:1035E0008070F9F7E9FCD148006800F5847001F0BB
:1035F00047F8CF480169CD48006800F58470F9F7B5
:10360000CEFCCA48006800F5987001F039F84FF414
:103610008271C648006800F59870F9F788FDC348C4
:10362000006800F59C7001F02BF8C148C0680321C8
:103630000190E9F7E4FD01460290BC48006800F5FE
:103640009C70F9F7B8FDBA48C06802210190E9F70B
:10365000D6FD01460290B548006800F59C70F9F768
:103660001AFDB3480169B148006800F59C70F9F78C
:10367000E7FCB148008801460290AC48006800F5BC
:103680009C70F9F7AEFCFF21A848006800F59C701B
:10369000F9F7CCFCA9480078012806D1A448C068F5
:1036A0000C210090E9F7ABFD05E0A148C0680821B6
:1036B0000090E9F7A4FD029000EBD070401000B23A
:1036C000014601909948006800F59C70F9F787FE63
:1036D0009648006800F5A07000F0D2FF98A19348CA
:1036E000006800F5A070F9F796FCE9F77BFA01464F
:1036F00002908E48006800F5A070F9F7CAFE8C4869
:103700004069014602908948006800F5A070F9F709
:10371000CEFE8648006800F5A47000F0B1FF844832
:10372000C06804210190E9F76AFD404200B20146F9
:1037300002907E48006800F5A470F9F73CFDE9F7B7
:1037400051FA014602907948006800F5A470F9F733
:1037500048FC7648006800F5A87000F091FF012150
:103760007248006800F5A870F9F7D6FC7548008823
:10377000014602906D48006800F5A870F9F7BFFC9B
:103780006A48006800F5947000F07AFF00216748ED
:10379000006800F59470F9F76AFC6548C0680A2172
:1037A0000190E9F72CFD014602906048006800F5A1
:1037B0009470F9F71FFD5F480088014602905B484E
:1037C000006800F59470F9F79AFC5848006800F515
:1037D000887000F055FF5648C06803210190E9F752
:1037E0000EFD014602905148006800F58870F9F717
:1037F00093FC4F48C06803210190E9F700FD0146A2
:1038000002904A48006800F58870F9F7E8FD4848DA
:10381000C06808210190E9F7F2FC01460290434894
:10382000006800F58870F9F71DFE4148C068022164
:103830000190E9F7E4FC014602903C48006800F57D
:103840008870F9F7D7FC3948006800F58C7000F0F3
:1038500017FF47F6FF713548006800F58C70F9F7DF
:10386000BEFD3348C06808210190E9F7C8FC014655
:1038700002902E48006800F58C70F9F7F3FD2C4893
:1038800001692A48006800F58C70F9F7AAFBFF214E
:103890002648006800F58C70F9F7C8FB23480068DB
:1038A00000F5907000F0ECFE2148C0680121019005
:1038B000E9F7A5FC014602901C48006800F59070ED
:1038C000F9F72AFC1F480088014602901748006853
:1038D00000F59070F9F713FC1548C06802210190BB
:1038E000E9F78DFC014602901048006800F59070E1
:1038F000F9F761FC1220F7F721FC014602900B4812
:10390000006800F59070F9F7C4FD0848006800F5FC
:10391000D07000F0B5FE00210448006800F5D070BA
:10392000F9F749FC0021014800680DE094010020EE
:1039300014C50020A00100209E0100209801002055
:10394000EF808C009C01002000F5D070F9F75DFC41
:103950000021FE48006800F5D070F9F740FD012114
:10396000FA48006800F5D070F9F7A0FB0021F7488D
:10397000006800F5D070F9F784FBF448006800F5A2
:10398000EC7000F07DFEF2480078012806D1F14885
:10399000C0680C210190E9F732FC05E0ED48C068F1
:1039A00008210190E9F72BFC01460290E7480068E6
:1039B00000F5EC70F9F713FD0121E448006800F50B
:1039C000EC70F9F773FBFF21E048006800F5EC703C
:1039D000F9F72CFBE048008801460290DB480068BC
:1039E00000F5EC70F9F7FDFADC480088014602901A
:1039F000D648006800F5EC70F9F74BFDD348006835
:103A000000F5D47000F03CFED1480078012806D1C2
:103A1000D048C0680E210190E9F7F1FB10E0CC48D6
:103A20000078022806D1CB48C0680C210190E9F744
:103A3000E6FB05E0C748C0680A210190E9F7DFFB13
:103A400001460290C148006800F5D470F9F7E9FB1F
:103A5000BF480078012806D1BE48C0680E210190F9
:103A6000E9F7CDFB10E0BA480078022806D1B94842
:103A7000C0680C210190E9F7C2FB05E0B548C068B9
:103A80000A210190E9F7BBFB01460290AF480068AC
:103A900000F5D470F9F7FDFBAD480078012806D198
:103AA000AC48C0680E210190E9F7A9FB10E0A848D6
:103AB0000078022806D1A748C0680C210190E9F7D8
:103AC0009EFB05E0A348C0680A210190E9F797FB37
:103AD000014602909D48006800F5D470F9F795FB07
:103AE0009C48C06801210190E9F789FB01460290DA
:103AF0009648006800F5D470F9F7CDFA192193487B
:103B0000006800F5D470F9F7A8FA944800880146D7
:103B100002908E48006800F5D470F9F791FA002100
:103B20008A48006800F5D470F9F7ABFA8748006856
:103B300000F5D87000F0A4FD00218448006800F56D
:103B4000D870F9F738FB00218048006800F5D8707C
:103B5000F9F75BFB7F48C06801210190E9F74FFB53
:103B6000014602907948006800F5D870F9F793FA99
:103B700019217648006800F5D870F9F76EFA774891
:103B80000088014602907148006800F5D870F9F786
:103B900057FA08216D48006800F5D870F9F771FAF6
:103BA0006A48006800F5DC7000F06AFD0021674893
:103BB000006800F5DC70F9F7FEFA00216348006840
:103BC00000F5DC70F9F721FB6048006800F5E4704F
:103BD00000F056FD5E480078012806D15D48C068B7
:103BE0000E210190E9F70BFB10E0594800780228FC
:103BF00006D15848C0680C210190E9F700FB05E0A8
:103C00005448C0680A210190E9F7F9FA0146029088
:103C10004E48006800F5E470F9F703FB4C48007863
:103C2000012806D14B48C06808210190E9F7E7FA5E
:103C300010E047480078022806D14648C0680621AF
:103C40000190E9F7DCFA05E04248C06802210190E2
:103C5000E9F7D5FA014602903C48006800F5E470A7
:103C6000F9F717FB3A480078012806D13948C068AF
:103C70000E210190E9F7C3FA10E0354800780228D8
:103C800006D13448C0680C210190E9F7B8FA05E084
:103C90003048C0680A210190E9F7B1FA0146029064
:103CA0002A48006800F5E470F9F7AFFA2748006881
:103CB00000F5E87000F0E4FC25480078012806D102
:103CC0002448C06808210190E9F799FA10E02048DB
:103CD0000078022806D11F48C06806210190E9F744
:103CE0008EFA05E01B48C06802210190E9F787FAC7
:103CF000014602901548006800F5E870F9F791FA5E
:103D000013480078012806D11248C06808210190A4
:103D1000E9F775FA10E00E480078022806D10D4840
:103D2000C06806210190E9F76AFA05E00948C06811
:103D300002210190E9F763FA014602900348006806
:103D400000F5E870F9F7A5FA002109E094010020D8
:103D50009801002014C500209E0100209C01002035
:103D6000FC48006800F5E870F9F75BFB0021F948B2
:103D7000006800F5E870F9F759F9F748008801463E
:103D80000290F448006800F5E870F9F782FBF1480A
:103D9000006800F5E07000F073FC0021ED48006859
:103DA00000F5E070F9F73DFA0021EA48006800F5F7
:103DB000E070F9F72AFAE748006800F5F07000F0C3
:103DC0005FFC3321E348006800F5F070F9F72EF945
:103DD0001220F7F7B3F901460290DE48006800F5BB
:103DE000F070F9F7FEF8DB48006800F5F47000F0B9
:103DF00047FC0021D748006800F5F470F9F716F980
:103E0000D6480078012806D1D548C068082101901D
:103E1000E9F7F5F910E0D1480078022806D1D0483A
:103E2000C06806210190E9F7EAF905E0CC48C068CE
:103E300002210190E9F7E3F901460290C5480068C4
:103E400000F5F470F9F725FAC248006800F5B07083
:103E500000F016FCC248C06805210190E9F7CFF9CF
:103E600001460290BB48006800F5B070F9F754F9BC
:103E7000B948008801460290B648006800F5B07065
:103E8000F9F73DF9B648C06814210190E9F7B7F990
:103E900001460290AF48006800F5B070F9F7E2FA09
:103EA000AF48C0680F210190E9F7A9F901460290D7
:103EB000A848006800F5B070F9F7BFF9A548006898
:103EC00000F5B47000F0DCFB47F6FF71A148006814
:103ED00000F5B470F9F783FA9F4800880146029014
:103EE0009C48006800F5B470F9F77BF8FF21994809
:103EF000006800F5B470F9F799F89948C0680F2187
:103F00000190E9F77CF9014602909248006800F5BB
:103F1000B470F9F7A7FA8F48006800F5AC7000F0AC
:103F2000AFFB8F48C06801210190E9F768F90146AD
:103F300002908848006800F5AC70F9F7ACF8894841
:103F40000088014602908348006800F5AC70F9F7DC
:103F500077F803217F48006800F5AC70F9F791F815
:103F60007C48006800F5B87000F08AFB7A48008849
:103F7000014602907748006800F5B870F9F760F8DC
:103F80007748C06802210190E9F739F901460290AB
:103F90007048006800F5B870F9F77DF87048C0689F
:103FA00001210190E9F72BF9404200B2014602904D
:103FB0006848006800F5B870F9F73FF904216548D2
:103FC000006800F5B870F9F75CF84FF4C871614803
:103FD000006800F5B870F8F7D8FF5E48006800F593
:103FE000BC7000F04DFB5E4890F8200000F001002E
:103FF00028B102211220F7F74BF8029004E00121CA
:104000001220F7F76FF8029052480299006800F505
:10401000BC70F9F73EFA4F48006800F5C07000F038
:104020002FFB4E480078012806D14D48C0680E216C
:104030000190E9F7E4F810E048480078022806D13A
:104040004748C0680C210190E9F7D9F805E04448D9
:10405000C0680A210190E9F7D2F8014602903D4874
:10406000006800F5C070F9F7A6F83C480078012810
:1040700006D13B48C0680E210090E9F7C0F810E077
:1040800036480078022806D13548C0680C210090D7
:10409000E9F7B5F805E03248C0680A210090E9F771
:1040A000AEF8029000EBD070401000B201460190D3
:1040B0002848006800F5C070F9F7A7F8254800689F
:1040C00000F5C47000F0DCFA2548C06801210190B9
:1040D000E9F795F8014602901E48006800F5C470A3
:1040E000F8F7D9FF1F480088014602901948006878
:1040F00000F5C470F8F7A4FF1B4800880146029041
:104100001448006800F5C470F8F76BFF33211148BC
:10411000006800F5C470F8F789FF0E48006800F5E4
:10412000C87000F0ADFA0D480078012806D10C489F
:10413000C0680E210190E9F762F81DE00748007899
:10414000022813D10648C0680C210190E9F757F8FE
:1041500012E00000940100209C0100209801002042
:1041600014C50020A00100209E010020F848C0686E
:104170000A210190E9F743F801460290F5480068EA
:1041800000F5C870F9F74DF8F3480078012806D11A
:10419000EF48C0680E210190E9F731F810E0EE48D1
:1041A0000078022806D1EA48C0680C210190E9F79E
:1041B00026F805E0E648C0680A210190E9F71FF8F3
:1041C00001460290E348006800F5C870F9F756F818
:1041D000E1480078012806D1DD48C0680821019037
:1041E000E9F70DF810E0DC480078022806D1D8483D
:1041F000C06806210190E9F702F805E0D448C068DC
:1042000002210190E8F7FBFF01460290D1480068C7
:1042100000F5C870F8F7E3FFCF480078012806D111
:10422000CB48C0680E210190E8F7E9FF10E0CA48CA
:104230000078022806D1C648C0680C210190E8F732
:10424000DEFF05E0C248C0680A210190E8F7D7FF09
:1042500001460290BF48006800F5C870F8F7D5FF26
:10426000BC48006800F5CC7000F00AFAB848C06895
:104270000A210190E8F7C3FF01460290B5480068A3
:1042800000F5CC70F8F7A2FEB248006800F5FC70AB
:1042900000F0F6F9AE48C06804210190E8F7AFFFDE
:1042A00001460290AB48006800F5FC70F8F783FF08
:1042B000A848006800F5F87000F0E2F96420019069
:1042C0000198002805DA0198C0F57A7040F4005092
:1042D00002E0019840F4005000B2014602909D486F
:1042E000006800F5F870F8F72DFF9A48006800F5AF
:1042F000007000F0C5F91220F6F720FF0146029089
:104300009448006800F50070F8F76BFE7F21914833
:10431000006800F50070F8F789FE8E48006800F527
:10432000027000F0ADF900218A48006800F50270C3
:10433000F9F78DF888480078032816D18648007868
:10434000012806D18248C0680C210090E8F757FF89
:1043500005E07F48C06808210090E8F750FF029010
:10436000029800EBD070401010E07B4800780128E4
:1043700006D17748C0680C210090E8F740FF05E0BF
:104380007348C06808210090E8F739FF00B2014681
:1043900001907048006800F50270F9F720F86D4848
:1043A000006800F50E7000F06BF969480169694812
:1043B000006800F50E70F8F743FE6548C0680221FA
:1043C0000190E8F71CFF400000B2014602906148EE
:1043D000006800F50E70F8F75EFE01215D48006888
:1043E00000F50E70F8F74DFE5A48006800F50C70A5
:1043F00000F046F95648C06802210190E8F7FFFE38
:10440000404200B2014602905248006800F50C702C
:10441000F8F7BBFE4F48006800F5047000F030F973
:104420004D480078012806D14948C06818210190FC
:10443000E8F7E5FE10E048480078022806D1444835
:10444000C06814210190E8F7DAFE05E04048C06832
:1044500010210190E8F7D3FE014602903D48006824
:1044600000F50470F8F7DDFE00213A48006800F519
:104470000470F8F70EFF00213648006800F504705C
:10448000F8F7C3FE01213348006800F50470F8F71F
:104490000DFE3048006800F5067000F0F1F82C4879
:1044A000C06801210190E8F7AAFE01460290294860
:1044B000006800F50670F8F7EEFD28480088014610
:1044C00002902448006800F50670F8F7B9FD012154
:1044D0002048006800F50670F8F7D3FD1E48007804
:1044E000012806D11A48C0680E210190E8F787FE1E
:1044F00010E019480078022806D11548C0680C2140
:104500000190E8F77CFE05E01148C0680A2101909F
:10451000E8F775FE014602900E48006800F5067047
:10452000F8F749FE0C480078012806D10848C06811
:104530000E210190E8F763FE18E007480078022892
:104540000ED10348C0680C210190E8F758FE0DE039
:1045500014C500209401002098010020A001002033
:104560004448C0680A210190E8F749FE01460290DC
:104570004148006800F50670F8F73CFE3E480068C8
:1045800000F5087000F07CF83C480078012806D15E
:104590003848C06818210190E8F731FE10E037482C
:1045A0000078022806D13348C06814210190E8F74A
:1045B00026FE05E02F48C06810210190E8F71FFE95
:1045C000014602902C48006800F50870F8F790FF4B
:1045D0002948006800F5107000F052F8FF212648C5
:1045E000006800F51070F8F721FDE8F7FBFA0146C6
:1045F00002902148006800F51070F8F7F2FC1220D4
:10460000F6F79CFD014602901B48006800F510700B
:10461000F8F7F4FC47F6FF711748006800F51070D2
:10462000F8F7DDFE1348C0680F210190E8F7E7FDB9
:10463000014602901048006800F51070F8F707FF77
:10464000E8F7D0FA014602900B48006800F51070B8
:10465000F8F7CFFE0748C06805210190E8F7CFFDC5
:10466000014602900448006800F51070F8F7E4FE77
:104670000EBD000014C50020940100209801002008
:1046800010B504460548007818B12046F8F767FCD5
:1046900002E02046F8F722FB10BD0000A201002036
:1046A0002DE9F04192B080460C4615461E46002783
:1046B00000BF002000902A48006840F08050284940
:1046C00008600846006800F08050009000BF00BFFE
:1046D00000BF002000902348006840F4804021493A
:1046E00008600846006800F48040009000BF00BFEA
:1046F00001200190000402900220079041050891DA
:10470000CDF8288009940B950C9601A8CDF724FDCF
:1047100007461FB1012012B0BDE8F0810F200D90B7
:1047200002200E9000200F904FF4A05010904FF4F4
:104730008050119004210DA8CDF7CEFB07460FB194
:104740000120E8E7CDF70EFB41F20101884205D1D7
:104750000548006840F48070034908600020DAE7EB
:104760004038024000700040003C02402DE9F0411A
:1047700007460C462046F2F751FEB0B90022FE482B
:1047800001682046F1F7DFFA4FF48032FA480168F9
:1047900008312046F1F7D7FAF84AF7480168103196
:1047A0002046F1F7D0FABDE8F081F5492046F1F74F
:1047B000E8FE002876D02046F2F730FE0546F149A3
:1047C0002846F1F7DEFE00B1EDE72846F2F726FEB7
:1047D0000646EC49F1F7D5FEB0B10022E648016883
:1047E00080312046F1F7AFFA4FF48032E248016899
:1047F00008312046F1F7A7FAE04ADF480168103196
:104800002046F1F7A0FACEE72046F2F7C0FDB0B996
:104810002046F2F703FE0646DB49F1F7B2FE70B11F
:104820000022D548016848312046F1F78CFA002271
:10483000D148016870312046F1F785FAB3E7204688
:10484000F2F7A5FD012824D12046F2F7E7FD064640
:10485000CD49F1F796FEE0B10022C7480168204635
:10486000F1F771FA0022C448016880312046F1F75F
:104870006AFA4FF48032C048016808312046F1F7E7
:1048800062FABE4ABC48016810312046F1F75BFA73
:1048900089E72046F2F7C2FD0646BC49F1F771FEF2
:1048A00008B180E717E00022B348016818312046BC
:1048B000F1F749FA4FF48032AF48016808312046D9
:1048C000F1F741FAAD4AAC48016810312046F1F7E2
:1048D0003AFA01F02FB8AE492046F1F752FE00280F
:1048E00060D00022A448016820312046F1F72BFA5D
:1048F0000022A148016828312046F1F724FA00225D
:104900009D480168D0312046F1F71DFA20229A48CF
:10491000016858312046F1F716FA202296480168BE
:10492000D8312046F1F70FFA042293480168A031EC
:104930002046F1F708FA20228F480168C831204646
:10494000F1F701FA01228C48016838312046F1F76D
:10495000FAF980228848016860312046F1F7F3F9BE
:104960002046F2F75BFD05468A49F1F70AFE40B999
:104970002046F2F753FD05468749F1F702FE00286D
:10498000A7D000227C48016801F5E8712046F1F7C4
:10499000DAF920227848016801F5F0712046F1F734
:1049A000D2F996E77D492046F1F7EBFD40B10022B0
:1049B0007148016801F5A8712046F1F7C4F988E74C
:1049C00077492046F1F7DDFD00287DD02046F2F73B
:1049D00025FD05467349F1F7D4FDE0B30022664892
:1049E000016801F5FC712046F1F7ADF9002262483B
:1049F000016888312046F1F7A6F94FF4A0225E48FD
:104A0000016820312046F1F79EF9674A5A4801684B
:104A100058312046F1F797F9634A603256480168E9
:104A200060312046F1F78FF95F4A1F3A524801681A
:104A300028312046F1F787F95B4A1C3A4E48016855
:104A400030312046F1F77FF9574A183A4A48016851
:104A50004031204600E002E0F1F775F9A3E6204678
:104A6000F2F7DCFC05464749F1F78BFD68B30022FD
:104A70004148016850312046F1F765F904223E486B
:104A80000168A0312046F1F75EF904223A48016836
:104A900001F50C712046F1F756F9434A3648016892
:104AA00058312046F1F74FF93F4A1F3A3248016822
:104AB00030312046F1F747F93B4A1F3A2E4801684A
:104AC00001F50E71204601E0C4E01BE0F1F73BF96F
:104AD000354A1C3A28480168A0312046F1F733F9DD
:104AE000314A183A24480168A8312046F1F72BF9D9
:104AF0002D4A1C3A2048016801F50C712046F1F757
:104B000022F950E62046F2F789FC05461F49F1F7E5
:104B100038FD78B300221848016801F5C0712046BD
:104B2000F1F711F9042214480168A0312046F1F789
:104B30000AF9082210480168A8312046F1F703F964
:104B40004FF4A0220C48016801F5C4712046F1F72A
:104B5000FAF8154A0848016858312046F1F7F3F889
:104B6000114A60320448016860312046F1F7EBF8E1
:104B70000D4A1BE029E000009401002040000100E4
:104B8000FCB90308B4C1030808C2030880BB0308CA
:104B9000D4F90308F0C00308D4C0030898FA030846
:104BA000F0F9030828C10308200005001C3AFE485C
:104BB0000168A0312046F1F7C6F8FC4AFA480168BE
:104BC000A8312046F1F7BFF8EDE50022F64801686C
:104BD00018312046F1F7B7F80422F3480168A031F4
:104BE0002046F1F7B0F80822EF480168A8312046C6
:104BF000F1F7A9F84FF4A022EB48016820312046D4
:104C0000F1F7A1F8E94A7832E748016860312046B7
:104C1000F1F799F8E54A1832E3480168583120461F
:104C2000F1F791F8E14AD21FDF48016828312046A8
:104C3000F1F789F8DD4A121FDB480168A0312046F0
:104C4000F1F781F8D94AD8480168A8312046F1F730
:104C50007AF83EE6D6492046F1F793FC60B300228D
:104C6000D148016830312046F1F76DF80022CE4876
:104C70000168B0312046F1F766F80422CA4801689D
:104C8000A0312046F1F75FF80822C7480168A83133
:104C90002046F1F758F84FF40032C3480168283134
:104CA0002046F1F750F84FF40032BF480168B031A8
:104CB0002046F1F748F80CE6BE492046F1F761FCC2
:104CC000F0B30022B848016830312046F1F73BF8D4
:104CD0000022B5480168B0312046F1F734F80422CB
:104CE000B1480168A0312046F1F72DF80822AE48FE
:104CF0000168A8312046F1F726F84FF40032AA489F
:104D0000016828312046F1F71EF84FF40032A6481A
:104D10000168B0312046F1F716F84FF44032A2484E
:104D20000168F0312046F1F70EF8A34A9E48016869
:104D3000C8312046F1F707F84FF440329A4800E0B6
:104D40000CE00168D0312046F0F7FDFF9A4A964802
:104D50000168D8312046F0F7F6FFBAE597492046BA
:104D6000F1F70FFC002862D000228F48016818314B
:104D70002046F0F7E8FF00228B48016868312046A2
:104D8000F0F7E1FF002288480168B8312046F0F7CB
:104D9000DAFF042284480168A0312046F0F7D3FFEF
:104DA000082281480168A8312046F0F7CCFF4FF473
:104DB00080327D48016808312046F0F7C4FF804A00
:104DC0007948016810312046F0F7BDFF4FF4A0226A
:104DD0007548016850312046F0F7B5FF4FF4A02226
:104DE0007148016801F5AC712046F0F7ACFF4FF453
:104DF000A0226D48016880312046F0F7A4FF6B4A7D
:104E000018326948016858312046F0F79CFF674A1C
:104E1000121F6548016828312046F0F794FF634A65
:104E20006148016838312046F0F78DFF51E565494A
:104E30002046F1F7A6FBE8B300225B480168883101
:104E40002046F0F780FF042257480168A031204631
:104E5000F0F779FF5C4A5448016860312046F0F76A
:104E600072FF4FF400325048016801F59C712046F2
:104E7000F0F769FF544A7F3A4B48016828312046D1
:104E8000F0F761FF504A7F3A4748016801F5A07189
:104E90002046F0F758FF4C4A603A434801685831C1
:104EA0002046F0F750FF484A603A3F480168C83151
:104EB000204600E012E0F0F746FF434A603A3A48E5
:104EC0000168D8312046F0F73EFF4FF400323648F3
:104ED0000168D0312046F0F736FFFAE43B4920461E
:104EE000F1F74FFB002873D000222F4801684831AA
:104EF0002046F0F728FF00222B480168B0312046F9
:104F0000F0F721FF002228480168E8312046F0F739
:104F10001AFF80222448016860312046F0F713FF11
:104F2000042221480168A0312046F0F70CFF264AF0
:104F30007F3A1D48016828312046F0F704FF4FF4FE
:104F4000003219480168B0312046F0F7FCFE1E4AD5
:104F50001548016860312046F0F7F5FE4FF4403205
:104F600011480168F0312046F0F7EDFE4FF4403271
:104F70000D48016850312046F0F7E5FE4FF440320D
:104F80000948016801F5A4712046F0F7DCFE0A4AE1
:104F900060320548016860312046F0F7D4FE0A4AC5
:104FA0007F3A0148016814E09401002008000500E0
:104FB000B8F90308ECFA03082000030024FB0308F7
:104FC000400001000CFA03088000020008FB0308FF
:104FD0000CE0D8312046F0F7B6FE4FF40032FA4824
:104FE0000168D8312046F0F7AEFE72E4F74920465A
:104FF000F1F7C7FAF0B30022F348016818312046F0
:10500000F0F7A1FE0022F048016878312046F0F761
:105010009AFE0022EC48016801F594712046F0F7F1
:1050200092FE4FF48032E848016808312046F0F7DC
:105030008AFEE74AE448016810312046F0F783FE13
:105040004FF4A022E048016801F588712046F0F78E
:105050007AFE4FF40032DC48016801F58C7120467D
:10506000F0F771FE4FF4C022D748016801F5907146
:10507000204600E00BE0F0F766FE4FF4E022D24855
:10508000016801F588712046F0F75DFE21E4D14901
:105090002046F1F776FA90B30022CB480168183128
:1050A0002046F0F750FE0022C7480168E031204654
:1050B000F0F749FE0022C448016890312046F0F71D
:1050C00042FE0022C048016898312046F0F73BFEBE
:1050D0000422BD480168A0312046F0F734FE0822C2
:1050E000B9480168A8312046F0F72DFE4FF4802220
:1050F000B548016828312046F0F725FE27E2FFE792
:10510000B5492046F1F73DFAC8B30022AE48016820
:1051100018312046F0F717FE0022AB4801687831BD
:105120002046F0F710FE0022A7480168D031204643
:10513000F0F709FE2022A4480168D8312046F0F794
:1051400002FE2022A048016858312046F0F7FBFDFE
:1051500004229D480168A0312046F0F7F4FD0822A2
:1051600099480168A8312046F0F7EDFD4FF4003270
:1051700095480168D8312046F0F7E5FDDAE3FFE70E
:1051800096492046F1F7FDF9F0B300228E480168F8
:1051900018312046F0F7D7FD00228B480168C03156
:1051A0002046F0F7D0FD0022874801689031204664
:1051B000F0F7C9FD00228448016801F59871204686
:1051C000F0F7C1FD4FF480327F4801680831204676
:1051D000F0F7B9FD7E4A7C48016810312046F0F7AF
:1051E000B2FD4FF480227848016850312046F0F734
:1051F000AAFD7B4A7448016828312046F0F7A3FDD8
:10520000774A1F32704800E005E0016858312046B7
:10521000F0F799FD8EE373492046F1F7B2F910B328
:1052200000226948016801F580712046F0F78BFD86
:105230004FF400326448016801F580712046F0F7B0
:1052400082FD4FF400326048016801F58471204608
:10525000F0F779FD4FF440325B480168F0312046A9
:10526000F0F771FD66E360492046F1F78AF9D0B1A5
:1052700000225548016801F580712046F0F763FD72
:105280004FF400325048016801F580712046F0F774
:105290005AFD4FF400324C48016801F584712046F4
:1052A000F0F751FD46E351492046F1F76AF9B8B1EC
:1052B00000224548016818312046F0F744FD0022DD
:1052C00041480168B0312046F0F73DFD4FF400320F
:1052D0003D48016801F5B4712046F0F734FD29E33B
:1052E00043492046F1F74DF9E0B300223648016802
:1052F00018312046F0F727FD002233480168783145
:105300002046F0F720FD04222F480168A0312046F6
:10531000F0F719FD08222C480168A8312046F0F763
:1053200012FD4FF480322848016808312046F0F71A
:105330000AFD274A2448016810312046F0F703FD92
:105340002C4A2148016801F5B8712046F0F7FBFCB2
:105350004FF400221C48016801F5BC712046F0F7AB
:10536000F2FCE7E2FFE724492046F1F70AF970B1C1
:1053700000221548016818312046F0F7E4FC0022AD
:105380001148016868312046F0F7DDFCD2E21B4984
:105390002046F1F7F6F840B100220B48016801F50C
:1053A000C8712046F0F7CFFCC4E215492046F1F75A
:1053B000E8F840B100220448016801F5C8712046B0
:1053C000F0F7C1FCB6E21DE094010020D4BB030855
:1053D00040000100B4FA030828FA030844FA03085D
:1053E000010004009CF9030898C103080CC10308DC
:1053F00040FB03080200070080BB03089CBB0308B6
:10540000B8BB0308F6492046F1F7BBF8F0B3002219
:10541000F44801682046F0F796FCF348007801282C
:1054200003D1F0480068783002E0EE480068703040
:10543000014600222046F0F786FC0422E948016874
:10544000A0312046F0F77FFC0822E6480168A83129
:105450002046F0F778FC4FF4A022E24801682031A2
:105460002046F0F770FCE14ADE48016860312046D2
:10547000F0F769FC4FF4A022DA4801685031204669
:10548000F0F761FC4FF4A022D64800E026E0016866
:1054900001F502712046F0F756FCD44A603AD14833
:1054A000016858312046F0F74EFCD04A7F3ACD488B
:1054B000016848312046F0F746FCCC4A7C3AC9489E
:1054C000016830312046F0F73EFCC84A783AC548BA
:1054D000016840312046F0F736FC2BE2C4492046F3
:1054E000F1F74FF8F8B10022BE48016818312046A4
:1054F000F0F729FC0022BB48016801F50471204641
:10550000F0F721FC4FF48032B6480168083120469C
:10551000F0F719FCB74AB348016810312046F0F79C
:1055200012FCFFF740B9B4492046F1F72AF878B1E8
:105530000022AC48016848312046F0F704FC002204
:10554000A848016801F508712046F0F7FCFBF1E17D
:10555000AA492046F1F715F868B30022A14801686E
:1055600050312046F0F7EFFB00229E48016801F51C
:1055700006712046F0F7E7FB04229A4801682831BB
:105580002046F0F7E0FB04229648016801F5087117
:105590002046F0F7D8FB20229248016801F50871F7
:1055A0002046F0F7D0FB20228E4801685831204673
:1055B000F0F7C9FBBEE192492046F0F7E2FF78B16F
:1055C00000228848016818312046F0F7BCFB002211
:1055D0008448016801F5D0712046F0F7B4FBA9E1D9
:1055E00088492046F0F7CDFFB8B100227D48016818
:1055F00001F5D8712046F0F7A6FB4FF480327948C8
:10560000016808312046F0F79EFB7A4A7548016828
:1056100010312046F0F797FB8CE17B492046F0F7EC
:10562000B0FFB8B100226F48016801F5DC71204677
:10563000F0F789FB4FF480326A4801680831204650
:10564000F0F781FB6B4A6748016810312046F0F79C
:105650007AFB6FE16D492046F0F793FFF0B100222D
:105660006048016801F5D4712046F0F76CFB2022F8
:105670005C48016801F5F0712046F0F764FB2122D7
:105680005848016830312046F0F75DFB012255484B
:10569000016830312046F0F756FB4BE15C4920466B
:1056A000F0F76FFF20B95B492046F0F76AFF80B141
:1056B00000224C48016801F5E4712046F0F743FBF5
:1056C00020224848016801F5F0712046F0F73BFBC5
:1056D00030E151492046F0F754FFB8B1002241486B
:1056E000016801F5E0712046F0F72DFB4FF48032A0
:1056F0003C48016808312046F0F725FB3D4A39480F
:10570000016810312046F0F71EFB13E143492046A3
:10571000F0F737FF40B100223248016801F5EC7123
:105720002046F0F710FB05E13D492046F0F729FF40
:1057300040B100222B48016801F5F4712046F0F7D2
:1057400002FBF7E037492046F0F71BFF78B1002253
:105750002448016818312046F0F7F5FA0022214864
:10576000016801F5F8712046F0F7EDFAD9E62E4907
:105770002046F0F706FF40B100221A48016801F503
:1057800000712046F0F7DFFAD4E028492046F0F710
:10579000F8FE20B300221348016818312046F0F7C4
:1057A000D2FA00220F48016878312046F0F7CBFA90
:1057B00004220C480168A0312046F0F7C4FA082200
:1057C00008480168A8312046F0F7BDFA4FF4E022FE
:1057D0000448016828312046F0F7B5FAAAE027E02E
:1057E0000CBC0308940100209801002080000500F3
:1057F000BCBF030840000100F4BF0308D8BF030882
:1058000010C003089CC00308B8C0030848C00308C0
:10581000F0C00308D4C003082CC0030864C0030808
:1058200080C0030828C1030860C103087CC10308C5
:1058300041492046F0F7A5FEA8B100223F48016883
:105840002046F0F780FA4FF480323C480168083176
:105850002046F0F778FA3A4A384801681031204675
:10586000F0F771FA66E037492046F0F78AFE78B122
:105870004FF480323148016808312046F0F763FA6E
:105880002F4A2E48016810312046F0F75CFA51E0AB
:105890002D492046F0F775FE68B1002227480168BF
:1058A0002046F0F750FA002224480168683120466B
:1058B000F0F749FA3EE025492046F0F762FE38B19C
:1058C00000221E480168C0312046F0F73CFA31E062
:1058D0001F492046F0F755FEF8B10022174801682D
:1058E00001F5CC712046F0F72EFA0022134801682A
:1058F00080312046F0F727FA4FF440320F48016814
:1059000050312046F0F71FFA4FF440320B4801683F
:1059100080312046F0F717FA0CE00E492046F0F7E8
:1059200030FE38B100220548016801F510712046AB
:10593000F0F709FA00BFF4E5D0C103089401002094
:1059400040000100ECC10308B4C1030808C2030809
:10595000F0BB0308A0BF03082DE9F14F88B00898F9
:10596000EBF7DFF907900898EBF73CFA8046CDF8A3
:10597000188007980A2856D14046F1F78AFC044659
:105980004046F1F767FC054605A94046F1F7C8FD1A
:10599000BDF914000490BDF91690204604EBD071B7
:1059A0004A100499114491FBF4F161430FFA81FA12
:1059B000284605EBD07109EB610191FBF5F16943D4
:1059C00009B203910F200290002721E0394640469A
:1059D000F1F7BFFB06463046F3F774FA0190304604
:1059E000F3F793FA00900198504510D1039900986D
:1059F00088420CD1B3460698C0F824B09BF8240026
:105A0000029000221C214046EBF7F2F905E07F1CD2
:105A10004046F1F7BCFBB842D8D800BF40460299D7
:105A2000F5F75EF800BF09B0BDE8F08F0146C84346
:105A3000401C01EA0002B2FA82F0C0F12003581EB5
:105A40007047014621B1B1FA81F0C0F1200000E0B9
:105A500000200246501E7047044A928912B202800A
:105A6000024A128C12B20A807047000034000020F3
:105A700010B50849086880470020DFF7C9FE0128F3
:105A800007D14FF6FF70DFF79BFF00F031F800F011
:105A900073FD10BD3400002010B506484168002099
:105AA00088470448808E00F4004008B1012010BDF2
:105AB0000020FCE73400002070B505460C46FFF7D7
:105AC000EBFF30B108490948FFF7C6FF0120A0737A
:105AD00001E00020A0730548B0F9000020800248D2
:105AE000B0F90000608070BD260100202401002074
:105AF0002DE9F04F2DED088B8BB04FF00008002002
:105B0000059000BF4FF6FF70DFF75AFF4FF4784063
:105B1000EB49096810226423CDE900210290A022FC
:105B200028210846E3F7E8FA4FF4784214210846A2
:105B300000F088FA0020E3498886BDE1E148416829
:105B400001208847DF48808E00F44040B0F5804F48
:105B50007ED100200590DB48808E20F48040D9491A
:105B600088860846808906A921F82800D548008C37
:105B700001EB8801488008F1010000F0FF08B8F14E
:105B8000060F13D2DFE808F0120313263C514FF63C
:105B9000FF721421084600F055FACB4909881439E0
:105BA00088B24FF47842142100F04CFA74E1C649EF
:105BB0000988143988B24FF6FF72142100F042FAB6
:105BC000C1484088143881B24FF47842142000F064
:105BD00039FA61E1BC484088143881B24FF6FF724F
:105BE000142000F02FFAB84A5288143A91B2B64AFB
:105BF0001288143A90B24FF4784200F023FA4BE145
:105C00004FF6FF70DFF7DCFEAF4AB2F8029009EB07
:105C1000D9725110AC4AB2F800A00AEBDA725010F7
:105C20004FF4784200F00EFA36E1BDF81C10BDF8D2
:105C30001800081A04B2BDF82400BDF82010401A5C
:105C400006B2BDF82610BDF81E00081A05B200E025
:105C500023E1BDF82200BDF81A10401A07B2304601
:105C600002F03BFD41EC1A0B204602F036FD41EC00
:105C70001B0B53EC1A2B02F0ABFB41EC180B384614
:105C800002F02BFD41EC1A0B284602F026FD41ECF8
:105C90001B0B53EC1A2B02F09BFB41EC190B9FEDF5
:105CA0008B0B53EC102B51EC180B02F041FD05D27D
:105CB00051EC180B02F074FB41EC180B9FED830BB9
:105CC00053EC102B51EC190B02F032FD05D251ECC4
:105CD000190B02F065FB41EC190B9FED7E0B53ECA9
:105CE000102B51EC180B02F023FD62D39FED7B0BC0
:105CF00053EC102B51EC180B02F054FE59D39FEDCE
:105D0000750B53EC102B51EC190B02F011FD50D315
:105D10009FED720B53EC102B51EC190B02F042FE6D
:105D200047D30094002C01DB009801E0009840422A
:105D3000B0F5805F3DDA0195002D01DB019801E0AF
:105D400001984042B0F5805F33DA0296002E01DB05
:105D5000029801E002984042B0F5805F29DA03978B
:105D6000002F01DB039801E003984042B0F5805F0B
:105D70001FDA0494002C01DB049801E004984042EF
:105D8000B8B1B5F1000B01DB584601E0CBF10000E2
:105D900078B1B6F1000A01DB504601E0CAF100001B
:105DA00038B1B7F1000901DB484601E0C9F1000054
:105DB00018BB4FF00008444AB2F8029009EBD972C0
:105DC0005110414AB2F800A00AEBDA7250104FF6B7
:105DD000FF7200F037F94FF478421421084600F0C2
:105DE00031F9B0EE491AF0EE691AB0EE480AF0EE59
:105DF000680A06A800F082F85EE0A01900EE100A1A
:105E0000F8EEC00A304800882838400000EE100A3A
:105E1000B8EEC00A80EE801A2A4880ED0E1AE81902
:105E200000EE100AF8EEC00A2748408828384000E3
:105E300000EE100AB8EEC00A80EE801A214880ED0C
:105E40000F1ABDF8280000B21E49A1F84000BDF8A5
:105E50002A0000B2A1F842004FF6FF70DFF7B0FD54
:105E60001F2020A11022CDE900210290164843886E
:105E700002886E212320E3F73FF94FF47A70D2F7BE
:105E800079F900F079FB4FF6FF70DFF799FD0BB061
:105E9000BDEC088BBDE8F08F00BF0A20D2F76AF98D
:105EA0000598401C80B205900598B0F57A7F02DD18
:105EB00000F004F901E000BF40E600BF00BFE6E7E4
:105EC000D4B903083400002068040020000000005A
:105ED00000000000666666666666EE3FCDCCCCCC00
:105EE000CCCCF03F546F7563682053637265656E68
:105EF0002041646A757374204F4B210070B52DEDFD
:105F0000048B88B00546B0EE408AF0EE608AB0EEB1
:105F1000419AF0EE619A002433E035F82430621C97
:105F20003DA103A8CAF7C0FA4FF4784003A9102294
:105F3000CDE9002102903A484388028804EB8400AE
:105F4000A02606EB80012820E3F7D6F805EB8400B5
:105F50004388621C33A103A8CAF7A6FA4FF478401D
:105F600003A91022CDE9002102902D484388028820
:105F700004EB840006EB80017820E3F7BDF8601C99
:105F8000C4B2052CC9DB4FF6FF700090244800888E
:105F9000401E82B204EB8400A02303EB8001102397
:105FA0002820E2F7DDFA53EC182B20A103A8CAF74A
:105FB0007BFA00208DF813004FF4784003A91022DB
:105FC000CDE90021029016484388028804EB840042
:105FD000A02606EB80012820E3F78EF853EC192B5E
:105FE00015A103A8CAF760FA00208DF813004FF43A
:105FF000784003A91022CDE9002102900848438887
:10600000028804EB840006EB80017820E3F774F843
:1060100008B0BDEC048B70BD7825643A256400009F
:10602000680400207925643A2564000070783A25D8
:10603000302E32660000000070793A25302E32662C
:1060400000000000F8B504460D46164604F10D01A7
:106050008AB2193988B22B4629460096DFF7FDFD32
:1060600005F10D0083B2193881B222462046009610
:10607000DFF7F3FD6A1C91B2621C90B23246DFF783
:1060800043FE6A1C91B2621E90B23246DFF73CFEBC
:106090006A1E91B2621C90B23246DFF735FE6A1E6C
:1060A00091B2621E90B23246DFF72EFE33460622D0
:1060B00029462046DFF754FDF8BD000070B5084CB6
:1060C00000250C2221462820D0F726F83420D0F7CE
:1060D00035F805460A2D01D1012070BD0020FCE7EE
:1060E0006C00002000B587B00020894981F8440089
:1060F000084690F844008749897901F00101084376
:10610000834981F844008348808847F29671884229
:106110000FD1DDF719F960B97F487D49486008461D
:1061200090F8440040F0800081F84400002007B05F
:1061300000BD7848808845F21051884217D07548D4
:10614000808849F60601884211D07248808844F25E
:10615000423188420BD06F48808844F284318842B3
:1061600005D06C48808841F2180188420DD1DDF7D6
:10617000EBF8694866494860084690F8440040F0EA
:10618000800081F844000020D1E76248808841F611
:10619000631188420BD05F48808847F284018842AF
:1061A00005D05C48808847F21601884215D1DBF79C
:1061B00065FC18B959485649486004E0DDF7C4F851
:1061C000554853494860524890F8440040F08000D8
:1061D0004F4981F844000020A9E700BF00BF00201C
:1061E00001904F48006840F002004D4908600846A1
:1061F000006800F00200019000BF00BF00BF00BFB8
:1062000000BF002001900846006840F004000860CC
:106210000846006800F00400019000BF00BF00BF06
:1062200000BF00BF002001900846006840F0020057
:1062300008600846006800F00200019000BF00BF3F
:1062400000BF00BF00BF002001900846006840F07A
:10625000200008600846006800F02000019000BFA0
:1062600000BF00BF00BF00BF0020019008460068CB
:1062700040F0020008600846006800F0020001904B
:1062800000BF00BF00BF0220029000200390012049
:1062900004900320059002A92248CBF749FC042072
:1062A000029002A91F48CBF743FC4FF40060029014
:1062B0000120039004900320059002A91A48CBF70F
:1062C00037FC0120029002A91648CBF731FC4FF4AD
:1062D0000050029002A91548CBF72AFC0C49203146
:1062E000A1F1140000F0CEF8CFF712FFFFF7E6FEA1
:1062F00008B100201BE74FF6FF70DFF761FBFFF7E7
:10630000F7FB00F039F9FFF7D9FE01200FE7000095
:10631000340000206804002031350108211C0108E8
:1063200030380240000402400014024000080240DD
:1063300070B506460025002400BF00220121304828
:10634000CBF70AFD00BF00BF00224FF400612D48CB
:10635000CBF702FD00BF00BF00224FF400512A48D6
:10636000CBF7FAFC00BF304600F0AAF90620D1F7BF
:106370000DFF00BF002201212148CBF7EDFC00BF3B
:106380000120D1F703FF00BF012211461C48CBF7C3
:10639000E3FC00BF0120D1F7F9FE00BF002201217C
:1063A0001748CBF7D9FC00BF00BF1DE04FF6FF70C8
:1063B00000EA440400BF002201211148CBF7CCFCC5
:1063C00000BF0120D1F7E2FE00BF012211460C48B8
:1063D000CBF7C2FC00BF04210948CBF7ABFC08B1E6
:1063E000601C84B2681CC5B2102DDFDB241100BF15
:1063F000012251030448CBF7AFFC00BF204670BD1B
:106400000004024000140240000802402DE9FE434F
:1064100080460027002406E04046FFF789FF2DF85C
:106420001400601C84B2052CF6DB002416E0601C0E
:1064300085B20FE03DF814003DF81510884207DDE5
:106440003DF814603DF815002DF814002DF8156086
:10645000681C85B2052DEDDB601C84B2042CE6DBE4
:106460000027012405E03DF81400384487B2601C81
:1064700084B2042CF7DB032097FBF0F086B23046A1
:10648000BDE8FE832DE9F04106460F460D4890F821
:10649000440000F0010040B19020FFF7B7FF05462F
:1064A000D020FFF7B3FF044607E0D020FFF7AEFF90
:1064B00005469020FFF7AAFF044635803C80BDE8E2
:1064C000F0810000340000207FB504460D4602A98B
:1064D00003A8FFF7D7FF694601A8FFF7D3FFBDF870
:1064E0000400BDF80C10884206DCBDF80C10BDF8A5
:1064F0000400323081420CDBBDF80C00BDF8041002
:10650000884237DCBDF80410BDF80C0032308142FF
:1065100030DABDF80000BDF80810884206DCBDF88E
:106520000810BDF80000323081420CDBBDF80800D5
:10653000BDF8001088421DDCBDF80010BDF8080051
:106540003230814216DABDF80C10BDF804208818EC
:1065500000EBD071C1F34F012180BDF80810BDF8E8
:106560000020881800EBD071C1F34F012980012071
:1065700004B070BD0020FBE710B5054C0C2221468D
:106580002820CFF704FE0A213420CFF712FE10BDD9
:106590006C00002010B5044602214648CBF7CAFB28
:1065A000002866D12CB14449A1F11400FFF78CFFFB
:1065B0004EE04149A1F11400FFF786FFF0B33E49D8
:1065C000203989893C4A203AB2F84020891A09B218
:1065D00000EE101AB8EEC00A3749203991ED0E1AB4
:1065E000C0EE010A3549088800EBD071491000EE71
:1065F000101AB8EEC00A30EE800ABCEEC00A10EEE7
:10660000101A2D4A203A91811146098CB2F8422085
:10661000891A09B200EE101AB8EEC00A26492039CC
:1066200091ED0F1AC0EE010A2449488800EBD071A1
:10663000491000EE101AB8EEC00A00E008E030EE93
:10664000800ABCEEC00A10EE101A1B4A203A1184D0
:1066500019482038808E00F4004020BB4FF44040A1
:1066600015492039888608468189C183018C418675
:1066700019E011482038808E00F4004040B10E48E7
:106680002038808E20F400400B49203988860AE0AB
:10669000002109482038C18341864FF6FF70064922
:1066A0002039888108840448203890F8340000207C
:1066B00010BD0000000402405400002068040020C7
:1066C00070B50446002500BF26E004F0800030B11C
:1066D00000BF0122D1021248CBF73EFB07E000BF0A
:1066E00000224FF400610E48CBF736FB00BF600676
:1066F000040E00BF002201210A48CBF72DFB00BF8A
:106700000120D1F743FD00BF012211460548CBF718
:1067100023FB00BF681CC5B2082DD6DB70BD00008E
:1067200000140240000402402DE9F04786B0804684
:106730000D46444627680026D7E0F86800EBC600FF
:106740004068C0F3406040B1F86800EBC6004068A4
:1067500020F07F40A168884200D0C5E0A08847288B
:106760004AD00EDC34281ED006DC20283FD030284A
:106770003ED033287CD115E03B283CD0442877D14B
:1067800038E0682810D004DC63281ED067286FD159
:1067900012E0A0F2574060B3A0F580500238002804
:1067A00066D10AE000BF00BFFF2D02DAE068059065
:1067B00001E0206905906CE000BFFF2D02DAE0687F
:1067C000059001E02069059063E0E06810B9206958
:1067D00005900BE0206910B9E068059006E0802D77
:1067E00002DAE068059001E02069059051E000BF01
:1067F00000BF00BF00BF00BF002D03DCA089ADF8C3
:10680000140033E0FF2D03DB208AADF814002DE0E7
:1068100021690191E168E8B2029100F1040C4FEAAC
:10682000EC00BDF808C04CEA0C4CDFF8D4A00CEA30
:106830000A01BDF804C04CEA0C4C0CEA0A02A2EBB7
:10684000010C0CFB00FC01EB5C1C0CEA0A0343EAA4
:10685000134C1FFA8CFCCDF800C0BDF800A0D44644
:10686000CDF80CC0BDF80C00ADF8140011E0FFE746
:1068700015B9E06805900BE0FF2D02D12069059065
:1068800006E0D4E90310401A684301EB202005908C
:1068900000BF00BF4FF00109FA6852F83600A18826
:1068A00004AAF6F79BF978B1DDE9041088420BD110
:1068B000BDF81400BDF81010884205D1DDE90410C0
:1068C000884201D14FF00009FA6852F83600A188D9
:1068D000059AF6F7EAFCB9F1000F04D0A288A16886
:1068E0002068F3F7A5FC06E0761C788CC0F3C500A1
:1068F000B0423FF622AF00BF06B0BDE8F08700000F
:106900001FF8E0072DE9F05F8146D9F800402568BF
:10691000B4F804A04FF0000B2D48CDF764FF0646F5
:1069200015E0A6420ED03068216888420AD1B068CE
:10693000A168884206D1B088A188884202D14FF070
:10694000010B06E031462248CDF765FF0646002ED2
:10695000E7D100BFBBF1000F38D100272FE0E86876
:1069600000EBC7004068C0F3406038B3E86800EB54
:10697000C700406820F07F40A16888421ED12146B0
:106980001348CDF7AFFF2046EEF782FBE86800EB37
:10699000C7085146D8F80000F6F75CFAE96851F8E4
:1069A0003700F6F7A2F940B1D8F8040020F07F4292
:1069B0002846D8F80010F3F7E4FC05E07F1C688C4B
:1069C000C0F3C500B842CAD800BF00BFBDE8F09F01
:1069D000B4C500202DE9F04105462C68A068F4F705
:1069E00028FB8046A28841462068F2F73BF8E06029
:1069F000A6880020A080234632464146206800F049
:106A00000DF8A680A1682068DCF7DDFA0746A188AA
:106A10003868E268F6F749FCBDE8F0812DE9F05FDF
:106A200005460E4690469A464FF0000B2848CDF793
:106A3000FFFE044646E0544500D145E02146244887
:106A4000CDF7F0FE81462068A8423AD1A068B04256
:106A500002D0B6F5702F34D1A088404503D04FF650
:106A6000FF7080452DD1002725E0E86800EBC700C6
:106A70004068C0F34060E8B1B6F5702F07D0E86811
:106A800000EBC700406820F07F40B04212D1EA68B6
:106A900052F83700A188F6F7DDF900212046E2F729
:106AA000CDFE21460A48CDF71DFF2046EEF7F0FA4D
:106AB0004FF0010B7F1C688CC0F3C500B842D4D8DE
:106AC00000BF4C46002CB6D100BF5846BDE8F09F31
:106AD000B4C50020024610880B88C01A70472DE903
:106AE000F14F86B0ECF7C2FA8346BBF1000F02D13A
:106AF00007B0BDE8F08F0698EAF713F90646069846
:106B0000EAF770F9804644465020005DC0F340002B
:106B100000B9EDE75846ECF7FEFA022804D05846D3
:106B2000ECF7F9FA042800D1E2E704A9606AF0F76B
:106B3000CFFB03A95846ECF7B3FA02A95846ECF785
:106B4000F1FABDF90C00002803DBBDF90E000028A6
:106B500000DACDE7BDF80C00BDF81010401A00B205
:106B6000ADF80400BDF80E00BDF81210401A00B2D6
:106B7000ADF80600606AF2F79CF98246656ABDF9D5
:106B80000400002803DA00274FF0010913E0BDF9E3
:106B90000400504504DB47F6FF774FF001090AE097
:106BA00001A9606AECF75EFF87B201A9606AEDF7A0
:106BB000EDF980F0010994F85C00C0F3400010B3D7
:106BC00094F85C0000F00100A8B9B9F1000F12D1EF
:106BD000012E10D167654FF6FF70A06594F85C0038
:106BE00020F00100401C84F85C004FF440714046E6
:106BF000EFF781FD16E094F85C0000F0010018B199
:106C0000022E01D1A7650DE094F85C0000F00100B0
:106C100040B1032E01D0082E04D14FF440714046FC
:106C2000EFF744F894F85C0000F0010008B9012E79
:106C300003D139464046F7F7FDFC94F85C0000F0BC
:106C40000100E8B3D4E9150188420FD9E86BA16DC2
:106C5000884203D1286C616D88422AD0A06DE86318
:106C6000606D28644046F2F71EFD22E0D4E915016C
:106C700088420FD2E86B616D884203D1286CA16D08
:106C8000884216D0606DE863A06D28644046F2F734
:106C90000AFD0EE04FF6FF71E86B884202D1286CC6
:106CA000884206D04FF6FF70E86328644046F2F74A
:106CB000FAFC032E01D0082E07D194F85C0000E006
:106CC00003E020F0010084F85C0000BF10E7000042
:106CD00010B5044609480A49086008464460002186
:106CE0008160C160016181610C214161CBF72AFFA4
:106CF000012204490248CBF7C5FF10BD0010014036
:106D0000D40300201A00002001460A69D1E90130AD
:106D10009860D1E9010358605068884201D18868C1
:106D20005060002008611068401E106010687047B5
:106D300000F1080141604FF0FF31816000F108016E
:106D4000C16001610021016070470021016170474D
:106D500010B502460B685C1C0CB9106907E002F123
:106D6000080000E04068446824689C42FAD94468FE
:106D70004C604C68A160886041600A611468641CC2
:106D8000146010BD42684A6093688B6093685960D4
:106D90009160086103685B1C0360704710B500BF19
:106DA000502080F31188BFF34F8FBFF36F8F00BF68
:106DB0000B480068401C0A49086008460068012822
:106DC0000DD108480068C0B208B9012000E00020D9
:106DD00028B94FF4DB7204A112A0C9F759FB10BD0A
:106DE0001401002004ED00E02E2E5C2E2E5C4D6977
:106DF00064646C6577617265735C46726565525454
:106E00004F535C706F727461626C655C5256445390
:106E10005C41524D5F434D34465C706F72742E631B
:106E2000000000004572726F723A2025732C2025F5
:106E3000640D0A0010B50B48006828B940F2BD1275
:106E400009A118A0C9F724FB06480068401E05499F
:106E500008600846006820B9002080F3118800BF50
:106E600000BF10BD140100202E2E5C2E2E5C4D693B
:106E700064646C6577617265735C467265655254D3
:106E80004F535C706F727461626C655C5256445310
:106E90005C41524D5F434D34465C706F72742E639B
:106EA000000000004572726F723A2025732C202575
:106EB000640D0A0070B506463546002E3AD0083DEE
:106EC0002C461D4960680968084008B1012000E0AF
:106ED000002028B94FF4927218A126A0C9F7D8FA59
:106EE000206808B9012000E0002028B940F22512EE
:106EF00012A120A0C9F7CCFA0F49606809680840C0
:106F0000C0B12068B0B90C49606809688843606006
:106F100000F07CFA1B496068096808441949086058
:106F20002046F9F7F3FD18480068401C1649086030
:106F300001F0ECF870BD0000100100202E2E5C2E38
:106F40002E5C4D6964646C6577617265735C467232
:106F5000656552544F535C706F727461626C655C0E
:106F60004D656D4D616E675C686561705F342E6361
:106F7000000000004572726F723A2025732C2025A4
:106F8000640D0A00000100200C01002000204FF0D9
:106F9000E02108618861064800684FF47A71B0FB0F
:106FA000F1F0401E4FF0E021486107200861704772
:106FB000000000202DE9F04106460F462EB940F6AC
:106FC000C82211A119A0C9F763FA0025BFB1002496
:106FD00012E01A4800EBC4004068B04203D11748E1
:106FE00000EBC4050AE035B9144850F8340010B974
:106FF000124800EBC405641C082CEAD300BF0DB195
:107000002F606E60BDE8F0812E2E5C2E2E5C4D69E7
:1070100064646C6577617265735C46726565525431
:107020004F535C71756575652E6300004572726F14
:10703000723A2025732C2025640D0A00C0590020C7
:107040002DE9F04105460E4617462C46FFF7A6FEF1
:1070500094F94400401C10B9002084F8440094F9CD
:107060004500401C10B9002084F84500FFF7E2FEFF
:10707000A06B28B93A46314604F1240000F01EF90D
:107080002046F9F7D6FFBDE8F081000070B5044650
:107090000025ACB10F48006808B9012000E00020CD
:1070A00028B940F249520CA114A0C9F7F1F900F037
:1070B000ADF900212046F9F765FA01F027F80546F9
:1070C0003DB94FF0805011490860BFF34F8FBFF3B7
:1070D0006F8F70BDDC0000202E2E5C2E2E5C4D6963
:1070E00064646C6577617265735C46726565525461
:1070F0004F535C7461736B732E6300004572726F43
:10710000723A2025732C2025640D0A0004ED00E05E
:1071100070B50546FFF742FE15B92F48006800E03C
:1071200028460446201DFFF7EFFD78B9E06A00EB22
:1071300080002A4951F8200040B994F82C10012011
:10714000884027490968814325480160A06A18B131
:1071500004F11800FFF7D8FD22480068401C2149BF
:1071600008601D480068844209D1211D1E48FFF7B0
:1071700009FE1E480068401C1C49086006E01C48C7
:107180000068401E1A490860F9F7B6FEFFF752FE84
:1071900011480068844202D02046F9F779FB15486F
:1071A0000068C0B10C480068844214D112480068DD
:1071B00008B9012000E0002028B940F2DC420FA10C
:1071C00017A0C9F765F94FF0805019490860BFF35F
:1071D0004F8FBFF36F8F70BDA0000020005A0020BA
:1071E000B8000020CC000020BC5C0020AC000020D7
:1071F000B0000020BC000020DC0000202E2E5C2E01
:107200002E5C4D6964646C6577617265735C46726F
:10721000656552544F535C7461736B732E63000049
:107220004572726F723A2025732C2025640D0A0076
:1072300004ED00E003490968016003490968416001
:1072400070470000C8000020B40000200120014960
:1072500008607047C400002070B504460D462CB984
:1072600040F61C4207A110A0C9F712F912480168A4
:1072700018312046FFF76CFD01212846F9F782F905
:1072800070BD00002E2E5C2E2E5C4D6964646C6512
:1072900077617265735C4672656552544F535C74D6
:1072A00061736B732E6300004572726F723A202512
:1072B000732C2025640D0A00A000002070B5044640
:1072C0000E4615462CB940F6524211A119A0C9F735
:1072D000DFF860681B490968C8611A498268096853
:1072E0000A621849096818318268516015490968AD
:1072F00018318160134909688C622168491C21603A
:107300000DB14FF0FF3629463046F9F73BF970BD15
:107310002E2E5C2E2E5C4D6964646C6577617265FF
:10732000735C4672656552544F535C7461736B7342
:107330002E6300004572726F723A2025732C20254F
:10734000640D0A00A00000201CB51B4800210B465C
:107350008022CDE9001019A11A4800F06FFC044604
:10736000012C02D100F0A2FF0446012C15D100BF70
:10737000502080F31188BFF34F8FBFF36F8F00BF92
:107380004FF0FF30104908600120104908600020CC
:107390000F49086000F076F90BE0601C08B101208D
:1073A00000E0002028B94FF404620AA112A0C9F736
:1073B0006FF8154800681CBDD400002049444C45B6
:1073C0000000000049090308D0000020BC00002094
:1073D000B40000202E2E5C2E2E5C4D6964646C651A
:1073E00077617265735C4672656552544F535C7485
:1073F00061736B732E6300004572726F723A2025C1
:10740000732C2025640D0A00D80000200248006873
:10741000401C014908607047DC00002010B51B4883
:10742000006818B101201A4908602DE000201849B1
:10743000086018480068B0FA80F0C0F11F0404EB3F
:107440008400154951F8200008B1012000E0002017
:1074500028B940F6024211A119A0C9F719F804EBA6
:1074600084010D4A02EB810041684968416000F1E6
:10747000080142688A4202D1416849684160416816
:10748000C968134A116000BF10BD0000DC00002075
:10749000C4000020B8000020005A00202E2E5C2ED0
:1074A0002E5C4D6964646C6577617265735C4672CD
:1074B000656552544F535C7461736B732E630000A7
:1074C0004572726F723A2025732C2025640D0A00D4
:1074D000A00000202DE9F04105462846E9F782FC8E
:1074E00006463046EFF79AFF07463846E4F720FA9B
:1074F000044601213046EFF72CFE804694F9020045
:10750000401E054951F82030228804A14046EDF77D
:107510001FFABDE8F0810000D0010020256420257D
:10752000730000002DE9F04705462846E9F75AFCAC
:1075300006463046EFF772FF07463846E4F7F8F99B
:10754000044600213046EFF704FE8046208840F2D2
:10755000E772101A81B24046E9F7A9FB01213046D3
:10756000EFF7F7FD814694F90200401E81B24846CC
:10757000E9F79DFBBDE8F0872DE9F843814600BFA0
:1075800000BF4C46B4F92E0010F5004F01D1BDE804
:10759000F883A08D07B2A08D618D884203DAA08D9B
:1075A00000F5B47007B294F83400C0F3410000282D
:1075B0004FD0012802D002285CD139E0618DC81972
:1075C00000EBD07149100EB2B4F93010B4F932208A
:1075D000881800EBD07149100FFA81F8B4F92E0029
:1075E000404512DA0096638DB4F93010B4F92E00DC
:1075F0004246EDF76BFC05B2A9B24846E2F71DFF23
:10760000B1B24846E2F7C8FE11E00097B4F9322063
:10761000B4F92E0033464146EDF758FC05B2B1B23D
:107620004846E2F70AFFA9B24846E2F7B5FE24E071
:107630000097638DB4F93220B4F93010B4F92E00FC
:10764000EDF744FC05B2A28DA9B24846E2F708FE68
:1076500013E00097638DB4F93220B4F93010B4F917
:107660002E00EDF733FC05B2AAB2618D4846E2F771
:10767000F7FD02E000BF00BF89E700BFA58700BF9C
:1076800085E700001CB5504800685049884201D089
:10769000012000E0002028B940F243124CA15BA079
:1076A000C8F7F6FE484800684849491E884201D09C
:1076B000012000E0002028B94FF4A27244A153A099
:1076C000C8F7E6FE554C204600780190FF20214681
:1076D00008700846007800909DF8000000F0F00067
:1076E0009DF80010884201D1012000E0002028B957
:1076F00040F25D1236A145A0C8F7CAFE9DF8000011
:1077000000F050004649087007204649086009E02B
:1077100044480068401E434908609DF80000400648
:10772000000E00909DF8000000F080008028EFD04F
:107730003C480068C0F10700042801D1012000E0A6
:10774000002028B940F2711221A130A0C8F7A0FE94
:1077500034480068C0F10700042801D1012000E08E
:10776000002028B94FF4BD7219A128A0C8F790FED7
:107770002C48006800022B4908600846008800F485
:10778000E06008602549019808700F4820300068C3
:1077900040F470000C49203108600846006840F051
:1077A00070400860FFF7F2FB00201F490860C8F72F
:1077B00095FD1E48006840F040401C490860C8F72D
:1077C00079FD00201CBD000000ED00E071C20F41FA
:1077D0002E2E5C2E2E5C4D6964646C65776172653B
:1077E000735C4672656552544F535C706F7274617E
:1077F000626C655C525644535C41524D5F434D345C
:10780000465C706F72742E63000000004572726FE8
:10781000723A2025732C2025640D0A0000E400E054
:10782000180100201C0100201401002034EF00E0AA
:1078300010B500BF502080F31188BFF34F8FBFF306
:107840006F8F00BF00F040FA18B14FF0805004492C
:10785000086000BF002080F3118800BF10BD000049
:1078600004ED00E02DE9F84305460E4617460024D6
:10787000E5B1601EB0FBF5F0B04217D305FB06F092
:1078800010F1550F12D805FB06F909F15400F9F76C
:1078900019FC04468CB1A04608F154083B46424608
:1078A000314628460094F9F763F806E02CB94FF406
:1078B000E37203A10BA0C8F7EBFD2046BDE8F883F7
:1078C0002E2E5C2E2E5C4D6964646C65776172654A
:1078D000735C4672656552544F535C71756575658E
:1078E0002E6300004572726F723A2025732C20259A
:1078F000640D0A002DE9F04105460E4601272C468D
:107900002CB94FF488722CA134A0C8F7C1FD002C0B
:1079100042D0E06B00283FD04FF0FF31E06BB1FB6D
:10792000F0F0216C884237D3FFF738FAD4E90F1210
:10793000206801FB0200A0600020A0632068606056
:10794000E06B401E226C216800FB0211E160FF2009
:1079500084F8440084F845009EB9206908B90120E4
:1079600000E00020A8B904F1100000F029FB80B16C
:107970004FF080501D490860BFF34F8FBFF36F8FEA
:1079800007E004F11000FFF7D3F904F12400FFF73A
:10799000CFF9FFF74FFA00E000270FB1012000E018
:1079A000002028B940F2451203A10CA0C8F770FDD1
:1079B0003846BDE8F08100002E2E5C2E2E5C4D690D
:1079C00064646C6577617265735C46726565525478
:1079D0004F535C71756575652E6300004572726F5B
:1079E000723A2025732C2025640D0A0004ED00E076
:1079F0002DE9F74183B005460E464FF000082C46AE
:107A00002CB940F251524CA154A0C8F741FD0EB917
:107A1000206C08B9012000E0002028B940F255523E
:107A200045A14EA0C8F734FD00F038F908B9059813
:107A300008B9012000E0002028B940F25A523EA1C6
:107A400046A0C8F725FD00BFFFF7A8F9A76BF7B15F
:107A500031462046F8F7C8FE781EA063206908B9B1
:107A6000012000E0002060B904F1100000F0A8FA45
:107A700038B14FF080503D490860BFF34F8FBFF3DE
:107A80006F8FFFF7D7F9012006B0BDE8F0810598A8
:107A900018B9FFF7CFF90020F6E7B8F1000F04D1CD
:107AA00001A8FFF7C7FB4FF00108FFF7C3F9FFF785
:107AB000ADFCFFF773F994F94400401C10B90020A5
:107AC00084F8440094F94500401C10B9002084F863
:107AD0004500FFF7AFF905A901A800F049F8F0B992
:107AE0002046F9F773F8A0B104F124000599FFF7D7
:107AF000B3FB2046F9F79DFA00F008FB0028A3D15C
:107B00004FF0805019490860BFF34F8FBFF36F8F5C
:107B10009AE72046F9F78DFA00F0F8FA94E7204644
:107B2000F9F787FA00F0F2FA2046F9F74FF8002843
:107B30008AD00020A8E700002E2E5C2E2E5C4D6916
:107B400064646C6577617265735C467265655254F6
:107B50004F535C71756575652E6300004572726FD9
:107B6000723A2025732C2025640D0A0004ED00E0F4
:107B700070B506460C462EB940F6FD421FA128A05E
:107B8000C8F786FC2CB940F6FE421CA124A0C8F719
:107B90007FFCFFF703F9264802687068131A25482E
:107BA000006890F8590030B100202249096881F836
:107BB000590001251EE02068401C08B9002519E085
:107BC0001D4930680968884206D07068904203D821
:107BD0000125002020600DE02068984207D9206828
:107BE000C01A20603046FFF725FB002502E0002088
:107BF00020600125FFF71EF9284670BD2E2E5C2E51
:107C00002E5C4D6964646C6577617265735C467265
:107C1000656552544F535C7461736B732E6300003F
:107C20004572726F723A2025732C2025640D0A006C
:107C3000B4000020A0000020C80000202DE9FF4F64
:107C400085B0804689461746DDE912ABB800F9F7E2
:107C500039FA064656B15C20F9F734FA04460CB1FD
:107C6000266304E03046FFF725F900E000247CB1EC
:107C70000020CDE900ABCDE902403A4649464046F6
:107C8000089BF8F78DFE2046F8F7E2FC012501E09D
:107C90004FF0FF35284609B0BDE8F08F0549096867
:107CA00009B9012005E00449096809B9022000E08A
:107CB00000207047BC000020DC000020014908685B
:107CC00070470000B40000202DE9F0414FF000089B
:107CD0005F48006800287DD15E480068451C5D480B
:107CE0000560002D1DD15C480068006808B90120BE
:107CF00000E0002028B940F6C72258A160A0C8F7CC
:107D0000C7FB5548076862480068534908606048E7
:107D1000076060480068401C5E490860F9F7ECF8AD
:107D200000BF5D480068854277D300BF4A480068BD
:107D3000006808B9012000E0002020B14FF0FF30BA
:107D40005549086068E044480068C068C4686668CF
:107D5000B54202D2504806605EE06069D4E9021282
:107D60008A60D4E902214A60211D42688A4201D119
:107D7000E1684160002262610168491E0160A06AF9
:107D800098B1A06AD4E907128A60D4E907214A6051
:107D900004F1180142688A4201D1216A416000223F
:107DA000A2620168491E016000BF94F82C100120F6
:107DB00088403A490968084338490860E16A01EB9C
:107DC0008101374A02EB81014868A0608268E26065
:107DD000211D00E033E0826851608160E16A01EBBF
:107DE00081012F4A02EB81026261E16A01EB8101AC
:107DF0002B4A52F82110491CE26A02EB8202284BFE
:107E000043F822102749E06A0968C96A88428DD37D
:107E10004FF001088AE700E000BF22480068C06A0E
:107E200000EB80001E4951F82000012801D94FF0D5
:107E300001081D48006808B14FF0010804E01B4824
:107E40000068401C194908604046BDE8F081000008
:107E5000DC000020B4000020A40000202E2E5C2EA8
:107E60002E5C4D6964646C6577617265735C467203
:107E7000656552544F535C7461736B732E630000DD
:107E80004572726F723A2025732C2025640D0A000A
:107E9000A8000020C8000020D0000020B80000206A
:107EA000005A0020A0000020C4000020C0000020D4
:107EB00070B505462C460026002D5ED0304800687F
:107EC000844201D1012000E0002028B941F24F0294
:107ED0002CA135A0C8F7DCFA206D28B941F2500278
:107EE00028A131A0C8F7D4FA206D401E2065E16CAE
:107EF000E06A884241D0206D00283ED1201DFEF767
:107F000003FF40B994F82C10012088402A490968E1
:107F1000814329480160E06CE062E06AC0F1200022
:107F2000A06194F82C100120884023490968084377
:107F300021490860E16A01EB8101204A02EB8101DD
:107F40004868A0608268E260211D8268516081609B
:107F5000E16A01EB8101194A02EB81026261E16A87
:107F600001EB8101154A52F82110491CE26A02EB2B
:107F70008202124B43F822100126304670BD0000E9
:107F8000A00000202E2E5C2E2E5C4D6964646C6572
:107F900077617265735C4672656552544F535C74C9
:107FA00061736B732E6300004572726F723A202505
:107FB000732C2025640D0A00B8000020005A002010
:107FC00070B50646F068C4682CB940F682423CA100
:107FD00044A0C8F75DFAA06AD4E907128A60D4E920
:107FE00007214A6004F1180142688A4201D1216ADE
:107FF00041600022A2620168491E01603D4800689C
:1080000000283DD16069D4E902128A60D4E90221D6
:108010004A60211D42688A4201D1E1684160002224
:1080200062610168491E016094F82C1001208840AB
:1080300031490968084330490860E16A01EB810170
:108040002E4A02EB81014868A0608268E260211D2F
:10805000826851608160E16A01EB8101274A02EB8D
:1080600081026261E16A01EB8101244A52F8211028
:10807000491CE26A02EB8202204B43F8221010E016
:108080001F494868E0618268226204F11801826831
:10809000516081601A4AA26211460968491C116048
:1080A00000BF1849E06A0968C96A884204D90125F5
:1080B00001201549086000E00025284670BD000039
:1080C0002E2E5C2E2E5C4D6964646C657761726542
:1080D000735C4672656552544F535C7461736B7385
:1080E0002E6300004572726F723A2025732C202592
:1080F000640D0A00DC000020B8000020005A0020B7
:10810000A85C0020A0000020C400002070B500245E
:1081100000265048006828B940F6B3024EA157A087
:10812000C8F7B6F9FEF73AFE4A480068401E4949CA
:1081300008600846006800287ED15448006800287E
:108140007AD05BE05248C068C468A06AD4E90712DC
:108150008A60D4E907214A6004F1180142688A4222
:1081600001D1216A41600022A2620168491E0160BA
:108170006069D4E902128A60D4E902214A60211DB3
:1081800042688A4201D1E16841600022626101686F
:10819000491E016094F82C10012088403D4909686F
:1081A00008433C490860E16A01EB81013A4A02EB6D
:1081B00081014868A0608268E260211D8268516088
:1081C0008160E16A01EB8101334A02EB8102626165
:1081D000E16A01EB8101304A52F82110491CE26A40
:1081E00002EB82022C4B43F822102C49E06A09680A
:1081F000C96A884202D301202949086024480068DE
:1082000008B9012000E0002000289BD00CB1F8F74D
:1082100073FE2448056865B100BFFFF755FD10B136
:1082200001201F4908606D1E002DF6D100201D4958
:1082300008601B48006800E008E038B101263007FC
:1082400019490860BFF34F8FBFF36F8FFEF7F2FD40
:10825000304670BDDC0000202E2E5C2E2E5C4D6959
:1082600064646C6577617265735C467265655254CF
:108270004F535C7461736B732E6300004572726FB1
:10828000723A2025732C2025640D0A00B0000020CE
:10829000A85C0020B8000020005A0020A0000020A8
:1082A000C4000020C000002004ED00E01CB5002444
:1082B000F8F744FA0B48006858B10B481F21002317
:1082C0004FF48072CDE9001008A10A48FFF7B6FC10
:1082D00004462CB940F2191207A110A0C8F7D8F82B
:1082E00020461CBDE8000020EC000020546D7220E8
:1082F00053766300191003082E2E5C2E2E5C4D69F8
:1083000064646C6577617265735C4672656552542E
:108310004F535C74696D6572732E63004572726FA2
:10832000723A2025732C2025640D0A002DE9F843AC
:1083300004462046E8F756FD07462046E8F755FD77
:1083400080463846E8F722FA05464046E3F7F0FA59
:1083500006463068009040F2E770401B80B2ADF8EE
:1083600000009DF90220BDF800104046E3F7E8FA4E
:10837000BDE8F88310B500290AD00878002807D096
:1083800005487844C8F706FB002801D0002010BD3E
:108390000248784410BD0000127E00000A7E0000F2
:1083A00081F00041704780F00040704721F00041AB
:1083B000704720F000407047491058BFC1F140415C
:1083C0005B1058BFC3F140438B42EFF3008070470E
:1083D0002DE9C04130B4DFF8A0C23CEA111418BF47
:1083E0003CEA131400F0EC8081EA03051CEA111446
:1083F00044EAD57418BF1CEA131500F0C780A4EB3B
:1084000005044FF0004545EAC12145EAC32341EA8E
:10841000505143EA525304F17F74994204F50034F9
:108420004FEAC0204FEAC22208BF904200F09C8071
:108430004FEA13650FF24016765D4FEA134506FBCF
:1084400005F7C7F1807706FB07F74FEAD737A7FB99
:1084500003687642C8F58038A7FB06CE38BFA8F17E
:10846000010807FB08E64FF0000EA6FB028CE6FBB6
:1084700003CEDCF1000CCEF1004E38BFAEF1010EA0
:10848000A6FB0C584FF000074FF00005E6FB0E87E7
:10849000A1FB08C6A0FB07CE16EB0E0645F10005B2
:1084A000E1FB076515F1E04E7EBFA4F580345FEA7D
:1084B00046066D4116F1800745F100054FEA172782
:1084C0004FEA066647EA0567A6F1DE46B6F1805F29
:1084D0004FEA15251FD9384624F0010C05EBC4716D
:1084E000BCF1FE6F01EB0C1102D8F0BCBDE80081BD
:1084F00024425CBF01F5801E9EEAC47F02D4F0BC1A
:10850000BDE80081244238D4F0BCA1F1C041BDE8EF
:10851000004100F041BA4FEAD22242EA43524FEA08
:10852000D323A7FB02864FEAD02040EA415007FB45
:1085300003661EEA0E0F4FEAD12105FB026658BF03
:10854000A6EB0056B6EB00564FEA520E4EEAC37E3B
:1085500018EB0E0E56EB530EBDD518EB02085E411C
:108560007F1C55F10005B6E74FF480154FF000076A
:108570004FF000064FF00008ADE7F0BC4FF00000F0
:1085800001F1C04101F00041BDE8008111EA0C1F7A
:108590000CEA131500D00CE013EA0C1F00F0258044
:1085A0004FF00000F0BC81EA030101F00041BDE89A
:1085B0000081F0BCBDE8004181EA030100F0ECB9A4
:1085C000F0BCBDE8004170B500F098F9097EFC3EB2
:1085D00000F007B881EA03014FF0000001F000410C
:1085E000704781EA030100F0D7B9F0BCBDE8004153
:1085F0004FF0000021497047FFFDFBF9F7F5F4F259
:10860000F0EEEDEBE9E8E6E4E3E1E0DEDDDBDAD82D
:10861000D7D5D4D3D1D0CFCDCCCBCAC8C7C6C5C48B
:10862000C2C1C0BFBEBDBCBBBAB9B8B7B6B5B4B3A2
:10863000B2B1B0AFAEADACABAAA9A8A8A7A6A5A48D
:10864000A3A3A2A1A09F9F9E9D9C9C9B9A99999851
:108650009797969595949393929191908F8F8E8EF4
:108660008D8C8C8B8B8A8989888887878685858481
:1086700084838382828181800000FF070000F87F6D
:108680004FEA1153A3F58063D3F11E03A8BFD3F1C2
:10869000200C08DB4FF0004242EAC12252EA50525D
:1086A00032FA03F0704709420BD4102BC4BF0020EC
:1086B000704703F5787CBCF1FF3F05D04FF0FF30E9
:1086C00070474FF00000704770B500F017F900BF19
:1086D0004992248000207047F0E710F0004248BF24
:1086E0004042B0FA80F310FA03F10AD0C3F11D033F
:1086F00003F580634FEA415002EB035202EBD121B4
:1087000070474FF000007047B0FA80F310FA03F1A1
:108710000AD0C3F11D0303F580634FEA41504FEACD
:10872000035202EBD12170474FF000007047000068
:1087300051EA030C17D41CF5801F58BFBCF5801FED
:1087400000F10680994218BF704708BF90427047F9
:1087500007D711F5801F58BF13F5801F19D4994210
:108760007047894270471CF5801F08D5BCF5801FF3
:10877000F7D58B4218BF704708BF824270474FF44D
:10878000001C1CEB410F38BF1CEB430F01D28B4286
:10879000704770B500F0B2F8922449004FF00051D4
:1087A0004FF08053FFF708BEDFF848C170B51CEAF0
:1087B000111E1EBF1CEA13159EEA0C0F95EA0C0F42
:1087C00000F06F8081EA030423EA4C134EEAD47E62
:1087D00021EA4C1141F4801143F48013AE44A1FB13
:1087E000024CA0FB0365AEF17F7E361955EB0C05FC
:1087F000A1FB034C4CF10003A0FB021C16EB0C0682
:10880000654153F10003094218BF46F0010613F415
:10881000007F0BD14FEA03314FEA0530340341EAC0
:10882000155140EA16506FF003020AE04FEAC321E7
:108830004FEAC520F40241EA555140EA56506FF024
:10884000020202EB2E4201EB025585EACE710AD0FC
:108850005FEA440C18BF24F0004450F1000041F1DD
:10886000000120EAD47040F2FE7C624500D270BD67
:10887000A84214BF4FF080444FF04044002E08BF80
:108880000024BEF1806FA8BFA1F1C041BDE87040D7
:1088900080F282804FF0000001F1C04101F0004100
:1088A00070479EEA0C0F0CEA131518BF95EA0C0FDF
:1088B00006D04FF0000081EA030E0EF0004170BDBB
:1088C00000F01CF88900013E00F007B800F009B87C
:1088D0004FEA430C5FEA5C5C08D081EA030100F0D8
:1088E0005BB84FEA410C5FEA5C5CF6D14FF00000E8
:1088F000014970470000FF070000F87F0EF1020EEB
:108900002EF0030E5EF8046B364205D4012A43EBC9
:10891000030515F5001F12D8012841EB010C1CF5C9
:10892000001F0CD80ED14FEAD17C15F5001F0CEBBF
:108930004C0C0CF1020C08BF4CEBD37C04E04FF064
:10894000080C01E04FEAD37C0CEB4C0526FA05F647
:1089500006F00706B6F1040C06D20EEB860CBDE855
:1089600070404CF0010C6047DFE80CF0090B02028C
:108970004FF000414FF00000A1F5002170BD1946F5
:108980001046012851EB010418BFD4F5001484BF30
:10899000002001F0004170BD0808A0F500114FEA69
:1089A0003101704753EA010C17D41CF5801F58BFE2
:1089B000BCF5801F00F106808B4218BF704708BFCE
:1089C0008242704707D713F5801F58BF11F5801FEB
:1089D00019D48B4270479B4270471CF5801F08D505
:1089E000BCF5801FF7D5994218BF704708BF904269
:1089F00070474FF4001C1CEB430F38BF1CEB410FBA
:108A000001D2994270470FB40CBC03BCFFF7C1BE42
:108A10004FF04070E1EE100A7047C8F776B90000D9
:108A2000000000000000010203040607080900001E
:108A3000000001020304000000000000000000002C
:108A40000000000000003F400000000000000000A7
:108A50003000400030004000000009000BC03D0025
:108A60000BC03D00090018C024407FE02240318047
:108A70000000180024C01B000D80324001800380DC
:108A80001C4027401C800740004010006000000090
:108A90000000000000000000000000001F802040D7
:108AA00040200000402020401F80000000000900FE
:108AB00006001F80060009000000040004003F803B
:108AC000040004000000001000600000000000002E
:108AD0000000040004000400040004000000000082
:108AE00000400000000000000000002001C006005F
:108AF0003800400000001F802040204020401F80A0
:108B00000000000010403FC000400000000018C0FE
:108B10002140224024401840000010802040244082
:108B200024401B80000002000D0011003FC00140E6
:108B300000003C80244024402440238000001F800B
:108B4000244024403440038000003000200027C02F
:108B50003800200000001B802440244024401B805B
:108B600000001C0022C0224022401F8000000000A4
:108B70000000084000000000000000000000046049
:108B8000000000000000000004000A001100208026
:108B90004040090009000900090009000000000028
:108BA0004040208011000A000400180020002340EB
:108BB0002400180000001F802040274029401F404B
:108BC0000000004007C039000F0001C000402040F5
:108BD0003FC0244024401B8000001F8020402040D4
:108BE00020403080000020403FC0204020401F80B7
:108BF000000020403FC024402E4030C000002040F4
:108C00003FC024402E00300000000F0010802040A4
:108C100022403380020020403FC0040004003FC0D7
:108C20002040204020403FC0204020400000006005
:108C3000202020203FC02000200020403FC02440B2
:108C40000B0030C0204020403FC02040004000408A
:108C500000C03FC03C0003C03C003FC000002040BB
:108C60003FC00C4023003FC020001F802040204018
:108C700020401F80000020403FC0244024001800F6
:108C800000001F802140214020E01FA00000204064
:108C90003FC02440260019C0004018C02440244092
:108CA000224031800000300020403FC02040300092
:108CB000000020003F80004000403F802000200056
:108CC0003E0001C0070038002000380007C03C000B
:108CD00007C038000000204039C0060039C02040DD
:108CE00000002000384007C038402000000030401D
:108CF00021C02640384020C00000000000007FE076
:108D0000402040200000000070000C000380004064
:108D100000000000402040207FE000000000000034
:108D20002000400020000000000000100010001093
:108D300000100010001000000000400000000000C3
:108D40000000000002800540054003C000402000F4
:108D50003FC0044004400380000000000380044042
:108D600004400640000000000380044024403FC04F
:108D70000040000003800540054003400000000063
:108D800004401FC0244024402000000002E00550A1
:108D900005500650042020403FC00440040003C09A
:108DA00000400000044027C0004000000000001008
:108DB0000010041027E00000000020403FC00140E8
:108DC000070004C00440204020403FC00040004055
:108DD000000007C0040007C0040003C000000440F6
:108DE00007C00440040003C00040000003800440AA
:108DF000044003800000041007F004500440038086
:108E00000000000003800440045007F000100440FC
:108E100007C00240040004000000000006400540B6
:108E2000054004C00000000004001F800440004012
:108E30000000040007800040044007C00040040018
:108E4000070004C0018006000400060001C00700FE
:108E500001C006000000044006C0010006C0044036
:108E600000000410071004E0018006000400000068
:108E7000044005C00640044000000000000004005B
:108E80007BE040200000000000000000FFF0000038
:108E90000000000040207BE00400000000004000D3
:108EA0008000400020002000400000000000000082
:108EB00000000000000000000000000000000000B2
:108EC0001FCC000C00000000000000000800300073
:108ED00060000800300060000000022003FC1E203B
:108EE000022003FC1E200220000000000E181104C6
:108EF0003FFF10840C78000000000F0010840F3832
:108F000000C0077818840078000000780F8410C42F
:108F100011240E9800E40084000808006800700026
:108F20000000000000000000000000000000000041
:108F300007E018182004400200000000400220044E
:108F4000181807E000000000000002400240018005
:108F50000FF001800240024000000080008000808D
:108F60000FF800800080008000000001000D000E5E
:108F700000000000000000000000000000800080F1
:108F8000008000800080008000800000000C000C49
:108F900000000000000000000000000000060018B3
:108FA00000600180060018002000000007F008089B
:108FB00010041004080807F000000000080408046A
:108FC0001FFC000400040000000000000E0C101440
:108FD0001024104411840E0C000000000C18100422
:108FE0001104110412880C700000000000E003203E
:108FF000042408241FFC0024000000001F98108493
:1090000011041104108810700000000007F0088897
:109010001104110418880070000000001C001000EA
:1090200010FC13001C001000000000000E3811445A
:109030001084108411440E38000000000700088CD2
:1090400010441044088807F00000000000000000F1
:10905000030C030C000000000000000000000001F1
:109060000106000000000000000000000080014038
:109070000220041008081004000002200220022030
:109080000220022002200220000000001004080834
:109090000410022001400080000000000E001200B9
:1090A000100C106C10800F00000003E00C1813E48B
:1090B000142417C4082807D000000004003C03C48F
:1090C0001C40074000E4001C000410041FFC1104B5
:1090D000110411040E880070000003E00C18100445
:1090E0001004100410081C10000010041FFC1004D1
:1090F00010041004080807F0000010041FFC1104FD
:10910000110417C410040818000010041FFC1104F7
:10911000110017C010000800000003E00C18100434
:10912000100410441C780040000010041FFC108440
:109130000080008010841FFC100400001004100444
:109140001FFC1004100400000000000300011001C7
:1091500010011FFE10001000000010041FFC11047D
:1091600003801464181C1004000010041FFC100479
:10917000000400040004000C000010041FFC1F0089
:1091800000FC1F001FFC1004000010041FFC0C0456
:10919000030000E010181FFC100007F0080810047E
:1091A00010041004080807F0000010041FFC1084CD
:1091B0001080108010800F00000007F008181024A5
:1091C0001024101C080A07F2000010041FFC1104F0
:1091D000110011C011300E0C000400000E1C11040F
:1091E0001084108410441C38000018001000100473
:1091F0001FFC100410001800000010001FF81004DD
:109200000004000410041FF8100010001E0011E0FC
:10921000001C007013801C0010001FC0103C00E0F8
:109220001F0000E0103C1FC000001004180C163492
:1092300001C001C01634180C100410001C001304E7
:1092400000FC13041C00100000000804101C106433
:10925000108413041C04101800000000000000001B
:109260007FFE4002400240020000000030000C007F
:1092700003800060001C0003000000004002400268
:1092800040027FFE000000000000000000002000FF
:1092900040004000400020000000000100010001EB
:1092A0000001000100010001000100004000400039
:1092B00020000000000000000000000000980124D1
:1092C00001440144014400FC000410001FFC00881C
:1092D0000104010400880070000000000070008894
:1092E00001040104010400880000000000700088EF
:1092F0000104010411081FFC0004000000F80144EF
:1093000001440144014400C80000000001040104BC
:109310000FFC1104110411001800000000D60129EF
:109320000129012901C90106000010041FFC008465
:1093300001000100010400FC000400000104190404
:1093400019FC0004000400000000000000030001FC
:109350000101190119FE0000000010041FFC002487
:10936000004001B4010C01040000000010041004CE
:109370001FFC0004000400000000010401FC0104C3
:10938000010001FC0104010000FC010401FC008457
:1093900001000100010400FC0004000000F80104C9
:1093A00001040104010400F80000010101FF00852F
:1093B00001040104008800700000000000700088B3
:1093C00001040104010501FF00010104010401FC85
:1093D00000840104010001800000000000CC012491
:1093E0000124012401240198000000000100010073
:1093F00007F80104010400000000010001F8000466
:1094000000040004010801FC000401000180017057
:10941000000C001001600180010001F0010C00301F
:1094200001C00030010C01F0010000000104018CBA
:1094300000740170018C01040000010101810171BF
:10944000000E001801600180010000000184010C81
:10945000013401440184010C000000000000000000
:10946000000001003EFC400240020000000000003D
:109470000000FFFF0000000000000000400240026A
:109480003EFC0100000000000000000060008000C1
:10949000800040004000200020000000000000008C
:1094A00000000000000000000000000000000000BC
:1094B00000000000000000000000000000000000AC
:1094C000000000000000000000000000000F8038D5
:1094D0000FFE380F80380000000000000000000080
:1094E00000000000000000000100000600000C0069
:1094F000003800003100000600000C0000380000B9
:109500003000000000000000000061800067F807E4
:10951000F9800061800061800061800061800067E7
:10952000F807F980006180000000000000000000E2
:1095300001C0E003E0F00630080418081FFFFE0435
:109540000E080787F00381E000000000000001F032
:1095500000060C00040408060C7001F9C0000E009F
:10956000003BE000EC18070808040C180003E000BA
:1095700000000001E00007F003F818041C080417BD
:109580000807E1D003C0E00023B0003C0800200839
:109590000000100000000000000100003100003257
:1095A00000001C000000000000000000000000009F
:1095B00000000000000000000000000000000000AB
:1095C000000000000000000000007F0001FFC00755
:1095D00080F00C00181000042000020000000000C1
:1095E000002000021000040C00180780F001FFC0EA
:1095F000007F0000000000000000000000000000EC
:109600000000000000004200006600006600003C10
:109610000000180003FFC0001800003C00006600B6
:109620000066000042000000000008000008000082
:10963000080000080000080001FFC0000800000842
:109640000000080000080000080000000000000101
:1096500000003100003200001C000000000000008B
:1096600000000000000000000000000000000000FA
:1096700000000800000800000800000800000800C2
:1096800000080000080000080000080000080000B2
:10969000000000000000000000003800003800005A
:1096A0003800000000000000000000000000000082
:1096B00000000000000000000000000600001C0088
:1096C0000070000180000E0000380000C00007009C
:1096D000001C0000300000000000000000007F803F
:1096E00001FFE0038070060018040008040008066B
:1096F000001803807001FFE0007F80000000000080
:109700000000000001000801000801000803FFF844
:1097100007FFF80000080000080000080000000033
:10972000000000000001C03802C058040098040185
:1097300018040218040418061C1803F81801E0F8AD
:1097400000000000000000000001C0E003C0F004C1
:10975000000804080804080806180803F41801E7BC
:10976000F00001E000000000000000000000030025
:10977000000D0000110000610000810803010807CE
:10978000FFF80FFFF80001080001080000000000CA
:10979000000000E007FCD0060808061008061008C4
:1097A000061008061838060FF00607C00000000073
:1097B0000000000000003F8001FFE0038430020849
:1097C00018041008041008041008071810030FF0FC
:1097D0000007C000000000000000000003C00007F8
:1097E00000000600000600F80607F806180006E06C
:1097F0000007000006000000000000000001E1E09A
:1098000003F7F0063410041808041808040C0804C0
:109810000C0806161803F3F001C1E0000000000078
:109820000000F80003FC30030638040208040208B4
:109830000402080404100308F001FFC0007F0000C8
:109840000000000000000000000000000000000018
:109850000000703800703800703800000000000010
:1098600000000000000000000000000000000000F8
:10987000000000000000301A00301C000000000052
:1098800000000000000000000000000000000000D8
:109890000008000014000022000041000080800148
:1098A0000040020020040010080008000000000032
:1098B0000000210000210000210000210000210003
:1098C00000210000210000210000210000210000F3
:1098D0000000000000000000080008040010020062
:1098E00020010040008080004100002200001400A0
:1098F00000080000000000000003C00004C00004D5
:109900000000080038080F380808380810000C302C
:109910000007E00003C000000000000000003F80DE
:1099200000FFE0038070020F1006708804C08804F6
:109930008308047F8802C09003012000FE400000DD
:10994000080000180001F8003E0801C200070200EC
:1099500007E20000FE00001FC80001F80000380008
:10996000000804000807FFF807FFF80408080408C7
:109970000804080804080806180803F41801E7F0AA
:109980000001E0000000000000003F8001FFE00354
:109990008070020018040008040008040008040095
:1099A000100600200780C000000004000807FFF830
:1099B00007FFF80400080400080400080400180267
:1099C000001003807001FFE0007F800000000400B1
:1099D0000807FFF807FFF804080804080804080847
:1099E000040808043E08040008060018010060008E
:1099F000000004000807FFF807FFF804080804083F
:109A000000040800040800043E00060000060000F0
:109A1000018000000000000000003F8001FFE00323
:109A200080700600180400080402080402080203FB
:109A3000F00783F000020000020004000807FFF8AE
:109A400007FFF804080800080000080000080000EC
:109A5000080004080807FFF807FFF80400080000E2
:109A60000000000004000804000804000807FFF8D4
:109A700007FFF804000804000804000800000000C4
:109A800000000000000000060000070000010400C4
:109A90000104000104000307FFFE07FFFC040000AF
:109AA00004000004000004000807FFF807FFF804A2
:109AB0000C08001800003E0004C7800503C806001B
:109AC000F804003804001800000804000807FFF834
:109AD00007FFF80400080000080000080000080064
:109AE00000080000080000180000600000000400EA
:109AF0000807FFF807800807FC00007FC00003F894
:109B00000007C000780007800807FFF807FFF80487
:109B1000000804000807FFF807000803C00000E081
:109B200000003800001E000007000001C00400F023
:109B300007FFF8040000000000007F8001FFE00341
:109B400080700600180400080400080600180300CE
:109B50003001FFE0007F8000000004000807FFF8EC
:109B600007FFF804040804040004040004040004CB
:109B70000400060C0003F80001F0000000000000E3
:109B800000007F8001FFE0038070060088040088E9
:109B90000400C806003C03003E01FFE6007F84008D
:109BA000000004000807FFF807FFF804080804088D
:109BB00000040C00040F00040BC00610F003F03882
:109BC00001E00800000800000001E0F803F03006A2
:109BD0003010041808041808040C08040C080206C5
:109BE000180207F00781E000000001800006000075
:109BF00004000004000004000807FFF807FFF80451
:109C000000080400000400000600000180000400B9
:109C10000007FFE007FFF00400180000080000083C
:109C200000000800000800000804001007FFE0041E
:109C3000000004000006000007E00007FE00041F0B
:109C4000E00001F80000380001E0043E0007C00019
:109C500006000004000004000007E00007FFC00445
:109C60001FF80007C007F80007FF80043FF800074F
:109C7000C004F80007000004000000000004000811
:109C800006001807C07805F1C8003E00001F8004D8
:109C900063E80780F80600180400080000000400CC
:109CA0000006000007800007E008047C08001FF899
:109CB0000007F800180804E0080700000600000488
:109CC00000000000000100080600380400F804034A
:109CD000E8040F08047C0805F00807C0080700180E
:109CE0000400600000000000000000000000000010
:109CF00000000000003FFFFE2000022000022000C4
:109D0000022000022000020000000000000000000D
:109D100008000007000000C0000038000006000036
:109D200001C000003000000E000001000000000033
:109D3000000000002000022000022000022000029B
:109D40002000023FFFFE00000000000000000000B5
:109D500000000000000000000000000800001000EB
:109D6000003000002000003000001000000800005B
:109D700000000000000000000100000100000100E0
:109D800000010000010000010000010000010000CE
:109D900001000001000001000001000000000000BF
:109DA0000000002000002000001000001000000053
:109DB00000000000000000000000000000000000A3
:109DC000000000F00019F8001B1800220800260807
:109DD000002408002410003FF8001FF800000800CD
:109DE000001800000004000007FFF80FFFF0001843
:109DF00018001008002008002008003018001FF08C
:109E0000000FC00000000000000007C0001FF000AD
:109E10001830002008002008002008003C08001C22
:109E2000100000600000000000000000000007C0FB
:109E3000001FF00038180020080020080020080447
:109E4000101007FFF80FFFF00000100000000000E6
:109E5000000000000007C0001FF0001230002218B0
:109E6000002208002208003208001E10000E200008
:109E7000000000000000200000200800200801FF72
:109E8000F803FFF806200804200804200807200033
:109E900003000000000000000000000E000E6E0035
:109EA0001FF30031B10020B10020B1003191001F3B
:109EB00013002E1E00200E003000000000040008D9
:109EC00007FFF80FFFF80010080020000020000036
:109ED0002008003FF8001FF8000008000000000004
:109EE00000000000002008002008002008063FF8BD
:109EF000063FF8000008000008000008000000000D
:109F0000000000000000000000000300000300202B
:109F100001002001002003063FFE063FFC00000078
:109F200000000000000000000004000807FFF80F18
:109F3000FFF8000188000300002FC00038F800205F
:109F400038002008000008000000000000000000A9
:109F500004000804000804000807FFF80FFFF800D9
:109F600000080000080000080000000000000020B9
:109F700008003FF8003FF8001008002000003FF8FC
:109F8000003FF8001008002000003FF8003FF800F4
:109F90000008000000002008003FF8003FF8001013
:109FA00008001000002000002008003FF8001FF803
:109FB0000000080000000000000007C0000FF000D3
:109FC0001830003008002008002008003008001871
:109FD00030000FF00007C00000000000000020016A
:109FE000003FFF003FFF0010110020090020080083
:109FF0002008003038001FF0000FC00000000000F3
:10A00000000007C0001FF0003818002008002008DA
:10A01000002009001011001FFF003FFF0000010099
:10A020000000002008002008002008003FF8003F42
:10A03000F800080800100800200800200000300088
:10A04000003000000000000000000000000C78005C
:10A050001E18003308002308002108002188002171
:10A06000980030F000386000000000000000200080
:10A0700000200000200000FFF003FFF8002008008F
:10A080002008002008000030000000000000000050
:10A0900000002000003FF0007FF8000018000008DA
:10A0A000000008002010003FF8007FF000001000C2
:10A0B0000000000000002000003000003C00003FD5
:10A0C000800023F0000078000070002380003C0036
:10A0D000003000002000002000003C00003FE000B5
:10A0E00023F80000E0002700003E00003FE00021D0
:10A0F000F80001E0003E0000200000000000200801
:10A10000002008003838003E680027800003C8009F
:10A110002CF800383800201800200800000000004B
:10A1200000002000003003003C01003F830023ECCE
:10A13000000070002380003C000020000020000090
:10A140000000000000000000003808002038002057
:10A15000F80023E8002F88003E0800380800201887
:10A16000000070000000000000000000000000007F
:10A1700000000000000008000014001FF7FC300081
:10A1800006200002000000000000000000000000A7
:10A19000000000000000000000000000FFFFFF00C2
:10A1A00000000000000000000000000000000000AF
:10A1B000000000002000023000061FF7FC00140021
:10A1C0000008000000000000000000000000000087
:10A1D0000000000000180000600000400000400087
:10A1E000002000001000000800000400000400002F
:10A1F0000C00001000000000000000000000000043
:10A20000000000000000000000000000000000004E
:10A21000000000000000000000000000000000003E
:10A22000000000000000000000000000000000002E
:10A23000000000000000000000000000000000001E
:10A24000000000000000000000000000000007F017
:10A2500000C007FFE1E007F001E0000000C00000DF
:10A2600000000000000000000000000000000000EE
:10A2700000000000000000000000000000000020BE
:10A28000000001C00000078000001F0000001E0049
:10A2900000001C20000001C00000078000001F001B
:10A2A00000001E0000001C00000000000000000074
:10A2B0000000000000000000000000180C00001862
:10A2C0000C0000180FE0001FFC0003F80C00001841
:10A2D0000C0000180C0000180C0000180C000018EE
:10A2E0000FE0001FFC0003F80C0000180C00001821
:10A2F0000C00000000000000000000000000000052
:10A300000780007807C000FC0640010E002003070C
:10A310000020020380200FFFFFFC0201C02002008A
:10A32000E0600130704001F03F8000F01F0000004D
:10A3300000000000000000FE000001FF000003011B
:10A34000800002008060030181C001FF070000FE61
:10A3500018000000E0000003BF00000CFFC0007107
:10A36000806001C10020030180600000FFC0000088
:10A370003F000000000000001F0000007FC000FC44
:10A38000C0C001FF80600303E020020278200206C3
:10A390001E2003FC074001F00380000103C0000100
:10A3A0001C600001E02000010020000100400000CE
:10A3B00001800000000000000000002000001C6080
:10A3C00000001C4000001F8000000F000000000083
:10A3D000000000000000000000000000000000007D
:10A3E000000000000000000000000000000000006D
:10A3F000000000000000000000000000000000005D
:10A40000000000000000000000000000000000004C
:10A4100000000007F800003FFF00007807C001C0FF
:10A4200000E00300003004000008080000041000F1
:10A430000002000000000000000010000002080000
:10A440000004040000080300003001C000E00078B0
:10A4500007C0003FFF000007F800000000000000F8
:10A4600000000000000000000000000000000000EC
:10A470000000000000000000000000000000000CD0
:10A480001800000E3800000E3800000630000003EF
:10A4900060000061438000FFFF8000614300000313
:10A4A000600000063000000E3800000E3800000C7E
:10A4B0001800000000000000000000000000000084
:10A4C000800000008000000080000000800000008C
:10A4D000800000008000007FFF000000800000007E
:10A4E000800000008000000080000000800000006C
:10A4F00080000000000000000000000000010000DB
:10A5000000E3000000E2000000FC00000078000012
:10A51000000000000000000000000000000000003B
:10A52000000000000000000000000000000000002B
:10A53000000000000000000000000000800000009B
:10A54000800000008000000080000000800000000B
:10A5500080000000800000008000000080000000FB
:10A5600080000000800000008000000080000000EB
:10A57000800000000000000000000000000000005B
:10A5800000C0000001E0000001E0000000C0000089
:10A5900000000000000000000000000000000000BB
:10A5A00000000000000000000000000000000000AB
:10A5B000000000000000000000000000000C00008F
:10A5C0000038000000E00000038000000E000000E2
:10A5D00038000000E00000038000000E000000389A
:10A5E000000000E00000038000000E0000001800E2
:10A5F0000000000000000000000000000000000F4C
:10A60000F800007FFF0000F00780018000C0030019
:10A610000060020000200200002002000020030071
:10A620000060018000C000E00380007FFF00000F99
:10A63000F800000000000000000000000000000022
:10A6400000000080002000800020008000200080AA
:10A65000006001FFFFE003FFFFE00000006000007A
:10A66000002000000020000000200000000000008A
:10A670000000000000000000000000000000007862
:10A6800000E0009801600100026002000460020026
:10A6900008600200106002002060020040600300B9
:10A6A00080600183006001FE00E0007C0780000004
:10A6B000000000000000000000000000000000F0AA
:10A6C000078001F007C001000040020000200201E5
:10A6D00000200201002002010020030380200186E7
:10A6E000804001FCC0C000787F8000001E00000098
:10A6F0000000000000000000000000000800000052
:10A700003800000048000001880000060800000C26
:10A710000810003008100040081001FFFFF003FF90
:10A72000FFF003FFFFF00000081000000810000019
:10A730000810000000000000000000000000000001
:10A740000780001F864003E100200302002003046D
:10A75000002003040020030400200304002003065B
:10A760000040030301C00301FF8003007E000000DE
:10A7700000000000000000000000000000000007D2
:10A78000FC00003FFF000070C380008180C0010119
:10A7900000600302002002020020020200200202E8
:10A7A00000200203004001C180C000C0FF80000003
:10A7B0007E0000000000000000000000000000F02B
:10A7C000000003C00000038000000300000003003D
:10A7D00007E003003FE00301C00003060000031888
:10A7E0000000036000000380000003000000000080
:10A7F0000000000000000000000000001F000078C2
:10A800003F8000FC60C0018EC0400307802002032F
:10A81000002002018020020180200201C0200301EB
:10A82000E040018670C000FC3F8000781F000000FF
:10A8300000000000000000000000003F000000FFDA
:10A8400081C001C0C1C001006020020020200200C0
:10A8500020200200202002002060020040C00100F1
:10A86000C18000C18F00007FFE00001FF0000000CB
:10A8700000000000000000000000000000000000D8
:10A8800000000000000000000000000000000003C5
:10A8900000C0000781E0000781E0000300C0000065
:10A8A00000000000000000000000000000000000A8
:10A8B0000000000000000000000000000000000098
:10A8C0000000000000000000000000000000000682
:10A8D0000066000600780000000000000000000094
:10A8E0000000000000000000000000000000000068
:10A8F0000000000000000000000000000000000058
:10A9000080000001C0000003600000063000000C61
:10A91000180000180C00003006000060030000C0A2
:10A92000018001000040020000200400001000002F
:10A9300000000000000000000000000410000004FF
:10A9400010000004100000041000000410000004B7
:10A9500010000004100000041000000410000004A7
:10A960001000000410000004100000041000000497
:10A9700010000000000000000000000000000400C3
:10A980000010020000200100004000C001800060B3
:10A9900003000030060000180C00000C1800000630
:10A9A0003000000360000001C000000080000000D3
:10A9B000000000000000000000000000000000781F
:10A9C000000001F80000023800000200000004004E
:10A9D00000C0040079E0040081E0040100C0040329
:10A9E0000000020200000306000001FC000000F865
:10A9F00000000000000000000000000FF800003F11
:10AA0000FE000070078000C000C00101F84003078D
:10AA1000FC20021E04200230082002203020023FC9
:10AA2000FC20013F044001800CC000E03180001F89
:10AA3000C2000000000000000020000000600000D4
:10AA400003E000003E200003E020003E200003E081
:10AA500020000380200007FC2000003FE0000003EE
:10AA6000FE2000003FE0000001E0000000200000A8
:10AA70000020000000000000000002000020020092
:10AA8000002003FFFFE003FFFFE0020100200201BE
:10AA90000020020100200201002002010020030327
:10AAA00000200186806001FCC0C000F87F800000AB
:10AAB0001F0000000000000000000007F800003F39
:10AAC000FF000070078000C000C0010000400300CC
:10AAD00000200200002002000020020000200200EE
:10AAE000002001000040018000C003C00180003050
:10AAF000060000000000000000000200002002002C
:10AB0000002003FFFFE003FFFFE00200002002003F
:10AB1000002002000020020000200300006001006D
:10AB20000040018000C000F00780007FFE00000FA1
:10AB3000F8000000000000000000020000200200F9
:10AB4000002003FFFFE003FFFFE0020100200201FD
:10AB50000020020100200201002002010020020367
:10AB60008020020FE0200300006003C000E00060CE
:10AB700003000000000000000000020000200200AE
:10AB8000002003FFFFE003FFFFE0020100200201BD
:10AB90000020020100000201000002010000020189
:10ABA000000002038000030FE0000300000003C068
:10ABB000000000600000000000000007F800003FF7
:10ABC000FE000070078001C001C0010000400300CA
:10ABD00000200200002002000020020000200100EE
:10ABE00020200100204003C03F8000303F80000053
:10ABF000200000002000020000200200002003FFCF
:10AC0000FFE003FFFFE00200802002008020000040
:10AC10008000000080000000800002008020020010
:10AC2000802003FFFFE003FFFFE00200002002009E
:10AC300000200000000000000000000000000000F4
:10AC4000000002000020020000200200002002009C
:10AC5000002003FFFFE003FFFFE0020000200200EE
:10AC60000020020000200200002000000000000080
:10AC7000000000000000000000000000000E0000C6
:10AC8000000F0000000F00000001020000010200A0
:10AC90000001020000030200000603FFFFFC03FFA7
:10ACA000FFF80200000002000000020000000200A5
:10ACB0000000000000000000000002000020020070
:10ACC000002003FFFFE003FFFFE00200C0200201BD
:10ACD000002000078000000FE0000030F800026054
:10ACE0003E2003800F20030003E0020000E002008A
:10ACF00000200000002000000000020000200200F0
:10AD0000002003FFFFE003FFFFE00200002002003D
:10AD100000200000002000000020000000200000B3
:10AD200000200000002000000060000000E00000A3
:10AD3000030000000000020000200200002003FFCA
:10AD4000FFE003E0002003FF0020001FF0000001EF
:10AD5000FF8000000FE000001E000003E000003E46
:10AD6000002003E0002003FFFFE003FFFFE00200FC
:10AD7000002002000020020000200200002003FF4B
:10AD8000FFE00380002003F0002000FC0000001F13
:10AD900000000007C0000001F00000007C0002007D
:10ADA0001F80020007E003FFFFE002000000020036
:10ADB00000000000000000000000000FF800003F4D
:10ADC000FE0000F00780018000C00100004002008A
:10ADD00000200200002002000020020000200100EC
:10ADE0000040018000C000F00380003FFE00000F23
:10ADF000F800000000000000000002000020020037
:10AE0000002003FFFFE003FFFFE0020080200200BC
:10AE1000802002008000020080000200800002000A
:10AE20008000030180000183000000FE0000007C20
:10AE300000000000000000000000000FF800007F8C
:10AE4000FF0000F00380018001C001000640020005
:10AE500004200200042002000620020003E001009A
:10AE600000F80180005C00E0038C003FFF0C000F45
:10AE7000FC1800000000000000000200002002009A
:10AE8000002003FFFFE003FFFFE0020100200201BA
:10AE90000020020180000201E0000201FC00030327
:10AEA0003F80018607E001FC00E000F80020000080
:10AEB00000200000000000000000000000000078FA
:10AEC000060000FE01E0018600C00303004002030B
:10AED000002002018020020180200201C020020027
:10AEE000C0200100E060018070C003E03F800000EE
:10AEF0001F00000000000000000000600000038050
:10AF00000000030000000200000002000020020018
:10AF1000002003FFFFE003FFFFE00200002002002B
:10AF2000002002000000020000000380000000E09A
:10AF3000000000000000020000000200000003FF0B
:10AF4000FF0003FFFFC0020000400200006000009D
:10AF5000002000000020000000200000002002006F
:10AF600000400200008003FFFF000200000002001A
:10AF700000000000000000000000020000000200CD
:10AF8000000003C0000003FC0000023FC0000003FB
:10AF9000F80000007F80000007E00000078000004C
:10AFA00078000203C000023C000003C00000020061
:10AFB0000000020000000200000003C0000003FFC8
:10AFC0008000023FFE0002007FE000000F00020050
:10AFD000F00003EF000003FF8000020FFE000000FE
:10AFE0003FE000001F000207E00003F8000003003C
:10AFF000000002000000000000000200002002002B
:10B000000020038000E003F0032002FC0C20021F5C
:10B0100030000007C0000007F00002187C0002604A
:10B020001F20038003E0020000E002000020000077
:10B0300000200000000000000000020000000300EB
:10B04000000003C0000003F80000023E0020020FD1
:10B05000C0200001FFE000007FE000038020021C10
:10B0600000200270000003800000020000000200C7
:10B070000000000000000000000000000020006050
:10B0800000E0038003E003000FA002003E20020066
:10B09000F8200203E020020F8020023E0020027808
:10B0A000002003E00060038000E0020003000000D5
:10B0B0000000000000000000000000000000000090
:10B0C00000000000000000000000000000001FFF62
:10B0D000FFFC100000041000000410000004100029
:10B0E0000004100000041000000410000004000020
:10B0F0000000000000000000000000000000000050
:10B1000000000700000003C0000000780000001EDF
:10B1100000000003C0000000F00000001E0000005E
:10B120000780000000F00000003C00000006000066
:10B1300000000000000000000000000000001000FF
:10B1400000041000000410000004100000041000AF
:10B15000000410000004100000041FFFFFFC0000AA
:10B1600000000000000000000000000000000000DF
:10B1700000000000000000000000000000000000CF
:10B1800000000000000002000000040000000800B1
:10B190000000180000001000000018000000180057
:10B1A0000000040000000200000000000000000099
:10B1B000000000000000000000010000000100008D
:10B1C000000100000001000000010000000100007B
:10B1D000000100000001000000010000000100006B
:10B1E000000100000001000000010000000100005B
:10B1F000000100000001000000000000000000004D
:10B2000000001000000010000000100000001800F6
:10B210000000080000000400000000000000000022
:10B22000000000000000000000000000000000001E
:10B23000000000000000000000000000038000018A
:10B240008FC000038C60000618200004102000044A
:10B2500010200004202000042040000620400003AD
:10B26000FFC00001FFE000000020000000200000FF
:10B2700000C000000000000000000200000002000A
:10B28000000003FFFFE007FFFFC0000180C00002D5
:10B2900000600002002000040020000400200004E0
:10B2A000002000060040000300C00001FF800000F5
:10B2B000FE00000000000000000000000000000090
:10B2C0007E000001FF80000381C0000200400006F4
:10B2D00000200004002000040020000400200006DC
:10B2E00000200003C0400001C080000003000000F7
:10B2F000000000000000000000000000000000004E
:10B300007E000001FF80000380C000060060000492
:10B31000002000040020000400200204004002027B
:10B32000008003FFFFE007FFFFC0000000400000B7
:10B3300000400000000000000000000000000000CD
:10B340007E000001FF80000311C0000210400004D5
:10B3500010600004102000041020000410200006DB
:10B360001020000310400001F0C000007100000038
:10B3700000000000000000000000000000000004C9
:10B380000000000400200004002000040020007FD2
:10B39000FFE001FFFFE0010400200304002002049D
:10B3A000002002040020020400000200000001C08E
:10B3B000000001C0000000000000000000000000CC
:10B3C000001C0000E33E0003FFC200020CC30004A7
:10B3D00004C1000404C1000404C1000404C1000647
:10B3E0000CC10003F8C30005F0620006007E0006F1
:10B3F000003C0000000000000000020000200200ED
:10B40000002003FFFFE007FFFFE000010020000233
:10B4100000200006000000040000000400000004FA
:10B420000020000600200003FFE00001FFE0000014
:10B4300000200000002000000000000000000000CC
:10B44000000000040020000400200004002000048C
:10B4500000200387FFE0038FFFE00380002000004F
:10B46000002000000020000000200000000000007C
:10B4700000000000000000000000000000000000CC
:10B4800000000000000600000007000000010000AE
:10B490000001000400010004000100040003000496
:10B4A00000060387FFFC038FFFF803800000000005
:10B4B0000000000000000000000002000020020068
:10B4C000002003FFFFE007FFFFE00000082000006E
:10B4D0001020000030000000FC0000058E00000776
:10B4E00007A0000601E0000400E0000400200000C6
:10B4F000002000000000000000000000000000002C
:10B5000000000200002002000020020000200200D3
:10B51000002003FFFFE007FFFFE000000020000025
:10B5200000200000002000000020000000000000BB
:10B5300000000000000000000000000400200007E0
:10B54000FFE0000FFFE00002002000040000000404
:10B5500000200007FFE00003FFE0000200200004DD
:10B560000000000400200007FFE00003FFE00000EF
:10B570000020000000000000000000040020000483
:10B5800000200007FFE0000FFFE0000100200002A4
:10B59000002000020000000400000004000000047D
:10B5A0000020000600200003FFE00001FFE0000093
:10B5B000002000000020000000000000000000004B
:10B5C0007E000000FF80000381C0000200400006F2
:10B5D00000200004002000040020000400200006D9
:10B5E000002000020040000381C00001FF80000035
:10B5F0007E000000000000000000000400010004C4
:10B6000000010007FFFF000FFFFF000100C1000263
:10B610000041000400200004002000040020000479
:10B62000002000060040000301C00001FF80000070
:10B630007E0000000000000000000000000000008C
:10B640007E000001FF80000380C000020060000453
:10B65000002000040020000400200004002000025C
:10B660000041000300C10003FFFF0007FFFF0000CF
:10B6700000010000000100000000000400200004A0
:10B6800000200004002000040020000FFFE0000F55
:10B69000FFE00000C02000010020000200200006A2
:10B6A0000020000400000004000000070000000368
:10B6B000000000000000000000000000000000008A
:10B6C00003E00001C0E00003E04000063020000479
:10B6D0003020000418200004182000041820000462
:10B6E0000C2000020C60000307C0000783800000EC
:10B6F0000000000000000000000000000000000446
:10B7000000000004000000040000000C0000001F06
:10B71000FF8000FFFFC00004006000040020000460
:10B720000020000400200004004000000180000010
:10B730000000000000000000000000040000000401
:10B7400000000007FF80000FFFC000000060000045
:10B750000020000000200000002000000020000465
:10B760000040000400800007FFE0000FFFC0000061
:10B770000040000000400000000000040000000441
:10B780000000000780000007F0000004FE00000435
:10B790001FC0000003E00000038000001C00000444
:10B7A00060000007800000060000000400000000A8
:10B7B0000000000000000004000000060000000778
:10B7C000C0000007FC0000043F80000003E000040C
:10B7D0000F800006F0000007F0000007FF80000463
:10B7E0000FE00000038000043C000007C0000006DA
:10B7F0000000000400000000000000000020000421
:10B80000002000040060000700E00007832000071C
:10B81000E6000004F80000003C0000045E20000583
:10B8200087A0000601E00004006000040020000082
:10B8300000200000000000000000000400000004E0
:10B840000003000700030007E0010004F801000402
:10B850001F02000007FC000000E0000007000004D9
:10B8600038000007C00000060000000400000004CB
:10B8700000000000000000000000000000000007C1
:10B880008060000600E0000403E0000407A000045C
:10B890000E2000043C20000470200005E02000077A
:10B8A000802000070060000400E00000038000002A
:10B8B0000000000000000000000000000000000088
:10B8C0000000000000000000000000000000000078
:10B8D000000000008000000080000001400007FE22
:10B8E0003FF80800000410000002100000020000F1
:10B8F0000000000000000000000000000000000048
:10B900000000000000000000000000000000000037
:10B91000000000000000FFFFFFFF0000000000002B
:10B920000000000000000000000000000000000017
:10B9300000000000000000000000000000001000F7
:10B940000002100000020800000407FE3FF800019A
:10B9500040000000800000008000000000000000A7
:10B9600000000000000000000000000000000000D7
:10B97000000000000000000000001800000030007F
:10B9800000004000000040000000400000002000D7
:10B990000000300000000800000004000000020069
:10B9A000000002000000020000000C00000018006F
:10B9B000000000000000030009000F0015001B003C
:10B9C000508158816081688170817881808188810F
:10B9D000908198812CFC0308800200008007000001
:10B9E00040060000200000002000000020000000B1
:10B9F0000050000000F0000000C80000000000003F
:10BA0000C36702081D69020800000000DD6C02081F
:10BA1000820082004A020000000001E001E0000014
:10BA200000FF0055AAFF0024496D92B6DBFF00110C
:10BA30002233445566778899AABBCCDDEEFF00011E
:10BA400002030405060708090A0B0C0D0E0F10115E
:10BA500012131415161718191A1B1C1D1E1F20214E
:10BA600022232425262728292A2B2C2D2E2F30313E
:10BA700032333435363738393A3B3C3D3E3F40412E
:10BA800042434445464748494A4B4C4D4E4F50511E
:10BA900052535455565758595A5B5C5D5E5F60610E
:10BAA00062636465666768696A6B6C6D6E6F7071FE
:10BAB00072737475767778797A7B7C7D7E7F8081EE
:10BAC00082838485868788898A8B8C8D8E8F9091DE
:10BAD00092939495969798999A9B9C9D9E9FA0A1CE
:10BAE000A2A3A4A5A6A7A8A9AAABACADAEAFB0B1BE
:10BAF000B2B3B4B5B6B7B8B9BABBBCBDBEBFC0C1AE
:10BB0000C2C3C4C5C6C7C8C9CACBCCCDCECFD0D19D
:10BB1000D2D3D4D5D6D7D8D9DADBDCDDDEDFE0E18D
:10BB2000E2E3E4E5E6E7E8E9EAEBECEDEEEFF0F17D
:10BB3000F2F3F4F5F6F7F8F9FAFBFCFDFEFF80806E
:10BB400080818182828384858687898A8C8D8F918A
:10BB5000939597999B9EA0A2A5A7AAADAFB2B50059
:10BB6000FF1FFF1F01E001E0210020000A080B0871
:10BB70000D300C300E380F386400630000000000F8
:10BB8000FCB9030809B8010800000000000000002B
:10BB900000000000C300C300041C0000FCB903083F
:10BBA0007DFF02080000000000000000000000000F
:10BBB00064202B0000000000FCB903087900030892
:10BBC0000000000000000000000000006420D127F9
:10BBD00000000000FCB90308F3BA010869BB0108C2
:10BBE00000000000D9BB010864200401C008000067
:10BBF000FCB9030821CC010800000000000000008F
:10BC000079CC01080401040101040000F0F90308E3
:10BC1000B534020800000000000000000000000031
:10BC20006420322001040000CCFF03080001040856
:10BC300018010408D8000408040104080C010408D1
:10BC40002001040810010408E4000408F8000408B6
:10BC5000FC0004083C010408BCFF03085000040871
:10BC6000C400040808010408D4000408DC00040827
:10BC7000E0000408D0FC0308E8000408EC00040815
:10BC8000D8FC030844010408BCFF0308C0000408F2
:10BC9000F8FF0308240104081C010408D00004086C
:10BCA00014010408C8000408F4000408F0000408A3
:10BCB000FCFF0308F0FF03082C000408BCFF030886
:10BCC0004001040834010408C0FF030838010408D7
:10BCD000300104084801040895010402040204022A
:10BCE00004020402040204020402040204028700A3
:10BCF000960103020302030203020302030203028A
:10BD00000302030287008102810201020102010293
:10BD100001020102010201028102810281029201FB
:10BD20008200060082009201CCFF03088C00040808
:10BD3000A40004085C0004089000040898000408AB
:10BD4000AC0004089C0004086C000408840004088B
:10BD5000880004083C010408BCFF0308CC00040868
:10BD6000480004089400040858000408600004080F
:10BD700064000408680004087000040874000408E3
:10BD80007800040844010408BCFF0308C00004084C
:10BD9000F8FF0308B0000408A800040854000408D1
:10BDA000A00004084C000408800004087C0004087B
:10BDB000FCFF0308F0FF03082C000408BCFF030885
:10BDC0004001040834010408C0FF030838010408D6
:10BDD0003001040848010408950104020402040229
:10BDE00004020402040204020402040204028700A2
:10BDF0009601030203020302030203020302030289
:10BE00000302030287008102810201020102010292
:10BE100001020102010201028102810281029201FA
:10BE20008200060082009201080004080C00040849
:10BE30001000040814000408180004081C0004087A
:10BE40002000040824000408280004080400040852
:10BE50003C010408BCFF0308CC000408ECFF030805
:10BE6000F8FF030800000408E8FF0308380004088E
:10BE7000D8FF0308C4FF030840000408D0FF0308EC
:10BE8000340004083C000408BCFF0308B8000408A0
:10BE900044000408D4FF0308E0FF0308E4FF03089C
:10BEA000280104082C010408B4000408BC0004089C
:10BEB00030000408C8FF0308DCFF0308BCFF0308C8
:10BEC0004001040834010408C0FF030838010408D5
:10BED00030010408480104080102010201020102C4
:10BEE000010201020102010201020102820092012B
:10BEF000010201020102010201020102010201022A
:10BF00000102010201020102010201020102010219
:10BF10000102010201020102010201020102920179
:10BF20008200060082009201080004080C00040848
:10BF30001000040840010408BCFF030814000408B2
:10BF4000180004081C00040830010408BCFF0308A2
:10BF50002000040824000408280004083C01040808
:10BF6000BCFF0308F4FF030804000408FCFF0308F7
:10BF700034010408380104084801040801000100E4
:10BF80000100920101000100010092010100010085
:10BF90000100020001000100010001000100000099
:10BFA000FCB903088D4A02080000000000000000F0
:10BFB000AD4A02081A001A0080020000FCB903080A
:10BFC0000000000000000000000000000000000071
:10BFD000C300040100000000D4F9030800000000C1
:10BFE0000000000000000000000000000000000051
:10BFF000000000007CFA03080000000000000000C0
:10C000000000000000000000000000000000000030
:10C01000FCB90308955602081D58020800000000EC
:10C0200000000000C300040140060000FCB9030842
:10C030004D5802088358020800000000000000006C
:10C040006420D12780020000FCB90308F9570208D8
:10C050000000000000000000000000006420D12764
:10C0600000000000FCB903082B5902080000000082
:10C0700000000000000000006420D1270000000044
:10C08000FCB90308000000000000000000000000F0
:10C0900000000000D127D12700000000FCB90308F0
:10C0A0000000000000000000000000000000000090
:10C0B0000000000000000000FCB9030800000000C0
:10C0C0000000000000000000000000000000000070
:10C0D00000000000FCB903080000000000000000A0
:10C0E0000000000000000000000000000000000050
:10C0F000FCB9030800000000000000000000000080
:10C10000000000000000000000000000FCB903086F
:10C11000C15A0208DF5A020800000000FD5A020856
:10C1200000000000C0030000FCB90308000000008C
:10C130000000000000000000000000000401D12702
:10C1400080030000FCB903080000000000000000AC
:10C1500000000000000000006420D1274002000021
:10C16000FCB903080000000000000000000000000F
:10C1700000000000642064204002000040FB03082F
:10C1800079C60208000000000000000041C7020854
:10C1900000000000410700009CF9030841CB0208A1
:10C1A000000000000000000000000000000000008F
:10C1B00000000000FCB9030899DB020835DD020825
:10C1C00000000000A1DD02086420642000030000DC
:10C1D000FCB90308C5EA02080000000000000000E6
:10C1E000000000000000000080020000FCB903080D
:10C1F00001EB020800000000000000000000000049
:10C200000000000080020000FCB9030881F702086A
:10C210000000000000000000000000006420642016
:10C22000400200000EA0D90D90C80C80B70A601122
:10C230000B80D91F0991F0881F0880F0880000004A
:10C24000000D203C00000F0069002FFFFFFFF701E9
:10C250005C11A610006900C300008800D2009FFF97
:10C26000FFFFF012C523E22000D203C00000F0045B
:10C27000B0000000700000000E00000000E00000B0
:10C2800019EFEA300CD6E6A702F40E00001F80E09A
:10C2900000006FEF50000016FFE500000E0AF001ED
:10C2A00000E05F13F85E6EB005CFFE9100000E0057
:10C2B00000000070000008DD3000A7004B02D00431
:10C2C000C0007700D01D20004B03D0A7000007DC82
:10C2D00034C4CC3000001D2D22D00000A63B00B39A
:10C2E0000005C03A00A3001D200D00D000A60004E8
:10C2F000CC40004DFC300000F718C00001F205D022
:10C300000000BB6E4000005FF3000007E6DB038027
:10C310002F301DBAA05F0001DF401FB448FEC003EC
:10C32000BFFC40B200000000001F01F01F00F00041
:10C330000003F10B900F404F007D009B00AA00AA64
:10C34000009B007D004F000F400B9003F15E000E3C
:10C350006008C004F001F300F500E600E600F50116
:10C36000F304F008C00E605E0000930088A6C209C6
:10C37000FE404DDDB14293500052000004500000D9
:10C3800008A0000008A0001FFFFFF30339B330002E
:10C3900008A0000008A0000103F61E60E12C0000C8
:10C3A0000003FFF90333100003F52E4000000E4098
:10C3B0000004E000009A00000E400004F000009A23
:10C3C00000000E400003F000009A00000E50000331
:10C3D000F000009A00000E500003F00000004CFE38
:10C3E00070004FB68F900DB0005F32F40000E74F41
:10C3F00020000CA4F20000CA2F40000E70DB0005E4
:10C40000F204FB68F90004CFE700EFFB44CB00AB7C
:10C4100000AB00AB00AB00AB00AB00AB00AB07DF89
:10C42000EA108E857EC0010006F1000006F00000D3
:10C430000D900000CC00001CC00001DB00001DE5D9
:10C4400044427FFFFFF97FFFFFF024445F9000002C
:10C45000BC000009E100003FD81000046DD00000CE
:10C4600002F4100002F4BD757DD019DFEA1000005F
:10C470000DA0000000AC00000007E10000004F40EC
:10C48000100002F600F5001DA000F5007FFFFFFF81
:10C49000F3133333F730000000F500000000F5001F
:10C4A00009FFFFF00AB444400C8000000E70000049
:10C4B0000FFFFC4003345CF2000000F7100000F7AF
:10C4C0008E856CF108DFFB30002AEFD5003FD65790
:10C4D000400CC0000002F40000004F5BFFA104FE0E
:10C4E000845DD03F80003F30E80003F206F845DC71
:10C4F0000005DFE9109FFFFFFD9D4444E99C000417
:10C50000F200000BB000002F400000AD000001F66B
:10C51000000008E000000E8000006F1000019EFE89
:10C520009100BE636EC00F60006F00CC202BC00274
:10C53000EFFFE200DC424CD05F20001F55F200020A
:10C54000F50ED535DE001AEFEA1003BFEA202FA45E
:10C550004BE18E0000E99D0000DD4F7129FF07FFD0
:10C56000FC9E000210AC000002F607658FB00AEFD7
:10C57000D7002E53F50000000000003F52E42E5378
:10C58000F50000000000002E52F60D21D001000041
:10C5900000003100006CF2018ED6000FC300000ACB
:10C5A000FB40000017EE70000005C3000000001FF4
:10C5B000FFFFF30333333000000000000000001FD2
:10C5C000FFFFF303333330040000000ED7100000E8
:10C5D0005CF92000002AF20003AFB106DE82001CE5
:10C5E0006000000000000007DFEA109E746EC001CA
:10C5F0000006F0000009C000008E200006F20000D6
:10C6000008700000000000000B8000000C9000008B
:10C61000006CEFDA4000003DA41016D90001E509D6
:10C62000EE98CA900A80BD43AFC0D30F13F2000C3E
:10C63000C0693C06D00007C03B4B06D00007C02CA9
:10C640003C03F2000CC04A0F10BD439EE3C50A80B4
:10C6500009EE91CF9001E50000000000003DA4101C
:10C6600028000000007CEFD9100000000CF1000051
:10C6700000003FD700000000B96E00000002F20E7B
:10C6800050000009A007D000001F3000F400007F18
:10C69000FFFFFB0000E733334F2005F000000C9054
:10C6A0000C90000006F18FFFFEC408E3334BF28EBE
:10C6B00000001F58E00018F18FFFFFF808E3333740
:10C6C000F68E000009C8E000009D8E33347F78FFAD
:10C6D000FFFD700007CFFB4000CF966AF50AE2002D
:10C6E00000301F600000004F200000004F200000BD
:10C6F000001F600000000AE200003001CF966AF5DA
:10C700000007DFFB408FFFFEA4008E4446CF708EF3
:10C71000000007F38E000000DA8E0000009D8E00FE
:10C7200000009D8E000000DA8E000007F38E444664
:10C73000BF708FFFFEA4008FFFFFF68E4444418E32
:10C740000000008E0000008FFFFFC08E3333208E6C
:10C750000000008E0000008E4444428FFFFFF98FDE
:10C76000FFFFF68E4444418E0000008E0000008ED4
:10C770000000008FFFFFC08E3333208E0000008E3C
:10C780000000008E0000000007CFFC5000CF966A2A
:10C79000F60AE20000201F600000004F20000000A9
:10C7A0004F200000B91F600000B90AE30000B90083
:10C7B000CF966AF80007DFFC608E000008E8E00012
:10C7C000008E8E000008E8E000008E8FFFFFFFE87B
:10C7D000E333339E8E000008E8E000008E8E0000F8
:10C7E00008E8E000008E8E8E8E8E8E8E8E8E8E8E5F
:10C7F00002FFFFC00444BC000009C000009C000010
:10C8000009C000009C000009C02000BA0EB58F606E
:10C810003CFE808E00004F508E0004F6008E003FDC
:10C8200070008E03F800008E2EC000008EECF60023
:10C83000008FB07F30008E000AE1008E0000CC0037
:10C840008E00001EA08E0000008E0000008E0000F2
:10C85000008E0000008E0000008E0000008E0000A0
:10C86000008E0000008E4444408FFFFFF28E0000D7
:10C870000008E8F7000002FE8FF10000BFE8DCA02E
:10C88000004F9E8D2F300D87E8D09C06E07E8D01F5
:10C89000E7E507E8D006FC007E8D000A2007E8D017
:10C8A0000000007E8E100008E8FC00008E8FF9006A
:10C8B00008E8E6F6008E8E09F308E8E00CE18E8EBB
:10C8C000001EB8E8E0003FEE8E00006FE8E00000D8
:10C8D000AE0007CFEB500000CF966BF9000AE200E4
:10C8E000005F601F6000000AD04F20000006F04F7C
:10C8F00020000006F01F6000000AD00AE200005F7E
:10C900006000CF966BFA000007DFEB50008FFFFD51
:10C910007008E4458FB08E00005F38E00001F58EAE
:10C9200000003F48E0014DD08FFFFFB208E3331015
:10C93000008E00000008E00000000007CFEB500070
:10C9400000CF966BF9000AE200005F601F600000F4
:10C950000AD04F20000006F04F20000005F01F60B5
:10C9600000000AD00AE200005F6001DF855AFA0089
:10C970000008DFFC5000000001EC21940000001BC7
:10C98000FFC10000000012008FFFFD7008E4458F1A
:10C99000B08E00005F38E00001F58E00003F38E007
:10C9A000014DD08FFFFFC208E333DA008E0002F69C
:10C9B00008E00005F3019EFDA200CE646B702F40DD
:10C9C000000001F800000006FD950000016AEE502D
:10C9D0000000009F00200005F13FA547EB004BEF52
:10C9E000E910FFFFFFFF2444BD44400009C00000E0
:10C9F000009C00000009C00000009C00000009C06D
:10CA00000000009C00000009C00000009C00009C89
:10CA100000000BA9C00000BA9C00000BA9C00000D8
:10CA2000BA9C00000BA9C00000BA8E00000D94F45F
:10CA30000003F50CF868FD0009EFE9100CB00000E8
:10CA40000AC05F200001F500E900008E0008F00038
:10CA50000E70001F6005F10000AD00C9000003F476
:10CA60003F3000000CBAC00000005FF5000000007D
:10CA7000EE00006F10000DB00002F21F60003FF1E9
:10CA80000008D00BB0008BE6000D7006F000E69BAE
:10CA9000002F2001F503F14F108D0000CA09B00EE0
:10CAA00060D800006F0E6009B2F300001F9F1004F1
:10CAB000F9D000000CFB0000EF80000007F600003A
:10CAC0009F30003F50000DA008F2009D0000CC04F4
:10CAD000F300002F9E70000006FC00000009FE100D
:10CAE00000004F4DB00001E802F7000BD0007F209E
:10CAF0007F20000BD00CB000009C002F50002F3086
:10CB0000009E000C900000E805F1000005F3E6002F
:10CB100000000CFD000000003F4000000002F30098
:10CB20000000002F3000000002F300004FFFFFFF65
:10CB30009144444AF3000003F6000001EA000000BB
:10CB4000CC0000009E1000006F4000003F7000000D
:10CB50001ED4444436FFFFFFFC8FF68D318D008DCF
:10CB6000008D008D008D008D008D008D008D008D5D
:10CB7000008D318FF65D000000F200000B80000098
:10CB80006D000001F200000B8000006D000001F25A
:10CB900000000B7000006D000001F200000B70003F
:10CBA000006D000001F2BFF325F302F302F302F37C
:10CBB00002F302F302F302F302F302F302F325F3AA
:10CBC000BFF300AD00001EC4000885A000E20E10F7
:10CBD0005B00970B5002E0EEEEEEE00BC00009B0F8
:10CBE00004CFEA100B745DB0000004F004CEEEF246
:10CBF0001F8214F24F1004F21F703DF204DFD7F2CF
:10CC0000BA000000BA000000BA000000BA8EFC3082
:10CC1000BFD54BF3BE1000CABA00007EBA00007E3A
:10CC2000BE1000CABFD55BF3B98EFC30007DFD603D
:10CC300009F748F42F5000205F0000005F0000005B
:10CC40002F50002009F748F4007DFD600000001F10
:10CC500040000001F40000001F4008EFC4F40AF790
:10CC600048FF42F50007F45F00002F45F00001F493
:10CC70002F50006F40AE637EF4008EFC4F40008E5C
:10CC8000FC400AD538F42F20008C5FEEEEFF5F21C8
:10CC900011112F70001009F846E4007DFE80009EFF
:10CCA000E305F44108C000CFFFF029D32008D000ED
:10CCB00008D00008D00008D00008D00008D000003C
:10CCC0007EFC4E60AF747FF62F50005F65F0000071
:10CCD000F65F00000F62F60006F609F747FF5007FF
:10CCE000EFC4F50000003F20CB646EB003AEFD80C2
:10CCF00000BA000000BA000000BA000000BA8EFBC3
:10CD000020BFC56DD0BE0003F2BA0000F4BA000027
:10CD1000F5BA0000F5BA0000F5BA0000F5BAA800AF
:10CD2000BABABABABABABABA000AB00099000000E0
:10CD300000AB000AB000AB000AB000AB000AB000C4
:10CD4000AB000AB000AA064E71DFA0BA000000BA1C
:10CD5000000000BA000000BA001CC0BA01CC00BA42
:10CD60001CD100BBCF6000BFDBE100BD11DC00BA0D
:10CD7000003F70BA0007F3BABABABABABABABABAC6
:10CD8000BABAB99EFA15DFD40BFB45EDE64AF2BEFE
:10CD90000006F6000E7BA0004F2000C9BA0003F188
:10CDA000000C9BA0003F1000C9BA0003F1000C9BCF
:10CDB000A0003F1000C9B99EFB20BFB45DD0BE00EB
:10CDC00003F2BA0000F4BA0000F5BA0000F5BA00A8
:10CDD00000F5BA0000F5007DFD60009F748F702F94
:10CDE00050007F05F00001F35F00002F32F50007CF
:10CDF000F009F748F70007DFD600B98EFC30BFC452
:10CE00003AF3BE1000CABA00007EBA00007EBE101F
:10CE100000CABFD55BF3BA7EFC30BA000000BA008E
:10CE20000000BA000000008EFC3F40AF748EF42F6B
:10CE300050007F45F00001F45F00002F42F500072D
:10CE4000F40AF748FF4008EFC4F40000001F400058
:10CE50000001F40000001F40B98E4BFD71BE100BA5
:10CE6000B000BA000BA000BA000BA00005DFEA1367
:10CE7000F735A06F000001EE9610016AEF30000058
:10CE8000D96C646F62AEFD7008D00008D000CFFF8F
:10CE9000F029D32008D00008D00008D00008D00026
:10CEA00005F551009FE3C80002F3C80002F3C80073
:10CEB00002F3C80002F3C90003F3AB0007F35F837A
:10CEC0007EF306DFC5F30D90000AA06E0001F300AB
:10CED000F5007D0009C00E60003F24F00000C8B9D5
:10CEE000000006FF3000000FC000C80006F1000D72
:10CEF00056D000CF6003F01F302F9C009A00B80777
:10CF0000B2F10E4005E0D60C74E0000F6F007C9982
:10CF10000000AFA001FF400005F4000BE0004F301F
:10CF200007E109D02F4000D9D900003FD000004FC1
:10CF3000E10001E7BB000BB01E707E1005F30D9001
:10CF4000000AA06F0001F300F6007D0009C00D602B
:10CF5000002F34F00000C9A9000005FF2000000EDA
:10CF6000C0000000E5000094AD00001BFC200000A4
:10CF70005FFFFFA13337F40001E70000CB00008E14
:10CF800010004F40001EA33326FFFFFC006EA00FD1
:10CF90009201F4001F4001F4003F303FC0006F30A9
:10CFA00001F4001F4001F4001F4000FA2005EA8B45
:10CFB0008B8B8B8B8B8B8B8B8B8B8B8B8BBE500252
:10CFC000AE0005F0005F0005F0004F1000DF104FCD
:10CFD0005005F0005F0005F0005F002AE00BE40060
:10CFE00007EC40B41E25DFC00100000004CC302B4C
:10CFF00001C05700932B01C005CC3006A10FF60BE2
:10D00000E2000000000000000000000000027BFBC6
:10D01000000000049DFFFFD00003AFFFFFFFFD00F5
:10D0200000AFFFFFFFDFD0000AFFFFB610ED0000EA
:10D03000AF9400000ED0000AF1000000ED0000AF38
:10D040001000000ED0000AF1000045FD0000AF10F6
:10D0500001EFFFD0179DF1005FFFFC0EFFFF1000F6
:10D06000AFFD31FFFFE00000010003BDA3000000A1
:10D07000000050188888888405FABFDDDDDDFDAF2B
:10D08000E47F100000CA4EE04F100000C80EFEEF13
:10D09000100000CFEFE03FEEEEEEF80EF68F766672
:10D0A00066EB6FF8AF100000CC8FE03F100000C8B7
:10D0B0000EFCDF655555EECFC25FFFFFFFF92C5721
:10D0C000750577777775FFFF1FFFFFFFFFFFFF2FC6
:10D0D000FFFFFFFFEFFF0EFFFFFFFE01100011112A
:10D0E0001110EFFE0EFFFFFFFEFFFF2FFFFFFFFF00
:10D0F000FFFF1FFFFFFFFF68870788888886688714
:10D100000788888886FFFF1FFFFFFFFFFFFF2FFFB5
:10D11000FFFFFFDFFD0DFFFFFFFD0000000000012E
:10D120005000000000001DF80000000001DFFD00BD
:10D130000000001DFFE22D600001DFFE20DFF70090
:10D140001DFFE2008FFF71DFFE200008FFFEFFE2FF
:10D150000000008FFFFE2000000008FFE20000003A
:10D1600000007D2000000000000000007F60000B38
:10D17000E2EFF600BFF84FFF6BFFD104FFFFFD1099
:10D18000005FFFE10000BFFFF6000BFFDFFF60BFA5
:10D19000FD14FFF5CFD1004FF6171000036000001B
:10D1A0000011000000000000FF000000006F21FFE0
:10D1B00012F70006FF61FF16FF601FF901FF109FC5
:10D1C000F16FE001FF100EF6AF8001FF1008FACFFB
:10D1D0006001FF1006FCAF8000AA0008FB7FD000B2
:10D1E00000000DF71FF80000008FF107FF91002AE3
:10D1F000FF70009FFFEEFFF9000005CFFFFD50001C
:10D2000000000244200000000000000000000000B8
:10D210000AFFA0000000000CFFC0000003D6DFFFE3
:10D22000FD6D300EFFFFFFFFFFE05FFFFFAAFFFF76
:10D23000F51AFFF4004FFFA103FFD0000DFF3004EB
:10D24000FFF0000FFF404FFFFB22BFFFF42FFFFF57
:10D25000FFFFFFF209FEFFFFFFEF9000505EFFE5CA
:10D26000050000000CFFC000000000047740000033
:10D2700000000003100341000000009FF50DF500C1
:10D2800000001BFDFF8DF5000002DFB12DFFF50052
:10D29000004FF83EC2BFF50007FF55FFFE39FE40C4
:10D2A0009FE38FFFFFF56FF6AC2AFFFFFFFF73E6EA
:10D2B000005FFFFFFFFFF100006FFFD77FFFF2006D
:10D2C000006FFF900DFFF200006FFF900DFFF20066
:10D2D000004FFF700BFFE100000000330000000072
:10D2E000000BFFB0000000000CFFC0000000000CAD
:10D2F000FFC0000000000CFFC0000000000CFFC0D9
:10D300000000008FFFFFFFF800002EFFFFFFE2008C
:10D310000002EFFFFE200000002DFFE200007999DF
:10D3200082DE289997FFFFFB22BFFFFFFFFFFFFF71
:10D33000FFFFFFFFFFFFFFFAB3CFACCCCCCCCCCCD0
:10D34000CA0006BBBBBBBA3000004FFFFFFFFFE1C6
:10D350000000EF30000006FB0009F800000000CFDD
:10D36000504FD0000000002FE1DF84420000344B1A
:10D37000F9FFFFFD0001FFFFFBFFFFFF988BFFFFA1
:10D38000FCFFFFFFFFFFFFFFFCFFFFFFFFFFFFFFB3
:10D39000FB9FFFFFFFFFFFFFF600000000000033D0
:10D3A00000018DFFC600EF004EFFFFFFE4DF04FF2A
:10D3B000B3004CFFFF0EF90000008FFF6FC00001AB
:10D3C000FFFFFF8E500001DEEEED000000000000C8
:10D3D0000022222200000021FFFFFF100008F8FFBA
:10D3E000FBBC10001EF4FFFC100001DFC0FEEFE8E4
:10D3F000448EFE10FE1AFFFFFFC100FD0028BB9403
:10D400000000000002700002EF0002EFFDFFFFFFCE
:10D41000FFFFFFFFFFFFFFFFFFFFFFFFFFFF34479F
:10D42000FFF00005FF000005C000000000000270D2
:10D4300000000002EF00000002EFF0000DFFFFFF10
:10D440000220FFFFFFF08E1FFFFFFF00E7FFFFFF3F
:10D45000F03F5FFFFFFF08903447FFF0000000053A
:10D46000FF0000000005C0000000000000000000F8
:10D47000000000077000000002700005FA000000C4
:10D480002EF000814F600002EFF001DD07F0DFFFBA
:10D49000FFF0321E80F6FFFFFFF08E27E0B9FFFF9E
:10D4A000FFF00E73F19BFFFFFFF03F54F09AFFFF78
:10D4B000FFF0890AC0D83447FFF0007F43F3000033
:10D4C0005FF002F60CB0000005C00000BF100000C5
:10D4D00000000009E300000000000002100037888F
:10D4E0008888888873EFFFFFFFFFFFFEFE32DFFFB3
:10D4F000FFFFFFF9007FFFFDFFFFFD10CFFFA07FC3
:10D50000FFFFFFFFFA0007FFFFF35FA00000CFFF60
:10D510003003000000CFFC0000000000CFFFCCCCA7
:10D52000CCCCCCFFAFFFFFFFFFFFF90000200000D5
:10D530000001FA00000006FF1000000DFF7000005F
:10D540006FFFF10001EFFFFA000BFFFFFF605FFFCD
:10D55000FFFFE0CFFFFFFFF6FEBFFFFFF9FD4FFF2C
:10D56000FFF9BF49FFFFF53FE52EFFD006FFFFFDA6
:10D57000200028BA600004300000311FE00006F9E6
:10D580001FE0007FFA1FE009FFFA1FE0AFFFFA1F5C
:10D59000EBFFFFFA1FFFFFFFFA1FFFFFFFFA1FE677
:10D5A000FFFFFA1FE05FFFFA1FE004FFFA1FE00031
:10D5B0003EFA0FD00002D700000000000200000079
:10D5C00000000CFB2000000000FFFF900000000F97
:10D5D000FFFFE6000000FFFFFFFC30000FFFFFFF32
:10D5E000FF9100FFFFFFFFFFE60FFFFFFFFFFFF2CE
:10D5F000FFFFFFFFFFFD0FFFFFFFFFF800FFFFFF33
:10D60000FFB2000FFFFFFD400000FFFFF70000002A
:10D610000FFFA1000000006A400000000000144459
:10D62000200144420DFFFF10DFFFF1FFFFF30FFF6A
:10D63000FF3FFFFF40FFFFF4FFFFF40FFFFF4FFF2F
:10D64000FF40FFFFF4FFFFF40FFFFF4FFFFF40FF1E
:10D65000FFF4FFFFF40FFFFF4FFFFF40FFFFF4FF5A
:10D66000FFF40FFFFF4FFFFF30FFFFF39FFFC009E5
:10D67000FFFC001444444444420DFFFFFFFFFFF150
:10D68000FFFFFFFFFFFF3FFFFFFFFFFFF4FFFFFF75
:10D69000FFFFFF4FFFFFFFFFFFF4FFFFFFFFFFFF55
:10D6A0004FFFFFFFFFFFF4FFFFFFFFFFFF4FFFFFF5
:10D6B000FFFFFFF4FFFFFFFFFFFF4FFFFFFFFFFF35
:10D6C000F39FFFFFFFFFFC0002100000420FE2008B
:10D6D00003FB0FFE3004FB0FFFF404FB0FFFFF54AE
:10D6E000FB0FFFFFFAFB0FFFFFFFFB0FFFFFFFFB2F
:10D6F0000FFFFFD6FB0FFFFD14FB0FFFC104FB0F55
:10D70000FB0004FB0CA00003FA0000000000000076
:10D710000012000000000003FF60000000002EFF68
:10D72000F500000001EFFFFF4000001DFFFFFFF3C9
:10D730000000CFFFFFFFFE200AFFFFFFFFFFE00E0C
:10D74000FFFFFFFFFFF20399999999995005888887
:10D75000888888700FFFFFFFFFFFF30FFFFFFFFFB9
:10D76000FFF40BFFFFFFFFFFD100000000000000EF
:10D770003F9000003FFC00003FFD10003FFD100007
:10D780003FFD10001FFD100000CFF4000000CFF49B
:10D79000000000CFF4000000CFF4000000CFE00054
:10D7A0000000A4000000000000CD1000001FFD10CC
:10D7B00000003FFD1000003FFD1000003FFD100085
:10D7C000003FFD000008FF900008FF900008FF9058
:10D7D0000008FF900002FF9000000780000000009A
:10D7E0000004500000000002FF60000000003FF74E
:10D7F0000000000003FF70000000003FF70000067B
:10D80000999AFFC99980FFFFFFFFFFFF3DFFFFFFD0
:10D81000FFFFF201113FF71110000003FF7000003D
:10D8200000003FF70000000003FF70000000000C44
:10D83000D30000006999999999980FFFFFFFFFFFA6
:10D84000F3DFFFFFFFFFFF200000000000000000EB
:10D850000156640000000003BFFEEFF91000007FD6
:10D86000FA1003DFE40008FFA009B41EFF504FFFC9
:10D87000200BFF26FFE1EFFF09CFFF63FFFABFFF99
:10D8800009FFFF54FFF61EFF51DFFB09FFB003EF56
:10D89000E204305FFC10002CFF956AFF900000004E
:10D8A00049DFFD920000000000000000000000CDF4
:10D8B00020000000000000008FF50014664000000A
:10D8C0000004EFACFFEFFF910000001CFFA1004D32
:10D8D000FE300000009FF5AB31EFF40007B105FF0B
:10D8E000FFE17FFE100FFE302DFFF54FFF900CFF84
:10D8F000E000AFF65FFF6002FFF40006FFEFFB0001
:10D90000004FFD10003EFFC0000002DFE85401BFE1
:10D91000E300000005AEFF6007FF600000000000AC
:10D9200000004EF60000000000000001A100000011
:10D930000000000000000000003ED00000000000D9
:10D94000000CFF80000000000006FFFF2000000028
:10D950000000EFFFFB00000000008FFCCFF4000090
:10D9600000002FFB00FFD00000000BFFC00FFF7076
:10D97000000004FFFD01FFFF100000DFFFE02FFFAC
:10D98000FA00007FFFFF9BFFFFF3001FFFFFB00EB9
:10D99000FFFFC00AFFFFFE24FFFFFF60FFFFFFFF46
:10D9A000FFFFFFFA06CCCCCCCCCCCCCB30000000B7
:10D9B0000000360000000000007F80DDDB00008DED
:10D9C000EFF8FFFFB007FFFFFD556FF46FF8AFE210
:10D9D000000574FF907E2000003FFA000000000266
:10D9E000EFB2504A00012EFD1DF48FB0FFFFD10BA6
:10D9F000FFFFFBFFFE2000CFFFFB12210000029F74
:10DA0000C000000000005B00000007A00000000054
:10DA100008FFB000000008FFFFB0000008FF95FFFE
:10DA2000B00008FF9005FFB007FF900005FFB09F12
:10DA300090000005FD004000000003104C20000095
:10DA400000B60BFE200000CFF02EFE2000CFF40029
:10DA50002EFE20CFF400002EFECFF40000002EFF9B
:10DA6000F4000000002EF40000000000130000008D
:10DA700000083000000000000000BFF308BBBBBB83
:10DA800090000BFFFF39FFFFFFF1008FCFCFF000B9
:10DA9000000AF100382F948000000AF100002F9056
:10DAA0000000000AF100002F900000030AF130008E
:10DAB0002F9000001FCBF8F8002FEBBBBB39FFFF06
:10DAC000E2001FFFFFFFB09FFD20000000000000EC
:10DAD00008D10037888700000000EFFFFFA000009A
:10DAE00000FFFFFFFDCCCCB6FFFFFFFFFFFFFFFFF6
:10DAF000FFFFFFFFFFFFFFFFFFFFFFFFFFFFFFFF36
:10DB0000FFFFFFFFFFFFFFFFFFFFFFFFFFFFFFFF25
:10DB1000FFFFFFFFFFFFFFFFFFAFFFFFFFFFFFF96B
:10DB200000000000000000000001DD100000000007
:10DB30001DFFD100000001DFFFFD1000001DFFFFF1
:10DB4000FFD100009FFFFFFFF90000011CFFC11083
:10DB50000000000CFFC0000000000CFFC00000002F
:10DB6000000CFFC0000079993BFFB39997FFFFB20B
:10DB7000442BFFFFFFFFFEDDEFFFFFFFFFFFFFFA7C
:10DB8000B3CFACCCCCCCCCCCCA000000000002009F
:10DB9000000000000004FFC70000000000AFFFF01D
:10DBA000000000001FFFFD0000000006FFFFC00096
:10DBB00000000008FFF700000000000CFF3000002C
:10DBC000000004FFC00000000001EFF300004A3035
:10DBD00002DFF80005DFFE15EFFB0000EFFFFFFF9F
:10DBE000FA00000BFFFFFFF70000007FFFFFA2001D
:10DBF000000002BA8500000000000486000000104A
:10DC000006FFFA0002DFD1EF3CF101DFFA0EE0AFD0
:10DC100021DFFA009FEFF6DFFA00008DFFFFFB0027
:10DC2000000006FFFD00000048EFFFF600006FFF58
:10DC3000FBFFF6000EF3CF23FFF600EE0AF204FF1F
:10DC4000F609FEFC0004FFF108DA10000262000091
:10DC5000000000000000006FFFF987000008FFFFD0
:10DC600098F708A68FFFF95990FFA8FFFFFCCC0F8B
:10DC7000FA8FFFFFFFF1FFA8FFFFFFFF1FFA8FFFE3
:10DC8000FFFFF1FFA8FFFFFFFF1FFA8FFFFFFFF16C
:10DC9000FFA8FFFFFFFF1FFA7FFFFFFFF0FFE31268
:10DCA0002222210FFFFFFFF90000ACCCCCCB5000AB
:10DCB000004999999995000EFFFFFFFFF600FD229C
:10DCC00022224FF60FC0000001FFF3FC0000001FEE
:10DCD000FF6FC0000002FFF6FFFFFFFFFFFF6FFFB7
:10DCE000FFDCFFFFF6FFFFB005FFFF6FFFF6000F41
:10DCF000FFF6FFFFC006FFFF6FFFFFEDFFFFF69F80
:10DD0000FFFFFFFFFD10CDDDDDDDDDDD2FFFFFFFC0
:10DD1000FFFFF31222222222220000000000000056
:10DD20000000000000000FFFFFFFFFFFF3DEEEEE3C
:10DD3000EEEEEE20000000000000000000000000F9
:10DD40000DEEEEEEEEEEE2FFFFFFFFFFFF30000014
:10DD50000000000037888888888873EFFFFFFFFF86
:10DD6000FFFEEFFFFFFFFFFFFE1CFFFFFFFFFFC1F6
:10DD7000D28FFFFFFFF82DFF64EFFFFE45FFFFFA94
:10DD80002BFFB2AFFFFFFFD3553DFFFFFFFFFFBBF0
:10DD9000FFFFFFFFFFFFFFFFFFFFAFFFFFFFFFFFE3
:10DDA000F9000000000001FFFFF00004FFFFD000B9
:10DDB00006FFFF800008FFFF30000AFFFFAAA60C45
:10DDC000FFFFFFF80EFFFFFFE10BDDDFFF6000004C
:10DDD0004FFD0000007FF3000000BFA0000000FF27
:10DDE00010000003F800000003C000000000200045
:10DDF00000000455EFB5520000FFFD1FFFB0000FFB
:10DE0000FFFFFFFC0000FFFF533320000FFF97FFD1
:10DE1000FB5700FFF8AFFFC6F80FFF8AFFFC4AA1CF
:10DE2000FFF8AFFFE3220FFF8AFFFFFFF4FFF8AF19
:10DE3000FFFFFF4FFF8AFFFFFFF43552AFFFFFFFE9
:10DE400040000AFFFFFFF400007FFFFFFE200000FC
:10DE500001100000000000AF00000000018FFA3048
:10DE6000000002EFFFFF500000BFFFFFFF10001F88
:10DE7000FFFFFFF50003FFFFFFFF70005FFFFFFFE5
:10DE8000F90008FFFFFFFFC000DFFFFFFFFF209F3B
:10DE9000FFFFFFFFFD0EFFFFFFFFFFF20222222226
:10DEA0002221000008FFC00000000009A2000000BD
:10DEB0005BBBBBBBBBBBBBA3FFFFFFFFFFFFFFFB0E
:10DEC000FC0C30E11D0D11FCFC0B30E01D0D10FCB5
:10DED000FFFEFFEFFEFEEFFCFFF15A0870A05FFCB3
:10DEE000FFF37B2992C27FFCFFBFCBBBBBBFCBFC48
:10DEF000FC0B2000000D00FCFFCFCCCCCCCFCCFB2A
:10DF00009FFFFFFFFFFFFFF6000000000000020080
:10DF1000000000000005DFB00000000007EFFFD0A8
:10DF200000000018FFFFFF70000029FFFFFFFF0047
:10DF3000003BFFFFFFFFF8000AFFFFFFFFFFF100BC
:10DF40000FFFFFFFFFFFA000049AAAAFFFFF200012
:10DF50000000000EFFFB00000000000EFFF40000B8
:10DF60000000000EFFC000000000000EFF50000087
:10DF70000000000DFD00000000000004B3000000E0
:10DF800035555502000FFFFFF2F400FFFFFF2FF49D
:10DF90000FFFFFF2FFF3FFFFFF32221FFFFFFFFF24
:10DFA000F7FFFFFFFFFF8FFFFFFFFFF8FFFFFFFF00
:10DFB000FF8FFFFFFFFFF8FFFFFFFFFF8FFFFFFF58
:10DFC000FFF8FFFFFFFFFF8FFFFFFFFFF88AAAAAFE
:10DFD000AAAA300000002455310000000003AFFF62
:10DFE000FFFFC7000002BFFFFEDEFFFFF6005FFF7E
:10DFF000B51000038EFFB0DFD300000000008FF5E6
:10E00000180005AEFEC81004600002DFFFFFFFF835
:10E010000000000CFF95347DFF40000002A20000CC
:10E0200000770000000000029600000000000000E1
:10E030000DFF500000000000000EFF600000000017
:10E04000000005DA000000005BBBBBBBBBBBBBBA7A
:10E0500020FFFFFFFFFFFFFFFF90FC122222222282
:10E06000220FF7FC5FFFFFFFFFFF2CFAFC5FFFFFB3
:10E07000FFFFFF21FAFC5FFFFFFFFFFF27FAFC26EF
:10E0800066666666661FFAFEBBBBBBBBBBBBBFB1A9
:10E09000AFFFFFFFFFFFFFFF500000000000000088
:10E0A00000005BBBBBBBBBBBBBBA20FFFFFFFFFFDE
:10E0B000FFFFFF90FC1222222221000FF7FC5FFFDE
:10E0C000FFFFF8000CFAFC5FFFFFFFF80001FAFC0D
:10E0D0005FFFFFFFF80007FAFC2666666663000F25
:10E0E000FAFEBBBBBBBBBBBBBFB1AFFFFFFFFFFFBC
:10E0F000FFFF500000000000000000005BBBBBBB46
:10E10000BBBBBBBA20FFFFFFFFFFFFFFFF90FC126E
:10E1100022221000000FF7FC5FFFFFD000000CFA76
:10E12000FC5FFFFFD0000001FAFC5FFFFFD00000A2
:10E1300007FAFC2666665000000FFAFEBBBBBBBBAD
:10E14000BBBBBFB1AFFFFFFFFFFFFFFF50000000F1
:10E150000000000000005BBBBBBBBBBBBBBA20FF29
:10E16000FFFFFFFFFFFFFF90FC1222000000000FE7
:10E17000F7FC5FFF300000000CFAFC5FFF3000008E
:10E180000001FAFC5FFF3000000007FAFC26661071
:10E190000000000FFAFEBBBBBBBBBBBBBFB1AFFFF8
:10E1A000FFFFFFFFFFFF5000000000000000000025
:10E1B0005BBBBBBBBBBBBBBA20FFFFFFFFFFFFFFCF
:10E1C000FF90FC0000000000000FF7FC00000000C2
:10E1D00000000CFAFC00000000000001FAFC000046
:10E1E0000000000007FAFC0000000000000FFAFE2B
:10E1F000BBBBBBBBBBBBBFB1AFFFFFFFFFFFFFFFA5
:10E20000500000000000000000000000000007B205
:10E210000000000000000ADFFA000000000000A972
:10E220003DF5000000044002E00010000000AFF8DF
:10E230000B600000006C30FFFFFFFFFFFFFFFFF4EB
:10E24000AFF9000C5000006D4005500004C0000004
:10E25000100000000000C43EE80000000000002E96
:10E26000EFFA000000000000004FFA00000000007C
:10E270000000000000000000011000000007EFFF98
:10E28000B30000AFFD8FFF2004FFFD09FFB00AFEC1
:10E29000FD12AFF00EF55D2C0EF30FFF33129FF55C
:10E2A0000FFFF307FFF60FFFE206FFF60FFE241342
:10E2B0007FF50DF57D2C0DF30AFFFD11BFF003FF77
:10E2C000FE0BFFA0007FFEBFFE100003ACDC810050
:10E2D00000003443000005667FFFF96650FFFFFF32
:10E2E000FFFFFF356666666666501CCCCCCCCCC49E
:10E2F00002FFFFFFFFFF602FF3FB7F6DF602FF2F92
:10E30000B7F5DF602FF2FB7F5DF602FF2FB7F5DF79
:10E31000602FF2FB7F5DF602FF2FB7F5DF602FF372
:10E32000FB7F6DF601FFFFFFFFFF5007BCCCCCCC9D
:10E33000900000000000000120000000000004FF29
:10E34000500000000002FFFF500000000439FFFEF3
:10E3500000000004FF39FFA0000004FFFF39B000F7
:10E360000004FFFFFF20000004FFFFFFB0000004D7
:10E37000FFFFFFB0000004FFFFFFB0000004FFFF3D
:10E38000FFB0000000BFFFFFB00000000DFFFFB0B6
:10E3900000000000FFFFB00000000009A8600000BE
:10E3A0000000000000178888888887400002EFFF7F
:10E3B000FFFFFFFFF4003EFFFFCFFFCFFFF703EFAC
:10E3C000FFF908F809FFF83EFFFFFE20402EFFF896
:10E3D000DFFFFFFFE101EFFFF89FFFFFFF80008FEE
:10E3E000FFF809FFFFF902C209FFF8009FFFFE4E88
:10E3F000FE4EFFF80009FFFFFFFFFFFFF700008F51
:10E40000FFFFFFFFFFC100000000000003EFFFFF60
:10E41000E203FBFBCEBFA4FF1D03A1FAFFF1D03A3C
:10E420001FAFFFFFFFFFFAFFFFFFFFFFAFFFFFFF81
:10E43000FFFAFFFFFFFFFFAFFFFFFFFFFAFFFFFF46
:10E44000FFFFAFFFFFFFFFFAFFFFFFFFFFADFFFF83
:10E45000FFFFF829AAAAAAA80000000000000003F4
:10E4600000000000000004F1000820000001FF107F
:10E470000BF70000002FF10CFF94444445FF1BFFF5
:10E48000FFFFFFFFFFF18FFFFFFFFFFFFD007FF7A3
:10E490000000000000006F6000000000000030007D
:10E4A0000000000000000000000000000000C003A9
:10E4B000000000000000C003030A00000F008005F8
:10E4C000050500051C00D0090A0A00004E00B0082E
:10E4D000090F00FE9200D00B0C0A0000CE00A0092C
:10E4E0000A0B00FF0501F002030500050D01B00451
:10E4F000040E01FD2901C004040E00FD4501A00524
:10E5000006060005570120080807000273013003C2
:10E51000030500FE7B016005050300038301300352
:10E52000030300008801F004070EFFFFB901500942
:10E53000090A0000E6013005040A0000FA0110088B
:10E54000080A000022020008080A00004A026009C6
:10E550000A0A00007C021008080A0000A402A008B1
:10E56000090A0000D1026008080A0000F902000947
:10E57000090A00002603A008080A00004E03300321
:10E58000030800005A033003030B00FD6B0320084F
:10E59000080800018B03200808060002A3032008D6
:10E5A00008080001C3030008080A0000EB03800EFE
:10E5B0000E0D00FD4604400A0C0AFF008204A00A6A
:10E5C000090A0100AF04200A0A0A0000E104900BC6
:10E5D0000A0A010013056009080A01003B05E0086A
:10E5E000080A01006305D00A0A0A00009505600BBD
:10E5F000090A0100C2055004020A0100CC053007D7
:10E60000070AFF00EF05100A0A0A01002106500858
:10E61000080A01004906600D0B0A01008006600B24
:10E62000090A0100AD06C00B0C0A0000E906200A29
:10E63000090A01001607C00B0C0D00FD6407300A23
:10E64000090A01009107B008090A0000BE07300856
:10E65000090A0000EB07100B090A01001808F0096D
:10E660000B0AFF004F08C00F100A00009F08700936
:10E670000A0A0000D10810090B0AFF000809300936
:10E68000090A00003509B004040E01FD5109F00427
:10E69000070EFFFF8209B004040E00FD9E0930083A
:10E6A00007060102B3090007070100FFB709600868
:10E6B00005020109BC09600808080000DC0990098E
:10E6C000080B0100080A000808080000280A900941
:10E6D000090B00005A0A9008080800007A0AF004A2
:10E6E000060B00009B0AB009090B00FDCD0A90093A
:10E6F000080B0100F90AE003020B0100040B0004FF
:10E70000050EFEFD270BA008080B0100530BE003CC
:10E71000020B01005E0BD00E0D080100920B900958
:10E7200008080100B20BE00809080000D60B9009A8
:10E73000080B01FD020C9009090B00FD340CC0050B
:10E7400005080100480C000707080000640CD0050C
:10E75000060A0000820C800908080100A20CD007FC
:10E760000908FF00C60C900C0D080000FA0CC00749
:10E77000080800001A0DD007090BFFFD4C0D5007CB
:10E7800007080000680DF004050E00FD8B0D300435
:10E79000020E01FD990DF004050E00FDBC0D2008D0
:10E7A00008030003C80DE00506050006D70D600448
:10E7B00004030003DD0D000E0F0FFFFE4E0E000ED2
:10E7C0000E0B00009B0E000E0E0D00FFF60E000E4D
:10E7D0000E0B0000430FA0090A0B00007A0F000E79
:10E7E0000E0F00FEE30F000E0E0F00FE4C10C00FC8
:10E7F000100D00FFB410000E0E0F00FE1D11C00F13
:10E80000100B00007511000E0E0F00FEDE11000748
:10E81000070C00FF0812800A0B0C00FF4A12C00F01
:10E82000100E00FEBA12000E0E0B00000713A00916
:10E830000A0F00FE5213400C0A0E01FE9813400C02
:10E840000D0F00FEFA13400C0D0D00FF4F14400C8D
:10E850000D0D00FFA414400C0A0E01FEEA14400C3A
:10E860000E0DFFFF4515C008090D00FF8015C008FB
:10E87000090D00FFBB15400C0D0D00FF1016400CDC
:10E880000D0400032A16C00F100B00008216801121
:10E89000120F00FE0917C00F110FFFFE8917000E9F
:10E8A0000E0D00FFE417400C0D0800011818400C75
:10E8B0000D0800014C188011120B0000AF18000E5B
:10E8C0000E0B0000FC18000E0E0F00FE6519000E66
:10E8D0000F0FFFFED619400C0D0D00FF2B1A400C38
:10E8E0000D0F00FE8D1A400C0D0D00FFE21A400CBA
:10E8F0000D0C00FF301B000E0E0B00007D1BC0082E
:10E900000A0FFFFEC81B400C0D0F00FE2A1C400C16
:10E910000D0F00FE8C1CC00F100B0000E41C000E3D
:10E92000100FFFFE5C1D800A0B0F00FEAF1D801153
:10E93000120D00FF241E8011120A00007E1E80119D
:10E94000120A0000D81E8011120A0000321F801126
:10E95000120A00008C1F8011120A0000E61F8011AD
:10E96000120C00FF5220400C0C0F00FEAC20400C9B
:10E970000D0F00FE0E21000E0F0FFFFE7F218011F4
:10E98000120B0000E221800A0B0F00FE3522100E50
:10E990000F0A00000000721F51EF58EF5BEF5CEFB1
:10E9A0005DEF61EF63EF65EF69EF6CEF71EF76EFAD
:10E9B00077EF78EF8EEF93EF98EF9BEF9CEF9DEF63
:10E9C000A1EFA2EFA3EFA4EFB7EFB8EFBEEFC0EF58
:10E9D000C1EFC4EFC7EFC8EFC9EFCBEFE3EFE5EF4F
:10E9E00014F015F017F019F030F037F03AF043F06A
:10E9F0006CF074F0ABF03BF190F191F192F193F186
:10EA000094F1D7F1E3F13DF254F2AAF412F7F2F7E0
:10EA1000200000005F000100000000000000000076
:10EA200000000200B0000000F3F7600094E9030862
:10EA3000000000003E000300000001020003040586
:10EA400002060708090A090A0B0C000D0E0F101127
:10EA500012130C14140000001516171819161A1B9F
:10EA60001C1D1D1E1F201D1D1621222303241E25D3
:10EA700025262728292A2B002C002D2E2F30313235
:10EA8000332D343435302D2D2E2E36373839333A58
:10EA90003A3B3A3C290000093D0900000000000013
:10EAA0000000000000000000000000000000000066
:10EAB0000000000000000000000000000000000056
:10EAC0000000000000000000000000000000000046
:10EAD000000000000000000001020003040502061F
:10EAE0000708090A090A0B0C0D0E0F10110C12135E
:10EAF00014151500000016171819171919191719E8
:10EB0000191A1919191917191719031B1C1D1D1E7C
:10EB10001F2021222300240025262727270027261F
:10EB2000282926262A2A272A272A2B2C2D2E2E2F43
:10EB30002E30000023093109000000000000000011
:10EB400000000000000000000000000000000000C5
:10EB500000000000000000000000000000000000B5
:10EB600000000000000000000000000000000000A5
:10EB70000000000000010000000000000001000093
:10EB80000200000000020000000000000000000081
:10EB90000000000000000100000000000000000074
:10EBA0000000000000010A0006FB00000000F4F372
:10EBB000020B0504F7020B01090207000000000028
:10EBC0000000000000000D02FE0000000000000038
:10EBD00000000000000400F90000000000FC040434
:10EBE0000000FE00FE0200FE00FEFFFC0000000030
:10EBF000FE0000FDFD0000FE00FC00000000000023
:10EC0000000000FEFE00FD00FA00E50000FC00042C
:10EC1000070000FC02020704FC040000F3000000EF
:10EC20000000000000000000F800000000000000EC
:10EC300000000000000000FAFDF500F7FE000000F3
:10EC400000000900F9FEFF0100FC0000FEEF0000DB
:10EC5000000000000000000000EEFE0900000000BF
:10EC60000000000000000000F700000000000000AD
:10EC70000000000700020000FC000000000000008F
:10EC80000000000000000000000009020100000078
:10EC90000000000000000000000000000000000074
:10ECA0000000000000000000000000000000000064
:10ECB00000000000F800000000000000000000005C
:10ECC000000000000000000000000002040207FE37
:10ECD000000004FEF9E102060400FD000800070040
:10ECE0000700EB00FD070007FE0402000001FE0024
:10ECF00000FC12001200070009030407000000F8DE
:10ED00000000000001FE0002FCFDFC0200FE00000D
:10ED100000F70000000000000000000000F100000B
:10ED20000000000000000000000000000001F400EE
:10ED3000F200000000FE0016FDFD0202FE00FD02D2
:10ED40000000F40000000000000000000000EA00E5
:10ED500002000000000000000000000000F2000DB2
:10ED60000000F8000700F1EAF1FC070000F10003E1
:10ED7000FB00FD0000000000000000000000000695
:10ED800007E50000000000000000000000000B008C
:10ED90000200000000000202FDFC00FFFFFE000078
:10EDA000FE000000FC00FE00FBFC00FAF9F9FC008C
:10EDB000FC00FC00000000FE0000020002FE00015A
:10EDC00000000002FE000000FE0202FF000000FC46
:10EDD00000FF0000000000010003FE00FD00FC0039
:10EDE00000FE00070000FE0000000000FF01FEFE24
:10EDF0000000FE00FE000000000000000000FFFF19
:10EE000000FEFD0000000000010000FE00FEFEFE0E
:10EE1000000000000000000000FF00000000FEFDF8
:10EE200000FD00F9FEF9040000FC02040600FAFFF0
:10EE3000FD00FFF502FE02F402000001F400F4FE02
:10EE4000EDFE00F50004060003000000000000FCD9
:10EE5000FD00F9000000FE000000FE0000000000C0
:10EE6000FFFF00FFFD00000000000000FEFE00FEAE
:10EE7000FDFE0000FE000000000000000000000099
:10EE8000FEFE00FD00FE00FC020000FD010202008B
:10EE90000000000000FE0000000000020000FE0074
:10EEA000FEFEFD000000000000000200FE00000069
:10EEB00000FEFD00FC0007FE01F9000006F5F4F776
:10EEC000FC0200FEF1FC00FC00FC03FCF200FA0076
:10EED0000001FF02FE000200F9F700F5FBFBFBF961
:10EEE000FDFA00FCFA01000100FE00000002000231
:10EEF0000000000000000000000000FE00FF00FF16
:10EF0000FE00FCFBFBFF00F9000000000000FE001B
:10EF100000000001FF0000000200000000000000EF
:10EF2000000B00000000000002000000FE000000D6
:10EF30000000000000000000FC00020000000000D3
:10EF40000000000000000000FE000000FC000000C7
:10EF500000F5F9000000FDF50000FE0200FA0000D7
:10EF60000000000000000000FC0000FC00000000A9
:10EF700000000000000000000200FC000000000390
:10EF80000002FCFC00FEFEFD000000000000F90095
:10EF9000FE00FDFE00FBFAF9FE00FC00F900000097
:10EFA00000120000010000FD000200F60000000059
:10EFB00000EBFC0707FEF70002FD00F5FFFD02F085
:10EFC000FE030003F8FDF8F9F70000F3000D000060
:10EFD000FF000000FFFFFEFAF900EB000000000058
:10EFE0000000000001000000000000000000000020
:10EFF0000000000000FE00FFFEFD0000FC00FE001F
:10F000000000000000000000000000000000FF0001
:10F01000FC000004FF0300FB02FEFFFAFE00FDFE01
:10F02000FE00FDFC0000FEFFFEFCFD0000FE0002F5
:10F03000FE00FB000000FC00FC00FCFC02000000E5
:10F040000000000000FC0200FD00FEFDF9FEFEFED7
:10F05000FFFEFDFF0000000000FEFEFE00000000BD
:10F0600003FE00FE000000FEFDFEFEFDFE000209A4
:10F07000FF00FA00FE0400FEF7FD030000F5FC02AD
:10F08000FC0200FEFEF900FD010000FC0000000291
:10F0900002FCFC00FCFEFDFEFE00FC01FCFC070087
:10F0A000000000000000000002000000000000005E
:10F0B0000000000000000000000000000000000050
:10F0C000FC00000000000000000000000000000044
:10F0D0000000000000000000000000000000000030
:10F0E000000000000000000000000000FE00000022
:10F0F0000000000000000000000000000000000010
:10F1000000000000000000000000FEFE0000000003
:10F110000000000000000000FD0000FD0000FEFEF9
:10F1200000000000FE00000000FF0000000000FEE4
:10F1300000000000FD00FC000000F90002FB0400DC
:10F14000FEF50000FBFE00F7FAFA0000F6FEF7F706
:10F15000F500FA00020FFD00FBFEFFFEFCFAFCF8D2
:10F16000F7FBFE0000FE00010000F0FE0705FBF8C3
:10F170000001F900F5FEFE04EBFD010000F1FDF4D5
:10F18000FEF00000F0000D0100FE00000000FFFE98
:10F19000F7FE00F100000000F900FE00FFFAF500A4
:10F1A00000FFFDF9FE00FE00000000F6FEF9F9FE8A
:10F1B000FCFAFEFC00FCFEF9FD00FDFCFEFC00017B
:10F1C00000FEF9000400FC00000000030002FC093E
:10F1D00000FEFEFD000000000000F900FE00FDFE44
:10F1E00000FBFAF9FE00FC0209000000001200001A
:10F1F000010000FD0002000000000000000000000F
:10F2000000000000FEFC0000000000FF000000FE07
:10F21000FE0000FCFE0000FC0004FF0000000000F7
:10F22000000100000000030402FE00F9FC0007F9E1
:10F23000F9FCFC090402EDFE04FE00FE02FEF800EB
:10F24000FE02FDFEF9FE0000070400FA00F4FD06D0
:10F25000FDF701FDF9F9FE090200FD00FA000207C1
:10F26000FBF8F7FA070001F0FE02FCFEFB00FBF8DA
:10F27000FDFDFE0000FBFBFE000705FEF400F4FDB3
:10F2800000F8F3FFF9FCF9FA060000FD00FCFE00AF
:10F29000FEFC0004F9020000F400FEFBFCFEF9FA9B
:10F2A000F9FB00F9FEFBFCF9FE0000010BFC00F984
:10F2B000FE00FEFCFBFAFAF7FDFC0400FD00F5FD84
:10F2C0000104F9F8FCF907FE01EBFC04FBFCF80073
:10F2D000F9F7FDFEFEFEFBF9FF00000706FEF10058
:10F2E000F3FB05F7F1FCF8F7F5F90400000000FD69
:10F2F000000002FD0402FC040000F9FF00FF000111
:10F3000001FE000000000000FE00000000020700F7
:10F3100000FD00000000FEFEFD00000001020000F4
:10F3200000000200FE000900040101FD00040000CD
:10F3300000020000000000000000000000070006BE
:10F340000000000000000000000000000000F300CA
:10F35000FE04000700001603FCFC0202FE01F5009B
:10F36000000BF30000000000000000000000F109A5
:10F370001F000000000000000000000000F300007B
:10F38000000000000000000000000000000000007D
:10F390000000000000000000FC0000FCFE00000077
:10F3A000000000000000000000000000000000005D
:10F3B000FE00FA0000010000021DFCFE0706FA0232
:10F3C00000000202FD00000000000000000000003C
:10F3D000E306000000000000000000000000000044
:10F3E000000000FA000000FA00000000FBFF00002F
:10F3F00000FB00FD00F50000000000000000000020
:10F4000000F10000000001000000000000FE00000C
:10F41000FC00FD00FA000000FC02FD0000FAFEFB0B
:10F420000000FA00FE00F500FE0000EEFCF7FEF81A
:10F430000000F100FAFF0000000000000000FDFCE9
:10F44000FEFC00000000FB00FB03FE0400FEFBFED0
:10F45000FCFC00FDFFFE02FAFF000000ECFEFD00D8
:10F46000FB00FEF5FE0000FEFE000000000200FEB4
:10F47000FCFE04000000000000000000000000008E
:10F48000000000000000000000000000000000007C
:10F490000000000000000000000000000000030069
:10F4A0000000000000FB00FE000000FC0200000065
:10F4B000FAFEFC0000FA00FE00F500000000EA0081
:10F4C000FCF8F50000F100FEFD0000000000000067
:10F4D00000FEFDFFFD01000004FD00070BFEFEF92C
:10F4E000030B0405FA0309030605060000000000EB
:10F4F0000000000000000E0BFCFE00FE120A1200CD
:10F500000000020000080000FC00000000000000F5
:10F510000000FE00000000000000000300000000EA
:10F52000EDFDFEF7F50000F1000000000000000016
:10F53000000000000000000000FC000000000000CF
:10F54000000000FE000000000000000003000000BA
:10F5500000EDFDFEF7F50000F700000000000000E0
:10F56000000000000000000000000000FE0000009D
:10F57000FB0200FE020402F90000FE02000200008D
:10F580000000FA00FEFEFC00FEF7000EFE00FBFE8F
:10F5900000FEFC00FEFAFCFD000000FC0000000084
:10F5A0000000000000FE000000000000000003005A
:10F5B000000000EDFDFEF7F50000F1000000000086
:10F5C000000B00000000000000000000FC00F9FD3E
:10F5D000FE07FEFEF701FF01FEFA00050002010230
:10F5E000FBF7FD00F7FCFAF7F700FCFCFDFDFEFE63
:10F5F000FDFE00FEFF030003FE0007000000000008
:10F6000000000000000000FEFEFE0000FA00FF0007
:10F61000FC0000000000000000000000F3000000FB
:10F620000000000000000000FEFE00FD00000000E1
:10F63000FE0000FCFE0200FCFCFE00FAFEFBFEFDEC
:10F6400000FC0000000000000000000000F10007C6
:10F650000000FC00000000FD00FE0000FF0000FEB6
:10F6600000FB000009FDF9F902020200FA020302A0
:10F67000070207FEFA0000F70000F9FA0000FC009C
:10F68000FDFC00FD00FD00FE0300FEF9FE08000089
:10F69000FE00FC000003FB0002FE020000F900FE79
:10F6A000FF00FE02FE000000F7FDFB00F90000F580
:10F6B0000008FE00FC000100FE00FEF900FE020052
:10F6C000000000FE000002FD010000FDFE00FD0044
:10F6D000000000000000000000000000000000002A
:10F6E000F200050000FE000000000000FEFE000029
:10F6F000000400050000000000F2F3010A0704F70F
:10F7000002090008000400000000000000000000E2
:10F71000000C0000000000000000000000000000DD
:10F720000000000074EB030838EA0308D6EA030877
:10F730003D31000024C20308A4E4030810EA0308D2
:10F7400024F7030810000228740200205D1102084B
:10F750009D1002081000030000FF010034F70308A9
:10F76000000000000000000006F2ECE83699D661C7
:10F77000963ABE245E05FA05B1046A4D098EE7CEBD
:10F7800047FF00FEC0FCA4FAA97AF163F39C8AEA61
:10F790008EE3D3EC7AFE5DFF0FEA12F376F4DAFD26
:10F7A0003DFF37AA59BB9BCCFCE53EF7B87AB9932D
:10F7B000FBB43DD63EEF585B397C5B9D5DC65EEF8A
:10F7C0003E45BE655F96FFBE9FE7BE2D1E4EBF86BF
:10F7D0003FB7BFE73B269C4EFD865EB7BFE73325AC
:10F7E000B54D5886FBB69EE7CD653086B4A639CFB9
:10F7F000BDEF6C9EB0AE14C779DFDDF70AD72EDF00
:10F8000073E7B8F7DCFF6BFF8EFFB3FFD8FFFCFF99
:10F8100045FEA9FE10FF76FFDCFF24FDA9FD70FE6A
:10F8200016FF9CFF88FB4CFC52FD77FE5CFF6C8B47
:10F830004FA454BD79D65DEF937C3595F8B5DBCEFA
:10F840007EEFF7BD1CE77DEFBEF7DFFFC6E165D1B8
:10F8500045C1E3B0CCD8CBC0AAA869883589F47873
:10F86000D368B148B65975513441D230553AF33165
:10F87000B2290F195C1CBA1B3813340ADC045A0471
:10F88000B703B3027805B40411040C034F04CD038D
:10F890004B0368020845673CE62BE41A887DE76C59
:10F8A0004554433346C6A5ADE49CA283C6FE05FE7F
:10F8B00044FDE2F380FD00FD60FC60FB60FCE0F3D2
:10F8C00060EB80E283F243E202DAA1B9686A065A89
:10F8D000A54924396F53CC4229328721AE730C637A
:10F8E0000842042100003C027804B306EE08280B0D
:10F8F000610D990FD01106143A166C189D1ACB1C85
:10F90000F71E212148236C258E27AC29C72BDF2D1C
:10F91000F32F0332103418361C381C3A173C0E3EB5
:10F92000FF3FEC41D443B64593476A493C4B084DF1
:10F93000CD4E8D504652F953A5554B57EA58825A31
:10F94000135C9C5D1F5F9A600D627963DD643966AC
:10F950008D67D9681D6A596B8C6CB76DD96EF36F62
:10F9600004710C720B730174EE74D275AD767F77EF
:10F9700047780679BB79677A0A7BA27B327CB77CB1
:10F98000337DA57D0D7E6C7EC07E0B7F4B7F827F9D
:10F99000AF7FD27FEB7FFA7FFF7F0000FCB90308C7
:10F9A000059B01080000000000000000559D0108B3
:10F9B0000000000001040000FCB9030825A90108AB
:10F9C00079A901080000000099A9010804010D00AF
:10F9D00000060000FCB90308BBAC010800000000F1
:10F9E0000000000000000000D127D12744020000E1
:10F9F000FCB9030861AD0108B1AD010800000000C9
:10FA0000CDAD01080401820085030000FCB90308A4
:10FA1000C5BF0108FDBF01080000000081C2010848
:10FA2000D127D127C4020000FCB903083D05020814
:10FA3000F1050208000000001D0602088200D1271F
:10FA400005040000FCB90308E10C0208130D0208CC
:10FA500000000000510802080000000080020000C1
:10FA6000FCB9030825200208A92A020800000000AA
:10FA7000E52A0208D127D127C0030000FCB90308FA
:10FA800015380208B13802080000000001390208E8
:10FA9000D127D127C0040000FCB90308D54C0208C7
:10FAA0000000000000000000F14C0208D127D1271F
:10FAB000C0020000FCB90308DDB902080000000024
:10FAC0000000000069BA0208D1278200C5020000C8
:10FAD0007CFA0308000000000000000000000000A5
:10FAE00045BC020800000000C0040000B8F903088B
:10FAF00039BE02080000000000000000A9BE020894
:10FB00000000000085070000FCB903088FD502083B
:10FB1000B9D5020800000000CDD5020834001E004F
:10FB200084020000FCB9030895D70208D9D702085F
:10FB30000000000031D80208D127D127850300003A
:10FB4000FCB90308D1E102089FE4020800000000AC
:10FB5000C5E402080401820004060000303132339B
:10FB600034353637383941424344454640305800F1
:10FB70003031323334353637383961626364656623
:10FB8000403078000400000800000000000000027F
:10FB9000000100001000000002400000000000A072
:10FBA0000000000005400000000000C80000000048
:10FBB0000C4000000000409C0000000019400000C4
:10FBC0000020BCBE0000000034400000BFC91B8EF6
:10FBD00000000004B5400000504BCFD06607E2CFD4
:10FBE000010000006C4100003E8251AADFEEA73404
:10FBF00001000000D9420000DCB5A0E23A301F97B6
:10FC0000FFFFFFFFB4450000FD25A0C8E9A3C14FD9
:10FC1000FFFFFFFFFF3F000000000080000000002A
:10FC2000FF3F00000000008000000000506C656194
:10FC300073652075736520746865207374796C75BD
:10FC40007320636C69636B207468652063726F73E3
:10FC500073206F6E207468652073637265656E2E05
:10FC60005468652063726F73732077696C6C2061D0
:10FC70006C77617973206D6F766520756E74696C31
:10FC8000207468652073637265656E2061646A75AF
:10FC900073746D656E7420697320636F6D706C652D
:10FCA0007465642E00000000536100005765000079
:10FCB000546800004D6F000046720000537500004C
:10FCC000547500004A756E65000000004D61726356
:10FCD00068000000417072696C0000004465636553
:10FCE0006D6265720000000053657074656D626539
:10FCF000720000004E6F76656D6265720000000054
:10FD00004F63746F626572004175677573740000AC
:10FD10004D6179004A756C79000000004A616E758A
:10FD20006172790046656272756172790000000047
:10FD3000323032330A323032320A323032310A3221
:10FD40003032300A323031390A323031380A32300A
:10FD500031370A323031360A323031350A323031F9
:10FD6000340A323031330A323031320A32303131F2
:10FD70000A323031300A323030390A323030380A03
:10FD8000323030370A323030360A323030350A32CB
:10FD90003030340A323030330A323030320A3230C6
:10FDA00030310A323030300A313939390A31393993
:10FDB000380A313939370A313939360A3139393562
:10FDC0000A313939340A313939330A313939320A89
:10FDD000313939310A313939300A313938390A3152
:10FDE0003938380A313938370A313938360A313931
:10FDF00038350A313938340A313938330A3139382B
:10FE0000320A313938310A313938300A3139373923
:10FE10000A313937380A313937370A313937360A32
:10FE2000313937350A313937340A313937330A3104
:10FE30003937320A313937310A313937300A3139F5
:10FE400036390A313936380A313936370A313936D6
:10FE5000360A313936350A313936340A31393633D2
:10FE60000A313936320A313936310A313936300AF7
:10FE7000313935390A313935380A313935370A31AE
:10FE80003935360A313935350A313935340A31399F
:10FE900035330A313935320A313935310A3139359C
:10FEA000300A313934390A313934380A3139343782
:10FEB0000A313934360A313934350A313934340AA1
:10FEC000313934330A313934320A313934310A3173
:10FED0003934300A313933390A313933380A313952
:10FEE00033370A313933360A313933350A31393348
:10FEF000340A313933330A313933320A3139333143
:10FF00000A313933300A313932390A313932380A53
:10FF1000313932370A313932360A313932350A311C
:10FF20003932340A313932330A313932320A31390D
:10FF300032310A313932300A313931390A31393105
:10FF4000380A313931370A313931360A31393135E8
:10FF50000A313931340A313931330A313931320A0F
:10FF6000313931310A313931300A313930390A31D8
:10FF70003930380A313930370A313930360A3139B7
:10FF800030350A313930340A313930330A313930B9
:10FF9000320A31393031000030310A30320A303320
:10FFA0000A30340A30350A30360A30370A30380A17
:10FFB00030390A31300A31310A3132000A0000008A
:10FFC000200000002100000022000000312300007A
:10FFD000230000002400000025000000270000008E
:10FFE00028000000290000002A0000002B0000006B
:10FFF0002C0000002B2F2D002D0000002E000000F3
:020000040804EE
:100000002F0000003000000031000000320000002E
:10001000330000003400000035000000360000000E
:100020003700000038000000390000003A000000EE
:100030003B0000003C0000003D0000003E000000CE
:100040003F000000400000004100000042000000AE
:10005000414243004300000044000000450000000E
:100060004600000047000000480000004900000072
:100070004A0000004B0000004C0000004D00000052
:100080004E0000004F000000500000005100000032
:100090005200000053000000540000005500000012
:1000A00056000000570000005800000059000000F2
:1000B0005A0000005B0000005C0000005D000000D2
:1000C0005F000000610000006200000061626300E8
:1000D000630000006400000065000000660000008E
:1000E00067000000690000006A0000006B0000006B
:1000F0006D0000006E0000006F0000007000000046
:100100007100000072000000730000007400000025
:100110007500000076000000770000007800000005
:10012000790000007A0000007B0000007D000000E4
:10013000EF808C00EF819300EF819400EF959A009F
:10014000EF849C00EFA2A2000000000042746E3118
:100150000000000042746E320000000042746E33F2
:100160000000000042746E340000000042746E35DE
:1001700000000000B0010408000000200C03000093
:10018000C4010008A00204080C030020B48C010084
:10019000200200081C00000043000000F8FFFFFFE1
:1001A0000C0000000E0000000F0000002E000000F8
:1001B00011031D24F43210420122F82BFFFF0C1210
:1001C00005000D3CE560030895650308F15A030836
:1001D0001E15010308450413C0045A206B1C68C097
:1001E000540C1AF00C12C8023C68023B1F1AAA01F8
:1001F000011402202D0266011EBCFC0308B4041A7F
:10020000C0041AAC041AB0041AB8041AA8041E1CBC
:10021000FD030824041ACC0C1AD4041A100C1AC4B6
:10022000081A14081A08041AE80C1119081AF40814
:100230001ADC041E98FF030830106112FF1F28BC4F
:10024000030828BD041ABE041ABF042910990441EA
:100250001AD8081AD8241AD8241A7C2439109904D8
:10026000015C0617D4C3B2A16F181621F70208FD6E
:10027000F30208A1F4020879F50208C1F60208EDBC
:100280000C1A290C1A51041E4C01040854041A5C5F
:10029000041ABCF81A64081A6C041A4804410000D5
:040000050800018965
:00000001FF
