:020000040800F2
:10000000284801205D020008091E0008930E000820
:10001000ED1D0008B70800082325000800000000B7
:100020000000000000000000000000009D0100082A
:10003000F509000800000000F9010008B1220008DD
:1000400077020008770200087702000877020008AC
:10005000770200087702000877020008770200089C
:10006000770200087702000877020008770200088C
:10007000770200087702000877020008770200087C
:10008000770200087702000877020008770200086C
:10009000770200087702000877020008770200085C
:1000A000770200087702000877020008770200084C
:1000B0007702000877020008B123000877020008E1
:1000C000770200087702000877020008770200082C
:1000D000770200087702000877020008770200081C
:1000E000770200087702000877020008770200080C
:1000F00077020008770200087702000877020008FC
:1001000077020008770200087702000877020008EB
:100110007702000877020008BD23000801240008C8
:1001200077020008770200087702000877020008CB
:1001300077020008770200087702000877020008BB
:1001400077020008770200087702000877020008AB
:10015000770200087702000877020008770200089B
:10016000770200087702000877020008770200088B
:1001700077020008770200087702000800000000FC
:100180007702000877020008DFF80CD000F056FB79
:1001900000480047C1110208284801202C4B19686B
:1001A0000868B0E8F04F80F30988BFF36F8F4FF015
:1001B000000080F3118870470000000008480068C4
:1001C000006880F308884FF0000080F3148862B65E
:1001D00061B6BFF34F8FBFF36F8F00DF00BF00BF6B
:1001E00008ED00E0DFF80C00016841F470010160E7
:1001F000704700BF88ED00E0EFF30980BFF36F8F19
:10020000134B1A681EF0100F08BF20ED108A20E96A
:10021000F04F106009B44FF0500080F31188BFF325
:100220004F8FBFF36F8F25F0BBFF4FF0000080F3BF
:10023000118809BC19680868B0E8F04F1EF0100F6B
:1002400008BFB0EC108A80F30988BFF36F8F704746
:1002500010000020EFF3058070470000064880473B
:1002600006480047FEE7FEE7FEE7FEE7FEE7FEE79B
:10027000FEE7FEE7FEE7FEE7A1230008890100088C
:100280002DE9F05F0546002092469B4688460646CB
:10029000814640241BE0284641464746224600F05E
:1002A00036FA53465A46C01A914110D311461846A1
:1002B000224600F01DFA2D1A67EB01084F46224630
:1002C0000120002100F014FA17EB00094E41201E16
:1002D000A4F10104DFDC484631462A464346BDE826
:1002E000F09F10B5431A934209D28318881803E08F
:1002F00010F8011D03F8011D521EF9D210BD40EA8D
:1003000001039B0703D009E008C9121F08C0042A93
:10031000FAD203E011F8013B00F8013B521EF9D27A
:1003200010BDD2B201E000F8012B491EFBD270478C
:100330000022F6E710B513460A4604461946FFF7B1
:10034000F0FF204610BD421C10F8011B0029FBD114
:10035000801A704710B5002200E0521C835C8C5C50
:10036000A34201D1002BF8D1D8B2E1B2401A10BD9E
:10037000034611F8012B00F8012B002AF9D1184689
:1003800070472DE9FE4F804681EA0300C00F0C46FE
:10039000009021F0004123F00045B8EB0200A94194
:1003A00005D24046214690461C460B46024623F0A5
:1003B0000040104347D0270DC7F30A00C3F30A518A
:1003C0000290401A019040286BDAC3F3130040F406
:1003D000801B0098924620B10023D2EB030A63EB06
:1003E0000B0B01985946C0F14002504600F080F9CD
:1003F00006460D4650465946019A00F098F910EB12
:1004000008006141002487EA115284EAE7731A4325
:1004100040D0009A62B3019A012A4FEA075215DCD4
:10042000001B61EB02014FF0004202EA0752CDE9E6
:100430000042001C41F5801132462B4600F098F92D
:1004400003B0BDE8F08F40462146F9E7001B61EBA1
:100450000201001C41F5801300185B412018A2F531
:10046000001747EB030140EAD570B6196D4111E062
:100470006D084FEA360645EAC0754FEA0752001B81
:1004800061EB0201001C41F5801149084FEA300080
:100490000019514132462B4603B0BDE8F04F00F041
:1004A00058B90098012240000023D0EB020263EB10
:1004B000E073009821464FEAE074B8EB000061EB6E
:1004C0000401E9E783F000435BE781F0004158E76E
:1004D0002DE9FE4F81EA030404F0004421F00041BD
:1004E00000944FF0000B23F0004350EA01045ED06B
:1004F00052EA03045BD0C3F30A54C1F30A552C44F7
:10050000A4F2F3340194A0FB0254C1F3130141F4AB
:100510008011C3F3130343F4801301FB024400FB77
:10052000034E840A970A44EA815447EA8357A4FB9E
:10053000076802958D0A05FB07854FEA932C04FB9B
:100540000C542705029D4FEA065847EA1637B5EBCB
:1005500008056EEB070C870E920E47EA811742EAF8
:100560008312A7FB0201B6EB0B0164EB00042B0D19
:1005700043EA0C335E1844EB1C50DA465146E7FB65
:100580000201C5F313044FEA0B3343EA14534FEA55
:100590000432019C43EA0603A4F10C040294009C7B
:1005A000CDE900B400F0E4F803B0BDE8F08F00201E
:1005B0000146F9E72DE9F04D81EA030404F0004B10
:1005C00021F0004514464FF0000A23F0004150EAA4
:1005D000050220D054EA01021DD0C5F30A57024695
:1005E000C5F31303C1F31300C1F30A5640F4801599
:1005F00043F48013A7EB0608101BD64608F2FD381B
:1006000073EB050002D308F1010801E092185B4189
:10061000B8F1000F03DA00200146BDE8F08D00209C
:100620004FF48011064684460EE0171B73EB050756
:1006300005D3121B63EB050306434CEA010C490882
:100640004FEA300092185B4150EA0107EDD152EABF
:10065000030012D082EA040083EA0501084305D0B2
:10066000101BAB4106D20122002306E000224FF00E
:10067000004302E06FF0010253101AEB06004CEB4E
:10068000085110EB0A0041EB0B01BDE8F04D00F002
:1006900060B8000030B5041E71F1000404DB4FF0B7
:1006A0000044404264EB0101141E73F1000405DBB9
:1006B0001C464FF00043524263EB0403994208BFCB
:1006C000904230BD30B50B46014600202022012467
:1006D00009E021FA02F59D4205D303FA02F5491B10
:1006E00004FA02F52844151EA2F10102F1DC30BD26
:1006F000202A04DB203A00FA02F1002070479140E2
:10070000C2F1200320FA03F3194390407047202AD6
:1007100004DB203A21FA02F00021704721FA02F3AB
:10072000D040C2F120029140084319467047202A68
:1007300006DBCB17203A41FA02F043EAE07306E009
:1007400041FA02F3D040C2F1200291400843194619
:10075000704710B5141E73F1000408DA401C41F113
:10076000000192185B411A4301D120F0010010BD35
:100770002DE9F04D92469B4611B1B1FA81F202E0AB
:10078000B0FA80F220329046FFF7B2FF04460F46DF
:1007900040EA0A0041EA0B0153465A46084313D087
:1007A000114653EA010019D0C8F140025046FFF744
:1007B000AEFF05460E46504659464246FFF798FFA3
:1007C000084305D0012004E020463946BDE8F08DFD
:1007D0000020054346EAE0762C4337430A98630538
:1007E000E40AA0EB08000022FD0A44EA47540A305C
:1007F00002D500200146E9E7010510196941DDE94C
:10080000084500196941BDE8F04DA2E7C1F30A525D
:10081000C1F3130140F2FF3341F480119A4202DA2E
:1008200000200146704740F233439A42A2F233421D
:1008300002DC5242FFF76BBFFFF75ABF064C074D71
:1008400006E0E06840F0010394E8070098471034A0
:10085000AC42F6D3FFF79CFC34ED020854ED0208DD
:1008600070B58C1810F8015B15F0070301D110F872
:10087000013B2A1106D110F8012B03E010F8016B9F
:1008800001F8016B5B1EF9D12B0705D40023521E22
:100890000DD401F8013BFAE710F8013BCB1A921C8A
:1008A00003E013F8015B01F8015B521EF9D5A14288
:1008B000D8D3002070BDFEE730B587B01821684658
:1008C000FFF736FD0E48016841F002010160006843
:1008D000002100F002004FF4807406900391009410
:1008E00001200221CDE90101064D04906946284608
:1008F00000F040FFAC61044800F0CCFA07B030BD16
:10090000303802400004024098000020022000F02D
:1009100027B800001CB501A800900423032215216C
:100920000E4800F0BFFB9DF804109DF8050001F093
:100930000F0140EA01229DF807009DF806300749A3
:1009400003F00F030F3040EA03200839A0F217101C
:10095000C2F1EF024042C1E900201CBD9800002016
:1009600002461521014800F0E1BB0000980000207C
:1009700070B5074C4FF480752804A0610A2005F07B
:10098000F7FEA561BDE87040642005F0F1BE0000EF
:1009900000040240144808B5016841F48001016078
:1009A000006800F48000009010480068C0F3022046
:1009B000C0F10701042900D90421021D072A01D230
:1009C000002000E0C01E01228A40521E02F00501F4
:1009D00081400801064981F8000405494FF0006094
:1009E0003739C1F8000108BD303802400CED00E095
:1009F0003BE000E070470000024881680278114443
:100A000081607047000000200B4810B5016841F478
:100A100000710160016841F480610160016841F486
:100A200080710160032000F09FF80F2000F006F8AD
:100A300000F050F8002010BD003C024030B50546E3
:100A40001F4887B00024016841F00401016000687C
:100A500006A900F00400009001A800F097F804989F
:100A6000A8B100F0B3F840001649174AB0FBF1F105
:100A70001648491E026040F2E732C0E90324C0E98B
:100A80000114846100F0B4F8040003D015E000F014
:100A90009DF8E9E70D4800F015F904000DD11E207E
:100AA00000F034F8102D07D2002229461E2000F055
:100AB0003BF80748056000E0012407B0204630BD40
:100AC0004038024040420F0000080040B4020020BD
:100AD000040000200C4882B0016841F480410160AC
:100AE000006800F4804000900748001F016841F052
:100AF000805101600068002200F0805000900F21BA
:100B0000901E02B000F010B844380240002809DB03
:100B100000F01F02012191404009800000F1E02017
:100B2000C0F8001170470000F0B40E4B1B680C4673
:100B3000C3F30223C3F10705042D00D90425191DB1
:100B4000072901D2002300E0DB1E012606FA05F189
:100B5000491E214099409E40761E16403143F0BC0C
:100B600001F048BD0CED00E0064900F007020868FE
:100B70004FF6FF03184040EA0220034A1043086082
:100B8000704700000CED00E00000FA050F22026043
:100B90000C4A136803F003034360136803F0F00387
:100BA0008360136803F4E053C36012684FF4E053AA
:100BB00003EAD20202610448006800F007000860FE
:100BC0007047000008380240003C024004480549D4
:100BD00000680968044AC1F38221515CC84070472B
:100BE0000C00002008380240EA6D02087047704788
:100BF00010B5040003D094F83D0010B107E00120C7
:100C000010BD002084F83C00204600F01EF80220B1
:100C100084F83D00211D206801F014FC012084F8B7
:100C2000460084F83E0084F83F0084F8400084F8D1
:100C3000410084F8420084F8430084F8440084F8BA
:100C4000450084F83D00002010BD704790F83D102D
:100C5000012901D001207047022180F83D10006871
:100C60001149884214D0B0F1804F11D00F49884209
:100C70000ED00F4988420BD00E49884208D00E4949
:100C8000884205D00D49884202D00D49884204D1DE
:100C9000816801F00701062903D0016841F00101D4
:100CA0000160002070470000000001400004004087
:100CB00000080040000C00400004014000400140DA
:100CC0000018004090F83D10012901D00120704724
:100CD000022180F83D100168CA6842F00102CA6032
:100CE00000681149884214D0B0F1804F11D00F49EB
:100CF00088420ED00E4988420BD00E49884208D057
:100D00000D49884205D00D49884202D00C498842DD
:100D100004D1816801F00701062903D0016841F080
:100D20000101016000207047000001400004004004
:100D300000080040000C0040000401400040014059
:100D40000018004070472DE9F04104460068C6686D
:100D500005694FF00007A90713D5B10711D5F91E92
:100D6000016101202077206880698007204602D039
:100D7000FFF7E8FF04E000F07EF8204600F07CF882
:100D80002777680716D5700714D521686FF004001F
:100D90000861022020772068806910F4407F204697
:100DA00002D0FFF7CFFF04E000F065F8204600F026
:100DB00063F82777280715D5300713D521686FF01A
:100DC00008000861042020772068C0698007204659
:100DD00002D0FFF7B7FF04E000F04DF8204600F026
:100DE0004BF82777E80616D5F00614D521686FF082
:100DF00010000861082020772068C06910F4407F47
:100E0000204602D0FFF79EFF04E000F034F82046B1
:100E100000F032F82777E80708D0F00706D02168FD
:100E20006FF001000861204600F028F8280608D578
:100E3000300606D521686FF0800008612046FFF774
:100E4000D5FE680608D5700606D521686FF040000B
:100E50000861204600F01CF8A8060AD5B00608D59F
:100E600021686FF0200008612046BDE8F041FFF7DF
:100E7000BEBEBDE8F08170477047000000680349BE
:100E8000884201D1FFF7B8BD70470000000800405C
:100E90007047FEE710B586B0044618216846FFF794
:100EA00047FA20890121CDE900010020CDE90301A5
:100EB000022002906946206800F05CFC6089009086
:100EC0006946606800F056FC06B010BD70B5064675
:100ED0000824002501F0AAF813E06806050E002199
:100EE000304601F092F8022005F050FC0121304616
:100EF00001F08BF8012005F049FC304601F08DF837
:100F00000543641EE4B2E8D20021304601F07DF8CA
:100F1000304601F0A8F8284670BD10B504460021FF
:100F200001F099F8012005F031FC0121204601F083
:100F30006CF8012005F02AFC0021204601F065F83C
:100F4000BDE81040012005F021BC000070B50C4642
:100F50000646082519E000BF01F057F8022005F009
:100F600015FC04F08001304601F075F8012005F011
:100F70000DFC6006040E012005F008FC012130463E
:100F800001F043F8012005F001FC6D1EEDB24FF0B9
:100F900000013046E0D201F038F8BDE87040022090
:100FA00005F0F4BB10B50446012101F054F801200E
:100FB00005F0ECFB0121204601F027F8012005F0A7
:100FC000E5FB0021204601F020F8BDE8104002209A
:100FD00005F0DCBB10B50446012101F03CF802200D
:100FE00005F0D4FB0121204601F00FF8012005F0A7
:100FF000CDFB0021204601F02EF8012005F0C6FBB4
:101000000021204601F001F8BDE81040012005F064
:10101000BDBB10B50446002100F0F7FF022005F02B
:10102000B5FB0021204601F016F8012005F0AEFBCB
:101030000121204600F0E9FF012005F0A7FB012176
:10104000204601F008F8BDE81040012005F09EBBE5
:1010500070B50546052400F0E9FF0121284600F09F
:10106000D4FF05E0641EA4B2012005F08FFB84B11B
:10107000284600F0D2FF0028F4D1284600F0F3FF04
:101080000021284600F0C1FF022005F07FFB002070
:1010900070BD284600F0E7FF2846FFF7BAFF0120A1
:1010A00070BD00002DE9F0411D4617460C468046F4
:1010B000069EFFF78FFF6006010E4046FFF746FFD2
:1010C0004046FFF7C5FF28B14046FFF7A2FF0120C9
:1010D000BDE8F08139464046FFF738FF4046FFF74C
:1010E000B7FF4046FFF776FF012000EB4400C1B296
:1010F0004046FFF72BFF4046FFF7AAFF00246F1E74
:101100000AE000BFFFF7E2FE3055BC4202DA40467B
:10111000FFF703FF641CE4B2AC424046F2D3FFF792
:1011200041FF4046FFF775FF0020D1E770B5164636
:101130000C460546FFF74EFF6006010E2846FFF7F6
:1011400005FF2846FFF784FF31462846FFF7FEFEDD
:101150002846FFF77DFF2846FFF73CFF012000EB04
:101160004400C1B22846FFF7F1FE2846FFF770FFA2
:101170002846FFF7ABFE04462846FFF713FF284634
:10118000FFF747FF204670BD30B587B0182168468D
:10119000FFF7CEF8012000F0D5FA01240025CDE9B3
:1011A000004569460848049400F0E4FA082000F07D
:1011B000C9FAAA20CDE9000569460494034800F065
:1011C000D9FA07B030BD000000000240000C024018
:1011D0002DE9F04104461D4616460F462A2000F030
:1011E0003BFA204600F029FA304600F026FA2B2080
:1011F00000F032FA384600F020FA284600F01DFAD6
:10120000BDE8F0412C2000F027BA70B55E1A141A20
:10121000641C761CA4B2B6B21433143174439BB26E
:1012200089B2049DFFF7D4FF4FF4006000F0CCFFBB
:101230002146284601F002F8BDE87040002000F089
:10124000C3BF10B514460B460246FFF7C1FF204648
:10125000BDE8104000F0F1B92DE9F04780461F4687
:1012600003F1130083B21646501E82B20C4601F100
:10127000140081B24046DDF82090FFF7A9FF0AE094
:10128000454604E0484600F0D8F96D1CADB2B542C1
:10129000F8D3641CA4B2BC42F2D3BDE8F0870000CE
:1012A0002DE9F04188B018216846FFF741F81F4842
:1012B000016841F01001016000681D4C00F0100051
:1012C00006904FF48020A0614FF0040801AA012588
:1012D00003260027CDF8008082E8E000694620461A
:1012E00000F048FAC4F81880E804A0614FF008083C
:1012F00001AACDF8008082E8E0006946204600F0AF
:1013000039FAC4F818802805A0614FF0100801AA26
:10131000CDF8008082E8E0006946204600F02AFA15
:10132000C4F8188008B0BDE8F081000030380240F1
:101330000010024010B5FFF72DFB00F0ABFE00F0EF
:1013400065FDFFF7ADFF642005F012FA654C102132
:10135000204600F04CFD0421204600F048FD6420AA
:1013600005F006FA0421204600F048FD642005F04F
:10137000FFF9112000F070F9782005F0F9F9362016
:1013800000F06AF9C02000F045FF3A2000F064F94F
:10139000052000F03FFFB22000F05EF90C2000F0C5
:1013A00039FF0C2000F036FF002000F033FF33201F
:1013B00000F030FF332000F02DFFB72000F04CF993
:1013C000352000F027FFBB2000F046F9192000F07F
:1013D00021FFC02000F040F92C2000F01BFFC220AC
:1013E00000F03AF9012000F015FFC32000F034F9B5
:1013F000122000F00FFFC42000F02EF9202000F092
:1014000009FFC62000F028F90F2000F003FFD020CC
:1014100000F022F9A42000F0FDFEA12000F0FAFE69
:10142000E02000F019F9D02000F0F4FE042000F0D4
:10143000F1FE0D2000F0EEFE112000F0EBFE132077
:1014400000F0E8FE2B2000F0E5FE3F2000F0E2FE79
:10145000542000F0DFFE4C2000F0DCFE182000F0ED
:10146000D9FE0D2000F0D6FE0B2000F0D3FE1F2089
:1014700000F0D0FE232000F0CDFEE12000F0ECF8DB
:10148000D02000F0C7FE042000F0C4FE0C2000F0C5
:10149000C1FE112000F0BEFE132000F0BBFE2C2088
:1014A00000F0B8FE3F2000F0B5FE442000F0B2FE90
:1014B000512000F0AFFE2F2000F0ACFE1F2000F006
:1014C000A9FE1F2000F0A6FE202000F0A3FE23208E
:1014D00000F0A0FE212000F0BFF8BDE81040292058
:1014E00000F0BAB800100240411F5F2901D800F097
:1014F00005BD70472DE9FF4F81B00446DDF83C90F3
:1015000000904FEA59074FF00008780700D00120FB
:1015100000EBD70000FB09FB203AD0B20390029801
:1015200002994844401E83B2E019401E82B2204610
:10153000FFF74EFE002553E0B9F10C0F2AD0B9F1A8
:10154000100F2ED0B9F1180F2ED0B9F1200F49D1BC
:101550002749039801EB8010002610F805A0109889
:1015600000284FF0010000FA06F000EA0A0022D03D
:1015700020B12046049A0299FFF763FE641C00988C
:10158000A4B2201AB84225D10298009C401C80B217
:10159000029023E00398174900EB400001EB800024
:1015A000DAE71549039803E00398144900EB40007B
:1015B00001EB0010D0E708B1049800E00E9800F0AD
:1015C0003CF808F10100C0B2B0FBF7F1804607FB20
:1015D000118050B1761CF6B2082EC0D36D1CADB28E
:1015E0005D45A9D305B0BDE8F08F4FF00008F5E7E1
:1015F000268A0208F26D020866720208567802080E
:101600002DE9FE4F9946DDE90D6714468A460546E9
:10161000DDF830800CE0CDF800804B46514628467E
:10162000CDE90167FFF766FF05EB560085B2641C44
:101630002278002AEFD1BDE8FE8F10B504464FF4A2
:10164000006000F0C1FD204600F0D0FDBDE8104074
:10165000002000F0B9BD000010B5074C034608217A
:10166000204600F0C4FB184600F0D4FD2046BDE83B
:101670001040082100F0C2BB0010024000B587B046
:1016800018216846FEF754FE102000F067F808485D
:101690004FF460410A048261009101210022CDE9EA
:1016A0000112CDE90321694600F064F807B000BDDE
:1016B00000100240034A516921F4604141EA403080
:1016C00050617047001002404FF4FA7400F020F8A7
:1016D000204624F0B1FCF9E700B587B01821684630
:1016E000FEF726FE042000F039F808484FF40051B8
:1016F0000A048261009101210022CDE90112CDE9A5
:101700000321694600F036F807B000BD000802402A
:1017100005494FF400524869824300F4005042EA00
:10172000004088617047000000080240044908B585
:101730000A6802430A6009680140009108BD000080
:1017400030380240044908B50A6802430A60096853
:101750000140009108BD000030380240044908B53E
:101760000A6802430A6009680140009108BD000050
:1017700030380240F0B50A680F2692FAA2F2B2FAA7
:1017800082F303248AE001279F4015EA07027DD0F7
:101790004D68012D01D0022D1BD18D68876892FA0A
:1017A000A2FCBCFA8CFC4FEA4C0C04FA0CFC27EAB5
:1017B0000C0792FAA2FCBCFA8CFC4FEA4C0C05FA1E
:1017C0000CF52F438760CD684768554397432F43F7
:1017D00047600F69D0F80CC092FAA2F5B5FA85F50A
:1017E0004FEA450E04FA0EF52CEA050C92FAA2F522
:1017F000B5FA85F56D00AF404CEA070CC0F80CC097
:101800004D68022D33D192FAA2F5B5FA85F5082D6F
:1018100015D2D1F814C0056A92FAA2F7B7FA87F781
:10182000BF0006FA07F7BD4392FAA2F7B7FA87F7A7
:10183000BF000CFA07FC45EA0C05056217E0D1F879
:1018400014E0476A150A95FAA5FCBCFA8CFC4FEA2D
:101850008C0C06FA0CFC95FAA5F5B5FA85F5AD00E9
:1018600027EA0C070EFA05FE47EA0E0747624D68A5
:10187000076892FAA2FCBCFA8CFC4FEA4C0C04FA02
:101880000CFE27EA0E0792FAA2F200E005E0B2FA97
:1018900082F2520095402F4307605B1C0A68154690
:1018A000DA407FF470AF0020F0BD10B5044600F0C0
:1018B0005FFB206000F032FB606000F03DFBA06049
:1018C000606800F047FBE06010BD10B503680122BE
:1018D000C3F380132BBBD1E900231A43D1E90234AF
:1018E00023431A430B691A434B691A438B691A4302
:1018F000CB691A430B6A1A4303684FF6BF74A343BC
:101900001A43026042684B6922F0040242EA134221
:1019100042600A6AB2F5005F02D1898C89B2016126
:101920000022C16921F40061C161104610BD0000B0
:1019300001490860704700000C000020F0B5026803
:10194000254B264D264E274F274C4FF0804C984272
:1019500009D0604507D0A84205D0B04203D0B842B4
:1019600001D0A04205D1D1F804E022F0700242EA91
:101970000E0298421BD0604519D0A84217D0B04241
:1019800015D0B84213D0A04211D0184DA8420ED0A5
:10199000174DA8420BD0174DA84208D0164DA842AB
:1019A00005D0164DA84202D0154DA84203D1CD68EE
:1019B00022F440722A4302608A68C2620A88826204
:1019C000984201D0A04201D109690163416941F007
:1019D000010141610020F0BD000001400004004011
:1019E00000080040000C004000040140004001409D
:1019F000004401400048014000180040001C004025
:101A000000200040F0B5012600236E4C6E4D0129E8
:101A100008D010293BD0B1F5807F73D0B1F5805F3D
:101A20006ED1A6E0016A21F001010162016A4668F7
:101A30008769D2F800C027F0730747EA0C07D2F88D
:101A400010C021F0020141EA0C01D2F804C021F0DB
:101A5000010141EA0C01A04201D0A84212D154690F
:101A600021F0080141EA8401946821F0040141EA6F
:101A70008401956926F480742C43D56924F400749C
:101A800044EA450646608761D26842636FE0016AB6
:101A900021F010010162066A41688769D2F800C02E
:101AA00027F4E64747EA0C27D2F810C026F02006B4
:101AB00046EA0C16D2F804C026F0100646EA0C16C8
:101AC000A04201D0A84213D1556926F0800444EA0F
:101AD0008514956824F0400444EA8516946921F43D
:101AE000806141EA8401D46921F4006141EAC401C2
:101AF00041608761D168816361E003E000E01E46D8
:101B00003046F0BD016A21F480710162016A4668C5
:101B1000C769D2F800C027F0730747EA0C07D2F86C
:101B200010C021F4007141EA0C21D2F804C021F464
:101B3000807141EA0C21A04201D0A84213D154691E
:101B400021F4006141EA8421946821F4806141EA32
:101B50008421956926F4805444EA0514D56924F457
:101B6000005444EA45164660C761D268C263016208
:101B7000C5E7016A21F480510162066A4168C769BC
:101B8000D2F800C027F4E64747EA0C27D2F810C085
:101B900026F4005646EA0C36D2F804C026F48056E5
:101BA00046EA0C36A04201D0A84204D1946921F43F
:101BB000804141EA84114160C761D16801640662D5
:101BC0009DE7000000000140000401407FB504468D
:101BD000C0680D460126C0F34030C0BBE9686868A4
:101BE000AA690843296911430843E16849F20C6274
:101BF00091430843E060A868216921F44051014302
:101C000021616869616921F440710143616168463D
:101C1000FFF74BFE0F48844208D00F4884420DD096
:101C20000E4884420AD00E48844201D1039906E04E
:101C30000C48844202D00C48844208D1029931B148
:101C40002B6823B100262046AA6900F00FF804B0E3
:101C5000304670BD00100140004400400048004084
:101C600000140140004C0040005000402DE9F041BC
:101C700006461920A1FB00011F46002364243225DB
:101C8000B2F5004F27D0BB0FBA00FEF7F9FA0146B4
:101C9000B0FBF4F06FF01802504301EB800005EB4D
:101CA0000010B0FBF4F000F0F002B1FBF4F002EB36
:101CB0000012B1FBF4F06FF01803584301EB800001
:101CC00005EB0010B0FBF4F000F00F00104480B200
:101CD000B060BDE8F081FA195B41FEF7D1FA014628
:101CE000B0FBF4F00201B1FBF4F06FF018035843BD
:101CF00001EB800005EBC000B0FBF4F000F0F80051
:101D000002EB4002B1FBF4F0584301EB800005EB1D
:101D1000C000B0FBF4F000F00700D7E723F088FF25
:101D20000A2024F089F9FBE71EF0C0FD052024F00D
:101D300083F9F9E700F0F6BB10B58020FFF7F6FC59
:101D4000BDE810400120FFF7F1BC000010B58EB0D7
:101D50001C216846FEF7ECFA182107A8FEF7E8FAFE
:101D60001F48016841F010010160006800F0100098
:101D70000D901B481438016841F0010101600068B2
:101D8000002400F001000D904FF4C0600790022085
:101D900008900320CDE909040720CDE90B4007A9ED
:101DA0001048FFF7E7FC4FF4E130CDE900040C20C8
:101DB0000294CDE90340059406940B4C69462046F5
:101DC000FFF704FF206920F490402061606920F053
:101DD0002A006061E06840F40050E0600EB010BD81
:101DE000443802400000024000100140FEE70A04AF
:101DF0008261426931EA0202FBD070478161426927
:101E000031EA0202FBD17047FEE70000F0B595B061
:101E1000142110A8FEF78CFA202101A8FEF788FAF9
:101E2000182109A8FEF784FA3048016841F0020140
:101E300001600068002500F002000090A720ADF8C6
:101E4000400040F22B10CDE91150294C10A920463A
:101E50001395FFF773FD206820F08000206025486F
:101E6000A11502792248183016183068214F08222F
:101E7000FF1D3B799A40104330606020CDE9010599
:101E80000395049501AA20460595FFF7BBFD306830
:101E90003A790421914088433060606820F07000F6
:101EA0006060A06820F08000A060104810380168D1
:101EB00041F00201016000680C9500F00200009002
:101EC000012009900220CDE90A05CDE90D5009A9AC
:101ED0000948FFF74FFC206840F001002060206AAD
:101EE00040F480702062E56315B0F0BD40380240D8
:101EF00000040040C46D020800040240642800D9B8
:101F000064204FF4967110FB01F06421B0FBF1F0F6
:101F10000149C86370470000000400400449096893
:101F2000044A01F0F0010909515CC8407047000003
:101F300008380240DA6D020804490968044A01F4CD
:101F4000E05102EB91210978C840704708380240FF
:101F5000EA6D020804490968044A01F4604102EB91
:101F600051310978C840704708380240EA6D0208CC
:101F70000748006810F00C01064807D0042904D077
:101F8000082903D1082000F009B803487047000071
:101F9000083802400024F40040787D0110B5104A52
:101FA00004460020116811F480030E4903D0B3F5F4
:101FB000800F00D10C49082C11D1106800F03F00AF
:101FC000B1FBF0F01168C1F3881148431168012298
:101FD00001F4403102EB11414900B0FBF1F010BDBA
:101FE000043802400024F40040787D0100244FF4BE
:101FF000FA75641CE4B2062C00D900242046FFF7D1
:1020000059FB284624F018F8F3E74289406809B1E3
:102010008261704711048161704701680089096914
:10202000884301D0002070470120704710B586B06A
:10203000044618216846FEF77BF9208900900020AD
:102040000190012004900220029069462068FFF769
:1020500091FB06B010BD0289006809B1826170472A
:1020600011048161704710B586B004461821684696
:10207000FEF75EF920890090012001900390002076
:1020800004900220029069462068FFF773FB06B0B7
:1020900010BD000030B591B028216846FEF748F920
:1020A00018210AA8FEF744F94248016841F480511A
:1020B0000160006800F4805010903E4814380168B8
:1020C00041F0010101600068022500F0010010905C
:1020D000A020CDE90A0503200024CDE90C04052049
:1020E000CDE90E400AA93448FFF744FB3448334990
:1020F000C2788A58C37822F0606242F0C062CA5047
:10210000C2788A58C37822F0C00242F04002CA5016
:10211000C2788A58C37822F44032CA50C2788A58AA
:10212000C37822F49072CA50C2788A58C37822F4D5
:102130000072CA50C2788A58C37842F48062CA508A
:10214000C2788A58C37822F4C05242F40062CA505E
:10215000C2788A58C37822F4C04242F40052CA506E
:102160001649C27814315258C07822F00402425005
:102170004FF48270CDE9004001200294CDE9035074
:102180004002CDE905040A20CDE9084007940D4C32
:1021900069462046FFF799FB606820F010006060F8
:1021A000606840F002006060206840F040002060FD
:1021B00011B030BD443802400000024000640240CB
:1021C000D26D02080030014007490A6822F040023F
:1021D0000A600A6822F4006202430A60086840F05C
:1021E00040000860704700000030014008498A68DC
:1021F000C2F34002002AFAD0C8608868C0F34000E9
:102200000028FAD08868C0F3C0100028FAD17047BF
:102210000030014008498A68C2F34002002AFAD01F
:1022200008738868C0F340000028FAD08868C0F3BB
:10223000C0100028FAD1704700300140F0B5194AAB
:10224000194BD4781C5914F0010FFAD14FF00064E7
:102250009C60D5785D59D67825F001059D51124FC7
:10226000D6780837114DF551D6783D1D7051D57887
:10227000381F2D586FF30F050D43D1780D50D078CE
:102280001858D17840F001005850D078185810F004
:10229000010FFAD11868C0F3C0600028FAD09C6022
:1022A000F0BD0000D26D0208006402400C30014015
:1022B00010B54FF0E020006924F0AAFB012803D0FC
:1022C000BDE8104024F0C0B810BD000070B52E4825
:1022D000016821F0070141F005010160016801F08A
:1022E00007010529FAD12949086840F480400860AF
:1022F0002748026842F4803202600268C2F340421A
:10230000002AFAD0224A234B121D1468224D2C4079
:1023100023431360136823F440331360026842F0D0
:10232000807202600268C2F34062002AFAD04868F4
:10233000C0F380300028FAD015480830016821F039
:10234000F0010160016821F4E05141F4A051016005
:10235000016821F4604141F400410160016821F00D
:10236000030141F002010160016801F00C0108293C
:10237000FAD10A48FFF7DCFA0F20FEF75FFB0028CE
:1023800001D072B6FEE770BD003C02400070004014
:1023900000380240195440000080BFFF007A030A51
:1023A0000248016841F470010160704788ED00E067
:1023B0000148FEF7C8BC0000B402002010B5064C6E
:1023C000206910F0010F05D004A000F003F96FF0B0
:1023D0000100206110BD00000010004054494D363E
:1023E000E6ADA3E59CA8E8BF90E8A18C2CE4BC98DE
:1023F000E58588E7BAA7E4B8BA3A360D0A000000C6
:1024000010B5064C206910F0010F05D004A000F0B3
:10241000E1F86FF00100206110BD000000140040E1
:1024200054494D37E6ADA3E59CA8E8BF90E8A18CE0
:102430002CE4BC98E58588E7BAA7E4B8BA3A340D2D
:102440000A000000F0B50268294C2A4D2A4E2B4F95
:102450002B4B4FF0804CA04209D0604507D0A842DA
:1024600005D0B04203D0B84201D0984204D122F046
:10247000700E4A6842EA0E02A0421BD0604519D095
:10248000A84217D0B04215D0B84213D0984211D00C
:102490001C4DA8420ED01C4DA8420BD01B4DA8428B
:1024A00008D01B4DA84205D01A4DA84202D01A4DA3
:1024B000A84203D122F44075CA682A434D6922F02C
:1024C00080022A4302608A68C2620A688262A0426D
:1024D00001D0984201D1096901630121416101697B
:1024E000C90703D0016921F001010161F0BD0000BD
:1024F000000001400004004000080040000C0040C3
:1025000000040140004001400044014000480140F7
:1025100000180040001C00400020004001201EF078
:1025200039B9FEE71CB516490220CDE900010023A8
:102530004FF4406213A1174824F012FA1049032007
:10254000091DCDE900010023802213A1154824F0C4
:1025500007FA0B4801240838CDE900400023802207
:1025600011A1154824F0FCF905480023001FCDE90E
:102570000040802211A1164824F0F2F91CBD000091
:10258000B00000204C7648616E646C6572546173D3
:102590006B000000291D00084C56474C5F546173C6
:1025A0006B0000001D1D00084C4544546F67676CAC
:1025B000655F5461736B0000C91600085247424CB6
:1025C0004544546F67676C655F5461736B0000002E
:1025D000ED1F00080FB4054B10B503A9044A02987B
:1025E00001F03EFE10BC5DF814FB000049E4000859
:1025F000B00200200907090E002804DB00F1E020EA
:1026000080F80014704700F00F0000F1E02080F81F
:10261000141D704702E008C8121F08C1002AFAD131
:1026200070477047002001E001C1121F002AFBD152
:10263000704770B5044600256FF02F0608E020684B
:10264000411C2160007805EB850106EB410145182E
:102650002068007800F0B6F80028F0D1284670BD58
:102660002DE9FF5FDDE90220010DDDF838B00243FE
:1026700018D044F61050A1F2FF3141430D140F98C9
:10268000012820D0A5EB0B00401C5FEA000A4FF0A8
:102690000004474EDFF81C91A046504616D5CAF1FB
:1026A000000728E00F98012443A2012808D0002148
:1026B00000980F9BC0E90021C0E90243BDE8FF9FDD
:1026C0006FEA0B01F4E7CBF10000DEE7074612E00A
:1026D000F80707D02246334640464946FDF7F8FE44
:1026E000804689462246334610461946FDF7F0FEDD
:1026F00004460E467F10002FEAD1DDE90201BAF14F
:10270000000F42464B4602DAFDF7E2FE01E0FDF71C
:1027100051FF04460E460022284BFDF7BBFF03D8AD
:102720004FF0FF30014607E00022254B204631469E
:10273000FDF727FEFEF76AF8102409E0002C0ADBFB
:102740000A220023FDF79CFD019B30321A55641EBE
:1027500050EA0102F2D1641C019AC4F1110314443D
:102760000F9A012A03D0012208430DD10AE0084341
:1027700004D000204FF0110B0F9080E7A3EB0B0566
:102780006D1E0DE05B4504DD4FF0000205F1010513
:1027900004E003DA4FF00002A5F10105002AECD0B5
:1027A00000980F99C0E90231C0E9004586E70000B2
:1027B000000024400000F03F300000000000F04323
:1027C0000000E03F3038092801D801207047002080
:1027D0007047000010B54021074801F081F8002241
:1027E0000A2106481EF030F8054CA06002F05CFC9F
:1027F0000020207010BD00005882002051510008B8
:102800003002002070B5B1F90030B2F90040A342A7
:1028100000DC23460380B1F90250B2F90240A54220
:1028200000DD2C464480B1F90460B2F90450AE4298
:1028300000DA35468580B1F90610B2F906209142DA
:1028400000DB1146C1800120AB4201DC8C4200DD7F
:10285000002070BDF8B50D460446B0F90000B1F98E
:1028600000101646884247DBB4F90210B5F9022081
:10287000914241DBB4F90410B5F9042091423BDCEC
:10288000B4F90610B5F90620914235DC96B3ADF8DF
:1028900000006088ADF8020032466946284600F024
:1028A00099F8002827D0A088ADF800006088ADF81E
:1028B000020032466946284600F08CF800281AD0FB
:1028C0002088ADF80000E088ADF802003246694685
:1028D000284600F07FF800280DD0A088ADF8000051
:1028E000E088ADF8020032466946284600F072F8EA
:1028F000002800D00120F8BD0020F8BDB0F900206C
:10290000B1F904309A4213DCB0F90420B1F9003077
:102910009A420DDBB0F90220B1F906309A4207DC89
:10292000B0F90600B1F90210884201DB01207047BE
:1029300000207047F8B50D460446B0F90400B1F91F
:1029400000101646884243DBB4F90600B5F90210C0
:1029500088423DDBB4F90000B5F90410884237DC49
:10296000B4F90210B5F90620914231DC76B3ADF826
:1029700000006088ADF8020032466946284600F043
:1029800029F818BBA088ADF800006088ADF80200F7
:1029900032466946284600F01DF8B8B92088ADF8DF
:1029A0000000E088ADF8020032466946284600F093
:1029B00011F858B9A088ADF80000E088ADF8020021
:1029C00032466946284600F005F808B10020F8BDF7
:1029D0000120F8BD2DE9FC4114460E46B1F9002056
:1029E000B0F9001005468A423ADBB5F9040082428C
:1029F00036DCB6F90270B5F90220974230DBB5F942
:102A000006309F422CDC002C75DD401A9A1A401CBF
:102A1000521C00B212B200EBD07002EBD272401026
:102A20005210904200DB1046844200DD0446ADF8AF
:102A30000010288800222044ADF804006888ADF812
:102A40000200688831462044ADF806006846FFF76A
:102A5000C1FF40B1BDF804002044ADF804003FE0E0
:102A60000020BDE8FC81E8880022001BADF80200D0
:102A7000E888ADF8060031466846FFF7ABFF28B19D
:102A8000BDF804002044ADF8040011E0A88800223D
:102A9000001BADF80000A888ADF804003146684678
:102AA000FFF798FF50B1BDF80000001BADF8000023
:102AB000BDF80200001BADF8020016E06888ADF812
:102AC0000200688800222044ADF8060031466846BE
:102AD000FFF780FF70B1BDF80000001BADF80000EB
:102AE000BDF806002044ADF80600314668461BF0EC
:102AF00001FAB6E7FFE70120B3E710B5B1F90040EE
:102B0000B2F900309C4200DA23460380B1F902405A
:102B1000B2F902309C4200DA23464380B1F9044006
:102B2000B2F904309C4200DD23468380B1F90610DF
:102B3000B2F90620914200DC1146C18010BD0000B0
:102B4000FEB507461DF01CFE0025354C06460095D7
:102B500037B1F868606038461DF044FF606802E0F5
:102B600010F026FF606000691BF060F96068406942
:102B700008B11BF05BF96068C0691BF057F9606829
:102B8000006A1BF053F960680169E1B31BF0EEFBCA
:102B90001BF06AFB6068B0F8501199B30168097CBA
:102BA000890715D510F062FF401E07B2606810F06B
:102BB00017FF401E03B20022114601A800970EF035
:102BC000CCFD606801A90268926B516004F078FD49
:102BD00060684FF48071303016F046FF6068202145
:102BE00000F5987016F040FF6068A0F8505130462C
:102BF0001DF0C0FD009060680068436A13B1226850
:102C00000099984700E007E016F070FD00F036F8F4
:102C1000BDE8FE4000F006B8A0F85051FEBD00002F
:102C2000EC00002070B50A4D002400BFC4EBC406C0
:102C300055F8260008B116F0CDFD05EB86001C21E5
:102C400016F012FF641CE4B2042CEFD370BD000038
:102C500034830020084949680AE04A68824202D069
:102C60000A68824203D10A7E42F001020A7649696B
:102C70000029F2D170470000C0000020704700001A
:102C80000421014800F02CBE4C8200201C21014888
:102C900000F026BE648200202DE9FF5F0446DDE9D6
:102CA0000E0613B9B0F5807F7ED0B6F900504FF014
:102CB000FF376D42454307EB25252DB22580B6F938
:102CC00002C0CCF1000C0CFB00FC07EB2C273FB240
:102CD0006780B6F900C0A1EB0C0141434FF0020C34
:102CE0000CEB212109B2A180B6F90280A2EB080207
:102CF00042430CEB222000B2E080002B7ED04FF04C
:102D00000A0A93FBFAF5684200EB800003EB4007E8
:102D100005F1010928B21DF0A5FF00900FFA89F016
:102D20001DF0A0FF83465A3528B21DF09BFF804658
:102D300009F15A0000B21DF095FF0146009AC7F153
:102D40000A0000FB02F300FB08F00BFB073301FB5A
:102D5000070193FBFAF291FBFAF04FEA601AB4F91B
:102D60000010B4F902000AFB01FCCDF80CC05511AB
:102D7000378805FB10C207EBA2220FFA82F905FB88
:102D800001F2BB46029277880AFB002107EBA121E2
:102D90000BB2B4F90410BE460AFB01FC05FB10C2DD
:102DA0000BEBA22216B200E02FE005FB01F7CDE904
:102DB000007CB4F90680DDF80CC00AFB007005FB4E
:102DC00018C1DDF804C0009F05FB18C5029A0AFB74
:102DD000087C0AFB08220BEBA1210EEBAC270EEBC3
:102DE000A02009B20EEBA2220BEBA5250FFA87FC5F
:102DF00000B212B22DB24F46494500E00EE000DAB3
:102E00000F46B54216DAA84615E000202080491E7C
:102E10006080A180521EE280BDE8FF9F32882A4474
:102E2000228072883A44628032881144A18071887D
:102E300008444FE0B046474504DA4F46494506DAB4
:102E40000F4604E0B54201DA2F4600E037462780FE
:102E50004F46494500DD0F46B54201DDA84600E07A
:102E6000B046474503DD4D46494505DC01E0B54226
:102E700001DD294600E03146A1809A4201DA15467B
:102E800000E01D46844501DA614600E001468D42BE
:102E900005DA9A4201DA114606E0194604E0844553
:102EA00001DA614600E0014661809A4201DD114687
:102EB00000E01946844501DD654600E00546A9426B
:102EC00005DD9A4201DD104604E0184602E0844523
:102ED00000DD6046E0809FE72DE9FE4F0446D0F814
:102EE00000B0B0F90800E589081AB4F90A10511ABF
:102EF000D4E90932B5F5807F38D0A589ADB3A66B8A
:102F0000704345114E437011266BE16A06FB05F7CD
:102F100001FB1077694306FB001003EBA72902EBC6
:102F2000A02080460612B4F904004FEA2927B842CF
:102F30004EDD002F4CDBB4F90610B14248DD002E07
:102F400046DB94F834104A0745D58A0704F1140388
:102F500022D400FB067045004FF0020A0BEB05017E
:102F60005246184616F036FD27E00DE0256BE66A5E
:102F700005FB00F706FB1177464305FB016003EBF9
:102F8000A70902EBA000CCE7A56B68434D4303EB18
:102F9000601902EB6510C4E700FB067000EB40050A
:102FA0004FF0030A0BEB05010222184616F012FD42
:102FB000E81C584410F8010CA07594F83400C007C0
:102FC0001FD04FF4FC60ADF80000A18A814218D1F7
:102FD0000020BDE8FE8F32B204F118002369CDE96C
:102FE0000102002539B2AA468B4614F063F800901E
:102FF000BDF80000A082DDE90102594613F0F2FF9E
:10300000DAE7E07C78B1A4F83C90A4F83E80A4F81C
:103010004070A4F84260656484F848A02046BDE88A
:10302000FE4F00F002B80120D3E72DE9F04F04462F
:1030300090F83C10D0F8009090F83E0087B04FF028
:10304000FF36702907DAB4F940203546012A00D549
:10305000002580310DE0902916DDB4F94020B4F947
:1030600004300125521C9A4200DB0025A1F27F1199
:103070004942C9B28846702809DAB4F942100129D8
:1030800000D50026803010E00025FF21F2E79028CF
:103090000DDDB4F94210B4F906200126491C914215
:1030A00000DB0026A0F27F104042C7B201E00026FC
:1030B000FF2760690090A07D05900020834682462E
:1030C000049094F83400400744D594F84810606C9C
:1030D00011FB05014944022201A816F07BFCA088DF
:1030E00094F8481010FB01F0616C022206FB0011FD
:1030F000494403A816F06EFCA18894F8480011FB1F
:1031000000F1626C06FB012210FB059011180222EF
:1031100002A816F05FFC94F83400800761D594F89B
:103120004800626C10FB052300EB09010B4413F807
:10313000013C0493A38813FB00F306FB0322114414
:1031400011F801BC10FB0500111801EB090010F883
:10315000010C45E0B4F84000B4F94220284401B223
:1031600004F118008146236913F0A4FF0190B4F81C
:103170004200B4F94010304402B254F8103F4846BF
:1031800013F098FF0390608E2368304402B2208EC3
:10319000284401B2484613F08DFF029094F82400B1
:1031A000103C80071DD5B4F9422034F8400F284464
:1031B00001B2484613F016FF04906088B4F900107D
:1031C000304402B2484613F00DFF83466088304415
:1031D00002B234F84009284401B2484613F002FF15
:1031E000824694F8340042464546800735D5059816
:1031F00010FB08F30499C8F1FF0011FB0031C1F383
:1032000007211BFB08F61AFB0060C0F3072011FB27
:1032100007F3C7F1FF0610FB06331B0AA37502294B
:1032200007D8022803D8002007B0BDE8F08F002798
:1032300002E0022800D8FF270598022800D80022C3
:103240000498022800D8FF22BBF1020F00D8002505
:10325000BAF1020F03D8FF2501E0FF20A075EAB103
:10326000FF2A04D0DDE900010FF09AFF0090BDB104
:10327000FF2D17D0DDE902102A460FF091FF0490D0
:1032800097B1FF2F05D001463A4600980FF088FF0E
:103290000090BDF80000A0820120C5E70198E5E795
:1032A0000298ECE70398EAE7BDF81000F3E70000A6
:1032B0002DE9F0470446B0F908000A2700026062D1
:1032C000B4F90A000002A062B4F90C1091FBF7F502
:1032D000684200EB800001EB4006684205F10108FE
:1032E00000B21DF0BFFC8246E84300B21DF0BAFCFC
:1032F0008146C5F15A0000B21DF0B4FC0546C8F184
:103300005A0000B21DF0AEFCC6F10A0101FB0AF33F
:10331000024609FB0630694390FBF7F002FB0611F9
:1033200091FBF7F14011E06248112063A07C13F09B
:103330006EFF94F8341060F3000184F83410A07C20
:1033400013F055FF94F8341060F3410184F8341001
:10335000A07C042824D0052822D0062820D021F0E3
:10336000040100BF84F8341021682162A16921F0B2
:10337000E00160F30401A08860F39421E08860F329
:103380005F51A161E0894FF4001101EB5001B1FBE5
:10339000F0F0A063FF20A075208AA082BDE8F0872E
:1033A00041F00401DEE700002DE9F04115460E462C
:1033B0000746114C1DF0E4F980462B46324639464B
:1033C000204614F0A5FA20B10020A062E06950B1B7
:1033D00010E02C21204616F047FB4FF00040A06281
:1033E0000020BDE8F08140461DF0C4F9E06108B955
:1033F0000120E0612046F4E78882002010B5142106
:10340000074800F06DFA14F049FA40B1054901602F
:1034100005494160054981600549C16010BDFEE76D
:1034200070820020C972010845760108BD77010845
:103430009572010870B50D4604461021284616F015
:1034400013FB20680078012804D0022807D0042844
:1034500007D008E0208A2880608A688003E0E0685E
:1034600000E00A20686020684268002A03D02946EC
:10347000BDE87040104770BDFEB5866A0446BEB90F
:10348000A08A218A0844A082E08A618A0844E082F6
:1034900020460AF0E8FA060079D020460CF046FDF6
:1034A00000220921304613F09DF8607880076ED421
:1034B000208A10B9608A002869D00025ADF8045030
:1034C000ADF8085094F83C0000F00F000328304697
:1034D00016D018F04FF80746304617F005FF0346A0
:1034E0000C200090B4F912103A46304609F072FEF2
:1034F000ADF80800304617F049FFC10712D017E0B9
:1035000017F0CCFF0746304617F068FF024603204D
:103510000090B4F910103B46304609F05BFEADF860
:103520000400E7E7BDF90410002901DDADF80450FF
:10353000810705D4BDF90410002901DAADF8045063
:10354000410705D4BDF90810002901DDADF8085088
:10355000000705D4BDF90800002801DAADF80850CD
:1035600002AA01A920461FF05AFD0023BDF9082038
:10357000BDF9041030461AF003F8A08ABDF8041013
:103580000844A082E08ABDF808100844E082FEBD2D
:103590002DE9FC5F0446806A5FEA000B71D094F865
:1035A0003C0000076DD014F06DFC019000684021D4
:1035B000457E584618F088FF4FF0000818B9A4F867
:1035C0001A80A4F81880584617F0C6FF824658465D
:1035D00017F0C9FF064694F83C004FF0640900F06C
:1035E0000F000C2802D003284CD09AE0A4F81880D1
:1035F00056B1B4F91A50002714F044FC006849464B
:10360000407EC0F1640022E0608BC5F1640110FBD4
:1036100001F191FBF9F06083584617F065FE05460D
:10362000584617F0A7FF02460C200090B4F91A1074
:103630002B46584609F0CEFD6083024600231EE06B
:103640007A1917B210FB05F292FBF1F215B2002DB8
:10365000F6D1ADF80070A4F81A806A460021204621
:103660001FF0DDFC41F6FF72BDF9003051425846B3
:103670000AF05EFBBDF800100123084402B20021ED
:103680004CE09AE0A4F81A80BAF1000F0AD0B4F91D
:103690001850002714F0F6FB00684946407EC0F140
:1036A000640022E0208BC5F1640110FB01F191FB65
:1036B000F9F02083584617F091FE0546584617F05A
:1036C000EDFE034603200090B4F918102A46584630
:1036D00009F080FD2083014600231EE07A1917B20D
:1036E00010FB05F292FBF1F215B2002DF6D1ADF808
:1036F0000070A4F818800022694620461FF08FFC55
:1037000041F6FF72BDF90030514258460AF088FA7E
:10371000BDF800100123084401B20022584619F0F8
:103720002FFF208B002848D1608B002845D1C6B9D7
:10373000584617F01FFF0546584617F0D5FD002DD7
:1037400006DC00280DDD002D02DA01232A4604E004
:10375000002806DA0123404202B20021584619F03F
:103760000FFFBAF1000F19D1584617F037FE054682
:10377000584617F093FE002D07DC00280EDD002DC3
:1037800003DA01230022294605E0002806DA012396
:103790000022404201B2584619F0F2FE0A21584672
:1037A000019A12F01FFF6078800706D414F83C0FCE
:1037B00020F00F00207044F8148CBDE8FC9F00003E
:1037C0007FB50E46040003D110F0F2F8040023D0B8
:1037D0000025FEB1ADF80050ADF8025010F000F930
:1037E000401EADF80400204610F040F9401EADF830
:1037F00006006A46314602A8FFF704F800280BD0FD
:103800002068017C890708D5DDE90001C4E90C01C5
:1038100001202AE0A0F850517FBD82690AB102A9B7
:10382000904700260BE000BF04EBC601002202A86F
:103830003031FFF70FF80028EED1761CB6B2B4F89D
:103840005001B042F0D880B2202804D204EBC0006E
:1038500002A9303004E0A4F8505104F13000694668
:103860000DF0D2FEB4F85001401CA4F8500160687D
:103870000028D1D01DF0C2F87FBD70B5054600F01C
:1038800012F804460CE02146284600F01EF80646D1
:103890002146284600F071F8204615F09BFF34467B
:1038A000002CF0D170BD002800D04068704700B5F2
:1038B00003460022FFF7F7FF03E01846521C00F012
:1038C00004F80100F9D1104600BD0068091D4058F8
:1038D0007047006840587047002800D080687047E3
:1038E00000224260C91C21F0030182600160704720
:1038F00070B504460068083015F0E2FE050013D0EC
:103900000146002220461EF0A1F8294620466268A2
:103910001EF096F8616819B12A4620461EF096F806
:103920006560A06800B9A560284670BD70B5044602
:103930000068083015F0C4FE050013D001460022CF
:1039400020461EF07DF829462046A2681EF07EF82B
:10395000A16819B12A4620461EF072F8A560606879
:1039600000B96560284670BD28B1416809B9806812
:1039700008B1002070470120704770B504000DD0D9
:10398000FFF791FF00228842204608D1FFF79DFFF4
:103990006060011E01D000221EE0A26070BDFFF732
:1039A0009BFF8842206808440AD10168A16029B1C0
:1039B0002046BDE8704000221EF042B8626070BD33
:1039C00005682046FFF781FF064602462946204645
:1039D0001EF036F82A4631462046BDE870401EF0FB
:1039E00035B810B50446006882680AB12146904790
:1039F00020680068002801D02060F5E710BD8068CD
:103A0000002801D0B0F91600704700002DE9F047FA
:103A1000074690B0408C189E40F004007884904691
:103A20003A8499468A463289384618F0B9FB0546E9
:103A3000A7F8209032895146384618F0B1FB044669
:103A4000788CA54220F00400788403D12904B1EBDE
:103A5000044F68D0A7F8208032895146384618F0C4
:103A60009FFB05468046A7F82090514638460BF04C
:103A700039FB318900682A461BF0F8FD308960283F
:103A800023D147F6FF794D4501D04C451DD138462D
:103A900018F0D1FC00EBD0704510384618F0CBFC84
:103AA00000EBD0704010C84506D1691C431C9942F8
:103AB00000DA00E0194688464C4506D1691C421CD4
:103AC000914201DA6C1C00E014461948FFF710FF20
:103AD00005002BD02F60C5E903843089A880684693
:103AE000C5F808A00DF0A8F81248FF21CDE9005054
:103AF000114802901148039000200790CDE9080179
:103B000030880A9070889DF83E1040420B90F06813
:103B10000690002060F300018DF83E10306905909A
:103B200068460DF0FDF810B0BDE8F087FEE7000034
:103B30007C82002051590208455B0208A15A020804
:103B400014210148FFF7CCBE7C8200202DE9FC5FE8
:103B5000002592468B4606462C46042743F60F085E
:103B600043F60E0900E100BFF16807EBC4000858F6
:103B700082017DD480B230EA0B0212D05FF00002E5
:103B800030EA0A000FD00020824271D051F8340090
:103B900001AA41F6100100901BF050FB002868D1EB
:103BA00003E00122ECE70120EEE701AA41F6110152
:103BB00000981BF043FB002873D101AA41F61201C3
:103BC00000981BF03BFB00286BD101AA41F61301C2
:103BD00000981BF033FB002863D101AA41F61501C0
:103BE00000981BF02BFB00285BD101AA41F61401C1
:103BF00000981BF023FBE0BB01AA41F26901009889
:103C00001BF01CFBA8BB01AA43F20C0100981BF09F
:103C100015FB70BB01AA43F20D0100981BF00EFBCF
:103C200038BB01AA41F2010100981BF007FB00BB61
:103C300001AA41F2040100981BF000FBC8B901AAD7
:103C400041F2020100981BF0F9FA90B901AA41F281
:103C5000030100981BF0F2FA58B901AA41F20501DC
:103C600000981BF0EBFA20B901AA41F2060101E02D
:103C700079E016E000981BF0E1FA90B901AA41F250
:103C8000320100981BF0DAFA58B901AA41460098AF
:103C90001BF0D4FA28B901AA494600981BF0CEFAC5
:103CA00010B10320BDE8FC9F01AA40F60A0100986C
:103CB0001BF0C4FAF0BB01AA40F60B0100981BF000
:103CC000BDFAB8BB01AA414600981BF0B7FA88BB01
:103CD00001AA494600981BF0B1FA58BB01AA40F668
:103CE0003C0100981BF0AAFA20BB01AA40F63D0156
:103CF00000981BF0A3FAE8B901AA40F63A0100982F
:103D00001BF09CFAB0B901AA4FF4046100981BF0B3
:103D100095FA78B901AA40F6450100981BF08EFA91
:103D200040B901AA40F6410100981BF087FA08B992
:103D300001AA00E013E040F6420100981BF07EFA71
:103D400068B901AA40F6430100981BF077FA30B930
:103D500001AA40F6490100981BF070FA08B102254B
:103D600001E005B90125641C708CC0F3C500A042B8
:103D70003FF6FAAE284695E70148406870470000D4
:103D8000EC0000207047C0F30410072800D907207A
:103D90007047000010B518210348FFF7A1FD034943
:103DA0000120087010BD0000288200205C02002065
:103DB0002DE9F04190460C46050015D0FCF7C3FAFA
:103DC0000A4F06462146BA68284690470446BA6814
:103DD0002819414690470146701A03E06218AA5C10
:103DE0002A55641CA042F9D2BDE8F081700200207F
:103DF0002DE9F041094D90460E466A681C4607467B
:103E000019469047306020B120686A683844002124
:103E10009047C8F80000BDE8F08100007002002063
:103E20002DE9F04F87B00446DDE910581F46934650
:103E30008A46002005B1288054B1217841B1BAF1F9
:103E4000000F05D0002618F0060F15D0002004E062
:103E5000002007B0BDE8F08F401C215C0A2904D087
:103E60000D2902D00029F7D100E0401C002DF0D030
:103E70004FF0FF312980ECE75FEA887101D541F608
:103E8000FF7781468DF81400049026E0CDF8189055
:103E900068B34FF0000C05AA06ABCDF80CC0CDF806
:103EA0000080CDE9013220443B465A4651461CF081
:103EB00003FF06997A1A314417B20EB288B10499F9
:103EC0000144049120780A280BD00D2809D0605CA9
:103ED0000A280FD00D280DD00846215C09B1002F0B
:103EE000D4DC049848B105B12E800498B1E74FF0B6
:103EF000010CD0E7481C0490F3E7074A04A92046C8
:103F0000526890470146002DEFD00022504612F033
:103F100086FC06B2E8E70000700200202DE9F041BF
:103F20001746884606001ED0002F1CD0FCF70BFA5F
:103F300004463846FCF707FA050014D00B4A2C4417
:103F40004146926830469047411903E0621BB25CDB
:103F50003255641EA142F9D930442A463946BDE89B
:103F6000F04115F043BDBDE8F08100007002002073
:103F700000230278232902D0012A0DD00FE02AB1B4
:103F80000021012A04D0022A04D008E0012101E026
:103F9000017004E0017001E0202902D001231846DD
:103FA00070470221F6E72DE9F0410E4680460246B1
:103FB0000021334608461DF0BBF804460027401C8C
:103FC00015F07EFB050008D02F5533464246611C94
:103FD0001DF0AEF82846BDE8F081FEE72DE9F04778
:103FE0001E4614460D468246DDF8209015E000BFBF
:103FF0004FEA540808FB0657394650464A46904750
:10400000002808DD44F30000C0EB540407EB06056C
:10401000A4F1010401E005DA4446002CE8D1204671
:10402000BDE8F0873846FBE72DE9FC5F9B460CAB0B
:104030008A468146DDE9116093E81210DDE90F57E9
:104040005FEA80784FF030031AD45EB15FEAC0783F
:1040500008D000F00C0858EA0C0803D0761E01E0E6
:104060000B55641CBC4204D2202CF9D301E00B5543
:10407000641C5FEAC07803D0B44201D2202CF6D38E
:104080005FEAC06825D55FEA40580AD44CB1BC420B
:1040900001D0B44205D1641E03D0102D03D1641E9B
:1040A00004E0102D02D0022D0AD00EE0850603D4C4
:1040B000202C1ED2782506E0202C1AD2582502E0AA
:1040C000202C16D262250D55641C202C11D20B55C4
:1040D000641C202C0DD2BCF1000F01D02D2306E072
:1040E000430701D52B2302E0030702D520230B55FC
:1040F000641CCDE900BAC846154681468B46AA46DF
:10410000800714D1274607E02A46DDE900316D1CFF
:104110002020C446E0477F1CB742F5D307E02A467B
:104120006D1C641EDDE900311BF80400C047002C43
:10413000F5D15FEA897006D409E02A46DDE900314D
:104140006D1C2020C047A5EB0A00B042F5D32846DD
:10415000BDE8FC9F2DE9F04F8FB099468B46DDE915
:104160001818DDE91C63DDE91A47924686460022ED
:1041700009B923F01003580507AD00D5C9B1B1FB4B
:10418000F4F004FB1010C0B20A2801D2303009E06C
:104190005FEA836C02D54FF0410C01E04FF0610CF7
:1041A00060440A38B1FBF4F1A854521C09B1202A2A
:1041B000E5D3CDF80880CDE90563CDE90052CDE91E
:1041C00003474B46524659467046FFF72DFF0FB046
:1041D000BDE8F08F2DE9FF4F8FB01CACDDE92395D2
:1041E00094E8030820AC94E8C004002450EA0102DB
:1041F00001D125F010056A050DF11C0802D550EA21
:10420000010217D032463B46FCF73AF8D2B20A2AEE
:1042100001D2303206E0AB0601D5412300E0612334
:104220001A440A3A08F80420641C50EA010201D03A
:10423000202CE7D3CDE90084CDF808B0CDE9059571
:10424000CDE9036A0FAF97E80F00FFF7EDFE13B05B
:10425000BDE8F08F9A4200D2885470477047000042
:104260002DE9FF4F95B09B468946064600250FE293
:10427000252877D100242746F84A0121059400E03B
:10428000044316F8013F203B01FA03F01042F7D136
:1042900030782A2811D06FF02F033078A0F1300247
:1042A000092A16D8059A44F0020402EB820203EBB5
:1042B00042021044761C0590EFE759F8042B059252
:1042C000002A03DA504244F40054059044F00204FA
:1042D000761C30782E2816D116F8010F44F004040D
:1042E0002A280DD06FF02F023078A0F13003092B6F
:1042F00009D807EB870302EB4303C718761CF3E7E3
:1043000059F8047B761C30786C280FD006DC4C28DA
:1043100017D068280DD06A2814D104E0742810D072
:104320007A280FD10DE044F400140AE044F480141C
:1043300001E044F440147278824202D104F5801402
:10434000761C761C307866280BD013DC582877D082
:1043500009DC002875D04528F6D04628F4D0472837
:104360001AD19DE118E0632835D0642879D06528FA
:1043700012D195E1702873D008DC6728F1D0692844
:104380006FD06E280DD06F2806D1B5E073282CD0E1
:10439000752875D0782874D05A46179990476D1CA7
:1043A00075E1C4F30250022809D003280DD0D9F8D2
:1043B000001004280DD00D6009F1040967E1D9F857
:1043C0000010EA17C1E90052F6E7D9F800100D8095
:1043D000F2E70D70F0E719F8041B8DF800100020CB
:1043E0008DF80100EA46012003E059F804AB4FF0D4
:1043F000FF3061074FF0000102D40DE008F1010128
:104400008846B9420FDA8045F8DB1AF8081000290F
:10441000F4D108E008F1010188468142FADB1AF87C
:1044200008100029F6D105985B46A0EB0807214645
:104430003846179A00F094FA284400EB080507E084
:104440004DE029E10DE01AF8010B5A461799904703
:10445000B8F10108F7D25B4621463846179A13E1B6
:1044600042E00A220092C4F302524FF0000A022AEC
:1044700008D059F804CB032A4FEAEC710AD00DE0BA
:1044800029E02AE009F1070121F00702F2E802C160
:10449000914609E00FFA8CFC4FEAEC71042A03D133
:1044A0004FFA8CFC4FEAEC71002907DA0A4600212A
:1044B000DCF1000C61EB02012D2202E0220504D5A3
:1044C0002B228DF80420012203E0E20701D02022F4
:1044D000F7E7904659E00A2102E010220DE0102192
:1044E0004FF0000A00910BE010224FF0000A44F058
:1044F00004040827009203E008224FF0000A00920B
:10450000C4F30252022A05D059F804CB0021032A31
:1045100008D009E009F1070121F00702F2E802C121
:10452000914605E01FFA8CFC042A01D10CF0FF0C27
:104530004FF00008220728D5702806D0009B83F092
:10454000100353EA0A0305D00EE040228DF8042040
:10455000012208E05CEA010206D030228DF8042036
:104560008DF8050002229046009B83F0080353EA71
:104570000A030AD15CEA010201D1620705D53022A3
:104580008DF804204FF001087F1E582804D034A075
:1045900003900EA802900DE036A0F9E7534660465E
:1045A000009AFBF76DFE84460398825C0298401ED9
:1045B000029002705CEA0100F0D1029806A9081A84
:1045C00000F1200A600702D524F4803400E00127BE
:1045D000574502DDA7EB0A0000E0002000EB0A01CE
:1045E000009005984144401A0590E00306D45B46CC
:1045F0002146179A059800F0B3F90544002706E014
:1046000001A85A46C05D179990476D1C7F1C47450D
:10461000F6DBE0030CD55B462146179A059800F0BF
:104620009FF9054404E030205A46179990476D1CC5
:104630000099481E00900029F5DC08E002980299D4
:104640005A460078491C0291179990476D1CBAF19F
:104650000001AAF1010AF1DC65E10000092801006E
:1046600030313233343536373839616263646566E8
:1046700000000000303132333435363738394142AA
:10468000434445460000000000F058F90544761CFC
:10469000307800287FF4ECAD19B02846BDE8F08FE3
:1046A000620700D4062709F1070222F0070CFCE894
:1046B0000223E14603F000485FEA080C02D00FF243
:1046C000702C0DE05FEA045C02D50FF2682C07E065
:1046D0005FEAC47C02D00FF2602C01E0AFF2700CF4
:1046E0004FF0FF3823F00043CDF850C065280CD0C0
:1046F00006DC452809D046281DD047283DD13DE09D
:10470000662818D067287ED138E00021112F01DB00
:10471000112000E0781CCDE9000106A90EA8FDF7E4
:104720009FFFDDE90F010E9A03910021009207F12E
:10473000010A04914DE04FF000400097CDE90110CF
:1047400006A90EA8FDF78CFFDDE90F0203920E9B70
:1047500011990022DDF80CA00093049211B9791C84
:1047600000EB010AB7EB0A0004D4C0F1FF3007F1F7
:10477000010A0490AAEB0700019044E0012F00DA3F
:1047800001270021112F01DD112000E03846CDE97D
:10479000000106A90EA8FDF763FFDDE90F010E9ADF
:1047A0000391002104910092BA4621070CD4039989
:1047B000514500DA8A46BAF1010F05DD009AAAF1E7
:1047C0000101515C302908D0B84202DA10F1040F1F
:1047D00006DA0121CDE9011015E0AAF10101E9E7AE
:1047E000002805DC049901440491AAEB000102E0D1
:1047F000411C514500DD8A460499401A401C019035
:104800004FF000400290200704D40198504501DB8E
:10481000CDF8048000208DF84F0002980DF14F076D
:10482000B0F1004F25D02B200E9002984FF00208D7
:1048300000280CDA404202902D200E9007E00A2159
:104840000298FBF73FFF3031029007F8011DB8F1E5
:104850000001A8F10108F2DC02980028EFD1791ECE
:104860000E980870307800F0200040F0450007F8FE
:10487000020D12A8C01B00F107081498007800B1BF
:10488000012000EB0A01019801EBE0710598414419
:10489000401A401E0590E00306D45B462146179A55
:1048A000059800F05DF805441498007818B15A4650
:1048B000179990476D1CE00324D55B462146179A53
:1048C000059800F04DF805441CE00498002807DB2B
:1048D000DDE90301884203DD0098405C179901E09F
:1048E000179930205A469047049805F10105401C5D
:1048F00004900198401E019004D12E205A46179929
:1049000090476D1CBAF10001AAF1010ADDDC05E057
:1049100017F8010B5A46179990476D1CB8F1000122
:10492000A8F10108F4DC5B462146179A0598ABE62E
:104930002D0000002B000000200000002DE9F041B8
:10494000044600251E461746880404D405E039466F
:104950002020B0476D1C641EF9D52846BDE8F081C3
:104960002DE9F041044600251E469046C80301D5B6
:10497000302700E02027880404D505E0414638466A
:10498000B0476D1C641EF9D52846BDE8F0810000D3
:104990002DE9FF4F89B005460A9800249246002869
:1049A00000D1FE4D8FE1252804D02246641C5346D9
:1049B0000A990BE2491C4FF0000808460C91017857
:1049C0002B2919D004DC202919D0232904D119E07E
:1049D0002D290ED0302909D00026C8B2FDF7F2FEED
:1049E000B0B10CA8FDF725FE06461FE048F0010116
:1049F0000AE048F0020107E048F0040104E048F052
:104A0000080101E048F01001401C88460C90D6E7F0
:104A10000C9908782A2809D1169840C81690002EBB
:104A200002DA48F002087642491C0C910C984FF0CB
:104A3000000B01782E2919D1401C0C9048F4806895
:104A40000078FDF7BFFE20B10CA8FDF7F2FD83460C
:104A50000CE00C9A10782A2808D1169802C81690F3
:104A6000002900DC0021521C8B460C920C98017826
:104A70006C290AD004DC68290FD06A2919D128E0F2
:104A8000742929D07A2914D126E0401C0C90017891
:104A900048F480786C291CD00BE0401C0C90017805
:104AA00048F08008682904D148F04001401C88463D
:104AB0000C9002460078692822D015DC62281FD0AD
:104AC0000DDC252871D050281AD058287FF46DAFFE
:104AD00016E048F40071E9E748F48071E6E76328DE
:104AE00078D06428F2D10BE0732874D004DC6F28EE
:104AF00006D07028EAD103E0752801D07828E5D1E6
:104B000078280DD058280BD070280BD0502809D009
:104B10006F2816D0622816D00A2128F0100016E05F
:104B2000102107E05078102148F48878562804D1E5
:104B3000521C0C921078582807D01078502804D0B6
:104B400006E0082109E0022107E048F02000804645
:104B50001078692803D0642801D028F00C085FEA97
:104B6000485001D528F00108107869281ED0642823
:104B70001CD0562864D05FEA885072D5169804ABD2
:104B8000C01D002283E806080292CDE9076820F0E4
:104B900007005346F0E80212CDE9001216902246B3
:104BA00028460A99FFF716FB89E00AE15FEA885078
:104BB00024D5169804AFC01D20F00703F3E80202C5
:104BC0001693002387E80A08CDE90768002A03DA6C
:104BD000012102E080E0A6E00021002302911946B5
:104BE0001B1A914101DA114603E00021404261EBBA
:104BF000020153462246CDE90001D1E75FEAC850E1
:104C000004D5169804C80FE0524215E05FEA4860E8
:104C100003D5169810F8042B06E05FEA0860F0D57B
:104C2000169830F8042B12B21690CDE9021BCDE98C
:104C30000468D00F002AE7DDCDE9002053461EE0CE
:104C40001698AAEB040202C8169048680068009003
:104C50000A980B6801192846FFF79AFE04442FE0D2
:104C6000FFE75FEAC8500CD5CDE9021BCDE9046827
:104C700016980021534604C8CDE90021169022461B
:104C800019E05FEA486003D5169810F8042B08E095
:104C90005FEA0860169803D530F8042B92B200E062
:104CA00004C816900020CDE90020CDE9021BCDE913
:104CB00004685346224628460A99FFF74BFA0446F1
:104CC0000C98401C0C900C99087800287FF46BAE6F
:104CD00054457DD222467DE001275FEA887006D5E3
:104CE00009E02246641C534620200A99A84738460A
:104CF0007F1CB042F5D316992246641C11F8040BB0
:104D0000169153460A99A8475FEA887006D4D7E7F8
:104D10002246641C534620200A99A84738467F1C27
:104D2000B042F5D3CCE7169850F8049B16904B464A
:104D3000BBF1000001D0014601E04FF0FF314846D1
:104D400000E0401C02780AB1491EFAD2C71A5FEA95
:104D5000485003D558465F4500D307465FEA887040
:104D600006D512E02246641C534620200A99A84723
:104D700038467F1CB042F5D307E000BF224609F158
:104D80000109641C53460A99A84799F8000040B1EC
:104D90005FEA4851F2D5BBF1010B01E05D4200082A
:104DA000ECD25FEA887006D48AE72246641C534638
:104DB00020200A99A84738467F1CB042F5D37FE7E8
:104DC00006E02246641C534625200A99A84777E747
:104DD000AAF10102534600200A99A8470DB02046C7
:104DE000BDE8F08F10B502004FF000000CD04B1E54
:104DF000194200D0FEE70A44521E9A43B2F5803FA2
:104E000002D20C2A01D9104610BD0C2010BD084456
:104E10004A1E401E9043114200D0FEE7704700003A
:104E20002DE9F0410F4601210025044641862E461A
:104E30000BE01B49FBF78EFA10B16D1CADB202E01E
:104E4000608E401C6086761CB6B257F8260010B102
:104E500001780029EDD1208EA8421ED0A06A00263C
:104E600010B114F0B7FCA662E06A10B114F0B2FC05
:104E7000E662E80014F024FCA06238B1680014F087
:104E80001FFCE06218B1A16A11B102E0FEE7FEE783
:104E90000025690014F0E8FD2586BDE8F0810000DA
:104EA000E41F01082DE9F84F8146407A0F4600F0D3
:104EB0000700022819D010468046974200DD3A4686
:104EC000164603202A4C2B4A00EB460020F003052F
:104ED000A06811681035411A636805EB010C9C4508
:104EE00005D2416821F0004124E00846E4E79D42F4
:104EF00019D892464FF0FF3B48196168884210D993
:104F0000002269461C48CDF800B00BF0C7FB002218
:104F100069461A480BF0C2FBA168DAF80000091ACA
:104F2000EAE7A068DDE7284614F0CAFBC0B1416893
:104F300041F0004188EA6702416089EA02010160AC
:104F4000416801F04041491C31F080414160868157
:104F5000A0F80E8005D500F110018160BDE8F88F42
:104F6000FEE7A16801F1100229448260A160F5E723
:104F7000F40000204C02002055DA0008FD0601086C
:104F800070B586B000228DF808208DF80C208DF8C1
:104F90001020444C90F83C20142302F00302A57822
:104FA0004FF4B476012A23D0022A5FD0AA4211D04E
:104FB00010F8265F05EB051505EB4505B5FBF3F588
:104FC0002570407800EB001000EB4000B0FBF3F0E0
:104FD0006070A27004AA03A8CDE9000201EB4100B1
:104FE0004FF6FF7101EA400002AB627821781AE0C7
:104FF000AA4210D0858C05EB45056D02B5FBF6F590
:10500000A58090F8270000EB001000EB4000B0FBFB
:10501000F3F06070A27004AA03A8CDE90002C9B23F
:1050200002AB62783CE008F027FA9DF810209DF86A
:105030000C10D308BDF800209DF8080063F30402AB
:10504000ADF800208A08BDF8001062F34A11ADF8EF
:105050000010C108BDF8000061F3CF20ADF80000DA
:1050600080B20090BDF8000006B070BDAA4210D01A
:10507000858C05EB45056D02B5FBF6F5A58090F82E
:10508000260000EB001000EB4000B0FBF3F02070B6
:10509000A27004AA03A8CDE90002CAB2217802AB2B
:1050A000A088C0E7A401002010B5084C01202070A2
:1050B0000748FEF7F8FB0028A06803D0BDE81040C1
:1050C0001BF09CBCBDE810401BF08CBC30020020E3
:1050D0005882002010B5044690F83E00626B8107AC
:1050E00007D4A18F39B1A1F57F43FF3B15D0491EED
:1050F000A187A18F89B90AB181070ED5214613482E
:10510000FEF73BFCFFF7D0FFE16809B12046884776
:105110002046BDE8104014F05DBBA16B4942E1623E
:10512000002A11D0810702D4216B4942E16241106B
:10513000491C61F3410084F83E00616AE069E16165
:105140006062A06AA262606310BD00005882002005
:1051500070B5304D68681BF00DFB0646687880F02E
:105160000100687047E00020287094F83E006978DC
:10517000C0F380028A4242D061F3820084F83E008C
:10518000E16A8A19030719D4002917DC002A15DB04
:10519000C00709D1216939B120468847E169014436
:1051A000E161616A08446062A16809B120468847EC
:1051B00094F83E0040F0080084F83E00E06A801950
:1051C000E06216D4A16A884200DDE162A16920464E
:1051D00088470146206A884204D0216262680AB189
:1051E00020689047D4E90A01814202DB2046FFF79C
:1051F00071FF287818B10848FEF755FB03E02146F7
:105200000548FEF762FB0400ADD11BF0B9FA6860F7
:1052100070BD0000300200205882002070B50446A6
:1052200040680D4608B1FFF7F9FF2268002A04D054
:1052300029462046BDE87040104770BD89B20CF089
:1052400048B989B20CF081B910B5044640688208AB
:105250000AD0496821F00301091D08446060204616
:1052600000F042F8204610BDFEE74068103120F003
:105270000300884201D301207047002070472DE9C8
:10528000FC47054648680C4620F0030001AA694621
:105290001CF07EFADDE9007005EBC71101EB800917
:1052A0008046D9F83C0060B164B1C4E9020504F15C
:1052B0000806C46030460421FFF7A9FD864202D0EB
:1052C000FEE7FEE7FEE7C9F83C400120296900FA45
:1052D00007F21143296105EB870100FA08F04A69DA
:1052E00002434A61BDE8FC8710B5044600F087F828
:1052F000046010BD2DE9FC4706464FF000000D008C
:1053000000900746019042D00C46E9460DF1040892
:10531000802907D3084620F0F0FA411F0120884079
:10532000401E04444246494620461CF031FA009C87
:105330000A2C2CDA06EB8400019A40694FF0FF3109
:1053400001FA02F210400CD1641C3069A1400840FF
:105350001DD020F0CAFA0446009006EB8000406998
:1053600078B120F0C2FA034606EBC411019001EBBC
:105370008000C76B5FB1786820F00300A84201D2BB
:10538000FEE7FEE739463046009A1DF083FC3846BA
:10539000BDE8FC8710B50446FFF7A6FF416841F061
:1053A00002014160606840F00100606010BD10B50E
:1053B000044600F024F8416821F002014160606871
:1053C00020F00100606010BD70B506460D4608462D
:1053D00000F015F8040010D02079C0070BD06868E1
:1053E00080080BD02146304600F03CF82146284684
:1053F000FFF72AFF0546284670BDFEE7FEE7426834
:1054000000F1080122F00300001F0844910800D1B8
:10541000FEE7704770B506460C004FF000001ED046
:10542000F2B120791546C0071BD011462046FFF780
:105430001CFF78B12946204600F025F80546204695
:10544000FFF752FF6868294640F002006860304666
:10545000FFF715FF2046FFF7AAFF04F1080070BD13
:10546000FEE7FEE77CB5054648680C4620F00300E1
:1054700001AA69461CF08CF9DDE900232146284683
:105480001DF008FC7CBD2DE9F0410D46044600F1FD
:105490000801281F0E18606806F1080720F00300B5
:1054A000401BA0F1040838460421FFF7B0FC8742F6
:1054B00000D0FEE7606820F0030108EB0500001D46
:1054C000814200D0FEE7307900F0030040EA080096
:1054D000706020F003000C2800D2FEE7207900F075
:1054E0000300284360603046FFF754FF3046BDE8B4
:1054F000F08138B5044612F0C5FC054612F0F7FC01
:105500000028204605D0218FE18617F0ABFA012054
:1055100038BD10F02DFE002820461ED010F0FDFCF6
:10552000218FE08E81420CD02087E08E00906A4669
:105530001C21204611F056F80128E9D1204617F029
:1055400091FA284612F0DFFC0428E0D1204615F03D
:1055500079FE002111F025FDD9E710F065FED6E7B0
:1055600070B511F03AF8054615F0B2FE044628462B
:105570000CF0E2FD01462046BDE8704001221AF021
:1055800025BC00002DE9F04F0D4687B004460021F0
:1055900015F08DFD60B32946204600F061FA2946DA
:1055A000204600F06FF80021204616F0B7FC059069
:1055B0000021204616F084FD04900021204616F0BC
:1055C00079FB012800D0002080460021204616F0FB
:1055D0000FFF07460021204616F0EAFB42F2D17980
:1055E00006464F450BD1608C400508D4012707E0E3
:1055F00007B02846BDE8F04F1C2114F035BA00274B
:10560000204615F0D2FDDFF878A083462046002121
:10561000BAF8022016F0C4FDD5F810C0AB682968AE
:10562000CDF800C0CDF80C80CDE90131C2B23946C9
:105630005846059B09F0C8FD28834E4504D1608C6F
:10564000800501D4012600E00026204615F093FDD8
:10565000074620460021BAF8062016F0A1FDC2B286
:10566000686900246B68E9688DE81B00314638469C
:10567000049B09F0A9FD688307B0BDE8F08F000026
:10568000180100202DE9F34F81B00C46019809F074
:1056900009F80646019815F088FD8246304600F06C
:1056A0000BFF2061400014F037F8206020694000B3
:1056B00014F032F8002541F69A79A0603AE036F904
:1056C0001510DFF82081494533D10027DFF818B1E4
:1056D0001FE03946019815F0EAFC5946009016F093
:1056E000FAFEA8B9009808F0EFFF012810D1009841
:1056F00008F0E0FFA8420BD1009816F09CFE41464E
:10570000404501DA084602E0009816F094FE804613
:105710007F1C019815F0DDFCB842DAD8B8F1000F13
:1057200003DBA16821F8158003E0A168002021F8BF
:1057300015006D1C2069A842C1D800252F462846B7
:1057400041F69B784B4615E036F91010414504DBD5
:105750000D44A5F5F8559B3D0BE0994204D1A16895
:1057600031F81010394403E0A26822F810103944CF
:105770000FB2401C21698142E6D80021019816F041
:10578000CDFB2169C1F1010200FB02A0C01B00B2E8
:10579000002800DA002000224FF0FF331146C446F3
:1057A00011E000BF36F9117067450BDBA7F5F8571C
:1057B0009B3F3AB210FB02F3B3FBF5F3A76827F85F
:1057C00011300B46491C27698F42EBD8002B07DBB1
:1057D000A91A4143B1FBF5F1401AA16821F8130061
:1057E000BDE8FE8F01E0FFFF010006002DE9F14F4B
:1057F00000221146009818F001F80021009816F0D8
:105800008DFA04460021009816F06FFC20440FFA30
:1058100080F90021009816F02DFB20440FFA80F843
:10582000009816F0EDF900EB090101EB0800DFF834
:1058300098A006B25446009815F04BFC0746002588
:105840002AE0009821498068006850F825008346C6
:1058500016F041FEF8B9584617F066F940BB002132
:10586000584616F0F2F918B3012821D002281FD0AB
:1058700003281DD00021584616F0D6FD58B9BBF8B4
:105880001A10BBF81600081A401C00B24844A04287
:1058900000DB044624B26D1CBD42D2D3544504D073
:1058A00004EB080000B2B04200DC3046BDE8F88FDF
:1058B0000098BBF91A10B0F91600081A411CA14251
:1058C000E8DB0C46E6E7000001E0FFFF0100040012
:1058D0002DE9F84F00228046114617F079FF00218C
:1058E000404616F01BFA04460021404616F094FB91
:1058F00020440FFA80FA0021404616F032FB204483
:105900000FFA80F9404616F089F900EB090101EB26
:105910000A00DFF844B105B25C46404615F0D9FBF9
:1059200007460021404616F0B0F901284FF0000666
:1059300044D078E0D8F808004849006850F82600BC
:10594000009016F0C8FDC0BB009817F0EDF850B1FC
:105950000098B8F91810B0F91400091A481CA042B0
:105960002ADB4C1C28E00021009816F06EF958B193
:10597000032809D0062807D0082805D00021009860
:1059800016F04BFD58B118E00098B8F91810B0F9AE
:105990001400081A411CA1420EDB0C460CE00098D2
:1059A000143000900BF0A1FE5044A04204DB00989C
:1059B0000BF09BFE00EB0A0424B2761CBE42B9D366
:1059C0005C453BD004EB090033E000BFD8F8080089
:1059D0002249006850F82600009016F07CFD08BBB4
:1059E000009817F0A1F860BB0021009816F02DF97F
:1059F00038B3012825D0042823D0072821D000213E
:105A0000009816F011FD68B90098143000900BF062
:105A10006CFE4844A04204DB00980BF066FE00EBED
:105A2000090424B2761CBE42D0D35C4506D004EBF8
:105A30000A0000B2584501D0A84200DC2846BDE863
:105A4000F88F0098B0F91810B8F91400091A481C1A
:105A5000A042E6DB4C1CE4E701E0FFFF010004008C
:105A60002DE9F84F0C46834609F03AFA064600F055
:105A700023FD6061400013F04FFE606060694000EC
:105A800013F04AFE002541F69A79E0603AE036F9D3
:105A90001500DFF80C81484533D10027DFF804A159
:105AA0001FE03946584615F002FB5146009016F0AB
:105AB00012FDA8B9009809F099FA012810D10098B0
:105AC00009F08AFAA8420BD1009815F0C0FB4146B4
:105AD000404501DA084602E0009815F0B8FB804620
:105AE0007F1C584615F0F5FAB842DAD8B8F1000F25
:105AF00003DBE16821F8158003E0E168002021F86C
:105B000015006D1C6069A842C1D800273D46384683
:105B100041F69B784A4615E036F91010414504DB02
:105B20000F44A7F5F8579B3F0BE0914204D1E16881
:105B300031F81010294403E0E36823F810102944D9
:105B40000DB2401C61698142E6D80021584616F02A
:105B5000B7FA8146584615F00EFB01466069C0F160
:105B6000010209FB0210401B02B2002A00DA0022E7
:105B7000002043460FE000BF36F91010994209DBC0
:105B8000A1F5F8519B3912FB01F1B1FBF7F1E56882
:105B900025F81010401C61698142EDD8BDE8F88FEE
:105BA00001E0FFFF010006001CB50B8804892344B7
:105BB000ADF800304B8844892344ADF802308B881F
:105BC00004892344ADF80430C98843891944ADF8E9
:105BD00006104369694698471CBD0000F8B50D469C
:105BE000D0E90C2104468AB112787AB141B100BFE4
:105BF0001AF0EDFB0D4909688847616B884211D2A4
:105C0000206B88B100200A4E009006E061B1EFE7FA
:105C1000326869469047A84206D0206B0099415CE3
:105C20000029F5D10020F8BD0120F8BD8802002030
:105C3000740200202DE9FF4F87B0C878189CC00778
:105C40000D46002801D0F14800E0F148069001D04F
:105C5000F04800E0F048049001D1EE4800E0EE4842
:105C60004FF0100A4FF00C0ECDF814006088A18898
:105C70004FF0000BA0EB010001B25A4658462769CD
:105C800012E000BF00EB8006E3680AEB860C13F815
:105C90000CC05FEACC7C0BD04FF0080C0CEB8606F6
:105CA0009B5BC91A09B2401C8742EBD8002347E02E
:105CB0000EEB86069B5B1A4412B2F4E703EB8306F5
:105CC000E7680AEB86000190385CC00737D191FB8A
:105CD000F2F00EEB860CCDF800C037F80CC00CFBD0
:105CE00000FC0FFA8CF94FF0060C04200CEB860C2C
:105CF00000EB860037F90C80385ECC46C84500DCE6
:105D0000C446604504DC4046CC46C84500DD6046DC
:105D1000484506D0DDF804804FF0010CE34647F813
:105D200008C0D4F80CC0082707EB86062CF806003C
:105D3000E768009EBE5B921B081A12B201B25B1CA0
:105D400020699842BAD8BBF1000F8FD10021079883
:105D500015F0A9FF012826D000270020ADF8080083
:105D6000ADF80C0003A902A8CDE900012089B4F91F
:105D7000022003B2287816991BF00CFFE87838420D
:105D800007D0079815F011FABDF808100844ADF8CF
:105D900008000999079815F08AF906464FF4FA6841
:105DA0004FF0640B27E10127D7E79C49304616F0F6
:105DB00092FB00287DD10021304615F0E1FFE8B3C9
:105DC0004FF000094846216911E000BFE26800EB8E
:105DD000800352F82320B24208D100EB8002E16830
:105DE000082000EB820031F9009002E0401C814263
:105DF000ECD8E878C007708C02D040F4806001E0F5
:105E000040F40070708406F11400049982468847BB
:105E1000484528D0304616F025FEB08AADF800007F
:105E2000F08AADF80200308BADF80400708BADF84D
:105E30000600069A49465046904700E00FE06A4641
:105E40002921304610F0CEFB304615F041FA32469B
:105E5000222110F0C7FB304616F004FE03E0708CE0
:105E600020F4C0607084002000906878012810D071
:105E7000022816D1059906F114008847B4F90010DC
:105E8000491C21F00101081A00EBD07040F34F00CB
:105E900006E0059906F1140088472188081A00B227
:105EA0000090E87838420AD0049906F11400884737
:105EB00000E098E0BDF80810081AADF80800304678
:105EC000002143F20C0216F06BF90FFA80F930460C
:105ED000002143F20D0216F063F90FFA80FA304602
:105EE00016F0A9FA0190304615F0B1F90146C9F350
:105EF000413001280ED129F4C04040450ADCB0F5FC
:105F00007A7F01DDC0F57A70019A504390FBFBF077
:105F10000FFA80F9CAF3413001280DD12AF4C040AC
:105F2000404509DCB0F57A7F01DDC0F57A70484361
:105F300090FBFBF00FFA80FAB18A1498F28A411AAA
:105F400001EB0900159900B28A1A02EB0A01EA78FE
:105F500009B2D207002A02D0BDF9082000E0009A59
:105F600010440FFA80FA01D0009801E0BDF9080052
:105F700008440FFA80F95AEA09001BD0304616F09F
:105F800071FDB18A01EB0A00B082318B01EB0A008E
:105F90003083F18A01EB0900F082718B01EB09007B
:105FA0007083304616F05EFD01234A465146304666
:105FB00016F008FEE87838420CD1049906F1140076
:105FC000884717990844BDF80C100844BDF808101C
:105FD000084406E0BDF80C1017980844BDF80810F6
:105FE000081AADF80800E87809AAC0F380010798FC
:105FF00008F042FE0646002E04D0DDE90901884281
:106000007FF4D3AE0BB0BDE8F08F0000731701082A
:10601000691701080F170108B716010801000600EB
:106020002DE9F04F91B00E0005463FD02E83286831
:1060300008B113F0CFFB06EB4600062101EB400050
:1060400013F03EFB286040B3022101EB46010144FE
:10605000E960042101EB86010144C5E90101012148
:106060000024012E1AD0F000083013F055FB8146B1
:1060700000EB860000F10408B00000B2A346ADF8C2
:106080001000C0F101028010ADF812B00FFA82FAD0
:106090005C46CDF828B00690ABE0FEE7B422027073
:1060A000E8680480E8684180A868048011B0BDE811
:1060B000F08F0027BDF81220BAF1000F07DC032192
:1060C00001EB42010AEB01000FFA80FA0CE0BDF887
:1060D00010100523521A03EB420202EB0A00491E7C
:1060E0000FFA80FAADF81010BDF81200401CADF8A0
:1060F000120004A800F0E9F868B1BDF9100006A983
:10610000821041F827200AA900F0030041F8270077
:106110007F1C042FCEDB042F71D109990698884289
:1061200012D129F8140028F814B0DDE90A0101445D
:10613000DDE90C20104408446968085569680001CD
:106140000855641C24B252E00799884219D029F8F6
:10615000140028F814B06A680A9810556A6800019B
:106160001055641C069A20B2521E29F8102028F8F7
:1061700010B0DDE90B120A440D99091D11446A683B
:106180002FE0089929F81400884228F814B0DDE9B6
:106190000A025946104412D06A6810556A68000114
:1061A0001055641C069A20B2521E29F8102028F8B7
:1061B0001010DDE90C12114408316A6811E00C9AE4
:1061C00010446A6810556A6800011055641C069AEC
:1061D00020B2521E29F8102028F810100D996A6874
:1061E0000C3111546A6809011154401C04B20BF1BE
:1061F000010B04A800F069F800287FF45AAF40F2C0
:10620000D32016FB00F109EB4402881232F9022C6C
:10621000824205D108EB440232F9022C82421AD0A4
:10622000A1EB8021B1F5007F03DC494341F3CF317D
:1062300006E0C1F58061494341F3CF31C1F10F015F
:1062400029F8140028F814006868015568680901E5
:106250000155641C24B2A01E0EE000BF38F81020C7
:1062600029F8142039F8102028F8142069680A5CED
:106270000A55641C24B2401E0028EFDAEA680021A7
:10628000084611801BE0EA6822F81100AB6839F873
:10629000102023F811200AE0AE6839F9102036F8F2
:1062A0001130934200DA1A4626F81120401C38F9C2
:1062B00010208A4201D1A042EEDB491C09B2A04263
:1062C000E1DB484613F074FAF0E6B0F90210B0F9D9
:1062D0000000814201DC012070470020704717B5A3
:1062E00081B0022A03D8BDF8080004B010BDBDF883
:1062F0000830BDF80400D90A01EBD0211F2900D3D2
:106300001F2161F3CF20C3F34511C0F3451421448D
:10631000ADF804003F2900D33F2161F34A1003F098
:106320001F0100F01F031944ADF804001F2900D31A
:106330001F2161F30400ADF80400FF2A07D0DDE956
:1063400001010CF013FF0090BDF80000CDE780B212
:10635000CBE717B581B0022A03D8BDF8080004B016
:1063600010BDBDF80400BDF80810C30ACC0A13FB29
:1063700004F35B0963F3CF2000F01F0301F01F0457
:1063800013FB04F35B0963F30400C0F34513C1F38B
:10639000451113FB01F1890961F34A10ADF80400BE
:1063A000FF2A07D0DDE901010CF0E0FE0090BDF806
:1063B0000000D4E780B2D2E717B581B0022A03D833
:1063C000BDF8080004B010BDBDF80830BDF80400E9
:1063D000D90AA1EBD021002900DC002161F3CF20F4
:1063E000C3F34511C0F34514091BADF8040000299F
:1063F00000DC002161F34A1003F01F0100F01F03CD
:10640000C91AADF80400002900DC002161F3040082
:10641000ADF80400FF2A07D0DDE901010CF0A6FE6B
:106420000090BDF80000CDE780B2CBE7F8B5044698
:1064300010F0D3F80646204610F091F80546304695
:1064400014F046FF04462B2D2AD00A2D27D1694689
:10645000304614F0A3FF304614F0A7FE0546002195
:10646000204615F02EFC0128BDF9000005EBD57182
:106470001CD000EB610000BF90FBF5F001B20029D9
:1064800000DA0021608D4FF001028842204610D0D2
:1064900019F09CFC00221C21204610F0A3F8F8BD46
:1064A000618DBDE8F840002219F090BCC0EB61009E
:1064B000E2E719F08BFCF8BD0146002041F6FF72BF
:1064C00000E0401C31F910309342FAD170471CB5FE
:1064D000044690F8500000F0010088422DD094F856
:1064E000500011B140F0010001E020F0010084F8FB
:1064F000500004F1440168460BF0CEF8606ABDF824
:106500000010828A1144ADF80010BDF80210C08A54
:106510000844ADF80200606ABDF80410808A08449F
:10652000ADF80400606ABDF80610C08A0844ADF8F2
:1065300006006946204616F0C9FA1CBD08B5084693
:1065400011460CF0CEFC0090BDF8000008BD2DE90E
:10655000F04F0646C87A89B015460F46022803D880
:10656000012009B0BDE8F08F18463A69B968FCF718
:106570001BFF041EF5D0207D00F01F0010F047FE29
:1065800008B1062008E0207D00F01F0010F02FFE6B
:1065900008B1052000E00420226A814622B1294684
:1065A00030461CF06AFFB7E0A069E8B3294602A8AC
:1065B0000BF03CF8388818B97888B0F5807F2AD07D
:1065C000A88829886A88401A401C01B2E8883B1DC7
:1065D000801A401C02B27888CDE90003B7F9003078
:1065E00002A8FCF759FBBDF8080029880844ADF85B
:1065F0000800BDF80A0069880844ADF80A00BDF833
:106600000C0029880844ADF80C00BDF80E0069881C
:106610000844ADF80E0002AA04A8B168FCF7F2F82D
:10662000002879D004A800E00DE0D6F80880B0601A
:10663000CDF800902A4639463046A3690DF054FC47
:10664000C6F8088068E02A4604A8B168FCF7DAF8C2
:10665000002861D0BDF81400BDF81010401A401C8D
:106660000FFA80FB0BEB4B0013F056F8039004A9D4
:1066700001A8D6F808A00AF0D9FF012101A80BF063
:1066800073F8BDF91000B5F90010BDF91280401A79
:106690000690B5F90200A8EB000534E001AA5146C6
:1066A00007A8FCF7AFF860B30398009006985B4624
:1066B00001B22AB2204611F089F901280CD02046F7
:1066C00011F0D9F8039813F073F8204611F0D3F8BD
:1066D0000020C6F808A044E707A8B060CDF80090F5
:1066E00001AA39463046039B0DF0FEFBBDF80600BB
:1066F000401CADF80600BDF80A00401CADF80A00C9
:106700006D1C08F10108BDF916004045C6DAC6F84F
:1067100008A0039813F04CF8204611F0ACF81FE7DE
:106720007047000010B544080E4894B0002102687C
:1067300042F004020260006800F0040012900A486F
:106740000090601ECDE901014FF6FF70CDE9030115
:106750006846FAF74DFA6846FAF778FA0348046093
:1067600014B010BD4038024000080040A4000020D2
:1067700070B5054600244FF47A7603E0304600F009
:1067800005F8641CAC42F9D370BD0000094910B58E
:106790000A684FF6FF7392B29B1A06E00C689442A7
:1067A00003D20C681C44844203D20C68A41A8442AD
:1067B000F4D310BD2408004038B5054600924C883B
:1067C000CB888A8808882146FAF71FFD2846BDE84D
:1067D00038400DF0E7B870B5054611F053FB06469A
:1067E000286B19F0C7FF3168898B884223D295F84E
:1067F0003C006C6A10F0030105D06420012906D02A
:10680000022909D106E0002060F30F0404E060F3E0
:10681000174401E060F31F64304611F07DFC21460F
:1068200028460CF09DFF30B100221C2128460FF0B5
:10683000D9FE012803D119F0A3FF2863012070BD00
:106840002DE9F04FA1B0074614468A4604A80DF082
:1068500033F94FF4A021384615F001FA9DF81D10C8
:1068600060F382018DF81D10A1882088091A491C47
:1068700009B201EBD1714E103044ADF87000608860
:1068800000213044ADF87200384615F0D0FA814648
:10689000514608A814F04AFA04A810904FF40030AA
:1068A00015902D48099000200A9007F1300083468A
:1068B000FDF712F84AE02079032843D1208BADF888
:1068C0001000208AADF812006079FD2801D94846F1
:1068D00002E010FB09F0000A8DF81C002568B5F9EC
:1068E0002030E88B18440090D5E90512A06812F01A
:1068F000D5FE8046B5F92030E88B18440090D5E9E4
:106900000512E06812F0CAFE0546608B08AA304402
:10691000ADF85C001CA811901A21199438460FF0AC
:1069200061FEA9B21FFA88F0CDE90001BDF85C3024
:106930001CAA04A950460DF0AFF808AA1B2138463E
:106940000FF050FE21465846FCF7C3FF0400B2D1B9
:1069500021B0BDE8F08F000018AE02082DE9F74F16
:10696000C878A0B00C4602287DD9114601A80AF0CB
:1069700054FEB4F92000012829DD94F82200FD28F6
:1069800025D3208818B394F82300BDF804104008DC
:10699000C0F380021144ADF80410BDF80610C0F336
:1069A00040000844ADF8060094F82310BDF8080034
:1069B0004908C1F3C001401AADF8080094F823104B
:1069C000BDF80A00C1F34001401AADF80A00209852
:1069D00001A9826805A8FBF715FF002843D0E07BDA
:1069E00010F0070619D0E088ADF80000BDF80000EF
:1069F0006189884200D1002601A80DF06BFF07468F
:106A00001C210EA8F9F794FCA0788DF85100BDF870
:106A10000000ADF840001FB105E060680090E5E7B8
:106A2000208800B9EEB3E078FD2800D3FF2083462C
:106A3000BDF80800BDF80410401A401C0FFA80FA97
:106A4000BDF80A00BDF80610401A401C01B2894684
:106A50005046CA4500DB0846B4F90050B5EB600F5C
:106A600000DB451000E043E0BDF81810BDF814004D
:106A7000081A401C0FFA80F84FF0FF301D900020DC
:106A80000790002D00DC87B1404612F045FE0790CC
:106A900000232A4601A916A80EF088F9002116A89D
:106AA00000E01CE00DF036FD1D90BDF81400ADF8BF
:106AB0000C00BDF81800ADF810000798119003A85D
:106AC0000E901390FF208DF850004A465146A01DAD
:106AD00010F0B2F8040018D0022E0CD015E001A876
:106AE0000E90E0788DF850000EA920980EF01AFC58
:106AF00023B0BDE8F08FBDF91410A06800EB410091
:106B0000BDF90410A0EB41000F90002F7DD0BDF91E
:106B1000165027E02FB2ADF80E70ADF81270424655
:106B20005946079812F06EFFBDF9141043463A46D5
:106B300007980DF091FE8DF84800012802D102203F
:106B40008DF84800012E08D1BDF90610A068691A19
:106B500000EB41000088ADF840000EA920980EF02F
:106B6000E1FB6D1CBDF91A00A842D3DAB7E000BF03
:106B7000BDF80600BDF9161038440FFA80F9BDF8CB
:106B80000A00C01B0FFA80FA494503DDBDF91A104F
:106B9000514544DB42465946079812F033FFBDF990
:106BA0000C1043464A4607980DF056FE8DF84800F3
:106BB000012802D102208DF84800BDF91610494580
:106BC00013DCADF80E90ADF81290012E09D1BDF98D
:106BD0000620A168A9EB020001EB40000088ADF897
:106BE00040000EA920980EF09DFBBDF91A105145EA
:106BF00015DBADF80EA0ADF812A0012E0BD1BDF93A
:106C00000600A268AAEB000000E009E002EB4000E9
:106C10000088ADF840000EA920980EF083FB7F1C81
:106C2000AF42A5DBBDF80400ADF87800BDF8080060
:106C3000ADF87C00BDF806002844ADF87A00BDF838
:106C40000A00401BADF87E001EA80DF043FE07466B
:106C500030430CD001208DF84800BDF90A008DF8B2
:106C600050B0A0EB0509BDF90600054435E0BDF8BC
:106C700006008DF850B02844ADF80E00BDF80A00AB
:106C80000EA9401BADF812000020119020980EF0C4
:106C900049FB24E06FB142465946079812F0B2FE14
:106CA000BDF9141043462AB207980DF0D5FD8DF8B2
:106CB0004800ADF80E50ADF81250012E08D1BDF9C4
:106CC0000600A168281A01EB40000088ADF84000DA
:106CD0000EA920980EF026FB6D1C4D45DADD0798B5
:106CE00008B112F065FD1D98401C05D01D980EF0EE
:106CF00009F916A80DF0D2FD002C3FF4F9AE20469C
:106D00000FF093FFF4E6F0B5074608698FB015461B
:106D10000C46002871D0A17E02296ED911F069F8C5
:106D2000022820D06946206910F0C6FD012864D1F0
:106D300005A80DF0E1F8A0788DF82000208BADF8C3
:106D40001C00E07E8DF81E00A07E8DF81F00207FC5
:106D50004FF0FF36E0B300996888ADF8060006EB07
:106D600051510844A8E0002641F6FF70CDE90060CB
:106D70000296D4E9041233460DA81AF037F82846D3
:106D80000AF0B9FC01462A88BDF9340001EBD17143
:106D900002EB610200EBD071A2EB61010844401EDE
:106DA000ADF81000ADF80C1028460AF07EFC014644
:106DB0006A88BDF9360001EBD17102EB610100EB8D
:106DC000D072A1EB62010844ADF80E10401E00E045
:106DD00015E0ADF8120005A80DF044FB60690590C0
:106DE000208BADF82000A07E8DF82E00009603AA1F
:106DF00005A9384623690DF099F80FB0F0BD284673
:106E00000AF079FC298800EBD07001EB6000009952
:106E1000C1F38A21A0EB5100ADF8040028460AF026
:106E200044FC698800EBD07001EB60010098A1EB95
:106E30009051C0F38A22ADF80610BDF80430521EFE
:106E40001A4406EB5050ADF808200844ADF80A008B
:106E500001AA05A9384623690DF026F8CDE7009967
:106E60002888C1F38A21ADF80400491E084410E0C7
:106E700001AA05A9384623690DF016F80098BDF857
:106E80000410C0F38A200144ADF80410BDF80810C6
:106E90000844ADF80800BDF90400B5F904108842B3
:106EA000E6DDBDF80610009801EB5051ADF8061074
:106EB000BDF80A1001EB5050ADF80A00BDF906000C
:106EC000B5F906108842CADD97E7F0B5074691F894
:106ED000220087B016460C4602286BD9208C002869
:106EE00068D094F8230010F03E0F63D0C00761D142
:106EF000B08831887288401A401C01B2F088B4F919
:106F00000050801A401C00B2814200DA0846B5EBFE
:106F1000600F00DD4510314604A80AF07EFB94F8AE
:106F20002300BDF91020C0F344014807B4F9200044
:106F300001D4284440421044ADF810000807BDF9C0
:106F40001420B4F9200001D428444042101AADF8AE
:106F5000140094F82300BDF9121040088007B4F91A
:106F6000200001D4284440420844ADF8120094F8AF
:106F70002300BDF916104008C007B4F9200001D164
:106F800028444042081AADF81600208C281A00B296
:106F9000002800DA0020A27894F82210CDE902122D
:106FA000E18BADF8041000902B4604AA3146384618
:106FB00000F002F807B0F0BD2DE9FF4FA9B01D4663
:106FC000DDE93879DDF8D88016460C46FF2F00D36E
:106FD000FF2708460DF07EFC2690284350EA080063
:106FE00074D029982146826808A8FBF70BFC00287A
:106FF00073D0BDF82400BDF82010401A401C00B228
:1070000004901C210AA812F02FFD049812F084FBB2
:107010000D904FF0FF302490002D0ADD00232A460A
:10702000214615A80DF0C2FE002115A80DF072FA38
:1070300024900123424631461BA80DF0B7FE0021E3
:107040001BA80DF067FA259001A80A900F90BDF8D3
:10705000DC008DF84070ADF830008DF84190B4F947
:1070600000002290B6F900C04319634500DC634676
:10707000B4F904000FFA83F92190B6F90430401BEB
:10708000984200DB18460FFA80F8B4F902E0B6F92E
:1070900002000EEB05018246514500DC01460FB2AD
:1070A000B4F906B0B6F90610ABEB05028A4200DB74
:1070B0000A4610B20590A8EB0900401C00B22790C8
:1070C000D6450DDC01200CE000E006E000973246DA
:1070D0002146379B299800F0B8F92DB0BDE8F08F14
:1070E000002082468B4501DB012000E00020834622
:1070F0002698D8B3BDF82000ADF80400BDF82400F0
:10710000ADF80800BDF9224022E000BFBAF1000F3F
:1071100001D1A7421BDCBBF1000F02D10598A042B0
:107120001ADB25B2ADF80650ADF80A5004990D9857
:1071300012F0C8FCBDF920102A46049B0D980DF0F2
:107140008BFB8DF838000AA929980EF0EBF8641C27
:10715000BDF92600A042D9DA1BA80DF09FFB2598A7
:107160000DF0D0FE2498401C07D000E009E015A8DF
:107170000DF094FB24980DF0C5FE0D9812F018FB4D
:10718000ABE72298604501DC012000E0002013906D
:107190002198984201DB012100E0002101200090AC
:1071A00013981291084000EA0A0010EA0B0F04D06D
:1071B0002798322801DA00200090012000998DF8EC
:1071C00038001AEA010F0ED0ADF80490ADF808802F
:1071D0006088ADF8060070880AA9401EADF80A0064
:1071E00029980EF09FF800991BEA010F0ED0ADF818
:1071F0000490ADF80880F0880AA9401CADF806009C
:10720000E088ADF80A0029980EF08CF8139878B150
:107210002088ADF804003088ADF80670401EADF847
:1072200008000598ADF80A000AA929980EF07AF826
:10723000129878B1B0880AA9401CADF80400A08863
:10724000ADF808000598ADF80670ADF80A00299869
:107250000EF068F80098C0B1BDF92400BDF9201007
:10726000A9F10102ADF80410904200DB1046ADF820
:107270000800401A401C05B2002D70DD139850EA3A
:107280000A0066D0BDF9224061E0BDF82000ADF8EB
:107290000400BDF82400ADF80800B4F90200B6F906
:1072A0000210401AA84200DB05460FFA85F80025B7
:1072B00033E06088284406B2E088401B07B2BDF97D
:1072C0002200B04203DDBDF92600B84224DB049958
:1072D0000D9812F0F7FBBDF904103246049B0D988F
:1072E0000DF0BAFA8DF83800BDF92200B04207DC83
:1072F000ADF80660ADF80A600AA929980EF012F8F8
:10730000BDF92600B84207DBADF80670ADF80A708B
:107310000AA929980EF006F86D1C4545C9DB8DE0D9
:1073200026B2ADF80660ADF80A6029460D9812F055
:10733000C9FBBDF904102B4632460D980DF08CFAAE
:107340008DF838000AA929980DF0ECFF641CA742BB
:10735000E6DC139850EA0B001DD0059C16E01AE0FD
:1073600026B2ADF80660ADF80A6029460D9812F015
:10737000A9FBBDF904102B4632460D980DF06CFAAE
:107380008DF838000AA929980DF0CCFFBDF9260028
:10739000641CA042E4DABDF9200008F10101884232
:1073A00000DC0846BDF82410ADF80400081A401CA3
:1073B00005B2ADF80810002D40DD129850EA0A0021
:1073C0001BD0BDF9224016E026B2ADF80660ADF83C
:1073D0000A6029460D9812F075FBBDF904102B4682
:1073E00032460D980DF038FA8DF838000AA9299820
:1073F0000DF098FF641CA742E6DC129850EA0B00DF
:107400001CD0059C15E026B2ADF80660ADF80A6008
:1074100029460D9812F056FBBDF904102B46324652
:107420000D980DF019FA8DF838000AA929980DF079
:1074300079FFBDF92600641CA042E4DA1BA80DF018
:107440002DFA25980DF05EFD8FE62DE9FF478EB0F1
:107450000C46824615461C2102A81A9E12F004FB17
:10746000CDF808D0BDF84400ADF810008DF82060CC
:10747000B4F90200B5F90210884201DC012700E0EE
:107480000027B4F90600B5F90610884201DB012691
:1074900000E00026B4F90000B5F90010884201DCD4
:1074A000012100E000218946B4F90410B5F9042057
:1074B000914201DB012100E00021ADF80000A0882D
:1074C000ADF804006088ADF8020068888846401E68
:1074D000ADF806001FB102A950460DF023FFE88861
:1074E000401CADF80200E088ADF806001EB102A90C
:1074F00050460DF017FF2088ADF800002888401E88
:10750000ADF8040017B1B5F9020001E0B4F90200CA
:10751000ADF8020016B1B5F9060001E0B4F90600B5
:10752000ADF80600B9F1000F03D002A950460DF0E6
:10753000F9FEA888401CADF80000A088ADF8040052
:10754000B8F1000F03D002A950460DF0EBFE12B0C7
:10755000BDE8F0872DE9F04F8B46A2F57F4195B04D
:1075600091460646FF3944D0746A208C8046984282
:1075700004D02384608C40F0040060844FF4802A9F
:107580005146204614F0A9FE07465146204614F005
:10759000D4FE0546B7F90870304607F096FAB0F900
:1075A00016107A1909FB021105EBD570A1EB6000EA
:1075B000ADF8060038446D1E2844ADF80A00706A24
:1075C000818AADF80410008BADF8080006A80DF014
:1075D000BDFC06AA5146204615F0E9F801AA06A905
:1075E00058460DF09FFCA4F82080608C20F0040029
:1075F000608415B0BDE8F08F2DE9F0430E46A2F58A
:107600007F4191B090460546FF3956D06C6A278C71
:107610009F4204D02384608C40F00400608406A85C
:107620000CF020FF4FF4802906AA4946204615F0A9
:107630001BF84946204614F080FEADF82A00284683
:1076400007F043FA050038D00698B5F91620B0F9CE
:107650000810BDF92A0000EB010C08FB0C2200EB1E
:10766000D073A2EB63021044491EADF80A2008440F
:10767000ADF80E00A08AADF80800208BADF80C0024
:1076800002AA0EA8B168FBF7BDF888B10EA8D6F81B
:107690000880B060284611F0BDF903460020009034
:1076A00005F1140206A930460CF040FCC6F808802B
:1076B0002784608C20F00400608411B0BDE8F08362
:1076C0002DE9F041274E074670680CF085F9044615
:1076D0003868856BE96A09B128468847206850B147
:1076E000606828B907E070680068816A01B188475E
:1076F00020690028F7D10120206171680968C968F4
:107700008A69D20702D08969890700D400206061A4
:10771000606908B1012600E000263868416971B14E
:10772000016911F0300F06D0490704D5D5E90010E2
:1077300000F01AF803E0D5E90021FEF735FA2068D9
:1077400000280BD06168002908D03A68127CB24347
:10775000D20703D1A268824202D1A160BDE8F081C4
:10776000A060FBE7EC0000202DE9F34F05468A48B6
:1077700093B041680E683069820701D542076ED424
:10778000C0F3011002281ED0012801D0032866D1C1
:1077900000200F9008460CF01FF98346A988B5F920
:1077A0000000EA88091A491C0CB2B5F90210521AF5
:1077B000521C17B24FF4A052B2FBF4F3BB420FDAE3
:1077C000B2FBF4F20DE029463046149A00F0F0F8CE
:1077D000149A15B029463046BDE8F04FFEF7E4B9DB
:1077E0003A460C920791317CC1F30111012905D071
:1077F0006880611E0844E8800020BDE07188081A96
:10780000401EE880001B401C6880F5E70C99A7EB40
:107810000A00884200DD084600B201900120CBF842
:107820001000BAF1000F20D1A7421EDB0194307C7A
:10783000C0F30110032810D000202146149A00F054
:10784000EAF8307CC0F30110012809D0318807988C
:10785000081A401EA880001B56E00120EDE797E0C3
:10786000079828800798204466E00F9820B94FF4C5
:10787000205011F051FF0F90307CC0F3011003280D
:107880001BD000208646DDF850C001990F980A9061
:1078900014FB01F0401E0D90601E48430E90002026
:1078A0008146884222DA0E9ABEF1000F02EB0900EF
:1078B00001D00D9A101A002212E00120E2E70A9B83
:1078C000BEF1000F03EB400863460CF1020C1B886D
:1078D000A8F8003001D0084400E0401A521C12B24F
:1078E000A242ECDB09F1010000B2D9E7307CC0F321
:1078F000011001281BD031880798091AA1EB0A0052
:10790000401EA8800199401A401C288001990AEB6A
:107910000108B84513DBDBF81800C0070FD0DBF80F
:10792000180080070BD50120CBF814000AE0079857
:107930005044288001990844401EA880E6E70021B1
:10794000CBF814100F9828B1024629463046FEF7AE
:107950002BF905E0149AF8E7B16A09B13046884777
:10796000DBF810000028F7D101981499604301EB6F
:10797000400014900FFA88F08246B842FFF646AFF6
:107980000F98002804D015B0BDE8F04F11F010BFDB
:1079900015B0BDE8F08F0000EC00002030B5048881
:1079A0000D88058010880880188810801C8030BDE4
:1079B000F8B58B880C884D881B1BCC885B1C641B1E
:1079C000641C13FB04F300245B1E0DE002EB430672
:1079D00002EB44073588ADF80050B7F800C0A6F8B0
:1079E00000C05B1E3D80641CA342EFD843884C88D6
:1079F000CA881B1B5B1ECB8043889A1A521E4A8082
:107A000003880C888A881B1B5B1E8B800088801A69
:107A1000401E0880F8BD2DE9F0470C461746824607
:107A2000002601EBD47931E00025601C00EBD07812
:107A300027E0A01B401E01B2601B401E00B2BAF13D
:107A4000000F0AD015FB041207EB420311FB0401DF
:107A500007EB410210FB046009E010FB046207EB36
:107A6000420311FB040007EB400215FB041007EB77
:107A7000400116FB045007EB4000FFF78FFF6D1C21
:107A80002DB2B5EB680FD4DB761C36B2B6EB690FBE
:107A9000CADBBDE8F08700002DE9F047A2B005463B
:107AA0000EF09BFD044628460EF05FFD8246606A9C
:107AB00010F0B0FF054694F85000C00778D004A835
:107AC0000DF044FA4FF4E02904AA4946204614F088
:107AD0006EFE04F1440101A809F0DEFD606ABDF804
:107AE0000410828A1144ADF80410BDF80610C08A53
:107AF00001AA0844ADF80600606ABDF80810808A43
:107B00000844ADF80800606ABDF80A10C08A08444D
:107B1000ADF80A0004A950460DF004FA4946204683
:107B200014F01FF906464946204614F067FA8719F3
:107B30004946204614F02DFB4FF000081E4906442C
:107B4000CDF87480CDF87880E06C096828448847C7
:107B50000246E06C41191DA811F0A8FEBDF8040012
:107B600040F257423844ADF80400BDF806004146E3
:107B70003044ADF80600606A14F012FB054612A806
:107B80000CF070FC12AA4946204614F06DFD9DF8D9
:107B90001300022804D8BDF85400A9B2884207D0C7
:107BA0001DAB01AA12A95046CDF800800CF0BEF919
:107BB00022B0BDE8F0870000700200202DE9F04FF0
:107BC000C3B0054630300E461890FBF7CDFE0028B6
:107BD0007DD105F1140240A8B168FAF713FE002820
:107BE00075D040A8D6F808A0B0603CA80CF072FC94
:107BF0004FF4E0243CAA2146284614F084FD2CA82A
:107C00000DF0A4F99DF8F8008DF8B30047F6FF7069
:107C1000ADF8B0002146284614F0F1FB00EBD0701F
:107C200047102146284614F0EAFB00EBD0704FEADB
:107C3000600B314601A813F079F829A8079019A81C
:107C400005905F48029005200E9403901898FBF76A
:107C500043FEADE00A223CA929A811F027FE3822F4
:107C60002CA919A811F022FEE088ADF8A400E08844
:107C7000ADF8680014A80A903FA80B90607BC0077D
:107C800004D0B4F90000B4F902100DE0A288A2F506
:107C9000FE40FF386FD03AAB2846A1680AF010FECC
:107CA000BDF9E800BDF9EA10AA8A10440FFA80F87D
:107CB000E88A08440FFA80F9B7B1BBF1000F13D07E
:107CC000A8EB0700ADF89C0008EB070000E074E0AB
:107CD000ADF8A000A9EB0B00ADF89E0009EB0B007E
:107CE000ADF8A20027A800E000200490207B8107C7
:107CF0002AD0C00702D0B5F9140000E04046ADF824
:107D00005000ADF85290217B4846890702D5B5F95D
:107D1000181000E04146ADF8FC10ADF8FE0001AAD5
:107D20001A2128460EF05EFC3FAB14AA29A9304662
:107D30000CF0C3FB27AA19A930460DF0F3F801AAED
:107D40001B2128460EF04EFC217B11F00C0F2BD08E
:107D50004046ADF85080490702D5B5F9161000E04D
:107D60004946ADF85210ADF8FC00207B000703D562
:107D7000B5F91A0001E017E04846ADF8FE0001AA87
:107D80001A2128460EF02EFC3FAB14AA29A9304632
:107D90000CF093FB27AA19A930460DF0C3F801AAED
:107DA0001B2128460EF01EFC21461898FBF791FD7A
:107DB00004007FF44FAFC6F808A043B0BDE8F08FD1
:107DC000E0A802082DE9F04F9FB005460EF005FC33
:107DD000044628460EF0C9FB1C90204614F02BFBED
:107DE0000546204613F033FA0146A08A05EBD5720A
:107DF00000EB62000FFA80FBE08A01EBD17100EB2F
:107E000061000FFA80FA4FEA620806A80CF062FBE4
:107E100006AA0021204614F076FC4FF41D7018FBD2
:107E200000F042F2341190FBF1F0801CADF81A0022
:107E300000263146204613F01AFF054647F6FF7923
:107E400000234A4604F114010AA80CF0AFFF0021F8
:107E50000AA80CF05FFB1B90A78AE28AADF80E20FF
:107E6000218BADF81010638B7819ADF80C00481B0E
:107E7000ADF810005019ADF80E00581BADF8120007
:107E800001234A4603A910A80CF090FF002110A876
:107E90000CF040FB1D90BDF91A20A8EB050000274F
:107EA000A0EB0209904439462046FDF769F8099095
:107EB000BDF82400ADF81800300A00B2054618F0ED
:107EC000D1FE00FB08F00BEBE030ADF8580028467F
:107ED00018F0C0FE00FB08F00AEBE030ADF85A00E5
:107EE000284618F0BFFE00FB09F00BEBE030ADF8C0
:107EF0005C00284618F0AEFE00FB09F00AEBE0300B
:107F0000ADF85E0017AB16AA06A91C980CF0D5FABE
:107F1000FF1CBFB206F58766B7F5807FC3D90AA8F4
:107F20000CF0BCFC10A80CF0B9FC1B980CF0EAFF9C
:107F30001D980CF0E7FF1FB0BDE8F08F2DE9F04F62
:107F400088468A68A7B0044600F1140124A8FAF70D
:107F500059FC00287ED0D8F808001F9024A9C8F842
:107F600008100021204613F0E7FE054600212046B8
:107F700014F005F8284400B220900021204614F0A7
:107F8000C2F8284405B2204613F00FF9B4F8841063
:107F9000484340F30F201B90204613F0ECF8B4F850
:107FA0008610484340F30F201D9018A80CF092FA59
:107FB00018AA0021204614F0A6FB4146684612F09C
:107FC000B5FE002618A80690701E0E90DFF8CCA112
:107FD0000D96CDE901A609966A461A2120460A9611
:107FE0000EF000FB20463122314614F0D9F800F0A3
:107FF000FF090021204613F09FFE834620463322CE
:10800000314614F0CDF8C6B2204613F0E7F92390BC
:10801000204613F0AFFAB4F87E10E9B3E18A2944A0
:10802000081A00B21E90A08AADF84C00208BADF863
:108030005C000025B4F97E70B9F1020F40D9BBF1A4
:10804000000F3DDDB00707D50021204614F05BF896
:1080500010B900E09FE00125F00731D00021204653
:1080600013F016FF60BB7F1E3FB229E01D9810FB86
:1080700005F1B4F87E006A46401E91FBF0F01E99AF
:108080000844ADF84E00ADF85E000120CDE901A036
:1080900013A8099017A800E014E00A901A210E9581
:1080A00020460EF09FFA17AB13AA18A940460CF011
:1080B00004FA6A461B2120460EF094FA6D1C2DB27C
:1080C000BD42D3DBB4F88000F0B3A18A209800272A
:1080D00001442398081A00B21C90E08AADF84E00C3
:1080E000608BADF85E00B4F98050B9F1020F13D97E
:1080F000BBF1000F10DD700705D50021204613F0FD
:108100003EFF00B90127300706D50021204613F0B5
:1081100091FF08B96D1E2DB256460DF14C0B0DF1B5
:108120005C094FF0020A26E01B9810FB07F1B4F837
:1081300080006A46401E91FBF0F01C990844ADF89F
:108140004C00ADF85C0000E017E00E97CDE9016A45
:10815000CDE909B91A2120460EF044FA17AB13AA4B
:1081600018A940460CF0A9F96A461B2120460EF0DA
:1081700039FA7F1C3FB2AF42D6DB4FF0FF300E9092
:10818000002009900A906A461B2120460EF02AFA28
:108190001F98C8F8080027B0BDE8F08FE0A80208D3
:1081A0002DE9F14F9CB01C980EF0D9F906461C98A9
:1081B0000EF013FA0446122E7ED0152E01D0182E82
:1081C0007BD1002114F0FFF8E18E41430F12002112
:1081D000204614F0D5F8218E01EB000A204614F059
:1081E0002AF90490204613F032F80390204600212B
:1081F00041F2320213F0D4FF05462046002141F639
:10820000120213F0CDFF28440FFA80F92046002116
:1082100041F6130213F0C4FF284400B20D9020462B
:10822000002141F6100213F0BBFF28440FFA80F83A
:108230002046002141F6110213F0B2FF2844618E5E
:108240000FFA80FB01EB0900ADF86000A18E01EB95
:108250000800ADF8620094F8390000F0030001282E
:108260007DD018A9B8B2CDE90001DDE903210FFAEC
:108270008AF305A8FAF710FDBDF81410A08A084487
:10828000ADF81400BDF81610E08A0844ADF81600E9
:10829000BDF81810A08A0844ADF81800BDF81A10EF
:1082A000E08A0844ADF81A0004F114010D461AA83A
:1082B0000C9109F0DFF901E06BE067E005A92846C1
:1082C00009F0D8F9CF481C9912F0DBFE01285DD1E6
:1082D0001AA90C9809F0CEF9152E57D1E08D002877
:1082E00054D0A08D002851D0002F4FD01C980EF0F4
:1082F0003CF9064603A80C9909F0BCF920460FF09A
:108300009FFC054694F8390000F0030001287DD059
:10831000BDF81800BDF81410401ABDF80C10084440
:10832000ADF81000BDF81A00BDF81610401ABDF8DF
:108330000E100844BDF80C10ADF8120001EB090056
:10834000ADF80C00BDF80E1001EB0800ADF80E0002
:10835000BDF810100D98081AADF8100000E089E083
:10836000BDF81210A1EB0B00ADF8120094F8380024
:1083700000F00301012977D0800775D0022974D05D
:108380000023194630460C9A0BF08EFD1DB0BDE857
:10839000F08F1C980EF01FF9054600780228F5D0E2
:1083A00094F838004FF00106C14389075AD000F015
:1083B0000301022956D0C0F38400042801D001280B
:1083C00050D120460021462213F0EAFEC0B2FF2819
:1083D00048D10021204613F0D3FF218EC14241D164
:1083E0000021204613F0EFFFE18E41430F121C984D
:1083F0000EF0F1F88046B7F5807F37D0204612F0B6
:1084000026FF8146204614F016F800E037E00146CA
:1084100004F13202B8B2CDE9000200234A4603A8B3
:10842000FAF73AFCBDF80C00A18A00220844ADF826
:108430000C00BDF80E00E18A0844ADF80E00BDF84E
:108440001000A18A0844ADF81000BDF81200E18ABE
:108450000844ADF8120003A94FEA0800FAF7FAF948
:10846000002893D12E7091E734E0BAE0002204F1A5
:108470001401F3E705A9204612F0B1FE14E7B4F9A0
:108480002C0029B2401ABDF80C10401C00EBD07033
:10849000A1EB6001ADF80C10BDF81010BDF80E2076
:1084A000A1EB6000ADF81000B4F92E002914401AB9
:1084B000401C00EBD070A2EB6000ADF80E00B4F9E8
:1084C0002E00401ABDF81210401C00EBD070A1EB3A
:1084D00060002FE70FA80BF00FFD0FAA0021204628
:1084E00014F079F8ADF83E70ADF83CA0608EADF8B0
:1084F0004000A08EADF8420094F8380015AAC009DB
:108500008DF85000BDF8141001EB0900BDF81610ED
:10851000ADF8540001EB0800ADF85600BDF8181096
:108520000D98081ABDF81A10ADF85800A1EB0B0011
:10853000ADF85A00B16810460F46FAF763F9002803
:1085400091D015A8B060BDF90E10608D084400B23E
:10855000ADF80200884203DDE18D401AADF802005B
:10856000E18D80B20844401E31E000BFBDF90C101F
:10857000208D084400B2ADF80000884203DDA18DD3
:10858000401AADF80000A18D80B20844401E0DE0F5
:108590006A460FA93046636A0BF086FCBDF80000FE
:1085A0002844ADF80000BDF804002844ADF80400EC
:1085B000BDF90000BDF910108842E9DBBDF80210DA
:1085C00028140144ADF80210BDF806100844ADF8B7
:1085D0000600BDF90200BDF912108842C6DBB76083
:1085E000D4E60DA80BF03EFF0DAA0021204614F0A2
:1085F0003BF800200090636A0DA930460C9A0BF0FE
:1086000095FCC3E66CE702082DE9F04FD3B00546B0
:108610000DF0E3FF044628460DF0A7FF4F9010A988
:10862000204612F0DCFD002140F60A02204613F03D
:10863000B7FD0546002140F60B02204613F0B0FDC1
:10864000BDF84010BDF84420491BADF840102A4445
:10865000BDF84230ADF844201B1ABDF84650511AFF
:108660002844ADF84600C01A401C0FFA80FAADF855
:108670004230D4E90A02491C0FFA81FBA2EB000840
:10868000D34501DB012100E00021894600213E9114
:1086900094F85C1001F00301012908D1002806DAE2
:1086A000002A04DD216B814201D101203E9000218E
:1086B000204613F079FC21900021204613F0CFFCD6
:1086C00036900021204613F033FD209000212046F3
:1086D00013F0F3FB359004F1340010A9139008F067
:1086E000B7FFA18E21980844A086218F3698081ADA
:1086F0002087E18E20980144E186618F3598081A21
:1087000000B26087B9F1000F11D0E18E401A401C11
:1087100000B204281DDAE18A0AEBDA726FF0010078
:1087200000EB62000844E086001D608711E0218FA5
:10873000A08E081A401C00B204280ADAA18A0BEBAA
:10874000DB726FF0010000EB62000844A086001DA0
:108750002087218FA08E081A401C00B21890618FCC
:10876000E08E081A401C00B22290B9F1000F05D02B
:1087700004F13805DC48189F139E04E004F1360626
:10878000DA48229F351D3A90A36D581C14D0216DF4
:10879000A06A626D091A101A7943784391FBF8F1C7
:1087A00090FBF8F009B200B2401A5843C21700EB30
:1087B000126001EB202005E0216BA06A081A7843C3
:1087C00090FBF8F000B21690A26C501C14D0216CF3
:1087D000A06A636C091A181A7943784391FBF8F17F
:1087E00090FBF8F009B200B2401A5043C21700EBF8
:1087F000126001EB202005E0D4E90910081A784343
:1088000090FBF8F000B23F902046002141F26A420E
:1088100013F0C6FCC0B2B9F1000F28D001280AD16C
:1088200030462E4605463F98404200B23F9016988B
:10883000404200B2169031883F9808442880318821
:108840001698084430803E9888B3A06A4042784326
:1088500090FBF8F000B2B9F1000F15D03188084450
:10886000B5F9001000B281420BDD308039E0298873
:108870003F98081A401C308029881698081A2880CA
:10888000E1E7318028802CE02988081A401CB6F9DD
:10889000001000B2814201DD288001E02980308093
:1088A000B5F90010B6F900008142EADB19E0FFE7F4
:1088B0003A9913988847012813DC35A84F9912F08C
:1088C00035FA4FF4003042908948369000203790B6
:1088D0001398389035AA1A2120460DF083FE35AA48
:1088E000FBE050A8139908F0B3FE68460CF02EFB8D
:1088F0004FF400356A462946204613F058FF23A856
:108900004F9912F013FA4FF000087948CDE9240886
:108910003095CDF89CD013982690454623AA1A216D
:1089200020460DF05FFE20466022294613F038FCF9
:1089300005B258465146D34500DB0846B5EB600FFB
:1089400000DD4510229A1899BDF90000914200DB24
:108950001146B0EB610F00DD4810B9F1000F02D0F5
:10896000228FA18E01E0628FE18E511A491C09B25B
:10897000B1EB400F18DD9DF8220012909DF80370B6
:108980009DF81A608DF803808DF81A808DF822808A
:108990006946139A4F980CF0C5FA12988DF8037037
:1089A0008DF81A608DF82200A18A219800230844CE
:1089B000ADF83401218B36982A46081AADF83801F3
:1089C000E18A20980844ADF83601618B3598081A81
:1089D000ADF83A014DA947A80CF0E8F9002147A8E5
:1089E0000BF098FD17909DF822608DF82280454687
:1089F0008DF8368010A90EA808F02AFEBDF83810B0
:108A00002198084400B2ADF83800BDF83A2020990A
:108A100011440BB2ADF83A30BDF83C203699511AEA
:108A20000AB2ADF83C20BDF83E703599791A09B20A
:108A3000ADF83E10B9F1000F12D0C81A401C00B2B8
:108A400004281FDAE18A0AEBDA726FF0010000EB0A
:108A500062000844ADF83A00001DADF83E0011E098
:108A6000101A401C00B204280CDAA18A0BEBDB724E
:108A70006FF0010000EB62000844ADF83800001D03
:108A8000ADF83C00BDF90020002319A813990CF0A3
:108A90008DF9002119A80BF03DFD07460EAA694685
:108AA0004F980CF03FFA8DF822608DF803508DF846
:108AB0001A508DF836506946139A4F980CF032FAD6
:108AC00019A80BF0EBFE47A80BF0E8FE38460CF0B7
:108AD00019FA17980CF016FA23AA1B2120460DF05C
:108AE00081FD53B0BDE8F08F1B170108C3160108C4
:108AF000C4E602082DE9F047B8B005460DF06DFD5B
:108B0000044628460DF031FD82460021204613F030
:108B1000DFF80646204613F08EFC0546204612F08C
:108B200096FB854201DB012701E00027284694F8E7
:108B30005C108046002001F00301012906D1A16AE2
:108B4000002903DAE16A002900DD01208FB110B1AC
:108B5000606A00280ADB012E03D100BFB4F934009B
:108B600001E0B4F93800ADF800000BE0012EF8D0B8
:108B7000F4E710B1606A002801DBE08E00E0608F4E
:108B8000ADF8020017A80CF0E1F94FF4403517AA30
:108B90002946204613F00BFE3B46424669462046D6
:108BA00019F036F804F168006946814608F06BFD5B
:108BB000514605A812F0BAF82F4806900020CDE9DA
:108BC000125017ADCDE908950790204616F018F918
:108BD000022806D005AA1A2120460DF003FD4A46B8
:108BE0003DE0382217A926A810F060FE05AA1A2138
:108BF00020460DF0F7FC4A4617A950460CF092F9B2
:108C000005AA1B2120460DF0EDFC4FB1012E02D02C
:108C1000B4F9340001E0B4F93800ADF8000002E026
:108C2000608FADF802003B4642466946204618F088
:108C3000EFFF04F160006946064608F024FD382283
:108C400026A917A810F032FE01200995CDE90706E4
:108C5000139005AA1A2120460DF0C4FC324617A92C
:108C600050460CF05FF905AA1B2120460DF0BAFC16
:108C700038B0BDE8F0870000F8E702082DE9F043BE
:108C80008FB004460DF0A9FC054612F021FB074603
:108C900003A80BF0E7FB03AA0021384613F0E4FC1D
:108CA00020460DF062FC816804460E4607F114026E
:108CB0000DA8F9F7A7FD002850D00DA8A0600BA9BA
:108CC000384606F09DF9A88AADF80400E88AADF8A8
:108CD0000600288BADF80800BDF82E00ADF80A009C
:108CE00001AA1046A168F9F78DFD4FF000090DF1BA
:108CF000040878B1A7682846C4F808800FF08AFEF7
:108D0000034605F1140203A92046CDF800900BF0AC
:108D10000DF9A760A88AADF80400BDF83200ADF8DF
:108D20000600288BADF80800688BADF80A0001AA90
:108D30001046A168F9F766FD78B1A7682846C4F81F
:108D400008800FF067FE034605F1140203A92046D0
:108D5000CDF800900BF0EAF8A760A6600FB0BDE870
:108D6000F08300002DE9FF4F9FB0987B8A7E00F0D2
:108D70000F04DDF8B0E00E46032C18D0012C1DD0F6
:108D8000022C21D0042C13D0082C7DD1A24D4FF001
:108D9000FF0A6101FD2A2FD2A04F3878904202D1FC
:108DA0007868A04225D00020DFF874821FE00424F8
:108DB000994D4FF0F00A103D1021EBE7964D4FF022
:108DC000800A163D0221E5E7934D4FF0C00A143D9D
:108DD0000421DFE715F800C0BCF1FF0F1DD01CFB1C
:108DE00002FC4FEA1C2C00BF08F800C0401C88425F
:108DF000F0D38B4D3A707C601F9AB3F806801889C7
:108E000007902199926808FB04F0B1F90010B2F9BB
:108E10000030994203DB002302E09446E4E75B1A4A
:108E20009B46B2F9043001EB08079F4201DC414642
:108E300001E0591A491C89462199B2F90230B1F969
:108E40000210994201DB002300E05B1A1193079B9B
:108E5000B2F906200B44934201DC079901E0511A54
:108E6000491C0A91119941430BFB04100EEBD001F0
:108E700000F007072C911C2115A810F0F5FDB08912
:108E8000ADF85C00B07E00E0C2E08DF86C00B07F11
:108E9000C0F3C2008DF86D00FAF76EFF0AF0A0FD76
:108EA000079A08FB02F1814200DC08461C9010F092
:108EB00033FC0790189021980026018801EB0B02E3
:108EC000ADF80C200188A9F1010001442198ADF80A
:108ED00010104388119818448B1AADF81200ADF8A1
:108EE0000E00ADF83810ADF834200A99ADF8360010
:108EF0005B1C08441BB2ADF83A000B930DA80BF0B5
:108F0000E9FC1D9003A815901A90C4F1080008EB25
:108F10000B010F90A1EB090060431290119860E0E3
:108F200033462AFA07F059464FF0000C1FE02C9AFE
:108F3000DDF83C801278A8EB0708024032FA08F20C
:108F400005D015F80280079A02F8068002E0079A19
:108F500002F806C00F9A974202D22744E04004E08C
:108F60002C9A0027521C50462C92491C761C4945CD
:108F7000DDDB1D9880B10798BDF912201844BDF9BA
:108F80000C1080460B9B0BF067FC8DF8640018B941
:108F900040460B9910F068FDA9EB0B0081191C9855
:108FA000814205D2BDF81200401CADF812000EE05F
:108FB00002208DF8640015A91F980CF0B3F9BDF8D4
:108FC0001200401CADF80E00ADF8120000261298F9
:108FD0002C99384401EBD00100F0070701982C913F
:108FE000401C0A99019088429ADBBDF90E10BDF928
:108FF0001200814209D0401EADF8120002208DF807
:10900000640015A91F980CF08DF9079810F0D0FB9B
:1090100023B0BDE8F08F00004AA70208000100203D
:10902000DC8000202DE9F04F8346B1F902000C46A8
:10903000401E411000F001004618B2F90050B3F98B
:10904000000089B0854200DA2846ADF80000B2F988
:109050000000B3F90030984200DC1846401EADF81D
:1090600004005088801BADF8020050880844ADF819
:10907000060069460846DBF80820F9F7C3FB00281C
:109080001FD0E08818B1A08808B1012700E00027B0
:10909000012568460BF01EFC00B907B100251C2114
:1090A00002A810F0E1FCCDF808D02088ADF810003F
:1090B000207A6E468DF8200035B102A958460CF092
:1090C00031F909B0BDE8F08FBDF80410BDF900001A
:1090D000BDF90680091A491C0DB2BDF80210ADF8A1
:1090E00006104FF0000A47B1B4F90610B4F9042095
:1090F000114490FBF1F201FB120A284610F00CFB20
:10910000079605908146BDF902603EE02946484633
:1091100010F0D8FCBDF900102B4632B248460BF0D7
:109120009BFB8DF818000FB300B3002150460B468F
:1091300017E000BFB4F90420824205DB121A114483
:10914000104409B200B208E0B4F906C06244824299
:1091500001DC002001E009F80130491C401C09B283
:1091600000B2A942E6DB02208DF8180002A9584699
:109170000CF0D8F8BDF80200401CADF80200BDF8B4
:109180000600401CADF80600761C4645BEDD48468C
:1091900010F00EFB95E700002DE9FF4FB2F90240F9
:1091A000B3F90250C5B0AC4208DA128864F31F402C
:1091B00062F30F0065F31F411A8807E01B8865F30F
:1091C0001F40128864F31F4163F30F0062F30F0125
:1091D0000FFA81F904B20514A9EB04064FEA214AFB
:1091E000AAEB05070391002E01DD314600E0714234
:1091F000002F01DD384600E07842814201DD012088
:1092000000E0002015904698B0F90210159858B16A
:10921000002F01DD384600E078424201002E01DDDA
:1092200030460CE070420AE0002E01DD304600E0DE
:1092300070424201002F01DD384600E0784292FB87
:10924000F0F0AB4A105C10FB01F03F30C0114FEA68
:10925000600800F0010202EB080B49464C4500DAB9
:109260002146A1EB0001ADF8581001DD214600E0D8
:1092700049460144ADF85C105146554500DA29468F
:10928000A1EB0001ADF85A1001DD294600E051467E
:109290000844ADF85E00459816A982680846F9F7BB
:1092A000B1FA00287ED01598002100287BD0002E2E
:1092B00016DDAAEB080000B2CDE90001A5EB08001D
:1092C00002B24B46214620A80BF0A8FB0AEB0B008C
:1092D000012100B2CDE900014B4605EB0B0015E082
:1092E0000AEB0B0000B2CDE9000105EB0B0002B266
:1092F0004B46214620A80BF091FBAAEB0800012168
:1093000000B2CDE900014B46A5EB080002B22146B0
:109310000AA80BF083FB002120A80BF0FBF81890A3
:1093200000210AA80BF0F6F8159046984FF0FF3987
:10933000C846407AC00623D4A819032100B2CDE95B
:109340000001E01B03B22A4621462BA80BF066FB66
:10935000039902200A14911909B2CDE9001003986B
:1093600001B2C81B03B236A80BF058FB00212BA892
:109370000BF0D0F88146002136A80BF0CBF88046E0
:10938000BDF85C00BDF85810401A401C04B2FAF752
:10939000F3FC0AF025FB054616A808F098F9A84248
:1093A00006D201E0A1E027E016A808F090F90546F2
:1093B000AA46284610F0B0F98346BDF95E70BDF8A4
:1093C0005A00ADF85E0000255146584610F07AFB71
:1093D0001C2119A810F048FB16A91991469800887D
:1093E000ADF86C004698BDF95A60007A8DF87C00A3
:1093F000CDF870B01E9145E009EB0B00CDE900A15E
:1094000003B204EB0B0001B22A4620A80BF006FBC6
:109410000121A9EB0800CDE900A103B2A4EB0800EB
:1094200001B22A4674E700BFBDF958100BEB0500E6
:10943000234632B207900BF00FFA8DF8740018B97A
:109440002146079810F010FB25442919514505D2F3
:10945000BDF85E00401CADF85E0012E002208DF801
:10946000740019A945980BF05DFFBDF85E0000255A
:10947000401CADF85A00ADF85E005146584610F059
:1094800021FB761CBE42CFDDBDF95A10BDF95E004E
:10949000814209D0401EADF85E0002208DF87400B4
:1094A00019A945980BF03EFF584610F081F920A805
:1094B0000BF0F4F90AA80BF0F1F9B9F1FF3F02D073
:1094C0002BA80BF0EBF9B8F1FF3F02D036A80BF058
:1094D000E5F918980BF016FD15980BF013FD4846AA
:1094E0000BF010FD40460BF00DFD49B0BDE8F08FCC
:1094F0004AA802082DE9F04F8346B1F902000C4654
:10950000401E411000F00100158889B00844281A57
:10951000ADF8000010880844ADF80400B2F902105C
:10952000B3F90200814200DA0846ADF80200B2F950
:109530000200B3F90210884200DC0846401EADF874
:10954000060069460846DBF80820F9F75BF90028B1
:109550001FD0E08818B1A08808B1012600E00026DD
:10956000012768460BF0B6F900B906B100271C21A7
:1095700002A810F079FACDF808D02088ADF81000D4
:10958000207A6D468DF8200037B102A958460BF0BD
:10959000C9FE09B0BDE8F08FBDF80400BDF80010A9
:1095A000BDF90670401A401C0FFA80F9BDF80200A0
:1095B000ADF80600484610F0AFF8824605900795D2
:1095C000002056B1B4F90600B4F904100844BDF9FE
:1095D000021091FBF0F200FB12108046BDF9025020
:1095E00031E04946504610F06DFABDF900104B4687
:1095F0002AB250460BF030F98DF81800A6B178B1B8
:10960000B4F90410414502DA00208DF81800B4F9CD
:109610000600B4F904100144414501DC4FF0000894
:1096200008F101000FFA80F802A958460BF07AFE03
:10963000BDF80200401CADF80200BDF80600401C59
:10964000ADF806006D1CBD42CBDD504610F0B0F801
:109650009FE77CB505460CF0C0FF446A28460CF035
:1096600084FF626A0546816868461432F9F7CAF8D1
:10967000002835D0AE68C5F808D094F83C008006C4
:1096800021D5628FE08E824208D1212329462046CF
:10969000FDF760FF2046628F21231DE0202329462D
:1096A0002046FDF757FF2046628F20232946FDF70D
:1096B000A3FF2046E28E01232946FDF74BFF2046FB
:1096C000E28E012308E02046628F20232946FDF721
:1096D00041FF628F204620232946FDF78DFFAE60B3
:1096E0007CBD00002DE9F04FD5B005460CF075FFAC
:1096F0000446008E00287DD028460CF036FF4F909F
:10970000608C49A940F004006084204611F067FD98
:109710000025278C2584608CA94640F004012E4644
:10972000C846618433A80BF011FC41A80AF09AFEE8
:109730004FF4A02A33AA5146204613F038F841AA24
:109740005146204612F090FF608C002120F004006A
:1097500060842046278412F0F2FC539000212046BA
:1097600012F0B2FB52900021204612F024FC5190DE
:109770000021204612F07AFC509020A84F9911F059
:10978000D5FAB548CDF8B4A0CDE9210812A82490A7
:109790000AA8259054E1761CB6B2606AAFA150F8D1
:1097A0002600F6F7D7FD0028F5D0E06A30F815005E
:1097B000C0F3C001002974D18846C0F3C01109B1BB
:1097C0004FF00108C0F3401010B148F0800014E0E1
:1097D000A08EA84212D1B80601D548F02008B807DB
:1097E00001D548F00208780701D548F00408380789
:1097F00004D500E02CE148F008008046A06A00EBA8
:10980000C50103A807F02DFFBDF80C10BDF8240119
:10981000B8F1000F0144ADF80C10BDF80E20BDF8F2
:1098200026110A44ADF80E20BDF810201044ADF802
:109830001000BDF812000844ADF8120026D0A4F8BC
:109840002080608C40F00401618412A80BF07EFB44
:109850000AA80AF007FE12AA5146204612F0A7FFF6
:109860000AAA5146204612F0FFFE2784608C20F0A1
:1098700004016184E06A30F81500C0F3003000286C
:109880009DF845000ED040F001000DE0382233A9CC
:1098900012A810F00BF8202241A90AA810F006F82F
:1098A000E8E7C9E020F001008DF8450003A8239007
:1098B00020AA1A212E9520460CF094FE9DF86B00EC
:1098C0004108C9063CD520F03E001E308DF86B00E3
:1098D000B4F914305199BDF90C2019448A4203D1CE
:1098E00020F008008DF86B00B4F918205098BDF9ED
:1098F0001010101A814205D19DF86B0020F0100065
:109900008DF86B00B4F916205398BDF90E10104471
:10991000814205D19DF86B0020F004008DF86B00AA
:10992000B4F91A205298BDF91210101A814207D1C9
:109930009DF86B008108490061F345008DF86B00CC
:10994000BDF81210BDF90E00091A491C0FFA81FB6F
:109950005FEA886108D5E16A31F81510890503D5F9
:10996000A0EB0B00ADF80E0003AA12A94F980BF064
:10997000D9FA606ABDF93C30BDF93A1050F82600BA
:109980000890BDF82801BDF824C10A9AA0EB0C008C
:10999000401C00B2CDE900109DF845C0CDF808C0CC
:1099A00054A8089917F022FABDF81010BDF80C0061
:1099B000BDF95031091A491C09B2C91A01EBD1711C
:1099C00000EB6100ADF80C00BDF81210BDF80EC040
:1099D000BDF95221A1EB0C01491C09B2891A01EB16
:1099E000D1710CEB610109B21844ADF81000881870
:1099F00002B2ADF80E10ADF812205FEA88600ED505
:109A0000E06A30F81500800509D50BEBDB70A1EB9F
:109A10006001A2EB6000ADF80E10ADF81200CDF8B9
:109A2000009003AA0AA9089B4F980AF07FFA20AA7F
:109A30001B2120460CF0D6FD6D1C761CADB2B6B2D3
:109A4000208EA8423FF6A9AE608C20F0040060840E
:109A500055B0BDE8F08F0000FCE602080A000000E7
:109A60002DE9F04FA7B005460CF0B7FD0446284697
:109A70000CF07BFD22900021204612F064F905468F
:109A8000002141F61202204612F08AFB28440FFA08
:109A900080FB002141F61302204612F081FB28448E
:109AA0000FFA80FA0021204612F057FB28440FFAE3
:109AB00080F918A80AF0D6FC18AA4FF40031204605
:109AC00012F0D2FDA06A08B1179009E080200FF0D3
:109AD00023FE05460146802220460CF019FB17950F
:109AE00094F83C00002700F00F00012800D1012766
:109AF0002046002141F26A4212F052FBC0B2012816
:109B000000D10127E06A002869D00EF072F9804682
:109B100002280DD002A9E06A0DF0CEFE01281BD06C
:109B20004FF0FF363546E7B1A18A01EB0B001CE090
:109B3000BDF972009DF87D2041F6FF718DE80700A8
:109B4000BDF97430189A15A8E16A17F04FF9BDF9FC
:109B50005460BDF95650E6E70298C0F38A26450DD9
:109B6000E1E7218BA1EB0A00801B711EADF8140008
:109B70000844ADF81800B8F1020F5ED0204611F08D
:109B800066FB401BE18A00EBD07001EB6000ADF892
:109B90001600691E0844ADF81A0011A80AF0ACF9C5
:109BA0004FF4003811AA4146204612F014FD06EB8E
:109BB000D6704010ADF8480005EBD5704010ADF8F8
:109BC0004A00204643F60F02414612F0E9FAADF88A
:109BD000440005AA11A9E36A22980AF065F909A8C8
:109BE0000AF040FC09AA0021204612F03DFDBDF913
:109BF00036009DF8412041F6FF718DE80700BDF960
:109C0000383007A8099A179917F0F0F8E18A01EBA4
:109C10000900BDF81E10ADF80E000844ADF81200A2
:109C2000E06AE0B13FB3218BA1EB0A00BDF81C1044
:109C3000B0EB0100ADF80C0024E0E18A6D1E01EBF1
:109C40000900ADF816002844ADF81A000020009075
:109C500005AA18A9E36A22980AF068F9BFE7204626
:109C600012F0E9FBBDF91C10A28A401A00EBD0707B
:109C700002EB6000DEE7A18A01EB0B00BDF81C10CF
:109C8000ADF80C000844ADF810000020009003AAC5
:109C900009A9179B22980AF049F9A06A002802D165
:109CA00017980FF085FD27B0BDE8F08F2DE9F0473C
:109CB00098B005460CF091FC044628460CF055FC83
:109CC00006460FA9204611F028FA94F8480000250E
:109CD000C10600D50125800601D545F00205002109
:109CE000204612F093FBA0F51C51D13904D1608CB1
:109CF000400501D445F0040507A80AF0B3FBB4F809
:109D00004400ADF83200B4F84600ADF834008DF8E8
:109D1000395007AA0021204612F0A6FC9DF8380011
:109D2000012708B98DF83870E06B0890206C099015
:109D300008994FF6FF70814219D00999814216D0D7
:109D40004FF48028204644F25742414612F028FA48
:109D50000090BDF80000ADF82A00204620224146C0
:109D600012F01EFA0090BDF80000ADF82C0094F837
:109D7000480041F6FF7A00F00700022801D00328CE
:109D80001ED19DF83800022801D0032818D1BDF952
:109D90002E100295CDE9001ABDF93030079A16A8A9
:109DA000616A17F023F8BDF84000BDF83C10401A76
:109DB000401CBDF9581000B2884201DA8DF83870A5
:109DC00094F8480004F1300700F00700032809D098
:109DD000BDF84200BDF83E10401A401C00B2B0F57C
:109DE000806F00DA00270FA914A8B268F8F70AFDFF
:109DF00000287DD094F8480040070BD1204611F090
:109E0000B9FB404202B200210FA807F099FC608B19
:109E1000ADF8420094F848000DF1500900F0070039
:109E2000022813D0032811D000970FAA07A93046A3
:109E3000636A0AF07BF8B068C6F80890804694F828
:109E4000480000F0070003280FD05FE0D6F8088034
:109E5000C6F8089000970FAA07A93046636A0AF06F
:109E600065F84046C6F80880E6E7BDF92E10029571
:109E7000CDE9001ABDF93030079A06A8616A16F0DC
:109E8000B5FFBDF84000BDF83C10401A401CBDF9BC
:109E9000181000B2884219DA2022114607980CF0F7
:109EA000BEFCB4F84410BDF8182000EB400011448B
:109EB0000844ADF83200B4F84600ADF8340000971D
:109EC0000FAA07A93046636A0AF030F8BDF84200CD
:109ED000BDF83E10401A401C01B2BDF91A00814283
:109EE00014DAB4F84410ADF832100799098900E08B
:109EF0000EE0B4F84620009710440844ADF8340052
:109F00000FAA07A93046636A0AF010F8C6F808805D
:109F100018B0BDE8F0872DE9F04397B007460CF084
:109F20001EFB054638460CF058FB04464FF48026CD
:109F3000152D7DD0182D7CD138460CF016FB05462A
:109F400007A80AF08FFA07AA3146204612F08CFBC8
:109F500013A9204605F054F813AA15A8A968F8F724
:109F600051FC002865D0204604F0B6FD814620460D
:109F700012F061FA064648460EF04CFDBDF92E106F
:109F8000CDE90016022202920146BDF9303005A843
:109F9000079A16F02BFF204611F059F9B4F9161064
:109FA00000EBD076B9F9160001EB6601471A484676
:109FB00011F04DF9B90391FBF0F70021204612F0A2
:109FC00094F90799B0F90800B1F90810081A00EBE4
:109FD000D070BDF816104010091A09B2ADF816106D
:109FE000E28A794302EB660202EBA1310F1A0021EB
:109FF000204611F0AFFE80462046002141F61202B5
:10A0000012F0CEF806462046002141F6130212F067
:10A01000C7F8A28A06EB08011144ADF84010ADF86C
:10A020004270218B081AA0EB0800ADF8440001E053
:10A030001DE019E0BDF816003844ADF846009DF863
:10A04000390040F002008DF8390015A8AC68A8600E
:10A0500048460EF0DFFC03460020009010AA07A936
:10A06000284609F063FFAC6017B0BDE8F0833846BE
:10A070000CF07BFA054610A9204604F0C1FF6846A3
:10A080000AF064FF6A463146204612F090FB10AA9F
:10A09000694628460AF046FFE6E72DE9F043ABB0F3
:10A0A00005460CF09AFA044628460CF05EFA814602
:10A0B0000021204611F094FF07460021204611F0B0
:10A0C000EAFF06460021204612F055F80546002119
:10A0D000204611F00EFFA18AE28AADF88A20238B78
:10A0E000ADF88C30B4F81AC03944ADF88810991B1B
:10A0F000ADF88C10ACEB00005119ADF88E00ADF846
:10A100008A1006A80AF022FF06AA4FF40031204662
:10A1100012F04DFB22AA06A948460AF003FF20468A
:10A1200011F095F80546208BA18A411A491C481B5D
:10A1300006B2606A411C06D07043C11700EB116083
:10A1400040F30F2708E0204611F076FD10F0010FD4
:10A1500001D0374600E000272046002141F26A4244
:10A1600012F01EF8C0B2012801D1F01B07B2A08A7C
:10A170003844ADF800002844ADF80400E08AADF89A
:10A180000200608BADF806004FF440373946204698
:10A1900011F026FF06463946204611F07CFF804626
:10A1A0003946204611F0E7FF05463946204611F0B2
:10A1B000A0FEBDF80010BDF80420891BADF800100A
:10A1C00002EB0801ADF80410BDF80210491BADF810
:10A1D0000210BDF806100844ADF8060014A80AF0F5
:10A1E000B5FE14AA3946204612F0E1FA6A4614A9CF
:10A1F00048460AF097FE2BB0BDE8F0832DE9F04FFA
:10A20000E5B005460CF0E9F9044628460CF0ADF936
:10A210008346826804F1140116A8F8F7F3FA0028BF
:10A220007ED0DBF80800089016A9CBF8081020466D
:10A23000002141F2320211F0B3FF00B25B90002125
:10A24000204611F09FFF5F900021204611F058FE3C
:10A2500061900021204611F0CAFE5E900021204648
:10A2600011F020FF4FF4A0255D902946204611F003
:10A27000BEFE0D902946204611F014FF0A90294693
:10A28000204611F07FFF15902946204611F038FE38
:10A290001490208C00260E902684608C40F00401DF
:10A2A000618428A80AF052FE28AA2946204612F006
:10A2B0007EFA18A80AF0D6F818AA2946204612F005
:10A2C000D3F90E982084608C002720F0040060846D
:10A2D000204611F05DF9E28A5F991144091A5B98F2
:10A2E0000844401EADF81600204611F04AF95C9073
:10A2F0000021204611F0F3FC012800D000205A90E4
:10A30000594637A810F012FD4FF4A0204490E048C1
:10A3100038900020399049A83B9020A83C9000E05C
:10A3200093E0002089E0E16ABDF8160031F91910C8
:10A330005791401C00B2491E0144ADF81610BDF9FA
:10A340005E10ADF8120088427CDC5A9850B1218B27
:10A350005D98091A5C98091A5B98081A401EADF8B6
:10A36000100009E0A18A5E9801445C98091A5B9884
:10A370000844401EADF81400002558E0A06A4FF0D4
:10A38000000A50F8270008B190F800A05A9860B170
:10A39000BDF81000401EADF81400216B31F8151007
:10A3A000401A401CADF810000BE0BDF81400401C32
:10A3B000ADF81000216B31F815100844401EADF8BF
:10A3C0001400002621E0A16AB81951F8200008B352
:10A3D00090F800A05FEACA701CD05A98216B002840
:10A3E00005EB06024FF0020000EB4200085A05D0D0
:10A3F000BDF81010081AADF8100004E0BDF81410F4
:10A400000844ADF81400761CB6B2A08C7119401E39
:10A410008142D8DBBDF91600BDF95A10884217DA1F
:10A42000B819401C87B2A81980B2401C85B2A08C14
:10A43000A842A3D809F1010080B2E18C81464945C8
:10A440003FF671AF0898CBF8080065B0BDE8F08F13
:10A45000BDF91020ADF83C20BDF91210ADF83E104A
:10A46000BDF91480ADF84080ADF8420086469DF8F5
:10A47000C300C0F3440043070DD5B4F914C05E9B7C
:10A4800063449A4207DDBDF9C03003EBD373A2EBFE
:10A490006302ADF83C2082070DD5B4F916305F9AFF
:10A4A0001A44914207DDBDF9C02002EBD272A1EB44
:10A4B0006201ADF83E10010711D5B4F918205D997D
:10A4C000511A491E88450ADABDF9C01001F001028F
:10A4D00001EBD17102EB61014144ADF84010C007BE
:10A4E00012D0B4F91A206198101A401E86450BDA72
:10A4F000BDF9C00000F0010100EBD07001EB60017C
:10A5000001EB0E00ADF84200E28E00214A4569D110
:10A51000A08EA84266D1208C420602D4820600D5C5
:10A520002021820701D541F00201420701D541F007
:10A530000401000701D541F00801E9B32184608CD2
:10A5400040F00401618449A80AF000FD20A809F048
:10A5500089FF4FF4A02849AA4146204612F027F966
:10A5600020AA4146204612F07FF80E982084608C85
:10A5700020F0040161840FA83A90A18C37AA09FB4E
:10A58000015045901A2120460CF02CF80FAA49A939
:10A5900058460AF0C7FCA06A50F82700F0B3BDF88F
:10A5A00010100D98084403B2BDF814100A98ADF8C5
:10A5B0004430081A02B200E014E0BDF812101598F9
:10A5C000ADF848200844ADF84600BDF816101498C0
:10A5D000081AADF84A00CAF340005FEA00080CD040
:10A5E00002210BE0382228A949A80FF05FF92022A8
:10A5F00018A920A80FF05AF9BDE70021D01A401C75
:10A60000BDF9922000B20092CDE90101A06ABDF926
:10A61000943050F8271060A8491C00E031E0189AE7
:10A6200016F0E4FBB8F1000F14D15798BDF9822160
:10A63000BDF8121000EBD07301EB630002EBD27295
:10A64000A0EB6200ADF84600581000EB6200084431
:10A65000ADF84A0004AA16A962A8F8F7D3F880B1A9
:10A6600062A90020CBF808100090A06A11AA20A9C6
:10A6700050F8273058465B1C09F058FC16A9CBF857
:10A68000081037AA1B2120460BF0ACFFC8E60000DB
:10A6900030E802082DE9F04F8B4607469088118874
:10A6A000A9B0401A401C00B200EBD07046108819C7
:10A6B000ADF8780050883044ADF87A0020A809F051
:10A6C00009FF4FF4A02420AA2146384612F01BF8B7
:10A6D00018A809F011FC18AA2146384611F07BFF92
:10A6E0000021384611F0A3FB8246594602A810F01B
:10A6F0001DFB604803901EA80B9007F130002490CA
:10A70000F9F7EAF8AFE0256813942079012801D021
:10A71000A0B3A4E0B5F92030E88B18440090D5E947
:10A720000512E0680EF0BAFFA98B628A00B21144EC
:10A730008D19804616F096FA10FB05F147F6FF7961
:10A7400091FBF9F0BDF87A100844ADF89A00404644
:10A7500016F084FA10FB05F191FBF9F0BDF87810C2
:10A760000844ADF89800A08AADF88000208AADF8C2
:10A7700082006079FD2802D9504603E016E010FB04
:10A780000AF0000A8DF888000120109020A8089097
:10A7900026A80C9002AA1A2138460BF023FF26ABFC
:10A7A0001EAA20A9584609F088FE53E02069E0B3AC
:10A7B000B5F92030E88B18440090D5E90512E0681F
:10A7C0000EF06CFF054625A920690DF075F8BDF85F
:10A7D0007800A18A411AADF85810BDF87A00E28AD3
:10A7E000801AADF85A00259AC2F38A235B1E1944D9
:10A7F000ADF85C104FF0FF3101EB52510844ADF859
:10A800005E006079FD2801D9504602E010FB0AF095
:10A81000000A8DF86B00A08AADF86400E08AADF8FC
:10A82000660005EB8500400000E018E0B0F5616FC0
:10A8300001DDA0F56160ADF8600018A8099002AADA
:10A840001A2138460BF0CEFE16AA18A958462369DD
:10A8500009F02AFB02AA1B2138460BF0C3FE214651
:10A860002498F9F736F804007FF44DAF29B0BDE81D
:10A87000F08F000018AE020830B5054691F82A00A6
:10A8800089B00C4602285FD9E08C00285CD01146C4
:10A8900004A806F0C2FE208DBDF81010401E091A53
:10A8A000ADF81010BDF81210091AADF81210BDF86D
:10A8B00014100144ADF81410BDF816100844ADF89A
:10A8C000160004A906A806F0A8FEBDF81810E08C32
:10A8D000BDF81220091AADF81810BDF81C10084474
:10A8E000ADF81C00BDF81A00E18C401AADF81A0052
:10A8F000BDF81E00E18C0844ADF81E00BDF8140040
:10A90000BDF81010401ABDF81610401C891A491CD9
:10A9100000B209B2B4F90020884200DA0146B2EB75
:10A92000610F00DD4A10E08CA178104403B294F866
:10A930002A00CDE90201A08CADF80400009204AA1F
:10A9400006A92846FCF738FB09B030BDF8B5044627
:10A950000BF043FE064620460BF03DFE0446406BDE
:10A96000B0F5A02F51D1A06B0025072805D2206992
:10A97000C570206980F8225012E081B22022304652
:10A9800007F0DCFB60B12069C570206980F82250B7
:10A99000122013F097FA00906069BDF800108181D1
:10A9A000208F4FF4004281B2304607F0C7FB98B1C8
:10A9B00021696620C870304615F0C4FE00902069F9
:10A9C000BDF800108180304607F0B6FBA16B8842CD
:10A9D00002D12169B220C870208F4FF4804281B229
:10A9E000304607F0ABFB00280FD02169FF2081F82B
:10A9F0002200304615F0A6FE00902069BDF8001038
:10AA0000C1832169088C401C0884F8BD2DE9F04100
:10AA10008CB005460BF0E1FD044628460BF0A5FD81
:10AA20008046606A0DF0F6FF007800283BD1A06AEE
:10AA3000002838D00078002835D001A809F012FD90
:10AA400001AA4FF40021204611F00EFE94F85C009C
:10AA5000000705D59DF8210040F002008DF8210087
:10AA60000021204611F0CAFA07460021204611F0C5
:10AA700090FB06460021204611F073F9054604F1CB
:10AA8000140109A806F008FE701902B2781901B283
:10AA900009A806F055FE0020009009AA01A9404629
:10AAA000A36A09F043FA0CB0BDE8F0817CB5044616
:10AAB000806961896D468668A08961B1002865D08A
:10AAC000814203D12289E3889A427CD302297BD038
:10AAD00003297AD0AFE010BBE088218988421ED2DA
:10AAE000B4F9060016F0BEF8B4F90410B4F90E205B
:10AAF000891A48432168498801EBE030ADF802002B
:10AB0000E0885A3000B216F0ADF8A18810FB01F0D1
:10AB10002168098801EBE030ADF8040040E02068CE
:10AB20000088ADF800002068A18840880844ADF88E
:10AB30000600B4F9060016F095F8B4F90410B4F95B
:10AB40000E20891A48432168498801EBE030ADF8AE
:10AB50000200E0885A3000B216F084F8A18810FB99
:10AB600001F021683246098801EBE030ADF80400BD
:10AB700069460846F7F746FE30B1A0696A46856027
:10AB80002169A0690AF0CEF9A08970BB2068A1886C
:10AB900000880844ADF8040020684088ADF8020041
:10ABA000B4F9080016F05EF8A18810FB01F02168E6
:10ABB000498801EBE030ADF8060020895A3000B238
:10ABC00016F050F802E015E012E00FE0B4F90410BE
:10ABD000B4F90E20891A484321683246098801EBEE
:10ABE000E030ADF8000069461AE024E0022801D008
:10ABF000012820D1206832460088ADF80000206886
:10AC00004088ADF802002068A18800880844ADF8AB
:10AC100004002068A18840880844ADF80600294651
:10AC20000846F7F7EFFD30B1A0696A4685602169F3
:10AC3000A0690AF077F9A06986607CBD7CB50446FE
:10AC4000806961896D468668A08901290CD0012838
:10AC500067D0814203D12289E3889A427ED30029BA
:10AC60007DD003297CD0B5E0012822D1E08821895C
:10AC700088421ED2B4F9060015F0F4FFA18810FB3B
:10AC800001F02168498801EBE030ADF80600E0886A
:10AC90005A3000B215F0E6FFB4F90410B4F90E20F2
:10ACA000891A48432168098801EBE030ADF80400B7
:10ACB00042E02068A1880088401AADF800002068B2
:10ACC0004088ADF80200B4F9060015F0CBFFA1886A
:10ACD00010FB01F02168498801EBE030ADF8060077
:10ACE000E0885A3000B215F0BDFFB4F90410B4F991
:10ACF0000E20891A484321683246098801EBE0306A
:10AD0000ADF8040069460846F7F77CFD30B1A0694C
:10AD10006A4685602169A0690AF004F9A0890128C2
:10AD200058D120680088401EADF804002068A18832
:10AD300040880844ADF80600B4F9080015F092FF09
:10AD4000B4F90410B4F90E20891A484321684988DF
:10AD500001EBE030ADF80200208902E018E010E0DD
:10AD600014E05A3000B215F07DFFA18810FB01F00D
:10AD700021683246098801EBE030ADF800006946F1
:10AD80001DE0022804D0032802D023E0022821D1AC
:10AD90002068A18832460088401AADF8000020687B
:10ADA0004088ADF8020020680088401EADF804001D
:10ADB0002068A18840880844ADF806002946084666
:10ADC000F7F720FD30B1A0696A4685602169A06966
:10ADD0000AF0A8F8A06986607CBD7CB5044680694D
:10ADE00061896D468668A08902290CD002287ED030
:10ADF000814203D12289E3889A4279D3002978D00D
:10AE0000012977D0D4E002283FD1E0882189884207
:10AE10003BD25A3000B215F025FFA18810FB01F09B
:10AE20002168098801EBE030ADF80000B4F90600B4
:10AE300015F018FFB4F90410B4F90E20891A48432C
:10AE40002168498801EBE030ADF80600B4F908004C
:10AE500015F008FFA18810FB01F02168498801EB7B
:10AE6000E030ADF8020020895A3000B215F0FAFE49
:10AE7000B4F90410B4F90E20891A484321680988EE
:10AE800001EBE030ADF8040066E020680088401E69
:10AE9000ADF804002068A1884088401AADF802008F
:10AEA000E0885A3000B215F0DDFEA18810FB01F0F9
:10AEB0002168098801EBE030ADF80000B4F9060024
:10AEC00015F0D0FEB4F90410B4F90E20891A4843E5
:10AED00021683246498801EBE030ADF8060069464A
:10AEE0000846F7F78FFC58B1A069856003E00AE0D7
:10AEF0003BE034E036E06A462169A0690AF012F8C6
:10AF0000A089022854D12068A1880088401AADF891
:10AF1000000020684088401EADF8060020895A30A5
:10AF200000B215F09FFEB4F90410B4F90E20891A8E
:10AF300048432168098801EBE030ADF80400B4F91A
:10AF4000080015F08FFEA18810FB01F021684988E8
:10AF500001EBE030ADF80200324669461DE00328FF
:10AF600003D025E0032800D010BB2068A18832461A
:10AF70000088401AADF800002068A1884088401A77
:10AF8000ADF80200206829460088401EADF8040094
:10AF900020684088401EADF806000846F7F732FCEE
:10AFA00030B1A0696A4685602169A06909F0BAFFDD
:10AFB000A06986607CBD7CB50446806961896D4668
:10AFC0008668A08903290ED0032867D0814203D167
:10AFD0002289E3889A427ED302297DD001297CD040
:10AFE00002297BD0B1E003281FD1E0882189884263
:10AFF0001BD25A3000B215F035FEB4F90410B4F982
:10B000000E20891A48432168098801EBE030ADF829
:10B010000000B4F9060015F025FEA18810FB01F030
:10B020002168498801EBE03040E02068A188008871
:10B030000844ADF8040020684088401EADF80600C2
:10B04000E0885A3000B215F00DFEB4F90410B4F9DE
:10B050000E20891A48432168098801EBE030ADF8D9
:10B060000000B4F9060015F0FDFDA18810FB01F009
:10B0700021683246498801EBE030ADF802006946AC
:10B080000846F7F7BFFB30B1A0696A4685602169C1
:10B09000A06909F047FFA089032856D120680088DD
:10B0A000ADF800002068A1884088401AADF8020081
:10B0B00020895A3000B215F0D5FDA18810FB01F0AF
:10B0C0002168098801EBE030ADF80400B4F908000C
:10B0D00015F0C8FD03E016E010E013E00FE0B4F94E
:10B0E0000410B4F90E20891A484321683246498871
:10B0F00001EBE030ADF8060069461BE018B101280D
:10B1000001D022E008BB206832460088ADF800007C
:10B110002068A1884088401AADF802002068A18804
:10B1200000880844ADF80400206829464088401E85
:10B13000ADF806000846F7F765FB30B1A0696A462E
:10B1400085602169A06909F0EDFEA06986607CBD7B
:10B1500070B5A4B00C46054620AA22A910F020FA2A
:10B1600022A806F0B4FA20B920A806F0B0FA002808
:10B170003ED012A9284617F09BFF012838D121465E
:10B1800068460FF0D3FD1B4801900220029012A8E0
:10B1900004904FF480300D9022A806F098FA80B108
:10B1A00022A803906A461A2128460BF01BFA22AA0D
:10B1B00012A9204609F0B6FE6A461B2128460BF06C
:10B1C00011FA20A806F083FA002811D020AE6A46B2
:10B1D0001A21284603960BF005FA20AA12A9204648
:10B1E000039609F09FFE6A461B2128460BF0FAF9E8
:10B1F00024B070BD10A702082DE9F04F0F468A68F1
:10B20000B5B0044600F1140115A8F7F7FBFA0028C1
:10B2100074D0B8682F9015A8B8600021204610F0AF
:10B22000AEFE06460021204610F06DFF8246204605
:10B230000FF0BBFFB4F88410484340F30F292046B9
:10B240000FF099FFB4F88610484340F30F20189090
:10B2500004F124001790F8F72AFB05460021204648
:10B2600010F063FEB4F8841048434FEA2028B4F885
:10B270008200C0F1010303FB089191FBF0F001B2E1
:10B28000B1FBF5F000B24FF4A0252D9029462046E1
:10B2900010F04BFEB4F88410484300123290204660
:10B2A00010F09CF8301A0FFA80FB204610F062F97B
:10B2B000AAEB000000B231901AA809F047FE1AAAC2
:10B2C0002946204611F073FA9DF8770020F0070018
:10B2D0008DF87700FF208DF86B00608BBDF868104B
:10B2E0000844ADF8AE00394601A80FF01FFD4848EC
:10B2F000029004200E95002603907FE085E000BFB9
:10B3000009EB0801714391FBF0F101EB0B00A18AFD
:10B310000F9608440FFA80FA1798F8F7DDFA69E0FB
:10B32000287BC00762D194F88800000701D468899F
:10B3300000E000202D9A329B524401B2D31A5046AD
:10B34000ADF8A8A05B1E0FFA82FA1BB2BDF954201B
:10B35000ADF8AC30934249DBBDF9582090424BDC4C
:10B360002889ADF86C00B4F88200314491FBF0F20A
:10B3700000FB12102A7B6968C2F3001304EB43023E
:10B3800000B232F96C3F31F91010B2F90420C91A39
:10B39000DDF860C0D21A01FB0CF191FBF2F2319B97
:10B3A000E18AACEB02021A441144ADF8AA106968B4
:10B3B00031F91010A1F5FE42FF3A17D02AA90491E5
:10B3C0001AA912950591696801AA31F91000119026
:10B3D0001A2120460BF006F92AAA1AA9384609F0C4
:10B3E000A1FD01AA1B2120460BF0FCF82946179865
:10B3F000F8F76FFA050093D1761CB6B2B4F8820064
:10B40000B0423FF67DAF2F98B86035B0BDE8F08F01
:10B41000E0A802082DE9F04F89468A6800F114017E
:10B42000C1B005460F463CA8F7F7ECF900287CD0E0
:10B430003CA9D9F808A0C9F80810B5F8820002287C
:10B4400073D30021284610F077FC044600212846DB
:10B4500010F095FD06190021284610F054FE044412
:10B4600028460FF0A2FEB5F88410484340F30F20A1
:10B470000F9028460FF07FFEB5F88610484340F342
:10B480000F20099028460FF0A9FFA98A3144081A15
:10B4900000B23990284610F06DF8E98A2144081A64
:10B4A00000B23A9039463EA8D9F80820F7F7AAF931
:10B4B00000283AD027A809F00DF827AA4FF4A021B8
:10B4C000284611F020F92AA809F040FD4FF4003475
:10B4D0002AAA2146284611F06AF92146284610F08A
:10B4E0008EFF00EBD07047102146284610F067FC15
:10B4F00000EBD07041108B46BDF99E005F4500DA2D
:10B50000394600EBD072B1EB620F05DD9DF8A51056
:10B5100041F010018DF8A510012805D19DF8A50076
:10B5200040F010008DF8A50000E087E1B5F882102A
:10B530000F98814201DB012000E000203B9005F1E3
:10B5400024003890F8F7C8F973E1207BC0077CD15C
:10B550002089ADF89C002089ADF8AC0095F88800F2
:10B56000000701D4608900E0002000B20C903998F7
:10B57000ADF81800ADF808000C98059013906168BC
:10B58000099B31F91000217BC1F3001205EB420148
:10B5900031F96C2FB1F90410801A5843891A90FBC5
:10B5A000F1F0191A3A980844ADF80A00494614A86F
:10B5B0000FF0BCFBA3481590032016904FF4A02079
:10B5C000219027A81A902AA825941890BDF90A005E
:10B5D000039000260790E9E0BDF90810ADF81810B7
:10B5E000BDF80A00ADF81A00BAF90420781C10441E
:10B5F00081427BDC0F98B5F882207043531E90FB8C
:10B60000F3F33998184400B2ADF808000C9B3344AA
:10B6100093FBF2FC02FB1C3212B205926368DDF868
:10B6200024C033F91220237BC3F3001305EB43033B
:10B63000B3F96C80B3F97030A2EB080202FB0CF294
:10B64000A3EB080392FBF3F200E0EEE0ACEB0203A5
:10B650003A9A1A4412B2ADF80A209046BAF900207C
:10B66000D21B521E90423FDB002E3DD03B9AE2B3EC
:10B670006368139A33F912C047F6FF72944533D0CA
:10B68000DDF814C033F91C3093422DD0079B984548
:10B6900001DA1A4600E04246039B0792984501DD15
:10B6A0001A4600E04246039281427BD0401EADF82C
:10B6B0001800ADF808000798ADF81A20ADF80A0098
:10B6C000824202D1401CADF80A0002AB06AA27A9AB
:10B6D000484608F0F2FEBDF80800CDF80C80401C8A
:10B6E000ADF80800CDF81C805CE000E063E0BDF838
:10B6F0001800C11B3844ADF83800BDF81A00ADF889
:10B700003410A0EB0B015844ADF83A00701E2290A3
:10B71000ADF836106168139831F9101047F6FF70D4
:10B72000814201D006A900E000211D9162680599BF
:10B73000804632F91110414501D002A800E00020F6
:10B740001E900DA817906168139814AA31F9100083
:10B7500024901A2128460AF045FF6068139930F9B1
:10B76000112042450AD0059930F91110414505D004
:10B7700002AB06AA27A9484608F09FFE6FB1BBF1AD
:10B78000000F0AD06168139831F91010414504D0B8
:10B790000DAA2AA9484609F0C5FB14AA1B21284670
:10B7A0000AF020FF0598761CB6B21390B5F8820017
:10B7B000B0423FF611AF3B98B8BBB5F88200B0423B
:10B7C00033D16168059831F91010A1F5FE40FF38BA
:10B7D0002BD0BDF80800761EC11B3844ADF83010E0
:10B7E000ADF83400BDF80A0014AAA0EB0B015844D0
:10B7F000ADF8360000201D901E900CA81790ADF8F3
:10B80000321022966168059831F9100024901A21AF
:10B8100028460AF0E7FE0CAA2AA9484609F082FB4E
:10B8200014AA1B2128460AF0DDFE21463898F8F7B5
:10B8300050F804007FF489AEC9F808A041B0BDE813
:10B84000F08F0000E0A802082DE9F04F8A468A68D0
:10B85000B9B0054600F1140137A8F6F7D3FF002868
:10B860007DD0DAF80800349037A9CAF80810002112
:10B87000284610F061FA04460021284610F07FFBAC
:10B8800006460021284610F03EFC074628460FF0E9
:10B890008CFCB5F88410484340F30F2033902846C1
:10B8A0000FF069FC0146B5F88600414341F30F20D3
:10B8B000249028460FF092FD0146AA8A30191044C0
:10B8C000401A00B2259028460FF054FE0146EA8A3D
:10B8D00038191044401A00B228902CA808F0FAFD3C
:10B8E0002CAA4FF4A021284610F00DFF16A809F04D
:10B8F0002DFB4FF4003416AA2146284610F057FFBE
:10B900002146284610F07BFD00EBD0704FEA60091D
:10B910002146284610F053FA00EBD07042109046B2
:10B92000BDF9B2004946C14500DB114600EBD072BB
:10B93000B1EB620F05DD9DF8B91041F010018DF8F3
:10B94000B910012805D19DF8B90040F010008DF81C
:10B95000B90005F124002A90F7F7BEFF41E146E166
:10B96000207BC0077ED12089ADF8B0002089ADF8DA
:10B970005C0095F88800000701D4608900E0002091
:10B9800006B22598ADF8D8002996ADF89C006068FD
:10B99000B34630F816000A282CD03398009020685F
:10B9A000002330F91670207BC0F3C00105EB410085
:10B9B000B0F97820B0F9741038460DF06FFE259973
:10B9C00000230844ADF89C0024980090606830F98A
:10B9D0001670207BC0F3001105EB4100B0F9702018
:10B9E000B0F96C1038460DF059FE2499081A2899C0
:10B9F000084402E07F48ADF89C00ADF89E00514637
:10BA000002A80FF093F94FF4A0200F907A4803900A
:10BA1000032004902CA8089016A8002713940690E1
:10BA20009FE000BFBDF89C00ADF8D800BDF89E00B7
:10BA3000ADF8DA002998B5F88220C11991FBF2F02F
:10BA400002FB101006B2606830F91600A0F5FE4146
:10BA5000FF3968D024990091217BC1F3001105EBD7
:10BA6000410100E0B9E0B1F97020B1F96C10002398
:10BA70000DF014FE24990023081A28990844ADF803
:10BA80009E0033980090217B2068C1F3C00105EB34
:10BA9000410130F91600B1F97820B1F974100DF0B8
:10BAA000FDFD25990844ADF89C00E7B3BDF8D8002A
:10BAB000A0EB09014844ADF8C000BDF8DA00ADF8CC
:10BAC000BC10A0EB08014044ADF8C200781EADF8F0
:10BAD000BE101090616831F91B10A1F5FE40FF38CF
:10BAE00001D036A900E000210B91616831F91610F0
:10BAF000A1F5FE40FF3801D027A800E000200C90FF
:10BB00002FA80590616802AA31F91B0012901A2132
:10BB100028460AF067FD616847F6FF7031F91B207F
:10BB2000824216D000E019E031F91610814210D09F
:10BB300027AB36AA2CA9504608F0BFFCB9F1000F7C
:10BB400007D0B8F1000F04D02FAA16A9504609F06B
:10BB5000E9F902AA1B2128460AF044FD7F1CB346DE
:10BB6000BFB2B5F88200B8423FF65CAFB5F88200CC
:10BB7000B84232D1606830F91610A1F5FE40FF38A6
:10BB80002BD0BDF89C007F1EA0EB09014844ADF806
:10BB9000C000BDF89E00ADF8BC10A0EB0801404409
:10BBA000ADF8C2000020ADF8BE100B900C902FA88D
:10BBB00010970590606802AA1A2130F916001290B9
:10BBC00028460AF00FFD2FAA16A9504609F0AAF937
:10BBD00002AA1B2128460AF005FD21462A98F7F7FC
:10BBE00078FE04007FF4BCAE3499CAF8081039B06E
:10BBF000BDE8F08F01E0FFFFE0A802082DE9F74F54
:10BC0000B1F92E00AAB014460E46002872D096F85C
:10BC1000361002296ED9012808D1B6F9340000285F
:10BC200004DC308E10B9708E0028EFD02088318E61
:10BC30004218B08E151AADF82850A28811440B187E
:10BC4000ADF82C306088718E0844B18E421AADF880
:10BC50002A20E088718E0844B18E0144ADF82E1080
:10BC6000B6F92E0000EBD070A5EB60056D1EADF8A7
:10BC70004C50012505EB60001844ADF85000B6F9B2
:10BC80002E0000EBD070A2EB6000401EADF84E001D
:10BC9000B6F92E0000EBD07005EB60000844ADF85B
:10BCA000520096F836002990FD2801D9FF202990EE
:10BCB0002A9813A9826827A8F6F7A4FD0028A5D022
:10BCC00021461DA805F0A9FC4FF0FF384146424629
:10BCD0001DA805F028FDB6F900901DA805F00BFD84
:10BCE00004461DA805F0E1FC84421DA803DA05F016
:10BCF00002FD02E0FEE305F0D8FCB9EB600F01DDC8
:10BD00004FEA6009B6F900400AA805F0F4FC0546C0
:10BD10000AA805F0CAFC85420AA802DA05F0EBFC85
:10BD200001E005F0C2FCB4EB600F00DD4410B6F991
:10BD30002E00051905FB05F040000DF0EDFC1090FC
:10BD40000146B6F92E2023460AA817F0D7FA13A801
:10BD500008F0C0FD012720B9F078FF2801D3B078A2
:10BD600060B1002701234A461DA920A809F01EF84A
:10BD7000002120A808F0CEFB269001E0CDF89880A5
:10BD800013A805F0B8FC0DF0C7FC83461C2115A8CC
:10BD90000DF06AFECDF854D0CDF860B0CDF868D083
:10BDA000B08DADF85C0096F836008DF86C00B07878
:10BDB0008DF86D00BDF85000BDF84C20ADF80400C2
:10BDC000811A491C09B201EBD17102EB61010FFA32
:10BDD00081FABDF85220BDF84E10401B521A521C79
:10BDE00012B202EBD27201EB6202401C14B200B23A
:10BDF0006A1EADF80000ADF80210114409B20992B4
:10BE0000ADF806105246504500DC1046ADF8000073
:10BE1000A14200DB21462A98ADF8061069468268E7
:10BE200006A8F6F7EFFCD0B34A461DA906A8F6F718
:10BE300011FDA0BBBDF81C00BDF91810BDF91A20FA
:10BE4000401A401C00B20890BDF94E301098D21A2A
:10BE500002FB0500BDF95020521B891A0844401E00
:10BE6000059047B14A461DA906A8F6F763FD10B133
:10BE700001200F9000E00F970898002827DDBDF8FB
:10BE80001800ADF80000BDF81C00ADF80400022059
:10BE9000CDF860B08DF86400BDF91A8013E016E0AB
:10BEA000ADF802800F98ADF8068070B30598189031
:10BEB00015A92A9809F036FA05982844059008F142
:10BEC00001000FFA80F8BDF91E104145E8DABDF80F
:10BED0005000ADF80400401B401C00B2ADF800005B
:10BEE000BDF85220ADF80620511B491C09B2ADF82F
:10BEF00002105246504500DC1046ADF80000601CB0
:10BF00001190814216DD084615E0FFE72A465846A3
:10BF100005990DF0CBFCBDF9181042465846089B18
:10BF200008F09AFC8DF864000128C1D102208DF838
:10BF30006400BDE7601CADF802002A98694682687B
:10BF400006A8F6F75FFCD0B34A461DA906A8F6F787
:10BF500081FCA0BBBDF81C00BDF91810BDF906207E
:10BF6000401A401C00B20890BDF91E301098D21A39
:10BF700002FB0500BDF95020521B891A0844401EDF
:10BF8000059047B14A461DA906A8F6F7D3FC10B1A3
:10BF900001200F9000E00F970898002827DDBDF8DA
:10BFA0001800ADF80000BDF81C00ADF80400022038
:10BFB000CDF860B08DF86400BDF91E8013E016E086
:10BFC000ADF802800F98ADF80680B0B305981890D0
:10BFD00015A92A9809F0A6F9059828440590A8F112
:10BFE00001000FFA80F8BDF91A104145E8DDBDF8EF
:10BFF0004C0009992844ADF80000BDF85000401BE2
:10C00000ADF80400BDF84E00ADF80200084400B2DF
:10C01000ADF80600A04200DB2046ADF806002A98E5
:10C020006946826806A8F6F7EDFBB0B34A461DA93B
:10C0300006A8F6F70FFCA8B17CE0FFE72A465846B1
:10C0400005990DF033FCBDF9181042465846089B7F
:10C0500008F002FC8DF864000128B9D102208DF8A7
:10C060006400B5E7BDF81C00BDF81810BDF902204A
:10C07000401A401C00B20890BDF91A101098891A95
:10C0800001FB050005904FB14A461DA906A8F6F729
:10C0900051FC18B101200F9001E04BE00F97089878
:10C0A000002847DD0F9860B100201890BDF81800F7
:10C0B000ADF80000BDF81C00ADF80400BDF91A0091
:10C0C00033E0CDF860B0F1E7ADF802800F98ADF83D
:10C0D000068060B12998FF280598007804D096F86A
:10C0E000361010FB01F0000A8DF86C0013E0059883
:10C0F000089A017858460DF085FCBDF918104246A3
:10C100005846089B08F0A8FB8DF86400012802D16E
:10C1100002208DF8640015A92A9809F003F9059802
:10C120002844059008F1010000B2BDF91E108046B8
:10C130004145C9DA96F836008DF86C00BDF84C0020
:10C140002844ADF80000BDF85000BDF85210401B67
:10C15000ADF80400481B401CADF8061000B2119960
:10C16000ADF80200884200DC601CADF802002A989D
:10C170006946826806A8F6F745FB78B34A461DA9CA
:10C1800006A8F6F767FB48BBBDF81C00BDF8181001
:10C19000BDF91E20401A401C00B20890BDF90610DF
:10C1A0001098891A01FB050005900898002851DDB8
:10C1B0003FB14A461DA906A8F6F7BCFB002018901F
:10C1C00001E0CDF860B0BDF81800ADF80000BDF892
:10C1D0001C00ADF80400BDF91E0036E03AE000BFD7
:10C1E000ADF80280ADF806808FB14A461DA906A8B9
:10C1F000F6F7A0FB2998FF280598007804D096F858
:10C20000361010FB01F0000A8DF86C0013E0059861
:10C21000089A017858460DF0F5FBBDF91810424612
:10C220005846089B08F018FB8DF86400012802D1DD
:10C2300002208DF8640015A92A9809F073F8059872
:10C2400028440590A8F1010000B2BDF91A108046FB
:10C250004145C5DD96F836008DF86C00BDF85000FC
:10C26000ADF80400411BBDF84E00491C0AB2284439
:10C27000ADF8002000B2ADF80200BDF85210119BDD
:10C28000491B09B2ADF80610984200DB601CADF8FE
:10C290000200A14200DC2146ADF80610504652458E
:10C2A00000DC02462A98ADF800206946826806A89C
:10C2B000F6F7A8FAB8B34A464E461DA906A8F6F7FF
:10C2C000C9FA80BBBDF81C00BDF91810099A401AC4
:10C2D000401C00B20890109802FB0500BDF95020E8
:10C2E000521B891A0844401E0590EFB132461DA921
:10C2F00006A8F6F71FFB10B14FF0010800E0B846A2
:10C30000059818900898002836DDBDF81800ADF89B
:10C310000000BDF81C00ADF8040002208DF8640098
:10C32000BDF91A6024E027E0B8465846E9E700BFA7
:10C33000ADF80260ADF80660B8F1000F12D15846B2
:10C34000089A05990DF0B2FABDF918103246584610
:10C35000089B08F081FA8DF86400012802D10220C0
:10C360008DF8640015A92A9808F0DCFF761C36B217
:10C37000BDF91E00B042DBDA0022109817E000BFC2
:10C3800000EB050EAEF10101002305EBD57608E0C8
:10C3900090F800C091F8008000F8018B01F801C905
:10C3A0005B1CB3EB660FF3DB521C704612B2AA4261
:10C3B000E6DBBDF84C000999ADF80000084401B275
:10C3C000BDF84E00119B284400B2ADF80200BDF844
:10C3D0005220ADF80410521B12B2ADF8062098425C
:10C3E00000DB601CADF80200A24200DC2246AAF18C
:10C3F0000100ADF806200C90814200DB01462A982E
:10C40000ADF804106946826806A8F6F7FBF9A8B3F0
:10C410004A464E461DA906A8F6F71CFA70BBBDF8A1
:10C420001C00BDF91810099A401A401C00B208906F
:10C43000109802FB0500BDF90020891A08440590F8
:10C44000EFB132461DA906A8F6F774FA10B14FF005
:10C45000010800E0B846059818900898002835DDD6
:10C46000BDF81800ADF80000BDF81C00ADF80400E0
:10C4700002208DF86400BDF91A6023E026E0B8467A
:10C480005846E9E7ADF80260ADF80660B8F1000F74
:10C4900012D15846089A05990DF008FABDF91810FE
:10C4A00032465846089B08F0D7F98DF864000128F9
:10C4B00002D102208DF8640015A92A9808F032FFF5
:10C4C000761C36B2BDF91E00B042DBDABDF84C0076
:10C4D0000999ADF800000844BDF84E10099AADF86E
:10C4E0000210114400B2ADF8040009B2ADF8061014
:10C4F0000C9A00E05AE1904201DBAAF10100ADF88C
:10C500000400A14200DB21462A98ADF806106946D6
:10C51000826806A8F6F776F9C0B34A461DA906A8B0
:10C52000F6F798F990BBBDF81C00BDF91810BDF9DD
:10C530001A20401A401C00B20890BDF90230109831
:10C54000D21A02FB0500BDF90020891A01EB000890
:10C5500047B14A461DA906A8F6F7ECF910B101202B
:10C560000F9000E00F970898CDF860B0002822DD0A
:10C57000BDF81800ADF80000BDF81C00ADF80400CF
:10C5800002208DF86400BDF91A6010E013E000BFCE
:10C59000ADF802600F98ADF80660C8B3CDF86080C2
:10C5A00015A92A9808F0BEFE761CA84436B2BDF93B
:10C5B0001E00B042ECDABDF84C00ADF8000009995D
:10C5C000BDF85220084401B2501BADF80410401CC5
:10C5D000ADF8062000B2119AADF80200904200DCDE
:10C5E000601CADF802000C98814201DBAAF1010148
:10C5F0002A98ADF804106946826806A8F6F702F991
:10C60000C8B34A461DA906A8F6F724F9A8B15AE00E
:10C61000FFE72A46414658460DF048F9BDF9181083
:10C6200032465846089B08F017F98DF86400012837
:10C63000B6D102208DF86400B2E7BDF81C00BDF948
:10C640001810BDF90620401A401C0FFA80FABDF9F7
:10C650001E301098D21A02FB0500BDF90020891A7D
:10C660000E184FB14A461DA906A8F6F763F918B18E
:10C670004FF0010801E026E0B846CDF860B0BAF10D
:10C68000000F20DDBDF81800ADF80000BDF81C005B
:10C69000ADF8040002208DF86400BDF91E400EE0E4
:10C6A000ADF80240ADF80640B8F1000F2FD0189653
:10C6B00015A92A9808F036FE641E2E4424B2BDF94E
:10C6C0001A00A042ECDDBDF84C0069462844ADF8E4
:10C6D0000000BDF85000401BADF80400BDF84E004E
:10C6E000CDF860B02844ADF80200BDF85200401B00
:10C6F000ADF806002A98826806A8F6F783F8E8B332
:10C700004A461DA906A8F6F7A5F8A0B141E02A46B9
:10C71000314658460DF0CAF8BDF918105346224666
:10C72000584608F099F88DF864000128C0D102201D
:10C730008DF86400BCE7BDF91C10BDF918000A1A99
:10C74000521C15B2002D24DDADF80410ADF8000028
:10C75000BDF91A4019E000BFADF80240ADF806403F
:10C76000294658460DF0AEF9BDF918102B46224661
:10C77000584608F071F88DF8640000E009E015A94A
:10C780002A9808F0CFFD641C24B2BDF91E00A04217
:10C79000E2DA2FB920A808F081F8269808F0B2FB59
:10C7A00010980DF005F858460DF002F82DB0BDE8D0
:10C7B000F08F00002DE9F74FD8B058984990908835
:10C7C000B2F90030D4885188C01A401C611A00B2F6
:10C7D000491C09B200EBD070401001EBD171B0EBF5
:10C7E000610F00DB481028901844ADF80C00518808
:10C7F00028980844ADF80E0025A807F06BFE4FF40A
:10C80000C02425AA214658980FF07DFF9DF89D0071
:10C8100040F010008DF89D000BA807F023FE0BAA36
:10C82000214658980FF020FF13A859990EF07EFA70
:10C83000E94814900320159025A819904998209450
:10C8400024300590F7F748F8BFE12494A08B28998D
:10C85000BDF80C20084406B2A189A088711A301ACC
:10C860000FFA81FB111AADF82811BDF80E10024421
:10C870000B1AADF82C210844ADF82A31ADF82E0181
:10C8800047F6FF7501232A464AA943A808F08EFA05
:10C89000BDF80C200123A2EB0B00ADF83001BDF870
:10C8A0000E00A0EB0B01ADF83211ABF101010A440F
:10C8B000ADF834210844ADF836012A464CA932A817
:10C8C00008F074FABDF80C100023881BADF838018D
:10C8D000BDF80E20901BADF83A01701E0144ADF872
:10C8E0003C111044ADF83E012A464EA92AA808F092
:10C8F0005DFA00212AA807F00DFE4190608908B179
:10C90000401E01E04FF6FF708046002749E100BF5E
:10C91000608908F101084FF0000A404502D1D04675
:10C920004FF0010AA0690090628800213846521E2B
:10C9300063690CF0B3FE81462390BAF1000F04D076
:10C94000A06839903090E08903E0206839903090F9
:10C95000E08800B252900290499830300890F6F783
:10C96000BBFF43E0287902283CD1A968494539DC5E
:10C97000EA684A4536DB2B8A0298184400B20290D6
:10C98000688AAB8A984203D1688AADF8E40029E04E
:10C99000A87D4FF00003C0074FF0FF00009048460D
:10C9A00001D1D4E905120CF079FEC0B2698A001DEC
:10C9B000B5F814C0C308ADF8241088B240EA0041AD
:10C9C000864A1FFA8CF040EA004011401040401A9D
:10C9D000584301EB5010104040EA1040ADF8000001
:10C9E00080B2399029460898F6F773FF0500B9D14F
:10C9F000E08B784301026088401E91FBF0F1081241
:10CA00003A90401CC9B209900091218C3A98084490
:10CA100000B214F027F90546218C0998084400B2A9
:10CA200014F020F90099C1F58072079212FB05F20B
:10CA300010FB01200512218C3A98084400B214F032
:10CA40000DF90890218C0998084400B214F006F9F9
:10CA5000DDE9072112FB01F2009910FB012002120F
:10CA6000BDF8E400ADF894000298ADF8960040924D
:10CA700030444243BDF80C107F3201EBE231ADF897
:10CA8000C4106843BDF80E107F3001EBE030ADF804
:10CA9000C60003A821971C900BA81890BAF1000FAC
:10CAA0005BD0419808F02EFAB4F910104098ABEB27
:10CAB00001014843BDF80C207F3002EBE03040908C
:10CAC0004D43BDF80E007F3500EBE53A20220BA95F
:10CAD00038A80CF0EBFE38A818904B4640A2102165
:10CAE00054A812F097F954A81E9013AA1A21589826
:10CAF00009F078FDBDF93E00002541F6FF718DE893
:10CB00002300BDF9403053A80B9A1E9914F06EF91A
:10CB1000BDF94C11409801EBD172A0EB6202BDF956
:10CB20004E01114400EBD07CAAEB6C03ADF81C2045
:10CB3000ADF820101844ADF81E30ADF82200009575
:10CB400007AA1E9B1899599807F0F0F900212AA806
:10CB500007F0E0FC419032A808E0002018901E90F9
:10CB600013AA1A21589809F03DFD43A8002107F0A7
:10CB7000D1FC054603AB31AA25A9599807F09DFCC5
:10CB8000284608F0BFF913AA1621589809F02AFD83
:10CB9000BDF8C000ADF8940052987F1CADF8960027
:10CBA000FFB26088B8423FF6B3AE43A807F076FE06
:10CBB00032A807F073FE2AA807F070FE419808F02B
:10CBC000A1F921460598F6F784FE04007FF43DAEF6
:10CBD0005BB0BDE8F08F000018AE02081FF8E00758
:10CBE000256400002DE9F74FB4B090460546114684
:10CBF00002F067FA04468068C0F30E01012976D975
:10CC0000000404D4208810B9608800286FD0002167
:10CC100028460FF0B4F90646002128460FF08CF89C
:10CC2000064428460EF0C1FAB5F88410484340F394
:10CC30000F2723A807F016FC4FF4C02A23AA514659
:10CC400028460FF011FD28460EF0C8FBA98A314492
:10CC5000081A0FFA80F92089B8F1020F4FEA004054
:10CC600006D0002844DA514628460FF04CFA40E03E
:10CC7000002804DA514628460FF00AF900E00020A7
:10CC800083463598B5F91A608068B0F90610B1424C
:10CC90002DDB2399B4F90020B0F90200B1F9081096
:10CCA0000A4406EB0B011144814220DB1DA807F06A
:10CCB00011FC1DAA514628460FF025FD0020ADF8B5
:10CCC0007A00ADF8780003A835990EF02FF88F4858
:10CCD0000490062005900220CDE910A023A808901A
:10CCE0001DA80990B8F1020F07D0012006E00AE163
:10CCF00000208346B5F91660D8E70020219095F80A
:10CD0000880000F00700022816D1002128460FF005
:10CD10000CF9B5F8841048430012B5F882103A189F
:10CD200092FBF1F109B2081A00EBD07209EB620133
:10CD3000381A0FFA81F907B2ADF85A602089616894
:10CD4000C0F30E00401EC1F30E4100FB01F80026A7
:10CD5000D6E000BF60684FF0000AC0F30E40B6FB9B
:10CD6000F0F100FB116008B94FF0010ABDF976003F
:10CD7000381A7043B0FBF8F101EB0900ADF8580028
:10CD8000ADF85400BDF95A10219848B1BAF1000F1E
:10CD900002D0B4F9000001E0B4F90200081A08E07A
:10CDA000BAF1000F02D0B4F9000001E0B4F90200BA
:10CDB0000844ADF8560016A80C9015A80D9095F8EB
:10CDC000880000F00700032848D06068C0F30E40D8
:10CDD000B6FBF0F31393BAF1000F68D0208900047A
:10CDE00065D54BA2102130A812F014F823A80890A2
:10CDF00030A80E9010200F9003AA1A21284609F09F
:10CE0000F1FBBDF99E004FF0000A41F6FF728DE87C
:10CE10000504BDF9A0301CA8239A0E9913F0E6FF73
:10CE2000BDF97010BDF8540001EBD171A0EB6102A7
:10CE300000EB610000B2ADF8680012B2BDF85630E8
:10CE40002199ADF86420C1B1A3EB0B01BDF872309C
:10CE5000ADF86A10C91AADF8661017E0219842467D
:10CE600005EB4001B1F978000090B1F97430002170
:10CE700030460CF013FC0346ACE703EB0B01BDF8A6
:10CE80007230ADF866101944ADF86A10B5F9141097
:10CE9000884215DBB5F91800824211DCCDF800A0FC
:10CEA00019AA23A90E9B359807F040F808E0002046
:10CEB00008900E900F9003AA1A21284609F092FBC1
:10CEC000BDF97600BDF9581000EBD07001EB60029F
:10CED000B5F914108A420DDBBDF95410A1EB6001C5
:10CEE000B5F91800814205DC15AB16AA1DA93598C5
:10CEF00007F0E3FA03AA1B21284609F073FB761C0E
:10CF000046457FF627AF37B0BDE8F08FE0A80208AE
:10CF1000256400002DE9F74FB8B09046044611464D
:10CF200002F0CFF805468068C0F30E01012973D9DD
:10CF3000000404D4288810B9688800286CD05FEAFF
:10CF4000080000D001202990002120460EF0F4FEB8
:10CF50000746002120460FF0D6F8064620460EF080
:10CF60000AF9B4F88610484340F30F202B9020466E
:10CF70000EF000FB0146E28AF0191044401A00B29C
:10CF80004FF4C0263290B8F1000F314620460DD044
:10CF90000FF050F82690B4F91800B5F900A0B5F9D3
:10CFA00002908346B8F1010F06D00DE00EF0E7FFC6
:10CFB0002690B4F91400F0E7CAF100000FFA80FAE5
:10CFC000C9F100000FFA80F921A807F083FA21AA1D
:10CFD000314620460FF097FB18A807F043FA18AA2D
:10CFE000314620460FF040FB03A839990DF09EFE14
:10CFF000764804900620059021A80990CDE9106894
:10D0000018A808902889C0F30E0768687F1EC0F32F
:10D010000E4047430026D3E0D5E000BFBDF986109F
:10D020002B98401A7043B0FBF7F13298B8F1000F1B
:10D030000844ADF85600ADF85E005846ADF854B05F
:10D0400069D0401CADF85400002002906868C0F31D
:10D050000E40B6FBF0F100FB1160002874D0BDF863
:10D060005410A1EB090000BFADF85C0015A80C90AE
:10D0700017A80D9029983A4604EB4000B0F97010BB
:10D080000091B0F96C30B81B00210CF007FB03468F
:10D0900013900298F0B32889000468D54CA210219F
:10D0A00033A811F0B7FE18A8089033A80E901020EE
:10D0B0000F9003AA1A21204609F094FABDF97200D4
:10D0C000002241F6FF718DE80700BDF974302CA8ED
:10D0D000189A0E9913F08AFEBDF9B200BDF85E10E1
:10D0E00000EBD070A1EB600212B201EB6000ADF872
:10D0F000922001B22998ADF896100028BDF85C0086
:10D1000029D0269B0344ADF89030BDF8B0300344DD
:10D11000269801E02BE015E000EB0300ADF8940049
:10D12000B4F9160081422BDBB4F91A00824227DCE5
:10D130000020009024AA18A90E9B399806F0F6FE4C
:10D140001EE001E0401E7DE70120BDF85410029072
:10D15000A1EB0A0088E7BDF8B030A0EB030C269BDA
:10D16000ACEB0303ADF89030269BC01AD6E7002045
:10D1700008900E900F9003AA1A21204609F032FA67
:10D18000BDF98600BDF9561000EBD070B4F9162039
:10D1900001EB600191420DDBBDF95E10A1EB600176
:10D1A000B4F91A00814205DC17AB15AA21A93998F8
:10D1B00007F083F903AA1B21204609F013FA761C15
:10D1C000BE427FF62BAF3BB0BDE8F08FE0A802086F
:10D1D000256400002DE9FF5F0C4693468046202120
:10D1E000DDF838A00FF070F9002878D0BAF1030FFD
:10D1F00040461DD00EF0B7F981460AF053FE0027D5
:10D2000005463E46BAF1030F3946404613D00EF0AC
:10D2100065FF8246002140460EF025FE4946B9F1E1
:10D22000010F5DD0022963D0B9F1030F66D13BE055
:10D230000EF092F9E0E70EF08DFE824600214046A6
:10D240000EF0E3FE4946B9F1010F1ED0022924D0A9
:10D25000B9F1030F52D1B8F81820B8F81410521AC7
:10D26000521C13B2A3EB0A02101A00EBD0720AEBA5
:10D270006200084407B2298BA88A091A491C09B21E
:10D2800001EBD17100EB610027E0B8F81410B5F99B
:10D29000146001EB0A0007B230E0B8F81810B5F9D5
:10D2A0001860081A07B229E0B8F81A20B8F8161062
:10D2B000521A521C13B2A3EB0A02101A00EBD072DE
:10D2C0000AEB6200084407B2688BE98A401A401CE6
:10D2D00000B200EBD07001EB600006B20EE02FE070
:10D2E000B8F81610B5F9166001EB0A0007B205E0B0
:10D2F000B8F81A10B5F91A60081A07B2A01E0399F7
:10D3000000B2002910DAB9F1000F15D0BE4221DCBD
:10D3100012E0002C01DDA41C24B2E01704EB907095
:10D32000801004B0BDE8F09FBBF1000F12DAB9F134
:10D33000000F01D0BE420DDB002CEADA0446E8E71C
:10D340000398E04202D50398404204B2BBEB0400CC
:10D3500000D55C462046E4E770B504460AF092FD2D
:10D3600048B1006882680AB1217A9047207E81071F
:10D3700043D4C0077CD10126002160680DF054FF22
:10D3800000251AE0016899B1017ACA0910D08029F4
:10D3900004D0227A21F08001914209D14168E160F4
:10D3A000016820468847207E810726D4C0075FD1C8
:10D3B0006D1C294660680DF037FF08B1002EE1D1E1
:10D3C000214600200DF05DFE050053D0002160686D
:10D3D0000DF02AFF002619E0016891B1017A0A06D2
:10D3E0000FD411B1227A91420BD14168E1600168FA
:10D3F00020468847207E810701D5012070BDC007E7
:10D4000036D1761C314660680DF00EFF10B1012D4B
:10D41000E2D02FE0012D2DD16068416851B3217E0B
:10D42000490727D4217A232919D0242917D0A90301
:10D430000FF04AF8F0B1207A11381C280FD2DFE83B
:10D4400000F019191919191919191919190E0E19A4
:10D450000E0E191919190E0E0E0E19190E196068F3
:10D46000406860602046FFF777FF0546012801D03D
:10D47000002070BD284670BDF0B5DDE9054539B323
:10D48000060AB70702D51F462B463D46770702D549
:10D4900027462C463D4616F0060F4FEAC6771BD0AE
:10D4A00017B11F4623463C462270CC43E4B212FB20
:10D4B00004F4240A2C70C0B2F40710D011FB00F061
:10D4C0006FEA1020C0B212FB00F0000A1870F0BD25
:10D4D0002A7022701A70F0BD002FE2D0E4E720B16C
:10D4E0004042C0B210FB01F0EAE70802E8E70000A2
:10D4F0002DE9FF4F8A880B8889B0D21A521C17B2C7
:10D50000CA8849880446511ADDE916B8491C199899
:10D510000FFA81F9012813D0022813D0032843D130
:10D52000434E00BF5FEA08000ED00020069020881E
:10D53000ADF8140098F80000FD2838D35A4639E0B9
:10D540003C4EEFE73C4EEDE72088ADF80000ADF82B
:10D5500008005A4600990C98B0470590002020E03A
:10D56000002517E0BDF8080034F8151088420BD0EC
:10D5700004EB45005A460088ADF81400ADF80800E9
:10D5800005990C98B047059004EB4500BDF81410C0
:10D5900001806D1CBD42E5DB0B9804EB400408F1F3
:10D5A000010080464845DBDB0DB0BDE8F08F00FB95
:10D5B0000BF0020A05990C98B0470890002033E060
:10D5C000002528E018F8050020B30699884205D107
:10D5D000BDF8141034F81520914216D0FD2801D35F
:10D5E0005A4602E000FB0BF0020A04EB45000088FB
:10D5F000ADF8180006990C98B047089018F8050087
:10D60000069034F81500ADF8140004EB4500BDF8A1
:10D61000201001806D1CBD42D4DB0B98189904EBDF
:10D62000400488440AF1010082464845C8DBBBE754
:10D6300053630008DF620008B96300082DE9FF4F5B
:10D6400083B00F46DDE910860446F6F795FBB888EF
:10D650003988401A401C05B2F8887988401A401C65
:10D660000FFA80F976B1BDF81800B8F1FD0F00EBA4
:10D67000004000907DD3A5F104084FF0000BBDF8E9
:10D6800018A034E1B8F1FD0F0FD3002608E02A46B8
:10D690002046069905F032FC0598761C04EB400400
:10D6A0004E45F4DB07B0BDE8F08FBDF80010002058
:10D6B00060F3040189B260F34A1189B260F3CF21AB
:10D6C000ADF8001088B20090BDF80000009001464F
:10D6D0004246069805F04AFD01900699404689B2F7
:10D6E000CA0A424362F30F06C1F3451201F01F015B
:10D6F00001FB08F102FB08F261F30F0762F31F461A
:10D70000BA46C8F1FF01002250E0002048E000BF07
:10D71000BDF8003034F81070BB423BD004EB40033E
:10D72000B7B21B88ADF80030ADF808309BB24FEAB5
:10D73000D32C0CFB0177803707EBC71C0CEBC737EA
:10D74000BDF80480C7F3C45767F3CF28C3F3451C63
:10D75000370C0CFB0177803707EBC71C0CEBC73786
:10D76000C7F3C55767F34A181FFA8AF703F01F0378
:10D7700000E0C3E003FB0173803303EBC31707EB47
:10D78000C333C3F3C45363F30408ADF804801FFA32
:10D7900088F3019304EB4003BDF804701F80401C24
:10D7A000A842B5DB0598521C04EB40044A45ACDBAB
:10D7B00078E7002710E03278FF2A12D02088ADF8F1
:10D7C00004000199069805F0D1FC0190BDF8040011
:10D7D0002080A41C761C7F1CAF425DDAB007EAD122
:10D7E0005AE0A4F800A0F4E73068411C43D0E8B345
:10D7F0003278FF2A53D02088ADF8040001990698AA
:10D8000005F0B4FC0190BDF80400208016F8012F4B
:10D81000A41CFF2A46D02088ADF804000199069880
:10D8200005F0A4FC0190BDF80400208016F8012F3B
:10D83000A41CFF2A39D02088ADF80400019906986D
:10D8400005F094FC0190BDF80400208016F8012F2B
:10D85000A41CFF2A2CD02088ADF80400019906985A
:10D8600005F084FC0190BDF8040000E011E0208088
:10D87000A41C761C0FE0A00707D0A4F800A002208B
:10D8800000990151A4F806A003E0009820600098D8
:10D8900060600834361D3F1D4745A5DD1CE0A4F837
:10D8A00000A0B3E7A4F800A0C0E7A4F800A0CDE76B
:10D8B000A4F800A0DCE73278FF2A1CD02088ADF85D
:10D8C00004000199069805F051FC0190BDF8040090
:10D8D0002080A41C761C7F1CAF42ECDB05980BF16A
:10D8E000010B401B04EB40041298401B0644CB453F
:10D8F000FFF65FAFD6E6A4F800A0EAE70022218891
:10D90000ADF800109346104633E0002727E030784A
:10D9100018B3904205D0FF282FD000FB08F31B0A54
:10D920009B46904203D134F81700814210D0BBF1DE
:10D93000FF0F24D004EB47005A460088ADF80000E2
:10D940000099069805F012FC0090327834F8171010
:10D9500004EB4700BDF800300380761C7F1CAF420B
:10D96000D5DB059804EB40041298401B06440AF1ED
:10D97000010082464845C8DB94E64346D0E7069856
:10D98000E2E700002DE9FF4F83B00C46DDF844804C
:10D99000F6F7F2F9BDF818A08146B8F1000F0CD0E7
:10D9A000A0882188401A401C07B2E0886188401A8C
:10D9B000401C0FFA80FB002641E0B4F9026017E03A
:10D9C000B4F900500FFA86F80DE010980290ADF807
:10D9D00004A0CDF80080D9F800002BB2059AC769E1
:10D9E0000399B8476D1CB4F90400A842EDDA761C1F
:10D9F000B4F90600B042E3DA07B0BDE8F08F0025C5
:10DA000018E000BF18F8050098B11099ADF804A00F
:10DA10004843000A029060880399304400B20090A5
:10DA20002088059A284403B2D9F80000D0F81CC019
:10DA3000E0476D1CBD42E5DB1298761C80445E45D4
:10DA4000DDDBD9E700680968884201D10120704711
:10DA50000020704740680A6820F04040904200D2A1
:10DA60000860002070472DE9F04F002787B004467A
:10DA7000BA460AF007FA00680025B4F9141090F8C5
:10DA80001890266AA846002900DC4942B4F916001D
:10DA9000002800DC4042814201DD0125ADE04FF06D
:10DAA0000108AAE0102130460EF00EFD00287ED0BD
:10DAB000CDE90058AB46CDF8088030460DF066FC45
:10DAC000C10700D18B46810701D400210091410795
:10DAD00001D400210291000701D4002001903046BA
:10DAE0000DF048FD059030460DF0FEFB04903046E9
:10DAF0000DF074FC039030460DF0D0FC0599002920
:10DB000002DC0499002910DD029919B1B4F916203C
:10DB10004A4507DA019941B1B4F91620C9F100016B
:10DB20008A4202DC37464FF00C0A0399002901DCD7
:10DB3000002811DDBBF1000F03D0B4F914204A45D1
:10DB400007DA009941B1B4F91420C9F100018A4201
:10DB500002DC37464FF0030A0599002901DC002159
:10DB600002910499002901DC002101910399002907
:10DB700001DC4FF0000B002801DC00200090BBF11D
:10DB8000000F03D0B4F91410494517DA009828B1F2
:10DB9000B4F91410C9F1000081420FDD029818B1E8
:10DBA000B4F91610494509DA019800B100E010E017
:10DBB000B4F91610C9F1000081420ADC0DB103204E
:10DBC00000E00C2094F83C1060F3030184F83C1052
:10DBD00016E04FF4807130460EF076FC35EA000016
:10DBE0000ED14FF4007130460EF06EFC38EA0000A2
:10DBF00006D130460DF06CFB0646002E7FF452AF86
:10DC00004FB194F83C1000206AF3030184F83C10F3
:10DC1000A762A082E08207B03846BDE8F08F00001E
:10DC20002DE9FF4F83B08B4682460DF095FC060030
:10DC300012D041F6FF784446002150460EF08AF992
:10DC40000090002150460EF0E0F9019050460DF092
:10DC500040FA074600255FE0002007B0BDE8F08FDE
:10DC6000DAF808003149006850F8250081460EF0C6
:10DC700032FCE8BB4FF4805148460EF025FCB8B3A7
:10DC8000012E04D0022E08D0032E44D11AE0B9F997
:10DC90001400BAF81420009932E0BAF8182001995B
:10DCA000B9F91800511A069A09B2104400B2584541
:10DCB00031DB059A90422EDC401A00B2002821DDAB
:10DCC000014620E0B9F81820B9F81410BAF8183055
:10DCD000501A401C00B200EBD070BAF8142001EBCF
:10DCE0006000991A491C0BB2009900B25B1A00E05F
:10DCF00011E00199591A01EBD173009901EB63010D
:10DD00001144D0E74142002C01DD224600E062428E
:10DD1000914200DA04466D1CBD42A1D3444501D1B5
:10DD2000002000E0604200B297E70000010004001C
:10DD30002DE9FF4F83B08B4682460DF014FC0600A0
:10DD400012D041F6FF784446002150460EF0C6F945
:10DD50000090002150460EF086F8019050460DF0DC
:10DD6000B8F9074600255FE0002007B0BDE8F08F56
:10DD7000DAF808003149006850F8250081460EF0B5
:10DD8000AAFBE8BB4FF4805148460EF09DFBB8B3A8
:10DD9000012E04D0022E08D0032E44D11AE0B9F986
:10DDA0001600BAF81620009932E0BAF81A20019944
:10DDB000B9F91A00511A069A09B2104400B258452E
:10DDC00031DB059A90422EDC401A00B2002821DD9A
:10DDD000014620E0B9F81A20B9F81610BAF81A303E
:10DDE000501A401C00B200EBD070BAF8162001EBBC
:10DDF0006000991A491C0BB2009900B25B1A00E04E
:10DE000011E00199591A01EBD173009901EB6301FB
:10DE10001144D0E74142002C01DD224600E062427D
:10DE2000914200DA04466D1CBD42A1D3444501D1A4
:10DE3000002000E0604200B297E70000010004000B
:10DE40002DE9FF4F83B00E46DDE910B417460021DF
:10DE500003980EF0C6FA0546002103980DF0A1FFC5
:10DE60000146F07882070BD5C30742F2D17202D087
:10DE7000954202D006E0914206D120F00200F070F7
:10DE8000C00701D07D4800E07D488146F078C0079A
:10DE900012D07B484FF0000AA4F802A0A4F804A016
:10DEA000C4F810A0A4F800A0C4F808A0C4F80CA0FE
:10DEB000804639460197ADE07048EBE70198B842DB
:10DEC00006D04FF4000128460EF0FEFA002873D168
:10DED0006C4928460EF0FFFA00286ED10021284632
:10DEE0000DF04EFF029070B32069401C2061A288A3
:10DEF00002EB0B01A180217DC90771D000EB8000EE
:10DF000080000BF009FC0090F0B1E16851B120698C
:10DF1000401E00EB8000820000980BF0C7FCE06818
:10DF20000BF046FC206900EB8001009800EB8100BB
:10DF30004FF0000140F8145CF078C007284604D088
:10DF400041F2020203E039E0FEE741F205020EF081
:10DF500027F9216900B201EB8102009901EB8201EE
:10DF600021F8100CF0784FF00001C007284602D0CD
:10DF700041F2030201E041F206020EF011F92169BB
:10DF800000B201EB8102009901EB820121F80E0C35
:10DF90002069029900EB8002009800EB820040F8B3
:10DFA000081C206900EB8002009800EB820040F81A
:10DFB00004AC0098E06013E032E020E028464946D7
:10DFC00088470146F078800705D5B4F90400421867
:10DFD0000698824224DCA28801EB0B001044A0804A
:10DFE0002846414688470146B4F90000814202DDD7
:10DFF0002846414688472080A068401CA060F078F1
:10E00000400702D54FF0FF3000E001200199411890
:10E01000019105D403980DF04AF8051E7FF44EAF28
:10E02000B4F90400002802DDA0EB0B00A0802069F9
:10E0300008B1069801E0B4F904006080CDB1019800
:10E04000B84216D1039901AA8968096851F820508D
:10E05000F078C0F38001039800F00EFE4DB1284621
:10E0600041468847208028464946884760800120ED
:10E07000A060019807B0BDE8F08F000037C4010828
:10E080004FB20108010006002DE9F04FB24D93B0E8
:10E09000044600212A880EF083F89DF81710421CD0
:10E0A00062F30001820862F34101C00860F382015B
:10E0B0008DF81710204600216A880EF071F88DF84F
:10E0C000140020460021AA880EF06AF88DF8150089
:10E0D00020460021EA880EF063F88DF81600002132
:10E0E00020460DF0E0FD012800D0002081469DF87B
:10E0F00017004FF00001C00720460CD00DF0D9FFEB
:10E1000082469DF817004FF00001C007204605D059
:10E110000DF0FDFE04E00DF0FAFEF1E70DF0C9FF91
:10E1200007909DF81700C007204602D00DF03DF87B
:10E1300001E00DF020F806902046002141F2320265
:10E140000EF02EF805462046002141F610020EF092
:10E1500027F8E18A2844461820460DF019FA301AAB
:10E16000ADF820002046002141F612020EF018F80A
:10E17000A18A2844451820460DF003FA281AADF864
:10E1800040009DF817009DF81660C00701D008AD4B
:10E1900000E010AD002120460EF023F9119000217F
:10E1A00020460DF0FEFD83469DF81700C10708D0FC
:10E1B000ABF51C52D13A02D1618C890509D5C10752
:10E1C00008D1119AA2F51C51D13903D1618C4905AE
:10E1D00000D40026B9F1000F08D0C00706D116B14F
:10E1E000012E02D002E0012600E000260027ADF853
:10E1F0003C70B8468EB39DF81700400703D5A06861
:10E200004268521E15E0002213E000200E9009A97A
:10E210000798CDE9000105A92046069BFFF710FEEF
:10E220000246BDF8241007EB0A00084407B208F1C3
:10E230000108A0684068904201DD002AE5DAB8F1E3
:10E24000000F02D0A7EB0A0007B29DF81700C00725
:10E25000204603D00CF08FFF02E00BE00CF0A5FF8E
:10E260000FA9CDE9005101460FFA88F33A4630462E
:10E2700013F090FC9DF81700410703D5A1684E6884
:10E28000761E00E00026B9F1000F04D0C00702D1CD
:10E2900028883844288009AFA0684068B04249DD2A
:10E2A000002E47DB01200E900798CDE9000732468B
:10E2B00005A92046069BFFF7C3FD8046B9F1000F74
:10E2C00008D09DF81700C00704D12888BDF8241095
:10E2D000401A2880DDE90601BDF9202002AB019239
:10E2E00083E88300BDF9400000904346324605A90B
:10E2F0002046F7F79FFC46460C980BF059FA002091
:10E300000C90B9F1000F03D09DF81700C0070AD098
:10E310002888BDF82410BDF83C20014402EB0A0017
:10E3200008442880B8E7BDF83C20298802EB0A00A1
:10E33000081AF6E7119942F2D170814201D0834563
:10E3400002D120460EF069FE00222B21204608F063
:10E3500049F913B0BDE8F08F080100202DE9F05F06
:10E360000546007E92468B46C0076BD14FF00108F0
:10E37000EC680026C1467CB9287EC0F3C000401E70
:10E3800030425FD1B9F1000F5CD02846594688472A
:10E390004FF000080446C1460EB9261E52D0B8F10F
:10E3A000000F06D021462846524690470446B04208
:10E3B00048D04FF00108002CDED020680DF03CFC66
:10E3C0000006D8D427683AE0012138460EF07CF8E0
:10E3D00080B32FB1012138460EF076F80028CAD15B
:10E3E000E868A0422ED070B1284600F04FFA0246ED
:10E3F000E8680F21006808F0F5F8012822D1E868E4
:10E4000000680EF02FFB2846EC6000F03FFA024651
:10E41000E8680E21006808F0E5F8012812D1E868E4
:10E4200000680EF01FFB296900290BD02846BDE8C3
:10E43000F05F0847FFE738460CF04AFF0746002F19
:10E44000C2D1CDE7BDE8F09F044AC1B25160116866
:10E45000C1F3C0110029FAD070470000001001403C
:10E460002DE9F34F8FB0054669460CF0B8FE2846FB
:10E470000DF0E1FF0B9028460CF0E9FE0A90002118
:10E4800028460DF098FD0790002128460DF0EEFD7E
:10E490000746002128460DF052FE0446002128467A
:10E4A0000DF012FD8346002128460DF010FE0646B1
:10E4B000002128460DF040FD06F0010106EBD67262
:10E4C00001EB620100F0010200EBD07002EB600092
:10E4D000491C401C09B200B20D2900DB0D218A46FF
:10E4E0000D2800DB0D2081460D2F00DB0D27B846DF
:10E4F0000D2C00DB0D2426465846BBF10D0F01DA2A
:10E50000074600E00D2700246BE0A86A00EBC40179
:10E5100008A803F0A6F8BDF920000799884213DC8B
:10E52000BDF900200D2900DB0D21511A00EB01007F
:10E53000ADF82000BDF92200B04233DCBDF9021075
:10E540000D2E07DA324606E0BDF80020A2EB0901E5
:10E550000844EDE70D22891A00EB01000B99ADF894
:10E560002200BDF92400A1EB0801891E4246884221
:10E570001EDBBDF90010B8F10D0F0144104600DBA1
:10E580000D2008440A99ADF82400BDF92600C91BE6
:10E59000891E88421DDBBDF902100D2F08440DDADB
:10E5A00039460CE0BDF80220A2EB0A010844D5E789
:10E5B000BDF80010014401EB0900E3E70D21084418
:10E5C000ADF82600002208A81099F4F703FA58B90C
:10E5D00005E0BDF80210014401EB0A00F0E7641CFD
:10E5E000A4B2288EA04290D8288EA04201D14FF626
:10E5F000FF7411B02046BDE8F08F10F0070000D185
:10E6000001207047B0F90C00032101EB400020F01D
:10E610000300103070472DE9F05F8946934682462B
:10E6200000210DF0BAFC0546002150460DF010FD0A
:10E630008046002150460DF074FD044600215046EE
:10E640000DF034FC064650460DF0F5FE411BA1EBE3
:10E65000080750460CF0FBFD001B801B874250460C
:10E6600005DA0DF0E8FE411BA1EB080003E00CF019
:10E67000EEFD001B801B00EBD07040F34F00BAF89A
:10E68000141042191144A9F80010BAF81610021912
:10E690001144A9F80210BBF1000F01D0ABF8000043
:10E6A000BDE8F09F024A002112880DF079BD0000FC
:10E6B00018010020034A10B5002112890DF070FDE9
:10E6C000C0B210BD18010020034A10B500215289C4
:10E6D0000DF066FDC0B210BD18010020032901D263
:10E6E000012300E00023C01A03EB430301EB830185
:10E6F000891EC1EB41110C23B1FBF3F111446422DB
:10E70000B0FBF2F2014401EB9001891A4FF4C87298
:10E71000B0FBF2F008440721B0FBF1F201FB12005C
:10E72000C0B270472DE9FC470F0023D00569686926
:10E7300028B10168B94202D14068BDE8FC87698A06
:10E7400000224FF0040CC1F308040CE0AE6802EBA9
:10E75000820356F823100CEB8303F35A791A8B4289
:10E760000AD2521C92B29442F0D818B1076069697B
:10E77000002048600020E0E702EB82041222A86833
:10E7800002EB84020026825C4FF00609022A0CD0BC
:10E790004FF00C0A6AB1DFF8A8C008234FF0100848
:10E7A000032A0FD0012A26D043E009EB8402805AC5
:10E7B00006E00AEB840209EB84038258C05A515CDC
:10E7C000461836E0ADF8041008EB8401CDF800C01F
:10E7D00003EB8408425A50F80810022301A8F5F709
:10E7E000FDFB30B3A96851F80820801A09EB8402B8
:10E7F0004010895A1CE0ADF8041008EB8401CDF8F4
:10E8000000C003EB8408425A50F80810022301A804
:10E81000F5F7E4FB68B1A96809EB840351F8082017
:10E82000801A0AEB840240108A58C95A32F8100044
:10E830000E18686910B107606869466030467CE769
:10E84000455C02082DE9F0410D46044600F03DF913
:10E85000071E19D0F88A00212D1A38460DF03DFD0B
:10E860000689002138460DF068FD00EBD07105EBFC
:10E870006101304409B200B291FBF0F0A18E80B288
:10E88000814201D8491E88B2BDE8F0812DE9F041EE
:10E89000002607463546304610E000BF09F033FB3E
:10E8A000216DB94209D1022802D0042803D003E027
:10E8B0002046BDE8F08126462546204609F0E8FAC4
:10E8C0000400EBD10EB13046F3E70DB12846F0E776
:10E8D000BDE8F041002009F0DBBA00007CB5036917
:10E8E000006900255B8AC4689E04A3682BD4980F36
:10E8F00017D00120B0EB937F31D101EB02402668A5
:10E90000019018480090A068042320F0404231464E
:10E9100001A8F5F763FB10B3801B801061680D56EA
:10E920001DE001EB02202668ADF804000E4823F03C
:10E93000404200900223314601A8F5F74FFB70B129
:10E94000801B4010EAE76068405C995C38B131B1E7
:10E95000637B2268401E10FB0320491E4556284653
:10E960007CBD0000D3060108E70601082DE9F84F39
:10E970000C460646002120460DF079F900EBD070D8
:10E9800045084FF44037394620460DF0FFFA8246DD
:10E99000394620460DF055FB0090394620460DF0D3
:10E9A000B9FB8346394620460DF079FA0146A08A24
:10E9B000228D0244531BA3EB0A0060F30F08E08A88
:10E9C000638D034400985C1B201A60F31F4805EB1D
:10E9D0000B00104460F30F096818184460F31F49D6
:10E9E000C6F80080C6F80490BDE8F88F2DE9FC5FFA
:10E9F00088461F461446824605464FF400310DF006
:10EA00003DF900EBD0704610A01B0FFA80F9A88EDC
:10EA1000AC8C10F0060F06D0C0F34100022804D0E1
:10EA2000012845D004E0288D00E0E88C204484B221
:10EA300004F15A0000B212F015F910FB09F0C513E9
:10EA400020B212F00FF910FB09F0C4134FF4403953
:10EA5000494650460DF0A1FA8346494650460DF00E
:10EA6000F7FA0190494650460DF05BFB009049468D
:10EA700050460DF01BFAB8F8001030444A19A2EBCA
:10EA80000B01891B3980B8F800104A1901993144EB
:10EA90001144B980B8F802100A190099511A891B5B
:10EAA0007980B8F8021021440844F880BDE8FC9F42
:10EAB000B5F93000B5F93210084400EBD070B5F963
:10EAC0002E1040108142B0DBADE7406A002802D032
:10EAD00000210CF0ECBA704700210CF0E8BA0000FD
:10EAE0002DE9F04105460F46698C00200426C1F34C
:10EAF000C503EA680FE000BF06EBC00414595FEAE3
:10EB0000C41C07D524F07F44BC4203D152F8300026
:10EB1000BDE8F081401C8342EED84FF0806000EBEE
:10EB200071204FEAF0506884C0F3C500C100104660
:10EB30000AF094FEE860C0B3688CC0F3C504641E9C
:10EB400016D06FF003025300E86802EBC40141588D
:10EB50005FEAC11C0CD489010AD403EBC40C00EB9E
:10EB6000C4018444641EDCE9000CC1E9000CEBD153
:10EB7000E868082100EBC4000AF076FF08200AF0DC
:10EB80009FFDE96841F8340010F089FBEA6806EB64
:10EB9000C400115841F080711150EA6867F3170101
:10EBA0001150E86850F83400B2E7FFE7FEE70000D4
:10EBB0002DE9FC410068C068C068B0FBF1F49442E4
:10EBC00000DD1446154F78680068806920B3002086
:10EBD000ADF80000ADF80400ADF8020025B2681EE3
:10EBE00006B2ADF8066078686946006882699047A9
:10EBF000BDF80600BDF80210401A401C00B2A04249
:10EC000002DD351EEBDC01E0002D02DC0020BDE85A
:10EC1000FC81BDF90640641C2046F8E7EC000020AA
:10EC2000491E01D5401E0C310C2901DB401C0C395A
:10EC300001290DD0072091FBF0F200FB121000EB30
:10EC4000D07121F00101401AC0F11F00C0B270471D
:10EC500081070CD16421B0FBF1F201FB120149B92B
:10EC60004FF4C871B0FBF1F201FB120010B10020AB
:10EC70001C30EBE70120FBE7136821B15B1E13603A
:10EC80000BD4806805E05B1C1360806841688B4290
:10EC900003DA006850F823007047002070472DE920
:10ECA000F84315460E46044609F0ECF809F02BF936
:10ECB00001280AD0032808D04FF6FF7005B128803C
:10ECC00006B130800020BDE8F88309F0DBF8694622
:10ECD00009F0EEF84FF0000875B320460CF051FC37
:10ECE000BDF80010084407B2002120460CF0F7FFE1
:10ECF00001280CD0A08A00213F1A20460DF077F998
:10ED0000381A02B24046A5F80080002110E0002128
:10ED100020460DF0C7F9218B081AC01BF1E7236BC1
:10ED200033F81030194409B28A4205DB401C2880B0
:10ED3000A38C80B29842F2D3FEB120460CF028FC9E
:10ED4000BDF802100844E18A451A002120460DF062
:10ED500019FA281A02B24046A6F80080002108E0FD
:10ED6000E36A33F81030194409B28A4205DB401CCB
:10ED70003080E38C80B29842F2D30120A3E72DE9E2
:10ED8000FF4F83B005461F460598F4F7FCFF0121AD
:10ED90008140B5F8208001F0FF096FEA080080B2D9
:10EDA000019095F822004FF0FF36C0F3800B00244D
:10EDB0004FF0040A22E0E96801EBC40042689201C6
:10EDC00049D5BBF1000F18D10AEBC4028958049A47
:10EDD000C1F30741090491420FD10068817911EA1A
:10EDE000090F0AD06A46059910F028FA28B1009850
:10EDF0003860012007B0BDE8F08F641C688CC0F358
:10EE0000C500A042D7D826E0E8680AEBC40200EBB0
:10EE1000C4018058C0F307421FFA80FB0498120413
:10EE2000824217D10868817911EA090F12D0019A3C
:10EE30001BEA020F0ED1B3450CDD6A46059910F0AE
:10EE4000FDF938B15846C345D1D05E4502DA0646D1
:10EE500000983860641C688CC0F3C500A042D3D809
:10EE6000002EC4DA0020C5E72DE9F047814642F3C1
:10EE70000006C0F15A001D460F46540800B2761C29
:10EE800011F0F0FEA7EB040800FB08F0C71148469C
:10EE900011F0E8FE00FB08F0C011002F06DD7F3FF7
:10EEA00039120A1B32442A80214405E07F37391287
:10EEB0000A1B21442A80891BA980002806DD7F388F
:10EEC0000012011B31446980204405E07F300012AC
:10EED000011B20446980801BE880BDE8F0870000AA
:10EEE000024A002192880DF05BB900001801002051
:10EEF0002DE9FF4F0746808C85B0484384B20798C0
:10EF0000A14600250289DDE915100844049010444B
:10EF10000FFA80FA57E0BB6A53F8241079B3D7F898
:10EF200030C00026401E3CF915B013E0A21953F87A
:10EF3000222092B11278D2070FD0AA194FF00208FE
:10EF400008EB42023CF80280761C08EB0B020FFA39
:10EF500082FBB6B272198242E8DB002001B1087868
:10EF600080070DD507981599B0F908000144169847
:10EF700008445146504500DC08460FFA80FA1EE06E
:10EF8000DDE913020244ABEB020000B2129ACDE9B4
:10EF9000002000230293DDE9072303A8491C11F098
:10EFA00025FFBDF90E10049808445146504500DC79
:10EFB00008460FFA80FAA01984B2A81985B2641C19
:10EFC0006D1CA4B2ADB2B88C00EB0901A142A2D86D
:10EFD00009B05046BDE8F08F034A10B50021D28930
:10EFE0000DF0DEF8C0B210BD18010020034A10B5C4
:10EFF0000021128A0DF0D4F8C0B210BD1801002013
:10F000002DE9FC410C46064600210DF06EF905463F
:10F010004FF4802130460DF068F9B5F90870B0F969
:10F020000850002130460DF096F9E91901EBD17135
:10F0300000EB610005B230460CF009F9F18A00EBF3
:10F04000D07001EB600005EBD571A0EB6100608032
:10F050002844E080694630460CF0C1F8BDF8000055
:10F060002080BDF80400A080BDE8FC812DE9FF41AF
:10F070000646FFF731FD040021D04FF480273946C2
:10F0800030460DF032F90546304641F25A423946D3
:10F090000DF086F806B2204609F0BCFC01460020BF
:10F0A00041F6FF72CDE90002029033462A4603A8DA
:10F0B00011F09CFEBDF90C0004B0BDE8F081002009
:10F0C000FAE739B1012909D0022905D0042907D06E
:10F0D000002070473C3070474830704754307047CC
:10F0E000603070472DE9F04104460D46668C0020E3
:10F0F0000423C6F3C501E2680BE000BF03EBC007C1
:10F10000D7595FEA871C03D527F07F47AF4202D06B
:10F11000401C8142F2D8814203D002EBC000BDE81E
:10F12000F0814FF0806000EB76204FEAF050608471
:10F13000C0F3C500C10010460AF090FBE060608C8F
:10F14000C0F3C500401E0DD06FF00702E16802EB6E
:10F15000C00601EBC0030E44401ED6E90016C3E909
:10F160000016F3D10821E0680AF07EFC08200AF0BE
:10F17000A7FAE168086010F092F8E168486840F08A
:10F1800000704860E16865F317004860E068C6E712
:10F1900038B50C480D46144690F820004FF0020197
:10F1A000C0074FF0120002D00EF05AFE01E00EF040
:10F1B0006FFE2246294604F00DF80090BDF80000CD
:10F1C00038BD0000048200202DE9F0474FF0000C0C
:10F1D000DDE90964089DDDF82CA0E1466F1E09BB3E
:10F1E000052A03D0062A01D0042A02D10023012DCA
:10F1F00001D0002109E001225FF000019C4436F8B3
:10F200001180491CC4440FFA8CFCA942F6D3ACEB24
:10F21000030109B2072A2AD2DFE802F004070B290A
:10F2200021160D00A4F8009021E0411A01EBD171E4
:10F2300012E0411A11E0411A09B23AB291FBF2F11F
:10F24000A4F800900BB212E0411A09B22AB291FB65
:10F25000F2F10BB203EBD3714910218007E0411AA0
:10F260000AB2691C09B292FBF1F10BB223800021B2
:10F270000BE000BF34F8112036F811C0624404EBF3
:10F28000410C1A44ACF80220491CB942F2D304EBF9
:10F29000450106EB450231F8021C32F8022C1144FC
:10F2A0002288891A0AB2BAF1000F0CD0002108E0B6
:10F2B00034F8113036F81170C31ADB1B24F8113002
:10F2C000491CA942F4D31046BDE8F08770B58AB056
:10F2D0000446FFF7E7F905462046FFF701FE002D3B
:10F2E0005FD000285DD069462046F6F74BF90C2127
:10F2F00007A80AF0B9FB2046002141F232020CF0C7
:10F300004FFF05462046002141F612020CF048FF4F
:10F3100046192046002141F610020CF041FF054439
:10F3200020460CF02EF9A18A3144081AADF82400C9
:10F3300020460CF02DF9E18A2944081AADF8260080
:10F34000002507E0006807AA694650F8250001F08B
:10F3500039F86D1CA0684168A942F3D800980AF0FA
:10F3600027FA01980AF024FA02980AF021FA039881
:10F370000AF01EFA002120460DF03AF80546002159
:10F3800020460CF015FD42F2D1718D4201D0884229
:10F3900002D120460DF041FE00222B21204607F02D
:10F3A00021F90AB070BD0021A0F13002092A01D86C
:10F3B000D1B216E0612801D32038C0B24138062806
:10F3C0000FD2DFE800F0030507090B0D0A2108E062
:10F3D0000B2106E00C2104E00D2102E00E2100E0EB
:10F3E0000F21084670472DE9F0470446406A4FF464
:10F3F000404102F0BAFB94F92E10A08D0122FFF7D4
:10F400006DF90546206B18B300264FF002084FF047
:10F410000309AF1D4FF4004A17E0206BA28D30F8AE
:10F42000261091420FD108EB8601415694F92E2007
:10F43000914208D109EB860140565246384481B2C8
:10F44000606A02F087FE761CB6B2A08EB042E4D8A5
:10F45000A08D218D884211D194F92E1094F92A00A3
:10F4600081420BD194F92B00AD1D284481B2606A12
:10F47000BDE8F0474FF4804202F06CBEBDE8F08773
:10F480002DE9F0410446406D0D4600282BD0A968B7
:10F49000022230F9217002EB8101465EA87B01282F
:10F4A0000AD1B4F90C00B84203D1B4F90E00B0424D
:10F4B00002D0201D00F088FC201D00F0E9FC00288F
:10F4C00011D127816681A87B012804F104000CD0AA
:10F4D00000F07AFC201D00F0DBFC002803D120891D
:10F4E000A0816089E081BDE8F08100F07DFBF1E75B
:10F4F00070B5254C0546042160680CF0E5FF002836
:10F5000028D0E96A6068814224D00BF09BFE064651
:10F51000E86A08B10BF096FE86421CD11EB1606805
:10F5200007F06EFC0FE0E86A40B10F21A26807F017
:10F5300059F8284600F0ACFC00280BD1D4E90102B0
:10F540000E2107F04FF8284600F0A2FC002801D158
:10F550006068E86270BD78B1EB6A53B1A26888B1A7
:10F560001021184607F03EF8284600F091FC0028CC
:10F57000F0D1002EE2D0D2E7E86A0028F9D00F21BE
:10F58000A268EFE70F21ECE7CC0000202DE9F0475F
:10F590000D460446897B40794FF0000801292AD0A6
:10F5A000010708D520F0080121F00101C4F84480CA
:10F5B000617184F80880277AA87B20726868E0600F
:10F5C000D4F850905FEA09007ED007F075FCB34E86
:10F5D0000028706078D0A87B08B1A5F80C80484658
:10F5E00007F06AFC706000286ED0A97B012905D065
:10F5F00000296AD00AE1000766D4DCE717B1012FC1
:10F6000030D003E111F0BCF8606469680A2909D0C0
:10F6100014291AD013291BD01B291DD0484607F0E6
:10F62000B5FCF3E070680DF063FA20B91021706842
:10F630000CF04AFF08B1012700E00027484607F018
:10F6400035FC8743D6D1012163E0A889401E01E043
:10F65000A889401CA881D9E01B21484607F096FCE8
:10F66000202156E06079C0073DD1606C11F082F82E
:10F670002168898B8842607933D940F0010060713C
:10F6800011F07EF8A06468680A2819D170680DF03E
:10F690002FFA20B9102170680CF016FFB0B148465F
:10F6A00007F011FC01280BD9484607F0FFFB80F05A
:10F6B0000101484607F075FC202170680BF00AF93B
:10F6C000607940F00100A0E087E02CE0D6E901027B
:10F6D000052106F087FF201D00F0DAFB00287CD111
:10F6E000EEE7C0071ED0A06C11F044F82168C98B6A
:10F6F000884217D911F044F8A06469680A2907D034
:10F700001429A2D01329A3D0484607F03FFC04E0F7
:10F710000621D6E9010206F065FF201D00F0B8FBC6
:10F7200000285AD172E0012F70D169680A2967D187
:10F730000DF0DEF920B9102170680CF0C5FE80B321
:10F74000484607F0B3FB002860794FEAC07052D0FA
:10F7500020B1484607F0B7FB012847D8D6E9010297
:10F76000082106F03FFF201D00F092FB00286AD11F
:10F77000D6E90102042106F035FF201D00F088FBC8
:10F78000002860D1D6E90102072106F02BFF201DD9
:10F7900000F07EFB002856D10A21484607F0F6FB10
:10F7A0002EE0FFE7D6E90102082106F01BFF201D2D
:10F7B00000F06EFB002846D16079C00704D1D6E97D
:10F7C0000102042106F00EFF201D00F061FB00285D
:10F7D00039D1D6E90102072100E034E006F002FF4A
:10F7E000201D00F055FB00282DD109E02021706874
:10F7F0000BF070F804E018B90121484607F0D1FB7E
:10F80000C4F84480607920F001006071C6F804807B
:10F81000A889002817D0484607F048FB0028B5F90A
:10F820000C001FD0002810DA4FF0000406E000BFE3
:10F830004FF01401484607F0A9FB641CB5F90C0011
:10F840004042A042F4DCBDE8F087FCDD002404E087
:10F850001321484607F09AFB641CB5F90C00A0423E
:10F86000F6DCF0E700280CDA4FF0000403E048462D
:10F8700007F00EFB641CB5F90C004042A042F6DC18
:10F88000E1E7E0DD002403E0484607F0B1FA641C3C
:10F89000B5F90C00A042F7DCD5E70000CC00002051
:10F8A00070B50446806A002870D194F83D00C00706
:10F8B0006CD14FF40046256A03E028460BF008FDA2
:10F8C0000546002D62D0314628460CF0FDFD00288B
:10F8D000F3D1B4F91000002801DD014600E04142F7
:10F8E0002B4A926813689B7E994209DAB4F9121088
:10F8F000002900DC4942994202DA00212187618710
:10F90000218F084400B22087618F638A0028194440
:10F9100009B2618701DD034600E043421668F67EC6
:10F92000B34206DC002901DD0B4600E04B42B34246
:10F930002CDD012384F83D30002801DD034600E082
:10F940004342002901DD0E4600E04E42B34209DD8C
:10F95000002894F83C0020F0F00001DD20300AE09F
:10F96000103008E094F83C00002920F0F00001DDA0
:10F97000803000E0403084F83C000C21284606F03E
:10F9800031FE2046BDE8704000F082BA70BD000034
:10F99000CC0000202DE9F0410E460446897B4079D9
:10F9A000002701291DD0010704D520F00900676454
:10F9B00060712772D4F850805FEA08007ED007F0AB
:10F9C0007BFA5B4D0028686078D0E2687168E1607E
:10F9D000217AB37B2372B37B012B05D0002B7AD025
:10F9E000A3E000076AD4E5E711B1012930D09CE01B
:10F9F00010F0C6FE606471680A2909D01B290DD079
:10FA0000092915D00B291BD0404607F0BFFA8CE01E
:10FA10000A21404607F0BAFA012104E01B214046C2
:10FA200007F0B4FA2021D5E9010206F0DBFD4AE037
:10FA30000021404607F0B5FA404607F0D9F942E008
:10FA40000021404607F0ADFA404607F021FA3AE0BF
:10FA500071680A2908D10221AA6806F0C3FD201D99
:10FA600000F016FA002861D16079C00714D1606CEB
:10FA700010F080FE2168898B884260790AD940F0B5
:10FA80000100607170680A284FD110F079FE0521DD
:10FA9000A064C8E7C00748D0A06C10F06BFE2168D6
:10FAA000C98B884241D910F06BFEA06471680A29A5
:10FAB0000FD00929BCD00B29C2D001E036E00AE002
:10FAC000404607F063FA201D00F0E2F900282DD12E
:10FAD0002BE00621A7E7012927D172600A2A1FD14E
:10FAE0000821AA6806F07EFD201D00F0D1F900284B
:10FAF0001CD16079C00709D1D5E90102042106F0C3
:10FB000071FD201D00F0C4F900280FD1D5E90102D4
:10FB1000072106F067FD201D00F0BAF9002805D185
:10FB20006764607920F0010060716F60BDE8F0816A
:10FB3000CC00002070B5044600680D4609880069B5
:10FB40002182698861820268117CC1F30111022956
:10FB500001D003290AD111882A88891A491E2980CF
:10FB600001686A884988891A491E69800168097C88
:10FB7000C1F30111012901D0032907D169882A881D
:10FB80006A8000684088401A401E2880206800690A
:10FB900003F026FF2068006903F068FFE06C78B18D
:10FBA000B4F90C20B5F900108A4205D1B4F90E2041
:10FBB000B5F902309A4203D0B5F902200DF03BFFAF
:10FBC00028882081688860812079012804F1040058
:10FBD00006D000F0F9F82089A0816089E08170BD2D
:10FBE00000F002F8F7E700002DE9F041754D0446FA
:10FBF000006A6860617809077DD4A96800260968F1
:10FC00000F6930B1A16A39BB4FF400510CF05CFCB4
:10FC100010BB384603F0FAFE211D08F04CFA68606C
:10FC200070B9384603F0FAFE211D08F044FA686006
:10FC300030B9384603F004FF211D08F03CFA686033
:10FC4000606A48B1268366832046F3F7A1FC20460C
:10FC500000F01EF900284ED1206A696888423CD025
:10FC6000A1882181E188618140B10321AA6806F061
:10FC7000B9FC204600F00CF900283CD168682062ED
:10FC8000606250B310F07CFD20646078012120F0A8
:10FC900001006070A682E68294F83C0020F0FF002C
:10FCA00084F83C0084F83D60268766872682668259
:10FCB000D5E9010206F096FC204600F0E9F800289C
:10FCC0007DD1A8684179090779D4001DFFF710FCA0
:10FCD000204600F0DDF8002871D1A0882189401A63
:10FCE00002B22282E0886189401A01B26182B4F9CD
:10FCF0001800431000E062E0B4F91A0003EB62025E
:10FD00004010228300EB61006083A069E0616868B5
:10FD1000002854D00221AA6806F064FC204600F0B6
:10FD2000B7F800284BD1A8684079000747D420468F
:10FD3000F3F7A2FB204600F0ABF800283FD12046A5
:10FD4000FFF7AEFD204600F0A3F8002837D1A06AE7
:10FD5000002834D16078C0071DD1206C10F00AFD56
:10FD6000AA681168898B88420FD90521686806F056
:10FD700039FC204600F08CF8002820D1607840F053
:10FD80000100607010F0FCFC6064A06A002816D1CD
:10FD90006078C00713D0606C10F0ECFCAA681168A2
:10FDA000C98B88420BD90621686806F01BFC2046E7
:10FDB00000F06EF8002802D110F0E2FC6064BDE8AB
:10FDC000F0810000CC0000202DE9F041044640788D
:10FDD0004FF00006010706D526626662266420F011
:10FDE0000800666460701A4D206A6860A76A18B3DC
:10FDF0000821AA6806F0F6FB204600F049F8002822
:10FE000024D1B7B96078C00709D1D5E9010204212E
:10FE100006F0E8FB204600F03BF8002816D1D5E9B3
:10FE20000102072106F0DEFB204600F031F8002831
:10FE30000CD1266226646664002F07D02046F3F7B3
:10FE4000A7FB2046BDE8F04100F022B8BDE8F081F4
:10FE5000CC0000204279910716D5002141628162D1
:10FE6000C162416481640183418390F8403022F093
:10FE7000030223F00F0380F840308183C183818720
:10FE8000C18742710148416070470000CC000020EA
:10FE90004078810702D5034A00215160C0F3400039
:10FEA00070470000CC0000202DE9F041044690F896
:10FEB0002A00C00738D0A08C0721B0FBF1F0E18CFC
:10FEC000B1FBF0F200FB121200EB40010A4492B2C7
:10FED000B2FBF0F300FB13200844E28420850021EC
:10FEE00020460CF002FA0546002120460CF033FAB9
:10FEF0000746B5F9085020460BF03DF90646204666
:10FF0000FEF7EAFD0246E18CE819414306EBD670A4
:10FF100005EBD573BDE8F0414010A0EB6300401A3B
:10FF200001B210460DF066BFBDE8F0812DE9F8433F
:10FF3000856A0446802128460CF0C6FA4D4FFE0C17
:10FF4000C8B128460BF00FFB01281DD0022828D08D
:10FF5000032837D06786E68628460BF0FDFA01288D
:10FF600047D0022850D003285AD02786A686208E54
:10FF7000002872D072E0334639463A4604F1300028
:10FF8000009601F0EAFBF2E7E88A0023401C01B288
:10FF900032462846FDF7CCFE6086E88A401E02B253
:10FFA00009E0B5F91A10002332462846FDF7C0FED5
:10FFB0006086B5F91A20002339462846FDF7B8FEB9
:10FFC000E086C9E7688BE98A0023401A401C00B22A
:10FFD00000EBD07001EB600808F1010001B232467D
:10FFE0002846FDF7A5FE6086A8F10100002302B2B5
:10FFF000E2E7B5F91410002332462846FDF710FE5B
:020000040801F1
:100000002086B5F9142009E0B5F91810002332460E
:100010002846FDF705FE2086B5F91820002315E0D7
:10002000288BA98A0023401A401C00B200EBD07034
:1000300001EB600808F1010001B232462846FDF7E5
:10004000EFFD2086A8F10100002302B239462846C0
:10005000FDF7E6FDA0868AE7FFE72786A08E00B9B8
:10006000A686608E00B96786E08E002800D1E686FD
:10007000BDE8F88301E0FFFF70B50D4C0646002097
:100080000D460A4620601D21304606F0ABFA206876
:1000900058B1017839B12946F0F75CF928B13046FA
:1000A00021680FF04DFF002070BD012070BD0000E1
:1000B000A80200202DE9F04188B01F4614460D46E5
:1000C00006460CF047FD002842D0A54240D04FF430
:1000D000B470854202D9A5F5B475ADB2844202D997
:1000E000A4F5B474A4B2B18C4A1995B221448CB26F
:1000F000854202D9A5F5B475ADB2844202D9A4F502
:10010000B474A4B207AA06A93046FEF784FA3946A9
:1001100030460BF0B3FD80463046394651220CF094
:100120003FF804A908B1012200E00022CDE9022134
:10013000CDE90048BDF81C00BDF91A1082B2BDF926
:1001400018002B4603F0D7FC04A930460CF0BEFC87
:1001500008B0BDE8F0811FB5044603AA02A9FEF766
:100160005AFA6B46BDF90C2002A92046FEF73EFC68
:10017000694620460CF0AAFC1FBDF0B50546A1F566
:100180007F408BB00E46FF3858D0288EB04255D9EC
:10019000A86A00EBC601684601F063FA03A9284685
:1001A0000BF01DF8002128460BF091FF07460021B7
:1001B00028460BF0C1FE044628460BF017F803F062
:1001C000FDFB0A2190FBF1F2BA4201DB90FBF1F753
:1001D00090FBF1F33AB2A34201DB90FBF1F4BDF8DE
:1001E0000C30BDF80000991A0844ADF80000BDF8C5
:1001F0000E10BDF802000F1B3844BDF8047000B2A9
:100200003B441A44ADF80420BDF80620ADF80200C6
:100210001144214409B2ADF80610AA8EB24209D1A8
:10022000EA6A32F81620920504D5091A491C401AC8
:10023000ADF80200694628460CF048FC0BB0F0BD52
:100240001CB5044601466846FEF790FB6946204609
:100250000CF03CFC1CBD2DE9FC470446B0F88200C4
:100260000D46A8427CD920460AF09FFFB4F88410BE
:10027000484340F30F2620460BF0B0F8074694F8A9
:100280008800010705D500F00700012806D00228E4
:100290006ED02046BDE8FC470CF0E4BB00212046B0
:1002A0000BF04AFD8046002120460BF068FEA28A32
:1002B00040441044C01B0FFA80F920464FF4A0219F
:1002C00040F649020BF06CFF0FFA80F84FF4003152
:1002D00020460CF094F80746A08AADF80000E28AA8
:1002E000ADF80220208BADF8040008EB0700618B0D
:1002F000121A0844ADF80220ADF80600B4F88200E6
:10030000401EA84217DD06FB05F191FBF0F24A44BE
:10031000A2EB0801C91BADF80010691C714391FBE9
:10032000F0F1494401EB08003844ADF80400694697
:1003300020460CF0CBFB002D41D0681E06FB00F1DF
:10034000B4F88200401E91FBF0F24A44A2EB08018F
:10035000C91BADF800106E4396FBF0F1494401E073
:100360002DE005E001EB08003844ADF8040022E080
:10037000002120460BF0D9FDB4F8841048434FEA21
:100380002028B4F8820006EB080191FBF0F67543D3
:10039000002120460BF0F3FDA18A28444518694648
:1003A00020460AF01CFFE81B8119A0EB0800ADF8FD
:1003B0000410ADF80000694620460CF087FBBDE84C
:1003C000FC8700002DE9F74F0D4682B00446B14985
:1003D0000CF081F800287DD12046FEF775F98246A1
:1003E0002046FEF703FE5FEA000973D0BAF1000F62
:1003F00070D02046FEF75EF907462046FEF7ECFD7A
:10040000DFF894B2064620460021BBF80C200BF022
:10041000C7FE00F0FF0820460021BBF812200BF0B9
:10042000BFFEC0B201902B6807EB0A006FF001021B
:10043000D5F808C033F8171002EB40001B5A3CF8FF
:1004400000001844401A00B200906B6806EB0900E7
:1004500002EB400033F816101A5AEB68185A104491
:10046000401A0FFA80FB002120460BF023FC0128E4
:100470000AD1B8F1000F03D0B8F1020F02D003E0A7
:10048000022000E000208046208BA18A401A401CF8
:100490000FFA80FA608BE18A401A401C0FFA80F94B
:1004A0004046B8F1010F1BD0022824D02868B8F1CB
:1004B000030F30F9170028D18046608CDDF800A0CA
:1004C00040F480606084019801287DD0022879D0B2
:1004D000032800E0DAE0686830F9167073D119E09B
:1004E00029680098A0EB0A0031F8171000EBD070D3
:1004F00001EB600008E020460BF09DFF296831F811
:10050000172000991144081A00B28046608C20F42C
:100510008060D7E7608CD94640F400706084204644
:100520000BF089FF504504D120460AF090FE484563
:1005300027D0A08AADF80000E08AADF80200208B39
:10054000ADF80400608BADF8060020460CF08AFA86
:1005500004F114005146054601F00BF949462846BE
:1005600001F002F920460CF07DFA6A462921204666
:1005700006F038F820460AF0ABFE2246222106F0AB
:1005800031F82046002143F20C020BF009FE06B2BE
:100590002046002143F20D020BF002FE05B2204678
:1005A0000BF049FF814620460AF051FE0146C6F392
:1005B000413064224FF4FA634FF47A7C01281BD057
:1005C00027E001E00AE013E06968ABEB090000EB0B
:1005D000D07031F8161001EB600008E020460AF0F8
:1005E00036FE696831F8162002EB0B01081A07B2D3
:1005F000608C20F4007091E726F4C040984208DC3B
:10060000604501DDC0F57A7000FB09F090FBF2F067
:1006100006B2C5F3413001280BD125F4C040984201
:1006200007DC604501DDC0F57A70484390FBF2F0CD
:1006300005B2049A08EB0600791912891044A28ABF
:10064000801A05B2049840890844E18A401A06B22B
:1006500055EA06001AD020460CF004FAA08A284475
:10066000A082208B28442083E08A3044E082608B83
:100670003044608320460CF0F5F905B03246294637
:100680002046BDE8F04F01230CF09CBA05B0BDE850
:10069000F08F000001000600180100202DE9F04154
:1006A000064615460F46002005E039462046B0476D
:1006B00001280AD0204611F0ABF9040002D060688E
:1006C0008000F2D10020BDE8F08105B12C6001204E
:1006D000F9E703880A88934201D0981A7047408846
:1006E0004988401A704703780A78934201D0981AD3
:1006F000704740784978401A704700002DE9F04172
:100700004268096822F040428A4227D10446FDF738
:1007100079FFDFF84C800546D8F80820131BA2EBC0
:1007200005005E1BC8F8080015D02746611932463F
:10073000384609F0BBF806E0A068401BA0602046E0
:10074000FDF760FF0444D8F808008442F4D1B819DA
:10075000294609F089F90120BDE8F0810020FBE776
:10076000F400002070B5054605F0F9FE0446284661
:1007700005F033FF06460AF0ABFD05462A2C01D0F2
:10078000292C0BD10021304608F016FD284611F027
:100790008FFF2846BDE8704012F096BE70BD000085
:1007A00070B505460AF095FC0646002406E0A868E8
:1007B000006850F82400FFF7F3FF641CB442F6D33E
:1007C000688CC1071ED020F00100688428460CF018
:1007D00024FC28460CF041FB002E13D000212846B3
:1007E0000BF0FBFA00280DD007494968884209D868
:1007F0000649096801EBC00050E902212846BDE81E
:100800007040104770BD0000E00000203C02002056
:100810002DE9F0478046089D1F46E86900FB01F37B
:100820009B12002807DD934207DD00BF95F82800E2
:1008300080070DD489E09342F8DBCB1943439B1228
:10084000002808DD934237DA95F8280080077CD429
:100850000120BDE8F0879342F6DCA869521C5043A2
:1008600040F395000312C0B2FF22002826D06E6A22
:10087000C0F1FF0404FB06F4A2EB2426A3EB010461
:10088000A14636D0002C15DBBC4213DAC0F1FF00C4
:10089000C6F1FF014843A2EB6020C1B295F82800E1
:1008A000800701D5C1F1FF0118F8040010F086FFA0
:1008B00008F80400641C1CE0A869D0E74FF0FF06AC
:1008C000DCE7002C10DBBC420EDAA6EB6000C1B204
:1008D00095F82800800701D5C1F1FF0118F8040040
:1008E00010F06CFF08F80400686A641C361ABC42F9
:1008F00002DA686AB042E4DBBC4218DA002C16DB8C
:10090000A869704380127043C0F34721E86900284A
:1009100001DAC1F1FF0195F82800800701D5C1F186
:10092000FF0118F8040010F049FF08F8040095F8DA
:100930002800800707D54946B94506DC00290DDBAC
:10094000404609E001E0641C01D5002081E7BC427B
:1009500004DC391B08EB040009F086F8022078E774
:100960002DE9F05F06460A9F8A461D46B86900FBDE
:1009700002F18C12002800DD641C97F828305445E1
:1009800002DA980707D4D5E08C120AEB050CA445CF
:1009900002DA98077ED483E0521C424341F395016A
:1009A00042F395044FEA2129221204F0FF08C9B24C
:1009B000A9EB0A04914505D0002803DA11B9FF21FB
:1009C0009146641E914528D1002C0CDBAC420ADA1A
:1009D00001EB08004108980701D5C1F1FF01305D26
:1009E00010F0ECFE305597F82800641C800706D5FF
:1009F000A9EB0A01A9424DDA8EE030460AE0AC428A
:100A000000DD2C46002C45D006DD00BFA5EB04011F
:100A100006EB040009F028F889E04FF0FF0B0028EE
:100A200044DAF869404248434FEAA028002C0DDB25
:100A3000AC420BDA08FB01F0C0F34721980701D55F
:100A4000C1F1FF01305D10F0B9FE3055B969A8F170
:100A5000FF0041438812641E11D4AC420FDAC8F182
:100A6000FF014143ABEB6120C1B297F8280080073A
:100A700001D5C1F1FF01305D10F0A0FE305597F8AF
:100A80002800A41C800709D5A9EB0A01491EA94228
:100A90004DDC00E04EE00029AFDC48E0AC4202DD76
:100AA0000120BDE8F09F002CB0DA40E0C1F1FF006A
:100AB000F96941434FEAA128002C0EDBAC420CDA65
:100AC00000FB08F0ABEB6020C1B2980701D5C1F183
:100AD000FF01305D10F072FE3055B969C8F1FF00BA
:100AE00041438912641C0ED4AC420CDA4843C0F373
:100AF000472197F82800800701D5C1F1FF01305D3B
:100B000010F05CFE305597F82800641C800707D56C
:100B1000A9EB0A01A9420DDC0029BFF66EAF06E081
:100B2000AC4200DD2C46002C04D03FF76FAF4FF0F5
:100B30000200B6E74FF00000B3E77CB5446A07F067
:100B4000A1F9054607F0DFF904280CD1E18E204613
:100B500021870AF077FB064606F0A8F918B10021B4
:100B6000304606F01EFA284607F0CDF9012804D0D9
:100B7000284607F0C8F903280AD101A9284607F03A
:100B800097F9BDF906102046FDF75CFEE086208748
:100B9000204605F0C2F9A06A10B920460BF062FFAA
:100BA000E08E00906A461C21204605F01BFD7CBDAE
:100BB0002DE9F0410746884600261248F2F773FEF9
:100BC000044619E021460F48F2F77FFE05462068EB
:100BD000B84200D07FB96168414502D0B8F1000F3A
:100BE00009D121460748F2F7C8FE204608F0F2FD79
:100BF000F4F75AFA01262C46002CE3D13046BDE822
:100C0000F08100005882002070B505460C46094866
:100C1000F2F749FE0BE00168A94204D14168A14204
:100C200007D0002C05D001460248F2F74EFE0028FE
:100C3000F1D170BD5882002010B50446402108F063
:100C400013FF4FF4FA70A0620020E061642060623C
:100C50000120A0870448A06194F83E0040F0010004
:100C600084F83E0010BD0000D30C010838B50446DE
:100C70004FF480650095D4E90A200023194608F056
:100C80000DFD4FF46E7332220021009500F016FF27
:100C9000E269616A891A414302EBA12038BD38B587
:100CA00004464FF480650095D4E90A2000231946D4
:100CB00008F0F4FC40F2B6334FF461720021009565
:100CC00000F0FCFEE269616A891A414302EBA1204F
:100CD00038BD38B504464FF480600090D4E90A204E
:100CE0000023194608F0DAFCE269616A891A414377
:100CF00002EBA12038BDD0E90A128A4201DB406A2A
:100D00007047C06970478B1A002B00DC531A4FF4F0
:100D10007A714B43B3FBF0F0002800D101207047FB
:100D200070B54168054611B12868FFF741FF1948C1
:100D3000F2F71AFE184E10B10FF022FD7060154840
:100D4000F2F7D6FD040024D04022294608F0AEFD7B
:100D50002868A84200D12460717894F83E0061F3BD
:100D6000820084F83E00C0070FD0216939B12046C7
:100D70008847E1690144E161616A08446062626830
:100D80001AB1206808B1E1699047F4F78DF920465F
:100D900070BDFEE7588200203002002010B5002010
:100DA0000C468884872161852D22A285E184490033
:100DB0002185A18E21F00601A1864FF40041E18535
:100DC000A18E2086642041F00801608688B220F060
:100DD0000100A0861001E0860FF0D2FCA063208DF8
:100DE000A0870221204609F077F94FF44071204690
:100DF00009F036FD2046BDE810400D210CF035BD50
:100E00002DE9F04FAFB0044605F0E7FB074620465A
:100E100005F0ABFB2A9028AA2CA93846FDF7FBFB6E
:100E200006A82A9909F082FFBDF9A000DFF88881A1
:100E30000DF1B00A0DF1080B00282DDD584602F027
:100E40003BFE02AA002138460BF07EFB0020CDF8C5
:100E50003CA01390CDE90780BDF8A000ADF8540088
:100E600006AA1A213846CDF838B005F0BBFBB98D7B
:100E7000B88C7A8D0144104489B280B2CDE900016A
:100E8000BDF854302CAA02A92A9802F005FE06AA41
:100E90001B21384605F0A6FB4FF400394946384679
:100EA0000BF07BF80646494638460BF0D1F805466C
:100EB000494638460BF035F90446494638460AF0AB
:100EC000F5FFAE4201DD314600E02946844201DDF6
:100ED000224600E00246914205DDAE4201DD304689
:100EE00004E0284602E0844200DD2046BDF8A01060
:100EF000081A04B2002C34DD02A802F0DDFD02AABB
:100F00004D46494638460BF01FFB0120CDF83CA06A
:100F10001395CDE90780ADF8544006AA1A2138464A
:100F2000CDF838B005F05EFBBDF90A10BDF95400EC
:100F3000814201DDADF80A00398DB88CFA8C01448C
:100F4000104489B280B2CDE90001BDF854302CAA1A
:100F500002A92A9802F0A0FD06AA1B21384605F036
:100F600041FB2DABBDF9A0202CA93846FDF73EFD75
:100F700018A803F0EBFF4FF4403418AA2146384676
:100F80000BF015FC02201394CDE907802DA80990E1
:100F900018A80A9006AA1A21384605F023FB2DAAA4
:100FA00018A92A9803F0BEFF06AA1B21384605F0AF
:100FB00019FB2FB0BDE8F08FA8E602082DE9F04735
:100FC00086B08A46F7480AF05CF801287ED1504680
:100FD00005F0C5FA0646504605F0FFFA05465046AC
:100FE00005F0FBFA0446022E11D0082E6FD0032E16
:100FF000FCD00D2E6CD0112E6BD0132E6AD0152E76
:1010000064D106B05046BDE8F047FFF7F9BE06F0E0
:1010100039FF06005AD006F076FF012856D101A903
:10102000304606F045FF03AA02A92846FDF7F3FA69
:10103000BDF80400BDF80810401AADF80400BDF872
:101040000600BDF80A10401AADF8060094F8340006
:10105000C00744D14FF4003128460AF00FFE06467F
:10106000BDF80C004FF48031801BADF80C00284611
:101070000BF02AFA10B1BDF80C0008E0BDF90C0025
:10108000C11700EB9171B6EBA10F00DA8E10801B37
:10109000ADF80C0000B2012802DA0120ADF80C0016
:1010A000BDF8040010FB00F1BDF8060010FB0010B5
:1010B000BDF80C1011FB01F1884206DDA08E40F056
:1010C0000100A0860FF05CFBA06304E086E099E0DD
:1010D000B2E0D5E015E194F83400C0077ED0BDF948
:1010E000041019B9BDF80600002877D0B4F92C60B7
:1010F000628DB0B2904202D200F5B47006B2BDF972
:10110000060000F03BFBA18C628D401A801A00B2F1
:10111000002802DA00F5B47000B2B11AA38F09B248
:101120009A1A0FFA82F8A0EB080212B202F58C723A
:10113000B2F50C7F07D994F83400000701D50020E0
:101140000DE008460BE001EBD171B0EB610FA18E11
:1011500002DA41F0080101E021F00801A186A0EBCC
:10116000080007B2A06B0FF005FBE18E41434FF47E
:101170007A70B1FBF0F000B2874201DD074603E070
:101180004042874200DA07B2618DB4F93220B4F9E7
:10119000303008EB0700A6EB010CD71A4FEACC0C55
:1011A0009CFBF7F73F1D00EB2710B4F92E700844A5
:1011B000009200B2324608F071FA06B2B5F92E007C
:1011C000B04211D00FF0DCFAA0633146284600F09F
:1011D000F5F9BE4208D000221C2100E00FE02846AD
:1011E00005F000FA01280AD1B4F93000B04203D06A
:1011F000B4F93200B04202D10FF0C2FAA06306B0D7
:10120000BDE8F087A08E20F00100A08628460AF0F5
:1012100019F8054605F04AFE044606F033FE06F0CE
:1012200072FE0428EBD1002CE9D006B02846BDE8B8
:10123000F047002105F0B5BE504605F0CCF9007826
:10124000B4F92E60132806D0112804D0142805D034
:10125000122803D008E0E88D401C01E0E88D401E14
:1012600001B2284600F0AAF9B4F92E00B042C6D067
:1012700006B02846BDE8F04700221C2105F0B2B9AF
:10128000504605F0A8F9044604AA03A92846FDF72C
:10129000C2F9A868002608B1B0F9146000212846F8
:1012A0000AF0ECFC0546BDF810103044081ABDF8F1
:1012B0000E20ADF81000111809B20091BDF80C1005
:1012C000121A0B18081A01B21BB212B201A800F0D0
:1012D00044FA47F6FF773A4601A82168F1F77AFB0E
:1012E00008B100200BE005EB460002B2114601A850
:1012F00000F019FA3A4601A82168F1F76BFB20715A
:101300007DE7002128460AF048FE074600212846CE
:101310000AF09EFE0646002128460AF002FF044617
:10132000002128460AF0C2FDB74201DD394600E03F
:101330003146844201DD224600E00246914205DD4D
:10134000B74201DD384604E0304602E0844200DD69
:10135000204680464FF44039494628460AF01DFE93
:101360000446494628460AF073FE07464946284681
:101370000AF0D7FE0646494628460AF097FDBC42C9
:1013800001DD214600E03946864201DD324600E0BB
:101390000246914208DDBC4201DD204607E03846A6
:1013A00005E00000A8E60208864200DD3046801C09
:1013B00004B2504605F00FF9B0F90010A4EB080292
:1013C000914200DC1146018019E770B50C460546D4
:1013D000114600F07EF821462846BDE8704000F036
:1013E000B4B870B50C460546114600F006F8214623
:1013F0002846BDE8704000F036B870B54FF4B473BD
:1014000005460C46994202D9A1F5B474A4B2A88D40
:10141000698D421A611A12B209B2002A02DA02F583
:10142000B47212B2002902DA01F5B47109B28E1A4F
:10143000B4369E4203D928460BF014FB0DE09142CE
:1014400003DA00230246214604E08A4205DA00233B
:10145000224601462846FEF72DFE2846AC85BDE80B
:10146000704014F015BF70B54FF4B47305460C46C8
:10147000994202D9A1F5B474A4B2A98D688D0A1A53
:10148000091B12B209B2002A02DA02F5B47212B2D2
:10149000002902DA01F5B47109B28E1AB4369E42FF
:1014A00003D928460BF0DEFA0DE0914203DA00235F
:1014B0002246014604E08A4205DA0023024621461C
:1014C0002846FEF7F7FD28466C85BDE8704014F00D
:1014D000DFBE70B54FF4B47305460C46994202D98D
:1014E000A1F5B474A4B2288DE98C421A611A12B223
:1014F00009B2002A02DA02F5B47212B2002902DA45
:1015000001F5B47109B28E1AB4369E4203D9284649
:101510000BF0A8FA0DE04FF40033914202DA0246D4
:10152000214603E08A4204DA224601462846FEF7B5
:10153000C1FD2846FEF70FFE28462C85BDE8704009
:10154000FEF709BE81840BF08DBA70B54FF4B47309
:1015500005460C46994202D9A1F5B474A4B2298D6E
:10156000E88C0A1A091B12B209B2002A02DA02F543
:10157000B47212B2002902DA01F5B47109B28E1AFE
:10158000B4369E4203D928460BF06CFA0DE04FF4B6
:101590000033914202DA2246014603E08A4204DA2D
:1015A000024621462846FEF785FD2846FEF7D3FD74
:1015B0002846EC84BDE87040FEF7CDBDB0F92E3072
:1015C0008B420ED0B0F932208A4200DA1146B0F9CF
:1015D00030208A4200DD11468B4202D0C18514F0D2
:1015E00057BE70470A8802804A8842808A88828073
:1015F000C988C18070470A8802804A8842808A88E8
:101600008280C988C18070470A8802804A884280E7
:101610008A888280C988C18070470A8802804A8887
:1016200042808A888280C988C18070470A88028087
:101630004A8842808A888280C988C18070470A8827
:1016400002804A8842808A888280C988C180704727
:101650000A8802804A8842808A888280C988C1803C
:1016600070470A8802804A8842808A888280C988B6
:10167000C18070470A8802804A8842808A888280B6
:10168000C988C18070470A8802804A8842808A8857
:101690008280C988C18070470A8802804A88428057
:1016A0008A888280C988C1807047C1884088081AAA
:1016B000401C00B27047C1884088081A401C00B224
:1016C0007047C1884088081A401C00B27047B0F9C2
:1016D0000410B0F90020891AB0F90620B0F9020010
:1016E000101A401C491C4843704781880088081A1A
:1016F000401C00B2704781880088081A401C00B264
:10170000704781880088081A401C00B270478188A1
:101710000088081A401C00B2704781880088081AA7
:10172000401C00B2704703885B1A03808388194409
:1017300081804188891A4180C1881144C1807047E5
:1017400003880B44038083881944818041881144B5
:101750004180C1881144C180704710B5029C01804E
:1017600042808380C48010BD4288491E1144C180DC
:1017700070470288491E114481807047002200286A
:1017800001DA01224042002901DA4942921C8842D2
:1017900007D9C1EB011101EB4101B1FBF0F31032AC
:1017A00005E0C0EB001000EB4000B0FBF1F30020BF
:1017B000D9B216290BD92C2900D80120292900D803
:1017C000401C252900D8401C20290BD90BE00229F8
:1017D00000D30120062900D3401C0A2900D3401C55
:1017E0000F2900D3401C1844D10601D5C0F15A007E
:1017F00091074FEAC27105D509B1B43005E0C0F1D7
:10180000B40002E009B1C0F5B47080B27047C160A5
:1018100000680BF027B900684FF0FF320168C26022
:1018200001F13C02904202D182684A6205E001F176
:101830004C02904201D182680A6300680BF012B931
:1018400010B50C4600206421C4E90A0120636062DF
:10185000A0862087E086608784F85C0004F13C0164
:10186000204600F0A6F804F14C01204600F0A1F853
:101870000821204608F0F4FF1021204608F0F0FF70
:1018800020460022BDE81040114600F0BEB810B559
:101890000C46002104F13C00FFF78AF904F14C00EA
:1018A000BDE810400021FFF783B900002DE9F041A9
:1018B0000D46314809F0E5FB012854D1284604F0D3
:1018C0004EFE0446284604F088FE8046132C0AD0BB
:1018D000012C4AD0082C48D0152C44D12846BDE80C
:1018E000F041F6F791BE4FF4003108F089FE04464E
:1018F000284604F070FE0546B0F90000A04200DD65
:1019000004462C80002140460AF04EFB0746002189
:1019100040460AF0A4FB0646002140460AF008FCB7
:101920000446002140460AF0C8FAB74201DA3946B7
:1019300000E03146844201DA224600E0024691424C
:1019400005DAB74201DA384604E0304602E0844264
:1019500000DA2046002806DAB5F90010404281423C
:1019600000DC01462980BDE8F08108F134014046E1
:10197000BDE8F0410BF0AAB8C4E6020890F85C009C
:1019800000F00300704790F85C1001F00301022999
:1019900001D0806A7047816D491C01D0406D70474D
:1019A000006B7047816C491C01D0406C7047406AE5
:1019B00070470860002048608860401EC86070471B
:1019C00038B5134690F85C2002F00302022A1BD1BE
:1019D000D0E90A428A4201DD0D4600E01546AC42DC
:1019E00001DD214602E08A4200DC1146426A8A4259
:1019F00000DA1146026B8A4206D0009300F14C03D4
:101A000000F1300200F022F838BDF8B5456A1346FF
:101A10008D421AD0D0E90A428A4201DD0E4600E02A
:101A20001646B44201DD214602E08A4200DC11463E
:101A3000026B8A4200DD11468D4206D0009300F110
:101A40003C0300F1240200F001F8F8BD30B591B07C
:101A5000054614981C4618B3E068401C27D0A068BF
:101A6000C4E90101116000211846FFF7A1F868469A
:101A7000FFF7E2F80F484FF48071CDE900400020F5
:101A8000CDE9080107900C48039028460021652203
:101A90000AF086FB0A906846FFF742F911B030BDA4
:101AA000116011B02846BDE830400AF0DBBF106875
:101AB000D6E700000F18010817180108F0B5C0F5A7
:101AC000806404FB04F5AD0A05FB04F64FEA962C8E
:101AD00000FB00F6B60A06FB00F745435543BF0A74
:101AE0000CFB01FC74434FEA9C2105EB45005C4371
:101AF000DDF814E004EB440201EB105007FB0EF795
:101B000000EB125000EB9720F0BD10B50C461021F1
:101B1000204608F0A5FE2046BDE810404FF4806145
:101B200008F0DABA10B50146034808F0F1FD0446A2
:101B300008F05CFE204610BDE0E6020870B50446E1
:101B4000008E154688420FD9E06A30F81120AA436A
:101B500020F811202046FEF710FBA80504D52046EA
:101B6000BDE870400BF0B0BB70BD70B50E460546C9
:101B7000002406E0324621462846FFF7DFFF641CBA
:101B8000A4B2288EA042F5D870BD000008460021FE
:101B9000018641864FF6FF7282868162C162416290
:101BA00080F83610014900F015BB00008C020020BF
:101BB00010B50146034808F0ABFD044608F016FED8
:101BC000204610BDFCE6020810B50C46886A07F0F6
:101BD00001FEE06A07F0FEFD0020A062E06210BD99
:101BE0002DE9FC478846FE4809F04BFA012827D129
:101BF000404604F0B4FC0646404604F0EEFC0027E4
:101C00000446132E1ED02A2E4BD0292E49D04FF633
:101C1000FF75012E49D0022E7CD0082E7BD0062ED7
:101C20007AD0032E79D00E2E78D00F2E77D0102EAA
:101C3000FCD00D2E74D0152E02D14046F7F752FD80
:101C4000BDE8FC87404604F0C6FC8146608EA04695
:101C500020B30025D8F8246014E000BFD8F82C0089
:101C600030F81500C0F3402050B1608E28B12046F6
:101C700009F081FA618E90FBF1F0A9F80000DFE72E
:101C80006D1CADB256F8250040B1D6A1EEF762FB4F
:101C900020B156F8250000780028DFD1A9F800709F
:101CA000CEE7616A00F096FACAE7404604F093FC7A
:101CB00006462046A18EFEF760FA06F0E3F806F02D
:101CC00022F9012801D0032817D16946304606F0D1
:101CD000EFF869462046FCF7C3FBA8420DD0E16A45
:101CE00031F81010C1F340123AB9C1F3C00121B963
:101CF000A08601462046FEF740FAA18EA9429FD059
:101D0000E06A30F81100C0F30022002A98D1C0F335
:101D100040229EE00CE053E093E0A2E0A3E0E1E08B
:101D2000E7E000BFC0F3C000002889D1019141E085
:101D3000404604F050FC074606F0A4F8064606F0BC
:101D4000E2F804289BD0022899D06946304606F074
:101D5000AFF869462046FCF783FB0646A18E204675
:101D6000B1428CD0A94201D0FEF707FAA6863846C8
:101D700006F076F9AE4293D0E06A30F81600C0F370
:101D8000401100298CD1C0F3C000002888D1314611
:101D90002046FEF7F2F9E06A30F81610C1F3002190
:101DA0000029B3D1A18E30F81100C0F340200028E3
:101DB000ACD1019601AA1C21204604F013FC3FE798
:101DC000A18EA94238D0E26A32F81100C0F3801324
:101DD000B3B1C0F340139BB9C0F3C0131BB194F867
:101DE0003630DB0714D040F0800000BF22F811002D
:101DF00094F83600C00703D02046A18E0FF044FAB5
:101E0000A18EE26A32F81100C0F3002232B902E07A
:101E100020F08000EAE7C0F340226AB1C0F340122C
:101E200052B9C0F3C00038B9019101AA1C21204663
:101E300004F0D8FB0128C2D12046A18EFEF79DF9FF
:101E4000FEE6A18EA942BAD0E06A30F81100C0F3D4
:101E50000012002AB3D1C0F34012002A3FF462AF4F
:101E6000EEE6A18E41E0404604F0B5FB074606F0E1
:101E70004AF806462FB9002006F00AF806F043F8A3
:101E80000646204609F0DEF905F010F8A18EA942B9
:101E900095D1022E02D0042E29D140B394F83610E9
:101EA0000020E26AC90701D110E0401C32F810108E
:101EB000C1F3C003002BF8D1C1F34013002BF4D1C0
:101EC000C1F3C0110029F0D00AE0401C32F8101014
:101ED000C1F3C003002BF8D1C1F340110029F4D1A4
:101EE000A086ADE6A18EA94201D0FEF746F9A586EF
:101EF000A6E6A18EFEF741F9404604F06CFB00789F
:101F0000132813D0142831D004264FF002091228C8
:101F10004AD0112890D1002120460AF00DF8A28E57
:101F20008446AA425BD1A786E26A9AE0A08EA842C4
:101F300001D1A78601E0401CA086A18E208E81429F
:101F400000D3A786E26AA18E32F81100C0F3C00365
:101F50003BB1491C88B2A086218E8842F3D3A78664
:101F6000F1E7C0F340100028F3D165E7A08EA84246
:101F700001D1A78600E000B9208E401EA086E26A4B
:101F800006E011B1491EA18602E0208E401EA08607
:101F9000A18E32F81100C0F3C003002BF1D1C0F3C1
:101FA00040100028EDD147E70021204609F0C4FF8A
:101FB0008046A08E0146A8421BD1A786E26A06E0B1
:101FC000491C88B2A086218E884200D3A786A18EA4
:101FD00032F81100C0F3C003002BF1D104E04CE053
:101FE000FCE602080A000000C0F340100028E7D118
:101FF00022E7A26A06EBC103D35A32F830505B1BCA
:102000005B1C43F34E032B440FFA83FC238E1CE02E
:1020100009EBC00709EBC105D75F555FAF4212DD81
:1020200032F9305065450EDC06EBC005555F45447E
:10203000654508DBE56A35F81070C7F3401515B93A
:10204000C7F3C0051DB1401C80B28342E0D8834273
:1020500045D8F1E6491C88B2A086218E884200D37B
:10206000A786A18E32F81100C0F3C003002BF1D176
:10207000C0F340100028EDD1DEE6A16A06EBC200F5
:10208000085A31F83230C01A401C40F34E00184450
:1020900005B2B4F934001DE009EBC00709EBC20337
:1020A000CF5FCB5E9F4213DA31F93030A3EB0C03E4
:1020B000AB420DDC06EBC003CB5EAB4208DBE36A50
:1020C00033F81030C3F3401717B9C3F3C00323B17B
:1020D000401E00B20028DFDAAEE6002888DBA086CA
:1020E000AAE600002DE9F0410F46A1F57F41FF3936
:1020F00018D00546008EB84214D3002426460CE0C2
:10210000641C686AA4B2761CB6B250F8240009A117
:10211000EEF720F908B9641CA4B2BE42F0D1288EB3
:10212000B04202D10020BDE8F081686A50F8240076
:10213000F9E700000A000000808E7047038E8B4292
:1021400004D9C06A30F81100824301D000207047E2
:102150000120704770B50446008E0E461546B04209
:102160001AD994F83600C00705D0280603D5802177
:102170002046FFF7FAFCE06A30F81610294320F8F1
:10218000161031462046FDF7F8FFA80504D5204675
:10219000BDE870400BF098B870BD70B50E460546AE
:1021A000002406E0324621462846FFF7D3FF641C90
:1021B000A4B2288EA042F5D870BD10B50446008E9A
:1021C0004200E06A07F072FB2046616ABDE81040F9
:1021D000AFF300802DE9F34F97B00D007BD0179C33
:1021E0002046F2F71DFE6562002141F26A4217980F
:1021F00009F0D6FFC0B212900021179809F0DBFE5B
:102200000B900021179809F09AFF0F900021179862
:1022100009F05DFF02900021179809F08DFE0990EA
:10222000179808F0C2FF0490179808F0A4FF618E79
:102230000027C1F101020299A94601FB020000B288
:102240001090384686E000BF4FF0000B5D460AE074
:10225000E06A791930F81100FCF7CFF958446D1C89
:102260001FFA80FBADB259F8250040B142A1EEF74C
:1022700071F820B159F8250000780028E8D15DB345
:102280001099608E01FB08F1B1FBF0F20F99531821
:10229000029A08FB023109B20891109908F1010273
:1022A0005143B1FBF0F10F9A0298491E08FB002040
:1022B000084400B2149009990498C5F1010201FB89
:1022C000020000B20E90002801DA00200E904FF0BC
:1022D000000A564636E04BE0FFE709F1040036E01D
:1022E000E06A30F81700FCF788F90E9901FB0AF153
:1022F000B1FBFBF20999824406FB01210E9A09B257
:102300000AFB02F0B0FBFBF0099A401E06FB02003C
:10231000129A00B2012A06D10A460499081A01B29B
:102320000498801A00B20B9A104403B214980090DB
:102330001144A06A09B200EBC700089AFFF70DFA32
:10234000761C7F1CAE42CBD309EB8500001D814675
:1023500008F101008046608E40453FF675AF179842
:102360000AF0B2FF179819B0BDE8F04F0AF07ABB37
:1023700019B0BDE8F08F00000A00000080F83610A8
:1023800000210EF081BF70B50446008E0D46A842B4
:1023900003D8A5F57F40FF380AD12046A18EFDF76E
:1023A000ECFE2046A5862946BDE87040FDF7E5BE57
:1023B00070BD00002DE9F0410F460C4640F2E4717B
:1023C0002185012084F82A0084F82B00A18584F857
:1023D0002E0084F82F0000202063A086A82104F599
:1023E0008C7007F041FB002108462D4B782506E054
:1023F00028B14207B2F1604F08D0082808D253F83C
:10240000202000BF04EB8006B2630CE025A2F9E7B0
:1024100004EB810204EB800682F8185102F58C72FD
:10242000491CC9B2B263401CC0B23828E0D31EA018
:10243000C4F814013846FFF7BBFB04F138016062B1
:10244000FFF7C8FE54F8240F4FF48871FFF7A5FE7C
:1024500000231A221549206807F000FE42F26401A9
:1024600020680BF099FC012138460BF023FA01217A
:1024700020680BF02FFA94F90A202189384600F0E1
:1024800019F894F9073094F90620A188384600F02D
:10249000AFF82068BDE8F0414FF4804107F01CBE62
:1024A000500100200A000000000000004DA90008B3
:1024B0002C3070472DE9F05F044688B2A08555B2F4
:1024C00084F82E50012184F82F1082462021606A62
:1024D000FFF74BFB002620223146606AFFF73AFEE9
:1024E000761CF6B2072EF6D3564629463046FCF740
:1024F00097FB8346012229463046FCF7EFF8064653
:1025000007464FF001080BEB06090EE004EB8700CD
:10251000434636A2042100F58C700CF07BFC7F1C36
:1025200008F10100FFB200F0FF08B945EED8691EBE
:102530005046FCF775FB0025801B401CC7B211E01C
:1025400004EB85003B4629A2042100F58C700CF0B9
:1025500061FC2022E91D606AFFF7FCFD6D1C7F1CF9
:10256000EDB2FFB2B542EBD306EB0B00C5B20127CB
:1025700012E000BF04EB85003B461CA2042100F5DD
:102580008C700CF047FC2022E91D606AFFF7E2FD29
:102590006D1C7F1CEDB2FFB22A2DEBD32046FCF759
:1025A00022FF606AFFF7C8FDA0F57F41FF3903D025
:1025B000F11D606AFFF7E7FE20460AF053FA204655
:1025C00008F087FD064600250CE02946204608F065
:1025D0006EFD616A814203D022461C2104F002F89C
:1025E0006D1CEDB2B542F0D3BDE8F09F256400004C
:1025F000018580F82A2080F82B30FCF7F4BE10B556
:102600000C46102104F12400F1F76AF9102104F1BD
:102610003000F1F765F9002024F86C0F208160800C
:1026200060816420A080A081E080E081032060823E
:102630000520A0820A20E08247F6FF702082207FDA
:1026400020F00700401C20F0080020774FF4807035
:102650002083608310BD000070B50C4601F1240694
:1026600010E000BFF1F71FF90546007B400702D4D8
:10267000686807F0AFF829463046F1F77EF928463A
:1026800007F0A8F8A06A00283046EBD1F1F7F5F87A
:1026900004F130050AE000BFF1F705F906460146EE
:1026A0002846F1F76AF9304607F094F8606B002885
:1026B0002846F1D1BDE87040F1F7DFB8F8B50D4616
:1026C0007E4808F0DEFC012874D1284603F047FF5D
:1026D0000646284603F081FF0446012E2DD0082E21
:1026E00069D0292E68D0132E67D02C2E7ED0152EBF
:1026F0007FD1284603F039FF054601462046F5F70D
:102700001DFC2646002229462046FAF703FC01223A
:1027100029463046FAF7FEFB022229463046FAF7F0
:1027200061FA042229463046FAF75CFA04F12400E3
:10273000F1F71AF9002871D0B9E005F0A3FB69465A
:1027400005F0B6FBBDF80010A08A2546081AADF8C2
:102750000000284608F042FEBDF800104618284642
:1027600008F023FDB5F88410484340F30F270021FB
:10277000284609F004FC301A00B20026002822DBAB
:10278000B84203DDB5F88260761E1CE095F888102B
:1027900001F00701012902D002290FD013E0B5F89A
:1027A0008210491E414307EBD77001EB600090FB9C
:1027B000F7F608E01DE01DE024E027E0B5F8821000
:1027C000414391FBF7F6B4F87C00B04211D0B1B2AE
:1027D0002046FDF740FD2046B4F87C10FDF73BFD98
:1027E00000222046A4F87C601C2100E031E003F0C8
:1027F000F9FEF8BD34F87C1FFDF72DFD47F6FF709C
:102800002080F8BDBDE8F8400AF08ABDB4F9402048
:10281000B4F94C00824202DD164601E02EE0064685
:1028200034F9581FB4F90C30994201DD0C4600E030
:102830001C46A64205DD824201DD114604E0014648
:1028400002E0994200DC19462846BDE8F84003F052
:10285000E9BE284603F0BFFE0546204608F0A5FC69
:10286000B4F88410484300122880204608F083FC06
:10287000B4F88610484300126880F8BD94F88800C8
:1028800000F00700012804D0022807D003280AD04E
:102890000DE029462046F8F7BDFD08E02946204610
:1028A000F8F7AAFC03E029462046F8F7CDFF2946B1
:1028B0002046BDE8F840F5F781B90000E0A802081D
:1028C0002DE9F04F89B090460E4605001C460AD00F
:1028D00056B1B5F88210414507D8002020805880B5
:1028E00009B0BDE8F08FFEE7FEE7284608F05DFC82
:1028F000B5F88410484340F30F27284608F03BFC06
:10290000B5F88610484340F30F2995F8880000F089
:102910000700012804D003280AD0022819D05AE061
:10292000B5F8820007FB08F7401E97FBF0F051E076
:1029300000973168002331F91800317BC1F3C002E0
:1029400005EB4201B1F97820B1F9741006F0A6FE4A
:1029500040E005F1240000900490F0F7A8FF8246C3
:102960004FF4A021284609F0E0FAB5F88410484356
:102970004FEA202B0021284609F0D7FAB5F8841039
:1029800048430112B5F88200C0F1010202FB017157
:1029900091FBF0F107FB08F70AB297FBF0F0B2FBEE
:1029A000FAF120800FFA81FA0498F0F795FF08E019
:1029B000B14208D0228802EB0A0020800098F0F78C
:1029C00088FF0100F4D1AAEB0B00218800EBD07046
:1029D00001EB600020800021284609F0ADF9074690
:1029E0000021284609F0CBFA218838440844208089
:1029F000284608F0F3FC2188081A2080716831F914
:102A00001800317BC1F3001205EB420232F96C1F52
:102A1000401AB2F9042000FB09F0511A90FBF1F0C2
:102A2000A9EB000060800021284609F06CFB61885A
:102A3000384408446080284608F09CFD6188081AE4
:102A400060804DE710B50AA0486201200C468862FC
:102A50000221204607F040FB0821204607F03CFBFE
:102A60002046BDE810404FF4806107F035BB000000
:102A7000436865636B20626F7800000010B591F8C1
:102A800028000C46C00704D1606A06F0A3FE0020AF
:102A9000606210BD2DE9F04FBDB0054603F09DFD0D
:102AA0000446284603F061FD3B900021204609F0D2
:102AB00010FC3290B0F90870002141F23202204639
:102AC00009F06EFB05460021204609F03FFB00EBB4
:102AD000050B0021204609F075FA05440021204627
:102AE00009F031FA34904FF40031204609F06AFAC7
:102AF00081464FF40031204609F0BFFA06464FF4F4
:102B00000031204609F022FB33904FF4003120467B
:102B100009F0E1F9359040F60A024FF40031204601
:102B200009F03EFB824640F60B024FF4003120468E
:102B300009F036FB804615A802F008FA15AA4FF4F2
:102B40000031204609F033FEA08A4119CA1909EB69
:102B500006000244A2F10109E28A339802EB0B0558
:102B6000359AEB1910441E18A1EB0A00ADF8E400E9
:102B700009EB0A00ADF8E800A5EB0800ADF8E600A7
:102B8000761E06EB0800ADF8EA0003A83B9908F0B2
:102B9000CDF815A807902E484FF00008CDE904089D
:102BA00039A806904FF40030109003AA1A2120464D
:102BB00003F018FD39AA15A93B9802F0B3F903AA4E
:102BC0001B21204603F00EFD0021204609F0AEFB3C
:102BD00082460021204609F094FB41F6FF72CDF8B1
:102BE00000A0CDE901280346616A2FA8329A0EF0B1
:102BF000FDF827A801F036FC27AA0021204609F09D
:102C000033FD701B401C00B2C01B00EBD0704110A4
:102C100034984844ADF89400BDF8BC201044ADF899
:102C20009800E28A0BEB01001044ADF89600BDF865
:102C3000BE10CDF800800844ADF89A0025AA27A957
:102C4000636A3B9801F072F93DB0BDE8F08F000077
:102C500018E702082DE9FF5F0E463C4808F011FA1C
:102C6000012862D1304603F07AFC0546304603F075
:102C7000B4FC04464FF400382C2D09D0132D56D047
:102C8000152D52D104B03046BDE8F05FFFF702BF0A
:102C9000304603F0A0FC05460021204609F019FB50
:102CA000064607890021204609F040FB81460021A5
:102CB000204609F026FB002141F6FF72CDF8009076
:102CC000CDE901210346324603A8616A0EF08EF871
:102CD0000021204609F037F9834646464146204602
:102CE00009F070F981463146204609F0C6F9804660
:102CF0003146204609F02AFA82463146204609F03C
:102D0000EAF8024607EB0A00104407EB0901BDF898
:102D10000C2041440A4402EB0B012980BDF90E103E
:102D200000B2884200DC08466880BDE8FF9F30465C
:102D300003F051FC05464146204607F061FCB5F919
:102D40000010814200DD08462880EEE718E70208FF
:102D5000F0B504464FF4FA66C1F3413077106425AC
:102D600001280BD121F4C040B04207DCB84201DD9C
:102D7000C0F57A70584390FBF5F001B2C2F34130D0
:102D800001280BD122F4C040B04207DCB84201DD7B
:102D9000C0F57A70584390FBF5F002B2944201DA24
:102DA000204600E01046884201DA0846F0BD944211
:102DB00001DA2046F0BD1046F0BDF0B504464FF4F0
:102DC000FA66C1F341307710642501280BD121F454
:102DD000C040B04207DCB84201DDC0F57A7058430C
:102DE00090FBF5F001B2C2F3413001280BD122F47F
:102DF000C040B04207DCB84201DDC0F57A705843EC
:102E000090FBF5F002B2944201DA204600E0104651
:102E1000884201DA0846F0BD944201DA2046F0BD4E
:102E20001046F0BD002208B51146104600F00EF91C
:102E30000090BDF8000008BD002208B511461046FC
:102E400000F01CF90090BDF8000008BD08B5002096
:102E5000BDF8001060F3040189B260F34A1189B231
:102E600060F3CF21ADF8001088B20090BDF80000EB
:102E700008BD002208B51146104600F047F9009041
:102E8000BDF8000008BD80B2C20AC2EBC20303EB6A
:102E90000222D21D520962F31741C0F3451202EB20
:102EA000420303EB0222D21C920962F30F2100F0CD
:102EB0001F00C0EBC00202EB0020C01D400960F300
:102EC0000701FF2060F31F61C1F30740C1F3072230
:102ED00000EB400000EB8200C9B20844C0F3C70019
:102EE000704738B50C460546FFF7C3FF2246294612
:102EF00000F0A4F90090BDF8000038BD07B58107C7
:102F0000BDF8043002D020F8023B521EBDF8041078
:102F100001EB01410EE002C0103A02C040F8081B6C
:102F200040F8041C40F8101B40F80C1C40F8081C2A
:102F300040F8041C102AEED803E000BF20F8023B42
:102F4000521E002AFAD10EBD4FF478414FF4FC62B4
:102F500001EA102102EA501208B51143C0F3C4007F
:102F60000143ADF8001088B208BDF8B5C0EB0020F1
:102F70004FF4B473B0FBF3F083B2C1EB01206421D2
:102F8000B0FBF1F0C2EB0222B2FBF1F110F0FF0056
:102F9000CAB226D02B21B3FBF1F1C9B2552411FBE3
:102FA00004F4234403EB43035B061D0EC0F1FF034F
:102FB00013FB02F31B0A10FB05F4FF26A6EB1424F7
:102FC0005443240AC5F1FF0515FB00F0A6EB1020C1
:102FD0005043050A052918D2DFE801F006090D1152
:102FE00014001146084613E01046294601E0204629
:102FF00011461A460CE0114618462A4608E01846C3
:10300000214605E02846194602E0104619462246A8
:1030100000F07CF80090BDF80000F8BD08B5D308BA
:10302000BDF8002063F30402ADF800208A08BDF863
:10303000001062F34A11ADF80010C108BDF800009D
:1030400061F3CF20ADF8000080B208BD08B5D30809
:10305000BDF8002063F30402ADF800208A08BDF833
:10306000001062F34A11ADF80010C108BDF800006D
:1030700061F3CF20ADF8000080B208BD08B5D308D9
:10308000BDF8002063F30402ADF800208A08BDF803
:10309000001062F34A11ADF80010C108BDF800003D
:1030A00061F3CF20ADF8000080B208BD08B5D308A9
:1030B000BDF8002063F30402ADF800208A08BDF8D3
:1030C000001062F34A11ADF80010C108BDF800000D
:1030D00061F3CF20ADF8000080B208BD08B5D30879
:1030E000BDF8002063F30402ADF800208A08BDF8A3
:1030F000001062F34A11ADF80010C108BDF80000DD
:1031000061F3CF20ADF8000080B208BD08B5D30848
:10311000BDF8002063F30402ADF800208A08BDF872
:10312000001062F34A11ADF80010C108BDF80000AC
:1031300061F3CF20ADF8000080B208BD08B5D30818
:10314000BDF8002063F30402ADF800208A08BDF842
:10315000001062F34A11ADF80010C108BDF800007C
:1031600061F3CF20ADF8000080B208BD08B5121D94
:10317000D3080A4A89B280B241EA014140EA0040DC
:1031800011401040401A584301EB5010104040EAE3
:103190001040ADF8000080B208BD00001FF8E00745
:1031A00008B5121DD3080A4A89B280B241EA01412A
:1031B00040EA004011401040401A584301EB5010C3
:1031C000104040EA1040ADF8000080B208BD000099
:1031D0001FF8E00708B5121DD3080A4A89B280B269
:1031E00041EA014140EA004011401040401A584372
:1031F00001EB5010104040EA1040ADF8000080B2E2
:1032000008BD00001FF8E00708B5121DD3080A4AE0
:1032100089B280B241EA014140EA004011401040C9
:10322000401A584301EB5010104040EA1040ADF8EE
:10323000000080B208BD00001FF8E00708B5121DAD
:10324000D3080A4A89B280B241EA014140EA00400B
:1032500011401040401A584301EB5010104040EA12
:103260001040ADF8000080B208BD00001FF8E00774
:1032700082B2D00AC0EBC00303EB0020C01D40099E
:1032800060F317410846C2F3451101EB410303EB1C
:103290000121C91C890961F30F2002F01F01C1EB54
:1032A000C10202EB0121C91D490961F30700FF2199
:1032B00061F31F607047FF2208B511461046FFF703
:1032C000DDFE0090BDF8000008BD08B51F20BDF868
:1032D00000103F2260F3040189B262F34A1189B2FF
:1032E00060F3CF21ADF8001088B20090BDF8000067
:1032F00008BD000010B500200C468884642184F8C5
:10330000261084F8271094F83C1021F0070184F867
:103310003C102063606309484FF48031C07884F822
:103320002C00204606F0D8FE4FF44071204607F0EE
:1033300097FA2046BDE810400FF0C4BAA40100205F
:103340002DE9F04391B08946FE4807F09AFE012826
:1033500027D1484603F003F90646484603F03DF9F5
:1033600004464FF44037132E1ED0292E50D02A2E5B
:1033700067D04FF4B4750D2E68D0012E7DD0022E8B
:103380007CD047F6FF75112E79D0152E78D0122EED
:1033900007D1484603F01FF90178022901D0012125
:1033A000017011B0BDE8F083B846394608F0EEFD73
:1033B00007464146204608F044FE06464146204660
:1033C00008F0A8FE05464146204608F068FDB742D1
:1033D00001DD394600E03146854201DD2A4600E044
:1033E0000246914205DDB74201DD384604E0304631
:1033F00002E0854200DD2846801C04B2484603F006
:10340000EAF8B0F90010A14200DD0C460480C8E7DC
:10341000484603F0E0F80546204609F00CF8A98874
:103420002A88891A491C09B2884209D1204607F026
:103430000EFFE9886A88891A491C09B28842B0D00F
:10344000204611B0BDE8F0430FF03CBA484603F007
:10345000C2F80068132814D0112812D0142801D003
:1034600012289ED194F83C00616A10F003003AD013
:1034700001283ED0022829D144E04CE05AE029E15D
:1034800034E194F83C00616A10F0030205D0642036
:10349000012A0BD0022A19D110E0A08C401CB0FBED
:1034A000F5F205FB120060F30F010FE094F82620FF
:1034B000521CB2FBF0F300FB132020E094F827200D
:1034C000521CB2FBF0F300FB132021E0204600F079
:1034D00047F900289BD011B02046BDE8F0430022F8
:1034E0001C2103F07FB8A08C00B1451E65F30F01CD
:1034F000ECE794F8260008B1401E00E0642060F379
:103500001741E3E794F8270008B1401E00E064206B
:1035100060F31F61DAE70DF033F9606304F0B2FC89
:1035200004F1380104F0C4FC11B02046BDE8F043BA
:10353000F3F751B904F0A6FC0600CBD004F0E3FC8D
:10354000042876D0022874D06946304604F0B0FCD6
:103550003068BDF90030B4F93820007E991A00298E
:1035600000DCD11A814209DCBDF90220B4F93A30FD
:10357000D11A002900DC991A814208DD0DF000F90A
:103580006063BDF800102187BDF802106187BDF8A7
:103590000010A08A081AADF80000BDF80210E08AF9
:1035A000081AADF80200204608F045FF87B2002156
:1035B000204608F05CFB0146BDF800207808121A8E
:1035C00013B2ADF80030BDF802200127121A401ADC
:1035D00012B200B2ADF80220412807DD01EBD17133
:1035E000A0EB610000B2412800DA412013FB03F197
:1035F00012FB021110FB00F0814200DA0027606B21
:103600000DF0B8F857B3BDF90210BDF90000FEF790
:10361000B5F8B0FBF5F105FB110094F83C20616AA8
:1036200012F003023BD0012A3CD0022A47D140E0ED
:10363000FFE7204608F0FFFEA18A00EBD07001EB07
:103640006000ADF80000204607F001FEE18A00EBC3
:10365000D07001EB6000ADF8020079E73168898B2A
:103660008142BFF4D4AE94F83C0041073FF5CFAEA1
:1036700000F003010322491CB1FBF2F302FB13111A
:1036800061F3010084F83C0020460FF01BF920464E
:1036900009F0E8F904F0F6FB04F03EFD81E660F382
:1036A0000F010CE06422504390FBF5F060F31741EA
:1036B00005E06422504390FBF5F060F31F61204663
:1036C00000F04EF80028E9D000221C21204602F02C
:1036D00089FF66E6484602F07EFF064601682A46F4
:1036E00004F11400EFF776F930715AE64846F4F722
:1036F00069FB4E46484602F070FF0446304602F031
:1037000034FF0646684601F021FC6A4639462046E9
:1037100009F04DF8ADF8005094F82C00C00707D020
:10372000204600F011F81090BDF84000ADF80400FC
:1037300021460EA8FBF71AF90EAA6946304601F099
:10374000F1FB2EE6FCA8020808B590F8272090F8B7
:103750002610808CFFF709FC0090BDF8000008BD22
:1037600010B5044688B24FF4B472904205D9B0FB4C
:10377000F2F302FB130060F30F01C1F30742642070
:10378000642A01D960F317410A0E642A01D960F353
:103790001F61A08C8AB290420CD194F82600C1F32C
:1037A0000742904206D194F827000A0E904201D1B8
:1037B000002010BD204661620FF084F8204609F019
:1037C00051F9012010BD70B50C00054611D000F074
:1037D000F5F810FB04F05030B0F5A07F0BDB284665
:1037E00000F0ECF810FB04F0A021503090FBF1F059
:1037F00002E0002000E0012000B270BD2DE9F041A0
:103800000D461E46174604461C2106F02DF9C4E954
:103810000057C4E90256BDE8F081000038B50446FF
:103820004C2106F021F94FF4A0702080F020608038
:103830004FF0FF30A080E08000202081608120696F
:10384000822120F0400040F0080061F3D010206198
:103850004FF4FC60ADF800000090BDF80000A086B9
:103860000248E06320643820606438BDC159010813
:10387000F8B505464648F0F73BF8040002D0A86BBF
:1038800008B10AE0FEE7686C05F01AFF060066D092
:103890000146EA6B28469047AE634FF4AC71204670
:1038A00006F0E2F83B4E25602246F7680A213A48C6
:1038B000F4600CF0C9FF6060002851D028698107CE
:1038C0000AD529886A8811FB02F1EA68D268914218
:1038D00002D920F002002861FF2211461046FFF7AE
:1038E000FDFB0090BDF800000090BDF80000608571
:1038F000FF2084F829000CF01DFF78B30CF0BEFE09
:10390000A060002007F03CF82061002007F038F8A4
:10391000E061002007F034F8204D20622A460021A3
:10392000E06909F093FD2A460021206A09F08EFD26
:103930000221E06906F094FF0221206A06F090FF60
:103940000021E0690AF0A5F80021206A0AF0A1F838
:10395000206909F087F8F7609FB113E001E0FEE706
:10396000FEE700200AF0AEFA054605200AF0AAFAA2
:1039700001460B48009000232A4620460CF088FEA2
:10398000BEE7F46060680DF030F82046F8BD000036
:103990003482002018020020412B0008FFFF0F0096
:1039A00058E40208C26800211161C0684161704793
:1039B0000148C068704700001802002010B905488F
:1039C000C06820B100680069C0F3C9107047822048
:1039D00070470000180200200068C06870470000AF
:1039E00018B90948C068002809D00068017CC1F3F3
:1039F0000111012904D0032902D0B0F90000704759
:103A0000B0F90200704700001802002010B518B984
:103A1000FFF7CEFF002800D0006A10BD10B518B91E
:103A2000FFF7C6FF002800D0C06910BD18B10146DD
:103A30000248EFF74ABF0148EFF735BF3482002054
:103A400010B518B9FFF7B4FF002800D0006910BD09
:103A500010B518B9FFF7ACFF002800D0406910BDC1
:103A600010B508B9FFF7A4FF806810BD18B9094860
:103A7000C068002809D00068017CC1F30111012948
:103A800004D0032902D0B0F902007047B0F9000059
:103A900070470000180200207CB50E7BDDE906545B
:103AA000022E08D94E88002E05D0A54203D0CDE9BC
:103AB00000540469A0477CBD38B50446102105F0C8
:103AC000D3FF01206080FF202073BDF8001000208C
:103AD00060F3040189B260F34A1189B260F3CF2127
:103AE000ADF8001088B20090BDF800000090BDF85D
:103AF0000000208038BD2DE9F04F85B0824610B21D
:103B000094468B460FFA82F9AAEB000EDDF8388056
:103B10000FFA8EF20492ABEB000217B203920AEB9B
:103B2000000203F5B471119C58441E46029212B271
:103B300003B2019088457DD04FF4B4718E4202D912
:103B4000A6F5B476B6B2884503D9A8F5B4701FFAC5
:103B500080F80F99ACEB010000B20090109818B1FA
:103B600001EBD1704010401C05B25A21B6FBF1F0B8
:103B7000B8FBF1F1C0B2C9B2042800D10320042976
:103B800000D1032188427ED146457CD868B3012804
:103B900054D0022878D003287ED106F15A0000B212
:103BA0000DF060F8009910FB01F10AEBE130401BC9
:103BB000208030B20DF056F810FB09F10BEBE1302C
:103BC000401B608008F15A0000B20DF04BF810FB6A
:103BD00009F10AEBE1302844A0800FFA88F00DF0DB
:103BE00041F8009910FB01F15AE130B20DF03AF8BA
:103BF000009910FB01F10BEBE130401B60805A365D
:103C000030B20DF02FF810FB09F10AEBE130284437
:103C1000A0800FFA88F00DF025F810FB09F10BEBEE
:103C2000E1302844E08008F15A0000B20DF01AF8A3
:103C3000009900E0E6E010FB01F129E030B20DF060
:103C400011F810FB09F10BEBE1302844E0805A3603
:103C500030B20DF007F8009910FB01F10AEBE130EA
:103C60002844A0800FFA88F00CF0FCFF009910FBAC
:103C700001F10BEBE130401B608008F15A0000B20B
:103C80000CF0F0FF02E036E009E005E010FB09F17E
:103C90000AEBE130401B208005B0BDE8F08F06F153
:103CA0005A0000B20CF0DEFF10FB09F10AEBE13024
:103CB000401B208030B20CF0D5FF009910FB01F1C1
:103CC0000BEBE1302844E0800FFA88F00CF0CAFFDB
:103CD00010FB09F10BEBE130401B608008F15A004A
:103CE00000B20CF0BFFF009910FB01F10AEBE130CC
:103CF0002844A080D0E730B1012837D0022861D015
:103D000003287ED099E001297CD108F15A0000B245
:103D10000CF0A8FF10FB09F10AEBE130401B2080FA
:103D20000FFA88F002900CF09DFF074630B28046F3
:103D30000CF098FF874201DA029800E040460CF050
:103D400091FF009910FB01F10BEBE130401B60800B
:103D50005A3630B20CF086FF10FB09F10AEBE13065
:103D60002844A08001982844E08095E7022964D186
:103D7000AEEB050020800FFA88F00CF073FF10FB0B
:103D800009F10BEBE130401B608006F15A0000B2F4
:103D900001900CF067FF074608F15A0000B2804618
:103DA0000CF060FF874201DD019800E040460CF016
:103DB00059FF009910FB01F10AEBE1302844A08083
:103DC00030B269E0032938D106F15A0000B20CF094
:103DD00049FF10FB09F10AEBE130401B20800398FA
:103DE000401B608008F15A0000B20CF03BFF10FB52
:103DF00009F10AEBE1302844A0800FFA88F08046F0
:103E000001E019E019E00CF02DFF009910FB01F71B
:103E100030B206460CF026FF009910FB01F08742F5
:103E200001DD404600E030460CF01CFF009910FB1D
:103E300001F00BEBE03096E729B104982080678011
:103E4000A280E38028E708F15A0000B203900CF04A
:103E500009FF074606F15A0000B201900CF002FF7C
:103E6000874201DA039800E001980CF0FBFE00990C
:103E700010FB01F10AEBE130401B208030B20CF066
:103E8000F1FE10FB09F10BEBE130401B6080029862
:103E90002844A0800FFA88F00CF0E4FE10FB09F132
:103EA0000BEBE1305FE7000070B5164604463BB10E
:103EB000C87A022812D9A569204625B1A84704E08E
:103EC00007A2314606E0F2F742FB002806D104A221
:103ED00031462046BDE870400FF0CFBA70BD0000FB
:103EE0004E6F0A646174610038B54469049D002C0A
:103EF00001D00095A04738BD38B50446182105F01B
:103F0000B3FD002211461046FFF788F80090BDF877
:103F100000000090BDF800002081FF20E072401CEE
:103F200060800120207538BD704700002DE9FF4FEB
:103F3000B5B0887E429F1E4692460C4602287DD927
:103F4000206800287AD03598C069002876D02022D1
:103F500021A8ECF7C6F920680390002E6ED03078C7
:103F600000286BD03598514682682DA8EEF74AFCA0
:103F7000002863D0207FB0F1000B01D14FF0010B7E
:103F8000607F810707D4BAF80410BAF80000081A55
:103F9000401C03B20FE0B4F91210009141F6FF7219
:103FA000CDE90120B4F91430314608A822680CF09C
:103FB0001DFFBDF920300398B4F912100025B0F9A7
:103FC00008906A1E01EB09000890BAF80000ADF8ED
:103FD0001000BAF80210ADF81210B4F916000690ED
:103FE000B4F918000144ADF81210FFB1F0B9BAF9F4
:103FF000021000291ADAD7F808C0ACEB010000283B
:1040000001DCA1EB0C0008994FF4806C49420CEBE9
:104010004101884200DD3A603868002806DB054629
:10402000BDF81210B8880844ADF81200617F002076
:10403000CDE90001B4F91420701900E0ACE02F9331
:104040000399EFF7EDFE00EB050829E0617F002002
:10405000CDE90001B4F9142006EB08002F9B039969
:10406000EFF7DEFE454600EB0508BDF81210089894
:10407000084400B2ADF812007FB110F5806F0CDB80
:104080003868002809DA3D60BDF91210BAF902005B
:10409000081A7860BAF90200B860705D00287BD019
:1040A0003598BDF9121080684944B0F90200814288
:1040B000CCDB5846CDF8C0B0BBF1020F02D00328CC
:1040C00016D029E0607F0090B4F91430A8EB050108
:1040D0007019039A0CF0E8FE07465046FDF711FBF5
:1040E000C01BBDF8101000EBD07001EB600011E0B8
:1040F000607F0090B4F91430A8EB05017019039AA1
:104100000CF0D2FE07465046FDF7FBFABDF8101042
:10411000C01B0844ADF81000D4E9019BD94502D971
:104120004846D9468346A07F800717D01EA800F0D6
:10413000D1F9A089ADF87800039890F90E0000B984
:104140000120ADF87A00A07E8DF88000A07FC10824
:104150009DF8810061F301008DF8810000200F902F
:10416000FEF760FE319010A800F0F0FE208AADF856
:104170004400BDF9100032906BE100BFBDF81000A3
:10418000069900270844ADF8100070190D90A8EBAF
:10419000050007970E90BCE05FE10021A9F57F4282
:1041A0000091FF3A09D0ABF57F42FF3A05D0AC4A07
:1041B0002918304612689047009007AB0BAA0CA94B
:1041C0000D98EFF715FE607FC0070AD00C982328E2
:1041D00002D0012F13D004E047B1012F0AD0022FE3
:1041E0000BD0E0683190022F4FD050E007980F902D
:1041F000012048E00027E06848E0002043E0202854
:1042000042D107990F98081A072801D0A08938E0F1
:104210000F9A0D98694610445FF0060210F8013BB2
:1042200001F8013B521EF9D100208DF806009DF8DF
:104230000100FBF7B8F807469DF80000FBF7B3F85C
:1042400007EB001029909DF80300FBF7ACF8074638
:104250009DF80200FBF7A7F807EB00102A909DF8E5
:104260000500FBF7A0F807469DF80400FBF79BF854
:1042700007EB0010C2B22A98C1B22998C0B2FEF76B
:10428000E5FE2C900220074643E02C983190DDE9B2
:104290000B21039802F0C3FA33904FF6FF7081456B
:1042A00022D0834520D0009848451DD358451BD2C5
:1042B000BDF81010ADF80010BDF81200ADF8020006
:1042C000A28A0A443399491E1144ADF80410089992
:1042D0006A46491E0844ADF8060010A9359800F05A
:1042E00021FEE089ADF8C400BDF8C400ADF890002F
:1042F00004AA21A90C9B359800F0DAF8339800281D
:1043000007DDBDF81010A08A014433980844ADF8C9
:1043100010000E99079881423FF63FAFA07F8007BB
:1043200023D53298ADF800002068BDF97A1002ABB1
:10433000B0F9080001EBD17100EBD070401000EB38
:104340006100BDF812106A460844BDF81010ADF8BF
:104350000810ADF80200ADF80A00BDF8C400ADF8D1
:1043600078001EA9359800F0A8F8A07FC0071FD0DC
:104370003298ADF800002068BDF8121002AB028937
:1043800040891144091A03986A4690F90D00081AE9
:10439000BDF81010ADF80810ADF80200ADF80A0035
:1043A000BDF8C400ADF878001EA9359800F085F876
:1043B000617F0020CDE9000106EB0800B4F914206C
:1043C00007462F9B0399EFF72BFD454600EB0508A9
:1043D000BAF80000ADF810003098022802D0032887
:1043E00016D029E0607F0090B4F91430A8EB0501E5
:1043F0003846039A0CF058FD07465046FDF781F900
:10440000C01BBDF8101000EBD07001EB600011E094
:10441000607F0090B4F91430A8EB05013846039A88
:104420000CF042FD07465046FDF76BF9BDF8101041
:10443000C01B0844ADF81000BDF8121008980844DD
:10444000359900B2ADF812008968B1F906108842BA
:1044500003DC705D00287FF491AE39B0BDE8F08FC9
:104460008402002038B50446202105F0FDFAFF2023
:10447000A076FEF7D7FC0090BDF80000A0810B48A5
:1044800020604FF6FF706060A060FEF7CBFC0090EC
:10449000BDF80000E081052009F014FD0090BDF892
:1044A000000020820020E07638BD000058E40208B9
:1044B00030B4C469A44630BC604730B44C88002C8A
:1044C00006D00C7A022C03D9046AA44630BC60479B
:1044D00030BC704738B504460A2105F0C5FA012002
:1044E0006080FF202072BDF80010002060F30401FE
:1044F00089B260F34A1189B260F3CF21ADF80010A0
:1045000088B20090BDF800000090BDF80000208047
:1045100038BD000010B503460A4A002052F830406A
:1045200024B1401CC0B21028F8D301E0102802D3F7
:104530004FF0FF3010BD42F8303002EBC002516046
:1045400010BD0000A48300202DE9FF4F81B08B46F1
:104550000E9D16461C46B5F90A10B5F90C00571AFF
:10456000B5F9082005F11009ABEB020305F13C0A8F
:10457000B4285DDAB5F90E20B42A7DDA00287BD0A4
:10458000002A79D0904277DDB1425ADC696D7943D7
:104590004FEAA12CA96A7F1C79438912A0F20F155A
:1045A000582D01D8002909DB451E592D01D80029B5
:1045B00004DB5B38B32802D2002900DD0021A2F21F
:1045C0000F10582801D8002909DB501E592801D89E
:1045D000002904DB5B3AB32A02D2002900DD002166
:1045E000ACEB010001EB60000125C71AA74200DD1A
:1045F0002746002F0DDD3BB232465946CDF80090DC
:10460000019800F091F9050003D13946019805F0B1
:104610002BFAA74200DD2746002F00DA0027CDF84D
:1046200000A05DE0B54276D1284605B0BDE8F08F28
:1046300068DDB5F90E20B42A64DD904262DDB14236
:1046400001DA0120F1E7696D79434FEAA12CA96AEB
:104650007F1C79438912A0F20F15582D01D800292B
:1046600009DB451E592D01D8002904DB5B38B3282E
:1046700004D2002902DD00E044E00021A2F20F1084
:10468000582801D8002909DB501E592801D80029D3
:1046900004DB5B3AB32A02D2002900DD0021ACEB37
:1046A000010001EB60000125C71AA74200DD274683
:1046B000002F0DDD3BB232465946CDF800A00198DF
:1046C00000F032F9050003D13946019805F0CCF924
:1046D000A74200DD2746002F00DA0027CDF8009022
:1046E0000BEB070001B20198E41B384423B20746E4
:1046F000324600F019F9060094D12146384605F0FB
:10470000B3F98FE70127B846B42805D038B109DAE4
:10471000B14209DC0AE047E0B14210DC04E0B142FA
:1047200002DC0CE0B14201DC032708E023463246FC
:104730005946CDF80090019800F0F6F80746B5F913
:104740000E00B42806D060B1B5F90A000FDAB04205
:1047500004DC0EE0B5F90A00B04206DD4FF00308B4
:1047600003E0B5F90A00B042F8DDBFB10EE0B04297
:10477000F4DD234632465946CDF800A0019800F0FA
:10478000D3F8804657B1B8F1000F07D0032F02D0FD
:10479000012F05D008E0B8F1030F05D1002044E750
:1047A0004046B8F1010FFAD002203EE72DE9F84368
:1047B0000546884640F26710411C089C1746002BAE
:1047C00001DA002302E08B4200DB0346002C01DA11
:1047D000002402E08C4200DB04469C4203DAC3F56D
:1047E000B470204403E0E01A002800DC181BA5F890
:1047F0006800AB81EC81A5F808806F8115482860BE
:10480000012028718B4200D9FEE7B42B01D2002091
:1048100000E00120002C01DB8B4200DDFEE7B42C20
:1048200005D3A4F1B401B42901D2002600E0012689
:1048300000903A46414605F1100000F0CBF82346BF
:104840003A46414605F13C00009600F0C3F8BDE849
:10485000F8830000494501082DE9F8431E46174634
:104860008846814600250C4C0DE00090D0F800C031
:1048700033463A4641464846E047002808D00228D9
:1048800000D10125083420680028EED115B102209E
:10489000BDE8F8830120FBE7A483002010B501796F
:1048A000022906D0052913D18068BDE8104004F024
:1048B00091BF0446406900280AD00169002904DA42
:1048C000406804F087FF6069EFE74169491E416174
:1048D00010BD000070B5134D060008D05FF0000455
:1048E00055F83410B9B10879022805D002E02868DB
:1048F000002800D0012070BD887CB1F91020C007CD
:10490000304601F1080102D0EEF714F801E0EDF7AE
:10491000A1FF0028EED0641CE4B2102CE0D30020EC
:1049200070BD0000A4830020F8B5069CA58A266A05
:10493000521B658A12B2491B94F8285009B24FEAFB
:10494000C57526B1009485B3FBF762FFF8BD85B14C
:10495000207C810727D000F00301012923D0022900
:1049600001D1511C1FD4C043800728D1002A1ADC72
:1049700025E0227C02F00304022C14D0D543AD07BD
:1049800011D0012C01D100290DDC920701EB0302AB
:1049900007D0002A13DB49420FD50021002B0EDD82
:1049A0000FE0002A02DA0120F8BD10E04A4206D4E6
:1049B0009A420ADA991A104405E0994201DB002074
:1049C000F2E7994201DA05F04FF80220ECE7FBF735
:1049D000C7FFE9E72DE9FC471C46DDF828801646AD
:1049E0000F468146B42B01DDB43C24B204F15A00D9
:1049F00000B20CF037F907EB601520460CF032F9E5
:104A000006EB601000B2CDE900082BB23246394601
:104A1000484600F003F8BDE8FC8700002DE9F047A8
:104A20000F46DDE908699846154604462C2105F035
:104A30001BF8B54206D1B9F1030F03D16D1E761EE6
:104A40002DB236B2B54205DD4046B846074630467F
:104A50002E46054627816581A4F80C80E68184F8FE
:104A600010906782A8EB07004B46A582002801DD65
:104A7000014601E0A7EB0801721B002A01DD154683
:104A800000E0AD1BA94294F8281002DD41F00101BD
:104A900001E021F0010184F828100025E561244E91
:104AA0002660A5612571CE074FF480150DD020B189
:104AB00095FBF0F65643B612E66122B195FBF2F291
:104AC00042439012A061E0690CE022B195FBF2F63E
:104AD0004643B612A66120B195FBF0F05043801218
:104AE000E061A0692062980709D003F00300012863
:104AF00008D0022813D0D843800714D006E021F054
:104B0000020001E041F0020084F82800216A8810C8
:104B10006062002901DA40426062BDE8F087206AE5
:104B20000028EFDCEBE7206A0028EBDDE7E7000078
:104B3000294901082DE9FE4F8046DDF830900E46E8
:104B40001C4699F81200174600F0010AB9F91050F6
:104B5000684609F10801FCF772FDBDF90200BAF1DF
:104B6000000F2FD0B84250DCBDF90600B8424CDB34
:104B7000BDF900004119B14205DCBDF9042031192D
:104B8000521B914209DDBDF902104A19BA4240DCBC
:104B9000BDF90620521BBA423BDBBAF1000F18D018
:104BA000801B00D50020A04231DCBDF90410891B18
:104BB000091A491C4218A24200DD211A002926DBED
:104BC0004044EFE0B84213DCBDF90600B8420FDB09
:104BD000CEE7871BA7420BDC002F03DB394640469C
:104BE00004F042FFBDF90400851B6D1C002D02DCA2
:104BF0000020BDE8FE8FA54204DA611B08EB05002A
:104C000004F032FF1FB9A54201D10120F1E70220D3
:104C1000EFE7BDF80430821B181A401C0FFA80FC25
:104C2000BDF80600401A401C03B2781A00B2A84230
:104C300002DA281A401E01E0591B401AD9F8141054
:104C400000B20223CF6803EB4003FB5A37F8106031
:104C50009B1B1EB28B68496833F8103037F8100080
:104C60004FF0000700EB010B02EB0C00401B184457
:104C70000FFA80F95019C01A401E05B2BAF1000FA0
:104C800022D06BE0F11B01EB0B0010F8010C02903D
:104C900009EB07005FEA000A08D4A24506DA18F813
:104CA0000A1002980CF08AFD08F80A00B5EB070A12
:104CB00008D4A24506DA18F80A1002980CF07EFD16
:104CC00008F80A007F1C3FB2B742DBDB09EB0700A4
:104CD000A04201DA014600E02146002901DA002065
:104CE00002E0A04200DB204600B2211A404404F05A
:104CF000BBFEA81B411CA14201DA0A4600E0224685
:104D0000002A01DA002402E0A14200DA0C4621B2B6
:104D1000404647E0F11B01EB0B0010F8010CC0F11D
:104D2000FF00029009EB07005FEA000A08D4A245E1
:104D300006DA18F80A1002980CF040FD08F80A008C
:104D4000B5EB070A08D4A24506DA18F80A1002984B
:104D50000CF034FD08F80A007F1C3FB2B742D9DBE3
:104D6000681CA04201DA691C00E02146002901DA32
:104D7000002504E0A04201DA6D1C00E025462AB2BD
:104D8000A9EB0200A11A884201DA034600E00B46B3
:104D9000002B01DA002002E0884200DB084601B265
:104DA00008EB020004F060FE31E700002DE9F0415D
:104DB0001546064688880A881C46801A401C02B29E
:104DC000C8884B88C01A401C00B2824200DA1046E4
:104DD000B5EB600F00DD4510002D00DA002506F16F
:104DE0000800FCF72CFC3582B4743848306002208F
:104DF00030710023C5B1364800214FF47A7200BFEC
:104E0000C1EBC10400EB8404B4F91840AC421BD1DF
:104E1000C1EBC10100EB81004169491C416101699D
:104E2000102D04DA012303E07361BDE8F0812B113A
:104E30000B44934205DA102D01DA012200E02A1119
:104E40000A4402617061F0E7491C0429D8D30024A8
:104E50004FEA0401C1EBC10700EB8707D7F814C084
:104E6000BCF1000F07D12CB1D7F810C0D4F810E076
:104E7000F44500DA3C46491C0429EBD33CB1606997
:104E8000401CC4E90430102D0EDA01200DE01C2076
:104E900004F016FC040006D01C2104F0E5FD4FF0E0
:104EA000FF3020610BE0FEE728111844904205DA3C
:104EB000102D01DA012000E028111A182261204685
:104EC00029467461BDE8F041F1F7AAB8354B0108F5
:104ED00034830020F0B50025094E07462C4600BF5C
:104EE00006EBC4004068B84204D156F8345020465E
:104EF00000F008F8641CE4B2102CF1D32846F0BD91
:104F0000A48300200021421C08D0054A002352F847
:104F1000301042F8303002EBC00043600846704762
:104F2000A483002030B4D38854881B1B5B1C1BB2A5
:104F3000012B09DB938814881B1B5B1C1BB2012B04
:104F400002DBC36830BC184730BC704738B5044634
:104F5000382104F089FDFEF7AEF90090BDF800009D
:104F600024F8040FFEF7A7F90090BDF80000608058
:104F7000FDF762FF0090BDF80000E080FF2525727C
:104F80000220A072FDF758FF0090BDF8000060837A
:104F9000FDF752FF0090BDF8000020850748206112
:104FA00004F8015CA57584F82650A57784F8325082
:104FB000E07F20F03E001E30E07738BD58E4020864
:104FC0002DE9F04FCBB08346DDE95465087B984668
:104FD00014460F4602287DD9B7F90200002879D07F
:104FE000AE4277D01AB281469246404500DD9146E6
:104FF00006A8FFF7ABFF787B00F003008DF81A00DE
:10500000B86840B100208DF81B00B8680A90387B62
:105010008DF8320005E0387B8DF81B003888ADF83C
:105020001C002188A1EB0800ADF810006288A8F1EF
:105030000101A2EB0802ADF8122023880B44ADF861
:105040001430B4F802C0ADF804006144ADF8083083
:10505000ADF81610ADF80620ADF80A10B7F802C08A
:105060006044ADF80400B7F802C0624412B2ADF873
:105070000620B7F802C0A3EB0C03ADF80830B7F870
:1050800002C0181AA1EB0C01401C09B24FF0FF3C02
:1050900000B2ADF80A10CDF814C1002810DD881A4E
:1050A000401C00B200280BDD012347F6FF7201A966
:1050B00032A8FFF77BFE002132A8FFF72BFA4590BC
:1050C000002347F6FF7204A938A8FFF76FFE0021FE
:1050D00038A800E024E0FFF71DFA489006F5B47008
:1050E000A84205D005F5B4714FF4B4708E421ED1BC
:1050F00047F6FF70ADF8180004AA06A95846FFF756
:1051000011FF4898FFF7FEFE4598401C02D04598D5
:10511000FFF7F8FE38A8FFF7C1FB32A8FFF7BEFB88
:105120004BB0BDE8F08F00BFA6F5B476B6B28642AC
:10513000FAD202E0A5F5B475ADB28542FAD228B232
:1051400046900090B4F90220B4F9001033B214A8CC
:105150004793FFF72BFB002114A8FFF7DBF92F90F3
:10516000B54203D9A81BC0F5B47000E0701BDBF892
:10517000081000913C282ADDB8F10A0F27D95A20DF
:10518000B6FBF0F1B5FBF0F000F00300ADF8040160
:1051900006A8ADF8FCA0ADF8005101F00301429063
:1051A0003E94ADF8FE60ADF80211ADF8069104A88A
:1051B000CDE9430B3EA8F5F779FC3EA8F5F73EFD97
:1051C0003EA8F5F70AFE3EA8F5F7F5FE04E004AAAE
:1051D00006A95846FFF7A6FE14A8FFF75FFB38A8FC
:1051E000FFF75CFB32A8FFF759FB2F98FFF78AFE09
:1051F0004898FFF787FE4598401C02D04598FFF776
:1052000081FE787B40078BD509F0FF022FAB51461A
:105210004798F9F729FEBDF8BC0021882FAA084459
:10522000ADF8BC00BDF8C00021880844ADF8C0004E
:10523000BDF8BE0061880844ADF8BE00BDF8C200EC
:1052400061880844ADF8C20048A80099EDF7DAFA81
:1052500048ADC0B1002347F6FF722FA93EA8FFF763
:10526000A5FD00213EA8FFF755F90646584604AAB9
:1052700006A9CBF80850FFF755FE3046FFF742FE6F
:105280003EA8FFF70BFB09F0FF022FAB51464698F3
:10529000F9F7EAFDBDF8BC0021882FAA0844ADF853
:1052A000BC00BDF8C00021880844ADF8C000BDF8BE
:1052B000BE0061880844ADF8BE00BDF8C200618838
:1052C0000844ADF8C20048A80099EDF79BFAC0B1B8
:1052D000002347F6FF722FA93EA8FFF767FD0021C4
:1052E0003EA8FFF717F90446584604AA06A9CBF8CA
:1052F0000850FFF717FE2046FFF704FE3EA8FFF711
:10530000CDFA0098CBF808000AE770B514460D46B0
:105310000646F1F723FB224629463046BDE8704099
:10532000F1F7F1BC7CB50446087E0D4602280ED983
:10533000A26868462968EDF765FA002807D0E16A97
:1053400009B120468847626B2946204690477CBDBC
:105350002DE9F04FCD6889B00C46804615B1207C10
:10536000002879D0207C012800D10025D8F804003D
:1053700081880088081A401C00B20790D8F80820DD
:1053800005A82168EDF73EFA002865D0EEF7F4FC99
:1053900083460068D8F800A0C06980B9D8F8040036
:1053A000BDF91410B0F90020B0F90200891ABDF956
:1053B0001620121A079800FB02110AEB410AD4F8D2
:1053C00004905FEA090013D020688288B0F90010C9
:1053D000B0F90200521A521C17B2BDF91420511A2A
:1053E000BDF91620101A07FB001109EB410900E076
:1053F000002795B160698288B0F90010B0F9020009
:10540000521A521C16B2BDF91420891ABDF9162081
:105410002944801A06FB001500E00026D8F8040095
:105420004188008849420AB2404201B205A8FCF70F
:1054300087F9DBF80000C0690028606818D00028F0
:10544000207E0CD001A9009781E861004B4605A998
:105450005046079A0CF032F909B0BDE8F08F8DE89C
:105460006100A36805A95046079AF8F78BFAF3E79D
:105470000028607E0DD018B3217E0097CDE903602F
:10548000CDE901154B4605A95046079A0BF012FFCE
:10549000E2E758B1217ECDE90260CDE90015A368AD
:1054A00005A95046079AF8F723F8D5E7207E05A905
:1054B0008DE86100A3685046079AF8F7BFF8CBE77C
:1054C000207E01A9009781E861004B4605A950465E
:1054D000079A0BF071FFBFE72DE9FF4FB7B00C46FD
:1054E0003798994616468068DDF810A10188ADF816
:1054F00014104188ADF816108188ADF81810C088D6
:10550000ADF81A0005A8FFF7E5F91F901C2122A8A5
:1055100004F0AAFAE07A8DF8A000207B00F00F00DA
:105520008DF8A1001F9840B9208830B96088B0F587
:10553000807F02D1BAF1040F03D0BAF1050F35D044
:1055400001E0A07A48B30227B18830880025081A04
:10555000401C00B21D904FF4FC60ADF80000339089
:10556000BDF81A10BDF81600BDF81420091A491C20
:1055700009B22991BDF81810ADF80820ADF80C104B
:10558000ADF80A00ADF80E0002A88B1A22905B1C41
:1055900020880FFA83F878B90AE0CDE9226922A9B8
:1055A0003798FFF7BFFE3BB0BDE8F08F0327CBE78E
:1055B0006088B0F5807F01D0012000E000202E90AF
:1055C0001F99014304D1BAF1050F01D1A07A60B14E
:1055D000EEF7D2FBFEF704FA834605A8FCF777F84E
:1055E0005946584575D9084676E0EEF7C5FBFEF7F3
:1055F000F7F9044605A8FCF76AF82146A04201D94C
:10560000084602E005A8FCF762F88246400004F074
:1056100083F88346504604F07FF80446259002A89C
:1056200027900220CDF88CB08DF89800BDF9162097
:10563000B6F90210511A1D9A514301FB0790BDF9AA
:105640001410B6F90020891A01FB070900262AE088
:10565000484600210BE0827862552AB103784278EF
:1056600003EB02232BF81530491C38446D1C4145CF
:10567000F1DB1D9810FB079905EB0801514505D892
:10568000BDF80E00401CADF80E000BE022A93798C3
:10569000FFF748FEBDF80E00401CADF80A00ADF85B
:1056A0000E000025761C29988642D1DBBDF90A1030
:1056B000BDF90E00814206D0401EADF80E0022A9B1
:1056C0003798FFF72FFE204604F072F8584673E132
:1056D000FFE705A8FBF7FBFF2190400004F01CF852
:1056E0002D90219804F018F80190259002A8279099
:1056F00002208DF898002D982390002004904C21D2
:105700000AA804F0B1F92E9820B32088ADF834002F
:105710006088ADF836001D98CDF82890ADF82C00C3
:10572000F18870888DF83AA0081A401CADF82E0058
:10573000A088ADF83000E088ADF832002089ADF8DF
:105740003800207D00F001008DF83B000AA8EDF73D
:10575000AFFD10E0BDF91620B6F90200B6F9001051
:10576000101A1D9A5043BDF9142000FB0790511ADE
:1057700001FB07000490002020902B90A07AC0F13C
:10578000FF013491B0B121898AB2D10A11FB00F333
:10579000209963F30F01C2F3451313FB00F363F386
:1057A0001F41209102F01F0111FB00F12B9861F3C2
:1057B0000F002B90BAF1040F05D1208818B960882A
:1057C000B0F5807F01D0022000E001208DF8980024
:1057D0001F9818B12199019804F074F9BDF90A10C5
:1057E000B6F90200081A30900020CEE0DDF810B0C3
:1057F0003195BDF90800B6F900104FF00009401AC4
:10580000329073E02E98B0B10899309808443299DC
:1058100002B201EB090001B20AA8EDF75DFB30B15D
:1058200001989DF83E104155BDF83C0022E00198DA
:105830000021415556E0BAF1050F0ED00198FF2125
:1058400000F805109BF800109BF80100BAF1060F54
:1058500001EB002080B206D00CE001999BF8020019
:105860004855E0B3EEE73399884203D1019900200F
:10587000485537E0A17A81B32099349A89B2C30A96
:1058800013FB0211803101EBC11303EBC131C1F3F2
:10589000C453BDF8D410C0F3451C63F3CF21209B43
:1058A0001B0C1CFB0233803303EBC31C0CEBC33318
:1058B000C3F3C55363F34A112B9B00F01F0010FB89
:1058C0000230803000EBC01202EBC030C0F3C45095
:1058D00060F30401ADF8D41088B22D9900E001E026
:1058E00021F8150009F10109BB446D1CC14589DB94
:1058F0001F98C0B1BDF816100898019B084402B269
:105900003198BDF90810184481464346FEF7A4FFBC
:1059100010B1022804D006E04846414604F0A4F83D
:1059200002208DF898001D99049811FB070004903F
:10593000219805EB0801814205D2BDF80E00401CFC
:10594000ADF80E001FE022A93798FFF7EBFCBDF879
:105950000E000025401CADF80A00ADF80E00BAF1AB
:10596000040F05D1208818B96088B0F5807F01D078
:10597000022000E001208DF898001F9818B12199AD
:10598000019804F09FF80898401C01460890299857
:105990008142FFF62BAFBDF90A10BDF90E0081421E
:1059A00006D0401EADF80E0022A93798FFF7BAFCCA
:1059B000019803F0FDFE2D9803F0FAFEF3E50000D8
:1059C00010B50C463821204604F04EF809482061F5
:1059D0000948E0600948A0620948E061094860613F
:1059E00009482062094860620948E062094860632A
:1059F00010BD0000C14F0108E15E01080B53010812
:105A0000195A0108D9540108BD5A0108615C0108FE
:105A1000195F010851530108F0B51F46064687B0CB
:105A200014460D46086800233A4602A900F089FE94
:105A3000002841D0BDF81020002A3DD0BDF80E103E
:105A4000002939D02088BDF81230184400B2ADF8D2
:105A500004002B686488B3F808C05B89ACEB0303CF
:105A60002344BDF814409B1A1B1B1BB2ADF8063033
:105A70004418B168B1F900C064451DDBB1F90440B8
:105A8000A04219DC9818B1F90220904214DBB1F958
:105A90000600834210DC3946029800F04EFE0028D2
:105AA0000AD00299097B890706D1009002AB01AAAE
:105AB00029463046F3F756F907B0F0BD2DE9F04717
:105AC0000E46B1F9021096B01C46154681460029D3
:105AD0007ED0307A02287BD9B5F90000B4F90020D5
:105AE000904205D1B5F90230B4F90270BB426FD0D3
:105AF000904200DB104601EBD171A0EB6100ADF8E4
:105B00004400B5F90010B4F90000B6F90220814252
:105B100000DD084602EBD27100EB6100ADF84800F1
:105B2000B5F90210B4F90200B6F90220814200DA98
:105B3000084602EBD271A0EB6100ADF84600B5F962
:105B40000210B4F90200B6F90220814200DD0846D5
:105B500002EBD27100EB6100ADF84A0011A90846D2
:105B6000D9F80820ECF74EFE002875D011A9D9F815
:105B700008A0C9F80810B5F90200B4F9021088426B
:105B800006D123462A4631464846F3F74BFA0EE043
:105B9000B5F90000B4F90010234688422A46314680
:105BA000484602D1F3F7A6FC01E0F3F7F5FA707A64
:105BB000010701D440074DD502A8FFF7C7F9308887
:105BC000ADF80C0047F6FF70ADF80800307A00E041
:105BD00042E08DF80B00B6F90200471040F30000D8
:105BE00000F10108707A400718D528886A46C01B62
:105BF000ADF800006888C01BADF802002888C11904
:105C0000A1EB0800ADF804006888C119A1EB0800F9
:105C1000ADF8060002A94846FFF784F9707A00073C
:105C200018D520886A46C01BADF800006088C01BEC
:105C3000ADF802002088C119A1EB0800ADF80400FE
:105C40006088C119A1EB0800ADF8060002A948461A
:105C5000FFF768F9C9F808A016B0BDE8F0870000A2
:105C60002DE9FF4F8BB01E461746032B7ED3002F26
:105C70007CD0B00003F050FD05007BD000243868D4
:105C800028602046721E15E007EB800137F92030AE
:105C9000B1F904C0634505D1B1F90230B1F906C0CC
:105CA000634505D005EB84030968641C1960A4B240
:105CB000401C80B29042E7DB07EB8600B7F900108A
:105CC00030F9042C914205D1B7F9021030F9022CB9
:105CD000914206D005EB840150F8040C641C086066
:105CE000A4B2032C43D37D49D1E90001CDE90201DF
:105CF000002027E0BDF9082035F920108A4200DA9B
:105D00001146ADF8081005EB8002BDF90A10B2F992
:105D10000230994200DB1946ADF80A10BDF90C308B
:105D200035F920108B4200DD1946ADF80C10BDF995
:105D30000E30B2F902108B4200DD1946401CADF85E
:105D40000E1080B2A042D5D30B9802A9826805A894
:105D5000ECF758FD58B10B9805A90026806809900A
:105D60000B988160B5F90210012011E002E028468D
:105D700003F01EFD0FB0BDE8F08F00BF05EB800201
:105D8000B2F902208A4201DA114606B2401C80B202
:105D9000A042F3D32C2104FB01F003F0BDFC8346A9
:105DA000B2460490D1464FF00008701E00D5204442
:105DB000621E09F101010892914200DD002135F8CF
:105DC000262035F8203035F8217005EB80009B1A2D
:105DD000BF1A428805EB860005EB8101408849889F
:105DE000121A081A0021079112FB07F110FB03F0A9
:105DF000814267DA0120079001E00798F0B3089824
:105E00000AF10106864200DD0026B9F1010700D53E
:105E1000274405EB860005EB8A01B0F90200B1F9D1
:105E20000220904216DB12D035F9263035F92A10BF
:105E30008B420CD04FF0010CCDE9000C5846FEF718
:105E4000EDFD58460499FEF765FB0BF12C0B08F1AC
:105E50000108B246A04523D005EB870005EB890178
:105E6000B0F90200B1F90220904217DB13D035F9E6
:105E7000273035F929108B420DD000E022E00026B2
:105E8000CDE900065846FEF7C9FD58460499FEF7CD
:105E900041FB0BF12C0B08F10108B946A045ACD32E
:105EA000DDE90B0102AAFFF73DF80498FFF712F8AD
:105EB000049803F07DFC284603F07AFC0B990998BE
:105EC000886057E7BAF1010600D52644089809F121
:105ED000010787429DDD00279BE700006CA80208B0
:105EE00070B514460D460646F5F788FE224629464B
:105EF0003046F0F733FD224629463046F0F703FFDF
:105F0000224629463046F0F7E0FF22462946304631
:105F1000BDE87040F4F7B0BC704710B504460121ED
:105F200004F0D8FC4FF6FF7060870121606A04F02E
:105F3000D3F820460022BDE81040202100F052BBDB
:105F400070B500200C46486216A1C4E90B10A0628F
:105F500094F83C1041F0300184F83C10E086208732
:105F60004FF6FF716187A08694F83C004FF4806182
:105F700020F00F00083084F83C00204604F0ACF814
:105F800009A1204600F090FA204605F0A5F9014647
:105F90000C4804F0BDFB054604F028FC65626C6209
:105FA00070BD0000EF81B8004F7074696F6E2031D2
:105FB0000A4F7074696F6E20320A4F7074696F6E89
:105FC0002033000050E7020810B50146034804F0F2
:105FD0009FFB044604F00AFC204610BD34E702088B
:105FE00070B5486A0C46002510B104F0D5FC656216
:105FF00094F83C00C00603D4206B03F0EBFB256350
:1060000070BD000070B50E463F4805F03AF8012813
:1060100043D1304600F0A3FA0546304600F0DDFAE1
:1060200004460E2D14D00F2D21D0102D1FD0082D79
:1060300021D02A2D23D0292D21D02C2D23D00D2D58
:106040002CD0152D29D13046BDE87040F3F708BD9E
:1060500005F0F8F800F02AFF054601F013FF01F003
:1060600052FF042819D17DBB218F2046E186BDE86F
:106070007040FFF752BFBDE87040EFF73ABABDE895
:10608000704007F04DB9304600F0A5FA05460021F2
:10609000204606F022F90089688070BD304600F085
:1060A0009AFA0078132810D012280ED0142817D08E
:1060B000112815D01B28D7D00A28EED101F0F2FE06
:1060C000A042EAD02046D6E719E0204600F050F87A
:1060D000A8B1E08EA18E401C8842DED2214608E0A5
:1060E000204600F045F850B1E08E0028D5D021467A
:1060F000401EE086BDE8704008460BF0D9BD204642
:10610000BDE8704000F090B834E70208C08E7047D8
:106110002DE9F04104460025006B90460E462F46BF
:1061200020B1EAF710F90246002008E00F70BDE840
:10613000F081216B095C0A2900D16D1C401C904242
:1061400002D2218FA942F4D10021A8F1010507E074
:10615000B8F1000F01D0A94208D27354401C491C69
:10616000904203D2236B1B5C0A2BF1D17754DEE7FC
:1061700010B5406A012106F0A7F980F0010010BDBA
:10618000F8B50F46084600F0EAF90546182805D08C
:106190003946244804F075FF01283AD1384600F00A
:1061A0001CFA446A0646082D0ED0012D17D0092D81
:1061B00030D0182D2DD13846F3F74BFA3946BDE8CB
:1061C000F840184804F05DBF01F05CFE01F08FFE5E
:1061D00000281ED13046BDE8F840FAF7AEBC01F009
:1061E00051FE050015D001F08EFE012804D028468E
:1061F00001F089FE03280CD16946284601F058FEBB
:10620000BDF902102046F8F71DFB6087304606F006
:1062100029FCF8BD4FF6FF7060873046BDE8F840B6
:1062200006F020BC50E702082DE9F843044601219E
:1062300003F085FF204605F04FF80146606A07F03D
:106240008BFB4FF0FF31606A06F07CFD0121606A34
:1062500004F006FB00221F21204600F0C3F920466F
:10626000F8F733FC8046216B03F00BF842F2D17152
:10627000606A07F091FD404607F0D8FD606A06F0BD
:10628000DAF80546204606F0D6F885420EDC94F88A
:106290003C0000F00F00042801D0082806D1204659
:1062A00006F0C9F80146606A07F076FD404604F042
:1062B000CEFF07460021606A05F045FD0546002136
:1062C000606A05F04AFF4619002141F61102606A32
:1062D00005F066FF2844B919084407B294F83C0059
:1062E0003D4600F00F06082E02D0042E1ED034E0EA
:1062F000FDF75EFBFDF7BAFBB4F91A10294488429A
:106300002BDAFDF755FBFDF7B1FBB4F91A10411A72
:10631000B4F91600814201DA042605E0FDF748FBD6
:10632000FDF7A4FB618B401A401E15E0B4F916007E
:10633000401B12D5FDF73CFBFDF798FBB4F91A1092
:10634000B4F91650411AA94207DD0826FDF730FBC3
:10635000FDF78CFB618B401A05B2BD4200DD3D4666
:106360002946606A07F0C2FA20460BF0A1FC002023
:10637000082E06D0042E09D0012E0CD0022E0FD0EC
:1063800015E0009000230D22606A0DE000900023CC
:106390000A22606A08E0009000231022606A03E08D
:1063A00000900023606A1322214603F033FF606AE5
:1063B00007F03CFD94F83C0000F00F00012801D0EC
:1063C000022818D1606A06F058F80646606A06F09E
:1063D00070F80546FDF7ECFAFDF748FBA8420ADC29
:1063E000FDF7E6FAFDF742FB281A301A401E01B20B
:1063F000606A07F0FFFC00214046226B04F06CF954
:10640000022808D04FF0000303281A4601D00121CA
:1064100004E0032102E000231A46092101B04046AE
:10642000BDE8F04303F0E8BE2DE9F0410E0004465C
:1064300003D00025A586284606E0FEE70A2902D1FA
:10644000A18E491CA186401C315C0029F6D1A08E8A
:10645000401CA086E58625873046E9F774FF471C77
:10646000206B30B194F83C10C90602D403F0B2F9A5
:106470002563384603F024F9206390B13146E9F7EB
:1064800077FF94F83C0020F01001204684F83C107F
:1064900006F0E8FA606A002804D0BDE8F04106F092
:1064A000E1BAFEE7BDE8F08170B50E00044603D006
:1064B0000025A586294606E0FEE70A2802D1A08E1F
:1064C000401CA086491C705C0028F6D1A08E401CA0
:1064D000A086E586258794F83C00C00604D4206B8E
:1064E00010B103F077F9256394F83C0040F01001F7
:1064F00084F83C102046266306F0B4FA606A00284F
:1065000003D0BDE8704006F0ADBA70BDC28E8A42BD
:1065100007D0828E8A4200D8511EC186018706F0BC
:10652000A1BA704710B50C464FF48061204604F0C4
:1065300097F90421204604F093F94FF400312046E6
:1065400003F0CAFD0121204603F0C6FD2046BDE848
:10655000104001F0C7BF486A002141627047007ACD
:1065600020F08000704740687047017A15290BD0F1
:10657000142909D0162907D0182905D0172903D0C6
:10658000192901D00020704700697047017A01295C
:106590001FD002291DD003291BD0042919D0052999
:1065A00017D0062915D0072913D0082911D0092999
:1065B0000FD00A290DD00B290BD00C2909D00D2999
:1065C00007D00E2905D00F2903D0102901D00020B3
:1065D0007047006970470069704700687047C0687D
:1065E0007047000010B588B0C0B1009001908DF8E0
:1065F00008100020CDE903029DF81800084C20F097
:1066000007008DF8180060680590C4F804D068464B
:10661000F6F7A2FE0599616008B010BD0120FBE706
:10662000C0000020027A132A06D10069B0F90020C8
:106630008A4200DD114601807047000070B508F005
:1066400051F901F04FFF044613A215A102F0EBFD32
:106650001A4800220168204607F086FB08F042F93C
:1066600005F0E9FE032590FBF5F001B2204607F0A6
:1066700093FB08F037F905F0DEFE90FBF5F002B26F
:1066800000230921204603F0B7FD2046BDE87040F5
:106690000022022107F062BB7072696E746600000E
:1066A0004C6162656C2063616E2073657420746553
:1066B0007874206C696B652025730000AC020020A3
:1066C00010B500F005F8BDE8104000F01DBB00005B
:1066D00010B500210B4802F0EFFD0B4CE06008F014
:1066E0005DFE208008F05AFE40F48050608008F083
:1066F00055FE40F48050A08008F050FE40F48050D9
:10670000E08010BD89E000080801002010B50929CB
:1067100000D120210469F8F705F8002806D0616847
:1067200001EBC000618A890B01D0002010BD006818
:106730002168C0F31300084410BD08B14268104737
:10674000FEE72DE9F0411E4617460D4688B18DB192
:10675000002104462960D4F800C033463A46294651
:106760002046E04738B1A97BC90604D42C60BDE8B7
:10677000F081FEE7FEE76469002CECD1F7E72DE934
:10678000F04700269A460C468146092A01D120226C
:1067900001261146D9F81050F7F7C4FF071E3CD068
:1067A000E8684FF0000850B151464846F7F7BAFF85
:1067B000020004D039464846F8F790F880466868E9
:1067C000298A00EBC70001FB08F10A110168090DD5
:1067D000002E01D04FEA4101114401F108014FEAB6
:1067E0001111A180417921810179E18090F9062080
:1067F000628190F90700A081688A4FEA5022A07B4D
:1068000062F3030020F01000A07304D04FF6FF7075
:1068100000EA4100E0804FF00100BDE8F0871FB5BD
:1068200050B113460A466946FFF78BFF002801D096
:10683000BDF8040004B010BDFEE770B50446406822
:10684000B0B1C268B2B1216890470546606840881F
:1068500040B1A06830B1C06808B102F0BBFFA068C9
:1068600002F0B8FF002020606060A060284670BD84
:106870000B2070BD092070BD10B504460748EDF728
:1068800012F808E008680078A04201D1086810BD3D
:106890000248EDF71AF80100F4D110BD4C82002037
:1068A00010B50446E9F74FFD40B1215C2E2907D011
:1068B0002F2903D05C2901D0401EF6D102A010BDC3
:1068C0002044401C10BD00000000000010F8011F13
:1068D0003A2900D1401C70472DE9F04117460E00BF
:1068E000054624D03078FFF7C7FF040021D0616847
:1068F00009B18847F8B1A068F8B13046FFF7E6FF64
:106900000146A3683A4620469847C0B1411C16D0BC
:10691000C5E90004608838B1102002F0D1FEA860FB
:1069200078B1102103F0A0F80020BDE8F0810B2021
:10693000FBE70320F9E70120F7E70920F5E70C2042
:10694000F3E7FEE77CB51C0005464FF0000300D0DE
:106950002360686850B1066956B101934388002BE3
:1069600001AB07D0284600F010F809E00B207CBDF1
:1069700009207CBD00932D6813460A462946B0477E
:10698000002CF6D0019921607CBD2DE9FC5F044606
:10699000806815468B4690E84600D0F80C80606809
:1069A00000279A46B0F80290B14237D8964235D2C5
:1069B000701A80B2A9EB00018EB2B54208EB00015B
:1069C00004D82A46584602F071FF55E03246584630
:1069D00002F06CFF4D4508D9CDF800A0D4E90010B5
:1069E000AB1B0BEB0602066920E00020019001A81A
:1069F0000090D4E900104B4607694246B847A168A9
:106A000007464868401C0860A168019A1044486025
:106A1000A81B82B20BEB0600414628E04D4508D981
:106A2000CDF800A0066921682B465A46B0470746B4
:106A30001FE0B8F1000F06D1484602F041FEA16800
:106A4000C860C0B180460020019001A80090D4E940
:106A500000104B4607694246B8470746A0682A46D9
:106A60000660A06801993144416041465846E9F703
:106A700038FC0FB106E0FEE7CAF80050A068816854
:106A8000294481603846BDE8FC9FF8B54568044656
:106A9000E5B1AE69E6B16B880020C3B3D2B1012A7B
:106AA00021D0022A11D1134620680A460146284601
:106AB000B047002809D1D4E900106A46C369984755
:106AC000002802D1A26800999160F8BD0B20F8BDA2
:106AD0000920F8BDA2689160A3680A461D68A94212
:106AE0000CD3596808E0A3689A680A449A60A168C0
:106AF0000B689A4202D349688A42EAD9D4E9001065
:106B00000023846901B0A446BDE8F0406047FFE778
:106B1000134620680A46014601B02846B446BDE83F
:106B2000F0406047F0B58646807889B015460C463F
:106B300010FB04F00012824203DCBEF8000009B032
:106B4000F0BD9EF808700EEB870212F8023C13FBB2
:106B500004F31B129D4202DB32F8040CEFE7002223
:106B6000012326E00EEB830C9CF802C01CFB04FC06
:106B70004FEA2C2C65451ADC0EEB830737F8040D21
:106B8000ADF800000098FCF773FB0646B888ADF836
:106B900000000098FCF76CFB0146B87810FB04F08D
:106BA000BA79001212FB04F2C0EB222203E05B1C54
:106BB000DBB29F42D6D8281A00B2C0EB002090FB6F
:106BC000F2F0C0B2C0F1FF02CBB213FB00F3F4B29B
:106BD00014FB023303EBC31404EBC3339C0EBDF868
:106BE000143064F30403C1F3072414FB00F4C6F368
:106BF000072515FB024404EBC41505EBC434640EF1
:106C000064F34A13C1F3074111FB00F0C6F30741D7
:106C100011FB020000EBC01101EBC030800E60F3ED
:106C2000CF23ADF8143098B289E74168002901DA22
:106C300002F0D0BD70470000FEB50546407A16460A
:106C40000C4640072FD0224F387820B9002000F0A2
:106C500043F801203870687A00F00700022818D045
:106C60004FEA060080EA640068400190002000902E
:106C70006A4601A91748F9F711FD01280BD03246E1
:106C800021462846EEF70EF9009000280BD000248C
:106C900018E02046E6E700980422416802EBB17153
:106CA0004FEAB1014160FEBD22462846FFF73AFF98
:106CB00002900098BDF80810806800EB4400641C46
:106CC000018024B20098B0F90E10A142ECDCFEBDA8
:106CD000F400002045DA000870B5094D0446286824
:106CE00002F078FD204602F0EBFC2860054DA8601C
:106CF00020B1214602F0B8FE6C6070BDFEE70000D6
:106D00004C020020F400002010B500211B4802F0C6
:106D1000D3FA1B4C606108F041FB40F480502080A6
:106D200008F03CFB40F48050A08008F037FB40F4B2
:106D30008050608008F032FB40F48050E08008F022
:106D40002DFB40F48050208208F028FB40F4805056
:106D5000E08108F023FB40F48050608108F01EFBC6
:106D600040F48050208108F019FB40F48050A0814D
:106D700008F014FB40F48050608210BDCDF2000892
:106D80001801002070B50C4606002FD0ECF78BFDE3
:106D900005E00868A04229D03046ECF796FD0100D6
:106DA000F7D1204604F04EFA40B1A168896829B1B4
:106DB000C9680968A14201D100F087F8A06810B93C
:106DC000204603F093FBA06886603046ECF7AEFDEA
:106DD00005000AD030462C60ECF765FDA84205D1CD
:106DE0003046BDE8704000F070B8FEE770BD0000AE
:106DF000014A0249F7F7B2BACB380008A7380008B1
:106E000070B5060043D004F01DFA04003FD0207E88
:106E1000C0073CD10021204600F0C3F82046ECF723
:106E200042FD32E02868B0422BD1E06888B10068AA
:106E3000B0420ED02046F7F729FD0246E0680F2148
:106E40000068FFF7CFFB012821D1E068006805F05A
:106E500009FEE560002D1AD0216909B12046884756
:106E60002046F7F713FD0246E0680E210068FFF7A1
:106E7000B9FB01280BD1E0680068BDE8704005F05F
:106E8000F1BD29462046ECF720FD0500CAD170BDB2
:106E9000014A0249F7F762BAD3380008D938000826
:106EA0000148006870470000C8000020002802D098
:106EB000007EC0F340007047002803D0C06800285F
:106EC00000D000687047ECF7F2BC70B50446007E55
:106ED000C0F3C00540F0080020764007204602D4E9
:106EE000FFF786FF01E0FFF7D3FF207E65F3C300C5
:106EF000207670BD2DE9F041064604F0A3F90400A8
:106F00003DD0E068002740B30068B04220D1207E29
:106F1000C10702D020F0010020762046ECF7C3FC28
:106F2000E16888420FD12046ECF7D6FCE168884240
:106F300009D12046F7F7AAFC0246E0680F21006855
:106F4000FFF750FB02E02046FFF7BFFFE06820B1EB
:106F5000E0680068B04200D1E7602046ECF7A3FC8F
:106F600011E028682946B04220460AD1ECF705FD19
:106F7000284602F02FFCB068002800D08760BDE8EA
:106F8000F081ECF7A2FC0500EBD1F8E713B5FFF7B1
:106F900093FF20B101AA0D21FFF724FB1CBD0120A6
:106FA0001CBD70B504001CD0207EC0F340028A4294
:106FB00017D061F3410020762046FFF77DFF0500E2
:106FC0000FD02046F7F762FC0246E0680E21006809
:106FD000FFF708FB012804D12846BDE8704005F002
:106FE00041BD70BDFFB58368006800F01F04052C2B
:106FF00008D00B2C10D00C2C23D00D2C32D00E2C02
:1070000047D01CE0C0F38A2010FB021000EB4000C8
:107010001844807804B0F0BD01F00704C0F38A2062
:10702000C910C01DC00810FB0210185CC4F1070194
:1070300001228A401040C84001D00020EAE7FF202A
:10704000E8E717A4C0F38A20246800948C07640F33
:107050008910C01C800810FB0210185CC4F10601E6
:10706000032210E00FA7C0F38A20F0CF8DE8F000D4
:10707000CC07640F4910401C400810FB0210185C3C
:10708000C4F104010F228A401040C8401DF80000DE
:10709000C0E7C0F38A2010FB0210185CBAE70000BA
:1070A0000055AAFF00112233445566778899AABB80
:1070B000CCDDEEFF2DE9FF410D460746BDF800107F
:1070C000002060F3040189B260F34A1189B260F3D1
:1070D000CF21ADF8001088B20090BDF800000190FB
:1070E0003968BC6801F01F001646042814D0062831
:1070F00012D0052810D007281DD008282AD009282A
:1071000037D00A2849D00B2851D00C284FD00D2851
:107110004DD00E284BD04BE000F04FF8C108386836
:10712000C0F38A2010FB065001FB0041022201A897
:1071300002F050FC3CE0C1F38A21EA10C91D05F0C1
:107140000700C90811FB06210834C0F10700615C83
:1071500001221CE0A807C1F38A21400FAA10C91C14
:10716000890811FB06211034C0F10600615C03227E
:107170000DE0E807C1F38A21400F6A10491C490855
:1071800011FB06214034C0F10400615C0F228240F3
:107190001140C140ADF804100AE0C1F38A2010FB91
:1071A000025004F58064205CADF8040000E0019317
:1071B000BDF8040004B0BDE8F081014600200F29AD
:1071C0000AD2DFE801F009090909080A080C0E10C3
:1071D000120C0E101200102070471820704701206A
:1071E000704702207047042070470820704701460E
:1071F0000020891E0D2909D2DFE801F007080807E1
:10720000080707070707070707000120704701461F
:107210000020032901D0062900D10120704770B554
:1072200000254D6291F838000C4620F07C0040F0BB
:10723000030081F83800084605F0FDF8A0852046D7
:1072400004F005F8E08525864FF48070E08694F818
:107250003800022140F0800084F8380025856585DB
:107260006586A58684F83950204603F0F9FA204651
:10727000BDE870404FF4803102F02EBF10B50146DA
:10728000034803F045FA044603F0B0FA204610BD67
:107290006CE7020870B54C6A0D46002C12D0287CB1
:1072A000012802D12046FFF7C8FAE06808B102F0D1
:1072B00091FA206908B102F08DFA204602F08AFAAC
:1072C0000020686270BD00007FB514460D46084678
:1072D00000F08FFD20B1012817D0022839D035E009
:1072E000296801F01F00001F0B282FD2880A21688F
:1072F00060F3942121602868400D60F35F512160A4
:10730000287860F3040121602FE02846FFF7C8FACF
:1073100017A1E9F71FF8C8B9022229466846FFF706
:10732000DBFA68B903AB042221466846FFF70AFB83
:1073300005466846FFF781FA45B90398042805D148
:10734000207800F01F00001F0B280ED3002004B08F
:1073500070BD2068012161F39420C0F3140000F592
:10736000001020F01F000B3020600120EFE700002C
:1073700062696E002DE9FF4F80465CA087B000680F
:1073800004905BA05BA3006893460F4605900FCB6B
:107390008DE80F00B8F80810002089B2CAB2090AB7
:1073A00009E000BF149C00EB4003401CE254149C15
:1073B00000B2234459700A9B9842F3DB98F81400FA
:1073C0004FF0000900F01F00FFF7F7FE8246012191
:1073D00001FA0AF1491E88B206900025D8F8140077
:1073E0002C4600F01F012E460B2906D00C2912D086
:1073F0000D2920D00E2931D12CE0C0F38A20C01DE8
:10740000C50804EBE70115FB0B1407F00700C0F1FA
:10741000070604A80DE0C0F38A20C01C850804EB11
:10742000A70115FB0B1407F003000621A1EB400692
:1074300005A8814612E0C0F38A20401C450804EBF1
:10744000670115FB0B1407F001000421A1EB800676
:107450006846EEE7C0F38A2515FB0B742846D8F87A
:10746000247002F059F95FEA000B13D098F810006D
:10747000A0B10022211D3846FFF707FB00232A4652
:1074800059463846FFF75EFA5946CAF1080200200D
:1074900053B222E000200BB0BDE8F08FD8F8040012
:1074A00080680119F1E70A78069CF240224098F8BA
:1074B000144004F01F040E2C01D019F80220149C73
:1074C00000EB40052C44A270A6EB0A0256B2002E37
:1074D00001DA1E46491C401C00B20A9A9042E2DBC7
:1074E000584602F065F90120D5E7000000FF0000D2
:1074F0000055AAFF00112233445566778899AABB2C
:10750000CCDDEEFF2DE9FF4F8046007D81B0914636
:107510000E4600F01F00FFF750FE8246012101FADF
:107520000AF1491E0025D8F814001FFA81FB00F06B
:107530001F012F462C46072906D0082912D00929F9
:107540001FD00A2932D12BE0C0F38A20C01DC50804
:1075500004EBE60115FB091406F00700C0F107076C
:10756000083423E0C0F38A20C01C850804EBA60180
:1075700015FB0914062106F00300A1EB40071034A7
:1075800014E0C0F38A20401C450804EB660115FB9B
:107590000914042106F00100A1EB8007403405E046
:1075A000C0F38A2515FB096404F580642846D8F8E1
:1075B000249002F0B1F8061E40D098F8100068B18F
:1075C0000022211D4846FFF760FA00232A46314673
:1075D0004846FFF7B7F93146002028E0D8F8040004
:1075E00080680119F8E70A78D9F80C30FA4002EA05
:1075F0000B0203EB42030E9D1B8800EB4004ADF829
:1076000000302B55BDF800301D0A0E9B23445D70E1
:10761000D9F81040A25C9A70A7EB0A0257B2002F6B
:1076200003DACAF1080257B2491C401C00B2049A9E
:107630009042D8DB304602F0BBF8012005B0BDE82F
:10764000F08F00002DE9FE430646087C0C46012819
:1076500001D028B328E06068FFF722F956A1E8F7C7
:1076600079FE28B9022268466168FFF735F910B142
:107670000020BDE8FE83606A38B9142002F020F8CB
:10768000606260B1142102F0EFF9606A69460C2271
:1076900011F8013B00F8013B521EF9D104E0FEE76E
:1076A000606880680028E4D0207D00F01F00042876
:1076B00014D0052812D0062810D0072814D0082886
:1076C00012D0092810D00A280ED00B286DD00C2813
:1076D0006BD00D2869D00E2867D068E0207C80BB75
:1076E00060688068A06160E0FFF767FD0127874060
:1076F000606A38B9142001F0E3FF6062B8B1142168
:1077000002F0B2F97800656A01F0DAFFE86078B15A
:10771000384601F0D5FF286158B1E86878B3207C7D
:10772000012807D060680024D0F808803BE0FEE71D
:10773000FEE7FEE7002204212846FFF7A6F9002411
:107740001AE032E00023042269462846FFF7FAF8DF
:107750009DF800209DF801109DF80200FBF7A6FCA3
:107760000190E868BDF8041000EB4400018029692D
:107770009DF803000855641CBC42E3D315E016E0F5
:1077800008EB840618F824207178B078FBF78EFC9B
:107790000090E868BDF8001000EB44000180296902
:1077A000F0780855641CBC42EAD3012061E7214609
:1077B0003046FFF76FFD5BE762696E002DE9F84F19
:1077C0000C461D461646207DDDE90A32002100F0F8
:1077D0001F00042816D0052814D0062812D00B2824
:1077E00039D00C2837D00D2835D00E2833D00728B3
:1077F00038D0082836D0092834D00A2832D00020C2
:10780000BDE8F88F277C012F33D198469146D4F8F4
:1078100024A0FFF7D2FC07466069C0F38A2015FB5D
:1078200000607843C11000225046091DFFF72DF972
:10783000002470B9FD0805FB08F56B462A46494649
:1078400050460094FFF77EF818B90098854200D1A1
:10785000012421460DE000922A4631462046FFF7DA
:1078600089FD05E000922A4631462046FFF74AFE90
:1078700001460846C4E710B50446006800280BD04E
:10788000C2680AB121469047207C012804D1606873
:1078900001F0A0FF0020606010BD000010B5054899
:1078A000ECF726F8040004D0142102F0DDF820469D
:1078B00010BDFEE7708200202DE9F0410F4605461D
:1078C0000421384602F0D0F825B1284600F091FA9C
:1078D00018B105E00020BDE8F081A8680028FAD0C2
:1078E00000260A48EBF7DFFF0BE023682BB13A468E
:1078F000294698470646012805D021460348EBF75C
:10790000E4FF0400F1D13046E5E70000708200207A
:107910002DE9FF410E461D460446282102F0A4F839
:10792000AEB1304600F065FA08B9B16879B1BDF87A
:10793000081021812074E56001280CD066600027C2
:107940002148EBF7B0FF054604F1140831E00020B0
:1079500004B0BDE8F0813046E8F7F5FC401C01F0CA
:10796000AFFE606018B13146E8F702FDE7E7FEE7D9
:107970002B68CBB16868B8B1424631462846984773
:107980000746012810D125606A682146284690479D
:1079900007460128DCD00421404602F065F80020AB
:1079A0002062A0616062E06129460748EBF78DFF25
:1079B0000546002DDCD1207C012802D1606801F051
:1079C00009FF3846C4E70000708200202DE9FC4121
:1079D00005680E46089FAC6800213CB1CDE9003730
:1079E0001346014632462846A04701460846BDE8F0
:1079F000FC8110B591F838000C4600F00300012816
:107A000001D0022809D154F8240F01F0E3FE002030
:107A10002060207D40F00300207510BD2DE9FF4758
:107A20000E460846FEF79BFD0546152807D0182D83
:107A300005D03146814803F024FB012878D1304637
:107A4000FEF7CBFD04462A2D13D04FF48078132D7A
:107A500021D0112D6ED02C2D7ED0152D03D0182DB8
:107A600001D0122D64D104B03046BDE8F047F0F7E4
:107A700097BB94F8380000F003000228204604D099
:107A800004B0BDE8F04705F01FBC616A04B0BDE872
:107A9000F04700F003B93046FEF79DFD0546002192
:107AA000204604F090FCE18E414341F30F26002173
:107AB000204604F065FC218E084407B20FB9464504
:107AC00036D0204604F0B7FC8046204603F0BFFBCA
:107AD0008146B0B23234CDE900043B464A464146C5
:107AE00002A8EBF7D9F8B5F90000BDF90810411A62
:107AF000884200DD014609B22980BDF90A20821AB8
:107B0000914200DC114609B22980BDF90C201318FE
:107B1000A3EB0802914200DC114609B22980BDF9AD
:107B20000E200244A2EB0900814200DC01462980BC
:107B3000BDE8FF873046FEF74EFD05460021204692
:107B400004F041FCE18E414341F30F260021204621
:107B500004F016FC218E00E05CE0084407B22046E9
:107B600004F069FCB4F92C10884248D1204603F097
:107B70006EFB0146B4F92E00814240D1464510D13A
:107B80007FB9B4F92C10B4F9322001EBD171B2EB0A
:107B9000610F06D1B4F9341000EBD070B1EB600F77
:107BA0002DD0204604F047FC8046204603F04FFBD2
:107BB000024604F13201B0B2CDE900013B46414634
:107BC00002A8EBF769F8BDF80800A18A0022084472
:107BD000ADF80800BDF80A00E18A0844ADF80A00D3
:107BE000BDF80C00A18A0844ADF80C00BDF80E00E9
:107BF000E18A0844ADF80E0002A8296806E069464B
:107C0000204603F06BFA002268462968EAF7E2FE94
:107C100028718DE73046FEF7DEFC054694F8390002
:107C200000F00300012804D0A08D2880E08D68803A
:107C30007EE7204600F004F8286079E76CE7020848
:107C40007FB50446002104F0BEFBE18E41430E12D5
:107C50000021204604F094FB218E04F132020844F6
:107C6000B1B2CDE9001203B2B4F92E20B4F92C1050
:107C700002A8EBF711F8BDF80C00BDF80810BDF82C
:107C80000A20411A2846491C61F30F00BDF80E1066
:107C900004B0891A491C61F31F4070BD2DE9F043FF
:107CA00085B08846044604F0DDFE404600F0A1F8A9
:107CB00005464FF00009032809D003A94046FFF705
:107CC000FBFDC5B1012D24D0022D22D06BE094F82C
:107CD000380000F00300022801D0012802D1606AB8
:107CE00001F078FD44F8249F207D40F003002075CA
:107CF00005B0BDE8F08394F8380000F003000128D7
:107D000001D0022802D1606A01F064FDC4F8248029
:107D100049E0606A404519D094F83810002601F017
:107D20000301012901D0022900D106464046E8F7A7
:107D30000AFB401C01F0C4FC07000AD04146E8F7EA
:107D400017FB676216B1304601F044FD022D01D0E9
:107D500029E0FEE72046002141F2594204F020FAD2
:107D600006462046002141F25A4204F019FA07B2B1
:107D70002046002141F25B4204F012FA00B241F6C3
:107D8000FF728DE805023B463246414604A809F0E1
:107D90002DF8BDF81010039861F39420BDF812106F
:107DA00061F35F50039094F8380065F3010084F8A4
:107DB00038000398C0F38A21A185430DE38594F828
:107DC000382060F3860284F838204A08810D6286E4
:107DD0002046A18605F0A4FA208E18B9E08EB0F5F1
:107DE000807F02D0204605F06FFA204604F03AFE6C
:107DF0007EE7032130B10078A0F120015F2903D88C
:107E00000120704708467047802801D30220704740
:107E10000020704710B50446202101F025FE002007
:107E200020700A20207660764FF4C870A08364200A
:107E3000E0833220E0760320A07610BD70B50546C1
:107E4000006920B9FBF7B4FD2861002814D00B4865
:107E5000EBF74EFD040010D0582101F005FE25601F
:107E60006079224640F0020060710A21044808F05F
:107E7000EBFC21684861204670BDFEE7408200208F
:107E8000317F01080148806870470000CC00002065
:107E900018B101460248EBF718BD0148EBF703BDE6
:107EA000408200200148406870470000CC0000205C
:107EB00038B102681278012A05D0032A03D04FF0A6
:107EC000FF30088002E002890A80408948807047BC
:107ED000002806D001680978012903D0032901D0C0
:107EE0000020704790F8400000F00F007047002815
:107EF00006D001680978012903D0032901D00020A8
:107F00007047C06A7047002801D000680078704749
:107F100000220A804A80002809D002681278012ACB
:107F200001D0032A03D1828A0A80C08A4880704720
:107F30007FB5284CC068A06001680969002947D056
:107F4000F7F788FFA0684079400741D400256946CB
:107F5000A068EBF76FFA9DF80F60A068F7F77AFF5B
:107F60006560A1689DF80E000871012806D00868B8
:107F70000078042809D1BDF80C00D0B108F000FC4D
:107F8000A16809680969C1F85401A0680168097805
:107F9000012906D0022908D004290AD003290DD0CE
:107FA0000FE06946F7F7C6FD0BE06946F7F7F2FC0C
:107FB00007E06946A068F7F7E9FA02E06946F7F7D3
:107FC0005FFAA068F7F746FF002EC0D1A560656094
:107FD0007FBD0000CC00002070B5204E0C4600256F
:107FE000B0B3417941F002014171B168814200D1E1
:107FF000756001680978012901D002290ED114B1F8
:10800000016BA14201D1056314B1416AA14201D1C2
:10801000456214B1816AA14200D1856270BD417987
:1080200041F00201417101680978012901D002295A
:108030000ED114B1016BA14201D1056314B1416AA3
:10804000A14201D1456214B1816AA14200D1856289
:10805000FFF71EFF0028E2D1756070BDCC00002044
:1080600010B50446407920F00100607108F088FBEB
:10807000A06408F085FB606410BD002804D00329CB
:1080800006D00C2901D000207047B0F9221001E081
:10809000B0F920100068427E0020C2F1640264231F
:1080A00006E0084400B212FB01F191FBF3F109B2C2
:1080B0000029F6D170472DE9F0410F460546012110
:1080C00004F002FA30BB3946284604F00EFA0646A0
:1080D0000022394605F11400EAF77CFC28B94FF478
:1080E0000021284604F0F0F980B1284602F0F1FFA3
:1080F000401E04000AD4A8683946006850F82400DD
:10810000FFF7D9FF002803D1641EF4D516B1284625
:10811000BDE8F0810020FBE7002803D0417941F061
:10812000080141717047000010B5144C20780028F8
:1081300021D101F05DFBEBF72DFEEAF7A1FDEAF797
:1081400049FBEAF7A3FDFBF7EFFEEBF7F9FC4FF471
:10815000AC710B48EBF7C4FB58210A48EBF7C0FBA6
:10816000EBF710FEEBF74AF94420112804D0FEF794
:10817000A7FA0120207010BDFEE70000D800002003
:10818000348200204082002010B50C460421204695
:1081900002F066FB0020A06384F83C0084F83D00F8
:1081A000034602460521204602F026F800231C2241
:1081B0000649204601F052FF00221146204605F0F4
:1081C00087FD2046BDE8104000F048B9D181010884
:1081D0002DE9F041FEF701FA0446F9F7ADFFA0F5ED
:1081E0007F41FF397ED02046F9F7A6FF01462046A1
:1081F000F9F778FF050075D06EA1E8F7ABF86E4E81
:10820000002806F1240748D06CA12846E8F7A2F818
:1082100000284BD06AA12846E8F79CF800284ED0E9
:1082200068A12846E8F796F8002855D066A12846A8
:10823000E8F790F800284FD064A12846E8F78AF8BC
:1082400000285AD0A06B00284CD061A12846E8F73E
:1082500081F8002861D060A12846E8F77BF8002863
:108260005BD05EA12846E8F775F8002860D05CA1D5
:108270002846E8F76FF8B0B35AA12846E8F76AF83D
:1082800090B359A12846E8F765F80028A06B5ED0A6
:108290002946BDE8F04107F053BE002184F83C10A8
:1082A00020463168F9F796FF396810E0012184F81B
:1082B0003C1020467168F9F78DFF796807E00221CC
:1082C00084F83C102046B168F9F784FFB96820466D
:1082D000BDE8F041F9F771BF002220212046FEF7EA
:1082E00081F902E063E028E02CE001285FD1A06B77
:1082F00000285CD0002220210BE000221F21204614
:10830000FEF770F9012852D1A06B00284FD000224F
:108310001F21BDE8F041FEF765B90A21A06B07F007
:108320008FFDA06B08F04EF8002840D0A06BEEE760
:10833000A06BBDE8F04107F026BFA06BBDE8F0419F
:1083400007F028BFA06BBDE8F04107F04DBF08F073
:1083500037F885B2A06B08F03AF800782D280FD0D6
:108360002B28A06B16D0002108F040F82D21A06B1F
:1083700007F066FDA06B691CBDE8F04108F036B857
:108380000121A06B08F032F8A06B07F02DFF2B2124
:10839000A06B07E0012108F029F8A06B07F024FF8B
:1083A0002D21A06B07F04CFD2946A06BE4E7BDE84A
:1083B000F081000061626300AC0100204142430093
:1083C00031230000EF808D00EF849C00EF808C0053
:1083D000456E746572000000EFA2A200EF81930069
:1083E000EF819400EF959A002B2F2D002DE9F0419D
:1083F0000446074690F83D00174EC00708D094F891
:108400003C0056F820103846BDE8F041F9F7D5BEDB
:10841000208E400001F054F90546208E420097F866
:108420003C0056F82010284601F040FA002007E0F2
:1084300035F8101021F4007125F81010401C80B29E
:10844000218E8142F4D829462046F9F7B6FE284607
:10845000BDE8F04101F0BEB9D001002010B50446DE
:1084600090F83C00054951F820102046F9F7B2FE7B
:108470002046BDE81040FFF7B9BF0000AC01002066
:1084800010B50C460020486214F8481F21F018016E
:1084900004F81C19411E2160227F22F00702227776
:1084A00020836083E060C4E90110090C21616161EF
:1084B00044F8040C14F81C0F022120F0400004F8CA
:1084C0004809204602F0CCF90021204600F038FE91
:1084D0002046BDE8104001A100F06EBE54657874DE
:1084E0000000000010B50146034802F011F90446EF
:1084F00002F07CF9204610BD88E7020810B5084656
:108500000C4600F00AF894F84800000702D4606AAC
:1085100001F060F90020606210BD10B5044690F8CB
:108520004800400603D5A06A08B101F053F994F859
:10853000480020F0400084F848000020A06210BDF0
:108540002DE9FF470E463F4802F09BFD012876D1FA
:108550003046FEF704F804463046FEF73EF805467E
:108560002A2C1CD0132C0BD0292C18D02C2C1ED02C
:10857000152C64D104B03046BDE8F047F1F796BB46
:10858000002103F0AEFEB0F9080004B0C11700EB03
:10859000917081103046BDE8F047FEF743B800F017
:1085A0009DFD04B02846BDE8F04700F04BBB00211C
:1085B00003F097FE81460021284603F0A9FE80467D
:1085C0000021284603F0C0FE074695F84800002425
:1085D000C10600D50124800601D544F002042846D6
:1085E00002F0E3FD0021284603F010FFA0F51C5126
:1085F000D13905D1688C400502D441F6FF7002E004
:10860000284602F0D2FD0097CDE9010443464A46D0
:1086100003A8696A08F0EAFB3046FDF7DCFFB0F911
:108620000020BDF90C108A4200DD11460180B0F92E
:108630000220BDF90E108A4200DD11464180BDE8DE
:10864000FF87000088E702082DE9F04F8BB00D008E
:1086500080465BD0002141F6120203F0A1FD29887B
:1086600041F61002081A60F30F044046002103F09F
:1086700097FD6988081A60F31F44A14608A940467F
:1086800002F04BFDBDF82400BDF820100025401A73
:10869000401C00B2D8F8247005902C46294640466C
:1086A00003F01FFE02900021404603F04DFE0090B3
:1086B0000021404603F02CFE03900298AB465E4634
:1086C000B0F90800079098F84800C10600D50126C7
:1086D000800601D546F002060021404603F096FED2
:1086E000A0F51C51D13905D1B8F82200400501D4BC
:1086F00046F0040640460021D8F8242001F0ECFFA3
:1087000082460099079800EB010821E0FEE700206F
:10871000CDE90006DDE902127819059BEBF780FB35
:10872000044407984FEA2942584482420BDC444AE9
:10873000009469461268384690470A280BD0385D85
:1087400048B9641C07E008EB0B000FFA80FB2546D4
:10875000785D0028DBD107EB050B4FF00008BAF17C
:10876000020F03D0BAF1030F16D025E0DDE9022392
:10877000611B5846009608F097FBBDF82410BDF821
:10878000202000EBD070891A491C09B201EBD1718D
:108790004910A1EB60000DE0DDE90223611B5846A2
:1087A000009608F081FBBDF82410BDF82020891A3E
:1087B000491C081A0FFA80F800208DF8180082462C
:1087C000049044BB2BE004AB6A4601A95846EBF782
:1087D0000FFBF00706D004981BF8001006A8EBF773
:1087E000C7FBC0B9DDE90110009AFEF718F801B225
:1087F0000FFA89F208EB010082421EDB04994A1944
:10880000A2421AD00AEB0502BA5CB2B1039A8A46B8
:1088100010440FFA80F804982844A042D3D3094C9E
:1088200058460499226890470646226829463846E9
:1088300090470BB03044BDE8F08FCDF810A0EEE7C4
:1088400080020020840200202DE9F74F8AB05FEA01
:108850000209804664D0D8F8245040462A460021B8
:1088600001F03AFF8346287800285AD007A94046ED
:1088700002F053FCBDF82000BDF81C100024401A83
:10888000401C00B2049026462146404603F029FDD4
:1088900003900021404603F057FD0690002140461A
:1088A00003F036FD02900398A2465746B0F908003F
:1088B000059098F84800C10600D50127800601D52B
:1088C00047F002070021404603F0A0FDA0F51C512F
:1088D000D13905D1B8F82200400501D447F004078A
:1088E0004B4A28460B99126890478046A85DA8B36A
:1088F000DDE90510084409900020CDE90007DDE915
:1089000002212819049BEBF78BFA0644B04526D3C5
:10891000A85D18B30998344650440FFA80FAEBE783
:10892000FEE70020A9F802005946BBF1010F07D06D
:1089300002290AD0BBF1030F04D1404602F035FCF6
:10894000A9F800000DB0BDE8F08F404602F02DFC04
:1089500000EBD0704110A9F80010F3E7FFE7B8F181
:10896000000F12D005EB080010F8010C0A2801D006
:108970000D280AD115F8080038B9DDE905010144D0
:1089800001EB0A000FFA80FA44462819CDE900707D
:10899000DDE90103A8EB0401039A08F085FA054616
:1089A0000B98A04202D00298284405B2BBF1020FF6
:1089B00003D0BBF1030F16D025E00097DDE90103DA
:1089C000311B039A08F070FABDF82010BDF81C2086
:1089D00000EBD070891A491C09B201EBD171491022
:1089E000A1EB60000DE00097DDE90103311B039A64
:1089F00008F05AFABDF82010BDF81C20891A491C4D
:108A0000081A284405B2A9F80050A9F802A099E76D
:108A100078020020406A7047006C7047C06B704756
:108A20002DE9F04117000D46044627D094F8480080
:108A3000000725D4204604F015F8606AE7F783FCA8
:108A400006463846E7F77FFC8119491C606A00F04A
:108A500005FF606298B1A5F57F41FF3903D109494F
:108A60000968884705463A462946606AEBF756FA90
:108A70002046BDE8F041002100F09EBBFEE7FEE786
:108A8000BDE8F081880200202DE9F04F95B05FEA43
:108A9000010A80465FD010A9404602F03EFBBDF8B7
:108AA0004400BDF840100024401A401C00B2D8F821
:108AB00024700A9025462146404603F012FC03909C
:108AC0000021404603F040FC00900021404603F0A6
:108AD0001FFC029003980021B0F908000B9040465B
:108AE000D8F8242001F0F8FD834698F84800A14604
:108AF0004E46C10600D50126800601D546F0020685
:108B00000021404603F082FCA0F51C52D13A05D169
:108B1000B8F82210490501D446F004060B990098D4
:108B200001EB0008385DB8B10020CDE90006DDE9B1
:108B3000022138190A9BEBF773F90B990544BAF92E
:108B4000022009EB0100824206DD08EB09000FFA62
:108B500080F92C46E6E7FEE74FF00008C146BBF17E
:108B6000020F03D0BBF1030F16D025E0DDE902327E
:108B7000291B3819009608F097F9BDF84410BDF884
:108B8000402000EBD070891A491C09B201EBD17169
:108B90004910A1EB60000DE0DDE90232291B381914
:108BA000009608F081F9BDF84410BDF84020891AFC
:108BB000491C081A0FFA80F800208DF84800089028
:108BC00004940C90FDB16D1E0498A8421BD804AB10
:108BD0000CAA08A93846EBF70BF9F00706D0049861
:108BE000395C12A8EBF7C4F90028EDD1C1460C9A04
:108BF00008990398FDF713FE4044BAF9001000B23B
:108C0000814216DA04940C9A08990398FDF707FE3E
:108C10000299029B0144BAF90000A9EB0302491C26
:108C200090420CDB4944884209DC012015B0BDE8C4
:108C3000F08F0299049C08440FFA80F8C4E70020E2
:108C4000F4E700002DE9F04F0446406A99B000288F
:108C50007ED04FF0FF3913A92046C4F8309002F0BF
:108C60005CFABDF85000BDF84C10401A401C0FFAD9
:108C700080F80021204603F034FB05460021204601
:108C800003F062FB07460021204603F041FB8246C9
:108C900094F848000026C10600D50126800601D5BB
:108CA00046F002060021204603F0B0FBA0F51C515F
:108CB000D13904D1608C400501D446F004060097F8
:108CC000CDE9018653462A4615A8616A08F08EF858
:108CD000204604F025FB94F848004FF6FF7B00F097
:108CE00007004FF00008022804D003287ED0012896
:108CF0007DD0DFE10021204602F0AEFF0604360CF5
:108D000008D1204602F072FAFAF758FE032190FBD0
:108D1000F1F086B26846F7F78FFF4FF49670009433
:108D2000ADF83CB00C900E90BDF85010BDF84C0062
:108D3000BDF95420081A401C002701B2914233DAD1
:108D40000020891A0790CDE90801DD48014600E0BE
:108D5000B3E101902046F7F757FF00210A4620B102
:108D6000C16A90F83E00C0F340020A9888420FDDC5
:108D70009DF83E000B9120F001008DF83E003AB1C5
:108D800040F002008DF83E0009990798079109907C
:108D90003046099A0799F7F7B6FF0A900D90684692
:108DA000F7F7BEFF012705E0C5492046F7F700FFAA
:108DB000A4F84480BDF85200BDF84E10BDF956200D
:108DC000401A401C00B290427EDA002F7CD1821AF9
:108DD000B5F908000021101ACDE90810B94807912B
:108DE000014601902046F7F70FFF01E023E0AEE0D7
:108DF00000210A4620B1C16A90F83E00C0F340024B
:108E00000A9888420FDD9DF83E000B9120F001008A
:108E10008DF83E003AB140F002008DF83E0009990D
:108E20000798079109903046099A0799F7F76BFF61
:108E30000A900D9087E00021204602F00DFF060405
:108E4000360C08D1204602F0D1F9FAF7B7FD03211C
:108E500090FBF1F086B26846F7F7EEFE0094ADF8AD
:108E60003CB0BDF85000BDF84C100027401A401C23
:108E7000BDF9541000B288422CDA2022114628464F
:108E8000FDF7CDFCBDF9541000EB40000844404212
:108E9000CDE908708A48079701903046099A0799EA
:108EA000F7F731FF0A9086492046F7F7ADFE00B18B
:108EB000C06A0A99814206DD0B909DF83E0020F0C1
:108EC00001008DF83E0000E016E06846F7F728FF45
:108ED000012705E07A492046F7F76AFEA4F84480A6
:108EE000BDF85200BDF84E10401A401CBDF9561096
:108EF00000B2884200DA37B172492046F7F758FECF
:108F0000A4F84680D6E0B5F9082000201144494273
:108F10000790CDE908016B480A4601903046079951
:108F2000F7F7F1FE0A9067492046F7F76DFE00B1AA
:108F3000C06A0A99814206DD0B909DF83E0020F040
:108F400001008DF83E006846F7F7EAFEB2E0BDF892
:108F50005200BDF84E10401A401C01B2BDF9560037
:108F6000814209DAB5F90810884205DD5649606A80
:108F700009688847032802D8C4F82C909AE0BDF805
:108F80005000BDF84C102E22461A11462846761C79
:108F9000FDF745FC5044A0EB80003044ADF80000E4
:108FA000BDF85200BDF84E10401A401C00B2ADF89A
:108FB0000200B5F90820D11990FBF1F301FB130170
:108FC0008A42A0EB010004DCADF8020029890844C4
:108FD00000E0C01BADF8020069462046FFF734FBF5
:108FE0008146606AE7F7AFF9384A07464946126892
:108FF000606A9047364D069005E02A6806A9606AC7
:109000009047A9F101090698C01CB842F5D800257F
:10901000DFF8C0B0069EAA46606A06990844DBF8ED
:10902000001088472C4A2844C5B2126806A9606A15
:109030009047032D07D80698B84204D80AF1010AD0
:10904000BAF1030FE8D9616A204601EB060A074628
:10905000FFF763FA042D12D9681C00F031FBB862E7
:1090600040B32A46514600F021FCB96A01F8058058
:1090700097F8480040F0400087F848000BE097F868
:1090800048002A4620F0400087F84800514607F182
:10909000280000F00BFC00202E213318626A401CCF
:1090A0000328D154F9D3616AF61C09F1030001F8D1
:1090B0000680E062204603F0D5FC19B0BDE8F08FD1
:1090C000B5310208BD310208880200207802002074
:1090D0008002002070020020740200202DE9F0417F
:1090E0000446054690F8480000F00700012823D107
:1090F000E96A481C20D0114A686AC91E1268904764
:10910000024694F848100020490601D5A16A06E0FD
:1091100004F1280103E00F5C401CF754C0B26E6AF2
:109120001318F75C002FF6D1095C10443154204627
:10913000FFF7F3F9781EE862BDE8F08178020020BD
:1091400070B50D4604461A49F7F732FD1949204615
:10915000F7F72EFD0020A4F84400A4F84600022DE5
:109160000FD0032D0DD0042D0BD094F8480020F023
:10917000200100BF01F0070084F84810012805D045
:109180000AE094F8480040F02001F3E7E06A401C50
:1091900002D02046FFF7A2FF94F8480065F30200D2
:1091A00084F848002046BDE87040FFF74BBD000042
:1091B000B5310208BD31020870B50D46044603F012
:1091C00051FC05B9656A606AA8420CD194F8481050
:1091D000090708D4E7F7B7F8411C606A00F03EFBC6
:1091E0006062D0B9FEE738B194F84810090703D49B
:1091F00000F0F0FA002161622846E7F7A4F8401C6D
:1092000000F05EFA606268B12946E7F7B1F894F8B9
:10921000480020F0080184F848102046BDE870405E
:10922000FFF710BDFEE70FB470B504460598F8B11E
:10923000204603F017FC0598D8B1606A002530B1CC
:1092400094F84810090702D400F0C4FA656206A930
:109250000598EAF7A8FE606294F8480020F008013B
:10926000204684F84810FFF7EDFC70BC5DF814FB55
:10927000FEE72046F7E7016403F0F4BBC16303F0A7
:10928000F1BB70B5044690F848000D46000705D4C0
:10929000606A18B100F09EFA0021616235B194F85D
:1092A000480040F0080184F8481065622046BDE897
:1092B0007040FFF7C7BC00002DE9F0410A4C07469B
:1092C0000A4D60680E46401CC1006060286800F0CE
:1092D000C5FA286038B1616800EBC10040E9027648
:1092E0000846BDE8F081FEE7E00000203C020020D7
:1092F00038B508460C4607F025FA0090BDF8000086
:10930000A084FF2084F8260038BD000070B5A4B00A
:109310000D460846FDF723F90646152807D0162EF8
:1093200005D02946794801F0ACFE01287ED12846B7
:10933000FDF753F90446152E78D102A8FBF706FE77
:1093400002AA0021204603F032FABDF80E00ADF863
:1093500000000098F9F797FD0646F9F777FD0146FA
:10936000324654F8240FF9F74FFF0090BDF8000083
:10937000ADF80E00BDF81200ADF800000098F9F746
:1093800082FD0646F9F762FD014632462068F9F78C
:109390003BFF0090BDF80000ADF812000D98F9F702
:1093A00072FD0646F9F752FD014632462068F9F78C
:1093B0002BFF0090BDF80000ADF83400BDF826008A
:1093C000ADF800000098F9F75EFD0646F9F73EFD9E
:1093D000014632462068F9F717FF0090BDF80000FB
:1093E000ADF826000B98F9F74EFD0646F9F72EFD6D
:1093F000014632462068F9F707FF0090BDF80000EB
:10940000ADF82C00F9F722FDA278BDF80E10ADF8EA
:10941000001001460098F9F7F7FE0090BDF8000033
:10942000ADF80E00F9F712FDA27800E06CE0BDF88F
:109430001210ADF8001001460098F9F7E5FE009013
:10944000BDF80000ADF81200F9F700FD0146A27862
:10945000BDF82600ADF800000098F9F7D5FE0090A1
:10946000BDF80000ADF82600F9F7F0FC0146A2783F
:109470000D98F9F7C9FE0090BDF80000ADF8340072
:10948000F9F7E4FC0146A2780B98F9F7BDFE0090CD
:10949000BDF80000ADF82C0014F8020FBDF836102E
:1094A000503810FB01F1AF2091FBF0F1ADF8361010
:1094B00014F82619BDF83C20503911FB02F191FB3C
:1094C000F0F0ADF83C002846FDF74FF805460146A0
:1094D00010A801F02BFC0D48119004F11406002097
:1094E000CDE9120602A914911D9010AA1A21204656
:1094F000FDF778F8324602A92846FBF713FD10AABB
:109500001B212046FDF76EF824B070BDACAC0208FC
:10951000084600210185416280F82A10022101F0ED
:109520009FB900002DE9F04F87B00D465A4801F071
:10953000A8FD012849D12846FDF711F8064628461E
:10954000FDF74BF80446132E33D04FF002082C2EB3
:109550003ED0152E39D107462846FDF706F883463A
:10956000388D3C46002830D0786A00282DD005A9D7
:10957000384601F034FE204602F003F8BDF814101E
:10958000081A06B2204602F003F8BDF81610081AB1
:1095900005B2204601F05BFE82466846FAF79AFF64
:1095A0006A460021204603F0AEF800244FF0060979
:1095B00063E0002102F018FC04462846FDF70BF892
:1095C000B0F90010A14200DA048007B0BDE8F08FC6
:1095D0002846FDF700F80025228D07462E46002A72
:1095E000F3D00020C4460DE0636A33F92010A9428D
:1095F00000DD0D460CEB8001595EB14200DD0E46E8
:10960000401C80B28242EFD80021204602F0ECFBE1
:109610002918304439807880D7E7786A30F82410E8
:109620003144ADF80C10042101EB8401415A31445E
:10963000ADF8101097F82A10C90708EB840121D063
:10964000415AAAEB01002844ADF80E00796A09EBF3
:109650008400095AAAEB01002844ADF8120004ABBB
:1096600003AA69465846FAF728FF9DF80900641CCA
:1096700020F004008DF80900A4B2388D401EA042ED
:10968000CBDCA2E7405A2844ADF80E00796A09EB1A
:109690008400085AE0E70000A4E7020810B59042F1
:1096A000029C01DB204610BD884201DC184610BD3B
:1096B000521AE41A401A604390FBF2F0184410BDAD
:1096C00010B588B038B101460748406807F022FA63
:1096D000040003D005E0044808B010BD684600F05F
:1096E00095F82046F8E700005002002070B50024ED
:1096F000084E254656F8340038B100F06BF806EBFA
:10970000C40046F8345085718580641CE4B2102C86
:10971000F0D370BDB48200202DE9F04105000BD0DC
:109720000022224C4FF0FF30012600BF04EBC201A3
:109730008B79DB0703D014E00020BDE8F081898835
:10974000A9420ED305D104EBC200867154F8320051
:10975000F3E7002804DB04EBC0039B88994200D2A6
:1097600050B2521CD2B2102AE0D3002805DB04EB21
:10977000C0018E7154F83000DFE7002704EBC7000A
:109780008079C00704D07F1CFFB2102FF6D3FEE70C
:1097900054F83700294600F061F830B104EBC701F6
:1097A0008E718D8044F83700C7E7FEE7B482002051
:1097B000074A002152F83130834204D102EBC10143
:1097C000002088717047491CC9B21029F2D3704734
:1097D000B48200200549884206D0002804D0014602
:1097E0000248406807F068B9704700005002002046
:1097F00010B54FF44041034807F050F90249486062
:1098000010BD0000248400205002002010B5044642
:109810001C22002100F0F6F80E48406807F077F9A6
:1098200022460D4907F0F6F94FF440412160A06847
:1098300064224243B2FBF1F1C1F16401217638B1F7
:10984000E16864225143B1FBF0F0C0B2C0F16400A2
:10985000607610BD500200208D98010810B539B116
:10986000094A904208D1BDE810400846FFF728BFDA
:10987000FFF7B0FF044810BD0A46014602484068A1
:10988000BDE8104007F059B9500200201AB118691C
:10989000401C186170475868401C5860986808441C
:1098A0009860D8688842F5D2D960704730B500F02A
:1098B000030401F003050346A54243D14EE00C78B2
:1098C0001C704C785C708C789C70CC78DC700C7957
:1098D0001C714C795C718C799C71CC79DC710C7A3F
:1098E0001C724C7A5C728C7A9C72CC7ADC720C7B27
:1098F0001C734C7B5C738C7B9C73CC7BDC730C7C0F
:109900001C744C7C5C748C7C9C74CC7CDC740C7DF6
:109910001C754C7D5C758C7D9C75CC7DDC750C7EDE
:109920001C764C7E5C768C7E9C76CC7EDC760C7FC6
:109930001C774C7F5C778C7F9C77CC7FDC772031E9
:10994000203A2033202ABAD805E000BF11F8014B95
:1099500003F8014B521E002AF8D130BD4CB3C4F1BC
:10996000040405E011F8015B521E03F8015B641E5C
:10997000FCB1002AF6D11CE010C9203A10C310C96E
:1099800010C351F8084B43F8084B51F8044C43F806
:10999000044C51F8104B43F8104B51F80C4C43F861
:1099A0000C4C51F8084C43F8084C51F8044C43F85F
:1099B000044C202AE0D802E010C9121F10C3042A68
:1099C000FAD804E011F8014B03F8014B521E002AAB
:1099D000F8D130BD10B5034605E000BF11F8014BCA
:1099E00003F8014B521E002AF8D110BD10B50346F2
:1099F00005E000BF11F8014B03F8014B521E002A8D
:109A0000F8D110BD10F0030309D0C3F1040303E043
:109A1000521E00F8011B5B1E0BB1002AF8D101EBAE
:109A2000012303EB014303EB01630EE008C0203A7E
:109A300008C040F8083B40F8043C40F8103B40F8B0
:109A40000C3C40F8083C40F8043C202AEED801E0E9
:109A500008C0121F042AFBD803E000BF00F8011B56
:109A6000521E002AFAD1704710F003034FF0000293
:109A700019D0C3F1040303E0491E00F8012B5B1E5B
:109A80008BB10029F8D1704704C0203904C040F8D8
:109A9000082B40F8042C40F8102B40F80C2C40F810
:109AA000082C40F8042C2029EED801E004C0091F3E
:109AB0000429FBD803E000BF00F8012B491E002950
:109AC000FAD1704710F003024FF0FF030AD0C2F141
:109AD000040203E0491E00F8013B521E12B10029A6
:109AE000F8D170474FF0FF320EE004C0203904C0B7
:109AF00040F8082B40F8042C40F8102B40F80C2CB0
:109B000040F8082C40F8042C2029EED801E004C0CD
:109B1000091F0429FBD802E000F8013B491E002977
:109B2000FAD17047826C8A4206D0426B8A4205D1D4
:109B300090F86100012801D801207047002070478B
:109B40002DE9F0410446FCF70AFD07283FD12046E5
:109B5000FCF743FD05462046FCF741FD0446406BFB
:109B6000A84202D0A06CA84231D194F8600084F8D9
:109B7000610029462046FFF7D5FF002827D104F1D0
:109B800054063046E9F78FFE074601463046E9F7AE
:109B90009CFE05001BD039463046E9F7EEFE3846FC
:109BA000FFF718FE14F8600F2946401E207030465B
:109BB000E9F7E3FE2078401E04F860092046296892
:109BC00000F030F92846BDE8F041FFF703BEBDE8DC
:109BD000F08110B504465430E9F74FFE002084F8B8
:109BE000600010BD2DE9F04149480C46016820464F
:109BF00003F093FE0021204603F05CFE94F862001F
:109C0000002520F00E0084F86050C0B284F8615046
:109C100020F0010084F86200042104F15400E9F707
:109C20005FFE204600F0ACFE0121606200F054FAB5
:109C3000E5636564A564E56421463648256400F063
:109C400067FD064600F0D2FD42F264073946304611
:109C500003F04CFE0121304603F03CFE012130466A
:109C600003F028FE4FF480484146304600F034FAB5
:109C70000221304600F0F4FD264831461C30A66231
:109C800000F046FD064600F0B1FD42F2D1723946C1
:109C9000304603F012FF0021304603F00BFE022392
:109CA0001A460021304603F0E9FD0221304600F05B
:109CB000D7FD4146304600F00FFA30462663F7F7ED
:109CC00031FF064623460722134900F0C7F94146F3
:109CD000304600F001FA0021304603F0EBFD30463B
:109CE0006663FDF7CBFA0DA1FDF7D8FF206BFEF7F9
:109CF000F9FB0646012100F0EFF9E5622346A66371
:109D00002565BDE8F0411C220549184600F0A6B9BA
:109D100014010020C4AD0208419B0108EF819300AB
:109D2000F59E010810B50C460021204603F0C2FD47
:109D300002231A460021204603F0A0FD2046BDE87C
:109D40001040022100F08CBD01F15400E9F795BDEF
:109D500010B50C46084601F0BBFA416A204603F0F4
:109D6000FBFD0121204603F0A5FD02231A46002138
:109D7000204603F083FD2046BDE810404FF48041AB
:109D800000F0AAB910B5486A0C46002803D0FFF7C6
:109D900021FD0020606210BD10B50446006B002854
:109DA00033D0E16A002930D094F86210C1F3410148
:109DB00011B3012902D0022908D11CE0002102F0D0
:109DC000C1FF0021D4F82C0003F084FD206B03F0C8
:109DD00024F9E06A03F021F9206B04F027F8206BE6
:109DE00001F0C9F90028206B4FF0010109D0BDE84E
:109DF000104000F035BD012102F0A4FF0121E06A0E
:109E0000E2E7BDE8104000F067B910BD10B50C46A0
:109E10000121204603F04EFD2046BDE810400221FE
:109E200000F01EBD70B50446C06A0D4610B1616AEF
:109E300003F092FD75B104F15400E9F759FD056096
:109E400094F86000401C84F860002846A16A03F082
:109E500083FD02E02046FFF7BCFEE562206D48B1BD
:109E6000216C00294FF0010102D000F068F901E0F7
:109E700000F030FD206CD0B194F86200C10711D021
:109E80000007A06C4FF0010106D500F0E9FC0221AB
:109E9000A06C00F021F905E000F01EF90221A06C91
:109EA00000F0DEFC94F86000022808D210E094F87C
:109EB0006000022803D294F86200000708D501214F
:109EC000606B00F0CDFC0221606B00F005F907E04B
:109ED0000121606B00F000F90221606B00F0C0FC12
:109EE00000221C212046FCF77DFB2046BDE8704087
:109EF000FFF752BF10B5FCF772FB0446C06A78B199
:109F0000A26B6AB1416A39B11046FFF755F90121D8
:109F1000A06B00F0A5FC03E00121104600F0DCF886
:109F2000206C002813D0E26C002A10D0416A41B1A5
:109F30001046FFF741F9E06CBDE81040012100F048
:109F40008FBCBDE810400121104600F0C5B810BD1F
:109F500010B50C46242104F12400E9F7C1FC04F1FA
:109F60003000BDE810401C21E9F7BABC10B50C4622
:109F700001F13000E9F781FC04F12400BDE8104054
:109F8000E9F77BBC2DE9F04397B00D46324801F06C
:109F900078F801285DD12846FCF7E1FA0646284604
:109FA000FCF71BFB0446152E53D12846FCF7DDFABF
:109FB00081466946204601F0B0F86A464946204687
:109FC000ECF73EFC6A4649462046F2F7F3FB6A4648
:109FD00049462046F0F75EFBBDF80400BDF80010CE
:109FE000401A401C00B200EBD07040100E18BDF8B3
:109FF00002100D1804A8FAF7A9FF4FF4003804AABC
:10A000004146204602F0D3FB204641F20102414680
:10A0100002F0C6F800B200EBD0704710204641F2C3
:10A020000402414602F0BCF800B200EBD070F11B14
:10A030004010ADF85410291AADF85610F119ADF8CA
:10A0400058102844ADF85A0015AA04A94846FAF752
:10A0500069FF17B0BDE8F08318AE02082DE9F041A2
:10A060001D4616460F46044600F040FAA068817E61
:10A07000491CC9B28176A06801EB41018900C06822
:10A08000FFF7ECFBA168C860A16820B3897E6FF080
:10A09000030301EB41026FF00B0101EB82028750D9
:10A0A000A068C268807E00EB400003EB80000B1DBF
:10A0B0001654A068C268807E00EB400003EB80006D
:10A0C0001550A068C268807E00EB400001EB800064
:10A0D0001044BDE8F081FEE77FB50C46054602F06E
:10A0E00023FD0646E00702D0284602F0BBFCE869E3
:10A0F0002043E861E00702D0284602F0B3FC28467E
:10A1000002F012FDB04202D114F0C07F07D0284601
:10A1100001F0DEF802F041FD284602F03EFDE006C7
:10A120000CD502AA6946284601F03AFA6946284643
:10A1300002F0CCFC02A9284602F0C8FC7FBD028CCC
:10A1400011438A4201D003F0C3BC70472DE9F047A8
:10A15000174688464FF6FF79044600234A4639469B
:10A160000BF010FD618C00250426C1F3C502E068E8
:10A1700009E000BF06EBC503C3585FEA831C01D4A6
:10A18000DB0102D56D1CAA42F4D84FF0806202EBCD
:10A1900071214FEAF1516184C1F3C501C900FFF794
:10A1A0005DFBE060608C6FF00702C0F3C50009E062
:10A1B000E16802EBC00C01EBC0036144D1E900C1CE
:10A1C000C3E900C1401EA842F2D8E068082100EBB4
:10A1D000C500FFF749FCE16841F83580E06806EB0F
:10A1E000C501425867F3170242504A463946204695
:10A1F000BDE8F04703F0ACB870B516461D460446FE
:10A20000002203F05FFD2A4631462046BDE870403B
:10A2100003F011BC2DE9FF4F81B0934688460198A9
:10A2200003F004FEB8F1000F03D1019801F050F8DB
:10A23000804600242546019801F04AF88146002115
:10A2400001F06CFD06460021484601F08AFE3044CC
:10A250000FFA80FA0021484601F047FF304400B26F
:10A2600000900021404601F059FD0646002140467D
:10A2700001F077FE304407B20021404601F035FF7F
:10A28000304406B2BBF1000F0FD0BBF1160F34D231
:10A29000DFE80BF0D51123343F44546769138287FC
:10A2A00097A1A6B5BFC5CBD1FDFC0021404601F06A
:10A2B000ECFC012822D03C461EE0404600F075FF31
:10A2C0000246019802F0B7F8014602EBD270401046
:10A2D00001EBD171A0EB61004DE0404600F065FF5D
:10A2E0000246019802F0A7F802EBD271491000EB88
:10A2F000D070A1EB600009E03546A0E0404600F0D8
:10A3000054FF0246019802F096F8101A384404B23D
:10A31000F2E73C461CE0304405B290E0404600F0D5
:10A3200044FF0246019802F086F8014602EBD27023
:10A33000401001EBD171A0EB610007E0404600F056
:10A3400034FF0246019802F076F8101A384404B23D
:10A35000404600F010FF0246019800F078FF101A06
:10A36000D9E73C4609E0404600F01FFF024601984D
:10A3700002F061F8101A384404B2404600F0FBFEC7
:10A380000246019800F063FF02EBD271491000EB26
:10A39000D070A1EB6000BEE7019800F058FF40428A
:10A3A000BAE7404602F047F80246019802F043F847
:10A3B000014602EBD270401001EBD171A0EB6100BD
:10A3C00007E0404602F037F80246019802F033F801
:10A3D000101A04B2E0E7404600F039FF05462EE0CF
:10A3E000404602F028F80246019802F024F802EBF9
:10A3F000D271491000EBD070A1EB600007E040463D
:10A4000002F019F80246019802F015F8101A04B289
:10A41000E1E7019802F00FF8404204B20FE0019822
:10A4200002F009F8404204B241E0019802F003F85A
:10A43000404204B24EE0404601F0FDFF04460021D8
:10A44000484601F022FC012848464CD000F0C6FFE7
:10A45000B8F8142004990A44B9F81410511A0144A8
:10A46000A1EB0A00204404B2484601F083F8B8F892
:10A4700016200E990A44B9F81610511A0144009892
:10A480000022081A284405B2012101E01EE00AE07A
:10A49000019803F017FC019805B02A462146BDE853
:10A4A000F04F03F0C8BA404601F0C5FF04464046ED
:10A4B00000F0CDFE0246019800F0C9FE02EBD27119
:10A4C000491000EBD070A1EB600025E7404601F099
:10A4D000B2FF0446404600F0BAFE0246019800F082
:10A4E000B6FE101A18E700F0D9FFB1E710B5044620
:10A4F0008068002813D10B484168491C41601C202A
:10A50000FFF7DEF8A06058B11C21FFF7ADFAA16893
:10A510000F204876A068017E41F00301017610BD4E
:10A52000FEE70000D80000202DE9FC410E4605465C
:10A53000012101F0C9FFE0BB284600F0CDFE044632
:10A5400000F054FE0746F9F77BFAA0420ED03846D9
:10A55000F9F77EFAA04209D03846F9F75FFAA0422F
:10A5600004D03846F9F752FAA04232D14FF400270E
:10A570003946284601F0A8FF28BB2846E9F73FFAEC
:10A58000044605F114016846F7F735F8BDF80000F8
:10A59000001BADF80000BDF80200001BADF8020082
:10A5A000BDF804002044ADF80400BDF806002044C6
:10A5B00000E00EE0ADF8060031466A460846E8F7CE
:10A5C00021F9002806D0284614E0012101F07CFF83
:10A5D00010B10020BDE8FC813946204601F074FF2F
:10A5E00038B9314604F114020846E8F70BF900289F
:10A5F000F0D0204600F06CFE0400E6D10120E9E72F
:10A600002DE9F0410E460746002501F053FE0400F7
:10A6100035D03146384601F03FFE02282FD904EBF1
:10A62000D470012101EB60043146384601F03BFE55
:10A6300020440FFA80F83146384601F01FFE0446E8
:10A640003146384601F021FE002C01DD214600E0B4
:10A650006142002801DD024600E04242914205DDF0
:10A66000002C01DD204604E0604202E0002800DC0E
:10A670004042404400B2002800DA284605463146F0
:10A68000384601F0E9FB04000ED03146384601F0AF
:10A69000D5FB022808D93146384601F0D6FB2044C4
:10A6A000A84200DB05462DB23846314640F60A0284
:10A6B00001F076FD04B23846314640F60B0201F057
:10A6C0006FFD00B2844200DC0446002C01DD281935
:10A6D00005B22846BDE8F08170B50D46064641F248
:10A6E0005D4201F05DFDC4B23046294641F26A4246
:10A6F00001F056FD04B90124204670BD002803D0A6
:10A700000068884201D10120704700207047000096
:10A710002DE9F0410D4607460026334900E0006868
:10A72000B8B182690A42FAD08069C0F30F1080463E
:10A73000FEF7C6FF041E4BD04146FFF795F9C4E96A
:10A7400000754FF001086FF0030725B1A86848B302
:10A750002BE03046EBE7F9F72BF9051E38D0EA6815
:10A76000C2B1686A401C810068621046FFF776F843
:10A77000E860696A07EB81014450A682E682002006
:10A78000F9F72EF9401E20830020F9F76FF9401EDB
:10A7900060831CE00420FEF793FFE8600460C5F8C6
:10A7A0002480EAE72846FFF7A1FEA868016889B17E
:10A7B0004168491C4160A86889000068FFF74EF8AD
:10A7C000A9680860A968496807EB810144502046E0
:10A7D000BDE8F0810420FEF773FFA96808600460FB
:10A7E000A968C1F80480F2E7F0FF0F0070B50546D4
:10A7F00002F0D3F9002000F0A1FA284605F02AFF64
:10A80000284600F06FF8012000F098FA4FF6FF722A
:10A810004FF47021284602F09BFD284602F080FD8F
:10A82000FCF73EFB030007D0284602F06EF918B192
:10A8300029461846FCF7A6FA284600F049FD040010
:10A840000DD02A462221FBF7CDFE2A4623212046A1
:10A85000FBF7C8FE2846BDE8704002F003B970BDA2
:10A860007FB50C46064602F05FF90546E0060CD5BA
:10A8700002AA6946304600F093FE6946304602F06F
:10A8800025F902A9304602F021F9F069A043F061F0
:10A89000E0070ED0304602F0E5F8304602F044F909
:10A8A00038B1304600F014FD02F077F9304602F07E
:10A8B00074F9304602F038F9A84202D114F0C07F92
:10A8C00007D0304600F004FD04B0BDE8704002F04F
:10A8D00064B97FBD028C22EA01018A4201D003F0F3
:10A8E000F7B8704770B504680546206818B128604D
:10A8F0002846FFF7F7FF2C6062682046002A03D045
:10A900002946BDE87040104770BD2DE9F0414D6803
:10A910000C46FDB1284600F061FD0646284600F0D1
:10A9200029FE07462846002141F6100201F038FCB6
:10A93000E98A41F612020844C01BE082401E60838F
:10A940002846002101F02CFCA98A0844801BA08223
:10A95000401E208341F20200E061002D04D043F24A
:10A96000020043F20230E06140F0740040F4006005
:10A97000E06102D040F40040E061BDE8F0810000F9
:10A9800010B501460348FFF7C3FE0446FFF72EFF4C
:10A99000204610BD10A7020870B5054602F062F807
:10A9A000284600F095FC040001D002F03DFF284647
:10A9B000A4B107F050F80021204602F005FA204625
:10A9C00002F032FF002222212046FBF70BFE204638
:10A9D000BDE8704000222421FBF704BE00F006FC15
:10A9E000040007D02069A842284604D107F033F8B4
:10A9F0000020206170BDBDE8704007F02CB8000059
:10AA000070B50C460846E8F725F9002000F096F9E5
:10AA10002046144A002102F019FD012000F08EF9B1
:10AA200000212046F6F7C4F8204600F00BFC10B1D8
:10AA30002046FCF75FFAA068002811D000680025C6
:10AA400018B1FEF7C7FEA0680560A068C06818B11D
:10AA5000FEF7C0FEA068C560A068FEF7BBFEA5605B
:10AA600070BD0000FFFF0F002DE9F047A2B0804647
:10AA7000FBF775FD06464046FBF7AFFD01270024B6
:10AA80000546122E72D0DFF8A092152E6CD0182E2B
:10AA90007AD14046FBF769FD824601462846F0F729
:10AAA00057FB0021284601F063F950B105F590707D
:10AAB000FAF710FA060004D0F9F7F0FE3046FEF778
:10AAC00077FE0021284601F021F900285CD002A879
:10AAD000FAF73CFA8DF80B408DF822408DF83240A1
:10AAE0008DF83E4002AA0021284601F060FE0021B8
:10AAF000284601F05AFC80460021284601F047FC18
:10AB0000064605F114016846F6F76CFDBDF8001025
:10AB1000A1EB0800BDF80410ADF8000001EB08003F
:10AB2000ADF80400BDF802005146801BADF80200EC
:10AB3000BDF806003044ADF8060010A800F0F6F8A5
:10AB400002A8149068461D94CDE91270CDF8449087
:10AB500010AA1A212846FBF745FD6A4602A950466D
:10AB6000FAF7E0F9DAE001E05BE00DE04046FBF7E0
:10AB700032FD06460078022806D00021284601F062
:10AB8000F7F820B10220307022B0BDE8F087002134
:10AB9000284601F06DFB82460021284601F005FCA5
:10ABA00081460021284601F0F2FB804605F11401A0
:10ABB0006846F6F717FDBDF800105246A1EB0900F4
:10ABC000BDF80410ADF8000001EB0900BDF802105B
:10ABD000ADF80400A1EB0800BDF80610ADF80200C6
:10ABE00001EB0800ADF8060069467068E7F732FE31
:10ABF00098B10021284601F07DF8FD280DD32846A4
:10AC00000021682201F0CCFA10F0FF0F05D10021DD
:10AC1000284601F0FEF8FD2801D23770B4E7347001
:10AC2000B2E74046FBF7A1FC804602A8FAF78EF98E
:10AC30000021284601F06AF828B19DF82B0040F069
:10AC400001008DF82B0002AA0021284601F0AFFD7B
:10AC50000021284601F0A9FB06460021284601F004
:10AC600096FB074605F114018A466846F6F7BAFCDA
:10AC7000BDF800004146801BADF80000BDF804009F
:10AC80003044ADF80400BDF80200C01BADF802006E
:10AC9000BDF806003844ADF8060010A800F046F8EC
:10ACA00002A814906846CDE91240CDF8449010AA4D
:10ACB0001A2128461D94FBF795FC0021284601F037
:10ACC00057F830B1BDF8080018B1069E0127069468
:10ACD00001E0069E00276A4602A94046FAF722F9DB
:10ACE000E7B11820FEF718FD0746BDF9082000233C
:10ACF0005146FAF75BF805F590713846F9F70AFC0A
:10AD000066B18DF80B408DF82A408DF832408DF8F1
:10AD10003E406A4602A94046069621E710AA1B213A
:10AD20002846FBF75FFC2FE710A7020870B50D4619
:10AD300004464821FEF798FE256070BD0149087061
:10AD400070470000E80000202DE9FF4188460846D2
:10AD5000FBF705FC04464046FBF705FC0546012CC5
:10AD600021D0082C21D0032C3CD02A2C3CD00D2CF7
:10AD70004AD00E2C7ED0092C7DD00A2C7CD00F2CF2
:10AD80007BD0292C7AD0222C79D0132C78D0152C7A
:10AD900003D0182C01D0122C34D104B04046BDE8A9
:10ADA000F041FFF761BE2021F9E02021FFF792FD7D
:10ADB0004046FBF710FCFDF79AF8002822D1082145
:10ADC000284601F081FB00281CD095F820004FF0A8
:10ADD0000101C007284602D0FFF77CFD30E0FFF7F5
:10ADE000AEF92DE02021F7E000F073F906460024CB
:10ADF00006E0A868006850F8240001F0CEFE641C4C
:10AE0000B442F6D3BDE8FF81082101F05DFBF8B143
:10AE10004046FBF7E0FB0478132C06D0112C04D03D
:10AE2000142C07D0122C05D008E001212846FFF78A
:10AE300086F903E001212846FFF74CFD0A2CE1D0FA
:10AE400004B02846BDE8F04100221C21FBF7CABB34
:10AE50004FF40161284601F037FB0028D2D0284684
:10AE600001F046FE0028CDD10027284600F0B6FAB2
:10AE7000064606E069E091E096E0ACE0B1E0CDE0A6
:10AE8000F0E0284600F00AFB04464046FBF7A3FB2F
:10AE9000007812281BD011280CD013282BD014288E
:10AEA000B0D1284600F072FA800703D0002E38DCBB
:10AEB000002C36DC284600F0CAF90446284600F08B
:10AEC00067FBE11704EB9171A0EBA1000BE02846B2
:10AED00000F0BDF90446284600F05AFBE11704EBE8
:10AEE000917100EBA10001B204B03A462846BDE8DA
:10AEF000F04102F083BC284600F048FA8007E6D013
:10AF0000002E01DC002CE2DD284601F094FA044614
:10AF1000284600F036FBE11704EB917100EBA1002D
:10AF20000BE0284601F087FA0446284600F029FB8A
:10AF3000E11704EB9171A0EBA10001B204B03A4615
:10AF40002846BDE8F04102F043BC4FF4806101F0B7
:10AF5000BBFA18B10121284602F01DFC284600F07A
:10AF600071F9FBF7A3FF06460224FCF78BFF10B92B
:10AF70004046FBF70BFBFCF7C6FF022801D0042874
:10AF800000D106241EB144F00801284607E02146FE
:10AF90002846FFF7D4F8082128461DE0402104B0D8
:10AFA000BDE8F041FFF7CBB84021FFF793FC2846FE
:10AFB00000F01EFE02287FF425AF02AA694628464B
:10AFC00000F0EEFA6946284601F080FD02A9284605
:10AFD00001F07CFD16E70E2104B0BDE8F041FFF75B
:10AFE00079BC002100F02AFE04460021284600F02A
:10AFF000EDFE204302D0284601F0CFFD284600F0A8
:10B0000068F80646002406E0A868006850F82400A6
:10B0100001F0C3FD641CB442F6D3F3E6002141F213
:10B02000010201F0BDF806B22846002141F20402F7
:10B0300001F0B6F804B20021284600F0FFFD0746F3
:10B040000021284600F0C2FE384305D142F2D170FB
:10B05000864201D08442BDD104B02846BDE8F0410B
:10B0600001F09BBD4046FBF7B6FA04460021284696
:10B07000FFF7C6FAB4F90010814200DD08462080CF
:10B08000C0E610B50C4600B96068006868B1016997
:10B090000029FAD00021E160026921469047217E13
:10B0A0000120C90700D0002010BD012010BD80681C
:10B0B000002809D0002902DA4268511803D44368F5
:10B0C0000A468B4201D800207047006850F82200E1
:10B0D00070478068002800D04068704770B50C4603
:10B0E000054600F114012046F6F785FAA868002805
:10B0F00012D02188808A081A2080A968A088898AAD
:10B100000844A080A9686088898A401A6080A9687C
:10B11000E088898A0844E08070BD70B50C46054619
:10B12000002100F0FBFD06462146284600F057F8B6
:10B13000704202B211462046F6F7F5FA0021284681
:10B1400000F00FFF2188084420800021284600F0ED
:10B1500063FFA188081AA0800021284600F0C5FFDF
:10B160006188084460800021284600F083FEE18861
:10B17000081AE08070BD70B50446002100F0B5FFEC
:10B1800005460021204600F075FE064600212046B7
:10B1900000F0C4FD0246204600F059F8401B801B19
:10B1A000514200EB410000B270BD70B50446002171
:10B1B00000F0D7FE05460021204600F02DFF064690
:10B1C0000021204600F0AAFD0246204601F033F996
:10B1D000401B801B514200EB410000B270BD0A468B
:10B1E00000F114011046F6F706BA000010B54168E8
:10B1F00009B100F071F804460A48E8F754FB0EE084
:10B200000021426A05E0C36853F82130A34208D008
:10B21000491C8A42F7D801460248E8F756FB002845
:10B22000EED110BD348200208068002803D0827ED9
:10B230008A4201D800207047C06801EB410100EB51
:10B24000810070478068002800D080687047418B7B
:10B25000C08A081A401C00B2704770B5064600F05C
:10B2600037F8050001D000240AE0002070BD214617
:10B270002846FFF71CFFB04201D1204670BD641C78
:10B280002846FFF726FFA042F1D84FF0FF3070BDEF
:10B29000F0B4468C00240425C6F3C50613E000BFB5
:10B2A000C76805EBC40C57F80C705FEAC71C09D5DA
:10B2B00027F07F479F4205D1C06850F83400F0BCAA
:10B2C00003F0BCBF641CA642EAD8F0BC0020704763
:10B2D000002800D04068704700B50146FFF7F8FF2E
:10B2E0000028FAD1084600BD2DE9F047DFF8948028
:10B2F00006464446FFF7EDFE07460025DFF888A026
:10B300000EE0B0685146006850F82500814601F013
:10B31000E2F820B9B9F91A00A04200DB04466D1C1E
:10B32000BD42EED30021304600F0E6FE814600210A
:10B33000304600F0A6FD07460021304600F0F5FC3F
:10B340000546444504D0708BC01B401B201A04B234
:10B35000304600F055FC80463046FFF778FFA0EB02
:10B360000900C01B694200EB4101A8EB0101304616
:10B3700000F00EF9081A00B2844200DD2046BDE854
:10B38000F087000001E0FFFF01000400806818B1B1
:10B39000407E00F00F0070470F20704770B50C46DC
:10B3A00005460C49F5F730FC10B1406A404202E016
:10B3B000284600F0E6F8208007492846F5F724FCE7
:10B3C00010B1406A404202E0284600F0E1F8608097
:10B3D00070BD000081300208993002082DE9F84F55
:10B3E0000646002100F058FC012807D0B06800286C
:10B3F00002D0008A404200B2BDE8F88F00213046FA
:10B4000000F011FE00900021304600F0B1FD8146B1
:10B410000021304600F089FC804641F6FF7A544610
:10B420003046FFF756FE074600250EE0B068194982
:10B43000006850F82500834601F04DF820B9BBF9AB
:10B440001400A04200DC04466D1CBD42EED35445FE
:10B4500006D0B28A09EB08001044001B04B200E0D9
:10B460000D4C304600F0DAFB0546304600F0E3FFB5
:10B470000099411AA1EB0901C8F1000001EB40005D
:10B48000291A304600F07DF8084400B28442B3DD4A
:10B490002046B1E70100040001E0FFFF2DE9F0477D
:10B4A0000646002100F0F8FB01280AD0DFF8A08052
:10B4B00030464446FFF70DFE07460025DFF894A00E
:10B4C00015E0B068002801D0B0F91000BDE8F087A1
:10B4D000B0685146006850F82500814600F0FBFF37
:10B4E00020B9B9F91800A04200DB04466D1CBD422A
:10B4F000EED30021304600F096FD0746002130468D
:10B5000000F036FD81460021304600F00EFC054675
:10B51000444504D0308BC01B401B201A04B2304677
:10B5200000F07CFB8046304600F085FFC11BA1EB9C
:10B530000900694200EB4101A8EB0101304600F02F
:10B5400020F8081A00B28442C0DD2046BEE70000A1
:10B5500001E0FFFF010004008068002802D0007EA7
:10B56000C0F3810070478068002802D0007EC0F3DD
:10B57000011070478068002802D0408A404200B223
:10B5800070478068002802D0008A404200B27047AD
:10B590008068002802D0408A404200B27047000014
:10B5A0002DE9F04F91B016460C464FF0FF37054697
:10B5B00000223B46114620460097F6F7CEF80022BF
:10B5C0003B46114630460097F6F7C7F8102128464B
:10B5D00000F07AFF002816D0284600F009FB07008B
:10B5E00011D00020FCF754FC8046022F08D010E058
:10B5F000FCF77DFCA84209D04046FCF749FC804698
:10B60000B8F1000FF4D111B0BDE8F08FB8F1000F20
:10B61000F9D02846FFF7AEFF05902846FFF764FEF5
:10B620000C902846FFF7DAFE0A902846FFF736FF0F
:10B6300008902846FFF7AAFE8146002019F00C0F5B
:10B64000009014D0012F10D0032F02D0022F07D06A
:10B650000DE00598002808DC0C98002805DC06E0C1
:10B660004046FCF735FC0C2801D101200090002059
:10B6700009905FEA897014D0012F10D0032F02D0F7
:10B68000022F07D00DE00A98002808DC089800284F
:10B6900005DC06E04046FCF71BFC032801D1012035
:10B6A0000990009909980843ADD04FF48037394686
:10B6B000284600F0F1FA012800D000200E9039460B
:10B6C000284600F019FD06903946284600F0D9FBBF
:10B6D0000F903946284600F04BFC804639462846F4
:10B6E00000F0A1FC8146284641F20102394600F0F3
:10B6F00057FD0FFA80FB2846FFF7A9FD0490284666
:10B7000000F099FE0390009800B1584682460998CF
:10B7100000B15846109028463946212200F040FDDD
:10B72000C0B2022808D228463946312200F038FD3E
:10B73000C0B20228FFF467AFDDE9040101440C98B0
:10B74000A027084400B20B900098002870D00B98F6
:10B750000028FBD0E88A7080688BF0800E9840B19A
:10B76000A98A01EB08003080ABF101010844B080E8
:10B7700007E0298BA1EB0900B080A0EB0B00401C77
:10B78000308006990498411A0F98091A1098081ADF
:10B790000499009048430B9990FBF1F000B205909A
:10B7A0000020F8F70BF900EB8001502000EB41007E
:10B7B000B0F5A07F0ADB0020F8F700F900EB80016C
:10B7C000502000EB410090FBF7F000E001200599CC
:10B7D000884201DA084616E00020F8F7EFF800EB9F
:10B7E0008001502000EB4100B0F5A07F0ADB002073
:10B7F000F8F7E4F800EB8001502000EB410090FBEB
:10B80000F7F000E00120009900B2091A0AB2049B87
:10B810000B99C91A09B200290BDCE98A0698084479
:10B820007080698B0F98091A1098081A401EF080D2
:10B8300090E00C9B12FB03F393FBF1F1511A069A73
:10B84000EB8A1144194409B2401E71800844F0800B
:10B85000B5F9162006981044814238DA708000202D
:10B86000F8F7ACF800EB8001502000EB4100B0F598
:10B87000A07F0ADB0020F8F7A1F800EB8001502040
:10B8800000EB410090FBF7F000E00120B6F9021058
:10B890000844B6F90610884219DD0020F8F78EF842
:10B8A00000EB8001502000EB4100B0F5A07F0ADBE7
:10B8B0000020F8F783F800EB8001502000EB4100F6
:10B8C00090FBF7F000E0012071880844F080B5F9A2
:10B8D0001A201098B6F90610121A0F98101A814201
:10B8E00038DDF0800020F8F769F800EB8001502087
:10B8F00000EB4100B0F5A07F0ADB0020F8F75EF80E
:10B9000000EB8001502000EB410090FBF7F000E0DD
:10B910000120B6F90610081AB6F90210884219DAA1
:10B920000020F8F74BF800EB8001502000EB4100BD
:10B93000B0F5A07F0ADB0020F8F740F800EB8001AB
:10B94000502000EB410090FBF7F000E00120F1886F
:10B95000081A70800A99039801440898084400B2B4
:10B960000490099800283FF44EAE04980028FAD0BD
:10B97000698B0F98081AE080A0EB0B00401C6080D8
:10B98000A88A2080288BA0800399A1EB0801A1EB55
:10B990000901A1EB0A00039900904843049990FB28
:10B9A000F1F000B202900020F8F708F800EB8000F8
:10B9B000502606EB40004FF4A07B584509DB0020E1
:10B9C000F7F7FCFF00EB800006EB400090FBF7F080
:10B9D00000E001200299884201DA084613E00020C5
:10B9E000F7F7ECFF00EB800006EB4000584509DB61
:10B9F0000020F7F7E3FF00EB800006EB400090FB30
:10BA0000F7F000E00120009900B2091A0AB2DDE95E
:10BA10000331C91A09B2002916DCA98A0E9840B16F
:10BA20004144AAF1010008442080298BA1EB0900C0
:10BA300008E001EB08002080298BA1EB0901A1EBB4
:10BA40000A00401EA080DEE5089B12FB03F393FB77
:10BA5000F1F1511A0E9A09B2EAB3AA8A401E53189C
:10BA600008EB0A02991809B221800844A080B5F9B0
:10BA700014001044884233DD20800020F7F79EFF39
:10BA800000EB800006EB4000584509DB0020F7F78B
:10BA900095FF00EB800006EB400090FBF7F000E024
:10BAA0000120B4F900100844B4F90410884217DDED
:10BAB0000020F7F783FF00EB800006EB40005845BD
:10BAC0000ADB0020F7F77AFF00EB800006EB40006E
:10BAD00090FBF7F001E03AE0012021880844A080C3
:10BAE000B4F90410B5F9182078E0A0800020F7F729
:10BAF00065FF00EB800006EB40005D46A84273DB6B
:10BB00000020F7F75BFF00EB800006EB400090FBA6
:10BB1000F7F000BFB4F90410081AB4F90010884215
:10BB200091DA0020F7F74AFF00EB800006EB4000B7
:10BB3000A8425BDB0020F7F741FF00EB800006EB3B
:10BB4000400090FBF7F0A188081A20805BE5AB8AE3
:10BB50004144194409B2401E21800844A080B5F92F
:10BB6000142002EB0800814232DA20800020F7F72F
:10BB700025FF00EB800006EB4000584509DB002064
:10BB8000F7F71CFF00EB800006EB400090FBF7F09E
:10BB900000E00120B4F900100844B4F90410884210
:10BBA00016DD0020F7F70AFF00EB800006EB4000EF
:10BBB000584509DB0020F7F701FF00EB800006EB9A
:10BBC000400090FBF7F000E0012021880844A080AD
:10BBD000B5F91820B4F90410A2EB0A02A2EB09008F
:10BBE000814282DC0FE5FFE7012093E70120AAE70D
:10BBF000806818B1007E00F0030070470320704792
:10BC000008B505496A46496800912C21FAF7EAFC13
:10BC1000BDF9020008BD00002CA7020808B50549BF
:10BC20006A46096800912C21FAF7DCFCBDF9000096
:10BC300008BD00002CA70208008C704710B541F227
:10BC4000090200F0ADFAC0B210BD10B541F2090210
:10BC500000F0A6FAC0B210BD662200F0A1BA10B57D
:10BC6000512200F09DFA002800D0012010BD10B52F
:10BC70004FF4056200F094FA00B210BD10B54FF415
:10BC8000056200F08DFA00B210BD10B541F26A42B3
:10BC900000F086FAC0B210BD10B541F26A4200F061
:10BCA0007FFAC0B210BD10B541F26A4200F078FAD6
:10BCB000C0B210BD10B541F26A4200F071FAC0B2D4
:10BCC00010BD10B541F26A4200F06AFAC0B210BD70
:10BCD00010B541F26A4200F063FAC0B210BD10B56F
:10BCE00041F26A4200F05CFAC0B210BD44F2200298
:10BCF00000F056BA10B5212200F052FAC0B210BDC1
:10BD000010B5682200F04CFAC0B210BD10B5342254
:10BD100000F046FA002800D0012010BD10B541F215
:10BD2000320200F03DFA00B210BD10B541F232020D
:10BD300000F036FA00B210BD10B541F2320200F048
:10BD40002FFA00B210BD10B541F2320200F028FA0D
:10BD500000B210BD10B541F2320200F021FA00B27B
:10BD600010BD10B541F2320200F01AFA00B210BD57
:10BD700010B5612200F014FA002800D0012010BD97
:10BD8000034A10B5128900F00BFAC0B210BD0000D2
:10BD90000801002010B541F2040200F001FA00B2DF
:10BDA00010BD10B541F2040200F0FAF900B210BD66
:10BDB00010B541F2040200F0F3F900B210BD10B565
:10BDC00041F2040200F0ECF900B210BD10B541F2EE
:10BDD000690200F0E5F980B210BD10B541F26902C8
:10BDE00000F0DEF980B210BD10B540F6490200F057
:10BDF000D7F900B210BD10B541F2060200F0D0F93B
:10BE000000B210BD10B541F2050200F0C9F900B250
:10BE100010BD10B540F2624200F0C2F9C0B210BDD0
:10BE200010B540F2624200F0BBF9C0B210BD10B5CF
:10BE300040F2624200F0B4F9C0B210BD10B540F655
:10BE40003C0200F0ADF9C0B210BD10B540F63D02A5
:10BE500000F0A6F900B210BD10B540F63A0200F0AD
:10BE60009FF900B210BD10B541F6110200F098F92B
:10BE700000B210BD10B541F6110200F091F900B208
:10BE800010BD10B541F6110200F08AF900B210BDE4
:10BE900010B541F6110200F083F900B210BD10B5E3
:10BEA00041F6110200F07CF900B210BD10B541F668
:10BEB000110200F075F900B210BD10B541F6110283
:10BEC00000F06EF900B210BD10B541F6110200F09D
:10BED00067F900B210BD10B541F6110200F060F92B
:10BEE00000B210BD10B541F6110200F059F900B2D0
:10BEF00010BD10B541F6110200F052F900B210BDAC
:10BF000010B541F6110200F04BF900B210BD10B5AA
:10BF100041F6150200F044F900B210BD10B541F62B
:10BF2000150200F03DF900B210BD10B541F6150242
:10BF300000F036F900B210BD10B541F6150200F060
:10BF40002FF900B210BD10B541F6150200F028F926
:10BF500000B210BD10B541F6120200F021F900B296
:10BF600010BD10B541F6120200F01AF900B210BD72
:10BF700010B541F6120200F013F900B210BD10B571
:10BF800041F6120200F00CF900B210BD10B541F6F6
:10BF9000120200F005F900B210BD10B541F6120210
:10BFA00000F0FEF800B210BD10B541F6120200F02C
:10BFB000F7F800B210BD10B541F6120200F0F0F82B
:10BFC00000B210BD10B541F6120200F0E9F800B25F
:10BFD00010BD10B541F6120200F0E2F800B210BD3B
:10BFE00010B541F6120200F0DBF800B210BD10B53A
:10BFF00041F6120200F0D4F800B210BD10B541F6BF
:10C00000120200F0CDF800B210BD10B541F61302D7
:10C0100000F0C6F800B210BD10B541F6130200F0F2
:10C02000BFF800B210BD10B541F6130200F0B8F829
:10C0300000B210BD10B541F6130200F0B1F800B225
:10C0400010BD10B541F6130200F0AAF800B210BD01
:10C0500010B541F6130200F0A3F800B210BD10B500
:10C0600041F6130200F09CF800B210BD10B541F685
:10C07000130200F095F800B210BD10B541F613029E
:10C0800000F08EF800B210BD10B541F6130200F0BA
:10C0900087F800B210BD10B541F6130200F080F829
:10C0A00000B210BD10B541F6130200F079F800B2ED
:10C0B00010BD10B541F6140200F072F800B210BDC8
:10C0C00010B541F6140200F06BF800B210BD10B5C7
:10C0D00041F6140200F064F800B210BD10B541F64C
:10C0E000100200F05DF800B210BD10B541F610026C
:10C0F00000F056F800B210BD10B541F6100200F085
:10C100004FF800B210BD10B541F6100200F048F82B
:10C1100000B210BD10B541F6100200F041F800B2B7
:10C1200010BD10B541F6100200F03AF800B210BD93
:10C1300010B541F6100200F033F800B210BD10B592
:10C1400041F6100200F02CF800B210BD10B541F617
:10C15000100200F025F800B210BD10B541F6100233
:10C1600000F01EF800B210BD10B541F6100200F04C
:10C1700017F800B210BD10B541F6100200F010F82B
:10C1800000B210BD10B541F6100200F009F800B27F
:10C1900010BD10B541F6100200F002F800B210BD5B
:10C1A0002DE9F04186B00C4606461546C2F38028BC
:10C1B000C2F380379FB122F4804510E002AB2A46DB
:10C1C00021463046F2F7DBFD60BBB8F1000F08D026
:10C1D0000CB1002403E03046FFF77AF80646002E43
:10C1E000ECD13CB941F201018D4207D0A5F5805058
:10C1F000043803D0284603F05BF812E0306807E00B
:10C200008D4202D1828A3AB901E0C28A12B900682D
:10C210000028F5D18D4202D1B0F9140001E0B0F947
:10C220001600029017B30298350000901AD03046DD
:10C2300021466322FFF7B4FF060012D0306880B1B8
:10C24000284621466422FFF7ABFF10F0FF0208D01A
:10C2500033683046009998470190BDF80400ADF866
:10C2600000000098029006B0BDE8F0810298FAE75D
:10C2700010B56022FFF794FF00B210BD10B540F674
:10C280004102FFF78DFF00B210BD10B540F642022B
:10C29000FFF786FF00B210BD10B540F64502FFF76C
:10C2A0007FFFC0B210BD10B540F64302FFF778FF24
:10C2B00000B210BD10B54FF40462FFF771FF00B279
:10C2C00010BD44F25742FFF76BBF41F25942FFF7EE
:10C2D00067BF41F25942FFF763BF41F25942FFF78E
:10C2E0005FBF41F25942FFF75BBF41F25942FFF78E
:10C2F00057BF41F25942FFF753BF41F25942FFF78E
:10C300004FBF10B541F25A42FFF74AFF00B210BDCD
:10C3100010B541F25A42FFF743FF00B210BD10B50D
:10C3200041F25A42FFF73CFF00B210BD10B541F296
:10C330005B42FFF735FF00B210BD10B541F25B4222
:10C34000FFF72EFF00B210BD10B541F25B42FFF7C0
:10C3500027FF00B210BD10B541F25B42FFF720FF8E
:10C3600000B210BD10B541F25B42FFF719FF00B2F9
:10C3700010BD10B541F25B42FFF712FF00B210BDD5
:10C3800010B543F60F02FFF70BFF00B210BD10B55A
:10C3900040F60B02FFF704FF00B210BD10B540F6E7
:10C3A0000B02FFF7FDFE00B210BD10B540F60A0209
:10C3B000FFF7F6FE00B210BD10B540F60A02FFF717
:10C3C000EFFE00B210BD10B543F60E02FFF7E8FE17
:10C3D00000B210BD10B541F20102FFF7E1FE00B25C
:10C3E00010BD10B541F20102FFF7DAFE00B210BD38
:10C3F00010B541F20102FFF7D3FE00B210BD10B537
:10C4000041F20102FFF7CCFE00B210BD10B541F2BF
:10C410000102FFF7C5FE00B210BD10B541F20702E0
:10C42000FFF7BEFE00B210BD10B541F20802FFF7E3
:10C43000B7FE00B210BD018B808A081A401C00B202
:10C44000704770B50546FEF743FF040012D0A88A76
:10C45000A18A451A2046FFF794F80544002120469A
:10C46000FFF77FFD2D1A00212046FFF757FC281A01
:10C4700000B270BDB5F9140070BD70B50546FEF789
:10C4800027FF040012D0E88AE18A451A2046FFF708
:10C490007FF8054400212046FFF727FE2D1A0021D2
:10C4A0002046FFF73BFC281A00B270BDB5F9160014
:10C4B00070BD10B50446FFF7E0FF02462046FEF7C8
:10C4C000C6FE104400B210BDC069814301D00020F7
:10C4D000704701207047C069084000D001207047B4
:10C4E000008C084000D0012070477FB50D460646FD
:10C4F0000221FFF7E9FF002820D080213046FFF716
:10C50000EFFFE8B902A93046FEF7E8FD0022294610
:10C5100002A8E6F75FFA040012D04FF480313046EB
:10C52000FFF7D2FF70B101208DF8040000956A4634
:10C5300011213046FAF756F89DF8040004B070BD9A
:10C540000020FBE72046F9E7F8B514460D460646FD
:10C550004FF40562FFF724FE00B26080002839D056
:10C56000304629465322FFF71BFEC0B22073022833
:10C5700030D929463046FFF753FCFD2804D2217BF1
:10C5800011FB00F0000A2073207B022822D93046DC
:10C59000294644F25202FFF703FE0090BDF8000066
:10C5A0002080304629465422FFF7FAFDA06030462D
:10C5B00029465122FFF7F4FD00B10120617B60F3B1
:10C5C0008201617329463046FFF79AFB617B60F375
:10C5D00001016173F8BDF8B514460E4605464622C2
:10C5E000FFF7DEFDC0B2E07202283CD93146284692
:10C5F000FFF716FCFD2804D2E17A11FB00F0000AD7
:10C60000E072E07A02282ED9002020804FF480705A
:10C610006080288BA98A4822401A401C00B200EB97
:10C62000D0704010A080688BE98A401A401C00B28C
:10C6300000EBD0704010E08028463146FFF7B0FD97
:10C6400010F0FF00A07209D02846314644F247029C
:10C65000FFF7A6FD0090BDF8000020813146284676
:10C66000FFF74EFB2073F8BDF8B514460D4606469D
:10C670004FF48B62FFF794FDC0B2A076022841D937
:10C6800029463046FFF7CCFBFD2804D2A17E11FBE2
:10C6900000F0000AA076A07E022833D92946304651
:10C6A000FFF70FFE0090BDF80000A081304629463C
:10C6B00041F25A42FFF774FDA0823046294641F20A
:10C6C0005B42FFF76DFD60823046294640F25C42D6
:10C6D000FFF766FDA17F60F30201A177294630468E
:10C6E000FFF70EFBA17F60F3C501A1772946304615
:10C6F000FFF7EBFD20603046294641F25D42FFF72F
:10C700004FFD2077F8BDF8B514460D46064640F6B5
:10C710004902FFF745FD00B26080002846D0304650
:10C7200029464E22FFF73CFDC0B2207202283DD9B7
:10C7300029463046FFF774FBFD2804D2217A11FB0D
:10C7400000F0000A2072207A02282FD930462946AC
:10C7500044F24D02FFF724FD0090BDF80000208058
:10C76000304629464A22FFF71BFD00B2A08028B1BF
:10C77000304629464B22FFF713FDE080304629461C
:10C780004C22FFF70DFD08B1012100E00021607A85
:10C7900061F38200810861F3C3006072294630466C
:10C7A000FFF7AEFA617A60F301016172F8BD2DE91D
:10C7B000F84314460D4606466022FFF7F1FC208040
:10C7C00025B129463046FFF72BFB00E0FF208046CD
:10C7D00029463046FFF724FB0746022802D9B8F164
:10C7E000020F09D80020E07084F8220084F8360097
:10C7F00084F82A00BDE8F88329463046FFF780FA1E
:10C80000A070E078002851D0304629462122FFF759
:10C81000C7FCC0B2E070022848D929463046FFF76D
:10C8200065FA0090BDF80000A08030462946262217
:10C83000FFF7B6FC010007D0487A400704D00A226F
:10C84000A01DFDF733F831E0304629462322FFF7DB
:10C85000A7FCE17B60F30201E17348071DD0294684
:10C860003046FFF743FA0090BDF80000E080304604
:10C87000294644F22202FFF793FC0090BDF8000025
:10C880006081304629462422FFF78AFC2072304618
:10C8900029462522FFF784FC2073304629462722AB
:10C8A000FFF77EFCE17B60F3C501E173304629466A
:10C8B00041F23202FFF774FC00B2208408B394F80E
:10C8C0002200F0B1304629463122FFF769FCC0B2A0
:10C8D00084F82200022814D9304629463322FFF773
:10C8E0005FFC94F8231044F2300260F3450184F8B1
:10C8F000231030462946FFF753FC0090BDF8000096
:10C90000E08329463046FFF7A7FAE084C8B194F8DF
:10C910002A00B0B129463046FFF790FA84F82A0081
:10C9200002280ED929463046FFF78FFA2085304677
:10C93000294644F23B02FFF733FC0090BDF80000AB
:10C94000A084A07E68B33046294640F62802FFF74F
:10C9500027FC206128B3304629462922FFF720FC16
:10C96000C0B2A07602281CD92069FBF742FA02283F
:10C970006AD03046294644F22A02FFF711FC0090A3
:10C98000BDF800002083304629462B22FFF708FC23
:10C99000E076304629462C22FFF702FC00B1012048
:10C9A000207794F8360050B329463046FFF782FCD2
:10C9B000E08520B394F83600022820D92946304675
:10C9C000FFF76AFC84F83600022818D92946304659
:10C9D000FFF754FC208629463046FFF756FC608658
:10C9E00029463046FFF75FFCA0863046294644F2D0
:10C9F0004402FFF7D5FB0090BDF80000A085B8F118
:10CA0000FD0F02D218FB07F0070AFD2FBFF4F2AEAC
:10CA100014F8030F10FB07F0000A04F8140BE07879
:10CA200010FB07F0000AE070E07A10FB07F0000A44
:10CA3000E072E07F10FB07F0000AE077E07C10FB7B
:10CA400007F0000AE074D5E629463046FFF73DFCC2
:10CA5000606129463046FFF734FC0090BDF80000C5
:10CA600020839EE77CB505464FF4002403E028466A
:10CA7000FEF72EFC0546FEF72BFC28B12146284682
:10CA8000FFF722FD0028F2D12846E6F7B8FF04465A
:10CA900005F114016846F4F7AEFDBDF800006946E3
:10CAA000001BADF80000BDF80200001BADF802004D
:10CAB000BDF804002044ADF80400BDF80600204491
:10CAC000ADF80600284600F001F87CBD1CB5044610
:10CAD0006846F4F790FD69462046FDF725FD0028DD
:10CAE00005D02046FEF782FB6946E6F769FE1CBDCD
:10CAF0000068002808D0017E8907F9D0007E00F088
:10CB00000300012800D0002070470068002809D0E9
:10CB1000017E11F00C0FF8D0007EC0F381000128D7
:10CB200000D000207047000010B504460849FFF708
:10CB3000D2FC08B1002010BD2046FEF7C9FB00283A
:10CB4000F9D00021FFF749F90028F4D0012010BDE9
:10CB5000010006007CB50546E6F751FF044605F1E5
:10CB600014016846F4F747FDBDF800006946001B54
:10CB7000ADF80000BDF80200001BADF80200BDF8E2
:10CB800004002044ADF80400BDF806002044ADF8D0
:10CB900006002846FDF7C8FC7CBD10B5418C41F06D
:10CBA00001014184FEF798FB418C41F00201418470
:10CBB000FEF71CFB4068002803D0BDE8104003F0DE
:10CBC0001DBF10BD2DE9F04799461746884682469D
:10CBD000FEF77FFA0646002523E000BFDAF80800DA
:10CBE000B9F1000F006850F8254005D04FF48021BE
:10CBF0002046FFF769FC98B9A18A002301EB0800E1
:10CC0000A082E08A3A463844E082218B01EB08009A
:10CC10002083608B4146384460832046FFF7D2FF73
:10CC20006D1CB542DAD3BDE8F0872DE9FF474568B2
:10CC300016460F4604469DB300212846FFF791F99A
:10CC4000804600212846FFF750FA81464FF48021A4
:10CC50002046FFF739FC48B1A98A07EB08000844D1
:10CC600007B2E98A06EB0900084410E02846FEF7FF
:10CC700088FCAA8A02EB0801081A384407B2284641
:10CC8000FEF786FCEA8A02EB0901081A304406B274
:10CC900000212846FFF742F8391830440FB206B297
:10CCA000A08A381A07B2E08A301A06B20FB9002EED
:10CCB00040D02046FFF7D6FE02A92046FEF78FFAA5
:10CCC0004FF0000875B169462846FEF726FA0022A3
:10CCD000694602A8E5F7BEFD5FEA000802D12846D2
:10CCE00000F0A2FDA08A32463844A082E08A39468C
:10CCF0003044E082208B002338442083608B304412
:10CD000060832046FFF75EFF8DB122462221284630
:10CD1000F9F768FC2046FFF7A5FE0022694604F1FA
:10CD20001400E5F797FDB8F1000F07D104E02046A5
:10CD3000FFF798FEBDE8FF870028FBD0284600F0EB
:10CD400073FDF7E770B50C00064604D5FEF7C0FA90
:10CD5000FEF7BFF904443046FEF77FFA024630463C
:10CD6000FEF7B6FA0546002C2DDBFEF7B2F9A0421D
:10CD700029DD944227D015DA6FF00301A24214DDB9
:10CD8000A86801EB82030068C35840F82230521EA5
:10CD9000F4E7A86801EB82030068C35840F822302A
:10CDA000521C00E00421A242F3DBA86800222221E9
:10CDB000006840F824602846F9F714FC2846BDE8CE
:10CDC0007040FFF74FBE70BD2DE9F0410D4606469D
:10CDD000FEF7C9FBA0B93046FEF7CCFB044630464F
:10CDE000FEF782FA00280BDA002C09DD404284426B
:10CDF00000DB044622B22B460021304600F0C0FB87
:10CE00003046FEF7A9FB002825D13046FEF7E6FAAA
:10CE100004463046FEF742FB074600213046FEF747
:10CE20003BFF01280BD0002F15DA002C13DD7842D0
:10CE3000844200DB044621B22B46002206E0002C8F
:10CE400009DA002F07DD2B46002221463046BDE8D7
:10CE5000F04100F095BBBDE8F0812DE9F14F82B0C3
:10CE60000298FFF761FE00287DD10298FEF730FAA4
:10CE7000009000210298FFF7D0FA82460021029824
:10CE8000FFF7D2FA0746009868B1FEF78EF981469F
:10CE90000098FEF770F90546CAF341304FF0640B75
:10CEA000012803D012E03A46514694E02AF4C040EB
:10CEB000B0F5FA6F0ADCB0F57A7F01DDC0F57A7063
:10CEC00000FB09F090FBFBF00FFA80FAC7F341304A
:10CED00001280DD127F4C040B0F5FA6F08DCB0F599
:10CEE0007A7F01DDC0F57A70684390FBFBF007B2F2
:10CEF000002143F20C020298FFF752F906B200211A
:10CF000043F20D020298FFF74BF902B20298FFF7C5
:10CF100092FA80460298FEF79AF90446C6F3413029
:10CF200001280ED126F4C040B0F5FA6F09DCB0F547
:10CF30007A7F01DDC0F57A7000FB08F090FBFBF012
:10CF400006B2C2F3413001280FD122F4C040B0F53F
:10CF5000FA6F0ADCB0F57A7F01DDC0F57A706043C4
:10CF600090FBFBF000E056E002B20AEB060006B2CE
:10CF7000B81807B200210298FEF767FE50B10128E9
:10CF800027D0801E082824D2DFE800F00B13202BC6
:10CF90003318383B00210098FEF777FE012808D0AF
:10CFA00017E009EBD971491008EBD870A1EB6000CC
:10CFB00001E0A9EB0800304406B20AE005EBD570A9
:10CFC000401004EBD471A0EB610000E0281B384452
:10CFD00007B23A463146029803B0BDE8F04FFFF77A
:10CFE00024BE09EBD971491008EBD870A1EB6000A1
:10CFF00001E0A9EB0800304406B2E7E7A9EB08001E
:10D0000006E009EBD971491008EBD870A1EB60007C
:10D01000304406B2D2E7BDE8FE8F2DE9F04F04465A
:10D02000408C87B0410501D580057ED42046FEF7AF
:10D030004FF95FEA000878D02046FEF7CFF901905B
:10D04000608C002640054FF4FA6B42F2D17A03D58A
:10D050002046FFF7F0F95FE000212046FFF7BAF91C
:10D060000546504501D1012600E00026C5F34130B8
:10D07000012805D125F4C040584501DC012000E01D
:10D08000002081464046FEF790F8074626B120462C
:10D09000E8F71EFC05462BE0B9F1000F28D0B8F8E0
:10D0A0002200400518D400214046FFF793F950456F
:10D0B00012D100212046FEF731FE05460021204610
:10D0C000FEF74FFF00EB050900212046FEF7A4FF05
:10D0D000411901EB09000AE025F4C040B0F57A7F60
:10D0E00001DDC0F57A707843642190FBF1F005B260
:10D0F0002046002141F20202FFF752F80FFA80F9B0
:10D100002046002141F20302FFF74AF802B23B46F3
:10D1100049462846F5F751FE07462046FEF72AFA0B
:10D1200000904FF00009608C00E06FE0800503D5AF
:10D130002046FEF78CF855E000212046FEF72AFE37
:10D14000A0F51C510546D13906D000208146C5F313
:10D150004130012802D007E00120F7E725F4C04064
:10D16000584501DC012000E0002083464046FEF7E0
:10D1700002F88246B9F1000F04D02046E8F736FBEA
:10D1800005461BE0BBF1000F18D0B8F8220080055F
:10D1900007D400214046FEF7FDFDA0F51C51D13912
:10D1A00038D025F4C040B0F57A7F01DDC0F57A7043
:10D1B00000FB0AF0642190FBF1F005B2204600214B
:10D1C00041F20502FEF7ECFF0FFA80FB204600213A
:10D1D00041F20602FEF7E4FF02B2534659462846E2
:10D1E000F5F7B6FD054656EA090605D0DDE900214A
:10D1F0000023204600F0C1FA2046FFF71CF9B84290
:10D200001BD12046FEF723F8A84216D1002007B014
:10D21000BDE8F08F00212046FEF780FD0546002185
:10D220002046FEF762FF00EB050B00212046FEF7CB
:10D2300021FE411901EB0B00BFE72046FFF712FC6E
:10D2400002A92046FDF7CBFF04A94046FDF765FF84
:10D25000002204A902A8E5F7FDFA060002D1404623
:10D2600000F0E2FAE08A6D1E284460830021204627
:10D27000FEF70BFD01281CD0A08A7F1E38442083B6
:10D2800002AA29212046F9F7ADF92246222140467B
:10D29000F9F7A8F92046FFF7E5FB00212046FFF744
:10D2A00093FD002204A904F11400E5F7D3FA36B97E
:10D2B00004E0208BC01B401CA082E1E710B1404677
:10D2C00000F0B2FA0120A2E738B50446E6F797FB72
:10D2D00005460020ADF800006A4613212046F9F704
:10D2E00081F9BDF90000A84202D02046FFF7BAFB41
:10D2F000A06818B1BDF80010C18209E0BDF80000B7
:10D3000030B12046FDF7F2F8A168BDF80000C882F0
:10D31000BDF90000A84202D02046FFF7A3FB38BDAC
:10D3200070B505460021FFF755F804460021284650
:10D33000FEF730FD42F2D1718C4203D0884201D019
:10D34000002070BD2846FFF728FC012070BD0000BA
:10D350002DE9F04706462C4814460D460078002873
:10D360004FD03046FFF77EFB05F47F05E0044FF415
:10D3700070294FF6FF771ED54D4514D09DB130462C
:10D38000002141F20402FEF70BFF00B242F2D17815
:10D39000404508D03046002141F20102FEF700FF6F
:10D3A00000B2404514D100222A213046F9F71AF97B
:10D3B0003046FFF7F2FB4D4500D04DB9BC4201D0DD
:10D3C000A00405D53046FDF783FF08B1FFF7E5FB64
:10D3D000BC4201D0200502D53046FFF775FF30462C
:10D3E000FFF740FBBC4204D060050AD514F4C05FCF
:10D3F00007D0B5F5803F04D03046BDE8F04705F0D2
:10D400008EBBBDE8F0870000E8000020F0B4448C3B
:10D4100000230425C4F3C5040BE000BFC66805EB78
:10D42000C307F659F70103D526F07F46964202D08E
:10D430005B1C9C42F2D89C4202D1F0BC0020704799
:10D44000C06850F83300F0BC01F0B0BF2DE9F05FC8
:10D450004FF6FF7A0F0005461FFA82F802F47F09A3
:10D46000564602D0F87900B900260024214659E03A
:10D47000EA68042000EBC40B964652F80B00C0F398
:10D4800007424FEA024C524683B2904501D04345D1
:10D4900009D1B9F5702F01D0CC4504D12FB15EF878
:10D4A0003430BB4201D0641C3CE0800104D5002331
:10D4B0004946284608F066FBE86850F80B10CA0198
:10D4C00001D489010CD550F8340001F0D2FFE8688E
:10D4D00050F83400FCF77EF9E968002041F8340088
:10D4E000204608220AE0E96802EBC00C01EBC00309
:10D4F0006144401CD1E900C1C3E900C1698CC1F39A
:10D50000C501491E8142EED8688CC108491E61F3ED
:10D51000C8006884C0F3C500C100E868FCF79EF944
:10D520000121E860688CC0F3C500A042A0D80029A2
:10D5300008D0002E06D0324649462846BDE8F05FA6
:10D54000FFF706BFBDE8F09F70B506460B480078B0
:10D55000002812D000200CE0002506E0E06850F81A
:10D560002510304605F0B7FB6D1C606AA842F5D85F
:10D570002046F6F75BFA0400EED170BDE80000200B
:10D580002DE9F0411646074690B00D4651EA0600D7
:10D5900076D0012B19D03C493846F3F709FB0446F5
:10D5A0003A493846F3F704FB804632462946384666
:10D5B00005F010FD54EA080462D010B03846BDE80A
:10D5C000F04100220A21F9F70DB83846FDF70EFEAA
:10D5D00080466846F3F730FB2D484FF4C874009737
:10D5E00003902DB34046F6F7FBF940102A46002180
:10D5F000F3F789FBC82801D2C82002E0A04200D975
:10D6000020460A903846FDF7BCFF4142281ACDE972
:10D6100008101E4801901F48079106906A4609218C
:10D620003846F8F7DFFF01282AD16846F3F778FB80
:10D63000002E25D04046F6F719FA40103246002158
:10D64000F3F761FBC82801D2C82002E0A04200D94C
:10D6500020460A903846FDF79BFF4142301ACDE93B
:10D660000810094801900B48079106906A46092165
:10D670003846F8F7B7FF012802D16846F3F750FBA8
:10D6800010B0BDE8F0810000993002088130020836
:10D690002F2D02089F0C01082DE9F0471546824600
:10D6A00099460C4651EA050065D0504600F0BEFB95
:10D6B0005046FDF766FF40420FFA80F808EB040081
:10D6C00004B200215046FEF7E7FA012813D0002CDF
:10D6D00013DC25DA5046FDF781FE06465046FDF77D
:10D6E000DDFE304400B2002800DA002040428442CF
:10D6F00016DA04B214E0002C02DA4FF000040FE056
:10D700000EDD5046FDF76AFE06465046FDF7C6FEA2
:10D71000304400B2002800DA0020844200DD0446D4
:10D720005046FDF735FF404206B2701905B2002D94
:10D7300002DD4FF0000510E00FDA5046FDF71AFF4A
:10D7400007465046FDF7D0FD384400B2002800DA05
:10D7500000204042854200DA05B2A4EB080001B285
:10D76000A81B02B251EA020005D04B465046BDE864
:10D77000F047FFF705BFBDE8F08770B516461D46B8
:10D7800004461A4600F024F82A4631462046BDE8F1
:10D79000704000F033B8F8B50E46044600F046FB82
:10D7A000002000902046FDF793FD054604F1140784
:10D7B0000AE033466A462146384605F0C5FA2C464B
:10D7C0002046FDF785FD0546002DF2D1F8BD00008D
:10D7D00070B50D46144606460749F3F7E9F9304699
:10D7E000FDF7CFFE401B01B223463046BDE8704036
:10D7F0000022FFF751BF00008130020870B50D46CE
:10D80000144606460749F3F7D3F93046FDF7C0FE44
:10D81000401B02B223463046BDE870400021FFF7AE
:10D820003BBF0000993002081FB5044602AA6946B2
:10D83000FDF7B6FE6846F3F74AFF20B902A8F3F7F2
:10D8400046FF002810D06846F3F741FF18B169463B
:10D850002046FFF73BF902A8F3F739FF002803D071
:10D8600002A92046FFF732F91FBD70B50D460446E8
:10D87000FCF73CFEA068858270BD000070B51646BE
:10D880001D460446002200F047FA00223146204699
:10D8900000F02AFA00222946204600F045FA044802
:10D8A0000022808981B22046BDE8704000F04ABA6B
:10D8B0000801002010B50446002200F01DFA0448BB
:10D8C0000022808981B22046BDE8104000F03ABABB
:10D8D0000801002010B50446002200F015FA204689
:10D8E000FDF7F6FCBDE81040FFF757B938B50C4618
:10D8F000054600236A4641F20401FDF7C9FC0128F0
:10D9000007D0002804D100222146284600F014FA4E
:10D9100038BD0098A042F6D138BD10B5044689B292
:10D92000002200F00FFA2046BDE81040FFF735B99D
:10D930002DE9F0410C4615461F4606461946F1F7FB
:10D94000CFF82A46214601F091FE2246394630465C
:10D95000BDE8F041FFF7FCBC70B5064640680C46D8
:10D96000002867D0002C65D03046FFF77BF82046B2
:10D97000FCF7BCFD30467568FDF76FFC01460422DC
:10D9800007E0A86802EB81030068C35840F8213023
:10D99000491C2846FDF79DFB801E8842F1DAA968E4
:10D9A0004868401E4860A96805D082000868114692
:10D9B000FBF754FF03E00868FBF70CFF0020A968A1
:10D9C0000860A1684868401C4860A268810010682F
:10D9D000FBF744FFA16808602046FDF77AFB6FF073
:10D9E000030101EB8000A16809680E500021284660
:10D9F0007460FFF7E9F92846FFF716FF3246222147
:10DA00002846F8F7EFFD002224212846F8F7EAFD22
:10DA1000324622212046F8F7E5FD00222321204648
:10DA2000F8F7E0FD3046FFF7B8F83046BDE8704043
:10DA3000FFF718B870BD70B51546044600F0C3F97D
:10DA400029462046BDE8704000F0D4B970B50C46B8
:10DA50000546FCF74BFDA868417E01F00F01A1428D
:10DA600000D0447670BD70B50C460546FCF73EFD0F
:10DA7000A868017E64F38301017670BD70B50C4621
:10DA80000546FCF733FDA868017E64F305110176B5
:10DA900070BD70B50C460546FCF728FDA868017EF0
:10DAA00001F00302A24207D064F301010176284687
:10DAB000BDE87040FEF7D6BF70BD70B51546044690
:10DAC00000F06AF929462046BDE87040FFF70EBF16
:10DAD0002DE9F34F87B08146008C089988427DD0AC
:10DAE0000390A9F820104846089A0399E6F72EF803
:10DAF0005FEA000872D04FF420742046FBF70CFE5A
:10DB000021460290FBF7B0FF0025284693E000BFB6
:10DB1000D9F80C10042201EBCA0002EBCA040490ED
:10DB2000085920F07F4000F07FF90090D9F80C00F0
:10DB3000005920F07F4000F074F906900899009891
:10DB4000884376D104984068800172D40498672293
:10DB50000068838819040AD5006804E0914201D165
:10DB600044681DE0083001880029F7D161E0C179DF
:10DB7000A9B301290FD90468002004EB810307E051
:10DB800033F81060964202D104EB800007E0401C9D
:10DB90008142F5D84DE0C3F30E01672949D10468ED
:10DBA000002740E0002620E0029806EB860100EB0B
:10DBB00081010591D1F804B0584600F035F9019083
:10DBC000584600F02EF9216831F817200599098987
:10DBD0008A4209D10699884206D101E06FE028E027
:10DBE000DDE90001814202D2761CAE42DCD3AE42B6
:10DBF00018D1029A05EB8500A18922F82010029A1B
:10DC0000218A02EB80006D1C4180A168C1602168FF
:10DC100031F817100181616801610499496821F0A8
:10DC20007F4141607F1C206830F8170008B1202D2B
:10DC3000B8D30AF101008246B9F82200C0F3C50149
:10DC4000514502D9202DFFF463AF002410E000BF3E
:10DC5000029804EB840100EB8106706800F0E1F8A3
:10DC6000014600964846089B039AE5F7CFFE641CE0
:10DC7000AC42EDD30298FBF79BFDB8F1010F0ED03B
:10DC8000B8F1030F11D0B8F1020F18D14846FEF7D2
:10DC9000E9FE09B04846BDE8F04FFFF715BB09B0F3
:10DCA0004846BDE8F04FFEF7DDBE09B04846BDE886
:10DCB000F04F4FF6FF724FF47021FFF749BB09B0E8
:10DCC000BDE8F08F13460A4641F20901FFF730BE66
:10DCD00013460A4641F26A41FFF72ABE13460A4636
:10DCE00040F62801FFF724BE13460A4601498988F9
:10DCF000FFF71EBE0801002013460A4601490988A5
:10DD0000FFF716BE0801002013460A46014909899B
:10DD1000FFF70EBE0801002013460A460149498854
:10DD2000FFF706BE0801002013460A460149C988CC
:10DD3000FFF7FEBD0801002013460A4641F2040128
:10DD4000FFF7F6BD13460A4641F26901FFF7F0BD41
:10DD500013460A4641F20201FFF7EABD13460A469E
:10DD600041F25D41FFF7E4BD13460A4641F25941D5
:10DD7000FFF7DEBD13460A4641F20101FFF7D8BDA9
:10DD800013460A4641F20701FFF7D2BD13460A4681
:10DD900041F20801FFF7CCBD38B50C46054600231B
:10DDA0006A4641F20101FDF773FA012807D0002805
:10DDB00004D1002221462846FFF7DCFF38BD009839
:10DDC000A042F6D138BD38B50C46054600236A4658
:10DDD00041F20701FDF75CFA012807D0002804D1C1
:10DDE000002221462846FFF7CBFF38BD0098A0420D
:10DDF000F6D138BD38B50C46054600236A4641F2D7
:10DE00000801FDF745FA012807D0002804D10022B7
:10DE100021462846FFF7BAFF38BD0098A042F6D148
:10DE200038BD00F47F00704780B2704770B50B4D6D
:10DE30002978002911D101212970FDF74DFA0446F6
:10DE400006E000BF20F0020060842046F2F7A8FC44
:10DE5000608C8107F6D40020287070BDE00000209F
:10DE600008B5132802D209B1042905D9F5F701F83C
:10DE70000090BDF8000008BD044A491EC9B202EB7B
:10DE8000C00000EB4100008808BD000058E5020812
:10DE900008B5132802D209B1052905D9F4F7E9FF1D
:10DEA0000090BDF8000008BD054A491E00EB800047
:10DEB000C9B202EB400000EB4100008808BD000041
:10DEC0009AE4020808B5132805D3F4F7D2FF0090AE
:10DED000BDF8000008BD024901EB4000008808BD04
:10DEE00074E40208002801DAC0F57A7040F40050AA
:10DEF00000B2704710B5B0F90420B0F90030408886
:10DF0000D21A02EBD27252100C8813444988104482
:10DF1000E31A081A12FB02F113FB03F210FB0020B4
:10DF2000884201D8012010BD002010BD10B50E4858
:10DF3000F5F774FC0C4CF02004F1680120804FF4DC
:10DF40008C706080094860614FF4D2530022A1F1C7
:10DF50001C00F5F753FC04F14C00E060BDE81040F4
:10DF60004C38F5F785BC0000D44B0020B967000899
:10DF700010B50648F9F74EFF044801210170044925
:10DF80004160F9F75BFF0349486010BDBC80002089
:10DF900009590208B800002070B50C460123002181
:10DFA00010E0D50706D01D46A5FB003601FB006139
:10DFB00005FB0411A0FB005604FB006600FB046493
:10DFC00052102846002AECD1184670BD2DE9F04FBA
:10DFD000544E054689B0706801688C6BC9688968C1
:10DFE0002160016809698A0701D4C90723D0F5F7C0
:10DFF0003DFD401E07B27068F5F7F2FC401E03B20B
:10E000000022114601A80097F3F7A7FB01A9616060
:10E0100070680068027CC068920705D5826942F08A
:10E0200002028261A16076E08169826961F3410246
:10E030008261A5606FE0A9882A88891A491C0FFAB5
:10E0400081F9E9886A88891A491C0FFA81F8F5F77D
:10E050000DFD0146B5F90600814203DC7068F5F755
:10E0600005FD401E07B242464946B2467068F0F7C9
:10E070009FFD81460026B5F902000DF10C0B28E04A
:10E080002A88ADF80C20AA88ADF81020ADF80E0053
:10E09000ADF81210C4F804B0C4F808B0DAF80400FF
:10E0A0000168C96889682160BDF91210B94201DDB3
:10E0B000ADF81270BDF91260B74205D10068C068B2
:10E0C000816941F002018161204600F02DF80FFACC
:10E0D00088F000EB0908A8F10101B942D0DDB74290
:10E0E0001CD02988ADF80C10A988ADF81010ADF837
:10E0F0000E00ADF81270C4F804B0C4F808B0DAF835
:10E1000004000168C968896821600068C068816985
:10E1100041F002018161204600F006F809B0BDE837
:10E12000F08F0000EC000020F0B54E4C06468FB09A
:10E130006068F5F751FC0546006850B1686828B181
:10E1400007E060680068816A01B188472869002893
:10E15000F7D100256068F5F773FC0146706800F0A0
:10E16000CDF807466068416919B1706800F0C6F8DB
:10E17000054657EA05004BD1B06AB0B16846F6F7DC
:10E18000E5FE6068C16A049190F829108DF81A10B4
:10E19000418DADF8041090F829008DF80300B36AA2
:10E1A000694630467268984732E06068C06AF8B1E4
:10E1B00009A9F9F781FB01282AD109980022410D0C
:10E1C000491EC0F38A230091114607A85B1EF3F78E
:10E1D000C4FA01A8F5F790FE606807AA90F8291024
:10E1E0008DF80F10C36A01A93046F5F75DFE0FE008
:10E1F0006846F6F7ABFE6068418DADF8041090F804
:10E2000029008DF80300694630467268F6F78AFEE9
:10E210006068406928B105B905462946304600F0D6
:10E2200071F90FB9606807693046394600F06AF93C
:10E230006068F5F7F3FB0146304600F063F960686B
:10E24000F5F7E4FB0146304600F05CF960680168D0
:10E25000097C890704D40FB0BDE8F040E9F730BA73
:10E260000FB0F0BDEC00002070B5234D00202860F9
:10E270006868B0F85041002C3DD0002603E0011939
:10E2800091F8301179B1641EF9D50168C9688A69BD
:10E2900022F001028A610068C068816921F00201F0
:10E2A0008161002422E02646EFE7011991F8301140
:10E2B000D9B9B44205D10168C9688A6942F001023E
:10E2C0008A610168C9688A6922F002028A6100EBEA
:10E2D000C4003030FFF77AFE686800EBC4003030CD
:10E2E000F3F7F5F9296808442860641C6868B0F8F9
:10E2F0005011A142D9DC70BDEC0000202DE9FC4199
:10E300000D460024804622461431E4F7A3FA58B3A0
:10E3100001212846FEF7D8F830BB00208DF8000018
:10E320006A4612212846CDF80480F8F75BF99DF87B
:10E330000000022805D02846FCF7CBFE0746002641
:10E340000CE00020BDE8FC81A868006850F82610A9
:10E350004046FFF7D3FF040006D1761CBE42F3D33C
:10E360009DF8000000B92C462046EBE72DE9FC4162
:10E370000025DFF8B4804FE0294491F83011E9BB63
:10E38000002441E0011991F83011C1BBA5423AD0F7
:10E3900000EBC40100EBC50030303031E4F7AEFAD9
:10E3A00068B37068B04600EBC40200EBC501684674
:10E3B00030313032E4F7A1FB6846F3F788F90646BE
:10E3C000D8F8040000EBC5003030F3F780F90746B9
:10E3D000D8F8040000EBC4003030F3F778F9384483
:10E3E000864210D2D8F80400464600EBC5006946C4
:10E3F0003030F3F709F90120716801E00BE002E029
:10E40000214481F83001641CD8F804004646B0F875
:10E410005011A142B6D86D1CD8F80410B1F85021A3
:10E42000AA42A9D8BDE8FC81EC0000202DE9F04308
:10E430008846044687B001214046FEF745F800288B
:10E440005DD102A94046A668FCF7C9FE4046E5F743
:10E45000D6FA0146024602A8F3F765F902AA314648
:10E4600004A8E4F7CFF9002849D00DF1100922469D
:10E4700014214046C4F80890F8F7B4F82246152154
:10E480004046F8F7AFF8224616214046F8F7AAF8BA
:10E490004FF400214046FEF717F820B13068009095
:10E4A0007068019006E008F1140231466846E4F70E
:10E4B000A9F990B1C4F808D04046FCF70AFE074617
:10E4C000002508E0D8F80800006850F8251020461C
:10E4D000FFF7ACFF6D1CBD42F4D322461721404626
:10E4E000C4F80890F8F77EF8224618214046F8F75D
:10E4F00079F8224619214046F8F774F8A66007B06B
:10E50000BDE8F0832DE9F0470C00814605D11B489A
:10E510004068F5F795FA04002AD021464846FFF7EF
:10E5200085FF1FE00027FCF7D4FD0646002508E024
:10E53000A068006850F82510E7B14846FFF776FF5D
:10E540006D1CB542F4D34A4617212046F8F74AF825
:10E550004A4618212046F8F745F84A461921204630
:10E56000F8F740F8A0464046FCF7B2FE0400D9D1C7
:10E57000BDE8F0874145E3D10127E1E7EC00002049
:10E5800010B591F82A000C4620F0010081F82A000D
:10E5900000208884C884088510212046FCF760F993
:10E5A0004FF400712046FCF75BF921460548FCF763
:10E5B000AFF8FCF71BF92046BDE81040002202A18D
:10E5C00000F00AB9DCE702084F7074696F6E203101
:10E5D0000A4F7074696F6E20320A4F7074696F6EE3
:10E5E00020330A4F7074696F6E20340A4F7074695B
:10E5F0006F6E203500000000F8B50E465648FCF757
:10E6000040FD01282ED13046F7F7A9FF05463046D8
:10E61000F7F7E3FF04462C2D1CD02A2D23D0292DFB
:10E620002DD0012D2DD0022D37D0082D50D0032D07
:10E630004ED00E2D50D00F2D5DD00D2D66D0132D48
:10E640007CD0152D01D0182D0CD13046BDE8F840F6
:10E65000EBF761BC3046F7F7BEFF05462046F0F702
:10E6600005FD2880F8BDF0F737FA18B100222A21FD
:10E67000F7F7B8FF2046FEF753FE002141E00021E6
:10E6800040E0A06A20F400312046A162F0F724FAAD
:10E69000BDE8F8403149F2F78BBAF9F7F3FB694668
:10E6A000F9F736FCBDF802000028DBD02046F0F771
:10E6B00013FA0546FDF7E1FEBDF80210084401B269
:10E6C0002846FFF797FBA06A40F40030A062F8BD2F
:10E6D000BDE8F84004F042BAFCF7B4FDF8F7E6FBF9
:10E6E0000546F9F7CFFBF9F70EFC042800D115B168
:10E6F000E08C2085F8BDE18C208D8142FAD0E08449
:10E7000001212046BDE8F84004F022B93046F7F771
:10E7100062FF0078132812D0122810D0142801D0DC
:10E720001128E7D1E08C0028E4D0258D401E81B26D
:10E730000122204600F0BBF82585F8BD06E0E08CFC
:10E74000A18C401C8842F8D2258DF0E7F0F7C4F97F
:10E75000BDE8F840FEF7B8BDC0E70208C5310208C1
:10E7600070B50E460846F7F7FAFE0446152805D0A0
:10E7700031461848FCF785FC012823D13046F7F7CD
:10E780002CFF0546132C08D0292C1CD0152C19D190
:10E790003046BDE87040EAF771BA3046F7F71BFF24
:10E7A00004462846FCF794FDF0F760FC0646284630
:10E7B000FDF741FE0246B4F90000B11A884200DCC0
:10E7C0000846208070BDFCF783FDBDE87040002145
:10E7D00004F0BEB8DCE702082DE9F84F15465FEA01
:10E7E000010904460DD02046F0F776F94FF0000BF2
:10E7F0000090A4F826B0A4F828B0A4F824B0584695
:10E8000006E0FEE70A2902D1A18C491CA184401C24
:10E8100019F800100029F5D1A08C401CA08494F8B0
:10E820002A00DDB340F0010184F82A104846E1F7E0
:10E830008AFD471CC7EBC7008246FAF76DFF064604
:10E840000025A0F1010800BF07FB05604946E1F77C
:10E850008FFD6D1C07FB05F10A20EDB201F80800E1
:10E86000072DF1D30AEB060101F801BC31460098EF
:10E87000FAF7A2FC3046FAF79BFFA08C00EB4001B0
:10E88000E184C0EBC000A0842046F1F70DFBE08CD2
:10E8900020850098BDE8F84FFEF716BD20F0010076
:10E8A00084F82A0049460098FAF786FCEFE730B46E
:10E8B00090F82A30DB070BD0C38C0724B3FBF4F3AA
:10E8C00013B1A3EBC3042144C3EBC303194489B2BE
:10E8D000838C8B4200D8591EC184018530BC1146FF
:10E8E00004F036B810B5F5F763F8BDE81040F5F759
:10E8F000A7B870B50020086791F874000C4620F0A6
:10E90000030081F874004FF440712046FBF7A8FF24
:10E9100010212046FBF7A4FF0020F5F74FF8502503
:10E9200005EBC000B0F5A07F08DB0020F5F746F846
:10E9300005EBC000A02190FBF1F000E0012001B246
:10E940002046BDE87040FEF790BF00002DE9F34F70
:10E9500083B0FE480499FCF794FB012852D1049837
:10E96000F7F7FDFD05460498F7F737FE044600F07B
:10E9700047FA0646112D17D0012D46D0022D78D02A
:10E98000082D77D0032DFCD00E2D74D0292D73D0F7
:10E99000132D72D00D2D71D0152D33D1049805B0E3
:10E9A000BDE8F04FEAF7A6B80498F7F714FE05465D
:10E9B000A06810B1B0F9147000E0002704F16801FC
:10E9C0006846F2F760FE3A4611466846F2F7ABFE3B
:10E9D000002268462968E3F7FDFF2871002811D15D
:10E9E000022E0FD104F160016846F2F74CFE3A4660
:10E9F00011466846F2F797FE002268462968E3F759
:10EA0000E9FF287105B0BDE8F08F2046FEF72AF82F
:10EA100094F8740040F0010184F874109EB1012E46
:10EA200011D0022EEED1F9F72DFA6946F9F740FA26
:10EA30002046FDF700FD05462046FCF708FC854210
:10EA400004DB012503E004F124003BE00025002164
:10EA50002046FDF73DF9A5B30128BDF900000ED011
:10EA6000B4F96C108842EEDCB4F96010884241DBE6
:10EA70000DE062E0D6E008E115E11AE189E1B4F9C0
:10EA800068108842DFDBB4F96410884232DCB4F9E4
:10EA90006410B4F96000091A01EBD17100EB610256
:10EAA000BDF90000111A002900DC811A0BB2B4F97B
:10EAB0006C20B4F96810521A02EBD27201EB6202B8
:10EAC0002EE00DE020679DE708B298422DDA04F1B0
:10EAD000240044F8700F207920F00200207191E7A3
:10EAE000BDF90200B4F96A209042ACDBB4F96610BB
:10EAF000884202DD04F13000E4E7B4F96230C91A5B
:10EB000001EBD17103EB6103191A002900DCC11A72
:10EB10000BB2B4F96E10891A01EBD17102EB6102EC
:10EB2000111A0029D0DC811ACEE704F1300044F834
:10EB3000700F207940F00200D0E7206F0028C2D08B
:10EB4000F9F7A0F90546F9F7DEF90128BBD16946C6
:10EB50002846F9F7ADF900212046FDF7B9F88246BD
:10EB60002046FDF768FC06462046FCF770FB05468C
:10EB700000212046FDF72DFA804600212046FDF7B2
:10EB800083FA074600212046FDF7EEFA8146002170
:10EB90002046FDF7A7F90246D4E90A010B1AAE4256
:10EBA0001FDBA6EB0802D21B15B2BAF1010F11D080
:10EBB000B4F91470BDF9006007EB0802B21A5A43A9
:10EBC00092FBF5F2236F04F130050244AB4214D1FD
:10EBD000616A13E0B4F91820BDF90060D21B921BE2
:10EBE000EDE7AE1AA6EB0905B4F91A70BDF902609B
:10EBF0003A44B21A2DB25242E1E7206B824201DA66
:10EC0000024602E08A4200DD0A461868904296D029
:10EC100020461A60FDF726FF00221C212046F7F748
:10EC2000E1FCEFE694F8740020F0010184F8741020
:10EC3000002120462167FDF715FF2046FCF702FB67
:10EC40000546F8F733F90646F9F71CF9F9F75BF9C9
:10EC50000428E6D1002EE4D0204600F0D1F80228A6
:10EC60000CD194F87400810704D440F0020084F8B9
:10EC70007400C7E620F0020084F8740005B028464E
:10EC8000BDE8F04F0021F8F78CB9F9F7FBF8F9F778
:10EC90003AF9042801D00228C3D114F8740F20F0E7
:10ECA00002002070AEE605B02046BDE8F04FFEF74A
:10ECB0000BBB4FF4403739462046FDF78AF98146B1
:10ECC00039462046FDF7E0F9804639462046FDF7F3
:10ECD0004BFA064639462046FDF704F9054620461C
:10ECE00043F60E023946FDF75BFA00B20090394652
:10ECF0002046FDF761FB824639462046FDF74EFB74
:10ED000083462046FDF797FB00EB4A072046FCF7B9
:10ED10009EFA00EB4B008742204604DAFDF78BFB9E
:10ED200000EB4A0003E0FCF792FA00EB4B0000997D
:10ED3000401010FB01F040F30F2049464246C14508
:10ED400000DC1146B54203DD2A4602E0F8E702087E
:10ED50003246914207DD49464246C14501DD0D4636
:10ED600004E0154602E0B54200DC354605444FF4A8
:10ED700040312046AD1CFBF743FC284404B2049804
:10ED8000F7F729FCB0F90010A14200DD0C46048021
:10ED900038E60498F7F71FFC0078132812D01128E2
:10EDA00010D0142801D01228F2D194F874008007F2
:10EDB000204616D4F2F7F6FD411E01222046F2F756
:10EDC00024FE15E094F874008007204604D4F2F77E
:10EDD000E9FD0122411CF1E7F2F7D5FD0122411CBA
:10EDE00003E0F2F7D0FD411E01222046F2F7E8FDD4
:10EDF00005B02046BDE8F04F00221C21F7F7F2BB1A
:10EE000010B5F2F7BBFD012802D0022800D0002087
:10EE100010BD00000FB40A4608B505A900910146CF
:10EE20000348049BE5F7B4FD01B05DF814FB000056
:10EE30005542000810B500200866B1F870000C4675
:10EE400020F0FF00401DA1F870000120C8660E48A8
:10EE5000486640428866B1F87000012120F4E06005
:10EE600000F58060A4F87000204601F02FFB01211E
:10EE7000204601F0B5FA82212046FEF78DFF20469C
:10EE8000BDE8104000F010B99F860100C26E016E0F
:10EE90008B1A826E934209DB002B03D5002901DD1A
:10EEA0004A420266026EC16E521A06E0B0F8703035
:10EEB000DB0502D5914200D1426E026600F0F4B843
:10EEC00070B50E465848FCF7DCF801287ED1304674
:10EED000F7F745FB05463046F7F77FFB0446082D5C
:10EEE00017D00D2D72D1F8F7CDFFF9F70CF80546C4
:10EEF0003046F7F770FB0168132968D0142967D0F2
:10EF000011297FD0122970D02046BDE8704000F052
:10EF100097BFF8F7B7FFF8F7F6FF042820460CD0A4
:10EF200001F055FA0546E1F70EFA216C6A5C2E2ACB
:10EF300031D0814233D1411E36E0FCF783F9F7F737
:10EF4000B5FF00285BD0B4F8700000F00F02012A72
:10EF500055D9C0F3412002280DD00A200021521EAD
:10EF6000FFF71AF8E36EDA17181A8A4151DB0A2103
:10EF70002046E16603E0E06E012804DD2046BDE89E
:10EF8000704000F06DB80A200021921EFFF704F8CF
:10EF9000E06620463EE0204601F0F5F807E031B992
:10EFA000A06E002803DA0121204601F01FFAB4F810
:10EFB0007010236C01F00F02C1F30315521E98B2BA
:10EFC000AB4209D911F0F00F06D003E017E017E0CB
:10EFD0001DE017E0401E80B2111AA06E002800DA72
:10EFE000491C0120E066002007E017E0E26E02EB1A
:10EFF00082025200401C80B2E2668842F6D370BDA5
:10F00000042DBBD12046BDE8704000F00FB8042DA0
:10F0100004D02046BDE8704000F02EB82046BDE880
:10F020007040FFF733BF000088AE0208C26E016E69
:10F030008B18426E934209DC002B03DD002901DAB4
:10F040004A420266026EC16E0A4406E0B0F87030B1
:10F05000DB0502D5914200D1826E026600F024B831
:10F06000C16E0A2291FBF2F1002901DDC16601E0C7
:10F070000122C26600F018B8D0E91921002901DA8E
:10F080004B4200E00B469A4201DD114602E00029A6
:10F0900000DA4942C26E02EB820252008A4200DC70
:10F0A000C26600F001B800002DE9F0418EB00546BF
:10F0B000122108A8FAF7D8FCA86E002708AC00288F
:10F0C00009DA286E002801DB2B2000E02D208DF8C6
:10F0D0002000641C00E001272B6E002B00DC5B424B
:10F0E00036A20E2102A8FFF795FE02A8E1F72BF940
:10F0F00095F870100DF1080801F00F010E1A002E9E
:10F1000012DD4046E1F71FF981B2424601EB060CE1
:10F11000535C02F80C30491EF8D50020302101E084
:10F120001154401CB042FBDBB5F8700010F0F00F3A
:10F1300004D0C0F303160020414606E000F00F069D
:10F14000F9E700BF04F8012B401CB04202DA0A5C68
:10F15000002AF7D195F8702012F0F00F10D02E226F
:10F1600004F8012B03E000BF04F8012B401C95F8C4
:10F17000702002F00F02824202DD0A5C002AF3D105
:10F1800008A9284601F0E2F995F870000A2200F07B
:10F190000F00E96E04E000BF91FBF2F1401EC0B227
:10F1A0000A29F9DAB04201DD401CC0B2C01BC1B26D
:10F1B000284601F01BF90EB0BDE8F081256400007F
:10F1C00030B50C4691B002212046FBF749FB68465A
:10F1D000F1F732FD1548CDE900404FF6FF70ADF86C
:10F1E0003C00134801680A914268079202F5B47026
:10F1F000CDE908206846F1F793FD0E4806900020FF
:10F200004FF4B475CDE9080507900B4801906846A6
:10F21000F1F786FD2A4600212046F2F7E2F84FF486
:10F2200087712046F2F78EF911B030BD3D520008CB
:10F23000F40100206D0C010843520008F0B58488E9
:10F240004FF0010623040BD5006804E08B4201D186
:10F25000406815E008300388002BF7D10020F0BD8E
:10F26000C379002BFAD0012B11D90468002004EBDC
:10F27000830509E035F810708F4204D154F820005E
:10F2800010603046F0BD401C8342F3D8E6E7C4F37B
:10F290000E038B42E2D1006810600120F0BD08210E
:10F2A000FAF7E2BBC07908B100207047012070472F
:10F2B0001CB50022FF214E2864D01EDC332863D009
:10F2C0000EDC29285ED006DC202849D022284BD02D
:10F2D00025283FD156E0302846D031283AD151E098
:10F2E00046284FD004DC3B283ED0442832D13BE0B6
:10F2F000472839D04D282DD136E040F63C04A0F601
:10F300003C03A0423ED010DC40F25744A0F25743E9
:10F31000A04229D004DC522826D053281AD131E04B
:10F32000012B2FD00B2B15D12CE040F2CA74A3F285
:10F33000CA70A3422DD004DC092B23D0C31C09D1F1
:10F3400027E0A0F58060533821D0A0F2B530B0F5A9
:10F35000005F02D0009200981CBD4FF4807014E052
:10F36000FF221146104602E0002211461046F3F734
:10F37000E5FE0190BDF804000190BDF80400ADF871
:10F380000000E8E70091E6E70F200090E3E702487D
:10F39000FBE741F6FF70F8E758E4020802490888E5
:10F3A000401C80B208807047580200202DE9F041CF
:10F3B000828804460F46100459D4E079002851D0C1
:10F3C000012804D02668002106EB80054DE0C2F339
:10F3D0000E0088424BD1D00BC003A0800020E0710A
:10F3E0003FE000BF35F81130BB423DD1022811D0BB
:10F3F000401E00EB40004000FAF762F9010036D0F1
:10F400002160E079401EC0B2E07101EB8003002072
:10F4100002461FE00120E071002907D0B5F8000086
:10F4200060F30E02A28003D1706802E06888F7E7FB
:10F430003068206012E000BF35F810C0BC4508D02D
:10F4400056F820E041F822E035F810C023F812C049
:10F45000521C401C94F807C08445EDD23046FAF7A0
:10F46000B9F90120BDE8F081491C8842BAD80020D2
:10F47000F8E710B50446808800040BD4E079012831
:10F4800002D92068FAF7A6F92046BDE81040082105
:10F49000FAF7EABA10BD0A46652100F0E7B803B4EE
:10F4A00082B0BDF80C10ADF80010009A522104B0E3
:10F4B00000F0DCB80A46512100F0D8B80A464FF4F3
:10F4C000056100F0D3B803B482B0BDF80C10ADF8FC
:10F4D0000010009A202104B000F0C8B803B482B034
:10F4E000BDF80C10ADF80010009A222104B000F015
:10F4F000BDB80A4640F6280100F0B8B80A462121F6
:10F5000000F0B4B803B482B0BDF80C10ADF8001030
:10F51000009A302104B000F0A9B80A46312100F069
:10F52000A5B80A46342100F0A1B80A46332100F0FC
:10F530009DB80A4641F2320100F098B80A466121AE
:10F5400000F094B80A46632100F090B80A4664219E
:10F5500000F08CB80A4641F2040100F087B803B409
:10F5600082B0BDF80C10ADF80010009A4D2104B027
:10F5700000F07CB80A4640F6490100F077B80A4628
:10F5800041F2060100F072B80A4641F2030100F0B0
:10F590006DB803B482B0BDF80C10ADF80010009A3D
:10F5A0003B2104B000F062B80A4640F63C0100F08E
:10F5B0005DB80A4640F63D0100F058B80A4640F6EC
:10F5C0003A0100F053B870B50C46054600F02EF82D
:10F5D0002146284600F02FF82146284600F035F84D
:10F5E00021462846BDE87040AFF300800A4641F648
:10F5F000110100F03BB80A4641F6150100F036B89B
:10F6000070B50C46054600F01BF821462846BDE8BB
:10F610007040FFF7F0BF70B50C46054600F006F8E5
:10F6200021462846BDE8704000F005B80A4641F67C
:10F63000120100F01BB80A4641F6130100F016B89B
:10F640000A4641F6140100F011B80A4641F61001CD
:10F6500000F00CB870B50C460546FFF7F6FF2146E2
:10F660002846BDE87040FFF7C1BF00002DE9F0411A
:10F67000044680880E46010410D4E179012715461E
:10F68000012935D92268084602EB810308E000BF52
:10F6900033F810C0B44503D142F82050BDE8F081E2
:10F6A000401EF5D5491C01EB410041001046FAF718
:10F6B000D5F80100F2D02160E07901EB800205E08D
:10F6C00002EB400C32F81030ACF80430401EF7D595
:10F6D000E079401CC2B201EB820000EB4200E27113
:10F6E00020F8026CE07901EB800040F8045C20E037
:10F6F0001AD1C0F30E00B04201D12260CEE70C2037
:10F70000F9F7DEFF0028C9D022682060E179491CA2
:10F71000C9B2E171A38800EB8101C3F30E030B8032
:10F720004E80C0E9002504E0E77166F30E00A0807A
:10F7300022603046E4F727FBA17987403943A17165
:10F74000ACE70A466021FFF791BF03B482B0BDF871
:10F750000C10ADF80010009A442104B0FFF786BFEA
:10F760000A4640F64201FFF781BF0A4640F64501CE
:10F77000FFF77CBF0A4640F64301FFF777BF0A4612
:10F780004FF40461FFF772BF70B50C46054600F0F8
:10F790002FF821462846BDE87040FFF7DBBE0A4639
:10F7A00041F25D41FFF762BF03B482B0BDF80C10B7
:10F7B000ADF80010009A40F2574104B0FFF756BF71
:10F7C0000A4641F25941FFF751BF0A4641F25B41F7
:10F7D000FFF74CBF0A4640F60B01FFF747BF0A464A
:10F7E00040F60A01FFF742BF0A466721FFF73EBF16
:10F7F0000A4641F20101FFF739BF00002DE9F04749
:10F800000F46DDE908891E46154604461421FAF71D
:10F810002BF9276005B9044DC4F80490083484E836
:10F820006001BDE8F0870000D30C01084162FDF7DC
:10F8300019B900684FF0FF314162FDF713B910B5F7
:10F840004FF0FF300C46486210212046FBF708F8C5
:10F8500008212046FAF740FC2046BDE810404FF44E
:10F860008061FAF739BC08460021F1F7A1B9000020
:10F870002DE9F04789463548FBF703FC01285CD1A8
:10F880004846F6F76CFE04464846F6F7A6FE804664
:10F89000132C08D01C2C52D0152C4ED14846BDE854
:10F8A000F047EAF7FABB4FF440352946FCF798FBDE
:10F8B000074629464046FCF7EEFB064629464046E9
:10F8C000FCF759FC044629464046FCF712FBB742B8
:10F8D00001DD394600E03146A04201DD024600E08C
:10F8E0002246914205DDB74201DD384604E030464C
:10F8F00002E0A04200DC2046841C29464046FAF77C
:10F900007FFE204405B24846F6F765FE0446B0F98E
:10F910000000A84200DD054625804FF40035294649
:10F920004046FAF76DFE0146B4F90000814203DB60
:10F9300029464046FAF764FE2080BDE8F08700F0D3
:10F9400007F84046BDE8F047FDF78CB814E8020818
:10F95000F0B591B0064600216522FCF721FC0700B6
:10F960002DD03046FCF768F9746A00F00100611C84
:10F970004FF4807501D038B905E008B1002403E0E8
:10F980002C46002503E00025601B002801DD601BDC
:10F9900000E0281B7843070A00213046F1F708F9F8
:10F9A0006846F1F749F9074808A9CDE9006006481B
:10F9B0000390079481E8B0006846F1F7B1F911B0FF
:10F9C000F0BD00002DF8010833F8010810B5012042
:10F9D0008884C8840C460220F9F772FE2063E08C0C
:10F9E0004000F9F76DFEE062216B82200880E16A39
:10F9F0000880E08CA18C48438100A06AF9F72EFFB3
:10FA00000021A062016010BD70B500250C462E4695
:10FA10000AE000BF50F8250020B1F9F7DBFEA06A2C
:10FA200040F825606D1CADB2A08CE18C4843A84223
:10FA3000A06AEFDC08B1F9F7CDFEE06A08B1F9F78A
:10FA4000C9FE206B002803D0BDE87040F9F7C2BEA4
:10FA500070BD00002DE9FC410F466B48FBF711FB20
:10FA6000012843D13846F6F77AFD05463846F6F7C1
:10FA7000B4FD04462A2D14D02C2D17D0012D37D0DB
:10FA8000022D35D04FF6FF76082D49D00E2D66D0C9
:10FA90000D2D68D0152D29D13846BDE8FC41EAF777
:10FAA000ADBBBDE8FC41002102F0DCBF3846F6F7F3
:10FAB00092FD034600200146A28C05E0256B35F837
:10FAC0001150491C284400B28A42F7D800210A4646
:10FAD000E58C05E0E66A36F81260521C314409B242
:10FAE0009542F7D8401E1880491E5980BDE8FC8118
:10FAF00001AA6946EFF7D3F80128F7D1A18EBDF826
:10FB00000400814204D1E18EBDF800209142EDD085
:10FB1000A086BDF800102046E186FCF7A3FFE5E7CC
:10FB2000FCF7A0FFF8F7AEF9F8F7E1F9A18EB142C2
:10FB30000AD0E18EB14207D030B900221C21204604
:10FB4000F6F750FD0128D1D1F8F79CF9F8F7DBF969
:10FB5000012801D00328C9D1A686E686C6E7BDE8FC
:10FB6000FC41FCF77FBF3846F6F735FDA18E0568EE
:10FB7000E08E0F468446B14201D0B04204D100204D
:10FB8000A086E0862046EAE7A38C8B4200DC0021B9
:10FB9000E28C824200DC0020142D0ED0132D0ED0FA
:10FBA000112D0ED0122DA1D1401C8B420DDC511E07
:10FBB000814208DD0021401C0EE0491EF5E7491C8A
:10FBC000F3E7401EF1E7591E06E0002904DA10B100
:10FBD000591E401E00E00021824201DC501E02E05E
:10FBE000002800DA00208F4201D1844597D0A186F9
:10FBF000E0862046FCF736FF02B02046BDE8F04123
:10FC000000221C21F6F7EEBC30E802082DE9F04195
:10FC1000434E0C46307881F82C00012849D0022848
:10FC200049D0042802D0082806D101E0012100E0D3
:10FC300009212046FDF73EFE42F2640529462A4688
:10FC40002046FDF73AFF2046F1F7B2FF074620466F
:10FC5000FAF796FE804601213846F2F78FFB042022
:10FC6000F9F72EFD2FA1606201603846616AF2F754
:10FC7000B1FA00231C222C493846FAF7EFF94FF469
:10FC800080413846FAF728FA00231A4627494046A9
:10FC9000FAF7E4F900214046FDF7FBFE94F82C004A
:10FCA000012815D0022813D0042806D008281DD119
:10FCB00003E00021BDE70821BBE7B6F90220294691
:10FCC0003846FDF7FAFE29464046FEF765F809E09A
:10FCD0002A46B6F902103846FDF7EFFE294640469F
:10FCE000FDF704FE01214046FDF7F4FDF7F7D8F8D3
:10FCF00010B13946F7F746F800214046FDF7DAFD26
:10FD000003214046FDF7AFFE80214046FAF7E4F9B3
:10FD10004046BDE8F0414FF48061FAF7A1BD000014
:10FD2000FC01002000000000615500082D6400085F
:10FD300070B591F82C000C4610F00C0F4FF0000637
:10FD40000DD0002508E0606A50F82500F9F742FD63
:10FD5000606A40F825606D1C208DA842F3D894F8A5
:10FD60002C0080070DD0002508E0606A50F83500AF
:10FD7000F9F730FD606A40F835606D1C208DA842AF
:10FD8000F3D8606AF9F726FD666270BD70B50C465F
:10FD90000A48FBF776F901280ED12046F6F7DFFB7B
:10FDA00005462046F6F719FC292D05D1418DBDE801
:10FDB0007040002200F00AB870BD0000C0AE02081A
:10FDC0000121FBF774B90021FBF771B92DE9F04768
:10FDD0000646008D0C469146A04200D8441E30468F
:10FDE000FEF724F83046FFF7EBFF050025D0002191
:10FDF00041F61502FCF7D4F907B22846FBF7D5F90E
:10FE0000804600213046FBF75CFF012804D007EB59
:10FE10000800604301B204E0604207EB080141437F
:10FE200009B24A462846FDF7D3FC3046FFF7CBFF20
:10FE3000A1B28022F2F78EF97485BDE8F087000048
:10FE400073B592B0044613981090002010AD119035
:10FE500029462046F0F710F9012862D194F85C0099
:10FE6000000704D513980A285BD00D2859D0304AD2
:10FE7000002113A81268904701462046E5F7AEFE20
:10FE800000284ED094F85C00400702D5204602F0CE
:10FE9000ABFBA06A38B1606AF8F7BCFD007810B916
:10FEA0002046FCF7DFFD2A46216C606AF8F7B8FDB2
:10FEB000204600F0D3F894F85C00400727D5E06AAC
:10FEC000E0F741FA06462846E0F73DFA3118491CAA
:10FED000E06AF9F7C3FCE06228B32A46216CE4F734
:10FEE0001DF8208F00B36846F0F7A6FE11480121E7
:10FEF000CDE90040208F0A9000200790CDE908014D
:10FF00000D4806900D4803906846F0F709FF216CF4
:10FF10002046491C00F06AFA00221C212046F6F710
:10FF200061FB14B070BDFEE7204602F05DFBEEE71A
:10FF3000740200207D260208F70C01087F260208C3
:10FF4000F0B591B00D00044609D094F85C0040076C
:10FF500002D5204602F048FB206B18B900E0FEE70E
:10FF6000606BA0B10020374E374F009009E0326837
:10FF70006946284690473968884701462046FFF77A
:10FF80005FFF0098285C0028F1D111B0F0BD294630
:10FF90002046F0F771F80128F7D1A06A38B1606AFD
:10FFA000F8F738FD007810B92046FCF75BFD2A46CB
:10FFB000216C606AF8F734FD204600F04FF894F8A1
:10FFC0005C00400727D5E06AE0F7BDF90646284601
:10FFD000E0F7B9F93118491CE06AF9F73FFCE06233
:10FFE00050B32A46216CE3F799FF208F28B3684667
:10FFF000F0F722FE15480121CDE90040208F0A903C
:020000040802F0
:1000000000200790CDE9080111480690114803909F
:100010006846F0F785FE10492846266C096888472F
:100020003118204600F0E2F911B02046BDE8F0405A
:1000300000221C21F6F7D6BAFEE7204602F0D4FAD9
:10004000E9E70000740200207C0200207D260208FF
:10005000F70C01087F2602088802002070B50446CC
:10006000406AF8F7DBFC4FF6FF75A84204D1606ADE
:10007000F8F7D2FCA84209D02946606AF9F7FEF8E1
:100080002946606ABDE87040F9F7F5B870BD000018
:1000900010B591F85C000C4620F0040081F85C007B
:1000A0000020C86240F2DC5121872063606394F82D
:1000B000501041F0010184F850100121216494F89E
:1000C000501041F0020184F85010A08794F85C10A1
:1000D00021F00A0184F85C106062A0622046F8F703
:1000E00001FA60626420FDF7FDFE0146606AFDF7DB
:1000F00053FE0CA1606AF9F75FF800231A460A491B
:10010000606AF9F7ABFF4FF480612046F9F7E4FF2E
:100110000021204600F06AF92046BDE8104003F0B7
:10012000D3B90000000000006507010838B5044697
:10013000016C406A6A46F8F787FB00212046FCF70D
:1001400018F9054600212046FCF7D7F80089BDF8CC
:1001500002106D1C08442844ADF80200A08FADF8D1
:100160000000606AFBF773F8BDF90210884209DDF0
:100170006946606AF8F768FA01462046A58F00F0E4
:1001800035F9A58738BD016C002902D0491E00F061
:100190002DB97047016C491C00F028B938B50446E8
:1001A000016C406A6A46F8F74FFB00212046FCF7D5
:1001B000E0F8054600212046FCF79FF80189BDF8CC
:1001C00002002944401A401CADF80200A08FADF88F
:1001D00000006946606AF8F737FA0146A58F2046A5
:1001E00000F004F9A58738BD38B50446006C002836
:1001F0003FD021A06946006800902046EFF73CFF01
:10020000012836D1606AF8F705FC216C0546012209
:10021000491EE3F7CDFD2946606AF8F7CDFF204679
:10022000FFF71CFFA06A38B1606AF8F7F3FB0078AB
:1002300010B92046FCF716FC94F85C0040070ED578
:10024000216C0122491EE06AE3F7B2FDE06AE0F7A3
:100250007AF8411CE06AF9F701FBE06250B1216CC9
:100260002046491E00F0C2F800221C212046F6F765
:10027000B9F938BDFEE700007F00000070B5056CDD
:100280000446691C00F0B2F8206CA84204D0204655
:10029000BDE87040FFF7A8BF70BD70B5C86A0C46D6
:1002A000002510B1F9F796FAE562A06A002802D09D
:1002B000F9F790FAA56270BD70B50E463F48FAF79F
:1002C000E0FE012878D13046F6F749F90446304679
:1002D000F6F783F905460E2C12D00D2C14D0012C04
:1002E00060D0022C5ED0032C5CD0082C5AD0152C88
:1002F0005DD0182C60D13046BDE87040E7F7CCBB2C
:10030000BDE8704003F0E0B83046F6F764F90168E4
:10031000132910D0142913D0112916D0122919D05D
:1003200008291CD07F291FD0022922D0032922D0DE
:100330000A2927D031E02846BDE87040FFF72ABFE0
:100340002846BDE87040FFF71EBF2846BDE8704054
:10035000FFF724BF2846BDE87040FFF7E7BE2846F8
:10036000BDE87040FFF740BF2846BDE87040FFF78A
:1003700085BF002101E047F6FF712846BDE87040C7
:1003800000F034B8284600F01DF830B12846BDE82A
:10039000704000221F21F6F725B92846BDE87040BD
:1003A000FFF74EBD3046BDE8704005F04FBC30460B
:1003B000BDE87040EAF72ABB70BD00004CE80208B7
:1003C000006C704790F85C00C0F3C000704790F874
:1003D0005C10490702D4406AF8F71CBBC06A70473A
:1003E00010F8502F61F3410202707047F8B50546CE
:1003F000006C0C46A04266D0686AF8F70BFB3249E5
:1004000009688847002C00DA0444844203DCA4F520
:10041000FE41FF3900D1044628462C64FDF706FD55
:1004200000212846FBF769FF06466A462146686AAE
:10043000F8F70AFAB6F908402846FBF79BF8BDF929
:100440000210884203DD01222846FDF7D7F928462D
:10045000FAF791FE06462846FBF78CF8BDF9021024
:100460000A19101AB04206DD881B204401B201228D
:100470002846FDF7C3F92846FAF7B0FFBDF900108A
:10048000884203DD01222846FDF7A2F92846FAF743
:100490008CFE06462846FAF7A1FFBDF900100A199E
:1004A000101AB04206DD881B204401B20122284602
:1004B000FDF78EF9BDF800102846A98703F004F86F
:1004C000284602F0F5F8F8BD8802002070B5044611
:1004D00090F85C00C0F3C0028A4235D0B1B140F060
:1004E000080184F85C1042F2D1752946606AFDF774
:1004F00053FC6420FDF7F6FC01460022606AFDF71C
:1005000027FC29462046FDF7F1F915E020F0080107
:1005100084F85C106420FDF7E5FC0146606AFDF795
:100520003BFC00221146606AFDF712FC002241F2FA
:1005300004012046FCF76AFF2046BDE87040002316
:100540001A461946FDF719B970BD0000F0B591B013
:100550000D00044606D0FFF781FD206B47F6FF76BD
:1005600018B900E0FEE7606B10B334A1606AF8F7D9
:1005700023FE31462046FFF739FF94F85C0041071F
:100580004FF0000001D5E16A08702D4E2D4F00900C
:1005900009E032686946284690473968884701462D
:1005A0002046FFF74DFC0098285C0028F1D107E0B9
:1005B0002946606AF8F700FE31462046FFF716FF2D
:1005C000A06A38B1606AF8F725FA007810B92046B9
:1005D000FCF748FA94F85C00400721D52846DFF77D
:1005E000B2FE411CE06AF9F739F9E06200B329462E
:1005F000DFF7BEFE208FE0B16846F0F71DFB124822
:100600000121CDE90040208F0A9000200790CDE91C
:1006100008010E4806900E4803906846F0F780FBEC
:1006200011B02046BDE8F04000221C21F5F7DABFEA
:10063000FEE7204601F0D8FFF2E7000000000000CE
:10064000740200207C0200207D260208F70C0108BD
:100650007F26020870B5044600F081F805000AD034
:100660002046054A0021FCF7F1FE21462846BDE858
:100670007040E4F7D3BD70BDFFFF0F0000B500F080
:1006800059F8002800D0014800BD00000482002075
:100690002DE9FF47994607460C9E00F04BF8214D87
:1006A00040B9002028704FF41270F9F709F81E497C
:1006B0000860E860F3F77CF9F3F792F94FF001086E
:1006C000B0F5A07F01DC032007E0F3F771F9F3F741
:1006D00087F9B0F5347F02DA0220687001E085F80E
:1006E0000180124CA4F12800E760BDF804100187D6
:1006F000BDF80810418766610D48A6612060C4E915
:10070000076902F011FF27B13846F3F7A9F9A042B3
:1007100002D10020FCF718FF85F8008004B00348E0
:10072000BDE8F08730010020440200200482002050
:10073000C54A020802480068002800D0012070471E
:100740004402002008B500F00AF808B1006902E090
:100750001120FDF7B7FB0090BDF8000008BD10B5F3
:1007600010B1FAF743FD01E0F3F722F9BDE81040BC
:10077000F3F776B910B5044600F002F8001B10BD7F
:100780000349012248680A700B78002BFBD07047A0
:1007900028020020034900220A704A681044486079
:1007A000704700002802002010B50C4642F2640198
:1007B0000A462046FDF781F900231A4608492046DB
:1007C000F9F74CFC80212046F9F786FC03212046EE
:1007D000FDF749F92046BDE810400321FDF74EB969
:1007E000415802082DE9F0410D460846FAF770FD20
:1007F000064642F264010A462846FDF75EF928469D
:10080000FDF714FB3046FAF7B6FC0E4C218948433D
:1008100007B23046FAF7C9FCA1883A46484301B20C
:100820002846FDF708F9217885F82410D4E901025B
:10083000104304D13046BDE8F041FDF707B9BDE8EB
:10084000F0810000000200202DE9F0410746154626
:100850000E460B48E3F74CF8040010D0A7604FF0A9
:10086000FF302660206100206061FFF789FFE560AE
:1008700004496060012008712046BDE8F081FEE770
:10088000288200205C02002010B50446014605487D
:10089000E3F773F804490120C8702046BDE8104012
:1008A000F8F798BF288200205C0200202DE9F0476D
:1008B000494CA07810B10120BDE8F0870120A0705C
:1008C0002078002628B1FFF75BFF5FEA000902D01D
:1008D00007E0A670EFE72069401C2061642800D97A
:1008E00026613E4D4FEA060884F8038084F80480B0
:1008F0003B48E2F7D8FF286037E03948E2F7E5FFE8
:100900002E680746307DC0072ED18246304600F063
:1009100078F888B93069B0F1000A01DD401E306115
:10092000FFF72EFF7060B16821B1BAF1000F01D05E
:10093000304688474FF0010AE07820B9306910B995
:100940003046FFF7A1FFBAF1000F0DD02079E17812
:10095000084309D028680028C6D100BF4FF0FF35F2
:100960001F48E2F7A0FF11E02F6029680029C4D1D9
:10097000F4E7307DC00705D1304600F042F8A842C8
:1009800000D2054631461648E2F79FFF0600F0D137
:100990004846FFF7EFFEE1680844E060A068FFF713
:1009A000E9FEB0F5FA7F13D3E16864225143B1FB4D
:1009B000F0F0C0B26070642801D9002001E0C0F1FD
:1009C000640060702646C4F80C80FFF7D9FEB06062
:1009D00084F8028028466FE75C0200204002002075
:1009E0002882002001214161704710B50446FFF7BD
:1009F000C7FE2168401A401E606010BD00214161A1
:100A0000704710B504464068FFF7B4FE2168814284
:100A100001D8002010BD081A10BD70B50346083A71
:100A20000C4602F00300111AA00705D1A1F10C0039
:100A30004FF6F572904201D3002070BD2078251F3B
:100A400000F00300084320F0020040F001012160A3
:100A500029461846E4F713FC2846E4F745FC0179DB
:100A600002214160204670BD70B5810701D0002091
:100A700070BD00238060C0E90303194600EB8102CA
:100A800000EBC1145361002204EB8206521CF06398
:100A9000202AF9DB491C0A29F0DB70BD70B50C4631
:100AA0000546FFF7E1FF0646A4F23C5205F23C5131
:100AB000FFF7B3FF304670BD70B5002926D0083966
:100AC000064608790C46C00700D0FEE70846E4F762
:100AD00061FC2179304689070CD52568A5B12979B3
:100AE000C90712D02946E4F7BDFC21462846E4F7A1
:100AF000ABFB044621463046E4F766FC014630462F
:100B0000BDE87040E4F7BBBBFEE7FEE770BD00F256
:100B10003C50704770B50A46054604211046E4F77C
:100B200061F9044601462846E4F7E4FB0146224603
:100B30002846BDE87040E4F76DBC2DE9F05F9046B3
:100B40000C0081464FF000051FD0B8F1000F18D0FF
:100B5000A4F108052846E4F752FC8246686804219F
:100B600020F00307DAF8040020F00300384400F115
:100B7000040B4046E4F736F906462879C00709D049
:100B8000FEE74846FFF798FF41E01146FFF7C2FF36
:100B900005463CE0BE4216D99AF80400C00701D0D1
:100BA0005E4510D941464846FFF7B4FF05002ED0F8
:100BB0004046474500D307463A4621462846F8F7BF
:100BC00075FE2146DDE7BE4206D929464846E4F7D0
:100BD000FBFB2846E4F7EBFB28794F46C00700D023
:100BE000FEE731462846E4F740FB78B13146284617
:100BF000E4F749FC0146406820F0020048603846AE
:100C0000E4F7E2FB01463846E4F739FB254628467F
:100C1000BDE8F09F70B5164601B90D49001F0D469D
:100C20000DE000BF10F0010F0FD0002220F00301F3
:100C300004F108003346A8472046E4F7E0FB04002F
:100C400002D060688108EDD170BD0122EEE700009E
:100C5000216700085A3000B200F004B85A3000B2E0
:100C6000AFF300804FF4B47190FBF1F201FB12007E
:100C7000002802DA00F5B47000B20E495A2802DAF0
:100C800031F910007047A0F15A025A2A03D2C0F17C
:100C9000B40000B2F4E7A0F1B4025A2A01D210B2B3
:100CA00002E0C0F5B47000B231F81000404200B26A
:100CB00070470000F0E502082DE9FF4F83B05FEABE
:100CC0000009119F7BD099F80000002877D0049884
:100CD000002871D01098800702D541F6FF70069069
:100CE00000243F4A009401945268A34625462646B4
:100CF0004FF0FF3869464846904782460098019079
:100D000050E0374A01A948465268904783461098F8
:100D1000761CC00704D051461298E3F729F998BB16
:100D20005A4651460498F5F77AFD00B229180DB2DB
:100D3000002802DD0598284405B2B8F1FF3F05D12F
:100D40000598291A0698814200DDA0465046BAF15E
:100D50000A0F1AD0BAF10D0F17D00146A0F59C402A
:100D600045F2A512904210D9002005E01DA2125CA8
:100D70008A420AD0401CC0B21AA2125C002AF5D1E5
:100D800017B1B8F1FF3F08D008E024B9B8F1FF3F30
:100D900001D107B13D60761E08E03D60DDE900400D
:100DA000DA46009019F804000028AAD1B8F1FF3FF4
:100DB00006D0139870B1404607B0BDE8F08F0CE044
:100DC0002EB1BAF10D0F03D1BBF10A0F00D1009C77
:100DD0002046F1E70FB1002038600020ECE700006A
:100DE00070020020202C2E3B3A2D5F002DE9FF4F92
:100DF00083B004464FF00000DDF848A0DDF84090D5
:100E0000208093460F00608049D0BBF1000F46D090
:100E10005FEA8A7002D541F6FF7011900025A8465E
:100E2000BBF8086025E00020CDE9000A781902909F
:100E30005946119B069AE2F7F3FF8044B4F9020089
:100E400006EB09010144B1F5004F28D23044484473
:100E50006080A8EB0501CDF800A05A46069B0298D9
:100E600000F022F8B4F90010814200DB084620802F
:100E70004546785D0028D6D15DB1781910F8010C8F
:100E80000A2801D00D2804D1618806EB0900084426
:100E90006080B4F9020028B1A0EB0900608007B0BF
:100EA000BDE8F08F6680FAE72DE9FF471E46DDF8C2
:100EB000309090460D4607000CD0B8F1000F09D0D5
:100EC0003878002807D00020044602908DF80C00E6
:100ED000EDB923E0002004B0BDE8F08702AB01AA21
:100EE00069463846E2F784FF5FEAC97004D003A878
:100EF0000099E3F73DF850B9DDE900124046F5F7F7
:100F00008EFC00B2002802DD2044304404B2029876
:100F1000A842E3D3002C01DDA01B04B22046DAE78F
:100F200010B50146802825D3002301F03F0242F08E
:100F30008002B1F5006F0AD2C0F3841141F0C00104
:100F400061F3070062F30F2063F3174010E0C1F371
:100F5000851444F08004B1F5803F0CD2C0F3033116
:100F600041F0E00161F3070064F30F2062F31740E2
:100F700063F31F6010BDB1F5881FFBD2C1F382433C
:100F800043F0F003C1F3053163F3070041F0800142
:100F900061F30F2064F3174062F31F6010BD00007F
:100FA0002DE9F04100240F4606462546DFF824804F
:100FB00007E0D8F800103019884700B90120044430
:100FC0006D1CBD4202D2305D0028F2D12046BDE842
:100FD000F081000070020020F8B5074600200D46A1
:100FE0000446064E009004E0726869463846904711
:100FF000641C0098A842F7D32046F8BD7002002078
:10100000F8B500240546074E009404E0726869466E
:1010100028469047641C0098285C0028F6D120469A
:10102000F8BD00007002002078B500250446009548
:1010300001B969460A68A05C030601D4054634E09C
:1010400006260223B6EB501F06D1C006400D24E051
:1010500004F03F031D1828E00E26B6EB101F02D146
:101060000007000C0FE01E26B6EBD00F1DD1521C5E
:101070000A604007A55CC00AB3EB951F13D105F0C9
:101080003F0500EB0530521C0A60A55CB3EB951FD1
:1010900009D105F03F0500EB8510521C0A60A45CE5
:1010A000B3EB941FD4D0002078BD521C28460A60B0
:1010B00078BD0000F8B5074608680025401E0C46BC
:1010C0000D4E086001E0042D13D2206831683844C9
:1010D000884718B9216861B1491E21606D1CEDB2C5
:1010E0000028F0D020680090726869463846904722
:1010F000F8BD0020F8BD0000700200200078010655
:1011000001D4012070470621B1EB501F01D102200C
:1011100070470E21B1EB101F01D1032070471E2133
:10112000B1EBD00F01D104207047002070470000C0
:1011300008B5009313460A4601460248E3F728FC27
:1011400008BD00005542000870B50D460846FAF784
:10115000BFF80646FAF77BF804463046FBF76BF912
:10116000014622462846FCF7A8FC01212846FCF748
:10117000A1FB2846F9F704FC0446104842F2640635
:101180003146B0F900202046FCF797FC00212046AC
:10119000FCF790FB02231A4600212046FCF76EFB69
:1011A0002846F9F7EDFB04460121FCF793FB314695
:1011B0002046BDE87040FCF7EFBD00000C020020A7
:1011C0000EB5DFF721FCDFF7DFFFE0F785FAE0F788
:1011D00055FAE1F77BF8E0F7AFFDE0F7B7FDA8209F
:1011E000E5F7A0FADFF768FBDFF7C2FB6420E5F75D
:1011F000BFFAE0F79FF84FF47A742046E5F7B8FAA3
:101200004FF6FF704FF48C76002100903346F022A9
:101210000846E0F721F83220E5F7AAFA1420E0F7B3
:1012200063F918204FF47841CDE9001000251F2301
:1012300012A2029578214820E0F7E2F92046E5F76E
:1012400097FA00213346F02208460095E0F704F8AB
:10125000F6F76AFFFCF76AFEFCF78AFE6010E5F716
:1012600087FA00F085FCE0F765FD04F04DFF00BF54
:10127000E0F74EFA2046E5F77BFAF9E757656C632D
:101280006F6D65210000000070B50D460646802296
:10129000F0F754FF044680213046F0F766FC002C3E
:1012A00006D029463046BDE870408022F0F752BF94
:1012B00070BD00002DE9FF4F98468A880B8883B0E7
:1012C000D21A521C16B2CA8849888146511A491C42
:1012D0001498DDF848B00FB201280AD002280AD0CD
:1012E00003282FD1314D00BF5FEA0B0027D000202B
:1012F00058E02F4DF8E72F4DF6E7002415E000BF2A
:1013000009EB440B119ABBF80000ADF8040008EBA0
:1013100044000088ADF80000DDE90001A847009016
:10132000BDF80010ABF80010641CB442E8DB05996E
:101330000AF1010009EB4109109908EB41088246C6
:10134000B842DADB07B0BDE8F08F00241EE000BF32
:101350001BF80400C8B1FD2801D3119A02E01199CD
:101360004843020A09EB440001900088ADF80800E8
:1013700008EB440002990088ADF800000098A847E7
:1013800000900198BDF800100180641CB442DFDBBE
:1013900005990AF1010009EB4109109908EB410890
:1013A00013998B448246B842CFDBCBE753630008E6
:1013B000DF620008B96300082DE9FF4F06468A88FE
:1013C00008888BB0101A401C07B2CA884888DDE92B
:1013D00019BA101A401C0FFA80F85FEA0A001D467D
:1013E000584605D0FD287CD9A7F1040B002027E141
:1013F000FD2813D300247F000BE03A4629463046EF
:10140000F8F754FA0D98641C06EB4006189805EBA3
:1014100040054445F1DB0FB0BDE8F08F002021E02E
:10142000002415E006EB440A5A46BAF80000ADF86D
:10143000180005EB44000088ADF81400DDE9050153
:10144000F1F794FE0590BDF81410AAF80010641C82
:10145000BC42E7DB0D9806EB4006189805EB40050B
:1014600009F1010081464045DADBD4E7D14600248A
:101470001CE000BF99F80020AAB1FF2A06EB440047
:101480001AD009900088ADF8200005EB44000088D0
:10149000ADF81C00DDE90701F1F768FE0690BDF824
:1014A00018100998018009F10109641CBC427CDA1A
:1014B0005FEA8970DED178E005EB44010988F1E745
:1014C000D9F80000F0B3401C74D099F80020BAB1EC
:1014D000FF2A06EB44007AD009900088ADF820007E
:1014E00000E0B6E005EB44000088ADF81C00DDE943
:1014F0000701F1F73BFE0690BDF81810099801802E
:1015000009F10100059099F80120AAB1FF2A06EB24
:10151000440060D009904088ADF8200005EB4400FD
:101520004088ADF81C00DDE90701F1F71FFE0690C9
:10153000BDF81810099841800598401C0590027864
:10154000BAB100E02EE0FF2A06EB440047D0099034
:101550008088ADF8200005EB44008088ADF81C00C1
:10156000DDE90701F1F702FE0690BDF818100998B1
:10157000818005984278AAB1FF2A06EB440032D058
:101580000590C088ADF8200005EB4400C088ADF898
:101590001C00DDE90701F1F7E9FD0690BDF8181020
:1015A0000598C18009F10409241D5C4588DB3BE0F6
:1015B00000E00CE005EB440006EB440102880A80E1
:1015C00042884A8082888A80C088C880EAE705EB22
:1015D0004401098893E705EB44014988ABE705EB33
:1015E00044018988C4E705EB4401C988D9E700BFF5
:1015F00099F80020AAB1FF2A06EB440025D00990F3
:101600000088ADF8200005EB44000088ADF81C0010
:10161000DDE90701F1F7AAFD0690BDF81810099859
:10162000018009F10109641CBC42E1DB0D981B99A2
:1016300006EB400618988A4405EB40050198401CCB
:1016400001904045FFF612AFE5E605EB440109883D
:10165000E6E700202DE000241FE000BF1AF8040098
:10166000D0B1FD2801D35A4602E000FB0BF0020A7C
:1016700006EB440003900088ADF8180005EB440029
:101680000088ADF81400DDE90501F1F76FFD059064
:101690000398BDF814100180641CBC42DEDB0D9879
:1016A0001B9906EB400618988A4405EB400509F1A2
:1016B000010081464045CEDBADE600002DE9FF4F3D
:1016C00085B09A460C46DDF850B0E2F755FB039022
:1016D000A0882188401A401C06B2E0886188401A20
:1016E000401C0FFA80F8BBF1000F01D000204BE046
:1016F00000271DE0002515E0139802900AEB450035
:10170000079A0088ADF804006088384400B2009061
:1017100020880599284403B203980068D0F81CC0BB
:10172000E0476D1CB542E7DB12997F1C0AEB410ACA
:101730004745DFDB09B0BDE8F08F00251BE000BFA7
:101740001BF80500B0B113994843000A02900AEB58
:101750004500079A0088ADF80400618801EB090094
:1017600000B2009020880599284403B203980068CD
:10177000C769B8476D1CB542E2DB159909F1010054
:101780008B4412990AEB410A81464045D5DBD1E7EB
:1017900070B515460E460446802805D2E117002094
:1017A00004EB9171891006E004F0A7F8411FCC40CA
:1017B00084F02001801F3060296070BDFD2902D2B5
:1017C000022901D80020704710FB01F000EBC01186
:1017D00001EBC030C0F3C750704700002DE9F04165
:1017E000F4F7FBFE0746F9F773FD0646F9F770FDBF
:1017F0000546F0F75DFE046800213046F9F757FC16
:10180000B84244F3074008D1012801D0401E07E048
:101810000C2060F31744601E1FE00C2819D0401CF8
:1018200060F3174444F30747A1B20C463A462846F2
:10183000F0F740FE01213046F9F739FC084922460D
:1018400001EB870151F8043CBDE8F04105A1F7F731
:10185000EABC012060F31744601C60F30F04E1E769
:101860006C010020256420257300000070B505463A
:10187000F4F7B3FE04462846F4F7B1FE05462046C9
:10188000F4F744FC04462846F0F712FE0088641C76
:1018900062B262F3174081B22846BDE87040F0F7AB
:1018A00009BE000070B50D4600212846FBF74AFA34
:1018B00000212846FBF7FEFF002302221946284696
:1018C000FBF7DCFF2846F0F72DF90646002228A199
:1018D000FCF704FA42F264013046FCF707F83046A0
:1018E000FCF7A4FA3046F9F7B2FC0446014630464C
:1018F000FCF752FA002307221E493046F8F7AEFBE8
:1019000004213046F8F7ACFF2846F6F7EBFD064613
:101910000321F7F715FC002202213046FCF71EFADE
:1019200001213046FBF7D6FF2846F0F7FBF80646C4
:10193000002211A1FCF7D2F9224611463046FCF7ED
:10194000BCF8002307220B493046F8F787FB042137
:101950003046F8F785FF00231C2208492846F8F78F
:101960007DFB2846BDE8704000221C21F4F73ABEFA
:10197000EF819300DD170208EF81940005620208F1
:101980002DE9F0410F460846F9F7A2FC0446002174
:101990003846FBF7D7F900213846FBF78BFF38466E
:1019A000F4F712FB164D06466968F4F73DFD234631
:1019B0001C2214493046F8F751FB01213046FBF751
:1019C00089FF3846F4F700FB06462968F4F72CFD3A
:1019D00023461C220C493046F8F740FB01213046D3
:1019E000FBF778FF00231C2208493846F8F736FB3E
:1019F0003846BDE8F04100221C21F4F7F3BD000099
:101A00009C0100208D6D02086D18020849620208D1
:101A100070B5094D04466868002808D044B12046D6
:101A2000ECF7F0FDA9682044884200D3002070BD87
:101A30000248006870BD0000F40000204C02002045
:101A4000002902D00068091D42507047002901D0CA
:101A50000068425070472DE9F041044600222121E0
:101A6000F4F7C0FD00287ED000212046F9F71FFBC7
:101A700010B1FFF7F0FFF7E72046F9F7E3FB064662
:101A80000020F6F705FA054600271CE0686AA04228
:101A900002D0A86AA04203D121462846F6F79CFA54
:101AA000286BA04200D12F63286DB04207D1F6F712
:101AB000F9F9A04203D121462846F6F78DFA2846C7
:101AC000F6F7E6F90546002DE0D12046E1F789FF5B
:101AD000606804260028204602D0F9F7BEFB29E002
:101AE000F9F784FB05460020EA68696A04E052F8C9
:101AF0002030A3420AD0401C8142F8D806E0E968B1
:101B000006EB80028A5841F82020401C696A491E71
:101B10008142F4D8686A401E81006862E868F7F77D
:101B20009DFEE8601BE0096806EB80028A5841F8D8
:101B30002020401C616889684A68521E8242F2D89F
:101B4000606880684068401E4860616882008968FB
:101B500008681146F7F782FE6168896808602046C8
:101B6000BDE8F04100E001E0F7F734BEBDE8F081E8
:101B7000EFF3058010B16FF005007047044801686D
:101B800011B14FF0FF307047012101600020704714
:101B900060000020F0B50027DDE905458E1A012B15
:101BA00005DC03280CD004280AD0052808D0891A9F
:101BB00009B206282AD2DFE800F0290A0320140E11
:101BC0002F80208806EBD67100EB61001CE02F808F
:101BD0002088304418E05B1E18B291FBF0F028809A
:101BE000F0BD91FBF3F02988084400B228802188D9
:101BF00000EBD07001EB600006E05B1C18B291FBBB
:101C0000F0F02880218808442080F0BD2F80F0BDAE
:101C10002DE9F05F05460C46501E53B12188A1EB1B
:101C2000620121800844A080E88A6080688BE0809F
:101C300009E06188A1EB620161800844E080A88A24
:101C40002080288BA0804FF4403631462846FAF792
:101C5000C0F9814631462846FAF716FA82463146DF
:101C60002846FAF781FA804631462846FAF73AF9CB
:101C7000834631462846FAF79FFB074631462846F9
:101C8000FAF78CFB0146208809EB0702801A2080B6
:101C9000A0880AEB07021044A080608808EB0102CC
:101CA000801A6080E08859440844E080BDE8F09FD5
:101CB00070B50446ECF709FF05001DD0F9F7C7FA27
:101CC00006462046F9F757FA864215DD00212846D8
:101CD000FAF703FB068900212846FAF72EFBE18E6E
:101CE0003044414309B20022606AFBF787FD606A15
:101CF000BDE87040FAF7B6BE70BD00002DE9F041B6
:101D0000134C0F460546E6682068001D04F05EF897
:101D1000681C07D137B12168BDE8F0410D48091DA5
:101D200004F0A6B820683544B5424560216805D264
:101D3000A06BBDE8F041091D04F082B8606B091D7D
:101D400004F07EF8A06A854200D2A562BDE8F08169
:101D500010000020EC0700202DE9F041054604F0BA
:101D600093F82D4CA068401CA06020682B4F10B148
:101D7000606930B32BE02560A068012827D10026D8
:101D800006EB860007EB800004F04CF8761C382E3A
:101D9000F6D3234804F046F82148143004F042F802
:101DA0001F48283004F03EF81D483C3004F03AF853
:101DB0001B48503004F036F8194860631430A063B3
:101DC00005E02068E96AC06A884200D82560606A38
:101DD000401C60626864E86A2169884200D9206119
:101DE00000EB800007EB8000291D04F041F804F0AF
:101DF0006BF8606900280CD02068E96AC06A8842E4
:101E000007D208494FF080500860BFF34F8FBFF3EF
:101E10006F8FBDE8F0810000100000203C0300201F
:101E20009C07002004ED00E038B504F02DF8104CBC
:101E30002068C8B90F4803F0F5FF0E48143003F0CE
:101E4000F1FF0C48E060143020610A4B0020F43BA5
:101E5000009003F1540210210A2004F00BFB2060D3
:101E600010B105A104F0B2F8BDE8384004F02CB878
:101E70004C000020F4080020546D72510000000056
:101E800030B4026C0B46002A0BD0C1681144C1600B
:101E90008468A14201D30168C16030BC1846DEF7F6
:101EA00020BA30BC70472DE9F041856B17460446D7
:101EB0000026026C82B1C7B1E068DEF712FAE16871
:101EC000206C091AE1602268914202D2A168081AC6
:101ED000E060022F16D017E02068A8B9A06804F0CF
:101EE00017FE06460020A0600EE06068DEF7F9F9F4
:101EF000216C606808446060A168884204D320684F
:101F0000606001E005B16D1E6D1CA5633046BDE843
:101F1000F08110B5044690F8590058B101280CD052
:101F200002280FD0502080F31188BFF34F8FBFF3EA
:101F30006F8FFEE7206B03F0DBFF2046BDE810400B
:101F400003F0D6BF10BD000010484FF47051420797
:101F500006D0C01D0D4920F00700411AC1F570518F
:101F60000B4A00230144C2E900030839183A21F062
:101F7000070111604B600B600B1AC0E900139360FE
:101F80004FF000405360506170470000D40F0020B4
:101F90007C000020144E154CA6F29C474FF0805850
:101FA000DFF84C9012E000BF03F06EFFF068C568E8
:101FB000281D03F00BFFA068401EA0606068401E53
:101FC000606003F081FF2846FFF7A3FF60680028E8
:101FD000EAD138680128F9D9C9F80080BFF34F8FDA
:101FE000BFF36F8FF2E70000D80700201000002039
:101FF00004ED00E070B51D46049C61B1C4F80020FA
:10200000C4E90F010121204604F068FA84F8505019
:102010000020A06470BD2460F2E700002DE9F05FAD
:102020008846DDE90B941546834691009A460A9E40
:10203000A522206BDEF775F96FF00301206B01EB31
:102040008501084420F00707780707D0502080F367
:102050001188BFF34F8FBFF36F8FFEE70025B8F1F4
:10206000000F0FD05FF00000221818F8001082F85F
:10207000341018F8001011B1401C1028F4D384F863
:10208000435001E084F83450382E00D33726E662FE
:10209000C4E91365201D03F0D0FE04F1180003F01D
:1020A000CCFE2461C6F138006462A061656584F8E5
:1020B000585052465946384600F0E4FA2060B9F1CB
:1020C000000F01D0C9F80040BDE8F09F30B51149BC
:1020D00000E011460A688242FBD34B685C188442D8
:1020E00003D1406818444860084643681C1894426D
:1020F00009D1084C183C2468A24209D052681A44FD
:1021000042600A6812680260814200D0086030BDF7
:102110000460F9E77C00002070B5002441600B4D9D
:102120000061914206D8D11A8269914206D2011DFE
:10213000286907E09A4203D2994201D3012403E0BF
:10214000011DE86803F07CFE204670BD4C000020B5
:1021500010B5044603F098FEA06B28B15FF00004B0
:1021600003F0B2FE204610BD0124F9E7F1B50026C8
:102170000098846C5CB1A16BE06B81420FD350205E
:1021800080F31188BFF34F8FBFF36F8FFEE75020AE
:1021900080F31188BFF34F8FBFF36F8FFEE7A16B02
:1021A00081420CD294F94550002269462046FFF73F
:1021B0007AFE0646681C04D06D1C84F845503046F3
:1021C000F8BD606A0028FAD004F1240004F0E0FCB5
:1021D0000028F4D00126F2E730B589B03C4D6EE01E
:1021E0000498002806DADDE90601059A904704986C
:1021F000002864DB069C606910B1201D03F0E6FD39
:1022000003A800F0D7F8024604980A2857D2DFE85E
:1022100000F00505052D334A05052D3394F82800F7
:1022200040F0010084F828000599A069059B01444D
:102230002046FFF771FF68B3216A2046884794F86B
:10224000280040073BD5002000900598A169002395
:1022500042181946204604F065FDD8B9502080F395
:102260001188BFF34F8FBFF36F8FFEE714F8280F6D
:1022700020F00100207022E094F8280040F00100D6
:1022800084F828000598A06128B1811813462046DB
:10229000FFF742FF13E0502080F31188BFF34F8F08
:1022A000BFF36F8FFEE794F82800810703D4204620
:1022B00003F01EFE03E020F0010084F82800002255
:1022C00004A9286804F076FA002889D109B030BD45
:1022D0004C0000202DE9FC410F46054603F058FF55
:1022E00001A800F067F80446019818B104F088FCD2
:1022F000BDE8FC81254EAFB130690068D0B300273E
:10230000291B3A46306803F075FE04F079FC00287A
:10231000EED11F494FF080500860BFF34F8FBFF3DD
:102320006F8FE5E7A542EBD804F06AFCF06827461A
:10233000C068C468201D03F049FD94F828004107D7
:1023400019D5A0692B4641193A462046FFF7E4FE0D
:10235000A8B100200346014600902A46204604F01A
:10236000E1FC60B9502080F31188BFF34F8FBFF3B9
:102370006F8FFEE707E020F0010084F82800216A53
:1023800020468847B4E70127BAE700004C00002048
:1023900004ED00E00648416B096829B1416BC9684A
:1023A000C9684968816270474FF0FF31FAE7000061
:1023B0001000002070B5054604F038FB064E0446B8
:1023C000B068844203D200F009F8012000E0002048
:1023D00028602046B46070BD4C000020F8B5194D4F
:1023E00020E0C068C4680668201D03F0EFFC216A85
:1023F0002046884794F82800400713D5A069304448
:10240000B04206D924616060211DE86803F018FD20
:1024100008E000200346014600903246204604F0C2
:1024200081FC38B1E86801680029DAD12969C5E979
:102430000310F8BD502080F31188BFF34F8FBFF316
:102440006F8FFEE74C00002008484068401C4FF0AA
:10245000500080F3118804D0BFF34F8FBFF36F8F0C
:10246000FEE7BFF34F8FBFF36F8FFEE784000020BE
:10247000074CE068016841B1C0680021D0F8000055
:10248000FFF728FFFFF7A8FEF3E701210020F7E799
:102490004C0000202DE9F041044603F0F5FC94F9CE
:1024A000455004F124060FE0A06C18B12046FFF758
:1024B0005DFE04E0606A48B1304604F069FB08B193
:1024C00003F0E8FD6D1E6DB2002DEDDC4FF0FF3620
:1024D00084F8456003F0F8FC03F0D6FC94F944500E
:1024E00004F1100709E0206948B1384604F050FBB8
:1024F00008B103F0CFFD6D1E6DB2002DF3DC84F842
:102500004460BDE8F04103F0DFBC00002DE9F0417C
:102510000546002703F03CFE324E306808B9FFF74D
:1025200013FD706905424ED1C5B3083568070ED05A
:1025300005F00700C0F108000544680707D05020E7
:1025400080F31188BFF34F8FBFF36F8FFEE72DB37A
:102550007068854237D82348183001460C6801E07E
:1025600020460C466168A94202D221680029F7D1B1
:1025700031688C4227D0076821680160606808379D
:10258000411B10290FD96019420708D0502080F351
:102590001188BFF34F8FBFF36F8FFEE713E04160E9
:1025A0006560FFF793FD61687068401A7060B268FB
:1025B000904200D2B060706901430020C4E900017C
:1025C000F068401CF06004F01BFB780707D0502037
:1025D00080F31188BFF34F8FBFF36F8FFEE738464C
:1025E000BDE8F081640000202DE9FF47064690F821
:1025F0005C00400739D5706AF6F70CFA1C49096887
:102600008847040031D000213046F9F776FE0023D8
:1026100042F222026946F4F794F808B115A000E0EE
:1026200015A08146DDF78FFE074604FB07F0401C2E
:10263000F7F772F88046002507E000BF05FB07802A
:102640003A464946F7F732F96D1CA542F6DB7D4361
:10265000002108F805104146706AF6F7ADFD4046C6
:10266000F7F7A6F8304600F023F8BDE8FF87000032
:1026700088020020E280A2002A0000007047006863
:10268000FFF7B2BF10B5031F4FF080741C601B1F13
:1026900021F001011960191F044B0B6014390A6005
:1026A000091F6FF0020244380A6010BD4924020875
:1026B0002DE9F04F91B004460021F9F71EFE099074
:1026C00000212046F9F755FE0890206C0590606ABD
:1026D000F6F7A0F9784A8246059912689047DFF824
:1026E000DCB106460AEB0600DBF80020814600213B
:1026F000904707000998B0F908807DD00A2FFCD0D8
:102700000D2FFAD0002239460998F4F788F805B25F
:1027100003AA606A0599F6F797F8606AF6F77AF9FE
:1027200002460021606AF7F7D7FF616ABDF90C2005
:10273000B1F91430B1F918101A442A448A4228DD3C
:1027400094F85C10090724D4032822D00020ADF8A7
:102750000C000899BDF80E2008EB01001044ADF8FC
:102760000E00002F7ED05649484609688847064427
:10277000DBF800200AEB060000219047010071D031
:102780000A296FD00D296DD000220998F4F747F877
:1027900005B24FF4E02B20465946E664F9F7E1FA1A
:1027A000064659462046F9F7F4FC00EB060A204697
:1027B00041F611025946F9F7F3FC00EB06095946B8
:1027C0002046F9F71BFC8719204641F613025946AB
:1027D000F9F7E6FCBDF80C203044D11BADF83410FD
:1027E000BDF80E3010446D1EA3EB0A012844ADF86D
:1027F0003610ADF8380000E057E003EB0901A8F10E
:1028000001000844ADF83A0004F144010D4601A866
:10281000EEF742FF606ABDF80410828A1144ADF8F9
:102820000410BDF80610C08A0844ADF80600606ABE
:10283000BDF80810808A0844ADF80800606ABDF849
:102840000A10C08A0844ADF80A0001A92046FAF728
:102850003DF90DA92846EEF71FFF294601A8EEF71E
:102860001BFF00E024E0606ABDF80410828A114476
:10287000ADF80410BDF80610C08A0844ADF8060093
:10288000606ABDF80810808A0844ADF80800606AE4
:10289000BDF80A10C08A0844ADF80A0001A9204614
:1028A000FAF714F911B0BDE8F08F002220212BE7D0
:1028B0000022202169E70000780200207402002035
:1028C000700200202DE9F0410446EDF7B9FC2046E6
:1028D000F9F7B1FD054600212046F9F7C8F9281A95
:1028E00000EBD07040F34F0694F83C0000F0030179
:1028F0006420012903D0022904D0A08C0BE094F8B5
:10290000261001E094F827104FF4B47211FB02F185
:10291000B1FBF0F080B200B20746FEF7A3F910FB5E
:1029200006F0C11321853846FEF794F910FB06F036
:10293000228D05EBD571C01302EB6102228500EBFD
:10294000610060852046BDE8F041EDF779BC0000EC
:102950002DE9F04790B088460646ECF7BDF8050033
:102960006BD0F6F757F8024600212846F7F7B4FE79
:10297000012838D0022802D0032819D10CE03046B3
:10298000F8F713FC04462846F9F755FD201A00EB2A
:10299000D07040F34F0108E03046F8F706FC0446DB
:1029A0002846F9F748FD201A01B22846FBF70BFA32
:1029B00000213046F9F799FC044600213046F9F72A
:1029C000CAFC8246B4F908703046F8F7D4FB814659
:1029D000304600216522F9F7E3FB84B2B8F1000F1D
:1029E00003D014B104E00021DFE73046EDF75CFAD4
:1029F000F18C07EB0A00484309EBD971491007EB4A
:102A0000D772A1EB6201081A06B2B8F1000F17D015
:102A1000B4B16846EEF710F90F48CDE900502846EA
:102A2000F9F72BFDCDE9080607900C4803900C48F8
:102A300006900A946846EEF773F910B0BDE8F08787
:102A400005492846EEF7B4F810B031462846BDE8EF
:102A5000F047FBF7CFB90000C5310208392D020855
:102A60009F0C01082DE9F04F0C464FF4A02689B0C9
:102A700005463146F9F7BBFA079031462846F9F783
:102A800011FB824631462846F9F77CFB81463146E8
:102A90002846F9F735FA804631462846F9F73FFCD3
:102AA000069031462846F9F75DFC834631462846B4
:102AB000F9F71FFC059031462846F9F7A3F90746B8
:102AC00031462846F9F797F906461FE0079BCDF8EF
:102AD00000B0CDE9013ACDE90398DDE90523A1B2C3
:102AE0002846ECF705FAE96AB04221F81400E96AD1
:102AF00001DA024600E03246BA4201DA384602E024
:102B0000B04200DB304621F81400641CE88CA0427F
:102B1000DCD809B02846BDE8F04FFAF701BC2DE932
:102B2000F0410746F8F7D5FA0546002412E0B868E8
:102B3000006850F824603046F9F794FF00222A21FB
:102B40003046F3F74FFD3046F9F78CFF3046FFF77C
:102B5000E6FF641CAC42EAD3BDE8F0812DE9FE4FEC
:102B60000446EBF7B9FF060009D0F5F78BF980466C
:102B7000F5F7C9F9042805D0022803D012E0012096
:102B8000BDE8FE8FE28C2146228504280AD1084642
:102B9000F8F758FB0546F4F789F918B100212846E3
:102BA000F4F7FFF94046F5F7AEF9012804D04046A6
:102BB000F5F7A9F9032863D1A06A800331D4002571
:102BC00069464046F5F774F9BDF80200F18A401AEB
:102BD000ADF80200BDF80000B18A401AADF800005F
:102BE00069463046F5F730FD07463046F5F712FFE7
:102BF0008246002080460646DFF8949001900DE062
:102C0000D9F8002001A9504690470A2803D1B845B9
:102C100001D06D1C2DB2DDF80480761CBE42EFD3CE
:102C200027E000212046F9F760FB054600212046F9
:102C3000F9F791FB2989B4F91A200844B4F9161060
:102C400007B2501A00EBD07001EB600005B20C2106
:102C50004046F5F712FAF18A084400B2281A90FBB0
:102C6000F7F0002800DA0020A18C814200DC481E29
:102C700005B2002D04DBA9B201222046FBF717FEA6
:102C8000E08C029002AA1C212046F3F7ABFC77E708
:102C90007402002070B5D1E90245D5B1D4B1E56028
:102CA000AC6000EBC21505EB8305EE6B8E420FD1D5
:102CB000EC6384420CD100EB820501216C6901FABE
:102CC00003F39C436C6103D1036991408B4303611F
:102CD00070BDFEE7FEE72DE9F0410C46498C064643
:102CE0000020C1F3C5010EE026B1E26852F83020A1
:102CF000B24207D14FF6FF724FF470212046FAF727
:102D000027FB02E0401C8142EED82046F8F7E1F9AB
:102D10000746002507E0A068006850F825103046F7
:102D2000FFF7D9FF6D1CBD42F5D3BDE8F08100224D
:102D300000680A21F3F756BC10B50068F8F7C8FA26
:102D4000BDE81040EDF7B0B82DE9FF4F85B09046D3
:102D50000C460846F8F7BCFA06461021F9F7B4FB12
:102D600000286FD03046F8F711FB83460025304627
:102D7000F8F7F9FB1434CDE9024000B9059C0021B5
:102D80003046F8F7D2FF824600213046F9F7B4F911
:102D9000504407B200213046F9F773F8504400B2AE
:102DA0000190F08A61883844421AB8F80210501A2B
:102DB0000FFA80F9728B0198101AE288801A081AAB
:102DC00000B200903046F8F742FAC11B0198081A89
:102DD00000B20490B9F1000F0CDB0098002814DA5F
:102DE000B9F1000006DD05463046F8F7C3FB401B8D
:102DF0000AD40AE00098002807DD404205B23046B8
:102E0000F8F772FAE84200D500250398012804D0AB
:102E1000022807D003280DD115E0F08A61883844D4
:102E2000294421E0718B0198091AE0882844081A86
:102E3000284405B200243046F8F78EFB0090A8B174
:102E4000029F14E0BEE00498F18A00EBD07007EB1B
:102E500060000844E2886188521A521C12B202EBE8
:102E6000D27205EB62021144401AE1E7059F00218E
:102E70003046F9F77DF850440FFA80F900213046CA
:102E8000F9F7D1F85044B18A0FFA80FA01EB090042
:102E90003988338B421AB8F80010501AA3EB0A0293
:102EA000BB8800B2D21A891A09B200280BDB0029AC
:102EB00013DA002807DD04463046F8F78FFA20447D
:102EC000002809DC09E0002907DD484204B2304649
:102ED000F8F7E4FAE04200D500243046F9F7ABFAFF
:102EE000A0EB0901A1EB0A00009900B2012904D06E
:102EF000022907D003290DD122E0B18A01EB090094
:102F0000398803E0318BA1EB0A00B9882144401ACB
:102F1000204404B22D493046EDF74AFE07462C49BD
:102F20003046EDF745FE384306D000220A213046F0
:102F3000F3F758FB012845D15FEACB7011D013E0BD
:102F400000EBD072B18A09EB62000844B9883A8874
:102F5000891A491C09B201EBD17104EB61011144DA
:102F6000D5E7002C00DA00245FEA8B7002D4002C35
:102F700000DD00245FEA4B7002D4002D00DA00254A
:102F80005FEA0B7002D4002D00DD00250898B8F927
:102F90000010002800D020460844A8F80000B8F926
:102FA000021002D14FF0000000E028460844A8F8C3
:102FB0000200089B09B02A4621463046BDE8F04F82
:102FC000FAF7DEBA09B0BDE8F08F000099300208C8
:102FD0008130020870B5164605460C4651EA0600D7
:102FE0001CD02846F7F782FAA86801233246018AE6
:102FF00021440182A868418A314441822146284601
:10300000F9F7E0FD00220B212846F3F7EBFA01283F
:1030100004D12846BDE87040F9F724BD70BD30B535
:10302000AAB1B0F91630B2F900401D19B0F932401A
:10303000A54201DAE31A1380B0F91640B2F9003064
:10304000E518B0F936309D4201DD1B1B13800029C5
:1030500015D0B0F91430B1F900209C18B0F9302027
:10306000944201DAD21A0A80B0F91420B1F9003082
:10307000B0F934001344834201DD801A088030BD6A
:1030800010B50346F8F77DFA084401B2BDE81040D8
:1030900000221846FFF79EBF10B50346F8F778FAEE
:1030A000084402B2BDE8104000211846FFF792BF65
:1030B000F8B505460C460846F1F748FF4FF4803650
:1030C00031462846F8F716FEE070022808D928464F
:1030D00031462022F9F764F80090BDF80000A08086
:1030E000284631463122F9F75BF8C0B2002784F850
:1030F0002200022815D92846314641F23202F9F75A
:103100004FF800B22084002809DD284631463022DD
:10311000F9F746F80090BDF80000E08301E084F87C
:1031200022702846314640F64502F9F739F8C0B218
:1031300084F8360002281CD9284631464FF4046230
:10314000F9F72EF800B2E085002810DD284640F699
:1031500043023146F9F724F8A08628464422314636
:10316000F9F71EF80090BDF80000A08501E084F892
:10317000367031462846F8F74CFEFD280AD2E17831
:1031800011FB00F1090AE1704143080A84F82200AA
:1031900084F83600E07830B994F8220018B994F831
:1031A0003600002805D031462846F9F761F820801E
:1031B0000120F8BDA0F84410F9F754BCA0F846105F
:1031C000F9F750BC09B2FAF715BE00002DE9F84F27
:1031D00004464F1091460D464FEA610AC80700D1D8
:1031E0007F1E60008346F6F797FA06464B4600209E
:1031F00026E000BF03EB4400009030F8021C694356
:10320000601E15D4002200EB0A0C26F81010A4450D
:1032100001DA33F81C208A1AC11B012901D519884B
:1032200003E003EB410131F8021C401E1144E9D5D3
:103230005A4631461846F6F739FB009B08F1010063
:103240008046A042D6DB4FF47F51B1FBF5F200205F
:1032500093B214FB04FC0CE039F8102042B18A420E
:1032600002D129F8103003E092FBF5F229F8102082
:10327000401C8445F0D8002039E000BF09EB400233
:10328000934613886B43002123E0002B02DA4FF0B2
:10329000000C01E04FEAA31C26F811C0A1EB0A0CB8
:1032A000BCF1000F02DCB2F800C003E00CFB040824
:1032B00039F818C0A3EB0C0CCB195B1CA34200DB44
:1032C000631E03FB040802EB440239F81830491C62
:1032D0006344A142D9DB5A46002105E036F811309B
:1032E000138002EB4402491CA142F7DB401CA042C0
:1032F000C4DB3046BDE8F84FF6F75ABA2DE9F0477F
:103300000E468AB01F468046014615469146D4199E
:1033100007A8EEF782F905EBD57007EB600145F3DE
:103320000002891A891EADF82010012101EB60000E
:10333000ADF81E004046EEF7DEF9BDF82010081A81
:10334000ADF81C004046EEF7B0F9BDF81E100023A2
:103350000844ADF822003A4607A901A8F1F726FD76
:103360004D46B9F1010F01D04FEA69052046F6F745
:10337000D3F98246B046002734E021465046F6F79E
:10338000A1FB01A80090DDF804C023B23AB20021ED
:103390005046E04740B19AF80000800190FBF5F1FB
:1033A000A8F80010012018E061004046F6F75CFB29
:1033B00015E000BF0AEB00021AF8001012F8012C09
:1033C000914204D108EB400131F8022C02E089015E
:1033D00091FBF5F228F81020401CA042EADB08EB34
:1033E00044087F1CA742C8DB5046F6F7E1F901A864
:1033F000F1F754FA012D14D020B23246294607467F
:10340000FFF7E4FE09F00100284401B2012926DD9E
:103410004FF47F5090FBF1F2002093B204FB04F5CF
:1034200017E00020644304E036F810108A09325493
:10343000401C8442F8DC0AB0BDE8F08736F8102062
:1034400032B1FF2A0ED0920192FBF1F226F8102041
:10345000401C8542F2D832463846FFF7B7FE0020BE
:10346000644307E026F81030F2E700BF16F81010AA
:103470003154401C8442F9DCDDE7F0B597B00746D3
:1034800014460D4601A8F1F761FDFF2211461046D2
:10349000EFF7C4FD0090BDF800000090BDF80000FB
:1034A000ADF8080000262A4601A93846F1F73AFD92
:1034B0000FA8F0F7D7FF23462A460FA938460096F3
:1034C000F0F734FD17B0F0BD30B591B005464FF4BC
:1034D000E0216522F8F764FE040017D06846EDF796
:1034E000ABFB0F480A94CDE9005001200D94002158
:1034F0000790CDE908010B4806904FF6FF70ADF834
:103500003C006846EDF70CFC11B030BD044928467C
:10351000EDF74EFB15F8500F40F001002870F3E76F
:10352000CF640008F70C01082DE9FC47FE4DFF4C65
:1035300095F82000C00703D0FD48EFF705FD03E034
:1035400004211220FAF7A4FC0090BDF8000060806E
:1035500095F82000C00704D005211220FAF798FC46
:1035600003E004211220FAF77BFC0090BDF8000074
:10357000A08095F82000C00703D0EE48EFF7E4FCE8
:1035800001E0EFF7A2FE0090BDF80000E08095F8A2
:103590002000C00703D0E848EFF7D6FC03E0022183
:1035A0001220FAF775FC0090BDF80000208100267B
:1035B0004620CDE90006DC485023E04AE04928389F
:1035C000FCF71CF9D84800965023DC4ADC49143833
:1035D0000196FCF713F9E068D03001F069FAD2499E
:1035E000E0682839D030FCF7FFF8E068D83001F007
:1035F0005FFACD49E0681439D830FCF7F5F8E06897
:10360000083001F055FA95F82000C00704D00221D7
:103610001220FAF725FC02E01220FAF753FC0146CB
:10362000E0680830FBF74FFFE06847F6FF7A514645
:103630000830FCF786F80721E868F0F7C4F801467F
:10364000E0680830FBF7BFFF0521E868F0F7BBF83A
:103650000146E0680830FCF7CBF8E06866210830E6
:10366000FBF74CFFB049E06814390830FCF7BCF8B0
:10367000E068103001F01CFAE068FF211030FBF721
:103680003DFFE06801F014FAFF21E068FBF736FF28
:103690006088ADF800000099E068FBF714FFA0888F
:1036A000ADF800000099E068FCF77EF8607801282A
:1036B0007ED00228E8687CD05FF00A01F0F783F83A
:1036C0000146E068FBF7BCFF6078012872D0022851
:1036D000E86870D05FF00A01F0F775F80146E0681D
:1036E000FBF789FFE068183001F0E2F96078012803
:1036F000E8687DD05FF00801F0F765F80146E06802
:103700001830FCF71EF8E068FF211830FBF7F6FED2
:10371000E088ADF80000E06800991830FBF7D3FEB0
:103720002089ADF80000E06800991830FBF7EAFE48
:103730000221E868F0F747F80146E0681830FBF727
:10374000F8FEE06801211830FBF7EBFEA088ADF829
:103750000000E06800991830FCF726F8607801282E
:103760007ED00228E8687CD05FF01001F0F72BF8DB
:103770000146E0681830FBF726FF6078012871D019
:103780000228E8686FD00A21F0F71DF80146E068CA
:103790001830FBF755FF6078012865D00228E868EB
:1037A0007ED00A21F0F70FF80146E068183003E0F8
:1037B00083E085E086E088E0FBF71DFF1220FAF742
:1037C00081FB0146E0681830FBF7C9FE0121E8687B
:1037D000EFF7F9FF0146E0681830FBF7CBFEE06831
:1037E000A03001F065F9DFF84081A8F1280800E079
:1037F0006DE0E0684646D8F83810A030FBF7C9FE07
:103800000321E868EFF7DFFF0146E068A030FBF72F
:10381000D5FE0321E868EFF7D6FF0146E068A03047
:10382000FBF7C7FEE0687F21A030FBF7BDFEE06834
:10383000A83001F03DF9708FADF80000E068009904
:10384000A830FBF7A6FE0321E868EFF7BCFF0146AE
:10385000E068A830FBF7B2FEE0687F21A83004E002
:1038600037E039E03AE03CE03DE0FBF79DFEE06800
:10387000203001F01DF96078012839D00228E8686D
:1038800039D00821EFF79FFF0146E0682030FBF7B1
:1038900058FFE068FF212030FBF730FE208900E070
:1038A00024E0ADF80000E06800992030FBF70BFE43
:1038B00095F82000C00720D06FE00E21E868FDE6F3
:1038C0000C21FBE60E21E86806E70C2104E70C2139
:1038D00012E71821E86849E7142147E70E21E86854
:1038E00052E70C2150E70E21E8685BE70C2159E70D
:1038F0001021E868C6E70C21C4E71220FAF7E2FAC3
:103900000146E0682030FBF720FF0020F0F756F872
:1039100000EB40004FF4A079A0265030484517DB5B
:103920000020F0F74BF80DE0048200203001002069
:103930001A171500302B280037322F00D30C01083E
:1039400074A8020800EB4000503090FBF6F000E055
:10395000012001B2E0682030FBF711FFE0687F2111
:103960002030FBF702FF0020F0F728F8502707EB84
:103970008000484507DB0020F0F720F807EB8000C7
:1039800090FBF6F000E0012001B2E868EFF71BFFC2
:103990000146E0682030FBF7E3FEA088ADF80000A8
:1039A000E06800992030FBF7FFFE607801287DD0A9
:1039B0000228E8687BD01021EFF705FF0146E06898
:1039C0002030FBF728FE6078012871D00228E868D3
:1039D0006FD00A21EFF7F7FE0146E0682030FBF7D1
:1039E00039FE0521E868EFF7EEFE0146E068203079
:1039F000FBF701FE0521E868EFF7E5FE0146E06808
:103A00002030FBF71DFEFF49FD4808600831FE48E5
:103A10000860E068583001F04BF8E068F949583028
:103A2000FBF790FDE06823215830FBF78FFDE0683D
:103A3000603001F03DF8F349E06808316030FBF791
:103A400081FDE0687F216030FBF780FDE068C030D9
:103A500001F02EF8E0680121C030FBF76FFDE0684F
:103A60000121C030FBF75DFDE068803001F020F8F7
:103A7000607801287ED00228E8687CD05FF01001D1
:103A8000EFF7A1FE0146E0688030FBF79CFD60780F
:103A9000012871D00228E8686FD01021EFF793FE5B
:103AA0000146E0688030FBF7CBFD03E0ECE3ECE39C
:103AB000ECE3ECE3607801287ED00228E8687CD053
:103AC0005FF01001EFF77FFE0146E0688030FBF702
:103AD00092FDE068783000F0EBFF607801286DD04F
:103AE0000228E8686BD00A21EFF76DFE0146E06816
:103AF0007830FBF768FD607801287CD00228E86800
:103B00007AD00A21EFF75FFE0146E0687830FBF7D4
:103B100077FDE068883000F0CBFF0A21E868EFF716
:103B200052FE0146E0688830FBF78AFD0A21E8680A
:103B3000EFF749FE0146E0688830FBF75CFDE0687E
:103B4000903000F0B5FF1421E868EFF73CFE014625
:103B5000E0689030FBF739FEE068983000F0A8FF8D
:103B6000E06802219830FBF71AFEE068683000F048
:103B70009FFF03E0FEE3FEE3FEE3FEE3E0680021D7
:103B80006830FBF720FDE06800216830FBF758FD46
:103B9000E06800216830FBF72EFDE068703000F02F
:103BA00087FF607801287CD00228E8687AD002215B
:103BB000EFF709FE014603E0FEE3FEE3FEE3FEE36A
:103BC000E0687030FBF7FFFC607801286BD00228BA
:103BD000E86869D05FF00201EFF7F5FD0146E068A3
:103BE0007030FBF72DFD607801287DD00228E86851
:103BF0007BD0022101E0E6E3E6E3EFF7E4FD0146D6
:103C0000E0687030FBF7F7FCE068283000F050FF08
:103C1000E0684646D8F838102830FBF754FCEFF738
:103C200054FB0146E0682830FBF7BEFDE068FF2149
:103C30002830FBF763FCE068303000F039FFE068C3
:103C4000B16B3030FBF73FFCE068B16B3030FBF715
:103C5000ABFDE06833213030FBF750FCE0683830D2
:103C600000F026FF708FADF80000E0680099383052
:103C7000FBF729FCEFF729FB0146E0683830FBF73A
:103C800093FDE068FF213830FBF738FCE0684030F6
:103C900000F00EFF708FADF80000E0680099403032
:103CA00003E0FDE3FDE3FDE3FDE3FBF70CFC708FB8
:103CB000ADF80000E06800994030FBF775FDE06862
:103CC00033214030FBF71AFCE068483000F0F0FE8A
:103CD0002089ADF80000E06800994830FBF7F3FB5D
:103CE000E068FF21483001E0FDE3FEE3FBF706FC5E
:103CF000A088ADF80000E06800994830FBF754FD5B
:103D0000E068503000F0D4FEE088ADF80000E068D4
:103D100000995030FBF7D7FBE068FF215030FBF7EC
:103D2000EDFBA088ADF80000E06800995030FBF78B
:103D30003BFDE068B03000F0BBFEE06857465146FE
:103D4000B030FBF7FEFCE068B83000F0B1FEE06890
:103D50000021B830FBF7F5FCE068C83000F0A8FEA1
:103D60000321E868EFF72FFD0146E068C830FBF754
:103D700036FD0321E868EFF726FD0146E068C8300C
:103D8000FBF728FDE068F03000F092FEE068B16BD0
:103D9000F030FBF798FBE068FF21F030FBF7AEFB5B
:103DA0000621E868EFF70FFD0146E068F030FBF709
:103DB0000AFCE0683946F030FBF7C3FCE068E0300D
:103DC00000F076FEE068C821E030FBF764FBE068B5
:103DD000E83000F06DFEE0687821E830FBF75BFB2F
:103DE000E06800F5807000F063FE2089ADF8000007
:103DF000E068009900F58070FBF751FB0F2105E0AA
:103E00003D6500084001002091F10008E868EFF7E7
:103E1000DAFC0146E06800F58070FBF74FFBE068D4
:103E2000012100F58070FBF745FBE06800F5847028
:103E300000F03EFEE068B16B00F58470FBF72FFBED
:103E4000E06800F5987000F033FEE0684FF482718E
:103E500000F59870FBF793FBE06800F59C7000F0AC
:103E600027FE0321E868EFF7AEFC0146E06800F5A5
:103E70009C70FBF7A8FB0221E868EFF7A4FC014661
:103E8000E06800F59C70FBF754FBE068B16B00F54F
:103E90009C70FBF737FBE088ADF80000E068009904
:103EA00000F59C70FBF70FFBE068FF2100F59C70AC
:103EB000FBF724FB60780128E8687CD05FF00801FC
:103EC000EFF781FC00EBD0704110E06800F59C70CA
:103ED000FBF737FCE06800F5A07000F0E9FDE06852
:103EE000FCA100F5A070FBF704FBEFF7EEF901462B
:103EF000E06800F5A070FBF757FCE068696900F521
:103F0000A070FBF75DFCE06800F5A47000F0D0FD48
:103F10000421E868EFF757FC404201B2E06800F581
:103F2000A470FBF750FBEFF7D0F90146E06800F50D
:103F3000A470FBF7C8FAE06800F5A87000F0B8FDBF
:103F4000E068012100F5A870FBF714FBA088ADF82C
:103F50000000E068009900F5A870FBF700FBE0683E
:103F600000F5947000F0A4FDE068002100F5947065
:103F7000FBF7D7FA0A21E868EFF725FC0146E0686D
:103F800000F59470FBF737FB2089ADF80000E0687E
:103F9000009900F59470FBF7E2FAE06800F588708C
:103FA00000F086FD0321E868EFF70DFC0146E068AC
:103FB00000F5887000E019E3FBF7DCFA0321E868FC
:103FC000EFF701FC0146E06800F58870FBF7B9FBEC
:103FD0000821E868EFF7F7FB0146E06800F5887014
:103FE000FBF7D2FB0221E868EFF7EDFB0146E06842
:103FF00000F58870FBF7FFFAE06800F58C7000F0C0
:1040000057FDE068394600F58C70FBF79AFB0821F4
:10401000E868EFF7D8FB0146E06800F58C70FBF725
:10402000B3FBE068B16B00F58C70FBF74CFAE0680D
:10403000FF2100F58C70FBF761FAE06800F59070E5
:1040400000F036FD0121E868EFF7BDFB0146E068AE
:1040500000F59070FBF78EFAA088ADF80000E068DC
:10406000009900F59070FBF77AFA0221E868EFF703
:10407000AAFB0146E06800F59070FBF7A4FA122055
:10408000F9F720FF0146E06800F59070FBF78CFB24
:10409000E06800F5D07000F00BFDE068002100F54D
:1040A000D070FBF790FAE068002100F5D070FBF7C4
:1040B000A7FAE068002100F5D070FBF742FBE0684A
:1040C000012100F5D070FBF739FAE068002100F516
:1040D000D070FBF72AFAE06800F5EC7000F0E8FC1D
:1040E00060780128E8687CD05FF00801EFF76BFB8F
:1040F0000146E06800F5EC70FBF723FBE068012166
:1041000000F5EC70FBF71AFAE068FF2100F5EC709F
:10411000FBF7F4F9E088ADF80000E068009900F5DD
:10412000EC70FBF7D0F9A088ADF80000E0680099CA
:1041300000F5EC70FBF738FBE06800F5D47000F098
:10414000B7FC607801287DD00228E8687BD00A217E
:10415000EFF739FB0146E06800F5D470FBF75BFA36
:104160006078012870D00228E8686ED05FF00A01FC
:10417000EFF729FB0146E06800F5D470FBF76AFA17
:10418000607801287ED00228E8687CD05FF00A01C0
:10419000EFF719FB0146E06800F5D470FBF730FA41
:1041A0000121E868EFF70FFB0146E06800F5D470E5
:1041B000FBF7BFF9E068192100F5D470FBF7ADF902
:1041C000A088ADF80000E068009900F5D470FBF716
:1041D00099F9E068002100F5D470FBF7A6F9E068D2
:1041E00000E005E200F5D87000F062FCE068002114
:1041F00000F5D870FBF7E7F9E068002100F5D8700A
:10420000FBF7FEF90121E868EFF7DDFA0146E06807
:1042100000F5D870FBF78DF9E068192100F5D8702A
:10422000FBF77BF9A088ADF80000E068009900F585
:10423000D870FBF767F9E068082100F5D870FBF744
:1042400074F903E0D6E1D8E1D9E1DBE1E06800F5FB
:10425000DC7000F02DFCE068002100F5DC70FBF75D
:10426000B2F9E068002100F5DC70FBF7C9F9E068FD
:1042700000F5E47000F01CFC607801287ED0022874
:10428000E86805E0C0E1C2E174E177E178E17BE153
:1042900075D00A21EFF797FA0146E06800F5E4705F
:1042A000FBF7B9F9607801286AD00228E86868D07D
:1042B0005FF00201EFF787FA0146E06800F5E4706D
:1042C000FBF7C8F9607801287AD00228E86878D02E
:1042D0000A2101E0EF808C00EFF775FA0146E068F3
:1042E00000F5E470FBF78CF9E06800F5E87000F089
:1042F000DFFB6078012865D00228E8687DD00221C4
:10430000EFF761FA0146E06800F5E870FBF783F922
:104310006078012872D00228E86870D05FF002014E
:10432000EFF751FA0146E06800F5E870FBF792F903
:10433000E068002100F5E870FBF717FAE06800215B
:1043400000F5E870FBF7DAF8A088ADF80000E06847
:10435000009900F5E870FBF727FAE06800F5E070D7
:1043600000F0A6FBE068002100F5E070FBF753F9D0
:10437000002107E00AE10DE10EE111E149E14BE125
:104380004CE14EE1E06800F5E070FBF739F9E068D8
:1043900000F5F07000F08CFBE068332100F5F07060
:1043A000FBF7ACF81220F9F78DFD0146E06800F547
:1043B000F070FBF788F808E0F4E0F7E0F8E0FBE0E5
:1043C00031E133E134E1F9E0FCE0E06800F5F4705C
:1043D00000F06EFBE068002100F5F470FBF78EF84A
:1043E000607801287ED00228E8687DD05FF0020165
:1043F000EFF7E9F90146E06802E01CE11DE11FE189
:1044000000F5F470FBF726F9E06800F5B07000F0F5
:104410004FFB0521E868EFF7D6F90146E06800F5A3
:10442000B070FBF7A7F8A088ADF80000E06800992D
:1044300000F5B070FBF793F81421E868EFF7C3F9C3
:104440000146E06800F5B070FBF79EF90F21E868BF
:10445000EFF7B9F90146E06800F5B070FBF7E6F850
:10446000E06800F5B47000F023FBE068394600F521
:10447000B470FBF766F9A088ADF80000E068009919
:1044800000F5B470FBF71FF8E068FF2100F5B47089
:10449000FBF734F80F21E868EFF795F9014603E0E0
:1044A00092E095E096E099E0E06800F5B470FBF7E3
:1044B0006BF9E06800F5AC7000F0FAFA0121E868E9
:1044C000EFF781F90146E06800F5AC70FBF731F8D1
:1044D0002089ADF80000E068009900F5AC70FBF7AA
:1044E00011F803E0AEE07BE0B0E07DE0E06803219E
:1044F00000F5AC70FBF719F8E06800F5B87000F053
:10450000D7FAA088ADF80000E068009900F5B8700F
:10451000FAF7F8FF0221E868EFF755F90146E0687D
:1045200000F5B870FBF705F80121E868EFF74BF9E3
:10453000404201B2E06800F5B870FBF777F8E06838
:10454000042100F5B870FAF7F0FFE0684FF4C87185
:1045500000F5B870FAF79FFFE06800F5BC7000F056
:10456000A7FA95F82000C00772D002211220F9F7AF
:1045700077FC71E01821E868FFF71EBA1421FBE709
:104580000E21E868FFF726BA0C21FBE71821E8683E
:10459000FFF776BA1421FBE71821E868FFF77EBA27
:1045A0001421FBE71821E868FFF78CBA1421FBE718
:1045B0000E21E868FFF798BA0C21FBE70E21E868A6
:1045C000FFF7A0BA0C21FBE70821E868FFF7F0BA73
:1045D0000621FBE70821E868FFF7FEBA0621FBE7A2
:1045E0000821E868FFF706BB0621FBE70C2167E41A
:1045F0000C217BE50E21E868AAE50C21A8E50E2137
:10460000E868B5E50C21B3E50E21E868C0E50C21AA
:10461000BEE50E21E8683DE60C213BE60821E8688E
:1046200048E6062146E60E21E86852E60C2150E6EF
:104630000821E86864E6062162E60821E8686FE67A
:1046400006216DE60821E868D2E601E00621CFE602
:1046500001211220F9F71CFC0146E06800F5BC704E
:10466000FBF7A2F8E06800F5C07000F021FA60786E
:1046700001287DD00228E8687BD00A21EFF7A3F853
:104680000146E06800F5C070FAF79DFF60780128E8
:1046900070D00228E8686ED05FF00A01EFF793F857
:1046A00000EBD0704110E06800F5C070FAF7A8FF89
:1046B000E06800F5C47000F0FBF90121E868EFF74D
:1046C00082F80146E06800F5C470FAF732FF2089ED
:1046D000ADF80000E068009900F5C470FAF712FF29
:1046E000E088ADF80000E068009900F5C470FAF7C2
:1046F000EAFEE068332100F5C470FAF7FFFEE068D7
:1047000000F5C87000F0D4F9607801287DD0022847
:10471000E8687BD05FF00A01EFF755F80146E068E2
:1047200000F5C870FAF777FF607801286FD002288B
:10473000E8686DD05FF00A01EFF745F80146E068E0
:1047400000F5C870FAF781FF607801287DD0022853
:10475000E8687BD05FF00201EFF735F80146E068CA
:1047600000F5C870FAF742FF607801286FD003E0C7
:104770005BE160E161E163E10228E86868D00A2159
:10478000EFF721F80146E06800F5C870FAF738FF46
:10479000E06800F5CC7000F08BF90A21E868EFF7CB
:1047A00012F80146E06800F5CC70FAF787FEE06881
:1047B00000F5FC7000F07CF90421E868EFF703F8DD
:1047C0000146E06800F5FC70FAF7FDFEE06800F5D0
:1047D000F87000F06DF9E06842F2640100F5F870DD
:1047E000FAF7D2FEE06800F5007000F061F91220DF
:1047F000F9F768FB0146E06800F50070FAF763FE20
:10480000E0687F2100F5007003E01BE11EE11FE17D
:1048100021E1FAF773FEE06800F5027000F048F954
:10482000E068002100F50270FAF7A9FF607803281C
:104830007ED00128E8687CD05FF00801EEF7C3FF66
:104840000146E06800F5027003E006E108E109E1D5
:104850000DE1FAF776FFE06800F50E7000F028F938
:10486000E068B16B00F50E70FAF74CFE0221E868C3
:10487000EEF7A9FF400001B2E06800F50E70FAF70C
:1048800058FEE068012100F50E70FAF74EFEE06870
:1048900000F50C7000F00CF90221E868EEF793FFC8
:1048A000404201B2E06800F50C70FAF782FEE06861
:1048B00000F5047000F0FCF8607801287ED0022832
:1048C000E8687CD05FF01001EEF77DFF0146E068FC
:1048D00000F50470FAF79FFEE068002100F504700F
:1048E000FAF7B8FEE068002100F50470FAF788FED8
:1048F000E068012100F50470FAF720FEE06800F599
:10490000067000F0D5F80121E868EEF75CFF01467B
:10491000E06800F50670FAF70CFE2089ADF800009B
:10492000E068009900F50670FAF7ECFD012101E05E
:104930009FE0A6E0E06800F50670FAF7F6FD607803
:10494000012875D00228E86873D00A21EEF73BFFF2
:104950000146E06800F50670FAF735FE6078012838
:1049600068D00228E86870D05FF00A01EEF72BFFEC
:104970000146E06800F50670FAF73DFEE06800F5D4
:10498000087000F095F8607801286ED00228E86879
:104990006CD01021EEF717FF0146E06800F50870B3
:1049A000FAF71DFFE06800F5107000F081F8E0688C
:1049B000FF2100F51070FAF7A1FD01E063E065E06A
:1049C000EEF783FC0146E06800F51070FAF77BFD16
:1049D0001220F9F777FA0146E06800F51070FAF74F
:1049E0007DFDE068394600F51070FAF7AAFE0F2148
:1049F000E868EEF7E8FE0146E06800F51070FAF7A7
:104A0000BEFEEEF762FC0146E06800F51070FAF7B2
:104A10009CFE0521E868EEF7D6FE0146E068BDE899
:104A2000FC4700F51070FAF7A5BE0E21E86825E6F0
:104A30002EE030E031E00C2120E60E21E8682DE682
:104A40000C212BE60E21E86866E629E00C2163E6DE
:104A50000E21E86870E60C216EE60821E8687BE626
:104A6000062179E60E21E8688AE61BE01DE00C21AC
:104A700086E60821E868EEF7A6FE00EBD07040104D
:104A8000DEE60C21DAE61821E8681DE714211BE7B1
:104A90000E21E8685AE70C2158E70E21E86865E71F
:104AA0000C2163E71821E86874E7142172E700001D
:104AB0000349097809B1FAF7DCBCFAF7F0BB00004A
:104AC000300100202DE9F35F0198F6F701FCFE4C60
:104AD00000287DD0FD490198F5F710FE00284BD045
:104AE0000198F6F7F5FB0546F949F5F707FE0028AA
:104AF0006FD12846F6F7ECFBF549F5F7FFFD30B12D
:104B0000E168002280310198F5F720FBF1E301987C
:104B1000F6F7A3FB88B90198F6F7DAFBED49F5F74C
:104B2000EDFD50B1E168002248310198F5F70EFB28
:104B3000E1680022703101983DE20198F6F78DFBA3
:104B400001280CD10198F6F7C3FBE249F5F7D6FD31
:104B500028B10022E1680198F5F7F8FAD0E701984A
:104B6000F6F7B6FBDC49F5F7C9FD0028C0D1E168CE
:104B7000002218310198C7E7D8490198F5F7BEFD22
:104B800040B3E168002220310198F5F7DFFAE168CF
:104B9000002228310198F5F7D9FAE1680022D031D6
:104BA0000198F5F7D3FAE168202258310198F5F71A
:104BB000CDFAE1682022D8310198F5F7C7FAE1680B
:104BC0000422A0310198F5F7C1FA2022E16802E041
:104BD000FEE39CE024E0C8310198F5F7B7FAE168FC
:104BE000012238310198F5F7B1FAE168802260318D
:104BF0000198F5F7ABFA0198F6F76AFBB849F5F7B3
:104C00007DFD38B90198F6F763FBB649F5F776FDF7
:104C100000287CD0E168002201F5E8710198EFE3FB
:104C2000B1490198F5F76AFD28B1E168002201F564
:104C3000A871019880E7AD490198F5F75FFD4FF441
:104C4000A02808F1010908F1040A002870D0019891
:104C5000F6F73EFBA649F5F751FD20B3E1680022C7
:104C600001F5FC710198F5F771FAE16800228831CD
:104C70000198F5F76BFAE168424620310198F5F7A3
:104C800065FAE1689B4A58310198F5F75FFA994A4D
:104C9000E168603260310198F5F758FAE1684A46F8
:104CA00028310198FDE30198F6F712FB8849F5F7E2
:104CB00025FD68B3E168002250310198F5F746FA06
:104CC000E1680422A0310198F5F740FAE168042276
:104CD00001F50C710198F5F739FAE168854A583108
:104CE0000198F5F733FAE1684D464A4630310198AC
:104CF000F5F72CFAE1682A4601F50E710198F5F7EF
:104D000025FAE16855465246A031019801E0FCE3DE
:104D10000FE0F5F71BFA774AE168183AA8310198D5
:104D2000F5F714FAE1682A4601F50C71019803E7DA
:104D300062E00198F6F7CCFA6749F5F7DFFC002846
:104D4000E16801984FF0000222D001F5C071F5F73B
:104D5000FDF9E1680422A0310198F5F7F7F9E1685F
:104D60000822A8310198F5F7F1F9E168424601F50A
:104D7000C4710198F5F7EAF9E1685E4A5831019883
:104D8000F5F7E4F95B4AE16860326031019825E0AB
:104D90001831F5F7DBF9E1680422A0310198F5F745
:104DA000D5F9E1680822A8310198F5F7CFF9E16853
:104DB000424620310198F5F7C9F94E4AE168603260
:104DC00060310198F5F7C2F9E1684A4A5831019813
:104DD000F5F7BCF9E1684A4628310198F5F7B6F9CC
:104DE000E1685246A0310198F5F7B0F9414AE1680F
:104DF000183AA83101989FE63F490198F5F77EFCE3
:104E00004FF4003510B3E168002230310198F5F716
:104E10009DF9E1680022B0310198F5F797F9E16852
:104E20000422A0310198F5F791F9E1680822A83130
:104E30000198F5F78BF9E1682A4628310198F5F7D2
:104E400085F9E1682A46B0310198B4E02B49019810
:104E5000F5F754FC4FF44036A0B3E168002230313E
:104E60000198F5F773F9E1680022B0310198F5F780
:104E70006DF9E1680422A0310198F5F767F9E1685E
:104E80000822A8310198F5F761F9E1682A4628312E
:104E90000198F5F75BF9E1682A46B0310198F5F71A
:104EA00055F9E1683246F0310198F5F74FF9144DA4
:104EB000E1682A46C8310198F5F748F9E1683246B9
:104EC000D0311FE020E000003001002010A70208D0
:104ED000C0AE020814AF02088CA80208E0E602087F
:104EE000FCAD0208E0AD0208A4E70208FCE60208F7
:104EF00034AE020820000500C4E60208F8E7020804
:104F0000200003000198F4E0FA490198F5F7F6FB58
:104F1000E8B3E168002218310198F5F717F9E16864
:104F2000002268310198F5F711F9E1680022B831E3
:104F30000198F5F70BF9E1680422A0310198F5F723
:104F400005F9E1680822A8310198F5F7FFF8E16852
:104F50004FF4803208310198F5F7F8F8E168E64A35
:104F600010310198F5F7F2F8E168454642465031B4
:104F70000198F5F7EBF8E1682A4601F5AC71019864
:104F8000F5F7E4F8E1682A468031019800E013E083
:104F9000F5F7DCF8E168D94A58310198F5F7D6F809
:104FA000E168524628310198F5F7D0F8D34AE16814
:104FB000183A3831019821E2D1490198F5F79EFB62
:104FC000D04FDFF840B37F3FF0B3E1680022883173
:104FD0000198F5F7BBF8E1680422A0310198F5F7D4
:104FE000B5F8E1685A4660310198F5F7AFF8E16825
:104FF0002A4601F59C710198F5F7A8F8E1683A4650
:1050000028310198F5F7A2F8E1683A4601F5A07158
:105010000198F5F79BF8BB4EE168603E3246583187
:105020000198F5F793F8E1683246C8310198F5F731
:105030008DF8E1683246D8310198F5F787F8E168D4
:105040002A46D0310198E8E3FFE7AF490198F5F728
:1050500055FBE8B3E168002248310198F5F776F88E
:10506000E1680022B0310198F5F770F8E16800229C
:10507000E8310198F5F76AF8E1688022603101981B
:10508000F5F764F8E1680422A0310198F5F75EF8BD
:10509000E1683A4628310198F5F758F8E1682A4660
:1050A000B0310198F5F752F8E1685A46603101983D
:1050B000F5F74CF8E1683246F0310198F5F746F81B
:1050C000E168324650310198F5F740F8324600E089
:1050D00016E0E168019801F5A471F5F737F8E16889
:1050E0008A4A60310198F5F731F8E1683A46D831DB
:1050F0000198F5F72BF8E1682A46D83101988CE33E
:1051000083490198F5F7FAFA4FF4E02BD8B3E16838
:10511000002218310198F5F719F8E168002278317A
:105120000198F5F713F8E168002201F594710198F0
:10513000F5F70CF8E1684FF4803208310198F5F783
:1051400005F8E1686C4A10310198F4F7FFFFE16857
:10515000424601F588710198F4F7F8FFE1682A46A4
:1051600001F58C710198F4F7F1FFE1684FF4C0226A
:1051700001F590710198F4F7E9FFE1685A4601F5ED
:105180008871019849E3FFE762490198F5F7B6FA9B
:105190004FF4802728B3E168002218310198F4F712
:1051A000D5FFE1680022E0310198F4F7CFFFE16814
:1051B000002290310198F4F7C9FFE168002298318C
:1051C0000198F4F7C3FFE1680422A0310198F4F7D5
:1051D000BDFFE1680822A8310198F4F7B7FF3A460D
:1051E00087E24D490198F5F789FA40B3E16800225A
:1051F00018310198F4F7AAFFE1680022783101988C
:10520000F4F7A4FFE1680022D0310198F4F79EFF83
:10521000E1682022D8310198F4F798FFE168202254
:1052200058310198F4F792FFE1680422A031019807
:10523000F4F78CFFE1680822A831019859E7374953
:105240000198F5F75BFAA0B3E168002218310198E4
:10525000F4F77CFFE1680022C0310198F4F776FF93
:10526000E168002290310198F4F770FFE1680022B4
:1052700001F598710198F4F769FFE1684FF4803205
:1052800008310198F4F762FFE1681B4A1031019878
:10529000F4F75CFFE1683A4650310198F4F756FFA5
:1052A000E1681F4A28310198F4F750FF1C4A1F3269
:1052B00064E1FFE71B490198F5F720FAA0B3E16824
:1052C000002201F580710198F4F740FFE1682A4659
:1052D00001F580710198F4F739FFE1682A4601F57C
:1052E00084710198F4F732FFE1683246F031019899
:1052F00093E245E230E8020840000100200005008A
:1053000018E702088000020014E802088000030089
:10531000E0A80208C0E7020834E7020850E70208E4
:1053200001000400A8E60208FFE7F8490198F5F734
:10533000E5F998B1E168002201F580710198F4F770
:1053400005FFE1682A4601F580710198F4F7FEFE39
:10535000E1682A4601F5847101985EE2EC49019802
:10536000F5F7CCF988B1E168002218310198F4F71B
:10537000EDFEE1680022B0310198F4F7E7FEE16844
:105380002A4601F5B471019847E2E2490198F5F720
:10539000B5F9A0B3E168002218310198F4F7D6FE00
:1053A000E168002278310198F4F7D0FEE168042228
:1053B000A0310198F4F7CAFEE1680822A8310198EB
:1053C000F4F7C4FEE1684FF480320831019800E040
:1053D00098E1F4F7BBFEE168CF4A10310198F4F789
:1053E000B5FEE168CD4A01F5B8710198F4F7AEFE5B
:1053F000E1684FF4002201F5BC7101980DE200E074
:1054000014E1C7490198F5F779F920B1E168002264
:1054100018310198C8E1C3490198F5F76FF928B12F
:10542000E168002201F5C8710198F6E1BE490198D2
:10543000F5F764F90028F3D1BC490198F5F75EF956
:1054400080B30022E1680198F4F780FE6078E1689B
:10545000012846D0703100220198F4F777FEE16808
:105460000422A0310198F4F771FEE1680822A83106
:105470000198F4F76BFEE1684546424620310198F9
:10548000F4F764FEE168AA4A60310198F4F75EFE21
:10549000E1682A4650310198F4F758FE2A46E1683F
:1054A00001E010E01FE001F502710198F4F74EFEF3
:1054B0009F4AE168603A58310198F4F747FEE16885
:1054C0004A4648310198F4F741FEE16852463031CE
:1054D0000198F4F73BFE964AE168783A403101982A
:1054E0009BE17831B7E793490198F5F707F968B17F
:1054F000E168002218310198F4F728FEE1680022E3
:1055000001F504710198FFF7FFBA8BE18A49019810
:10551000F5F7F4F858B1E168002248310198F4F742
:1055200015FEE168002201F50871019875E18349D3
:105530000198F5F7E3F828B3E168002250310198AB
:10554000F4F704FEE168002201F506710198F4F712
:10555000FDFDE168042228310198F4F7F7FDE168C8
:10556000042201F508710198F4F7F0FDE1682022AA
:1055700001F508710198F4F7E9FD2022E16801982E
:1055800058314AE16E490198F5F7B8F858B1E16829
:10559000002218310198F4F7D9FDE168002201F5E5
:1055A000D071019839E167490198F5F7A7F828B15A
:1055B000E168002201F5D8710198A4E762490198D9
:1055C000F5F79CF828B1E168002201F5DC7101983B
:1055D00099E75E490198F5F791F8C0B1E1680022BA
:1055E00001F5D4710198F4F7B1FDE168202201F5CD
:1055F000F0710198F4F7AAFDE16821223031019899
:10560000F4F7A4FDE16801223031019805E1504929
:105610000198F5F773F820B94E490198F5F76EF83F
:1056200060B1E168002201F5E4710198F4F78EFDA4
:10563000E168202201F5F0710198EEE046490198F9
:10564000F5F75CF828B1E168002201F5E0710198F6
:1056500059E742490198F5F751F828B1E16800226D
:1056600001F5EC710198D8E03D490198F5F746F84D
:1056700028B1E168002201F5F4710198CDE03949C3
:105680000198F5F73BF858B1E1680022183101980C
:10569000F4F75CFDE168002201F5F8710198BCE0C7
:1056A00031490198F5F72AF828B1E168002201F59F
:1056B00000710198B1E02D490198F5F71FF8E0B1AC
:1056C000E168002218310198F4F740FDE1680022FA
:1056D00078310198F4F73AFDE1680422A03101988D
:1056E000F4F734FDE1680822A8310198F4F72EFDA3
:1056F0005A46E168019828318FE01D490198F4F776
:10570000FDFFB8B30022E1680198FCE6A4AE0208F0
:1057100018AE02084CE80208400001000200070031
:105720008CA80208A8A80208C4A8020818A90208A0
:1057300080000500C8AC020800AD0208E4AC020815
:105740001CAD0208A8AD0208C4AD020854AD0208A1
:10575000FCAD0208E0AD020838AD020870AD0208E9
:105760008CAD020834AE02086CAE020888AE0208A6
:10577000DCAE0208FFE72C490198F4F7BFFF58B1EF
:10578000E1684FF4803208310198F4F7DFFCE168FA
:10579000264A1031019840E025490198F4F7AEFF00
:1057A00048B10022E1680198F4F7D0FCE1680022DA
:1057B0006831019831E01F490198F4F79FFF20B14B
:1057C000E1680022C031019827E01B490198F4F7F5
:1057D00095FFB8B1E168002201F5CC710198F4F7AA
:1057E000B5FCE168002280310198F4F7AFFCE16874
:1057F000324650310198F4F7A9FCE1683246803115
:1058000001980AE00D490198F4F778FF002809D0C3
:10581000E1680198002201F5107102B0BDE8F05F67
:10582000F4F794BCBDE8FC9FF8AE0208400001000C
:10583000C0AE020814AF0208FCA80208ACAC020813
:105840002DE9F84F0546F0F78AFE04462846F0F7A2
:10585000C4FE05460A2C46D1F5F7A7FC06462846A5
:10586000F5F789FC044669462846F5F797FDBDF92A
:10587000002006EBD67002EB600090FBF6F0704360
:10588000BDF9021007B204EBD47001EB600090FB8D
:10589000F4F060430F260FFA80F800241AE0214646
:1058A0002846F5F704FC8146F6F7CBFD82464846CC
:1058B000F6F7E3FD0146BA450BD1414509D1C5F8DC
:1058C000249099F8246000221C212846F0F78AFED3
:1058D00005E0641C2846F5F7FCFBA042DFD8314602
:1058E0002846F8F7B3F8BDE8F88FC143491C0840D3
:1058F000B0FA80F0C0F11F00704718B1B0FA80F024
:10590000C0F12000401E70472DE9F0410C46DAF747
:10591000FDFF78B1DAF7FAFFFF280BD00A4E012716
:10592000B51CDAF7F7FF09480188318080882880A4
:10593000A77301E00020A0730348018821804088FC
:105940006080BDE8F0810000B800002090000020D9
:10595000FEB5066804460025728C0420C2F3C50219
:105960000CE000BFF36800EBC507DB599F0104D5CD
:10597000A76823F07F43BB4203D06D1CAA42F1D835
:10598000FEBDA388472B60D00EDC342B50D006DC44
:10599000202B5AD0302B58D0332B16D148E03B2B3C
:1059A00053D0442B11D150E0682B41D004DC632B41
:1059B00041D0672B09D13BE0A3F58060573844D034
:1059C00000F6FE70B0F5005F32D069B3FF292DD02C
:1059D000D4E90302121A4A4300EB22200090F06837
:1059E000012701AA50F835001946F9F727FC60B1E4
:1059F000DDE90010814208D1BDF80020BDF8043077
:105A00009A4202D1814200D10027F068A188009A11
:105A100050F83500F9F72AFE002FB1D0A288A1680E
:105A20002068F7F795FCFEBDE068D7E72069D5E769
:105A3000FF29FBDAF8E7E0680028F7D02269002A9E
:105A4000CCD08029CADB0092C9E7002901DCA089FB
:105A500020E0FF2901DB208A1CE0C8B2228AB4F8CA
:105A60000CC0001DC7080D491FFA8CF092B240EA25
:105A7000004042EA024208400A40121A7A4300EB10
:105A80005210084040EA1040ADF8080080B2029081
:105A9000BDF80800ADF80000A1E700001FF8E0071E
:105AA0002DE9F04104682648A6882568DDF7FBFE4D
:105AB00010E0A1420BD008682268904207D18868A4
:105AC000A268904203D18888A288904236D01C48B0
:105AD000DDF7FBFE0100ECD1698C00270420C1F347
:105AE000C50129E0EA6800EBC703D258930122D52B
:105AF000A36822F07F429A421DD121461048DDF76B
:105B00003CFF2046F3F766FEE868314600EBC70429
:105B10002068F9F74BFCE86850F83700F9F7C2FB4A
:105B200000280BD06068216820F07F422846BDE83D
:105B3000F041F7F78BBC7F1CB942D3D8BDE8F081A8
:105B40007C82002070B50468A068A28800F47F06FB
:105B500031462068F6F724FBE060A5880020A0808D
:105B600023462A463146206800F00CF8A580A1683B
:105B70002068E9F7B7FAA1880068E268BDE87040DC
:105B8000F9F774BD2DE9FF4F064681B09B46894663
:105B900000272648DDF7A0FE04464FF4702A4FF098
:105BA00004083DE05C453DD021462048DDF791FEEC
:105BB00000902068B04232D1A168494501D0D1455A
:105BC0002DD1A1880398814203D0A0F57F41FF39F0
:105BD00025D100251EE000BFF06808EBC501415843
:105BE0008A0116D5D14503D021F07F424A4510D114
:105BF00050F83500A188F9F7D9FB00212046EAF7D3
:105C0000D7FF21460948DDF7B8FE2046F3F7E2FD4D
:105C100001276D1C708CC0F3C500A842DCD8009C25
:105C2000002CBFD105B03846BDE8F08F7C82002043
:105C3000034902480860F0F701BD000058E402087B
:105C4000AC02002000880988401A70472DE9F04115
:105C500086B00446F2F716F9050073D02046F0F737
:105C60007EFC06462046F0F7B8FC044690F850004B
:105C7000800767D52846F2F746F9022862D0284601
:105C8000F2F741F904285DD06946606AF5F7A7FA92
:105C900003A92846F2F70CF904A92846F2F738F9C7
:105CA000BDF90C1000294DDBBDF90E00002849DBC1
:105CB000BDF80020891AADF80810BDF80210401A8E
:105CC000ADF80A00606AF6F7B6FB0146606ABDF9F6
:105CD00008200546002A01DA002703E08A4203DB98
:105CE00047F6FF77012009E002A9F2F7ADFC87B281
:105CF00002A9606AF2F7C8FE80F0010094F85C1017
:105D00004FF6FF788A0724D501F0010202434FF4D1
:105D1000407001D1012E08D0C9071ED0022E12D02A
:105D2000032E12D0082E10D019E0C4E9157894F88B
:105D30005C1041F00102014684F85C202046F4F733
:105D40008FFD06E03FE0A76503E001462046F4F73B
:105D5000C3F994F85C00C00701D1012E33D1394654
:105D60002046FAF743FB94F85C00C0072BD0D4E937
:105D70001510814208D9EA6B824202D12A6C8A420C
:105D800018D0E863606D11E008D2EA6B8A4202D154
:105D90002A6C82420ED0E963A06D07E0E96B4046B1
:105DA000814202D1296C814204D0E86328642046F4
:105DB000F6F758FE032E01D0082E04D114F85C0F1C
:105DC00020F00100207006B0BDE8F081D0E901327A
:105DD00001699A60D0E901235A604A68824201D180
:105DE00082684A60002202610868401E08600868F4
:105DF00070470000034B036003F15C0008608020E3
:105E0000106070471C090020044B036003F15C0024
:105E100008604FF48070106070470000780B00201D
:105E2000DCF77CBB00F108014FF0FF32C0E9011242
:105E3000C16001610021016070470021016170476C
:105E400030B50B685A1C02D000F1080202E002696A
:105E500004E02246546825689D42FAD953684B6095
:105E600099608A60516008610168491C016030BD19
:105E700042684A6093688B609368596091600861DA
:105E80000168491C01607047502080F31188BFF3FE
:105E90004F8FBFF36F8F0A494868401C4860012844
:105EA0000CD10848006810F0FF0F07D0502080F395
:105EB0001188BFF34F8FBFF36F8FFEE7704700006D
:105EC0008400002004ED00E00849486828B1401E25
:105ED000486001D180F311887047502080F3118809
:105EE000BFF34F8FBFF36F8FFEE7000084000020E9
:105EF00070B500282AD0164DA0F1080460686969C1
:105F0000084207D1502080F31188BFF34F8FBFF3B1
:105F10006F8FFEE722683AB1502080F31188BFF3FB
:105F20004F8FBFF36F8FFEE78843606000F030F95A
:105F300060686968084468602046FCF7C7F828690B
:105F4000401C2861BDE8704000F05ABE70BD0000E2
:105F5000640000204FF0E0200021016181610549CB
:105F60004FF47A720968B1FBF2F1491E41610721D1
:105F7000016170470C00002010B5DAF76BF9114988
:105F800010280ED300F1E02090F8F0030A78904238
:105F900007D2502080F31188BFF34F8FBFF36F8F6C
:105FA000FEE709480068896800F4E060884207D984
:105FB000502080F31188BFF34F8FBFF36F8FFEE740
:105FC00010BD0000840000200CED00E010B5084B6F
:105FD000002200BF53F832401CB1521C082AF9D3EA
:105FE00010BD43F8321003EBC201486010BD000041
:105FF000FC02002070B515460E460446FFF744FF2C
:1060000094F944100020491C01D184F8440094F90B
:106010004510491C01D184F84500FFF755FFA06BDE
:1060200028B92A46314604F1240000F051F82046F0
:10603000BDE87040FCF72EBA10B5020014D00F482E
:10604000006B38B1502080F31188BFF34F8FBFF33E
:106050006F8FFEE700F09CF800211046FBF74EFE24
:1060600000F0CEFD002807D105494FF080500860B0
:10607000BFF34F8FBFF36F8F10BD000010000020E3
:1060800004ED00E002490A6A0260C9684160704795
:106090001000002001490120C86170471000002055
:1060A00010B50C4650B1094909681831FFF7C8FE10
:1060B0002046BDE810400121FBF720BE502080F3B0
:1060C0001188BFF34F8FBFF36F8FFEE710000020E2
:1060D00070B514460D4668B10A4909681831FFF7D2
:1060E000C7FE0CB14FF0FF3521462846BDE8704091
:1060F000FBF704BE502080F31188BFF34F8FBFF32E
:106100006F8FFEE71000002030B587B000240394A5
:1061100005AA04A903A80494FFF76CFEDDE90301B6
:106120000094CDE90110002315A11748059A00F04D
:1061300044FC164D0028E8621FD000F0C3FD012882
:1061400009D0401C19D1502080F31188BFF34F8F24
:10615000BFF36F8FFEE7502080F31188BFF34F8F9E
:10616000BFF36F8F4FF0FF30A86201206861EC60D1
:1061700007B0BDE8304000F0EDB807B030BD00001A
:1061800049444C4500000000951F02081000002003
:106190000248016B491C0163704700001000002099
:1061A000164810B5016B11B10121C16110BD00216C
:1061B000C1610169124A01E0B9B1491E01EB8103D5
:1061C00052F82330002BF7D001EB810302EB83025E
:1061D00002F1080453685B685360A34201D15B6815
:1061E0005360DA680260016110BD502080F31188AD
:1061F000BFF34F8FBFF36F8FFEE70000100000204A
:106200003C03002070B5F0F7E8F90546F5F760F8B3
:10621000ECF74EF9044601212846F4F748FF0546FD
:1062200094F902000549228801EB800004A150F88E
:10623000043C2846BDE87040F2F7F5BF6C01002031
:10624000256420257300000070B5F0F7C6F90546F7
:10625000F5F73EF8ECF72CF9044600212846F4F750
:1062600026FF02462088A0F2E770404281B2104625
:10627000F0F74CF901212846F4F719FF024694F98A
:106280000200BDE87040401E81B21046F0F73EB9F2
:10629000F8B50446B0F92E0010F5004F59D0B4F906
:1062A0002C30678D99B2B94202D201F5B4710BB2AC
:1062B00094F83410C1F34101D9B301290ED0022959
:1062C00047D10093B4F93220B4F930103B46F3F7CC
:1062D000E5F905B22046A28DA9B237E0F91801EB25
:1062E000D171B4F93050B4F9322041F34F06A918F6
:1062F00001EBD17141F34F0188420CDA0A463B466B
:1063000029460096F3F7CAF905B2A9B22046EBF781
:106310001CF9B1B209E000933346F3F7BFF905B2B7
:10632000B1B22046EBF711F9A9B22046EBF7D1F84C
:106330000EE0FFE70093B4F93220B4F930103B4689
:10634000F3F7ACF905B2AAB22046618DEBF73DF840
:10635000A587F8BD1CB537480168374A914207D177
:10636000502080F31188BFF34F8FBFF36F8FFEE78C
:1063700000683149491E884207D1502080F31188B6
:10638000BFF34F8FBFF36F8FFEE72C490878019062
:10639000FF20087008788DF800009DF800009DF837
:1063A000002000F0F000904207D0502080F31188C8
:1063B000BFF34F8FBFF36F8FFEE79DF80000204CB7
:1063C00000F0500020700720A06005E09DF800203C
:1063D00052008DF80020401E9DF800201206F5D4D2
:1063E000A060032807D0502080F31188BFF34F8F9F
:1063F000BFF36F8FFEE74FF44070A0600198087004
:106400000C482030016841F470010160016841F0DE
:1064100070410160FFF79EFD00206060D9F7E2FE49
:106420000848016841F040410160D9F7C7FE0020EB
:106430001CBD000000ED00E071C20F4100E400E06F
:106440008400002034EF00E010B5502080F3118864
:10645000BFF34F8FBFF36F8F00F0EEFA18B104490E
:106460004FF080500860002080F3118810BD0000BC
:1064700004ED00E038B5049D18B153B1CAB181B143
:1064800020E0502080F31188BFF34F8FBFF36F8F50
:10649000FEE7502080F31188BFF34F8FBFF36F8F5B
:1064A000FEE7502080F31188BFF34F8FBFF36F8F4B
:1064B000FEE739B1502080F31188BFF34F8FBFF34F
:1064C0006F8FFEE754241C46012384F846302B4688
:1064D0000094FBF78FFD204638BD000070B50D46D7
:1064E000040025D0FFF7D0FCD4E90F20216802FB7F
:1064F0000011A1600021A163216861600A46D4E90E
:106500000F01401E00FB0121E16021464FF0FF30EA
:1065100001F8440F487004F110008DB1FFF782FCC0
:1065200004F12400FFF77EFCFFF7CEFC012070BDD4
:10653000502080F31188BFF34F8FBFF36F8FFEE7BA
:1065400021690029F0D000F023FB0028ECD0044999
:106550004FF080500860BFF34F8FBFF36F8FE3E7BA
:1065600004ED00E02DE9FF4782B01D468A464FF05A
:106570000008040003D0BAF1000F08D011E0502049
:1065800080F31188BFF34F8FBFF36F8FFEE7206C4E
:1065900038B1502080F31188BFF34F8FBFF36F8F56
:1065A000FEE7022D0AD1E06B012807D0502080F3CE
:1065B0001188BFF34F8FBFF36F8FFEE700F028FA0B
:1065C000454F4FF000094FF0805648B9049838B154
:1065D000502080F31188BFF34F8FBFF36F8FFEE71A
:1065E000FFF752FCA06BE16B884207D3022D05D068
:1065F000049838B3B8F1000F27D02BE0D4F83880D6
:106600002A4651462046FBF74EFCA16C41B1022DB3
:1066100002D1B8F1000F0FD12046FBF7A7FD05E02E
:10662000616A19B104F1240000F0B2FA20B13E60B1
:10663000BFF34F8FBFF36F8FFFF746FC012006B00B
:10664000BDE8F087FFF740FC22E06846FFF71AFD3F
:106650004FF00108FFF738FCFFF79AFDFFF714FC35
:1066600094F94400401C01D184F8449094F9450009
:10667000401C01D184F84590FFF726FC04A9684628
:1066800000F034F930B12046FBF704FF00F0B8FA0F
:106690000020D4E7FFF7F8FBA06BE16B884213D131
:1066A000FFF712FC04F110000499FFF7F9FC2046F3
:1066B000FBF7F0FE00F0A4FA002891D13E60BFF392
:1066C0004F8FBFF36F8F8BE7FFF7FEFB2046FBF783
:1066D000E1FE00F095FA83E704ED00E02DE9F047D4
:1066E0001F4616468A46040003D0BAF1000F08D0B0
:1066F00011E0502080F31188BFF34F8FBFF36F8FED
:10670000FEE7206C38B1502080F31188BFF34F8F23
:10671000BFF36F8FFEE7022F0AD1E06B012807D08D
:10672000502080F31188BFF34F8FBFF36F8FFEE7C8
:10673000FFF722FC5021EFF3118081F31188BFF3A2
:106740004F8FBFF36F8F8046A06BE16B884207D3FA
:10675000022F05D05FF0000088F31188BDE8F087B4
:1067600094F94550D4F838903A4651462046FBF704
:106770009AFB681C04D06D1C84F845500120EBE79F
:10678000A06C012540B1022F02D1B9F1000FF5D163
:106790002046FBF7EBFC06E0606A0028EED004F12F
:1067A000240000F0F5F90028E8D0002EE6D035608E
:1067B000E4E700002DE9F747002683B08A4604008D
:1067C00003D0BAF1000F08D011E0502080F31188F7
:1067D000BFF34F8FBFF36F8FFEE7206C38B15020AF
:1067E00080F31188BFF34F8FBFF36F8FFEE700F088
:1067F0000FF9DFF8F4804FF000094FF0805748B9E7
:10680000059838B1502080F31188BFF34F8FBFF344
:106810006F8FFEE7FFF738FBA56BC5B151462046E9
:10682000FBF72EFB6D1EA563206950B104F110002B
:1068300000F0AEF928B1C8F80070BFF34F8FBFF376
:106840006F8FFFF741FB012006B0BDE8F087059888
:1068500008B11EB106E0FFF737FB27E06846FFF7F7
:1068600011FC0126FFF730FBFFF792FCFFF70CFB52
:1068700094F94400401C01D184F8449094F94500F7
:10688000401C01D184F84590FFF71EFB05A968461E
:1068900000F02CF8002820460AD0FBF7FBFD00F0A2
:1068A000AFF92046FBF754FC0028B3D00020CBE71B
:1068B000FBF74EFC90B104F124000599FFF7F0FBC3
:1068C0002046FBF7E7FD00F09BF90028A2D1C8F8AD
:1068D0000070BFF34F8FBFF36F8F9BE72046FBF72E
:1068E000D9FD00F08DF995E704ED00E02DE9F041C8
:1068F0000C46050011D0C4B1FFF7C6FA174BDA6891
:106900006E682068911B471C17D02F681B6A9F4236
:1069100019D0964217D8012410E0502080F3118836
:10692000BFF34F8FBFF36F8FFEE7502080F31188C6
:10693000BFF34F8FBFF36F8FFEE70024FFF7C4FA5A
:106940002046BDE8F081884205D9401A20602846DB
:10695000FFF798FBF1E700202060DCE71000002043
:106960002DE9FF5F8346DDE90E87994616468A4684
:106970009000FBF7CBFD05001CD05C20FBF7C6FDAB
:10698000040014D00020256384F85900CDE90240AA
:10699000CDE900874B46324651465846FBF73EFB51
:1069A0002046FBF7D9F9012004B0BDE8F09F284646
:1069B000FFF79EFA4FF0FF30F6E7F0B585B0DDE95E
:1069C0000B640A9DA6B1DCB15C2700972663022602
:1069D00084F85960002604AFCDE90246CDE900579E
:1069E000FBF71CFB2046FBF7B7F9049805B0F0BD98
:1069F000502080F31188BFF34F8FBFF36F8FFEE7F6
:106A0000502080F31188BFF34F8FBFF36F8FFEE7E5
:106A10000548416919B1006B18B100207047012089
:106A20007047022070470000100000200148C06835
:106A300070470000100000202DE9F041324C002783
:106A4000206B38B1A069401CA061FFF7E9F9384616
:106A5000BDE8F081E668761CE66013D1606B0068E3
:106A600038B1502080F31188BFF34F8FBFF36F8F81
:106A7000FEE7606BA16B6163A063206A401C20622B
:106A8000FBF788FCA06ADFF88480864209D3606B3C
:106A9000006890B1606BC068C568686886420FD2B4
:106AA000A0622068C06A00EB800158F8210001282C
:106AB00000D90127A069F8B120E04FF0FF30EFE7DF
:106AC000281DFFF783F9A86A18B105F11800FFF730
:106AD0007DF9E86A2169884200D9206100EB8001D4
:106AE00008EB8100291DFFF7C3F9E86A2168C96A2C
:106AF0008842CCD30127CAE7FFF792F9E069002862
:106B0000A5D00127A3E70000100000203C030020CF
:106B100070B504004FF0000133D01B4D286884424B
:106B200007D0502080F31188BFF34F8FBFF36F8FD2
:106B3000FEE7206D38B1401E2065E36CE26A9A42A0
:106B40001FD040B11DE0502080F31188BFF34F8F5C
:106B5000BFF36F8FFEE7201DFFF738F9E06CE062AE
:106B6000C0F13800A061E06A2969884200D9286133
:106B7000064900EB800001EB8000211DFFF778F94A
:106B80000121084670BD0000100000203C030020D9
:106B900070B5C068C46854B104F118000646FFF728
:106BA00015F9144D286B50B13146134815E05020AB
:106BB00080F31188BFF34F8FBFF36F8FFEE7201D67
:106BC000FFF704F9E06A2969884200D928610B4976
:106BD00000EB800001EB8000211DFFF749F9E06A1E
:106BE0002968C96A884202D90120E86170BD002085
:106BF00070BD000010000020C40700203C030020EE
:106C00002DE9F0472C4D00242746286B38B1FFF7BB
:106C10003BF9286B401E2863286B40B146E05020AA
:106C200080F31188BFF34F8FBFF36F8FFEE7A96822
:106C3000224E0120D1B3A6F5916980463068E0B1BB
:106C4000F068C46804F11800FFF7C0F8201DFFF7D2
:106C5000BDF8E06A2969884200D9286100EB80010B
:106C600009EB8100211DFFF703F9E06A2968C96A71
:106C70008842E3D3C5F81C80E0E70CB1FBF78AFB40
:106C8000AC694CB14FEA0806FFF7D6FE00B1EE61E1
:106C9000641EF9D10020A861E86938B108490127CC
:106CA00038070860BFF34F8FBFF36F8FFFF70CF902
:106CB0003846BDE8F087000010000020C40700201F
:106CC00004ED00E010B586B0FBF7AEF8114C20687B
:106CD000B8B100200390049005AA04A903A8FFF707
:106CE00093F8DDE9032137208DE8070000230AA18E
:106CF0000B48059AFFF761FE606010B106B00120F5
:106D000010BD502080F31188BFF34F8FBFF36F8FFA
:106D1000FEE700004C000020546D722053766300A3
:106D2000712402082DE9FF411E46134602000A9D08
:106D30004FF0000016D0144C2768002F0FD0CDE97B
:106D400000130292062917DAFFF762FE02284FF0BD
:106D500000030FD0002269462068FFF703FC04B04F
:106D6000BDE8F081502080F31188BFF34F8FBFF34F
:106D70006F8FFEE72A46EEE7002332466946384623
:106D8000FFF7ACFCEBE700004C00002070B50546B7
:106D9000EFF723FC04462846EFF721FC0546204682
:106DA000EFF7B4F904462846EBF782FB0068A4F23B
:106DB000E774614240F307422846BDE8704089B25B
:106DC000EBF778BB0000000004040400000800009A
:106DD0000008102840587088A0B80000000000008B
:106DE0000000010203040607080900000000010278
:106DF000030400000000000000000000000000008C
:106E00000404040404000004000014140A00000038
:106E100000000000000000000A0A1F0A0A1F0A0AF8
:106E2000000000040E1505060C14150E04000000E9
:106E300012150D152E2C2A1200000000040A0A3625
:106E400015152916000002020100000000000000D4
:106E500000001008080404040404080810000204D8
:106E60000408080808080404020000000004150EC5
:106E70000E150400000000000008083E080800008D
:106E800000000000000000000000020201000000FD
:106E90000000003F000000000000000000000000B3
:106EA0000000000200000020101008080404020284
:106EB000010000000E1111111111110E000000004F
:106EC000040604040404040E000000000E1111085E
:106ED0000402011F000000000E11100C1010110E12
:106EE00000000000080C0C0A091F081C000000002C
:106EF0001F01010F1110110E000000000C12010DF6
:106F00001311110E000000001E10080804040404F0
:106F1000000000000E11110E1111110E00000000F2
:106F20000E111119161009060000000000000400DF
:106F30000000000400000000000000040000000445
:106F40000400000010080402020408100000000001
:106F500000003F003F000000000000000204081095
:106F600010080402000000000E11110804040004BF
:106F7000000000001C22292D2D1D221C00000000F5
:106F800004040C0A0A1E1233000000000F12120E35
:106F90001212120F000000001E1101010101110E5A
:106FA000000000000F1212121212120F0000000057
:106FB0001F120A0E0A02121F000000001F120A0E02
:106FC0000A020207000000001C1201013911120C14
:106FD000000000003312121E1212123300000000D3
:106FE0001F0404040404041F000000003E080808F5
:106FF000080808080907000037120A060A121237A3
:1070000000000000070202020202223F000000000E
:107010003B1B1B1B15151535000000003B121616F7
:107020001A1A1217000000000E1111111111110E81
:10703000000000000F12120E020202070000000002
:107040000E1111111117190E180000000F12120E57
:107050000A121237000000001E1101060810110F5D
:10706000000000001F1504040404040E00000000CA
:10707000331212121212120C000000003312120A04
:107080000A0C040400000000151515150E0A0A0A62
:10709000000000001B0A0A04040A0A1B000000008A
:1070A0001B0A0A0A0404040E000000001F09080459
:1070B0000402121F00001C04040404040404040459
:1070C0001C000002020404040808081010000E0846
:1070D00008080808080808080E00040A0000000054
:1070E00000000000000000000000000000000000A0
:1070F000003F02040000000000000000000000004B
:107100000000000C121C123C000000030202020EE0
:107110001212120E000000000000001C1202120CDD
:10712000000000181010101C1212123C0000000089
:107130000000000C121E021C000000182404041E93
:107140000404041E000000000000003C120C021C9D
:10715000221C00030202020E121212370000000469
:10716000040000060404040E000000080800000CDF
:1071700008080808080700030202021A0A060A1390
:1071800000000007040404040404041F00000000BD
:107190000000000F15151515000000000000000F7D
:1071A00012121237000000000000000C1212120C24
:1071B000000000000000000F1212120E0207000073
:1071C0000000001C1212121C103800000000001BEE
:1071D00006020207000000000000001E020C101E44
:1071E000000000000004041E0404041C0000000051
:1071F0000000001B1212123C000000000000001BE7
:107200000A0A04040000000000000015150E0A0A16
:10721000000000000000001B0A040A1B0000000020
:107220000000003312120C08040300000000001ECE
:107230000804041E000018080808080C08080808BC
:1072400018000808080808080808080808080604BC
:1072500004040408040404040600160900000000E5
:10726000000000000000000000000000000000001E
:1072700000000000000000000008080808080808D6
:1072800000001818000000486C24120000000000E4
:107290000000000000000000002424247F121212CD
:1072A0007F12121200000000081C2A2A0A0C18285B
:1072B000282A2A1C080800000022251515152A581E
:1072C0005454542200000000000C1212120A7625B9
:1072D0002911916E00000006060403000000000062
:1072E00000000000000000402010100808080808F6
:1072F00008101020400000020408081010101010A0
:107300001008080402000000000008086B1C1C6B39
:1073100008080000000000000000080808087F08B6
:107320000808080000000000000000000000000045
:107330000000060604030000000000000000FE003C
:10734000000000000000000000000000000000003D
:1073500000000606000000008040402020101008B9
:107360000804040202000000001824424242424283
:10737000424224180000000000080E08080808080F
:107380000808083E00000000003C42424220201055
:107390000804427E00000000003C424220182040C9
:1073A0004042221C00000000002030282424222219
:1073B0007E20207800000000007E0202021A264093
:1073C0004042221C0000000000382402021A26421B
:1073D0004242241800000000007E222210100808FB
:1073E0000808080800000000003C4242422418241B
:1073F0004242423C000000000018244242426458CD
:107400004040241C0000000000000000181800008C
:107410000000181800000000000000000008000034
:1074200000000008080400000040201008040204C6
:107430000810204000000000000000007F00000055
:107440007F0000000000000000020408102040201F
:107450001008040200000000003C42424640201098
:107460001000181800000000001C225A55555555F0
:107470002D42221C00000000000808181414243CAF
:10748000224242E700000000001F2222221E224268
:107490004242221F00000000007C42420101010123
:1074A0000142221C00000000001F224242424242D0
:1074B0004242221F00000000003F4212121E121220
:1074C0000242423F00000000003F4212121E121210
:1074D0000202020700000000003C222201010171AB
:1074E0002122221C0000000000E7424242427E426C
:1074F000424242E700000000003E08080808080871
:107500000808083E00000000007C10101010101049
:1075100010101010110F0000007722120A0E0A122C
:10752000122222770000000000070202020202027B
:107530000202427F000000000077363636362A2AE3
:107540002A2A2A6B0000000000E346464A4A5252AB
:107550005262624700000000001C2241414141414B
:107560004141221C00000000003F424242423E02D4
:107570000202020700000000001C2241414141417B
:107580004D53321C60000000003F4242423E121246
:10759000222242C700000000007C42420204182060
:1075A0004042423E00000000007F490808080808E9
:1075B0000808081C0000000000E742424242424224
:1075C0004242423C0000000000E7424222242414D0
:1075D0001418080800000000006B49494949555536
:1075E000362222220000000000E742242418181846
:1075F000242442E700000000007722221414080827
:107600000808081C00000000007E2120101008045B
:107610000442423F000000780808080808080808EB
:10762000080808087800000002020404080808108E
:10763000102020204040001E1010101010101010BC
:10764000101010101E000038440000000000000060
:10765000000000000000000000000000000000002A
:107660000000000000FF000608000000000000000D
:10767000000000000000000000000000003C427814
:10768000444242FC0000000000030202021A2642AB
:107690004242261A000000000000000000384402A8
:1076A000020244380000000000604040407844423C
:1076B000424264D80000000000000000003C427E0E
:1076C0000202423C0000000000F08808087E080822
:1076D0000808083E0000000000000000007C222294
:1076E0001C023C42423C000000030202023A4642B5
:1076F000424242E700000000000C0C00000E0808A7
:107700000808083E0000000000303000003820204B
:1077100020202020221E0000000302020272120A12
:107720001612227700000000000E0808080808085A
:107730000808083E0000000000000000007F929250
:10774000929292B70000000000000000003B464209
:10775000424242E70000000000000000003C4242BC
:107760004242423C0000000000000000001B264294
:107770004242221E0207000000000000007844423E
:107780004242447840E000000000000000774C04D2
:107790000404041F0000000000000000007C4202FE
:1077A0003C40423E0000000000000008083E08087F
:1077B000080808300000000000000000006342429A
:1077C000424262DC000000000000000000E74224AA
:1077D00024140808000000000000000000EB4949E4
:1077E00055552222000000000000000000762418F9
:1077F0001818246E000000000000000000E742247A
:10780000241418080807000000000000007E221061
:107810000808447E000000C02020202020102020E6
:1078200020202020C0001010101010101010101078
:10783000101010101010000608080808081008089A
:107840000808080806000C32C20000000000000012
:107850000000000000000000000000000000000028
:107860000000000000000000000000000000000018
:107870000000000000000000000000000000000008
:107880000000000000000000000000000000600098
:107890006000600060006000600060004000200048
:1078A0002000200000000000000060006000600078
:1078B00000000000000000000000600660063003C9
:1078C0009801880044000000000000000000000053
:1078D00000000000000000000000000000000000A8
:1078E0000000000000000000000000000000100286
:1078F000100210021002FE07FE070802080108012C
:1079000008010801FE07FE07040104010401040147
:1079100000000000000000000000000040004000E7
:10792000F00158034C03CC034C0058007000E000F9
:10793000C001C00140034C035C034C034801F0004C
:1079400040004000000000000000000000000E01A8
:107950000A01910091009100510051003A00AE03DC
:10796000A0025004500448044804480484028403DC
:1079700000000000000000000000000000003800CF
:107980006C006C006C006C006C002C0098071C01F3
:107990001A01330133016301E300C308C6093C0740
:1079A000000000000000000000000C001C0010009F
:1079B00010000800040000000000000000000000AB
:1079C00000000000000000000000000000000000B7
:1079D00000000000000000000000000400020001A0
:1079E0008000800040004000200020002000200097
:1079F00020002000200040004000800080000001A6
:107A00000002000400000000000002000400080062
:107A10001000100020002000400040004000400006
:107A2000400040004000200020001000100008002E
:107A30000400020000000000000000000000000040
:107A400000004000C0004000460C4E0FD001F00185
:107A50005E0F460C400040004000000000000000A7
:107A60000000000000000000000000000000000016
:107A70000000000040004000400040004000FE0FB9
:107A800040004000400040004000000000000000B6
:107A900000000000000000000000000000000000E6
:107AA00000000000000000000000000000000000D6
:107AB000000000000000000000000C001C0010008E
:107AC000100008000400000000000000000000009A
:107AD0000000000000000000000000000000FE07A1
:107AE0000000000000000000000000000000000096
:107AF0000000000000000000000000000000000086
:107B00000000000000000000000000000000000075
:107B1000000000000000000000001C001C001C0011
:107B20000000000000000000000000040006000249
:107B30000003000100018000800040004000600060
:107B40002000200010001000080008000C000400B5
:107B5000060002000000000000000000000000001D
:107B6000F00098010C030C0306060606060606063E
:107B700006060606060606060C030C039801F0002E
:107B800000000000000000000000000000000000F5
:107B900040007C00600060006000600060006000E9
:107BA0006000600060006000600060006000FC0336
:107BB00000000000000000000000000000000000C5
:107BC000F80084010203060306030003000180019C
:107BD000C000600020001000080204020602FE033C
:107BE0000000000000000000000000000000000095
:107BF0007800C6008601860180018001C000700007
:107C00008001000100030003060306038601F8005B
:107C10000000000000000000000000000000000064
:107C200080018001C001A001A001900188018801AC
:107C300084018201FE0F8001800180018001E00744
:107C40000000000000000000000000000000000034
:107C5000FC0304000400040004000400F4008C0190
:107C60000403000300030603060382018401F800F5
:107C70000000000000000000000000000000000004
:107C8000E00118030C030C0004000600E6011603D3
:107C90000E0606060606060604060C021803F00089
:107CA00000000000000000000000000000000000D4
:107CB000F8070C06040204010001000180008000A6
:107CC0004000400040006000600060006000600014
:107CD00000000000000000000000000000000000A4
:107CE000F8010C030606060606060C021C03F0004B
:107CF000C8010C0306060606060606060C03F0017C
:107D00000000000000000000000000000000000073
:107D1000F0000C010C03060206060606060606071E
:107D20008C0678060006000300030C018C01780025
:107D30000000000000000000000000000000000043
:107D400000000000000000000000E000E000E00093
:107D500000000000000000000000E000E000E00083
:107D60000000000000000000000000000000000013
:107D70000000000000000000000060006000000043
:107D80000000000000000000000000006000600033
:107D9000400020002000000000000000000000045F
:107DA00000020001800040002000100008000400D4
:107DB00008001000200040008000000100020004C4
:107DC00000000000000000000000000000000000B3
:107DD00000000000000000000000FE07000000009E
:107DE0000000FE070000000000000000000000008E
:107DF000000000000000000000000000000004007F
:107E00000800100020004000800000010002000473
:107E10000002000180004000200010000800040063
:107E20000000000000000000000000000000000052
:107E3000E0031806040C040C0C0C0C0C0007800169
:107E400040004000400000000000E000E000E000D2
:107E50000000000000000000000000000000E00042
:107E600018030C02CC0564056605A605B604B60425
:107E7000B604B604B602E4010C040C021803F000C8
:107E800000000000000000000000000000000000F2
:107E9000600060005000D0009000900088008801D1
:107EA0000801F801040304030402020202060F0F92
:107EB00000000000000000000000000000000000C2
:107EC000FE008C030C030C030C030C038C01FC0060
:107ED0000C030C020C060C060C060C060C03FE012F
:107EE0000000000000000000000000000000000092
:107EF000E00318030C060C04040406000600060048
:107F000006000600060006040C040C021803F0002C
:107F10000000000000000000000000000000000061
:107F20007F008C010C030C030C060C060C060C06DF
:107F30000C060C060C060C060C030C038C017F00CF
:107F40000000000000000000000000000000000031
:107F5000FF03060306040604060086008600FE00F2
:107F60008600860086000600060406040602FF035B
:107F70000000000000000000000000000000000001
:107F8000FF03060306040604060086008600FE00C2
:107F900086008600860006000600060006001F0018
:107FA00000000000000000000000000000000000D1
:107FB000F00018010C020C02040206000600060084
:107FC0000600C60F060306030C030C031803F0009B
:107FD00000000000000000000000000000000000A1
:107FE0000F0F060606060606060606060606FE0726
:107FF00006060606060606060606060606060F0F0F
:108000000000000000000000000000000000000070
:10801000FC036000600060006000600060006000C1
:108020006000600060006000600060006000FC03B1
:108030000000000000000000000000000000000040
:10804000F807C000C000C000C000C000C000C000F1
:10805000C000C000C000C000C000C000C000C00020
:10806000C60066003C0000000000000000000000A8
:10807000CF038601C60046002600160036002E00FB
:108080006E004600C60086008601060106038F07C3
:1080900000000000000000000000000000000000E0
:1080A0001F00060006000600060006000600060087
:1080B0000600060006000600060406040602FF038A
:1080C00000000000000000000000000000000000B0
:1080D0000707860386038E038E034E034E034A036F
:1080E0005A035A033A033203320332031203870757
:1080F0000000000000000000000000000000000080
:108100008E0F0C021C021C02340234026402640250
:108110004402C402840284038403040304031F0290
:10812000000000000000000000000000000000004F
:10813000F00098010C030C02060606060606060669
:1081400006060606060606060C020C039801F00059
:10815000000000000000000000000000000000001F
:10816000FF00060306060606060606060606860342
:10817000FE000600060006000600060006001F00BE
:1081800000000000000000000000000000000000EF
:10819000F00098010C030C02060606060606060609
:1081A00006060606060676064C02CC039801F00089
:1081B0008007000300000000000000000000000035
:1081C000FF01060306060606060606060603FE006F
:1081D0004600C600860086010603060306060F0E4B
:1081E000000000000000000000000000000000008F
:1081F000F8020C030602060206000E003C00F8001E
:10820000E003800300070206020606060C03F001E5
:10821000000000000000000000000000000000005E
:10822000FE07620461086108600060006000600091
:108230006000600060006000600060006000F801A5
:10824000000000000000000000000000000000002E
:108250001E070C020C020C020C020C020C020C0297
:108260000C020C020C020C020C020C021801F000B1
:1082700000000000000000000000000000000000FE
:108280000F070602040104010C010C01880088009C
:10829000980098005000500070003000200020002E
:1082A00000000000000000000000000000000000CE
:1082B000F70E620442044604460464026402E402C7
:1082C000E4029C029C0198019801880188008800C2
:1082D000000000000000000000000000000000009E
:1082E0009E070C01080118019000B00060002000FA
:1082F00060006000D00090008801080104038E0730
:10830000000000000000000000000000000000006D
:108310000F0F060404020C0208011801B800B00097
:108320007000600060006000600060006000F801A4
:10833000000000000000000000000000000000003D
:10834000FC070C020603020180018000400040008F
:10835000200020001000180008040C040402FE0392
:1083600000000000000000000000E00320002000EA
:1083700020002000200020002000200020002000FD
:1083800020002000200020002000200020002000ED
:108390002000E003000000000000000000000400D6
:1083A0000400080008001000100010002000200049
:1083B00040004000C0008000800000010001000279
:1083C000000200020004000000007C0040004000A9
:1083D000400040004000400040004000400040009D
:1083E000400040004000400040004000400040008D
:1083F00040007C00000000006000900008010000C8
:10840000000000000000000000000000000000006C
:10841000000000000000000000000000000000005C
:10842000000000000000000000000000000000004C
:10843000000000000000000000000000000000003C
:10844000000000000000000000000000000000002C
:1084500000000000FF0F0000000018006000000096
:10846000000000000000000000000000000000000C
:1084700000000000000000000000000000000000FC
:1084800000000000000000000000000000000000EC
:1084900000000000000000000000F0010C030C03CD
:1084A0000003E0031C030E03060306038E0B7C0E81
:1084B00000000000000000000000000000000800B4
:1084C0000E000C000C000C000C00CC013C031C0640
:1084D0000C060C060C060C060C060C021C03E40130
:1084E000000000000000000000000000000000008C
:1084F00000000000000000000000F0008C018C0172
:10850000860106000600060006020C020C01F000BF
:108510000000000000000000000000000000000259
:10852000C003000300030003000378038C030C0363
:108530000603060306030603060304038C077801FB
:10854000000000000000000000000000000000002B
:1085500000000000000000000000E0011803080215
:108560000C060C06FC070C000C0018041802E001B5
:1085700000000000000000000000000000000000FB
:10858000C0036006300630003000FE0130003000CD
:108590003000300030003000300030003000FC018E
:1085A00000000000000000000000000000000000CB
:1085B00000000000000000000000F007D8068C0159
:1085C0008C018C019801F8000C00FC00CC03060320
:1085D00006038E03F8000000000000000000080001
:1085E0000E000C000C000C000C00EC011C030C0332
:1085F0000C030C030C030C030C030C030C039E076D
:10860000000000000000000000000000000000006A
:10861000600060000000000040007C00600060001E
:108620006000600060006000600060006000FC03AB
:10863000000000000000000000000000000000003A
:10864000C001C001000000000001F00180018001B4
:108650008001800180018001800180018001800112
:108660008001CC007C000000000000000000080039
:108670000E000C000C000C000C008C038C008C0015
:108680004C006C005C008C008C010C010C039E07FC
:10869000000000000000000000000000000040009A
:1086A0007C006000600060006000600060006000AE
:1086B0006000600060006000600060006000FC031B
:1086C00000000000000000000000000000000000AA
:1086D000000000000000000000003707EE066606FC
:1086E0006606660666066606660666066606FF0F88
:1086F000000000000000000000000000000000007A
:1087000000000000000000000000EE011C030C034C
:108710000C030C030C030C030C030C030C039E074B
:108720000000000000000000000000000000000049
:1087300000000000000000000000F00098010C03A1
:10874000060606060606060606060C030C03F000DF
:108750000000000000000000000000000000000019
:1087600000000000000000000000EE011C030C06E9
:108770000C060C060C060C060C060C031C03EC0184
:108780000C000C003E000000000000000000000093
:108790000000000000000000000078028C030C03C1
:1087A0000603060306030603060304038C0378038B
:1087B00000030003C00700000000000000000000EC
:1087C000000000000000000000009F03580638066B
:1087D0001800180018001800180018001800FF00F2
:1087E0000000000000000000000000000000000089
:1087F00000000000000000000000F0031C030C0259
:108800000C023800F000C003040304038C03FC01D5
:108810000000000000000000000000000000000058
:1088200000002000200030003000FE013000300049
:108830003000300030003000300030023002E00103
:108840000000000000000000000000000000000028
:10885000000000000000000008028E030C030C035F
:108860000C030C030C030C030C030C039C07780192
:1088700000000000000000000000000000000000F8
:10888000000000000000000000001E070C020801AC
:10889000080118019000B000B000600060002000E6
:1088A00000000000000000000000000000000000C8
:1088B00000000000000000000000F70E6204460403
:1088C00064026402EC029C0198019801980108007E
:1088D0000000000000000000000000000000000098
:1088E00000000000000000000000BC07180110019B
:1088F000B00060006000E0009000080108039E07DF
:108900000000000000000000000000000000000067
:10891000000000000000000000009E0708010801A0
:10892000080190009000B00060006000600020002E
:10893000200024001C0000000000000000000000D7
:1089400000000000000000000000FC018401C400E1
:108950004400600020003000180208020C03FC01F3
:108960000000000000000000000000038000800004
:108970008000800080008000800080004000200097
:108980004000800080008000800080008000800027
:108990008000000300004000400040004000400014
:1089A00040004000400040004000400040004000C7
:1089B00040004000400040004000400040004000B7
:1089C000400040004000000000000C0010001000BB
:1089D00010001000100010001000100020004000D7
:1089E00020001000100010001000100010001000F7
:1089F00010000C00000000001C002204C2048003D0
:108A00000000000000000000000000000000000066
:108A10000000000000000000000000000000000056
:108A20000000000000000000000000000000000046
:108A30000000000000000000000000000000000036
:108A40000000000000000000000000000000000026
:108A50000000000000000000000000000000000016
:108A60000000000000000000000000000000000006
:108A7000C001C001C001C001C001C001C00180002F
:108A800080008000800080008000800000000000E6
:108A9000000000008001C003C0038001000000004E
:108AA000000000000000000000000000E01CE01CCE
:108AB000F01E700E38071803080184000000000043
:108AC00000000000000000000000000000000000A6
:108AD0000000000000000000000000000000000096
:108AE0000000000000000000000000000000000086
:108AF000000020102010201020102010FE7FFE7F8C
:108B00001008100810081008100810081008FE7F40
:108B1000FE7F08040804080408040804000000009C
:108B20000000000000000000000000000000000144
:108B30000001C0076019103118311839183938018F
:108B40007001E001C0038007000F001D00390031F3
:108B50001C311C310C310C11180DE0070001000113
:108B60000001000000000000000000000000000004
:108B700000001C1036186308630C6304630463026E
:108B800063026301361D9C3780228063406340632B
:108B900020632063306310221836081C0000000098
:108BA00000000000000000000000000000000000C5
:108BB0000000F00098018C018C018C018C018C006C
:108BC000CC007800183E1C083608320863046304A1
:108BD000C304C303834306438E26781C00000000B1
:108BE0000000000000000000000000001C003C002D
:108BF0003C003000300010000C00060000000000B7
:108C00000000000000000000000000000000000064
:108C10000000000000000000000000000000000054
:108C200000000000000000000000000000400020E4
:108C300000100008000C00040006000300030003FD
:108C4000800180018001800180018001800180011C
:108C500000030003000300060006000C00080010DB
:108C6000002000400000000000000000020004009E
:108C700008001000300020006000C000C000C000EC
:108C800080018001800180018001800180018001DC
:108C9000C000C000C000600060003000100008008C
:108CA00004000200000000000000000000000000BE
:108CB00000000000000000018003800300011C711F
:108CC0003C79783DC0070001C007783D3C791C71B4
:108CD000000180038003800100000000000000000C
:108CE0000000000000000000000000000000000084
:108CF0000000000000000000000100010001000170
:108D0000000100010001FC7F0001000100010001E1
:108D10000001000100010000000000000000000050
:108D20000000000000000000000000000000000043
:108D30000000000000000000000000000000000033
:108D40000000000000000000000000000000000023
:108D50000000000000001C003C003C00300030001F
:108D600010000C00060000000000000000000000E1
:108D700000000000000000000000000000000000F3
:108D8000000000000000FE7F000000000000000066
:108D900000000000000000000000000000000000D3
:108DA00000000000000000000000000000000000C3
:108DB00000000000000000000000000000000000B3
:108DC00000000000000000000000000000000000A3
:108DD0000000000018003C003C00180000000000EB
:108DE00000000000000000000000000000400060E3
:108DF00000200030001000180008000C00040006DD
:108E000000020003000180018000C00040006000FB
:108E1000200030001000180008000C0004000600BC
:108E20000200000000000000000000000000000040
:108E30000000C007600C30181830183018200C6083
:108E40000C600C600C600C600C600C600C600C60C2
:108E50001820183018303018600CC00700000000CF
:108E60000000000000000000000000000000000002
:108E7000000000018001F801800180018001800173
:108E800080018001800180018001800180018001DA
:108E90008001800180018001C003F81F00000000F4
:108EA00000000000000000000000000000000000C2
:108EB0000000E007101C0818043004300C300C309F
:108EC000003000180008000400020001800040008B
:108ED0002020102008200430FC1FFC1F0000000090
:108EE0000000000000000000000000000000000082
:108EF0000000E003180E0C0C0C180C180C180018CD
:108F0000000C0006C003000E0018001000300030F6
:108F10000C300C300C100C18180CE0030000000092
:108F20000000000000000000000000000000000041
:108F30000000000C000E000E000F800E800E400E90
:108F4000600E200E100E100E080E040E040EFE7F92
:108F5000000E000E000E000E000E000EC07F00007E
:108F60000000000000000000000000000000000001
:108F70000000F03FF03F1000100010000800080053
:108F8000C807280C181808100030003000300030D6
:108F90000C300C3004180418080CF003000000001A
:108FA00000000000000000000000000000000000C1
:108FB0000000800FC010203010301800180008008A
:108FC0000C008C0F6C183C301C600C600C600C604A
:108FD0000C601860182030306018C00700000000D6
:108FE0000000000000000000000000000000000081
:108FF0000000F83FF83F1C100C08040804040004AB
:1090000000020002000100010001800080008000D9
:10901000C000C000C000C000C000C00000000000D0
:109020000000000000000000000000000000000040
:109030000000E007300C18180C300C300C301C30DD
:1090400038187008E007B007180E0C1C06380630F8
:109050000630063006300C18180CE0030000000043
:109060000000000000000000000000000000000000
:109070000000E00318040C080C1806100630063037
:109080000630063006380C3C1836F0310030001837
:10909000001800180C0C0C060C03F0010000000076
:1090A00000000000000000000000000000000000C0
:1090B00000000000000000000000000000000000B0
:1090C0008001C003C0038001000000000000000018
:1090D000000000008001C003C00380010000000008
:1090E0000000000000000000000000000000000080
:1090F0000000000000000000000000000000000070
:10910000C000C000000000000000000000000000DF
:109110000000000000000000C000C00080008000CF
:1091200040004000000000000000000000000000BF
:109130000020001000080004000600038001C000A9
:109140006000300018000C00180030006000C00003
:109150008001000300060004000800100020000049
:1091600000000000000000000000000000000000FF
:1091700000000000000000000000000000000000EF
:10918000FE7F00000000000000000000FE7F0000E5
:1091900000000000000000000000000000000000CF
:1091A00000000000000000000000000000000000BF
:1091B00004000800100020006000C00080010003CF
:1091C0000006000C001800300018000C0006000318
:1091D0008001C000600020001000080004000000B2
:1091E000000000000000000000000000000000007F
:1091F000C0073018083008600C601C601C601C60E0
:109200000030001C0006000180008000800080000B
:10921000000000008001C003C003800100000000C6
:10922000000000000000000000000000000000003E
:109230000000C0076018103018200C2F8C4D864C91
:10924000C64CC64C664C6644664466266626661561
:10925000CC1C0C40082018303018C007000000005B
:1092600000000000000000000000000000000000FE
:109270000001C001C001C0014001600320032003C0
:1092800020033006100610061006F80F080C080C14
:10929000080C0C0C0418041806181F7C00000000B1
:1092A00000000000000000000000000000000000BE
:1092B0000000FE07181C1838183018301830183005
:1092C0001818180CF80718181830182018601860AB
:1092D00018601860186018301818FE0F00000000A1
:1092E000000000000000000000000000000000007E
:1092F0000000C0276038103018200C400C400400DB
:10930000060006000600060006000600060006002D
:109310000C400C400C2018303018C0070000000032
:10932000000000000000000000000000000000003D
:109330000000FE03180E1818183018301830186086
:10934000186018601860186018601860186018605D
:109350001830183018101818180EFE0300000000FE
:1093600000000000000000000000000000000000FD
:109370000000FE3F18301820186018401800180828
:109380001808180CF80F180C1808180818001800FE
:1093900018001840184018201830FE3F0000000048
:1093A00000000000000000000000000000000000BD
:1093B0000000FE7F1870184018C0188018001810A0
:1093C00018101818F81F181818101810180018007E
:1093D000180018001800180018007E000000000097
:1093E000000000000000000000000000000000007D
:1093F0000000C013701C101018100C200C2004006A
:109400000600060006000600060006FC06300630D0
:109410000C300C30183018303008C0070000000045
:10942000000000000000000000000000000000003C
:1094300000003F7E0C180C180C180C180C180C1897
:109440000C180C180C18FC1F0C180C180C180C1805
:109450000C180C180C180C180C183F7E000000009B
:1094600000000000000000000000000000000000FC
:109470000000F81F800180018001800180018001CF
:1094800080018001800180018001800180018001D4
:1094900080018001800180018001F81F0000000030
:1094A00000000000000000000000000000000000BC
:1094B0000000E07F00060006000600060006000629
:1094C000000600060006000600060006000600066C
:1094D00000060006000600060006000600060E064E
:1094E0000E038E01FC0000000000000000000000E0
:1094F00000007E7C181818081804180618021801B5
:1095000098019801D801B803380318071806180EF7
:10951000180C181C1818183018307EFC00000000B9
:10952000000000000000000000000000000000003B
:1095300000007E001800180018001800180018001D
:10954000180018001800180018001800180018005B
:1095500018001840184018201830FE3F0000000086
:1095600000000000000000000000000000000000FB
:1095700000001FF81C381C381C381C3C34343434B0
:109580003434343674326432643264326431C43117
:10959000C431C431C430C43084309FFC00000000AA
:1095A00000000000000000000000000000000000BB
:1095B00000001F7C1C103C10341034107410641018
:1095C000E410C410C4118411841304130417041686
:1095D000041E041C041C041C04181F1800000000B6
:1095E000000000000000000000000000000000007B
:1095F0000000C003300C181808100C300C30066046
:10960000066006600660066006600660066006602A
:109610000C200C3008101818300CC003000000009B
:10962000000000000000000000000000000000003A
:109630000000FE0F181818301860186018601860C5
:10964000186018301818F80F1800180018001800C3
:10965000180018001800180018007E000000000014
:1096600000000000000000000000000000000000FA
:109670000000C003300C18180C100C300C200660D1
:1096800006600660066006600660066006600660AA
:10969000E4612C331C321816300EC007004C007CDD
:1096A0000038000000000000000000000000000082
:1096B0000000FE07181C1838183018301830183001
:1096C0001818180CF8079803180318071806180636
:1096D000180E180C180C181C18187E7800000000C2
:1096E000000000000000000000000000000000007A
:1096F0000000E027303818300C200C200C000C0043
:1097000018007800E003800F001E00380070006031
:1097100004600460086018303818C80F00000000AA
:109720000000000000000000000000000000000039
:109730000000FC3F8C2184618241824180018001D4
:109740008001800180018001800180018001800111
:1097500080018001800180018001E007000000009D
:1097600000000000000000000000000000000000F9
:1097700000003F7C0C100C100C100C100C100C1086
:109780000C100C100C100C100C100C100C100C10F9
:109790000C100C100C1008083804E0030000000046
:1097A00000000000000000000000000000000000B9
:1097B00000003EF81820182018203010301030100B
:1097C0003010600860086008E00CC004C004C004E9
:1097D000800380038003800300010001000000007B
:1097E0000000000000000000000000000000000079
:1097F0000000DFF38661862186218C210C218C23D9
:109800008C138C138C134C1358125816580E380E98
:10981000380E380E300C1004100410040000000044
:109820000000000000000000000000000000000038
:1098300000007E3E180838083004300470026002D0
:10984000E001C001C0018001800340034007200601
:109850002006100C100C081808183E7C00000000B0
:1098600000000000000000000000000000000000F8
:1098700000007E7C1C10181018083008300C700492
:1098800060046002C002C002C0018001800180014A
:1098900080018001800180018001E007000000005C
:1098A00000000000000000000000000000000000B8
:1098B0000000F83F18180818040C040E00060007F2
:1098C000000380038001C001C000E0006000700060
:1098D0003000382018201C100C18FE1F000000005B
:1098E000000000000000000000000000C03F400039
:1098F0004000400040004000400040004000400068
:109900004000400040004000400040004000400057
:109910004000400040004000400040004000400047
:10992000C03F000000000000000000000000000038
:1099300008001800180010003000200060006000CF
:109940004000C0008000800180010001000300028F
:10995000000600060004000C0008001800180010A3
:10996000003000200000000000000000FC030002A6
:1099700000020002000200020002000200020002D7
:1099800000020002000200020002000200020002C7
:1099900000020002000200020002000200020002B7
:1099A000FC03000000000000000000008007C0066B
:1099B000200810100000000000000000000000005F
:1099C0000000000000000000000000000000000097
:1099D0000000000000000000000000000000000087
:1099E0000000000000000000000000000000000077
:1099F0000000000000000000000000000000000067
:109A00000000000000000000000000000000000056
:109A10000000000000000000000000000000000046
:109A200000000000FFFF0000000000007800C00000
:109A30000001000000000000000000000000000025
:109A40000000000000000000000000000000000016
:109A50000000000000000000000000000000000006
:109A600000000000000000000000000000000000F6
:109A700000000000000000000000000000000000E6
:109A8000F00318060C0C0C0C000C800F700C1C0C56
:109A90000C0C060C060C064C0C4FF83800000000AD
:109AA00000000000000000000000000000000000B6
:109AB00010001E00180018001800180018001800E8
:109AC000180FD8183830386018601860186018609F
:109AD00018601860182038307818C8070000000097
:109AE0000000000000000000000000000000000076
:109AF0000000000000000000000000000000000066
:109B0000C007700C181818180C180C000C000C006A
:109B10000C000C20182018103008C00700000000AE
:109B20000000000000000000000000000000000035
:109B30000010001E00180018001800180018001867
:109B4000E01B301C181818180C180C180C180C18DE
:109B50000C180C180818181C307AE00900000000D6
:109B600000000000000000000000000000000000F5
:109B700000000000000000000000000000000000E5
:109B8000C007300C181808100C300C30FC3F0C00CB
:109B90000C000C00182018107018C00700000000FE
:109BA00000000000000000000000000000000000B5
:109BB0000000003E80C380C0C0C0C000C000C00024
:109BC000FC1FC000C000C000C000C000C000C0003A
:109BD000C000C000C000C000C000F80F00000000BE
:109BE0000000000000000000000000000000000075
:109BF0000000000000000000000000000000000065
:109C0000C077306C10181818181818181018300C65
:109C1000F00718001800F00FF03F08700C600C609F
:109C20000C603838E00F0000000000000000000069
:109C300010001E0018001800180018001800180066
:109C4000980FD818383018301830183018301830AD
:109C5000183018301830183018307EFC0000000022
:109C600000000000000000000000000000000000F4
:109C7000000080038003800300000000000000015A
:109C8000F801800180018001800180018001800154
:109C900080018001800180018001F81F0000000028
:109CA00000000000000000000000000000000000B4
:109CB00000000038003800380000000000000010EC
:109CC000801F00180018001800180018001800184D
:109CD00000180018001800180018001800180018C4
:109CE000180C1806F003000000000000000000003F
:109CF00010001E00180018001800180018001800A6
:109D0000183E180C1806180318019801D8013803DA
:109D100018071806180C181C18187E7C0000000084
:109D20000000000000000000000000000000000033
:109D30000001F80180018001800180018001800123
:109D4000800180018001800180018001800180010B
:109D500080018001800180018001F81F0000000067
:109D600000000000000000000000000000000000F3
:109D700000000000000000000000000000000800DB
:109D8000EE1C9C338C318C318C318C318C318C318C
:109D90008C318C318C318C318C31DE7B00000000B9
:109DA00000000000000000000000000000000000B3
:109DB0000000000000000000000000000000100093
:109DC0001E0FD818383018301830183018301830A6
:109DD000183018301830183018307EFC00000000A1
:109DE0000000000000000000000000000000000073
:109DF0000000000000000000000000000000000063
:109E0000C007701C103018300C600C600C600C60C7
:109E10000C600C60183018303018C00700000000CB
:109E20000000000000000000000000000000000032
:109E30000000000000000000000000000000100012
:109E40009E0F581838301820186018601860186075
:109E50001860186018303830781898071800180003
:109E6000180018007E000000000000000000000044
:109E700000000000000000000000000000000000E2
:109E8000C023303C183818300C300C300C300C30FB
:109E90000C300C3008301838303CE03300300030E3
:109EA0000030003000FC0000000000000000000056
:109EB0000000000000000000000000000000600042
:109EC0007E3C60666061E000E00060006000600071
:109ED00060006000600060006000FE07000000009D
:109EE0000000000000000000000000000000000072
:109EF0000000000000000000000000000000000062
:109F0000E02730381830182018007000E003800F68
:109F1000001C043004300C301C18EC0F0000000052
:109F20000000000000000000000000000000000031
:109F3000000000000000800080008000C000E00001
:109F4000FC1FC000C000C000C000C000C000C000B6
:109F5000C000C000C020C0208011000F0000000021
:109F600000000000000000000000000000000000F1
:109F700000000000000000000000000000001020B1
:109F80001E3C18301830183018301830183018307F
:109F9000183018301830183830F4E0130000000082
:109FA00000000000000000000000000000000000B1
:109FB00000000000000000000000000000000000A1
:109FC0007E3C18181808380830043004700260020B
:109FD0006002E001C001C001C0008000000000007C
:109FE0000000000000000000000000000000000071
:109FF0000000000000000000000000000000000061
:10A00000DFF78E630C238C238C2398139813581638
:10A010005816700E700E700E200420040000000010
:10A020000000000000000000000000000000000030
:10A030000000000000000000000000000000000020
:10A04000FC3E70087004E004C002C001800380037D
:10A0500040076006200C100C18183E7E000000001F
:10A0600000000000000000000000000000000000F0
:10A0700000000000000000000000000000000000E0
:10A080007E7C18181808300830083004600460041A
:10A09000C002C002C00280018001800180008000F7
:10A0A00080004C003C0000000000000000000000A8
:10A0B00000000000000000000000000000000000A0
:10A0C000FC1F0C0C040E0406000380038001C0007A
:10A0D000E0007020302038301C18FC1F0000000009
:10A0E0000000000000000000000000000030000838
:10A0F0000004000400040004000400040004000440
:10A1000000040004000280010002000400040004B6
:10A11000000400040004000400040004000400041F
:10A1200000080030000000010001000100010001F2
:10A130000001000100010001000100010001000117
:10A140000001000100010001000100010001000107
:10A1500000010001000100010001000100010001F7
:10A160000001000100010000000000000C001000D0
:10A1700020002000200020002000200020002000DF
:10A18000200020004000800140002000200020002E
:10A1900020002000200020002000200020002000BF
:10A1A00010000C00000000003800C400864002616E
:10A1B0000022001C00000000000000000000000061
:10A1C000000000000000000000000000000000008F
:10A1D000000000000000000000000000000000007F
:10A1E000000000000000D6D0200020002000FE0368
:10A1F000220222022202FE0322022000200020006E
:10A20000BEB0FC010401FC010401FC012000FF07B9
:10A210000401FC01200024013202D4B0FE07020434
:10A22000FA0402040204FE05520452044A0586059B
:10A230000204FE07B5E710001000FF011101110133
:10A24000FF0111011101FF0111041004E007D7D330
:10A250000000FC018000400020002000FF072000DB
:10A260002000200020003800D6D080008000800030
:10A270008000FC1F84108410841084108410FC1F44
:10A2800084108000800080008000BEB0F80F0808B5
:10A29000F80F0808F80F8000FF7F0000F80F08088B
:10A2A0000808F80F80008410A2204000D4B00000FD
:10A2B000FE3F0220F22702200220FA2F2221222133
:10A2C0002221122912290A2E0220FE3F0220B5E780
:10A2D000800080008000FC1F841084108410FC1F0C
:10A2E000841084108410FC1F845080408040007FC4
:10A2F000D7D30000FE1F0008000400028001800088
:10A30000FF7F800080008000800080008000A0002F
:10A310004000D6D000000000000000180000080037
:10A32000000800000800080818F8FF1F180818188F
:10A330000818180818180818180818180818F8FF26
:10A340001F080808000800000800000800000800B6
:10A35000001800001800001800000000BEB0000047
:10A3600000000000400006C0FF07400006C0FF07D5
:10A37000400006C0FF07400802003000FEFF3F001B
:10A380000000C0FF07C00002C00002C00002C0FF02
:10A390000380100080110160100E3010180C1E3068
:10A3A000001C00000000D4B0000000000000080005
:10A3B00030F8FF1F08001008C010083F10080010F8
:10A3C000080010080013C8FF100822100822100807
:10A3D000221008221008211208211488601648C093
:10A3E00013280010080010F8FF1F080010000000DC
:10A3F000B5E7000000000000001800000800000899
:10A4000000000800F0FF0F100804100804100804F2
:10A41000100804F0FF0710080410080410080410C6
:10A420000804F0FF071008000008100008100008DA
:10A430002000183000F01F000000D7D300000000FB
:10A440000000000004F0FF0F00000600000100C043
:10A4500000002800001800001800001830FEFF7FE0
:10A460000018000018000018000018000018000074
:10A470001800001800001800001800001F00000C51
:10A4800000000000D6D000000000000000000080A6
:10A4900000000080010000800100008001000080B9
:10A4A0000100008001001080010CF0FFFF0F3080E0
:10A4B00001043080010430800104308001043080C8
:10A4C0000104308001043080010430800104F0FF79
:10A4D000FF0730800104308001040080010000800B
:10A4E0000100008001000080010000800100008068
:10A4F0000100008001000080010000800100008058
:10A50000000000000000BEB00000000000000000DD
:10A51000000000000001800100FFFF010003800136
:10A520000003800100FFFF010003800100038001A0
:10A5300000FFFF0100818100000003000000031CF8
:10A54000FCFFFF3F000040000003C00100FFFF01CF
:10A550000003C0000003C0000003C00000FFFF00B4
:10A560000001410000040100000E7100000781019C
:10A57000800101076000010E1898011C04E0011819
:10A5800000C0000000000000D4B000000000000087
:10A59000000000000008F0FFFF1F3000000C30003A
:10A5A000000C3000100C30FE3F0C3004000C30006A
:10A5B000000C3000000C3000000C3000C00CF0FF2C
:10A5C000FF0D3030060E3030060C3010060C301007
:10A5D000060C3010060C3018860C3018860C30082B
:10A5E000060D300C860D3006EE0F3002FC0D3001EA
:10A5F000000CF000000C3000000CF0FFFF0F3000EA
:10A60000000C1000000400000000B5E7000000008E
:10A610000000000000C0000000C0010000C00000F9
:10A6200000C0000000C0000000C00000E0FFFF0309
:10A6300060C0000360C0000360C0000360C000038E
:10A6400060C0000360C00003E0FFFF0360C00003C0
:10A6500060C0000360C0000360C0000360C000036E
:10A66000E0FFFF0360C0000160C0000000C0000800
:10A6700000C0001000C0001000C0001800C0013869
:10A680000080FF1F0000000000000000D7D3000082
:10A690000000000000000000000000000003C0FFF8
:10A6A000FF07000080070000C000000060000000FD
:10A6B000180000000C0000800300008003000080F0
:10A6C0000100008001080080011CFCFFFF3F0080AA
:10A6D0000100008001000080010000800100008076
:10A6E0000100008001000080010000800100008066
:10A6F000010000800100008001000080010000FCDA
:10A70000010000E000000040000000000000000028
:10A71000000000000BA9010801AA010800000000C8
:10A7200049AD0108820082004A020000000001E0F9
:10A7300001E0000000FF0055AAFF0011223344553C
:10A7400066778899AABBCCDDEEFF00010203040501
:10A75000060708090A0B0C0D0E0F10111213141521
:10A76000161718191A1B1C1D1E1F20212223242511
:10A77000262728292A2B2C2D2E2F30313233343501
:10A78000363738393A3B3C3D3E3F404142434445F1
:10A79000464748494A4B4C4D4E4F505152535455E1
:10A7A000565758595A5B5C5D5E5F606162636465D1
:10A7B000666768696A6B6C6D6E6F707172737475C1
:10A7C000767778797A7B7C7D7E7F808182838485B1
:10A7D000868788898A8B8C8D8E8F909192939495A1
:10A7E000969798999A9B9C9D9E9FA0A1A2A3A4A591
:10A7F000A6A7A8A9AAABACADAEAFB0B1B2B3B4B581
:10A80000B6B7B8B9BABBBCBDBEBFC0C1C2C3C4C570
:10A81000C6C7C8C9CACBCCCDCECFD0D1D2D3D4D560
:10A82000D6D7D8D9DADBDCDDDEDFE0E1E2E3E4E550
:10A83000E6E7E8E9EAEBECEDEEEFF0F1F2F3F4F540
:10A84000F6F7F8F9FAFBFCFDFEFF8080808181823B
:10A85000828384858687898A8C8D8F919395979939
:10A860009B9EA0A2A5A7AAADAFB2B500FF1FFF1F78
:10A8700001E001E0210020000A080B080D300C3037
:10A880000E380F38640063000000000010A70208B3
:10A89000B5230108000000000000000000000000D7
:10A8A000C300C300041C000010A70208A51802087A
:10A8B00000000000000000000000000064202B00E9
:10A8C0000000000010A70208811902080000000023
:10A8D00000000000000000006420D12700000000FC
:10A8E00010A70208FF2501085926010800000000F2
:10A8F000BD26010864200401C008000010A702085A
:10A90000F53201080000000000000000413301089A
:10A910000401040101040000FCE602088981010829
:10A920000000000000000000000000006420322051
:10A930000104000084EB0208D8EB0208F0EB0208E7
:10A94000B0EB0208DCEB0208E4EB0208F8EB0208CB
:10A95000E8EB0208BCEB0208D0EB0208D4EB0208DB
:10A960000CEC02087CEB020898EB0208A0EB020852
:10A97000E0EB0208ACEB0208B4EB0208B8EB02080B
:10A9800090E80208C0EB0208C4EB020898E802084D
:10A9900014EC02087CEB02089CEB02088CEB02082A
:10A9A000FCEB0208F4EB0208A8EB0208ECEB02084F
:10A9B000A4EB0208CCEB0208C8EB020890EB0208FB
:10A9C00088EB020894EB02087CEB020810EC02080A
:10A9D00004EC020880EB020808EC020800EC020814
:10A9E00018EC0208950104020402040204020402A5
:10A9F0000402040204020402040287009601030216
:10AA0000030203020302030203020302030203021E
:10AA1000870081028102010201020102010201029A
:10AA2000010201028102810281029201820006007C
:10AA30008200920184EB02085CEC020874EC0208CC
:10AA40002CEC020860EC020868EC02087CEC0208BE
:10AA50006CEC02083CEC020854EC020858EC0208CA
:10AA60000CEC02087CEB020884EC02081CEC0208E7
:10AA700064EC020828EC020830EC020834EC02080E
:10AA800038EC020840EC020844EC020848EC0208EA
:10AA900014EC02087CEB02089CEB02088CEB020829
:10AAA00080EC020878EC020824EC020870EC020842
:10AAB00020EC020850EC02084CEC020890EB020873
:10AAC00088EB020894EB02087CEB020810EC020809
:10AAD00004EC020880EB020808EC020800EC020813
:10AAE00018EC0208950104020402040204020402A4
:10AAF0000402040204020402040287009601030215
:10AB0000030203020302030203020302030203021D
:10AB10008700810281020102010201020102010299
:10AB2000010201028102810281029201820006007B
:10AB300082009201B8EC0208BCEC0208C0EC0208EA
:10AB4000C4EC0208C8EC0208CCEC0208D0EC020805
:10AB5000D4EC0208D8EC0208B4EC02080CEC0208B1
:10AB60007CEB020884EC0208ACEC02088CEB0208D7
:10AB7000B0EC0208A8EC0208E4EC020898EC020829
:10AB800088EC0208ECEC020890EC0208E0EC020809
:10AB9000E8EC02087CEB0208F8EC0208F0EC020892
:10ABA00094EC0208A0EC0208A4EC020800ED0208F4
:10ABB00004ED0208F4EC0208FCEC0208DCEC0208EC
:10ABC0008CEC02089CEC02087CEB020810EC0208FA
:10ABD00004EC020880EB020808EC020800EC020812
:10ABE00018EC020801020102010201020102010245
:10ABF000010201020102010282009201010201022E
:10AC0000010201020102010201020102010201022C
:10AC1000010201020102010201020102010201021C
:10AC200001020102010201020102920182000600FA
:10AC300082009201B8EC0208BCEC0208C0EC0208E9
:10AC400010EC02087CEB0208C4EC0208C8EC020815
:10AC5000CCEC020800EC02087CEB0208D0EC020805
:10AC6000D4EC0208D8EC02080CEC02087CEB0208D9
:10AC700008ED0208B4EC020890EB020804EC0208AC
:10AC800008EC020818EC0208010001000100920122
:10AC90000100010001009201010001000100020019
:10ACA00001000100010001000100000010A70208DE
:10ACB000F192010800000000000000000D9301085F
:10ACC0001A001A008002000010A70208000000000D
:10ACD000000000000000000000000000C3000401AC
:10ACE00000000000E0E60208000000000000000094
:10ACF0000000000000000000000000000000000054
:10AD000088E70208000000000000000000000000CA
:10AD100000000000000000000000000010A7020872
:10AD2000E59B0108499D01080000000000000000AB
:10AD3000C30004014006000010A70208519D01084D
:10AD4000859D010800000000000000006420D1275C
:10AD50008002000010A70208259D010800000000E5
:10AD600000000000000000006420D1270000000067
:10AD700010A702080D9E010800000000000000005E
:10AD8000000000006420D1270000000010A7020886
:10AD900000000000000000000000000000000000B3
:10ADA000D127D1270000000010A7020800000000F2
:10ADB0000000000000000000000000000000000093
:10ADC0000000000010A702080000000000000000C2
:10ADD0000000000000000000000000000000000073
:10ADE00010A70208000000000000000000000000A2
:10ADF00000000000000000000000000010A7020892
:10AE00000000000000000000000000000000000042
:10AE1000000000000000000010A70208519F010878
:10AE20006D9F010800000000859F010800000000E0
:10AE3000C003000010A7020800000000000000008E
:10AE400000000000000000000401D1278003000082
:10AE500010A7020800000000000000000000000031
:10AE6000000000006420D1274002000010A7020863
:10AE700000000000000000000000000000000000D2
:10AE800064206420400200004CE8020835EE01080E
:10AE90000000000000000000C1EE010800000000FA
:10AEA00041070000A8E60208C1F101080000000007
:10AEB0000000000000000000000000000000000092
:10AEC00010A702080DFC010831FD01080000000078
:10AED0008DFD0108642064200003000010A7020813
:10AEE000A9070208000000000000000000000000A8
:10AEF000000000008002000010A70208E507020819
:10AF00000000000000000000000000000000000041
:10AF10008002000010A7020849110208000000008A
:10AF200000000000000000006420642040020000D7
:10AF30000EA0D90D90C80C80B70A60110B80D91FE4
:10AF40000991F0881F0880F088000000000D203C67
:10AF500000000F0069002FFFFFFFF7015C11A61032
:10AF6000006900C300008800D2009FFFFFFFF012BD
:10AF7000C523E22000D203C00000F004B0000000AE
:10AF8000700000000E00000000E0000019EFEA3041
:10AF90000CD6E6A702F40E00001F80E000006FEF61
:10AFA00050000016FFE500000E0AF00100E05F13FC
:10AFB000F85E6EB005CFFE9100000E00000000703C
:10AFC000000008DD3000A7004B02D004C00077006D
:10AFD000D01D20004B03D0A7000007DC34C4CC30C8
:10AFE00000001D2D22D00000A63B00B30005C03A92
:10AFF00000A3001D200D00D000A60004CC40004D91
:10B00000FC300000F718C00001F205D00000BB6E54
:10B010004000005FF3000007E6DB03802F301DBA1D
:10B02000A05F0001DF401FB448FEC003BFFC40B278
:10B0300000000000001F01F01F00F0000003F10BF2
:10B04000900F404F007D009B00AA00AA009B007D4E
:10B05000004F000F400B9003F15E000E6008C0042B
:10B06000F001F300F500E600E600F501F304F00856
:10B07000C00E605E0000930088A6C209FE404DDD50
:10B08000B1429350005200000450000008A000009C
:10B0900008A0001FFFFFF30339B3300008A0000031
:10B0A00008A0000103F61E60E12C00000003FFF978
:10B0B0000333100003F52E4000000E400004E000B2
:10B0C000009A00000E400004F000009A00000E40BC
:10B0D0000003F000009A00000E500003F000009AF8
:10B0E00000000E500003F00000004CFE70004FB650
:10B0F0008F900DB0005F32F40000E74F20000CA4E9
:10B10000F20000CA2F40000E70DB0005F204FB685D
:10B11000F90004CFE700EFFB44CB00AB00AB00AB82
:10B1200000AB00AB00AB00AB00AB07DFEA108E85D5
:10B130007EC0010006F1000006F000000D90000046
:10B14000CC00001CC00001DB00001DE544427FFF75
:10B15000FFF97FFFFFF024445F900000BC0000096E
:10B16000E100003FD81000046DD0000002F4100090
:10B1700002F4BD757DD019DFEA1000000DA00000BB
:10B1800000AC00000007E10000004F40100002F694
:10B1900000F5001DA000F5007FFFFFFFF313333320
:10B1A000F730000000F500000000F50009FFFFF097
:10B1B0000AB444400C8000000E7000000FFFFC40F9
:10B1C00003345CF2000000F7100000F78E856CF18C
:10B1D00008DFFB30002AEFD5003FD657400CC000F7
:10B1E0000002F40000004F5BFFA104FE845DD03F2D
:10B1F00080003F30E80003F206F845DC0005DFE997
:10B20000109FFFFFFD9D4444E99C0004F200000BE9
:10B21000B000002F400000AD000001F6000008E083
:10B2200000000E8000006F1000019EFE9100BE63C2
:10B230006EC00F60006F00CC202BC002EFFFE20059
:10B24000DC424CD05F20001F55F20002F50ED535D0
:10B25000DE001AEFEA1003BFEA202FA44BE18E00B4
:10B2600000E99D0000DD4F7129FF07FFFC9E0002F1
:10B2700010AC000002F607658FB00AEFD7002E531E
:10B28000F50000000000003F52E42E53F5000000DE
:10B290000000002E52F60D21D00100000000310008
:10B2A000006CF2018ED6000FC300000AFB400000C4
:10B2B00017EE70000005C3000000001FFFFFF3033E
:10B2C00033333000000000000000001FFFFFF303D5
:10B2D000333330040000000ED71000005CF920006A
:10B2E000002AF20003AFB106DE82001C60000000FD
:10B2F00000000007DFEA109E746EC0010006F00037
:10B300000009C000008E200006F200000870000056
:10B31000000000000B8000000C900000006CEFDAD1
:10B320004000003DA41016D90001E509EE98CA902E
:10B330000A80BD43AFC0D30F13F2000CC0693C06B6
:10B34000D00007C03B4B06D00007C02C3C03F200E6
:10B350000CC04A0F10BD439EE3C50A8009EE91CF91
:10B360009001E50000000000003DA410280000004E
:10B37000007CEFD9100000000CF1000000003FD766
:10B3800000000000B96E00000002F20E500000093B
:10B39000A007D000001F3000F400007FFFFFFB007B
:10B3A00000E733334F2005F000000C900C900000B4
:10B3B00006F18FFFFEC408E3334BF28E00001F58E6
:10B3C000E00018F18FFFFFF808E33337F68E000036
:10B3D00009C8E000009D8E33347F78FFFFFD7000C8
:10B3E00007CFFB4000CF966AF50AE20000301F60ED
:10B3F0000000004F200000004F200000001F6000F0
:10B4000000000AE200003001CF966AF50007DFFB7A
:10B41000408FFFFEA4008E4446CF708E000007F3DD
:10B420008E000000DA8E0000009D8E0000009D8ED0
:10B43000000000DA8E000007F38E4446BF708FFFD5
:10B44000FEA4008FFFFFF68E4444418E0000008E64
:10B450000000008FFFFFC08E3333208E0000008E6F
:10B460000000008E4444428FFFFFF98FFFFFF68EED
:10B470004444418E0000008E0000008E0000008FCA
:10B48000FFFFC08E3333208E0000008E0000008E40
:10B490000000000007CFFC5000CF966AF60AE200D9
:10B4A00000201F600000004F200000004F2000001F
:10B4B000B91F600000B90AE30000B900CF966AF82E
:10B4C0000007DFFC608E000008E8E000008E8E00C0
:10B4D0000008E8E000008E8FFFFFFFE8E333339EB3
:10B4E0008E000008E8E000008E8E000008E8E00012
:10B4F000008E8E8E8E8E8E8E8E8E8E8E02FFFFC072
:10B500000444BC000009C000009C000009C0000009
:10B510009C000009C02000BA0EB58F603CFE808EF2
:10B5200000004F508E0004F6008E003F70008E0326
:10B53000F800008E2EC000008EECF600008FB07F69
:10B5400030008E000AE1008E0000CC008E00001E4C
:10B55000A08E0000008E0000008E0000008E000013
:10B56000008E0000008E0000008E0000008E0000A3
:10B57000008E4444408FFFFFF28E00000008E8F781
:10B58000000002FE8FF10000BFE8DCA0004F9E8D9E
:10B590002F300D87E8D09C06E07E8D01E7E507E8B7
:10B5A000D006FC007E8D000A2007E8D00000007E57
:10B5B0008E100008E8FC00008E8FF90008E8E6F61F
:10B5C000008E8E09F308E8E00CE18E8E001EB8E8CC
:10B5D000E0003FEE8E00006FE8E00000AE0007CF15
:10B5E000EB500000CF966BF9000AE200005F601F8D
:10B5F0006000000AD04F20000006F04F2000000637
:10B60000F01F6000000AD00AE200005F6000CF96E1
:10B610006BFA000007DFEB50008FFFFD7008E44578
:10B620008FB08E00005F38E00001F58E00003F48CB
:10B63000E0014DD08FFFFFB208E33310008E000011
:10B640000008E00000000007CFEB500000CF966B31
:10B65000F9000AE200005F601F6000000AD04F207E
:10B66000000006F04F20000005F01F6000000AD027
:10B670000AE200005F6001DF855AFA000008DFFC83
:10B680005000000001EC21940000001BFFC10000ED
:10B69000000012008FFFFD7008E4458FB08E00009F
:10B6A0005F38E00001F58E00003F38E0014DD08F9B
:10B6B000FFFFC208E333DA008E0002F608E000055F
:10B6C000F3019EFDA200CE646B702F40000001F8D4
:10B6D00000000006FD950000016AEE500000009F8A
:10B6E00000200005F13FA547EB004BEFE910FFFFFD
:10B6F000FFFF2444BD44400009C00000009C00003E
:10B700000009C00000009C00000009C00000009C6F
:10B7100000000009C00000009C00009C00000BA974
:10B72000C00000BA9C00000BA9C00000BA9C000039
:10B730000BA9C00000BA8E00000D94F40003F50CB4
:10B74000F868FD0009EFE9100CB000000AC05F20A6
:10B750000001F500E900008E0008F0000E70001FE7
:10B760006005F10000AD00C9000003F43F300000A7
:10B770000CBAC00000005FF500000000EE00006F92
:10B7800010000DB00002F21F60003FF10008D00B66
:10B79000B0008BE6000D7006F000E69B002F200144
:10B7A000F503F14F108D0000CA09B00E60D80000FB
:10B7B0006F0E6009B2F300001F9F1004F9D0000063
:10B7C0000CFB0000EF80000007F600009F30003FF8
:10B7D00050000DA008F2009D0000CC04F300002FE3
:10B7E0009E70000006FC00000009FE1000004F4D96
:10B7F000B00001E802F7000BD0007F207F20000B93
:10B80000D00CB000009C002F50002F30009E000C88
:10B81000900000E805F1000005F3E60000000CFDD3
:10B82000000000003F4000000002F3000000002F75
:10B830003000000002F300004FFFFFFF9144444A34
:10B84000F3000003F6000001EA000000CC00000055
:10B850009E1000006F4000003F7000001ED4444462
:10B8600036FFFFFFFC8FF68D318D008D008D008D32
:10B87000008D008D008D008D008D008D008D318F2D
:10B88000F65D000000F200000B8000006D0000017A
:10B89000F200000B8000006D000001F200000B7050
:10B8A00000006D000001F200000B7000006D000050
:10B8B00001F2BFF325F302F302F302F302F302F302
:10B8C00002F302F302F302F302F325F3BFF300AD38
:10B8D00000001EC4000885A000E20E105B00970B5C
:10B8E0005002E0EEEEEEE00BC00009B004CFEA102B
:10B8F0000B745DB0000004F004CEEEF21F8214F26F
:10B900004F1004F21F703DF204DFD7F2BA000000BE
:10B91000BA000000BA000000BA8EFC30BFD54BF36D
:10B92000BE1000CABA00007EBA00007EBE1000CA77
:10B93000BFD55BF3B98EFC30007DFD6009F748F49C
:10B940002F5000205F0000005F0000002F500020FB
:10B9500009F748F4007DFD600000001F4000000171
:10B96000F40000001F4008EFC4F40AF748FF42F556
:10B970000007F45F00002F45F00001F42F50006F26
:10B9800040AE637EF4008EFC4F40008EFC400AD532
:10B9900038F42F20008C5FEEEEFF5F2111112F7025
:10B9A000001009F846E4007DFE80009EE305F441A6
:10B9B00008C000CFFFF029D32008D00008D000082D
:10B9C000D00008D00008D00008D000007EFC4E60F7
:10B9D000AF747FF62F50005F65F00000F65F000047
:10B9E0000F62F60006F609F747FF5007EFC4F500AF
:10B9F00000003F20CB646EB003AEFD8000BA0000B3
:10BA000000BA000000BA000000BA8EFB20BFC56D6E
:10BA1000D0BE0003F2BA0000F4BA0000F5BA00008C
:10BA2000F5BA0000F5BA0000F5BAA800BABABABA79
:10BA3000BABABABA000AB0009900000000AB000A16
:10BA4000B000AB000AB000AB000AB000AB000AB017
:10BA500000AA064E71DFA0BA000000BA000000BACA
:10BA6000000000BA001CC0BA01CC00BA1CD100BB57
:10BA7000CF6000BFDBE100BD11DC00BA003F70BA4F
:10BA80000007F3BABABABABABABABABABABAB99E67
:10BA9000FA15DFD40BFB45EDE64AF2BE0006F600D0
:10BAA0000E7BA0004F2000C9BA0003F1000C9BA040
:10BAB000003F1000C9BA0003F1000C9BA0003F102A
:10BAC00000C9B99EFB20BFB45DD0BE0003F2BA002E
:10BAD00000F4BA0000F5BA0000F5BA0000F5BA00AB
:10BAE00000F5007DFD60009F748F702F50007F0572
:10BAF000F00001F35F00002F32F50007F009F7486E
:10BB0000F70007DFD600B98EFC30BFC43AF3BE1091
:10BB100000CABA00007EBA00007EBE1000CABFD5BF
:10BB20005BF3BA7EFC30BA000000BA000000BA0035
:10BB30000000008EFC3F40AF748EF42F50007F4514
:10BB4000F00001F45F00002F42F50007F40AF74807
:10BB5000FF4008EFC4F40000001F40000001F400A3
:10BB600000001F40B98E4BFD71BE100BB000BA0033
:10BB70000BA000BA000BA00005DFEA13F735A06F99
:10BB8000000001EE9610016AEF300000D96C646F7E
:10BB900062AEFD7008D00008D000CFFFF029D3209E
:10BBA00008D00008D00008D00008D00005F55100EA
:10BBB0009FE3C80002F3C80002F3C80002F3C80004
:10BBC00002F3C90003F3AB0007F35F837EF306DFE4
:10BBD000C5F30D90000AA06E0001F300F5007D0092
:10BBE00009C00E60003F24F00000C8B9000006FF45
:10BBF0003000000FC000C80006F1000D56D000CF85
:10BC00006003F01F302F9C009A00B807B2F10E407D
:10BC100005E0D60C74E0000F6F007C990000AFA027
:10BC200001FF400005F4000BE0004F3007E109D0B0
:10BC30002F4000D9D900003FD000004FE10001E7BC
:10BC4000BB000BB01E707E1005F30D90000AA06FB4
:10BC50000001F300F6007D0009C00D60002F34F0F4
:10BC60000000C9A9000005FF2000000EC000000070
:10BC7000E5000094AD00001BFC2000005FFFFFA169
:10BC80003337F40001E70000CB00008E10004F4076
:10BC9000001EA33326FFFFFC006EA00F9201F400EC
:10BCA0001F4001F4003F303FC0006F3001F4001F1F
:10BCB0004001F4001F4000FA2005EA8B8B8B8B8B30
:10BCC0008B8B8B8B8B8B8B8B8BBE5002AE0005F0DE
:10BCD000005F0005F0004F1000DF104F5005F0002E
:10BCE0005F0005F0005F002AE00BE40007EC40B4C1
:10BCF0001E25DFC00100000004CC302B01C057001E
:10BD0000932B01C005CC3006A10FF60BE20000001A
:10BD1000000000000000000000027BFB00000004A7
:10BD20009DFFFFD00003AFFFFFFFFD0000AFFFFF4F
:10BD3000FFDFD0000AFFFFB610ED0000AF94000057
:10BD40000ED0000AF1000000ED0000AF1000000E60
:10BD5000D0000AF1000045FD0000AF1001EFFFD058
:10BD6000179DF1005FFFFC0EFFFF1000AFFD31FFDC
:10BD7000FFE00000010003BDA30000000000501818
:10BD80008888888405FABFDDDDDDFDAFE47F100023
:10BD900000CA4EE04F100000C80EFEEF100000CFAA
:10BDA000EFE03FEEEEEEF80EF68F766666EB6FF89C
:10BDB000AF100000CC8FE03F100000C80EFCDF6524
:10BDC0005555EECFC25FFFFFFFF92C57750577770A
:10BDD0007775FFFF1FFFFFFFFFFFFF2FFFFFFFFF35
:10BDE000EFFF0EFFFFFFFE01100011111110EFFE1B
:10BDF0000EFFFFFFFEFFFF2FFFFFFFFFFFFF1FFFF5
:10BE0000FFFFFF6887078888888668870788888893
:10BE100086FFFF1FFFFFFFFFFFFF2FFFFFFFFFDF7B
:10BE2000FD0DFFFFFFFD00000000000150000000BD
:10BE300000001DF80000000001DFFD000000001DF3
:10BE4000FFE22D600001DFFE20DFF7001DFFE200B2
:10BE50008FFF71DFFE200008FFFEFFE20000008F71
:10BE6000FFFE2000000008FFE200000000007D202F
:10BE700000000000000000007F60000BE2EFF60011
:10BE8000BFF84FFF6BFFD104FFFFFD10005FFFE124
:10BE90000000BFFFF6000BFFDFFF60BFFD14FFF5E2
:10BEA000CFD1004FF6171000036000000011000012
:10BEB00000000000FF000000006F21FF12F70006E5
:10BEC000FF61FF16FF601FF901FF109FF16FE00196
:10BED000FF100EF6AF8001FF1008FACF6001FF10CF
:10BEE00006FCAF8000AA0008FB7FD00000000DF721
:10BEF0001FF80000008FF107FF91002AFF70009FDC
:10BF0000FFEEFFF9000005CFFFFD500000000244E6
:10BF10002000000000000000000000000AFFA00058
:10BF20000000000CFFC0000003D6DFFFFD6D300EE7
:10BF3000FFFFFFFFFFE05FFFFFAAFFFFF51AFFF41F
:10BF4000004FFFA103FFD0000DFF3004FFF0000FF2
:10BF5000FF404FFFFB22BFFFF42FFFFFFFFFFFF269
:10BF600009FEFFFFFFEF9000505EFFE505000000B7
:10BF70000CFFC00000000004774000000000000338
:10BF8000100341000000009FF50DF50000001BFDAF
:10BF9000FF8DF5000002DFB12DFFF500004FF83EE8
:10BFA000C2BFF50007FF55FFFE39FE409FE38FFF3C
:10BFB000FFF56FF6AC2AFFFFFFFF73E6005FFFFFA0
:10BFC000FFFFF100006FFFD77FFFF200006FFF90CF
:10BFD0000DFFF200006FFF900DFFF200004FFF70A9
:10BFE0000BFFE1000000003300000000000BFFB079
:10BFF000000000000CFFC0000000000CFFC00000AB
:10C0000000000CFFC0000000000CFFC00000008F0B
:10C01000FFFFFFF800002EFFFFFFE2000002EFFF2E
:10C02000FE200000002DFFE20000799982DE2899B1
:10C0300097FFFFFB22BFFFFFFFFFFFFFFFFFFFFF99
:10C04000FFFFFFFAB3CFACCCCCCCCCCCCA0006BB44
:10C05000BBBBBA3000004FFFFFFFFFE10000EF3035
:10C06000000006FB0009F800000000CF504FD00090
:10C070000000002FE1DF84420000344BF9FFFFFD98
:10C080000001FFFFFBFFFFFF988BFFFFFCFFFFFF9F
:10C09000FFFFFFFFFCFFFFFFFFFFFFFFFB9FFFFF17
:10C0A000FFFFFFFFF60000000000003300018DFFDE
:10C0B000C600EF004EFFFFFFE4DF04FFB3004CFFBC
:10C0C000FF0EF90000008FFF6FC00001FFFFFF8E21
:10C0D000500001DEEEED00000000000000222222F0
:10C0E00000000021FFFFFF100008F8FFFBBC10005C
:10C0F0001EF4FFFC100001DFC0FEEFE8448EFE10CE
:10C10000FE1AFFFFFFC100FD0028BB9400000000E5
:10C1100002700002EF0002EFFDFFFFFFFFFFFFFFD5
:10C12000FFFFFFFFFFFFFFFFFFFF3447FFF00005AA
:10C13000FF000005C00000000000027000000002C7
:10C14000EF00000002EFF0000DFFFFFF0220FFFFF5
:10C15000FFF08E1FFFFFFF00E7FFFFFFF03F5FFFD5
:10C16000FFFF08903447FFF000000005FF000000CB
:10C170000005C000000000000000000000000007F3
:10C180007000000002700005FA0000002EF000812F
:10C190004F600002EFF001DD07F0DFFFFFF0321E1D
:10C1A00080F6FFFFFFF08E27E0B9FFFFFFF00E7370
:10C1B000F19BFFFFFFF03F54F09AFFFFFFF0890A69
:10C1C000C0D83447FFF0007F43F300005FF002F671
:10C1D0000CB0000005C00000BF1000000000000906
:10C1E000E30000000000000210003788888888887B
:10C1F00073EFFFFFFFFFFFFEFE32DFFFFFFFFFF9E0
:10C20000007FFFFDFFFFFD10CFFFA07FFFFFFFFFBF
:10C21000FA0007FFFFF35FA00000CFFF300300002C
:10C2200000CFFC0000000000CFFFCCCCCCCCCCFF7A
:10C23000AFFFFFFFFFFFF900002000000001FA0040
:10C24000000006FF1000000DFF7000006FFFF100FE
:10C2500001EFFFFA000BFFFFFF605FFFFFFFE0CF82
:10C26000FFFFFFF6FEBFFFFFF9FD4FFFFFF9BF49DC
:10C27000FFFFF53FE52EFFD006FFFFFD200028BAA7
:10C28000600004300000311FE00006F91FE0007F6D
:10C29000FA1FE009FFFA1FE0AFFFFA1FEBFFFFFAFA
:10C2A0001FFFFFFFFA1FFFFFFFFA1FE6FFFFFA1F46
:10C2B000E05FFFFA1FE004FFFA1FE0003EFA0FD034
:10C2C0000002D700000000000200000000000CFB8C
:10C2D0002000000000FFFF900000000FFFFFE600BD
:10C2E0000000FFFFFFFC30000FFFFFFFFF9100FF8A
:10C2F000FFFFFFFFE60FFFFFFFFFFFF2FFFFFFFF64
:10C30000FFFD0FFFFFFFFFF800FFFFFFFFB2000F71
:10C31000FFFFFD400000FFFFF70000000FFFA1003E
:10C320000000006A40000000000014442001444264
:10C330000DFFFF10DFFFF1FFFFF30FFFFF3FFFFFD8
:10C3400040FFFFF4FFFFF40FFFFF4FFFFF40FFFF31
:10C35000F4FFFFF40FFFFF4FFFFF40FFFFF4FFFF6D
:10C36000F40FFFFF4FFFFF40FFFFF4FFFFF40FFF4D
:10C37000FF4FFFFF30FFFFF39FFFC009FFFC0014DA
:10C3800044444444420DFFFFFFFFFFF1FFFFFFFF66
:10C39000FFFF3FFFFFFFFFFFF4FFFFFFFFFFFF4F28
:10C3A000FFFFFFFFFFF4FFFFFFFFFFFF4FFFFFFF58
:10C3B000FFFFF4FFFFFFFFFFFF4FFFFFFFFFFFF453
:10C3C000FFFFFFFFFFFF4FFFFFFFFFFFF39FFFFF99
:10C3D000FFFFFC0002100000420FE20003FB0FFE13
:10C3E0003004FB0FFFF404FB0FFFFF54FB0FFFFFB4
:10C3F000FAFB0FFFFFFFFB0FFFFFFFFB0FFFFFD657
:10C40000FB0FFFFD14FB0FFFC104FB0FFB0004FB40
:10C410000CA00003FA000000000000000012000061
:10C4200000000003FF60000000002EFFF500000088
:10C4300001EFFFFF4000001DFFFFFFF30000CFFFF3
:10C44000FFFFFE200AFFFFFFFFFFE00EFFFFFFFFE1
:10C45000FFF203999999999950058888888888707E
:10C460000FFFFFFFFFFFF30FFFFFFFFFFFF40BFFC7
:10C47000FFFFFFFFD1000000000000003F90000020
:10C480003FFC00003FFD10003FFD10003FFD10008D
:10C490001FFD100000CFF4000000CFF4000000CF1B
:10C4A000F4000000CFF4000000CFE0000000A40082
:10C4B0000000000000CD1000001FFD1000003FFD37
:10C4C0001000003FFD1000003FFD1000003FFD0088
:10C4D0000008FF900008FF900008FF900008FF9000
:10C4E0000002FF90000007800000000000045000E0
:10C4F00000000002FF60000000003FF700000000A5
:10C5000003FF70000000003FF7000006999AFFC982
:10C510009980FFFFFFFFFFFF3DFFFFFFFFFFF201DD
:10C52000113FF71110000003FF70000000003FF7FB
:10C530000000000003FF70000000000CD3000000AA
:10C540006999999999980FFFFFFFFFFFF3DFFFFFAC
:10C55000FFFFFF2000000000000000000156640003
:10C5600000000003BFFEEFF91000007FFA1003DFA8
:10C57000E40008FFA009B41EFF504FFF200BFF2668
:10C58000FFE1EFFF09CFFF63FFFABFFF09FFFF5491
:10C59000FFF61EFF51DFFB09FFB003EFE204305F3F
:10C5A000FC10002CFF956AFF9000000049DFFD920F
:10C5B0000000000000000000000000CD200000008E
:10C5C000000000008FF50014664000000004EFAC8E
:10C5D000FFEFFF910000001CFFA1004DFE300000A6
:10C5E000009FF5AB31EFF40007B105FFFFE17FFEDF
:10C5F000100FFE302DFFF54FFF900CFFE000AFF65F
:10C600005FFF6002FFF40006FFEFFB00004FFD102C
:10C61000003EFFC0000002DFE85401BFE30000005D
:10C6200005AEFF6007FF60000000000000004EF64E
:10C630000000000000000001A10000000000000058
:10C6400000000000003ED00000000000000CFF8051
:10C65000000000000006FFFF200000000000EFFFC8
:10C66000FB00000000008FFCCFF4000000002FFB57
:10C6700000FFD00000000BFFC00FFF70000004FFA0
:10C68000FD01FFFF100000DFFFE02FFFFA00007F39
:10C69000FFFF9BFFFFF3001FFFFFB00EFFFFC00A6D
:10C6A000FFFFFE24FFFFFF60FFFFFFFFFFFFFFFA1A
:10C6B00006CCCCCCCCCCCCCB30000000000036007B
:10C6C00000000000007F80DDDB00008DEFF8FFFF41
:10C6D000B007FFFFFD556FF46FF8AFE2000574FF80
:10C6E000907E2000003FFA0000000002EFB2504AA6
:10C6F00000012EFD1DF48FB0FFFFD10BFFFFFBFFEC
:10C70000FE2000CFFFFB12210000029FC0000000AE
:10C7100000005B00000007A00000000008FFB00060
:10C72000000008FFFFB0000008FF95FFB00008FF01
:10C730009005FFB007FF900005FFB09F9000000537
:10C74000FD004000000003104C20000000B60BFE6E
:10C75000200000CFF02EFE2000CFF4002EFE20CFD0
:10C76000F400002EFECFF40000002EFFF4000000C5
:10C77000002EF4000000000013000000000830004C
:10C78000000000000000BFF308BBBBBB90000BFF24
:10C79000FF39FFFFFFF1008FCFCFF000000AF1005B
:10C7A000382F948000000AF100002F900000000A4A
:10C7B000F100002F900000030AF130002F900000DC
:10C7C0001FCBF8F8002FEBBBBB39FFFFE2001FFFC8
:10C7D000FFFFB09FFD2000000000000008D10037DF
:10C7E000888700000000EFFFFFA0000000FFFFFFB0
:10C7F000FDCCCCB6FFFFFFFFFFFFFFFFFFFFFFFFFA
:10C80000FFFFFFFFFFFFFFFFFFFFFFFFFFFFFFFF38
:10C81000FFFFFFFFFFFFFFFFFFFFFFFFFFFFFFFF28
:10C82000FFFFFFFFFFAFFFFFFFFFFFF9000000006A
:10C83000000000000001DD10000000001DFFD1001D
:10C84000000001DFFFFD1000001DFFFFFFD1000011
:10C850009FFFFFFFF90000011CFFC1100000000C4A
:10C86000FFC0000000000CFFC0000000000CFFC073
:10C87000000079993BFFB39997FFFFB2442BFFFF6C
:10C88000FFFFFEDDEFFFFFFFFFFFFFFAB3CFACCCF2
:10C89000CCCCCCCCCA00000000000200000000009C
:10C8A0000004FFC70000000000AFFFF00000000020
:10C8B0001FFFFD0000000006FFFFC0000000000891
:10C8C000FFF700000000000CFF300000000004FF34
:10C8D000C00000000001EFF300004A3002DFF80062
:10C8E00005DFFE15EFFB0000EFFFFFFFFA00000B76
:10C8F000FFFFFFF70000007FFFFFA200000002BA69
:10C9000085000000000004860000001006FFFA0009
:10C9100002DFD1EF3CF101DFFA0EE0AF21DFFA00D8
:10C920009FEFF6DFFA00008DFFFFFB00000006FF1F
:10C93000FD00000048EFFFF600006FFFFBFFF60070
:10C940000EF3CF23FFF600EE0AF204FFF609FEFC19
:10C950000004FFF108DA100002620000000000008D
:10C960000000006FFFF987000008FFFF98F708A696
:10C970008FFFF95990FFA8FFFFFCCC0FFA8FFFFF44
:10C98000FFF1FFA8FFFFFFFF1FFA8FFFFFFFF1FF7F
:10C99000A8FFFFFFFF1FFA8FFFFFFFF1FFA8FFFFB8
:10C9A000FFFF1FFA7FFFFFFFF0FFE3122222210F9C
:10C9B000FFFFFFF90000ACCCCCCB500000499999A7
:10C9C0009995000EFFFFFFFFF600FD2222224FF691
:10C9D0000FC0000001FFF3FC0000001FFF6FC0004C
:10C9E0000002FFF6FFFFFFFFFFFF6FFFFFDCFFFF0F
:10C9F000F6FFFFB005FFFF6FFFF6000FFFF6FFFF2A
:10CA0000C006FFFF6FFFFFEDFFFFF69FFFFFFFFF79
:10CA1000FD10CDDDDDDDDDDD2FFFFFFFFFFFF312BC
:10CA2000222222222200000000000000000000005C
:10CA300000000FFFFFFFFFFFF3DEEEEEEEEEEE2055
:10CA40000000000000000000000000000DEEEEEE0F
:10CA5000EEEEE2FFFFFFFFFFFF30000000000000EE
:10CA600037888888888873EFFFFFFFFFFFFEEFFF9E
:10CA7000FFFFFFFFFE1CFFFFFFFFFFC1D28FFFFF85
:10CA8000FFF82DFF64EFFFFE45FFFFFA2BFFB2AF6B
:10CA9000FFFFFFD3553DFFFFFFFFFFBBFFFFFFFF82
:10CAA000FFFFFFFFFFFFAFFFFFFFFFFFF9000000E9
:10CAB000000001FFFFF00004FFFFD00006FFFF8031
:10CAC0000008FFFF30000AFFFFAAA60CFFFFFFF8D7
:10CAD0000EFFFFFFE10BDDDFFF6000004FFD0000F8
:10CAE000007FF3000000BFA0000000FF1000000363
:10CAF000F800000003C00000000020000000045502
:10CB0000EFB5520000FFFD1FFFB0000FFFFFFFFC5D
:10CB10000000FFFF533320000FFF97FFFB5700FF7C
:10CB2000F8AFFFC6F80FFF8AFFFC4AA1FFF8AFFF7E
:10CB3000E3220FFF8AFFFFFFF4FFF8AFFFFFFF4F75
:10CB4000FF8AFFFFFFF43552AFFFFFFF40000AFFEF
:10CB5000FFFFF400007FFFFFFE2000000110000037
:10CB6000000000AF00000000018FFA30000002EF6B
:10CB7000FFFF500000BFFFFFFF10001FFFFFFFF58A
:10CB80000003FFFFFFFF70005FFFFFFFF90008FFDA
:10CB9000FFFFFFC000DFFFFFFFFF209FFFFFFFFF42
:10CBA000FD0EFFFFFFFFFFF20222222222210000E2
:10CBB00008FFC00000000009A20000005BBBBBBB77
:10CBC000BBBBBBA3FFFFFFFFFFFFFFFBFC0C30E184
:10CBD0001D0D11FCFC0B30E01D0D10FCFFFEFFEFE6
:10CBE000FEFEEFFCFFF15A0870A05FFCFFF37B290B
:10CBF00092C27FFCFFBFCBBBBBBFCBFCFC0B2000BA
:10CC0000000D00FCFFCFCCCCCCCFCCFB9FFFFFFFB7
:10CC1000FFFFFFF60000000000000200000000001F
:10CC20000005DFB00000000007EFFFD00000001893
:10CC3000FFFFFF70000029FFFFFFFF00003BFFFF29
:10CC4000FFFFF8000AFFFFFFFFFFF1000FFFFFFFEC
:10CC5000FFFFA000049AAAAFFFFF20000000000E13
:10CC6000FFFB00000000000EFFF400000000000EBB
:10CC7000FFC000000000000EFF5000000000000D8B
:10CC8000FD00000000000004B3000000355555020F
:10CC9000000FFFFFF2F400FFFFFF2FF40FFFFFF282
:10CCA000FFF3FFFFFF32221FFFFFFFFFF7FFFFFF32
:10CCB000FFFF8FFFFFFFFFF8FFFFFFFFFF8FFFFF6B
:10CCC000FFFFF8FFFFFFFFFF8FFFFFFFFFF8FFFFF2
:10CCD000FFFFFF8FFFFFFFFFF88AAAAAAAAA300072
:10CCE00000002455310000000003AFFFFFFFC70024
:10CCF0000002BFFFFEDEFFFFF6005FFFB51000037E
:10CD00008EFFB0DFD300000000008FF5180005AEE5
:10CD1000FEC81004600002DFFFFFFFF80000000CF7
:10CD2000FF95347DFF40000002A200000077000064
:10CD30000000000296000000000000000DFF5000FF
:10CD400000000000000EFF6000000000000005DA97
:10CD5000000000005BBBBBBBBBBBBBBA20FFFFFF3F
:10CD6000FFFFFFFFFF90FC1222222222220FF7FC7E
:10CD70005FFFFFFFFFFF2CFAFC5FFFFFFFFFFF21BC
:10CD8000FAFC5FFFFFFFFFFF27FAFC266666666678
:10CD9000661FFAFEBBBBBBBBBBBBBFB1AFFFFFFF98
:10CDA000FFFFFFFF500000000000000000005BBB21
:10CDB000BBBBBBBBBBBA20FFFFFFFFFFFFFFFF906A
:10CDC000FC1222222221000FF7FC5FFFFFFFF80078
:10CDD0000CFAFC5FFFFFFFF80001FAFC5FFFFFFFAA
:10CDE000F80007FAFC2666666663000FFAFEBBBB16
:10CDF000BBBBBBBBBFB1AFFFFFFFFFFFFFFF5000DF
:10CE000000000000000000005BBBBBBBBBBBBBBAAB
:10CE100020FFFFFFFFFFFFFFFF90FC122222100008
:10CE2000000FF7FC5FFFFFD000000CFAFC5FFFFF74
:10CE3000D0000001FAFC5FFFFFD0000007FAFC26DB
:10CE400066665000000FFAFEBBBBBBBBBBBBBFB1ED
:10CE5000AFFFFFFFFFFFFFFF5000000000000000DA
:10CE600000005BBBBBBBBBBBBBBA20FFFFFFFFFF30
:10CE7000FFFFFF90FC1222000000000FF7FC5FFF95
:10CE8000300000000CFAFC5FFF3000000001FAFCEB
:10CE90005FFF3000000007FAFC2666100000000F5C
:10CEA000FAFEBBBBBBBBBBBBBFB1AFFFFFFFFFFF0E
:10CEB000FFFF500000000000000000005BBBBBBB98
:10CEC000BBBBBBBA20FFFFFFFFFFFFFFFF90FC00D3
:10CED00000000000000FF7FC0000000000000CFA4A
:10CEE000FC00000000000001FAFC0000000000004F
:10CEF00007FAFC0000000000000FFAFEBBBBBBBB42
:10CF0000BBBBBFB1AFFFFFFFFFFFFFFF5000000043
:10CF10000000000000000000000007B20000000058
:10CF200000000ADFFA000000000000A93DF5000043
:10CF300000044002E00010000000AFF80B600000A9
:10CF4000006C30FFFFFFFFFFFFFFFFF4AFF9000CA5
:10CF50005000006D4005500004C0000010000000AB
:10CF60000000C43EE80000000000002EEFFA0000C0
:10CF700000000000004FFA00000000000000000068
:10CF800000000000011000000007EFFFB30000AF39
:10CF9000FD8FFF2004FFFD09FFB00AFEFD12AFF078
:10CFA0000EF55D2C0EF30FFF33129FF50FFFF30705
:10CFB000FFF60FFFE206FFF60FFE24137FF50DF5D7
:10CFC0007D2C0DF30AFFFD11BFF003FFFE0BFFA048
:10CFD000007FFEBFFE100003ACDC81000000344384
:10CFE000000005667FFFF96650FFFFFFFFFFFF357A
:10CFF0006666666666501CCCCCCCCCC402FFFFFFD4
:10D00000FFFF602FF3FB7F6DF602FF2FB7F5DF60A8
:10D010002FF2FB7F5DF602FF2FB7F5DF602FF2FBEB
:10D020007F5DF602FF2FB7F5DF602FF3FB7F6DF614
:10D0300001FFFFFFFFFF5007BCCCCCCC90000000ED
:10D040000000000120000000000004FF500000006C
:10D050000002FFFF500000000439FFFE0000000442
:10D06000FF39FFA0000004FFFF39B0000004FFFFFC
:10D07000FF20000004FFFFFFB0000004FFFFFFB02F
:10D08000000004FFFFFFB0000004FFFFFFB000003E
:10D0900000BFFFFFB00000000DFFFFB00000000068
:10D0A000FFFFB00000000009A860000000000000C1
:10D0B00000178888888887400002EFFFFFFFFFFF86
:10D0C000F4003EFFFFCFFFCFFFF703EFFFF908F8B3
:10D0D00009FFF83EFFFFFE20402EFFF8DFFFFFFFB5
:10D0E000E101EFFFF89FFFFFFF80008FFFF809FFCE
:10D0F000FFF902C209FFF8009FFFFE4EFE4EFFF847
:10D100000009FFFFFFFFFFFFF700008FFFFFFFFF9A
:10D11000FFC100000000000003EFFFFFE203FBFB84
:10D12000CEBFA4FF1D03A1FAFFF1D03A1FAFFFFF4E
:10D13000FFFFFAFFFFFFFFFFAFFFFFFFFFFAFFFF59
:10D14000FFFFFFAFFFFFFFFFFAFFFFFFFFFFAFFF94
:10D15000FFFFFFFAFFFFFFFFFFADFFFFFFFFF82913
:10D16000AAAAAAA800000000000000030000000016
:10D17000000004F1000820000001FF100BF7000080
:10D18000002FF10CFF94444445FF1BFFFFFFFFFFFE
:10D19000FFF18FFFFFFFFFFFFD007FF700000000A2
:10D1A00000006F6000000000000030000000000080
:10D1B00000000000000000000000C00300000000AC
:10D1C0000000C003030A00000F00800505050005EC
:10D1D0001C00D0090A0A00004E00B008090F00FE2A
:10D1E0009200D00B0C0A0000CE00A0090A0B00FF31
:10D1F0000501F002030500050D01B004040E01FD58
:10D200002901C004040E00FD4501A0050606000525
:10D21000570120080807000273013003030500FED0
:10D220007B01600505030003830130030303000055
:10D230008801F004070EFFFFB9015009090A000038
:10D24000E6013005040A0000FA011008080A00008F
:10D2500022020008080A00004A0260090A0A0000C7
:10D260007C021008080A0000A402A008090A0000B5
:10D27000D1026008080A0000F9020009090A00004A
:10D280002603A008080A00004E033003030800002C
:10D290005A033003030B00FD6B032008080800014C
:10D2A0008B03200808060002A303200808080001D9
:10D2B000C3030008080A0000EB03800E0E0D00FDFA
:10D2C0004604400A0C0AFF008204A00A090A010071
:10D2D000AF04200A0A0A0000E104900B0A0A0100C8
:10D2E00013056009080A01003B05E008080A01006F
:10D2F0006305D00A0A0A00009505600B090A0100BF
:10D30000C2055004020A0100CC053007070AFF00DD
:10D31000EF05100A0A0A010021065008080A010058
:10D320004906600D0B0A01008006600B090A010026
:10D33000AD06C00B0C0A0000E906200A090A01002C
:10D340001607C00B0C0D00FD6407300A090A010026
:10D350009107B008090A0000BE073008090A00005A
:10D36000EB07100B090A01001808F0090B0AFF006F
:10D370004F08C00F100A00009F0870090A0A000039
:10D38000D10810090B0AFF0008093009090A00003A
:10D390003509B004040E01FD5109F004070EFFFF2A
:10D3A0008209B004040E00FD9E0930080706010240
:10D3B000B3090007070100FFB7096008050201096A
:10D3C000BC09600808080000DC099009080B01008E
:10D3D000080A000808080000280A9009090B000044
:10D3E0005A0A9008080800007A0AF004060B0000A8
:10D3F0009B0AB009090B00FDCD0A9009080B01003A
:10D40000F90AE003020B0100040B0004050EFEFD07
:10D41000270BA008080B0100530BE003020B0100CF
:10D420005E0BD00E0D080100920B90090808010058
:10D43000B20BE00809080000D60B9009080B01FDAB
:10D44000020C9009090B00FD340CC0050508010011
:10D45000480C000707080000640CD005060A00000D
:10D46000820C800908080100A20CD0070908FF00FF
:10D47000C60C900C0D080000FA0CC007080800004C
:10D480001A0DD007090BFFFD4C0D500707080000CF
:10D49000680DF004050E00FD8B0D3004020E01FD39
:10D4A000990DF004050E00FDBC0D200808030003D3
:10D4B000C80DE00506050006D70D6004040300034F
:10D4C000DD0D000E0F0FFFFE4E0E000E0E0B0000C6
:10D4D0009B0E000E0E0D00FFF60E000E0E0B000050
:10D4E000430FA0090A0B00007A0F000E0E0F00FE7A
:10D4F000E30F000E0E0F00FE4C10C00F100D00FFCA
:10D50000B410000E0E0F00FE1D11C00F100B000016
:10D510007511000E0E0F00FEDE110007070C00FF54
:10D520000812800A0B0C00FF4A12C00F100E00FEFA
:10D53000BA12000E0E0B00000713A0090A0F00FE1E
:10D540005213400C0A0E01FE9813400C0D0F00FE02
:10D55000FA13400C0D0D00FF4F14400C0D0D00FF91
:10D56000A414400C0A0E01FEEA14400C0E0DFFFF3D
:10D570004515C008090D00FF8015C008090D00FF02
:10D58000BB15400C0D0D00FF1016400C0D040003E0
:10D590002A16C00F100B000082168011120F00FE19
:10D5A0000917C00F110FFFFE8917000E0E0D00FFA7
:10D5B000E417400C0D0800011818400C0D0800017C
:10D5C0004C188011120B0000AF18000E0E0B00005B
:10D5D000FC18000E0E0F00FE6519000E0F0FFFFE67
:10D5E000D619400C0D0D00FF2B1A400C0D0F00FE3C
:10D5F0008D1A400C0D0D00FFE21A400C0D0C00FFBF
:10D60000301B000E0E0B00007D1BC0080A0FFFFE32
:10D61000C81B400C0D0F00FE2A1C400C0D0F00FE15
:10D620008C1CC00F100B0000E41C000E100FFFFE3E
:10D630005C1D800A0B0F00FEAF1D8011120D00FF54
:10D64000241E8011120A00007E1E8011120A0000A2
:10D65000D81E8011120A0000321F8011120A000029
:10D660008C1F8011120A0000E61F8011120C00FFAF
:10D670005220400C0C0F00FEAC20400C0D0F00FEA1
:10D680000E21000E0F0FFFFE7F218011120B0000F4
:10D69000E221800A0B0F00FE3522100E0F0A000057
:10D6A0000000721F51EF58EF5BEF5CEF5DEF61EF31
:10D6B00063EF65EF69EF6CEF71EF76EF77EF78EF7F
:10D6C0008EEF93EF98EF9BEF9CEF9DEFA1EFA2EF12
:10D6D000A3EFA4EFB7EFB8EFBEEFC0EFC1EFC4EF19
:10D6E000C7EFC8EFC9EFCBEFE3EFE5EF14F015F0AC
:10D6F00017F019F030F037F03AF043F06CF074F0B6
:10D70000ABF03BF190F191F192F193F194F1D7F1FB
:10D71000E3F13DF254F2AAF412F7F2F72000000010
:10D720005F00010000000000000000000000020097
:10D73000B0000000F3F76000A0D60208000000006F
:10D740003E00030000000102000304050206070872
:10D75000090A090A0B0C000D0E0F101112130C14FC
:10D76000140000001516171819161A1B1C1D1D1E73
:10D770001F201D1D1621222303241E2525262728B0
:10D78000292A2B002C002D2E2F303132332D34340A
:10D7900035302D2D2E2E36373839333A3A3B3A3C38
:10D7A000290000093D090000000000000000000001
:10D7B0000000000000000000000000000000000069
:10D7C0000000000000000000000000000000000059
:10D7D0000000000000000000000000000000000049
:10D7E0000000000001020003040502060708090A00
:10D7F000090A0B0C0D0E0F10110C12131415150045
:10D80000000016171819171919191719191A1919C3
:10D81000191917191719031B1C1D1D1E1F20212262
:10D820002300240025262727270027262829262607
:10D830002A2A272A272A2B2C2D2E2E2F2E30000085
:10D840002309310900000000000000000000000072
:10D8500000000000000000000000000000000000C8
:10D8600000000000000000000000000000000000B8
:10D8700000000000000000000000000000000000A8
:10D880000001000000000000000100000200000094
:10D890000002000000000000000000000000000086
:10D8A0000000010000000000000000000000000077
:10D8B00000010A0006FB00000000F4F3020B05045F
:10D8C000F7020B0109020700000000000000000041
:10D8D00000000D02FE00000000000000000000003B
:10D8E000000400F90000000000FC04040000FE0039
:10D8F000FE0200FE00FEFFFC00000000FE0000FD36
:10D90000FD0000FE00FC000000000000000000FE22
:10D91000FE00FD00FA00E50000FC0004070000FC2A
:10D9200002020704FC040000F300000000000000F5
:10D9300000000000F80000000000000000000000EF
:10D94000000000FAFDF500F7FE00000000000900ED
:10D95000F9FEFF0100FC0000FEEF000000000000E7
:10D960000000000000EEFE090000000000000000C2
:10D9700000000000F70000000000000000000007A9
:10D9800000020000FC000000000000000000000099
:10D99000000000000000090201000000000000007B
:10D9A0000000000000000000000000000000000077
:10D9B0000000000000000000000000000000000067
:10D9C000F80000000000000000000000000000005F
:10D9D0000000000000000002040207FE000004FE38
:10D9E000F9E102060400FD00080007000700EB0053
:10D9F000FD070007FE0402000001FE0000FC12000B
:10DA00001200070009030407000000F800000000EE
:10DA100001FE0002FCFDFC0200FE000000F7000019
:10DA2000000000000000000000F100000000000005
:10DA300000000000000000000001F400F2000000FF
:10DA400000FE0016FDFD0202FE00FD020000F400D3
:10DA500000000000000000000000EA0002000000DA
:10DA6000000000000000000000F2000D0000F800BF
:10DA70000700F1EAF1FC070000F10003FB00FD00E4
:10DA800000000000000000000000000607E50000A4
:10DA9000000000000000000000000B000200000079
:10DAA00000000202FDFC00FFFFFE0000FE0000007F
:10DAB000FC00FE00FBFC00FAF9F9FC00FC00FC0095
:10DAC000000000FE0000020002FE00010000000253
:10DAD000FE000000FE0202FF000000FC00FF00004C
:10DAE000000000010003FE00FD00FC0000FE000736
:10DAF0000000FE0000000000FF01FEFE0000FE002E
:10DB0000FE000000000000000000FFFF00FEFD001E
:10DB100000000000010000FE00FEFEFE000000000C
:10DB20000000000000FF00000000FEFD00FD00F905
:10DB3000FEF9040000FC02040600FAFFFD00FFF5F8
:10DB400002FE02F402000001F400F4FEEDFE00F516
:10DB50000004060003000000000000FCFD00F900C6
:10DB60000000FE000000FE0000000000FFFF00FFBC
:10DB7000FD00000000000000FEFE00FEFDFE0000B3
:10DB8000FE0000000000000000000000FEFE00FD9E
:10DB900000FE00FC020000FD010202000000000087
:10DBA00000FE0000000000020000FE00FEFEFD007E
:10DBB0000000000000000200FE00000000FEFD006A
:10DBC000FC0007FE01F9000006F5F4F7FC0200FE78
:10DBD000F1FC00FC00FC03FCF200FA000001FF0273
:10DBE000FE000200F9F700F5FBFBFBF9FDFA00FC73
:10DBF000FA01000100FE0000000200020000000027
:10DC000000000000000000FE00FF00FFFE00FCFB23
:10DC1000FBFF00F9000000000000FE000000000112
:10DC2000FF0000000200000000000000000B0000E8
:10DC30000000000002000000FE00000000000000E4
:10DC400000000000FC0002000000000000000000D6
:10DC500000000000FE000000FC00000000F5F900DC
:10DC60000000FDF50000FE0200FA000000000000C8
:10DC700000000000FC0000FC0000000000000000AC
:10DC8000000000000200FC00000000030002FCFC99
:10DC900000FEFEFD000000000000F900FE00FDFE99
:10DCA00000FBFAF9FE00FC00F90000000012000081
:10DCB000010000FD000200F60000000000EBFC0780
:10DCC00007FEF70002FD00F5FFFD02F0FE03000372
:10DCD000F8FDF8F9F70000F3000D0000FF00000068
:10DCE000FFFFFEFAF900EB0000000000000000005A
:10DCF0000100000000000000000000000000000023
:10DD000000FE00FFFEFD0000FC00FE000000000021
:10DD100000000000000000000000FF00FC00000404
:10DD2000FF0300FB02FEFFFAFE00FDFEFE00FDFC0D
:10DD30000000FEFFFEFCFD0000FE0002FE00FB00F6
:10DD40000000FC00FC00FCFC0200000000000000E1
:10DD500000FC0200FD00FEFDF9FEFEFEFFFEFDFFE1
:10DD60000000000000FEFEFE0000000003FE00FEBA
:10DD7000000000FEFDFEFEFDFE000209FF00FA00AD
:10DD8000FE0400FEF7FD030000F5FC02FC0200FEAD
:10DD9000FEF900FD010000FC0000000202FCFC0096
:10DDA000FCFEFDFEFE00FC01FCFC07000000000084
:10DDB0000000000002000000000000000000000061
:10DDC000000000000000000000000000FC00000057
:10DDD0000000000000000000000000000000000043
:10DDE0000000000000000000000000000000000033
:10DDF0000000000000000000FE0000000000000025
:10DE00000000000000000000000000000000000012
:10DE1000000000000000FEFE000000000000000006
:10DE200000000000FD0000FD0000FEFE00000000FC
:10DE3000FE00000000FF0000000000FE00000000E7
:10DE4000FD00FC000000F90002FB0400FEF50000EC
:10DE5000FBFE00F7FAFA0000F6FEF7F7F500FA000D
:10DE6000020FFD00FBFEFFFEFCFAFCF8F7FBFE00D4
:10DE700000FE00010000F0FE0705FBF80001F900BC
:10DE8000F5FEFE04EBFD010000F1FDF4FEF00000E4
:10DE9000F0000D0100FE00000000FFFEF7FE00F1A3
:10DEA00000000000F900FE00FFFAF50000FFFDF998
:10DEB000FE00FE00000000F6FEF9F9FEFCFAFEFC92
:10DEC00000FCFEF9FD00FDFCFEFC000100FEF90077
:10DED0000400FC00000000030002FC0900FEFEFD3F
:10DEE000000000000000F900FE00FDFE00FBFAF952
:10DEF000FE00FC020900000000120000010000FD0D
:10DF0000000200000000000000000000000000000F
:10DF1000FEFC0000000000FF000000FEFE0000FC10
:10DF2000FE0000FC0004FF000000000000010000F3
:10DF30000000030402FE00F9FC0007F9F9FCFC09EB
:10DF40000402EDFE04FE00FE02FEF800FE02FDFEED
:10DF5000F9FE0000070400FA00F4FD06FDF701FDDC
:10DF6000F9F9FE090200FD00FA000207FBF8F7FAD2
:10DF7000070001F0FE02FCFEFB00FBF8FDFDFE00C9
:10DF800000FBFBFE000705FEF400F4FD00F8F3FFC4
:10DF9000F9FCF9FA060000FD00FCFE00FEFC00049E
:10DFA000F9020000F400FEFBFCFEF9FAF9FB00F9AF
:10DFB000FEFBFCF9FE0000010BFC00F9FE00FEFC7C
:10DFC000FBFAFAF7FDFC0400FD00F5FD0104F9F889
:10DFD000FCF907FE01EBFC04FBFCF800F9F7FDFE81
:10DFE000FEFEFBF9FF00000706FEF100F3FB05F75C
:10DFF000F1FCF8F7F5F90400000000FD000002FD57
:10E000000402FC040000F9FF00FF000101FE000013
:10E0100000000000FE0000000002070000FD0000FC
:10E020000000FEFEFD0000000102000000000200F2
:10E03000FE000900040101FD0004000000020000D0
:10E0400000000000000000000007000600000000C3
:10E0500000000000000000000000F300FE040007C4
:10E0600000001603FCFC0202FE01F500000BF300A9
:10E0700000000000000000000000F1091F00000087
:10E08000000000000000000000F30000000000009D
:10E090000000000000000000000000000000000080
:10E0A00000000000FC0000FCFE000000000000007A
:10E0B000000000000000000000000000FE00FA0068
:10E0C00000010000021DFCFE0706FA020000020229
:10E0D000FD0000000000000000000000E30600005A
:10E0E000000000000000000000000000000000FA36
:10E0F000000000FA00000000FBFF000000FB00FD34
:10E1000000F50000000000000000000000F1000029
:10E11000000001000000000000FE0000FC00FD0007
:10E12000FA000000FC02FD0000FAFEFB0000FA000D
:10E13000FE00F500FE0000EEFCF7FEF80000F10026
:10E14000FAFF0000000000000000FDFCFEFC0000E3
:10E150000000FB00FB03FE0400FEFBFEFCFC00FDD8
:10E16000FFFE02FAFF000000ECFEFD00FB00FEF5E2
:10E17000FE0000FEFE000000000200FEFCFE0400A7
:10E18000000000000000000000000000000000008F
:10E19000000000000000000000000000000000007F
:10E1A000000000000000000000000300000000006C
:10E1B00000FB00FE000000FC02000000FAFEFC0074
:10E1C00000FA00FE00F500000000EA00FCF8F5008F
:10E1D00000F100FEFD0000000000000000FEFDFF59
:10E1E000FD01000004FD00070BFEFEF9030B040512
:10E1F000FA03090306050600000000000000000005
:10E2000000000E0BFCFE00FE120A120000000200CD
:10E2100000080000FC000000000000000000FE00FC
:10E22000000000000000000300000000EDFDFEF70C
:10E23000F50000F1000000000000000000000000F8
:10E240000000000000FC000000000000000000FED4
:10E2500000000000000000000300000000EDFDFED3
:10E26000F7F50000F70000000000000000000000CB
:10E270000000000000000000FE000000FB0200FEA5
:10E28000020402F90000FE02000200000000FA0091
:10E29000FEFEFC00FEF7000EFE00FBFE00FEFC0092
:10E2A000FEFAFCFD000000FC000000000000000081
:10E2B00000FE00000000000000000300000000ED70
:10E2C000FDFEF7F50000F10000000000000B00006B
:10E2D0000000000000000000FC00F9FDFE07FEFE4B
:10E2E000F701FF01FEFA000500020102FBF7FD0045
:10E2F000F7FCFAF7F700FCFCFDFDFEFEFDFE00FE5C
:10E30000FF030003FE000700000000000000000003
:10E31000000000FEFEFE0000FA00FF00FC0000000E
:10E320000000000000000000F300000000000000FA
:10E3300000000000FEFE00FD00000000FE0000FCEA
:10E34000FE0200FCFCFE00FAFEFBFEFD00FC0000ED
:10E35000000000000000000000F100070000FC00C9
:10E36000000000FD00FE0000FF0000FE00FB0000BA
:10E3700009FDF9F902020200FA020302070207FE90
:10E38000FA0000F70000F9FA0000FC00FDFC00FDB7
:10E3900000FD00FE0300FEF9FE080000FE00FC0088
:10E3A0000003FB0002FE020000F900FEFF00FE0277
:10E3B000FE000000F7FDFB00F90000F50008FE007C
:10E3C000FC000100FE00FEF900FE0200000000FE5D
:10E3D000000002FD010000FDFE00FD000000000045
:10E3E000000000000000000000000000F200050036
:10E3F00000FE000000000000FEFE0000000400051A
:10E400000000000000F2F3010A0704F70209000807
:10E41000000400000000000000000000000C0000EC
:10E4200000000000000000000000000000000000EC
:10E4300080D8020844D70208E2D702083D31000024
:10E4400030AF0208B0D102081CD7020830E402083D
:10E4500010000228100200207F6701080D670108E4
:10E460001000030000FF010040E40208000000006B
:10E470000000000006F2ECE83699D661963ABE2418
:10E480005E05FA05B1046A4D098EE7CE47FF00FE2E
:10E49000C0FCA4FAA97AF163F39C8AEA8EE3D3EC78
:10E4A0007AFE5DFF0FEA12F376F4DAFD3DFF37AA3C
:10E4B00059BB9BCCFCE53EF7B87AB993FBB43DD68B
:10E4C0003EEF585B397C5B9D5DC65EEF3E45BE65A9
:10E4D0005F96FFBE9FE7BE2D1E4EBF863FB7BFE7CC
:10E4E0003B269C4EFD865EB7BFE73325B54D58866B
:10E4F000FBB69EE7CD653086B4A639CFBDEF6C9EE6
:10E50000B0AE14C779DFDDF70AD72EDF73E7B8F7AF
:10E51000DCFF6BFF8EFFB3FFD8FFFCFF45FEA9FEBB
:10E5200010FF76FFDCFF24FDA9FD70FE16FF9CFFA7
:10E5300088FB4CFC52FD77FE5CFF6C8B4FA454BDF6
:10E5400079D65DEF937C3595F8B5DBCE7EEFF7BDE0
:10E550001CE77DEFBEF7DFFFC6E165D145C1E3B043
:10E56000CCD8CBC0AAA869883589F478D368B148DB
:10E57000B65975513441D230553AF331B2290F1999
:10E580005C1CBA1B3813340ADC045A04B703B30208
:10E590007805B40411040C034F04CD034B03680247
:10E5A0000845673CE62BE41A887DE76C4554433305
:10E5B00046C6A5ADE49CA283C6FE05FE44FDE2F37B
:10E5C00080FD00FD60FC60FB60FCE0F360EB80E23E
:10E5D00083F243E202DAA1B9686A065AA5492439EE
:10E5E0006F53CC4229328721AE730C630842042159
:10E5F00000003C027804B306EE08280B610D990F69
:10E60000D01106143A166C189D1ACB1CF71E212146
:10E6100048236C258E27AC29C72BDF2DF32F03321F
:10E62000103418361C381C3A173C0E3EFF3FEC41A4
:10E63000D443B64593476A493C4B084DCD4E8D5067
:10E640004652F953A5554B57EA58825A135C9C5DC4
:10E650001F5F9A600D627963DD6439668D67D968E2
:10E660001D6A596B8C6CB76DD96EF36F04710C72A7
:10E670000B730174EE74D275AD767F7747780679A7
:10E68000BB79677A0A7BA27B327CB77C337DA57D20
:10E690000D7E6C7EC07E0B7F4B7F827FAF7FD27FF3
:10E6A000EB7FFA7FFF7F000010A702089D0D010895
:10E6B0000000000000000000BD0F01080000000085
:10E6C0000104000010A70208411801088F18010872
:10E6D00000000000AD18010804010D000006000054
:10E6E00010A702080B1B010800000000000000003A
:10E6F00000000000D127D1274402000010A7020823
:10E700008D1B0108C91B010800000000E11B010866
:10E71000040182008503000010A70208452A0108B1
:10E720007D2A010800000000552C0108D127D127BF
:10E73000C402000010A70208415F0108E15F010860
:10E7400000000000056001088200D12705040000D8
:10E7500010A70208256501085765010800000000A0
:10E7600081610108000000008002000010A702087B
:10E770001F720108F3790108000000001D7A0108EA
:10E78000D127D127C003000010A702088184010807
:10E79000FD8401080000000041850108D127D12730
:10E7A000C004000010A70208119501080000000035
:10E7B0000000000025950108D127D127C0020000E4
:10E7C00010A7020881E50108000000000000000019
:10E7D000F9E50108D1278200C502000088E7020898
:10E7E00000000000000000000000000061E70108D8
:10E7F00000000000C0040000C4E60208F3E80108BD
:10E8000000000000000000004DE9010800000000C9
:10E810008507000010A702083FF8010867F8010803
:10E820000000000071F8010834001E00840200009E
:10E8300010A70208CDF9010809FA0108000000003C
:10E8400055FA0108D127D1278503000010A7020837
:10E85000910002089B02020800000000B9020208B1
:10E8600004018200040600005361000057650000A7
:10E87000546800004D6F00004672000053750000A0
:10E88000547500004A756E65000000004D617263AA
:10E8900068000000417072696C00000044656365A7
:10E8A0006D6265720000000053657074656D62658D
:10E8B000720000004E6F76656D62657200000000A8
:10E8C0004F63746F62657200417567757374000001
:10E8D0004D6179004A756C79000000004A616E75DF
:10E8E000617279004665627275617279000000009C
:10E8F000323032330A323032320A323032310A3276
:10E900003032300A323031390A323031380A32305E
:10E9100031370A323031360A323031350A3230314D
:10E92000340A323031330A323031320A3230313146
:10E930000A323031300A323030390A323030380A57
:10E94000323030370A323030360A323030350A321F
:10E950003030340A323030330A323030320A32301A
:10E9600030310A323030300A313939390A313939E7
:10E97000380A313939370A313939360A31393935B6
:10E980000A313939340A313939330A313939320ADD
:10E99000313939310A313939300A313938390A31A6
:10E9A0003938380A313938370A313938360A313985
:10E9B00038350A313938340A313938330A3139387F
:10E9C000320A313938310A313938300A3139373978
:10E9D0000A313937380A313937370A313937360A87
:10E9E000313937350A313937340A313937330A3159
:10E9F0003937320A313937310A313937300A31394A
:10EA000036390A313936380A313936370A3139362A
:10EA1000360A313936350A313936340A3139363326
:10EA20000A313936320A313936310A313936300A4B
:10EA3000313935390A313935380A313935370A3102
:10EA40003935360A313935350A313935340A3139F3
:10EA500035330A313935320A313935310A313935F0
:10EA6000300A313934390A313934380A31393437D6
:10EA70000A313934360A313934350A313934340AF5
:10EA8000313934330A313934320A313934310A31C7
:10EA90003934300A313933390A313933380A3139A6
:10EAA00033370A313933360A313933350A3139339C
:10EAB000340A313933330A313933320A3139333197
:10EAC0000A313933300A313932390A313932380AA8
:10EAD000313932370A313932360A313932350A3171
:10EAE0003932340A313932330A313932320A313962
:10EAF00032310A313932300A313931390A3139315A
:10EB0000380A313931370A313931360A313931353C
:10EB10000A313931340A313931330A313931320A63
:10EB2000313931310A313931300A313930390A312C
:10EB30003930380A313930370A313930360A31390B
:10EB400030350A313930340A313930330A3139300D
:10EB5000320A31393031000030310A30320A303374
:10EB60000A30340A30350A30360A30370A30380A6B
:10EB700030390A31300A31310A3132000A000000DE
:10EB800020000000312300002C0000002D000000B8
:10EB90002E0000003A000000414243005F000000E8
:10EBA00061000000620000006300000064000000DB
:10EBB00065000000660000006700000069000000BA
:10EBC0006A0000006B0000006D0000006E00000095
:10EBD0006F00000070000000710000007200000073
:10EBE0007300000074000000750000007600000053
:10EBF0007700000078000000790000007A00000033
:10EC0000EF808C00EF819300EF819400EF959A00E4
:10EC1000EF849C00EFA2A200000000004100000071
:10EC200042000000430000004400000045000000D6
:10EC300046000000470000004800000049000000B6
:10EC40004A0000004B0000004C0000004D00000096
:10EC50004E0000004F000000500000005100000076
:10EC60005200000053000000540000005500000056
:10EC70005600000057000000580000005900000036
:10EC80005A000000616263002100000022000000C1
:10EC900023000000240000002500000027000000E1
:10ECA00028000000290000002A0000002B000000BE
:10ECB0002F00000030000000310000003200000092
:10ECC0003300000034000000350000003600000072
:10ECD0003700000038000000390000003B00000051
:10ECE0003C0000003D0000003E0000003F0000002E
:10ECF000400000005B0000005C0000005D000000C0
:10ED00007B0000007D0000002B2F2D0042746E312F
:10ED10000000000042746E320000000042746E3346
:10ED20000000000042746E340000000042746E3532
:10ED30000000000054ED020800000020B4020000B2
:10ED40006008000810EE0208B402002074450100BB
:10ED50002426000832018210037924F41AAA01D172
:10ED60002C040240041280021D4002272D29E801D4
:10ED7000641E7CE8020874041A80041A6C041A7079
:10ED8000041A78041A68041ADC041AE4041A8C04BD
:10ED90001A94041AD0041A84041AD4041AC8041A3F
:10EDA000A8041AC0041AB4041A9C041E58EB0208E2
:10EDB000F0082152FF1F34A9020834AA041AAB0438
:10EDC0001AAC0429109904411AE4081AE4241AE43C
:10EDD000241A882439109904016045D4C3B2A102D1
:10EDE000176F1EFD10020829041EA10F020821043E
:10EDF0001AB50C1AD9081A01081E0CED02081404E1
:10EE00001A1C041A7CFC1A24081A2C04CB18ECB81F
:040000050800018965
:00000001FF
