:020000040800F2
:10000000607C01205D020008651E00089F0E00084C
:10001000491E0008B7080008EF250008000000008E
:100020000000000000000000000000009D0100082A
:10003000F509000800000000F90100087D23000810
:1000400077020008770200087702000877020008AC
:10005000770200087702000877020008770200089C
:10006000770200087702000877020008770200088C
:10007000770200087702000877020008770200087C
:10008000770200087702000877020008770200086C
:10009000770200087702000877020008770200085C
:1000A000770200087702000877020008770200084C
:1000B00077020008770200087D2400087702000814
:1000C000770200087702000877020008770200082C
:1000D000770200087702000877020008770200081C
:1000E000770200087702000877020008770200080C
:1000F00077020008770200087702000877020008FC
:1001000077020008770200087702000877020008EB
:10011000770200087702000889240008CD2400082F
:1001200077020008770200087702000877020008CB
:1001300077020008770200087702000877020008BB
:1001400077020008770200087702000877020008AB
:10015000770200087702000877020008770200089B
:10016000770200087702000877020008770200088B
:1001700077020008770200087702000800000000FC
:100180007702000877020008DFF80CD000F056FB79
:1001900000480047A9CC0108607C01202C4B19685D
:1001A0000868B0E8F04F80F30988BFF36F8F4FF015
:1001B000000080F3118870470000000008480068C4
:1001C000006880F308884FF0000080F3148862B65E
:1001D00061B6BFF34F8FBFF36F8F00DF00BF00BF6B
:1001E00008ED00E0DFF80C00016841F470010160E7
:1001F000704700BF88ED00E0EFF30980BFF36F8F19
:10020000134B1A681EF0100F08BF20ED108A20E96A
:10021000F04F106009B44FF0500080F31188BFF325
:100220004F8FBFF36F8F20F003FD4FF0000080F37E
:10023000118809BC19680868B0E8F04F1EF0100F6B
:1002400008BFB0EC108A80F30988BFF36F8F704746
:1002500010000020EFF3058070470000064880473B
:1002600006480047FEE7FEE7FEE7FEE7FEE7FEE79B
:10027000FEE7FEE7FEE7FEE76D24000889010008BF
:100280002DE9F05F0546002092469B4688460646CB
:10029000814640241BE0284641464746224600F05E
:1002A00036FA53465A46C01A914110D311461846A1
:1002B000224600F01DFA2D1A67EB01084F46224630
:1002C0000120002100F014FA17EB00094E41201E16
:1002D000A4F10104DFDC484631462A464346BDE826
:1002E000F09F10B5431A934209D28318881803E08F
:1002F00010F8011D03F8011D521EF9D210BD40EA8D
:1003000001039B0703D009E008C9121F08C0042A93
:10031000FAD203E011F8013B00F8013B521EF9D27A
:1003200010BDD2B201E000F8012B491EFBD270478C
:100330000022F6E710B513460A4604461946FFF7B1
:10034000F0FF204610BD421C10F8011B0029FBD114
:10035000801A704710B5002200E0521C835C8C5C50
:10036000A34201D1002BF8D1D8B2E1B2401A10BD9E
:10037000034611F8012B00F8012B002AF9D1184689
:1003800070472DE9FE4F804681EA0300C00F0C46FE
:10039000009021F0004123F00045B8EB0200A94194
:1003A00005D24046214690461C460B46024623F0A5
:1003B0000040104347D0270DC7F30A00C3F30A518A
:1003C0000290401A019040286BDAC3F3130040F406
:1003D000801B0098924620B10023D2EB030A63EB06
:1003E0000B0B01985946C0F14002504600F080F9CD
:1003F00006460D4650465946019A00F098F910EB12
:1004000008006141002487EA115284EAE7731A4325
:1004100040D0009A62B3019A012A4FEA075215DCD4
:10042000001B61EB02014FF0004202EA0752CDE9E6
:100430000042001C41F5801132462B4600F098F92D
:1004400003B0BDE8F08F40462146F9E7001B61EBA1
:100450000201001C41F5801300185B412018A2F531
:10046000001747EB030140EAD570B6196D4111E062
:100470006D084FEA360645EAC0754FEA0752001B81
:1004800061EB0201001C41F5801149084FEA300080
:100490000019514132462B4603B0BDE8F04F00F041
:1004A00058B90098012240000023D0EB020263EB10
:1004B000E073009821464FEAE074B8EB000061EB6E
:1004C0000401E9E783F000435BE781F0004158E76E
:1004D0002DE9FE4F81EA030404F0004421F00041BD
:1004E00000944FF0000B23F0004350EA01045ED06B
:1004F00052EA03045BD0C3F30A54C1F30A552C44F7
:10050000A4F2F3340194A0FB0254C1F3130141F4AB
:100510008011C3F3130343F4801301FB024400FB77
:10052000034E840A970A44EA815447EA8357A4FB9E
:10053000076802958D0A05FB07854FEA932C04FB9B
:100540000C542705029D4FEA065847EA1637B5EBCB
:1005500008056EEB070C870E920E47EA811742EAF8
:100560008312A7FB0201B6EB0B0164EB00042B0D19
:1005700043EA0C335E1844EB1C50DA465146E7FB65
:100580000201C5F313044FEA0B3343EA14534FEA55
:100590000432019C43EA0603A4F10C040294009C7B
:1005A000CDE900B400F0E4F803B0BDE8F08F00201E
:1005B0000146F9E72DE9F04D81EA030404F0004B10
:1005C00021F0004514464FF0000A23F0004150EAA4
:1005D000050220D054EA01021DD0C5F30A57024695
:1005E000C5F31303C1F31300C1F30A5640F4801599
:1005F00043F48013A7EB0608101BD64608F2FD381B
:1006000073EB050002D308F1010801E092185B4189
:10061000B8F1000F03DA00200146BDE8F08D00209C
:100620004FF48011064684460EE0171B73EB050756
:1006300005D3121B63EB050306434CEA010C490882
:100640004FEA300092185B4150EA0107EDD152EABF
:10065000030012D082EA040083EA0501084305D0B2
:10066000101BAB4106D20122002306E000224FF00E
:10067000004302E06FF0010253101AEB06004CEB4E
:10068000085110EB0A0041EB0B01BDE8F04D00F002
:1006900060B8000030B5041E71F1000404DB4FF0B7
:1006A0000044404264EB0101141E73F1000405DBB9
:1006B0001C464FF00043524263EB0403994208BFCB
:1006C000904230BD30B50B46014600202022012467
:1006D00009E021FA02F59D4205D303FA02F5491B10
:1006E00004FA02F52844151EA2F10102F1DC30BD26
:1006F000202A04DB203A00FA02F1002070479140E2
:10070000C2F1200320FA03F3194390407047202AD6
:1007100004DB203A21FA02F00021704721FA02F3AB
:10072000D040C2F120029140084319467047202A68
:1007300006DBCB17203A41FA02F043EAE07306E009
:1007400041FA02F3D040C2F1200291400843194619
:10075000704710B5141E73F1000408DA401C41F113
:10076000000192185B411A4301D120F0010010BD35
:100770002DE9F04D92469B4611B1B1FA81F202E0AB
:10078000B0FA80F220329046FFF7B2FF04460F46DF
:1007900040EA0A0041EA0B0153465A46084313D087
:1007A000114653EA010019D0C8F140025046FFF744
:1007B000AEFF05460E46504659464246FFF798FFA3
:1007C000084305D0012004E020463946BDE8F08DFD
:1007D0000020054346EAE0762C4337430A98630538
:1007E000E40AA0EB08000022FD0A44EA47540A305C
:1007F00002D500200146E9E7010510196941DDE94C
:10080000084500196941BDE8F04DA2E7C1F30A525D
:10081000C1F3130140F2FF3341F480119A4202DA2E
:1008200000200146704740F233439A42A2F233421D
:1008300002DC5242FFF76BBFFFF75ABF064C074D71
:1008400006E0E06840F0010394E8070098471034A0
:10085000AC42F6D3FFF79CFC70B6020890B60208D3
:1008600070B58C1810F8015B15F0070301D110F872
:10087000013B2A1106D110F8012B03E010F8016B9F
:1008800001F8016B5B1EF9D12B0705D40023521E22
:100890000DD401F8013BFAE710F8013BCB1A921C8A
:1008A00003E013F8015B01F8015B521EF9D5A14288
:1008B000D8D3002070BDFEE730B587B01821684658
:1008C000FFF736FD0E48016841F002010160006843
:1008D000002100F002004FF4807406900391009410
:1008E00001200221CDE90101064D04906946284608
:1008F00000F04AFFAC61044800F0D2FA07B030BD06
:10090000303802400004024098000020022000F02D
:1009100027B800001CB501A800900423032215216C
:100920000E4800F0C5FB9DF804109DF8050001F08D
:100930000F0140EA01229DF807009DF806300749A3
:1009400003F00F030F3040EA03200839A0F217101C
:10095000C2F1EF024042C1E900201CBD9800002016
:1009600002461521014800F0E7BB00009800002076
:1009700070B5074C4FF480752804A0610A2005F07B
:100980009DFEA561BDE87040642005F097BE0000A3
:1009900000040240144808B5016841F48001016078
:1009A000006800F48000009010480068C0F3022046
:1009B000C0F10701042900D90421021D072A01D230
:1009C000002000E0C01E01228A40521E02F00501F4
:1009D00081400801064981F8000405494FF0006094
:1009E0003739C1F8000108BD303802400CED00E095
:1009F0003BE000E07047000001488068704700005D
:100A0000000000200248816802781144816070472C
:100A1000000000200B4810B5016841F4007101602E
:100A2000016841F480610160016841F480710160F6
:100A3000032000F09FF80F2000F006F800F050F8B7
:100A4000002010BD003C024030B505461F4887B06D
:100A50000024016841F004010160006806A900F06B
:100A60000400009001A800F097F80498A8B100F0E5
:100A7000B3F840001649174AB0FBF1F11648491E79
:100A8000026040F2E732C0E90324C0E90114846146
:100A900000F0B4F8040003D015E000F09DF8E9E799
:100AA0000D4800F015F904000DD11E2000F034F8B7
:100AB000102D07D2002229461E2000F03BF80748DF
:100AC000056000E0012407B0204630BD40380240F8
:100AD00040420F0000080040700200200400002087
:100AE0000C4882B0016841F480410160006800F464
:100AF000804000900748001F016841F0805101606C
:100B00000068002200F0805000900F21901E02B07B
:100B100000F010B844380240002809DB00F01F0242
:100B2000012191404009800000F1E020C0F800114F
:100B300070470000F0B40E4B1B680C46C3F3022351
:100B4000C3F10705042D00D90425191D072901D279
:100B5000002300E0DB1E012606FA05F1491E2140B4
:100B600099409E40761E16403143F0BC01F0ACBD6A
:100B70000CED00E0064900F0070208684FF6FF039D
:100B8000184040EA0220034A104308607047000002
:100B90000CED00E00000FA050F2202600C4A136819
:100BA00003F003034360136803F0F00383601368EA
:100BB00003F4E053C36012684FF4E05303EAD20237
:100BC00002610448006800F00700086070470000F8
:100BD00008380240003C02400448054900680968A2
:100BE000044AC1F38221515CC84070470C000020C8
:100BF00008380240921A02087047704710B5040086
:100C000003D094F83D0010B107E0012010BD002092
:100C100084F83C00204600F01EF8022084F83D00D5
:100C2000211D206801F074FC012084F8460084F83E
:100C30003E0084F83F0084F8400084F8410084F8C6
:100C4000420084F8430084F8440084F8450084F8A6
:100C50003D00002010BD704790F83D10012901D0E3
:100C600001207047022180F83D1000681149884238
:100C700014D0B0F1804F11D00F4988420ED00F49E7
:100C800088420BD00E49884208D00E49884205D0D0
:100C90000D49884202D00D49884204D1816801F093
:100CA0000701062903D0016841F00101016000201D
:100CB00070470000000001400004004000080040B0
:100CC000000C0040000401400040014000180040BA
:100CD00090F83D10012901D001207047022180F8D1
:100CE0003D100168CA6842F00102CA6000681149FB
:100CF000884214D0B0F1804F11D00F4988420ED0F5
:100D00000E4988420BD00E49884208D00D498842CE
:100D100005D00D49884202D00C49884204D181682F
:100D200001F00701062903D0016841F001010160CB
:100D3000002070470000014000040040000800400F
:100D4000000C004000040140004001400018004039
:100D500070472DE9F04104460068C66805694FF008
:100D60000007A90713D5B10711D5F91E01610120AC
:100D70002077206880698007204602D0FFF7E8FFCF
:100D800004E000F07EF8204600F07CF82777680742
:100D900016D5700714D521686FF004000861022091
:100DA00020772068806910F4407F204602D0FFF74A
:100DB000CFFF04E000F065F8204600F063F82777E5
:100DC000280715D5300713D521686FF00800086192
:100DD000042020772068C0698007204602D0FFF7F2
:100DE000B7FF04E000F04DF8204600F04BF82777FD
:100DF000E80616D5F00614D521686FF010000861DA
:100E0000082020772068C06910F4407F204602D077
:100E1000FFF79EFF04E000F034F8204600F032F8BF
:100E20002777E80708D0F00706D021686FF00100A7
:100E30000861204600F028F8280608D5300606D5B7
:100E400021686FF0800008612046FFF7D5FE680634
:100E500008D5700606D521686FF04000086120466D
:100E600000F01CF8A8060AD5B00608D521686FF076
:100E7000200008612046BDE8F041FFF7BEBEBDE896
:100E8000F08170477047000000680349884201D133
:100E9000FFF7B8BD70470000000800407047FEE74C
:100EA00010B586B0044618216846FFF741FA20893C
:100EB0000121CDE900010020CDE9030102200290CB
:100EC0006946206800F060FC6089009069466068AF
:100ED00000F05AFC06B010BD70B506460824002587
:100EE00001F0D2F813E06806050E0021304601F04B
:100EF000BAF8022005F0F0FB0121304601F0B3F80A
:100F0000012005F0E9FB304601F0B5F80543641E09
:100F1000E4B2E8D20021304601F0A5F8304601F0F5
:100F2000D0F8284670BD10B50446002101F0C1F884
:100F3000012005F0D1FB0121204601F094F80120A9
:100F400005F0CAFB0021204601F08DF8BDE81040F5
:100F5000012005F0C1BB000070B50C46064608250F
:100F600019E000BF01F07FF8022005F0B5FB04F0A6
:100F70008001304601F09DF8012005F0ADFB6006D0
:100F8000040E012005F0A8FB0121304601F06BF8AA
:100F9000012005F0A1FB6D1EEDB24FF000013046BF
:100FA000E0D201F060F8BDE87040022005F094BB8B
:100FB00010B50446012101F07CF8012005F08CFBFE
:100FC0000121204601F04FF8012005F085FB0021AA
:100FD000204601F048F8BDE81040022005F07CBB37
:100FE00010B50446012101F064F8022005F074FBFD
:100FF0000121204601F037F8012005F06DFB0021AA
:10100000204601F056F8012005F066FB002120463D
:1010100001F029F8BDE81040012005F05DBB10B5D6
:101020000446002101F01FF8022005F055FB0021C5
:10103000204601F03EF8012005F04EFB012120463C
:1010400001F011F8012005F047FB0121204601F0D5
:1010500030F8BDE81040012005F03EBB70B50546F4
:10106000052401F011F80121284600F0FCFF05E0FD
:10107000641EA4B2012005F02FFB84B1284600F0C5
:10108000FAFF0028F4D1284601F01BF80021284679
:1010900000F0E9FF022005F01FFB002070BD28468C
:1010A00001F00FF82846FFF7BAFF012070BD0000DD
:1010B0002DE9F0411D4617460C468046069EFFF777
:1010C0008FFF6006010E4046FFF746FF4046FFF7E0
:1010D000C5FF28B14046FFF7A2FF0120BDE8F0811F
:1010E00039464046FFF738FF4046FFF7B7FF404616
:1010F000FFF776FF012000EB4400C1B24046FFF746
:101100002BFF4046FFF7AAFF00246F1E0AE000BF36
:10111000FFF7E2FE3055BC4202DA4046FFF703FF1C
:10112000641CE4B2AC424046F2D3FFF741FF4046B4
:10113000FFF775FF0020D1E770B516460C4605464F
:10114000FFF74EFF6006010E2846FFF705FF284611
:10115000FFF784FF31462846FFF7FEFE2846FFF7DB
:101160007DFF2846FFF73CFF012000EB4400C1B2A1
:101170002846FFF7F1FE2846FFF770FF2846FFF7E5
:10118000ABFE04462846FFF713FF2846FFF747FF4C
:10119000204670BD30B587B018216846FFF7C8F803
:1011A000012000F0D9FA01240025CDE90045694667
:1011B0000848049400F0E8FA082000F0CDFAAA20CC
:1011C000CDE9000569460494034800F0DDFA07B054
:1011D00030BD000000000240000C02402DE9F0414B
:1011E00004461D4616460F462A2000F03BFA2046CC
:1011F00000F029FA304600F026FA2B2000F032FAEF
:10120000384600F020FA284600F01DFABDE8F0410B
:101210002C2000F027BA70B55E1A141A641C761CD4
:10122000A4B2B6B21433143174439BB289B2049D94
:10123000FFF7D4FF4FF4006000F0F4FF214628468A
:1012400001F062F8BDE87040002000F0EBBF10B57F
:1012500014460B460246FFF7C1FF2046BDE810408A
:1012600000F0F1B92DE9F04780461F4603F1130065
:1012700083B21646501E82B20C4601F1140081B2B0
:101280004046DDF82090FFF7A9FF0AE0454604E05C
:10129000484600F0D8F96D1CADB2B542F8D3641CD5
:1012A000A4B2BC42F2D3BDE8F08700002DE9F041C2
:1012B00088B018216846FFF73BF81F48016841F0E5
:1012C0001001016000681D4C00F0100006904FF402
:1012D0008020A0614FF0040801AA01250326002701
:1012E000CDF8008082E8E0006946204600F04CFA24
:1012F000C4F81880E804A0614FF0080801AACDF8EE
:10130000008082E8E0006946204600F03DFAC4F81B
:1013100018802805A0614FF0100801AACDF80080C0
:1013200082E8E0006946204600F02EFAC4F81880F2
:1013300008B0BDE8F08100003038024000100240E3
:1013400010B5FFF727FB00F0D3FE00F08DFDFFF78F
:10135000ADFF642005F0B2F9654C1021204600F085
:1013600074FD0421204600F070FD642005F0A6F90C
:101370000421204600F070FD642005F09FF9112043
:1013800000F070F9782005F099F9362000F06AF93C
:10139000C02000F079F93A2000F064F9052000F04F
:1013A00073F9B22000F05EF90C2000F06DF90C200A
:1013B00000F06AF9002000F067F9332000F064F9CA
:1013C000332000F061F9B72000F04CF9352000F02F
:1013D0005BF9BB2000F046F9192000F055F9C02058
:1013E00000F040F92C2000F04FF9C22000F03AF94B
:1013F000012000F049F9C32000F034F9122000F078
:1014000043F9C42000F02EF9202000F03DF9C62059
:1014100000F028F90F2000F037F9D02000F022F971
:10142000A42000F031F9A12000F02EF9E02000F016
:1014300019F9D02000F028F9042000F025F90D203A
:1014400000F022F9112000F01FF9132000F01CF920
:101450002B2000F019F93F2000F016F9542000F07D
:1014600013F94C2000F010F9182000F00DF90D20B0
:1014700000F00AF90B2000F007F91F2000F004F932
:10148000232000F001F9E12000F0ECF8D02000F07A
:10149000FBF8042000F0F8F80C2000F0F5F811201B
:1014A00000F0F2F8132000F0EFF82C2000F0ECF838
:1014B0003F2000F0E9F8442000F0E6F8512000F069
:1014C000E3F82F2000F0E0F81F2000F0DDF81F20E7
:1014D00000F0DAF8202000F0D7F8232000F0D4F84C
:1014E000212000F0BFF8BDE81040292000F0BAB874
:1014F00000100240411F5F2901D800F02DBD704748
:101500002DE9FF4F81B00446DDF83C9000904FEA92
:1015100059074FF00008780700D0012000EBD700F2
:1015200000FB09FB203AD0B203900298029948448C
:10153000401E83B2E019401E82B22046FFF74EFEE5
:10154000002553E0B9F10C0F2AD0B9F1100F2ED0BD
:10155000B9F1180F2ED0B9F1200F49D127490398BE
:1015600001EB8010002610F805A0109800284FF01D
:10157000010000FA06F000EA0A0022D020B120465D
:10158000049A0299FFF763FE641C0098A4B2201A23
:10159000B84225D10298009C401C80B2029023E002
:1015A0000398174900EB400001EB8000DAE715498A
:1015B000039803E00398144900EB400001EB00108E
:1015C000D0E708B1049800E00E9800F03CF808F16C
:1015D0000100C0B2B0FBF7F1804607FB118050B1AB
:1015E000761CF6B2082EC0D36D1CADB25D45A9D3F2
:1015F00005B0BDE8F08F4FF00008F5E7CE360208E1
:101600009A1A02080E1F0208FE2402082DE9FE4F56
:101610009946DDE90D6714468A460546DDF83080B7
:101620000CE0CDF800804B4651462846CDE90167D5
:10163000FFF766FF05EB560085B2641C2278002A8E
:10164000EFD1BDE8FE8F10B504464FF4006000F006
:10165000E9FD0121204600F0F7FDBDE81040002023
:1016600000F0E0BD10B5074C03460821204600F00D
:10167000ECFB184600F008F82046BDE810400821B1
:1016800000F0EABB00100240012100F00DBE000096
:1016900000B587B018216846FEF74AFE102000F01A
:1016A00067F808484FF460410A0482610091012103
:1016B0000022CDE90112CDE90321694600F064F86A
:1016C00007B000BD00100240034A516921F4604197
:1016D00041EA403050617047001002404FF4FA7404
:1016E00000F020F820461FF0A7F9F9E700B587B011
:1016F00018216846FEF71CFE042000F039F808485F
:101700004FF400510A048261009101210022CDE9C9
:101710000112CDE90321694600F036F807B000BD9B
:101720000008024005494FF400524869824300F422
:10173000005042EA00408861704700000008024003
:10174000044908B50A6802430A600968014000912B
:1017500008BD000030380240044908B50A68024359
:101760000A6009680140009108BD0000303802405D
:10177000044908B50A6802430A60096801400091FB
:1017800008BD000030380240F0B50A680F2692FA12
:10179000A2F2B2FA82F303248AE001279F4015EAFD
:1017A00007027DD04D68012D01D0022D1BD18D681F
:1017B000876892FAA2FCBCFA8CFC4FEA4C0C04FA43
:1017C0000CFC27EA0C0792FAA2FCBCFA8CFC4FEA4C
:1017D0004C0C05FA0CF52F438760CD6847685543DC
:1017E00097432F4347600F69D0F80CC092FAA2F5D7
:1017F000B5FA85F54FEA450E04FA0EF52CEA050C0C
:1018000092FAA2F5B5FA85F56D00AF404CEA070CE7
:10181000C0F80CC04D68022D33D192FAA2F5B5FA8A
:1018200085F5082D15D2D1F814C0056A92FAA2F7F1
:10183000B7FA87F7BF0006FA07F7BD4392FAA2F797
:10184000B7FA87F7BF000CFA07FC45EA0C050562FA
:1018500017E0D1F814E0476A150A95FAA5FCBCFA1E
:101860008CFC4FEA8C0C06FA0CFC95FAA5F5B5FA3F
:1018700085F5AD0027EA0C070EFA05FE47EA0E07CC
:1018800047624D68076892FAA2FCBCFA8CFC4FEAEA
:101890004C0C04FA0CFE27EA0E0792FAA2F200E0C2
:1018A00005E0B2FA82F2520095402F4307605B1CBC
:1018B0000A681546DA407FF470AF0020F0BD10B51D
:1018C000044600F083FB206000F056FB606000F0EF
:1018D00061FBA060606800F06BFBE06010BD10B5BC
:1018E00003680122C3F380132BBBD1E900231A4301
:1018F000D1E9023423431A430B691A434B691A4353
:101900008B691A43CB691A430B6A1A4303684FF673
:10191000BF74A3431A43026042684B6922F0040279
:1019200042EA134242600A6AB2F5005F02D1898C32
:1019300089B201610022C16921F40061C1611046D0
:1019400010BD000001490860704700000C00002035
:10195000F0B50268254B264D264E274F274C4FF0F9
:10196000804C984209D0604507D0A84205D0B042CB
:1019700003D0B84201D0A04205D1D1F804E022F052
:10198000700242EA0E0298421BD0604519D0A8426C
:1019900017D0B04215D0B84213D0A04211D0184D84
:1019A000A8420ED0174DA8420BD0174DA84208D020
:1019B000164DA84205D0164DA84202D0154DA8429A
:1019C00003D1CD6822F440722A4302608A68C26261
:1019D0000A888262984201D0A04201D1096901635C
:1019E000416941F0010141610020F0BD000001406A
:1019F0000004004000080040000C004000040140CA
:101A000000400140004401400048014000180040EF
:101A1000001C004000200040F0B5012600236E4C61
:101A20006E4D012908D010293BD0B1F5807F73D0CD
:101A3000B1F5805F6ED1A6E0016A21F0010101627B
:101A4000016A46688769D2F800C027F0730747EA41
:101A50000C07D2F810C021F0020141EA0C01D2F8C3
:101A600004C021F0010141EA0C01A04201D0A842CA
:101A700012D1546921F0080141EA8401946821F0EF
:101A8000040141EA8401956926F480742C43D569E8
:101A900024F4007444EA450646608761D2684263D4
:101AA0006FE0016A21F010010162066A41688769EE
:101AB000D2F800C027F4E64747EA0C27D2F810C056
:101AC00026F0200646EA0C16D2F804C026F01006CE
:101AD00046EA0C16A04201D0A84213D1556926F05F
:101AE000800444EA8514956824F0400444EA85168D
:101AF000946921F4806141EA8401D46921F4006190
:101B000041EAC40141608761D168816361E003E01B
:101B100000E01E463046F0BD016A21F4807101628A
:101B2000016A4668C769D2F800C027F0730747EA20
:101B30000C07D2F810C021F4007141EA0C21D2F850
:101B400004C021F4807141EA0C21A04201D0A842D6
:101B500013D1546921F4006141EA8421946821F48D
:101B6000806141EA8421956926F4805444EA051491
:101B7000D56924F4005444EA45164660C761D2682A
:101B8000C2630162C5E7016A21F480510162066AFD
:101B90004168C769D2F800C027F4E64747EA0C2736
:101BA000D2F810C026F4005646EA0C36D2F804C02B
:101BB00026F4805646EA0C36A04201D0A84204D151
:101BC000946921F4804141EA84114160C761D16880
:101BD000016406629DE7000000000140000401402E
:101BE0007FB50446C0680D460126C0F34030C0BB37
:101BF000E9686868AA690843296911430843E168EC
:101C000049F20C6291430843E060A868216921F41D
:101C10004051014321616869616921F440710143C8
:101C200061616846FFF74BFE0F48844208D00F48B9
:101C300084420DD00E4884420AD00E48844201D11D
:101C4000039906E00C48844202D00C48844208D133
:101C5000029931B12B6823B100262046AA6900F011
:101C60000FF804B0304670BD001001400044004041
:101C70000048004000140140004C0040005000406B
:101C80002DE9F04106461920A1FB00011F46002363
:101C900064243225B2F5004F27D0BB0FBA00FEF7FF
:101CA000EFFA0146B0FBF4F06FF01802504301EB7D
:101CB000800005EB0010B0FBF4F000F0F002B1FB87
:101CC000F4F002EB0012B1FBF4F06FF0180358438C
:101CD00001EB800005EB0010B0FBF4F000F00F000A
:101CE000104480B2B060BDE8F081FA195B41FEF7A4
:101CF000C7FA0146B0FBF4F00201B1FBF4F06FF05B
:101D00001803584301EB800005EBC000B0FBF4F072
:101D100000F0F80002EB4002B1FBF4F0584301EB95
:101D2000800005EBC000B0FBF4F000F00700D7E73F
:101D30001EF076FC094C4FF0FF35294620691FF054
:101D400031FB012805D100231A46194620691FF0EE
:101D50007DF90A201EF070FEEFE70000A8000020C9
:101D60000A4C4FF0FF35294620691FF01BFB012864
:101D700007D11AF04FFB00231A46194620691FF0BD
:101D800065F905201EF058FEEDE70000A8000020D0
:101D900000F02EBC10B58020FFF7D2FCBDE810404B
:101DA0000120FFF7CDBC000010B58EB01C216846A5
:101DB000FEF7BEFA182107A8FEF7BAFA1F48016815
:101DC00041F010010160006800F010000D901B4808
:101DD0001438016841F0010101600068002400F03E
:101DE00001000D904FF4C06007900220089003207E
:101DF000CDE909040720CDE90B4007A91048FFF7FA
:101E0000C3FC4FF4E130CDE900040C200294CDE98D
:101E10000340059406940B4C69462046FFF7E0FE0C
:101E2000206920F490402061606920F02A00606100
:101E3000E06840F40050E0600EB010BD443802404D
:101E40000000024000100140FEE70A04826142697E
:101E500031EA0202FBD070478161426931EA020235
:101E6000FBD17047FEE70000F0B595B0142110A833
:101E7000FEF75EFA202101A8FEF75AFA182109A8F8
:101E8000FEF756FA3048016841F00201016000682F
:101E9000002500F002000090A720ADF8400040F2BD
:101EA0002B10CDE91150294C10A920461395FFF7AE
:101EB0004FFD206820F0800020602548A1150279A0
:101EC0002248183016183068214F0822FF1D3B7930
:101ED0009A40104330606020CDE9010503950495D8
:101EE00001AA20460595FFF797FD30683A7904214D
:101EF000914088433060606820F070006060A068A6
:101F000020F08000A06010481038016841F0020104
:101F1000016000680C9500F002000090012009901B
:101F20000220CDE90A05CDE90D5009A90948FFF7BE
:101F30002BFC206840F001002060206A40F4807093
:101F40002062E56315B0F0BD403802400004004057
:101F50006C1A020800040240642800D964204FF47F
:101F6000967110FB01F06421B0FBF1F00149C863E8
:101F7000704700000004004004490968044A01F069
:101F8000F0010909515CC840704700000838024060
:101F9000821A020804490968044A01F4E05102EB7C
:101FA00091210978C840704708380240921A020807
:101FB00004490968044A01F4604102EB513109788F
:101FC000C840704708380240921A02080748006863
:101FD00010F00C01064807D0042904D0082903D1C9
:101FE000082000F009B80348704700000838024094
:101FF0000024F40040787D0110B5104A044600200A
:10200000116811F480030E4903D0B3F5800F00D19D
:102010000C49082C11D1106800F03F00B1FBF0F022
:102020001168C1F3881148431168012201F440315D
:1020300002EB11414900B0FBF1F010BD0438024041
:102040000024F40040787D0100244FF4FA75641CEC
:10205000E4B2062C00D900242046FFF735FB2846C1
:102060001EF0EAFCF3E74289406809B182617047DB
:10207000110481617047016800890969884301D0B2
:10208000002070470120704710B586B00446182123
:102090006846FEF74DF9208900900020019001204C
:1020A00004900220029069462068FFF76DFB06B09D
:1020B00010BD0289006809B1826170471104816115
:1020C000704710B586B0044618216846FEF730F90F
:1020D00020890090012001900390002004900220AC
:1020E000029069462068FFF74FFB06B010BD000064
:1020F00030B591B028216846FEF71AF918210AA8D0
:10210000FEF716F94248016841F480510160006809
:1021100000F4805010903E481438016841F00101ED
:1021200001600068022500F001001090A020CDE9B8
:102130000A0503200024CDE90C040520CDE90E405A
:102140000AA93448FFF720FB34483349C2788A583B
:10215000C37822F0606242F0C062CA50C2788A58E6
:10216000C37822F0C00242F04002CA50C2788A58B6
:10217000C37822F44032CA50C2788A58C37822F415
:102180009072CA50C2788A58C37822F40072CA503A
:10219000C2788A58C37842F48062CA50C2788A589A
:1021A000C37822F4C05242F40062CA50C2788A58FE
:1021B000C37822F4C04242F40052CA501649C27891
:1021C00014315258C07822F0040242504FF4827009
:1021D000CDE9004001200294CDE903504002CDE951
:1021E00005040A20CDE9084007940D4C69462046B5
:1021F000FFF775FB606820F010006060606840F0D9
:1022000002006060206840F04000206011B030BDE6
:102210004438024000000240006402407A1A02087A
:102220000030014007490A6822F040020A600A684B
:1022300022F4006202430A60086840F0400008602F
:1022400070470000003001402DE9F0410E4607467E
:10225000FEF7D2FB0446134D05E000BFFEF7CCFBB2
:10226000001BB0421CD2A868C0F340000028F5D083
:10227000EF6004E0FEF7C0FB001BB04210D2A8687C
:10228000C0F340000028F5D005E000BFFEF7B4FB26
:10229000001BB04204D2A868C0F3C0100028F5D1DA
:1022A000BDE8F081003001402DE9F0410E460746BF
:1022B000FEF7A2FB0546134C05E000BFFEF79CFBB2
:1022C000401BB0421CD2A068C0F340000028F5D0EB
:1022D000277304E0FEF790FB401BB04210D2A068C9
:1022E000C0F340000028F5D005E000BFFEF784FBF6
:1022F000401BB04204D2A068C0F3C0100028F5D142
:10230000BDE8F08100300140F0B5194A194BD4788E
:102310001C5914F0010FFAD14FF000649C60D5787D
:102320005D59D67825F001059D51124FD6780837B2
:10233000114DF551D6783D1D7051D578381F2D5867
:102340006FF30F050D43D1780D50D0781858D17820
:1023500040F001005850D078185810F0010FFAD111
:102360001868C0F3C0600028FAD09C60F0BD00007F
:102370007A1A0208006402400C30014010B54FF098
:10238000E02000691FF05CF9012803D0BDE810408F
:102390001EF0A2BD10BD000070B52E48016821F0EE
:1023A000070141F005010160016801F007010529FD
:1023B000FAD12949086840F480400860274802683B
:1023C00042F4803202600268C2F34042002AFAD02E
:1023D000224A234B121D1468224D2C4023431360C4
:1023E000136823F440331360026842F08072026085
:1023F0000268C2F34062002AFAD04868C0F3803015
:102400000028FAD015480830016821F0F001016079
:10241000016821F4E05141F4A0510160016821F408
:10242000604141F400410160016821F0030141F085
:1024300002010160016801F00C010829FAD10A4883
:10244000FFF780FA0F20FEF7FFFA002801D072B6DE
:10245000FEE770BD003C02400070004000380240C2
:10246000195440000080BFFF007A030A0248016847
:1024700041F470010160704788ED00E00148FEF70B
:1024800068BC00007002002010B5064C206910F0F6
:10249000010F05D004A000F007F96FF001002061E2
:1024A00010BD00000010004054494D36E6ADA3E5D4
:1024B0009CA8E8BF90E8A18C2CE4BC98E58588E74F
:1024C000BAA7E4B8BA3A360D0A00000010B5064CB7
:1024D000206910F0010F05D004A000F0E5F86FF0BE
:1024E0000100206110BD00000014004054494D3728
:1024F000E6ADA3E59CA8E8BF90E8A18C2CE4BC98CD
:10250000E58588E7BAA7E4B8BA3A340D0A000000B6
:10251000F0B50268294C2A4D2A4E2B4F2B4B4FF019
:10252000804CA04209D0604507D0A84205D0B042F7
:1025300003D0B84201D0984204D122F0700E4A680C
:1025400042EA0E02A0421BD0604519D0A84217D023
:10255000B04215D0B84213D0984211D01C4DA842B9
:102560000ED01C4DA8420BD01B4DA84208D01B4DCD
:10257000A84205D01A4DA84202D01A4DA84203D154
:1025800022F44075CA682A434D6922F080022A432A
:1025900002608A68C2620A688262A04201D09842E0
:1025A00001D109690163012141610169C90703D0B2
:1025B000016921F001010161F0BD0000000001404E
:1025C0000004004000080040000C004000040140EE
:1025D0000040014000440140004801400018004014
:1025E000001C004000200040012019F0D7BEFEE78B
:1025F0001CB501201EF086FC164900234FF44062F2
:10260000086108310220CDE9000113A116481EF02F
:10261000BFFF104903200C31CDE9000100238022C7
:1026200012A115481EF0B4FF0A480124CDE900406C
:102630000023802211A115481EF0AAFF054800239F
:10264000001DCDE90040802211A116481EF0A0FF18
:102650001CBD0000A80000204C7648616E646C65CB
:10266000725461736B000000611D00084C56474CAA
:102670005F5461736B000000311D00084C454454E9
:102680006F67676C655F5461736B0000DD1600084F
:102690005247424C4544546F67676C655F546173A1
:1026A0006B000000492000080FB4054B10B503A9CA
:1026B000044A029801F03EFE10BC5DF814FB0000D5
:1026C00075C800086C0200200907090E002804DB09
:1026D00000F1E02080F80014704700F00F0000F1D6
:1026E000E02080F8141D704702E008C8121F08C1DE
:1026F000002AFAD170477047002001E001C1121F83
:10270000002AFBD1704770B5044600256FF02F06F4
:1027100008E02068411C2160007805EB850106EB8C
:10272000410145182068007800F0B6F80028F0D183
:10273000284670BD2DE9FF5FDDE90220010DDDF8BF
:1027400038B0024318D044F61050A1F2FF31414393
:102750000D140F98012820D0A5EB0B00401C5FEA58
:10276000000A4FF00004474EDFF81C91A046504687
:1027700016D5CAF1000728E00F98012443A20128CA
:1027800008D0002100980F9BC0E90021C0E9024356
:10279000BDE8FF9F6FEA0B01F4E7CBF10000DEE735
:1027A000074612E0F80707D022463346404649461E
:1027B000FDF78EFE8046894622463346104619466E
:1027C000FDF786FE04460E467F10002FEAD1DDE9B4
:1027D0000201BAF1000F42464B4602DAFDF778FEDD
:1027E00001E0FDF7E7FE04460E460022284BFDF708
:1027F00051FF03D84FF0FF30014607E00022254B80
:1028000020463146FDF7BDFDFEF700F8102409E033
:10281000002C0ADB0A220023FDF732FD019B303237
:102820001A55641E50EA0102F2D1641C019AC4F1E7
:10283000110314440F9A012A03D0012208430DD139
:102840000AE0084304D000204FF0110B0F9080E7FE
:10285000A3EB0B056D1E0DE05B4504DD4FF00002A0
:1028600005F1010504E003DA4FF00002A5F10105CE
:10287000002AECD000980F99C0E90231C0E9004568
:1028800086E70000000024400000F03F3000000018
:102890000000F0430000E03F3038092801D8012053
:1028A000704700207047000010B54021074801F034
:1028B00081F800220A21064819F07AFD054CA06033
:1028C00002F0C8FB0020207010BD000090B6002070
:1028D000FD500008D801002070B5B1F90030B2F900
:1028E0000040A34200DC23460380B1F90250B2F954
:1028F0000240A54200DD2C464480B1F90460B2F9E3
:102900000450AE4200DA35468580B1F90610B2F9BE
:102910000620914200DB1146C1800120AB4201DC60
:102920008C4200DD002070BDF8B50D460446B0F9BC
:102930000000B1F900101646884247DBB4F90210D6
:10294000B5F90220914241DBB4F90410B5F9042035
:1029500091423BDCB4F90610B5F90620914235DC12
:1029600096B3ADF800006088ADF8020032466946C3
:10297000284600F099F8002827D0A088ADF800007C
:102980006088ADF8020032466946284600F08CF8AF
:1029900000281AD02088ADF80000E088ADF80200C9
:1029A00032466946284600F07FF800280DD0A088FE
:1029B000ADF80000E088ADF80200324669462846CE
:1029C00000F072F8002800D00120F8BD0020F8BD0A
:1029D000B0F90020B1F904309A4213DCB0F90420B8
:1029E000B1F900309A420DDBB0F90220B1F906309E
:1029F0009A4207DCB0F90600B1F90210884201DB07
:102A00000120704700207047F8B50D460446B0F924
:102A10000400B1F900101646884243DBB4F9060001
:102A2000B5F9021088423DDBB4F90000B5F9041095
:102A3000884237DCB4F90210B5F90620914231DC46
:102A400076B3ADF800006088ADF802003246694602
:102A5000284600F029F818BBA088ADF8000060886F
:102A6000ADF8020032466946284600F01DF8B8B9B4
:102A70002088ADF80000E088ADF8020032466946D3
:102A8000284600F011F858B9A088ADF80000E08899
:102A9000ADF8020032466946284600F005F808B154
:102AA0000020F8BD0120F8BD2DE9FC4114460E467A
:102AB000B1F90020B0F9001005468A423ADBB5F9B9
:102AC0000400824236DCB6F90270B5F90220974262
:102AD00030DBB5F906309F422CDC002C75DD401A46
:102AE0009A1A401C521C00B212B200EBD07002EBDA
:102AF000D27240105210904200DB1046844200DD3A
:102B00000446ADF80010288800222044ADF80400E7
:102B10006888ADF80200688831462044ADF80600A8
:102B20006846FFF7C1FF40B1BDF804002044ADF88E
:102B300004003FE00020BDE8FC81E8880022001B83
:102B4000ADF80200E888ADF8060031466846FFF7A8
:102B5000ABFF28B1BDF804002044ADF8040011E03B
:102B6000A8880022001BADF80000A888ADF804007A
:102B700031466846FFF798FF50B1BDF80000001BD2
:102B8000ADF80000BDF80200001BADF8020016E031
:102B90006888ADF80200688800222044ADF806007D
:102BA00031466846FFF780FF70B1BDF80000001B9A
:102BB000ADF80000BDF806002044ADF8060031462F
:102BC000684617F08DFBB6E7FFE70120B3E710B5C5
:102BD000B1F90040B2F900309C4200DA234603808C
:102BE000B1F90240B2F902309C4200DA2346438038
:102BF000B1F90440B2F904309C4200DD23468380E1
:102C0000B1F90610B2F90620914200DC1146C180EC
:102C100010BD0000FEB5074619F0B6FB0025354C87
:102C20000646009537B1F8686060384619F08EFCAA
:102C3000606802E00EF0C2F86060006917F0ECFA1C
:102C40006068406908B117F0E7FA6068C06917F07A
:102C5000E3FA6068006A17F0DFFA60680169E1B3BF
:102C600017F062FD17F0DEFC6068B0F8501199B300
:102C70000168097C890715D50EF0FEF8401E07B2E1
:102C800060680EF0B3F8401E03B20022114601A89E
:102C900000970CF05DFE606801A90268926B5160BC
:102CA00004F080FC60684FF48071303013F01CFC3D
:102CB0006068202100F5987013F016FC6068A0F899
:102CC0005051304619F05AFB009060680068436A22
:102CD00013B122680099984700E007E013F046FA24
:102CE00000F036F8BDE8FE4000F006B8A0F85051FC
:102CF000FEBD0000F000002070B50A4D002400BFAA
:102D0000C4EBC40655F8260008B113F0A3FA05EB8E
:102D100086001C2113F0E8FB641CE4B2042CEFD302
:102D200070BD00006CB70020084949680AE04A6895
:102D3000824202D00A68824203D10A7E42F0010236
:102D40000A7649690029F2D170470000C4000020CA
:102D5000704700000421014800F02CBE84B600201A
:102D60001C21014800F026BE9CB600202DE9FF5F23
:102D70000446DDE90E0613B9B0F5807F7ED0B6F9C2
:102D800000504FF0FF376D42454307EB25252DB22C
:102D90002580B6F902C0CCF1000C0CFB00FC07EB5F
:102DA0002C273FB26780B6F900C0A1EB0C0141436C
:102DB0004FF0020C0CEB212109B2A180B6F9028080
:102DC000A2EB080242430CEB222000B2E080002B71
:102DD0007ED04FF00A0A93FBFAF5684200EB8000C0
:102DE00003EB400705F1010928B219F0EBFC009054
:102DF0000FFA89F019F0E6FC83465A3528B219F02B
:102E0000E1FC804609F15A0000B219F0DBFC0146F2
:102E1000009AC7F10A0000FB02F300FB08F00BFB6D
:102E2000073301FB070193FBFAF291FBFAF04FEA3B
:102E3000601AB4F90010B4F902000AFB01FCCDF8E5
:102E40000CC05511378805FB10C207EBA2220FFA00
:102E500082F905FB01F2BB46029277880AFB00214A
:102E600007EBA1210BB2B4F90410BE460AFB01FC2A
:102E700005FB10C20BEBA22216B200E02FE005FB0F
:102E800001F7CDE9007CB4F90680DDF80CC00AFB3F
:102E9000007005FB18C1DDF804C0009F05FB18C5D4
:102EA000029A0AFB087C0AFB08220BEBA1210EEB1D
:102EB000AC270EEBA02009B20EEBA2220BEBA5254E
:102EC0000FFA87FC00B212B22DB24F46494500E01E
:102ED0000EE000DA0F46B54216DAA84615E00020EB
:102EE0002080491E6080A180521EE280BDE8FF9FC5
:102EF00032882A44228072883A446280328811449F
:102F0000A180718808444FE0B046474504DA4F4637
:102F1000494506DA0F4604E0B54201DA2F4600E0E3
:102F2000374627804F46494500DD0F46B54201DD53
:102F3000A84600E0B046474503DD4D46494505DC5F
:102F400001E0B54201DD294600E03146A1809A4208
:102F500001DA154600E01D46844501DA614600E0CD
:102F600001468D4205DA9A4201DA114606E0194619
:102F700004E0844501DA614600E0014661809A423E
:102F800001DD114600E01946844501DD654600E09B
:102F90000546A94205DD9A4201DD104604E01846C7
:102FA00002E0844500DD6046E0809FE72DE9FE4FAA
:102FB0000446D0F800B0B0F90800E589081AB4F961
:102FC0000A10511AD4E90932B5F5807F38D0A589A5
:102FD000ADB3A66B704345114E437011266BE16A89
:102FE00006FB05F701FB1077694306FB001003EBB6
:102FF000A72902EBA02080460612B4F904004FEA8C
:103000002927B8424EDD002F4CDBB4F90610B1423F
:1030100048DD002E46DB94F834104A0745D58A0770
:1030200004F1140322D400FB067045004FF0020A9D
:103030000BEB05015246184613F00CFA27E00DE0A1
:10304000256BE66A05FB00F706FB1177464305FB97
:10305000016003EBA70902EBA000CCE7A56B684376
:103060004D4303EB601902EB6510C4E700FB0670EB
:1030700000EB40054FF0030A0BEB05010222184656
:1030800013F0E8F9E81C584410F8010CA07594F806
:103090003400C0071FD04FF4FC60ADF80000A18AD7
:1030A000814218D10020BDE8FE8F32B204F1180031
:1030B0002369CDE90102002539B2AA468B4611F0F9
:1030C000CFFA0090BDF80000A082DDE90102594668
:1030D00011F05EFADAE7E07C78B1A4F83C90A4F84D
:1030E0003E80A4F84070A4F84260656484F848A06B
:1030F0002046BDE8FE4F00F002B80120D3E72DE9DD
:10310000F04F044690F83C10D0F8009090F83E0044
:1031100087B04FF0FF36702907DAB4F94020354602
:10312000012A00D5002580310DE0902916DDB4F983
:103130004020B4F904300125521C9A4200DB0025DE
:10314000A1F27F114942C9B28846702809DAB4F960
:103150004210012900D50026803010E00025FF2113
:10316000F2E790280DDDB4F94210B4F906200126EB
:10317000491C914200DB0026A0F27F104042C7B2FA
:1031800001E00026FF2760690090A07D05900020E7
:1031900083468246049094F83400400744D594F85E
:1031A0004810606C11FB05014944022201A813F08C
:1031B00051F9A08894F8481010FB01F0616C0222CC
:1031C00006FB0011494403A813F044F9A18894F8C0
:1031D000480011FB00F1626C06FB012210FB059018
:1031E0001118022202A813F035F994F83400800770
:1031F00061D594F84800626C10FB052300EB0901CF
:103200000B4413F8013C0493A38813FB00F306FB63
:103210000322114411F801BC10FB0500111801EB49
:10322000090010F8010C45E0B4F84000B4F9422060
:10323000284401B204F118008146236911F010FA04
:103240000190B4F84200B4F94010304402B254F88E
:10325000103F484611F004FA0390608E2368304412
:1032600002B2208E284401B2484611F0F9F90290CA
:1032700094F82400103C80071DD5B4F9422034F89E
:10328000400F284401B2484611F082F9049060884A
:10329000B4F90010304402B2484611F079F983467F
:1032A0006088304402B234F84009284401B24846EC
:1032B00011F06EF9824694F8340042464546800784
:1032C00035D5059810FB08F30499C8F1FF0011FBF0
:1032D0000031C1F307211BFB08F61AFB0060C0F3A5
:1032E000072011FB07F3C7F1FF0610FB06331B0A8B
:1032F000A375022907D8022803D8002007B0BDE82B
:10330000F08F002702E0022800D8FF270598022846
:1033100000D800220498022800D8FF22BBF1020F37
:1033200000D80025BAF1020F03D8FF2501E0FF20E5
:10333000A075EAB1FF2A04D0DDE900010DF0BAFB67
:103340000090BDB1FF2D17D0DDE902102A460DF027
:10335000B1FB049097B1FF2F05D001463A46009883
:103360000DF0A8FB0090BDF80000A0820120C5E789
:103370000198E5E70298ECE70398EAE7BDF810004A
:10338000F3E700002DE9F0470446B0F908000A27EA
:1033900000026062B4F90A000002A062B4F90C10E5
:1033A00091FBF7F5684200EB800001EB40066842B4
:1033B00005F1010800B219F005FA8246E84300B2AF
:1033C00019F000FA8146C5F15A0000B219F0FAF975
:1033D0000546C8F15A0000B219F0F4F9C6F10A0125
:1033E00001FB0AF3024609FB0630694390FBF7F044
:1033F00002FB061191FBF7F14011E06248112063D6
:10340000A07C11F0DAF994F8341060F3000184F82C
:103410003410A07C11F0C1F994F8341060F341012C
:1034200084F83410A07C042824D0052822D0062853
:1034300020D021F0040100BF84F8341021682162FB
:10344000A16921F0E00160F30401A08860F39421F8
:10345000E08860F35F51A161E0894FF4001101EB56
:103460005001B1FBF0F0A063FF20A075208AA0827C
:10347000BDE8F08741F00401DEE700002DE9F041EE
:1034800015460E460746114C18F07EFF80462B4627
:1034900032463946204611F0D5FC20B10020A0620A
:1034A000E06950B110E02C21204613F01DF84FF0D8
:1034B0000040A0620020BDE8F081404618F05EFFA9
:1034C000E06108B90120E0612046F4E7C0B60020C1
:1034D00010B51421074800F06DFA11F079FC40B1E5
:1034E0000549016005494160054981600549C160A0
:1034F00010BDFEE7A8B60020FD470108794B010882
:10350000F14C0108CB47010870B50D460446102167
:10351000284612F0E9FF20680078012804D002282C
:1035200007D0042807D008E0208A2880608A6880B5
:1035300003E0E06800E00A20686020684268002A32
:1035400003D02946BDE87040104770BDFEB5866ABD
:103550000446BEB9A08A218A0844A082E08A618A12
:103560000844E082204608F094FC060079D020460A
:103570000AF0A2FE00220921304610F039FA6078E4
:1035800080076ED4208A10B9608A002869D000258F
:10359000ADF80450ADF8085094F83C0000F00F006E
:1035A0000328304616D014F0EFFA0746304614F0E0
:1035B000C5F903460C200090B4F912103A46304683
:1035C00008F05AF8ADF80800304614F009FAC107BF
:1035D00012D017E014F06CFA0746304614F008FADF
:1035E000024603200090B4F910103B46304608F024
:1035F00043F8ADF80400E7E7BDF90410002901DD48
:10360000ADF80450810705D4BDF90410002901DA92
:10361000ADF80450410705D4BDF90810002901DDBB
:10362000ADF80850000705D4BDF90800002801DAFC
:10363000ADF8085002AA01A920461BF0F8F90023B2
:10364000BDF90820BDF90410304616F0BBF9A08A78
:10365000BDF804100844A082E08ABDF808100844B0
:10366000E082FEBD2DE9FC5F0446806A5FEA000B44
:1036700071D094F83C0000076DD011F09DFC0190D2
:1036800000684021457E584615F061F94FF000086A
:1036900018B9A4F81A80A4F81880584614F066FAED
:1036A0008246584614F069FA064694F83C004FF0FA
:1036B000640900F00F000C2802D003284CD09AE0D7
:1036C000A4F8188056B1B4F91A50002711F074FC10
:1036D00000684946407EC0F1640022E0608BC5F17D
:1036E000640110FB01F191FBF9F06083584614F07E
:1036F00025F90546584614F047FA02460C2000907A
:10370000B4F91A102B46584607F0B6FF60830246FC
:1037100000231EE07A1917B210FB05F292FBF1F2BA
:1037200015B2002DF6D1ADF80070A4F81A806A46E3
:10373000002120461BF07BF941F6FF72BDF90030F5
:103740005142584608F00AFDBDF800100123084414
:1037500002B200214CE09AE0A4F81A80BAF1000FFE
:103760000AD0B4F91850002711F026FC0068494629
:10377000407EC0F1640022E0208BC5F1640110FBA3
:1037800001F191FBF9F02083584614F031F9054618
:10379000584614F08DF9034603200090B4F9181030
:1037A0002A46584607F068FF2083014600231EE0A2
:1037B0007A1917B210FB05F292FBF1F215B2002D47
:1037C000F6D1ADF80070A4F81880002269462046B2
:1037D0001BF02DF941F6FF72BDF9003051425846F9
:1037E00008F034FCBDF800100123084401B20022A7
:1037F000584616F0E7F8208B002848D1608B002847
:1038000045D1C6B9584614F0BFF90546584614F0DC
:1038100095F8002D06DC00280DDD002D02DA0123CD
:103820002A4604E0002806DA0123404202B20021C1
:10383000584616F0C7F8BAF1000F19D1584614F0DF
:10384000D7F80546584614F033F9002D07DC002858
:103850000EDD002D03DA01230022294605E00028B1
:1038600006DA01230022404201B2584616F0AAF8B7
:103870000A215846019A10F0BBF86078800706D4F8
:1038800014F83C0F20F00F00207044F8148CBDE8B1
:10389000FC9F00007FB50E46040003D10DF08EFAA8
:1038A000040023D00025FEB1ADF80050ADF8025061
:1038B0000DF09CFA401EADF8040020460DF0DCFA35
:1038C000401EADF806006A46314602A8FFF704F82C
:1038D00000280BD02068017C890708D5DDE90001AC
:1038E000C4E90C0101202AE0A0F850517FBD826993
:1038F0000AB102A9904700260BE000BF04EBC60105
:10390000002202A83031FFF70FF80028EED1761C14
:10391000B6B2B4F85001B042F0D880B2202804D238
:1039200004EBC00002A9303004E0A4F8505104F1C7
:10393000300069460BF06CFFB4F85001401CA4F84D
:10394000500160680028D1D018F00CFE7FBD70B522
:10395000054600F012F804460CE02146284600F027
:103960001EF806462146284600F071F8204612F05F
:1039700071FC3446002CF0D170BD002800D04068A6
:10398000704700B503460022FFF7F7FF03E0184633
:10399000521C00F004F80100F9D1104600BD006887
:1039A000091D40587047006840587047002800D0F3
:1039B0008068704700224260C91C21F003018260C8
:1039C0000160704770B504460068083012F0B8FB1B
:1039D000050013D001460022204619F0ABFD294610
:1039E0002046626819F0A0FD616819B12A46204698
:1039F00019F0A0FD6560A06800B9A560284670BDFB
:103A000070B504460068083012F09AFB050013D028
:103A100001460022204619F087FD29462046A2686B
:103A200019F088FDA16819B12A46204619F07CFDDD
:103A3000A560606800B96560284670BD28B141681E
:103A400009B9806808B1002070470120704770B53F
:103A500004000DD0FFF791FF00228842204608D1D4
:103A6000FFF79DFF6060011E01D000221EE0A260F2
:103A700070BDFFF79BFF8842206808440AD10168A7
:103A8000A16029B12046BDE87040002219F04CBD6C
:103A9000626070BD05682046FFF781FF064602465A
:103AA0002946204619F040FD2A4631462046BDE809
:103AB000704019F03FBD10B50446006882680AB135
:103AC0002146904720680068002801D02060F5E773
:103AD00010BD8068002801D0B0F9160070470000C2
:103AE0002DE9F047074690B0408C189E40F0040046
:103AF000788490463A8499468A463289384614F04A
:103B0000D5FD0546A7F8209032895146384614F075
:103B1000CDFD0446788CA54220F00400788403D1C2
:103B20002904B1EB044F68D0A7F8208032895146B0
:103B3000384614F0BBFD05468046A7F82090514654
:103B4000384609F095FC318900682A4617F082FD55
:103B50003089602823D147F6FF794D4501D04C4587
:103B60001DD1384614F0C6FE00EBD0704510384623
:103B700014F0C0FE00EBD0704010C84506D1691C9F
:103B8000431C994200DA00E0194688464C4506D1AC
:103B9000691C421C914201DA6C1C00E01446194871
:103BA000FFF710FF05002BD02F60C5E90384308993
:103BB000A8806846C5F808A00BF042F91248FF211A
:103BC000CDE9005011480290114803900020079061
:103BD000CDE9080130880A9070889DF83E10404277
:103BE0000B90F0680690002060F300018DF83E1005
:103BF0003069059068460BF097F910B0BDE8F08782
:103C0000FEE70000B4B600204103020835050208B3
:103C10009104020814210148FFF7CCBEB4B600207D
:103C20002DE9FC5F002592468B4606462C4604276C
:103C300043F60F0843F60E0900E100BFF16807EBF9
:103C4000C400085882017DD480B230EA0B0212D041
:103C50005FF0000230EA0A000FD00020824271D0EB
:103C600051F8340001AA41F61001009017F0FEFA55
:103C7000002868D103E00122ECE70120EEE701AA69
:103C800041F61101009817F0F1FA002873D101AA4A
:103C900041F61201009817F0E9FA00286BD101AA49
:103CA00041F61301009817F0E1FA002863D101AA48
:103CB00041F61501009817F0D9FA00285BD101AA46
:103CC00041F61401009817F0D1FAE0BB01AA41F2C5
:103CD0006901009817F0CAFAA8BB01AA43F20C01C7
:103CE000009817F0C3FA70BB01AA43F20D010098C7
:103CF00017F0BCFA38BB01AA41F20101009817F095
:103D0000B5FA00BB01AA41F20401009817F0AEFA1F
:103D1000C8B901AA41F20201009817F0A7FA90B9B8
:103D200001AA41F20301009817F0A0FA58B901AABC
:103D300041F20501009817F099FA20B901AA41F261
:103D4000060101E079E016E0009817F08FFA90B9CB
:103D500001AA41F23201009817F088FA58B901AA75
:103D60004146009817F082FA28B901AA49460098FE
:103D700017F07CFA10B10320BDE8FC9F01AA40F6C1
:103D80000A01009817F072FAF0BB01AA40F60B0185
:103D9000009817F06BFAB8BB01AA4146009817F0DB
:103DA00065FA88BB01AA4946009817F05FFA58BB2C
:103DB00001AA40F63C01009817F058FA20BB01AA6E
:103DC00040F63D01009817F051FAE8B901AA40F613
:103DD0003A01009817F04AFAB0B901AA4FF4046109
:103DE000009817F043FA78B901AA40F64501009807
:103DF00017F03CFA40B901AA40F64101009817F0CB
:103E000035FA08B901AA00E013E040F64201009833
:103E100017F02CFA68B901AA40F64301009817F090
:103E200025FA30B901AA40F64901009817F01EFAA8
:103E300008B1022501E005B90125641C708CC0F3AE
:103E4000C500A0423FF6FAAE284695E70148406813
:103E500070470000F00000207047C0F304100728EE
:103E600000D907207047000010B518210348FFF75C
:103E7000A1FD03490120087010BD000060B60020BC
:103E8000040200202DE9F04190460C46050015D0B3
:103E9000FCF759FA0A4F06462146BA682846904769
:103EA0000446BA682819414690470146701A03E053
:103EB0006218AA5C2A55641CA042F9D2BDE8F081C0
:103EC000180200202DE9F041094D90460E466A681F
:103ED0001C46074619469047306020B120686A6842
:103EE000384400219047C8F80000BDE8F081000088
:103EF000180200202DE9F04F87B00446DDE9105884
:103F00001F4693468A46002005B1288054B1217887
:103F100041B1BAF1000F05D0002618F0060F15D0F8
:103F2000002004E0002007B0BDE8F08F401C215CB9
:103F30000A2904D00D2902D00029F7D100E0401C45
:103F4000002DF0D04FF0FF312980ECE75FEA887157
:103F500001D541F6FF7781468DF81400049026E0E4
:103F6000CDF8189068B34FF0000C05AA06ABCDF859
:103F70000CC0CDF80080CDE9013220443B465A46C2
:103F8000514618F049FC06997A1A314417B20EB21C
:103F900088B104990144049120780A280BD00D2897
:103FA00009D0605C0A280FD00D280DD00846215C8E
:103FB00009B1002FD4DC049848B105B12E800498D3
:103FC000B1E74FF0010CD0E7481C0490F3E7074A33
:103FD00004A92046526890470146002DEFD00022E8
:103FE00050460FF0F2FE06B2E8E70000180200208B
:103FF0002DE9F0411746884606001ED0002F1CD040
:10400000FCF7A1F904463846FCF79DF9050014D0E9
:104010000B4A2C444146926830469047411903E0D0
:10402000621BB25C3255641EA142F9D930442A4663
:104030003946BDE8F04112F019BABDE8F081000040
:104040001802002000230278232902D0012A0DD073
:104050000FE02AB10021012A04D0022A04D008E08E
:10406000012101E0017004E0017001E0202902D08B
:104070000123184670470221F6E72DE9F0410E466C
:104080008046024600213346084618F001FE0446E9
:104090000027401C12F054F8050008D02F55334675
:1040A0004246611C18F0F4FD2846BDE8F081FEE7A9
:1040B0002DE9F0471E4614460D468246DDF8209055
:1040C00015E000BF4FEA540808FB06573946504632
:1040D0004A469047002808DD44F30000C0EB540432
:1040E00007EB0605A4F1010401E005DA4446002CC3
:1040F000E8D12046BDE8F0873846FBE72DE9FC5FB4
:104100009B460CAB8A468146DDE9116093E81210AC
:10411000DDE90F575FEA80784FF030031AD45EB1C3
:104120005FEAC07808D000F00C0858EA0C0803D009
:10413000761E01E00B55641CBC4204D2202CF9D33E
:1041400001E00B55641C5FEAC07803D0B44201D291
:10415000202CF6D35FEAC06825D55FEA40580AD420
:104160004CB1BC4201D0B44205D1641E03D0102D25
:1041700003D1641E04E0102D02D0022D0AD00EE0FF
:10418000850603D4202C1ED2782506E0202C1AD2D6
:10419000582502E0202C16D262250D55641C202CD7
:1041A00011D20B55641C202C0DD2BCF1000F01D094
:1041B0002D2306E0430701D52B2302E0030702D598
:1041C00020230B55641CCDE900BAC846154681462C
:1041D0008B46AA46800714D1274607E02A46DDE928
:1041E00000316D1C2020C446E0477F1CB742F5D348
:1041F00007E02A466D1C641EDDE900311BF804004F
:10420000C047002CF5D15FEA897006D409E02A4640
:10421000DDE900316D1C2020C047A5EB0A00B0424B
:10422000F5D32846BDE8FC9F2DE9F04F8FB09946A5
:104230008B46DDE91818DDE91C63DDE91A47924673
:104240008646002209B923F01003580507AD00D5B2
:10425000C9B1B1FBF4F004FB1010C0B20A2801D2BE
:10426000303009E05FEA836C02D54FF0410C01E089
:104270004FF0610C60440A38B1FBF4F1A854521CB1
:1042800009B1202AE5D3CDF80880CDE90563CDE951
:104290000052CDE903474B46524659467046FFF758
:1042A0002DFF0FB0BDE8F08F2DE9FF4F8FB01CAC94
:1042B000DDE9239594E8030820AC94E8C0040024C9
:1042C00050EA010201D125F010056A050DF11C0824
:1042D00002D550EA010217D032463B46FBF7D0FF29
:1042E000D2B20A2A01D2303206E0AB0601D5412310
:1042F00000E061231A440A3A08F80420641C50EADA
:10430000010201D0202CE7D3CDE90084CDF808B01C
:10431000CDE90595CDE9036A0FAF97E80F00FFF7E8
:10432000EDFE13B0BDE8F08F9A4200D2885470477A
:10433000704700002DE9FF4F95B09B468946064621
:1043400000250FE2252877D100242746F84A0121CD
:10435000059400E0044316F8013F203B01FA03F006
:104360001042F7D130782A2811D06FF02F0330781F
:10437000A0F13002092A16D8059A44F0020402EB93
:10438000820203EB42021044761C0590EFE759F8D5
:10439000042B0592002A03DA504244F4005405909D
:1043A00044F00204761C30782E2816D116F8010F3E
:1043B00044F004042A280DD06FF02F023078A0F1C9
:1043C0003003092B09D807EB870302EB4303C71817
:1043D000761CF3E759F8047B761C30786C280FD0F4
:1043E00006DC4C2817D068280DD06A2814D104E0C8
:1043F000742810D07A280FD10DE044F400140AE09C
:1044000044F4801401E044F440147278824202D1F2
:1044100004F58014761C761C307866280BD013DCEB
:10442000582877D009DC002875D04528F6D04628D2
:10443000F4D047281AD19DE118E0632835D06428CC
:1044400079D0652812D195E1702873D008DC6728EF
:10445000F1D069286FD06E280DD06F2806D1B5E055
:1044600073282CD0752875D0782874D05A4617999F
:1044700090476D1C75E1C4F30250022809D003284F
:104480000DD0D9F8001004280DD00D6009F10409F1
:1044900067E1D9F80010EA17C1E90052F6E7D9F848
:1044A00000100D80F2E70D70F0E719F8041B8DF88D
:1044B000001000208DF80100EA46012003E059F8C1
:1044C00004AB4FF0FF3061074FF0000102D40DE064
:1044D00008F101018846B9420FDA8045F8DB1AF885
:1044E00008100029F4D108E008F101018846814252
:1044F000FADB1AF808100029F6D105985B46A0EB04
:10450000080721463846179A00F094FA284400EB31
:10451000080507E04DE029E10DE01AF8010B5A46C5
:1045200017999047B8F10108F7D25B462146384603
:10453000179A13E142E00A220092C4F302524FF0AC
:10454000000A022A08D059F804CB032A4FEAEC717A
:104550000AD00DE029E02AE009F1070121F0070265
:10456000F2E802C1914609E00FFA8CFC4FEAEC71C7
:10457000042A03D14FFA8CFC4FEAEC71002907DAC8
:104580000A460021DCF1000C61EB02012D2202E061
:10459000220504D52B228DF80420012203E0E20736
:1045A00001D02022F7E7904659E00A2102E01022CC
:1045B0000DE010214FF0000A00910BE010224FF0A7
:1045C000000A44F004040827009203E008224FF098
:1045D000000A0092C4F30252022A05D059F804CB13
:1045E0000021032A08D009E009F1070121F00702A0
:1045F000F2E802C1914605E01FFA8CFC042A01D1C1
:104600000CF0FF0C4FF00008220728D5702806D0C8
:10461000009B83F0100353EA0A0305D00EE040220A
:104620008DF80420012208E05CEA010206D0302265
:104630008DF804208DF8050002229046009B83F03F
:10464000080353EA0A030AD15CEA010201D16207B6
:1046500005D530228DF804204FF001087F1E582820
:1046600004D034A003900EA802900DE036A0F9E724
:1046700053466046009AFBF703FE84460398825C2B
:104680000298401E029002705CEA0100F0D102988C
:1046900006A9081A00F1200A600702D524F4803424
:1046A00000E00127574502DDA7EB0A0000E00020EB
:1046B00000EB0A01009005984144401A0590E00380
:1046C00006D45B462146179A059800F0B3F90544D5
:1046D000002706E001A85A46C05D179990476D1C57
:1046E0007F1C4745F6DBE0030CD55B462146179A55
:1046F000059800F09FF9054404E030205A461799C8
:1047000090476D1C0099481E00900029F5DC08E0D8
:10471000029802995A460078491C029117999047CD
:104720006D1CBAF10001AAF1010AF1DC65E100009B
:104730000928010030313233343536373839616277
:10474000636465660000000030313233343536373B
:1047500038394142434445460000000000F058F912
:104760000544761C307800287FF4ECAD19B028465B
:10477000BDE8F08F620700D4062709F1070222F096
:10478000070CFCE80223E14603F000485FEA080C4E
:1047900002D00FF2702C0DE05FEA045C02D50FF23C
:1047A000682C07E05FEAC47C02D00FF2602C01E0C5
:1047B000AFF2700C4FF0FF3823F00043CDF850C03B
:1047C00065280CD006DC452809D046281DD047288E
:1047D0003DD13DE0662818D067287ED138E0002121
:1047E000112F01DB112000E0781CCDE9000106A9A2
:1047F0000EA8FDF79FFFDDE90F010E9A039100213E
:10480000009207F1010A04914DE04FF0004000973B
:10481000CDE9011006A90EA8FDF78CFFDDE90F0216
:1048200003920E9B11990022DDF80CA000930492D4
:1048300011B9791C00EB010AB7EB0A0004D4C0F1EE
:10484000FF3007F1010A0490AAEB0700019044E051
:10485000012F00DA01270021112F01DD112000E0D6
:104860003846CDE9000106A90EA8FDF763FFDDE992
:104870000F010E9A0391002104910092BA4621077C
:104880000CD40399514500DA8A46BAF1010F05DDCF
:10489000009AAAF10101515C302908D0B84202DA2D
:1048A00010F1040F06DA0121CDE9011015E0AAF19B
:1048B0000101E9E7002805DC049901440491AAEB11
:1048C000000102E0411C514500DD8A460499401A6E
:1048D000401C01904FF000400290200704D4019842
:1048E000504501DBCDF8048000208DF84F00029880
:1048F0000DF14F07B0F1004F25D02B200E900298FC
:104900004FF0020800280CDA404202902D200E9051
:1049100007E00A210298FBF7D5FE3031029007F834
:10492000011DB8F10001A8F10108F2DC029800288D
:10493000EFD1791E0E980870307800F0200040F01A
:10494000450007F8020D12A8C01B00F107081498D3
:10495000007800B1012000EB0A01019801EBE07141
:1049600005984144401A401E0590E00306D45B467A
:104970002146179A059800F05DF8054414980078D0
:1049800018B15A46179990476D1CE00324D55B4631
:104990002146179A059800F04DF805441CE004984C
:1049A000002807DBDDE90301884203DD0098405C55
:1049B000179901E0179930205A469047049805F15D
:1049C0000105401C04900198401E019004D12E2046
:1049D0005A46179990476D1CBAF10001AAF1010AD5
:1049E000DDDC05E017F8010B5A46179990476D1C5E
:1049F000B8F10001A8F10108F4DC5B462146179AE2
:104A00000598ABE62D0000002B0000002000000000
:104A10002DE9F041044600251E461746880404D4BB
:104A200005E039462020B0476D1C641EF9D52846A4
:104A3000BDE8F0812DE9F041044600251E46904670
:104A4000C80301D5302700E02027880404D505E0FD
:104A500041463846B0476D1C641EF9D52846BDE86E
:104A6000F08100002DE9FF4F89B005460A98002427
:104A70009246002800D1FE4D8FE1252804D0224621
:104A8000641C53460A990BE2491C4FF00008084683
:104A90000C9101782B2919D004DC202919D0232965
:104AA00004D119E02D290ED0302909D00026C8B232
:104AB000FDF7F2FEB0B10CA8FDF725FE06461FE09B
:104AC00048F001010AE048F0020107E048F0040163
:104AD00004E048F0080101E048F01001401C88465D
:104AE0000C90D6E70C9908782A2809D1169840C866
:104AF0001690002E02DA48F002087642491C0C910A
:104B00000C984FF0000B01782E2919D1401C0C9005
:104B100048F480680078FDF7BFFE20B10CA8FDF7CF
:104B2000F2FD83460CE00C9A10782A2808D11698DA
:104B300002C81690002900DC0021521C8B460C9202
:104B40000C9801786C290AD004DC68290FD06A29F6
:104B500019D128E0742929D07A2914D126E0401CE3
:104B60000C90017848F480786C291CD00BE0401C34
:104B70000C90017848F08008682904D148F0400181
:104B8000401C88460C9002460078692822D015DC2B
:104B900062281FD00DDC252871D050281AD0582843
:104BA0007FF46DAF16E048F40071E9E748F48071D6
:104BB000E6E7632878D06428F2D10BE0732874D03C
:104BC00004DC6F2806D07028EAD103E0752801D0F4
:104BD0007828E5D178280DD058280BD070280BD034
:104BE000502809D06F2816D0622816D00A2128F044
:104BF000100016E0102107E05078102148F4887862
:104C0000562804D1521C0C921078582807D01078DE
:104C1000502804D006E0082109E0022107E048F00E
:104C2000200080461078692803D0642801D028F03D
:104C30000C085FEA485001D528F00108107869286F
:104C40001ED064281CD0562864D05FEA885072D5E4
:104C5000169804ABC01D002283E806080292CDE935
:104C6000076820F007005346F0E80212CDE9001271
:104C70001690224628460A99FFF716FB89E00AE1BA
:104C80005FEA885024D5169804AFC01D20F00703B2
:104C9000F3E802021693002387E80A08CDE90768C3
:104CA000002A03DA012102E080E0A6E000210023CF
:104CB000029119461B1A914101DA114603E00021C5
:104CC000404261EB020153462246CDE90001D1E7A3
:104CD0005FEAC85004D5169804C80FE0524215E0A8
:104CE0005FEA486003D5169810F8042B06E05FEAE7
:104CF0000860F0D5169830F8042B12B21690CDE962
:104D0000021BCDE90468D00F002AE7DDCDE90020C1
:104D100053461EE01698AAEB040202C81690486893
:104D2000006800900A980B6801192846FFF79AFE60
:104D300004442FE0FFE75FEAC8500CD5CDE9021B21
:104D4000CDE9046816980021534604C8CDE9002136
:104D50001690224619E05FEA486003D5169810F8CD
:104D6000042B08E05FEA0860169803D530F8042B9E
:104D700092B200E004C816900020CDE90020CDE9F1
:104D8000021BCDE904685346224628460A99FFF7DC
:104D90004BFA04460C98401C0C900C99087800289B
:104DA0007FF46BAE54457DD222467DE001275FEA59
:104DB000887006D509E02246641C534620200A99D3
:104DC000A84738467F1CB042F5D316992246641C8A
:104DD00011F8040B169153460A99A8475FEA8870A8
:104DE00006D4D7E72246641C534620200A99A847D8
:104DF00038467F1CB042F5D3CCE7169850F8049B98
:104E000016904B46BBF1000001D0014601E04FF087
:104E1000FF31484600E0401C02780AB1491EFAD230
:104E2000C71A5FEA485003D558465F4500D3074686
:104E30005FEA887006D512E02246641C53462020A3
:104E40000A99A84738467F1CB042F5D307E000BF57
:104E5000224609F10109641C53460A99A84799F8AA
:104E6000000040B15FEA4851F2D5BBF1010B01E00F
:104E700031430008ECD25FEA887006D48AE7224604
:104E8000641C534620200A99A84738467F1CB0422C
:104E9000F5D37FE706E02246641C534625200A9995
:104EA000A84777E7AAF10102534600200A99A847CC
:104EB0000DB02046BDE8F08F10B502004FF00000A5
:104EC0000CD04B1E194200D0FEE70A44521E9A43F2
:104ED000B2F5803F02D20C2A01D9104610BD0C2039
:104EE00010BD08444A1E401E9043114200D0FEE708
:104EF000704700002DE9F0410F46012100250446CE
:104F000041862E460BE01B49FBF724FA10B16D1CBD
:104F1000ADB202E0608E401C6086761CB6B257F8D7
:104F2000260010B101780029EDD1208EA8421ED0B4
:104F3000A06A002610B111F08DF9A662E06A10B1E6
:104F400011F088F9E662E80011F0FAF8A06238B1D1
:104F5000680011F0F5F8E06218B1A16A11B102E041
:104F6000FEE7FEE70025690011F0BEFA2586BDE8E0
:104F7000F0810000D80101082DE9F84F8146407A00
:104F80000F4600F00700022819D0104680469742CD
:104F900000DD3A46164603202A4C2B4A00EB460019
:104FA00020F00305A06811681035411A636805EB0D
:104FB000010C9C4505D2416821F0004124E00846DF
:104FC000E4E79D4219D892464FF0FF3B48196168CB
:104FD000884210D9002269461C48CDF800B009F07B
:104FE00061FC002269461A4809F05CFCA168DAF805
:104FF0000000091AEAE7A068DDE7284611F0A0F8EA
:10500000C0B1416841F0004188EA6702416089EA25
:1050100002010160416801F04041491C31F08041CA
:1050200041608681A0F80E8005D500F110018160F5
:10503000BDE8F88FFEE7A16801F110022944826003
:10504000A160F5E7F8000020F401002081BE00080F
:1050500005E9000810B5084C012020700748FEF74C
:105060008CFC0028A06803D0BDE8104017F07ABA85
:10507000BDE8104017F06ABAD801002090B60020B1
:1050800010B5044690F83E00626B810707D4A18FEB
:1050900039B1A1F57F43FF3B15D0491EA187A18FF0
:1050A00089B90AB181070ED521461348FEF7CFFC16
:1050B000FFF7D0FFE16809B1204688472046BDE8E8
:1050C000104011F0C7B8A16B4942E162002A11D02B
:1050D000810702D4216B4942E1624110491C61F30E
:1050E000410084F83E00616AE069E1616062A06AA3
:1050F000A262606310BD000090B6002070B5304D14
:10510000686817F03BF90646687880F0010068701F
:1051100047E00020287094F83E006978C0F38002D0
:105120008A4242D061F3820084F83E00E16A8A1923
:10513000030719D4002917DC002A15DBC00709D1A1
:10514000216939B120468847E1690144E161616A1A
:1051500008446062A16809B12046884794F83E007F
:1051600040F0080084F83E00E06A8019E06216D43E
:10517000A16A884200DDE162A169204688470146B4
:10518000206A884204D0216262680AB12068904790
:10519000D4E90A01814202DB2046FFF771FF28783B
:1051A00018B10848FEF7E9FB03E021460548FEF781
:1051B000F6FB0400ADD117F0E7F8686070BD0000A1
:1051C000D801002090B6002070B5044640680D4616
:1051D00008B1FFF7F9FF2268002A04D029462046CB
:1051E000BDE87040104770BD89B20AF076BA89B246
:1051F0000AF0AFBA10B50446406882080AD0496880
:1052000021F00301091D08446060204600F042F8C7
:10521000204610BDFEE74068103120F003008842B0
:1052200001D301207047002070472DE9FC47054657
:1052300048680C4620F0030001AA694618F01CF8E3
:10524000DDE9007005EBC71101EB80098046D9F854
:105250003C0060B164B1C4E9020504F10806C46011
:1052600030460421FFF73DFE864202D0FEE7FEE70E
:10527000FEE7C9F83C400120296900FA07F2114312
:10528000296105EB870100FA08F04A6902434A6187
:10529000BDE8FC8710B5044600F087F8046010BD37
:1052A0002DE9FC4706464FF000000D000090074630
:1052B000019042D00C46E9460DF10408802907D33D
:1052C00008461BF011F8411F01208840401E04448D
:1052D00042464946204617F0CFFF009C0A2C2CDAA4
:1052E00006EB8400019A40694FF0FF3101FA02F2A7
:1052F00010400CD1641C3069A14008401DD01AF048
:10530000EBFF0446009006EB8000406978B11AF08C
:10531000E3FF034606EBC411019001EB8000C76B6D
:105320005FB1786820F00300A84201D2FEE7FEE7F3
:1053300039463046009A19F0B5F93846BDE8FC8781
:1053400010B50446FFF7A6FF416841F00201416035
:10535000606840F00100606010BD10B5044600F0C8
:1053600024F8416821F002014160606820F00100EA
:10537000606010BD70B506460D46084600F015F891
:10538000040010D02079C0070BD0686880080BD0CB
:105390002146304600F03CF821462846FFF72AFF18
:1053A0000546284670BDFEE7FEE7426800F10801A9
:1053B00022F00300001F0844910800D1FEE7704767
:1053C00070B506460C004FF000001ED0F2B12079F7
:1053D0001546C0071BD011462046FFF71CFF78B1C9
:1053E0002946204600F025F805462046FFF752FFE3
:1053F0006868294640F0020068603046FFF715FFF4
:105400002046FFF7AAFF04F1080070BDFEE7FEE7A3
:105410007CB5054648680C4620F0030001AA6946A1
:1054200017F02AFFDDE900232146284619F03AF952
:105430007CBD2DE9F0410D46044600F10801281F0E
:105440000E18606806F1080720F00300401BA0F169
:10545000040838460421FFF744FD874200D0FEE7E8
:10546000606820F0030108EB0500001D814200D0B8
:10547000FEE7307900F0030040EA0800706020F099
:1054800003000C2800D2FEE7207900F00300284337
:1054900060603046FFF754FF3046BDE8F081000001
:1054A00010B50EF0A0FA0C4BD968884202D11868EA
:1054B0001E3009E01969884202D118681E3803E0DD
:1054C0005969884201D1002018601A689868BDE8BF
:1054D000104002A110F0BDBD54020020537065655C
:1054E00064203A2025642052504D000038B504460F
:1054F0000FF062FD05460FF094FD0028204605D010
:10550000218FE18613F0F1FC012038BD0EF036F852
:10551000002820461ED00DF006FF218FE08E81422C
:105520000CD02087E08E00906A461C2120460EF0A9
:105530005FFA0128E9D1204613F0D7FC28460FF086
:105540007CFD0428E0D1204612F0A6F900210EF0DF
:10555000FEFFD9E70EF06EF8D6E700002DE9F04F18
:105560000D4687B00446002112F0CBF860B32946FF
:10557000204600F061FA2946204600F06FF800212D
:10558000204612F09EFF05900021204613F033F8CC
:1055900004900021204612F090FE012800D0002047
:1055A00080460021204613F089F907460021204655
:1055B00012F0F4FE42F2D17906464F450BD1608CD1
:1055C000400508D4012707E007B02846BDE8F04FA2
:1055D0001C2110F089BF0027204612F010F9DFF8D7
:1055E00078A0834620460021BAF8022013F05EF826
:1055F000D5F810C0AB682968CDF800C0CDF80C8094
:10560000CDE90131C2B239465846059B07F0A2FFE9
:1056100028834E4504D1608C800501D4012600E02A
:105620000026204612F0D1F8074620460021BAF89D
:10563000062013F03BF8C2B2686900246B68E96881
:105640008DE81B0031463846049B07F083FF6883D2
:1056500007B0BDE8F08F00001C0100202DE9F34FDA
:1056600081B00C46019807F033FA0646019812F013
:10567000C6F88246304600F0C5FE2061400010F0BA
:105680008BFD20602069400010F086FD002541F66A
:105690009A79A0603AE036F91510DFF82081494583
:1056A00033D10027DFF818B11FE03946019812F016
:1056B00028F85946009013F051F9A8B9009807F05E
:1056C00019FA012810D1009807F00AFAA8420BD164
:1056D000009813F00FF94146404501DA084602E010
:1056E000009813F007F980467F1C019812F01BF810
:1056F000B842DAD8B8F1000F03DBA16821F81580B1
:1057000003E0A168002021F815006D1C2069A84263
:10571000C1D800252F46284641F69B784B4615E018
:1057200036F91010414504DB0D44A5F5F8559B3DB5
:105730000BE0994204D1A16831F81010394403E01C
:10574000A26822F8101039440FB2401C216981422E
:10575000E6D80021019812F0B4FE2169C1F10102DE
:1057600000FB02A0C01B00B2002800DA00200022CB
:105770004FF0FF331146C44611E000BF36F91170F7
:1057800067450BDBA7F5F8579B3F3AB210FB02F3D6
:10579000B3FBF5F3A76827F811300B46491C2769BE
:1057A0008F42EBD8002B07DBA91A4143B1FBF5F17F
:1057B000401AA16821F81300BDE8FE8F01E0FFFF49
:1057C000010006002DE9F14F00221146009814F067
:1057D00037FA0021009812F09DFD04460021009840
:1057E00012F01EFF20440FFA80F90021009812F0F9
:1057F00029FE20440FFA80F8009812F00BFD00EB10
:10580000090101EB0800DFF898A006B254460098A1
:1058100011F089FF074600252AE000982149806899
:10582000006850F82500834613F098F8F8B95846F8
:1058300013F0BCFB40BB0021584612F010FD18B31A
:10584000012821D002281FD003281DD0002158464E
:1058500013F049F858B9BBF81A10BBF81600081A2B
:10586000401C00B24844A04200DB044624B26D1C38
:10587000BD42D2D3544504D004EB080000B2B0427C
:1058800000DC3046BDE8F88F0098BBF91A10B0F97B
:105890001600081A411CA142E8DB0C46E6E70000AE
:1058A00001E0FFFF010004002DE9F84F00228046CF
:1058B000114614F0AFF90021404612F02BFD0446CA
:1058C0000021404612F058FE20440FFA80FA0021D1
:1058D000404612F00BFE20440FFA80F9404612F0C9
:1058E000A7FC00EB090101EB0A00DFF844B105B2A7
:1058F0005C46404611F017FF07460021404612F073
:10590000C7FC01284FF0000644D078E0D8F8080022
:105910004849006850F82600009013F01FF8C0BBFB
:10592000009813F043FB50B10098B8F91810B0F983
:105930001400091A481CA0422ADB4C1C28E0002154
:10594000009812F08CFC58B1032809D0062807D023
:10595000082805D00021009812F0BEFF58B118E0C9
:105960000098B8F91810B0F91400081A411CA142A7
:105970000EDB0C460CE000981430009009F0B0FFEC
:105980005044A04204DB009809F0AAFF00EB0A048F
:1059900024B2761CBE42B9D35C453BD004EB09006F
:1059A00033E000BFD8F808002249006850F826000C
:1059B000009012F0D3FF08BB009813F0F7FA60BB19
:1059C0000021009812F04BFC38B3012825D00428A0
:1059D00023D0072821D00021009812F084FF68B955
:1059E00000981430009009F07BFF4844A04204DB8B
:1059F000009809F075FF00EB090424B2761CBE4242
:105A0000D0D35C4506D004EB0A0000B2584501D063
:105A1000A84200DC2846BDE8F88F0098B0F91810BD
:105A2000B8F91400091A481CA042E6DB4C1CE4E754
:105A300001E0FFFF010004002DE9F84F0C4683460A
:105A400007F024FC064600F0DDFC6061400010F029
:105A5000A3FB60606069400010F09EFB002541F6EA
:105A60009A79E0603AE036F91500DFF80C81484594
:105A700033D10027DFF804A11FE03946584611F062
:105A800040FE5146009012F069FFA8B9009807F057
:105A900083FC012810D1009807F074FCA8420BD1B8
:105AA000009811F0FEFE4146404501DA084602E04A
:105AB000009811F0F6FE80467F1C584611F033FE28
:105AC000B842DAD8B8F1000F03DBE16821F815809D
:105AD00003E0E168002021F815006D1C6069A84210
:105AE000C1D800273D46384641F69B784A4615E026
:105AF00036F91010414504DB0F44A7F5F8579B3FDA
:105B00000BE0914204D1E16831F81010294403E020
:105B1000E36823F8101029440DB2401C61698142EA
:105B2000E6D80021584612F066FD8146584611F02D
:105B30004CFE01466069C0F1010209FB0210401BE6
:105B400002B2002A00DA0022002043460FE000BF24
:105B500036F91010994209DBA1F5F8519B3912FB77
:105B600001F1B1FBF7F1E56825F81010401C6169FF
:105B70008142EDD8BDE8F88F01E0FFFF010006008B
:105B80001CB50B8804892344ADF800304B88448948
:105B90002344ADF802308B8804892344ADF80430E7
:105BA000C98843891944ADF8061043696946984786
:105BB0001CBD0000F8B50D46D0E90C2104468AB1A1
:105BC00012787AB141B100BF16F0CFFA0D490968D9
:105BD0008847616B884211D2206B88B100200A4E41
:105BE000009006E061B1EFE7326869469047A8424D
:105BF00006D0206B0099415C0029F5D10020F8BD4A
:105C00000120F8BD300200201C0200202DE9FF4FCA
:105C100087B0C878189CC0070D46002801D0F1480D
:105C200000E0F148069001D0F04800E0F048049010
:105C300001D1EE4800E0EE484FF0100A4FF00C0E94
:105C4000CDF814006088A1884FF0000BA0EB010094
:105C500001B25A465846276912E000BF00EB8006A1
:105C6000E3680AEB860C13F80CC05FEACC7C0BD01F
:105C70004FF0080C0CEB86069B5BC91A09B2401C5E
:105C80008742EBD8002347E00EEB86069B5B1A4465
:105C900012B2F4E703EB8306E7680AEB8600019093
:105CA000385CC00737D191FBF2F00EEB860CCDF8D3
:105CB00000C037F80CC00CFB00FC0FFA8CF94FF059
:105CC000060C04200CEB860C00EB860037F90C80E8
:105CD000385ECC46C84500DCC446604504DC40461E
:105CE000CC46C84500DD6046484506D0DDF8048056
:105CF0004FF0010CE34647F808C0D4F80CC0082761
:105D000007EB86062CF80600E768009EBE5B921B38
:105D1000081A12B201B25B1C20699842BAD8BBF1D2
:105D2000000F8FD10021079812F0C0FA012826D069
:105D300000270020ADF80800ADF80C0003A902A868
:105D4000CDE900012089B4F9022003B22878169920
:105D500017F094FCE878384207D0079811F04FFD0F
:105D6000BDF808100844ADF808000999079811F02B
:105D7000C8FC06464FF4FA684FF0640B27E1012790
:105D8000D7E79C49304612F0E9FD00287DD100217B
:105D9000304612F0EBFAE8B34FF0000948462169AB
:105DA00011E000BFE26800EB800352F82320B2420A
:105DB00008D100EB8002E168082000EB820031F995
:105DC000009002E0401C8142ECD8E878C007708C5B
:105DD00002D040F4806001E040F40070708406F16D
:105DE0001400049982468847484528D0304613F06D
:105DF0007CF8B08AADF80000F08AADF80200308B74
:105E0000ADF80400708BADF80600069A494650467E
:105E1000904700E00FE06A46292130460DF0E8FD8A
:105E2000304611F07FFD324622210DF0E1FD304673
:105E300013F05BF803E0708C20F4C06070840020E5
:105E400000906878012810D0022816D1059906F133
:105E500014008847B4F90010491C21F00101081A08
:105E600000EBD07040F34F0006E0059906F11400F6
:105E700088472188081A00B20090E87838420AD092
:105E8000049906F11400884700E098E0BDF8081076
:105E9000081AADF808003046002143F20C0212F057
:105EA00005FC0FFA80F93046002143F20D0212F092
:105EB000FDFB0FFA80FA304612F01CFD01903046CF
:105EC00011F0EFFC0146C9F3413001280ED129F44D
:105ED000C04040450ADCB0F57A7F01DDC0F57A703C
:105EE000019A504390FBFBF00FFA80F9CAF341305E
:105EF00001280DD12AF4C040404509DCB0F57A7F75
:105F000001DDC0F57A70484390FBFBF00FFA80FA90
:105F1000B18A1498F28A411A01EB0900159900B26E
:105F20008A1A02EB0A01EA7809B2D207002A02D0E3
:105F3000BDF9082000E0009A10440FFA80FA01D061
:105F4000009801E0BDF9080008440FFA80F95AEA08
:105F500009001BD0304612F0C8FFB18A01EB0A00DD
:105F6000B082318B01EB0A003083F18A01EB09002A
:105F7000F082718B01EB09007083304612F0B5FF9F
:105F800001234A465146304613F05EF8E87838421D
:105F90000CD1049906F11400884717990844BDF8FC
:105FA0000C100844BDF80810084406E0BDF80C10B9
:105FB00017980844BDF80810081AADF80800E878EA
:105FC00009AAC0F38001079807F02CF80646002EB6
:105FD00004D0DDE9090188427FF4D3AE0BB0BDE8FF
:105FE000F08F000069F900085FF9000805F9000862
:105FF000ADF80008010006002DE9F04F91B00E0049
:1060000005463FD02E83286808B110F023F906EB2F
:106010004600062101EB400010F092F8286040B3E2
:10602000022101EB46010144E960042101EB8601F4
:106030000144C5E9010101210024012E1AD0F0001C
:10604000083010F0A9F8814600EB860000F1040842
:10605000B00000B2A346ADF81000C0F101028010FC
:10606000ADF812B00FFA82FA5C46CDF828B006906F
:10607000ABE0FEE7B4220270E8680480E868418083
:10608000A868048011B0BDE8F08F0027BDF8122089
:10609000BAF1000F07DC032101EB42010AEB01001A
:1060A0000FFA80FA0CE0BDF810100523521A03EB2A
:1060B000420202EB0A00491E0FFA80FAADF81010F6
:1060C000BDF81200401CADF8120004A800F0E9F879
:1060D00068B1BDF9100006A9821041F827200AA96D
:1060E00000F0030041F827007F1C042FCEDB042FB3
:1060F00071D109990698884212D129F8140028F81C
:1061000014B0DDE90A010144DDE90C201044084423
:1061100069680855696800010855641C24B252E09A
:106120000799884219D029F8140028F814B06A6831
:106130000A9810556A6800011055641C069A20B22E
:10614000521E29F8102028F810B0DDE90B120A447D
:106150000D99091D11446A682FE0089929F8140067
:10616000884228F814B0DDE90A025946104412D0DA
:106170006A6810556A6800011055641C069A20B2BE
:10618000521E29F8102028F81010DDE90C121144D5
:1061900008316A6811E00C9A10446A6810556A6800
:1061A00000011055641C069A20B2521E29F81020D6
:1061B00028F810100D996A680C3111546A680901A9
:1061C0001154401C04B20BF1010B04A800F069F853
:1061D00000287FF45AAF40F2D32016FB00F109EB00
:1061E0004402881232F9022C824205D108EB4402A3
:1061F00032F9022C82421AD0A1EB8021B1F5007F46
:1062000003DC494341F3CF3106E0C1F580614943E6
:1062100041F3CF31C1F10F0129F8140028F814001F
:1062200068680155686809010155641C24B2A01E04
:106230000EE000BF38F8102029F8142039F810209B
:1062400028F8142069680A5C0A55641C24B2401EB0
:106250000028EFDAEA680021084611801BE0EA68AE
:1062600022F81100AB6839F8102023F811200AE059
:10627000AE6839F9102036F81130934200DA1A4628
:1062800026F81120401C38F910208A4201D1A04282
:10629000EEDB491C09B2A042E1DB48460FF0C8FF23
:1062A000F0E6B0F90210B0F90000814201DC0120F3
:1062B00070470020704717B581B0022A03D8BDF897
:1062C000080004B010BDBDF80830BDF80400D90ABC
:1062D00001EBD0211F2900D31F2161F3CF20C3F38D
:1062E0004511C0F345142144ADF804003F2900D303
:1062F0003F2161F34A1003F01F0100F01F0319440E
:10630000ADF804001F2900D31F2161F30400ADF88C
:106310000400FF2A07D0DDE901010AF0B1FB00907B
:10632000BDF80000CDE780B2CBE717B581B0022AF7
:1063300003D8BDF8080004B010BDBDF80400BDF8D6
:106340000810C30ACC0A13FB04F35B0963F3CF20E4
:1063500000F01F0301F01F0413FB04F35B0963F358
:106360000400C0F34513C1F3451113FB01F1890982
:1063700061F34A10ADF80400FF2A07D0DDE90101FE
:106380000AF07EFB0090BDF80000D4E780B2D2E7AF
:1063900017B581B0022A03D8BDF8080004B010BDBB
:1063A000BDF80830BDF80400D90AA1EBD0210029BE
:1063B00000DC002161F3CF20C3F34511C0F3451485
:1063C000091BADF80400002900DC002161F34A102C
:1063D00003F01F0100F01F03C91AADF804000029E3
:1063E00000DC002161F30400ADF80400FF2A07D0AF
:1063F000DDE901010AF044FB0090BDF80000CDE7A3
:1064000080B2CBE70146002041F6FF7200E0401C5D
:1064100031F910309342FAD170471CB5044690F818
:10642000500000F0010088422DD094F8500011B1C6
:1064300040F0010001E020F0010084F8500004F178
:106440004401684609F023FA606ABDF80010828AA8
:106450001144ADF80010BDF80210C08A0844ADF830
:106460000200606ABDF80410808A0844ADF8040098
:10647000606ABDF80610C08A0844ADF80600694697
:10648000204612F066FD1CBD08B5084611460AF00C
:10649000FAF90090BDF8000008BD2DE9F04F06465E
:1064A000C87A89B015460F46022803D8012009B0E2
:1064B000BDE8F08F18463A69B968FCF7DFFF041EA3
:1064C000F5D0207D00F01F000EF077F908B106200E
:1064D00008E0207D00F01F000EF05FF908B10520F4
:1064E00000E00420226A814622B12946304618F095
:1064F000CCFCB7E0A069E8B3294602A809F09AF9F4
:10650000388818B97888B0F5807F2AD0A88829887B
:106510006A88401A401C01B2E8883B1D801A401C62
:1065200002B27888CDE90003B7F9003002A8FCF781
:106530001DFCBDF8080029880844ADF80800BDF826
:106540000A0069880844ADF80A00BDF80C002988E3
:106550000844ADF80C00BDF80E0069880844ADF899
:106560000E0002AA04A8B168FCF7B6F9002879D099
:1065700004A800E00DE0D6F80880B060CDF80090E7
:106580002A4639463046A3690AF0B4FEC6F80880A8
:1065900068E02A4604A8B168FCF79EF9002861D09B
:1065A000BDF81400BDF81010401A401C0FFA80FB13
:1065B0000BEB4B000FF0F0FD039004A901A8D6F8F7
:1065C00008A009F037F9012101A809F0C8F9BDF9BF
:1065D0001000B5F90010BDF91280401A0690B5F907
:1065E0000200A8EB000534E001AA514607A8FCF719
:1065F00073F960B30398009006985B4601B22AB223
:1066000020460EF07DFC01280CD020460EF0CDFB7C
:1066100003980FF00DFE20460EF0C7FB0020C6F8D1
:1066200008A044E707A8B060CDF8009001AA394659
:106630003046039B0AF05EFEBDF80600401CADF834
:106640000600BDF80A00401CADF80A006D1C08F1F8
:106650000108BDF916004045C6DAC6F808A003983F
:106660000FF0E6FD20460EF0A0FB1FE7704700008C
:1066700010B544080E4894B00021026842F00402AC
:106680000260006800F0040012900A480090601E4A
:10669000CDE901014FF6FF70CDE903016846FAF735
:1066A000ADFA6846FAF7D8FA0348046014B010BD92
:1066B0004038024000080040A400002070B50546A4
:1066C00000244FF47A7603E0304600F005F8641CAD
:1066D000AC42F9D370BD0000094910B50A684FF605
:1066E000FF7392B29B1A06E00C68944203D20C68C6
:1066F0001C44844203D20C68A41A8442F4D310BD13
:106700002408004038B5054600924C88CB888A881A
:1067100008882146FAF77FFD2846BDE838400AF090
:1067200047BB00002DE9F04FA1B0074614468A464A
:1067300004A80AF0C7FB4FF4A021384611F099FDD8
:106740009DF81D1060F382018DF81D10A18820882E
:10675000091A491C09B201EBD1714E103044ADF851
:106760007000608800213044ADF87200384611F0A6
:1067700046FE8146514608A810F002FE04A810907B
:106780004FF4003015902D48099000200A9007F131
:1067900030008346FDF70AF94AE02079032843D107
:1067A000208BADF81000208AADF812006079FD282A
:1067B00001D9484602E010FB09F0000A8DF81C00E0
:1067C0002568B5F92030E88B18440090D5E905120A
:1067D000A0680FF0A3FC8046B5F92030E88B184480
:1067E0000090D5E90512E0680FF098FC0546608B33
:1067F00008AA3044ADF85C001CA811901A21199425
:1068000038460DF0F5F8A9B21FFA88F0CDE900017D
:10681000BDF85C301CAA04A950460AF043FB08AA44
:106820001B2138460DF0E4F821465846FDF7BBF829
:106830000400B2D121B0BDE8F08F000088550208F5
:106840002DE9F74FC878A0B00C4602287DD9114633
:1068500001A808F0E6FFB4F92000012829DD94F82A
:106860002200FD2825D3208818B394F82300BDF812
:1068700004104008C0F380021144ADF80410BDF8C4
:106880000610C0F340000844ADF8060094F8231049
:10689000BDF808004908C1F3C001401AADF808006E
:1068A00094F82310BDF80A00C1F34001401AADF876
:1068B0000A00209801A9826805A8FCF70DF80028B5
:1068C00043D0E07B10F0070619D0E088ADF8000057
:1068D000BDF800006189884200D1002601A80BF0B4
:1068E000FFF907461C210EA8F9F722FDA0788DF8C4
:1068F0005100BDF80000ADF840001FB105E0606830
:106900000090E5E7208800B9EEB3E078FD2800D3D9
:10691000FF208346BDF80800BDF80410401A401C53
:106920000FFA80FABDF80A00BDF80610401A401CA4
:1069300001B289465046CA4500DB0846B4F900500A
:10694000B5EB600F00DB451000E043E0BDF8181028
:10695000BDF81400081A401C0FFA80F84FF0FF3001
:106960001D9000200790002D00DC87B140460FF0FD
:1069700013FC079000232A4601A916A80BF01CFC63
:10698000002116A800E01CE00AF0CAFF1D90BDF827
:106990001400ADF80C00BDF81800ADF81000079811
:1069A000119003A80E901390FF208DF850004A46D6
:1069B0005146A01D0DF016FC040018D0022E0CD07C
:1069C00015E001A80E90E0788DF850000EA92098EF
:1069D0000BF0AEFE23B0BDE8F08FBDF91410A06837
:1069E00000EB4100BDF90410A0EB41000F90002F17
:1069F0007DD0BDF9165027E02FB2ADF80E70ADF87E
:106A000012704246594607980FF03CFDBDF914102C
:106A100043463A4607980BF025F98DF848000128BF
:106A200002D102208DF84800012E08D1BDF90610D0
:106A3000A068691A00EB41000088ADF840000EA97B
:106A400020980BF075FE6D1CBDF91A00A842D3DA30
:106A5000B7E000BFBDF80600BDF9161038440FFAC4
:106A600080F9BDF80A00C01B0FFA80FA494503DD22
:106A7000BDF91A10514544DB4246594607980FF0BC
:106A800001FDBDF90C1043464A4607980BF0EAF8A1
:106A90008DF84800012802D102208DF84800BDF988
:106AA0001610494513DCADF80E90ADF81290012E8A
:106AB00009D1BDF90620A168A9EB020001EB400055
:106AC0000088ADF840000EA920980BF031FEBDF90A
:106AD0001A10514515DBADF80EA0ADF812A0012E2D
:106AE0000BD1BDF90600A268AAEB000000E009E0A6
:106AF00002EB40000088ADF840000EA920980BF092
:106B000017FE7F1CAF42A5DBBDF80400ADF878008E
:106B1000BDF80800ADF87C00BDF806002844ADF8CB
:106B20007A00BDF80A00401BADF87E001EA80BF0ED
:106B3000D7F8074630430CD001208DF84800BDF946
:106B40000A008DF850B0A0EB0509BDF90600054418
:106B500035E0BDF806008DF850B02844ADF80E00C1
:106B6000BDF80A000EA9401BADF8120000201190DC
:106B700020980BF0DDFD24E06FB14246594607989E
:106B80000FF080FCBDF9141043462AB207980BF0B1
:106B900069F88DF84800ADF80E50ADF81250012E8E
:106BA00008D1BDF90600A168281A01EB4000008851
:106BB000ADF840000EA920980BF0BAFD6D1C4D45B4
:106BC000DADD079808B10FF033FB1D98401C05D0A3
:106BD0001D980BF09DFB16A80BF066F8002C3FF4F7
:106BE000F9AE20460DF0F7FAF4E6F0B5074608696D
:106BF0008FB015460C46002871D0A17E02296ED9AF
:106C00000EF091F9022820D0694620690EF0EEF8C6
:106C1000012864D105A80AF075FBA0788DF8200042
:106C2000208BADF81C00E07E8DF81E00A07E8DF854
:106C30001F00207F4FF0FF36E0B300996888ADF861
:106C4000060006EB51510844A8E0002641F6FF700B
:106C5000CDE900600296D4E9041233460DA815F080
:106C600075FE284608F042FE01462A88BDF9340028
:106C700001EBD17102EB610200EBD071A2EB61017B
:106C80000844401EADF81000ADF80C10284608F07E
:106C900007FE01466A88BDF9360001EBD17102EBAF
:106CA000610100EBD072A1EB62010844ADF80E1057
:106CB000401E00E015E0ADF8120005A80AF0D8FD6E
:106CC00060690590208BADF82000A07E8DF82E0025
:106CD000009603AA05A9384623690AF02DFB0FB0D8
:106CE000F0BD284608F002FE298800EBD07001EBC9
:106CF00060000099C1F38A21A0EB5100ADF80400B7
:106D0000284608F0CDFD698800EBD07001EB6001EA
:106D10000098A1EB9051C0F38A22ADF80610BDF89F
:106D20000430521E1A4406EB5050ADF808200844B7
:106D3000ADF80A0001AA05A9384623690AF0BAFA93
:106D4000CDE700992888C1F38A21ADF80400491ED7
:106D5000084410E001AA05A9384623690AF0AAFAF6
:106D60000098BDF80410C0F38A200144ADF8041067
:106D7000BDF808100844ADF80800BDF90400B5F9E5
:106D800004108842E6DDBDF80610009801EB505172
:106D9000ADF80610BDF80A1001EB5050ADF80A002E
:106DA000BDF90600B5F906108842CADD97E7F0B5CF
:106DB000074691F8220087B016460C4602286BD988
:106DC000208C002868D094F8230010F03E0F63D088
:106DD000C00761D1B08831887288401A401C01B266
:106DE000F088B4F90050801A401C00B2814200DAE9
:106DF0000846B5EB600F00DD4510314604A808F0E9
:106E000010FD94F82300BDF91020C0F34401480799
:106E1000B4F9200001D4284440421044ADF81000D9
:106E20000807BDF91420B4F9200001D428444042D9
:106E3000101AADF8140094F82300BDF912104008A0
:106E40008007B4F9200001D4284440420844ADF83A
:106E5000120094F82300BDF916104008C007B4F9D9
:106E6000200001D128444042081AADF81600208CB9
:106E7000281A00B2002800DA0020A27894F8221024
:106E8000CDE90212E18BADF8041000902B4604AA64
:106E90003146384600F002F807B0F0BD2DE9FF4F4B
:106EA000A9B01D46DDE93879DDF8D88016460C46D4
:106EB000FF2F00D3FF2708460AF012FF2690284331
:106EC00050EA080074D029982146826808A8FBF788
:106ED00003FD002873D0BDF82400BDF82010401A2F
:106EE000401C00B204901C210AA80FF0FDFA04987F
:106EF0000FF052F90D904FF0FF302490002D0ADD75
:106F000000232A46214615A80BF056F9002115A8A2
:106F10000AF006FD24900123424631461BA80BF0DF
:106F20004BF900211BA80AF0FBFC259001A80A9050
:106F30000F90BDF8DC008DF84070ADF830008DF892
:106F40004190B4F900002290B6F900C0431963459E
:106F500000DC6346B4F904000FFA83F92190B6F916
:106F60000430401B984200DB18460FFA80F8B4F951
:106F700002E0B6F902000EEB05018246514500DC45
:106F800001460FB2B4F906B0B6F90610ABEB050234
:106F90008A4200DB0A4610B20590A8EB0900401CAB
:106FA00000B22790D6450DDC01200CE000E006E0A1
:106FB000009732462146379B299800F0B8F92DB04A
:106FC000BDE8F08F002082468B4501DB012000E008
:106FD000002083462698D8B3BDF82000ADF8040001
:106FE000BDF82400ADF80800BDF9224022E000BF42
:106FF000BAF1000F01D1A7421BDCBBF1000F02D197
:107000000598A0421ADB25B2ADF80650ADF80A503B
:1070100004990D980FF096FABDF920102A46049BAA
:107020000D980AF01FFE8DF838000AA929980BF078
:107030007FFB641CBDF92600A042D9DA1BA80AF028
:1070400033FE25980BF064F92498401C07D000E02B
:1070500009E015A80AF028FE24980BF059F90D98BC
:107060000FF0E6F8ABE72298604501DC012000E074
:10707000002013902198984201DB012100E00021BB
:107080000120009013981291084000EA0A0010EACB
:107090000B0F04D02798322801DA0020009001203D
:1070A00000998DF838001AEA010F0ED0ADF804905F
:1070B000ADF808806088ADF8060070880AA9401E07
:1070C000ADF80A0029980BF033FB00991BEA010F79
:1070D0000ED0ADF80490ADF80880F0880AA9401CE5
:1070E000ADF80600E088ADF80A0029980BF020FB07
:1070F000139878B12088ADF804003088ADF8067098
:10710000401EADF808000598ADF80A000AA92998B4
:107110000BF00EFB129878B1B0880AA9401CADF8AC
:107120000400A088ADF808000598ADF80670ADF829
:107130000A0029980BF0FCFA0098C0B1BDF92400B0
:10714000BDF92010A9F10102ADF80410904200DB56
:107150001046ADF80800401A401C05B2002D70DD45
:10716000139850EA0A0066D0BDF9224061E0BDF8EC
:107170002000ADF80400BDF82400ADF80800B4F913
:107180000200B6F90210401AA84200DB05460FFAC9
:1071900085F8002533E06088284406B2E088401B6B
:1071A00007B2BDF92200B04203DDBDF92600B842A6
:1071B00024DB04990D980FF0C5F9BDF9041032468F
:1071C000049B0D980AF04EFD8DF83800BDF92200A1
:1071D000B04207DCADF80660ADF80A600AA929984C
:1071E0000BF0A6FABDF92600B84207DBADF8067031
:1071F000ADF80A700AA929980BF09AFA6D1C45455A
:10720000C9DB8DE026B2ADF80660ADF80A6029460C
:107210000D980FF097F9BDF904102B4632460D98E2
:107220000AF020FD8DF838000AA929980BF080FAA1
:10723000641CA742E6DC139850EA0B001DD0059CA5
:1072400016E01AE026B2ADF80660ADF80A602946ED
:107250000D980FF077F9BDF904102B4632460D98C2
:107260000AF000FD8DF838000AA929980BF060FAA1
:10727000BDF92600641CA042E4DABDF9200008F143
:107280000101884200DC0846BDF82410ADF8040076
:10729000081A401C05B2ADF80810002D40DD129808
:1072A00050EA0A001BD0BDF9224016E026B2ADF824
:1072B0000660ADF80A6029460D980FF043F9BDF954
:1072C00004102B4632460D980AF0CCFC8DF838009D
:1072D0000AA929980BF02CFA641CA742E6DC129844
:1072E00050EA0B001CD0059C15E026B2ADF80660F4
:1072F000ADF80A6029460D980FF024F9BDF9041085
:107300002B4632460D980AF0ADFC8DF838000AA9DC
:1073100029980BF00DFABDF92600641CA042E4DAAE
:107320001BA80AF0C1FC25980AF0F2FF8FE62DE9B0
:10733000FF478EB00C46824615461C2102A81A9EB5
:107340000FF0D2F8CDF808D0BDF84400ADF8100029
:107350008DF82060B4F90200B5F90210884201DC12
:10736000012700E00027B4F90600B5F906108842AD
:1073700001DB012600E00026B4F90000B5F9001099
:10738000884201DC012100E000218946B4F90410A3
:10739000B5F90420914201DB012100E00021ADF8A4
:1073A0000000A088ADF804006088ADF8020068888D
:1073B0008846401EADF806001FB102A950460BF0EA
:1073C000B7F9E888401CADF80200E088ADF8060087
:1073D0001EB102A950460BF0ABF92088ADF80000B1
:1073E0002888401EADF8040017B1B5F9020001E08D
:1073F000B4F90200ADF8020016B1B5F9060001E0DB
:10740000B4F90600ADF80600B9F1000F03D002A9E7
:1074100050460BF08DF9A888401CADF80000A088FC
:10742000ADF80400B8F1000F03D002A950460BF0EC
:107430007FF912B0BDE8F0872DE9F04F8B46A2F539
:107440007F4195B091460646FF3944D0746A208C3E
:107450008046984204D02384608C40F0040060840D
:107460004FF4802A5146204611F0B9F9074651469B
:10747000204611F0D6F90546B7F90870304605F0F8
:10748000FAFCB0F916107A1909FB021105EBD57058
:10749000A1EB6000ADF8060038446D1E2844ADF83D
:1074A0000A00706A818AADF80410008BADF80800FC
:1074B00006A80AF051FF06AA5146204611F0BAFB71
:1074C00001AA06A958460AF033FFA4F82080608C70
:1074D00020F00400608415B0BDE8F08F2DE9F04382
:1074E0000E46A2F57F4191B090460546FF3956D031
:1074F0006C6A278C9F4204D02384608C40F0040087
:10750000608406A80AF0B4F94FF4802906AA494617
:10751000204611F0ECFA4946204611F082F9ADF808
:107520002A00284605F0A7FC050038D00698B5F9D2
:107530001620B0F90810BDF92A0000EB010C08FB79
:107540000C2200EBD073A2EB63021044491EADF88D
:107550000A200844ADF80E00A08AADF80800208B80
:10756000ADF80C0002AA0EA8B168FBF7B5F988B116
:107570000EA8D6F80880B06028460EF061F90346E0
:107580000020009005F1140206A9304609F0D4FE4F
:10759000C6F808802784608C20F00400608411B055
:1075A000BDE8F0832DE9F041274E0746706809F0E9
:1075B00019FC04463868856BE96A09B12846884792
:1075C000206850B1606828B907E070680068816A77
:1075D00001B1884720690028F7D101202061716836
:1075E0000968C9688A69D20702D08969890700D405
:1075F00000206061606908B1012600E0002638685B
:10760000416971B1016911F0300F06D0490704D505
:10761000D5E9001000F01AF803E0D5E90021FEF7E3
:10762000AFFA206800280BD06168002908D03A68BA
:10763000127CB243D20703D1A268824202D1A16078
:10764000BDE8F081A060FBE7F00000202DE9F34FDA
:1076500005468A4893B041680E683069820701D5B3
:1076600042076ED4C0F3011002281ED0012801D0B9
:10767000032866D100200F90084609F0B3FB83462B
:10768000A988B5F90000EA88091A491C0CB2B5F9B5
:107690000210521A521C17B24FF4A052B2FBF4F36C
:1076A000BB420FDAB2FBF4F20DE029463046149AE1
:1076B00000F0F0F8149A15B029463046BDE8F04FB6
:1076C000FEF75EBA3A460C920791317CC1F3011184
:1076D000012905D06880611E0844E8800020BDE0D3
:1076E0007188081A401EE880001B401C6880F5E77E
:1076F0000C99A7EB0A00884200DD084600B2019011
:107700000120CBF81000BAF1000F20D1A7421EDBF8
:107710000194307CC0F30110032810D000202146D2
:10772000149A00F0EAF8307CC0F30110012809D067
:1077300031880798081A401EA880001B56E00120D7
:10774000EDE797E0079828800798204466E00F98B7
:1077500020B94FF420500EF01FFD0F90307CC0F385
:10776000011003281BD000208646DDF850C0019987
:107770000F980A9014FB01F0401E0D90601E4843C4
:107780000E9000208146884222DA0E9ABEF1000F48
:1077900002EB090001D00D9A101A002212E001201C
:1077A000E2E70A9BBEF1000F03EB400863460CF1D1
:1077B000020C1B88A8F8003001D0084400E0401AF1
:1077C000521C12B2A242ECDB09F1010000B2D9E76F
:1077D000307CC0F3011001281BD031880798091AAA
:1077E000A1EB0A00401EA8800199401A401C288085
:1077F00001990AEB0108B84513DBDBF81800C00754
:107800000FD0DBF8180080070BD50120CBF814004F
:107810000AE007985044288001990844401EA88037
:10782000E6E70021CBF814100F9828B1024629464C
:107830003046FEF7A5F905E0149AF8E7B16A09B1F8
:1078400030468847DBF810000028F7D101981499DA
:10785000604301EB400014900FFA88F08246B84272
:10786000FFF646AF0F98002804D015B0BDE8F04FE2
:107870000EF0DEBC15B0BDE8F08F0000F000002077
:1078800030B504880D88058010880880188810801D
:107890001C8030BDF8B58B880C884D881B1BCC88AC
:1078A0005B1C641B641C13FB04F300245B1E0DE0D3
:1078B00002EB430602EB44073588ADF80050B7F8F9
:1078C00000C0A6F800C05B1E3D80641CA342EFD838
:1078D00043884C88CA881B1B5B1ECB8043889A1A3E
:1078E000521E4A8003880C888A881B1B5B1E8B8073
:1078F0000088801A401E0880F8BD2DE9F0470C462C
:1079000017468246002601EBD47931E00025601C41
:1079100000EBD07827E0A01B401E01B2601B401E88
:1079200000B2BAF1000F0AD015FB041207EB4203B4
:1079300011FB040107EB410210FB046009E010FB9E
:10794000046207EB420311FB040007EB400215FB46
:10795000041007EB400116FB045007EB4000FFF753
:107960008FFF6D1C2DB2B5EB680FD4DB761C36B2E1
:10797000B6EB690FCADBBDE8F08700002DE9F047E0
:10798000A2B005460CF02FF8044628460BF0F3FF92
:107990008246606A0DF054FF054694F85000C00717
:1079A00078D004A80AF0D8FC4FF4E02904AA49468C
:1079B000204611F03FF904F1440101A807F067FFE8
:1079C000606ABDF80410828A1144ADF80410BDF855
:1079D0000610C08A01AA0844ADF80600606ABDF826
:1079E0000810808A0844ADF80800606ABDF80A10E3
:1079F000C08A0844ADF80A0004A950460AF098FC71
:107A00004946204610F0A2FC06464946204610F0A2
:107A1000A5FD87194946204610F041FE4FF00008A9
:107A20001E490644CDF87480CDF87880E06C096872
:107A3000284488470246E06C41191DA80EF076FCE8
:107A4000BDF8040040F257423844ADF80400BDF8D8
:107A5000060041463044ADF80600606A10F026FE8C
:107A6000054612A809F004FF12AA4946204611F063
:107A70003EF89DF81300022804D8BDF85400A9B2BE
:107A8000884207D01DAB01AA12A95046CDF800804C
:107A900009F052FC22B0BDE8F08700001802002077
:107AA0002DE9F04FD3B005460BF09DFF0446284664
:107AB0000BF061FF4F9010A920460FF0BAFE002195
:107AC00040F60A02204610F0F1FD0546002140F67E
:107AD0000B02204610F0EAFDBDF84010BDF844202E
:107AE000491BADF840102A44BDF84230ADF844209F
:107AF0001B1ABDF84650511A2844ADF84600C01A6A
:107B0000401C0FFA80FAADF84230D4E90A02491C51
:107B10000FFA81FBA2EB0008D34501DB012100E055
:107B20000021894600213E9194F85C1001F0030188
:107B3000012908D1002806DA002A04DD216B8142E0
:107B400001D101203E900021204610F0E4FC21905C
:107B50000021204610F025FD36900021204610F02F
:107B600074FD20900021204610F081FC359004F136
:107B7000340010A9139007F06FFEA18E21980844DD
:107B8000A086218F3698081A2087E18E209801441C
:107B9000E186618F3598081A00B26087B9F1000F4D
:107BA00011D0E18E401A401C00B204281DDAE18A8F
:107BB0000AEBDA726FF0010000EB62000844E08625
:107BC000001D608711E0218FA08E081A401C00B2B2
:107BD00004280ADAA18A0BEBDB726FF0010000EBDC
:107BE00062000844A086001D2087218FA08E081AFD
:107BF000401C00B21890618FE08E081A401C00B241
:107C00002290B9F1000F05D004F13805DC48189F27
:107C1000139E04E004F13606DA48229F351D3A909F
:107C2000A36D581C14D0216DA06A626D091A101A38
:107C30007943784391FBF8F190FBF8F009B200B278
:107C4000401A5843C21700EB126001EB202005E0F8
:107C5000216BA06A081A784390FBF8F000B21690E6
:107C6000A26C501C14D0216CA06A636C091A181AFB
:107C70007943784391FBF8F190FBF8F009B200B238
:107C8000401A5043C21700EB126001EB202005E0C0
:107C9000D4E90910081A784390FBF8F000B23F903D
:107CA0002046002141F26A4210F000FDC0B2B9F155
:107CB000000F28D001280AD130462E4605463F98AD
:107CC000404200B23F901698404200B21690318870
:107CD0003F980844288031881698084430803E98A0
:107CE00088B3A06A4042784390FBF8F000B2B9F143
:107CF000000F15D031880844B5F9001000B2814258
:107D00000BDD308039E029883F98081A401C30800C
:107D100029881698081A2880E1E7318028802CE00D
:107D20002988081A401CB6F9001000B2814201DD12
:107D3000288001E029803080B5F90010B6F90000F4
:107D40008142EADB19E0FFE73A9913988847012856
:107D500013DC35A84F990FF013FB4FF4003042901D
:107D600089483690002037901398389035AA1A2108
:107D700020460BF03DFE35AAFBE050A8139907F012
:107D80006BFD68460AF0E8FA4FF400356A4629466A
:107D9000204610F04FFF23A84F990FF0F1FA4FF053
:107DA00000087948CDE924083095CDF89CD0139887
:107DB0002690454623AA1A2120460BF019FE20469C
:107DC0006022294610F072FC05B258465146D34550
:107DD00000DB0846B5EB600F00DD4510229A1899CC
:107DE000BDF90000914200DB1146B0EB610F00DDF0
:107DF0004810B9F1000F02D0228FA18E01E0628FEE
:107E0000E18E511A491C09B2B1EB400F18DD9DF803
:107E1000220012909DF803709DF81A608DF803807F
:107E20008DF81A808DF822806946139A4F980AF0CF
:107E30007FFA12988DF803708DF81A608DF8220081
:107E4000A18A219800230844ADF83401218B36988B
:107E50002A46081AADF83801E18A20980844ADF89E
:107E60003601618B3598081AADF83A014DA947A83B
:107E70000AF0A2F9002147A809F052FD17909DF8D9
:107E800022608DF8228045468DF8368010A90EA814
:107E900007F0E2FCBDF838102198084400B2ADF8B4
:107EA0003800BDF83A20209911440BB2ADF83A30B1
:107EB000BDF83C203699511A0AB2ADF83C20BDF805
:107EC0003E703599791A09B2ADF83E10B9F1000F3C
:107ED00012D0C81A401C00B204281FDAE18A0AEB4B
:107EE000DA726FF0010000EB62000844ADF83A006E
:107EF000001DADF83E0011E0101A401C00B204282D
:107F00000CDAA18A0BEBDB726FF0010000EB620070
:107F10000844ADF83800001DADF83C00BDF9002064
:107F2000002319A813990AF047F9002119A809F0AC
:107F3000F7FC07460EAA69464F980AF0F9F98DF842
:107F400022608DF803508DF81A508DF8365069462E
:107F5000139A4F980AF0ECF919A809F0A5FE47A862
:107F600009F0A2FE38460AF0D3F917980AF0D0F9C2
:107F700023AA1B2120460BF03BFD53B0BDE8F08F38
:107F800011F90008B9F80008E0B102082DE9F0473E
:107F9000B8B005460BF027FD044628460BF0EBFC75
:107FA00082460021204610F08FF90646204610F048
:107FB000A1FC054620460FF074FC854201DB012739
:107FC00001E00027284694F85C108046002001F06C
:107FD0000301012906D1A16A002903DAE16A002917
:107FE00000DD01208FB110B1606A00280ADB012E8C
:107FF00003D100BFB4F9340001E0B4F93800ADF8A2
:1080000000000BE0012EF8D0F4E710B1606A002800
:1080100001DBE08E00E0608FADF8020017A80AF0E7
:108020009BF94FF4403517AA2946204610F002FE6E
:108030003B4642466946204615F05EFB04F1680067
:108040006946814607F01AFC514605A80FF098F9D9
:108050002F4806900020CDE9125017ADCDE90895C4
:108060000790204613F0AAF8022806D005AA1A2184
:1080700020460BF0BDFC4A463DE0382217A926A851
:108080000EF054F905AA1A2120460BF0B1FC4A461D
:1080900017A950460AF04CF905AA1B2120460BF0FF
:1080A000A7FC4FB1012E02D0B4F9340001E0B4F9BD
:1080B0003800ADF8000002E0608FADF802003B46EA
:1080C00042466946204615F017FB04F160006946F8
:1080D000064607F0D3FB382226A917A80EF026F98A
:1080E00001200995CDE90706139005AA1A2120461B
:1080F0000BF07EFC324617A950460AF019F905AA82
:108100001B2120460BF074FC38B0BDE8F08700005E
:10811000C0B202082DE9F0438FB004460BF063FCB7
:1081200005460FF0FFFB074603A809F0A1FB03AAD1
:108130000021384610F0DBFC20460BF01CFC816867
:1081400004460E4607F114020DA8FAF7C5FB0028F5
:1081500050D00DA8A0600BA9384605F027F9A88AD1
:10816000ADF80400E88AADF80600288BADF80800E9
:10817000BDF82E00ADF80A0001AA1046A168FAF772
:10818000ABFB4FF000090DF1040878B1A768284651
:10819000C4F808800DF054FB034605F1140203A94E
:1081A0002046CDF8009009F0C7F8A760A88AADF87E
:1081B0000400BDF83200ADF80600288BADF80800C9
:1081C000688BADF80A0001AA1046A168FAF784FB93
:1081D00078B1A7682846C4F808800DF031FB034643
:1081E00005F1140203A92046CDF8009009F0A4F887
:1081F000A760A6600FB0BDE8F08300002DE9FF4F37
:108200009FB0987B8A7E00F00F04DDF8B0E00E4648
:10821000032C18D0012C1DD0022C21D0042C13D0FB
:10822000082C7DD1A24D4FF0FF0A6101FD2A2FD20B
:10823000A04F3878904202D17868A04225D0002023
:10824000DFF874821FE00424994D4FF0F00A103DCE
:108250001021EBE7964D4FF0800A163D0221E5E72D
:10826000934D4FF0C00A143D0421DFE715F800C01C
:10827000BCF1FF0F1DD01CFB02FC4FEA1C2C00BF01
:1082800008F800C0401C8842F0D38B4D3A707C60E7
:108290001F9AB3F80680188907902199926808FB05
:1082A00004F0B1F90010B2F90030994203DB002369
:1082B00002E09446E4E75B1A9B46B2F9043001EB16
:1082C00008079F4201DC414601E0591A491C8946D2
:1082D0002199B2F90230B1F90210994201DB002371
:1082E00000E05B1A1193079BB2F906200B449342FE
:1082F00001DC079901E0511A491C0A911199414387
:108300000BFB04100EEBD00100F007072C911C2191
:1083100015A80EF0E9F8B089ADF85C00B07E00E079
:10832000C2E08DF86C00B07FC0F3C2008DF86D0024
:10833000FBF78CFD08F05AFD079A08FB02F1814219
:1083400000DC08461C900DF027FF0790189021983C
:108350000026018801EB0B02ADF80C200188A9F181
:10836000010001442198ADF8101043881198184479
:108370008B1AADF81200ADF80E00ADF83810ADF85C
:1083800034200A99ADF836005B1C08441BB2ADF8E6
:108390003A000B930DA809F0A3FC1D9003A81590BB
:1083A0001A90C4F1080008EB0B010F90A1EB090033
:1083B00060431290119860E033462AFA07F059465C
:1083C0004FF0000C1FE02C9ADDF83C801278A8EBEF
:1083D0000708024032FA08F205D015F80280079A21
:1083E00002F8068002E0079A02F806C00F9A974248
:1083F00002D22744E04004E02C9A0027521C504649
:108400002C92491C761C4945DDDB1D9880B10798EC
:10841000BDF912201844BDF90C1080460B9B09F0E1
:1084200021FC8DF8640018B940460B990EF05CF8F9
:10843000A9EB0B0081191C98814205D2BDF81200EE
:10844000401CADF812000EE002208DF8640015A962
:108450001F980AF06DF9BDF81200401CADF80E002F
:10846000ADF81200002612982C99384401EBD00187
:1084700000F0070701982C91401C0A99019088424E
:108480009ADBBDF90E10BDF91200814209D0401EE1
:10849000ADF8120002208DF8640015A91F980AF0AB
:1084A00047F907980DF0C4FE23B0BDE8F08F000037
:1084B000F25302080401002014B500202DE9F04F0A
:1084C0008346B1F902000C46401E411000F0010045
:1084D0004618B2F90050B3F9000089B0854200DABD
:1084E0002846ADF80000B2F90000B3F90030984218
:1084F00000DC1846401EADF804005088801BADF823
:10850000020050880844ADF8060069460846DBF8CA
:108510000820FAF7E1F900281FD0E08818B1A088F8
:1085200008B1012700E000270125684609F0D8FBC3
:1085300000B907B100251C2102A80DF0D5FFCDF828
:1085400008D02088ADF81000207A6E468DF8200003
:1085500035B102A958460AF0EBF809B0BDE8F08F32
:10856000BDF80410BDF90000BDF90680091A491CC8
:108570000DB2BDF80210ADF806104FF0000A47B179
:10858000B4F90610B4F90420114490FBF1F201FB98
:10859000120A28460DF000FE079605908146BDF9A7
:1085A00002603EE0294648460DF0CCFFBDF90010C0
:1085B0002B4632B2484609F055FB8DF818000FB330
:1085C00000B3002150460B4617E000BFB4F9042069
:1085D000824205DB121A1144104409B200B208E0CD
:1085E000B4F906C06244824201DC002001E009F8CF
:1085F0000130491C401C09B200B2A942E6DB02204E
:108600008DF8180002A958460AF092F8BDF8020049
:10861000401CADF80200BDF80600401CADF8060095
:10862000761C4645BEDD48460DF002FE95E700008B
:108630002DE9FF4FB2F90240B3F90250C5B0AC4288
:1086400008DA128864F31F4062F30F0065F31F41DC
:108650001A8807E01B8865F31F40128864F31F41E6
:1086600063F30F0062F30F010FFA81F904B20514EE
:10867000A9EB04064FEA214AAAEB05070391002E55
:1086800001DD314600E07142002F01DD384600E097
:108690007842814201DD012000E0002015904698DB
:1086A000B0F90210159858B1002F01DD384600E0EE
:1086B00078424201002E01DD30460CE070420AE0B3
:1086C000002E01DD304600E070424201002F01DD46
:1086D000384600E0784292FBF0F0AB4A105C10FBA9
:1086E00001F03F30C0114FEA600800F0010202EBD8
:1086F000080B49464C4500DA2146A1EB0001ADF8D4
:10870000581001DD214600E049460144ADF85C10F7
:108710005146554500DA2946A1EB0001ADF85A1043
:1087200001DD294600E051460844ADF85E00459859
:1087300016A982680846FAF7CFF800287ED0159867
:10874000002100287BD0002E16DDAAEB080000B225
:10875000CDE90001A5EB080002B24B46214620A856
:1087600009F062FB0AEB0B00012100B2CDE9000128
:108770004B4605EB0B0015E00AEB0B0000B2CDE910
:10878000000105EB0B0002B24B46214620A809F080
:108790004BFBAAEB0800012100B2CDE900014B46DA
:1087A000A5EB080002B221460AA809F03DFB002112
:1087B00020A809F0B5F8189000210AA809F0B0F82F
:1087C000159046984FF0FF39C846407AC00623D42A
:1087D000A819032100B2CDE90001E01B03B22A462B
:1087E00021462BA809F020FB039902200A149119B5
:1087F00009B2CDE90010039801B2C81B03B236A834
:1088000009F012FB00212BA809F08AF8814600210B
:1088100036A809F085F88046BDF85C00BDF8581010
:10882000401A401C04B2FBF711FB08F0DFFA0546C2
:1088300016A807F047F8A84206D201E0A1E027E019
:1088400016A807F03FF80546AA4628460DF0A4FCF6
:108850008346BDF95E70BDF85A00ADF85E00002594
:10886000514658460DF06EFE1C2119A80DF03CFE35
:1088700016A9199146980088ADF86C004698BDF984
:108880005A60007A8DF87C00CDF870B01E9145E0FA
:1088900009EB0B00CDE900A103B204EB0B0001B220
:1088A0002A4620A809F0C0FA0121A9EB0800CDE969
:1088B00000A103B2A4EB080001B22A4674E700BF8E
:1088C000BDF958100BEB0500234632B2079009F0B2
:1088D000C9F98DF8740018B9214607980DF004FE07
:1088E00025442919514505D2BDF85E00401CADF85C
:1088F0005E0012E002208DF8740019A9459809F075
:1089000017FFBDF85E000025401CADF85A00ADF819
:108910005E00514658460DF015FE761CBE42CFDD76
:10892000BDF95A10BDF95E00814209D0401EADF874
:108930005E0002208DF8740019A9459809F0F8FE30
:1089400058460DF075FC20A809F0AEF90AA809F008
:10895000ABF9B9F1FF3F02D02BA809F0A5F9B8F1A6
:10896000FF3F02D036A809F09FF9189809F0D0FC13
:10897000159809F0CDFC484609F0CAFC404609F0BC
:10898000C7FC49B0BDE8F08FF25402082DE9F04F62
:108990008346B1F902000C46401E411000F0010070
:1089A000158889B00844281AADF8000010880844DA
:1089B000ADF80400B2F90210B3F90200814200DA06
:1089C0000846ADF80200B2F90200B3F9021088427D
:1089D00000DC0846401EADF8060069460846DBF894
:1089E0000820F9F779FF00281FD0E08818B1A08887
:1089F00008B1012600E000260127684609F070F959
:108A000000B906B100271C2102A80DF06DFDCDF8BC
:108A100008D02088ADF81000207A6D468DF820002F
:108A200037B102A9584609F083FE09B0BDE8F08FBE
:108A3000BDF80400BDF80010BDF90670401A401CD6
:108A40000FFA80F9BDF80200ADF8060048460DF0B7
:108A5000A3FB824605900795002056B1B4F90600A5
:108A6000B4F904100844BDF9021091FBF0F200FBC8
:108A700012108046BDF9025031E0494650460DF0D3
:108A800061FDBDF900104B462AB2504609F0EAF8E4
:108A90008DF81800A6B178B1B4F90410414502DA96
:108AA00000208DF81800B4F90600B4F90410014450
:108AB000414501DC4FF0000808F101000FFA80F891
:108AC00002A9584609F034FEBDF80200401CADF87A
:108AD0000200BDF80600401CADF806006D1CBD424A
:108AE000CBDD50460DF0A4FB9FE77CB505460AF0B0
:108AF0007AFF446A28460AF03EFF626A05468168AA
:108B000068461432F9F7E8FE002835D0AE68C5F89B
:108B100008D094F83C00800621D5628FE08E824216
:108B200008D1212329462046FEF786FC2046628F85
:108B300021231DE0202329462046FEF77DFC204608
:108B4000628F20232946FEF7C9FC2046E28E0123CE
:108B50002946FEF771FC2046E28E012308E02046FC
:108B6000628F20232946FEF767FC628F2046202370
:108B70002946FEF7B3FCAE607CBD00002DE9F04F46
:108B8000D5B005460AF02FFF0446008E00287DD0A0
:108B900028460AF0F0FE4F90608C49A940F004008E
:108BA000608420460EF045FE0025278C2584608CCD
:108BB000A94640F004012E46C846618433A809F056
:108BC000CBFB41A808F054FE4FF4A02A33AA51462B
:108BD000204610F02FF841AA514620460FF087FF9B
:108BE000608C002120F004006084204627840FF070
:108BF00033FD5390002120460FF040FC529000219D
:108C000020460FF08FFC5190002120460FF0D0FC41
:108C1000509020A84F990EF0B3FBB548CDF8B4A002
:108C2000CDE9210812A824900AA8259054E1761CC9
:108C3000B6B2606AAFA150F82600F7F78BFB0028A8
:108C4000F5D0E06A30F81500C0F3C001002974D1F6
:108C50008846C0F3C01109B14FF00108C0F34010BD
:108C600010B148F0800014E0A08EA84212D1B806DE
:108C700001D548F02008B80701D548F00208780768
:108C800001D548F00408380704D500E02CE148F08D
:108C900008008046A06A00EBC50103A806F0E5FDC8
:108CA000BDF80C10BDF82401B8F1000F0144ADF877
:108CB0000C10BDF80E20BDF826110A44ADF80E20A8
:108CC000BDF810201044ADF81000BDF812000844A3
:108CD000ADF8120026D0A4F82080608C40F004018A
:108CE000618412A809F038FB0AA808F0C1FD12AA95
:108CF000514620460FF09EFF0AAA514620460FF02B
:108D0000F6FE2784608C20F004016184E06A30F86C
:108D10001500C0F3003000289DF845000ED040F04B
:108D200001000DE0382233A912A80DF0FFFA20222D
:108D300041A90AA80DF0FAFAE8E7C9E020F001001D
:108D40008DF8450003A8239020AA1A212E952046CD
:108D50000AF04EFE9DF86B004108C9063CD520F094
:108D60003E001E308DF86B00B4F914305199BDF9F6
:108D70000C2019448A4203D120F008008DF86B00C2
:108D8000B4F918205098BDF91010101A814205D17D
:108D90009DF86B0020F010008DF86B00B4F91620E0
:108DA0005398BDF90E101044814205D19DF86B0017
:108DB00020F004008DF86B00B4F91A205298BDF928
:108DC0001210101A814207D19DF86B0081084900EA
:108DD00061F345008DF86B00BDF81210BDF90E006F
:108DE000091A491C0FFA81FB5FEA886108D5E16A1C
:108DF00031F81510890503D5A0EB0B00ADF80E0076
:108E000003AA12A94F9809F093FA606ABDF93C30A1
:108E1000BDF93A1050F826000890BDF82801BDF8B9
:108E200024C10A9AA0EB0C00401C00B2CDE900104E
:108E30009DF845C0CDF808C054A8089913F086FDE8
:108E4000BDF81010BDF80C00BDF95031091A491CCD
:108E500009B2C91A01EBD17100EB6100ADF80C0049
:108E6000BDF81210BDF80EC0BDF95221A1EB0C01E6
:108E7000491C09B2891A01EBD1710CEB610109B2ED
:108E80001844ADF81000881802B2ADF80E10ADF815
:108E900012205FEA88600ED5E06A30F81500800580
:108EA00009D50BEBDB70A1EB6001A2EB6000ADF824
:108EB0000E10ADF81200CDF8009003AA0AA9089B85
:108EC0004F9808F039FA20AA1B2120460AF090FD9D
:108ED0006D1C761CADB2B6B2208EA8423FF6A9AE8C
:108EE000608C20F00400608455B0BDE8F08F000075
:108EF00018B202080A0000002DE9F04FA7B005469D
:108F00000AF071FD044628460AF035FD2290002142
:108F100020460FF00DFA0546002141F612022046C8
:108F20000FF0C4FB28440FFA80FB002141F6130226
:108F300020460FF0BBFB28440FFA80FA00212046A0
:108F40000FF091FB28440FFA80F918A808F090FC64
:108F500018AA4FF4003120460FF0C9FDA06A08B1ED
:108F6000179009E080200DF017F905460146802290
:108F700020460AF0D3FA179594F83C00002700F039
:108F80000F00012800D101272046002141F26A424A
:108F90000FF08CFBC0B2012800D10127E06A002845
:108FA00069D00BF0C0FF804602280DD002A9E06A0C
:108FB0000BF01CFF01281BD04FF0FF363546E7B100
:108FC000A18A01EB0B001CE0BDF972009DF87D2029
:108FD00041F6FF718DE80700BDF97430189A15A8A5
:108FE000E16A13F0B3FCBDF95460BDF95650E6E7F1
:108FF0000298C0F38A26450DE1E7218BA1EB0A0018
:10900000801B711EADF814000844ADF81800B8F1CB
:10901000020F5ED020460EF044FC401BE18A00EBBC
:10902000D07001EB6000ADF81600691E0844ADF881
:109030001A0011A808F066F94FF4003811AA414649
:1090400020460FF00BFD06EBD6704010ADF848003F
:1090500005EBD5704010ADF84A00204643F60F02EC
:1090600041460FF023FBADF8440005AA11A9E36ABD
:10907000229808F01FF909A808F0FAFB09AA0021B4
:1090800020460FF034FDBDF936009DF8412041F631
:10909000FF718DE80700BDF9383007A8099A1799C4
:1090A00013F054FCE18A01EB0900BDF81E10ADF885
:1090B0000E000844ADF81200E06AE0B13FB3218B26
:1090C000A1EB0A00BDF81C10B0EB0100ADF80C00DC
:1090D00024E0E18A6D1E01EB0900ADF8160028447A
:1090E000ADF81A000020009005AA18A9E36A22989A
:1090F00008F022F9BFE720460FF0FCFBBDF91C1079
:10910000A28A401A00EBD07002EB6000DEE7A18A71
:1091100001EB0B00BDF81C10ADF80C000844ADF8D5
:1091200010000020009003AA09A9179B229808F0BC
:1091300003F9A06A002802D117980DF079F827B03A
:10914000BDE8F08F2DE9F04798B005460AF04BFCDA
:10915000044628460AF00FFC06460FA920460EF0EA
:1091600006FB94F848000025C10600D501258006BD
:1091700001D545F00205002120460FF0A6FBA0F521
:109180001C51D13904D1608C400501D445F004054F
:1091900007A808F06DFBB4F84400ADF83200B4F84D
:1091A0004600ADF834008DF8395007AA002120465A
:1091B0000FF09DFC9DF83800012708B98DF8387034
:1091C000E06B0890206C099008994FF6FF7081427F
:1091D00019D00999814216D04FF48028204644F2D4
:1091E000574241460FF062FA0090BDF80000ADF81A
:1091F0002A002046202241460FF058FA0090BDF880
:109200000000ADF82C0094F8480041F6FF7A00F019
:109210000700022801D003281ED19DF8380002283B
:1092200001D0032818D1BDF92E100295CDE9001AFE
:10923000BDF93030079A16A8616A13F087FBBDF8B4
:109240004000BDF83C10401A401CBDF9581000B257
:10925000884201DA8DF8387094F8480004F130073C
:1092600000F00700032809D0BDF84200BDF83E1009
:10927000401A401C00B2B0F5806F00DA00270FA939
:1092800014A8B268F9F728FB00287DD094F84800AC
:1092900040070BD120460EF077FC404202B200217D
:1092A0000FA806F048FB608BADF8420094F8480028
:1092B0000DF1500900F00700022813D0032811D047
:1092C00000970FAA07A93046636A08F035F8B0681E
:1092D000C6F80890804694F8480000F0070003287C
:1092E0000FD05FE0D6F80880C6F8089000970FAA64
:1092F00007A93046636A08F01FF84046C6F80880A0
:10930000E6E7BDF92E100295CDE9001ABDF930301F
:10931000079A06A8616A13F019FBBDF84000BDF872
:109320003C10401A401CBDF9181000B2884219DAEE
:109330002022114607980AF048FDB4F84410BDF801
:10934000182000EB400011440844ADF83200B4F896
:109350004600ADF8340000970FAA07A93046636AAB
:1093600007F0EAFFBDF84200BDF83E10401A401C6D
:1093700001B2BDF91A00814214DAB4F84410ADF814
:1093800032100799098900E00EE0B4F846200097F2
:1093900010440844ADF834000FAA07A93046636AA8
:1093A00007F0CAFFC6F8088018B0BDE8F0872DE9BD
:1093B000F04397B007460AF0D8FA054638460AF057
:1093C00012FB04464FF48026152D7DD0182D7CD13C
:1093D00038460AF0D0FA054607A808F049FA07AA65
:1093E000314620460FF083FB13A9204603F0DEFF31
:1093F00013AA15A8A968F9F76FFA002865D02046C6
:1094000003F040FD814620460FF074FA06464846B8
:109410000CF016FABDF92E10CDE9001602220292C8
:109420000146BDF9303005A8079A13F08FFA20469F
:109430000EF037FAB4F9161000EBD076B9F9160031
:1094400001EB6601471A48460EF02BFAB90391FB6F
:10945000F0F7002120460FF0CAF90799B0F908008B
:10946000B1F90810081A00EBD070BDF816104010C2
:10947000091A09B2ADF81610E28A794302EB6602C6
:1094800002EBA1310F1A002120460EF058FF804652
:109490002046002141F612020FF008F90646204648
:1094A000002141F613020FF001F9A28A06EB080130
:1094B0001144ADF84010ADF84270218B081AA0EBB2
:1094C0000800ADF8440001E01DE019E0BDF8160009
:1094D0003844ADF846009DF8390040F002008DF8A0
:1094E000390015A8AC68A86048460CF0A9F90346F5
:1094F0000020009010AA07A9284607F01DFFAC60C5
:1095000017B0BDE8F08338460AF035FA054610A9D1
:10951000204603F04BFF684608F01EFF6A463146BE
:1095200020460FF087FB10AA6946284608F000FF86
:10953000E6E72DE9F043ABB005460AF054FA0446DD
:1095400028460AF018FA8146002120460EF0F8FF5E
:109550000746002120460FF039F806460021204634
:109560000FF08FF80546002120460EF095FFA18AE6
:10957000E28AADF88A20238BADF88C30B4F81AC09B
:109580003944ADF88810991BADF88C10ACEB000095
:109590005119ADF88E00ADF88A1006A808F0DCFE6F
:1095A00006AA4FF4003120460FF044FB22AA06A978
:1095B000484608F0BDFE20460EF073F90546208BA4
:1095C000A18A411A491C481B06B2606A411C06D098
:1095D0007043C11700EB116040F30F2708E02046ED
:1095E0000EF034FE10F0010F01D0374600E00027E6
:1095F0002046002141F26A420FF058F8C0B201281B
:1096000001D1F01B07B2A08A3844ADF8000028440D
:10961000ADF80400E08AADF80200608BADF80600FA
:109620004FF44037394620460EF08AFF0646394649
:1096300020460EF0CBFF8046394620460FF021F839
:109640000546394620460EF027FFBDF80010BDF84C
:109650000420891BADF8001002EB0801ADF80410DE
:10966000BDF80210491BADF80210BDF80610084401
:10967000ADF8060014A808F06FFE14AA394620467B
:109680000FF0D8FA6A4614A9484608F051FE2BB0EC
:10969000BDE8F0832DE9F04FE5B005460AF0A3F9E7
:1096A000044628460AF067F98346826804F11401EB
:1096B00016A8F9F711F900287ED0DBF80800089009
:1096C00016A9CBF808102046002141F232020EF014
:1096D000EDFF00B25B90002120460EF0D9FF5F90B5
:1096E000002120460EF0DFFE6190002120460EF0A2
:1096F0002EFF5E90002120460EF06FFF4FF4A02554
:109700005D90294620460EF022FF0D902946204606
:109710000EF063FF0A90294620460EF0B9FF15901F
:10972000294620460EF0BFFE1490208C00260E9095
:109730002684608C40F00401618428A808F00CFEA7
:1097400028AA294620460FF075FA18A808F090F8C4
:1097500018AA294620460FF0CAF90E982084608C7A
:10976000002720F00400608420460EF01BFAE28AF5
:109770005F991144091A5B980844401EADF8160021
:1097800020460EF008FA5C90002120460EF0A3FD62
:10979000012800D000205A90594637A80DF0F0FD5E
:1097A0004FF4A0204490E04838900020399049A818
:1097B0003B9020A83C9000E093E0002089E0E16A23
:1097C000BDF8160031F919105791401C00B2491E1E
:1097D0000144ADF81610BDF95E10ADF812008842D4
:1097E0007CDC5A9850B1218B5D98091A5C98091A53
:1097F0005B98081A401EADF8100009E0A18A5E9837
:1098000001445C98091A5B980844401EADF81400A6
:10981000002558E0A06A4FF0000A50F8270008B170
:1098200090F800A05A9860B1BDF81000401EADF845
:109830001400216B31F81510401A401CADF81000CF
:109840000BE0BDF81400401CADF81000216B31F89E
:1098500015100844401EADF81400002621E0A16A4E
:10986000B81951F8200008B390F800A05FEACA7058
:109870001CD05A98216B002805EB06024FF002001D
:1098800000EB4200085A05D0BDF81010081AADF8D8
:10989000100004E0BDF814100844ADF81400761C64
:1098A000B6B2A08C7119401E8142D8DBBDF91600FA
:1098B000BDF95A10884217DAB819401C87B2A819A6
:1098C00080B2401C85B2A08CA842A3D809F1010047
:1098D00080B2E18C814649453FF671AF0898CBF8DC
:1098E000080065B0BDE8F08FBDF91020ADF83C2050
:1098F000BDF91210ADF83E10BDF91480ADF84080EE
:10990000ADF8420086469DF8C300C0F3440043070B
:109910000DD5B4F914C05E9B63449A4207DDBDF9CE
:10992000C03003EBD373A2EB6302ADF83C20820797
:109930000DD5B4F916305F9A1A44914207DDBDF98E
:10994000C02002EBD272A1EB6201ADF83E1001071C
:1099500011D5B4F918205D99511A491E88450ADAC3
:10996000BDF9C01001F0010201EBD17102EB610100
:109970004144ADF84010C00712D0B4F91A206198E4
:10998000101A401E86450BDABDF9C00000F0010137
:1099900000EBD07001EB600101EB0E00ADF842006E
:1099A000E28E00214A4569D1A08EA84266D1208C62
:1099B000420602D4820600D52021820701D541F05B
:1099C0000201420701D541F00401000701D541F031
:1099D0000801E9B32184608C40F00401618449A846
:1099E00008F0BAFC20A807F043FF4FF4A02849AACA
:1099F000414620460FF01EF920AA414620460FF0AE
:109A000076F80E982084608C20F0040161840FA801
:109A10003A90A18C37AA09FB015045901A212046A3
:109A200009F0E6FF0FAA49A9584608F081FCA06A90
:109A300050F82700F0B3BDF810100D98084403B299
:109A4000BDF814100A98ADF84430081A02B200E0CC
:109A500014E0BDF812101598ADF848200844ADF890
:109A60004600BDF816101498081AADF84A00CAF35B
:109A700040005FEA00080CD002210BE0382228A940
:109A800049A80CF053FC202218A920A80CF04EFC89
:109A9000BDE70021D01A401CBDF9922000B200920F
:109AA000CDE90101A06ABDF9943050F8271060A8F3
:109AB000491C00E031E0189A12F048FFB8F1000F9D
:109AC00014D15798BDF98221BDF8121000EBD07364
:109AD00001EB630002EBD272A0EB6200ADF846002E
:109AE000581000EB62000844ADF84A0004AA16A919
:109AF00062A8F8F7F1FE80B162A90020CBF8081047
:109B00000090A06A11AA20A950F8273058465B1C83
:109B100007F012FC16A9CBF8081037AA1B21204623
:109B200009F066FFC8E60000F8B202082DE9F04F20
:109B30008B46074690881188A9B0401A401C00B295
:109B400000EBD07046108819ADF87800508830448A
:109B5000ADF87A0020A807F0C3FE4FF4A02420AA95
:109B6000214638460FF012F818A807F0CBFB18AAC8
:109B7000214638460EF072FF002138460EF03FFCB9
:109B80008246594602A80DF0FBFB604803901EA8D0
:109B90000B9007F130002490F9F708FFAFE025683B
:109BA00013942079012801D0A0B3A4E0B5F92030A6
:109BB000E88B18440090D5E90512E0680CF0AEFA85
:109BC000A98B628A00B211448D19804612F0FAFD09
:109BD00010FB05F147F6FF7991FBF9F0BDF87A101B
:109BE0000844ADF89A00404612F0E8FD10FB05F17C
:109BF00091FBF9F0BDF878100844ADF89800A08A00
:109C0000ADF88000208AADF882006079FD2802D985
:109C1000504603E016E010FB0AF0000A8DF88800B9
:109C20000120109020A8089026A80C9002AA1A21C2
:109C3000384609F0DDFE26AB1EAA20A9584607F0DB
:109C400042FE53E02069E0B3B5F92030E88B1844B8
:109C50000090D5E90512E0680CF060FA054625A9E8
:109C600020690BF0C3F8BDF87800A18A411AADF85D
:109C70005810BDF87A00E28A801AADF85A00259A89
:109C8000C2F38A235B1E1944ADF85C104FF0FF311C
:109C900001EB52510844ADF85E006079FD2801D90E
:109CA000504602E010FB0AF0000A8DF86B00A08A13
:109CB000ADF86400E08AADF8660005EB8500400071
:109CC00000E018E0B0F5616F01DDA0F56160ADF86E
:109CD000600018A8099002AA1A21384609F088FEE7
:109CE00016AA18A95846236907F0E4FA02AA1B210C
:109CF000384609F07DFE21462498F9F754FE040009
:109D00007FF44DAF29B0BDE8F08F00008855020800
:109D100030B5054691F82A0089B00C4602285FD973
:109D2000E08C00285CD0114604A805F07AFD208D57
:109D3000BDF81010401E091AADF81010BDF8121031
:109D4000091AADF81210BDF814100144ADF8141042
:109D5000BDF816100844ADF8160004A906A805F0D1
:109D600060FDBDF81810E08CBDF81220091AADF89E
:109D70001810BDF81C100844ADF81C00BDF81A00FE
:109D8000E18C401AADF81A00BDF81E00E18C0844C1
:109D9000ADF81E00BDF81400BDF81010401ABDF853
:109DA0001610401C891A491C00B209B2B4F90020EF
:109DB000884200DA0146B2EB610F00DD4A10E08C08
:109DC000A178104403B294F82A00CDE90201A08CD6
:109DD000ADF80400009204AA06A92846FDF75EF833
:109DE00009B030BDF8B5044609F0FDFD0646204631
:109DF00009F0F7FD0446406BB0F5A02F51D1A06BE0
:109E00000025072805D22069C570206980F82250F6
:109E100012E081B22022304606F05FFA60B120697C
:109E2000C570206980F82250122010F041FA00908D
:109E30006069BDF800108181208F4FF4004281B22B
:109E4000304606F04AFA98B121696620C87030465B
:109E500012F07CFA00902069BDF800108180304635
:109E600006F039FAA16B884202D12169B220C8708C
:109E7000208F4FF4804281B2304606F02EFA00283F
:109E80000FD02169FF2081F82200304612F05EFADF
:109E900000902069BDF80010C1832169088C401C26
:109EA0000884F8BD2DE9F0418CB0054609F09BFD12
:109EB0000446284609F05FFD8046606A0BF0C0FC4E
:109EC000007800283BD1A06A002838D0007800280C
:109ED00035D001A807F0CCFC01AA4FF400212046A0
:109EE0000EF005FE94F85C00000705D59DF82100F2
:109EF00040F002008DF82100002120460EF02EFBDC
:109F00000746002120460EF0CAFB064600212046E7
:109F10000EF01CFA054604F1140109A805F0B7FC7F
:109F2000701902B2781901B209A805F004FD0020E9
:109F3000009009AA01A94046A36A07F0FDF90CB0F8
:109F4000BDE8F0817CB50446806961896D4686680C
:109F5000A08961B1002865D0814203D12289E388BC
:109F60009A427CD302297BD003297AD0AFE010BB80
:109F7000E088218988421ED2B4F9060012F022FC42
:109F8000B4F90410B4F90E20891A484321684988AD
:109F900001EBE030ADF80200E0885A3000B212F078
:109FA00011FCA18810FB01F02168098801EBE03069
:109FB000ADF8040040E020680088ADF8000020689B
:109FC000A18840880844ADF80600B4F9060012F0F4
:109FD000F9FBB4F90410B4F90E20891A484321683A
:109FE000498801EBE030ADF80200E0885A3000B259
:109FF00012F0E8FBA18810FB01F0216832460988C5
:10A0000001EBE030ADF8040069460846F8F764FC5F
:10A0100030B1A0696A4685602169A06908F088F9B5
:10A02000A08970BB2068A18800880844ADF80400AE
:10A0300020684088ADF80200B4F9080012F0C2FBB5
:10A04000A18810FB01F02168498801EBE030ADF8F0
:10A05000060020895A3000B212F0B4FB02E015E08D
:10A0600012E00FE0B4F90410B4F90E20891A484345
:10A0700021683246098801EBE030ADF800006946FE
:10A080001AE024E0022801D0012820D120683246BD
:10A090000088ADF8000020684088ADF80200206814
:10A0A000A18800880844ADF804002068A188408891
:10A0B0000844ADF8060029460846F8F70DFC30B113
:10A0C000A0696A4685602169A06908F031F9A06934
:10A0D00086607CBD7CB50446806961896D46866872
:10A0E000A08901290CD0012867D0814203D122899F
:10A0F000E3889A427ED300297DD003297CD0B5E045
:10A10000012822D1E088218988421ED2B4F90600B4
:10A1100012F058FBA18810FB01F02168498801EB7F
:10A12000E030ADF80600E0885A3000B212F04AFB89
:10A13000B4F90410B4F90E20891A4843216809883B
:10A1400001EBE030ADF8040042E02068A18800880F
:10A15000401AADF8000020684088ADF80200B4F95C
:10A16000060012F02FFBA18810FB01F0216849883E
:10A1700001EBE030ADF80600E0885A3000B212F092
:10A1800021FBB4F90410B4F90E20891A4843216860
:10A190003246098801EBE030ADF804006946084614
:10A1A000F8F79AFB30B1A0696A4685602169A06919
:10A1B00008F0BEF8A089012858D120680088401E08
:10A1C000ADF804002068A18840880844ADF8060076
:10A1D000B4F9080012F0F6FAB4F90410B4F90E203C
:10A1E000891A48432168498801EBE030ADF8020044
:10A1F000208902E018E010E014E05A3000B212F0BA
:10A20000E1FAA18810FB01F021683246098801EBD0
:10A21000E030ADF8000069461DE0022804D00328B4
:10A2200002D023E0022821D12068A188324600888C
:10A23000401AADF8000020684088ADF802002068A0
:10A240000088401EADF804002068A18840880844BA
:10A25000ADF8060029460846F8F73EFB30B1A06984
:10A260006A4685602169A06908F062F8A069866085
:10A270007CBD7CB50446806961896D468668A0898D
:10A2800002290CD002287ED0814203D12289E388A2
:10A290009A4279D3002978D0012977D0D4E00228D6
:10A2A0003FD1E088218988423BD25A3000B212F077
:10A2B00089FAA18810FB01F02168098801EBE030E0
:10A2C000ADF80000B4F9060012F07CFAB4F90410FD
:10A2D000B4F90E20891A48432168498801EBE0301F
:10A2E000ADF80600B4F9080012F06CFAA18810FB72
:10A2F00001F02168498801EBE030ADF802002089C7
:10A300005A3000B212F05EFAB4F90410B4F90E201B
:10A31000891A48432168098801EBE030ADF8040050
:10A3200066E020680088401EADF804002068A1881F
:10A330004088401AADF80200E0885A3000B212F0AE
:10A3400041FAA18810FB01F02168098801EBE03097
:10A35000ADF80000B4F9060012F034FAB4F90410B4
:10A36000B4F90E20891A484321683246498801EB26
:10A37000E030ADF8060069460846F8F7ADFA58B186
:10A38000A069856003E00AE03BE034E036E06A461D
:10A390002169A06907F0CCFFA089022854D1206868
:10A3A000A1880088401AADF8000020684088401E4F
:10A3B000ADF8060020895A3000B212F003FAB4F961
:10A3C0000410B4F90E20891A48432168098801EB6A
:10A3D000E030ADF80400B4F9080012F0F3F9A188F8
:10A3E00010FB01F02168498801EBE030ADF8020074
:10A3F000324669461DE0032803D025E0032800D03B
:10A4000010BB2068A18832460088401AADF80000D1
:10A410002068A1884088401AADF8020020682946CB
:10A420000088401EADF8040020684088401EADF84A
:10A4300006000846F8F750FA30B1A0696A46856010
:10A440002169A06907F074FFA06986607CBD7CB5B6
:10A450000446806961896D468668A08903290ED00B
:10A46000032867D0814203D12289E3889A427ED3B0
:10A4700002297DD001297CD002297BD0B1E00328BC
:10A480001FD1E088218988421BD25A3000B212F0D5
:10A4900099F9B4F90410B4F90E20891A48432168D7
:10A4A000098801EBE030ADF80000B4F9060012F0C5
:10A4B00089F9A18810FB01F02168498801EBE0309F
:10A4C00040E02068A18800880844ADF804002068B6
:10A4D0004088401EADF80600E0885A3000B212F005
:10A4E00071F9B4F90410B4F90E20891A48432168AF
:10A4F000098801EBE030ADF80000B4F9060012F075
:10A5000061F9A18810FB01F021683246498801EB0E
:10A51000E030ADF8020069460846F8F7DDF930B1E1
:10A52000A0696A4685602169A06907F001FFA089DA
:10A53000032856D120680088ADF800002068A18863
:10A540004088401AADF8020020895A3000B212F05B
:10A5500039F9A18810FB01F02168098801EBE0308E
:10A56000ADF80400B4F9080012F02CF903E016E08D
:10A5700010E013E00FE0B4F90410B4F90E20891ACA
:10A58000484321683246498801EBE030ADF80600C7
:10A5900069461BE018B1012801D022E008BB206801
:10A5A00032460088ADF800002068A1884088401A33
:10A5B000ADF802002068A18800880844ADF80400C6
:10A5C000206829464088401EADF806000846F8F786
:10A5D00083F930B1A0696A4685602169A06907F0F6
:10A5E000A7FEA06986607CBD70B5A4B00C46054688
:10A5F00020AA22A90DF0DEFA22A805F063F920B9FD
:10A6000020A805F05FF900283ED012A9284614F0D2
:10A6100057FA012838D1214668460CF0B1FE1B4894
:10A6200001900220029012A804904FF480300D9007
:10A6300022A805F047F980B122A803906A461A21A2
:10A64000284609F0D5F922AA12A9204607F070FE83
:10A650006A461B21284609F0CBF920A805F032F9FB
:10A66000002811D020AE6A461A212846039609F028
:10A67000BFF920AA12A92046039607F059FE6A46A0
:10A680001B21284609F0B4F924B070BDB853020864
:10A690002DE9F74FB1F92E00AAB014460E46002856
:10A6A00072D096F8361002296ED9012808D1B6F971
:10A6B0003400002804DC308E10B9708E0028EFD0F2
:10A6C0002088318E4218B08E151AADF82850A28815
:10A6D00011440B18ADF82C306088718E0844B18E8F
:10A6E000421AADF82A20E088718E0844B18E0144E8
:10A6F000ADF82E10B6F92E0000EBD070A5EB60057A
:10A700006D1EADF84C50012505EB60001844ADF806
:10A710005000B6F92E0000EBD070A2EB6000401E96
:10A72000ADF84E00B6F92E0000EBD07005EB6000DE
:10A730000844ADF8520096F836002990FD2801D95A
:10A74000FF2029902A9813A9826827A8F8F7C4F84F
:10A750000028A5D021461DA805F063F84FF0FF386A
:10A76000414642461DA805F0D9F8B6F900901DA84B
:10A7700005F0BCF804461DA805F092F884421DA817
:10A7800003DA05F0B3F802E0FEE305F089F8B9EB6F
:10A79000600F01DD4FEA6009B6F900400AA805F034
:10A7A000A5F805460AA805F07BF885420AA802DA52
:10A7B00005F09CF801E005F073F8B4EB600F00DDE4
:10A7C0004410B6F92E00051905FB05F040000BF00A
:10A7D000E3FC10900146B6F92E2023460AA814F097
:10A7E00095FA13A807F07CFA012720B9F078FF2822
:10A7F00001D3B07860B1002701234A461DA920A8E3
:10A8000007F0DAFC002120A807F08AF8269001E082
:10A81000CDF8988013A805F069F80BF0BDFC8346CD
:10A820001C2115A80BF060FECDF854D0CDF860B017
:10A83000CDF868D0B08DADF85C0096F836008DF894
:10A840006C00B0788DF86D00BDF85000BDF84C205C
:10A85000ADF80400811A491C09B201EBD17102EB79
:10A8600061010FFA81FABDF85220BDF84E10401B6D
:10A87000521A521C12B202EBD27201EB6202401C5D
:10A8800014B200B26A1EADF80000ADF80210114417
:10A8900009B20992ADF806105246504500DC104648
:10A8A000ADF80000A14200DB21462A98ADF8061061
:10A8B0006946826806A8F8F70FF8D0B34A461DA982
:10A8C00006A8F8F731F8A0BBBDF81C00BDF91810B8
:10A8D000BDF91A20401A401C00B20890BDF94E3054
:10A8E0001098D21A02FB0500BDF95020521B891A9C
:10A8F0000844401E059047B14A461DA906A8F8F72E
:10A9000083F810B101200F9000E00F9708980028FD
:10A9100027DDBDF81800ADF80000BDF81C00ADF84B
:10A9200004000220CDF860B08DF86400BDF91A80F3
:10A9300013E016E0ADF802800F98ADF8068070B312
:10A940000598189015A92A9807F0F2FE0598284452
:10A95000059008F101000FFA80F8BDF91E1041457D
:10A96000E8DABDF85000ADF80400401B401C00B20E
:10A97000ADF80000BDF85220ADF80620511B491C6F
:10A9800009B2ADF802105246504500DC1046ADF851
:10A990000000601C1190814216DD084615E0FFE7BB
:10A9A0002A46584605990BF0C1FCBDF918104246DD
:10A9B0005846089B07F056F98DF864000128C1D16C
:10A9C00002208DF86400BDE7601CADF802002A98F3
:10A9D0006946826806A8F7F77FFFD0B34A461DA9EB
:10A9E00006A8F7F7A1FFA0BBBDF81C00BDF9181021
:10A9F000BDF90620401A401C00B20890BDF91E3077
:10AA00001098D21A02FB0500BDF95020521B891A7A
:10AA10000844401E059047B14A461DA906A8F7F70D
:10AA2000F3FF10B101200F9000E00F970898002865
:10AA300027DDBDF81800ADF80000BDF81C00ADF82A
:10AA400004000220CDF860B08DF86400BDF91E80CE
:10AA500013E016E0ADF802800F98ADF80680B0B3B1
:10AA60000598189015A92A9807F062FE05982844C1
:10AA70000590A8F101000FFA80F8BDF91A104145C0
:10AA8000E8DDBDF84C0009992844ADF80000BDF898
:10AA90005000401BADF80400BDF84E00ADF80200B8
:10AAA000084400B2ADF80600A04200DB2046ADF835
:10AAB00006002A986946826806A8F7F70DFFB0B32A
:10AAC0004A461DA906A8F7F72FFFA8B17CE0FFE7CB
:10AAD0002A46584605990BF029FCBDF91810424644
:10AAE0005846089B07F0BEF88DF864000128B9D1DC
:10AAF00002208DF86400B5E7BDF81C00BDF8181001
:10AB0000BDF90220401A401C00B20890BDF91A108D
:10AB10001098891A01FB050005904FB14A461DA9FE
:10AB200006A8F7F771FF18B101200F9001E04BE084
:10AB30000F970898002847DD0F9860B10020189003
:10AB4000BDF81800ADF80000BDF81C00ADF8040019
:10AB5000BDF91A0033E0CDF860B0F1E7ADF802803E
:10AB60000F98ADF8068060B12998FF280598007805
:10AB700004D096F8361010FB01F0000A8DF86C0036
:10AB800013E00598089A017858460BF07BFCBDF954
:10AB9000181042465846089B07F064F88DF8640088
:10ABA000012802D102208DF8640015A92A9807F027
:10ABB000BFFD05982844059008F1010000B2BDF9D9
:10ABC0001E1080464145C9DA96F836008DF86C00B3
:10ABD000BDF84C002844ADF80000BDF85000BDF8A9
:10ABE0005210401BADF80400481B401CADF8061085
:10ABF00000B21199ADF80200884200DC601CADF88B
:10AC000002002A986946826806A8F7F765FE78B3BD
:10AC10004A461DA906A8F7F787FE48BBBDF81C00E9
:10AC2000BDF81810BDF91E20401A401C00B2089053
:10AC3000BDF906101098891A01FB050005900898C7
:10AC4000002851DD3FB14A461DA906A8F7F7DCFEF2
:10AC50000020189001E0CDF860B0BDF81800ADF804
:10AC60000000BDF81C00ADF80400BDF91E0036E080
:10AC70003AE000BFADF80280ADF806808FB14A46D9
:10AC80001DA906A8F7F7C0FE2998FF2805980078A7
:10AC900004D096F8361010FB01F0000A8DF86C0015
:10ACA00013E00598089A017858460BF0EBFBBDF9C4
:10ACB000181042465846089B06F0D4FF8DF86400F1
:10ACC000012802D102208DF8640015A92A9807F006
:10ACD0002FFD059828440590A8F1010000B2BDF9A8
:10ACE0001A1080464145C5DD96F836008DF86C0097
:10ACF000BDF85000ADF80400411BBDF84E00491CE2
:10AD00000AB22844ADF8002000B2ADF80200BDF848
:10AD10005210119B491B09B2ADF80610984200DB96
:10AD2000601CADF80200A14200DC2146ADF806101F
:10AD30005046524500DC02462A98ADF8002069468C
:10AD4000826806A8F7F7C8FDB8B34A464E461DA963
:10AD500006A8F7F7E9FD80BBBDF81C00BDF9181087
:10AD6000099A401A401C00B20890109802FB050096
:10AD7000BDF95020521B891A0844401E0590EFB1BE
:10AD800032461DA906A8F7F73FFE10B14FF00108A3
:10AD900000E0B846059818900898002836DDBDF800
:10ADA0001800ADF80000BDF81C00ADF8040002204A
:10ADB0008DF86400BDF91A6024E027E0B8465846D3
:10ADC000E9E700BFADF80260ADF80660B8F1000F2A
:10ADD00012D15846089A05990BF0A8FABDF9181037
:10ADE00032465846089B06F03DFF8DF86400012866
:10ADF00002D102208DF8640015A92A9807F098FC6A
:10AE0000761C36B2BDF91E00B042DBDA0022109883
:10AE100017E000BF00EB050EAEF10101002305EBCA
:10AE2000D57608E090F800C091F8008000F8018B1A
:10AE300001F801C95B1CB3EB660FF3DB521C7046D3
:10AE400012B2AA42E6DBBDF84C000999ADF8000049
:10AE5000084401B2BDF84E00119B284400B2ADF881
:10AE60000200BDF85220ADF80410521B12B2ADF82A
:10AE70000620984200DB601CADF80200A24200DC14
:10AE80002246AAF10100ADF806200C90814200DBB9
:10AE900001462A98ADF804106946826806A8F7F7BB
:10AEA0001BFDA8B34A464E461DA906A8F7F73CFD70
:10AEB00070BBBDF81C00BDF91810099A401A401C5F
:10AEC00000B20890109802FB0500BDF90020891A15
:10AED00008440590EFB132461DA906A8F7F794FD86
:10AEE00010B14FF0010800E0B84605981890089896
:10AEF000002835DDBDF81800ADF80000BDF81C00D5
:10AF0000ADF8040002208DF86400BDF91A6023E05A
:10AF100026E0B8465846E9E7ADF80260ADF80660AD
:10AF2000B8F1000F12D15846089A05990BF0FEF9B6
:10AF3000BDF9181032465846089B06F093FE8DF86E
:10AF40006400012802D102208DF8640015A92A9816
:10AF500007F0EEFB761C36B2BDF91E00B042DBDA1C
:10AF6000BDF84C000999ADF800000844BDF84E103A
:10AF7000099AADF80210114400B2ADF8040009B20C
:10AF8000ADF806100C9A00E05AE1904201DBAAF1FC
:10AF90000100ADF80400A14200DB21462A98ADF87B
:10AFA00006106946826806A8F7F796FCC0B34A46C1
:10AFB0001DA906A8F7F7B8FC90BBBDF81C00BDF9A9
:10AFC0001810BDF91A20401A401C00B20890BDF9B3
:10AFD00002301098D21A02FB0500BDF90020891A30
:10AFE00001EB000847B14A461DA906A8F7F70CFD7A
:10AFF00010B101200F9000E00F970898CDF860B0D5
:10B00000002822DDBDF81800ADF80000BDF81C00D6
:10B01000ADF8040002208DF86400BDF91A6010E05C
:10B0200013E000BFADF802600F98ADF80660C8B33A
:10B03000CDF8608015A92A9807F07AFB761CA84401
:10B0400036B2BDF91E00B042ECDABDF84C00ADF8E6
:10B0500000000999BDF85220084401B2501BADF818
:10B060000410401CADF8062000B2119AADF80200A1
:10B07000904200DC601CADF802000C98814201DBBC
:10B08000AAF101012A98ADF804106946826806A861
:10B09000F7F722FCC8B34A461DA906A8F7F744FCF7
:10B0A000A8B15AE0FFE72A46414658460BF03EF960
:10B0B000BDF9181032465846089B06F0D3FD8DF8AE
:10B0C00064000128B6D102208DF86400B2E7BDF813
:10B0D0001C00BDF91810BDF90620401A401C0FFADB
:10B0E00080FABDF91E301098D21A02FB0500BDF996
:10B0F0000020891A0E184FB14A461DA906A8F7F775
:10B1000083FC18B14FF0010801E026E0B846CDF805
:10B1100060B0BAF1000F20DDBDF81800ADF80000F6
:10B12000BDF81C00ADF8040002208DF86400BDF9E4
:10B130001E400EE0ADF80240ADF80640B8F1000F39
:10B140002FD0189615A92A9807F0F2FA641E2E44FB
:10B1500024B2BDF91A00A042ECDDBDF84C006946EE
:10B160002844ADF80000BDF85000401BADF80400C5
:10B17000BDF84E00CDF860B02844ADF80200BDF82F
:10B180005200401BADF806002A98826806A8F7F71F
:10B19000A3FBE8B34A461DA906A8F7F7C5FBA0B173
:10B1A00041E02A46314658460BF0C0F8BDF9181068
:10B1B00053462246584606F055FD8DF86400012896
:10B1C000C0D102208DF86400BCE7BDF91C10BDF9A8
:10B1D00018000A1A521C15B2002D24DDADF8041017
:10B1E000ADF80000BDF91A4019E000BFADF802400B
:10B1F000ADF80640294658460BF0A4F9BDF91810E1
:10B200002B462246584606F02DFD8DF8640000E0DE
:10B2100009E015A92A9807F08BFA641C24B2BDF93D
:10B220001E00A042E2DA2FB920A806F03DFD2698C4
:10B2300007F06EF810980AF0FBFF58460AF0F8FF86
:10B240002DB0BDE8F08F00002DE9F74FD8B0589829
:10B2500049909088B2F90030D4885188C01A401CB7
:10B26000611A00B2491C09B200EBD070401001EB2A
:10B27000D171B0EB610F00DB481028901844ADF895
:10B280000C00518828980844ADF80E0025A806F057
:10B2900027FB4FF4C02425AA214658980DF076FCD0
:10B2A0009DF89D0040F010008DF89D000BA806F061
:10B2B000DFFA0BAA214658980DF019FC13A85999EA
:10B2C0000CF05EF8E94814900320159025A8199019
:10B2D0004998209424300590F8F768FBBFE1249446
:10B2E000A08B2899BDF80C20084406B2A189A0883B
:10B2F000711A301A0FFA81FB111AADF82811BDF836
:10B300000E1002440B1AADF82C210844ADF82A3176
:10B31000ADF82E0147F6FF7501232A464AA943A836
:10B3200006F04AFFBDF80C200123A2EB0B00ADF89C
:10B330003001BDF80E00A0EB0B01ADF83211ABF1FE
:10B3400001010A44ADF834210844ADF836012A461B
:10B350004CA932A806F030FFBDF80C100023881B62
:10B36000ADF83801BDF80E20901BADF83A01701E03
:10B370000144ADF83C111044ADF83E012A464EA9F7
:10B380002AA806F019FF00212AA806F0C9FA419060
:10B39000608908B1401E01E04FF6FF70804600272B
:10B3A00049E100BF608908F101084FF0000A4045FB
:10B3B00002D1D0464FF0010AA069009062880021B6
:10B3C0003846521E63690AF0A9FE81462390BAF1FD
:10B3D000000F04D0A06839903090E08903E0206825
:10B3E00039903090E08800B2529002904998303005
:10B3F0000890F8F7DBFA43E0287902283CD1A968E5
:10B40000494539DCEA684A4536DB2B8A02981844FC
:10B4100000B20290688AAB8A984203D1688AADF87C
:10B42000E40029E0A87D4FF00003C0074FF0FF00C3
:10B430000090484601D1D4E905120AF06FFEC0B26F
:10B44000698A001DB5F814C0C308ADF8241088B28D
:10B4500040EA0041864A1FFA8CF040EA0040114061
:10B460001040401A584301EB5010104040EA104081
:10B47000ADF8000080B2399029460898F8F793FAA1
:10B480000500B9D1E08B784301026088401E91FB32
:10B49000F0F108123A90401CC9B209900091218C39
:10B4A0003A98084400B211F08DF90546218C0998AC
:10B4B000084400B211F086F90099C1F58072079234
:10B4C00012FB05F210FB01200512218C3A9808446A
:10B4D00000B211F073F90890218C0998084400B269
:10B4E00011F06CF9DDE9072112FB01F2009910FB64
:10B4F00001200212BDF8E400ADF894000298ADF806
:10B500009600409230444243BDF80C107F3201EB6C
:10B51000E231ADF8C4106843BDF80E107F3001EB86
:10B52000E030ADF8C60003A821971C900BA8189036
:10B53000BAF1000F5BD0419806F0EAFEB4F91010A2
:10B540004098ABEB01014843BDF80C207F3002EB83
:10B55000E03040904D43BDF80E007F3500EBE53AFA
:10B5600020220BA938A80AF0E1FE38A818904B4613
:10B5700040A2102154A80FF02BFE54A81E9013AA2D
:10B580001A21589808F034FABDF93E00002541F61A
:10B59000FF718DE82300BDF9403053A80B9A1E9926
:10B5A00011F0D4F9BDF94C11409801EBD172A0EB28
:10B5B0006202BDF94E01114400EBD07CAAEB6C0392
:10B5C000ADF81C20ADF820101844ADF81E30ADF8D1
:10B5D0002200009507AA1E9B1899599805F0ACFE09
:10B5E00000212AA806F09CF9419032A808E000202A
:10B5F00018901E9013AA1A21589808F0F9F943A838
:10B60000002106F08DF9054603AB31AA25A959980A
:10B6100006F059F9284606F07BFE13AA1621589821
:10B6200008F0E6F9BDF8C000ADF8940052987F1C10
:10B63000ADF89600FFB26088B8423FF6B3AE43A8BB
:10B6400006F032FB32A806F02FFB2AA806F02CFBEE
:10B65000419806F05DFE21460598F8F7A4F904002C
:10B660007FF43DAE5BB0BDE8F08F00008855020866
:10B670001FF8E007256400002DE9FF5F0C469346A4
:10B6800080462021DDF838A00DF061F9002878D03F
:10B69000BAF1030F40461DD00CF06FFA814609F055
:10B6A0009BFC002705463E46BAF1030F394640464B
:10B6B00013D00CF0AEFF8246002140460CF0BBFEDA
:10B6C0004946B9F1010F5DD0022963D0B9F1030FEA
:10B6D00066D13BE00CF04AFAE0E70CF000FF82464E
:10B6E000002140460CF041FF4946B9F1010F1ED040
:10B6F000022924D0B9F1030F52D1B8F81820B8F8B4
:10B700001410521A521C13B2A3EB0A02101A00EBC7
:10B71000D0720AEB6200084407B2298BA88A091A82
:10B72000491C09B201EBD17100EB610027E0B8F8C8
:10B730001410B5F9146001EB0A0007B230E0B8F854
:10B740001810B5F91860081A07B229E0B8F81A20DD
:10B75000B8F81610521A521C13B2A3EB0A02101AB0
:10B7600000EBD0720AEB6200084407B2688BE98AEA
:10B77000401A401C00B200EBD07001EB600006B232
:10B780000EE02FE0B8F81610B5F9166001EB0A00CC
:10B7900007B205E0B8F81A10B5F91A60081A07B22E
:10B7A000A01E039900B2002910DAB9F1000F15D0DC
:10B7B000BE4221DC12E0002C01DDA41C24B2E01703
:10B7C00004EB9070801004B0BDE8F09FBBF1000F57
:10B7D00012DAB9F1000F01D0BE420DDB002CEADA1B
:10B7E0000446E8E70398E04202D50398404204B2D9
:10B7F000BBEB040000D55C462046E4E770B5044688
:10B8000009F0DAFB48B1006882680AB1217A9047F2
:10B81000207E810743D4C0077CD1012600216068C7
:10B820000CF02CF800251AE0016899B1017ACA09D8
:10B8300010D0802904D0227A21F08001914209D1D0
:10B840004168E160016820468847207E810726D450
:10B85000C0075FD16D1C294660680CF00FF808B175
:10B86000002EE1D1214600200BF035FF050053D01A
:10B87000002160680CF002F8002619E0016891B11F
:10B88000017A0A060FD411B1227A91420BD1416894
:10B89000E160016820468847207E810701D50120AC
:10B8A00070BDC00736D1761C314660680BF0E6FFEC
:10B8B00010B1012DE2D02FE0012D2DD1606841683B
:10B8C00051B3217E490727D4217A232919D024296D
:10B8D00017D0A9030DF03BF8F0B1207A11381C28DD
:10B8E0000FD2DFE800F019191919191919191919C6
:10B8F000190E0E190E0E191919190E0E0E0E191910
:10B900000E196068406860602046FFF777FF0546C3
:10B91000012801D0002070BD284670BD2DE9FF4FE1
:10B920008A880B8889B0D21A521C17B2CA884988F3
:10B930000446511ADDE916B8491C19980FFA81F925
:10B94000012813D0022813D0032843D1434E00BF4F
:10B950005FEA08000ED0002006902088ADF81400A1
:10B9600098F80000FD2838D35A4639E03C4EEFE7FE
:10B970003C4EEDE72088ADF80000ADF808005A46CF
:10B9800000990C98B0470590002020E0002517E0B2
:10B99000BDF8080034F8151088420BD004EB4500C0
:10B9A0005A460088ADF81400ADF8080005990C98C7
:10B9B000B047059004EB4500BDF8141001806D1CE4
:10B9C000BD42E5DB0B9804EB400408F10100804622
:10B9D0004845DBDB0DB0BDE8F08F00FB0BF0020A41
:10B9E00005990C98B0470890002033E0002528E026
:10B9F00018F8050020B30699884205D1BDF8141047
:10BA000034F81520914216D0FD2801D35A4602E0A1
:10BA100000FB0BF0020A04EB45000088ADF81800AB
:10BA200006990C98B047089018F80500069034F86D
:10BA30001500ADF8140004EB4500BDF8201001809E
:10BA40006D1CBD42D4DB0B98189904EB400488446C
:10BA50000AF1010082464845C8DBBBE72B630008BA
:10BA6000B7620008916300082DE9FF4F83B00F46CD
:10BA7000DDE910860446F8F7E9F9B8883988401AF4
:10BA8000401C05B2F8887988401A401C0FFA80F9EA
:10BA900076B1BDF81800B8F1FD0F00EB0040009042
:10BAA0007DD3A5F104084FF0000BBDF818A034E1D8
:10BAB000B8F1FD0F0FD3002608E02A46204606996C
:10BAC00004F0EEFE0598761C04EB40044E45F4DBD2
:10BAD00007B0BDE8F08FBDF80010002060F304014E
:10BAE00089B260F34A1189B260F3CF21ADF800103A
:10BAF00088B20090BDF800000090014642460698CA
:10BB000004F0BEFF01900699404689B2CA0A42433A
:10BB100062F30F06C1F3451201F01F0101FB08F1AA
:10BB200002FB08F261F30F0762F31F46BA46C8F141
:10BB3000FF01002250E0002048E000BFBDF80030C7
:10BB400034F81070BB423BD004EB4003B7B21B8803
:10BB5000ADF80030ADF808309BB24FEAD32C0CFBA7
:10BB60000177803707EBC71C0CEBC737BDF80480A3
:10BB7000C7F3C45767F3CF28C3F3451C370C0CFB3E
:10BB80000177803707EBC71C0CEBC737C7F3C557E6
:10BB900067F34A181FFA8AF703F01F0300E0C3E0B7
:10BBA00003FB0173803303EBC31707EBC333C3F30A
:10BBB000C45363F30408ADF804801FFA88F30193BB
:10BBC00004EB4003BDF804701F80401CA842B5DBA5
:10BBD0000598521C04EB40044A45ACDB78E700278B
:10BBE00010E03278FF2A12D02088ADF804000199C5
:10BBF000069804F045FF0190BDF804002080A41CC5
:10BC0000761C7F1CAF425DDAB007EAD15AE0A4F897
:10BC100000A0F4E73068411C43D0E8B33278FF2A33
:10BC200053D02088ADF804000199069804F028FF4D
:10BC30000190BDF80400208016F8012FA41CFF2AF3
:10BC400046D02088ADF804000199069804F018FF4A
:10BC50000190BDF80400208016F8012FA41CFF2AD3
:10BC600039D02088ADF804000199069804F008FF47
:10BC70000190BDF80400208016F8012FA41CFF2AB3
:10BC80002CD02088ADF804000199069804F0F8FE45
:10BC90000190BDF8040000E011E02080A41C761C97
:10BCA0000FE0A00707D0A4F800A0022000990151DE
:10BCB000A4F806A003E000982060009860600834B3
:10BCC000361D3F1D4745A5DD1CE0A4F800A0B3E7E5
:10BCD000A4F800A0C0E7A4F800A0CDE7A4F800A055
:10BCE000DCE73278FF2A1CD02088ADF804000199E7
:10BCF000069804F0C5FE0190BDF804002080A41C45
:10BD0000761C7F1CAF42ECDB05980BF1010B401B4E
:10BD100004EB40041298401B0644CB45FFF65FAF8E
:10BD2000D6E6A4F800A0EAE700222188ADF80010CA
:10BD30009346104633E0002727E0307818B390424E
:10BD400005D0FF282FD000FB08F31B0A9B4690422A
:10BD500003D134F81700814210D0BBF1FF0F24D07B
:10BD600004EB47005A460088ADF800000099069899
:10BD700004F086FE0090327834F8171004EB470088
:10BD8000BDF800300380761C7F1CAF42D5DB0598E0
:10BD900004EB40041298401B06440AF1010082465D
:10BDA0004845C8DB94E64346D0E70698E2E7000042
:10BDB0002DE9FF4F83B00C46DDF84480F8F746F8D4
:10BDC000BDF818A08146B8F1000F0CD0A0882188DA
:10BDD000401A401C07B2E0886188401A401C0FFAE4
:10BDE00080FB002641E0B4F9026017E0B4F900508E
:10BDF0000FFA86F80DE010980290ADF804A0CDF887
:10BE00000080D9F800002BB2059AC7690399B8479A
:10BE10006D1CB4F90400A842EDDA761CB4F90600F2
:10BE2000B042E3DA07B0BDE8F08F002518E000BFAC
:10BE300018F8050098B11099ADF804A04843000A1D
:10BE4000029060880399304400B200902088059ADF
:10BE5000284403B2D9F80000D0F81CC0E0476D1C9C
:10BE6000BD42E5DB1298761C80445E45DDDBD9E7F8
:10BE700000680968884201D101207047002070479E
:10BE800040680A6820F04040904200D208600020DC
:10BE900070472DE9F04F002787B00446BA4609F0F5
:10BEA0008BF800680025B4F9141090F81890266AF1
:10BEB000A846002900DC4942B4F91600002800DC3D
:10BEC0004042814201DD0125ADE04FF00108AAE0CA
:10BED000102130460CF03BFD00287ED0CDE9005803
:10BEE000AB46CDF8088030460BF07AFDC10700D193
:10BEF0008B46810701D400210091410701D4002124
:10BF00000291000701D40020019030460BF03CFE66
:10BF1000059030460BF012FD049030460BF068FDA2
:10BF2000039030460BF0C4FD0599002902DC04990A
:10BF3000002910DD029919B1B4F916204A4507DA33
:10BF4000019941B1B4F91620C9F100018A4202DC1D
:10BF500037464FF00C0A0399002901DC002811DD57
:10BF6000BBF1000F03D0B4F914204A4507DA009959
:10BF700041B1B4F91420C9F100018A4202DC37460C
:10BF80004FF0030A0599002901DC00210291049970
:10BF9000002901DC002101910399002901DC4FF007
:10BFA000000B002801DC00200090BBF1000F03D043
:10BFB000B4F91410494517DA009828B1B4F91410EF
:10BFC000C9F1000081420FDD029818B1B4F91610D2
:10BFD000494509DA019800B100E010E0B4F9161003
:10BFE000C9F1000081420ADC0DB1032000E00C2001
:10BFF00094F83C1060F3030184F83C1016E04FF411
:10C00000807130460CF0A3FC35EA00000ED14FF4ED
:10C01000007130460CF09BFC38EA000006D1304637
:10C020000BF080FC0646002E7FF452AF4FB194F81F
:10C030003C1000206AF3030184F83C10A762A08240
:10C04000E08207B03846BDE8F08F00002DE9FF4FD1
:10C0500083B08B4682460BF089FD060012D041F674
:10C06000FF784446002150460CF039FA0090002138
:10C0700050460CF07AFA019050460BF054FB0746FC
:10C0800000255FE0002007B0BDE8F08FDAF8080077
:10C090003149006850F8250081460CF05FFCE8BB90
:10C0A0004FF4805148460CF052FCB8B3012E04D036
:10C0B000022E08D0032E44D11AE0B9F91400BAF8C0
:10C0C0001420009932E0BAF818200199B9F9180043
:10C0D000511A069A09B2104400B2584531DB059A4C
:10C0E00090422EDC401A00B2002821DD014620E0FB
:10C0F000B9F81820B9F81410BAF81830501A401CC2
:10C1000000B200EBD070BAF8142001EB6000991A6D
:10C11000491C0BB2009900B25B1A00E011E00199D2
:10C12000591A01EBD173009901EB63011144D0E777
:10C130004142002C01DD224600E06242914200DAD9
:10C1400004466D1CBD42A1D3444501D1002000E04E
:10C15000604200B297E70000010004002DE9FF4FA4
:10C1600083B08B4682460BF008FD060012D041F6E4
:10C17000FF784446002150460CF04BFA0090002115
:10C1800050460CF058F9019050460BF0CCFA074697
:10C1900000255FE0002007B0BDE8F08FDAF8080066
:10C1A0003149006850F8250081460CF0D7FBE8BB08
:10C1B0004FF4805148460CF0CAFBB8B3012E04D0AE
:10C1C000022E08D0032E44D11AE0B9F91600BAF8AD
:10C1D0001620009932E0BAF81A200199B9F91A002C
:10C1E000511A069A09B2104400B2584531DB059A3B
:10C1F00090422EDC401A00B2002821DD014620E0EA
:10C20000B9F81A20B9F81610BAF81A30501A401CAA
:10C2100000B200EBD070BAF8162001EB6000991A5A
:10C22000491C0BB2009900B25B1A00E011E00199C1
:10C23000591A01EBD173009901EB63011144D0E766
:10C240004142002C01DD224600E06242914200DAC8
:10C2500004466D1CBD42A1D3444501D1002000E03D
:10C26000604200B297E70000010004002DE9FF4F93
:10C2700083B00E46DDE910B41746002103980CF098
:10C2800016FB0546002103980CF081F80146F07872
:10C2900082070BD5C30742F2D17202D0954202D079
:10C2A00006E0914206D120F00200F070C00701D0F4
:10C2B0007D4800E07D488146F078C00712D07B4879
:10C2C0004FF0000AA4F802A0A4F804A0C4F810A03B
:10C2D000A4F800A0C4F808A0C4F80CA08046394611
:10C2E0000197ADE07048EBE70198B84206D04FF4F3
:10C2F000000128460CF02BFB002873D16C4928461E
:10C300000CF02CFB00286ED1002128460CF02EF8F2
:10C31000029070B32069401C2061A28802EB0B01DF
:10C32000A180217DC90771D000EB8000800009F059
:10C3300033FF0090F0B1E16851B12069401E00EB7D
:10C3400080008200009809F0F1FFE06809F070FFBA
:10C35000206900EB8001009800EB81004FF00001A4
:10C3600040F8145CF078C007284604D041F202027D
:10C3700003E039E0FEE741F205020CF097F921698C
:10C3800000B201EB8102009901EB820121F8100C4F
:10C39000F0784FF00001C007284602D041F20302B6
:10C3A00001E041F206020CF081F9216900B201EBD3
:10C3B0008102009901EB820121F80E0C206902999B
:10C3C00000EB8002009800EB820040F8081C206916
:10C3D00000EB8002009800EB820040F804AC00986B
:10C3E000E06013E032E020E02846494688470146F5
:10C3F000F078800705D5B4F9040042180698824207
:10C4000024DCA28801EB0B001044A08028464146A2
:10C4100088470146B4F90000814202DD28464146C2
:10C4200088472080A068401CA060F078400702D5B3
:10C430004FF0FF3000E0012001994118019105D42F
:10C4400003980BF05EF9051E7FF44EAFB4F90400BB
:10C45000002802DDA0EB0B00A080206908B106983F
:10C4600001E0B4F904006080CDB10198B84216D162
:10C47000039901AA8968096851F82050F078C0F33F
:10C480008001039800F0CEFD4DB128464146884713
:10C49000208028464946884760800120A060019896
:10C4A00007B0BDE8F08F0000F5880108A378010807
:10C4B000010006002DE9F04FB24D93B00446002173
:10C4C0002A880CF0F3F89DF81710421C62F3000163
:10C4D000820862F34101C00860F382018DF81710F1
:10C4E000204600216A880CF0E1F88DF814002046FF
:10C4F0000021AA880CF0DAF88DF8150020460021FA
:10C50000EA880CF0D3F88DF81600002120460BF0D5
:10C51000CDFE012800D0002081469DF817004FF085
:10C520000001C00720460CD00CF05EF882469DF852
:10C5300017004FF00001C007204605D00BF0BAFFEE
:10C5400004E00BF0B7FFF1E70CF04EF807909DF810
:10C550001700C007204602D00BF051F901E00BF0A4
:10C5600034F906902046002141F232020CF09EF888
:10C5700005462046002141F610020CF097F8E18AAA
:10C580002844461820460BF00DFB301AADF8200069
:10C590002046002141F612020CF088F8A18A2844B6
:10C5A000451820460BF0F7FA281AADF840009DF820
:10C5B00017009DF81660C00701D008AD00E010AD6F
:10C5C000002120460CF073F91190002120460BF059
:10C5D000DEFE83469DF81700C10708D0ABF51C525C
:10C5E000D13A02D1618C890509D5C10708D1119AC8
:10C5F000A2F51C51D13903D1618C490500D4002624
:10C60000B9F1000F08D0C00706D116B1012E02D033
:10C6100002E0012600E000260027ADF83C70B84695
:10C620008EB39DF81700400703D5A0684268521EDC
:10C6300015E0002213E000200E9009A90798CDE92B
:10C64000000105A92046069BFFF710FE0246BDF833
:10C65000241007EB0A00084407B208F10108A0689B
:10C660004068904201DD002AE5DAB8F1000F02D0FF
:10C67000A7EB0A0007B29DF81700C007204603D0B9
:10C680000BF0A3F802E00BE00BF0B9F80FA9CDE92D
:10C69000005101460FFA88F33A46304610F0EEFF9B
:10C6A0009DF81700410703D5A1684E68761E00E08B
:10C6B0000026B9F1000F04D0C00702D12888384401
:10C6C000288009AFA0684068B04249DD002E47DBF2
:10C6D00001200E900798CDE90007324605A92046B3
:10C6E000069BFFF7C3FD8046B9F1000F08D09DF807
:10C6F0001700C00704D12888BDF82410401A2880EC
:10C70000DDE90601BDF9202002AB019283E8830038
:10C71000BDF9400000904346324605A92046F9F78E
:10C7200075FA46460C9809F083FD00200C90B9F18B
:10C73000000F03D09DF81700C0070AD02888BDF865
:10C740002410BDF83C20014402EB0A000844288074
:10C75000B8E7BDF83C20298802EB0A00081AF6E782
:10C76000119942F2D170814201D0834502D1204615
:10C770000CF095FE00222B21204607F039F913B06A
:10C78000BDE8F08F0C0100202DE9F05F0546007E2A
:10C7900092468B46C0076BD14FF00108EC6800262B
:10C7A000C1467CB9287EC0F3C000401E30425FD134
:10C7B000B9F1000F5CD02846594688474FF0000871
:10C7C0000446C1460EB9261E52D0B8F1000F06D05D
:10C7D00021462846524690470446B04248D04FF082
:10C7E0000108002CDED020680BF030FD0006D8D404
:10C7F00027683AE0012138460CF0A9F880B32FB140
:10C80000012138460CF0A3F80028CAD1E868A042FC
:10C810002ED070B1284600F04FFA0246E8680F218A
:10C82000006807F0E5F8012822D1E86800680CF0FC
:10C830005CFB2846EC6000F03FFA0246E8680E21F7
:10C84000006807F0D5F8012812D1E86800680CF0FC
:10C850004CFB296900290BD02846BDE8F05F08474A
:10C86000FFE738460BF05EF80746002FC2D1CDE750
:10C87000BDE8F09F044AC1B251601168C1F3C01114
:10C880000029FAD070470000001001402DE9F34F55
:10C890008FB0054669460AF0CCFF28460CF02AF80E
:10C8A0000B9028460AF0FDFF0A90002128460BF065
:10C8B00039FE0790002128460BF07AFE074600213A
:10C8C00028460BF0C9FE0446002128460BF0D6FD91
:10C8D0008346002128460BF095FE06460021284697
:10C8E0000BF0F6FD06F0010106EBD67201EB6201DA
:10C8F00000F0010200EBD07002EB6000491C401C0C
:10C9000009B200B20D2900DB0D218A460D2800DB9B
:10C910000D2081460D2F00DB0D27B8460D2C00DBC6
:10C920000D2426465846BBF10D0F01DA074600E0FC
:10C930000D2700246BE0A86A00EBC40108A802F0F0
:10C9400094FFBDF920000799884213DCBDF900204F
:10C950000D2900DB0D21511A00EB0100ADF820007C
:10C96000BDF92200B04233DCBDF902100D2E07DA0A
:10C97000324606E0BDF80020A2EB09010844EDE7CD
:10C980000D22891A00EB01000B99ADF82200BDF9C8
:10C990002400A1EB0801891E424688421EDBBDF936
:10C9A0000010B8F10D0F0144104600DB0D200844C3
:10C9B0000A99ADF82400BDF92600C91B891E8842DA
:10C9C0001DDBBDF902100D2F08440DDA39460CE0CD
:10C9D000BDF80220A2EB0A010844D5E7BDF800101B
:10C9E000014401EB0900E3E70D210844ADF82600FE
:10C9F000002208A81099F6F757F858B905E0BDF8D5
:10CA00000210014401EB0A00F0E7641CA4B2288E76
:10CA1000A04290D8288EA04201D14FF6FF7411B0E9
:10CA20002046BDE8F08F10F0070000D101207047CC
:10CA3000B0F90C00032101EB400020F0030010309E
:10CA400070472DE9F05F89469346824600210BF03E
:10CA50005BFD0546002150460BF09CFD8046002101
:10CA600050460BF0EBFD0446002150460BF0F8FC5D
:10CA7000064650460BF03EFF411BA1EB080750460F
:10CA80000AF00FFF001B801B8742504605DA0BF0AF
:10CA900031FF411BA1EB080003E00AF002FF001B7D
:10CAA000801B00EBD07040F34F00BAF8141042190D
:10CAB0001144A9F80010BAF8161002191144A9F887
:10CAC0000210BBF1000F01D0ABF80000BDE8F09FF1
:10CAD000024A002112880BF0E9BD00001C01002071
:10CAE000034A10B5002112890BF0E0FDC0B210BD61
:10CAF0001C010020034A10B5002152890BF0D6FD1D
:10CB0000C0B210BD1C010020032901D2012300E0A6
:10CB10000023C01A03EB430301EB8301891EC1EB21
:10CB200041110C23B1FBF3F111446422B0FBF2F28A
:10CB3000014401EB9001891A4FF4C872B0FBF2F086
:10CB400008440721B0FBF1F201FB1200C0B27047AC
:10CB50002DE9FC470F0023D00569686928B10168F9
:10CB6000B94202D14068BDE8FC87698A00224FF0D3
:10CB7000040CC1F308040CE0AE6802EB820356F823
:10CB800023100CEB8303F35A791A8B420AD2521CFE
:10CB900092B29442F0D818B10760696900204860E9
:10CBA0000020E0E702EB82041222A86802EB840274
:10CBB0000026825C4FF00609022A0CD04FF00C0AC6
:10CBC0006AB1DFF8A8C008234FF01008032A0FD07D
:10CBD000012A26D043E009EB8402805A06E00AEBE2
:10CBE000840209EB84038258C05A515C461836E02F
:10CBF000ADF8041008EB8401CDF800C003EB840805
:10CC0000425A50F80810022301A8F7F751FA30B33E
:10CC1000A96851F80820801A09EB84024010895A4B
:10CC20001CE0ADF8041008EB8401CDF800C003EB64
:10CC30008408425A50F80810022301A8F7F738FA7E
:10CC400068B1A96809EB840351F80820801A0AEB3F
:10CC5000840240108A58C95A32F810000E186869C8
:10CC600010B107606869466030467CE745060208F7
:10CC70002DE9F0410D46044600F0FDF8071E19D0DD
:10CC8000F88A00212D1A38460BF0A9FD06890021EB
:10CC900038460BF0C6FD00EBD07105EB6101304466
:10CCA00009B200B291FBF0F0A18E80B2814201D8AE
:10CCB000491E88B2BDE8F0812DE9F0410026074603
:10CCC0003546304610E000BF08F0B7F9216DB94293
:10CCD00009D1022802D0042803D003E02046BDE891
:10CCE000F08126462546204608F06CF90400EBD179
:10CCF0000EB13046F3E70DB12846F0E7BDE8F0414C
:10CD0000002008F05FB900007CB5036900690025C8
:10CD10005B8AC4689E04A3682BD4980F17D00120A7
:10CD2000B0EB937F31D101EB0240266801901848A7
:10CD30000090A068042320F04042314601A8F7F794
:10CD4000B7F910B3801B801061680D561DE001EB30
:10CD500002202668ADF804000E4823F040420090FF
:10CD60000223314601A8F7F7A3F970B1801B4010E8
:10CD7000EAE76068405C995C38B131B1637B226856
:10CD8000401E10FB0320491E455628467CBD00006E
:10CD9000DBE80008EFE800082DE9FC5F88461F4645
:10CDA0001446824605464FF400310BF06AFA00EB58
:10CDB000D0704610A01B0FFA80F9A88EAC8C10F032
:10CDC000060F06D0C0F34100022804D0012845D048
:10CDD00004E0288D00E0E88C204484B204F15A007D
:10CDE00000B20FF0EFFC10FB09F0C51320B20FF0FA
:10CDF000E9FC10FB09F0C4134FF440394946504692
:10CE00000BF082FB8346494650460BF0C3FB019072
:10CE1000494650460BF012FC0090494650460BF034
:10CE20001FFBB8F8001030444A19A2EB0B01891B14
:10CE30003980B8F800104A19019931441144B98079
:10CE4000B8F802100A190099511A891B7980B8F8AC
:10CE5000021021440844F880BDE8FC9FB5F9300079
:10CE6000B5F93210084400EBD070B5F92E1040101F
:10CE70008142B0DBADE7406A002802D000210AF011
:10CE800040BC704700210AF03CBC00002DE9F04195
:10CE900005460F46698C00200426C1F3C503EA68E5
:10CEA0000FE000BF06EBC00414595FEAC41C07D5AD
:10CEB00024F07F44BC4203D152F83000BDE8F08139
:10CEC000401C8342EED84FF0806000EB71204FEAA7
:10CED000F0506884C0F3C500C100104609F0FEF9A7
:10CEE000E860C0B3688CC0F3C504641E16D06FF050
:10CEF00003025300E86802EBC40141585FEAC11C19
:10CF00000CD489010AD403EBC40C00EBC4018444A3
:10CF1000641EDCE9000CC1E9000CEBD1E8680821D3
:10CF200000EBC40009F0E0FA082009F009F9E9680B
:10CF300041F834000EF0CBF9EA6806EBC400115852
:10CF400041F080711150EA6867F317011150E868E9
:10CF500050F83400B2E7FFE7FEE700002DE9FC419E
:10CF60000068C068C068B0FBF1F4944200DD14466C
:10CF7000154F78680068806920B30020ADF8000084
:10CF8000ADF80400ADF8020025B2681E06B2ADF897
:10CF9000066078686946006882699047BDF80600B7
:10CFA000BDF80210401A401C00B2A04202DD351E3E
:10CFB000EBDC01E0002D02DC0020BDE8FC81BDF9C6
:10CFC0000640641C2046F8E7F0000020491E01D509
:10CFD000401E0C310C2901DB401C0C3901290DD0FD
:10CFE000072091FBF0F200FB121000EBD07121F052
:10CFF0000101401AC0F11F00C0B2704781070CD177
:10D000006421B0FBF1F201FB120149B94FF4C87180
:10D01000B0FBF1F201FB120010B100201C30EBE775
:10D020000120FBE7136821B15B1E13600BD48068FD
:10D0300005E05B1C1360806841688B4203DA00687E
:10D0400050F823007047002070472DE9F84315463B
:10D050000E46044607F0B0FF07F0EFFF01280AD0A4
:10D06000032808D04FF6FF7005B1288006B1308044
:10D070000020BDE8F88307F09FFF694607F0B2FF84
:10D080004FF0000875B320460AF085FDBDF800108A
:10D09000084407B2002120460BF01DF901280CD0EE
:10D0A000A08A00213F1A20460BF051FA381A02B22A
:10D0B0004046A5F80080002110E0002120460BF03A
:10D0C0008CFA218B081AC01BF1E7236B33F8103060
:10D0D000194409B28A4205DB401C2880A38C80B227
:10D0E0009842F2D3FEB120460AF05CFDBDF8021072
:10D0F0000844E18A451A002120460BF0C9FA281A93
:10D1000002B24046A6F80080002108E0E36A33F846
:10D110001030194409B28A4205DB401C3080E38C90
:10D1200080B29842F2D30120A3E72DE9FF4F83B0EC
:10D1300005461F460598F6F790FE01218140B5F897
:10D14000208001F0FF096FEA080080B2019095F895
:10D1500022004FF0FF36C0F3800B00244FF0040A8A
:10D1600022E0E96801EBC4004268920149D5BBF1B5
:10D17000000F18D10AEBC4028958049AC1F3074181
:10D18000090491420FD10068817911EA090F0AD090
:10D190006A4605990EF06AF828B1009838600120B7
:10D1A00007B0BDE8F08F641C688CC0F3C500A042D6
:10D1B000D7D826E0E8680AEBC40200EBC401805827
:10D1C000C0F307421FFA80FB04981204824217D171
:10D1D0000868817911EA090F12D0019A1BEA020F3F
:10D1E0000ED1B3450CDD6A4605990EF03FF838B113
:10D1F0005846C345D1D05E4502DA064600983860ED
:10D20000641C688CC0F3C500A042D3D8002EC4DAD9
:10D210000020C5E72DE9F047814642F30006C0F142
:10D220005A001D460F46540800B2761C0FF0CAFA89
:10D23000A7EB040800FB08F0C71148460FF0C2FA3C
:10D2400000FB08F0C011002F06DD7F3F39120A1BDA
:10D2500032442A80214405E07F3739120A1B2144D9
:10D260002A80891BA980002806DD7F380012011B57
:10D2700031446980204405E07F300012011B2044C6
:10D280006980801BE880BDE8F0870000024A002129
:10D2900092880BF00BBA00001C0100202DE9FF4F13
:10D2A0000746808C85B0484384B20798A146002584
:10D2B0000289DDE915100844049010440FFA80FA41
:10D2C00057E0BB6A53F8241079B3D7F830C0002672
:10D2D000401E3CF915B013E0A21953F8222092B178
:10D2E0001278D2070FD0AA194FF0020808EB4202B9
:10D2F0003CF80280761C08EB0B020FFA82FBB6B2F8
:10D3000072198242E8DB002001B1087880070DD550
:10D3100007981599B0F90800014416980844514639
:10D32000504500DC08460FFA80FA1EE0DDE91302E2
:10D330000244ABEB020000B2129ACDE900200023B8
:10D340000293DDE9072303A8491C0FF0FFFABDF99A
:10D350000E10049808445146504500DC08460FFA68
:10D3600080FAA01984B2A81985B2641C6D1CA4B2FD
:10D37000ADB2B88C00EB0901A142A2D809B0504669
:10D38000BDE8F08F034A10B50021D2890BF08EF969
:10D39000C0B210BD1C010020034A10B50021128A42
:10D3A0000BF084F9C0B210BD1C0100202DE9FC4136
:10D3B0000C46064600210BF01AFA05464FF4802170
:10D3C00030460BF014FAB5F90870B0F90850002196
:10D3D00030460BF034FAE91901EBD17100EB610032
:10D3E00005B230460AF05DFAF18A00EBD07001EB2D
:10D3F000600005EBD571A0EB610060802844E080FF
:10D40000694630460AF015FABDF800002080BDF8E4
:10D410000400A080BDE8FC812DE9FF410646FFF72E
:10D4200031FD040021D04FF48027394630460BF0FF
:10D43000DEF90546304641F25A4239460BF036F9DC
:10D4400006B2204608F0FCF90146002041F6FF72C2
:10D45000CDE90002029033462A4603A80FF076FA7F
:10D46000BDF90C0004B0BDE8F0810020FAE700002F
:10D470002DE9F04104460D46668C00200423C6F3D6
:10D48000C501E2680BE000BF03EBC007D7595FEAB4
:10D49000871C03D527F07F47AF4202D0401C814252
:10D4A000F2D8814203D002EBC000BDE8F0814FF01A
:10D4B000806000EB76204FEAF0506084C0F3C50036
:10D4C000C100104608F00AFFE060608CC0F3C500A0
:10D4D000401E0DD06FF00702E16802EBC00601EBC1
:10D4E000C0030E44401ED6E90016C3E90016F3D16E
:10D4F0000821E06808F0F8FF082008F021FEE16844
:10D5000008600DF0E4FEE168486840F00070486093
:10D51000E16865F317004860E068C6E738B50C4875
:10D520000D46144690F820004FF00201C0074FF05E
:10D53000120002D00CF08AFE01E00CF09FFE2246A1
:10D54000294603F0D1FA0090BDF8000038BD000074
:10D550003CB600202DE9F0474FF0000CDDE90964EE
:10D56000089DDDF82CA0E1466F1E09BB052A03D0FB
:10D57000062A01D0042A02D10023012D01D0002166
:10D5800009E001225FF000019C4436F81180491C3B
:10D59000C4440FFA8CFCA942F6D3ACEB030109B2E8
:10D5A000072A2AD2DFE802F004070B2921160D0012
:10D5B000A4F8009021E0411A01EBD17112E0411A68
:10D5C00011E0411A09B23AB291FBF2F1A4F80090CD
:10D5D0000BB212E0411A09B22AB291FBF2F10BB27E
:10D5E00003EBD3714910218007E0411A0AB2691C8C
:10D5F00009B292FBF1F10BB2238000210BE000BFD6
:10D6000034F8112036F811C0624404EB410C1A447E
:10D61000ACF80220491CB942F2D304EB450106EBF9
:10D62000450231F8021C32F8022C11442288891A72
:10D630000AB2BAF1000F0CD0002108E034F8113022
:10D6400036F81170C31ADB1B24F81130491CA942AB
:10D65000F4D31046BDE8F08770B58AB00446FFF7F2
:10D6600037FA05462046FFF711FE002D5FD000284F
:10D670005DD069462046F7F771FF0C2107A808F036
:10D6800033FF2046002141F232020BF00FF805462D
:10D690002046002141F612020BF008F846192046F8
:10D6A000002141F610020BF001F8054420460AF073
:10D6B00072FAA18A3144081AADF8240020460AF013
:10D6C00071FAE18A2944081AADF82600002507E01E
:10D6D000006807AA694650F8250000F077FF6D1C26
:10D6E000A0684168A942F3D8009808F0A1FD01980C
:10D6F00008F09EFD029808F09BFD039808F098FD45
:10D70000002120460BF0DAF80546002120460AF0F9
:10D7100045FE42F2D1718D4201D0884202D12046AD
:10D720000BF0BDFE00222B21204606F061F90AB065
:10D7300070BD0021A0F13002092A01D8D1B216E053
:10D74000612801D32038C0B2413806280FD2DFE863
:10D7500000F0030507090B0D0A2108E00B2106E084
:10D760000C2104E00D2102E00E2100E00F2108460B
:10D7700070472DE9F0470446406A4FF4404102F0FB
:10D78000EEFA94F92E10A08D0122FFF7BDF905469F
:10D79000206B18B300264FF002084FF00309AF1DAD
:10D7A0004FF4004A17E0206BA28D30F8261091420A
:10D7B0000FD108EB8601415694F92E20914208D1F1
:10D7C00009EB860140565246384481B2606A02F045
:10D7D00090FD761CB6B2A08EB042E4D8A08D218D0B
:10D7E000884211D194F92E1094F92A0081420BD16C
:10D7F00094F92B00AD1D284481B2606ABDE8F04762
:10D800004FF4804202F075BDBDE8F0872DE9F0418C
:10D810000446406D0D4600282BD0A968022230F93D
:10D82000217002EB8101465EA87B01280AD1B4F980
:10D830000C00B84203D1B4F90E00B04202D0201D52
:10D8400000F088FC201D00F0E9FC002811D12781A0
:10D850006681A87B012804F104000CD000F07AFC5A
:10D86000201D00F0DBFC002803D12089A081608905
:10D87000E081BDE8F08100F07DFBF1E770B5254C5B
:10D880000546042160680BF062F8002828D0E96A98
:10D890006068814224D009F0FFFF0646E86A08B1BB
:10D8A00009F0FAFF86421CD11EB1606806F07EFDC9
:10D8B0000FE0E86A40B10F21A26806F099F8284607
:10D8C00000F0ACFC00280BD1D4E901020E2106F0D7
:10D8D0008FF8284600F0A2FC002801D16068E862B9
:10D8E00070BD78B1EB6A53B1A26888B110211846B7
:10D8F00006F07EF8284600F091FC0028F0D1002EBA
:10D90000E2D0D2E7E86A0028F9D00F21A268EFE759
:10D910000F21ECE7D00000202DE9F0470D4604462A
:10D92000897B40794FF0000801292AD0010708D5EA
:10D9300020F0080121F00101C4F84480617184F8ED
:10D940000880277AA87B20726868E060D4F850903D
:10D950005FEA09007ED006F085FDB34E00287060B6
:10D9600078D0A87B08B1A5F80C80484606F07AFD6F
:10D97000706000286ED0A97B012905D000296AD0EB
:10D980000AE1000766D4DCE717B1012F30D003E1CC
:10D990000EF0FAFC606469680A2909D014291AD0CB
:10D9A00013291BD01B291DD0484606F0C5FDF3E006
:10D9B00070680BF0E0FA20B9102170680AF0C7FF18
:10D9C00008B1012700E00027484606F045FD8743DF
:10D9D000D6D1012163E0A889401E01E0A889401C3E
:10D9E000A881D9E01B21484606F0A6FD202156E07B
:10D9F0006079C0073DD1606C0EF0C0FC2168898B56
:10DA00008842607933D940F0010060710EF0BCFCAF
:10DA1000A06468680A2819D170680BF0ACFA20B9C4
:10DA2000102170680AF093FFB0B1484606F021FD5E
:10DA300001280BD9484606F00FFD80F00101484649
:10DA400006F085FD2021706809F06EFA607940F0DB
:10DA50000100A0E087E02CE0D6E90102052105F0F5
:10DA6000C7FF201D00F0DAFB00287CD1EEE7C007DD
:10DA70001ED0A06C0EF082FC2168C98B884217D999
:10DA80000EF082FCA06469680A2907D01429A2D08C
:10DA90001329A3D0484606F04FFD04E00621D6E93D
:10DAA000010205F0A5FF201D00F0B8FB00285AD1A7
:10DAB00072E0012F70D169680A2967D10BF05BFA17
:10DAC00020B9102170680AF042FF80B3484606F082
:10DAD000C3FC002860794FEAC07052D020B148469C
:10DAE00006F0C7FC012847D8D6E90102082105F055
:10DAF0007FFF201D00F092FB00286AD1D6E90102C9
:10DB0000042105F075FF201D00F088FB002860D17E
:10DB1000D6E90102072105F06BFF201D00F07EFB16
:10DB2000002856D10A21484606F006FD2EE0FFE700
:10DB3000D6E90102082105F05BFF201D00F06EFB15
:10DB4000002846D16079C00704D1D6E9010204213A
:10DB500005F04EFF201D00F061FB002839D1D6E909
:10DB60000102072100E034E005F042FF201D00F033
:10DB700055FB00282DD109E02021706809F0D4F967
:10DB800004E018B90121484606F0E1FCC4F84480DD
:10DB9000607920F001006071C6F80480A88900282F
:10DBA00017D0484606F058FC0028B5F90C001FD0E5
:10DBB000002810DA4FF0000406E000BF4FF0140117
:10DBC000484606F0B9FC641CB5F90C004042A0427E
:10DBD000F4DCBDE8F087FCDD002404E013214846B6
:10DBE00006F0AAFC641CB5F90C00A042F6DCF0E7D4
:10DBF00000280CDA4FF0000403E0484606F01EFC53
:10DC0000641CB5F90C004042A042F6DCE1E7E0DD1F
:10DC1000002403E0484606F0C1FB641CB5F90C0083
:10DC2000A042F7DCD5E70000D000002070B5044624
:10DC3000806A002870D194F83D00C0076CD14FF481
:10DC40000046256A03E0284609F06CFE0546002DD3
:10DC500062D0314628460AF07AFE0028F3D1B4F9A2
:10DC60001000002801DD014600E041422B4A926885
:10DC700013689B7E994209DAB4F91210002900DC7E
:10DC80004942994202DA002121876187218F0844A5
:10DC900000B22087618F638A0028194409B2618726
:10DCA00001DD034600E043421668F67EB34206DC1F
:10DCB000002901DD0B4600E04B42B3422CDD01237D
:10DCC00084F83D30002801DD034600E0434200298E
:10DCD00001DD0E4600E04E42B34209DD002894F813
:10DCE0003C0020F0F00001DD20300AE0103008E0B8
:10DCF00094F83C00002920F0F00001DD803000E0C5
:10DD0000403084F83C000C21284605F071FE204686
:10DD1000BDE8704000F082BA70BD0000D000002065
:10DD20002DE9F0410E460446897B40790027012900
:10DD30001DD0010704D520F00900676460712772C7
:10DD4000D4F850805FEA08007ED006F08BFB5B4D74
:10DD50000028686078D0E2687168E160217AB37B5E
:10DD60002372B37B012B05D0002B7AD0A3E00007F0
:10DD70006AD4E5E711B1012930D09CE00EF004FB34
:10DD8000606471680A2909D01B290DD0092915D0B2
:10DD90000B291BD0404606F0CFFB8CE00A21404601
:10DDA00006F0CAFB012104E01B21404606F0C4FB3B
:10DDB0002021D5E9010205F01BFE4AE00021404682
:10DDC00006F0C5FB404606F0E9FA42E00021404675
:10DDD00006F0BDFB404606F031FB3AE071680A29C7
:10DDE00008D10221AA6805F003FE201D00F016FAF2
:10DDF000002861D16079C00714D1606C0EF0BEFAC2
:10DE00002168898B884260790AD940F001006071ED
:10DE100070680A284FD10EF0B7FA0521A064C8E750
:10DE2000C00748D0A06C0EF0A9FA2168C98B8842BF
:10DE300041D90EF0A9FAA06471680A290FD0092906
:10DE4000BCD00B29C2D001E036E00AE0404606F023
:10DE500073FB201D00F0E2F900282DD12BE00621F4
:10DE6000A7E7012927D172600A2A1FD10821AA68D1
:10DE700005F0BEFD201D00F0D1F900281CD160790D
:10DE8000C00709D1D5E90102042105F0B1FD201D2B
:10DE900000F0C4F900280FD1D5E90102072105F0EF
:10DEA000A7FD201D00F0BAF9002805D1676460794C
:10DEB00020F0010060716F60BDE8F081D0000020AB
:10DEC00070B5044600680D4609880069218269889A
:10DED00061820268117CC1F30111022901D003297A
:10DEE0000AD111882A88891A491E298001686A88FE
:10DEF0004988891A491E69800168097CC1F30111AA
:10DF0000012901D0032907D169882A886A8000681D
:10DF10004088401A401E28802068006902F066FF91
:10DF20002068006902F0A8FFE06C78B1B4F90C2019
:10DF3000B5F900108A4205D1B4F90E20B5F90230C6
:10DF40009A4203D0B5F902200BF08EFF2888208179
:10DF5000688860812079012804F1040006D000F06F
:10DF6000F9F82089A0816089E08170BD00F002F895
:10DF7000F7E700002DE9F041754D0446006A68603E
:10DF8000617809077DD4A968002609680F6930B156
:10DF9000A16A39BB4FF400510AF0D9FC10BB3846D6
:10DFA00002F03AFF211D07F020F9686070B9384689
:10DFB00002F03AFF211D07F018F9686030B93846C1
:10DFC00002F044FF211D07F010F96860606A48B153
:10DFD000268366832046F5F745FB204600F01EF9B0
:10DFE00000284ED1206A696888423CD0A1882181EE
:10DFF000E188618140B10321AA6805F0F9FC20465F
:10E0000000F00CF900283CD168682062606250B3CF
:10E010000EF0BAF920646078012120F001006070F0
:10E02000A682E68294F83C0020F0FF0084F83C00D1
:10E0300084F83D602687668726826682D5E90102DC
:10E0400005F0D6FC204600F0E9F800287DD1A8684C
:10E050004179090779D4001DFFF710FC204600F034
:10E06000DDF8002871D1A0882189401A02B22282ED
:10E07000E0886189401A01B26182B4F91800431046
:10E0800000E062E0B4F91A0003EB62024010228360
:10E0900000EB61006083A069E0616868002854D0EB
:10E0A0000221AA6805F0A4FC204600F0B7F8002879
:10E0B0004BD1A8684079000747D42046F5F746FAC7
:10E0C000204600F0ABF800283FD12046FFF7AEFD18
:10E0D000204600F0A3F8002837D1A06A002834D1E8
:10E0E0006078C0071DD1206C0EF048F9AA6811684D
:10E0F000898B88420FD90521686805F079FC204694
:10E1000000F08CF8002820D1607840F001006070A9
:10E110000EF03AF96064A06A002816D16078C00752
:10E1200013D0606C0EF02AF9AA681168C98B884276
:10E130000BD90621686805F05BFC204600F06EF8FC
:10E14000002802D10EF020F96064BDE8F0810000E3
:10E15000D00000202DE9F041044640784FF0000641
:10E16000010706D526626662266420F00800666410
:10E1700060701A4D206A6860A76A18B30821AA68FF
:10E1800005F036FC204600F049F8002824D1B7B944
:10E190006078C00709D1D5E90102042105F028FC07
:10E1A000204600F03BF8002816D1D5E901020721EE
:10E1B00005F01EFC204600F031F800280CD1266244
:10E1C00026646664002F07D02046F5F74BFA2046F8
:10E1D000BDE8F04100F022B8BDE8F081D000002099
:10E1E0004279910716D5002141628162C162416482
:10E1F00081640183418390F8403022F0030223F0D0
:10E200000F0380F840308183C1838187C1874271C9
:10E210000148416070470000D0000020407881072D
:10E2200002D5034A00215160C0F34000704700004E
:10E23000D00000202DE9F041044690F82A00C007E4
:10E2400038D0A08C0721B0FBF1F0E18CB1FBF0F2EB
:10E2500000FB121200EB40010A4492B2B2FBF0F351
:10E2600000FB13200844E2842085002120460AF0A8
:10E27000BEFA0546002120460AF0E1FA0746B5F944
:10E280000850204609F0A1FA06462046FEF7FAFD9E
:10E290000246E18CE819414306EBD67005EBD573D5
:10E2A000BDE8F0414010A0EB6300401A01B21046F7
:10E2B0000BF096BFBDE8F0812DE9F843856A04466E
:10E2C000802128460AF043FB4D4FFE0CC8B128467A
:10E2D00009F053FC01281DD0022828D0032837D08C
:10E2E0006786E686284609F041FC012847D00228C7
:10E2F00050D003285AD02786A686208E002872D0B8
:10E3000072E0334639463A4604F13000009601F097
:10E310001FFBF2E7E88A0023401C01B23246284680
:10E32000FDF71CFF6086E88A401E02B209E0B5F9DD
:10E330001A10002332462846FDF710FF6086B5F913
:10E340001A20002339462846FDF708FFE086C9E772
:10E35000688BE98A0023401A401C00B200EBD070A1
:10E3600001EB600808F1010001B232462846FDF7D2
:10E37000F5FE6086A8F10100002302B2E2E7B5F9DC
:10E380001410002332462846FDF760FE2086B5F9BA
:10E39000142009E0B5F91810002332462846FDF78D
:10E3A00055FE2086B5F91820002315E0288BA98A90
:10E3B0000023401A401C00B200EBD07001EB600853
:10E3C00008F1010001B232462846FDF73FFE2086E3
:10E3D000A8F10100002302B239462846FDF736FEB7
:10E3E000A0868AE7FFE72786A08E00B9A686608E02
:10E3F00000B96786E08E002800D1E686BDE8F88384
:10E4000001E0FFFF70B50D4C064600200D460A46A0
:10E4100020601D21304605F0EBFA206858B10178E4
:10E4200039B12946F1F796FF28B1304621680DF041
:10E4300057FC002070BD012070BD0000500200207C
:10E440002DE9F04188B01F4614460D4606460AF0F5
:10E45000C3FD002842D0A54240D04FF4B47085429D
:10E4600002D9A5F5B475ADB2844202D9A4F5B4744D
:10E47000A4B2B18C4A1995B221448CB2854202D91A
:10E48000A5F5B475ADB2844202D9A4F5B474A4B2B2
:10E4900007AA06A93046FEF7D4FA3946304609F0F5
:10E4A000F0FE80463046394651220AF0FFF804A9B2
:10E4B00008B1012200E00022CDE90221CDE90048A7
:10E4C000BDF81C00BDF91A1082B2BDF918002B4628
:10E4D00002F017FD04A930460AF03BFD08B0BDE884
:10E4E000F0811FB5044603AA02A9FEF7AAFA6B46FB
:10E4F000BDF90C2002A92046FEF74EFC69462046D5
:10E500000AF027FD1FBDF0B50546A1F57F408BB091
:10E510000E46FF3858D0288EB04255D9A86A00EB75
:10E52000C601684601F0A1F903A9284609F081F95E
:10E53000002128460AF066F807460021284609F01F
:10E54000C7FF0446284609F07BF902F03DFC0A218A
:10E5500090FBF1F2BA4201DB90FBF1F790FBF1F393
:10E560003AB2A34201DB90FBF1F4BDF80C30BDF8E8
:10E570000000991A0844ADF80000BDF80E10BDF86F
:10E5800002000F1B3844BDF8047000B23B441A442B
:10E59000ADF80420BDF80620ADF802001144214476
:10E5A00009B2ADF80610AA8EB24209D1EA6A32F871
:10E5B0001620920504D5091A491C401AADF802002C
:10E5C000694628460AF0C5FC0BB0F0BD2DE9F74FAF
:10E5D0000D4682B00446B1490AF0C0F900287DD149
:10E5E0002046FEF787FA82462046FEF7D5FE5FEA10
:10E5F000000973D0BAF1000F70D02046FEF770FA10
:10E6000007462046FEF7BEFEDFF894B206462046D7
:10E610000021BBF80C200AF049F800F0FF08204662
:10E620000021BBF812200AF041F8C0B201902B681B
:10E6300007EB0A006FF00102D5F808C033F8171095
:10E6400002EB40001B5A3CF800001844401A00B28C
:10E6500000906B6806EB090002EB400033F81610DF
:10E660001A5AEB68185A1044401A0FFA80FB00211E
:10E67000204609F022FE01280AD1B8F1000F03D08C
:10E68000B8F1020F02D003E0022000E00020804633
:10E69000208BA18A401A401C0FFA80FA608BE18A15
:10E6A000401A401C0FFA80F94046B8F1010F1BD008
:10E6B000022824D02868B8F1030F30F9170028D1B8
:10E6C0008046608CDDF800A040F480606084019892
:10E6D00001287DD0022879D0032800E0DAE06868BC
:10E6E00030F9167073D119E029680098A0EB0A0080
:10E6F00031F8171000EBD07001EB600008E0204605
:10E700000AF0F8F8296831F8172000991144081A1E
:10E7100000B28046608C20F48060D7E7608CD946D8
:10E7200040F40070608420460AF0E4F8504504D1BB
:10E73000204609F0B6F8484527D0A08AADF8000079
:10E74000E08AADF80200208BADF80400608BADF8D4
:10E75000060020460AF0C9FB04F1140051460546A4
:10E7600001F002F94946284601F0F9F820460AF07E
:10E77000BCFB6A462921204605F03AF9204609F0FB
:10E78000D1F82246222105F033F92046002143F238
:10E790000C0209F08BFF06B22046002143F20D0265
:10E7A00009F084FF05B220460AF0A4F8814620460D
:10E7B00009F077F80146C6F3413064224FF4FA635A
:10E7C0004FF47A7C01281BD027E001E00AE013E037
:10E7D0006968ABEB090000EBD07031F8161001EB63
:10E7E000600008E0204609F05CF8696831F81620FE
:10E7F00002EB0B01081A07B2608C20F4007091E75D
:10E8000026F4C040984208DC604501DDC0F57A700E
:10E8100000FB09F090FBF2F006B2C5F3413001288D
:10E820000BD125F4C040984207DC604501DDC0F5FE
:10E830007A70484390FBF2F005B2049A08EB0600A8
:10E84000791912891044A28A801A05B20498408965
:10E850000844E18A401A06B255EA06001AD020465A
:10E860000AF043FBA08A2844A082208B28442083FE
:10E87000E08A3044E082608B3044608320460AF0B6
:10E8800034FB05B0324629462046BDE8F04F01234F
:10E890000AF0DABB05B0BDE8F08F00000100060009
:10E8A0001C0100202DE9F041064615460F460020C8
:10E8B00005E039462046B04701280AD020460EF030
:10E8C0001BFE040002D060688000F2D10020BDE889
:10E8D000F08105B12C600120F9E703880A88934292
:10E8E00001D0981A704740884988401A70470378C9
:10E8F0000A78934201D0981A704740784978401AB4
:10E90000704700002DE9F0414268096822F040425A
:10E910008A4227D10446FEF78BF8DFF84C80054683
:10E92000D8F80820131BA2EB05005E1BC8F80800EE
:10E9300015D0274661193246384607F0F7FC06E045
:10E94000A068401BA0602046FEF772F80444D8F887
:10E9500008008442F4D1B819294607F0C5FD01200A
:10E96000BDE8F0810020FBE7F800002070B5054607
:10E9700004F0FBFF0446284605F035F8064608F08B
:10E98000D1FF05462A2C01D0292C0BD1002130467D
:10E9900007F028FB28460FF0D9FB2846BDE8704059
:10E9A00010F09ABA70BD000070B5054608F0BBFEC5
:10E9B0000646002406E0A868006850F82400FFF727
:10E9C000F3FF641CB442F6D3688CC1071ED020F05C
:10E9D0000100688428460AF062FD28460AF07FFCA0
:10E9E000002E13D00021284609F0E6FC00280DD0A7
:10E9F00007494968884209D80649096801EBC000FF
:10EA000050E902212846BDE87040104770BD000063
:10EA1000E4000020E40100202DE9F0478046089D35
:10EA20001F46E86900FB01F39B12002807DD9342B3
:10EA300007DD00BF95F8280080070DD489E09342D8
:10EA4000F8DBCB1943439B12002808DD934237DAE9
:10EA500095F8280080077CD40120BDE8F087934218
:10EA6000F6DCA869521C504340F395000312C0B273
:10EA7000FF22002826D06E6AC0F1FF0404FB06F4D2
:10EA8000A2EB2426A3EB0104A14636D0002C15DB13
:10EA9000BC4213DAC0F1FF00C6F1FF014843A2EB0C
:10EAA0006020C1B295F82800800701D5C1F1FF01AF
:10EAB00018F804000EF0F6FB08F80400641C1CE0D3
:10EAC000A869D0E74FF0FF06DCE7002C10DBBC4262
:10EAD0000EDAA6EB6000C1B295F82800800701D5D8
:10EAE000C1F1FF0118F804000EF0DCFB08F8040087
:10EAF000686A641C361ABC4202DA686AB042E4DB17
:10EB0000BC4218DA002C16DBA869704380127043EF
:10EB1000C0F34721E869002801DAC1F1FF0195F847
:10EB20002800800701D5C1F1FF0118F804000EF09C
:10EB3000B9FB08F8040095F82800800707D5494676
:10EB4000B94506DC00290DDB404609E001E0641C04
:10EB500001D5002081E7BC4204DC391B08EB04002E
:10EB600007F0C2FC022078E72DE9F05F06460A9F15
:10EB70008A461D46B86900FB02F18C12002800DDB0
:10EB8000641C97F82830544502DA980707D4D5E07A
:10EB90008C120AEB050CA44502DA98077ED483E0B8
:10EBA000521C424341F3950142F395044FEA212957
:10EBB000221204F0FF08C9B2A9EB0A04914505D05E
:10EBC000002803DA11B9FF219146641E914528D12E
:10EBD000002C0CDBAC420ADA01EB08004108980774
:10EBE00001D5C1F1FF01305D0EF05CFB305597F8A7
:10EBF0002800641C800706D5A9EB0A01A9424DDA5A
:10EC00008EE030460AE0AC4200DD2C46002C45D0B8
:10EC100006DD00BFA5EB040106EB040007F064FC71
:10EC200089E04FF0FF0B002844DAF869404248437E
:10EC30004FEAA028002C0DDBAC420BDA08FB01F0F8
:10EC4000C0F34721980701D5C1F1FF01305D0EF0F7
:10EC500029FB3055B969A8F1FF0041438812641EB1
:10EC600011D4AC420FDAC8F1FF014143ABEB612094
:10EC7000C1B297F82800800701D5C1F1FF01305DCE
:10EC80000EF010FB305597F82800A41C800709D51A
:10EC9000A9EB0A01491EA9424DDC00E04EE0002923
:10ECA000AFDC48E0AC4202DD0120BDE8F09F002C63
:10ECB000B0DA40E0C1F1FF00F96941434FEAA12811
:10ECC000002C0EDBAC420CDA00FB08F0ABEB602052
:10ECD000C1B2980701D5C1F1FF01305D0EF0E2FA33
:10ECE0003055B969C8F1FF0041438912641C0ED444
:10ECF000AC420CDA4843C0F3472197F8280080075C
:10ED000001D5C1F1FF01305D0EF0CCFA305597F816
:10ED10002800641C800707D5A9EB0A01A9420DDC75
:10ED20000029BFF66EAF06E0AC4200DD2C46002C99
:10ED300004D03FF76FAF4FF00200B6E74FF000008E
:10ED4000B3E77CB5446A06F037F9054606F075F975
:10ED500004280CD1E18E2046218708F09DFD06464F
:10ED600005F07AFB18B10021304605F0F0FB28468B
:10ED700006F063F9012804D0284606F05EF903285E
:10ED80000AD101A9284606F02DF9BDF90610204642
:10ED9000FDF76EFFE0862087204604F0C4FAA06AE3
:10EDA00010B920460AF0A1F8E08E00906A461C21B6
:10EDB000204604F01DFE7CBD2DE9F0410746884643
:10EDC00000261248F4F7D9FD044619E021460F4801
:10EDD000F4F7E5FD05462068B84200D07FB96168C8
:10EDE000414502D0B8F1000F09D121460748F4F798
:10EDF0002EFE204607F02EFAF6F72CF901262C46B7
:10EE0000002CE3D13046BDE8F081000090B6002030
:10EE100070B505460C460948F4F7AFFD0BE00168F4
:10EE2000A94204D14168A14207D0002C05D0014677
:10EE30000248F4F7B4FD0028F1D170BD90B600206F
:10EE400010B50446402107F04FFB4FF4FA70A06262
:10EE50000020E061642060620120A0870448A06176
:10EE600094F83E0040F0010084F83E0010BD000020
:10EE7000DBEE000838B504464FF480650095D4E910
:10EE80000A200023194607F049F94FF46E73322225
:10EE90000021009500F00CFFE269616A891A414384
:10EEA00002EBA12038BD38B504464FF480650095CB
:10EEB000D4E90A200023194607F030F940F2B633AE
:10EEC0004FF461720021009500F0F2FEE269616A80
:10EED000891A414302EBA12038BD38B504464FF4EE
:10EEE00080600090D4E90A200023194607F016F943
:10EEF000E269616A891A414302EBA12038BDD0E979
:10EF00000A128A4201DB406A7047C06970478B1A57
:10EF1000002B00DC531A4FF47A714B43B3FBF0F033
:10EF2000002800D10120704770B54168054611B135
:10EF30002868FFF741FF1948F4F780FD184E10B11B
:10EF40000DF022FA70601548F4F73CFD040024D05F
:10EF50004022294607F0EAF92868A84200D1246037
:10EF6000717894F83E0061F3820084F83E00C00797
:10EF70000FD0216939B120468847E1690144E16138
:10EF8000616A0844606262681AB1206808B1E16988
:10EF90009047F6F75FF8204670BDFEE790B6002078
:10EFA000D801002010B500200C4688848721618597
:10EFB0002D22A285E18449002185A18E21F0060140
:10EFC000A1864FF40041E185A18E2086642041F0A6
:10EFD0000801608688B220F00100A0861001E0865A
:10EFE0000DF0D2F9A063208DA0870221204607F002
:10EFF0009DFB4FF44071204607F05CFF2046BDE8C2
:10F0000010400D210AF056BE2DE9F04FAFB0044676
:10F0100004F0E9FC0746204604F0ADFC2A9028AA3B
:10F020002CA93846FDF70DFD06A82A9908F0A8F985
:10F03000BDF9A000DFF888810DF1B00A0DF1080BD1
:10F0400000282DDD584601F03DFF02AA0021384678
:10F0500009F0BDFC0020CDF83CA01390CDE907805D
:10F06000BDF8A000ADF8540006AA1A213846CDF824
:10F0700038B004F0BDFCB98DB88C7A8D01441044D1
:10F0800089B280B2CDE90001BDF854302CAA02A9A2
:10F090002A9801F007FF06AA1B21384604F0A8FCB5
:10F0A0004FF400394946384609F02EFA06464946DB
:10F0B000384609F06FFA05464946384609F0BEFA67
:10F0C00004464946384609F0CBF9AE4201DD3146E7
:10F0D00000E02946844201DD224600E002469142DA
:10F0E00005DDAE4201DD304604E0284602E0844200
:10F0F00000DD2046BDF8A010081A04B2002C34DD53
:10F1000002A801F0DFFE02AA4D464946384609F042
:10F110005EFC0120CDF83CA01395CDE90780ADF849
:10F12000544006AA1A213846CDF838B004F060FCE5
:10F13000BDF90A10BDF95400814201DDADF80A00A5
:10F14000398DB88CFA8C0144104489B280B2CDE973
:10F150000001BDF854302CAA02A92A9801F0A2FEA1
:10F1600006AA1B21384604F043FC2DABBDF9A020B4
:10F170002CA93846FDF710FE18A803F0EDF84FF45F
:10F18000403418AA2146384609F054FD0220139451
:10F19000CDE907802DA8099018A80A9006AA1A217F
:10F1A000384604F025FC2DAA18A92A9803F0C0F8C7
:10F1B00006AA1B21384604F01BFC2FB0BDE8F08FD7
:10F1C000C4B102082DE9F04786B08A46F74808F036
:10F1D00082FA01287ED1504604F0C7FB064650460D
:10F1E00004F001FC0546504604F0FDFB0446022EE7
:10F1F00011D0082E6FD0032EFCD00D2E6CD0112E06
:10F200006BD0132E6AD0152E64D106B05046BDE8DF
:10F21000F047FFF7F9BE05F0CFFE06005AD005F023
:10F220000CFF012856D101A9304605F0DBFE03AAE8
:10F2300002A92846FDF705FCBDF80400BDF808103A
:10F24000401AADF80400BDF80600BDF80A10401AD7
:10F25000ADF8060094F83400C00744D14FF40031F3
:10F26000284609F00EF80646BDF80C004FF4803130
:10F27000801BADF80C00284609F069FB10B1BDF801
:10F280000C0008E0BDF90C00C11700EB9171B6EB62
:10F29000A10F00DA8E10801BADF80C0000B201281F
:10F2A00002DA0120ADF80C00BDF8040010FB00F1FB
:10F2B000BDF8060010FB0010BDF80C1011FB01F1A9
:10F2C000884206DDA08E40F00100A0860DF05CF8BB
:10F2D000A06304E086E099E0B2E0D5E015E194F89F
:10F2E0003400C0077ED0BDF9041019B9BDF806007E
:10F2F000002877D0B4F92C60628DB0B2904202D26F
:10F3000000F5B47006B2BDF9060000F032FBA18C26
:10F31000628D401A801A00B2002802DA00F5B4703B
:10F3200000B2B11AA38F09B29A1A0FFA82F8A0EBB1
:10F33000080212B202F58C72B2F50C7F07D994F86C
:10F340003400000701D500200DE008460BE001EB7A
:10F35000D171B0EB610FA18E02DA41F0080101E03A
:10F3600021F00801A186A0EB080007B2A06B0DF008
:10F3700005F8E18E41434FF47A70B1FBF0F000B232
:10F38000874201DD074603E04042874200DA07B2C8
:10F39000618DB4F93220B4F9303008EB0700A6EBE8
:10F3A000010CD71A4FEACC0C9CFBF7F73F1D00EB82
:10F3B0002710B4F92E700844009200B2324606F0CD
:10F3C000ADFE06B2B5F92E00B04211D00CF0DCFF54
:10F3D000A0633146284600F0F5F9BE4208D000226D
:10F3E0001C2100E00FE0284604F002FB01280AD1AE
:10F3F000B4F93000B04203D0B4F93200B04202D1C7
:10F400000CF0C2FFA06306B0BDE8F087A08E20F02C
:10F410000100A086284608F03FFA054605F01CF8D2
:10F42000044605F0C9FD05F008FE0428EBD1002CC8
:10F43000E9D006B02846BDE8F047002105F087B8BE
:10F44000504604F0CEFA0078B4F92E60132806D0A6
:10F45000112804D0142805D0122803D008E0E88D24
:10F46000401C01E0E88D401E01B2284600F0AAF9D8
:10F47000B4F92E00B042C6D006B02846BDE8F04729
:10F4800000221C2104F0B4BA504604F0AAFA044643
:10F4900004AA03A92846FDF7D4FAA868002608B1F3
:10F4A000B0F914600021284608F0EBFE0546BDF8CF
:10F4B00010103044081ABDF80E20ADF810001118D5
:10F4C00009B20091BDF80C10121A0B18081A01B2FB
:10F4D0001BB212B201A800F03BFA47F6FF773A469A
:10F4E00001A82168F3F7E0FA08B100200BE005EB72
:10F4F000460002B2114601A800F010FA3A4601A8EF
:10F500002168F3F7D1FA20717DE70021284608F041
:10F51000FBFF07460021284609F03CF8064600217B
:10F52000284609F08BF804460021284608F098FF89
:10F53000B74201DD394600E03146844201DD224612
:10F5400000E00246914205DDB74201DD384604E0A5
:10F55000304602E0844200DD204680464FF44039C8
:10F560004946284608F0D0FF04464946284609F097
:10F5700011F807464946284609F060F8064649460C
:10F58000284608F06DFFBC4201DD214600E0394607
:10F59000864201DD324600E00246914208DDBC426F
:10F5A00001DD204607E0384605E00000C4B102084E
:10F5B000864200DD3046801C04B2504604F011FA49
:10F5C000B0F90010A4EB0802914200DC1146018062
:10F5D00019E770B50C460546114600F07EF8214645
:10F5E0002846BDE8704000F0B4B870B50C4605463A
:10F5F000114600F006F821462846BDE8704000F0AC
:10F6000036B870B54FF4B47305460C46994202D92A
:10F61000A1F5B474A4B2A88D698D421A611A12B210
:10F6200009B2002A02DA02F5B47212B2002902DA33
:10F6300001F5B47109B28E1AB4369E4203D9284638
:10F6400009F053FC0DE0914203DA00230246214603
:10F6500004E08A4205DA0023224601462846FEF7E6
:10F66000EFFE2846AC85BDE8704011F059BB70B57F
:10F670004FF4B47305460C46994202D9A1F5B4740F
:10F68000A4B2A98D688D0A1A091B12B209B2002A08
:10F6900002DA02F5B47212B2002902DA01F5B4718D
:10F6A00009B28E1AB4369E4203D9284609F01DFCD1
:10F6B0000DE0914203DA00232246014604E08A422B
:10F6C00005DA0023024621462846FEF7B9FE284601
:10F6D0006C85BDE8704011F023BB70B54FF4B47376
:10F6E00005460C46994202D9A1F5B474A4B2288DFE
:10F6F000E98C421A611A12B209B2002A02DA02F542
:10F70000B47212B2002902DA01F5B47109B28E1A8C
:10F71000B4369E4203D9284609F0E7FB0DE04FF4CA
:10F720000033914202DA0246214603E08A4204DABB
:10F73000224601462846FEF783FE2846FEF7D1FE04
:10F7400028462C85BDE87040FEF7CBBE818409F0C9
:10F75000CCBB70B54FF4B47305460C46994202D940
:10F76000A1F5B474A4B2298DE88C0A1A091B12B24F
:10F7700009B2002A02DA02F5B47212B2002902DAE2
:10F7800001F5B47109B28E1AB4369E4203D92846E7
:10F7900009F0ABFB0DE04FF40033914202DA224650
:10F7A000014603E08A4204DA024621462846FEF773
:10F7B00047FE2846FEF795FE2846EC84BDE87040DB
:10F7C000FEF78FBEB0F92E308B420ED0B0F932204A
:10F7D0008A4200DA1146B0F930208A4200DD114633
:10F7E0008B4202D0C18511F09BBA70470A88028013
:10F7F0004A8842808A888280C988C18070470A8886
:10F8000002804A8842808A888280C988C180704785
:10F810000A8802804A8842808A888280C988C1809A
:10F8200070470A8802804A8842808A888280C98814
:10F83000C18070470A8802804A8842808A88828014
:10F84000C988C18070470A8802804A8842808A88B5
:10F850008280C988C18070470A8802804A884280B5
:10F860008A888280C988C18070470A8802804A8855
:10F8700042808A888280C988C18070470A88028055
:10F880004A8842808A888280C988C18070470A88F5
:10F8900002804A8842808A888280C988C1807047F5
:10F8A000C1884088081A401C00B27047C18840884F
:10F8B000081A401C00B27047C1884088081A401CD2
:10F8C00000B27047B0F90410B0F90020891AB0F9FD
:10F8D0000620B0F90200101A401C491C484370472A
:10F8E00081880088081A401C00B27047818800880F
:10F8F000081A401C00B2704781880088081A401C12
:10F9000000B2704781880088081A401C00B2704716
:10F9100081880088081A401C00B2704703885B1A6F
:10F9200003808388194481804188891A4180C18875
:10F930001144C180704703880B44038083881944B5
:10F940008180418811444180C1881144C180704741
:10F9500010B5029C018042808380C48010BD428823
:10F96000491E1144C18070470288491E114481809C
:10F9700070470022002801DA01224042002901DA02
:10F980004942921C884207D9C1EB011101EB4101A8
:10F99000B1FBF0F3103205E0C0EB001000EB4000CB
:10F9A000B0FBF1F30020D9B216290BD92C2900D8CD
:10F9B0000120292900D8401C252900D8401C2029D5
:10F9C0000BD90BE0022900D30120062900D3401CEB
:10F9D0000A2900D3401C0F2900D3401C1844D1062B
:10F9E00001D5C0F15A0091074FEAC27105D509B19E
:10F9F000B43005E0C0F1B40002E009B1C0F5B47064
:10FA000080B27047C160006809F06FBA00684FF0BB
:10FA1000FF320168C26001F13C02904202D182686B
:10FA20004A6205E001F14C02904201D182680A630A
:10FA3000006809F05ABA10B50C4600206421C4E9E8
:10FA40000A0120636062A0862087E086608784F8D0
:10FA50005C0004F13C01204600F0A5F804F14C01E3
:10FA6000204600F0A0F80821204607F023FA1021D4
:10FA7000204607F01FFA20460022BDE8104011463C
:10FA800000F0BDB810B50C46002104F13C00FFF7B2
:10FA900093F904F14C00BDE810400021FFF78CB948
:10FAA0002DE9F0410D46314807F015FE012854D1EB
:10FAB000284603F05AFF0446284603F094FF804688
:10FAC000132C0AD0012C4AD0082C48D0152C44D134
:10FAD0002846BDE8F041F7F7E3BF4FF4003107F0E7
:10FAE000B9F80446284603F07CFF0546B0F900004B
:10FAF000A04200DD04462C800021404608F00BFDAA
:10FB000007460021404608F04CFD064600214046CD
:10FB100008F09BFD04460021404608F0A8FCB742CF
:10FB200001DA394600E03146844201DA224600E03B
:10FB30000246914205DAB74201DA384604E030461F
:10FB400002E0844200DA2046002806DAB5F9001007
:10FB50004042814200DC01462980BDE8F08108F185
:10FB600034014046BDE8F04109F0F3B9E0B10208C4
:10FB700090F85C0000F00300704790F85C1001F012
:10FB80000301022901D0806A7047816D491C01D0B0
:10FB9000406D7047006B7047816C491C01D0406C10
:10FBA0007047406A70470860002048608860401EC7
:10FBB000C860704738B5134690F85C2002F0030225
:10FBC000022A1BD1D0E90A428A4201DD0D4600E03B
:10FBD0001546AC4201DD214602E08A4200DC1146B6
:10FBE000426A8A4200DA1146026B8A4206D00093CA
:10FBF00000F14C0300F1300200F022F838BDF8B5F6
:10FC0000456A13468D421AD0D0E90A428A4201DD84
:10FC10000E4600E01646B44201DD214602E08A426B
:10FC200000DC1146026B8A4200DD11468D4206D08F
:10FC3000009300F13C0300F1240200F001F8F8BD4C
:10FC400030B591B0054614981C4618B3E068401CC6
:10FC500027D0A068C4E90101116000211846FFF710
:10FC6000ABF86846FFF7ECF80F484FF48071CDE928
:10FC700000400020CDE9080107900C480390284679
:10FC80000021652208F012FD0A906846FFF74CF942
:10FC900011B030BD116011B02846BDE8304009F008
:10FCA00024B91068D6E7000005FA00080DFA00082C
:10FCB000F0B5C0F5806404FB04F5AD0A05FB04F65D
:10FCC0004FEA962C00FB00F6B60A06FB00F7454308
:10FCD0005543BF0A0CFB01FC74434FEA9C2105EB22
:10FCE00045005C43DDF814E004EB440201EB1050E6
:10FCF00007FB0EF700EB125000EB9720F0BD10B59C
:10FD00000C461021204607F0D5F82046BDE81040EB
:10FD10004FF4806106F00ABD10B50146034807F0B4
:10FD200021F8044607F08CF8204610BDFCB102080B
:10FD300070B50446008E154688420FD9E06A30F847
:10FD40001120AA4320F811202046FEF7DCFBA8056D
:10FD500004D52046BDE8704009F0F8BC70BD70B510
:10FD60000E460546002406E0324621462846FFF7A7
:10FD7000DFFF641CA4B2288EA042F5D870BD00003D
:10FD800008460021018641864FF6FF728286816215
:10FD9000C162416280F83610014900F0DDBA00000E
:10FDA0003402002010B50146034806F0DBFF04468C
:10FDB00007F046F8204610BD18B2020810B50C46F0
:10FDC000886A06F047FAE06A06F044FA0020A0626A
:10FDD000E06210BD2DE9FC478846FE4807F07BFC39
:10FDE000012827D1404603F0C0FD0646404603F0F7
:10FDF000FAFD00270446132E1ED02A2E4BD0292EA2
:10FE000049D04FF6FF75012E49D0022E7CD0082E26
:10FE10007BD0062E7AD0032E79D00E2E78D00F2EDE
:10FE200077D0102EFCD00D2E74D0152E02D1404666
:10FE3000F8F7A4FEBDE8FC87404603F0D2FD8146FA
:10FE4000608EA04620B30025D8F8246014E000BFDF
:10FE5000D8F82C0030F81500C0F3402050B1608E67
:10FE600028B1204607F0B1FC618E90FBF1F0A9F8B3
:10FE70000000DFE76D1CADB256F8250040B1D6A1F9
:10FE8000F0F768FA20B156F8250000780028DFD195
:10FE9000A9F80070CEE7616A00F05EFACAE7404652
:10FEA00003F09FFD06462046A18EFEF72CFB05F0D1
:10FEB00083F805F0C2F8012801D0032817D169465C
:10FEC000304605F08FF869462046FCF7DFFCA84273
:10FED0000DD0E16A31F81010C1F340123AB9C1F304
:10FEE000C00121B9A08601462046FEF70CFBA18E79
:10FEF000A9429FD0E06A30F81100C0F30022002A26
:10FF000098D1C0F340229EE00CE053E093E0A2E0E1
:10FF1000A3E0E1E0E7E000BFC0F3C000002889D122
:10FF2000019141E0404603F05CFD074605F044F8CE
:10FF3000064605F082F804289BD0022899D069462D
:10FF4000304605F04FF869462046FCF79FFC064610
:10FF5000A18E2046B1428CD0A94201D0FEF7D3FA3F
:10FF6000A686384605F016F9AE4293D0E06A30F81E
:10FF70001600C0F3401100298CD1C0F3C000002846
:10FF800088D131462046FEF7BEFAE06A30F81610F6
:10FF9000C1F300210029B3D1A18E30F81100C0F3C4
:10FFA00040200028ACD1019601AA1C21204603F074
:10FFB0001FFD3FE7A18EA94238D0E26A32F8110056
:10FFC000C0F38013B3B1C0F340139BB9C0F3C013A7
:10FFD0001BB194F83630DB0714D040F0800000BF2E
:10FFE00022F8110094F83600C00703D02046A18EF5
:10FFF0000CF0BEFEA18EE26A32F81100C0F30022BE
:020000040801F1
:1000000032B902E020F08000EAE7C0F340226AB192
:10001000C0F3401252B9C0F3C00038B9019101AA2F
:100020001C21204603F0E4FC0128C2D12046A18E09
:10003000FEF769FAFEE6A18EA942BAD0E06A30F86E
:100040001100C0F30012002AB3D1C0F34012002AFD
:100050003FF462AFEEE6A18E41E0404603F0C1FC02
:10006000074604F0EAFF06462FB9002004F0AAFF75
:1000700004F0E3FF0646204607F00EFC04F0ECF91E
:10008000A18EA94295D1022E02D0042E29D140B3CF
:1000900094F836100020E26AC90701D110E0401C34
:1000A00032F81010C1F3C003002BF8D1C1F3401394
:1000B000002BF4D1C1F3C0110029F0D00AE0401C9C
:1000C00032F81010C1F3C003002BF8D1C1F3401176
:1000D0000029F4D1A086ADE6A18EA94201D0FEF799
:1000E00012FAA586A6E6A18EFEF70DFA404603F0A9
:1000F00078FC0078132813D0142831D004264FF050
:10010000020912284AD0112890D10021204608F077
:10011000DFF9A28E8446AA425BD1A786E26A9AE002
:10012000A08EA84201D1A78601E0401CA086A18E26
:10013000208E814200D3A786E26AA18E32F8110098
:10014000C0F3C0033BB1491C88B2A086218E88420F
:10015000F3D3A786F1E7C0F340100028F3D165E799
:10016000A08EA84201D1A78600E000B9208E401ED3
:10017000A086E26A06E011B1491EA18602E0208E47
:10018000401EA086A18E32F81100C0F3C003002BE0
:10019000F1D1C0F340100028EDD147E700212046FF
:1001A00008F096F98046A08E0146A8421BD1A7868A
:1001B000E26A06E0491C88B2A086218E884200D3FC
:1001C000A786A18E32F81100C0F3C003002BF1D135
:1001D00004E04CE018B202080A000000C0F340102E
:1001E0000028E7D122E7A26A06EBC103D35A32F80E
:1001F00030505B1B5B1C43F34E032B440FFA83FC14
:10020000238E1CE009EBC00709EBC105D75F555FE2
:10021000AF4212DD32F9305065450EDC06EBC00509
:10022000555F4544654508DBE56A35F81070C7F34E
:10023000401515B9C7F3C0051DB1401C80B28342FB
:10024000E0D8834245D8F1E6491C88B2A086218EC9
:10025000884200D3A786A18E32F81100C0F3C003F4
:10026000002BF1D1C0F340100028EDD1DEE6A16AE9
:1002700006EBC200085A31F83230C01A401C40F375
:100280004E00184405B2B4F934001DE009EBC00774
:1002900009EBC203CF5FCB5E9F4213DA31F93030F6
:1002A000A3EB0C03AB420DDC06EBC003CB5EAB4211
:1002B00008DBE36A33F81030C3F3401717B9C3F310
:1002C000C00323B1401E00B20028DFDAAEE60028EA
:1002D00088DBA086AAE6808E7047038E8B4204D905
:1002E000C06A30F81100824301D00020704701201D
:1002F000704770B50446008E0E461546B0421AD9B6
:1003000094F83600C00705D0280603D58021204682
:10031000FFF725FDE06A30F81610294320F8161083
:1003200031462046FEF7EFF8A80504D52046BDE883
:10033000704009F00BBA70BD70B50E46054600243A
:1003400006E0324621462846FFF7D3FF641CA4B2DC
:10035000288EA042F5D870BD2DE9F34F97B00D005F
:100360007BD0179C2046F4F7C5FD6562002141F261
:100370006A42179808F09AF9C0B2129000211798B3
:1003800008F0D0F80B900021179808F065F90F904D
:100390000021179808F036F902900021179808F00C
:1003A00097F80990179807F02AFA0490179807F021
:1003B0000CFA618E0027C1F101020299A94601FBE6
:1003C000020000B21090384686E000BF4FF0000BEC
:1003D0005D460AE0E06A791930F81100FCF723FB6A
:1003E00058446D1C1FFA80FBADB259F8250040B18E
:1003F00042A1EFF7AFFF20B159F82500007800289F
:10040000E8D15DB31099608E01FB08F1B1FBF0F209
:100410000F995318029A08FB023109B208911099FA
:1004200008F101025143B1FBF0F10F9A0298491E05
:1004300008FB0020084400B2149009990498C5F103
:10044000010201FB020000B20E90002801DA002038
:100450000E904FF0000A564636E04BE0FFE709F1F8
:10046000040036E0E06A30F81700FCF7DCFA0E9979
:1004700001FB0AF1B1FBFBF20999824406FB012161
:100480000E9A09B20AFB02F0B0FBFBF0099A401E7B
:1004900006FB0200129A00B2012A06D10A4604990C
:1004A000081A01B20498801A00B20B9A104403B2E1
:1004B000149800901144A06A09B200EBC700089A92
:1004C000FFF746FA761C7F1CAE42CBD309EB8500C2
:1004D000001D814608F101008046608E40453FF6D0
:1004E00075AF179809F032F9179819B0BDE8F04FB9
:1004F00008F0FBBC19B0BDE8F08F00000A00000056
:1005000070B50446008E0D46A84203D8A5F57F407D
:10051000FF380AD12046A18EFDF7F5FF2046A586BB
:100520002946BDE87040FDF7EEBF70BD2DE9F041F2
:100530000F460C4640F2E4712185012084F82A0020
:1005400084F82B00A18584F82E0084F82F00002069
:100550002063A086A82104F58C7005F0C5FF00215A
:1005600008462D4B782506E028B14207B2F1604FCE
:1005700008D0082808D253F8202000BF04EB8006DA
:10058000B2630CE025A2F9E704EB810204EB8006DC
:1005900082F8185102F58C72491CC9B2B263401C32
:1005A000C0B23828E0D31EA0C4F814013846FFF7C3
:1005B000F9FB04F138016062FFF7CEFE54F8240F16
:1005C0004FF48871FFF7B8FE00231A2215492068FE
:1005D00006F06EF842F26401206809F0D3FD0121B3
:1005E000384609F08BFB0121206809F097FB94F94C
:1005F0000A202189384600F019F894F9073094F957
:100600000620A188384600F0AFF82068BDE8F04128
:100610004FF4804106F08AB8540100200A0000001F
:1006200000000000E59D00082C3070472DE9F05FC8
:10063000044688B2A08555B284F82E50012184F872
:100640002F1082462021606AFFF789FB00262022B6
:100650003146606AFFF74DFE761CF6B2072EF6D3E0
:10066000564629463046FCF7B1FC8346012229460E
:100670003046FCF749FA064607464FF001080BEBF7
:1006800006090EE004EB8700434636A2042100F57C
:100690008C700AF09DFD7F1C08F10100FFB200F094
:1006A000FF08B945EED8691E5046FCF78FFC0025BF
:1006B000801B401CC7B211E004EB85003B4629A219
:1006C000042100F58C700AF083FD2022E91D606A88
:1006D000FFF70FFE6D1C7F1CEDB2FFB2B542EBD3EE
:1006E00006EB0B00C5B2012712E000BF04EB85004A
:1006F0003B461CA2042100F58C700AF069FD202203
:10070000E91D606AFFF7F5FD6D1C7F1CEDB2FFB2BD
:100710002A2DEBD32046FDF72CF8606AFFF7DBFDAE
:10072000A0F57F41FF3903D0F11D606AFFF7E8FEB5
:10073000204608F0DAFB204606F0F5FF06460025C5
:100740000CE02946204606F0DCFF616A814203D0B6
:1007500022461C2103F04CF96D1CEDB2B542F0D3DA
:10076000BDE8F09F25640000018580F82A2080F80C
:100770002B30FCF7FEBFF0B504464FF4FA66C1F328
:1007800041307710642501280BD121F4C040B042DC
:1007900007DCB84201DDC0F57A70584390FBF5F0F4
:1007A00001B2C2F3413001280BD122F4C040B04263
:1007B00007DCB84201DDC0F57A70584390FBF5F0D4
:1007C00002B2944201DA204600E01046884201DA83
:1007D0000846F0BD944201DA2046F0BD1046F0BD57
:1007E000F0B504464FF4FA66C1F341307710642542
:1007F00001280BD121F4C040B04207DCB84201DD32
:10080000C0F57A70584390FBF5F001B2C2F3413065
:1008100001280BD122F4C040B04207DCB84201DD10
:10082000C0F57A70584390FBF5F002B2944201DAB9
:10083000204600E01046884201DA0846F0BD9442A6
:1008400001DA2046F0BD1046F0BD002208B5114681
:10085000104600F085F80090BDF8000008BD0022A9
:1008600008B51146104600F093F80090BDF800005E
:1008700008BD002208B51146104600F0D1F80090DE
:10088000BDF8000008BD38B50C460546FFF7F1FF7E
:100890002246294600F042F90090BDF8000038BD1C
:1008A00007B58107BDF8043002D020F8023B521E84
:1008B000BDF8041001EB01410EE002C0103A02C085
:1008C00040F8081B40F8041C40F8101B40F80C1CB2
:1008D00040F8081C40F8041C102AEED803E000BFC2
:1008E00020F8023B521E002AFAD10EBD4FF4784187
:1008F0004FF4FC6201EA102102EA501208B51143DC
:10090000C0F3C4000143ADF8001088B208BD4FF435
:1009100078414FF4FC6201EA102102EA501208B556
:100920001143C0F3C4000143ADF8001088B208BD04
:1009300008B5D308BDF8002063F30402ADF8002029
:100940008A08BDF8001062F34A11ADF80010C10822
:10095000BDF8000061F3CF20ADF8000080B208BD03
:1009600008B5D308BDF8002063F30402ADF80020F9
:100970008A08BDF8001062F34A11ADF80010C108F2
:10098000BDF8000061F3CF20ADF8000080B208BDD3
:1009900008B5D308BDF8002063F30402ADF80020C9
:1009A0008A08BDF8001062F34A11ADF80010C108C2
:1009B000BDF8000061F3CF20ADF8000080B208BDA3
:1009C00008B5D308BDF8002063F30402ADF8002099
:1009D0008A08BDF8001062F34A11ADF80010C10892
:1009E000BDF8000061F3CF20ADF8000080B208BD73
:1009F00008B5D308BDF8002063F30402ADF8002069
:100A00008A08BDF8001062F34A11ADF80010C10861
:100A1000BDF8000061F3CF20ADF8000080B208BD42
:100A200008B5D308BDF8002063F30402ADF8002038
:100A30008A08BDF8001062F34A11ADF80010C10831
:100A4000BDF8000061F3CF20ADF8000080B208BD12
:100A500008B5D308BDF8002063F30402ADF8002008
:100A60008A08BDF8001062F34A11ADF80010C10801
:100A7000BDF8000061F3CF20ADF8000080B208BDE2
:100A800008B5121DD3080A4A89B280B241EA014171
:100A900040EA004011401040401A584301EB50100A
:100AA000104040EA1040ADF8000080B208BD0000E0
:100AB0001FF8E00708B5121DD3080A4A89B280B2B0
:100AC00041EA014140EA004011401040401A5843B9
:100AD00001EB5010104040EA1040ADF8000080B229
:100AE00008BD00001FF8E00708B5121DD3080A4A28
:100AF00089B280B241EA014140EA00401140104011
:100B0000401A584301EB5010104040EA1040ADF835
:100B1000000080B208BD00001FF8E00708B5121DF4
:100B2000D3080A4A89B280B241EA014140EA004052
:100B300011401040401A584301EB5010104040EA59
:100B40001040ADF8000080B208BD00001FF8E007BB
:100B500082B2D00AC0EBC00303EB0020C01D4009E5
:100B600060F317410846C2F3451101EB410303EB63
:100B70000121C91C890961F30F2002F01F01C1EB9B
:100B8000C10202EB0121C91D490961F30700FF21E0
:100B900061F31F607047FF2208B511461046FFF74A
:100BA000F7FE0090BDF8000008BD08B51F20BDF895
:100BB00000103F2260F3040189B262F34A1189B246
:100BC00060F3CF21ADF8001088B20090BDF80000AE
:100BD00008BD70B50C00054611D000F0F5F810FB0B
:100BE00004F05030B0F5A07F0BDB284600F0ECF8A5
:100BF00010FB04F0A021503090FBF1F002E0002047
:100C000000E0012000B270BD2DE9F0410D461E4606
:100C1000174604461C2105F067FCC4E90057C4E9E7
:100C20000256BDE8F081000038B504464C2105F0BD
:100C30005BFC4FF4A0702080F02060804FF0FF300C
:100C4000A080E0800020208160812069822120F046
:100C5000400040F0080061F3D01020614FF4FC60C8
:100C6000ADF800000090BDF80000A0860248E063E7
:100C700020643820606438BDCD2D0108F8B50546E4
:100C80004648F2F79FFE040002D0A86B08B10AE0C4
:100C9000FEE7686C05F054FA060066D00146EA6B80
:100CA00028469047AE634FF4AC71204605F01CFC1B
:100CB0003B4E25602246F7680A213A48F4600BF063
:100CC00077FB6060002851D0286981070AD5298800
:100CD0006A8811FB02F1EA68D268914202D920F0D9
:100CE00002002861FF2211461046FFF781FE0090A6
:100CF000BDF800000090BDF800006085FF2084F87A
:100D000029000BF01BFB78B30BF0BCFAA0600020AD
:100D100006F060F92061002006F05CF9E061002037
:100D200006F058F9204D20622A460021E06908F0BB
:100D3000AFFD2A460021206A08F0AAFD0221E069E1
:100D400006F0B8F80221206A06F0B4F80021E06944
:100D500009F095F80021206A09F091F8206908F05F
:100D6000C4F8F7609FB113E001E0FEE7FEE7002062
:100D700009F09EFA0546052009F09AFA01460B484B
:100D8000009000232A4620460BF086FABEE7F46066
:100D900060680BF0DEFB2046F8BD00006CB600205A
:100DA000C0010020152C0008FFFF0F0074AF0208DF
:100DB000C26800211161C068416170470148C06884
:100DC00070470000C001002010B90548C06820B17C
:100DD00000680069C0F3C9107047822070470000A6
:100DE000C00100200068C0687047000018B90948B9
:100DF000C068002809D00068017CC1F301110129F5
:100E000004D0032902D0B0F900007047B0F9020005
:100E100070470000C001002010B518B9FFF7CEFFE1
:100E2000002800D0006A10BD10B518B9FFF7C6FF42
:100E3000002800D0C06910BD18B101460248F2F781
:100E4000AEBD0148F2F799BD6CB6002010B518B9D7
:100E5000FFF7B4FF002800D0006910BD10B518B925
:100E6000FFF7ACFF002800D0406910BD10B508B9ED
:100E7000FFF7A4FF806810BD18B90948C0680028B2
:100E800009D00068017CC1F30111012904D00329B4
:100E900002D0B0F902007047B0F9000070470000BE
:100EA000C00100207CB50E7BDDE90654022E08D976
:100EB0004E88002E05D0A54203D0CDE90054046928
:100EC000A0477CBD38B50446102105F00DFB01207C
:100ED0006080FF202073BDF80010002060F3040143
:100EE00089B260F34A1189B260F3CF21ADF80010E6
:100EF00088B20090BDF800000090BDF8000020808E
:100F000038BD2DE9F04F85B0824610B294468B462D
:100F10000FFA82F9AAEB000EDDF838800FFA8EF294
:100F20000492ABEB000217B203920AEB000203F546
:100F3000B471119C58441E46029212B203B2019041
:100F400088457DD04FF4B4718E4202D9A6F5B476AF
:100F5000B6B2884503D9A8F5B4701FFA80F80F9986
:100F6000ACEB010000B20090109818B101EBD17009
:100F70004010401C05B25A21B6FBF1F0B8FBF1F16C
:100F8000C0B2C9B2042800D10320042900D1032132
:100F900088427ED146457CD868B3012854D00228C7
:100FA00078D003287ED106F15A0000B20BF00AFC7B
:100FB000009910FB01F10AEBE130401B208030B2B8
:100FC0000BF000FC10FB09F10BEBE130401B6080E3
:100FD00008F15A0000B20BF0F5FB10FB09F10AEB27
:100FE000E1302844A0800FFA88F00BF0EBFB009969
:100FF00010FB01F15AE130B20BF0E4FB009910FB59
:1010000001F10BEBE130401B60805A3630B20BF03F
:10101000D9FB10FB09F10AEBE1302844A0800FFA5C
:1010200088F00BF0CFFB10FB09F10BEBE13028440B
:10103000E08008F15A0000B20BF0C4FB009900E018
:10104000E6E010FB01F129E030B20BF0BBFB10FB36
:1010500009F10BEBE1302844E0805A3630B20BF056
:10106000B1FB009910FB01F10AEBE1302844A080AC
:101070000FFA88F00BF0A6FB009910FB01F10BEBC7
:10108000E130401B608008F15A0000B20BF09AFB7F
:1010900002E036E009E005E010FB09F10AEBE1307F
:1010A000401B208005B0BDE8F08F06F15A0000B269
:1010B0000BF088FB10FB09F10AEBE130401B2080AC
:1010C00030B20BF07FFB009910FB01F10BEBE1302C
:1010D0002844E0800FFA88F00BF074FB10FB09F154
:1010E0000BEBE130401B608008F15A0000B20BF0BE
:1010F00069FB009910FB01F10AEBE1302844A08064
:10110000D0E730B1012837D0022861D003287ED043
:1011100099E001297CD108F15A0000B20BF052FB92
:1011200010FB09F10AEBE130401B20800FFA88F038
:1011300002900BF047FB074630B280460BF042FBB3
:10114000874201DA029800E040460BF03BFB009931
:1011500010FB01F10BEBE130401B60805A3630B2DE
:101160000BF030FB10FB09F10AEBE1302844A080C2
:1011700001982844E08095E7022964D1AEEB050090
:1011800020800FFA88F00BF01DFB10FB09F10BEB30
:10119000E130401B608006F15A0000B201900BF074
:1011A00011FB074608F15A0000B280460BF00AFB1B
:1011B000874201DD019800E040460BF003FB0099F7
:1011C00010FB01F10AEBE1302844A08030B269E065
:1011D000032938D106F15A0000B20BF0F3FA10FBE4
:1011E00009F10AEBE130401B20800398401B60802E
:1011F00008F15A0000B20BF0E5FA10FB09F10AEB16
:10120000E1302844A0800FFA88F0804601E019E020
:1012100019E00BF0D7FA009910FB01F730B206463F
:101220000BF0D0FA009910FB01F0874201DD404637
:1012300000E030460BF0C6FA009910FB01F00BEB12
:10124000E03096E729B1049820806780A280E3808F
:1012500028E708F15A0000B203900BF0B3FA0746F2
:1012600006F15A0000B201900BF0ACFA874201DAA5
:10127000039800E001980BF0A5FA009910FB01F12A
:101280000AEBE130401B208030B20BF09BFA10FBE0
:1012900009F10BEBE130401B608002982844A080EC
:1012A0000FFA88F00BF08EFA10FB09F10BEBE1302E
:1012B0005FE7000070B5164604463BB1C87A0228C5
:1012C00012D9A569204625B1A84704E007A23146F6
:1012D00006E0F5F7E2F8002806D104A231462046E0
:1012E000BDE870400DF0D1BD70BD00004E6F0A64C6
:1012F0006174610038B54469049D002C01D00095EB
:10130000A04738BD38B50446182105F0EDF8002295
:1013100011461046FFF70CFB0090BDF8000000904E
:10132000BDF800002081FF20E072401C6080012099
:10133000207538BD704700002DE9FF4FB5B0887E9D
:10134000429F1E4692460C4602287DD920680028FE
:101350007AD03598C069002876D0202221A8EEF7EF
:10136000C0FF20680390002E6ED0307800286BD02C
:101370003598514682682DA8F1F7AEFA002863D05F
:10138000207FB0F1000B01D14FF0010B607F81078E
:1013900007D4BAF80410BAF80000081A401C03B2C7
:1013A0000FE0B4F91210009141F6FF72CDE901206F
:1013B000B4F91430314608A822680BF0C7FABDF919
:1013C00020300398B4F912100025B0F908906A1E75
:1013D00001EB09000890BAF80000ADF81000BAF867
:1013E0000210ADF81210B4F916000690B4F9180006
:1013F0000144ADF81210FFB1F0B9BAF9021000299A
:101400001ADAD7F808C0ACEB0100002801DCA1EB28
:101410000C0008994FF4806C49420CEB4101884262
:1014200000DD3A603868002806DB0546BDF812107A
:10143000B8880844ADF81200617F0020CDE90001B2
:10144000B4F91420701900E0ACE02F930399F2F77F
:1014500051FD00EB050829E0617F0020CDE9000186
:10146000B4F9142006EB08002F9B0399F2F742FD14
:10147000454600EB0508BDF812100898084400B274
:10148000ADF812007FB110F5806F0CDB38680028D2
:1014900009DA3D60BDF91210BAF90200081A786045
:1014A000BAF90200B860705D00287BD03598BDF9AC
:1014B000121080684944B0F902008142CCDB5846E2
:1014C000CDF8C0B0BBF1020F02D0032816D029E03E
:1014D000607F0090B4F91430A8EB05017019039AED
:1014E0000BF092FA07465046FEF706FAC01BBDF80D
:1014F000101000EBD07001EB600011E0607F0090F5
:10150000B4F91430A8EB05017019039A0BF07CFABA
:1015100007465046FEF7F0F9BDF81010C01B08440E
:10152000ADF81000D4E9019BD94502D94846D94607
:101530008346A07F800717D01EA800F0D1F9A089AC
:10154000ADF87800039890F90E0000B90120ADF8CD
:101550007A00A07E8DF88000A07FC1089DF88100F0
:1015600061F301008DF8810000200F90FFF76DF905
:10157000319010A800F0F0FE208AADF84400BDF9CB
:10158000100032906BE100BFBDF8100006990027F3
:101590000844ADF8100070190D90A8EB05000797EE
:1015A0000E90BCE05FE10021A9F57F420091FF3A77
:1015B00009D0ABF57F42FF3A05D0AC4A2918304636
:1015C00012689047009007AB0BAA0CA90D98F2F790
:1015D00079FC607FC0070AD00C98232802D0012F25
:1015E00013D004E047B1012F0AD0022F0BD0E068DE
:1015F0003190022F4FD050E007980F90012048E023
:101600000027E06848E0002043E0202842D1079905
:101610000F98081A072801D0A08938E00F9A0D9872
:10162000694610445FF0060210F8013B01F8013BE7
:10163000521EF9D100208DF806009DF80100FCF73C
:1016400078F807469DF80000FCF773F807EB0010E8
:1016500029909DF80300FCF76CF807469DF80200FE
:10166000FCF767F807EB00102A909DF80500FCF7DF
:1016700060F807469DF80400FCF75BF807EB0010E4
:10168000C2B22A98C1B22998C0B2FFF769F92C906A
:101690000220074643E02C983190DDE90B210398A6
:1016A00002F093FB33904FF6FF70814522D08345C3
:1016B00020D0009848451DD358451BD2BDF81010C6
:1016C000ADF80010BDF81200ADF80200A28A0A447D
:1016D0003399491E1144ADF8041008996A46491E11
:1016E0000844ADF8060010A9359800F021FEE08905
:1016F000ADF8C400BDF8C400ADF8900004AA21A95B
:101700000C9B359800F0DAF83398002807DDBDF817
:101710001010A08A014433980844ADF810000E99C7
:10172000079881423FF63FAFA07F800723D53298CC
:10173000ADF800002068BDF97A1002ABB0F90800DE
:1017400001EBD17100EBD070401000EB6100BDF8EF
:1017500012106A460844BDF81010ADF80810ADF834
:101760000200ADF80A00BDF8C400ADF878001EA96B
:10177000359800F0A8F8A07FC0071FD03298ADF8C8
:1017800000002068BDF8121002AB028940891144A4
:10179000091A03986A4690F90D00081ABDF810104E
:1017A000ADF80810ADF80200ADF80A00BDF8C400AD
:1017B000ADF878001EA9359800F085F8617F00200B
:1017C000CDE9000106EB0800B4F9142007462F9B71
:1017D0000399F2F78FFB454600EB0508BAF80000C5
:1017E000ADF810003098022802D0032816D029E066
:1017F000607F0090B4F91430A8EB05013846039AD5
:101800000BF002F907465046FEF776F8C01BBDF80C
:10181000101000EBD07001EB600011E0607F0090D1
:10182000B4F91430A8EB05013846039A0BF0ECF834
:1018300007465046FEF760F8BDF81010C01B08447C
:10184000ADF81000BDF8121008980844359900B2A0
:10185000ADF812008968B1F90610884203DC705DAA
:1018600000287FF491AE39B0BDE8F08F2C02002043
:1018700038B50446202104F037FEFF20A076FEF79D
:10188000E4FF0090BDF80000A0810B4820604FF6F7
:10189000FF706060A060FEF7D8FF0090BDF8000008
:1018A000E081052008F004FD0090BDF800002082D2
:1018B0000020E07638BD000074AF020830B4C4697F
:1018C000A44630BC604730B44C88002C06D00C7A5B
:1018D000022C03D9046AA44630BC604730BC704770
:1018E00038B504460A2104F0FFFD01206080FF2086
:1018F0002072BDF80010002060F3040189B260F38B
:101900004A1189B260F3CF21ADF8001088B200907F
:10191000BDF800000090BDF80000208038BD000038
:1019200010B503460A4A002052F8304024B1401C4A
:10193000C0B21028F8D301E0102802D34FF0FF30D6
:1019400010BD42F8303002EBC002516010BD000003
:10195000DCB700202DE9FF4F81B08B460E9D164667
:101960001C46B5F90A10B5F90C00571AB5F908204C
:1019700005F11009ABEB020305F13C0AB4285DDA6E
:10198000B5F90E20B42A7DDA00287BD0002A79D060
:10199000904277DDB1425ADC696D79434FEAA12C60
:1019A000A96A7F1C79438912A0F20F15582D01D81E
:1019B000002909DB451E592D01D8002904DB5B38BD
:1019C000B32802D2002900DD0021A2F20F1058280E
:1019D00001D8002909DB501E592801D8002904DB51
:1019E0005B3AB32A02D2002900DD0021ACEB0100F2
:1019F00001EB60000125C71AA74200DD2746002F32
:101A00000DDD3BB232465946CDF80090019800F00A
:101A100091F9050003D13946019804F065FDA7420C
:101A200000DD2746002F00DA0027CDF800A05DE09A
:101A3000B54276D1284605B0BDE8F08F68DDB5F92E
:101A40000E20B42A64DD904262DDB14201DA012049
:101A5000F1E7696D79434FEAA12CA96A7F1C7943AC
:101A60008912A0F20F15582D01D8002909DB451E57
:101A7000592D01D8002904DB5B38B32804D2002992
:101A800002DD00E044E00021A2F20F10582801D846
:101A9000002909DB501E592801D8002904DB5B3AD4
:101AA000B32A02D2002900DD0021ACEB010001EBDA
:101AB00060000125C71AA74200DD2746002F0DDD73
:101AC0003BB232465946CDF800A0019800F032F9F9
:101AD000050003D13946019804F006FDA74200DD58
:101AE0002746002F00DA0027CDF800900BEB070007
:101AF00001B20198E41B384423B20746324600F095
:101B000019F9060094D12146384604F0EDFC8FE720
:101B10000127B846B42805D038B109DAB14209DC4A
:101B20000AE047E0B14210DC04E0B14202DC0CE024
:101B3000B14201DC032708E0234632465946CDF87E
:101B40000090019800F0F6F80746B5F90E00B428A9
:101B500006D060B1B5F90A000FDAB04204DC0EE03D
:101B6000B5F90A00B04206DD4FF0030803E0B5F90D
:101B70000A00B042F8DDBFB10EE0B042F4DD23460A
:101B800032465946CDF800A0019800F0D3F88046BF
:101B900057B1B8F1000F07D0032F02D0012F05D0A5
:101BA00008E0B8F1030F05D1002044E74046B8F142
:101BB000010FFAD002203EE72DE9F843054688469A
:101BC00040F26710411C089C1746002B01DA0023E5
:101BD00002E08B4200DB0346002C01DA002402E025
:101BE0008C4200DB04469C4203DAC3F5B470204407
:101BF00003E0E01A002800DC181BA5F86800AB81A0
:101C0000EC81A5F808806F811548286001202871B3
:101C10008B4200D9FEE7B42B01D2002000E0012066
:101C2000002C01DB8B4200DDFEE7B42C05D3A4F1D0
:101C3000B401B42901D2002600E0012600903A4602
:101C4000414605F1100000F0CBF823463A464146E4
:101C500005F13C00009600F0C3F8BDE8F8830000F1
:101C6000551901082DE9F8431E4617468846814656
:101C700000250C4C0DE00090D0F800C033463A46E9
:101C800041464846E047002808D0022800D10125F7
:101C9000083420680028EED115B10220BDE8F88391
:101CA0000120FBE7DCB7002010B50179022906D03E
:101CB000052913D18068BDE8104004F0CBBA044672
:101CC000406900280AD00169002904DA406804F05C
:101CD000C1FA6069EFE74169491E416110BD00002A
:101CE00070B5134D060008D05FF0000455F83410AD
:101CF000B9B10879022805D002E02868002800D090
:101D0000012070BD887CB1F91020C007304601F178
:101D1000080102D0F0F778FE01E0F0F705FE002898
:101D2000EED0641CE4B2102CE0D3002070BD0000A3
:101D3000DCB70020F8B5069CA58A266A521B658A86
:101D400012B2491B94F8285009B24FEAC57526B162
:101D5000009485B3FCF760FEF8BD85B1207C810757
:101D600027D000F00301012923D0022901D1511C01
:101D70001FD4C043800728D1002A1ADC25E0227C2A
:101D800002F00304022C14D0D543AD0711D0012C6E
:101D900001D100290DDC920701EB030207D0002AD4
:101DA00013DB49420FD50021002B0EDD0FE0002A86
:101DB00002DA0120F8BD10E04A4206D49A420ADA5B
:101DC000991A104405E0994201DB0020F2E799429C
:101DD00001DA04F089FB0220ECE7FCF7C5FEE9E735
:101DE0002DE9FC471C46DDF8288016460F46814643
:101DF000B42B01DDB43C24B204F15A0000B20AF065
:101E0000E1FC07EB601520460AF0DCFC06EB6010F5
:101E100000B2CDE900082BB232463946484600F000
:101E200003F8BDE8FC8700002DE9F0470F46DDE927
:101E300008699846154604462C2104F055FBB54226
:101E400006D1B9F1030F03D16D1E761E2DB236B245
:101E5000B54205DD4046B846074630462E460546A3
:101E600027816581A4F80C80E68184F81090678250
:101E7000A8EB07004B46A582002801DD014601E0E2
:101E8000A7EB0801721B002A01DD154600E0AD1B1F
:101E9000A94294F8281002DD41F0010101E021F08F
:101EA000010184F828100025E561244E2660A56113
:101EB0002571CE074FF480150DD020B195FBF0F6BB
:101EC0005643B612E66122B195FBF2F242439012FC
:101ED000A061E0690CE022B195FBF2F64643B61230
:101EE000A66120B195FBF0F050438012E061A0693B
:101EF0002062980709D003F00300012808D00228C7
:101F000013D0D843800714D006E021F0020001E08E
:101F100041F0020084F82800216A881060620029DC
:101F200001DA40426062BDE8F087206A0028EFDCF9
:101F3000EBE7206A0028EBDDE7E70000351D01082C
:101F40002DE9FE4F8046DDF830900E461C4699F88C
:101F50001200174600F0010AB9F91050684609F15D
:101F60000801FDF770FCBDF90200BAF1000F2FD097
:101F7000B84250DCBDF90600B8424CDBBDF90000A8
:101F80004119B14205DCBDF904203119521B9142BF
:101F900009DDBDF902104A19BA4240DCBDF906203C
:101FA000521BBA423BDBBAF1000F18D0801B00D5A0
:101FB0000020A04231DCBDF90410891B091A491C1C
:101FC0004218A24200DD211A002926DB4044EFE03E
:101FD000B84213DCBDF90600B8420FDBCEE7871B21
:101FE000A7420BDC002F03DB3946404604F07CFAA5
:101FF000BDF90400851B6D1C002D02DC0020BDE82E
:10200000FE8FA54204DA611B08EB050004F06CFAB0
:102010001FB9A54201D10120F1E70220EFE7BDF889
:102020000430821B181A401C0FFA80FCBDF8060011
:10203000401A401C03B2781A00B2A84202DA281AE9
:10204000401E01E0591B401AD9F8141000B20223B7
:10205000CF6803EB4003FB5A37F810609B1B1EB29E
:102060008B68496833F8103037F810004FF00007DC
:1020700000EB010B02EB0C00401B18440FFA80F937
:102080005019C01A401E05B2BAF1000F22D06BE001
:10209000F11B01EB0B0010F8010C029009EB07009B
:1020A0005FEA000A08D4A24506DA18F80A10029876
:1020B0000BF0F8F808F80A00B5EB070A08D4A245B7
:1020C00006DA18F80A1002980BF0ECF808F80A0083
:1020D0007F1C3FB2B742DBDB09EB0700A04201DA0D
:1020E000014600E02146002901DA002002E0A0427A
:1020F00000DB204600B2211A404404F0F5F9A81B89
:10210000411CA14201DA0A4600E02246002A01DA17
:10211000002402E0A14200DA0C4621B2404647E02A
:10212000F11B01EB0B0010F8010CC0F1FF00029055
:1021300009EB07005FEA000A08D4A24506DA18F89E
:102140000A1002980BF0AEF808F80A00B5EB070A7F
:1021500008D4A24506DA18F80A1002980BF0A2F883
:1021600008F80A007F1C3FB2B742D9DB681CA042C6
:1021700001DA691C00E02146002901DA002504E0AB
:10218000A04201DA6D1C00E025462AB2A9EB02004C
:10219000A11A884201DA034600E00B46002B01DA5F
:1021A000002002E0884200DB084601B208EB020092
:1021B00004F09AF931E700002DE9F0411546064692
:1021C00088880A881C46801A401C02B2C8884B883E
:1021D000C01A401C00B2824200DA1046B5EB600F14
:1021E00000DD4510002D00DA002506F10800FDF79E
:1021F0002AFB3582B47438483060022030710023E5
:10220000C5B1364800214FF47A7200BFC1EBC1045A
:1022100000EB8404B4F91840AC421BD1C1EBC101FE
:1022200000EB81004169491C41610169102D04DA0C
:10223000012303E07361BDE8F0812B110B4493424D
:1022400005DA102D01DA012200E02A110A440261A8
:102250007061F0E7491C0429D8D300244FEA040137
:10226000C1EBC10700EB8707D7F814C0BCF1000F22
:1022700007D12CB1D7F810C0D4F810E0F44500DA3B
:102280003C46491C0429EBD33CB16069401CC4E9BD
:102290000430102D0EDA01200DE01C2003F050FF59
:1022A000040006D01C2104F01FF94FF0FF3020611C
:1022B0000BE0FEE728111844904205DA102D01DAF0
:1022C000012000E028111A18226120462946746175
:1022D000BDE8F041F3F790BE411F01086CB7002044
:1022E000F0B50025094E07462C4600BF06EBC4009A
:1022F0004068B84204D156F83450204600F008F83F
:10230000641CE4B2102CF1D32846F0BDDCB70020E9
:102310000021421C08D0054A002352F8301042F830
:10232000303002EBC000436008467047DCB7002045
:1023300030B4D38854881B1B5B1C1BB2012B09DBF8
:10234000938814881B1B5B1C1BB2012B02DBC36828
:1023500030BC184730BC704738B50446382104F00B
:10236000C3F8FEF718FC0090BDF8000024F8040F35
:10237000FEF711FC0090BDF800006080FEF76FFAD8
:102380000090BDF80000E080FF2525720220A072B9
:10239000FEF765FA0090BDF800006083FEF75FFA73
:1023A0000090BDF8000020850748206104F8015C1A
:1023B000A57584F82650A57784F83250E07F20F088
:1023C0003E001E30E07738BD74AF02082DE9F04FB3
:1023D000CBB08346DDE95465087B984614460F462A
:1023E00002287DD9B7F90200002879D0AE4277D013
:1023F0001AB281469246404500DD914606A8FFF795
:10240000ABFF787B00F003008DF81A00B86840B18C
:1024100000208DF81B00B8680A90387B8DF83200D8
:1024200005E0387B8DF81B003888ADF81C0021884A
:10243000A1EB0800ADF810006288A8F10101A2EB41
:102440000802ADF8122023880B44ADF81430B4F81C
:1024500002C0ADF804006144ADF80830ADF81610C4
:10246000ADF80620ADF80A10B7F802C06044ADF828
:102470000400B7F802C0624412B2ADF80620B7F803
:1024800002C0A3EB0C03ADF80830B7F802C0181A6D
:10249000A1EB0C01401C09B24FF0FF3C00B2ADF8BB
:1024A0000A10CDF814C1002810DD881A401C00B2B3
:1024B00000280BDD012347F6FF7201A932A8FFF7C0
:1024C0007BFE002132A8FFF72BFA4590002347F648
:1024D000FF7204A938A8FFF76FFE002138A800E0BA
:1024E00024E0FFF71DFA489006F5B470A84205D025
:1024F00005F5B4714FF4B4708E421ED147F6FF70EB
:10250000ADF8180004AA06A95846FFF711FF48982D
:10251000FFF7FEFE4598401C02D04598FFF7F8FEF5
:1025200038A8FFF7C1FB32A8FFF7BEFB4BB0BDE8F0
:10253000F08F00BFA6F5B476B6B28642FAD202E0BA
:10254000A5F5B475ADB28542FAD228B24690009096
:10255000B4F90220B4F9001033B214A84793FFF77E
:102560002BFB002114A8FFF7DBF92F90B54203D90C
:10257000A81BC0F5B47000E0701BDBF808100091D8
:102580003C282ADDB8F10A0F27D95A20B6FBF0F112
:10259000B5FBF0F000F00300ADF8040106A8ADF8BB
:1025A000FCA0ADF8005101F0030142903E94ADF85B
:1025B000FE60ADF80211ADF8069104A8CDE9430B19
:1025C0003EA8F7F7BFFC3EA8F7F784FD3EA8F7F753
:1025D00050FE3EA8F7F73BFF04E004AA06A95846C0
:1025E000FFF7A6FE14A8FFF75FFB38A8FFF75CFB18
:1025F00032A8FFF759FB2F98FFF78AFE4898FFF79C
:1026000087FE4598401C02D04598FFF781FE787BF5
:1026100040078BD509F0FF022FAB51464798FAF7D8
:10262000F9FDBDF8BC0021882FAA0844ADF8BC0014
:10263000BDF8C00021880844ADF8C000BDF8BE0058
:1026400061880844ADF8BE00BDF8C2006188084446
:10265000ADF8C20048A80099F0F73EF948ADC0B106
:10266000002347F6FF722FA93EA8FFF7A5FD002122
:102670003EA8FFF755F90646584604AA06A9CBF826
:102680000850FFF755FE3046FFF742FE3EA8FFF721
:102690000BFB09F0FF022FAB51464698FAF7BAFD43
:1026A000BDF8BC0021882FAA0844ADF8BC00BDF8D5
:1026B000C00021880844ADF8C000BDF8BE006188A4
:1026C0000844ADF8BE00BDF8C20061880844ADF80A
:1026D000C20048A80099F0F7FFF8C0B1002347F600
:1026E000FF722FA93EA8FFF767FD00213EA8FFF764
:1026F00017F90446584604AA06A9CBF80850FFF774
:1027000017FE2046FFF704FE3EA8FFF7CDFA00981B
:10271000CBF808000AE770B514460D460646F4F7F4
:102720008FF8224629463046BDE87040F4F75DBA7E
:102730007CB50446087E0D4602280ED9A26868467C
:102740002968F0F7C9F8002807D0E16A09B12046E6
:102750008847626B2946204690477CBD2DE9F04FA3
:10276000CD6889B00C46804615B1207C002879D010
:10277000207C012800D10025D8F804008188008839
:10278000081A401C00B20790D8F8082005A8216854
:10279000F0F7A2F8002865D0F1F758FB83460068EF
:1027A000D8F800A0C06980B9D8F80400BDF91410A9
:1027B000B0F90020B0F90200891ABDF91620121AEA
:1027C000079800FB02110AEB410AD4F804905FEA73
:1027D000090013D020688288B0F90010B0F9020017
:1027E000521A521C17B2BDF91420511ABDF9162005
:1027F000101A07FB001109EB410900E0002795B111
:1028000060698288B0F90010B0F90200521A521CB7
:1028100016B2BDF91420891ABDF916202944801A70
:1028200006FB001500E00026D8F804004188008867
:1028300049420AB2404201B205A8FDF77CF8DBF834
:102840000000C0690028606818D00028207E0CD0E5
:1028500001A9009781E861004B4605A95046079AF7
:102860000AF0A0FC09B0BDE8F08F8DE86100A36814
:1028700005A95046079AF9F79BFAF3E70028607E0E
:102880000DD018B3217E0097CDE90360CDE9011585
:102890004B4605A95046079A0AF080FAE2E758B17C
:1028A000217ECDE90260CDE90015A36805A9504657
:1028B000079AF9F733F8D5E7207E05A98DE861007E
:1028C000A3685046079AF9F7CFF8CBE7207E01A915
:1028D000009781E861004B4605A95046079A0AF027
:1028E000DFFABFE72DE9FF4FB7B00C46379899469E
:1028F00016468068DDF810A10188ADF814104188F3
:10290000ADF816108188ADF81810C088ADF81A001F
:1029100005A8FFF7E5F91F901C2122A803F0E4FDAC
:10292000E07A8DF8A000207B00F00F008DF8A10068
:102930001F9840B9208830B96088B0F5807F02D1F7
:10294000BAF1040F03D0BAF1050F35D001E0A07A37
:1029500048B30227B18830880025081A401C00B20D
:102960001D904FF4FC60ADF800003390BDF81A10D4
:10297000BDF81600BDF81420091A491C09B22991A6
:10298000BDF81810ADF80820ADF80C10ADF80A002D
:10299000ADF80E0002A88B1A22905B1C20880FFA5B
:1029A00083F878B90AE0CDE9226922A93798FFF7C0
:1029B000BFFE3BB0BDE8F08F0327CBE76088B0F5E2
:1029C000807F01D0012000E000202E901F9901435C
:1029D00004D1BAF1050F01D1A07A60B1F1F736FA4E
:1029E000FEF704FA834605A8FCF76CFF59465845E4
:1029F00075D9084676E0F1F729FAFEF7F7F90446AB
:102A000005A8FCF75FFF2146A04201D9084602E075
:102A100005A8FCF757FF8246400003F0BDFB834644
:102A2000504603F0B9FB0446259002A827900220E7
:102A3000CDF88CB08DF89800BDF91620B6F90210CB
:102A4000511A1D9A514301FB0790BDF91410B6F9B4
:102A50000020891A01FB070900262AE048460021C8
:102A60000BE0827862552AB10378427803EB0223A7
:102A70002BF81530491C38446D1C4145F1DB1D987D
:102A800010FB079905EB0801514505D8BDF80E006C
:102A9000401CADF80E000BE022A93798FFF748FE66
:102AA000BDF80E00401CADF80A00ADF80E00002580
:102AB000761C29988642D1DBBDF90A10BDF90E00BB
:102AC000814206D0401EADF80E0022A93798FFF7CC
:102AD0002FFE204603F0ACFB584673E1FFE705A844
:102AE000FCF7F0FE2190400003F056FB2D9021985A
:102AF00003F052FB0190259002A8279002208DF848
:102B000098002D982390002004904C210AA803F0EF
:102B1000EBFC2E9820B32088ADF834006088ADF827
:102B200036001D98CDF82890ADF82C00F1887088FB
:102B30008DF83AA0081A401CADF82E00A088ADF818
:102B40003000E088ADF832002089ADF83800207DF3
:102B500000F001008DF83B000AA8F0F713FC10E02C
:102B6000BDF91620B6F90200B6F90010101A1D9A28
:102B70005043BDF9142000FB0790511A01FB0700D8
:102B80000490002020902B90A07AC0F1FF01349196
:102B9000B0B121898AB2D10A11FB00F3209963F305
:102BA0000F01C2F3451313FB00F363F31F412091A0
:102BB00002F01F0111FB00F12B9861F30F002B9025
:102BC000BAF1040F05D1208818B96088B0F5807F6C
:102BD00001D0022000E001208DF898001F9818B164
:102BE0002199019803F0AEFCBDF90A10B6F9020074
:102BF000081A30900020CEE0DDF810B03195BDF914
:102C00000800B6F900104FF00009401A329073E046
:102C10002E98B0B1089930980844329902B201EB6D
:102C2000090001B20AA8F0F7C1F930B101989DF886
:102C30003E104155BDF83C0022E00198002141556D
:102C400056E0BAF1050F0ED00198FF2100F80510EB
:102C50009BF800109BF80100BAF1060F01EB002071
:102C600080B206D00CE001999BF802004855E0B311
:102C7000EEE73399884203D101990020485537E0A7
:102C8000A17A81B32099349A89B2C30A13FB021145
:102C9000803101EBC11303EBC131C1F3C453BDF863
:102CA000D410C0F3451C63F3CF21209B1B0C1CFBED
:102CB0000233803303EBC31C0CEBC333C3F3C553A4
:102CC00063F34A112B9B00F01F0010FB0230803091
:102CD00000EBC01202EBC030C0F3C45060F304013B
:102CE000ADF8D41088B22D9900E001E021F815006C
:102CF00009F10109BB446D1CC14589DB1F98C0B1B6
:102D0000BDF816100898019B084402B23198BDF92D
:102D10000810184481464346FEF7A4FF10B102286C
:102D200004D006E04846414603F0DEFB02208DF861
:102D300098001D99049811FB07000490219805EB59
:102D40000801814205D2BDF80E00401CADF80E000E
:102D50001FE022A93798FFF7EBFCBDF80E00002515
:102D6000401CADF80A00ADF80E00BAF1040F05D111
:102D7000208818B96088B0F5807F01D0022000E07B
:102D800001208DF898001F9818B12199019803F03F
:102D9000D9FB0898401C0146089029988142FFF60B
:102DA0002BAFBDF90A10BDF90E00814206D0401EBE
:102DB000ADF80E0022A93798FFF7BAFC019803F08E
:102DC00037FA2D9803F034FAF3E5000010B50C46FD
:102DD0003821204603F088FB094820610948E0605B
:102DE0000948A0620948E061094860610948206219
:102DF000094860620948E0620948606310BD00004C
:102E0000CD230108ED32010817270108252E0108FE
:102E1000E5280108C92E01086D3001082533010895
:102E20005D270108F0B51F46064687B014460D46DB
:102E3000086800233A4602A900F059FF002841D053
:102E4000BDF81020002A3DD0BDF80E10002939D061
:102E50002088BDF81230184400B2ADF804002B6889
:102E60006488B3F808C05B89ACEB03032344BDF866
:102E700014409B1A1B1B1BB2ADF806304418B168F6
:102E8000B1F900C064451DDBB1F90440A04219DC72
:102E90009818B1F90220904214DBB1F90600834280
:102EA00010DC3946029800F01EFF00280AD0029973
:102EB000097B890706D1009002AB01AA294630465A
:102EC000F5F79CF907B0F0BD2DE9F0470E46B1F9D2
:102ED000021096B01C461546814600297ED0307AF5
:102EE00002287BD9B5F90000B4F90020904205D141
:102EF000B5F90230B4F90270BB426FD0904200DBEA
:102F0000104601EBD171A0EB6100ADF84400B5F9BA
:102F10000010B4F90000B6F90220814200DD084635
:102F200002EBD27100EB6100ADF84800B5F9021078
:102F3000B4F90200B6F90220814200DA084602EB39
:102F4000D271A0EB6100ADF84600B5F90210B4F9FA
:102F50000200B6F90220814200DD084602EBD27180
:102F600000EB6100ADF84A0011A90846D9F8082025
:102F7000EFF7B2FC002875D011A9D9F808A0C9F85C
:102F80000810B5F90200B4F90210884206D12346B0
:102F90002A4631464846F5F791FA0EE0B5F90000A9
:102FA000B4F90010234688422A463146484602D1E9
:102FB000F5F7ECFC01E0F5F73BFB707A010701D473
:102FC00040074DD502A8FFF7C7F93088ADF80C00CF
:102FD00047F6FF70ADF80800307A00E042E08DF867
:102FE0000B00B6F90200471040F3000000F10108A1
:102FF000707A400718D528886A46C01BADF80000D3
:103000006888C01BADF802002888C119A1EB080030
:10301000ADF804006888C119A1EB0800ADF80600FE
:1030200002A94846FFF784F9707A000718D520886E
:103030006A46C01BADF800006088C01BADF80200F6
:103040002088C119A1EB0800ADF804006088C119FF
:10305000A1EB0800ADF8060002A94846FFF768F9A1
:10306000C9F808A016B0BDE8F08700002DE9FF4FB1
:103070008BB01E461746032B7ED3002F7CD0B000AA
:1030800003F08AF805007BD00024386828602046C9
:10309000721E15E007EB800137F92030B1F904C04A
:1030A000634505D1B1F90230B1F906C0634505D0D9
:1030B00005EB84030968641C1960A4B2401C80B24B
:1030C0009042E7DB07EB8600B7F9001030F9042CDB
:1030D000914205D1B7F9021030F9022C914206D085
:1030E00005EB840150F8040C641C0860A4B2032CA6
:1030F00043D37D49D1E90001CDE90201002027E059
:10310000BDF9082035F920108A4200DA1146ADF8E1
:10311000081005EB8002BDF90A10B2F9023099429D
:1031200000DB1946ADF80A10BDF90C3035F9201056
:103130008B4200DD1946ADF80C10BDF90E30B2F926
:1031400002108B4200DD1946401CADF80E1080B213
:10315000A042D5D30B9802A9826805A8EFF7BCFB63
:1031600058B10B9805A90026806809900B988160DA
:10317000B5F90210012011E002E0284603F058F8EA
:103180000FB0BDE8F08F00BF05EB8002B2F902205E
:103190008A4201DA114606B2401C80B2A042F3D343
:1031A0002C2104FB01F002F0F7FF8346B2460490A5
:1031B000D1464FF00008701E00D52044621E09F170
:1031C00001010892914200DD002135F8262035F8F2
:1031D000203035F8217005EB80009B1ABF1A428819
:1031E00005EB860005EB810140884988121A081A10
:1031F0000021079112FB07F110FB03F0814267DA0F
:103200000120079001E00798F0B308980AF1010641
:10321000864200DD0026B9F1010700D5274405EB01
:10322000860005EB8A01B0F90200B1F90220904254
:1032300016DB12D035F9263035F92A108B420CD026
:103240004FF0010CCDE9000C5846FEF7EDFD584655
:103250000499FEF765FB0BF12C0B08F10108B2464F
:10326000A04523D005EB870005EB8901B0F90200EA
:10327000B1F90220904217DB13D035F9273035F928
:1032800029108B420DD000E022E00026CDE9000697
:103290005846FEF7C9FD58460499FEF741FB0BF16D
:1032A0002C0B08F10108B946A045ACD3DDE90B01B0
:1032B00002AAFFF73DF80498FFF712F8049802F00D
:1032C000B7FF284602F0B4FF0B990998886057E7CA
:1032D000BAF1010600D52644089809F10107874292
:1032E0009DDD00279BE700001455020870B51446C9
:1032F0000D460646F7F7CCF9224629463046F3F745
:103300009FFA224629463046F3F76FFC22462946AB
:103310003046F3F74CFD224629463046BDE8704062
:10332000F6F7F6BC704710B50446012103F0FCFD2A
:103330004FF6FF7060870121606A03F0F7F92046BD
:103340000022BDE81040202100F052BB70B50020E3
:103350000C46486216A1C4E90B10A06294F83C1018
:1033600041F0300184F83C10E08620874FF6FF7171
:103370006187A08694F83C004FF4806120F00F0034
:10338000083084F83C00204603F0D0F909A120461B
:1033900000F090FA204604F0C9FA01460C4803F008
:1033A000E1FC054603F04CFD65626C6270BD0000F7
:1033B000EF81B8004F7074696F6E20310A4F7074DE
:1033C000696F6E20320A4F7074696F6E203300008F
:1033D00050B2020810B50146034803F0C3FC04468E
:1033E00003F02EFD204610BD34B2020870B5486AC5
:1033F0000C46002510B103F0F9FD656294F83C001D
:10340000C00603D4206B02F025FF256370BD0000C9
:1034100070B50E463F4804F05EF9012843D13046AE
:1034200000F0A3FA0546304600F0DDFA04460E2D02
:1034300014D00F2D21D0102D1FD0082D21D02A2DD2
:1034400023D0292D21D02C2D23D00D2D2CD0152D7E
:1034500029D13046BDE87040F5F74EBD04F01CFAA6
:1034600000F0FAFF054601F0A7FD01F0E6FD042893
:1034700019D17DBB218F2046E186BDE87040FFF762
:1034800052BFBDE87040F2F731B8BDE8704006F0B9
:1034900089B9304600F0A5FA05460021204605F01E
:1034A0009EF90089688070BD304600F09AFA007875
:1034B000132810D012280ED0142817D0112815D098
:1034C0001B28D7D00A28EED101F086FDA042EAD011
:1034D0002046D6E719E0204600F050F8A8B1E08E6B
:1034E000A18E401C8842DED2214608E0204600F032
:1034F00045F850B1E08E0028D5D02146401EE08628
:10350000BDE8704008460AF047B92046BDE8704063
:1035100000F090B834B20208C08E70472DE9F04137
:1035200004460025006B90460E462F4620B1ECF76E
:103530000AFF0246002008E00F70BDE8F081216B11
:10354000095C0A2900D16D1C401C904202D2218FD7
:10355000A942F4D10021A8F1010507E0B8F1000F5C
:1035600001D0A94208D27354401C491C904203D296
:10357000236B1B5C0A2BF1D17754DEE710B5406A50
:10358000012105F0E4F980F0010010BDF8B50F4607
:10359000084600F0EAF90546182805D039462448BF
:1035A00004F099F801283AD1384600F01CFA446A30
:1035B0000646082D0ED0012D17D0092D30D0182D1C
:1035C0002DD13846F5F791FA3946BDE8F84018484C
:1035D00004F081B801F0F0FC01F023FD00281ED1B9
:1035E0003046BDE8F840FBF7ACBB01F0E5FC050058
:1035F00015D001F022FD012804D0284601F01DFD60
:1036000003280CD16946284601F0ECFCBDF90210F4
:103610002046F9F72DFB6087304605F066FCF8BDC3
:103620004FF6FF7060873046BDE8F84005F05DBC9E
:1036300050B202082DE9F8430446012103F0A9F82D
:10364000204604F073F90146606A06F09EFB4FF0D5
:10365000FF31606A05F0B8FD0121606A03F02AFCC1
:1036600000221F21204600F0C3F92046F9F703FC91
:103670008046216B02F01BFD42F2D171606A06F0B8
:1036800081FD404606F0C8FD606A05F033F9054645
:10369000204605F02FF985420EDC94F83C0000F03E
:1036A0000F00042801D0082806D1204605F022F991
:1036B0000146606A06F066FD404604F0F2F80746EF
:1036C0000021606A04F034FE05460021606A04F0BF
:1036D000CAFF4619002141F61102606A04F0E6FFB4
:1036E0002844B919084407B294F83C003D4600F05C
:1036F0000F06082E02D0042E1ED034E0FDF75EFB2C
:10370000FDF7BAFBB4F91A10294488422BDAFDF709
:1037100055FBFDF7B1FBB4F91A10411AB4F91600C4
:10372000814201DA042605E0FDF748FBFDF7A4FB22
:10373000618B401A401E15E0B4F91600401B12D5EB
:10374000FDF73CFBFDF798FBB4F91A10B4F91650DD
:10375000411AA94207DD0826FDF730FBFDF78CFB77
:10376000618B401A05B2BD4200DD3D462946606AC4
:1037700006F0E0FA20460AF00FF80020082E06D0E6
:10378000042E09D0012E0CD0022E0FD015E000908F
:1037900000230D22606A0DE0009000230A22606A77
:1037A00008E0009000231022606A03E000900023EC
:1037B000606A1322214603F057F8606A06F02CFD78
:1037C00094F83C0000F00F00012801D0022818D125
:1037D000606A05F095F80646606A05F0ADF80546A2
:1037E000FDF7ECFAFDF748FBA8420ADCFDF7E6FA24
:1037F000FDF742FB281A301A401E01B2606A06F03B
:10380000EFFC00214046226B03F090FA022808D01A
:103810004FF0000303281A4601D0012104E00321E0
:1038200002E000231A46092101B04046BDE8F043FA
:1038300003F00CB82DE9F0410E00044603D000253A
:10384000A586284606E0FEE70A2902D1A18E491C7A
:10385000A186401C315C0029F6D1A08E401CA086B8
:10386000E58625873046ECF76EFD471C206B30B1AE
:1038700094F83C10C90602D402F0ECFC25633846EB
:1038800002F05EFC206390B13146ECF771FD94F8D4
:103890003C0020F01001204684F83C1005F025FB88
:1038A000606A002804D0BDE8F04105F01EBBFEE7C9
:1038B000BDE8F08170B50E00044603D00025A58652
:1038C000294606E0FEE70A2802D1A08E401CA08609
:1038D000491C705C0028F6D1A08E401CA086E586AD
:1038E000258794F83C00C00604D4206B10B102F088
:1038F000B1FC256394F83C0040F0100184F83C10C2
:103900002046266305F0F1FA606A002803D0BDE87E
:10391000704005F0EABA70BDC28E8A4207D0828E2E
:103920008A4200D8511EC186018705F0DEBA704771
:1039300010B50C464FF48061204603F0BBFA042119
:10394000204603F0B7FA4FF40031204602F0EEFEB5
:103950000121204602F0EAFE2046BDE8104001F0B9
:10396000D7BC486A002141627047007A20F080008D
:10397000704740687047017A15290BD0142909D087
:10398000162907D0182905D0172903D0192901D0E5
:103990000020704700697047017A01291FD0022971
:1039A0001DD003291BD0042919D0052917D00629B9
:1039B00015D0072913D0082911D009290FD00A29B9
:1039C0000DD00B290BD00C2909D00D2907D00E29B9
:1039D00005D00F2903D0102901D0002070470069BD
:1039E00070470069704700687047C0687047000002
:1039F00010B588B0C0B1009001908DF8081000207B
:103A0000CDE903029DF81800084C20F007008DF85E
:103A1000180060680590C4F804D06846F7F7EEFE19
:103A20000599616008B010BD0120FBE7C4000020CB
:103A3000027A132A06D10069B0F900208A4200DD1B
:103A4000114601807047000070B507F029F9FCF7B6
:103A500063F91A4C206107F023F903F022FF0621D5
:103A600090FBF1F005B207F01BF904F043FFC1171A
:103A700000EB917081102A46206906F014FA0023A9
:103A80001A460921206902F0E1FE002307220C49B1
:103A9000206902F00DFE206901F03AFC0546002283
:103AA000616806F057FB07A1284602F09BFA2846FA
:103AB000BDE87040092106F0FAB800005402002069
:103AC000A15400085370656564202D0070B507F09F
:103AD000E7F8FCF721F9264C606107F0E1F803F004
:103AE000E0FE062190FBF1F005B207F0D9F804F0F2
:103AF00001FFC11700EB917081102A46606906F042
:103B0000D2F907F0CDF804F0F5FE032190FBF1F0B7
:103B100002B200230921606902F098FE1548FCF703
:103B2000F6FE01460022606906F0C8FA4FF47F00F5
:103B3000FCF7EDFE01462022606906F0BFFA002383
:103B400007220D49606902F0B3FD606901F0E0FBF6
:103B500005460022616806F0FDFA08A1284602F039
:103B600041FA2846BDE87040092106F0A0B80000DF
:103B700054020020605FEF00A154000853746F707E
:103B80000000000070B507F08BF8FCF7C5F81E4C7C
:103B9000E06007F085F803F084FE062190FBF1F069
:103BA00005B207F07DF804F0A5FEC11700EB917097
:103BB00081102A46E06806F076F907F071F804F003
:103BC00099FE4042032190FBF1F002B2002309214B
:103BD000E06802F03BFE002307220C49E06802F097
:103BE00067FDE06801F094FB05460022616806F07D
:103BF000B1FA07A1284602F0F5F92846BDE8704061
:103C0000092106F054B8000054020020A154000815
:103C10005370656564202B0010B507F041F801F082
:103C200077FB0D4C0022A060616806F093FA0BA1AF
:103C3000A06802F0D7F907F033F803F032FE4042F3
:103C4000032190FBF1F003B2A0680022BDE8104010
:103C5000092102F0FBBD000054020020537065658D
:103C600064203A20302052504D00000010B500F082
:103C700005F8BDE8104000F01DBB000010B50021A4
:103C80000B4802F02FFA0B4CE06007F09FFB2080FE
:103C900007F09CFB40F48050608007F097FB40F4F5
:103CA0008050A08007F092FB40F48050E08010BD6F
:103CB000B5C400080C01002010B5092900D120214D
:103CC0000469F8F745FF002806D0616801EBC000E1
:103CD000618A890B01D0002010BD00682168C0F303
:103CE0001300084410BD08B142681047FEE72DE9F3
:103CF000F0411E4617460D4688B18DB1002104469D
:103D00002960D4F800C033463A4629462046E047A9
:103D100038B1A97BC90604D42C60BDE8F081FEE768
:103D2000FEE76469002CECD1F7E72DE9F0470026A7
:103D30009A460C468146092A01D1202201261146C5
:103D4000D9F81050F8F704FF071E3CD0E8684FF090
:103D5000000850B151464846F8F7FAFE020004D078
:103D600039464846F8F7D0FF80466868298A00EB54
:103D7000C70001FB08F10A110168090D002E01D0EE
:103D80004FEA4101114401F108014FEA1111A180EC
:103D9000417921810179E18090F90620628190F9D1
:103DA0000700A081688A4FEA5022A07B62F30300DB
:103DB00020F01000A07304D04FF6FF7000EA41001D
:103DC000E0804FF00100BDE8F0871FB550B1134609
:103DD0000A466946FFF78BFF002801D0BDF80400B2
:103DE00004B010BDFEE770B504464068B0B1C268CB
:103DF000B2B12168904705466068408840B1A0682C
:103E000030B1C06808B102F025FAA06802F022FAC9
:103E1000002020606060A060284670BD0B2070BD4F
:103E2000092070BD10B504460748EFF7A6FD08E06D
:103E300008680078A04201D1086810BD0248EFF779
:103E4000AEFD0100F4D110BD84B6002010B50446CB
:103E5000ECF779FA40B1215C2E2907D02F2903D045
:103E60005C2901D0401EF6D102A010BD2044401CA8
:103E700010BD00000000000010F8011F3A2900D119
:103E8000401C70472DE9F04117460E00054624D02E
:103E90003078FFF7C7FF040021D0616809B1884777
:103EA000F8B1A068F8B13046FFF7E6FF0146A36815
:103EB0003A4620469847C0B1411C16D0C5E90004D7
:103EC000608838B1102002F03BF9A86078B1102169
:103ED00002F00AFB0020BDE8F0810B20FBE7032085
:103EE000F9E70120F7E70920F5E70C20F3E7FEE703
:103EF0007CB51C0005464FF0000300D023606868C5
:103F000050B1066956B101934388002B01AB07D02D
:103F1000284600F010F809E00B207CBD09207CBD8C
:103F200000932D6813460A462946B047002CF6D068
:103F3000019921607CBD2DE9FC5F0446806815462F
:103F40008B4690E84600D0F80C80606800279A46BF
:103F5000B0F80290B14237D8964235D2701A80B28A
:103F6000A9EB00018EB2B54208EB000104D82A4645
:103F7000584602F0DBF955E03246584602F0D6F9D1
:103F80004D4508D9CDF800A0D4E90010AB1B0BEBD0
:103F90000602066920E00020019001A80090D4E903
:103FA00000104B4607694246B847A1680746486873
:103FB000401C0860A168019A10444860A81B82B2A6
:103FC0000BEB0600414628E04D4508D9CDF800A08E
:103FD000066921682B465A46B04707461FE0B8F1EC
:103FE000000F06D1484602F0ABF8A168C860C0B126
:103FF00080460020019001A80090D4E900104B46B3
:1040000007694246B8470746A0682A460660A06886
:1040100001993144416041465846ECF762F90FB1CD
:1040200006E0FEE7CAF80050A06881682944816074
:104030003846BDE8FC9FF8B545680446E5B1AE6971
:10404000E6B16B880020C3B3D2B1012A21D0022A85
:1040500011D1134620680A4601462846B047002879
:1040600009D1D4E900106A46C3699847002802D1F3
:10407000A26800999160F8BD0B20F8BD0920F8BD39
:10408000A2689160A3680A461D68A9420CD35968CA
:1040900008E0A3689A680A449A60A1680B689A428B
:1040A00002D349688A42EAD9D4E90010002384691E
:1040B00001B0A446BDE8F0406047FFE71346206822
:1040C0000A46014601B02846B446BDE8F0406047C4
:1040D000F0B58646807889B015460C4610FB04F092
:1040E0000012824203DCBEF8000009B0F0BD9EF869
:1040F00008700EEB870212F8023C13FB04F31B124C
:104100009D4202DB32F8040CEFE70022012326E097
:104110000EEB830C9CF802C01CFB04FC4FEA2C2C19
:1041200065451ADC0EEB830737F8040DADF8000087
:104130000098FCF70DFD0646B888ADF80000009821
:10414000FCF706FD0146B87810FB04F0BA790012BE
:1041500012FB04F2C0EB222203E05B1CDBB29F42A5
:10416000D6D8281A00B2C0EB002090FBF2F0C0B203
:10417000C0F1FF02CBB213FB00F3F4B214FB023325
:1041800003EBC31404EBC3339C0EBDF8143064F38B
:104190000403C1F3072414FB00F4C6F3072515FB41
:1041A000024404EBC41505EBC434640E64F34A13F3
:1041B000C1F3074111FB00F0C6F3074111FB0200F8
:1041C00000EBC01101EBC030800E60F3CF23ADF8DF
:1041D000143098B289E74168002901DA02F03AB850
:1041E00070470000FEB50546407A16460C4640076B
:1041F0002FD0224F387820B9002000F043F801205A
:104200003870687A00F00700022818D04FEA0600DC
:1042100080EA640068400190002000906A4601A98D
:104220001748FAF73FFB01280BD0324621462846B3
:10423000F0F7A2FE009000280BD0002418E02046E2
:10424000E6E700980422416802EBB1714FEAB10140
:104250004160FEBD22462846FFF73AFF02900098D3
:10426000BDF80810806800EB4400641C018024B293
:104270000098B0F90E10A142ECDCFEBDF800002061
:1042800071BE000870B5094D0446286801F0E2FFD0
:10429000204601F055FF2860054DA86020B1214659
:1042A00002F022F96C6070BDFEE70000F40100200E
:1042B000F800002010B500211B4801F013FF1B4C33
:1042C000606107F083F840F48050208007F07EF8AA
:1042D00040F48050A08007F079F840F4805060806E
:1042E00007F074F840F48050E08007F06FF840F475
:1042F0008050208207F06AF840F48050E08107F097
:1043000065F840F48050608107F060F840F4805018
:10431000208107F05BF840F48050A08107F056F848
:1043200040F48050608210BD59D600081C01002066
:1043300070B50C4606002FD0EFF71FFB05E00868AC
:10434000A04229D03046EFF72AFB0100F7D12046E2
:1043500003F0A2FA40B1A168896829B1C968096867
:10436000A14201D100F087F8A06810B9204602F000
:10437000E7FBA06886603046EFF742FB05000AD0F5
:1043800030462C60EFF7F9FAA84205D13046BDE877
:10439000704000F070B8FEE770BD0000014A0249AD
:1043A000F8F7F2B99F3900087B39000870B50600AC
:1043B00043D003F071FA04003FD0207EC0073CD107
:1043C0000021204600F0C3F82046EFF7D6FA32E08D
:1043D0002868B0422BD1E06888B10068B0420ED0A6
:1043E0002046F8F769FC0246E0680F210068FFF7F5
:1043F000FFFA012821D1E068006804F076FDE5604D
:10440000002D1AD0216909B1204688472046F8F7C7
:1044100053FC0246E0680E210068FFF7E9FA012824
:104420000BD1E0680068BDE8704004F05EBD29462D
:104430002046EFF7B4FA0500CAD170BD014A02491F
:10444000F8F7A2B9A7390008AD390008014800689B
:1044500070470000CC000020002802D0007EC0F38E
:1044600040007047002803D0C068002800D00068D2
:104470007047EFF786BA70B50446007EC0F3C005FA
:1044800040F0080020764007204602D4FFF786FF60
:1044900001E0FFF7D3FF207E65F3C300207670BDF7
:1044A0002DE9F041064603F0F7F904003DD0E0683D
:1044B000002740B30068B04220D1207EC10702D05F
:1044C00020F0010020762046EFF757FAE168884295
:1044D0000FD12046EFF76AFAE168884209D12046F9
:1044E000F8F7EAFB0246E0680F210068FFF780FA60
:1044F00002E02046FFF7BFFFE06820B1E0680068F7
:10450000B04200D1E7602046EFF737FA11E02868A3
:104510002946B04220460AD1EFF799FA284601F021
:1045200099FEB068002800D08760BDE8F081EFF701
:1045300036FA0500EBD1F8E713B5FFF793FF20B18A
:1045400001AA0D21FFF754FA1CBD01201CBD70B556
:1045500004001CD0207EC0F340028A4217D061F3D1
:10456000410020762046FFF77DFF05000FD0204652
:10457000F8F7A2FB0246E0680E210068FFF738FA60
:10458000012804D12846BDE8704004F0AEBC70BDDF
:10459000FFB58368006800F01F04052C08D00B2CC1
:1045A00010D00C2C23D00D2C32D00E2C47D01CE078
:1045B000C0F38A2010FB021000EB40001844807802
:1045C00004B0F0BD01F00704C0F38A20C910C01D7B
:1045D000C00810FB0210185CC4F1070101228A40D8
:1045E0001040C84001D00020EAE7FF20E8E717A408
:1045F000C0F38A20246800948C07640F8910C01CC3
:10460000800810FB0210185CC4F10601032210E0C0
:104610000FA7C0F38A20F0CF8DE8F000CC07640F1D
:104620004910401C400810FB0210185CC4F1040142
:104630000F228A401040C8401DF80000C0E7C0F3B8
:104640008A2010FB0210185CBAE700000055AAFF90
:1046500000112233445566778899AABBCCDDEEFF62
:104660002DE9FF410D460746BDF80010002060F31C
:10467000040189B260F34A1189B260F3CF21ADF829
:10468000001088B20090BDF8000001903968BC6845
:1046900001F01F001646042814D0062812D0052861
:1046A00010D007281DD008282AD0092837D00A287A
:1046B00049D00B2851D00C284FD00D284DD00E28B2
:1046C0004BD04BE000F04FF8C1083868C0F38A20A7
:1046D00010FB065001FB0041022201A801F0BAFEC6
:1046E0003CE0C1F38A21EA10C91D05F00700C908A2
:1046F00011FB06210834C0F10700615C01221CE0B7
:10470000A807C1F38A21400FAA10C91C890811FB10
:1047100006211034C0F10600615C03220DE0E807B9
:10472000C1F38A21400F6A10491C490811FB062178
:104730004034C0F10400615C0F2282401140C1404E
:10474000ADF804100AE0C1F38A2010FB025004F512
:104750008064205CADF8040000E00193BDF8040023
:1047600004B0BDE8F081014600200F290AD2DFE83D
:1047700001F009090909080A080C0E10120C0E10A4
:104780001200102070471820704701207047022047
:104790007047042070470820704701460020891E9A
:1047A0000D2909D2DFE801F0070808070807070705
:1047B000070707070700012070470146002003296B
:1047C00001D0062900D10120704770B54C6A0D4612
:1047D000002C12D0287C012802D12046FFF703FBD1
:1047E000E06808B101F036FD206908B101F032FD42
:1047F000204601F02FFD0020686270BD7FB5144691
:104800000D46084600F08FFB20B1012817D0022882
:1048100039D035E0296801F01F00001F0B282FD286
:10482000880A216860F3942121602868400D60F3B4
:104830005F512160287860F3040121602FE0284651
:10484000FFF704FB17A1EBF785FDC8B90222294643
:104850006846FFF717FB68B903AB04222146684698
:10486000FFF746FB05466846FFF7BDFA45B90398D2
:10487000042805D1207800F01F00001F0B280ED35C
:10488000002004B070BD2068012161F39420C0F3C2
:10489000140000F5001020F01F000B3020600120F4
:1048A000EFE7000062696E002DE9FF4F80465CA0D3
:1048B00087B0006804905BA05BA3006893460F4636
:1048C00005900FCB8DE80F00B8F80810002089B2D2
:1048D000CAB2090A09E000BF149C00EB4003401C67
:1048E000E254149C00B2234459700A9B9842F3DBB3
:1048F00098F814004FF0000900F01F00FFF733FF95
:104900008246012101FA0AF1491E88B2069000256B
:10491000D8F814002C4600F01F012E460B2906D0B3
:104920000C2912D00D2920D00E2931D12CE0C0F352
:104930008A20C01DC50804EBE70115FB0B1407F026
:104940000700C0F1070604A80DE0C0F38A20C01CD0
:10495000850804EBA70115FB0B1407F003000621E3
:10496000A1EB400605A8814612E0C0F38A20401C56
:10497000450804EB670115FB0B1407F00100042147
:10498000A1EB80066846EEE7C0F38A2515FB0B74A1
:104990002846D8F8247001F0FFFB5FEA000B13D023
:1049A00098F81000A0B10022211D3846FFF743FB04
:1049B00000232A4659463846FFF79AFA5946CAF163
:1049C0000802002053B222E000200BB0BDE8F08FB7
:1049D000D8F8040080680119F1E70A78069CF240D3
:1049E000224098F8144004F01F040E2C01D019F84E
:1049F0000220149C00EB40052C44A270A6EB0A0296
:104A000056B2002E01DA1E46491C401C00B20A9A1A
:104A10009042E2DB584601F00BFC0120D5E7000094
:104A200000FF00000055AAFF0011223344556677AD
:104A30008899AABBCCDDEEFF2DE9FF4F8046007DB3
:104A400081B091460E4600F01F00FFF78CFE8246B3
:104A5000012101FA0AF1491E0025D8F814001FFAB5
:104A600081FB00F01F012F462C46072906D008299C
:104A700012D009291FD00A2932D12BE0C0F38A2095
:104A8000C01DC50804EBE60115FB091406F007007C
:104A9000C0F10707083423E0C0F38A20C01C850852
:104AA00004EBA60115FB0914062106F00300A1EB97
:104AB0004007103414E0C0F38A20401C450804EB82
:104AC000660115FB0914042106F00100A1EB800723
:104AD000403405E0C0F38A2515FB096404F58064C1
:104AE0002846D8F8249001F057FB061E40D098F8CD
:104AF000100068B10022211D4846FFF79CFA0023F0
:104B00002A4631464846FFF7F3F93146002028E0AF
:104B1000D8F8040080680119F8E70A78D9F80C3051
:104B2000FA4002EA0B0203EB42030E9D1B8800EBE6
:104B30004004ADF800302B55BDF800301D0A0E9B27
:104B400023445D70D9F81040A25C9A70A7EB0A026A
:104B500057B2002F03DACAF1080257B2491C401CB1
:104B600000B2049A9042D8DB304601F061FB01208C
:104B700005B0BDE8F08F00002DE9FE430646087C35
:104B80000C46012801D028B328E06068FFF75EF9E1
:104B900056A1EBF7DFFB28B9022268466168FFF7F0
:104BA00071F910B10020BDE8FE83606A38B91420A5
:104BB00001F0C6FA606260B1142101F095FC606AF0
:104BC00069460C2211F8013B00F8013B521EF9D155
:104BD00004E0FEE7606880680028E4D0207D00F0F3
:104BE0001F00042814D0052812D0062810D007284A
:104BF00014D0082812D0092810D00A280ED00B286B
:104C00006DD00C286BD00D2869D00E2867D068E0D5
:104C1000207C80BB60688068A06160E0FFF7A3FD36
:104C200001278740606A38B9142001F089FA606270
:104C3000B8B1142101F058FC7800656A01F080FADF
:104C4000E86078B1384601F07BFA286158B1E8682D
:104C500078B3207C012807D060680024D0F8088051
:104C60003BE0FEE7FEE7FEE7002204212846FFF7CF
:104C7000E2F900241AE032E00023042269462846C3
:104C8000FFF736F99DF800209DF801109DF802000D
:104C9000FBF796FE0190E868BDF8041000EB4400B5
:104CA000018029699DF803000855641CBC42E3D3C8
:104CB00015E016E008EB840618F824207178B07827
:104CC000FBF77EFE0090E868BDF8001000EB4400A2
:104CD00001802969F0780855641CBC42EAD30120A0
:104CE00061E721463046FFF770FD5BE762696E00C1
:104CF0002DE9F84F0C461D461646207DDDE90A32A7
:104D0000002100F01F00042816D0052814D0062822
:104D100012D00B2839D00C2837D00D2835D00E28CA
:104D200033D0072838D0082836D0092834D00A28AC
:104D300032D00020BDE8F88F277C012F33D1984670
:104D40009146D4F824A0FFF70EFD07466069C0F332
:104D50008A2015FB00607843C11000225046091DCF
:104D6000FFF769F9002470B9FD0805FB08F56B46EB
:104D70002A46494650460094FFF7BAF818B90098F9
:104D8000854200D1012421460DE000922A46314699
:104D90002046FFF789FD05E000922A46314620466D
:104DA000FFF74AFE01460846C4E710B5044600680E
:104DB00000280BD0C2680AB121469047207C012808
:104DC00004D1606801F046FA0020606010BD000068
:104DD00010B50548EEF7F6FD040004D0142101F0EB
:104DE00083FB204610BDFEE7A8B600202DE9F04168
:104DF0000F4605460421384601F076FB25B12846CA
:104E000000F091F818B105E00020BDE8F081A86835
:104E10000028FAD000260A48EEF7AFFD0BE0236821
:104E20002BB13A46294698470646012805D0214627
:104E30000348EEF7B4FD0400F1D13046E5E7000089
:104E4000A8B600202DE9FF410E461D460446282144
:104E500001F04AFBAEB1304600F065F808B9B16820
:104E600079B1BDF8081021812074E56001280CD0CB
:104E7000666000272148EEF780FD054604F114081E
:104E800031E0002004B0BDE8F0813046EBF75BFA7A
:104E9000401C01F055F9606018B13146EBF768FA33
:104EA000E7E7FEE72B68CBB16868B8B14246314608
:104EB000284698470746012810D125606A68214690
:104EC0002846904707460128DCD00421404601F0DF
:104ED0000BFB00202062A0616062E0612946074868
:104EE000EEF75DFD0546002DDCD1207C012802D1C6
:104EF000606801F0AFF93846C4E70000A8B60020AA
:104F00002DE9FC4105680E46089FAC6800213CB1C4
:104F1000CDE900371346014632462846A0470146F0
:104F20000846BDE8FC81032130B10078A0F12001E2
:104F30005F2903D80120704708467047802801D3B5
:104F4000022070470020704710B50446202101F070
:104F5000CBFA002020700A20207660764FF4C870CB
:104F6000A0836420E0833220E0760320A07610BD89
:104F700070B50546006920B9FBF720FF28610028BD
:104F800014D00B48EEF71EFD040010D0582101F09C
:104F9000ABFA25606079224640F0020060710A2178
:104FA000044807F005FA21684861204670BDFEE715
:104FB00078B60020655001080148806870470000FD
:104FC000D000002018B101460248EEF7E8BC0148C5
:104FD000EEF7D3BC78B60020014840687047000067
:104FE000D000002038B102681278012A05D0032AC7
:104FF00003D04FF0FF30088002E002890A80408928
:1050000048807047002806D001680978012903D03C
:10501000032901D00020704790F8400000F00F00F5
:105020007047002806D001680978012903D00329B8
:1050300001D000207047C06A7047002801D0006886
:105040000078704700220A804A80002809D0026850
:105050001278012A01D0032A03D1828A0A80C08AE9
:10506000488070477FB5284CC068A0600168096916
:10507000002947D0F9F7B4F8A0684079400741D437
:1050800000256946A068EEF73FFA9DF80F60A0681A
:10509000F9F7A6F86560A1689DF80E00087101286F
:1050A00006D008680078042809D1BDF80C00D0B1FA
:1050B00007F06AF9A16809680969C1F85401A06894
:1050C00001680978012906D0022908D004290AD0EC
:1050D00003290DD00FE06946F8F7F2FE0BE06946B0
:1050E000F8F71EFE07E06946A068F8F715FC02E035
:1050F0006946F8F78BFBA068F9F772F8002EC0D16B
:10510000A56065607FBD0000D000002070B5204E16
:105110000C460025B0B3417941F002014171B168FC
:10512000814200D1756001680978012901D0022906
:105130000ED114B1016BA14201D1056314B1416AD2
:10514000A14201D1456214B1816AA14200D18562B8
:1051500070BD417941F0020141710168097801296E
:1051600001D002290ED114B1016BA14201D1056316
:1051700014B1416AA14201D1456214B1816AA142D0
:1051800000D18562FFF71EFF0028E2D1756070BD77
:10519000D000002010B50446407920F00100607175
:1051A00007F0F2F8A06407F0EFF8606410BD002883
:1051B00004D0032906D00C2901D000207047B0F993
:1051C000221001E0B0F920100068427E0020C2F1F8
:1051D0006402642306E0084400B212FB01F191FB73
:1051E000F3F109B20029F6D170472DE9F0410F46DD
:1051F0000546012103F0ABFB30BB3946284603F0DE
:10520000B7FB06460022394605F11400EDF74CFCC9
:1052100028B94FF40021284603F099FB80B12846B5
:1052200002F081FA401E04000AD4A86839460068DA
:1052300050F82400FFF7D9FF002803D1641EF4D5ED
:1052400016B12846BDE8F0810020FBE710B5144CEC
:105250002078002821D101F00BF8EEF705FEEDF7DC
:1052600079FDEDF721FBEDF77BFDFCF763F8EEF739
:10527000D1FC4FF4AC710B48EEF79CFB58210A4867
:10528000EEF798FBEEF7E8FDEEF722F9442011283F
:1052900004D0FEF7EBFC0120207010BDFEE70000FB
:1052A000DC0000206CB6002078B6002010B50C465B
:1052B0000020486214F8481F21F0180104F81C1956
:1052C000411E2160227F22F0070222772083608323
:1052D000E060C4E90110090C2161616144F8040C2B
:1052E00014F81C0F022120F0400004F84809204661
:1052F00001F0E0FD0021204600F038FE2046BDE828
:10530000104001A100F06EBE5465787400000000EA
:1053100010B50146034801F025FD044601F090FD5B
:10532000204610BD6CB2020810B508460C4600F0CD
:105330000AF894F84800000702D4606A00F08AFF77
:105340000020606210BD10B5044690F84800400689
:1053500003D5A06A08B100F07DFF94F8480020F062
:10536000400084F848000020A06210BD2DE9FF47EE
:105370000E463F4802F0AFF9012876D13046FEF7DD
:10538000F4FA04463046FEF72EFB05462A2C1CD0C4
:10539000132C0BD0292C18D02C2C1ED0152C64D1FA
:1053A00004B03046BDE8F047F3F7CCBE002103F06F
:1053B0001AFAB0F9080004B0C11700EB917081101F
:1053C0003046BDE8F047FEF733BB00F09DFD04B06A
:1053D0002846BDE8F04700F04BBB002103F003FA7C
:1053E00081460021284603F00EFA80460021284617
:1053F00003F01EFA074695F848000024C10600D5C0
:105400000124800601D544F00204284602F0F7F991
:105410000021284603F059FAA0F51C51D13905D1D5
:10542000688C400502D441F6FF7002E0284602F085
:10543000E6F90097CDE9010443464A4603A8696AA4
:1054400007F084FA3046FEF7CCFAB0F90020BDF937
:105450000C108A4200DD11460180B0F90220BDF92E
:105460000E108A4200DD11464180BDE8FF87000032
:105470006CB202082DE9F04F8BB00D0080465BD076
:10548000002141F6120203F011F9298841F61002B9
:10549000081A60F30F044046002103F007F96988F9
:1054A000081A60F31F44A14608A9404602F05FF9BC
:1054B000BDF82400BDF820100025401A401C00B2A1
:1054C000D8F8247005902C462946404603F08BF905
:1054D00002900021404603F0ABF9009000214046C5
:1054E00003F091F903900298AB465E46B0F90800CC
:1054F000079098F84800C10600D50126800601D51E
:1055000046F002060021404603F0DFF9A0F51C51E9
:10551000D13905D1B8F82200400501D446F004067F
:1055200040460021D8F8242001F000FC8246009972
:10553000079800EB010821E0FEE70020CDE9000616
:10554000DDE902127819059BEEF7D4FC04440798B4
:105550004FEA2942584482420BDC444A009469468F
:105560001268384690470A280BD0385D48B9641C49
:1055700007E008EB0B000FFA80FB2546785D00285A
:10558000DBD107EB050B4FF00008BAF1020F03D097
:10559000BAF1030F16D025E0DDE90223611B58465E
:1055A000009607F031FABDF82410BDF8202000EB7A
:1055B000D070891A491C09B201EBD1714910A1EBD5
:1055C00060000DE0DDE90223611B5846009607F0FC
:1055D0001BFABDF82410BDF82020891A491C081AAE
:1055E0000FFA80F800208DF818008246049044BB22
:1055F0002BE004AB6A4601A95846EEF763FCF007BE
:1056000006D004981BF8001006A8EEF71BFDC0B9E1
:10561000DDE90110009AFEF7D8FB01B20FFA89F21A
:1056200008EB010082421EDB04994A19A2421AD0FB
:105630000AEB0502BA5CB2B1039A8A4610440FFA2B
:1056400080F804982844A042D3D3094C58460499C2
:1056500022689047064622682946384690470BB094
:105660003044BDE8F08FCDF810A0EEE7280200200E
:105670002C0200202DE9F74F8AB05FEA020980462C
:1056800064D0D8F8245040462A46002101F04EFB51
:105690008346287800285AD007A9404602F067F8C8
:1056A000BDF82000BDF81C100024401A401C00B2B8
:1056B000049026462146404603F095F803900021C9
:1056C000404603F0B5F806900021404603F09BF8F1
:1056D00002900398A2465746B0F90800059098F842
:1056E0004800C10600D50127800601D547F0020712
:1056F0000021404603F0E9F8A0F51C51D13905D14D
:10570000B8F82200400501D447F004074B4A284668
:105710000B99126890478046A85DA8B3DDE9051093
:10572000084409900020CDE90007DDE9022128198D
:10573000049BEEF7DFFB0644B04526D3A85D18B303
:105740000998344650440FFA80FAEBE7FEE7002050
:10575000A9F802005946BBF1010F07D002290AD06F
:10576000BBF1030F04D1404602F049F8A9F800004C
:105770000DB0BDE8F08F404602F041F800EBD0706C
:105780004110A9F80010F3E7FFE7B8F1000F12D0BD
:1057900005EB080010F8010C0A2801D00D280AD1E9
:1057A00015F8080038B9DDE90501014401EB0A00EC
:1057B0000FFA80FA44462819CDE90070DDE90103AB
:1057C000A8EB0401039A07F01FF905460B98A042C5
:1057D00002D00298284405B2BBF1020F03D0BBF1FE
:1057E000030F16D025E00097DDE90103311B039A72
:1057F00007F00AF9BDF82010BDF81C2000EBD070AE
:10580000891A491C09B201EBD1714910A1EB600062
:105810000DE00097DDE90103311B039A07F0F4F86E
:10582000BDF82010BDF81C20891A491C081A28440C
:1058300005B2A9F80050A9F802A099E720020020BB
:10584000406A7047006C7047C06B70472DE9F041AB
:1058500017000D46044627D094F84800000725D4C9
:10586000204603F042FB606AEAF76DFD06463846C3
:10587000EAF769FD8119491C606A00F02FFD60623A
:1058800098B1A5F57F41FF3903D1094909688847D7
:1058900005463A462946606AEEF7AAFB2046BDE86F
:1058A000F041002100F09EBBFEE7FEE7BDE8F0817D
:1058B000300200202DE9F04F95B05FEA010A8046E2
:1058C0005FD010A9404601F052FFBDF84400BDF87A
:1058D00040100024401A401C00B2D8F824700A90EE
:1058E00025462146404602F07EFF039000214046B7
:1058F00002F09EFF00900021404602F084FF0290DB
:1059000003980021B0F908000B904046D8F82420F5
:1059100001F00CFA834698F84800A1464E46C106AD
:1059200000D50126800601D546F00206002140463A
:1059300002F0CBFFA0F51C52D13A05D1B8F82210E5
:10594000490501D446F004060B99009801EB0008C4
:10595000385DB8B10020CDE90006DDE90221381933
:105960000A9BEEF7C7FA0B990544BAF9022009EB36
:105970000100824206DD08EB09000FFA80F92C468F
:10598000E6E7FEE74FF00008C146BBF1020F03D087
:10599000BBF1030F16D025E0DDE90232291B3819CF
:1059A000009607F031F8BDF84410BDF8402000EB38
:1059B000D070891A491C09B201EBD1714910A1EBD1
:1059C00060000DE0DDE90232291B3819009607F06E
:1059D0001BF8BDF84410BDF84020891A491C081A6C
:1059E0000FFA80F800208DF84800089004940C907D
:1059F000FDB16D1E0498A8421BD804AB0CAA08A9DF
:105A00003846EEF75FFAF00706D00498395C12A822
:105A1000EEF718FB0028EDD1C1460C9A08990398BF
:105A2000FEF7D3F94044BAF9001000B2814216DA09
:105A300004940C9A08990398FEF7C7F90299029BFF
:105A40000144BAF90000A9EB0302491C90420CDBA7
:105A50004944884209DC012015B0BDE8F08F029965
:105A6000049C08440FFA80F8C4E70020F4E7000023
:105A70002DE9F04F0446406A99B000287ED04FF0DF
:105A8000FF3913A92046C4F8309001F070FEBDF82C
:105A90005000BDF84C10401A401C0FFA80F800214D
:105AA000204602F0A0FE05460021204602F0C0FE7E
:105AB00007460021204602F0A6FE824694F84800E0
:105AC0000026C10600D50126800601D546F0020653
:105AD0000021204602F0F9FEA0F51C51D13904D175
:105AE000608C400501D446F004060097CDE901869C
:105AF00053462A4615A8616A06F028FF204603F09F
:105B000051FE94F848004FF6FF7B00F007004FF07D
:105B10000008022804D003287ED001287DD0DFE1D0
:105B20000021204602F0A2FB0604360C08D12046D4
:105B300001F086FEFBF748F9032190FBF1F086B2F5
:105B40006846F9F77DF94FF496700094ADF83CB0D3
:105B50000C900E90BDF85010BDF84C00BDF95420CB
:105B6000081A401C002701B2914233DA0020891A3A
:105B70000790CDE90801DD48014600E0B3E101905E
:105B80002046F9F745F900210A4620B1C16A90F88C
:105B90003E00C0F340020A9888420FDD9DF83E00A7
:105BA0000B9120F001008DF83E003AB140F0020068
:105BB0008DF83E0009990798079109903046099A97
:105BC0000799F9F7A4F90A900D906846F9F7ACF92E
:105BD000012705E0C5492046F9F7EEF8A4F844800E
:105BE000BDF85200BDF84E10BDF95620401A401CB9
:105BF00000B290427EDA002F7CD1821AB5F90800FB
:105C00000021101ACDE90810B9480791014601900A
:105C10002046F9F7FDF801E023E0AEE000210A4656
:105C200020B1C16A90F83E00C0F340020A98884251
:105C30000FDD9DF83E000B9120F001008DF83E0035
:105C40003AB140F002008DF83E000999079807919B
:105C500009903046099A0799F9F759F90A900D9079
:105C600087E00021204602F001FB0604360C08D133
:105C7000204601F0E5FDFBF7A7F8032190FBF1F0CA
:105C800086B26846F9F7DCF80094ADF83CB0BDF890
:105C90005000BDF84C100027401A401CBDF95410AC
:105CA00000B288422CDA202211462846FEF78DF8F1
:105CB000BDF9541000EB400008444042CDE90870A3
:105CC0008A48079701903046099A0799F9F71FF912
:105CD0000A9086492046F9F79BF800B1C06A0A99F4
:105CE000814206DD0B909DF83E0020F001008DF80A
:105CF0003E0000E016E06846F9F716F9012705E0D6
:105D00007A492046F9F758F8A4F84480BDF85200C3
:105D1000BDF84E10401A401CBDF9561000B2884222
:105D200000DA37B172492046F9F746F8A4F8468000
:105D3000D6E0B5F908200020114449420790CDE98A
:105D400008016B480A46019030460799F9F7DFF8D9
:105D50000A9067492046F9F75BF800B1C06A0A99D2
:105D6000814206DD0B909DF83E0020F001008DF889
:105D70003E006846F9F7D8F8B2E0BDF85200BDF829
:105D80004E10401A401C01B2BDF95600814209DA9A
:105D9000B5F90810884205DD5649606A09688847E8
:105DA000032802D8C4F82C909AE0BDF85000BDF842
:105DB0004C102E22461A11462846761CFEF705F88E
:105DC0005044A0EB80003044ADF80000BDF8520014
:105DD000BDF84E10401A401C00B2ADF80200B5F9F3
:105DE0000820D11990FBF1F301FB13018A42A0EBCB
:105DF000010004DCADF802002989084400E0C01B62
:105E0000ADF8020069462046FFF734FB8146606A20
:105E1000EAF799FA384A074649461268606A904795
:105E2000364D069005E02A6806A9606A9047A9F1F8
:105E300001090698C01CB842F5D80025DFF8C0B0AB
:105E4000069EAA46606A06990844DBF80010884757
:105E50002C4A2844C5B2126806A9606A9047032DEF
:105E600007D80698B84204D80AF1010ABAF1030F1C
:105E7000E8D9616A204601EB060A0746FFF763FA94
:105E8000042D12D9681C00F05BF9B86240B32A46B1
:105E9000514600F04BFAB96A01F8058097F84800BE
:105EA00040F0400087F848000BE097F848002A4689
:105EB00020F0400087F84800514607F1280000F024
:105EC00035FA00202E213318626A401C0328D15471
:105ED000F9D3616AF61C09F1030001F80680E0625B
:105EE000204603F002F819B0BDE8F08FC5EB0108B9
:105EF000CDEB010830020020200200202802002003
:105F0000180200201C0200202DE9F041044605463D
:105F100090F8480000F00700012823D1E96A481CE6
:105F200020D0114A686AC91E12689047024694F848
:105F300048100020490601D5A16A06E004F12801B5
:105F400003E00F5C401CF754C0B26E6A1318F75C94
:105F5000002FF6D1095C104431542046FFF7F3F9C5
:105F6000781EE862BDE8F0812002002070B50D4681
:105F700004461A49F8F720FF19492046F8F71CFF94
:105F80000020A4F84400A4F84600022D0FD0032DF1
:105F90000DD0042D0BD094F8480020F0200100BF54
:105FA00001F0070084F84810012805D00AE094F8B1
:105FB000480040F02001F3E7E06A401C02D0204690
:105FC000FFF7A2FF94F8480065F3020084F8480048
:105FD0002046BDE87040FFF74BBD0000C5EB01084F
:105FE000CDEB010870B50D46044602F07EFF05B901
:105FF000656A606AA8420CD194F84810090708D471
:10600000EAF7A1F9411C606A00F068F96062D0B952
:10601000FEE738B194F84810090703D400F01AF9E4
:10602000002161622846EAF78EF9401C00F088F8EA
:10603000606268B12946EAF79BF994F8480020F0BD
:10604000080184F848102046BDE87040FFF710BDF5
:10605000FEE70FB470B504460598F8B1204602F08B
:1060600044FF0598D8B1606A002530B194F8481013
:10607000090702D400F0EEF8656206A90598EDF76D
:10608000FCFF606294F8480020F00801204684F884
:106090004810FFF7EDFC70BC5DF814FBFEE72046EE
:1060A000F7E7016402F021BFC16302F01EBF70B5C3
:1060B000044690F848000D46000705D4606A18B100
:1060C00000F0C8F80021616235B194F8480040F052
:1060D000080184F8481065622046BDE87040FFF76B
:1060E000C7BC00002DE9F0410A4C07460A4D606824
:1060F0000E46401CC1006060286800F0EFF8286080
:1061000038B1616800EBC10040E902760846BDE89D
:10611000F081FEE7E4000020E401002010B5904289
:10612000029C01DB204610BD884201DC184610BDF0
:10613000521AE41A401A604390FBF2F0184410BD62
:1061400010B588B038B101460748406806F096FAA5
:10615000040003D005E0044808B010BD684600F014
:1061600095F82046F8E70000F801002070B50024FB
:10617000084E254656F8340038B100F06BF806EBAF
:10618000C40046F8345085718580641CE4B2102C3C
:10619000F0D370BDECB600202DE9F04105000BD026
:1061A0000022224C4FF0FF30012600BF04EBC20159
:1061B0008B79DB0703D014E00020BDE8F0818988EB
:1061C000A9420ED305D104EBC200867154F8320007
:1061D000F3E7002804DB04EBC0039B88994200D25C
:1061E00050B2521CD2B2102AE0D3002805DB04EBD7
:1061F000C0018E7154F83000DFE7002704EBC700C0
:106200008079C00704D07F1CFFB2102FF6D3FEE7C1
:1062100054F83700294600F061F830B104EBC701AB
:106220008E718D8044F83700C7E7FEE7ECB600209A
:10623000074A002152F83130834204D102EBC101F8
:10624000002088717047491CC9B21029F2D37047E9
:10625000ECB600200549884206D0002804D001464B
:106260000248406806F0DCB970470000F8010020E1
:1062700010B54FF44041034806F0C4F902494860A4
:1062800010BD00005CB80020F801002010B50446E5
:106290001C22002100F0F6F80E48406806F0EBF9E9
:1062A00022460D4906F06AFA4FF440412160A06889
:1062B00064224243B2FBF1F1C1F16401217638B1AD
:1062C000E16864225143B1FBF0F0C0B2C0F1640058
:1062D000607610BDF80100200D63010810B539B1DA
:1062E000094A904208D1BDE810400846FFF728BF90
:1062F000FFF7B0FF044810BD0A4601460248406857
:10630000BDE8104006F0CDB9F80100201AB11869B7
:10631000401C186170475868401C586098680844D1
:106320009860D8688842F5D2D960704730B500F0DF
:10633000030401F003050346A54243D14EE00C7867
:106340001C704C785C708C789C70CC78DC700C790C
:106350001C714C795C718C799C71CC79DC710C7AF4
:106360001C724C7A5C728C7A9C72CC7ADC720C7BDC
:106370001C734C7B5C738C7B9C73CC7BDC730C7CC4
:106380001C744C7C5C748C7C9C74CC7CDC740C7DAC
:106390001C754C7D5C758C7D9C75CC7DDC750C7E94
:1063A0001C764C7E5C768C7E9C76CC7EDC760C7F7C
:1063B0001C774C7F5C778C7F9C77CC7FDC7720319F
:1063C000203A2033202ABAD805E000BF11F8014B4B
:1063D00003F8014B521E002AF8D130BD4CB3C4F172
:1063E000040405E011F8015B521E03F8015B641E12
:1063F000FCB1002AF6D11CE010C9203A10C310C924
:1064000010C351F8084B43F8084B51F8044C43F8BB
:10641000044C51F8104B43F8104B51F80C4C43F816
:106420000C4C51F8084C43F8084C51F8044C43F814
:10643000044C202AE0D802E010C9121F10C3042A1D
:10644000FAD804E011F8014B03F8014B521E002A60
:10645000F8D130BD10B5034605E000BF11F8014B7F
:1064600003F8014B521E002AF8D110BD10B50346A7
:1064700005E000BF11F8014B03F8014B521E002A42
:10648000F8D110BD10F0030309D0C3F1040303E0F9
:10649000521E00F8011B5B1E0BB1002AF8D101EB64
:1064A000012303EB014303EB01630EE008C0203A34
:1064B00008C040F8083B40F8043C40F8103B40F866
:1064C0000C3C40F8083C40F8043C202AEED801E09F
:1064D00008C0121F042AFBD803E000BF00F8011B0C
:1064E000521E002AFAD1704710F003034FF0000249
:1064F00019D0C3F1040303E0491E00F8012B5B1E11
:106500008BB10029F8D1704704C0203904C040F88D
:10651000082B40F8042C40F8102B40F80C2C40F8C5
:10652000082C40F8042C2029EED801E004C0091FF3
:106530000429FBD803E000BF00F8012B491E002905
:10654000FAD1704710F003024FF0FF030AD0C2F1F6
:10655000040203E0491E00F8013B521E12B100295B
:10656000F8D170474FF0FF320EE004C0203904C06C
:1065700040F8082B40F8042C40F8102B40F80C2C65
:1065800040F8082C40F8042C2029EED801E004C083
:10659000091F0429FBD802E000F8013B491E00292D
:1065A000FAD1704710B50C46242104F12400EDF710
:1065B00001FA04F13000BDE810401C21EDF7FAB9F2
:1065C00010B50C4601F13000EDF7C1F904F12400DB
:1065D000BDE81040EDF7BBB92DE9F04397B00D468B
:1065E000324801F078F801285DD12846FDF7BDF961
:1065F00006462846FDF7F7F90446152E53D12846DE
:10660000FDF7B9F981466946204601F0B0F86A46BF
:1066100049462046F0F786F86A4649462046F4F790
:1066200013FE6A4649462046F3F780FABDF8040097
:10663000BDF80010401A401C00B200EBD0704010B2
:106640000E18BDF802100D1804A8FBF785FE4FF4D4
:10665000003804AA4146204602F0ECFA204641F2F6
:106660000102414602F022F800B200EBD070471060
:10667000204641F20402414602F018F800B200EB55
:10668000D070F11B4010ADF85410291AADF8561017
:10669000F119ADF858102844ADF85A0015AA04A90C
:1066A0004846FBF745FE17B0BDE8F0838855020861
:1066B0002DE9F0411D4616460F46044600F040FA0B
:1066C000A068817E491CC9B28176A06801EB4101B6
:1066D0008900C068FFF702FEA168C860A16820B306
:1066E000897E6FF0030301EB41026FF00B0101EBB8
:1066F00082028750A068C268807E00EB400003EBF6
:1067000080000B1D1654A068C268807E00EB40001C
:1067100003EB80001550A068C268807E00EB40004B
:1067200001EB80001044BDE8F081FEE77FB50C4628
:10673000054602F03BFC0646E00702D0284602F080
:10674000D4FBE8692043E861E00702D0284602F064
:10675000CCFB284602F02AFCB04202D114F0C07FE4
:1067600007D0284601F0DEF802F059FC284602F076
:1067700056FCE0060CD502AA6946284601F01AFA32
:106780006946284602F0E5FB02A9284602F0E1FB33
:106790007FBD028C11438A4201D003F08FBB70474A
:1067A0002DE9F047174688464FF6FF790446002347
:1067B0004A46394609F0DEFE618C00250426C1F305
:1067C000C502E06809E000BF06EBC503C3585FEAF5
:1067D000831C01D4DB0102D56D1CAA42F4D84FF012
:1067E000806202EB71214FEAF1516184C1F3C5016E
:1067F000C900FFF773FDE060608C6FF00702C0F323
:10680000C50009E0E16802EBC00C01EBC003614484
:10681000D1E900C1C3E900C1401EA842F2D8E06836
:10682000082100EBC500FFF75FFEE16841F8358005
:10683000E06806EBC501425867F3170242504A462A
:1068400039462046BDE8F04702F0C4BF70B5164691
:106850001D460446002203F02BFC2A463146204602
:10686000BDE8704003F000BB2DE9FF4F81B09346B7
:106870008846019803F0D0FCB8F1000F03D10198CD
:1068800001F050F8804600242546019801F04AF8AE
:106890008146002101F03EFD06460021484601F0F8
:1068A00025FE30440FFA80FA0021484601F0B8FE78
:1068B000304400B200900021404601F02BFD064616
:1068C0000021404601F012FE304407B2002140464C
:1068D00001F0A6FE304406B2BBF1000F0FD0BBF1B1
:1068E000160F34D2DFE80BF0D51123343F44546740
:1068F0006913828797A1A6B5BFC5CBD1FDFC002146
:10690000404601F0C5FC012822D03C461EE040462E
:1069100000F075FF0246019801F0ECFF014602EB22
:10692000D270401001EBD171A0EB61004DE0404608
:1069300000F065FF0246019801F0DCFF02EBD27126
:10694000491000EBD070A1EB600009E03546A0E0F3
:10695000404600F054FF0246019801F0CBFF101AA8
:10696000384404B2F2E73C461CE0304405B290E003
:10697000404600F044FF0246019801F0BBFF01468B
:1069800002EBD270401001EBD171A0EB610007E087
:10699000404600F034FF0246019801F0ABFF101AA8
:1069A000384404B2404600F010FF0246019800F05F
:1069B00078FF101AD9E73C4609E0404600F01FFF77
:1069C0000246019801F096FF101A384404B240467E
:1069D00000F0FBFE0246019800F063FF02EBD2716B
:1069E000491000EBD070A1EB6000BEE7019800F009
:1069F00058FF4042BAE7404601F07CFF024601984A
:106A000001F078FF014602EBD270401001EBD1712A
:106A1000A0EB610007E0404601F06CFF02460198E0
:106A200001F068FF101A04B2E0E7404600F039FFB9
:106A300005462EE0404601F05DFF0246019801F058
:106A400059FF02EBD271491000EBD070A1EB60004E
:106A500007E0404601F04EFF0246019801F04AFF70
:106A6000101A04B2E1E7019801F044FF404204B279
:106A70000FE0019801F03EFF404204B241E001986E
:106A800001F038FF404204B24EE0404601F032FFD0
:106A900004460021484601F0FBFB012848464CD043
:106AA00000F0A6FFB8F8142004990A44B9F81410AD
:106AB000511A0144A1EB0A00204404B2484601F0F7
:106AC00063F8B8F816200E990A44B9F81610511A4E
:106AD000014400980022081A284405B2012101E06F
:106AE0001EE00AE0019803F0E3FA019805B02A4697
:106AF0002146BDE8F04F03F0B7B9404601F0FAFE79
:106B00000446404600F0CDFE0246019800F0C9FE62
:106B100002EBD271491000EBD070A1EB600025E7C9
:106B2000404601F0E7FE0446404600F0BAFE024649
:106B3000019800F0B6FE101A18E700F0B9FFB1E7AF
:106B400010B504468068002813D10B484168491CE1
:106B500041601C20FFF7F4FAA06058B11C21FFF738
:106B6000C3FCA1680F204876A068017E41F00301B4
:106B7000017610BDFEE70000DC0000202DE9FC419D
:106B80000E460546012101F0E2FEE0BB284600F07A
:106B9000CDFE044600F054FE0746FAF757F9A0422E
:106BA0000ED03846FAF75AF9A04209D03846FAF71B
:106BB0003BF9A04204D03846FAF72EF9A04232D170
:106BC0004FF400273946284601F0C1FE28BB28466D
:106BD000ECF77FFF044605F114016846F8F70FFE55
:106BE000BDF80000001BADF80000BDF80200001B5E
:106BF000ADF80200BDF804002044ADF80400BDF873
:106C00000600204400E00EE0ADF8060031466A467A
:106C10000846EBF761FE002806D0284614E0012163
:106C200001F095FE10B10020BDE8FC8139462046F8
:106C300001F08DFE38B9314604F114020846EBF735
:106C40004BFE0028F0D0204600F06CFE0400E6D198
:106C50000120E9E72DE9F0410E460746002501F045
:106C6000AFFD040035D03146384601F09BFD0228C7
:106C70002FD904EBD470012101EB60043146384672
:106C800001F097FD20440FFA80F83146384601F0B4
:106C90007BFD04463146384601F07DFD002C01DDC8
:106CA000214600E06142002801DD024600E0424248
:106CB000914205DD002C01DD204604E0604202E047
:106CC000002800DC4042404400B2002800DA284698
:106CD00005463146384601F0A7FB04000ED0314688
:106CE000384601F093FB022808D93146384601F0B6
:106CF00094FB2044A84200DB05462DB238463146BD
:106D000040F60A0201F0D2FC04B23846314640F6A1
:106D10000B0201F0CBFC00B2844200DC0446002CE4
:106D200001DD281905B22846BDE8F08170B50D4691
:106D3000064641F25D4201F0B9FCC4B23046294634
:106D400041F26A4201F0B2FC04B90124204670BD50
:106D5000002803D00068884201D10120704700203C
:106D6000704700002DE9F0410D46074600263349E3
:106D700000E00068B8B182690A42FAD08069C0F3C5
:106D80000F108046FFF7DCF9041E4BD04146FFF799
:106D9000ABFBC4E900754FF001086FF0030725B1A4
:106DA000A86848B32BE03046EBE7FAF707F8051E72
:106DB00038D0EA68C2B1686A401C81006862104637
:106DC000FFF78CFAE860696A07EB81014450A682FC
:106DD000E6820020FAF70AF8401E20830020FAF726
:106DE0004BF8401E60831CE00420FFF7A9F9E8601F
:106DF0000460C5F82480EAE72846FFF7A1FEA868EA
:106E0000016889B14168491C4160A868890000682F
:106E1000FFF764FAA9680860A968496807EB81016F
:106E200044502046BDE8F0810420FFF789F9A968A5
:106E300008600460A968C1F80480F2E7F0FF0F0061
:106E400070B5054602F0EBF8002000F0A1FA2846E4
:106E500005F004FA284600F06FF8012000F098FAD7
:106E60004FF6FF724FF47021284602F0B3FC28461B
:106E700002F098FCFDF7EAFA030007D0284602F07A
:106E800087F818B129461846FDF752FA284600F04F
:106E900049FD04000DD02A462221FCF7A9FD2A460F
:106EA00023212046FCF7A4FD2846BDE8704002F0EF
:106EB0001CB870BD7FB50C46064602F077F8054653
:106EC000E0060CD502AA6946304600F073FE69461A
:106ED000304602F03EF802A9304602F03AF8F06976
:106EE000A043F061E0070ED0304601F0FEFF3046CF
:106EF00002F05CF838B1304600F014FD02F08FF873
:106F0000304602F08CF8304602F050F8A84202D128
:106F100014F0C07F07D0304600F004FD04B0BDE897
:106F2000704002F07CB87FBD028C22EA01018A42E7
:106F300001D002F0C3BF704770B5046805462068F1
:106F400018B128602846FFF7F7FF2C6062682046DA
:106F5000002A03D02946BDE87040104770BD2DE9D6
:106F6000F0414D680C46FDB1284600F041FD064653
:106F7000284600F009FE07462846002141F6100287
:106F800001F094FBE98A41F612020844C01BE0823A
:106F9000401E60832846002101F088FBA98A08442E
:106FA000801BA082401E208341F20200E061002D80
:106FB00004D043F2020043F20230E06140F074007A
:106FC00040F40060E06102D040F40040E061BDE8C0
:106FD000F081000010B501460348FFF7C3FE0446E8
:106FE000FFF72EFF204610BDB853020870B50546C6
:106FF00001F07BFF284600F095FC040001D002F070
:1070000035FE2846A4B106F09AFA0021204602F087
:107010001DF9204602F02AFE002222212046FCF71C
:10702000E7FC2046BDE8704000222421FCF7E0BCCC
:1070300000F006FC040007D02069A842284604D1CD
:1070400006F07DFA0020206170BDBDE8704006F0BA
:1070500076BA000070B50C460846EBF765FE0020D6
:1070600000F096F92046144A002102F011FC01209C
:1070700000F08EF900212046F7F79EFE204600F032
:107080000BFC10B12046FDF70BFAA068002811D0C8
:107090000068002518B1FFF7DDF8A0680560A0685A
:1070A000C06818B1FFF7D6F8A068C560A068FFF700
:1070B000D1F8A56070BD0000FFFF0F002DE9F0477B
:1070C000A2B08046FCF751FC06464046FCF78BFC1C
:1070D000012700240546122E72D0DFF8A092152E4B
:1070E0006CD0182E7AD14046FCF745FC824601460A
:1070F0002846F3F779FA0021284601F02EF950B11D
:1071000005F59070FBF7ECF8060004D0FAF7CCFD1B
:107110003046FFF78DF80021284601F0F3F80028EB
:107120005CD002A8FBF718F98DF80B408DF82240CF
:107130008DF832408DF83E4002AA0021284601F029
:1071400079FD0021284601F09DFB8046002128465C
:1071500001F08AFB064605F114016846F8F746FB84
:10716000BDF80010A1EB0800BDF80410ADF8000058
:1071700001EB0800ADF80400BDF802005146801B89
:10718000ADF80200BDF806003044ADF8060010A8C6
:1071900000F0F6F802A8149068461D94CDE912702C
:1071A000CDF8449010AA1A212846FCF721FC6A4623
:1071B00002A95046FBF7BCF8DAE001E05BE00DE025
:1071C0004046FCF70EFC06460078022806D0002157
:1071D000284601F0C2F820B10220307022B0BDE88C
:1071E000F0870021284601F0C9FA8246002128468E
:1071F00001F048FB81460021284601F035FB80461E
:1072000005F114016846F8F7F1FABDF8001052468E
:10721000A1EB0900BDF80410ADF8000001EB090076
:10722000BDF80210ADF80400A1EB0800BDF806108F
:10723000ADF8020001EB0800ADF806006946706881
:10724000EBF772FB98B10021284601F04FF8FD28BA
:107250000DD328460021682201F028FA10F0FF0F14
:1072600005D10021284601F0BCF8FD2801D2377075
:10727000B4E73470B2E74046FCF77DFB804602A8D5
:10728000FBF76AF80021284601F03CF828B19DF888
:107290002B0040F001008DF82B0002AA00212846A7
:1072A00001F0C8FC0021284601F0ECFA0646002156
:1072B000284601F0D9FA074605F114018A466846C6
:1072C000F8F794FABDF800004146801BADF80000C5
:1072D000BDF804003044ADF80400BDF80200C01B46
:1072E000ADF80200BDF806003844ADF8060010A85D
:1072F00000F046F802A814906846CDE91240CDF897
:10730000449010AA1A2128461D94FCF771FB002115
:10731000284601F022F830B1BDF8080018B1069EE9
:107320000127069401E0069E00276A4602A940460E
:10733000FAF7FEFFE7B11820FEF72EFF0746BDF96A
:10734000082000235146FAF737FF05F590713846BB
:10735000FAF7E6FA66B18DF80B408DF82A408DF801
:1073600032408DF83E406A4602A94046069621E723
:1073700010AA1B212846FCF73BFB2FE7B853020855
:1073800070B50D4604464821FFF7AEF8256070BD84
:107390000149087070470000EC0000202DE9FF4112
:1073A00088460846FCF7E1FA04464046FCF7E1FA55
:1073B0000546012C21D0082C21D0032C3CD02A2CAE
:1073C0003CD00D2C4AD00E2C7ED0092C7DD00A2C1E
:1073D0007CD00F2C7BD0292C7AD0222C79D0132C66
:1073E00078D0152C03D0182C01D0122C34D104B035
:1073F0004046BDE8F041FFF761BE2021F9E02021C1
:10740000FFF792FD4046FCF7ECFAFDF70AFE002874
:1074100022D10821284601F09AFA00281CD095F8BC
:1074200020004FF00101C007284602D0FFF77CFD85
:1074300030E0FFF7AEF92DE02021F7E000F073F91E
:107440000646002406E0A868006850F8240001F011
:10745000E6FD641CB442F6D3BDE8FF81082101F0CB
:1074600076FAF8B14046FCF7BCFA0478132C06D043
:10747000112C04D0142C07D0122C05D008E00121C7
:107480002846FFF786F903E001212846FFF74CFD67
:107490000A2CE1D004B02846BDE8F04100221C21AE
:1074A000FCF7A6BA4FF40161284601F050FA002813
:1074B000D2D0284601F05FFD0028CDD10027284614
:1074C00000F096FA064606E069E091E096E0ACE04E
:1074D000B1E0CDE0F0E0284600F0EAFA044640468C
:1074E000FCF77FFA007812281BD011280CD0132843
:1074F0002BD01428B0D1284600F072FA800703D0B0
:10750000002E38DC002C36DC284600F0CAF9044690
:10751000284600F047FBE11704EB9171A0EBA100B6
:107520000BE0284600F0BDF90446284600F03AFB7F
:10753000E11704EB917100EBA10001B204B03A46EF
:107540002846BDE8F04102F07BBB284600F048FA2F
:107550008007E6D0002E01DC002CE2DD284601F099
:10756000C9F90446284600F016FBE11704EB9171B7
:1075700000EBA1000BE0284601F0BCF904462846C8
:1075800000F009FBE11704EB9171A0EBA10001B23F
:1075900004B03A462846BDE8F04102F03BBB4FF448
:1075A000806101F0D4F918B10121284602F015FBE1
:1075B000284600F071F9FCF74FFF06460224FDF75C
:1075C000FBFC10B94046FCF7E7F9FDF736FD022851
:1075D00001D0042800D106241EB144F00801284639
:1075E00007E021462846FFF7D4F8082128461DE089
:1075F000402104B0BDE8F041FFF7CBB84021FFF7D0
:1076000093FC284600F0FEFD02287FF425AF02AA75
:107610006946284600F0CEFA6946284601F099FCF2
:1076200002A9284601F095FC16E70E2104B0BDE83A
:10763000F041FFF779BC002100F00AFE044600216A
:10764000284600F0B2FE204302D0284601F0E7FCB5
:10765000284600F068F80646002406E0A86800689E
:1076600050F8240001F0DBFC641CB442F6D3F3E6CE
:10767000002141F2010201F019F806B2284600216A
:1076800041F2040201F012F804B20021284600F091
:10769000DFFD07460021284600F087FE384305D16C
:1076A00042F2D170864201D08442BDD104B0284656
:1076B000BDE8F04101F0B3BC4046FCF792F9044646
:1076C00000212846FFF7C6FAB4F90010814200DD18
:1076D00008462080C0E610B50C4600B96068006816
:1076E00068B101690029FAD00021E16002692146F0
:1076F0009047217E0120C90700D0002010BD012045
:1077000010BD8068002809D0002902DA42685118AB
:1077100003D443680A468B4201D8002070470068B2
:1077200050F8220070478068002800D040687047F9
:1077300070B50C46054600F114012046F8F75FF8D5
:10774000A868002812D02188808A081A2080A96899
:10775000A088898A0844A080A9686088898A401A1C
:107760006080A968E088898A0844E08070BD70B5AF
:107770000C460546002100F0CDFD06462146284670
:1077800000F057F8704202B211462046F8F7C6F8EA
:107790000021284600F0AAFE21880844208000210C
:1077A000284600F0E9FEA188081AA080002128469A
:1077B00000F036FF6188084460800021284600F010
:1077C00041FEE188081AE08070BD70B504460021D2
:1077D00000F026FF05460021204600F033FE064655
:1077E0000021204600F096FD0246204600F059F8A0
:1077F000401B801B514200EB410000B270BD70B5D0
:107800000446002100F072FE05460021204600F0EB
:10781000B3FE06460021204600F07CFD02462046CD
:1078200001F068F8401B801B514200EB410000B2A0
:1078300070BD0A4600F114011046F7F7E0BF0000E2
:1078400010B5416809B100F071F804460A48ECF738
:1078500094F80EE00021426A05E0C36853F8213035
:10786000A34208D0491C8A42F7D801460248ECF7E7
:1078700096F80028EED110BD6CB600208068002874
:1078800003D0827E8A4201D800207047C06801EB95
:10789000410100EB810070478068002800D08068BB
:1078A0007047418BC08A081A401C00B2704770B5FF
:1078B000064600F037F8050001D000240AE0002059
:1078C00070BD21462846FFF71CFFB04201D120467B
:1078D00070BD641C2846FFF726FFA042F1D84FF088
:1078E000FF3070BDF0B4468C00240425C6F3C506F5
:1078F00013E000BFC76805EBC40C57F80C705FEAD3
:10790000C71C09D527F07F479F4205D1C06850F8B2
:107910003400F0BC03F0AABC641CA642EAD8F0BC58
:1079200000207047002800D04068704700B501462D
:10793000FFF7F8FF0028FAD1084600BD2DE9F0470F
:10794000DFF8948006464446FFF7EDFE0746002523
:10795000DFF888A00EE0B0685146006850F82500B6
:10796000814600F0FBFF20B9B9F91A00A04200DB04
:1079700004466D1CBD42EED30021304600F057FE98
:1079800081460021304600F064FD07460021304664
:1079900000F0C7FC0546444504D0708BC01B401B5B
:1079A000201A04B2304600F035FC80463046FFF71E
:1079B00078FFA0EB0900C01B694200EB4101A8EB76
:1079C0000101304600F0EEF8081A00B2844200DDF2
:1079D0002046BDE8F087000001E0FFFF0100040041
:1079E000806818B1407E00F00F0070470F2070478C
:1079F0002DE9F84F0646002100F051FC012807D080
:107A0000B068002802D0008A404200B2BDE8F88F7A
:107A10000021304600F0B7FD00900021304600F014
:107A20006CFD81460021304600F07BFC804641F62B
:107A3000FF7A54463046FFF776FE074600250EE0F3
:107A4000B0681949006850F82500834600F086FFA9
:107A500020B9BBF91400A04200DC04466D1CBD42F5
:107A6000EED3544506D0B28A09EB08001044001B3F
:107A700004B200E00D4C304600F0DAFB054630461B
:107A800000F038FF0099411AA1EB0901C8F100008C
:107A900001EB4000291A304600F07DF8084400B29E
:107AA0008442B3DD2046B1E70100040001E0FFFF9E
:107AB0002DE9F0470646002100F0F1FB01280AD02D
:107AC000DFF8A08030464446FFF72DFE074600252C
:107AD000DFF894A015E0B068002801D0B0F91000DC
:107AE000BDE8F087B0685146006850F8250081462F
:107AF00000F034FF20B9B9F91800A04200DB0446B9
:107B00006D1CBD42EED30021304600F03CFD07461F
:107B10000021304600F0F1FC81460021304600F0A3
:107B200000FC0546444504D0308BC01B401B201A86
:107B300004B2304600F07CFB8046304600F0DAFEAE
:107B4000C11BA1EB0900694200EB4101A8EB010157
:107B5000304600F020F8081A00B28442C0DD20460A
:107B6000BEE7000001E0FFFF01000400806800287C
:107B700002D0007EC0F3810070478068002802D0E8
:107B8000007EC0F3011070478068002802D0408A50
:107B9000404200B270478068002802D0008A40420C
:107BA00000B270478068002802D0408A404200B28C
:107BB000704700002DE9F04F91B016460C464FF08B
:107BC000FF37054600223B46114620460097F7F74F
:107BD000BFFE00223B46114630460097F7F7B8FE3D
:107BE0001021284600F0B3FE002816D0284600F0E9
:107BF00009FB070011D00020FDF7E4F98046022FB1
:107C000008D010E0FDF70DFAA84209D04046FDF774
:107C1000D9F98046B8F1000FF4D111B0BDE8F08F6A
:107C2000B8F1000FF9D02846FFF7AEFF05902846BF
:107C3000FFF784FE0C902846FFF7DAFE0A902846EC
:107C4000FFF736FF08902846FFF7CAFE814600205E
:107C500019F00C0F009014D0012F10D0032F02D078
:107C6000022F07D00DE00598002808DC0C980028AA
:107C700005DC06E04046FDF7C5F90C2801D10120DE
:107C80000090002009905FEA897014D0012F10D075
:107C9000032F02D0022F07D00DE00A98002808DC3D
:107CA0000898002805DC06E04046FDF7ABF90328FC
:107CB00001D101200990009909980843ADD04FF4F3
:107CC00080373946284600F0EAFA012800D0002023
:107CD0000E903946284600F0AAFC06903946284600
:107CE00000F0B7FB0F903946284600F006FC8046AE
:107CF0003946284600F047FC8146284641F20102F9
:107D0000394600F0D3FC0FFA80FB2846FFF7C9FD87
:107D10000490284600F0EEFD0390009800B158460C
:107D20008246099800B158461090284639462122CB
:107D300000F0BCFCC0B2022808D2284639463122E5
:107D400000F0B4FCC0B20228FFF467AFDDE9040123
:107D500001440C98A027084400B20B90009800281A
:107D600070D00B980028FBD0E88A7080688BF08078
:107D70000E9840B1A98A01EB08003080ABF10101F7
:107D80000844B08007E0298BA1EB0900B080A0EB8C
:107D90000B00401C308006990498411A0F98091A6C
:107DA0001098081A0499009048430B9990FBF1F041
:107DB00000B205900020F9F707F800EB8001502091
:107DC00000EB4100B0F5A07F0ADB0020F8F7FCFFD4
:107DD00000EB8001502000EB410090FBF7F000E049
:107DE00001200599884201DA084616E00020F8F7DC
:107DF000EBFF00EB8001502000EB4100B0F5A07FCD
:107E00000ADB0020F8F7E0FF00EB8001502000EBD8
:107E1000410090FBF7F000E00120009900B2091A40
:107E20000AB2049B0B99C91A09B200290BDCE98A32
:107E3000069808447080698B0F98091A1098081AE0
:107E4000401EF08090E00C9B12FB03F393FBF1F1DA
:107E5000511A069AEB8A1144194409B2401E7180E6
:107E60000844F080B5F9162006981044814238DAAB
:107E700070800020F8F7A8FF00EB8001502000EB95
:107E80004100B0F5A07F0ADB0020F8F79DFF00EB72
:107E90008001502000EB410090FBF7F000E0012052
:107EA000B6F902100844B6F90610884219DD002020
:107EB000F8F78AFF00EB8001502000EB4100B0F59D
:107EC000A07F0ADB0020F8F77FFF00EB8001502045
:107ED00000EB410090FBF7F000E0012071880844BE
:107EE000F080B5F91A201098B6F90610121A0F98FA
:107EF000101A814238DDF0800020F8F765FF00EBB2
:107F00008001502000EB4100B0F5A07F0ADB00208B
:107F1000F8F75AFF00EB8001502000EB410090FB86
:107F2000F7F000E00120B6F90610081AB6F90210C1
:107F3000884219DA0020F8F747FF00EB8001502053
:107F400000EB4100B0F5A07F0ADB0020F8F73CFF12
:107F500000EB8001502000EB410090FBF7F000E0C7
:107F60000120F188081A70800A9903980144089842
:107F7000084400B20490099800283FF44EAE0498DB
:107F80000028FAD0698B0F98081AE080A0EB0B004C
:107F9000401C6080A88A2080288BA0800399A1EBD8
:107FA0000801A1EB0901A1EB0A00039900904843E5
:107FB000049990FBF1F000B202900020F8F704FF62
:107FC00000EB8000502606EB40004FF4A07B5845A4
:107FD00009DB0020F8F7F8FE00EB800006EB40001C
:107FE00090FBF7F000E001200299884201DA084690
:107FF00013E00020F8F7E8FE00EB800006EB4000FD
:10800000584509DB0020F8F7DFFE00EB800006EBA7
:10801000400090FBF7F000E00120009900B2091A3F
:108020000AB2DDE90331C91A09B2002916DCA98AAE
:108030000E9840B14144AAF1010008442080298BE8
:10804000A1EB090008E001EB08002080298BA1EBDF
:108050000901A1EB0A00401EA080DEE5089B12FB8F
:1080600003F393FBF1F1511A0E9A09B2EAB3AA8A0B
:10807000401E531808EB0A02991809B221800844DF
:10808000A080B5F914001044884233DD2080002020
:10809000F8F79AFE00EB800006EB4000584509DB3C
:1080A0000020F8F791FE00EB800006EB400090FB0B
:1080B000F7F000E00120B4F900100844B4F904100E
:1080C000884217DD0020F8F77FFE00EB800006EB0A
:1080D000400058450ADB0020F8F776FE00EB8000F0
:1080E00006EB400090FBF7F001E03AE00120218828
:1080F0000844A080B4F90410B5F9182078E0A080F5
:108100000020F8F761FE00EB800006EB40005D46C2
:10811000A84273DB0020F8F757FE00EB800006EB67
:10812000400090FBF7F000BFB4F90410081AB4F94E
:108130000010884291DA0020F8F746FE00EB80003C
:1081400006EB4000A8425BDB0020F8F73DFE00EBA9
:10815000800006EB400090FBF7F0A188081A208011
:108160005BE5AB8A4144194409B2401E21800844B2
:10817000A080B5F9142002EB0800814232DA208099
:108180000020F8F721FE00EB800006EB4000584588
:1081900009DB0020F8F718FE00EB800006EB40003A
:1081A00090FBF7F000E00120B4F900100844B4F9A6
:1081B0000410884216DD0020F8F706FE00EB800070
:1081C00006EB4000584509DB0020F8F7FDFD00EB09
:1081D000800006EB400090FBF7F000E001202188D2
:1081E0000844A080B5F91820B4F90410A2EB0A02E3
:1081F000A2EB0900814282DC0FE5FFE7012093E753
:108200000120AAE7806818B1007E00F003007047E3
:108210000320704708B505496A46496800912C213A
:10822000FBF7E6FBBDF9020008BD0000D4530208CD
:1082300008B505496A46096800912C21FBF7D8FB6F
:10824000BDF9000008BD0000D4530208008C70473F
:1082500010B541F2090200F029FAC0B210BD10B504
:1082600041F2090200F022FAC0B210BD662200F00D
:108270001DBA10B5512200F019FA002800D00120D3
:1082800010BD10B54FF4056200F010FA00B210BD39
:1082900010B541F26A4200F009FAC0B210BD10B543
:1082A00041F26A4200F002FAC0B210BD10B541F2CC
:1082B0006A4200F0FBF9C0B210BD10B541F26A424B
:1082C00000F0F4F9C0B210BD10B541F26A4200F0FE
:1082D000EDF9C0B210BD10B541F26A4200F0E6F906
:1082E000C0B210BD44F2200200F0E0B910B5212266
:1082F00000F0DCF9C0B210BD10B5682200F0D6F96C
:10830000C0B210BD10B5342200F0D0F9002800D062
:10831000012010BD10B541F2320200F0C7F900B2E1
:1083200010BD10B541F2320200F0C0F900B210BD2C
:1083300010B541F2320200F0B9F900B210BD10B52B
:1083400041F2320200F0B2F900B210BD10B541F2B4
:10835000320200F0ABF900B210BD10B5612200F09E
:10836000A5F9002800D0012010BD0000034A10B577
:10837000128900F09BF9C0B210BD00000C01002072
:1083800010B541F2040200F091F900B210BD10B531
:1083900041F2040200F08AF900B210BD10B541F2BA
:1083A000040200F083F900B210BD10B541F2690279
:1083B00000F07CF980B210BD10B541F2690200F006
:1083C00075F980B210BD10B541F2060200F06EF9E9
:1083D00000B210BD10B541F2050200F067F900B21D
:1083E00010BD10B540F2624200F060F9C0B210BD9D
:1083F00010B540F2624200F059F9C0B210BD10B59C
:1084000040F2624200F052F9C0B210BD10B540F621
:108410003C0200F04BF9C0B210BD10B540F63D0271
:1084200000F044F900B210BD10B540F63A0200F079
:108430003DF900B210BD10B541F6110200F036F959
:1084400000B210BD10B541F6110200F02FF900B2D4
:1084500010BD10B541F6110200F028F900B210BDB0
:1084600010B541F6110200F021F900B210BD10B5AF
:1084700041F6110200F01AF900B210BD10B541F634
:10848000110200F013F900B210BD10B541F611024F
:1084900000F00CF900B210BD10B541F6110200F069
:1084A00005F900B210BD10B541F6110200F0FEF85A
:1084B00000B210BD10B541F6150200F0F7F800B299
:1084C00010BD10B541F6150200F0F0F800B210BD75
:1084D00010B541F6150200F0E9F800B210BD10B574
:1084E00041F6120200F0E2F800B210BD10B541F6FC
:1084F000120200F0DBF800B210BD10B541F6120216
:1085000000F0D4F800B210BD10B541F6120200F030
:10851000CDF800B210BD10B541F6120200F0C6F859
:1085200000B210BD10B541F6120200F0BFF800B263
:1085300010BD10B541F6120200F0B8F800B210BD3F
:1085400010B541F6120200F0B1F800B210BD10B53E
:1085500041F6120200F0AAF800B210BD10B541F6C3
:10856000120200F0A3F800B210BD10B541F61302DC
:1085700000F09CF800B210BD10B541F6130200F0F7
:1085800095F800B210BD10B541F6130200F08EF858
:1085900000B210BD10B541F6130200F087F800B22A
:1085A00010BD10B541F6130200F080F800B210BD06
:1085B00010B541F6130200F079F800B210BD10B505
:1085C00041F6130200F072F800B210BD10B541F68A
:1085D000130200F06BF800B210BD10B541F61302A3
:1085E00000F064F800B210BD10B541F6140200F0BE
:1085F0005DF800B210BD10B541F6140200F056F857
:1086000000B210BD10B541F6140200F04FF800B2F0
:1086100010BD10B541F6100200F048F800B210BDD0
:1086200010B541F6100200F041F800B210BD10B5CF
:1086300041F6100200F03AF800B210BD10B541F654
:10864000100200F033F800B210BD10B541F6100270
:1086500000F02CF800B210BD10B541F6100200F089
:1086600025F800B210BD10B541F6100200F01EF85A
:1086700000B210BD10B541F6100200F017F800B2BC
:1086800010BD10B541F6100200F010F800B210BD98
:1086900010B541F6100200F009F800B210BD10B597
:1086A00041F6100200F002F800B210BD2DE9F041D1
:1086B00086B00C4606461546C2F38028C2F38037C2
:1086C0009FB122F4804510E002AB2A462146304695
:1086D000F4F72BFD60BBB8F1000F08D00CB10024FB
:1086E00003E03046FFF71EF90646002EECD13CB9F8
:1086F00041F201018D4207D0A5F58050043803D026
:10870000284602F0EDFD12E0306807E08D4202D10C
:10871000828A3AB901E0C28A12B900680028F5D10C
:108720008D4202D1B0F9140001E0B0F916000290B8
:1087300017B30298350000901AD0304621466322C4
:10874000FFF7B4FF060012D0306880B128462146FA
:108750006422FFF7ABFF10F0FF0208D03368304609
:10876000009998470190BDF80400ADF8000000980A
:10877000029006B0BDE8F0810298FAE710B56022D9
:10878000FFF794FF00B210BD10B540F64102FFF7AD
:108790008DFF00B210BD10B540F64202FFF786FF14
:1087A00000B210BD10B540F64502FFF77FFFC0B222
:1087B00010BD10B540F64302FFF778FF00B210BDC0
:1087C00010B54FF40462FFF771FF00B210BD44F220
:1087D0005742FFF76BBF41F25942FFF767BF41F2C3
:1087E0005942FFF763BF41F25942FFF75FBF41F2C1
:1087F0005942FFF75BBF41F25942FFF757BF41F2C1
:108800005942FFF753BF10B541F25A42FFF74EFFEE
:1088100000B210BD10B541F25A42FFF747FF00B257
:1088200010BD10B541F25B42FFF740FF00B210BD32
:1088300010B541F25B42FFF739FF00B210BD10B531
:1088400041F25B42FFF732FF00B210BD10B541F2BA
:108850005B42FFF72BFF00B210BD10B541F25B4247
:10886000FFF724FF00B210BD10B540F60B02FFF772
:108870001DFF00B210BD10B540F60B02FFF716FF4A
:1088800000B210BD10B540F60A02FFF70FFF00B2AC
:1088900010BD10B540F60A02FFF708FF00B210BD88
:1088A00010B541F20102FFF701FF00B210BD10B593
:1088B00041F20102FFF7FAFE00B210BD10B541F21D
:1088C0000102FFF7F3FE00B210BD10B541F2010244
:1088D000FFF7ECFE00B210BD10B541F20702FFF742
:1088E000E5FE00B210BD10B541F20802FFF7DEFE52
:1088F00000B210BD018B808A081A401C00B270477C
:1089000070B50546FFF70EF8040012D0E88AE18A38
:10891000451A2046FFF746F9054400212046FFF797
:108920007FFE2D1A00212046FFF7F4FC281A00B222
:1089300070BDB5F9160070BD10B50446FFF7E0FF35
:1089400002462046FEF7ADFF104400B210BDC069DC
:10895000814301D00020704701207047C069084062
:1089600000D001207047008C084000D001207047E3
:108970007FB50D4606460221FFF7E9FF002820D00B
:1089800080213046FFF7EFFFE8B902A93046FEF735
:10899000CFFE0022294602A8EAF786F8040012D08A
:1089A0004FF480313046FFF7D2FF70B101208DF8CF
:1089B000040000956A4611213046FBF719F89DF82E
:1089C000040004B070BD0020FBE72046F9E7F8B5CD
:1089D00014460D4606464FF40562FFF767FE00B2E7
:1089E0006080002839D0304629465322FFF75EFECA
:1089F000C0B22073022830D929463046FFF7F8FC70
:108A0000FD2804D2217B11FB00F0000A2073207B9B
:108A1000022822D93046294644F25202FFF746FE88
:108A20000090BDF800002080304629465422FFF710
:108A30003DFEA060304629465122FFF737FE00B1C7
:108A40000120617B60F38201617329463046FFF7A4
:108A500053FC617B60F301016173F8BDF8B5144606
:108A60000E4605464622FFF721FEC0B2E0720228FC
:108A70003CD931462846FFF7BBFCFD2804D2E17AF9
:108A800011FB00F0000AE072E07A02282ED90020E3
:108A900020804FF480706080288BA98A4822401A79
:108AA000401C00B200EBD0704010A080688BE98AB7
:108AB000401A401C00B200EBD0704010E080284605
:108AC0003146FFF7F3FD10F0FF00A07209D02846F1
:108AD000314644F24702FFF7E9FD0090BDF800007F
:108AE000208131462846FFF707FC2073F8BDF8B512
:108AF00014460D4606464FF48B62FFF7D7FDC0B211
:108B0000A076022841D929463046FFF771FCFD289E
:108B100004D2A17E11FB00F0000AA076A07E0228FC
:108B200033D929463046FFF752FE0090BDF80000C9
:108B3000A0813046294641F25A42FFF7B7FDA08294
:108B40003046294641F25B42FFF7B0FD6082304675
:108B5000294640F25C42FFF7A9FDA17F60F30201C4
:108B6000A17729463046FFF7C7FBA17F60F3C50117
:108B7000A17729463046FFF72EFE20603046294671
:108B800041F25D42FFF792FD2077F8BDF8B514463B
:108B90000D46064640F64902FFF788FD00B26080A8
:108BA000002846D0304629464E22FFF77FFDC0B24E
:108BB000207202283DD929463046FFF719FCFD28CE
:108BC00004D2217A11FB00F0000A2072207A0228D8
:108BD0002FD93046294644F24D02FFF767FD009039
:108BE000BDF800002080304629464A22FFF75EFD8E
:108BF00000B2A08028B1304629464B22FFF756FD2F
:108C0000E080304629464C22FFF750FD08B1012193
:108C100000E00021607A61F38200810861F3C30003
:108C2000607229463046FFF767FB617A60F3010105
:108C30006172F8BD2DE9F84314460D4606466022E0
:108C4000FFF734FD208025B129463046FFF7D0FBE1
:108C500000E0FF20804629463046FFF7C9FB074663
:108C6000022802D9B8F1020F09D80020E07084F878
:108C7000220084F8360084F82A00BDE8F8832946EB
:108C80003046FFF739FBA070E078002851D030461D
:108C900029462122FFF70AFDC0B2E070022848D918
:108CA00029463046FFF71EFB0090BDF80000A0806B
:108CB000304629462622FFF7F9FC010007D0487A02
:108CC000400704D00A22A01DFDF730FB31E03046FA
:108CD00029462322FFF7EAFCE17B60F30201E173FE
:108CE00048071DD029463046FFF7FCFA0090BDF832
:108CF0000000E0803046294644F22202FFF7D6FC0D
:108D00000090BDF800006081304629462422FFF71C
:108D1000CDFC2072304629462522FFF7C7FC207380
:108D2000304629462722FFF7C1FCE17B60F3C501ED
:108D3000E1733046294641F23202FFF7B7FC00B238
:108D4000208408B394F82200F0B13046294631223D
:108D5000FFF7ACFCC0B284F82200022814D93046D8
:108D600029463322FFF7A2FC94F8231044F2300284
:108D700060F3450184F8231030462946FFF796FC3E
:108D80000090BDF80000E08329463046FFF74CFB19
:108D9000E084C8B194F82A00B0B129463046FFF704
:108DA00035FB84F82A0002280ED929463046FFF701
:108DB00034FB20853046294644F23B02FFF776FC1F
:108DC0000090BDF80000A084A07E68B3304629461C
:108DD00040F62802FFF76AFC206128B33046294696
:108DE0002922FFF763FCC0B2A07602281CD92069B3
:108DF000FCF799F802286AD03046294644F22A0244
:108E0000FFF754FC0090BDF800002083304629464F
:108E10002B22FFF74BFCE076304629462C22FFF749
:108E200045FC00B10120207794F8360050B3294664
:108E30003046FFF7C5FCE08520B394F836000228E1
:108E400020D929463046FFF7ADFC84F836000228C9
:108E500018D929463046FFF797FC20862946304628
:108E6000FFF799FC608629463046FFF7A2FCA086F2
:108E70003046294644F24402FFF718FC0090BDF842
:108E80000000A085B8F1FD0F02D218FB07F0070A19
:108E9000FD2FBFF4F2AE14F8030F10FB07F0000A29
:108EA00004F8140BE07810FB07F0000AE070E07A99
:108EB00010FB07F0000AE072E07F10FB07F0000AE9
:108EC000E077E07C10FB07F0000AE074D5E6294665
:108ED0003046FFF780FC606129463046FFF777FC9B
:108EE0000090BDF8000020839EE77CB505464FF456
:108EF000002403E02846FEF715FD0546FEF712FDA7
:108F000028B121462846FFF722FD0028F2D1284645
:108F1000EAF7DFFD044605F114016846F6F76FFC39
:108F2000BDF800006946001BADF80000BDF8020066
:108F3000001BADF80200BDF804002044ADF80400A9
:108F4000BDF806002044ADF80600284600F001F800
:108F50007CBD1CB504466846F6F751FC69462046C0
:108F6000FDF70CFE002805D02046FEF769FC694697
:108F7000EAF790FC1CBD0068002808D0017E890734
:108F8000F9D0007E00F00300012800D000207047D7
:108F90000068002809D0017E11F00C0FF8D0007E87
:108FA000C0F38100012800D00020704710B50446AE
:108FB0000849FFF7D3FC08B1002010BD2046FEF79A
:108FC000B1FC0028F9D00021FFF7F6F90028F4D011
:108FD000012010BD010006007CB50546EAF779FDC9
:108FE000044605F114016846F6F709FCBDF80000D7
:108FF0006946001BADF80000BDF80200001BADF88B
:109000000200BDF804002044ADF80400BDF80600DD
:109010002044ADF806002846FDF7B0FD7CBD10B534
:10902000418C41F001014184FEF780FC418C41F00C
:1090300002014184FEF704FC4068002803D0BDE82B
:10904000104003F08FBA10BD2DE9F047994617463E
:1090500088468246FEF767FB0646002523E000BFF0
:10906000DAF80800B9F1000F006850F8254005D083
:109070004FF480212046FFF76AFC98B9A18A0023AB
:1090800001EB0800A082E08A3A463844E082218B56
:1090900001EB08002083608B414638446083204602
:1090A000FFF7D2FF6D1CB542DAD3BDE8F0872DE99A
:1090B000FF47456816460F4604469DB300212846E3
:1090C000FFF714FA804600212846FFF7A9FA8146E7
:1090D0004FF480212046FFF73AFC48B1A98A07EBFC
:1090E0000800084407B2E98A06EB0900084410E0CA
:1090F0002846FEF750FDAA8A02EB0801081A3844F8
:1091000007B22846FEF74EFDEA8A02EB0901081A6B
:10911000304406B200212846FFF7FCF839183044E5
:109120000FB206B2A08A381A07B2E08A301A06B225
:109130000FB9002E40D02046FFF7D7FE02A92046E7
:10914000FEF777FB4FF0000875B169462846FEF739
:109150000EFB0022694602A8E9F7E6FB5FEA000879
:1091600002D1284600F082FDA08A32463844A0820F
:10917000E08A39463044E082208B00233844208343
:10918000608B304460832046FFF75EFF8DB122463E
:1091900022212846FAF72CFC2046FFF7A6FE0022E3
:1091A000694604F11400E9F7BFFBB8F1000F07D1DD
:1091B00004E02046FFF799FEBDE8FF870028FBD0BA
:1091C000284600F053FDF7E770B50C00064604D5BD
:1091D000FEF7A8FBFEF7A7FA04443046FEF767FB4C
:1091E00002463046FEF79EFB0546002C2DDBFEF7BF
:1091F0009AFAA04229DD944227D015DA6FF00301D4
:10920000A24214DDA86801EB82030068C35840F84D
:109210002230521EF4E7A86801EB82030068C358AD
:1092200040F82230521C00E00421A242F3DBA8687F
:1092300000222221006840F824602846FAF7D8FB73
:109240002846BDE87040FFF750BE70BD2DE9F041E3
:109250000D460646FEF791FCA0B93046FEF794FC99
:1092600004463046FEF76AFB00280BDA002C09DDC5
:109270004042844200DB044622B22B4600213046A5
:1092800000F0A0FB3046FEF771FC002825D13046E7
:10929000FEF7AEFB04463046FEF70AFC0746002107
:1092A0003046FEF7FCFF01280BD0002F15DA002C0A
:1092B00013DD7842844200DB044621B22B460022B3
:1092C00006E0002C09DA002F07DD2B46002221469C
:1092D0003046BDE8F04100F075BBBDE8F0812DE9F6
:1092E000F14F82B00298FFF761FE00287DD102980D
:1092F000FEF718FB009000210298FFF7EDFA824676
:1093000000210298FFF7EFFA0746009868B1FEF7D0
:1093100076FA81460098FEF758FA0546CAF34130BE
:109320004FF0640B012803D012E03A46514694E016
:109330002AF4C040B0F5FA6F0ADCB0F57A7F01DD9F
:10934000C0F57A7000FB09F090FBFBF00FFA80FA91
:10935000C7F3413001280DD127F4C040B0F5FA6FB2
:1093600008DCB0F57A7F01DDC0F57A70684390FBC8
:10937000FBF007B2002143F20C020298FFF796F9C6
:1093800006B2002143F20D020298FFF78FF902B2F4
:109390000298FFF7AFFA80460298FEF782FA044679
:1093A000C6F3413001280ED126F4C040B0F5FA6F63
:1093B00009DCB0F57A7F01DDC0F57A7000FB08F0BA
:1093C00090FBFBF006B2C2F3413001280FD122F42A
:1093D000C040B0F5FA6F0ADCB0F57A7F01DDC0F568
:1093E0007A70604390FBFBF000E056E002B20AEBBB
:1093F000060006B2B81807B200210298FEF72FFF48
:1094000050B1012827D0801E082824D2DFE800F0C0
:109410000B13202B3318383B00210098FEF738FF40
:10942000012808D017E009EBD971491008EBD87072
:10943000A1EB600001E0A9EB0800304406B20AE0AD
:1094400005EBD570401004EBD471A0EB610000E097
:10945000281B384407B23A463146029803B0BDE8AB
:10946000F04FFFF724BE09EBD971491008EBD87013
:10947000A1EB600001E0A9EB0800304406B2E7E789
:10948000A9EB080006E009EBD971491008EBD87088
:10949000A1EB6000304406B2D2E7BDE8FE8F2DE9B3
:1094A000F04F0446408C87B0410501D580057ED43D
:1094B0002046FEF737FA5FEA000878D02046FEF72C
:1094C00097FA0190608C002640054FF4FA6B42F247
:1094D000D17A03D52046FFF70DFA5FE00021204640
:1094E000FFF7DEF90546504501D1012600E00026D0
:1094F000C5F34130012805D125F4C040584501DCB1
:10950000012000E0002081464046FEF778F907463A
:1095100026B12046ECF7C8F905462BE0B9F1000F5B
:1095200028D0B8F82200400518D400214046FFF7A3
:10953000B7F9504512D100212046FEF7EBFE054653
:1095400000212046FEF7D2FF00EB0509002120464E
:10955000FFF712F8411901EB09000AE025F4C040B9
:10956000B0F57A7F01DDC0F57A707843642190FB15
:10957000F1F005B22046002141F20202FFF796F811
:109580000FFA80F92046002141F20302FFF78EF81E
:1095900002B23B4649462846F7F722F907462046DD
:1095A000FEF7F2FA00904FF00009608C00E06FE0E7
:1095B000800503D52046FEF774F955E000212046CA
:1095C000FEF7DEFEA0F51C510546D13906D000207D
:1095D0008146C5F34130012802D007E00120F7E7BA
:1095E00025F4C040584501DC012000E000208346FE
:1095F0004046FEF7EAF88246B9F1000F04D0204653
:10960000ECF7E0F805461BE0BBF1000F18D0B8F806
:109610002200800507D400214046FEF7B1FEA0F5E8
:109620001C51D13938D025F4C040B0F57A7F01DD26
:10963000C0F57A7000FB0AF0642190FBF1F005B2EE
:109640002046002141F20502FFF730F80FFA80FBB7
:109650002046002141F20602FFF728F802B25346E5
:1096600059462846F7F787F8054656EA090605D011
:10967000DDE900210023204600F0A1FA2046FFF793
:1096800039F9B8421BD12046FEF70BF9A84216D192
:10969000002007B0BDE8F08F00212046FEF73AFE1B
:1096A000054600212046FEF7BBFF00EB050B00211D
:1096B0002046FEF7C7FE411901EB0B00BFE720462D
:1096C000FFF713FC02A92046FEF7B3F804A94046B1
:1096D000FEF74DF8002204A902A8E9F725F90600D3
:1096E00002D1404600F0C2FAE08A6D1E2844608331
:1096F00000212046FEF7CCFD01281CD0A08A7F1E49
:109700003844208302AA29212046FAF771F922461B
:1097100022214046FAF76CF92046FFF7E6FB0021CC
:109720002046FFF793FD002204A904F11400E9F795
:10973000FBF836B904E0208BC01B401CA082E1E797
:1097400010B1404600F092FA0120A2E738B5044675
:10975000EAF7BFF905460020ADF800006A4613217C
:109760002046FAF745F9BDF90000A84202D020468C
:10977000FFF7BBFBA06818B1BDF80010C18209E07B
:10978000BDF8000030B12046FDF7DAF9A168BDF858
:109790000000C882BDF90000A84202D02046FFF7B1
:1097A000A4FB38BD70B505460021FFF779F80446E3
:1097B00000212846FEF7E4FD42F2D1718C4203D02D
:1097C000884201D0002070BD2846FFF728FC012008
:1097D00070BD00002DE9F04706462C4814460D46A2
:1097E000007800284FD03046FFF77FFB05F47F0557
:1097F000E0044FF470294FF6FF771ED54D4514D085
:109800009DB13046002141F20402FEF74FFF00B245
:1098100042F2D178404508D03046002141F20102A1
:10982000FEF744FF00B2404514D100222A21304601
:10983000FAF7DEF83046FFF7F2FB4D4500D04DB9A0
:10984000BC4201D0A00405D53046FEF76BF808B144
:10985000FFF7E5FBBC4201D0200502D53046FFF7FB
:1098600075FF3046FFF741FBBC4204D060050AD5C6
:1098700014F4C05F07D0B5F5803F04D03046BDE892
:10988000F04704F054BEBDE8F0870000EC00002073
:109890002DE9F05F4FF6FF7A0F0005461FFA82F8B8
:1098A00002F47F09564602D0F87900B90026002458
:1098B000214659E0EA68042000EBC40B964652F8B2
:1098C0000B00C0F307424FEA024C524683B2904568
:1098D00001D0434509D1B9F5702F01D0CC4504D151
:1098E0002FB15EF83430BB4201D0641C3CE08001F3
:1098F00004D500234946284606F03CFEE86850F8A7
:109900000B10CA0101D489010CD550F8340001F0C4
:10991000C8FDE86850F83400FCF79CFCE9680020BA
:1099200041F83400204608220AE0E96802EBC00C46
:1099300001EBC0036144401CD1E900C1C3E900C18F
:10994000698CC1F3C501491E8142EED8688CC108FB
:10995000491E61F3C8006884C0F3C500C100E8680F
:10996000FCF7BCFC0121E860688CC0F3C500A04294
:10997000A0D8002908D0002E06D0324649462846F5
:10998000BDE8F05FFFF726BFBDE8F09F70B5064663
:109990000B480078002812D000200CE0002506E0DB
:1099A000E06850F82510304604F09DFE6D1C606A9A
:1099B000A842F5D82046F7F73FFA0400EED170BD73
:1099C000EC0000202DE9F0411646074690B00D4608
:1099D00051EA060076D0012B19D03C493846F5F7FC
:1099E000EBF904463A493846F5F7E6F9804632463F
:1099F0002946384604F0F6FF54EA080462D010B055
:109A00003846BDE8F04100220A21F9F7F1BF384697
:109A1000FDF716FF80466846F5F712FA2D484FF419
:109A2000C874009703902DB34046F7F7DFF9401054
:109A30002A460021F5F76BFAC82801D2C82002E0B7
:109A4000A04200D920460A903846FEF7A4F84142C9
:109A5000281ACDE908101E4801901F48079106906A
:109A60006A4609213846F9F7C3FF01282AD168461A
:109A7000F5F75AFA002E25D04046F7F7FDF94010C9
:109A800032460021F5F743FAC82801D2C82002E087
:109A9000A04200D920460A903846FEF783F841429A
:109AA000301ACDE90810094801900B48079106903B
:109AB0006A4609213846F9F79BFF012802D168461A
:109AC000F5F732FA10B0BDE8F0810000A9EA01080C
:109AD00091EA01083FE70108A7EE00082DE9F047E9
:109AE0001546824699460C4651EA050065D0504617
:109AF00000F092FB5046FEF74EF840420FFA80F815
:109B000008EB040004B200215046FEF7C8FB012810
:109B100013D0002C13DC25DA5046FDF769FF06460A
:109B20005046FDF7C5FF304400B2002800DA00209F
:109B30004042844216DA04B214E0002C02DA4FF0FC
:109B400000040FE00EDD5046FDF752FF064650467A
:109B5000FDF7AEFF304400B2002800DA0020844256
:109B600000DD04465046FEF71DF8404206B270196B
:109B700005B2002D02DD4FF0000510E00FDA50466F
:109B8000FEF702F807465046FDF7D8FE384400B20B
:109B9000002800DA00204042854200DA05B2A4EB3A
:109BA000080001B2A81B02B251EA020005D04B46E0
:109BB0005046BDE8F047FFF705BFBDE8F08770B538
:109BC00016461D4604461A4600F024F82A46314639
:109BD0002046BDE8704000F033B8F8B50E460446A4
:109BE00000F01AFB002000902046FDF79BFE054682
:109BF00004F114070AE033466A462146384604F069
:109C0000ABFD2C462046FDF78DFE0546002DF2D11A
:109C1000F8BD000070B50D46144606460749F5F735
:109C2000CBF83046FDF7B7FF401B01B22346304664
:109C3000BDE870400022FFF751BF000091EA010823
:109C400070B50D46144606460749F5F7B5F8304697
:109C5000FDF7A8FF401B02B223463046BDE8704026
:109C60000021FFF73BBF0000A9EA01081FB5044629
:109C700002AA6946FDF79EFF6846F5F723FE20B964
:109C800002A8F5F71FFE002810D06846F5F71AFE67
:109C900018B169462046FFF75CF902A8F5F712FEF5
:109CA000002803D002A92046FFF753F91FBD002268
:109CB00000F0FEB970B50D460446FCF741FFA06800
:109CC000858270BD70B516461D460446002200F020
:109CD0001FFA00223146204600F002FA00222946EF
:109CE000204600F01DFA04480022808981B22046F7
:109CF000BDE8704000F022BA0C01002010B5044607
:109D0000002200F0F5F904480022808981B2204643
:109D1000BDE8104000F012BA0C01002010B5044656
:109D2000002200F0EDF92046FDF7FCFDBDE81040F3
:109D3000FFF775B938B50C46054600236A4641F26F
:109D40000401FDF7CFFD012807D0002804D100222F
:109D50002146284600F0ECF938BD0098A042F6D123
:109D600038BD2DE9F0410C4615461F4606461946FA
:109D7000F3F78CF82A46214601F06CFC224639465E
:109D80003046BDE8F041FFF725BD70B50646406896
:109D90000C46002867D0002C65D03046FFF7A5F8A8
:109DA0002046FCF7CDFE30467568FDF780FD014684
:109DB000042207E0A86802EB81030068C35840F85A
:109DC0002130491C2846FDF7AEFC801E8842F1DA9E
:109DD000A9684868401E4860A96805D082000868E4
:109DE0001146FCF77BFA03E00868FCF733FA002021
:109DF000A9680860A1684868401C4860A2688100A2
:109E00001068FCF76BFAA16808602046FDF78BFC30
:109E10006FF0030101EB8000A16809680E5000217A
:109E200028467460FFF712FA2846FFF71FFF3246F4
:109E300022212846F9F7DCFD002224212846F9F7E3
:109E4000D7FD324622212046F9F7D2FD00222321F8
:109E50002046F9F7CDFD3046FFF7E1F83046BDE882
:109E60007040FFF742B870BD70B51546044600F06B
:109E7000A0F929462046BDE8704000F0B1B970B5A0
:109E80000C460546FCF75CFEA868017E01F0030263
:109E9000A24207D064F3010101762846BDE8704074
:109EA000FFF723B870BD70B51546044600F06AF997
:109EB00029462046BDE87040FFF73CBF2DE9F34F2F
:109EC00087B08146008C089988427DD00390A9F81C
:109ED00020104846089A0399E9F7A2FE5FEA0008B5
:109EE00072D04FF420742046FCF756F921460290B8
:109EF000FCF7FAFA0025284693E000BFD9F80C10C9
:109F0000042201EBCA0002EBCA040490085920F0B5
:109F10007F4000F07FF90090D9F80C00005920F044
:109F20007F4000F074F9069008990098884376D134
:109F300004984068800172D404986722006883887E
:109F400019040AD5006804E0914201D144681DE07B
:109F5000083001880029F7D161E0C179A9B301294E
:109F60000FD90468002004EB810307E033F8106088
:109F7000964202D104EB800007E0401C8142F5D8F4
:109F80004DE0C3F30E01672949D10468002740E082
:109F9000002620E0029806EB860100EB8101059186
:109FA000D1F804B0584600F035F90190584600F059
:109FB0002EF9216831F81720059909898A4209D1BB
:109FC0000699884206D101E06FE028E0DDE9000152
:109FD000814202D2761CAE42DCD3AE4218D1029A44
:109FE00005EB8500A18922F82010029A218A02EB54
:109FF00080006D1C4180A168C160216831F8171094
:10A000000181616801610499496821F07F414160E3
:10A010007F1C206830F8170008B1202DB8D30AF152
:10A0200001008246B9F82200C0F3C501514502D9AA
:10A03000202DFFF463AF002410E000BF029804EB72
:10A04000840100EB8106706800F0E1F8014600969B
:10A050004846089B039AE9F743FD641CAC42EDD3E4
:10A060000298FCF7E5F8B8F1010F0ED0B8F1030F34
:10A0700011D0B8F1020F18D14846FEF736FF09B0EB
:10A080004846BDE8F04FFFF761BB09B04846BDE860
:10A09000F04FFEF72ABF09B04846BDE8F04F4FF633
:10A0A000FF724FF47021FFF795BB09B0BDE8F08F48
:10A0B00013460A4641F20901FFF753BE07B481B0C7
:10A0C0001346BDF80810ADF80010009A202104B026
:10A0D000FFF747BE13460A4640F62801FFF741BE88
:10A0E00013460A4601498988FFF73BBE0C01002050
:10A0F00013460A4601490988FFF733BE0C010020C8
:10A1000013460A4601490989FFF72BBE0C010020BE
:10A1100013460A4601494988FFF723BE0C01002077
:10A1200013460A460149C988FFF71BBE0C010020EF
:10A1300013460A4641F20401FFF713BE13460A46CE
:10A1400041F26901FFF70DBE13460A4641F25D4137
:10A15000FFF707BE13460A4641F25941FFF701BE19
:10A1600013460A4641F20101FFF7FBBD13460A46BA
:10A1700041F20701FFF7F5BD13460A4641F2080117
:10A18000FFF7EFBD38B50C46054600236A4641F29D
:10A190000101FDF7A7FB012807D0002804D1002208
:10A1A00021462846FFF7DCFF38BD0098A042F6D1D3
:10A1B00038BD38B50C46054600236A4641F2070112
:10A1C000FDF790FB012807D0002804D1002221468A
:10A1D0002846FFF7CBFF38BD0098A042F6D138BD26
:10A1E00038B50C46054600236A4641F20801FDF7E2
:10A1F00079FB012807D0002804D1002221462846F7
:10A20000FFF7BAFF38BD0098A042F6D138BD00F480
:10A210007F00704780B2704770B50B4D29780029D8
:10A2200011D101212970FDF781FB044606E000BF32
:10A2300020F0020060842046F4F7B6FB608C8107B2
:10A24000F6D40020287070BDE400002008B5132863
:10A2500002D209B1042905D9F6F70BFB0090BDF82D
:10A26000000008BD044A491EC9B202EBC00000EB61
:10A270004100008808BD000074B0020808B513282A
:10A2800002D209B1052905D9F6F7F3FA0090BDF815
:10A29000000008BD054A491E00EB8000C9B202EB70
:10A2A000400000EB4100008808BD0000B6AF020886
:10A2B00008B5132805D3F6F7DCFA0090BDF80000C6
:10A2C00008BD024901EB4000008808BD90AF0208BC
:10A2D000002801DAC0F57A7040F4005000B27047EF
:10A2E00010B5B0F90420B0F900304088D21A02EB62
:10A2F000D27252100C88134449881044E31A081A89
:10A3000012FB02F113FB03F210FB0020884201D87C
:10A31000012010BD002010BD10B50E48F6F784FCDA
:10A320000C4CF0200D4A20804FF48C7060800A485D
:10A33000A2F5525160614FF4D253A1F11C00F6F71F
:10A3400063FC04F14C00E060BDE810404C38F6F7C7
:10A3500095BC00008C4B002005670008748000202D
:10A3600010B50648FAF7F0FD0448012101700449D0
:10A370004160FAF7FDFD0349486010BDF4B40020C8
:10A38000F9020208BC0000202DE9F04F544E0546AA
:10A3900089B0706801688C6BC96889682160016840
:10A3A00009698A0701D4C90723D0F6F765FD401E65
:10A3B00007B27068F6F71AFD401E03B2002211467C
:10A3C00001A80097F5F7C4FA01A9616070680068F8
:10A3D000027CC068920705D5826942F00202826160
:10A3E000A16076E08169826961F341028261A560C2
:10A3F0006FE0A9882A88891A491C0FFA81F9E9882F
:10A400006A88891A491C0FFA81F8F6F735FD01466A
:10A41000B5F90600814203DC7068F6F72DFD401E99
:10A4200007B242464946B2467068F2F797FD814648
:10A430000026B5F902000DF10C0B28E02A88ADF8D2
:10A440000C20AA88ADF81020ADF80E00ADF812105F
:10A45000C4F804B0C4F808B0DAF804000168C968A8
:10A4600089682160BDF91210B94201DDADF81270A2
:10A47000BDF91260B74205D10068C068816941F03A
:10A4800002018161204600F02DF80FFA88F000EB00
:10A490000908A8F10101B942D0DDB7421CD02988D2
:10A4A000ADF80C10A988ADF81010ADF80E00ADF89D
:10A4B0001270C4F804B0C4F808B0DAF804000168F7
:10A4C000C968896821600068C068816941F002013B
:10A4D0008161204600F006F809B0BDE8F08F000069
:10A4E000F0000020F0B54E4C06468FB06068F6F7DD
:10A4F00079FC0546006850B1686828B107E06068DB
:10A500000068816A01B1884728690028F7D10025D1
:10A510006068F6F79BFC0146706800F0CDF80746CE
:10A520006068416919B1706800F0C6F8054657EADD
:10A5300005004BD1B06AB0B16846F7F70DFF60680F
:10A54000C16A049190F829108DF81A10418DADF868
:10A55000041090F829008DF80300B36A694630466C
:10A560007268984732E06068C06AF8B109A9FAF7E2
:10A570003DFC01282AD109980022410D491EC0F353
:10A580008A230091114607A85B1EF5F7E1F901A89F
:10A59000F6F7B8FE606807AA90F829108DF80F103A
:10A5A000C36A01A93046F6F785FE0FE06846F7F763
:10A5B000D3FE6068418DADF8041090F829008DF845
:10A5C0000300694630467268F7F7B2FE606840697A
:10A5D00028B105B905462946304600F071F90FB992
:10A5E000606807693046394600F06AF96068F6F736
:10A5F0001BFC0146304600F063F96068F6F70CFC7E
:10A600000146304600F05CF960680168097C890702
:10A6100004D40FB0BDE8F040ECF7C4BF0FB0F0BDFC
:10A62000F000002070B5234D002028606868B0F865
:10A630005041002C3DD0002603E0011991F8301163
:10A6400079B1641EF9D50168C9688A6922F00102EE
:10A650008A610068C068816921F00201816100247B
:10A6600022E02646EFE7011991F83011D9B9B4423A
:10A6700005D10168C9688A6942F001028A610168EE
:10A68000C9688A6922F002028A6100EBC400303096
:10A69000FFF77AFE686800EBC4003030F5F712F976
:10A6A000296808442860641C6868B0F85011A14209
:10A6B000D9DC70BDF00000202DE9FC410D460024DE
:10A6C000804622461431E8F72FF958B30121284675
:10A6D000FEF73DF930BB00208DF800006A461221DC
:10A6E0002846CDF80480F9F783F99DF80000022888
:10A6F00005D02846FDF717F8074600260CE0002095
:10A70000BDE8FC81A868006850F826104046FFF7B5
:10A71000D3FF040006D1761CBE42F3D39DF800009F
:10A7200000B92C462046EBE72DE9FC410025DFF877
:10A73000B4804FE0294491F83011E9BB002441E096
:10A74000011991F83011C1BBA5423AD000EBC40108
:10A7500000EBC50030303031E8F73AF968B3706883
:10A76000B04600EBC40200EBC50168463031303220
:10A77000E8F72DFA6846F5F7A5F80646D8F804007C
:10A7800000EBC5003030F5F79DF80746D8F8040017
:10A7900000EBC4003030F5F795F83844864210D20B
:10A7A000D8F80400464600EBC50069463030F5F79E
:10A7B0002FF80120716801E00BE002E0214481F8EC
:10A7C0003001641CD8F804004646B0F85011A1428C
:10A7D000B6D86D1CD8F80410B1F85021AA42A9D8F7
:10A7E000BDE8FC81F00000202DE9F04388460446D6
:10A7F00087B001214046FEF7AAF800285DD102A9E2
:10A800004046A668FDF715F84046E9F762F90146AB
:10A81000024602A8F5F782F802AA314604A8E8F732
:10A820005BF8002849D00DF110092246142140465A
:10A83000C4F80890F9F7DCF8224615214046F9F7EC
:10A84000D7F8224616214046F9F7D2F84FF40021F6
:10A850004046FEF77CF820B13068009070680190A7
:10A8600006E008F1140231466846E8F735F890B181
:10A87000C4F808D04046FCF756FF0746002508E01C
:10A88000D8F80800006850F825102046FFF7ACFF04
:10A890006D1CBD42F4D3224617214046C4F80890EF
:10A8A000F9F7A6F8224618214046F9F7A1F8224602
:10A8B00019214046F9F79CF8A66007B0BDE8F0837F
:10A8C0002DE9F0470C00814605D11B484068F6F79A
:10A8D000BDFA04002AD021464846FFF785FF1FE055
:10A8E0000027FCF720FF0646002508E0A068006866
:10A8F00050F82510E7B14846FFF776FF6D1CB542CA
:10A90000F4D34A4617212046F9F772F84A4618212F
:10A910002046F9F76DF84A4619212046F9F768F8FC
:10A92000A0464046FCF7FEFF0400D9D1BDE8F08701
:10A930004145E3D10127E1E7F000002010B591F88F
:10A940002A000C4620F0010081F82A0000208884AB
:10A95000C884088510212046FCF7ACFA4FF400713A
:10A960002046FCF7A7FA21460548FCF7FBF9FCF75F
:10A9700067FA2046BDE81040002202A100F00AB9A3
:10A98000A4B202084F7074696F6E20310A4F707460
:10A99000696F6E20320A4F7074696F6E20330A4FF0
:10A9A0007074696F6E20340A4F7074696F6E203551
:10A9B00000000000F8B50E465648FCF78CFE012852
:10A9C0002ED13046F8F7D1FF05463046F9F70BF89F
:10A9D00004462C2D1CD02A2D23D0292D2DD0012D1D
:10A9E0002DD0022D37D0082D50D0032D4ED00E2D56
:10A9F00050D00F2D5DD00D2D66D0132D7CD0152D90
:10AA000001D0182D0CD13046BDE8F840EEF7CFBC90
:10AA10003046F8F7E6FF05462046F2F7FDFC2880B1
:10AA2000F8BDF2F72FFA18B100222A21F8F7E0FF5B
:10AA30002046FEF7B7FE002141E0002140E0A06A79
:10AA400020F400312046A162F2F71CFABDE8F8407C
:10AA50003149F4F7B1B9FAF7AFFA6946FAF7F2FA01
:10AA6000BDF802000028DBD02046F2F70BFA0546BD
:10AA7000FDF746FFBDF80210084401B22846FFF773
:10AA8000AFFBA06A40F40030A062F8BDBDE8F8401A
:10AA900003F06CBDFCF700FFF9F7DEFC0546FAF7A2
:10AAA0008BFAFAF7CAFA042800D115B1E08C208598
:10AAB000F8BDE18C208D8142FAD0E084012120464E
:10AAC000BDE8F84003F04CBC3046F8F78AFF007848
:10AAD000132812D0122810D0142801D01128E7D141
:10AAE000E08C0028E4D0258D401E81B20122204652
:10AAF00000F0BBF82585F8BD06E0E08CA18C401C79
:10AB00008842F8D2258DF0E7F2F7BCF9BDE8F840AD
:10AB1000FEF71CBE88B20208D5EB010870B50E46E0
:10AB20000846F8F722FF0446152805D03146184894
:10AB3000FCF7D1FD012823D13046F8F754FF054634
:10AB4000132C08D0292C1CD0152C19D13046BDE867
:10AB50007040EDF7DFBA3046F8F743FF0446284669
:10AB6000FCF7E0FEF2F758FC06462846FDF7C2FE69
:10AB70000246B4F90000B11A884200DC0846208081
:10AB800070BDFCF7CFFEBDE87040002103F0E8BBCC
:10AB9000A4B202082DE9F84F15465FEA0109044600
:10ABA0000DD02046F2F76EF94FF0000B0090A4F89C
:10ABB00026B0A4F828B0A4F824B0584606E0FEE772
:10ABC0000A2902D1A18C491CA184401C19F800104B
:10ABD0000029F5D1A08C401CA08494F82A00DDB394
:10ABE00040F0010184F82A104846E5F7ACFB471C09
:10ABF000C7EBC7008246FBF7CFFA06460025A0F157
:10AC0000010800BF07FB05604946E5F7B1FB6D1C75
:10AC100007FB05F10A20EDB201F80800072DF1D37A
:10AC20000AEB060101F801BC31460098FBF7DAF99E
:10AC30003046FBF7FDFAA08C00EB4001E184C0EB4D
:10AC4000C000A0842046F3F7F5FAE08C2085009838
:10AC5000BDE8F84FFEF77ABD20F0010084F82A0025
:10AC600049460098FBF7BEF9EFE730B490F82A3078
:10AC7000DB070BD0C38C0724B3FBF4F313B1A3EBB6
:10AC8000C3042144C3EBC303194489B2838C8B42B0
:10AC900000D8591EC184018530BC114603F060BB49
:10ACA00010B5F6F78BF8BDE81040F6F7CFB870B5E1
:10ACB0000020086791F874000C4620F0030081F82A
:10ACC00074004FF440712046FCF7F4F81021204640
:10ACD000FCF7F0F80020F6F777F8502505EBC000F8
:10ACE000B0F5A07F08DB0020F6F76EF805EBC0009A
:10ACF000A02190FBF1F000E0012001B22046BDE868
:10AD00007040FEF7D7BF00002DE9F34F83B0FE4837
:10AD10000499FCF7E0FC012852D10498F8F725FECD
:10AD200005460498F8F75FFE044600F047FA064629
:10AD3000112D17D0012D46D0022D78D0082D77D0B7
:10AD4000032DFCD00E2D74D0292D73D0132D72D06D
:10AD50000D2D71D0152D33D1049805B0BDE8F04FFD
:10AD6000EDF714B90498F8F73CFE0546A06810B159
:10AD7000B0F9147000E0002704F168016846F4F7A8
:10AD80007DFD3A4611466846F4F7C8FD0022684644
:10AD90002968E7F789FE2871002811D1022E0FD10A
:10ADA00004F160016846F4F769FD3A4611466846C9
:10ADB000F4F7B4FD002268462968E7F775FE2871AC
:10ADC00005B0BDE8F08F2046FEF78FF894F87400C8
:10ADD00040F0010184F874109EB1012E11D0022EB2
:10ADE000EED1FAF7E9F86946FAF7FCF82046FDF7E4
:10ADF00081FD05462046FCF754FD854204DB012514
:10AE000003E004F124003BE0002500212046FDF78B
:10AE10005BFAA5B30128BDF900000ED0B4F96C109F
:10AE20008842EEDCB4F96010884241DB0DE062E05C
:10AE3000D6E008E115E11AE189E1B4F96810884229
:10AE4000DFDBB4F96410884232DCB4F96410B4F981
:10AE50006000091A01EBD17100EB6102BDF900003D
:10AE6000111A002900DC811A0BB2B4F96C20B4F974
:10AE70006810521A02EBD27201EB62022EE00DE072
:10AE800020679DE708B298422DDA04F1240044F8C7
:10AE9000700F207920F00200207191E7BDF90200C7
:10AEA000B4F96A209042ACDBB4F96610884202DD46
:10AEB00004F13000E4E7B4F96230C91A01EBD17152
:10AEC00003EB6103191A002900DCC11A0BB2B4F9B3
:10AED0006E10891A01EBD17102EB6102111A00297F
:10AEE000D0DC811ACEE704F1300044F8700F2079ED
:10AEF00040F00200D0E7206F0028C2D0FAF75CF8DB
:10AF00000546FAF79AF80128BBD169462846FAF7B0
:10AF100069F800212046FDF7D7F982462046FDF763
:10AF2000E9FC06462046FCF7BCFC0546002120460D
:10AF3000FDF7FFFA804600212046FDF740FB07465B
:10AF400000212046FDF796FB814600212046FDF7B3
:10AF50009CFA0246D4E90A010B1AAE421FDBA6EBAB
:10AF60000802D21B15B2BAF1010F11D0B4F9147056
:10AF7000BDF9006007EB0802B21A5A4392FBF5F2E2
:10AF8000236F04F130050244AB4214D1616A13E02F
:10AF9000B4F91820BDF90060D21B921BEDE7AE1A80
:10AFA000A6EB0905B4F91A70BDF902603A44B21A69
:10AFB0002DB25242E1E7206B824201DA024602E002
:10AFC0008A4200DD0A461868904296D020461A60F0
:10AFD000FDF78BFF00221C212046F8F709FDEFE664
:10AFE00094F8740020F0010184F8741000212046C8
:10AFF0002167FDF77AFF2046FCF74EFC0546F9F77E
:10B000002BFA0646F9F7D8FFFAF717F80428E6D125
:10B01000002EE4D0204600F0D1F802280CD194F89C
:10B020007400810704D440F0020084F87400C7E67D
:10B0300020F0020084F8740005B02846BDE8F04F07
:10B040000021F9F784BAF9F7B7FFF9F7F6FF0428FA
:10B0500001D00228C3D114F8740F20F00200207030
:10B06000AEE605B02046BDE8F04FFEF76FBB4FF4EB
:10B07000403739462046FDF75CFA8146394620467E
:10B08000FDF79DFA804639462046FDF7F3FA06465D
:10B0900039462046FDF7F9F90546204643F60E02EB
:10B0A0003946FDF703FB00B2009039462046FDF714
:10B0B000F0FB824639462046FDF7DDFB83462046FD
:10B0C000FDF718FC00EB4A072046FCF7EAFB00EB13
:10B0D0004B008742204604DAFDF70CFC00EB4A00E7
:10B0E00003E0FCF7DEFB00EB4B000099401010FB87
:10B0F00001F040F30F2049464246C14500DC1146AD
:10B10000B54203DD2A4602E0C0B20208324691424F
:10B1100007DD49464246C14501DD0D4604E01546BE
:10B1200002E0B54200DC354605444FF4403120468C
:10B13000AD1CFBF78FFD284404B20498F8F751FCCE
:10B14000B0F90010A14200DD0C46048038E60498F6
:10B15000F8F747FC0078132812D0112810D01428D3
:10B1600001D01228F2D194F874008007204616D43A
:10B17000F4F712FD411E01222046F4F740FD15E0D0
:10B1800094F874008007204604D4F4F705FD0122EA
:10B19000411CF1E7F4F7F1FC0122411C03E0F4F754
:10B1A000ECFC411E01222046F4F704FD05B02046C8
:10B1B000BDE8F04F00221C21F8F71ABC10B5F4F7D7
:10B1C000D7FC012802D0022800D0002010BD0000CA
:10B1D0000FB40A4608B505A9009101460348049B2F
:10B1E000E9F740FC01B05DF814FB000029430008BA
:10B1F00030B50C4691B002212046FBF75BFE684655
:10B20000F3F71EFE1548CDE900404FF6FF70ADF88C
:10B210003C00134801680A914268079202F5B47035
:10B22000CDE908206846F3F77FFE0E48069000201F
:10B230004FF4B475CDE9080507900B4801906846B6
:10B24000F3F772FE2A4600212046F4F7CEF94FF4B8
:10B2500087712046F4F77AFA11B030BDE951000841
:10B26000A801002075EE0008EF510008F0B58488B1
:10B270004FF0010623040BD5006804E08B4201D196
:10B28000406815E008300388002BF7D10020F0BD9E
:10B29000C379002BFAD0012B11D90468002004EBEC
:10B2A000830509E035F810708F4204D154F820006E
:10B2B00010603046F0BD401C8342F3D8E6E7C4F38B
:10B2C0000E038B42E2D1006810600120F0BD08211E
:10B2D000FBF70AB9C07908B1002070470120704718
:10B2E0001CB50022FF214E2864D01EDC332863D019
:10B2F0000EDC29285ED006DC202849D022284BD03D
:10B3000025283FD156E0302846D031283AD151E0A7
:10B3100046284FD004DC3B283ED0442832D13BE0C5
:10B32000472839D04D282DD136E040F63C04A0F610
:10B330003C03A0423ED010DC40F25744A0F25743F9
:10B34000A04229D004DC522826D053281AD131E05B
:10B35000012B2FD00B2B15D12CE040F2CA74A3F295
:10B36000CA70A3422DD004DC092B23D0C31C09D101
:10B3700027E0A0F58060533821D0A0F2B530B0F5B9
:10B38000005F02D0009200981CBD4FF4807014E062
:10B39000FF221146104602E0002211461046F5F742
:10B3A00057FB0190BDF804000190BDF80400ADF812
:10B3B0000000E8E70091E6E70F200090E3E702488D
:10B3C000FBE741F6FF70F8E774AF0208024908880E
:10B3D000401C80B208807047000200202DE9F04137
:10B3E000828804460F46100459D4E079002851D0D1
:10B3F000012804D02668002106EB80054DE0C2F349
:10B400000E0088424BD1D00BC003A0800020E07119
:10B410003FE000BF35F81130BB423DD1022811D0CA
:10B42000401E00EB40004000FAF78AFE010036D0D3
:10B430002160E079401EC0B2E07101EB8003002082
:10B4400002461FE00120E071002907D0B5F8000096
:10B4500060F30E02A28003D1706802E06888F7E70B
:10B460003068206012E000BF35F810C0BC4508D03D
:10B4700056F820E041F822E035F810C023F812C059
:10B48000521C401C94F807C08445EDD23046FAF7B0
:10B49000E1FE0120BDE8F081491C8842BAD80020B5
:10B4A000F8E710B50446808800040BD4E079012841
:10B4B00002D92068FAF7CEFE2046BDE810400821E8
:10B4C000FBF712B810BD0A46652100F0C3B803B4FB
:10B4D00082B0BDF80C10ADF80010009A522104B0F3
:10B4E00000F0B8B80A46512100F0B4B80A464FF44B
:10B4F000056100F0AFB803B482B0BDF80C10ADF830
:10B500000010009A202104B000F0A4B80A462121BE
:10B5100000F0A0B803B482B0BDF80C10ADF8001074
:10B52000009A302104B000F095B80A46342100F0AA
:10B5300091B80A46332100F08DB80A4641F2320133
:10B5400000F088B80A46612100F084B80A466321F9
:10B5500000F080B80A46642100F07CB80A4641F247
:10B56000040100F077B803B482B0BDF80C10ADF858
:10B570000010009A4D2104B000F06CB80A4640F665
:10B58000490100F067B80A4641F2060100F062B8CE
:10B5900003B482B0BDF80C10ADF80010009A3B2146
:10B5A00004B000F057B80A4640F63C0100F052B82B
:10B5B0000A4640F63D0100F04DB80A4640F63A0111
:10B5C00000F048B870B50C46054600F02EF821464C
:10B5D000284600F02FF82146284600F035F821468D
:10B5E0002846BDE87040AFF300800A4641F61101DD
:10B5F00000F030B80A4641F6150100F02BB870B5DE
:10B600000C46054600F01BF821462846BDE8704070
:10B61000FFF7F0BF70B50C46054600F006F821466E
:10B620002846BDE8704000F005B80A4641F6120110
:10B6300000F010B80A4641F6130100F00BB80A46B4
:10B6400041F6140100F006B80A4641F6100100F078
:10B6500001B800002DE9F041044680880E4601043F
:10B6600010D4E17901271546012935D92268084609
:10B6700002EB810308E000BF33F810C0B44503D1EA
:10B6800042F82050BDE8F081401EF5D5491C01EB81
:10B69000410041001046FAF721FE0100F2D021607E
:10B6A000E07901EB800205E002EB400C32F810304B
:10B6B000ACF80430401EF7D5E079401CC2B201EB73
:10B6C000820000EB4200E27120F8026CE07901EBAD
:10B6D000800040F8045C20E01AD1C0F30E00B042B4
:10B6E00001D12260CEE70C20FAF72AFD0028C9D04C
:10B6F00022682060E179491CC9B2E171A38800EB9E
:10B700008101C3F30E030B804E80C0E9002504E0E5
:10B71000E77166F30E00A08022603046E8F79DFBDB
:10B72000A17987403943A171ACE70A466021FFF750
:10B7300091BF03B482B0BDF80C10ADF80010009AB0
:10B74000442104B0FFF786BF0A4640F64201FFF7E6
:10B7500081BF0A4640F64501FFF77CBF0A464FF419
:10B760000461FFF777BF70B50C46054600F02AF874
:10B7700021462846BDE87040FFF7F0BE0A4641F278
:10B780005D41FFF767BF03B482B0BDF80C10ADF8A0
:10B790000010009A40F2574104B0FFF75BBF0A4621
:10B7A00041F25B41FFF756BF0A4640F60B01FFF737
:10B7B00051BF0A4640F60A01FFF74CBF0A4667210F
:10B7C000FFF748BF0A4641F20101FFF743BF0000FF
:10B7D0002DE9F0470F46DDE908891E461546044667
:10B7E0001421FAF781FE276005B9044DC4F80490CE
:10B7F000083484E86001BDE8F0870000DBEE000853
:10B800004162FDF772BB00684FF0FF314162FDF706
:10B810006CBB10B54FF0FF300C464862102120463B
:10B82000FBF748FB08212046FAF780FF2046BDE8D9
:10B8300010404FF48061FAF779BF08460021F3F712
:10B84000BBBA00002DE9F04789463548FBF743FFB6
:10B8500001285CD14846F8F788F804464846F8F7CE
:10B86000C2F88046132C08D01C2C52D0152C4ED177
:10B870004846BDE8F047EDF75CBE4FF44035294639
:10B88000FCF75EFE074629464046FCF79FFE06464B
:10B8900029464046FCF7F5FE044629464046FCF79B
:10B8A000FBFDB74201DD394600E03146A04201DD33
:10B8B000024600E02246914205DDB74201DD3846EE
:10B8C00004E0304602E0A04200DC2046841C294609
:10B8D0004046FBF7BFF9204405B24846F8F781F827
:10B8E0000446B0F90000A84200DD054625804FF46B
:10B8F000003529464046FBF7ADF90146B4F9000092
:10B90000814203DB29464046FBF7A4F92080BDE8CD
:10B91000F08700F007F84046BDE8F047FDF7E5BACC
:10B92000DCB20208F0B591B0064600216522FCF7B2
:10B93000BDFE07002DD03046FCF788FC746A00F08D
:10B940000100611C4FF4807501D038B905E008B1E1
:10B95000002403E02C46002503E00025601B00289E
:10B9600001DD601B00E0281B7843070A00213046F8
:10B97000F3F722FA6846F3F763FA074808A9CDE916
:10B98000006006480390079481E8B0006846F3F72A
:10B99000CBFA11B0F0BD000001B8010807B80108EA
:10B9A00010B501208884C8840C460220FAF7C8FB31
:10B9B0002063E08C4000FAF7C3FBE062216B822039
:10B9C0000880E16A0880E08CA18C48438100A06A6D
:10B9D000FAF784FC0021A062016010BD70B500255B
:10B9E0000C462E460AE000BF50F8250020B1FAF7B9
:10B9F00031FCA06A40F825606D1CADB2A08CE18CD2
:10BA00004843A842A06AEFDC08B1FAF723FCE06AD9
:10BA100008B1FAF71FFC206B002803D0BDE8704086
:10BA2000FAF718BC70BD00002DE9FC410F466B48C9
:10BA3000FBF751FE012843D13846F7F796FF05463C
:10BA40003846F7F7D0FF04462A2D14D02C2D17D0F6
:10BA5000012D37D0022D35D04FF6FF76082D49D075
:10BA60000E2D66D00D2D68D0152D29D13846BDE894
:10BA7000FC41EDF70FBEBDE8FC41002102F0FABC2D
:10BA80003846F7F7AEFF034600200146A28C05E0DA
:10BA9000256B35F81150491C284400B28A42F7D86A
:10BAA00000210A46E58C05E0E66A36F81260521C71
:10BAB000314409B29542F7D8401E1880491E59807A
:10BAC000BDE8FC8101AA6946F1F7BFFA0128F7D168
:10BAD000A18EBDF80400814204D1E18EBDF80020A2
:10BAE0009142EDD0A086BDF800102046E186FDF71A
:10BAF000FCF9E5E7FDF7F9F9F9F75EFAF9F791FADC
:10BB0000A18EB1420AD0E18EB14207D030B90022F5
:10BB10001C212046F7F76CFF0128D1D1F9F74CFA28
:10BB2000F9F78BFA012801D00328C9D1A686E68649
:10BB3000C6E7BDE8FC41FDF7D8B93846F7F751FF35
:10BB4000A18E0568E08E0F468446B14201D0B04216
:10BB500004D10020A086E0862046EAE7A38C8B4231
:10BB600000DC0021E28C824200DC0020142D0ED08B
:10BB7000132D0ED0112D0ED0122DA1D1401C8B42B1
:10BB80000DDC511E814208DD0021401C0EE0491EE3
:10BB9000F5E7491CF3E7401EF1E7591E06E00029CE
:10BBA00004DA10B1591E401E00E00021824201DC7F
:10BBB000501E02E0002800DA00208F4201D18445A7
:10BBC00097D0A186E0862046FDF78FF902B0204687
:10BBD000BDE8F04100221C21F7F70ABFF8B20208C5
:10BBE00073B592B0044613981090002010AD1190D8
:10BBF00029462046F2F706FC012862D194F85C0041
:10BC0000000704D513980A285BD00D2859D0304A74
:10BC1000002113A81268904701462046E9F7CAFFA1
:10BC200000284ED094F85C00400702D5204602F070
:10BC300029FAA06A38B1606AF9F702FE007810B9F3
:10BC40002046FDF752F92A46216C606AF9F7FEFD9D
:10BC5000204600F0D3F894F85C00400727D5E06A4E
:10BC6000E4F771FB06462846E4F76DFB3118491CE2
:10BC7000E06AFAF733FBE06228B32A46216CE8F762
:10BC8000B7F9208F00B36846F3F7DAF811480121BD
:10BC9000CDE90040208F0A9000200790CDE90801EF
:10BCA0000D4806900D4803906846F3F73DF9216C66
:10BCB0002046491C00F062FA00221C212046F7F7BA
:10BCC00097FE14B070BDFEE7204602F0DBF9EEE708
:10BCD0001C02002019E10108FFEE00081BE1010829
:10BCE000F0B591B00D00044609D094F85C0040070F
:10BCF00002D5204602F0C6F9206B18B900E0FEE735
:10BD0000606BA0B10020374E374F009009E03268D9
:10BD10006946284690473968884701462046FFF71C
:10BD20005FFF0098285C0028F1D111B0F0BD2946D2
:10BD30002046F2F767FB0128F7D1A06A38B1606AA4
:10BD4000F9F77EFD007810B92046FDF7CEF82A46B7
:10BD5000216C606AF9F77AFD204600F04FF894F8FC
:10BD60005C00400727D5E06AE4F7EDFA064628466E
:10BD7000E4F7E9FA3118491CE06AFAF7AFFAE06231
:10BD800050B32A46216CE8F733F9208F28B3684670
:10BD9000F3F756F815480121CDE90040208F0A90AD
:10BDA00000200790CDE90801114806901148039042
:10BDB0006846F3F7B9F810492846266C09688847A1
:10BDC0003118204600F0DAF911B02046BDE8F04005
:10BDD00000221C21F7F70CBEFEE7204602F052F9C4
:10BDE000E9E700001C0200202402002019E10108FC
:10BDF000FFEE00081BE101083002002070B5044688
:10BE0000406AF9F721FD4FF6FF75A84204D1606A38
:10BE1000F9F718FDA84209D02946606AFAF744F9F3
:10BE20002946606ABDE87040FAF73BB970BD000072
:10BE300010B591F85C000C4620F0040081F85C001D
:10BE40000020C86240F2DC5121872063606394F8CF
:10BE5000501041F0010184F850100121216494F840
:10BE6000501041F0020184F85010A08794F85C1043
:10BE700021F00A0184F85C106062A0622046F9F7A4
:10BE800047FA60626420FEF723FA0146606AFEF713
:10BE900079F90CA1606AFAF7A5F800231A460A4955
:10BEA000606AFAF705FC4FF480612046FAF73EFC21
:10BEB0000021204600F062F92046BDE8104003F062
:10BEC0000BB80000000000006DE9000838B504461A
:10BED000016C406A6A46F9F7CDFB00212046FCF769
:10BEE000BCFC054600212046FCF789FC0089BDF812
:10BEF00002106D1C08442844ADF80200A08FADF874
:10BF00000000606AFBF7CDFCBDF90210884209DD34
:10BF10006946606AF9F7AEFA01462046A58F00F03F
:10BF20002DF9A58738BD016C002902D0491E00F00B
:10BF300025B97047016C491C00F020B938B504469A
:10BF4000016C406A6A46F9F795FB00212046FCF730
:10BF500084FC054600212046FCF751FC0189BDF810
:10BF600002002944401A401CADF80200A08FADF831
:10BF700000006946606AF9F77DFA0146A58F204600
:10BF800000F0FCF8A58738BD38B50446006C0028E1
:10BF90003FD021A06946006800902046F2F732FAAF
:10BFA000012836D1606AF9F74BFC216C0546012265
:10BFB000491EE7F767FF2946606AFAF713F820463B
:10BFC000FFF71CFFA06A38B1606AF9F739FC007806
:10BFD00010B92046FCF789FF94F85C0040070ED5A5
:10BFE000216C0122491EE06AE7F74CFFE06AE4F7A2
:10BFF000AAF9411CE06AFAF771F9E06250B1216CCC
:10C000002046491E00F0BAF800221C212046F7F70E
:10C01000EFFC38BDFEE700007F00000070B5056C46
:10C020000446691C00F0AAF8206CA84204D02046FF
:10C03000BDE87040FFF7A8BF70BD70B5C86A0C4678
:10C04000002510B1FAF706F9E562A06A002802D0CF
:10C05000FAF700F9A56270BD70B50E463F48FBF7D0
:10C060003AFB012878D13046F7F77FFC044630468A
:10C07000F7F7B9FC05460E2C12D00D2C14D0012C6C
:10C0800060D0022C5ED0032C5CD0082C5AD0152C2A
:10C090005DD0182C60D13046BDE87040EBF76EBC27
:10C0A000BDE8704002F018BF3046F7F79AFC01680F
:10C0B000132910D0142913D0112916D0122919D000
:10C0C00008291CD07F291FD0022922D0032922D081
:10C0D0000A2927D031E02846BDE87040FFF72ABF83
:10C0E0002846BDE87040FFF71EBF2846BDE87040F7
:10C0F000FFF724BF2846BDE87040FFF7E7BE28469B
:10C10000BDE87040FFF740BF2846BDE87040FFF72C
:10C1100085BF002101E047F6FF712846BDE8704069
:10C1200000F02CB8284600F01BF830B12846BDE8D6
:10C13000704000221F21F7F75BBC2846BDE8704025
:10C14000FFF74EBD3046BDE8704004F07FBA304680
:10C15000BDE87040EDF7A6BE70BD000014B3020844
:10C1600090F85C00C0F3C000704790F85C1049077D
:10C1700002D4406AF9F764BBC06A7047F8B5054657
:10C18000006C0C46A04266D0686AF9F759FB324948
:10C1900009688847002C00DA0444844203DCA4F5D3
:10C1A000FE41FF3900D1044628462C64FEF734F8DE
:10C1B00000212846FCF723FB06466A462146686AAA
:10C1C000F9F758FAB6F908402846FBF7DDFCBDF947
:10C1D0000210884203DD01222846FDF731FD284682
:10C1E000FBF7F3FA06462846FBF7CEFCBDF9021032
:10C1F0000A19101AB04206DD881B204401B2012240
:10C200002846FDF71DFD2846FBF7F2FBBDF900109F
:10C21000884203DD01222846FDF7FCFC2846FBF797
:10C22000EEFA06462846FBF7E3FBBDF900100A19B3
:10C23000101AB04206DD881B204401B201222846B4
:10C24000FDF7E8FCBDF800102846A98702F044FE7F
:10C25000284601F07BFFF8BD3002002070B504468F
:10C2600000F081F805000AD02046054A0021FDF7BC
:10C270000FFB21462846BDE87040E8F7A5BF70BD1A
:10C28000FFFF0F0000B500F059F8002800D001486A
:10C2900000BD00003CB600202DE9FF479946074647
:10C2A0000C9E00F04BF8214D40B9002028704FF44F
:10C2B000B070F9F745FF1E490860E860F4F77EFDAD
:10C2C000F4F794FD4FF00108B0F5A07F01DC0320E6
:10C2D00007E0F4F773FDF4F789FDB0F5347F02DA77
:10C2E0000220687001E085F80180124CA4F128005A
:10C2F000E760BDF804100187BDF80810418766614A
:10C300000D48A6612060C4E9076902F015FE27B157
:10C310003846F4F7ABFDA04202D10020FDF736FB12
:10C3200085F8008004B00348BDE8F08734010020A0
:10C33000EC0100203CB60020F5FB01080248006833
:10C34000002800D001207047EC01002008B500F063
:10C350000AF808B1006902E01120FDF7A9FF00907A
:10C36000BDF8000008BD10B510B1FBF769FA01E097
:10C37000F4F724FDBDE81040F4F778BD10B504468D
:10C3800000F002F8001B10BD0349012248680A7042
:10C390000B78002BFBD07047D0010020034900220E
:10C3A0000A704A681044486070470000D0010020BD
:10C3B0002DE9F041074615460E460B48E7F702FB0C
:10C3C000040010D0A7604FF0FF30266020610020ED
:10C3D0006061FFF7D9FFE5600449606001200871E2
:10C3E0002046BDE8F081FEE760B600200402002090
:10C3F00010B5044601460548E7F729FB044901202A
:10C40000C8702046BDE81040F9F724BF60B6002090
:10C41000040200202DE9F047494CA07810B101201A
:10C42000BDE8F0870120A0702078002628B1FFF732
:10C43000ABFF5FEA000902D007E0A670EFE72069D2
:10C44000401C2061642800D926613E4D4FEA060851
:10C4500084F8038084F804803B48E7F78EFA28606C
:10C4600037E03948E7F79BFA2E680746307DC0076A
:10C470002ED18246304600F078F888B93069B0F1A4
:10C48000000A01DD401E3061FFF77EFF7060B16879
:10C4900021B1BAF1000F01D0304688474FF0010AB0
:10C4A000E07820B9306910B93046FFF7A1FFBAF142
:10C4B000000F0DD02079E178084309D028680028C2
:10C4C000C6D100BF4FF0FF351F48E7F756FA11E01D
:10C4D0002F6029680029C4D1F4E7307DC00705D159
:10C4E000304600F042F8A84200D2054631461648D0
:10C4F000E7F755FA0600F0D14846FFF73FFFE1683D
:10C500000844E060A068FFF739FFB0F5FA7F13D365
:10C51000E16864225143B1FBF0F0C0B2607064285E
:10C5200001D9002001E0C0F1640060702646C4F823
:10C530000C80FFF729FFB06084F8028028466FE77F
:10C5400004020020E801002060B6002001214161C2
:10C55000704710B50446FFF717FF2168401A401EC8
:10C56000606010BD00214161704710B5044640680D
:10C57000FFF704FF2168814201D8002010BD081A8E
:10C5800010BD70B50346083A0C4602F00300111ABC
:10C59000A00705D1A1F10C004FF6F572904201D32E
:10C5A000002070BD2078251F00F00300084320F014
:10C5B000020040F00101216029461846E8F735FEE7
:10C5C0002846E8F767FE017902214160204670BDE8
:10C5D00070B5810701D0002070BD00238060C0E9E4
:10C5E0000303194600EB810200EBC11453610022E2
:10C5F00004EB8206521CF063202AF9DB491C0A294D
:10C60000F0DB70BD70B50C460546FFF7E1FF06464E
:10C61000A4F23C5205F23C51FFF7B3FF304670BD27
:10C6200070B5002926D00839064608790C46C0079F
:10C6300000D0FEE70846E8F783FE217930468907F7
:10C640000CD52568A5B12979C90712D02946E8F784
:10C65000DFFE21462846E8F7CDFD04462146304658
:10C66000E8F788FE01463046BDE87040E8F7DDBDDA
:10C67000FEE7FEE770BD00F23C50704770B50A4619
:10C68000054604211046E8F717FC044601462846F3
:10C69000E8F706FE014622462846BDE87040E8F766
:10C6A0008FBE2DE9F05F90460C0081464FF00005EB
:10C6B0001FD0B8F1000F18D0A4F108052846E8F7FC
:10C6C00074FE82466868042120F00307DAF804004B
:10C6D00020F00300384400F1040B4046E8F7ECFB7F
:10C6E00006462879C00709D0FEE74846FFF798FFBD
:10C6F00041E01146FFF7C2FF05463CE0BE4216D9B5
:10C700009AF80400C00701D05E4510D9414648465A
:10C71000FFF7B4FF05002ED04046474500D307463B
:10C720003A4621462846F9F701FE2146DDE7BE429A
:10C7300006D929464846E8F71DFE2846E8F70DFECB
:10C7400028794F46C00700D0FEE731462846E8F773
:10C7500062FD78B131462846E8F76BFE0146406835
:10C7600020F0020048603846E8F704FE01463846EB
:10C77000E8F75BFD25462846BDE8F09F70B51646F4
:10C7800001B90D49001F0D460DE000BF10F0010F6B
:10C790000FD0002220F0030104F108003346A8471F
:10C7A0002046E8F702FE040002D060688108EDD15F
:10C7B00070BD0122EEE700006D6600085A3000B23D
:10C7C000AFF300804FF4B47190FBF1F201FB120063
:10C7D000002802DA00F5B47000B20E495A2802DAD5
:10C7E00031F910007047A0F15A025A2A03D2C0F161
:10C7F000B40000B2F4E7A0F1B4025A2A01D210B298
:10C8000002E0C0F5B47000B231F81000404200B24E
:10C81000704700000CB102082DE9FF4F83B05FEABA
:10C820000009119F7BD099F80000002877D0049868
:10C83000002871D01098800702D541F6FF7006904D
:10C8400000243F4A009401945268A3462546264698
:10C850004FF0FF386946484690478246009801905D
:10C8600050E0374A01A948465268904783461098DD
:10C87000761CC00704D051461298E7F7E3FB98BB3B
:10C880005A4651460498F7F7A0FA00B229180DB29B
:10C89000002802DD0598284405B2B8F1FF3F05D114
:10C8A0000598291A0698814200DDA0465046BAF143
:10C8B0000A0F1AD0BAF10D0F17D00146A0F59C400F
:10C8C00045F2A512904210D9002005E01DA2125C8D
:10C8D0008A420AD0401CC0B21AA2125C002AF5D1CA
:10C8E00017B1B8F1FF3F08D008E024B9B8F1FF3F15
:10C8F00001D107B13D60761E08E03D60DDE90040F2
:10C90000DA46009019F804000028AAD1B8F1FF3FD8
:10C9100006D0139870B1404607B0BDE8F08F0CE028
:10C920002EB1BAF10D0F03D1BBF10A0F00D1009C5B
:10C930002046F1E70FB1002038600020ECE700004E
:10C9400018020020202C2E3B3A2D5F002DE9FF4FCE
:10C9500083B004464FF00000DDF848A0DDF84090B9
:10C96000208093460F00608049D0BBF1000F46D075
:10C970005FEA8A7002D541F6FF7011900025A84643
:10C98000BBF8086025E00020CDE9000A7819029084
:10C990005946119B069AE7F7ADFA8044B4F90200B4
:10C9A00006EB09010144B1F5004F28D23044484458
:10C9B0006080A8EB0501CDF800A05A46069B0298BE
:10C9C00000F022F8B4F90010814200DB0846208014
:10C9D0004546785D0028D6D15DB1781910F8010C74
:10C9E0000A2801D00D2804D1618806EB090008440B
:10C9F0006080B4F9020028B1A0EB0900608007B0A4
:10CA0000BDE8F08F6680FAE72DE9FF471E46DDF8A6
:10CA1000309090460D4607000CD0B8F1000F09D0B9
:10CA20003878002807D00020044602908DF80C00CA
:10CA3000EDB923E0002004B0BDE8F08702AB01AA05
:10CA400069463846E7F73EFA5FEAC97004D003A8A2
:10CA50000099E7F7F7FA50B9DDE900124046F7F719
:10CA6000B4F900B2002802DD2044304404B2029838
:10CA7000A842E3D3002C01DDA01B04B22046DAE774
:10CA800010B50146802825D3002301F03F0242F073
:10CA90008002B1F5006F0AD2C0F3841141F0C001E9
:10CAA00061F3070062F30F2063F3174010E0C1F356
:10CAB000851444F08004B1F5803F0CD2C0F30331FB
:10CAC00041F0E00161F3070064F30F2062F31740C7
:10CAD00063F31F6010BDB1F5881FFBD2C1F3824321
:10CAE00043F0F003C1F3053163F3070041F0800127
:10CAF00061F30F2064F3174062F31F6010BD000064
:10CB00002DE9F04100240F4606462546DFF8248033
:10CB100007E0D8F800103019884700B90120044414
:10CB20006D1CBD4202D2305D0028F2D12046BDE826
:10CB3000F081000018020020F8B5074600200D46DD
:10CB40000446064E009004E07268694638469047F5
:10CB5000641C0098A842F7D32046F8BD18020020B4
:10CB6000F8B500240546074E009404E07268694653
:10CB700028469047641C0098285C0028F6D120467F
:10CB8000F8BD00001802002078B500250446009585
:10CB900001B969460A68A05C030601D4054634E081
:10CBA00006260223B6EB501F06D1C006400D24E036
:10CBB00004F03F031D1828E00E26B6EB101F02D12B
:10CBC0000007000C0FE01E26B6EBD00F1DD1521C43
:10CBD0000A604007A55CC00AB3EB951F13D105F0AE
:10CBE0003F0500EB0530521C0A60A55CB3EB951FB6
:10CBF00009D105F03F0500EB8510521C0A60A45CCA
:10CC0000B3EB941FD4D0002078BD521C28460A6094
:10CC100078BD0000F8B5074608680025401E0C46A0
:10CC20000D4E086001E0042D13D2206831683844AD
:10CC3000884718B9216861B1491E21606D1CEDB2A9
:10CC40000028F0D020680090726869463846904706
:10CC5000F8BD0020F8BD0000180200200078010691
:10CC600001D4012070470621B1EB501F01D10220F1
:10CC700070470E21B1EB101F01D1032070471E2118
:10CC8000B1EBD00F01D104207047002070470000A5
:10CC900008B5009313460A4601460248E7F7E2FE4C
:10CCA00008BD0000294300080EB5E3F7B3FEE4F722
:10CCB00071FAE4F71BFDE4F7EBFCE5F76DFBE5F734
:10CCC00069F8E5F771F8A820E9F7D2FCE3F7F4FD7D
:10CCD000E3F74EFE6420E9F7F1FCE4F731FB4FF493
:10CCE0007A742046E9F7EAFC4FF6FF704FF48C7631
:10CCF000002100903346F0220846E4F7B3FA3220D0
:10CD0000E9F7DCFC1420E4F7F5FB18204FF4784138
:10CD1000CDE9001000251F2312A20295782148209A
:10CD2000E4F774FC2046E9F7C9FC00213346F02201
:10CD300008460095E4F796FAF8F788FAFDF7ECFA5A
:10CD4000FDF70EFB6420E9F7B9FC00F085FCE5F780
:10CD50001FF803F021FF00BFE4F7E4FC2046E9F7E9
:10CD6000ADFCF9E757656C636F6D6521000000004D
:10CD700070B50D4606468022F3F7AFFA04468021CF
:10CD80003046F2F7ECFF002C06D029463046BDE8CD
:10CD900070408022F3F7ADBA70BD00002DE9FF4F5F
:10CDA00098468A880B8883B0D21A521C16B2CA8859
:10CDB00049888146511A491C1498DDF848B00FB2D1
:10CDC00001280AD002280AD003282FD1314D00BFF4
:10CDD0005FEA0B0027D0002058E02F4DF8E72F4DD9
:10CDE000F6E7002415E000BF09EB440B119ABBF8ED
:10CDF0000000ADF8040008EB44000088ADF8000026
:10CE0000DDE90001A8470090BDF80010ABF8001064
:10CE1000641CB442E8DB05990AF1010009EB410901
:10CE2000109908EB41088246B842DADB07B0BDE84A
:10CE3000F08F00241EE000BF1BF80400C8B1FD28DD
:10CE400001D3119A02E011994843020A09EB440008
:10CE500001900088ADF8080008EB440002990088B2
:10CE6000ADF800000098A84700900198BDF80010A8
:10CE70000180641CB442DFDB05990AF1010009EB73
:10CE80004109109908EB410813998B448246B84236
:10CE9000CFDBCBE72B630008B76200089163000883
:10CEA0002DE9FF4F06468A8808888BB0101A401C6F
:10CEB00007B2CA884888DDE919BA101A401C0FFA6F
:10CEC00080F85FEA0A001D46584605D0FD287CD947
:10CED000A7F1040B002027E1FD2813D300247F00D5
:10CEE0000BE03A4629463046F9F720FA0D98641CC3
:10CEF00006EB4006189805EB40054445F1DB0FB002
:10CF0000BDE8F08F002021E0002415E006EB440A84
:10CF10005A46BAF80000ADF8180005EB4400008846
:10CF2000ADF81400DDE90501F3F7AAFD0590BDF8A1
:10CF30001410AAF80010641CBC42E7DB0D9806EB45
:10CF40004006189805EB400509F10100814640456F
:10CF5000DADBD4E7D14600241CE000BF99F80020BA
:10CF6000AAB1FF2A06EB44001AD009900088ADF858
:10CF7000200005EB44000088ADF81C00DDE9070146
:10CF8000F3F77EFD0690BDF818100998018009F1AD
:10CF90000109641CBC427CDA5FEA8970DED178E06A
:10CFA00005EB44010988F1E7D9F80000F0B3401C13
:10CFB00074D099F80020BAB1FF2A06EB44007AD069
:10CFC00009900088ADF8200000E0B6E005EB4400D1
:10CFD0000088ADF81C00DDE90701F3F751FD06906C
:10CFE000BDF818100998018009F10100059099F821
:10CFF0000120AAB1FF2A06EB440060D009904088C6
:10D00000ADF8200005EB44004088ADF81C00DDE9D8
:10D010000701F3F735FD0690BDF818100998418017
:10D020000598401C05900278BAB100E02EE0FF2A76
:10D0300006EB440047D009908088ADF8200005EB4E
:10D0400044008088ADF81C00DDE90701F3F718FD06
:10D050000690BDF818100998818005984278AAB109
:10D06000FF2A06EB440032D00590C088ADF82000BE
:10D0700005EB4400C088ADF81C00DDE90701F3F7BB
:10D08000FFFC0690BDF818100598C18009F104094D
:10D09000241D5C4588DB3BE000E00CE005EB440030
:10D0A00006EB440102880A8042884A8082888A808E
:10D0B000C088C880EAE705EB4401098893E705EBDF
:10D0C00044014988ABE705EB44018988C4E705EBD7
:10D0D0004401C988D9E700BF99F80020AAB1FF2A06
:10D0E00006EB440025D009900088ADF8200005EB40
:10D0F00044000088ADF81C00DDE90701F3F7C0FC2F
:10D100000690BDF818100998018009F10109641C06
:10D11000BC42E1DB0D981B9906EB400618988A4447
:10D1200005EB40050198401C01904045FFF612AF09
:10D13000E5E605EB44010988E6E700202DE0002440
:10D140001FE000BF1AF80400D0B1FD2801D35A46F1
:10D1500002E000FB0BF0020A06EB4400039000889B
:10D16000ADF8180005EB44000088ADF81400DDE9C7
:10D170000501F3F785FC05900398BDF814100180B4
:10D18000641CBC42DEDB0D981B9906EB4006189828
:10D190008A4405EB400509F1010081464045CEDB9C
:10D1A000ADE600002DE9FF4F85B09A460C46DDF84C
:10D1B00050B0E6F74BFE0390A0882188401A401C2F
:10D1C00006B2E0886188401A401C0FFA80F8BBF173
:10D1D000000F01D000204BE000271DE0002515E0E6
:10D1E000139802900AEB4500079A0088ADF80400F6
:10D1F0006088384400B2009020880599284403B222
:10D2000003980068D0F81CC0E0476D1CB542E7DB0E
:10D2100012997F1C0AEB410A4745DFDB09B0BDE8E4
:10D22000F08F00251BE000BF1BF80500B0B113997B
:10D230004843000A02900AEB4500079A0088ADF8BF
:10D240000400618801EB090000B200902088059974
:10D25000284403B203980068C769B8476D1CB542FB
:10D26000E2DB159909F101008B4412990AEB410A9E
:10D2700081464045D5DBD1E770B515460E460446DC
:10D28000802805D2E117002004EB9171891006E097
:10D2900003F02AF8411FCC4084F02001801F306049
:10D2A000296070BDFD2902D2022901D800207047F3
:10D2B00010FB01F000EBC01101EBC030C0F3C75010
:10D2C000704700002DE9F041F6F78DFB0746FAF7AD
:10D2D00029FB0646FAF726FB0546F3F7A5F904688D
:10D2E00000213046FAF70DFAB84244F3074008D15E
:10D2F000012801D0401E07E00C2060F31744601E97
:10D300001FE00C2819D0401C60F3174444F3074772
:10D31000A1B20C463A462846F3F788F90121304677
:10D32000FAF7EFF90849224601EB870151F8043C6E
:10D33000BDE8F04105A1F8F78CBE012060F3174469
:10D34000601C60F30F04E1E77001002025642025D4
:10D350007300000070B50546F6F745FB0446284605
:10D36000F6F743FB05462046F6F7D6F8044628466E
:10D37000F3F75AF90088641C62B262F3174081B275
:10D380002846BDE87040F3F751B9000070B50D466E
:10D3900000212846FBF718FF00212846FCF7AEFCC9
:10D3A0000023022219462846FCF78CFC2846F2F797
:10D3B000B3FC0646002228A1FCF78CFE42F2640171
:10D3C0003046FCF7B7FC3046FCF726FF3046FAF74C
:10D3D00068FA044601463046FCF7D4FE00230722D3
:10D3E0001E493046F9F764F904213046F9F762FD29
:10D3F0002846F7F78DFF06460321F8F7B7FD002210
:10D4000002213046FCF7A0FE01213046FCF786FCE5
:10D410002846F2F781FC0646002211A1FCF75AFECD
:10D42000224611463046FCF73EFD002307220B49F9
:10D430003046F9F73DF904213046F9F73BFD00236A
:10D440001C2208492846F9F733F92846BDE8704000
:10D4500000221C21F6F7CCBAEF819300C5D2010857
:10D46000EF819400950C02082DE9F0410F46084623
:10D47000FAF758FA044600213846FBF7A5FE0021CA
:10D480003846FCF73BFC3846F5F7A4FF164D064638
:10D490006968F6F7CFF923461C2214493046F9F79C
:10D4A00007F901213046FCF739FC3846F5F792FFC1
:10D4B00006462968F6F7BEF923461C220C49304679
:10D4C000F9F7F6F801213046FCF728FC00231C226E
:10D4D00008493846F9F7ECF83846BDE8F041002233
:10D4E0001C21F6F785BA0000A0010020351A0208B9
:10D4F00055D30108D90C020870B5094D0446686877
:10D50000002808D044B12046EFF792FAA9682044D9
:10D51000884200D3002070BD0248006870BD000042
:10D52000F8000020F4010020002902D00068091D45
:10D5300042507047002901D00068425070472DE9E1
:10D54000F041044600222121F6F752FA00287ED04D
:10D5500000212046FAF7D5F810B1FFF7F0FFF7E702
:10D560002046FAF799F906460020F7F72BFD054605
:10D5700000271CE0686AA04202D0A86AA04203D13A
:10D5800021462846F7F7C2FD286BA04200D12F6341
:10D59000286DB04207D1F7F71FFDA04203D1214605
:10D5A0002846F7F7B3FD2846F7F70CFD0546002D92
:10D5B000E0D12046E6F77FFA60680426002820467E
:10D5C00002D0FAF774F929E0FAF73AF90546002093
:10D5D000EA68696A04E052F82030A3420AD0401C8D
:10D5E0008142F8D806E0E96806EB80028A5841F8E3
:10D5F0002020401C696A491E8142F4D8686A401E96
:10D6000081006862E868F8F769FEE8601BE0096875
:10D6100006EB80028A5841F82020401C6168896826
:10D620004A68521E8242F2D8606880684068401E94
:10D63000486061688200896808681146F8F74EFE04
:10D640006168896808602046BDE8F04100E001E0BB
:10D65000F8F700BEBDE8F081EFF3058010B16FF080
:10D66000050070470448016811B14FF0FF30704762
:10D67000012101600020704760000020F0B5002704
:10D68000DDE905458E1A012B05DC03280CD00428A2
:10D690000AD0052808D0891A09B206282AD2DFE85C
:10D6A00000F0290A0320140E2F80208806EBD67183
:10D6B00000EB61001CE02F802088304418E05B1EE6
:10D6C00018B291FBF0F02880F0BD91FBF3F02988AF
:10D6D000084400B22880218800EBD07001EB600084
:10D6E00006E05B1C18B291FBF0F02880218808440A
:10D6F0002080F0BD2F80F0BD2DE9F05F05460C467F
:10D70000501E53B12188A1EB620121800844A08002
:10D71000E88A6080688BE08009E06188A1EB6201A3
:10D7200061800844E080A88A2080288BA0804FF484
:10D73000403631462846FAF7FCFE814631462846F7
:10D74000FAF73DFF824631462846FAF793FF8046B6
:10D7500031462846FAF799FE834631462846FBF7BC
:10D7600098F8074631462846FBF785F80146208899
:10D7700009EB0702801A2080A0880AEB07021044F8
:10D78000A080608808EB0102801A6080E08859441C
:10D790000844E080BDE8F09F70B50446EFF76BFBEE
:10D7A00005001DD0FAF77DF806462046FAF70DF879
:10D7B000864215DD00212846FBF711F80689002175
:10D7C0002846FBF72EF8E18E3044414309B200228F
:10D7D000606AFCF735FA606ABDE87040FBF785BB0C
:10D7E00070BD00002DE9F041134C0F460546E66878
:10D7F0002068001D02F0EAFF681C07D137B12168DC
:10D80000BDE8F0410D48091D03F032B820683544E9
:10D81000B5424560216805D2A06BBDE8F041091D05
:10D8200003F00EB8606B091D03F00AF8A06A854288
:10D8300000D2A562BDE8F08110000020A8070020FA
:10D840002DE9F041054603F01FF82D4CA068401C5F
:10D85000A06020682B4F10B1606930B32BE02560C9
:10D86000A068012827D1002606EB860007EB800080
:10D8700002F0D8FF761C382EF6D3234802F0D2FFF0
:10D880002148143002F0CEFF1F48283002F0CAFFB2
:10D890001D483C3002F0C6FF1B48503002F0C2FF6A
:10D8A000194860631430A06305E02068E96AC06A23
:10D8B000884200D82560606A401C60626864E86A3B
:10D8C0002169884200D9206100EB800007EB8000CD
:10D8D000291D02F0CDFF02F0F7FF606900280CD08F
:10D8E0002068E96AC06A884207D208494FF0805030
:10D8F0000860BFF34F8FBFF36F8FBDE8F08100006A
:10D9000010000020F80200205807002004ED00E07D
:10D9100038B502F0B9FF104C2068C8B90F4802F0C2
:10D9200081FF0E48143002F07DFF0C48E060143097
:10D9300020610A4B0020F03B009003F150021021BF
:10D940000A2003F00BFB206010B105A103F03EF8A4
:10D95000BDE8384002F0B8BF4C000020AC08002001
:10D96000546D72510000000030B4026C0B46002A66
:10D970000BD0C1681144C1608468A14201D3016821
:10D98000C16030BC1846E2F7ACBC30BC70472DE932
:10D99000F041856B174604460026026C82B1C7B180
:10D9A000E068E2F79EFCE168206C091AE1602268F9
:10D9B000914202D2A168081AE060022F16D017E047
:10D9C0002068A8B9A06803F0BBFE06460020A0604E
:10D9D0000EE06068E2F785FC216C606808446060D6
:10D9E000A168884204D32068606001E005B16D1E23
:10D9F0006D1CA5633046BDE8F08110B5044690F873
:10DA0000590058B101280CD002280FD0502080F3C3
:10DA10001188BFF34F8FBFF36F8FFEE7206B02F0CB
:10DA200067FF2046BDE8104002F062BF10BD000055
:10DA300010484FF47051420706D0C01D0D4920F028
:10DA40000700411AC1F570510B4A00230144C2E995
:10DA500000030839183A21F0070111604B600B6090
:10DA60000B1AC0E9001393604FF0004053605061FF
:10DA7000704700008C0F00207C000020144E154CD5
:10DA8000A6F29C474FF08058DFF84C9012E000BFA0
:10DA900002F0FAFEF068C568281D02F097FEA06843
:10DAA000401EA0606068401E606002F00DFF2846C6
:10DAB000FFF7A3FF60680028EAD138680128F9D988
:10DAC000C9F80080BFF34F8FBFF36F8FF2E70000FC
:10DAD000940700201000002004ED00E0002807D08B
:10DAE0000021816001600B460A46C16003F0AEBAB6
:10DAF0007047000070B51D46049C51B1C4F8002069
:10DB0000C4E90F010121204603F05CFA84F84C506F
:10DB100070BD2460F4E700002DE9F05F8846DDE980
:10DB20000B941546834691009A460A9EA522206BC7
:10DB3000E2F7F7FB6FF00301206B01EB850108446E
:10DB400020F00707780707D0502080F31188BFF333
:10DB50004F8FBFF36F8FFEE70025B8F1000F0FD096
:10DB60005FF00000221818F8001082F8341018F83E
:10DB7000001011B1401C1028F4D384F8435001E088
:10DB800084F83450382E00D33726E662C4E9136592
:10DB9000201D02F052FE04F1180002F04EFE246136
:10DBA000C6F138006462A061656584F85850524639
:10DBB0005946384600F0B4FA2060B9F1000F01D0A0
:10DBC000C9F80040BDE8F09F30B5114900E01146AA
:10DBD0000A688242FBD34B685C18844203D14068D8
:10DBE00018444860084643681C18944209D1084C00
:10DBF000183C2468A24209D052681A4442600A685C
:10DC000012680260814200D0086030BD0460F9E70C
:10DC10007C00002070B5002441600B4D00619142F2
:10DC200006D8D11A8269914206D2011D286907E0FF
:10DC30009A4203D2994201D3012403E0011DE8680E
:10DC400002F0FEFD204670BD4C00002010B50446D9
:10DC500002F01AFEA06B28B15FF0000402F034FE5F
:10DC6000204610BD0124F9E730B589B03C4D6EE087
:10DC70000498002806DADDE90601059A9047049821
:10DC8000002864DB069C606910B1201D02F09EFD37
:10DC900003A800F0D7F8024604980A2857D2DFE814
:10DCA00000F00505052D334A05052D3394F82800AD
:10DCB00040F0010084F828000599A069059B014403
:10DCC0002046FFF7A7FF68B3216A2046884794F8EB
:10DCD000280040073BD5002000900598A16900234B
:10DCE00042181946204603F071FED8B9502080F33F
:10DCF0001188BFF34F8FBFF36F8FFEE714F8280F23
:10DD000020F00100207022E094F8280040F001008B
:10DD100084F828000598A06128B181181346204690
:10DD2000FFF778FF13E0502080F31188BFF34F8F87
:10DD3000BFF36F8FFEE794F82800810703D42046D5
:10DD400002F0D6FD03E020F0010084F82800002254
:10DD500004A9286803F08AFA002889D109B030BDE7
:10DD60004C0000202DE9FC410F46054602F058FF0B
:10DD700001A800F067F80446019818B103F094FD7B
:10DD8000BDE8FC81254EAFB130690068D0B30027F3
:10DD9000291B3A46306802F02DFE03F085FD00286D
:10DDA000EED11F494FF080500860BFF34F8FBFF393
:10DDB0006F8FE5E7A542EBD803F076FDF0682746C4
:10DDC000C068C468201D02F001FD94F828004107D6
:10DDD00019D5A0692B4641193A462046FFF71AFF8C
:10DDE000A8B100200346014600902A46204603F0D1
:10DDF000EDFD60B9502080F31188BFF34F8FBFF362
:10DE00006F8FFEE707E020F0010084F82800216A08
:10DE100020468847B4E70127BAE700004C000020FD
:10DE200004ED00E00648416B096829B1416BC968FF
:10DE3000C9684968816270474FF0FF31FAE7000016
:10DE40001000002070B5054603F008FC064E04469D
:10DE5000B068844203D200F009F8012000E00020FD
:10DE600028602046B46070BD4C000020F8B5194D04
:10DE700020E0C068C4680668201D02F0A7FC216A83
:10DE80002046884794F82800400713D5A0693044FD
:10DE9000B04206D924616060211DE86802F0D0FC20
:10DEA00008E000200346014600903246204603F079
:10DEB0008DFD38B1E86801680029DAD12969C5E922
:10DEC0000310F8BD502080F31188BFF34F8FBFF3CC
:10DED0006F8FFEE74C00002008484068401C4FF060
:10DEE000500080F3118804D0BFF34F8FBFF36F8FC2
:10DEF000FEE7BFF34F8FBFF36F8FFEE78400002074
:10DF0000074CE068016841B1C0680021D0F800000A
:10DF1000FFF728FFFFF7A8FEF3E701210020F7E74E
:10DF20004C0000202DE9F041044602F0ADFC94F9CC
:10DF3000455004F1240609E0606A48B1304603F018
:10DF40007BFC08B102F0A6FD6D1E6DB2002DF3DC66
:10DF50004FF0FF3684F8456002F0B6FC02F094FC06
:10DF600094F9445004F1100709E0206948B138469B
:10DF700003F062FC08B102F08DFD6D1E6DB2002D44
:10DF8000F3DC84F84460BDE8F04102F09DBC000081
:10DF90002DE9F0410546002702F042FE324E30687E
:10DFA00008B9FFF745FD706905424ED1C5B3083584
:10DFB00068070ED005F00700C0F1080005446807A7
:10DFC00007D0502080F31188BFF34F8FBFF36F8FBE
:10DFD000FEE72DB37068854237D8234818300146D4
:10DFE0000C6801E020460C466168A94202D2216813
:10DFF0000029F7D131688C4227D007682168016079
:10E0000060680837411B10290FD96019420708D0F2
:10E01000502080F31188BFF34F8FBFF36F8FFEE75F
:10E0200013E041606560FFF7CFFD61687068401ADA
:10E030007060B268904200D2B06070690143002005
:10E04000C4E90001F068401CF06003F02DFC780783
:10E0500007D0502080F31188BFF34F8FBFF36F8F2D
:10E06000FEE73846BDE8F0816400002004490868F6
:10E0700018B10868026D521C0265086870470000FC
:10E08000100000202DE9FF47064690F85C0040078D
:10E0900039D5706AF7F7D4FB1C4909688847040032
:10E0A00031D000213046FAF7AAFB002342F22202C7
:10E0B0006946F5F71CFE08B115A000E015A08146E1
:10E0C000E2F741F9074604FB07F0401CF8F764F853
:10E0D0008046002507E000BF05FB07803A46494619
:10E0E000F8F724F96D1CA542F6DB7D43002108F802
:10E0F00005104146706AF7F775FF4046F8F798F843
:10E10000304600F023F8BDE8FF8700003002002011
:10E11000E280A2002A00000070470068FFF7B2BF4B
:10E1200010B5031F4FF080741C601B1F21F001010C
:10E130001960191F044B0B6014390A60091F6FF036
:10E14000020244380A6010BDD9DE01082DE9F04F03
:10E1500091B004460021FAF752FB099000212046B5
:10E16000FAF77BFB0890206C0590606AF7F768FB74
:10E17000784A8246059912689047DFF8DCB1064676
:10E180000AEB0600DBF800208146002190470700DB
:10E190000998B0F908807DD00A2FFCD00D2FFAD055
:10E1A000002239460998F5F710FE05B203AA606A05
:10E1B0000599F7F75FFA606AF7F742FB024600211C
:10E1C000606AF8F7B3FD616ABDF90C20B1F914304B
:10E1D000B1F918101A442A448A4228DD94F85C10D8
:10E1E000090724D4032822D00020ADF80C00089998
:10E1F000BDF80E2008EB01001044ADF80E00002F12
:10E200007ED056494846096888470644DBF8002016
:10E210000AEB060000219047010071D00A296FD057
:10E220000D296DD000220998F5F7CFFD05B24FF406
:10E23000E02B20465946E664FAF788F80646594628
:10E240002046FAF72CFA00EB060A204641F61102A6
:10E250005946FAF72BFA00EB060959462046FAF719
:10E260007DF98719204641F613025946FAF71EFA3E
:10E27000BDF80C203044D11BADF83410BDF80E3081
:10E2800010446D1EA3EB0A012844ADF83610ADF81A
:10E29000380000E057E003EB0901A8F10100084451
:10E2A000ADF83A0004F144010D4601A8F1F7EFFA88
:10E2B000606ABDF80410828A1144ADF80410BDF8FC
:10E2C0000610C08A0844ADF80600606ABDF8081060
:10E2D000808A0844ADF80800606ABDF80A10C08A58
:10E2E0000844ADF80A0001A92046FAF732FE0DA94C
:10E2F0002846F1F7CCFA294601A8F1F7C8FA00E060
:10E3000024E0606ABDF80410828A1144ADF804105C
:10E31000BDF80610C08A0844ADF80600606ABDF872
:10E320000810808A0844ADF80800606ABDF80A1039
:10E33000C08A0844ADF80A0001A92046FAF709FE90
:10E3400011B0BDE8F08F002220212BE70022202110
:10E3500069E70000200200201C02002018020020B3
:10E360002DE9F04790B088460646EEF78BFD050094
:10E370006BD0F7F765FA024600212846F8F7D6FC7D
:10E38000012838D0022802D0032819D10CE03046E9
:10E39000F9F735FA04462846FAF7ACFA201A00EBEA
:10E3A000D07040F34F0108E03046F9F728FA0446F0
:10E3B0002846FAF79FFA201A01B22846FBF7F9FE21
:10E3C00000213046FAF713FA044600213046FAF7E6
:10E3D00036FA8246B4F908703046F9F7F6F9814604
:10E3E000304600216522FAF761F984B2B8F1000FD6
:10E3F00003D014B104E00021DFE73046EFF71AFF45
:10E40000F18C07EB0A00484309EBD971491007EB7F
:10E41000D772A1EB6201081A06B2B8F1000F17D04B
:10E42000B4B16846F0F70CFD0F48CDE9005028461E
:10E43000FAF766FACDE9080607900C4803900C48F5
:10E4400006900A946846F0F76FFD10B0BDE8F087BB
:10E4500005492846F0F7B0FC10B031462846BDE823
:10E46000F047FBF7BDBE0000D5EB010849E7010806
:10E47000A7EE00082DE9F04F0C464FF4A02689B016
:10E4800005463146FAF763F8079031462846FAF711
:10E49000A4F8824631462846FAF7FAF88146314612
:10E4A0002846FAF700F8804631462846FAF7B2F9CE
:10E4B000069031462846FAF7C9F983463146284680
:10E4C000FAF799F9059031462846F9F783FF074690
:10E4D00031462846F9F777FF06461FE0079BCDF83F
:10E4E00000B0CDE9013ACDE90398DDE90523A1B2F9
:10E4F0002846EEF7D3FEE96AB04221F81400E96A33
:10E5000001DA024600E03246BA4201DA384602E059
:10E51000B04200DB304621F81400641CE88CA042B5
:10E52000DCD809B02846BDE8F04FFBF73BB92DE930
:10E53000F0410746F9F7F7F80546002412E0B868FD
:10E54000006850F824603046FAF7CFFC00222A21F8
:10E550003046F5F74DFA3046FAF7C7FC3046FFF77C
:10E56000E6FF641CAC42EAD3BDE8F0812DE9FE4F22
:10E570000446EEF787FC060009D0F6F71DFD80463D
:10E58000F6F75BFD042805D0022803D012E0012035
:10E59000BDE8FE8FE28C2146228504280AD1084678
:10E5A000F9F77AF90546F5F757FF18B10021284623
:10E5B000F5F7CDFF4046F6F740FD012804D0404670
:10E5C000F6F73BFD032863D1A06A800331D4002510
:10E5D00069464046F6F706FDBDF80200F18A401A8A
:10E5E000ADF80200BDF80000B18A401AADF8000095
:10E5F00069463046F6F73EFF07463046F7F720F902
:10E600008246002080460646DFF8949001900DE097
:10E61000D9F8002001A9504690470A2803D1B845EF
:10E6200001D06D1C2DB2DDF80480761CBE42EFD304
:10E6300027E000212046FAF7DAF8054600212046B7
:10E64000FAF7FDF82989B4F91A200844B4F916102C
:10E6500007B2501A00EBD07001EB600005B20C213C
:10E660004046F6F7A4FDF18A084400B2281A90FB50
:10E67000F7F0002800DA0020A18C814200DC481E5F
:10E6800005B2002D04DBA9B201222046FCF7EDFA09
:10E69000E08C029002AA1C212046F5F7A9F977E741
:10E6A0001C02002070B5D1E90245D5B1D4B1E560B6
:10E6B000AC6000EBC21505EB8305EE6B8E420FD10B
:10E6C000EC6384420CD100EB820501216C6901FAF4
:10E6D00003F39C436C6103D1036991408B43036155
:10E6E00070BDFEE7FEE72DE9F0410C46498C064679
:10E6F0000020C1F3C5010EE026B1E26852F83020D7
:10E70000B24207D14FF6FF724FF470212046FBF75B
:10E7100061F802E0401C8142EED82046F9F703F888
:10E720000746002507E0A068006850F8251030462D
:10E73000FFF7D9FF6D1CBD42F5D3BDE8F081002283
:10E7400000680A21F5F754B910B50068F9F7EAF83E
:10E75000BDE81040EFF76EBD2DE9FF4F85B0904644
:10E760000C460846F9F7DEF806461021FAF7EFF8EE
:10E7700000286FD03046F9F733F98346002530463C
:10E78000F9F7FBF91434CDE9024000B9059C0021EA
:10E790003046F9F7C6FD824600213046F9F747FFBB
:10E7A000504407B200213046F9F753FE504400B2FE
:10E7B0000190F08A61883844421AB8F80210501A61
:10E7C0000FFA80F9728B0198101AE288801A081AE1
:10E7D00000B200903046F9F764F8C11B0198081A9E
:10E7E00000B20490B9F1000F0CDB0098002814DA95
:10E7F000B9F1000006DD05463046F9F7C5F9401BC2
:10E800000AD40AE00098002807DD404205B23046ED
:10E81000F9F794F8E84200D500250398012804D0C0
:10E82000022807D003280DD115E0F08A618838440A
:10E83000294421E0718B0198091AE0882844081ABC
:10E84000284405B200243046F9F790F90090A8B1A9
:10E85000029F14E0BEE00498F18A00EBD07007EB51
:10E8600060000844E2886188521A521C12B202EB1E
:10E87000D27205EB62021144401AE1E7059F0021C4
:10E880003046F9F73AFE50440FFA80F9002130463D
:10E89000F9F779FE5044B18A0FFA80FA01EB0900CA
:10E8A0003988338B421AB8F80010501AA3EB0A02C9
:10E8B000BB8800B2D21A891A09B200280BDB0029E2
:10E8C00013DA002807DD04463046F9F791F82044B2
:10E8D000002809DC09E0002907DD484204B230467F
:10E8E000F9F7E6F8E04200D500243046FAF702F8DE
:10E8F000A0EB0901A1EB0A00009900B2012904D0A4
:10E90000022907D003290DD122E0B18A01EB0900C9
:10E91000398803E0318BA1EB0A00B9882144401A01
:10E92000204404B22D493046F0F746FA07462C49F8
:10E930003046F0F741FA384306D000220A2130462B
:10E94000F5F756F8012845D15FEACB7011D013E0F6
:10E9500000EBD072B18A09EB62000844B9883A88AA
:10E96000891A491C09B201EBD17104EB6101114410
:10E97000D5E7002C00DA00245FEA8B7002D4002C6B
:10E9800000DD00245FEA4B7002D4002D00DA002580
:10E990005FEA0B7002D4002D00DD00250898B8F95D
:10E9A0000010002800D020460844A8F80000B8F95C
:10E9B000021002D14FF0000000E028460844A8F8F9
:10E9C0000200089B09B02A4621463046BDE8F04FB8
:10E9D000FAF7F8BF09B0BDE8F08F0000A9EA010816
:10E9E00091EA010870B5164605460C4651EA060044
:10E9F0001CD02846F8F7A4F8A86801233246018AFB
:10EA000021440182A868418A314441822146284636
:10EA1000FAF71AFB00220B212846F4F7E9FF012838
:10EA200004D12846BDE87040FAF75FBA70BD30B532
:10EA3000AAB1B0F91630B2F900401D19B0F9324050
:10EA4000A54201DAE31A1380B0F91640B2F900309A
:10EA5000E518B0F936309D4201DD1B1B13800029FB
:10EA600015D0B0F91430B1F900209C18B0F930205D
:10EA7000944201DAD21A0A80B0F91420B1F90030B8
:10EA8000B0F934001344834201DD801A088030BDA0
:10EA900010B50346F9F77FF8084401B2BDE810400D
:10EAA00000221846FFF79EBF10B50346F9F77AF823
:10EAB000084402B2BDE8104000211846FFF792BF9B
:10EAC000F8B505460C460846F3F746FC4FF4803689
:10EAD00031462846F9F70AFCE070022808D9284692
:10EAE00031462022F9F7E2FD0090BDF80000A08039
:10EAF000284631463122F9F7D9FDC0B2002784F803
:10EB00002200022815D92846314641F23202F9F78F
:10EB1000CDFD00B22084002809DD28463146302290
:10EB2000F9F7C4FD0090BDF80000E08301E084F82F
:10EB300022702846314640F64502F9F7B7FDC0B2CB
:10EB400084F8360002281CD9284631464FF4046266
:10EB5000F9F7ACFD00B2E085002810DD284640F64C
:10EB600043023146F9F7A2FDA086284644223146E9
:10EB7000F9F79CFD0090BDF80000A08501E084F845
:10EB8000367031462846F9F72CFCFD280AD2E17888
:10EB900011FB00F1090AE1704143080A84F82200E0
:10EBA00084F83600E07830B994F8220018B994F867
:10EBB0003600002805D031462846F9F7DFFD2080D1
:10EBC0000120F8BDA0F84410FAF78FB9A0F846105C
:10EBD000FAF78BB909B2FBF703BB00002DE9F84F38
:10EBE00004464F1091460D464FEA610AC80700D10E
:10EBF0007F1E60008346F7F7CFFA06464B4600209B
:10EC000026E000BF03EB4400009030F8021C69438B
:10EC1000601E15D4002200EB0A0C26F81010A44543
:10EC200001DA33F81C208A1AC11B012901D5198881
:10EC300003E003EB410131F8021C401E1144E9D509
:10EC40005A4631461846F7F771FB009B08F1010060
:10EC50008046A042D6DB4FF47F51B1FBF5F2002095
:10EC600093B214FB04FC0CE039F8102042B18A4244
:10EC700002D129F8103003E092FBF5F229F81020B8
:10EC8000401C8445F0D8002039E000BF09EB400269
:10EC9000934613886B43002123E0002B02DA4FF0E8
:10ECA000000C01E04FEAA31C26F811C0A1EB0A0CEE
:10ECB000BCF1000F02DCB2F800C003E00CFB04085A
:10ECC00039F818C0A3EB0C0CCB195B1CA34200DB7A
:10ECD000631E03FB040802EB440239F81830491C98
:10ECE0006344A142D9DB5A46002105E036F81130D1
:10ECF000138002EB4402491CA142F7DB401CA042F6
:10ED0000C4DB3046BDE8F84FF7F792BA2DE9F0477B
:10ED10000E468AB01F468046014615469146D419D4
:10ED200007A8F0F77EFD05EBD57007EB600145F312
:10ED30000002891A891EADF82010012101EB600044
:10ED4000ADF81E004046F0F7D1FDBDF82010081ABE
:10ED5000ADF81C004046F0F7A3FDBDF81E100023DF
:10ED60000844ADF822003A4607A901A8F3F724FAAF
:10ED70004D46B9F1010F01D04FEA69052046F7F77A
:10ED80000BFA8246B046002734E021465046F7F79A
:10ED9000D9FB01A80090DDF804C023B23AB20021EB
:10EDA0005046E04740B19AF80000800190FBF5F131
:10EDB000A8F80010012018E061004046F7F794FB26
:10EDC00015E000BF0AEB00021AF8001012F8012C3F
:10EDD000914204D108EB400131F8022C02E0890194
:10EDE00091FBF5F228F81020401CA042EADB08EB6A
:10EDF00044087F1CA742C8DB5046F7F719FA01A860
:10EE0000F2F752FF012D14D020B2324629460746B0
:10EE1000FFF7E4FE09F00100284401B2012926DDD4
:10EE20004FF47F5090FBF1F2002093B204FB04F505
:10EE300017E00020644304E036F810108A093254C9
:10EE4000401C8442F8DC0AB0BDE8F08736F8102098
:10EE500032B1FF2A0ED0920192FBF1F226F8102077
:10EE6000401C8542F2D832463846FFF7B7FE0020F4
:10EE7000644307E026F81030F2E700BF16F81010E0
:10EE80003154401C8442F9DCDDE7F0B597B0074609
:10EE900014460D4601A8F3F75FFAFF22114610460B
:10EEA000F1F746FD0090BDF800000090BDF80000AD
:10EEB000ADF8080000262A4601A93846F3F738FACB
:10EEC0000FA8F2F7D5FC23462A460FA9384600962C
:10EED000F2F732FA17B0F0BD30B591B005464FF4F5
:10EEE000E0216522F9F7E2FB040017D06846EFF74E
:10EEF000A7FF0F480A94CDE9005001200D9400218E
:10EF00000790CDE908010B4806904FF6FF70ADF869
:10EF10003C006846F0F708F811B030BD04492846B7
:10EF2000EFF74AFF15F8500F40F001002870F3E7A3
:10EF30001B640008FFEE00082DE9FC47FE4DFF4C66
:10EF400095F82000C00703D0FD48F1F7CFFC03E09F
:10EF500004211220FBF792F90090BDF800006080B8
:10EF600095F82000C00704D005211220FBF786F990
:10EF700003E004211220FBF769F90090BDF80000BE
:10EF8000A08095F82000C00703D0EE48F1F7AEFC52
:10EF900001E0F1F70AFE0090BDF80000E08095F86E
:10EFA0002000C00703D0E848F1F7A0FC03E00221ED
:10EFB0001220FBF763F90090BDF8000020810026C5
:10EFC0004620CDE90006DC485023E04AE0492838D5
:10EFD000FCF7FEFBD84800965023DC4ADC49143885
:10EFE0000196FCF7F5FBE068D03000F0F9FDD2495E
:10EFF000E0682839D030FCF7E1FBE068D83000F059
:10F00000EFFDCD49E0681439D830FCF7D7FBE06854
:10F01000083000F0E5FD95F82000C00704D002217B
:10F020001220FBF713F902E01220FBF741F9014629
:10F03000E0680830FCF75FFAE06847F6FF7A51466F
:10F040000830FCF772FB0721E868F1F7C2FD0146C2
:10F05000E0680830FCF7B6FA0521E868F1F7B9FD79
:10F060000146E0680830FCF7ADFBE0686621083037
:10F07000FCF74CFAB049E06814390830FCF79EFB05
:10F08000E068103000F0ACFDE068FF211030FCF7C4
:10F090003DFAE06800F0A4FDFF21E068FCF736FAD5
:10F0A0006088ADF800000099E068FCF724FAA088B9
:10F0B000ADF800000099E068FCF765FB6078012876
:10F0C0007ED00228E8687CD05FF00A01F1F781FD6C
:10F0D0000146E068FCF7B3FA6078012872D0022894
:10F0E000E86870D05FF00A01F1F773FD0146E0684F
:10F0F000FCF780FAE068183000F072FD60780128B3
:10F10000E8687DD05FF00801F1F763FD0146E06833
:10F110001830FCF70AFBE068FF211830FCF7F6F91D
:10F12000E088ADF80000E06800991830FCF7E3F9DA
:10F130002089ADF80000E06800991830FCF7EAF982
:10F140000221E868F1F745FD0146E0681830FCF758
:10F15000F4F9E06801211830FCF7E7F9A088ADF870
:10F160000000E06800991830FCF70DFB607801287A
:10F170007ED00228E8687CD05FF01001F1F729FD0D
:10F180000146E0681830FCF71DFA6078012871D05C
:10F190000228E8686FD00A21F1F71BFD0146E068FC
:10F1A0001830FCF74CFA6078012865D00228E8682E
:10F1B0007ED00A21F1F70DFD0146E068183003E02A
:10F1C0007FE081E082E084E0FCF714FA1220FBF794
:10F1D0006FF80146E0681830FCF7C5F90121E868CE
:10F1E000F1F7F7FC0146E0681830FCF7C7F9E06872
:10F1F000A03000F0F5FC504EE068283EB16B00E016
:10F2000069E0A030FCF7C4F90321E868F1F7E1FCFC
:10F210000146E068A030FCF7D0F90321E868F1F777
:10F22000D8FC0146E068A030FCF7C2F9E0687F2115
:10F23000A030FCF7B8F9E068A83000F0D1FC708F7E
:10F24000ADF80000E0680099A830FCF7A1F90321AF
:10F25000E868F1F7BEFC0146E068A830FCF7ADF9BC
:10F26000E0687F21A830FCF79EF9E068203004E0D8
:10F2700033E035E036E038E039E000F0B1FC6078AA
:10F28000012839D00228E86839D00821F1F7A1FC1B
:10F290000146E0682030FCF748FAE068FF212030A2
:10F2A000FCF734F92089ADF800000099E06800E02F
:10F2B00020E02030FCF71FF995F82000C00720D08F
:10F2C00070E00E21E86801E70C21FFE60E21E868F6
:10F2D0000AE70C2108E70C2116E71821E8684DE73A
:10F2E00014214BE70E21E86856E70C2154E70E2164
:10F2F000E8685FE70C215DE71021E868C6E70C21AC
:10F30000C4E71220FAF7D4FF0146E0682030FCF78A
:10F3100010FA0020F1F758FD00EB40004FF4A079FF
:10F3200050304FF0A008484517DB0020F1F74CFDA6
:10F3300000EB400050300DE03CB6002034010020CE
:10F340001A171500302B280037322F00DBEE00088B
:10F350001C55020890FBF8F000E0012001B2E068C3
:10F360002030FCF7FBF9E0687F212030FCF7F1F951
:10F370000020F1F729FD502707EB8000484507DB07
:10F380000020F1F721FD07EB800191FBF8F000E090
:10F39000012001B2E868F1F71CFC0146E06820306A
:10F3A000FCF7D2F9A088ADF80000E06800992030A1
:10F3B000FCF7E9F9607801287ED00228E8687CD063
:10F3C0005FF01001F1F705FC0146E0682030FCF722
:10F3D00021F9E06800F12008607801286ED0022849
:10F3E000E8686CD05FF00A01F1F7F3FB07460146CD
:10F3F0004046FCF729F939464046FCF7F6F8052166
:10F40000E868F1F7E6FB0146E0682030FCF7F2F827
:10F410000521E868F1F7DDFB0146E0682030FCF7E4
:10F420000EF9FF49FD4808600831FE480860E068B1
:10F43000583000F0D5FBE068F9495830FCF786F801
:10F44000E06823215830FCF785F8E068603000F070
:10F45000C7FBF349E06808316030FCF777F8E068F3
:10F460007F216030FCF776F8E068C03000F0B8FB30
:10F47000E0680121C030FCF765F8E0680121C03088
:10F48000FCF753F8E068803000F0AAFB60780128B0
:10F490007ED00228E8687CD05FF01001F1F799FB7C
:10F4A0000146E0688030FCF78DF86078012871D063
:10F4B0000228E8686FD003E09FE2A1E2A2E2A4E2A2
:10F4C0005FF01001F1F785FB0146E0688030FCF742
:10F4D000B6F8607801287DD00228E8687BD010213A
:10F4E000F1F777FB0146E0688030FCF783F8E068CD
:10F4F000783000F075FB607801286DD00228E8684C
:10F500006BD00A21F1F765FB0146E0687830FCF723
:10F5100059F8607801287CD00228E8687AD00A215E
:10F52000F1F757FB0146E0687830FCF768F8E068CF
:10F53000883000F055FB0A21E868F1F74AFB0146E4
:10F54000E0688830FCF77BF80A21E868F1F741FBB6
:10F550000146E0688830FCF74DF8E068903000F034
:10F560003FFB1421E868F1F734FB0146E068903076
:10F57000FCF715F9E068983000F032FBE0680221F2
:10F580009830FCF7FBF8E068683000F029FB03E0F6
:10F590003DE23FE240E242E2E06800216830FCF7F1
:10F5A00011F8E06800216830FCF749F8E0680021B4
:10F5B0006830FCF71FF8E068703000F011FB6078ED
:10F5C00001287DD00228E8687BD00221F1F701FBF9
:10F5D000014603E025E227E228E22AE2E0687030F3
:10F5E000FBF7F0FF607801286CD00228E8686AD049
:10F5F0005FF00201F1F7EDFA0146E0687030FCF7C8
:10F600001EF8607801287DD00228E8687BD00221AE
:10F6100001E010E212E2F1F7DCFA0146E068703036
:10F62000FBF7E8FFE068283000F0DAFAE068B16B39
:10F630002830FBF760FFF1F7B8FA0146E0682830A0
:10F64000FCF7A1F8E068FF212830FBF75FFFE068D6
:10F65000303000F0C5FAE068B16B3030FBF74BFF9B
:10F66000E068B16B3030FCF78EF8E0683321303061
:10F67000FBF74CFFE068383000F0B2FA708FADF85D
:10F680000000E06800993830FBF735FFF1F78DFA9C
:10F690000146E0683830FCF776F8E068FF21383042
:10F6A000FBF734FFE068403000F09AFA708FADF855
:10F6B0000000E06800994030FBF71DFF708F03E009
:10F6C000BEE1C0E1C1E1C3E1ADF80000E06800992E
:10F6D0004030FCF758F8E06833214030FBF716FF64
:10F6E000E068483000F07CFA2089ADF80000E0685E
:10F6F00000994830FBF7FFFEE068FF214830FBF738
:10F7000005FF01E0A6E1A8E1A088ADF80000E068EF
:10F7100000994830FCF737F8E068503000F060FAA4
:10F72000E088ADF80000E06800995030FBF7E3FE98
:10F73000E068FF215030FBF7E9FEA088ADF800003B
:10F74000E06800995030FCF71EF8E068B03000F037
:10F7500047FAE06857465146B030FBF7E6FFE068ED
:10F76000B83000F03DFAE0680021B830FBF7DDFF6B
:10F77000E068C83000F034FA0321E868F1F729FAAC
:10F780000146E068C830FCF714F80321E868F1F797
:10F7900020FA0146E068C830FCF706F8E068F0306F
:10F7A00000F01EFAE068B16BF030FBF7A4FEE068F1
:10F7B000FF21F030FBF7AAFE0621E868F1F709FA0D
:10F7C0000146E068F030FBF7FDFEE0683946F030B6
:10F7D000FBF7ABFFE068E03000F002FAE068C82118
:10F7E000E030FBF770FEE068E83000F0F9F9E0681F
:10F7F0007821E830FBF767FEE06800F5807000F0E4
:10F80000EFF92089ADF80000E068009900F58070FC
:10F81000FBF75DFE0F21E86806E000008964000840
:10F82000440100201DD50008F1F7D3F90146E06836
:10F8300000F58070FBF75AFEE068012100F580704A
:10F84000FBF750FEE06800F5847000F0C9F9E0684D
:10F85000B16B00F58470FBF73AFEE06800F5887044
:10F8600000F0BEF9E0684FF4827100F58870FBF794
:10F870008AFEE06800F58C7000F0B2F90421E868B7
:10F88000F1F7A7F9404201B2E06800F58C70FBF790
:10F8900099FEF1F78AF90146E06800F58C70FBF7F4
:10F8A0002AFEE06800F5947000F09AF90521E868F6
:10F8B000F1F78FF90146E06800F59470FBF75EFE02
:10F8C000A088ADF80000E068009900F59470FBF79F
:10F8D0004AFE1421E868F1F77CF90146E06800F57A
:10F8E0009470FBF740FF0F21E868F1F772F90146C9
:10F8F000E06800F59470FBF798FEE06800F59870FA
:10F9000000F06EF9E068394600F59870FBF70DFFDE
:10F91000A088ADF80000E068009900F59870FBF74A
:10F92000EAFDE068FF2100F59870FBF7EFFD0F217D
:10F93000E868F1F74EF90146E06800F59870FBF7CA
:10F9400012FFE06800F5907000F04AF90121E868C4
:10F95000F1F73FF90146E06800F59070FBF7EDFD27
:10F960002089ADF80000E068009900F59070FBF781
:10F97000D1FDE068032100F59070FBF7DAFDE06847
:10F9800000F59C7000F02CF9A088ADF80000E0684C
:10F99000009900F59C70FBF7BDFD0221E868F1F7C6
:10F9A00018F90146E06800F59C70FBF7C6FD0121DF
:10F9B000E868F1F70EF9404201B2E06800F59C708A
:10F9C000FBF733FEE068042100F59C70FBF7B1FD06
:10F9D000E0684FF4C87100F59C70FBF774FDE068B7
:10F9E00000F5A07000F0FCF895F82000C00736D0B4
:10F9F00002211220FAF72AFC35E01821E868E1E438
:10FA00001421DFE40E21E868EEE40C21ECE4182177
:10FA1000E86843E5142141E51821E86852E514211E
:10FA200050E51821E8685BE5142159E50E21E868E6
:10FA300068E50C2166E50E21E86871E50C216FE5AB
:10FA40000821E868C2E50621C0E50821E868D1E59B
:10FA50000621CFE50821E868DAE50621D8E501218D
:10FA60001220FAF70BFC0146E06800F5A070FBF7E6
:10FA70008AFEE06800F5A47000F0B2F86078012812
:10FA80007ED00228E8687CD05FF00A01F1F7A1F887
:10FA90000146E06800F5A470FBF794FD607801284A
:10FAA00070D00228E8686ED05FF00A01F1F791F893
:10FAB00000EBD0704110E06800F5A470FBF79FFDEB
:10FAC000E06800F5A87000F08BF80121E868F1F714
:10FAD00080F80146E06800F5A870FBF72EFD20894C
:10FAE000ADF80000E068009900F5A870FBF712FD82
:10FAF000E088ADF80000E068009900F5A870FBF719
:10FB0000FAFCE068332100F5A870FBF7FFFCE06821
:10FB100000F5AC7000F064F8607801284CD0022841
:10FB2000E8684CD05FF00A01F1F753F80146E0684D
:10FB300000F5AC70FBF76EFD6078012841D002281B
:10FB4000E86841D05FF00A01F1F743F80146E06848
:10FB500000F5AC70FBF778FD6078012836D00228FC
:10FB6000E86836D05FF00201F1F733F80146E0684B
:10FB700000F5AC70FBF739FD607801282BD003E06D
:10FB800010E012E013E015E00228E86826D00A2110
:10FB9000F1F71FF80146E068BDE8FC4700F5AC70DE
:10FBA000FBF72DBD0E21E86870E70C216EE70E21F2
:10FBB000E8687BE70C2179E70E21E868B4E70C21BF
:10FBC000B2E70E21E868BFE70C21BDE70821E8682D
:10FBD000CAE70621C8E70E21E868D9E70C21D7E774
:10FBE0000349097809B1FBF75CBCFBF770BB000067
:10FBF000340100202DE9F35F0198F7F793FEF84CEC
:10FC0000DFF8E0934FF48038E8B1F7490198F7F74F
:10FC10009FF8E0B10198F7F785FEF449F7F798F8F7
:10FC200000287CD1E168002218310198F6F7B8FD70
:10FC3000E168424608310198F6F7B2FDE1684A46AC
:10FC40001031019828E30022E1680198EEE7E849C5
:10FC50000198F7F77DF8A0B3E16800222031019800
:10FC6000F6F79EFDE168002228310198F6F798FD2D
:10FC7000E1680022D0310198F6F792FDE168202278
:10FC800058310198F6F78CFDE1682022D8310198AF
:10FC9000F6F786FDE1680422A0310198F6F780FDB1
:10FCA000E1682022C8310198F6F77AFDE168012267
:10FCB00038310198F6F774FDE168802260310198CF
:10FCC000EAE2FFE7CB490198F7F742F84FF4A027A3
:10FCD000DFF824A307F1040B002865D00198F7F79B
:10FCE00021FEC249F7F734F8C34DE16860350028BA
:10FCF00001984FF0000223D001F5A471F6F750FDF2
:10FD0000E1680422A0310198F6F74AFDE168082273
:10FD1000A8310198F6F744FD3A46E16800E0C0E2F8
:10FD200001F5A8710198F6F73BFDE168524658319C
:10FD30000198F6F735FDE1682A466031019825E023
:10FD40001831F6F72DFDE1680422A0310198F6F78D
:10FD500027FDE1680822A8310198F6F721FDE16846
:10FD60003A4620310198F6F71BFDE1682A466031DA
:10FD70000198F6F715FDE168524658310198F6F7FB
:10FD80000FFD9D4AE1681F3A28310198F6F708FDFA
:10FD9000E1685A46A0310198F6F702FD964AE168FB
:10FDA000183AA831019877E294490198F6F7D0FF04
:10FDB0004FF4003510B3E168002230310198F6F7B6
:10FDC000EFFCE1680022B0310198F6F7E9FCE16848
:10FDD0000422A0310198F6F7E3FCE1680822A8317B
:10FDE0000198F6F7DDFCE1682A4628310198F6F71C
:10FDF000D7FCE1682A46B03101984DE2804901986C
:10FE0000F6F7A6FF4FF44036A8B3E1680022303180
:10FE10000198F6F7C5FCE1680022B0310198F6F7C9
:10FE2000BFFCE1680422A0310198F6F7B9FCE16853
:10FE30000822A8310198F6F7B3FCE1682A46283178
:10FE40000198F6F7ADFCE1682A46B0310198F6F763
:10FE5000A7FCE1683246F0310198F6F7A1FC694D44
:10FE6000E1682A46C8310198F6F79AFCE168324603
:10FE7000D0310198ACE0FFE763490198F6F768FFDD
:10FE8000F0B3E168002218310198F6F789FCE168C7
:10FE9000002268310198F6F783FCE1680022B8314E
:10FEA0000198F6F77DFCE1680422A0310198F6F78D
:10FEB00077FCE1680822A8310198F6F771FCE16847
:10FEC000424608310198F6F76BFCE1684A4610316A
:10FED0000198F6F765FCE1683A4650310198F6F76B
:10FEE0005FFCE1683A4601F590710198F6F758FC1D
:10FEF000E1683A4680310198F6F752FC524600E03C
:10FF000010E0E16801985831F6F74AFCE1685A467A
:10FF100028310198F6F744FC374AE168183A38313D
:10FF20000198B9E139490198F6F712FF002871D01C
:10FF3000E168002248310198F6F732FCE1680022BE
:10FF4000B0310198F6F72CFCE1680022E831019805
:10FF5000F6F726FCE168802260310198F6F720FC74
:10FF6000E1680422A0310198F6F71AFC284FE168F5
:10FF70003A4628310198F6F713FCE1682A46B03179
:10FF80000198F6F70DFC224AE1687F326031019852
:10FF9000F6F706FCE1683246F0310198F6F700FC0E
:10FFA000E168324650310198F6F7FAFBE1683246D3
:10FFB00001F58C710198F6F7F3FB124AE1686032A3
:10FFC00060310198F6F7ECFBE1683A46D8310198C8
:10FFD000F6F7E6FBE1682A46D83101985CE119E0C2
:10FFE0003401002040000100B853020834550208D3
:10FFF000FCB1020818B2020820000500E0B10208B6
:020000040802F0
:10000000C0B2020820000300F8B20208DCB2020805
:1000100001000200A4490198F6F79AFE4FF48027E8
:1000200040B3E168002218310198F6F7B9FBE168A6
:100030000022E0310198F6F7B3FBE168002290312D
:100040000198F6F7ADFBE168002298310198F6F7C8
:10005000A7FBE1680422A0310198F6F7A1FBE16853
:100060000822A8310198F6F79BFBE1683A4628314F
:10007000019811E18D490198F6F76AFE40B3E168F5
:10008000002218310198F6F78BFBE16800227831E5
:100090000198F6F785FBE1680022D0310198F6F768
:1000A0007FFBE1682022D8310198F6F779FBE168FF
:1000B000202258310198F6F773FBE1680422A03141
:1000C0000198F6F76DFBE1680822A83101987FE7F7
:1000D00077490198F6F73CFEB0B3E1680022183189
:1000E0000198F6F75DFBE1680022C0310198F6F750
:1000F00057FBE168002290310198F6F751FBE16867
:10010000002201F588710198F6F74AFBE168424642
:1001100008310198F6F744FBE1684A46103101982E
:10012000F6F73EFBE1683A4650310198F6F738FBA6
:10013000E168604A28310198F6F732FB5D4AE168D0
:100140001F3258310198A7E0FFE75B490198F6F7A5
:10015000FFFDC8B1E168002201F580710198F6F752
:100160001FFBE1682A4601F580710198F6F718FB3C
:10017000E1682A4601F584710198F6F711FBE16800
:100180003246F031019887E04C490198F6F7E0FDDE
:1001900098B1E168002201F580710198F6F700FB43
:1001A000E1682A4601F580710198F6F7F9FAE168ED
:1001B0002A4601F5847101986EE041490198F6F7ED
:1001C000C7FD88B1E168002218310198F6F7E8FA16
:1001D000E1680022B0310198F6F7E2FAE1682A46B8
:1001E00001F59871019857E036490198F6F7B0FD8E
:1001F00088B3E168002218310198F6F7D1FAE16876
:10020000002278310198F6F7CBFAE1680422A03198
:100210000198F6F7C5FAE1680822A8310198F6F7C7
:10022000BFFAE168424608310198F6F7B9FAE16889
:100230004A4610310198F6F7B3FAE168224A01F50F
:100240009C710198F6F7ACFAE1684FF4002201F5D1
:10025000A071019820E0FFE71C490198F6F778FDAE
:1002600050B1E168002218310198F6F799FAE16877
:100270000022683101980FE015490198F6F768FDF2
:1002800028B914490198F6F763FD002809D0E16800
:100290000198002201F5AC7102B0BDE8F05FF6F7FD
:1002A0007FBABDE8FC9F000088B2020834B20208A1
:1002B00050B2020801000400C4B10208A4550208AB
:1002C0008855020814B302080200070034550208DA
:1002D000505502086C550208C143491C0840B0FA49
:1002E00080F0C0F11F00704718B1B0FA80F0C0F183
:1002F0002000401E704700002DE9F0410C46E0F759
:1003000005FB78B1E0F702FBFF280BD00A4E01276E
:10031000B51CE0F7FFFA0948018831808088288001
:10032000A77301E00020A073034801882180408862
:100330006080BDE8F0810000BC000020900000203B
:10034000FEB5066804460025728C0420C2F3C5027F
:100350000CE000BFF36800EBC507DB599F0104D533
:10036000A76823F07F43BB4203D06D1CAA42F1D89B
:10037000FEBDA388472B60D00EDC342B50D006DCAA
:10038000202B5AD0302B58D0332B16D148E03B2BA2
:1003900053D0442B11D150E0682B41D004DC632BA7
:1003A00041D0672B09D13BE0A3F58060573844D09A
:1003B00000F6FE70B0F5005F32D069B3FF292DD092
:1003C000D4E90302121A4A4300EB22200090F0689D
:1003D000012701AA50F835001946FAF747FF60B126
:1003E000DDE90010814208D1BDF80020BDF80430DD
:1003F0009A4202D1814200D10027F068A188009A78
:1004000050F83500FBF726F9002FB1D0A288A1687B
:100410002068F9F7DFF9FEBDE068D7E72069D5E786
:10042000FF29FBDAF8E7E0680028F7D02269002A04
:10043000CCD08029CADB0092C9E7002901DCA08961
:1004400020E0FF2901DB208A1CE0C8B2228AB4F830
:100450000CC0001DC7080D491FFA8CF092B240EA8B
:10046000004042EA024208400A40121A7A4300EB76
:100470005210084040EA1040ADF8080080B20290E7
:10048000BDF80800ADF80000A1E700001FF8E00784
:100490002DE9F04104682648A6882568E3F76DFA3F
:1004A00010E0A1420BD008682268904207D188680A
:1004B000A268904203D18888A288904236D01C4816
:1004C000E3F76DFA0100ECD1698C00270420C1F339
:1004D000C50129E0EA6800EBC703D258930122D591
:1004E000A36822F07F429A421DD121461048E3F7CB
:1004F000AEFA2046F5F7AEFEE868314600EBC704D9
:100500002068FAF76BFFE86850F83700FAF7E2FE68
:1005100000280BD06068216820F07F422846BDE8A3
:10052000F041F9F7B5B97F1CB942D3D8BDE8F081E5
:10053000B4B6002070B50468A068A28800F47F06F5
:1005400031462068F8F7B2F8E060A5880020A08066
:1005500023462A463146206800F00CF8A580A168A1
:100560002068ECF785FFA1880068E268BDE870406C
:10057000FBF770B82DE9FF4F064681B09B468946D0
:1005800000272648E3F712FA04464FF4702A4FF08A
:1005900004083DE05C453DD021462048E3F703FADE
:1005A00000902068B04232D1A168494501D0D145C0
:1005B0002DD1A1880398814203D0A0F57F41FF3956
:1005C00025D100251EE000BFF06808EBC5014158A9
:1005D0008A0116D5D14503D021F07F424A4510D17A
:1005E00050F83500A188FAF7F9FE00212046EEF711
:1005F000E3FB21460948E3F72AFA2046F5F72AFEED
:1006000001276D1C708CC0F3C500A842DCD8009C8B
:10061000002CBFD105B03846BDE8F08FB4B600203D
:10062000074910B505484860F3F7F6FAF3F7AAFA58
:10063000F3F70AFABDE81040F3F748BA307A020837
:100640005402002000880988401A70472DE9F041C3
:1006500086B00446F4F7B0FC050073D02046F3F7EB
:1006600084F906462046F3F7BEF9044690F8500098
:10067000800767D52846F4F7E0FC022862D02846B8
:10068000F4F7DBFC04285DD06946606AF7F7D1F81F
:1006900003A92846F4F7A6FC04A92846F4F7D2FCDF
:1006A000BDF90C1000294DDBBDF90E00002849DB17
:1006B000BDF80020891AADF80810BDF80210401AE4
:1006C000ADF80A00606AF8F715F90146606ABDF9ED
:1006D00008200546002A01DA002703E08A4203DBEE
:1006E00047F6FF77012009E002A9F4F7C3FE87B2BD
:1006F00002A9606AF5F7DEF880F0010094F85C105A
:100700004FF6FF788A0724D501F0010202434FF427
:10071000407001D1012E08D0C9071ED0022E12D080
:10072000032E12D0082E10D019E0C4E9157894F8E1
:100730005C1041F00102014684F85C202046F6F787
:10074000B9FB06E03FE0A76503E001462046F5F768
:10075000EDFF94F85C00C00701D1012E33D139467A
:100760002046FBF70BFD94F85C00C0072BD0D4E9C2
:100770001510814208D9EA6B824202D12A6C8A4262
:1007800018D0E863606D11E008D2EA6B8A4202D1AA
:100790002A6C82420ED0E963A06D07E0E96B404607
:1007A000814202D1296C814204D0E863286420464A
:1007B000F8F79BFB032E01D0082E04D114F85C0F30
:1007C00020F00100207006B0BDE8F081D0E90132D0
:1007D00001699A60D0E901235A604A68824201D1D6
:1007E00082684A60002202610868401E086008684A
:1007F00070470000034B036003F15C000860802039
:1008000010607047D4080020044B036003F15C00C3
:1008100008604FF48070106070470000300B0020BB
:10082000E1F7E2BE00F108014FF0FF32C0E901122A
:10083000C1600161002101607047002101617047C2
:1008400030B50B685A1C02D000F1080202E00269C0
:1008500004E02246546825689D42FAD953684B60EB
:1008600099608A60516008610168491C016030BD6F
:1008700042684A6093688B60936859609160086130
:100880000168491C01607047502080F31188BFF354
:100890004F8FBFF36F8F0A494868401C486001289A
:1008A0000CD10848006810F0FF0F07D0502080F3EB
:1008B0001188BFF34F8FBFF36F8FFEE770470000C3
:1008C0008400002004ED00E00849486828B1401E7B
:1008D000486001D180F311887047502080F311885F
:1008E000BFF34F8FBFF36F8FFEE70000840000203F
:1008F00070B500282AD0164DA0F108046068696917
:10090000084207D1502080F31188BFF34F8FBFF307
:100910006F8FFEE722683AB1502080F31188BFF351
:100920004F8FBFF36F8FFEE78843606000F078F968
:1009300060686968084468602046FDF745F92869E1
:10094000401C2861BDE8704000F0AEBF70BD0000E3
:10095000640000204FF0E020002101618161054921
:100960004FF47A720968B1FBF2F1491E4161072127
:10097000016170470C00002010B5DFF76BFC1149D6
:1009800010280ED300F1E02090F8F0030A7890428E
:1009900007D2502080F31188BFF34F8FBFF36F8FC2
:1009A000FEE709480068896800F4E060884207D9DA
:1009B000502080F31188BFF34F8FBFF36F8FFEE796
:1009C00010BD0000840000200CED00E010B5084BC5
:1009D000002200BF53F832401CB1521C082AF9D340
:1009E00010BD43F8321003EBC201486010BD000097
:1009F000B802002070B515460E460446FFF744FFC6
:100A000094F944100020491C01D184F8440094F961
:100A10004510491C01D184F84500FFF755FFA06B34
:100A200028B92A46314604F1240000F051F8204646
:100A3000BDE87040FDF776BA10B5020014D00F483B
:100A4000006B38B1502080F31188BFF34F8FBFF394
:100A50006F8FFEE700F0E4F800211046FCF7C2FEBD
:100A600000F022FF002807D105494FF080500860B0
:100A7000BFF34F8FBFF36F8F10BD00001000002039
:100A800004ED00E002490A6A0260C96841607047EB
:100A90001000002001490120C861704710000020AB
:100AA00010B50C4650B1094909681831FFF7C8FE66
:100AB0002046BDE810400121FCF794BE502080F391
:100AC0001188BFF34F8FBFF36F8FFEE71000002038
:100AD00070B514460D4668B10A4909681831FFF728
:100AE000C7FE0CB14FF0FF3521462846BDE87040E7
:100AF000FCF778BE502080F31188BFF34F8FBFF30F
:100B00006F8FFEE71000002070B504003ED0226D0C
:100B1000A2B1E06C884200D30146E06A884235D039
:100B2000012A33D11A4D2A6894420FD1502080F304
:100B30001188BFF34F8FBFF36F8FFEE7502080F314
:100B40001188BFF34F8FBFF36F8FFEE7E162A26999
:100B5000002A02DBC1F13801A1610E4E00EB8000DA
:100B6000616906EB8000814210D1201DFFF72EFE47
:100B7000E06A2969884200D9286100EB800006EB11
:100B80008000211DBDE87040FFF772BE70BD0000FF
:100B900010000020F802002030B587B00024039434
:100BA00005AA04A903A80494FFF724FEDDE90301C4
:100BB0000094CDE90110002315A11748059A00F013
:100BC00014FD164D0028E8621FD000F0CFFE01286A
:100BD00009D0401C19D1502080F31188BFF34F8FEA
:100BE000BFF36F8FFEE7502080F31188BFF34F8F64
:100BF000BFF36F8F4FF0FF30A86201206861EC6097
:100C000007B0BDE8304000F0EDB807B030BD0000DF
:100C100049444C45000000007DDA01081000002026
:100C20000248016B491C016370470000100000205E
:100C3000164810B5016B11B10121C16110BD002131
:100C4000C1610169124A01E0B9B1491E01EB81039A
:100C500052F82330002BF7D001EB810302EB830223
:100C600002F1080453685B685360A34201D15B68DA
:100C70005360DA680260016110BD502080F3118872
:100C8000BFF34F8FBFF36F8FFEE70000100000200F
:100C9000F802002070B5F2F7A6FE0546F6F742FE10
:100CA000EFF7C2FC044601212846F6F72AFD054667
:100CB00094F902000549228801EB800004A150F854
:100CC000043C2846BDE87040F5F7C3B97001002028
:100CD000256420257300000070B5F2F784FE0546F8
:100CE000F6F720FEEFF7A0FC044600212846F6F7B1
:100CF00008FD02462088A0F2E770404281B210460B
:100D0000F2F70AFE01212846F6F7FBFC024694F9A9
:100D10000200BDE87040401E81B21046F2F7FCBDF3
:100D2000F8B50446B0F92E0010F5004F59D0B4F9CB
:100D30002C30678D99B2B94202D201F5B4710BB271
:100D400094F83410C1F34101D9B301290ED002291E
:100D500047D10093B4F93220B4F930103B46F5F78F
:100D6000DDF905B22046A28DA9B237E0F91801EBF2
:100D7000D171B4F93050B4F9322041F34F06A918BB
:100D800001EBD17141F34F0188420CDA0A463B4630
:100D900029460096F5F7C2F905B2A9B22046EEF74A
:100DA000D8FCB1B209E000933346F5F7B7F905B2C4
:100DB000B1B22046EEF7CDFCA9B22046EEF78DFC8D
:100DC0000EE0FFE70093B4F93220B4F930103B464F
:100DD000F5F7A4F905B2AAB22046618DEEF7F9FB4A
:100DE000A587F8BD1CB537480168374A914207D13D
:100DF000502080F31188BFF34F8FBFF36F8FFEE752
:100E000000683149491E884207D1502080F311887B
:100E1000BFF34F8FBFF36F8FFEE72C490878019027
:100E2000FF20087008788DF800009DF800009DF8FC
:100E3000002000F0F000904207D0502080F311888D
:100E4000BFF34F8FBFF36F8FFEE79DF80000204C7C
:100E500000F0500020700720A06005E09DF8002001
:100E600052008DF80020401E9DF800201206F5D497
:100E7000A060032807D0502080F31188BFF34F8F64
:100E8000BFF36F8FFEE74FF44070A06001980870C9
:100E90000C482030016841F470010160016841F0A4
:100EA00070410160FFF756FD00206060DFF79AF99E
:100EB0000848016841F040410160DFF77FF90020F8
:100EC0001CBD000000ED00E071C20F4100E400E035
:100ED0008400002034EF00E010B5502080F311882A
:100EE000BFF34F8FBFF36F8F00F0BEFB18B1044903
:100EF0004FF080500860002080F3118810BD000082
:100F000004ED00E010B502460021012000F005F8D4
:100F10000446FCF7E3FD204610BDF8B517460E4623
:100F2000050013D005FB06F05030FDF731F8040042
:100F30000AD0002084F8460004F150023B463146B6
:100F400028460094FCF7D6FD2046F8BD502080F3DB
:100F50001188BFF34F8FBFF36F8FFEE738B5049D45
:100F600018B153B1CAB181B120E0502080F311888B
:100F7000BFF34F8FBFF36F8FFEE7502080F31188D0
:100F8000BFF34F8FBFF36F8FFEE7502080F31188C0
:100F9000BFF34F8FBFF36F8FFEE739B1502080F35F
:100FA0001188BFF34F8FBFF36F8FFEE750241C46AD
:100FB000012384F846302B460094FCF79BFD204625
:100FC00038BD000070B50D46040025D0FFF75CFC6D
:100FD000D4E90F20216802FB0011A1600021A16368
:100FE000216861600A46D4E90F01401E00FB01211F
:100FF000E16021464FF0FF3001F8440F487004F1E2
:1010000010008DB1FFF70EFC04F12400FFF70AFC7D
:10101000FFF75AFC012070BD502080F31188BFF308
:101020004F8FBFF36F8FFEE721690029F0D000F0EA
:1010300003FC0028ECD004494FF080500860BFF357
:101040004F8FBFF36F8FE3E704ED00E02DE9FF471B
:1010500082B01D468A464FF00008040003D0BAF162
:10106000000F08D011E0502080F31188BFF34F8F9C
:10107000BFF36F8FFEE7206C38B1502080F31188EA
:10108000BFF34F8FBFF36F8FFEE7022D0AD1E06BE6
:10109000012807D0502080F31188BFF34F8FBFF392
:1010A0006F8FFEE700F0CCFA3F4F4FF000094FF092
:1010B000805648B9049838B1502080F31188BFF3A6
:1010C0004F8FBFF36F8FFEE7FFF7DEFBA06BE16B87
:1010D000884207D3022D05D00498D0B1B8F1000F93
:1010E0001AD01EE02A4651462046FCF750FC616AA1
:1010F00019B104F1240000F09FFB20B13E60BFF362
:101100004F8FBFF36F8FFFF7DFFB012006B0BDE805
:10111000F087FFF7D9FB22E06846FFF7B3FC4FF0FA
:101120000108FFF7D1FBFFF77BFDFFF7ADFB94F95B
:101130004400401C01D184F8449094F94500401CBF
:1011400001D184F84590FFF7BFFB04A9684600F081
:10115000E5F930B12046FCF7E5FE00F0A5FB0020E4
:10116000D4E7FFF791FBA06BE16B884213D1FFF747
:10117000ABFB04F110000499FFF792FC2046FCF74A
:10118000D1FE00F091FB00289ED13E60BFF34F8F4F
:10119000BFF36F8F98E7FFF797FB2046FCF7C2FE7F
:1011A00000F082FB90E7000004ED00E02DE9F0473D
:1011B0001F4690468946040003D0B9F1000F08D0BD
:1011C00011E0502080F31188BFF34F8FBFF36F8F72
:1011D000FEE7206C38B1502080F31188BFF34F8FA9
:1011E000BFF36F8FFEE7022F0AD1E06B012807D013
:1011F000502080F31188BFF34F8FBFF36F8FFEE74E
:10120000FFF7BAFB5020EFF3118680F31188BFF38C
:101210004F8FBFF36F8FA06BE16B884206D3022F15
:1012200004D0002086F31188BDE8F08794F945507A
:10123000A06B3A4649462046FCF7A9FB681C04D03F
:101240006D1C84F845500120ECE7606A0028FAD054
:1012500004F1240000F0F0FA0028F4D0B8F1000FF7
:10126000F1D00121C8F80010EDE700002DE9F747A3
:10127000002683B08A46040003D0BAF1000F08D0DC
:1012800011E0502080F31188BFF34F8FBFF36F8FB1
:10129000FEE7206C38B1502080F31188BFF34F8FE8
:1012A000BFF36F8FFEE700F0CBF9DFF8F4804FF06B
:1012B00000094FF0805748B9059838B1502080F3A5
:1012C0001188BFF34F8FBFF36F8FFEE7FFF7DCFA94
:1012D000A56BC5B151462046FCF746FB6D1EA563C4
:1012E000206950B104F1100000F0A6FA28B1C8F846
:1012F0000070BFF34F8FBFF36F8FFFF7E5FA012048
:1013000006B0BDE8F087059808B11EB106E0FFF70A
:10131000DBFA27E06846FFF7B5FB0126FFF7D4FAB2
:10132000FFF77EFCFFF7B0FA94F94400401C01D1AE
:1013300084F8449094F94500401C01D184F845900C
:10134000FFF7C2FA05A9684600F0E8F80028204631
:101350000AD0FCF7E7FD00F0A7FA2046FCF776FC80
:101360000028B3D00020CBE7FCF770FC90B104F16B
:1013700024000599FFF794FB2046FCF7D3FD00F00D
:1013800093FA0028A2D1C8F80070BFF34F8FBFF3C3
:101390006F8F9BE72046FCF7C5FD00F085FA95E7C7
:1013A00004ED00E02DE9F343002683B00400354648
:1013B00009D0206C78B1502080F31188BFF34F8F93
:1013C000BFF36F8FFEE7502080F31188BFF34F8F7C
:1013D000BFF36F8FFEE700F033F9DFF83C814FF089
:1013E00000094FF0805748B9049838B1502080F375
:1013F0001188BFF34F8FBFF36F8FFEE7FFF744FAFB
:10140000A06BC8B1401EA063206810B9FCF72EFE87
:10141000A060206950B104F1100000F00DFA28B16D
:10142000C8F80070BFF34F8FBFF36F8FFFF74CFA10
:10143000012005B0BDE8F083049808B166B10FE063
:101440003DB1502080F31188BFF34F8FBFF36F8FF2
:10145000FEE7FFF739FA5DE06846FFF713FB012668
:10146000FFF732FAFFF7DCFBFFF70EFA94F94400BE
:10147000401C01D184F8449094F94500401C01D1EE
:1014800084F84590FFF720FA04A9684600F046F872
:101490000028204612D0FCF745FD00F005FA204652
:1014A000FCF7D4FB0028A9D09DB3FFF7EDF9606AE3
:1014B00050B3206B0068C0F1380126E0FCF7C6FB92
:1014C000E0B1206838B9FFF7DFF9A06800F078F9DB
:1014D0000546FFF7F9F904F124000499FFF7E0FA53
:1014E0002046FCF71FFD00F0DFF9002886D1C8F880
:1014F0000070BFF34F8FBFF36F8F7FE72046FCF77D
:1015000011FD00F0D1F979E70021A068FFF7FCFA9E
:101510009FE7FFE700208CE704ED00E02DE9F041B4
:101520000C46050011D0C4B1FFF7AEF9174BDA68CD
:101530006E682068911B471C17D02F681B6A9F425A
:1015400019D0964217D8012410E0502080F311885A
:10155000BFF34F8FBFF36F8FFEE7502080F31188EA
:10156000BFF34F8FBFF36F8FFEE70024FFF7ACF997
:101570002046BDE8F081884205D9401A20602846FF
:10158000FFF780FAF1E700202060DCE71000002080
:101590002DE9FF5F8346DDE90E87994616468A46A8
:1015A0009000FCF7F5FC05001CD05C20FCF7F0FC7B
:1015B000040014D00020256384F85900CDE90240CE
:1015C000CDE900874B46324651465846FCF7A4FA0F
:1015D0002046FCF735F9012004B0BDE8F09F28460D
:1015E000FFF786F94FF0FF30F6E7F0B585B0DDE99B
:1015F0000B640A9DA6B1DCB15C2700972663022626
:1016000084F85960002604AFCDE90246CDE90057C1
:10161000FCF782FA2046FCF713F9049805B0F0BDF8
:10162000502080F31188BFF34F8FBFF36F8FFEE719
:10163000502080F31188BFF34F8FBFF36F8FFEE709
:101640000548416919B1006B18B1002070470120AD
:101650007047022070470000100000200148C06859
:1016600070470000100000202DE9F041324C0027A7
:10167000206B38B1A069401CA061FFF7D1F8384653
:10168000BDE8F081E668761CE66013D1606B006807
:1016900038B1502080F31188BFF34F8FBFF36F8FA5
:1016A000FEE7606BA16B6163A063206A401C20624F
:1016B000FCF7B8FBA06ADFF88480864209D3606B30
:1016C000006890B1606BC068C568686886420FD2D8
:1016D000A0622068C06A00EB800158F82100012850
:1016E00000D90127A069F8B120E04FF0FF30EFE703
:1016F000281DFFF76BF8A86A18B105F11800FFF76D
:1017000065F8E86A2169884200D9206100EB800110
:1017100008EB8100291DFFF7ABF8E86A2168C96A68
:101720008842CCD30127CAE7FFF77AF8E06900289E
:10173000A5D00127A3E7000010000020F802002038
:1017400070B504004FF0000133D01B4D286884426F
:1017500007D0502080F31188BFF34F8FBFF36F8FF6
:10176000FEE7206D38B1401E2065E36CE26A9A42C4
:101770001FD040B11DE0502080F31188BFF34F8F80
:10178000BFF36F8FFEE7201DFFF720F8E06CE062EB
:10179000C0F13800A061E06A2969884200D9286157
:1017A000064900EB800001EB8000211DFFF760F887
:1017B0000121084670BD000010000020F802002042
:1017C00070B504004FF000002BD0194DE16A2A6873
:1017D000D26A914226D2A069002804DB2868C06A38
:1017E000C0F13800A061134E01EB8101606906EB86
:1017F0008101884211D1201DFEF7E8FF2868C06AE8
:10180000E0622969884200D9286100EB800006EB7C
:101810008000211DFFF72CF802E02868C06AE06212
:10182000012070BDE16C2A68D26A9142F8D370BD84
:1018300010000020F802002070B5C068C46854B1E0
:1018400004F118000646FEF7C1FF144D286B50B195
:101850003146134815E0502080F31188BFF34F8FB5
:10186000BFF36F8FFEE7201DFEF7B0FFE06A296926
:10187000884200D928610B4900EB800001EB800011
:10188000211DFEF7F5FFE06A2968C96A884202D97E
:101890000120E86170BD002070BD00001000002034
:1018A00080070020F80200202DE9F0472C4D00248D
:1018B0002746286B38B1FEF7E7FF286B401E2863E8
:1018C000286B40B146E0502080F31188BFF34F8F62
:1018D000BFF36F8FFEE7A968224E0120D1B3A6F5B2
:1018E000916980463068E0B1F068C46804F118007E
:1018F000FEF76CFF201DFEF769FFE06A2969884248
:1019000000D9286100EB800109EB8100211DFEF761
:10191000AFFFE06A2968C96A8842E3D3C5F81C8032
:10192000E0E70CB1FCF77EFAAC694CB14FEA08066F
:10193000FFF79AFE00B1EE61641EF9D10020A861A4
:10194000E86938B10849012738070860BFF34F8FAD
:10195000BFF36F8FFEF7B8FF3846BDE8F087000091
:10196000100000208007002004ED00E010B586B0D4
:10197000FBF7CEFF114C2068B8B100200390049013
:1019800005AA04A903A8FEF73FFFDDE903213720DC
:101990008DE8070000230AA10B48059AFFF725FEF2
:1019A000606010B106B0012010BD502080F3118896
:1019B000BFF34F8FBFF36F8FFEE700004C00002096
:1019C000546D72205376630001DF01082DE9FF4159
:1019D0001E46134602000A9D4FF0000016D0144C1C
:1019E0002768002F0FD0CDE900130292062917DADD
:1019F000FFF726FE02284FF000030FD000226946B1
:101A00002068FFF723FB04B0BDE8F081502080F38D
:101A10001188BFF34F8FBFF36F8FFEE72A46EEE7C3
:101A20000023324669463846FFF7C0FBEBE700006B
:101A30004C00002070B50546F1F7D5FF0446284656
:101A4000F1F7D3FF05462046F1F766FD0446284628
:101A5000EEF7EAFD0068A4F2E774614240F3074242
:101A60002846BDE8704089B2EEF7E0BD00000000F6
:101A70000404040000080000000810284058708882
:101A8000A0B80000000000000000010203040607E7
:101A9000080900000000010203040000000000002B
:101AA000000000000000000004040404040000041E
:101AB000000014140A0000000000000000000000F4
:101AC0000A0A1F0A0A1F0A0A000000040E1505066A
:101AD0000C14150E0400000012150D152E2C2A12E0
:101AE00000000000040A0A3615152916000002023B
:101AF00001000000000000000000100808040404B9
:101B00000404080810000204040808080808040473
:101B1000020000000004150E0E1504000000000075
:101B20000008083E08080000000000000000000057
:101B300000000202010000000000003F0000000061
:101B40000000000000000000000000020000002073
:101B50001010080804040202010000000E11111107
:101B60001111110E00000000040604040404040E08
:101B7000000000000E1111080402011F0000000007
:101B80000E11100C1010110E00000000080C0C0AB1
:101B9000091F081C000000001F01010F1110110E89
:101BA000000000000C12010D1311110E00000000C6
:101BB0001E10080804040404000000000E11110E99
:101BC0001111110E000000000E1111191610090656
:101BD00000000000000004000000000400000000FD
:101BE00000000004000000040400000010080402CB
:101BF000020408100000000000003F003F00000049
:101C00000000000002040810100804020000000098
:101C10000E11110804040004000000001C22292DEC
:101C20002D1D221C0000000004040C0A0A1E1233A1
:101C3000000000000F12120E1212120F000000001E
:101C40001E1101010101110E000000000F121212FD
:101C50001212120F000000001F120A0E0A02121FB9
:101C6000000000001F120A0E0A0202070000000016
:101C70001C1201013911120C000000003312121E57
:101C800012121233000000001F0404040404041F95
:101C9000000000003E0808080808080809070000BE
:101CA00037120A060A121237000000000702020269
:101CB0000202223F000000003B1B1B1B15151535BF
:101CC000000000003B1216161A1A1217000000003E
:101CD0000E1111111111110E000000000F12120E41
:101CE00002020207000000000E1111111117190E57
:101CF000180000000F12120E0A1212370000000026
:101D00001E1101060810110F000000001F15040429
:101D10000404040E00000000331212121212120CFE
:101D2000000000003312120A0A0C04040000000034
:101D3000151515150E0A0A0A000000001B0A0A04F0
:101D4000040A0A1B000000001B0A0A0A0404040E0D
:101D5000000000001F0908040402121F00001C04F8
:101D600004040404040404041C0000020204040427
:101D70000808081010000E080808080808080808D5
:101D80000E00040A00000000000000000000000037
:101D90000000000000000000003F020400000000FE
:101DA00000000000000000000000000C121C123CAB
:101DB000000000030202020E1212120E00000000C8
:101DC0000000001C1202120C000000181010101C61
:101DD0001212123C000000000000000C121E021C37
:101DE000000000182404041E0404041E0000000067
:101DF0000000003C120C021C221C00030202020E16
:101E00001212123700000004040000060404040E3D
:101E1000000000080800000C080808080807000374
:101E20000202021A0A060A1300000007040404044E
:101E30000404041F000000000000000F1515151514
:101E4000000000000000000F121212370000000016
:101E50000000000C1212120C000000000000000F25
:101E60001212120E020700000000001C1212121CB7
:101E7000103800000000001B0602020700000000EE
:101E80000000001E020C101E000000000004041ED2
:101E90000404041C000000000000001B1212123C8D
:101EA000000000000000001B0A0A040400000000FB
:101EB00000000015150E0A0A000000000000001BBB
:101EC0000A040A1B000000000000003312120C0874
:101ED000040300000000001E0804041E000018088F
:101EE0000808080C08080808180008080808080866
:101EF0000808080808080604040404080404040484
:101F000006001609000000000000000000000000AC
:101F100000000000000000000000000000000000C1
:101F20000008080808080808000018180000004801
:101F30006C241200000000000000000000000000FF
:101F4000002424247F1212127F12121200000000BB
:101F5000081C2A2A0A0C1828282A2A1C080800000B
:101F60000022251515152A5854545422000000004B
:101F7000000C1212120A76252911916E000000063B
:101F80000604030000000000000000000000004004
:101F9000201010080808080808101020400000024F
:101FA00004080810101010101008080402000000A7
:101FB000000008086B1C1C6B0808000000000000F3
:101FC0000000080808087F08080808000000000052
:101FD00000000000000000000000060604030000EE
:101FE000000000000000FE000000000000000000F3
:101FF00000000000000000000000060600000000D5
:102000008040402020101008080404020200000054
:10201000001824424242424242422418000000007A
:1020200000080E08080808080808083E000000001C
:10203000003C4242422020100804427E0000000082
:10204000003C4242201820404042221C0000000078
:1020500000203028242422227E2020780000000046
:10206000007E0202021A26404042221C00000000AC
:1020700000382402021A26424242241800000000BE
:10208000007E22221010080808080808000000003E
:10209000003C4242422418244242423C00000000DC
:1020A00000182442424264584040241C00000000B2
:1020B00000000000181800000000181800000000C0
:1020C00000000000000800000000000808040000F4
:1020D0000040201008040204081020400000000006
:1020E000000000007F0000007F00000000000000F2
:1020F0000002040810204020100804020000000024
:10210000003C424246402010100018180000000019
:10211000001C225A555555552D42221C0000000026
:10212000000808181414243C224242E70000000072
:10213000001F2222221E22424242221F00000000D3
:10214000007C4242010101010142221C000000000A
:10215000001F2242424242424242221F000000002F
:10216000003F4212121E12120242423F00000000C3
:10217000003F4212121E121202020207000000006B
:10218000003C2222010101712122221C00000000DA
:1021900000E7424242427E42424242E700000000E3
:1021A000003E0808080808080808083E000000006B
:1021B000007C10101010101010101010110F0000E3
:1021C000007722120A0E0A12122222770000000063
:1021D00000070202020202020202427F0000000027
:1021E0000077363636362A2A2A2A2A6B0000000063
:1021F00000E346464A4A52525262624700000000DB
:10220000001C2241414141414141221C000000008B
:10221000003F424242423E0202020207000000002A
:10222000001C2241414141414D53321C60000000DD
:10223000003F4242423E1212222242C700000000EA
:10224000007C4242020418204042423E000000004E
:10225000007F4908080808080808081C000000005A
:1022600000E74242424242424242423C00000000F9
:1022700000E7424222242414141808080000000039
:10228000006B494949495555362222220000000079
:1022900000E7422424181818242442E70000000014
:1022A00000772222141408080808081C0000000007
:1022B000007E2120101008040442423F00000078F4
:1022C0000808080808080808080808087800000036
:1022D0000202040408080810102020204040001EBC
:1022E0001010101010101010101010101E000038D8
:1022F000440000000000000000000000000000009A
:1023000000000000000000000000000000FF0006C8
:1023100008000000000000000000000000000000B5
:1023200000000000003C4278444242FC00000000F3
:1023300000030202021A26424242261A000000004E
:10234000000000000038440202024438000000008F
:102350000060404040784442424264D8000000009F
:1023600000000000003C427E0202423C00000000EF
:1023700000F08808087E08080808083E00000000F1
:1023800000000000007C22221C023C42423C000073
:1023900000030202023A4642424242E700000000C5
:1023A000000C0C00000E08080808083E00000000A1
:1023B000003030000038202020202020221E000085
:1023C000000302020272120A1612227700000000B5
:1023D000000E0808080808080808083E0000000069
:1023E00000000000007F9292929292B700000000DD
:1023F00000000000003B4642424242E7000000006D
:1024000000000000003C42424242423C000000000A
:1024100000000000001B26424242221E020700006C
:1024200000000000007844424242447840E000004E
:102430000000000000774C040404041F00000000AA
:1024400000000000007C42023C40423E00000000D0
:1024500000000008083E08080808083000000000D6
:102460000000000000634242424262DC00000000C3
:102470000000000000E742242414080800000000C7
:102480000000000000EB49495555222200000000E1
:1024900000000000007624181818246E00000000C8
:1024A0000000000000E74224241418080807000078
:1024B00000000000007E22100808447E000000C0DA
:1024C000202020202010202020202020C0001010BC
:1024D0001010101010101010101010101010000616
:1024E00008080808081008080808080806000C3240
:1024F000C20000000000000000000000000000001A
:1025000000000000000000000000000000000000CB
:1025100000000000000000000000000000000000BB
:1025200000000000000000000000000000000000AB
:1025300000000000000060006000600060006000BB
:10254000600060004000200020002000000000002B
:10255000000060006000600000000000000000005B
:102560000000600660063003980188004400000007
:10257000000000000000000000000000000000005B
:10258000000000000000000000000000000000004B
:102590000000000000001002100210021002FE07EE
:1025A000FE0708020801080108010801FE07FE07EE
:1025B0000401040104010401000000000000000007
:1025C0000000000040004000F00158034C03CC0321
:1025D0004C0058007000E000C001C00140034C03F3
:1025E0005C034C034801F000400040000000000084
:1025F0000000000000000E010A019100910091000E
:10260000510051003A00AE03A002500450044804A7
:102610004804480484028403000000000000000015
:1026200000000000000038006C006C006C006C00C2
:102630006C002C0098071C011A013301330163015F
:10264000E300C308C6093C070000000000000000CA
:1026500000000C001C001000100008000400000026
:10266000000000000000000000000000000000006A
:10267000000000000000000000000000000000005A
:1026800000000004000200018000800040004000C3
:10269000200020002000200020002000200040001A
:1026A00040008000800000010002000400000000E3
:1026B00000000200040008001000100020002000AC
:1026C000400040004000400040004000400020002A
:1026D00020001000100008000400020000000000AC
:1026E000000000000000000000004000C0004000AA
:1026F000460C4E0FD001F0015E0F460C400040002A
:102700004000000000000000000000000000000089
:102710000000000000000000000000004000400039
:10272000400040004000FE0F4000400040004000DC
:102730004000000000000000000000000000000059
:102740000000000000000000000000000000000089
:102750000000000000000000000000000000000079
:1027600000000C001C001000100008000400000015
:102770000000000000000000000000000000000059
:10278000000000000000FE07000000000000000044
:102790000000000000000000000000000000000039
:1027A0000000000000000000000000000000000029
:1027B0000000000000000000000000000000000019
:1027C00000001C001C001C000000000000000000B5
:1027D0000000000400060002000300010001800068
:1027E0008000400040006000200020001000100029
:1027F000080008000C0004000600020000000000B1
:102800000000000000000000F00098010C030C0321
:102810000606060606060606060606060606060658
:102820000C030C039801F000000000000000000001
:10283000000000000000000040007C00600060001C
:102840006000600060006000600060006000600088
:10285000600060006000FC03000000000000000059
:102860000000000000000000F800840102030603DD
:102870000603000300018001C0006000200010007A
:10288000080204020602FE0300000000000000002F
:1028900000000000000000007800C60086018601EC
:1028A00080018001C000700080010001000300036E
:1028B000060306038601F800000000000000000087
:1028C000000000000000000080018001C001A001A4
:1028D000A00190018801880184018201FE0F80011E
:1028E000800180018001E00700000000000000007E
:1028F0000000000000000000FC03040004000400CD
:1029000004000400F4008C01040300030003060328
:10291000060382018401F8000000000000000000AE
:102920000000000000000000E00118030C030C0090
:1029300004000600E60116030E0606060606060655
:1029400004060C021803F000000000000000000064
:102950000000000000000000F8070C06040204015B
:102960000001000180008000400040004000600045
:1029700060006000600060000000000000000000D7
:102980000000000000000000F8010C030606060627
:1029900006060C021C03F000C8010C03060606061E
:1029A000060606060C03F00100000000000000000F
:1029B0000000000000000000F0000C010C03060203
:1029C00006060606060606078C06780600060003BD
:1029D00000030C018C0178000000000000000000E2
:1029E00000000000000000000000000000000000E7
:1029F0000000E000E000E000000000000000000037
:102A00000000E000E000E000000000000000000026
:102A100000000000000000000000000000000000B6
:102A200000006000600000000000000000000000E6
:102A30000000000060006000400020002000000056
:102A400000000000000000040002000180004000BF
:102A500020001000080004000800100020004000C2
:102A600080000001000200040000000000000000DF
:102A70000000000000000000000000000000000056
:102A80000000FE07000000000000FE07000000003C
:102A90000000000000000000000000000000000036
:102AA00000000000000004000800100020004000AA
:102AB00080000001000200040002000180004000CC
:102AC00020001000080004000000000000000000CA
:102AD0000000000000000000E0031806040C040CD5
:102AE0000C0C0C0C0007800140004000400000006E
:102AF0000000E000E000E000000000000000000036
:102B0000000000000000E00018030C02CC05640582
:102B10006605A605B604B604B604B604B602E4011A
:102B20000C040C021803F00000000000000000007C
:102B30000000000000000000600060005000D000B5
:102B400090009000880088010801F8010403040344
:102B50000402020202060F0F000000000000000045
:102B60000000000000000000FE008C030C030C03BA
:102B70000C030C038C01FC000C030C020C060C066D
:102B80000C060C060C03FE01000000000000000013
:102B90000000000000000000E00318030C060C0415
:102BA00004040600060006000600060006000604EF
:102BB0000C040C021803F0000000000000000000EC
:102BC00000000000000000007F008C010C030C03DB
:102BD0000C060C060C060C060C060C060C060C0665
:102BE0000C030C038C017F000000000000000000BB
:102BF0000000000000000000FF03060306040604B6
:102C0000060086008600FE0086008600860006001C
:102C1000060406040602FF03000000000000000096
:102C20000000000000000000FF0306030604060485
:102C3000060086008600FE008600860086000600EC
:102C40000600060006001F00000000000000000053
:102C50000000000000000000F00018010C020C024F
:102C600004020600060006000600C60F060306035F
:102C70000C030C031803F00000000000000000002B
:102C800000000000000000000F0F06060606060602
:102C9000060606060606FE070606060606060606DB
:102CA0000606060606060F0F0000000000000000E2
:102CB0000000000000000000FC03600060006000F5
:102CC0006000600060006000600060006000600004
:102CD000600060006000FC030000000000000000D5
:102CE0000000000000000000F807C000C000C000A5
:102CF000C000C000C000C000C000C000C000C000D4
:102D0000C000C000C000C000C60066003C0000005B
:102D10000000000000000000CF038601C60046004E
:102D20002600160036002E006E004600C600860003
:102D30008601060106038F07000000000000000066
:102D400000000000000000001F0006000600060052
:102D50000600060006000600060006000600060043
:102D6000060406040602FF03000000000000000045
:102D700000000000000000000707860386038E03A2
:102D80008E034E034E034A035A035A033A03320397
:102D90003203320312038707000000000000000026
:102DA00000000000000000008E0F0C021C021C023C
:102DB00034023402640264024402C40284028403C2
:102DC0008403040304031F0200000000000000004D
:102DD0000000000000000000F00098010C030C024D
:102DE0000606060606060606060606060606060683
:102DF0000C020C039801F00000000000000000002D
:102E00000000000000000000FF00060306060606A2
:102E10000606060606068603FE00060006000600F5
:102E20000600060006001F00000000000000000071
:102E30000000000000000000F00098010C030C02EC
:102E400006060606060606060606060606067606B2
:102E50004C02CC039801F000800700030000000042
:102E60000000000000000000FF0106030606060641
:102E7000060606060603FE004600C600860086011A
:102E80000603060306060F0E000000000000000007
:102E90000000000000000000F8020C030602060219
:102EA00006000E003C00F800E00380030007020665
:102EB000020606060C03F0010000000000000000FE
:102EC0000000000000000000FE07620461086108C5
:102ED00060006000600060006000600060006000F2
:102EE000600060006000F8010000000000000000C9
:102EF00000000000000000001E070C020C020C0283
:102F00000C020C020C020C020C020C020C020C0251
:102F10000C020C021801F00000000000000000008C
:102F200000000000000000000F0706020401040179
:102F30000C010C0188008800980098005000500097
:102F400070003000200020000000000000000000A1
:102F50000000000000000000F70E62044204460476
:102F6000460464026402E402E4029C029C019801AB
:102F7000980188018800880000000000000000001F
:102F800000000000000000009E070C01080118016D
:102F90009000B0006000200060006000D000900051
:102FA0008801080104038E070000000000000000F3
:102FB00000000000000000000F0F060404020C02D5
:102FC00008011801B800B0007000600060006000E7
:102FD000600060006000F8010000000000000000D8
:102FE0000000000000000000FC070C0206030201C4
:102FF00080018000400040002000200010001800E8
:1030000008040C040402FE0300000000000000009D
:103010000000E0032000200020002000200020000D
:1030200020002000200020002000200020002000A0
:1030300020002000200020002000E003000000000D
:103040000000000000000400040008000800100058
:10305000100010002000200040004000C000800050
:1030600080000001000100020002000200040000D4
:1030700000007C0040004000400040004000400054
:103080004000400040004000400040004000400040
:10309000400040004000400040007C000000000074
:1030A0006000900008010000000000000000000027
:1030B0000000000000000000000000000000000010
:1030C0000000000000000000000000000000000000
:1030D00000000000000000000000000000000000F0
:1030E00000000000000000000000000000000000E0
:1030F000000000000000000000000000FF0F0000C2
:103100000000180060000000000000000000000047
:1031100000000000000000000000000000000000AF
:10312000000000000000000000000000000000009F
:10313000000000000000000000000000000000008F
:103140000000F0010C030C030003E0031C030E035A
:10315000060306038E0B7C0E00000000000000003A
:1031600000000000000008000E000C000C000C0025
:103170000C00CC013C031C060C060C060C060C06CD
:103180000C060C021C03E40100000000000000001B
:10319000000000000000000000000000000000002F
:1031A0000000F0008C018C0186010600060006007C
:1031B00006020C020C01F0000000000000000000FC
:1031C0000000000000000002C00300030003000331
:1031D000000378038C030C030603060306030603AF
:1031E000060304038C0778010000000000000000C3
:1031F00000000000000000000000000000000000CF
:103200000000E001180308020C060C06FC070C0085
:103210000C0018041802E00100000000000000008B
:103220000000000000000000C0036006300630000F
:103230003000FE013000300030003000300030003F
:10324000300030003000FC010000000000000000F1
:10325000000000000000000000000000000000006E
:103260000000F007D8068C018C018C019801F80051
:103270000C00FC00CC03060306038E03F8000000DC
:1032800000000000000008000E000C000C000C0004
:103290000C00EC011C030C030C030C030C030C03CB
:1032A0000C030C030C039E0700000000000000004C
:1032B000000000000000000060006000000000004E
:1032C00040007C0060006000600060006000600002
:1032D000600060006000FC030000000000000000CF
:1032E0000000000000000000C001C001000000005C
:1032F0000001F001800180018001800180018001D6
:1033000080018001800180018001CC007C000000F0
:1033100000000000000008000E000C000C000C0073
:103320000C008C038C008C004C006C005C008C004A
:103330008C010C010C039E0700000000000000003F
:1033400000000000000040007C00600060006000A1
:10335000600060006000600060006000600060006D
:10336000600060006000FC0300000000000000003E
:10337000000000000000000000000000000000004D
:1033800000003707EE0666066606660666066606EF
:10339000660666066606FF0F0000000000000000DB
:1033A000000000000000000000000000000000001D
:1033B0000000EE011C030C030C030C030C030C03B4
:1033C0000C030C030C039E0700000000000000002B
:1033D00000000000000000000000000000000000ED
:1033E0000000F00098010C03060606060606060615
:1033F00006060C030C03F0000000000000000000B3
:1034000000000000000000000000000000000000BC
:103410000000EE011C030C060C060C060C060C0644
:103420000C060C031C03EC010C000C003E00000019
:10343000000000000000000000000000000000008C
:10344000000078028C030C03060306030603060340
:10345000060304038C03780300030003C007000085
:10346000000000000000000000000000000000005C
:1034700000009F03580638061800180018001800AE
:10348000180018001800FF000000000000000000F5
:10349000000000000000000000000000000000002C
:1034A0000000F0031C030C020C023800F000C00303
:1034B000040304038C03FC01000000000000000072
:1034C000000000000000000000002000200030008C
:1034D0003000FE013000300030003000300030009D
:1034E000300030023002E001000000000000000067
:1034F00000000000000000000000000000000000CC
:1035000008028E030C030C030C030C030C030C03C6
:103510000C030C039C077801000000000000000071
:10352000000000000000000000000000000000009B
:1035300000001E070C020801080118019000B000ED
:10354000B0006000600020000000000000000000EB
:10355000000000000000000000000000000000006B
:103560000000F70E6204460464026402EC029C014F
:103570009801980198010800000000000000000078
:10358000000000000000000000000000000000003B
:103590000000BC0718011001B00060006000E000EE
:1035A0009000080108039E070000000000000000D2
:1035B000000000000000000000000000000000000B
:1035C00000009E0708010801080190009000B0006B
:1035D0006000600060002000200024001C0000004B
:1035E00000000000000000000000000000000000DB
:1035F0000000FC018401C400440060002000300091
:10360000180208020C03FC0100000000000000008A
:1036100000000003800080008000800080008000A7
:10362000800080004000200040008000800080007A
:1036300080008000800080008000000300004000C7
:10364000400040004000400040004000400040007A
:10365000400040004000400040004000400040006A
:10366000400040004000400040004000400000009A
:1036700000000C00100010001000100010001000DE
:10368000100010002000400020001000100010006A
:10369000100010001000100010000C0000000000CE
:1036A0001C002204C204800300000000000000008F
:1036B000000000000000000000000000000000000A
:1036C00000000000000000000000000000000000FA
:1036D00000000000000000000000000000000000EA
:1036E00000000000000000000000000000000000DA
:1036F00000000000000000000000000000000000CA
:1037000000000000000000000000000000000000B9
:103710000000000000000000C001C001C001C001A5
:10372000C001C001C00180008000800080008000D6
:103730008000800000000000000000008001C00345
:10374000C003800100000000000000000000000035
:1037500000000000E01CE01CF01E700E380718038B
:1037600008018400000000000000000000000000CC
:103770000000000000000000000000000000000049
:103780000000000000000000000000000000000039
:103790000000000000000000000020102010201099
:1037A00020102010FE7FFE7F10081008100810085F
:1037B000100810081008FE7FFE7F080408040804A3
:1037C00008040804000000000000000000000000E1
:1037D00000000000000000010001C0076019103166
:1037E00018311839183938017001E001C003800719
:1037F000000F001D003900311C311C310C310C113F
:10380000180DE007000100010001000000000000A9
:10381000000000000000000000001C1036186308C3
:10382000630C63046304630263026301361D9C3707
:1038300080228063406340632063206330631022F2
:103840001836081C00000000000000000000000006
:1038500000000000000000000000F00098018C0152
:103860008C018C018C018C00CC007800183E1C0867
:103870003608320863046304C304C3038343064366
:103880008E26781C000000000000000000000000F0
:10389000000000001C003C003C0030003000100024
:1038A0000C00060000000000000000000000000006
:1038B0000000000000000000000000000000000008
:1038C00000000000000000000000000000000000F8
:1038D000000000000040002000100008000C000460
:1038E00000060003000300038001800180018001C5
:1038F00080018001800180010003000300030006B5
:103900000006000C0008001000200040000000002D
:103910000000000002000400080010003000200039
:103920006000C000C000C0008001800180018001F3
:103930008001800180018001C000C000C0006000E3
:1039400060003000100008000400020000000000C9
:103950000000000000000000000000000000000166
:103960008003800300011C713C79783DC007000191
:10397000C007783D3C791C71000180038003800101
:103980000000000000000000000000000000000037
:103990000000000000000000000000000000000027
:1039A0000001000100010001000100010001FC7F95
:1039B0000001000100010001000100010001000000
:1039C00000000000000000000000000000000000F7
:1039D00000000000000000000000000000000000E7
:1039E00000000000000000000000000000000000D7
:1039F00000000000000000000000000000001C00AB
:103A00003C003C003000300010000C0006000000BC
:103A100000000000000000000000000000000000A6
:103A20000000000000000000000000000000FE7F19
:103A30000000000000000000000000000000000086
:103A40000000000000000000000000000000000076
:103A50000000000000000000000000000000000066
:103A60000000000000000000000000000000000056
:103A700000000000000000000000000018003C00F2
:103A80003C001800000000000000000000000000E2
:103A9000000000000040006000200030001000180E
:103AA0000008000C00040006000200030001800171
:103AB0008000C000400060002000300010001800AE
:103AC00008000C00040006000200000000000000D6
:103AD00000000000000000000000C007600C30186B
:103AE0001830183018200C600C600C600C600C60F2
:103AF0000C600C600C600C60182018301830301806
:103B0000600CC00700000000000000000000000082
:103B10000000000000000000000000018001F8012A
:103B2000800180018001800180018001800180018D
:103B3000800180018001800180018001800180017D
:103B4000C003F81F0000000000000000000000009B
:103B500000000000000000000000E007101C081832
:103B6000043004300C300C30003000180008000421
:103B700000020001800040002020102008200430B6
:103B8000FC1FFC1F000000000000000000000000FF
:103B900000000000000000000000E003180E0C0C04
:103BA0000C180C180C180018000C0006C003000EAE
:103BB00000180010003000300C300C300C100C18C5
:103BC000180CE003000000000000000000000000EE
:103BD00000000000000000000000000C000E000EBD
:103BE000000F800E800E400E600E200E100E100E84
:103BF000080E040E040EFE7F000E000E000E000ED6
:103C0000000E000EC07F0000000000000000000059
:103C100000000000000000000000F03FF03F100036
:103C20001000100008000800C807280C1818081019
:103C300000300030003000300C300C300418041814
:103C4000080CF0030000000000000000000000006D
:103C500000000000000000000000800FC0102030B5
:103C600010301800180008000C008C0F6C183C3045
:103C70001C600C600C600C600C6018601820303008
:103C80006018C007000000000000000000000000F5
:103C900000000000000000000000F83FF83F1C108A
:103CA0000C080408040400040002000200010001E2
:103CB0000001800080008000C000C000C000C00083
:103CC000C000C00000000000000000000000000074
:103CD00000000000000000000000E007300C181891
:103CE0000C300C300C301C3038187008E007B0076E
:103CF000180E0C1C063806300630063006300C183C
:103D0000180CE003000000000000000000000000AC
:103D100000000000000000000000E00318040C0890
:103D20000C180610063006300630063006380C3CFB
:103D30001836F03100300018001800180C0C0C0672
:103D40000C03F00100000000000000000000000073
:103D50000000000000000000000000000000000063
:103D600000000000000000008001C003C0038001CB
:103D70000000000000000000000000008001C003FF
:103D8000C0038001000000000000000000000000EF
:103D90000000000000000000000000000000000023
:103DA0000000000000000000C000C0000000000093
:103DB0000000000000000000000000000000000003
:103DC000C000C000800080004000400000000000F3
:103DD00000000000000000000020001000080004A7
:103DE000000600038001C0006000300018000C00D5
:103DF000180030006000C0008001000300060004CD
:103E0000000800100020000000000000000000007A
:103E100000000000000000000000000000000000A2
:103E20000000000000000000FE7F00000000000015
:103E300000000000FE7F0000000000000000000005
:103E40000000000000000000000000000000000072
:103E50000000000000000000040008001000200026
:103E60006000C000800100030006000C0018003054
:103E70000018000C000600038001C0006000200054
:103E80001000080004000000000000000000000016
:103E90000000000000000000C00730180830086073
:103EA0000C601C601C601C600030001C00060001DF
:103EB0008000800080008000000000008001C003BE
:103EC000C0038001000000000000000000000000AE
:103ED00000000000000000000000C0076018103063
:103EE00018200C2F8C4D864CC64CC64C664C664434
:103EF0006644662666266615CC1C0C4008201830E1
:103F00003018C007000000000000000000000000A2
:103F100000000000000000000001C001C001C0015D
:103F20004001600320032003200330061006100622
:103F30001006F80F080C080C080C0C0C04180418D8
:103F400006181F7C000000000000000000000000B8
:103F500000000000000000000000FE07181C1838D8
:103F600018301830183018301818180CF8071818AE
:103F70001830182018601860186018601860183021
:103F80001818FE0F000000000000000000000000F4
:103F900000000000000000000000C0276038103062
:103FA00018200C400C400400060006000600060025
:103FB00006000600060006000C400C400C201830DD
:103FC0003018C007000000000000000000000000E2
:103FD00000000000000000000000FE03180E18188A
:103FE00018301830183018601860186018601860A1
:103FF00018601860186018601830183018101818F9
:10400000180EFE0300000000000000000000000089
:1040100000000000000000000000FE3F18301820E3
:1040200018601840180018081808180CF80F180C19
:104030001808180818001800180018401840182010
:104040001830FE3F000000000000000000000000EB
:1040500000000000000000000000FE7F1870184003
:1040600018C018801800181018101818F81F181801
:104070001810181018001800180018001800180060
:1040800018007E000000000000000000000000009A
:1040900000000000000000000000C013701C1010A1
:1040A00018100C200C200400060006000600060074
:1040B000060006FC063006300C300C301830183084
:1040C0003008C007000000000000000000000000F1
:1040D000000000000000000000003F7E0C180C18DB
:1040E0000C180C180C180C180C180C180C18FC1FB9
:1040F0000C180C180C180C180C180C180C180C18A0
:104100000C183F7E000000000000000000000000CE
:1041100000000000000000000000F81F8001800186
:104120008001800180018001800180018001800187
:104130008001800180018001800180018001800177
:104140008001F81F000000000000000000000000D7
:1041500000000000000000000000E07F00060006F4
:10416000000600060006000600060006000600061F
:10417000000600060006000600060006000600060F
:104180000006000600060E060E038E01FC0000006D
:10419000000000000000000000007E7C18181808D5
:1041A000180418061802180198019801D801B803DC
:1041B000380318071806180E180C181C1818183091
:1041C00018307EFC0000000000000000000000002D
:1041D000000000000000000000007E001800180031
:1041E000180018001800180018001800180018000F
:1041F000180018001800180018001840184018205F
:104200001830FE3F00000000000000000000000029
:10421000000000000000000000001FF81C381C38DF
:104220001C381C3C34343434343434367432643204
:10423000643264326431C431C431C431C430C430F6
:1042400084309FFC0000000000000000000000001F
:10425000000000000000000000001F7C1C103C104B
:104260003410341074106410E410C410C41184119C
:104270008413041304170416041E041C041C041CD9
:1042800004181F18000000000000000000000000DB
:1042900000000000000000000000C003300C1818EF
:1042A00008100C300C300660066006600660066080
:1042B00006600660066006600C200C3008101818B6
:1042C000300CC003000000000000000000000000EF
:1042D00000000000000000000000FE0F1818183059
:1042E0001860186018601860186018301818F80FF7
:1042F00018001800180018001800180018001800FE
:1043000018007E0000000000000000000000000017
:1043100000000000000000000000C003300C18186E
:104320000C100C300C20066006600660066006600B
:104330000660066006600660E4612C331C321816C5
:10434000300EC007004C007C003800000000000068
:1043500000000000000000000000FE07181C1838D4
:1043600018301830183018301818180CF80798033F
:104370001803180718061806180E180C180C181C25
:1043800018187E7800000000000000000000000007
:1043900000000000000000000000E0273038183066
:1043A0000C200C200C000C0018007800E003800F9B
:1043B000001E00380070006004600460086018305F
:1043C0003818C80F000000000000000000000000C6
:1043D00000000000000000000000FC3F8C21846110
:1043E0008241824180018001800180018001800141
:1043F00080018001800180018001800180018001B5
:104400008001E00700000000000000000000000044
:10441000000000000000000000003F7C0C100C10A9
:104420000C100C100C100C100C100C100C100C10AC
:104430000C100C100C100C100C100C100C100808A8
:104440003804E0030000000000000000000000004D
:10445000000000000000000000003EF818201820B6
:1044600018203010301030103010600860086008DC
:10447000E00CC004C004C0048003800380038003F8
:10448000000100010000000000000000000000002A
:1044900000000000000000000000DFF386618621BC
:1044A00086218C210C218C238C138C138C134C13A0
:1044B00058125816580E380E380E380E300C10049C
:1044C00010041004000000000000000000000000C4
:1044D000000000000000000000007E3E18083808C0
:1044E0003004300470026002E001C001C0018001AC
:1044F00080034003400720062006100C100C08180B
:1045000008183E7C000000000000000000000000D1
:10451000000000000000000000007E7C1C1018104D
:1045200018083008300C700460046002C002C00239
:10453000C001800180018001800180018001800133
:104540008001E00700000000000000000000000003
:1045500000000000000000000000F83F18180818D4
:10456000040C040E00060007000380038001C00154
:10457000C000E000600070003000382018201C10DF
:104580000C18FE1F000000000000000000000000EA
:1045900000000000C03F40004000400040004000DC
:1045A000400040004000400040004000400040000B
:1045B00040004000400040004000400040004000FB
:1045C0004000400040004000C03F000000000000EC
:1045D0000000000000000000080018001800100093
:1045E00030002000600060004000C00080008001BA
:1045F0008001000100030002000600060004000C18
:104600000008001800180010003000200000000012
:1046100000000000FC030002000200020002000291
:10462000000200020002000200020002000200027A
:10463000000200020002000200020002000200026A
:104640000002000200020002FC0300000000000063
:10465000000000008007C0062008101000000000C5
:10466000000000000000000000000000000000004A
:10467000000000000000000000000000000000003A
:10468000000000000000000000000000000000002A
:10469000000000000000000000000000000000001A
:1046A000000000000000000000000000000000000A
:1046B00000000000000000000000000000000000FA
:1046C000000000000000000000000000FFFF0000EC
:1046D000000000007800C0000001000000000000A1
:1046E00000000000000000000000000000000000CA
:1046F00000000000000000000000000000000000BA
:1047000000000000000000000000000000000000A9
:104710000000000000000000000000000000000099
:104720000000000000000000F00318060C0C0C0C48
:10473000000C800F700C1C0C0C0C060C060C064CAC
:104740000C4FF838000000000000000000000000DE
:10475000000000000000000010001E0018001800FB
:104760001800180018001800180FD81838303860D2
:1047700018601860186018601860186018203830C9
:104780007818C807000000000000000000000000CA
:104790000000000000000000000000000000000019
:1047A0000000000000000000C007700C1818181866
:1047B0000C180C000C000C000C000C201820181019
:1047C0003008C007000000000000000000000000EA
:1047D00000000000000000000010001E001800187B
:1047E0000018001800180018E01B301C18181818C2
:1047F0000C180C180C180C180C180C180818181C8D
:10480000307AE00900000000000000000000000015
:104810000000000000000000000000000000000098
:104820000000000000000000C007300C181808103D
:104830000C300C30FC3F0C000C000C001820181041
:104840007018C00700000000000000000000000019
:1048500000000000000000000000003E80C380C097
:10486000C0C0C000C000C000FC1FC000C000C0002D
:10487000C000C000C000C000C000C000C000C00038
:10488000C000F80F00000000000000000000000061
:104890000000000000000000000000000000000018
:1048A0000000000000000000C077306C10181818DD
:1048B000181818181018300CF00718001800F00F0E
:1048C000F03F08700C600C600C603838E00F00009E
:1048D000000000000000000010001E00180018007A
:1048E0001800180018001800980FD8183830183021
:1048F0001830183018301830183018301830183078
:1049000018307EFC000000000000000000000000E5
:10491000000000000000000000008003800380030E
:104920000000000000000001F8018001800180010A
:10493000800180018001800180018001800180016F
:104940008001F81F000000000000000000000000CF
:1049500000000000000000000000003800380038AF
:104960000000000000000010801F00180018001850
:104970000018001800180018001800180018001877
:104980000018001800180018180C1806F003000092
:10499000000000000000000010001E0018001800B9
:1049A0001800180018001800183E180C18061803F4
:1049B00018019801D801380318071806180C181C9C
:1049C00018187E7C000000000000000000000000BD
:1049D00000000000000000000001F80180018001DB
:1049E00080018001800180018001800180018001BF
:1049F00080018001800180018001800180018001AF
:104A00008001F81F0000000000000000000000000E
:104A10000000000000000000000000000000000096
:104A20000000000000000800EE1C9C338C318C312B
:104A30008C318C318C318C318C318C318C318C318E
:104A40008C31DE7B00000000000000000000000050
:104A50000000000000000000000000000000000056
:104A600000000000000010001E0FD8183830183069
:104A700018301830183018301830183018301830F6
:104A800018307EFC00000000000000000000000064
:104A90000000000000000000000000000000000016
:104AA0000000000000000000C007701C103018302B
:104AB0000C600C600C600C600C600C6018301830DE
:104AC0003018C007000000000000000000000000D7
:104AD00000000000000000000000000000000000D6
:104AE00000000000000010009E0F581838301820F9
:104AF0001860186018601860186018601830383036
:104B00007818980718001800180018007E00000098
:104B10000000000000000000000000000000000095
:104B20000000000000000000C023303C183818309E
:104B30000C300C300C300C300C300C300830183885
:104B4000303CE033003000300030003000FC00002A
:104B50000000000000000000000000000000000055
:104B600000000000000060007E3C60666061E000C4
:104B7000E0006000600060006000600060006000B5
:104B80006000FE07000000000000000000000000C0
:104B90000000000000000000000000000000000015
:104BA0000000000000000000E02730381830182016
:104BB00018007000E003800F001C043004300C303B
:104BC0001C18EC0F000000000000000000000000B6
:104BD0000000000000000000000000000000800055
:104BE00080008000C000E000FC1FC000C000C000CA
:104BF000C000C000C000C000C000C000C020C02075
:104C00008011000F00000000000000000000000004
:104C10000000000000000000000000000000000094
:104C200000000000000010201E3C18301830183022
:104C3000183018301830183018301830183018382C
:104C400030F4E0130000000000000000000000004D
:104C50000000000000000000000000000000000054
:104C600000000000000000007E3C181818083808FA
:104C700030043004700260026002E001C001C00133
:104C8000C0008000000000000000000000000000E4
:104C90000000000000000000000000000000000014
:104CA0000000000000000000DFF78E630C238C235F
:104CB0008C239813981358165816700E700E700E99
:104CC000200420040000000000000000000000009C
:104CD00000000000000000000000000000000000D4
:104CE0000000000000000000FC3E70087004E004BA
:104CF000C002C0018003800340076006200C100C36
:104D000018183E7E000000000000000000000000B7
:104D10000000000000000000000000000000000093
:104D200000000000000000007E7C18181808300801
:104D30003008300460046004C002C002C002800178
:104D4000800180018000800080004C003C00000059
:104D50000000000000000000000000000000000053
:104D60000000000000000000FC1F0C0C040E0406F4
:104D7000000380038001C000E00070203020383044
:104D80001C18FC1F000000000000000000000000D4
:104D900000000000003000080004000400040004CB
:104DA0000004000400040004000400040002800168
:104DB00000020004000400040004000400040004D5
:104DC000000400040004000400080030000000019A
:104DD00000010001000100010001000100010001CB
:104DE00000010001000100010001000100010001BB
:104DF00000010001000100010001000100010001AB
:104E0000000100010001000100010001000100009B
:104E1000000000000C0010002000200020002000F6
:104E20002000200020002000200020004000800101
:104E30004000200020002000200020002000200052
:104E4000200020002000200010000C0000000000C6
:104E50003800C400864002610022001C00000000EF
:104E60000000000000000000000000000000000042
:104E70000000000000000000000000000000000032
:104E80000000000000000000000000000000D6D07C
:104E9000200020002000FE03220222022202FE0344
:104EA0002202200020002000BEB0FC010401FC0111
:104EB0000401FC012000FF070401FC012000240183
:104EC0003202D4B0FE070204FA0402040204FE0512
:104ED000520452044A0586050204FE07B5E7100095
:104EE0001000FF0111011101FF0111011101FF016A
:104EF00011041004E007D7D30000FC01800040003B
:104F000020002000FF0720002000200020003800A3
:104F1000D6D08000800080008000FC1F84108410A8
:104F2000841084108410FC1F841080008000800096
:104F30008000BEB0F80F0808F80F0808F80F8000CE
:104F4000FF7F0000F80F08080808F80F80008410A1
:104F5000A2204000D4B00000FE3F0220F227022031
:104F60000220FA2F222122212221122912290A2E7F
:104F70000220FE3F0220B5E7800080008000FC1F79
:104F8000841084108410FC1F841084108410FC1F73
:104F9000845080408040007FD7D30000FE1F00086F
:104FA0000004000280018000FF7F800080008000FC
:104FB000800080008000A0004000D6D000000000EB
:104FC00000000018000008000008000008000808A1
:104FD00018F8FF1F180818180818180818180818C3
:104FE000180818180818F8FF1F080808000800001B
:104FF0000800000800000800001800001800001851
:1050000000000000BEB0000000000000400006C02C
:10501000FF07400006C0FF07400006C0FF0740082A
:1050200002003000FEFF3F000000C0FF07C000028A
:10503000C00002C00002C0FF0380100080110160A8
:10504000100E3010180C1E30001C00000000D4B0F0
:10505000000000000000080030F8FF1F08001008E2
:10506000C010083F10080010080010080013C8FF07
:1050700010082210082210082210082210082112FD
:1050800008211488601648C013280010080010F882
:10509000FF1F080010000000B5E70000000000003E
:1050A000001800000800000800000800F0FF0F10C2
:1050B0000804100804100804100804F0FF07100882
:1050C00004100804100804100804F0FF071008007A
:1050D00000081000081000082000183000F01F0021
:1050E0000000D7D3000000000000000004F0FF0F14
:1050F00000000600000100C00000280000180000A9
:105100001800001830FEFF7F00180000180000187B
:105110000000180000180000180000180000180017
:10512000001800001F00000C00000000D6D0000096
:1051300000000000000000800000008001000080EE
:10514000010000800100008001000080010010804B
:10515000010CF0FFFF0F308001043080010430802B
:10516000010430800104308001043080010430806B
:10517000010430800104F0FFFF073080010430801B
:105180000104008001000080010000800100008017
:10519000010000800100008001000080010000800B
:1051A0000100008001000080000000000000BEB08F
:1051B000000000000000000000000000000180016D
:1051C00000FFFF01000380010003800100FFFF01D9
:1051D000000380010003800100FFFF0100818100C6
:1051E000000003000000031CFCFFFF3F0000400024
:1051F0000003C00100FFFF010003C0000003C00066
:105200000003C00000FFFF00000141000004010096
:10521000000E710000078101800101076000010E8E
:105220001898011C04E0011800C0000000000000F4
:10523000D4B0000000000000000000000008F0FFF3
:10524000FF1F3000000C3000000C3000100C30FE4E
:105250003F0C3004000C3000000C3000000C30001B
:10526000000C3000C00CF0FFFF0D3030060E303067
:10527000060C3010060C3010060C3010060C3018DE
:10528000860C3018860C3008060D300C860D300662
:10529000EE0F3002FC0D3001000CF000000C30006D
:1052A000000CF0FFFF0F3000000C100000040000A5
:1052B0000000B5E7000000000000000000C0000092
:1052C00000C0010000C0000000C0000000C00000DD
:1052D00000C00000E0FFFF0360C0000360C00003E7
:1052E00060C0000360C0000360C0000360C0000332
:1052F000E0FFFF0360C0000360C0000360C0000364
:1053000060C0000360C00003E0FFFF0360C0000155
:1053100060C0000000C0000800C0001000C0001005
:1053200000C0001800C001380080FF1F000000000E
:1053300000000000D7D300000000000000000000C3
:10534000000000000003C0FFFF070000800700000E
:10535000C000000060000000180000000C00008089
:10536000030000800300008001000080010800802D
:10537000011CFCFFFF3F0080010000800100008055
:105380000100008001000080010000800100008019
:105390000100008001000080010000800100008009
:1053A00001000080010000FC010000E0000000405E
:1053B0000000000000000000000000005F6F010816
:1053C00055700108000000009D73010882008200F2
:1053D0004A020000000001E001E0000000FF00556B
:1053E000AAFF00112233445566778899AABBCCDD09
:1053F000EEFF000102030405060708090A0B0C0D65
:105400000E0F101112131415161718191A1B1C1D44
:105410001E1F202122232425262728292A2B2C2D34
:105420002E2F303132333435363738393A3B3C3D24
:105430003E3F404142434445464748494A4B4C4D14
:105440004E4F505152535455565758595A5B5C5D04
:105450005E5F606162636465666768696A6B6C6DF4
:105460006E6F707172737475767778797A7B7C7DE4
:105470007E7F808182838485868788898A8B8C8DD4
:105480008E8F909192939495969798999A9B9C9DC4
:105490009E9FA0A1A2A3A4A5A6A7A8A9AAABACADB4
:1054A000AEAFB0B1B2B3B4B5B6B7B8B9BABBBCBDA4
:1054B000BEBFC0C1C2C3C4C5C6C7C8C9CACBCCCD94
:1054C000CECFD0D1D2D3D4D5D6D7D8D9DADBDCDD84
:1054D000DEDFE0E1E2E3E4E5E6E7E8E9EAEBECED74
:1054E000EEEFF0F1F2F3F4F5F6F7F8F9FAFBFCFD64
:1054F000FEFF808080818182828384858687898A7D
:105500008C8D8F91939597999B9EA0A2A5A7AAADEC
:10551000AFB2B500FF1FFF1F01E001E02100200036
:105520000A080B080D300C300E380F386400630089
:1055300000000000B85302082D050108000000001B
:105540000000000000000000C300C300041C0000B5
:10555000B85302088DD301080000000000000000CD
:105560000000000064202B0000000000B853020877
:1055700069D40108000000000000000000000000E5
:105580006420D12700000000B8530208A565010877
:10559000C165010800000000D96501080000000095
:1055A000C0030000C4B10208F1B10108000000000E
:1055B00000000000000000000000000000000000EB
:1055C0003E2D2C1C05012D57845683234100B02805
:1055D000000B04604AEADC802808208CDBEB406486
:1055E0000B000830B00000130008DEC35B27114D2C
:1055F000570006CE8000299A32275B3CDEB2002796
:105600000029920290091190A1008228740001885B
:10561000496840000B290A00083280A003800887EF
:105620000003CB7000A40D0005BA60007CC0105AC6
:1056300007BB37800AE00ACC97700000005756235A
:1056400002C009600D100E000E000E000D10096062
:1056500002C06800E00B30950860950B30E06800F0
:1056600024424DD4799702200000000085003BDCE5
:10567000B1008500008500354A555CC3026A00020E
:10568000B00085000D00049000A3000D000580000F
:10569000B2001C000004DDB101E206B069000E1783
:1056A0008000D269000E11E206B004DDB100BEA098
:1056B0005A05A05A05A05A05A04CDD504201F00041
:1056C00000F0000A8000A9000B80008FDDD58DDE80
:1056D000E0000C4000980000BD900000D35101E2B2
:1056E0006DDD600007A00005C00003D13101D20BC1
:1056F000308DCCFD70000B300000B3000FDDD01DED
:1057000000002C00003EDC600001D43100C45CDDF0
:105710008002BDD41E40006A00007AABA16E105C0E
:105720001D003C04CCB2BDDDE8B400D30004C000D1
:105730000C40003D0000A60001E00007CCB23D0097
:105740006A2D00790BECF26A004D79003E09CBC45A
:105750001ACC609600B39700C909BB8A0000880084
:1057600002E22DDC406A0100026A6A0100006A3828
:1057700032000010005AA13E610006B930000281DB
:105780003BBBB10000003BBBB11000002BA40000EC
:1057900018E104AB503710003CDD505201F000031B
:1057A000D0003D2000850000100000B400004A99A0
:1057B000A70006900003A01B07CB9B47654B008BFF
:1057C0000A7377003B0A653B008B0A1B06CB6CB360
:1057D0000690000000004A9AA2000001F6000000B6
:1057E00088C000000D09400006702B0000DCCCE3EF
:1057F00000590004A00C30000D10FCCCB20F0007C3
:10580000A0F000880FCCDF30F0002E0F0001F0FC7C
:10581000CCC500019DDC30D600355B000007800060
:10582000005B000000D60035019DDC30FDDDB30FCC
:105830000003E2F000069F00004BF000069F00030B
:10584000E2FDDDB300FDDDC0F00000F00000FCCCA7
:1058500070F00000F00000FDDDD1FDDDCF0000F0B4
:10586000000FDDD7F0000F0000F00000019DDC40CC
:10587000D700255B0000078000075B0001D0D60041
:105880003D019DDC50F0000F1F0000F1F0000F1FE4
:10589000DDDDF1F0000F1F0000F1F0000F10F0F05F
:1058A000F0F0F0F0F004DDF20000D20000D20000D1
:1058B000D20000D20601E008DD60F000A80F0099D8
:1058C00000F099000F9F4000FB4E200F105D10F07C
:1058D000006B00F0000F0000F0000F0000F0000F60
:1058E0000000FDDDA0F2000097FC0003F7FA500C69
:1058F000A7F1D06977F079D177F00D6077F00100EA
:1059000077F4000F1FE200F1F6D00F1F09A0F1F0AD
:105910000B7F1F001DF1F0003F10019DDC400D606A
:1059200002D45B00004B7800001E5B00004B0D6052
:1059300002D4019DDC40FDDD90F000A7F0005AF09C
:1059400000B6FDDC70F00000F00000019DDC4000BE
:10595000C7003D405B00004B07800001E05A00009B
:105960004C00D6002D4001ADDD40000004ABA0FD91
:10597000DD90F000A7F0005AF000B7FCCF90F005E2
:10598000B0F0009708DCC35B00114D200006DE90EC
:1059900000019A33005B3BCCB2CDEEDA00970000F9
:1059A00097000097000097000097000097000F00F5
:1059B00001E0F0001E0F0001E0F0001E0E0002D01A
:1059C000A7009801ADD9000C40001D005B000870D5
:1059D00000E200E10007906900001E1D2000009C0D
:1059E000B0000002F4000088000F4002C3D005EAB6
:1059F00000860D20A4E00D10880D0A43C002D5904A
:105A00004A86000DD300ED10008E000AC0005C0035
:105A10001D10980B5000DA900006F20001D7C0006C
:105A2000C50A808A000D300B5000C302D0069000DA
:105A3000881D10000DB6000005D0000004B0000065
:105A400004B0006DDDDF10000B700008A00004D072
:105A50000002E20000D400008FDDDD30FB1F00F00B
:105A60000F00F00F00F00F00FB103A0000C100071C
:105A700060001C0000B2000580000D0000A30004BF
:105A8000909E40B40B40B40B40B40B40B49E400019
:105A9000A800029B000925601B00B09999903A303C
:105AA0001BCD600100E01AAAF17800E12CAAE11EEA
:105AB000000001E000001EACD601F301E21E000A66
:105AC00051F401E21D9CD50007DDA05C0040870079
:105AD000005C004107DDA000000E00000E08DC9E07
:105AE0005C007E87001E5B006E08DB8E08CC905A3F
:105AF00000878CAAA85B002007DCB107C90E009FB5
:105B0000B60F000F000F000F0008DC9E5B005F87E0
:105B1000000F5C006F07DC9F03004C1ACCB21E0024
:105B2000001E00001EACD41F303D1E000E1E000FD4
:105B30001E000F2D00101E01E01E01E01E0001E0FE
:105B4000001000E000E000E000E000E001E0AD60F7
:105B50001E000001E000001E01B601E2D5001FDEBC
:105B60002001F25D001E007B001E1E1E1E1E1E1E5A
:105B70001EABC5BBC21F205F10691E002C004B1E50
:105B8000002C004B1E002C004B1EABC41F203D1EE2
:105B9000000E1E000F1E000F07DDB15C007B8700AA
:105BA0001E5C007B07DDB11EABD601F301D21E00E7
:105BB0000A51F401E21EACD501E000001E00000015
:105BC00008DC8E5C007E87001E5C007E08DC8E0098
:105BD000000E00000E1DAA1F301E001E001E002C0D
:105BE000CC4880002ACA21006A6CCC300F009FB6D6
:105BF0000F000F000E1007D92D001D2D001D2D00C8
:105C00001D0E106D06DB9D0C3009505A01D000D2DC
:105C10008600069D00000E8000B201F102B5807B77
:105C200080850D0D1D0D008990998002F202F20011
:105C30005B03C0089C1000E7000A7C207902D10CAD
:105C40003009505A01D000D27700069D00000E8026
:105C50000000D1000CD600006BBEB002D101D20012
:105C6000C4008EBB9004D309500A500A405F100A4A
:105C7000400A50095004D3EEEEEEEEE0AB00D20D38
:105C800020C209C0C20D20D2AB001A9162442990F3
:105C900007816208620807811923E4000000049C60
:105CA000100016BFFFF2003FFFFFFF2005FFD941A4
:105CB000F2005F20001F2005E00001F2005E0007F7
:105CC0009F2048E007FFF2AFFE002BD807FF9000AF
:105CD00000000110000000004188888814EBE7777D
:105CE0007EBEA2D0000D2AEBE3333EBEB4FBBBBFA9
:105CF0004BD9D0000D9DB5D0000D5BB7FFFFFF7BEA
:105D00000000000000FFD6FFFFFFFFE7FFFFFF6777
:105D100052777776EFC6FFFFFEFFE7FFFFFF675280
:105D2000777776EFC6FFFFFEFFE7FFFFFF78638818
:105D30008887000000004100000006FD0000006FA1
:105D4000F77C1006FF70DFD16FF7001DFEFF7000BB
:105D500001DFF70000001C6000000000000CD10211
:105D6000EAAFD4EF80AFFF8002FFF102EFDFD1DFB7
:105D700080AFB67000850000A6000002A0EA2900EE
:105D80000EE1EA5FA07F40EA08F3BD00EA01F7CC2C
:105D900000B700F8AF000004F64FA0001DF109FDA8
:105DA00089EF50006DFFC400000000000000018872
:105DB00010000005FF40001ECFFFFCD07FFFDDFF7D
:105DC000F72DFA00BFD10BF7008FA06FFE55EFF64D
:105DD0004FFFFFFFF3063AFFA3600003FF30000010
:105DE0000000000000000000000000006F90F800BC
:105DF0000009F8ECF80001BE5A5CF8002DD5EFF66A
:105E0000AF50DA6FFFFF87F111FFFFFFF51002FFC0
:105E1000C39FF60002FFB07FF60001BB704BB300DA
:105E200000008820000001FF60000001FF6000000A
:105E300001FF600001FFFFFF60005FFFFA00000547
:105E4000FFB0008BB98B8BB9DFFFFFFEDFCFFFFF09
:105E5000FCBE000000000000244444300001EFFFBD
:105E6000FFF4000BC000008E106E1000000CA0EEBE
:105E7000CB100ACDF2FFFFB89FFFF4FFFFFFFFFF3B
:105E8000F4CFFFFFFFFFE1000487305F02DFFEFC7D
:105E90007F1ED3003CFF9F1005FEFF440002666694
:105EA0001222000011FFFF5000DAFFA31008F4FCDB
:105EB000FB66BF80F55CFFD50031000000000000EC
:105EC0007000BFABDFFFFFFFFFFFFFFFFF003EF0F3
:105ED000002C00007000000BF000ABDFF020FFFF93
:105EE000F0A6FFFFF059FFFFF092003EF000000225
:105EF000C00000000000400000007000AA00000B7D
:105F0000F00A4A70ABDFF023E2E0FFFFF0A695C293
:105F1000FFFFF05976C3FFFFF092C3E1003EF009A6
:105F2000A6B00002C0033E2000000000C3002444CD
:105F3000444442FFEFFFFFFFF30DFFEFFFF84EFE7B
:105F400025FFFF9DE2006FF90120004FF744444414
:105F50007FCFFFFFFFFC001A000007F50000EFC035
:105F6000008FFF603FFFFF1BFFFFF9FBFFFFDD6EB0
:105F7000FFFC7E59FF609FFF8000131000000000AF
:105F80000E7003E4E704FF5E75FFF5ECFFFF5EFFB4
:105F9000FFF5EAEFFF5E71DFF5E701CF59500092A0
:105FA000880000000FFE500000FFFFC3000FFFFF3E
:105FB000F910FFFFFFFE5FFFFFFFFAFFFFFFF80F83
:105FC000FFFFB200FFFD40000EF7000000110000CF
:105FD0000000000000000DFF90DFF9FFFC0FFFCF75
:105FE000FFC0FFFCFFFC0FFFCFFFC0FFFCFFFC0F5B
:105FF000FFCFFFC0FFFCFFFB0FFFB8BB508BB5000E
:106000000000000DFFFFFFF9FFFFFFFFCFFFFFFFC5
:10601000FCFFFFFFFFCFFFFFFFFCFFFFFFFFCFFFF6
:10602000FFFFFCFFFFFFFFB8BBBBBBB50000000BD1
:10603000A000E7CFB00E7CFFC1E7CFFFDF7CFFFF02
:10604000F7CFFF9E7CFF70E7CF600E775000950082
:10605000000200000000AF60000009FFF500008FA3
:10606000FFFF4006FFFFFFF30EFFFFFFFA03666628
:1060700066620DFFFFFFF90FFFFFFFFB06888888B0
:10608000840000000001C7001DF501DF501DF50070
:106090004FD00006FC00006FC00006F90000510060
:1060A00000003E30002EF30002EF30002EE3000926
:1060B000F8008FA008FA005FA000060000000010A2
:1060C0000000008F40000009F50000009F50009B79
:1060D000BDFCBB6FFFFFFFFB133AF73310009F506F
:1060E000000009F5000000391000BDDDDDDD8EFF88
:1060F000FFFFFA000000000000048A95000001CFB5
:10610000846EE3001EF50872FF40BFE02DF5BFE08E
:10611000DFE3FFF6AFF14FF3AFD1EF7005FD312BA9
:10612000F7000019DFEA3000B6000000000006FAB0
:1061300016AA83000003EFE649FB000001BE4928D0
:10614000FD001D408FFE1FF904FF505FF1FFB00AF4
:10615000FC002DDFF2000AFA101BF7000004BEE479
:1061600008F7000000000004F50000000000010036
:10617000000002E60000000000BFE1000000004F48
:10618000FF900000000DE7CF20000007FC08FB0097
:106190000001EFD09FF400009FFF5CFFD0002FFFB5
:1061A000E1AFFF600BFFFE2BFFFE00EFFFFFFFFFE5
:1061B000F2013333333332000000000000000000EE
:1061C00007C1EFD103EFFC99FB2EECF80054DE255C
:1061D00070000CF4011000BF5C78D1FFF60AFFFDDF
:1061E0007860007CF60000000560000030000000D0
:1061F000AF600000AFEF6000AF90CF609F8000CF36
:1062000057800000A4110000020CE20005F83FE2F4
:1062100005FD103FE7FD10003FFD1000003B1000A2
:1062200000800000000000CFC3FFFFF500BEFEB3FA
:10623000444E60043F340000D60002F200000D60BE
:10624000002F20008CEAF101FFFFF7DFF700044484
:106250004411C7005888200000FFFFE44441FFFFBD
:10626000FFFFFEFFFFFFFFFFFFFFFFFFFFFFFFFF3F
:10627000FFFFFFFFFFFFFFCFFFFFFFFC000033002A
:10628000000003FF4000003FFFF40002FFFFFF207B
:106290000036FF63000004FF40000004FF40009A46
:1062A000A5FF5AA9FFFFDDFEDFFFFFFFFCBE0000D8
:1062B00000000000000000A8400000005FFF000098
:1062C000000CFFE00000006FFA00000000CF50005B
:1062D00000005FD00039104FF400BFFC9FF6000DA6
:1062E000FFFFE400009FFD8100000131000000007D
:1062F0000000000006FE3005C6E7BB05FF4DBDB43B
:10630000FF403CFFFF400008FFB0006FFFDF800E42
:106310007BB2EF80DBD902EF73CA100272005DDD41
:10632000480008FFF6F8CC8FFF843FE8FFFFFCFE33
:106330008FFFFFCFE8FFFFFCFE8FFFFFCFE7FFFFE0
:10634000FCFF4666663FFFFFF40034444300000252
:106350002222000EFFFFFE20F52222FE1F40000E2B
:10636000F8F74444FF9FFFFFFFF9FFF60CFF9FFF84
:10637000209FF9FFFC7FFF9ADDDDDDD4677777771B
:106380004EFFFFFFFB000000000677777774EFFFFA
:10639000FFFFB000000000455555553FFFFFFFFBD4
:1063A00011111111005888888884FFFFFFFFFF6FCB
:1063B000FFFFFFF6C5DFFFFD5CFE6AFFA5EFFFF9FB
:1063C000559FFFFFFFFFFFFFCFFFFFFFFC03AAA2C8
:1063D0000007FFF20009FFD0000BFFD8810EFFFF7E
:1063E000E10EFFFF600005FD000009F400000DA0B4
:1063F00000000F200000020000017911000FFC9F37
:10640000F400FFFDCC300FFA799340FF8EFF6F5FF1
:10641000F8EFF764FF8EFFFFCFF8EFFFFC463EFF7B
:10642000FFC000DFFFFC0002444420000190000098
:1064300002AF810002FFFFD0009FFFFF500CFFFF63
:10644000F800EFFFFFA03FFFFFFE0DFFFFFFF94643
:106450006666662000BF70000000300000244444DF
:10646000444430FFFFFFFFFFF3F4A0A0B0B0F4FFFF
:10647000BEAEAEAFF4FF3A0A0A0FF4FBEAAAAAEAEC
:10648000F4F7B44444C4F4CFFFFFFFFFE100000081
:106490000029700000003AFFE000004BFFFF700091
:1064A0005DFFFFFF100CFFFFFFF9000AEEEFFFF2A8
:1064B0000000000AFFA00000000AFF300000000AF0
:1064C000FB0000000008F40000000000200000EFC6
:1064D000FF5B00FFFF6FB0FFFF6883FFFFFDD6FF8C
:1064E000FFFFF8FFFFFFF8FFFFFFF8FFFFFFF8FFD8
:1064F000FFFFF8FFFFFFF7000000000000011000A1
:10650000000005BFFFFD81002CFEA878CFF70DF736
:106510000000003CF52205BEFD81050009FEA9CF63
:10652000E2000037000038000000008C200000006E
:10653000000FF7000000000058100000CFFFFFFF21
:10654000FFF90F755555555AF2F6FFFFFFFD4F5FE6
:106550006FFFFFFFD1F5F5777777768F4FFFFFFF5E
:10656000FFFFD024444444444100CFFFFFFFFFF924
:106570000F755555544AF2F6FFFFFF004F5F6FFF4E
:10658000FFF001F5F5777777008F4FFFFFFFFFFFF3
:10659000D024444444444100CFFFFFFFFFF90F756E
:1065A0005554444AF2F6FFFF20004F5F6FFFF200A0
:1065B00001F5F5777710008F4FFFFFFFFFFFD02425
:1065C000444444444100CFFFFFFFFFF90F7554449A
:1065D000444AF2F6FF5000004F5F6FF5000001F5EE
:1065E000F5772000008F4FFFFFFFFFFFD0244444CA
:1065F00044444100CFFFFFFFFFFA0F744444444A74
:10660000F2F4000000004F5F4000000001F5F400CC
:106610000000008F4FFFFFFFFFFFD024444444449D
:1066200041000000005B1000000003BDF40000000A
:1066300000A10300000AF73900000760FFEABFAAC3
:10664000AADF45A30093000410000001B8FB00007E
:106650000000029FB00000000000100000006BCAA4
:1066600040009FF6FF401FFF26FB04F6B46BF06F5F
:10667000F406FF06FF90BFF05F9534CF02FBF34DA9
:10668000C00CFF3DF7001BFEF900000010000012D7
:106690003BCA221FFFFFFFFB3666666616FFFFFF41
:1066A000F26F6F6F7F26F6F6F7F26F6F6F7F26F649
:1066B000F6F7F26F6F6F7F24FFFFFFF10344444250
:1066C000000000000097000000009FF8000000A5F7
:1066D000EFE00000BFE5D40000BFFFE00000BFFF17
:1066E000F40000BFFFF40000AFFFF400000DFFF462
:1066F000000000FFF4000000022000000000000580
:10670000888888860008FFFFFFFFF608FFF96F6999
:10671000FF88FFFFC121CFF8DFFFFF505FFF82EF4F
:10672000FF71917FF802EFFEDFDEFF7002DFFFFFF7
:10673000FFE301DFFFE51D6C5AABDF3B188BFFDF8A
:10674000DEEBFFFFFFFBFFFFFFFBFFFFFFFBFFFF9A
:10675000FFFBFFFFFFFBBFFFFFF600000000000094
:1067600000000A0008100007F00BF200008F0BFF7A
:10677000FFFFFFF07FFA999999006F200000000059
:1067800030000000000000000000000000000000D9
:106790000000B002000000000000B002020700008C
:1067A0000700F003040300040D00000707070000C2
:1067B00026003006060900FF4100700809070000A6
:1067C0006100E006070800FF7D00200202030004CC
:1067D00080006003040900FE92006003030900FECC
:1067E000A000000404040003A800D0050605000171
:1067F000B7004002020300FFBA00D0030401000208
:10680000BC00400202020000BE0080030509FFFF39
:10681000D500B00607070000EE00B0030307000034
:10682000F900C005060700000E01C00506070000BC
:106830002301B006070700003C01C0050607000061
:106840005101300606070000660100060607000039
:106850007B01700606070000900130060607000065
:10686000A501400202050000AA014002020700FE45
:10687000B101D00506050001C001D00506030002E4
:10688000C901D00506050001D801C00506070000B2
:10689000ED01500A0A0900FE1A0250070907FF001D
:1068A0003A0290070707010053024007070700005C
:1068B0006C024008070701008502B00606070100C8
:1068C0009A02600605070100AC02C0070707000036
:1068D000C502200807070100DE02200302070100AD
:1068E000E50220050607FF00FA023007070701004E
:1068F0001303F005050701002503900908070100AF
:1069000041032008070701005A0360080807000038
:1069100076034007060701008B036008090800FFA3
:10692000AF03400706070100C40330060607000056
:10693000D903E00506070000EE03F0070707000093
:10694000070420070907FF002704400B0B0700007E
:106950004E04C00607070000670480060807FF0012
:1069600083049006070700009C045003030901FEFE
:10697000AA0480030509FFFFC1045003030900FEB8
:10698000CF04D00506040001DB040005050100FF6B
:10699000DE04000603010106E0040006060500000F
:1069A000EF04D006070700000805B0050605000043
:1069B0001705D006060700002C0520060605000076
:1069C0003B058003040700004905E006060700FEBA
:1069D0005E05D006060700007305D002030700001D
:1069E0007E05D0020409FFFE90053006070700006F
:1069F000A905D00202070000B005900A0A050000B0
:106A0000C905D00606050000D80560060605000089
:106A1000E705D006070700FE0006D006060700FEC1
:106A200015062004040500001F06000505050000EA
:106A30002C062004040600003806C00606050000E7
:106A4000470690050705FF005906000909050000E3
:106A500070068005060500007F0690050707FFFE0B
:106A60009806300505050000A5068003040900FE10
:106A7000B7060003010901FEBC068003030900FEFE
:106A8000CA06D00506020002D00630040404000342
:106A9000D806200303020002DB06000A0B0B00FEEF
:106AA0001807000A0A0800004007000A0A0A00FF47
:106AB0007207000A0A0800009A07E00607080000AB
:106AC000B607000A0A0B00FEED07000A0A0B00FEDB
:106AD0002408400B0C0A00FF6008000A0A0B00FEA5
:106AE0009708400B0C080000C708000A0A0B00FEBC
:106AF000FE080005050800001209800708080000CC
:106B00003209400B0C0A00FF6E09000A0A08000057
:106B10009609E006070B00FEBD09C008070A01FF41
:106B2000E009C008090B00FE120AC008090A00FFAC
:106B30003F0AC008090A00FF6C0AC008070A01FFE3
:106B40008F0AC0080A0AFFFFC10A4006060A00FFB2
:106B5000DF0A4006060A00FFFD0AC008090A00FF16
:106B60002A0BC00809030002380B400B0C08000078
:106B7000680B800C0D0B00FEB00B400B0D0BFFFEE5
:106B8000F80B000A0A0A00FF2A0CC00809060001D7
:106B9000450CC00809060001600C800C0D080000BF
:106BA000940C000A0A080000BC0C000A0A0B00FE44
:106BB000F30C000A0B0BFFFE300DC008090A00FFA2
:106BC0005D0DC008090B00FE8F0DC008090A00FF0B
:106BD000BC0DC008090900FFE50D000A0A08000005
:106BE0000D0E4006080BFFFE390EC008090B00FE13
:106BF0006B0EC008090B00FE9D0E400B0C08000038
:106C0000CD0E000A0C0BFFFE0F0F8007080B00FED5
:106C10003B0F800C0D0A00FF7C0F800C0D0700005D
:106C2000AA0F800C0D070000D80F800C0D07000084
:106C30000610800C0D0700003410800C0D070000BA
:106C40006210800C0D0900FF9D10C008090B00FEAA
:106C5000CF10C008090B00FE0111000A0B0BFFFE4C
:106C60003E11800C0D08000072118007080B00FE19
:106C70009E11100A0B0700000000721F51EF58EF21
:106C80005BEF5CEF5DEF61EF63EF65EF69EF6CEF7A
:106C900071EF76EF77EF78EF8EEF93EF98EF9BEF52
:106CA0009CEF9DEFA1EFA2EFA3EFA4EFB7EFB8EF3A
:106CB000BEEFC0EFC1EFC4EFC7EFC8EFC9EFCBEF36
:106CC000E3EFE5EF14F015F017F019F030F037F0BE
:106CD0003AF043F06CF074F0ABF03BF190F191F1CD
:106CE00092F193F194F1D7F1E3F13DF254F2AAF469
:106CF00012F7F2F7200000005F0001000000000022
:106D00000000000000000200B0000000F3F7600087
:106D1000786C0208000000003E0003000000010241
:106D20000003040502060708090A090A0B0C000DF6
:106D30000E0F101112130C14140000001516171862
:106D400019161A1B1C1D1D1E1F201D1D1621222376
:106D500003241E2525262728292A2B002C002D2E2A
:106D60002F303132332D343435302D2D2E2E363711
:106D70003839333A3A3B3A3C290000093D090000D2
:106D80000000000000000000000000000000000003
:106D900000000000000000000000000000000000F3
:106DA00000000000000000000000000000000000E3
:106DB00000000000000000000000000001020003CD
:106DC000040502060708090A090A0B0C0D0E0F102C
:106DD000110C1213141515000000161718191719A5
:106DE00019191719191A1919191917191719031B2C
:106DF0001C1D1D1E1F2021222300240025262727BD
:106E000027002726282926262A2A272A272A2B2C24
:106E10002D2E2E2F2E3000002309310900000000F6
:106E20000000000000000000000000000000000062
:106E30000000000000000000000000000000000052
:106E40000000000000000000000000000000000042
:106E50000000000000000000000000000000000032
:106E6000000000000200000000010000000000001F
:106E70000000000000000000000000000000000012
:106E800000000000000000000000070004FC0000FB
:106E90000000F7F601080403FA01080007020500E4
:106EA000000000000000000000000A01FF000000D8
:106EB0000000000000000000000300FB00000000D4
:106EC00000FD03030000FE00FF0200FE00FEFFFDC8
:106ED00000000000FE0000FEFE0000FE00FD0000BD
:106EE00000000000000000FEFE00FE00FC00ED00BF
:106EF00000FD0003050000FD02020503FD03000084
:106F0000F70000000000000000000000FA00000090
:106F10000000000000000000000000FCFEF800FA85
:106F2000FF00000000000600FBFF000000FD000065
:106F3000FFF40000000000000000000000F3FF0666
:106F4000000000000000000000000000F900000048
:106F5000000000000000000500020000FD0000002D
:106F6000000000000000000000000000000006011A
:106F70000000000000000000000000000000000011
:106F80000000000000000000000000000000000001
:106F90000000000000000000FA00000000000000F7
:106FA00000000000000000000000000000000001E0
:106FB000030205FE000003FEFBEA01040300FE00DD
:106FC000060005000500F100FE050005FE030200B5
:106FD0000000FE0000FD0D000D0005000702030586
:106FE000000000FA0000000000FF0001FDFEFD01AE
:106FF00000FE000000FA0000000000000000000099
:1070000000F600000000000000000000000000008A
:107010000000F700F600000000FF0010FEFE020274
:10702000FF00FE020000F800000000000000000069
:107030000000F0000200000000000000000000005E
:1070400000F6000A0000FA000500F5F0F5FD050065
:1070500000F50002FC00FE0000000000000000003F
:107060000000000405EC000000000000000000002B
:10707000000008000100000000000101FEFD00000A
:1070800000FE0000FF000000FD00FF00FCFD00FC12
:10709000FBFBFD00FD00FD00000000FF0000020002
:1070A00001FE000000000002FF000000FF020200DD
:1070B000000000FD00000000000000000002FF00D2
:1070C000FE00FD0000FF00050000FE0000000000C3
:1070D0000000FFFF0000FE00FE00000000000000B6
:1070E0000000FFFF00FEFE0000000000000000FFA7
:1070F00000FEFEFE000000000000000000FF000097
:107100000000FFFE00FE00FBFFFB030000FD02038A
:107110000400FC00FE0000F802FF01F8020000007D
:10712000F800F8FFF2FF00F800030400020000007E
:10713000000000FDFE00FB000000FE000000FE005D
:1071400000000000FFFF00FFFE0000000000000044
:10715000FEFE00FFFEFF0000FE0000000000000039
:1071600000000000FFFF00FE00FF00FD020000FE27
:10717000010202000000000000FF0000000000010A
:107180000000FE00FEFFFE00000000000000010005
:10719000FF00000000FEFE00FD0005FF00FB0000F8
:1071A00004F8F8F9FD0200FFF6FD00FD00FD02FD08
:1071B000F600FC0000010001FF000200FBFA00F8ED
:1071C000FCFDFCFBFEFC00FDFC01000000FE0000DD
:1071D000000100020000000000000000000000FEAE
:1071E00000FF0000FE00FDFCFC0000FB00000000B2
:1071F0000000FF0000000001FF000000020000008E
:107200000000000000080000000000000100000075
:10721000FE0000000000000000000000FD00020071
:10722000000000000000000000000000FF0000005F
:10723000FD00000000F8FB000000FEF80000FE0268
:1072400000FC00000000000000000000FD0000FD48
:107250000000000000000000000000000200FD002F
:10726000000000020001FDFD00FEFEFE0000000027
:107270000000FB00FE00FEFE00FCFCFBFF00FD002A
:10728000FB000000000D0000010000FE000200F9FC
:107290000000000000F1FD0505FFF90002FE00F806
:1072A000FFFE02F5FE020002FAFEFAFBF90000F60C
:1072B00000090000FF000000FFFFFEFCFB00F100E2
:1072C00000000000000000000000000000000000BE
:1072D000000000000000000000FE00FFFEFE0000B5
:1072E000FD00FE00000000000000000000000000A3
:1072F00000000000FD000003000200FC02FF00FC93
:10730000FE00FEFEFF00FEFD0000FF00FFFDFE0090
:1073100000FE0002FF00FC000000FD00FD00FDFD7E
:10732000020000000000000000FD0200FE00FFFE61
:10733000FBFFFFFF00FFFE000000000000FEFFFF5C
:107340000000000002FF00FF000000FFFEFFFFFE44
:10735000FF0001060000FC00FF0300FEF9FE020032
:1073600000F8FD02FD0100FFFFFB00FE010000FD33
:107370000000000202FDFD00FDFEFEFEFE00FD011C
:10738000FDFD0500000000000000000002000000FC
:1073900000000000000000000000000000000000ED
:1073A00000000000FD0000000000000000000000E0
:1073B00000000000000000000000000000000000CD
:1073C00000000000000000000000000000000000BD
:1073D000FF000000000000000000000000000000AE
:1073E0000000000000000000000000000000FFFEA0
:1073F000000000000000000000000000FE0000FE91
:107400000000FEFE00000000FE00000000FF000083
:10741000000000FF00000000FE00FD000000FB0077
:1074200001FC0300FFF80000FCFE00FAFCFC000079
:10743000F9FEFAFAF800FC00010BFE00FCFE00FE6B
:10744000FDFCFDFAF9FCFE0000FF00000000F5FF66
:107450000504FCFA0000FB00F8FFFE03F1FE00004B
:1074600000F6FEF8FEF40000F500090000FF000041
:107470000000FFFFFAFF00F600000000FB00FF0025
:1074800000FCF80000FFFEFBFE00FF00000000F91A
:10749000FEFBFBFFFDFCFEFD00FDFFFBFE00FEFD15
:1074A000FEFD000100FFFB000300FD0000000002E4
:1074B0000001FD0700FEFEFE000000000000FB00D2
:1074C000FE00FEFE00FCFCFBFF00FD0106000000CC
:1074D000000D0000010000FE00020000000000009E
:1074E0000000000000000000FFFD0000000000FFA1
:1074F000000000FEFE0000FDFE0000FD0003FF0096
:1075000000000000000100000000020301FF00FB7A
:10751000FD0005FBFBFDFD060302F2FF03FE00FE7E
:1075200002FEFA00FE02FEFFFBFF0000050300FC66
:1075300000F7FE05FEFA00FEFBFBFE060200FE0061
:10754000FC000105FCFAFAFC050000F4FF02FDFF57
:10755000FC00FCFAFEFEFF0000FCFDFE000504FE40
:10756000F700F7FE00FAF700FBFDFBFC040000FE4D
:1075700000FDFF00FEFD0003FB020000F800FEFC22
:10758000FDFFFBFCFBFC00FBFEFCFDFBFE00000026
:1075900008FD00FBFE00FEFDFCFCFCFAFEFD030006
:1075A000FE00F8FE0103FBFAFDFB05FE01F1FD0301
:1075B000FCFDFA00FBF9FEFEFFFEFDFB00000005EE
:1075C00004FFF600F6FC04FAF5FDFAF9F8FB0300F7
:1075D000000000FE000002FE0301FD030000FB00AE
:1075E0000000000000FF000000000000FE0000009E
:1075F0000001050000FE00000000FFFFFE0000008B
:107600000001000000000100FF000600030000FE72
:107610000003000000010000000000000000000066
:107620000005000400000000000000000000000051
:107630000000F600FE03000500001002FDFD02023E
:10764000FF00F8000008F600000000000000000045
:107650000000F50616000000000000000000000019
:1076600000F6000000000000000000000000000024
:10767000000000000000000000000000FD0000FD10
:10768000FF000000000000000000000000000000FB
:1076900000000000FF00FC00000000000215FDFFDC
:1076A0000504FC0200000202FE00000000000000D1
:1076B00000000000EB0400000000000000000000DB
:1076C00000000000000000FC000000FC00000000C2
:1076D000FCFF000000FC00FE00F8000000000000BD
:1076E0000000000000F500000000000000000000A5
:1076F00000FE0000FD00FE00FC000000FD02FE0098
:1077000000FCFEFC0000FC00FE00F800FE0000F3A0
:10771000FDFAFEFA0000F500FCFF0000000000008A
:107720000000FEFDFFFD00000000FC00FC02FE0367
:1077300000FFFCFFFDFD00FEFFFF01FC000000005C
:10774000F2FFFE00FC00FFF8FF0000FFFF0000005A
:10775000000100FFFDFF030000000000000000002A
:107760000000000000000000000000000000000019
:107770000000000000000000000000000000000009
:10778000000002000000000000FC00FF000000FDFF
:1077900002000000FCFEFD0000FC00FE00F80000FE
:1077A0000000F000FDFAF80000F500FFFE00000008
:1077B0000000000000FEFEFFFE00000003FE0005CA
:1077C00008FEFEFB02080304FC0207020504040095
:1077D000000000000000000000000A08FDFE00FF9D
:1077E0000D070D000000020000060000FD00000073
:1077F000000000000000FF00000000000000000288
:1078000000000000F3FEFFF9F80000F500000000A2
:1078100000000000000000000000000000FD00006B
:1078200000000000000000FF000000000000000059
:107830000200000000F3FEFFF9F80000FA0000006B
:107840000000000000000000000000000000000038
:10785000FF000000FC0200FE010302FB0000FF022B
:10786000000100000000FC00FFFFFD00FFFA000A1D
:10787000FE00FCFF00FFFD00FEFCFDFE000000FD21
:10788000000000000000000000FF000000000000F9
:1078900000000200000000F3FEFFF9F80000F50010
:1078A00000000000000800000000000000000000D0
:1078B000FD00FBFEFF05FFFEFA00FF00FFFC0004D9
:1078C00000010001FCFAFE00FAFDFCF9FA00FDFDE2
:1078D000FEFEFFFFFEFF00FF00020002FF000500AA
:1078E0000000000000000000000000FFFEFE00009D
:1078F000FC00FF00FD000000000000000000000090
:10790000F60000000000000000000000FEFE00FE87
:1079100000000000FF0000FDFE0200FDFDFF00FB77
:10792000FFFCFFFE00FD0000000000000000000062
:1079300000F500050000FD00000000FE00FE000054
:10794000FF0000FF00FC000007FEFBFB010202003D
:10795000FC010201050105FFFC0000FA0000FBFC30
:107960000000FD00FEFD00FE00FE00FF0200FFFB28
:10797000FE060000FF00FD000002FC0002FE010008
:1079800000FB00FF0000FE02FF000000F9FEFC000B
:10799000FB0000F80006FE00FD000100FE00FEFBFB
:1079A00000FE0200000000FF000002FE000000FEDA
:1079B000FF00FE00000000000000000000000000CA
:1079C00000000000F600040000FF000000000000BE
:1079D000FEFE0000000300040000000000F6F700B7
:1079E000070503FA0107000600030000000000007D
:1079F000000000000008000000000000000000007F
:107A00000000000000000000586E02081C6D020813
:107A1000BA6D02083D310000C055020888670208AF
:107A2000F46C0208087A020810000228B001002055
:107A30002B3D0108B93C01080B00020000FF0100CA
:107A4000187A020800000000000000000EA0D90D06
:107A500090C80C80B70A60110B80D91F0991F0887B
:107A60001F0880F088000000000D203C00000F007F
:107A700069002FFFFFFFF7015C11A610006900C32A
:107A800000008800D2009FFFFFFFF012C523E22014
:107A900000D203C00000F004B0000000700000003D
:107AA0000E00000000E0000019EFEA300CD6E6A757
:107AB00002F40E00001F80E000006FEF500000167F
:107AC000FFE500000E0AF00100E05F13F85E6EB003
:107AD00005CFFE9100000E0000000070000008DDE0
:107AE0003000A7004B02D004C0007700D01D20005A
:107AF0004B03D0A7000007DC34C4CC3000001D2DA0
:107B000022D00000A63B00B30005C03A00A3001D30
:107B1000200D00D000A60004CC40004DFC30000039
:107B2000F718C00001F205D00000BB6E4000005FF6
:107B3000F3000007E6DB03802F301DBAA05F0001D1
:107B4000DF401FB448FEC003BFFC40B2000000008D
:107B5000001F01F01F00F0000003F10B900F404FD9
:107B6000007D009B00AA00AA009B007D004F000F33
:107B7000400B9003F15E000E6008C004F001F300BA
:107B8000F500E600E600F501F304F008C00E605EC3
:107B90000000930088A6C209FE404DDDB14293501B
:107BA000005200000450000008A0000008A0001FC0
:107BB000FFFFF30339B3300008A0000008A0000164
:107BC00003F61E60E12C00000003FFF903331000F0
:107BD00003F52E4000000E400004E000009A000073
:107BE0000E400004F000009A00000E400003F00078
:107BF000009A00000E500003F000009A00000E50A2
:107C00000003F00000004CFE70004FB68F900DB0E6
:107C1000005F32F40000E74F20000CA4F20000CA1D
:107C20002F40000E70DB0005F204FB68F90004CF62
:107C3000E700EFFB44CB00AB00AB00AB00AB00AB0D
:107C400000AB00AB00AB07DFEA108E857EC0010001
:107C500006F1000006F000000D900000CC00001CB2
:107C6000C00001DB00001DE544427FFFFFF97FFFFC
:107C7000FFF024445F900000BC000009E100003FD9
:107C8000D81000046DD0000002F4100002F4BD759D
:107C90007DD019DFEA1000000DA0000000AC00004C
:107CA0000007E10000004F40100002F600F5001D43
:107CB000A000F5007FFFFFFFF3133333F730000020
:107CC00000F500000000F50009FFFFF00AB4444091
:107CD0000C8000000E7000000FFFFC4003345CF2CB
:107CE000000000F7100000F78E856CF108DFFB3014
:107CF000002AEFD5003FD657400CC0000002F40028
:107D000000004F5BFFA104FE845DD03F80003F3048
:107D1000E80003F206F845DC0005DFE9109FFFFFED
:107D2000FD9D4444E99C0004F200000BB000002FCC
:107D3000400000AD000001F6000008E000000E80E9
:107D400000006F1000019EFE9100BE636EC00F60C8
:107D5000006F00CC202BC002EFFFE200DC424CD0D1
:107D60005F20001F55F20002F50ED535DE001AEF38
:107D7000EA1003BFEA202FA44BE18E0000E99D002A
:107D800000DD4F7129FF07FFFC9E000210AC0000D0
:107D900002F607658FB00AEFD7002E53F5000000FA
:107DA0000000003F52E42E53F50000000000002EBA
:107DB00052F60D21D001000000003100006CF201EC
:107DC0008ED6000FC300000AFB40000017EE7000C3
:107DD0000005C3000000001FFFFFF3033333300032
:107DE000000000000000001FFFFFF30333333004E6
:107DF0000000000ED71000005CF92000002AF200FD
:107E000003AFB106DE82001C600000000000000726
:107E1000DFEA109E746EC0010006F0000009C00089
:107E2000008E200006F20000087000000000000034
:107E30000B8000000C900000006CEFDA4000003D69
:107E4000A41016D90001E509EE98CA900A80BD4336
:107E5000AFC0D30F13F2000CC0693C06D00007C0BE
:107E60003B4B06D00007C02C3C03F2000CC04A0F6D
:107E700010BD439EE3C50A8009EE91CF9001E50055
:107E800000000000003DA41028000000007CEFD995
:107E9000100000000CF1000000003FD700000000BF
:107EA000B96E00000002F20E50000009A007D000D9
:107EB000001F3000F400007FFFFFFB0000E73333BA
:107EC0004F2005F000000C900C90000006F18FFF91
:107ED000FEC408E3334BF28E00001F58E00018F197
:107EE0008FFFFFF808E33337F68E000009C8E00083
:107EF000009D8E33347F78FFFFFD700007CFFB407D
:107F000000CF966AF50AE20000301F600000004FC3
:107F1000200000004F200000001F600000000AE267
:107F200000003001CF966AF50007DFFB408FFFFEAF
:107F3000A4008E4446CF708E000007F38E00000030
:107F4000DA8E0000009D8E0000009D8E000000DA99
:107F50008E000007F38E4446BF708FFFFEA4008F93
:107F6000FFFFF68E4444418E0000008E0000008F1B
:107F7000FFFFC08E3333208E0000008E0000008E85
:107F80004444428FFFFFF98FFFFFF68E4444418E39
:107F90000000008E0000008E0000008FFFFFC08EEA
:107FA0003333208E0000008E0000008E00000000A1
:107FB00007CFFC5000CF966AF60AE20000201F604F
:107FC0000000004F200000004F200000B91F60009B
:107FD00000B90AE30000B900CF966AF80007DFFC99
:107FE000608E000008E8E000008E8E000008E8E0E7
:107FF00000008E8FFFFFFFE8E333339E8E00000802
:10800000E8E000008E8E000008E8E000008E8E8E12
:108010008E8E8E8E8E8E8E8E02FFFFC00444BC002C
:108020000009C000009C000009C000009C0000097D
:10803000C02000BA0EB58F603CFE808E00004F500D
:108040008E0004F6008E003F70008E03F800008E54
:108050002EC000008EECF600008FB07F30008E0046
:108060000AE1008E0000CC008E00001EA08E0000F1
:10807000008E0000008E0000008E0000008E0000C8
:10808000008E0000008E0000008E0000008E444430
:10809000408FFFFFF28E00000008E8F7000002FEAC
:1080A0008FF10000BFE8DCA0004F9E8D2F300D87C0
:1080B000E8D09C06E07E8D01E7E507E8D006FC00ED
:1080C0007E8D000A2007E8D00000007E8E10000898
:1080D000E8FC00008E8FF90008E8E6F6008E8E09B5
:1080E000F308E8E00CE18E8E001EB8E8E0003FEEF9
:1080F0008E00006FE8E00000AE0007CFEB500000FC
:10810000CF966BF9000AE200005F601F6000000A72
:10811000D04F20000006F04F20000006F01F600046
:10812000000AD00AE200005F6000CF966BFA000000
:1081300007DFEB50008FFFFD7008E4458FB08E0025
:10814000005F38E00001F58E00003F48E0014DD0AF
:108150008FFFFFB208E33310008E00000008E0003C
:1081600000000007CFEB500000CF966BF9000AE249
:1081700000005F601F6000000AD04F20000006F082
:108180004F20000005F01F6000000AD00AE2000046
:108190005F6001DF855AFA000008DFFC5000000034
:1081A00001EC21940000001BFFC100000000120040
:1081B0008FFFFD7008E4458FB08E00005F38E0004F
:1081C00001F58E00003F38E0014DD08FFFFFC2085F
:1081D000E333DA008E0002F608E00005F3019EFDAD
:1081E000A200CE646B702F40000001F80000000672
:1081F000FD950000016AEE500000009F0020000580
:10820000F13FA547EB004BEFE910FFFFFFFF2444D0
:10821000BD44400009C00000009C00000009C000EF
:1082200000009C00000009C00000009C0000000944
:10823000C00000009C00009C00000BA9C00000BA18
:108240009C00000BA9C00000BA9C00000BA9C00054
:1082500000BA8E00000D94F40003F50CF868FD00E0
:1082600009EFE9100CB000000AC05F200001F50022
:10827000E900008E0008F0000E70001F6005F1009C
:1082800000AD00C9000003F43F3000000CBAC0008C
:1082900000005FF500000000EE00006F10000DB060
:1082A0000002F21F60003FF10008D00BB0008BE627
:1082B000000D7006F000E69B002F2001F503F14F42
:1082C000108D0000CA09B00E60D800006F0E600962
:1082D000B2F300001F9F1004F9D000000CFB000057
:1082E000EF80000007F600009F30003F50000DA017
:1082F00008F2009D0000CC04F300002F9E700000E7
:1083000006FC00000009FE1000004F4DB00001E81F
:1083100002F7000BD0007F207F20000BD00CB000B4
:10832000009C002F50002F30009E000C900000E8B1
:1083300005F1000005F3E60000000CFD0000000060
:108340003F4000000002F3000000002F300000005A
:1083500002F300004FFFFFFF9144444AF300000383
:10836000F6000001EA000000CC0000009E100000B2
:108370006F4000003F7000001ED4444436FFFFFFF2
:10838000FC8FF68D318D008D008D008D008D008D60
:10839000008D008D008D008D008D318FF65D000009
:1083A00000F200000B8000006D000001F200000BE5
:1083B0008000006D000001F200000B7000006D00F5
:1083C0000001F200000B7000006D000001F2BFF32D
:1083D00025F302F302F302F302F302F302F302F3D2
:1083E00002F302F302F325F3BFF300AD00001EC455
:1083F000000885A000E20E105B00970B5002E0EE33
:10840000EEEEE00BC00009B004CFEA100B745DB0D3
:10841000000004F004CEEEF21F8214F24F1004F2BA
:108420001F703DF204DFD7F2BA000000BA0000006E
:10843000BA000000BA8EFC30BFD54BF3BE1000CAA4
:10844000BA00007EBA00007EBE1000CABFD55BF342
:10845000B98EFC30007DFD6009F748F42F500020F4
:108460005F0000005F0000002F50002009F748F473
:10847000007DFD600000001F40000001F4000000CE
:108480001F4008EFC4F40AF748FF42F50007F45F05
:1084900000002F45F00001F42F50006F40AE637EC6
:1084A000F4008EFC4F40008EFC400AD538F42F209B
:1084B000008C5FEEEEFF5F2111112F70001009F8A4
:1084C00046E4007DFE80009EE305F44108C000CF35
:1084D000FFF029D32008D00008D00008D00008D031
:1084E0000008D00008D000007EFC4E60AF747FF61C
:1084F0002F50005F65F00000F65F00000F62F6008D
:1085000006F609F747FF5007EFC4F50000003F20CB
:10851000CB646EB003AEFD8000BA000000BA00006C
:1085200000BA000000BA8EFB20BFC56DD0BE0003AC
:10853000F2BA0000F4BA0000F5BA0000F5BA000083
:10854000F5BA0000F5BAA800BABABABABABABABA55
:10855000000AB0009900000000AB000AB000AB00B8
:108560000AB000AB000AB000AB000AB000AA064E89
:1085700071DFA0BA000000BA000000BA000000BA23
:10858000001CC0BA01CC00BA1CD100BBCF6000BF38
:10859000DBE100BD11DC00BA003F70BA0007F3BA9E
:1085A000BABABABABABABABABABAB99EFA15DFD46E
:1085B0000BFB45EDE64AF2BE0006F6000E7BA0007E
:1085C0004F2000C9BA0003F1000C9BA0003F10002F
:1085D000C9BA0003F1000C9BA0003F1000C9B99E6E
:1085E000FB20BFB45DD0BE0003F2BA0000F4BA00B5
:1085F00000F5BA0000F5BA0000F5BA0000F5007DFC
:10860000FD60009F748F702F50007F05F00001F314
:108610005F00002F32F50007F009F748F70007DF89
:10862000D600B98EFC30BFC43AF3BE1000CABA00FF
:10863000007EBA00007EBE1000CABFD55BF3BA7ED2
:10864000FC30BA000000BA000000BA000000008E42
:10865000FC3F40AF748EF42F50007F45F00001F4D2
:108660005F00002F42F50007F40AF748FF4008EFCB
:10867000C4F40000001F40000001F40000001F408F
:10868000B98E4BFD71BE100BB000BA000BA000BA42
:10869000000BA00005DFEA13F735A06F000001EE24
:1086A0009610016AEF300000D96C646F62AEFD7005
:1086B00008D00008D000CFFFF029D32008D0000850
:1086C000D00008D00008D00005F551009FE3C80095
:1086D00002F3C80002F3C80002F3C80002F3C900A5
:1086E00003F3AB0007F35F837EF306DFC5F30D9062
:1086F000000AA06E0001F300F5007D0009C00E60C5
:10870000003F24F00000C8B9000006FF3000000F51
:10871000C000C80006F1000D56D000CF6003F01F66
:10872000302F9C009A00B807B2F10E4005E0D60C3D
:1087300074E0000F6F007C990000AFA001FF4000C3
:1087400005F4000BE0004F3007E109D02F4000D9BD
:10875000D900003FD000004FE10001E7BB000BB0A3
:108760001E707E1005F30D90000AA06F0001F3004B
:10877000F6007D0009C00D60002F34F00000C9A98B
:10878000000005FF2000000EC0000000E50000947E
:10879000AD00001BFC2000005FFFFFA13337F40099
:1087A00001E70000CB00008E10004F40001EA333F5
:1087B00026FFFFFC006EA00F9201F4001F4001F4A1
:1087C000003F303FC0006F3001F4001F4001F40053
:1087D0001F4000FA2005EA8B8B8B8B8B8B8B8B8B4E
:1087E0008B8B8B8B8BBE5002AE0005F0005F0005BB
:1087F000F0004F1000DF104F5005F0005F0005F053
:10880000005F002AE00BE40007EC40B41E25DFC047
:108810000100000004CC302B01C05700932B01C095
:1088200005CC3006A10FF60BE200000000000000AE
:108830000000000000027BFB000000049DFFFFD051
:108840000003AFFFFFFFFD0000AFFFFFFFDFD00021
:108850000AFFFFB610ED0000AF9400000ED0000A32
:10886000F1000000ED0000AF1000000ED0000AF192
:10887000000045FD0000AF1001EFFFD0179DF10093
:108880005FFFFC0EFFFF1000AFFD31FFFFE00000B7
:10889000010003BDA30000000000501888888884F0
:1088A00005FABFDDDDDDFDAFE47F100000CA4EE05C
:1088B0004F100000C80EFEEF100000CFEFE03FEEBB
:1088C000EEEEF80EF68F766666EB6FF8AF100000EE
:1088D000CC8FE03F100000C80EFCDF655555EECF91
:1088E000C25FFFFFFFF92C57750577777775FFFF9C
:1088F0001FFFFFFFFFFFFF2FFFFFFFFFEFFF0EFF39
:10890000FFFFFE01100011111110EFFE0EFFFFFF1F
:10891000FEFFFF2FFFFFFFFFFFFF1FFFFFFFFF68AF
:1089200087078888888668870788888886FFFF1F6A
:10893000FFFFFFFFFFFF2FFFFFFFFFDFFD0DFFFF2B
:10894000FFFD0000000000015000000000001DF8C5
:108950000000000001DFFD000000001DFFE22D60AF
:108960000001DFFE20DFF7001DFFE2008FFF71DF57
:10897000FE200008FFFEFFE20000008FFFFE200047
:10898000000008FFE200000000007D200000000061
:10899000000000007F60000BE2EFF600BFF84FFF21
:1089A0006BFFD104FFFFFD10005FFFE10000BFFF80
:1089B000F6000BFFDFFF60BFFD14FFF5CFD1004FC6
:1089C000F617100003600000001100000000000016
:1089D000FF000000006F21FF12F70006FF61FF1685
:1089E000FF601FF901FF109FF16FE001FF100EF60D
:1089F000AF8001FF1008FACF6001FF1006FCAF80C6
:108A000000AA0008FB7FD00000000DF71FF800004F
:108A1000008FF107FF91002AFF70009FFFEEFFF922
:108A2000000005CFFFFD50000000024420000000C0
:108A300000000000000000000AFFA0000000000C81
:108A4000FFC0000003D6DFFFFD6D300EFFFFFFFF0C
:108A5000FFE05FFFFFAAFFFFF51AFFF4004FFFA141
:108A600003FFD0000DFF3004FFF0000FFF404FFF69
:108A7000FB22BFFFF42FFFFFFFFFFFF209FEFFFF06
:108A8000FFEF9000505EFFE5050000000CFFC00006
:108A900000000004774000000000000310034100C4
:108AA0000000009FF50DF50000001BFDFF8DF50097
:108AB0000002DFB12DFFF500004FF83EC2BFF50008
:108AC00007FF55FFFE39FE409FE38FFFFFF56FF66E
:108AD000AC2AFFFFFFFF73E6005FFFFFFFFFF1001F
:108AE000006FFFD77FFFF200006FFF900DFFF200D5
:108AF000006FFF900DFFF200004FFF700BFFE100D1
:108B00000000003300000000000BFFB00000000078
:108B10000CFFC0000000000CFFC0000000000CFFB4
:108B2000C0000000000CFFC00000008FFFFFFFF836
:108B300000002EFFFFFFE2000002EFFFFE2000001A
:108B4000002DFFE20000799982DE289997FFFFFB54
:108B500022BFFFFFFFFFFFFFFFFFFFFFFFFFFFFA47
:108B6000B3CFACCCCCCCCCCCCA0006BBBBBBBA30F0
:108B700000004FFFFFFFFFE10000EF30000006FBA9
:108B80000009F800000000CF504FD0000000002F77
:108B9000E1DF84420000344BF9FFFFFD0001FFFFDD
:108BA000FBFFFFFF988BFFFFFCFFFFFFFFFFFFFFB7
:108BB000FCFFFFFFFFFFFFFFFB9FFFFFFFFFFFFF2C
:108BC000F60000000000003300018DFFC600EF003A
:108BD0004EFFFFFFE4DF04FFB3004CFFFF0EF90080
:108BE00000008FFF6FC00001FFFFFF8E500001DE0D
:108BF000EEED000000000000002222220000002113
:108C0000FFFFFF100008F8FFFBBC10001EF4FFFC84
:108C1000100001DFC0FEEFE8448EFE10FE1AFFFFD9
:108C2000FFC100FD0028BB9400000000027000029C
:108C3000EF0002EFFDFFFFFFFFFFFFFFFFFFFFFF62
:108C4000FFFFFFFFFFFF3447FFF00005FF000005B7
:108C5000C00000000000027000000002EF000000F1
:108C600002EFF0000DFFFFFF0220FFFFFFF08E1F5D
:108C7000FFFFFF00E7FFFFFFF03F5FFFFFFF0890F0
:108C80003447FFF000000005FF0000000005C000B1
:108C9000000000000000000000000007700000005D
:108CA00002700005FA0000002EF000814F60000203
:108CB000EFF001DD07F0DFFFFFF0321E80F6FFFF6F
:108CC000FFF08E27E0B9FFFFFFF00E73F19BFFFF6F
:108CD000FFF03F54F09AFFFFFFF0890AC0D83447F5
:108CE000FFF0007F43F300005FF002F60CB00000DD
:108CF00005C00000BF10000000000009E3000000F4
:108D000000000002100037888888888873EFFFFF12
:108D1000FFFFFFFEFE32DFFFFFFFFFF9007FFFFDD9
:108D2000FFFFFD10CFFFA07FFFFFFFFFFA0007FF4F
:108D3000FFF35FA00000CFFF3003000000CFFC0076
:108D400000000000CFFFCCCCCCCCCCFFAFFFFFFFAE
:108D5000FFFFF900002000000001FA00000006FFFC
:108D60001000000DFF7000006FFFF10001EFFFFA2F
:108D7000000BFFFFFF605FFFFFFFE0CFFFFFFFF68D
:108D8000FEBFFFFFF9FD4FFFFFF9BF49FFFFF53FB2
:108D9000E52EFFD006FFFFFD200028BA600004305A
:108DA0000000311FE00006F91FE0007FFA1FE00914
:108DB000FFFA1FE0AFFFFA1FEBFFFFFA1FFFFFFFF5
:108DC000FA1FFFFFFFFA1FE6FFFFFA1FE05FFFFA3F
:108DD0001FE004FFFA1FE0003EFA0FD00002D700A8
:108DE000000000000200000000000CFB200000005A
:108DF00000FFFF900000000FFFFFE6000000FFFFF4
:108E0000FFFC30000FFFFFFFFF9100FFFFFFFFFFA0
:108E1000E60FFFFFFFFFFFF2FFFFFFFFFFFD0FFF6A
:108E2000FFFFFFF800FFFFFFFFB2000FFFFFFD4055
:108E30000000FFFFF70000000FFFA1000000006A24
:108E40004000000000001444200144420DFFFF10C8
:108E5000DFFFF1FFFFF30FFFFF3FFFFF40FFFFF4D6
:108E6000FFFFF40FFFFF4FFFFF40FFFFF4FFFFF492
:108E70000FFFFF4FFFFF40FFFFF4FFFFF40FFFFF67
:108E80004FFFFF40FFFFF4FFFFF40FFFFF4FFFFF17
:108E900030FFFFF39FFFC009FFFC0014444444442B
:108EA000420DFFFFFFFFFFF1FFFFFFFFFFFF3FFF4F
:108EB000FFFFFFFFF4FFFFFFFFFFFF4FFFFFFFFF7D
:108EC000FFF4FFFFFFFFFFFF4FFFFFFFFFFFF4FF78
:108ED000FFFFFFFFFF4FFFFFFFFFFFF4FFFFFFFF5D
:108EE000FFFF4FFFFFFFFFFFF39FFFFFFFFFFC00B0
:108EF00002100000420FE20003FB0FFE3004FB0FE4
:108F0000FFF404FB0FFFFF54FB0FFFFFFAFB0FFF03
:108F1000FFFFFB0FFFFFFFFB0FFFFFD6FB0FFFFD68
:108F200014FB0FFFC104FB0FFB0004FB0CA00003AC
:108F3000FA00000000000000001200000000000322
:108F4000FF60000000002EFFF500000001EFFFFFB2
:108F50004000001DFFFFFFF30000CFFFFFFFFE20DA
:108F60000AFFFFFFFFFFE00EFFFFFFFFFFF2039985
:108F70009999999950058888888888700FFFFFFF14
:108F8000FFFFF30FFFFFFFFFFFF40BFFFFFFFFFFEC
:108F9000D1000000000000003F9000003FFC0000F6
:108FA0003FFD10003FFD10003FFD10001FFD1000B1
:108FB00000CFF4000000CFF4000000CFF400000068
:108FC000CFF4000000CFE0000000A400000000008B
:108FD00000CD1000001FFD1000003FFD1000003FFD
:108FE000FD1000003FFD1000003FFD000008FF9055
:108FF0000008FF900008FF900008FF900002FF901B
:109000000000078000000000000450000000000283
:10901000FF60000000003FF70000000003FF700049
:109020000000003FF7000006999AFFC99980FFFFF2
:10903000FFFFFFFF3DFFFFFFFFFFF201113FF711B1
:1090400010000003FF70000000003FF70000000068
:1090500003FF70000000000CD3000000699999998B
:1090600099980FFFFFFFFFFFF3DFFFFFFFFFFF20D8
:109070000000000000000000015664000000000332
:10908000BFFEEFF91000007FFA1003DFE40008FFD5
:10909000A009B41EFF504FFF200BFF26FFE1EFFF9A
:1090A00009CFFF63FFFABFFF09FFFF54FFF61EFF62
:1090B00051DFFB09FFB003EFE204305FFC10002C2E
:1090C000FF956AFF9000000049DFFD92000000005C
:1090D00000000000000000CD2000000000000000A3
:1090E0008FF50014664000000004EFACFFEFFF9125
:1090F0000000001CFFA1004DFE300000009FF5ABFA
:1091000031EFF40007B105FFFFE17FFE100FFE30E5
:109110002DFFF54FFF900CFFE000AFF65FFF600200
:10912000FFF40006FFEFFB00004FFD10003EFFC004
:10913000000002DFE85401BFE300000005AEFF605D
:1091400007FF60000000000000004EF60000000075
:1091500000000001A100000000000000000000006D
:10916000003ED00000000000000CFF800000000066
:109170000006FFFF200000000000EFFFFB000000E2
:1091800000008FFCCFF4000000002FFB00FFD00098
:1091900000000BFFC00FFF70000004FFFD01FFFF88
:1091A000100000DFFFE02FFFFA00007FFFFF9BFFB2
:1091B000FFF3001FFFFFB00EFFFFC00AFFFFFE24FA
:1091C000FFFFFF60FFFFFFFFFFFFFFFA06CCCCCCE5
:1091D000CCCCCCCB300000000000360000000000FA
:1091E000007F80DDDB00008DEFF8FFFFB007FFFFA1
:1091F000FD556FF46FF8AFE2000574FF907E20001C
:10920000003FFA0000000002EFB2504A00012EFDBC
:109210001DF48FB0FFFFD10BFFFFFBFFFE2000CF3F
:10922000FFFB12210000029FC000000000005B0055
:10923000000007A00000000008FFB000000008FFC9
:10924000FFB0000008FF95FFB00008FF9005FFB0D9
:1092500007FF900005FFB09F90000005FD00400053
:10926000000003104C20000000B60BFE200000CFD1
:10927000F02EFE2000CFF4002EFE20CFF400002EB2
:10928000FECFF40000002EFFF4000000002EF400DA
:109290000000000013000000000830000000000083
:1092A0000000BFF308BBBBBB90000BFFFF39FFFF03
:1092B000FFF1008FCFCFF000000AF100382F94802B
:1092C00000000AF100002F900000000AF100002FBA
:1092D000900000030AF130002F9000001FCBF8F837
:1092E000002FEBBBBB39FFFFE2001FFFFFFFB09F6A
:1092F000FD2000000000000008D100378887000032
:109300000000EFFFFFA0000000FFFFFFFDCCCCB688
:10931000FFFFFFFFFFFFFFFFFFFFFFFFFFFFFFFF5D
:10932000FFFFFFFFFFFFFFFFFFFFFFFFFFFFFFFF4D
:10933000FFFFFFFFFFFFFFFFFFFFFFFFFFFFFFFF3D
:10934000FFAFFFFFFFFFFFF900000000000000007B
:109350000001DD10000000001DFFD100000001DF52
:10936000FFFD1000001DFFFFFFD100009FFFFFFF6A
:10937000F90000011CFFC1100000000CFFC000003C
:1093800000000CFFC0000000000CFFC00000799935
:109390003BFFB39997FFFFB2442BFFFFFFFFFEDDBA
:1093A000EFFFFFFFFFFFFFFAB3CFACCCCCCCCCCCB0
:1093B000CA00000000000200000000000004FFC717
:1093C0000000000000AFFFF0000000001FFFFD00E4
:1093D00000000006FFFFC00000000008FFF70000CB
:1093E0000000000CFF300000000004FFC00000007F
:1093F0000001EFF300004A3002DFF80005DFFE1540
:10940000EFFB0000EFFFFFFFFA00000BFFFFFFF78D
:109410000000007FFFFFA200000002BA85000000EC
:10942000000004860000001006FFFA0002DFD1EF02
:109430003CF101DFFA0EE0AF21DFFA009FEFF6DF2B
:10944000FA00008DFFFFFB00000006FFFD0000009A
:1094500048EFFFF600006FFFFBFFF6000EF3CF238F
:10946000FFF600EE0AF204FFF609FEFC0004FFF12D
:1094700008DA100002620000000000000000006F27
:10948000FFF987000008FFFF98F708A68FFFF9593A
:1094900090FFA8FFFFFCCC0FFA8FFFFFFFF1FFA8A2
:1094A000FFFFFFFF1FFA8FFFFFFFF1FFA8FFFFFF86
:1094B000FF1FFA8FFFFFFFF1FFA8FFFFFFFF1FFA5B
:1094C0007FFFFFFFF0FFE3122222210FFFFFFFF9D2
:1094D0000000ACCCCCCB5000004999999995000E76
:1094E000FFFFFFFFF600FD2222224FF60FC0000013
:1094F00001FFF3FC0000001FFF6FC0000002FFF639
:10950000FFFFFFFFFFFF6FFFFFDCFFFFF6FFFFB076
:1095100005FFFF6FFFF6000FFFF6FFFFC006FFFF1E
:109520006FFFFFEDFFFFF69FFFFFFFFFFD10CDDD9B
:10953000DDDDDDDD2FFFFFFFFFFFF3122222222200
:1095400022000000000000000000000000000FFFEB
:10955000FFFFFFFFF3DEEEEEEEEEEE200000000078
:1095600000000000000000000DEEEEEEEEEEE2FF67
:10957000FFFFFFFFFF3000000000000037888888F1
:10958000888873EFFFFFFFFFFFFEEFFFFFFFFFFF86
:10959000FE1CFFFFFFFFFFC1D28FFFFFFFF82DFF73
:1095A00064EFFFFE45FFFFFA2BFFB2AFFFFFFFD3D3
:1095B000553DFFFFFFFFFFBBFFFFFFFFFFFFFFFF6B
:1095C000FFFFAFFFFFFFFFFFF9000000000001FFFA
:1095D000FFF00004FFFFD00006FFFF800008FFFF40
:1095E00030000AFFFFAAA60CFFFFFFF80EFFFFFFE7
:1095F000E10BDDDFFF6000004FFD0000007FF300A6
:109600000000BFA0000000FF10000003F8000000F1
:1096100003C000000000200000000455EFB5520018
:1096200000FFFD1FFFB0000FFFFFFFFC0000FFFF6A
:10963000533320000FFF97FFFB5700FFF8AFFFC623
:10964000F80FFF8AFFFC4AA1FFF8AFFFE3220FFFEC
:109650008AFFFFFFF4FFF8AFFFFFFF4FFF8AFFFF16
:10966000FFF43552AFFFFFFF40000AFFFFFFF40099
:10967000007FFFFFFE20000001100000000000AF8F
:1096800000000000018FFA30000002EFFFFF5000E1
:1096900000BFFFFFFF10001FFFFFFFF50003FFFFEC
:1096A000FFFF70005FFFFFFFF90008FFFFFFFFC033
:1096B00000DFFFFFFFFF209FFFFFFFFFFD0EFFFF0B
:1096C000FFFFFFF2022222222221000008FFC00039
:1096D00000000009A20000005BBBBBBBBBBBBBA37F
:1096E000FFFFFFFFFFFFFFFBFC0C30E11D0D11FC36
:1096F000FC0B30E01D0D10FCFFFEFFEFFEFEEFFC4B
:10970000FFF15A0870A05FFCFFF37B2992C27FFC37
:10971000FFBFCBBBBBBFCBFCFC0B2000000D00FC94
:10972000FFCFCCCCCCCFCCFB9FFFFFFFFFFFFFF6E2
:109730000000000000000200000000000005DFB093
:109740000000000007EFFFD000000018FFFFFF70CF
:10975000000029FFFFFFFF00003BFFFFFFFFF800B5
:109760000AFFFFFFFFFFF1000FFFFFFFFFFFA00059
:10977000049AAAAFFFFF20000000000EFFFB0000CC
:109780000000000EFFF400000000000EFFC000000B
:109790000000000EFF5000000000000DFD00000062
:1097A00000000004B300000035555502000FFFFF14
:1097B000F2F400FFFFFF2FF40FFFFFF2FFF3FFFFB4
:1097C000FF32221FFFFFFFFFF7FFFFFFFFFF8FFFAB
:1097D000FFFFFFF8FFFFFFFFFF8FFFFFFFFFF8FF17
:1097E000FFFFFFFF8FFFFFFFFFF8FFFFFFFFFF8F70
:1097F000FFFFFFFFF88AAAAAAAAA3000000024559A
:10980000310000000003AFFFFFFFC7000002BFFFF1
:10981000FEDEFFFFF6005FFFB51000038EFFB0DF36
:10982000D300000000008FF5180005AEFEC810043C
:10983000600002DFFFFFFFF80000000CFF95347DA1
:10984000FF40000002A200000077000000000002BC
:1098500096000000000000000DFF50000000000016
:10986000000EFF6000000000000005DA00000000AC
:109870005BBBBBBBBBBBBBBA20FFFFFFFFFFFFFF58
:10988000FF90FC1222222222220FF7FC5FFFFFFF33
:10989000FFFF2CFAFC5FFFFFFFFFFF21FAFC5FFFD9
:1098A000FFFFFFFF27FAFC2666666666661FFAFE64
:1098B000BBBBBBBBBBBBBFB1AFFFFFFFFFFFFFFF2E
:1098C000500000000000000000005BBBBBBBBBBB46
:1098D000BBBA20FFFFFFFFFFFFFFFF90FC12222219
:1098E0002221000FF7FC5FFFFFFFF8000CFAFC5F7E
:1098F000FFFFFFF80001FAFC5FFFFFFFF80007FA27
:10990000FC2666666663000FFAFEBBBBBBBBBBBB37
:10991000BFB1AFFFFFFFFFFFFFFF500000000000DF
:10992000000000005BBBBBBBBBBBBBBA20FFFFFFA3
:10993000FFFFFFFFFF90FC1222221000000FF7FC38
:109940005FFFFFD000000CFAFC5FFFFFD0000001BA
:10995000FAFC5FFFFFD0000007FAFC2666665000A5
:10996000000FFAFEBBBBBBBBBBBBBFB1AFFFFFFF72
:10997000FFFFFFFF500000000000000000005BBB85
:10998000BBBBBBBBBBBA20FFFFFFFFFFFFFFFF90CE
:10999000FC1222000000000FF7FC5FFF3000000007
:1099A0000CFAFC5FFF3000000001FAFC5FFF3000A2
:1099B000000007FAFC2666100000000FFAFEBBBB91
:1099C000BBBBBBBBBFB1AFFFFFFFFFFFFFFF500043
:1099D00000000000000000005BBBBBBBBBBBBBBA10
:1099E00020FFFFFFFFFFFFFFFF90FC0000000000D3
:1099F000000FF7FC0000000000000CFAFC00000063
:109A000000000001FAFC00000000000007FAFC0062
:109A100000000000000FFAFEBBBBBBBBBBBBBFB16D
:109A2000AFFFFFFFFFFFFFFF50000000000000003E
:109A300000000000000007B20000000000000ADF84
:109A4000FA000000000000A93DF5000000044002FB
:109A5000E00010000000AFF80B600000006C30FF69
:109A6000FFFFFFFFFFFFFFF4AFF9000C5000006D98
:109A70004005500004C00000100000000000C43E7B
:109A8000E80000000000002EEFFA000000000000D7
:109A9000004FFA000000000000000000000000007D
:109AA000011000000007EFFFB30000AFFD8FFF20A3
:109AB00004FFFD09FFB00AFEFD12AFF00EF55D2CAC
:109AC0000EF30FFF33129FF50FFFF307FFF60FFFA3
:109AD000E206FFF60FFE24137FF50DF57D2C0DF346
:109AE0000AFFFD11BFF003FFFE0BFFA0007FFEBFCA
:109AF000FE100003ACDC810000003443000005666A
:109B00007FFFF96650FFFFFFFFFFFF356666666661
:109B100066501CCCCCCCCCC402FFFFFFFFFF602FF3
:109B2000F3FB7F6DF602FF2FB7F5DF602FF2FB7FAF
:109B30005DF602FF2FB7F5DF602FF2FB7F5DF602C7
:109B4000FF2FB7F5DF602FF3FB7F6DF601FFFFFFFF
:109B5000FFFF5007BCCCCCCC9000000000000001FF
:109B600020000000000004FF500000000002FFFF82
:109B7000500000000439FFFE00000004FF39FFA080
:109B8000000004FFFF39B0000004FFFFFF200000C9
:109B900004FFFFFFB0000004FFFFFFB0000004FF60
:109BA000FFFFB0000004FFFFFFB0000000BFFFFF99
:109BB000B00000000DFFFFB000000000FFFFB0008C
:109BC00000000009A860000000000000001788885D
:109BD000888887400002EFFFFFFFFFFFF4003EFF91
:109BE000FFCFFFCFFFF703EFFFF908F809FFF83EBB
:109BF000FFFFFE20402EFFF8DFFFFFFFE101EFFF38
:109C0000F89FFFFFFF80008FFFF809FFFFF902C2F6
:109C100009FFF8009FFFFE4EFE4EFFF80009FFFF10
:109C2000FFFFFFFFF700008FFFFFFFFFFFC10000F6
:109C30000000000003EFFFFFE203FBFBCEBFA4FF29
:109C40001D03A1FAFFF1D03A1FAFFFFFFFFFFAFF9C
:109C5000FFFFFFFFAFFFFFFFFFFAFFFFFFFFFFAFB9
:109C6000FFFFFFFFFAFFFFFFFFFFAFFFFFFFFFFA5E
:109C7000FFFFFFFFFFADFFFFFFFFF829AAAAAAA879
:109C8000000000000000000300000000000004F1DC
:109C9000000820000001FF100BF70000002FF10C5E
:109CA000FF94444445FF1BFFFFFFFFFFFFF18FFFC1
:109CB000FFFFFFFFFD007FF70000000000006F6066
:109CC0000000000000003000000000000000000064
:109CD000000000000000C003000000000000C003FE
:109CE000030A00000F008005050500051C00D009CF
:109CF0000A0A00004E00B008090F00FE9200D00BC7
:109D00000C0A0000CE00A0090A0B00FF0501F002BA
:109D1000030500050D01B004040E01FD2901C00476
:109D2000040E00FD4501A0050606000557012008A8
:109D30000807000273013003030500FE7B01600584
:109D40000503000383013003030300008801F004CE
:109D5000070EFFFFB9015009090A0000E6013005AE
:109D6000040A0000FA011008080A00002202000894
:109D7000080A00004A0260090A0A00007C02100872
:109D8000080A0000A402A008090A0000D102600825
:109D9000080A0000F9020009090A00002603A008C9
:109DA000080A00004E033003030800005A03300382
:109DB000030B00FD6B032008080800018B0320083B
:109DC00008060002A303200808080001C3030008D6
:109DD000080A0000EB03800E0E0D00FD4604400A49
:109DE0000C0AFF008204A00A090A0100AF04200A3D
:109DF0000A0A0000E104900B0A0A01001305600939
:109E0000080A01003B05E008080A01006305D00AC2
:109E10000A0A00009505600B090A0100C2055004FA
:109E2000020A0100CC053007070AFF00EF05100AFF
:109E30000A0A010021065008080A01004906600DBF
:109E40000B0A01008006600B090A0100AD06C00B79
:109E50000C0A0000E906200A090A01001607C00BD7
:109E60000C0D00FD6407300A090A01009107B008D3
:109E7000090A0000BE073008090A0000EB07100BB2
:109E8000090A01001808F0090B0AFF004F08C00F6B
:109E9000100A00009F0870090A0A0000D108100982
:109EA0000B0AFF0008093009090A00003509B0044F
:109EB000040E01FD5109F004070EFFFF8209B004F2
:109EC000040E00FD9E09300807060102B3090007D1
:109ED000070100FFB709600805020109BC09600815
:109EE00008080000DC099009080B0100080A0008B6
:109EF00008080000280A9009090B00005A0A900877
:109F0000080800007A0AF004060B00009B0AB0095A
:109F1000090B00FDCD0A9009080B0100F90AE003C6
:109F2000020B0100040B0004050EFEFD270BA00828
:109F3000080B0100530BE003020B01005E0BD00E77
:109F40000D080100920B900908080100B20BE0080F
:109F500009080000D60B9009080B01FD020C9009BE
:109F6000090B00FD340CC00505080100480C000772
:109F700007080000640CD005060A0000820C800966
:109F800008080100A20CD0070908FF00C60C900CBD
:109F90000D080000FA0CC007080800001A0DD007D1
:109FA000090BFFFD4C0D500707080000680DF00479
:109FB000050E00FD8B0D3004020E01FD990DF0041D
:109FC000050E00FDBC0D200808030003C80DE005C8
:109FD00006050006D70D600404030003DD0D000E26
:109FE0000F0FFFFE4E0E000E0E0B00009B0E000E1C
:109FF0000E0D00FFF60E000E0E0B0000430FA00921
:10A000000A0B00007A0F000E0E0F00FEE30F000E89
:10A010000E0F00FE4C10C00F100D00FFB410000E0C
:10A020000E0F00FE1D11C00F100B00007511000E69
:10A030000E0F00FEDE110007070C00FF0812800A59
:10A040000B0C00FF4A12C00F100E00FEBA12000ED9
:10A050000E0B00000713A0090A0F00FE5213400C5C
:10A060000A0E01FE9813400C0D0F00FEFA13400C6F
:10A070000D0D00FF4F14400C0D0D00FFA414400CFB
:10A080000A0E01FEEA14400C0E0DFFFF4515C00834
:10A09000090D00FF8015C008090D00FFBB15400C1D
:10A0A0000D0D00FF1016400C0D0400032A16C00F02
:10A0B000100B000082168011120F00FE0917C00F4E
:10A0C000110FFFFE8917000E0E0D00FFE417400C64
:10A0D0000D0800011818400C0D0800014C188011E3
:10A0E000120B0000AF18000E0E0B0000FC18000E43
:10A0F0000E0F00FE6519000E0F0FFFFED619400C63
:10A100000D0D00FF2B1A400C0D0F00FE8D1A400C98
:10A110000D0D00FFE21A400C0D0C00FF301B000E6D
:10A120000E0B00007D1BC0080A0FFFFEC81B400C71
:10A130000D0F00FE2A1C400C0D0F00FE8C1CC00FE2
:10A14000100B0000E41C000E100FFFFE5C1D800AC7
:10A150000B0F00FEAF1D8011120D00FF241E801199
:10A16000120A00007E1E8011120A0000D81E801103
:10A17000120A0000321F8011120A00008C1F801189
:10A18000120A0000E61F8011120C00FF5220400C42
:10A190000C0F00FEAC20400C0D0F00FE0E21000E37
:10A1A0000F0FFFFE7F218011120B0000E221800AB9
:10A1B0000B0F00FE3522100E0F0A00000000721F68
:10A1C00051EF58EF5BEF5CEF5DEF61EF63EF65EF31
:10A1D00069EF6CEF71EF76EF77EF78EF8EEF93EF3B
:10A1E00098EF9BEF9CEF9DEFA1EFA2EFA3EFA4EF01
:10A1F000B7EFB8EFBEEFC0EFC1EFC4EFC7EFC8EFE6
:10A20000C9EFCBEFE3EFE5EF14F015F017F019F01D
:10A2100030F037F03AF043F06CF074F0ABF03BF113
:10A2200090F191F192F193F194F1D7F1E3F13DF2D4
:10A2300054F2AAF412F7F2F7200000005F000100C8
:10A24000000000000000000000000200B00000005C
:10A25000F3F76000BCA10208000000003E0003000C
:10A26000000001020003040502060708090A090AA2
:10A270000B0C000D0E0F101112130C141400000023
:10A280001516171819161A1B1C1D1D1E1F201D1D23
:10A290001621222303241E2525262728292A2B00C0
:10A2A0002C002D2E2F303132332D343435302D2DDE
:10A2B0002E2E36373839333A3A3B3A3C29000009DA
:10A2C0003D09000000000000000000000000000048
:10A2D000000000000000000000000000000000007E
:10A2E000000000000000000000000000000000006E
:10A2F000000000000000000000000000000000005E
:10A3000001020003040502060708090A090A0B0CEA
:10A310000D0E0F10110C1213141515000000161756
:10A320001819171919191719191A191919191719A3
:10A330001719031B1C1D1D1E1F2021222300240092
:10A340002526272727002726282926262A2A272ABE
:10A35000272A2B2C2D2E2E2F2E30000023093109D9
:10A3600000000000000000000000000000000000ED
:10A3700000000000000000000000000000000000DD
:10A3800000000000000000000000000000000000CD
:10A3900000000000000000000000000000010000BC
:10A3A00000000000000100000200000000020000A8
:10A3B000000000000000000000000000000001009C
:10A3C00000000000000000000000000000010A0082
:10A3D00006FB00000000F4F3020B0504F7020B017A
:10A3E00009020700000000000000000000000D024C
:10A3F000FE0000000000000000000000000400F962
:10A400000000000000FC04040000FE00FE0200FE4C
:10A4100000FEFFFC00000000FE0000FDFD0000FE4D
:10A4200000FC000000000000000000FEFE00FD0037
:10A43000FA00E50000FC0004070000FC020207042B
:10A44000FC040000F3000000000000000000000019
:10A45000F80000000000000000000000000000FA0A
:10A46000FDF500F7FE00000000000900F9FEFF0105
:10A4700000FC0000FEEF00000000000000000000F3
:10A4800000EEFE09000000000000000000000000D7
:10A49000F7000000000000000000000700020000BC
:10A4A000FC000000000000000000000000000000B0
:10A4B0000000090201000000000000000000000090
:10A4C000000000000000000000000000000000008C
:10A4D000000000000000000000000000F800000084
:10A4E000000000000000000000000000000000006C
:10A4F00000000002040207FE000004FEF9E102066B
:10A500000400FD00080007000700EB00FD0700073E
:10A51000FE0402000001FE0000FC12001200070011
:10A5200009030407000000F80000000001FE00021B
:10A53000FCFDFC0200FE000000F70000000000002F
:10A540000000000000F1000000000000000000001A
:10A55000000000000001F400F200000000FE001600
:10A56000FDFD0202FE00FD020000F40000000000FC
:10A57000000000000000EA000200000000000000EF
:10A580000000000000F2000D0000F8000700F1EAF2
:10A59000F1FC070000F10003FB00FD0000000000DB
:10A5A000000000000000000607E5000000000000B9
:10A5B0000000000000000B0002000000000002028A
:10A5C000FDFC00FFFFFE0000FE000000FC00FE009E
:10A5D000FBFC00FAF9F9FC00FC00FC00000000FEA6
:10A5E0000000020002FE000100000002FE00000068
:10A5F000FE0202FF000000FC00FF0000000000015E
:10A600000003FE00FD00FC0000FE00070000FE004D
:10A6100000000000FF01FEFE0000FE00FE00000042
:10A62000000000000000FFFF00FEFD000000000031
:10A63000010000FE00FEFEFE000000000000000021
:10A6400000FF00000000FEFD00FD00F9FEF904001F
:10A6500000FC02040600FAFFFD00FFF502FE02F412
:10A6600002000001F400F4FEEDFE00F50004060017
:10A6700003000000000000FCFD00F9000000FE00E7
:10A680000000FE0000000000FFFF00FFFD000000D2
:10A6900000000000FEFE00FEFDFE0000FE000000C7
:10A6A0000000000000000000FEFE00FD00FE00FCB7
:10A6B000020000FD010202000000000000FE000098
:10A6C000000000020000FE00FEFEFD000000000091
:10A6D00000000200FE00000000FEFD00FC0007FE7E
:10A6E00001F9000006F5F4F7FC0200FEF1FC00FCA5
:10A6F00000FC03FCF200FA000001FF02FE00020071
:10A70000F9F700F5FBFBFBF9FDFA00FCFA0100018B
:10A7100000FE000000020002000000000000000037
:10A72000000000FE00FF00FFFE00FCFBFBFF00F945
:10A73000000000000000FE0000000001FF0000001B
:10A740000200000000000000000B000000000000FC
:10A7500002000000FE0000000000000000000000F9
:10A76000FC000200000000000000000000000000EB
:10A77000FE000000FC00000000F5F9000000FDF5FF
:10A780000000FE0200FA00000000000000000000CF
:10A79000FC0000FC000000000000000000000000C1
:10A7A0000200FC00000000030002FCFC00FEFEFDB5
:10A7B000000000000000F900FE00FDFE00FBFAF9B9
:10A7C000FE00FC00F900000000120000010000FD86
:10A7D000000200F60000000000EBFC0707FEF70097
:10A7E00002FD00F5FFFD02F0FE030003F8FDF8F99D
:10A7F000F70000F3000D0000FF000000FFFFFEFA6D
:10A80000F900EB0000000000000000000100000063
:10A8100000000000000000000000000000FE00FF3B
:10A82000FEFD0000FC00FE00000000000000000033
:10A83000000000000000FF00FC000004FF0300FB1C
:10A8400002FEFFFAFE00FDFEFE00FDFC0000FEFF22
:10A85000FEFCFD0000FE0002FE00FB000000FC000C
:10A86000FC00FCFC020000000000000000FC0200F4
:10A87000FD00FEFDF9FEFEFEFFFEFDFF00000000F4
:10A8800000FEFEFE0000000003FE00FE000000FED1
:10A89000FDFEFEFDFE000209FF00FA00FE0400FEC0
:10A8A000F7FD030000F5FC02FC0200FEFEF900FDCE
:10A8B000010000FC0000000202FCFC00FCFEFDFEAA
:10A8C000FE00FC01FCFC070000000000000000008E
:10A8D0000200000000000000000000000000000076
:10A8E0000000000000000000FC000000000000006C
:10A8F0000000000000000000000000000000000058
:10A900000000000000000000000000000000000047
:10A9100000000000FE000000000000000000000039
:10A920000000000000000000000000000000000027
:10A930000000FEFE0000000000000000000000001B
:10A94000FD0000FD0000FEFE00000000FE00000013
:10A9500000FF0000000000FE00000000FD00FC0001
:10A960000000F90002FB0400FEF50000FBFE00F70A
:10A97000FAFA0000F6FEF7F7F500FA00020FFD0004
:10A98000FBFEFFFEFCFAFCF8F7FBFE0000FE0001F8
:10A990000000F0FE0705FBF80001F900F5FEFE04DB
:10A9A000EBFD010000F1FDF4FEF00000F0000D01F0
:10A9B00000FE00000000FFFEF7FE00F100000000B6
:10A9C000F900FE00FFFAF50000FFFDF9FE00FE00B1
:10A9D000000000F6FEF9F9FEFCFAFEFC00FCFEF9B0
:10A9E000FD00FDFCFEFC000100FEF9000400FC007F
:10A9F000000000030002FC0900FEFEFD0000000054
:10AA00000000F900FE00FDFE00FBFAF9FE00FC026A
:10AA10000900000000120000010000FD000200001B
:10AA2000000000000000000000000000FEFC00002C
:10AA3000000000FF000000FEFE0000FCFE0000FC25
:10AA40000004FF00000000000001000000000304FB
:10AA500002FE00F9FC0007F9F9FCFC090402EDFE16
:10AA600004FE00FE02FEF800FE02FDFEF9FE0000FC
:10AA7000070400FA00F4FD06FDF701FDF9F9FE09EF
:10AA80000200FD00FA000207FBF8F7FA070001F0E8
:10AA9000FE02FCFEFB00FBF8FDFDFE0000FBFBFEE2
:10AAA000000705FEF400F4FD00F8F3FFF9FCF9FAE5
:10AAB000060000FD00FCFE00FEFC0004F9020000A0
:10AAC000F400FEFBFCFEF9FAF9FB00F9FEFBFCF9D1
:10AAD000FE0000010BFC00F9FE00FEFCFBFAFAF799
:10AAE000FDFC0400FD00F5FD0104F9F8FCF907FE8A
:10AAF00001EBFC04FBFCF800F9F7FDFEFEFEFBF9A0
:10AB0000FF00000706FEF100F3FB05F7F1FCF8F784
:10AB1000F5F90400000000FD000002FD0402FC0441
:10AB20000000F9FF00FF000101FE0000000000002E
:10AB3000FE0000000002070000FD00000000FEFE15
:10AB4000FD0000000102000000000200FE000900FC
:10AB5000040101FD000400000002000000000000EC
:10AB600000000000000700060000000000000000D8
:10AB7000000000000000F300FE04000700001603C0
:10AB8000FCFC0202FE01F500000BF30000000000D7
:10AB9000000000000000F1091F000000000000009C
:10ABA0000000000000F300000000000000000000B2
:10ABB0000000000000000000000000000000000095
:10ABC000FC0000FCFE00000000000000000000008F
:10ABD0000000000000000000FE00FA00000100007C
:10ABE000021DFCFE0706FA0200000202FD00000042
:10ABF0000000000000000000E3060000000000006C
:10AC00000000000000000000000000FA000000FA50
:10AC100000000000FBFF000000FB00FD00F500004D
:10AC2000000000000000000000F100000000010032
:10AC30000000000000FE0000FC00FD00FA00000023
:10AC4000FC02FD0000FAFEFB0000FA00FE00F50029
:10AC5000FE0000EEFCF7FEF80000F100FAFF000035
:10AC6000000000000000FDFCFEFC00000000FB00F6
:10AC7000FB03FE0400FEFBFEFCFC00FDFFFE02FAEF
:10AC8000FF000000ECFEFD00FB00FEF5FE0000FEF4
:10AC9000FE000000000200FEFCFE040000000000B8
:10ACA00000000000000000000000000000000000A4
:10ACB0000000000000000000000000000000000094
:10ACC00000000000000003000000000000FB00FE88
:10ACD000000000FC02000000FAFEFC0000FA00FE8A
:10ACE00000F500000000EA00FCF8F50000F100FEAD
:10ACF000FD0000000000000000FEFDFFFD0100005F
:10AD000004FD00070BFEFEF9030B0405FA0309031B
:10AD100006050600000000000000000000000E0B09
:10AD2000FCFE00FE120A12000000020000080000F3
:10AD3000FC000000000000000000FE000000000019
:10AD40000000000300000000EDFDFEF7F50000F13B
:10AD500000000000000000000000000000000000F3
:10AD600000FC000000000000000000FE00000000E9
:10AD7000000000000300000000EDFDFEF7F50000FC
:10AD8000F7000000000000000000000000000000CC
:10AD900000000000FE000000FB0200FE020402F9B9
:10ADA0000000FE02000200000000FA00FEFEFC00AF
:10ADB000FEF7000EFE00FBFE00FEFC00FEFAFCFDAE
:10ADC000000000FC000000000000000000FE000089
:10ADD0000000000000000300000000EDFDFEF7F59C
:10ADE0000000F10000000000000B00000000000067
:10ADF00000000000FC00F9FDFE07FEFEF701FF0168
:10AE0000FEFA000500020102FBF7FD00F7FCFAF76D
:10AE1000F700FCFCFDFDFEFEFDFE00FEFF0300034F
:10AE2000FE0007000000000000000000000000FE1F
:10AE3000FEFE0000FA00FF00FC0000000000000021
:10AE400000000000F300000000000000000000000F
:10AE5000FEFE00FD00000000FE0000FCFE0200FC03
:10AE6000FCFE00FAFEFBFEFD00FC000000000000FE
:10AE70000000000000F100070000FC00000000FDE1
:10AE800000FE0000FF0000FE00FB000009FDF9F9D4
:10AE900002020200FA020302070207FEFA0000F7AC
:10AEA0000000F9FA0000FC00FDFC00FD00FD00FEC2
:10AEB0000300FEF9FE080000FE00FC000003FB009A
:10AEC00002FE020000F900FEFF00FE02FE0000008C
:10AED000F7FDFB00F90000F50008FE00FC00010092
:10AEE000FE00FEF900FE0200000000FE000002FD70
:10AEF000010000FDFE00FD00000000000000000059
:10AF00000000000000000000F200050000FE00004C
:10AF100000000000FEFE000000040005000000002C
:10AF200000F2F3010A0704F7020900080004000018
:10AF30000000000000000000000C00000000000005
:10AF40000000000000000000000000009CA30208B8
:10AF500060A20208FEA202083D3100004C7A0208FD
:10AF6000CC9C020838A202084CAF0208100002284C
:10AF7000B80100202B3D0108B93C01081000030076
:10AF800000FF01005CAF02080000000000000000AC
:10AF900006F2ECE83699D661963ABE245E05FA05CB
:10AFA000B1046A4D098EE7CE47FF00FEC0FCA4FA4B
:10AFB000A97AF163F39C8AEA8EE3D3EC7AFE5DFF13
:10AFC0000FEA12F376F4DAFD3DFF37AA59BB9BCCAA
:10AFD000FCE53EF7B87AB993FBB43DD63EEF585B3B
:10AFE000397C5B9D5DC65EEF3E45BE655F96FFBEEC
:10AFF0009FE7BE2D1E4EBF863FB7BFE73B269C4E48
:10B00000FD865EB7BFE73325B54D5886FBB69EE794
:10B01000CD653086B4A639CFBDEF6C9EB0AE14C7F7
:10B0200079DFDDF70AD72EDF73E7B8F7DCFF6BFFB8
:10B030008EFFB3FFD8FFFCFF45FEA9FE10FF76FF91
:10B04000DCFF24FDA9FD70FE16FF9CFF88FB4CFC75
:10B0500052FD77FE5CFF6C8B4FA454BD79D65DEF3B
:10B06000937C3595F8B5DBCE7EEFF7BD1CE77DEF21
:10B07000BEF7DFFFC6E165D145C1E3B0CCD8CBC098
:10B08000AAA869883589F478D368B148B65975514A
:10B090003441D230553AF331B2290F195C1CBA1B36
:10B0A0003813340ADC045A04B703B3027805B40435
:10B0B00011040C034F04CD034B0368020845673CA1
:10B0C000E62BE41A887DE76C4554433346C6A5ADAC
:10B0D000E49CA283C6FE05FE44FDE2F380FD00FD74
:10B0E00060FC60FB60FCE0F360EB80E283F243E233
:10B0F00002DAA1B9686A065AA54924396F53CC42CD
:10B1000029328721AE730C630842042100003C02FF
:10B110007804B306EE08280B610D990FD0110614C0
:10B120003A166C189D1ACB1CF71E212148236C255A
:10B130008E27AC29C72BDF2DF32F0332103418369E
:10B140001C381C3A173C0E3EFF3FEC41D443B64539
:10B1500093476A493C4B084DCD4E8D504652F953AA
:10B16000A5554B57EA58825A135C9C5D1F5F9A6045
:10B170000D627963DD6439668D67D9681D6A596B24
:10B180008C6CB76DD96EF36F04710C720B73017414
:10B19000EE74D275AD767F7747780679BB79677A9A
:10B1A0000A7BA27B327CB77C337DA57D0D7E6C7ED5
:10B1B000C07E0B7F4B7F827FAF7FD27FEB7FFA7F9A
:10B1C000FF7F0000B8530208A5EF00080000000050
:10B1D00000000000C5F100080000000001040000AC
:10B1E000B853020837FA000885FA0008000000008A
:10B1F000A1FA000804010D0000060000B85302087F
:10B20000FFFC00080000000000000000000000003B
:10B21000D127D12744020000B853020881FD00085D
:10B22000BDFD000800000000D5FD000804018200FB
:10B2300085030000B85302084D330108ED330108BF
:10B2400000000000113401088200D127050400002D
:10B25000B8530208313901086339010800000000C1
:10B260008D3501080000000080020000B85302087C
:10B27000AD52010829530108000000006D53010878
:10B28000D127D127C0040000B85302083DA9010806
:10B290000000000000000000B5A90108D1278200CD
:10B2A000C50200006CB202080000000000000000AF
:10B2B000000000001DAB010800000000C0040000F9
:10B2C000E0B10208AFAC010800000000000000007F
:10B2D00009AD01080000000085070000B85302080E
:10B2E00013B801083BB801080000000045B8010888
:10B2F00034001E0084020000B8530208A1B90108FE
:10B30000DDB901080000000029BA0108D127D127C2
:10B3100085030000B853020831BE01083BC0010894
:10B320000000000059C0010804018200040600006A
:10B330005361000057650000546800004D6F000025
:10B340004672000053750000547500004A756E6522
:10B35000000000004D617263680000004170726976
:10B360006C000000446563656D626572000000005A
:10B3700053657074656D6265720000004E6F76658E
:10B380006D626572000000004F63746F6265720049
:10B3900041756775737400004D6179004A756C7969
:10B3A000000000004A616E75617279004665627244
:10B3B0007561727900000000323032330A32303267
:10B3C000320A323032310A323032300A32303139D8
:10B3D0000A323031380A323031370A323031360AE7
:10B3E000323031350A323031340A323031330A32B8
:10B3F0003031320A323031310A323031300A3230B3
:10B4000030390A323030380A323030370A32303090
:10B41000360A323030350A323030340A3230303386
:10B420000A323030320A323030310A323030300AAB
:10B43000313939390A313939380A313939370A312C
:10B440003939360A313939350A313939340A31391D
:10B4500039330A313939320A313939310A31393916
:10B46000300A313938390A313938380A3139383700
:10B470000A313938360A313938350A313938340A1F
:10B48000313938330A313938320A313938310A31F1
:10B490003938300A313937390A313937380A3139D0
:10B4A00037370A313937360A313937350A313937C2
:10B4B000340A313937330A313937320A31393731C1
:10B4C0000A313937300A313936390A313936380AD2
:10B4D000313936370A313936360A313936350A319B
:10B4E0003936340A313936330A313936320A31398C
:10B4F00036310A313936300A313935390A31393580
:10B50000380A313935370A313935360A3139353566
:10B510000A313935340A313935330A313935320A8D
:10B52000313935310A313935300A313934390A3156
:10B530003934380A313934370A313934360A313935
:10B5400034350A313934340A313934330A31393433
:10B55000320A313934310A313934300A3139333928
:10B560000A313933380A313933370A313933360A37
:10B57000313933350A313933340A313933330A3109
:10B580003933320A313933310A313933300A3139FA
:10B5900032390A313932380A313932370A313932DF
:10B5A000360A313932350A313932340A31393233D7
:10B5B0000A313932320A313932310A313932300AFC
:10B5C000313931390A313931380A313931370A31B3
:10B5D0003931360A313931350A313931340A3139A4
:10B5E00031330A313931320A313931310A313931A5
:10B5F000300A313930390A313930380A3139303787
:10B600000A313930360A313930350A313930340AA5
:10B61000313930330A313930320A313930310000B2
:10B6200030310A30320A30330A30340A30350A30C9
:10B63000360A30370A30380A30390A31300A3131A7
:10B640000A3132000A00000042746E31000000002E
:10B6500042746E320000000042746E33000000003D
:10B6600042746E340000000042746E350000000029
:10B6700090B6020800000020700200006008000878
:10B6800028B7020870020020F0790100F8260008AF
:10B6900032018210037924F41AAA01D12C04024049
:10B6A00004128002214002272D29EC01641E44B3BC
:10B6B00002083C041A48041A34041A38041A4004D4
:10B6C0001A30041AA4041AAC041A54041A5C041A9A
:10B6D00098041A4C041A9C041A90041A70041A88CC
:10B6E000041A7C041A64041E20B60208B80801502B
:10B6F00045D4C3B2A102176F180A5DCC010889CBEB
:10B70000010801041E81CA010815101A390C1A61BA
:10B71000041A48941A50041A58041A44041A60046B
:08B720001A68040A21B4A80014
:040000050800018965
:00000001FF
