:020000040800F2
:10000000A07C01205D020008B51E0008D30E000888
:10001000991E0008B70800084726000800000000E5
:100020000000000000000000000000009D0100082A
:10003000290A000800000000F9010008D523000883
:1000400077020008770200087702000877020008AC
:10005000770200087702000877020008770200089C
:10006000770200087702000877020008770200088C
:10007000770200087702000877020008770200087C
:10008000770200087702000877020008770200086C
:10009000770200087702000877020008770200085C
:1000A000770200087702000877020008770200084C
:1000B0007702000877020008D524000877020008BC
:1000C000770200087702000877020008770200082C
:1000D000770200087702000877020008770200081C
:1000E000770200087702000877020008770200080C
:1000F00077020008770200087702000877020008FC
:1001000077020008770200087702000877020008EB
:100110007702000877020008E1240008252500087E
:1001200077020008770200087702000895090008A6
:1001300077020008770200087702000877020008BB
:1001400077020008770200087702000877020008AB
:10015000770200087702000877020008770200089B
:10016000770200087702000877020008770200088B
:1001700077020008770200087702000800000000FC
:100180007702000877020008DFF80CD000F056FB79
:100190000048004729D10108A07C01202C4B196898
:1001A0000868B0E8F04F80F30988BFF36F8F4FF015
:1001B000000080F3118870470000000008480068C4
:1001C000006880F308884FF0000080F3148862B65E
:1001D00061B6BFF34F8FBFF36F8F00DF00BF00BF6B
:1001E00008ED00E0DFF80C00016841F470010160E7
:1001F000704700BF88ED00E0EFF30980BFF36F8F19
:10020000134B1A681EF0100F08BF20ED108A20E96A
:10021000F04F106009B44FF0500080F31188BFF325
:100220004F8FBFF36F8F21F011FB4FF0000080F371
:10023000118809BC19680868B0E8F04F1EF0100F6B
:1002400008BFB0EC108A80F30988BFF36F8F704746
:1002500014000020EFF30580704700000648804737
:1002600006480047FEE7FEE7FEE7FEE7FEE7FEE79B
:10027000FEE7FEE7FEE7FEE7C52400088901000867
:100280002DE9F05F0546002092469B4688460646CB
:10029000814640241BE0284641464746224600F05E
:1002A00036FA53465A46C01A914110D311461846A1
:1002B000224600F01DFA2D1A67EB01084F46224630
:1002C0000120002100F014FA17EB00094E41201E16
:1002D000A4F10104DFDC484631462A464346BDE826
:1002E000F09F10B5431A934209D28318881803E08F
:1002F00010F8011D03F8011D521EF9D210BD40EA8D
:1003000001039B0703D009E008C9121F08C0042A93
:10031000FAD203E011F8013B00F8013B521EF9D27A
:1003200010BDD2B201E000F8012B491EFBD270478C
:100330000022F6E710B513460A4604461946FFF7B1
:10034000F0FF204610BD421C10F8011B0029FBD114
:10035000801A704710B5002200E0521C835C8C5C50
:10036000A34201D1002BF8D1D8B2E1B2401A10BD9E
:10037000034611F8012B00F8012B002AF9D1184689
:1003800070472DE9FE4F804681EA0300C00F0C46FE
:10039000009021F0004123F00045B8EB0200A94194
:1003A00005D24046214690461C460B46024623F0A5
:1003B0000040104347D0270DC7F30A00C3F30A518A
:1003C0000290401A019040286BDAC3F3130040F406
:1003D000801B0098924620B10023D2EB030A63EB06
:1003E0000B0B01985946C0F14002504600F080F9CD
:1003F00006460D4650465946019A00F098F910EB12
:1004000008006141002487EA115284EAE7731A4325
:1004100040D0009A62B3019A012A4FEA075215DCD4
:10042000001B61EB02014FF0004202EA0752CDE9E6
:100430000042001C41F5801132462B4600F098F92D
:1004400003B0BDE8F08F40462146F9E7001B61EBA1
:100450000201001C41F5801300185B412018A2F531
:10046000001747EB030140EAD570B6196D4111E062
:100470006D084FEA360645EAC0754FEA0752001B81
:1004800061EB0201001C41F5801149084FEA300080
:100490000019514132462B4603B0BDE8F04F00F041
:1004A00058B90098012240000023D0EB020263EB10
:1004B000E073009821464FEAE074B8EB000061EB6E
:1004C0000401E9E783F000435BE781F0004158E76E
:1004D0002DE9FE4F81EA030404F0004421F00041BD
:1004E00000944FF0000B23F0004350EA01045ED06B
:1004F00052EA03045BD0C3F30A54C1F30A552C44F7
:10050000A4F2F3340194A0FB0254C1F3130141F4AB
:100510008011C3F3130343F4801301FB024400FB77
:10052000034E840A970A44EA815447EA8357A4FB9E
:10053000076802958D0A05FB07854FEA932C04FB9B
:100540000C542705029D4FEA065847EA1637B5EBCB
:1005500008056EEB070C870E920E47EA811742EAF8
:100560008312A7FB0201B6EB0B0164EB00042B0D19
:1005700043EA0C335E1844EB1C50DA465146E7FB65
:100580000201C5F313044FEA0B3343EA14534FEA55
:100590000432019C43EA0603A4F10C040294009C7B
:1005A000CDE900B400F0E4F803B0BDE8F08F00201E
:1005B0000146F9E72DE9F04D81EA030404F0004B10
:1005C00021F0004514464FF0000A23F0004150EAA4
:1005D000050220D054EA01021DD0C5F30A57024695
:1005E000C5F31303C1F31300C1F30A5640F4801599
:1005F00043F48013A7EB0608101BD64608F2FD381B
:1006000073EB050002D308F1010801E092185B4189
:10061000B8F1000F03DA00200146BDE8F08D00209C
:100620004FF48011064684460EE0171B73EB050756
:1006300005D3121B63EB050306434CEA010C490882
:100640004FEA300092185B4150EA0107EDD152EABF
:10065000030012D082EA040083EA0501084305D0B2
:10066000101BAB4106D20122002306E000224FF00E
:10067000004302E06FF0010253101AEB06004CEB4E
:10068000085110EB0A0041EB0B01BDE8F04D00F002
:1006900060B8000030B5041E71F1000404DB4FF0B7
:1006A0000044404264EB0101141E73F1000405DBB9
:1006B0001C464FF00043524263EB0403994208BFCB
:1006C000904230BD30B50B46014600202022012467
:1006D00009E021FA02F59D4205D303FA02F5491B10
:1006E00004FA02F52844151EA2F10102F1DC30BD26
:1006F000202A04DB203A00FA02F1002070479140E2
:10070000C2F1200320FA03F3194390407047202AD6
:1007100004DB203A21FA02F00021704721FA02F3AB
:10072000D040C2F120029140084319467047202A68
:1007300006DBCB17203A41FA02F043EAE07306E009
:1007400041FA02F3D040C2F1200291400843194619
:10075000704710B5141E73F1000408DA401C41F113
:10076000000192185B411A4301D120F0010010BD35
:100770002DE9F04D92469B4611B1B1FA81F202E0AB
:10078000B0FA80F220329046FFF7B2FF04460F46DF
:1007900040EA0A0041EA0B0153465A46084313D087
:1007A000114653EA010019D0C8F140025046FFF744
:1007B000AEFF05460E46504659464246FFF798FFA3
:1007C000084305D0012004E020463946BDE8F08DFD
:1007D0000020054346EAE0762C4337430A98630538
:1007E000E40AA0EB08000022FD0A44EA47540A305C
:1007F00002D500200146E9E7010510196941DDE94C
:10080000084500196941BDE8F04DA2E7C1F30A525D
:10081000C1F3130140F2FF3341F480119A4202DA2E
:1008200000200146704740F233439A42A2F233421D
:1008300002DC5242FFF76BBFFFF75ABF064C074D71
:1008400006E0E06840F0010394E8070098471034A0
:10085000AC42F6D3FFF79CFCA8A80208C8A802087F
:1008600070B58C1810F8015B15F0070301D110F872
:10087000013B2A1106D110F8012B03E010F8016B9F
:1008800001F8016B5B1EF9D12B0705D40023521E22
:100890000DD401F8013BFAE710F8013BCB1A921C8A
:1008A00003E013F8015B01F8015B521EF9D5A14288
:1008B000D8D3002070BDFEE730B587B01821684658
:1008C000FFF736FD0E48016841F002010160006843
:1008D000002100F002004FF4807406900391009410
:1008E00001200221CDE90101064D04906946284608
:1008F00000F08AFFAC61044800F0ECFA07B030BDAC
:1009000030380240000402409C000020022000F029
:1009100027B800001CB501A800900423032215216C
:100920000E4800F0DFFB9DF804109DF8050001F073
:100930000F0140EA01229DF807009DF806300749A3
:1009400003F00F030F3040EA03200839A0F217101C
:10095000C2F1EF024042C1E900201CBD9C00002012
:1009600002461521014800F001BC00009C00002057
:1009700070B5074C4FF480752804A0610A2005F07B
:1009800099FFA561BDE87040642005F093BF0000A9
:100990000004024009480168C1F3C06100290CD07D
:1009A0004FF000618160064A012111700549CA7843
:1009B0008258C97822F01002425070470064024009
:1009C0000000002096260208144808B5016841F48A
:1009D00080010160006800F4800000901048006809
:1009E000C0F30220C0F10701042900D90421021D2F
:1009F000072A01D2002000E0C01E01228A40521EB8
:100A000002F0050181400801064981F8000405490A
:100A10004FF000603739C1F8000108BD303802409E
:100A20000CED00E03BE000E070470000014880680A
:100A300070470000040000200248816802781144D9
:100A400081607047040000200B4810B5016841F434
:100A500000710160016841F480610160016841F446
:100A600080710160032000F09FF80F2000F006F86D
:100A700000F050F8002010BD003C024030B50546A3
:100A80001F4887B00024016841F00401016000683C
:100A900006A900F00400009001A800F097F804985F
:100AA000A8B100F0B3F840001649174AB0FBF1F1C5
:100AB0001648491E026040F2E732C0E90324C0E94B
:100AC0000114846100F0B4F8040003D015E000F0D4
:100AD0009DF8E9E70D4800F015F904000DD11E203E
:100AE00000F034F8102D07D2002229461E2000F015
:100AF0003BF80748056000E0012407B0204630BD00
:100B00004038024040420F00000800409C02002094
:100B1000080000200C4882B0016841F48041016067
:100B2000006800F4804000900748001F016841F011
:100B3000805101600068002200F0805000900F2179
:100B4000901E02B000F010B844380240002809DBC3
:100B500000F01F02012191404009800000F1E020D7
:100B6000C0F8001170470000F0B40E4B1B680C4633
:100B7000C3F30223C3F10705042D00D90425191D71
:100B8000072901D2002300E0DB1E012606FA05F149
:100B9000491E214099409E40761E16403143F0BCCC
:100BA00001F0B2BD0CED00E0064900F00702086854
:100BB0004FF6FF03184040EA0220034A1043086042
:100BC000704700000CED00E00000FA050F22026003
:100BD0000C4A136803F003034360136803F0F00347
:100BE0008360136803F4E053C36012684FF4E0536A
:100BF00003EAD20202610448006800F007000860BE
:100C00007047000008380240003C02400448054993
:100C100000680968044AC1F38221515CC8407047EA
:100C20001000002008380240AE26020870477047C6
:100C300010B5040003D094F83D0010B107E0012086
:100C400010BD002084F83C00204600F01EF8022071
:100C500084F83D00211D206801F086FC012084F805
:100C6000460084F83E0084F83F0084F8400084F891
:100C7000410084F8420084F8430084F8440084F87A
:100C8000450084F83D00002010BD704790F83D10ED
:100C9000012901D001207047022180F83D10006831
:100CA0001149884214D0B0F1804F11D00F498842C9
:100CB0000ED00F4988420BD00E49884208D00E4909
:100CC000884205D00D49884202D00D49884204D19E
:100CD000816801F00701062903D0016841F0010194
:100CE0000160002070470000000001400004004047
:100CF00000080040000C004000040140004001409A
:100D00000018004090F83D10012901D001207047E3
:100D1000022180F83D100168CA6842F00102CA60F1
:100D200000681149884214D0B0F1804F11D00F49AA
:100D300088420ED00E4988420BD00E49884208D016
:100D40000D49884205D00D49884202D00C4988429D
:100D500004D1816801F00701062903D0016841F040
:100D600001010160002070470000014000040040C4
:100D700000080040000C0040000401400040014019
:100D80000018004070472DE9F04104460068C6682D
:100D900005694FF00007A90713D5B10711D5F91E52
:100DA000016101202077206880698007204602D0F9
:100DB000FFF7E8FF04E000F07EF8204600F07CF842
:100DC0002777680716D5700714D521686FF00400DF
:100DD0000861022020772068806910F4407F204657
:100DE00002D0FFF7CFFF04E000F065F8204600F0E6
:100DF00063F82777280715D5300713D521686FF0DA
:100E000008000861042020772068C0698007204618
:100E100002D0FFF7B7FF04E000F04DF8204600F0E5
:100E20004BF82777E80616D5F00614D521686FF041
:100E300010000861082020772068C06910F4407F06
:100E4000204602D0FFF79EFF04E000F034F8204671
:100E500000F032F82777E80708D0F00706D02168BD
:100E60006FF001000861204600F028F8280608D538
:100E7000300606D521686FF0800008612046FFF734
:100E8000D5FE680608D5700606D521686FF04000CB
:100E90000861204600F01CF8A8060AD5B00608D55F
:100EA00021686FF0200008612046BDE8F041FFF79F
:100EB000BEBEBDE8F081704770470000006803497E
:100EC000884201D1FFF7B8BD70470000000800401C
:100ED0007047FEE710B586B0044618216846FFF754
:100EE00027FA20890121CDE900010020CDE9030185
:100EF000022002906946206800F086FC608900901C
:100F00006946606800F080FC06B010BD70B506460A
:100F10000824002501F0E0F813E06806050E002122
:100F2000304601F0C8F8022005F0D2FC012130461D
:100F300001F0C1F8012005F0CBFC304601F0C3F808
:100F40000543641EE4B2E8D20021304601F0B3F854
:100F5000304601F0DEF8284670BD10B50446002189
:100F600001F0CFF8012005F0B3FC0121204601F08B
:100F7000A2F8012005F0ACFC0021204601F09BF80E
:100F8000BDE81040012005F0A3BC000070B50C4680
:100F90000646082519E000BF01F08DF8022005F093
:100FA00097FC04F08001304601F0ABF8012005F019
:100FB0008FFC6006040E012005F08AFC01213046FA
:100FC00001F079F8012005F083FC6D1EEDB24FF0C1
:100FD00000013046E0D201F06EF8BDE8704002201A
:100FE00005F076BC10B50446012101F08AF8012015
:100FF00005F06EFC0121204601F05DF8012005F0AE
:1010000067FC0021204601F056F8BDE810400220A0
:1010100005F05EBC10B50446012101F072F8022013
:1010200005F056FC0121204601F045F8012005F0AD
:101030004FFC0021204601F064F8012005F048FC37
:101040000021204601F037F8BDE81040012005F0EE
:101050003FBC10B50446002101F02DF8022005F038
:1010600037FC0021204601F04CF8012005F030FC4F
:101070000121204601F01FF8012005F029FC012183
:10108000204601F03EF8BDE81040012005F020BCEC
:1010900070B50546052401F01FF80121284601F02E
:1010A0000AF805E0641EA4B2012005F011FC84B129
:1010B000284601F008F80028F4D1284601F029F864
:1010C0000021284600F0F7FF022005F001FC002077
:1010D00070BD284601F01DF82846FFF7BAFF012031
:1010E00070BD00002DE9F0411D4617460C468046B4
:1010F000069EFFF78FFF6006010E4046FFF746FF92
:101100004046FFF7C5FF28B14046FFF7A2FF012088
:10111000BDE8F08139464046FFF738FF4046FFF70B
:10112000B7FF4046FFF776FF012000EB4400C1B255
:101130004046FFF72BFF4046FFF7AAFF00246F1E33
:101140000AE000BFFFF7E2FE3055BC4202DA40463B
:10115000FFF703FF641CE4B2AC424046F2D3FFF752
:1011600041FF4046FFF775FF0020D1E770B51646F6
:101170000C460546FFF74EFF6006010E2846FFF7B6
:1011800005FF2846FFF784FF31462846FFF7FEFE9D
:101190002846FFF77DFF2846FFF73CFF012000EBC4
:1011A0004400C1B22846FFF7F1FE2846FFF770FF62
:1011B0002846FFF7ABFE04462846FFF713FF2846F4
:1011C000FFF747FF204670BD30B587B0182168464D
:1011D000FFF7AEF8012000F0DFFA01240025CDE989
:1011E000004569460848049400F00EFB082000F012
:1011F000D3FAAA20CDE9000569460494034800F01B
:1012000003FB07B030BD000000000240000C0240AC
:101210002DE9F04104461D4616460F462A2000F0EF
:1012200041FA204600F02FFA304600F02CFA2B202D
:1012300000F038FA384600F026FA284600F023FA83
:10124000BDE8F0412C2000F02DBA000070B55E1A08
:10125000141A641C761CA4B2B6B21433143174434D
:101260009BB289B2049DFFF7D3FF4FF4006001F0F9
:1012700001F82146284601F06FF800BF01F09EF802
:101280000028FBD0BDE87040002000F0F3BF10B58F
:1012900014460B460246FFF7BBFF2046BDE8104050
:1012A00000F0F1B92DE9F04780461F4603F1130025
:1012B00083B21646501E82B20C4601F1140081B270
:1012C0004046DDF82090FFF7A3FF0AE0454604E022
:1012D000484600F0D8F96D1CADB2B542F8D3641C95
:1012E000A4B2BC42F2D3BDE8F08700002DE9F04182
:1012F00088B018216846FFF71BF81F48016841F0C5
:101300001001016000681D4C00F0100006904FF4C1
:101310008020A0614FF0040801AA012503260027C0
:10132000CDF8008082E8E0006946204600F06CFAC3
:10133000C4F81880E804A0614FF0080801AACDF8AD
:10134000008082E8E0006946204600F05DFAC4F8BB
:1013500018802805A0614FF0100801AACDF8008080
:1013600082E8E0006946204600F04EFAC4F8188092
:1013700008B0BDE8F08100003038024000100240A3
:1013800010B5FFF721FB00F0DBFE00F095FDFFF745
:10139000ADFF642005F08EFA654C1021204600F068
:1013A0007CFD0421204600F078FD642005F082FADF
:1013B0000421204600F078FD642005F07BFA11201E
:1013C00000F070F9782005F075FA362000F06AF91F
:1013D000C02000F079F93A2000F064F9052000F00F
:1013E00073F9B22000F05EF90C2000F06DF90C20CA
:1013F00000F06AF9002000F067F9332000F064F98A
:10140000332000F061F9B72000F04CF9352000F0EE
:101410005BF9BB2000F046F9192000F055F9C02017
:1014200000F040F92C2000F04FF9C22000F03AF90A
:10143000012000F049F9C32000F034F9122000F037
:1014400043F9C42000F02EF9202000F03DF9C62019
:1014500000F028F90F2000F037F9D02000F022F931
:10146000A42000F031F9A12000F02EF9E02000F0D6
:1014700019F9D02000F028F9042000F025F90D20FA
:1014800000F022F9112000F01FF9132000F01CF9E0
:101490002B2000F019F93F2000F016F9542000F03D
:1014A00013F94C2000F010F9182000F00DF90D2070
:1014B00000F00AF90B2000F007F91F2000F004F9F2
:1014C000232000F001F9E12000F0ECF8D02000F03A
:1014D000FBF8042000F0F8F80C2000F0F5F81120DB
:1014E00000F0F2F8132000F0EFF82C2000F0ECF8F8
:1014F0003F2000F0E9F8442000F0E6F8512000F029
:10150000E3F82F2000F0E0F81F2000F0DDF81F20A6
:1015100000F0DAF8202000F0D7F8232000F0D4F80B
:10152000212000F0BFF8BDE81040292000F0BAB833
:1015300000100240411F5F2901D800F035BD7047FF
:101540002DE9FF4F81B00446DDF83C9000904FEA52
:1015500059074FF00008780700D0012000EBD700B2
:1015600000FB09FB203AD0B203900298029948444C
:10157000401E83B2E019401E82B22046FFF748FEAB
:10158000002553E0B9F10C0F2AD0B9F1100F2ED07D
:10159000B9F1180F2ED0B9F1200F49D1274903987E
:1015A00001EB8010002610F805A0109800284FF0DD
:1015B000010000FA06F000EA0A0022D020B120461D
:1015C000049A0299FFF763FE641C0098A4B2201AE3
:1015D000B84225D10298009C401C80B2029023E0C2
:1015E0000398174900EB400001EB8000DAE715494A
:1015F000039803E00398144900EB400001EB00104E
:10160000D0E708B1049800E00E9800F03CF808F12B
:101610000100C0B2B0FBF7F1804607FB118050B16A
:10162000761CF6B2082EC0D36D1CADB25D45A9D3B1
:1016300005B0BDE8F08F4FF00008F5E7EA42020878
:10164000B62602082A2B02081A3102082DE9FE4F9D
:101650009946DDE90D6714468A460546DDF8308077
:101660000CE0CDF800804B4651462846CDE9016795
:10167000FFF766FF05EB560085B2641C2278002A4E
:10168000EFD1BDE8FE8F10B504464FF4006000F0C6
:10169000F1FD0121204600F0FFFDBDE810400020D3
:1016A00000F0E8BD10B5074C03460821204600F0C5
:1016B000F4FB184600F008F82046BDE81040082169
:1016C00000F0F2BB00100240012100F015BE000046
:1016D00000B587B018216846FEF72AFE102000F0FA
:1016E00067F808484FF460410A04826100910121C3
:1016F0000022CDE90112CDE90321694600F084F80A
:1017000007B000BD00100240034A516921F4604156
:1017100041EA403050617047001002404FF4FA74C3
:1017200000F020F820461FF095FFF9E700B587B0DC
:1017300018216846FEF7FCFD042000F039F808483F
:101740004FF400510A048261009101210022CDE989
:101750000112CDE90321694600F056F807B000BD3B
:101760000008024005494FF400524869824300F4E2
:10177000005042EA004088617047000000080240C3
:10178000044908B50A6802430A60096801400091EB
:1017900008BD000030380240044908B50A68024319
:1017A0000A6009680140009108BD0000303802401D
:1017B000044908B50A6802430A60096801400091BB
:1017C00008BD000030380240034A515C425822F004
:1017D000010242507047000096260208034A515CFD
:1017E000425842F00102425070470000962602081B
:1017F000044B001D595C0B586FF30F0313430B5040
:101800007047000096260208F0B50A680F2692FA83
:10181000A2F2B2FA82F303248AE001279F4015EA7C
:1018200007027DD04D68012D01D0022D1BD18D689E
:10183000876892FAA2FCBCFA8CFC4FEA4C0C04FAC2
:101840000CFC27EA0C0792FAA2FCBCFA8CFC4FEACB
:101850004C0C05FA0CF52F438760CD68476855435B
:1018600097432F4347600F69D0F80CC092FAA2F556
:10187000B5FA85F54FEA450E04FA0EF52CEA050C8B
:1018800092FAA2F5B5FA85F56D00AF404CEA070C67
:10189000C0F80CC04D68022D33D192FAA2F5B5FA0A
:1018A00085F5082D15D2D1F814C0056A92FAA2F771
:1018B000B7FA87F7BF0006FA07F7BD4392FAA2F717
:1018C000B7FA87F7BF000CFA07FC45EA0C0505627A
:1018D00017E0D1F814E0476A150A95FAA5FCBCFA9E
:1018E0008CFC4FEA8C0C06FA0CFC95FAA5F5B5FABF
:1018F00085F5AD0027EA0C070EFA05FE47EA0E074C
:1019000047624D68076892FAA2FCBCFA8CFC4FEA69
:101910004C0C04FA0CFE27EA0E0792FAA2F200E041
:1019200005E0B2FA82F2520095402F4307605B1C3B
:101930000A681546DA407FF470AF0020F0BD10B59C
:10194000044600F06BFB206000F03EFB606000F09E
:1019500049FBA060606800F053FBE06010BD10B56B
:1019600003680122C3F380132BBBD1E900231A4380
:10197000D1E9023423431A430B691A434B691A43D2
:101980008B691A43CB691A430B6A1A4303684FF6F3
:10199000BF74A3431A43026042684B6922F00402F9
:1019A00042EA134242600A6AB2F5005F02D1898CB2
:1019B00089B201610022C16921F40061C161104650
:1019C00010BD0000014908607047000010000020B1
:1019D000F0B50268254B264D264E274F274C4FF079
:1019E000804C984209D0604507D0A84205D0B0424B
:1019F00003D0B84201D0A04205D1D1F804E022F0D2
:101A0000700242EA0E0298421BD0604519D0A842EB
:101A100017D0B04215D0B84213D0A04211D0184D03
:101A2000A8420ED0174DA8420BD0174DA84208D09F
:101A3000164DA84205D0164DA84202D0154DA84219
:101A400003D1CD6822F440722A4302608A68C262E0
:101A50000A888262984201D0A04201D109690163DB
:101A6000416941F0010141610020F0BD00000140E9
:101A70000004004000080040000C00400004014049
:101A8000004001400044014000480140001800406F
:101A9000001C004000200040F0B5012600236E4CE1
:101AA0006E4D012908D010293BD0B1F5807F73D04D
:101AB000B1F5805F6ED1A6E0016A21F001010162FB
:101AC000016A46688769D2F800C027F0730747EAC1
:101AD0000C07D2F810C021F0020141EA0C01D2F843
:101AE00004C021F0010141EA0C01A04201D0A8424A
:101AF00012D1546921F0080141EA8401946821F06F
:101B0000040141EA8401956926F480742C43D56967
:101B100024F4007444EA450646608761D268426353
:101B20006FE0016A21F010010162066A416887696D
:101B3000D2F800C027F4E64747EA0C27D2F810C0D5
:101B400026F0200646EA0C16D2F804C026F010064D
:101B500046EA0C16A04201D0A84213D1556926F0DE
:101B6000800444EA8514956824F0400444EA85160C
:101B7000946921F4806141EA8401D46921F400610F
:101B800041EAC40141608761D168816361E003E09B
:101B900000E01E463046F0BD016A21F4807101620A
:101BA000016A4668C769D2F800C027F0730747EAA0
:101BB0000C07D2F810C021F4007141EA0C21D2F8D0
:101BC00004C021F4807141EA0C21A04201D0A84256
:101BD00013D1546921F4006141EA8421946821F40D
:101BE000806141EA8421956926F4805444EA051411
:101BF000D56924F4005444EA45164660C761D268AA
:101C0000C2630162C5E7016A21F480510162066A7C
:101C10004168C769D2F800C027F4E64747EA0C27B5
:101C2000D2F810C026F4005646EA0C36D2F804C0AA
:101C300026F4805646EA0C36A04201D0A84204D1D0
:101C4000946921F4804141EA84114160C761D168FF
:101C5000016406629DE700000000014000040140AD
:101C60007FB50446C0680D460126C0F34030C0BBB6
:101C7000E9686868AA690843296911430843E1686B
:101C800049F20C6291430843E060A868216921F49D
:101C90004051014321616869616921F44071014348
:101CA00061616846FFF74BFE0F48844208D00F4839
:101CB00084420DD00E4884420AD00E48844201D19D
:101CC000039906E00C48844202D00C48844208D1B3
:101CD000029931B12B6823B100262046AA6900F091
:101CE0000FF804B0304670BD0010014000440040C1
:101CF0000048004000140140004C004000500040EB
:101D00002DE9F04106461920A1FB00011F460023E2
:101D100064243225B2F5004F27D0BB0FBA00FEF77E
:101D2000AFFA0146B0FBF4F06FF01802504301EB3C
:101D3000800005EB0010B0FBF4F000F0F002B1FB06
:101D4000F4F002EB0012B1FBF4F06FF0180358430B
:101D500001EB800005EB0010B0FBF4F000F00F0089
:101D6000104480B2B060BDE8F081FA195B41FEF723
:101D700087FA0146B0FBF4F00201B1FBF4F06FF01A
:101D80001803584301EB800005EBC000B0FBF4F0F2
:101D900000F0F80002EB4002B1FBF4F0584301EB15
:101DA000800005EBC000B0FBF4F000F00700D7E7BF
:101DB0000A4C4FF0FF352946E06820F001F9012870
:101DC00007D11AF067FD00231A461946E0681FF094
:101DD0004BFF05201FF03EFCEDE70000AC000020AB
:101DE00000F032BC10B58020FFF7CAFCBDE81040FF
:101DF0000120FFF7C5BC000010B58EB01C2168465D
:101E0000FEF796FA182107A8FEF792FA1F48016814
:101E100041F010010160006800F010000D901B48B7
:101E20001438016841F0010101600068002400F0ED
:101E300001000D904FF4C06007900220089003202D
:101E4000CDE909040720CDE90B4007A91048FFF7A9
:101E5000DBFC4FF4E130CDE900040C200294CDE925
:101E60000340059406940B4C69462046FFF7F8FEA4
:101E7000206920F490402061606920F02A006061B0
:101E8000E06840F40050E0600EB010BD44380240FD
:101E90000000024000100140FEE70A04826142692E
:101EA00031EA0202FBD070478161426931EA0202E5
:101EB000FBD17047FEE70000F0B595B0142110A8E3
:101EC000FEF736FA202101A8FEF732FA182109A8F8
:101ED000FEF72EFA3048016841F002010160006807
:101EE000002500F002000090A720ADF8400040F26D
:101EF0002B10CDE91150294C10A920461395FFF75E
:101F000067FD206820F0800020602548A115027937
:101F10002248183016183068214F0822FF1D3B79DF
:101F20009A40104330606020CDE901050395049587
:101F300001AA20460595FFF7AFFD30683A790421E4
:101F4000914088433060606820F070006060A06855
:101F500020F08000A06010481038016841F00201B4
:101F6000016000680C9500F00200009001200990CB
:101F70000220CDE90A05CDE90D5009A90948FFF76E
:101F800043FC206840F001002060206A40F480702B
:101F90002062E56315B0F0BD403802400004004007
:101FA0008826020800040240642800D964204FF407
:101FB000967110FB01F06421B0FBF1F00149C86398
:101FC000704700000004004004490968044A01F019
:101FD000F0010909515CC840704700000838024010
:101FE0009E26020804490968044A01F4E05102EB04
:101FF00091210978C840704708380240AE2602088F
:1020000004490968044A01F4604102EB513109783E
:10201000C840704708380240AE26020807480068EA
:1020200010F00C01064807D0042904D0082903D178
:10203000082000F009B80348704700000838024043
:102040000024F40040787D0110B5104A04460020B9
:10205000116811F480030E4903D0B3F5800F00D14D
:102060000C49082C11D1106800F03F00B1FBF0F0D2
:102070001168C1F3881148431168012201F440310D
:1020800002EB11414900B0FBF1F010BD04380240F1
:102090000024F40040787D0100244FF4FA75641C9C
:1020A000E4B2062C00D900242046FFF72DFB284679
:1020B0001FF0D0FAF3E74289406809B182617047A6
:1020C000110481617047016800890969884301D062
:1020D000002070470120704710B586B004461821D3
:1020E0006846FEF725F92089009000200190012024
:1020F00004900220029069462068FFF785FB06B035
:1021000010BD0289006809B18261704711048161C4
:10211000704710B586B0044618216846FEF708F9E6
:10212000208900900120019003900020049002205B
:10213000029069462068FFF767FB06B010BD0000FB
:1021400030B591B028216846FEF7F2F818210AA8A8
:10215000FEF7EEF84248016841F4805101600068E2
:1021600000F4805010903E481438016841F001019D
:1021700001600068022500F001001090A020CDE968
:102180000A0503200024CDE90C040520CDE90E400A
:102190000AA93448FFF738FB34483349C2788A58D3
:1021A000C37822F0606242F0C062CA50C2788A5896
:1021B000C37822F0C00242F04002CA50C2788A5866
:1021C000C37822F44032CA50C2788A58C37822F4C5
:1021D0009072CA50C2788A58C37822F40072CA50EA
:1021E000C2788A58C37842F48062CA50C2788A584A
:1021F000C37822F4C05242F40062CA50C2788A58AE
:10220000C37822F4C04242F40052CA501649C27840
:1022100014315258C07822F0040242504FF48270B8
:10222000CDE9004001200294CDE903504002CDE900
:1022300005040A20CDE9084007940D4C6946204664
:10224000FFF78DFB606820F010006060606840F070
:1022500002006060206840F04000206011B030BD96
:102260004438024000000240006402409626020802
:102270000030014007490A6822F040020A600A68FB
:1022800022F4006202430A60086840F040000860DF
:1022900070470000003001402DE9F0410E4607462E
:1022A000FEF7C4FB0446134D05E000BFFEF7BEFB7E
:1022B000001BB0421CD2A868C0F340000028F5D033
:1022C000EF6004E0FEF7B2FB001BB04210D2A8683A
:1022D000C0F340000028F5D005E000BFFEF7A6FBE4
:1022E000001BB04204D2A868C0F3C0100028F5D18A
:1022F000BDE8F081003001402DE9F0410E4607466F
:10230000FEF794FB0546134C05E000BFFEF78EFB7D
:10231000401BB0421CD2A068C0F340000028F5D09A
:10232000277304E0FEF782FB401BB04210D2A06886
:10233000C0F340000028F5D005E000BFFEF776FBB3
:10234000401BB04204D2A068C0F3C0100028F5D1F1
:10235000BDE8F081003001402DE9F0410F461349FE
:10236000064600200870124C03212046FFF72CFA85
:102370004FF00060A060104D0D4A0E48E978083219
:102380008850E978101D0E503A4603212046FFF789
:102390002FFAE8782058E97840F010006050204685
:1023A000BDE8F0410321FFF719BA0000000000204A
:1023B000006402400C30014096260208044801786F
:1023C000012901D0002070470021017001207047D1
:1023D0000000002010B54FF0E02000691FF03EFF24
:1023E000012803D0BDE810401FF084BB10BD0000E1
:1023F00070B52E48016821F0070141F00501016028
:10240000016801F007010529FAD12949086840F45B
:10241000804008602748026842F480320260026807
:10242000C2F34042002AFAD0224A234B121D1468FC
:10243000224D2C4023431360136823F44033136070
:10244000026842F0807202600268C2F34062002AB1
:10245000FAD04868C0F380300028FAD01548083018
:10246000016821F0F0010160016821F4E05141F4BC
:10247000A0510160016821F4604141F40041016014
:10248000016821F0030141F002010160016801F0DF
:102490000C010829FAD10A48FFF794FA0F20FEF739
:1024A000EDFA002801D072B6FEE770BD003C024094
:1024B0000070004000380240195440000080BFFF07
:1024C000007A030A0248016841F470010160704714
:1024D00088ED00E00148FEF756BC00009C02002099
:1024E00010B5064C206910F0010F05D004A000F0D3
:1024F000FBF86FF00100206110BD000000100040EB
:1025000054494D36E6ADA3E59CA8E8BF90E8A18C00
:102510002CE4BC98E58588E7BAA7E4B8BA3A360D4A
:102520000A00000010B5064C206910F0010F05D01C
:1025300004A000F0D9F86FF00100206110BD000088
:102540000014004054494D37E6ADA3E59CA8E8BF10
:1025500090E8A18C2CE4BC98E58588E7BAA7E4B89C
:10256000BA3A340D0A000000F0B50268294C2A4D31
:102570002A4E2B4F2B4B4FF0804CA04209D0604588
:1025800007D0A84205D0B04203D0B84201D098424B
:1025900004D122F0700E4A6842EA0E02A0421BD01B
:1025A000604519D0A84217D0B04215D0B84213D018
:1025B000984211D01C4DA8420ED01C4DA8420BD001
:1025C0001B4DA84208D01B4DA84205D01A4DA84269
:1025D00002D01A4DA84203D122F44075CA682A439A
:1025E0004D6922F080022A4302608A68C2620A684A
:1025F0008262A04201D0984201D1096901630121A0
:1026000041610169C90703D0016921F0010101613C
:10261000F0BD000000000140000400400008004040
:10262000000C004000040140004001400044014013
:102630000048014000180040001C004000200040FD
:1026400001201AF0E5B8FEE77CB501201FF068FA1A
:10265000144C002304F10801E0600320CDE90001DF
:10266000820211A114481FF0A1FD20460125CDE9E9
:1026700000500023802211A114481FF097FD201D57
:10268000CDE900500023802211A116481FF08EFDD5
:10269000E06802B00023BDE870401A4619461FF0FA
:1026A000E3BA0000AC0000204C7648616E646C65B3
:1026B000725461736B000000B11D00084C45445416
:1026C0006F67676C655F5461736B00001D170008CE
:1026D0005247424C4544546F67676C655F54617361
:1026E0006B000000992000080FB4054B10B503A93A
:1026F000044A029801F042FF10BC5DF814FB000090
:102700006DCA0008980200200907090E002804DBA2
:1027100000F1E02080F80014704700F00F0000F195
:10272000E02080F8141D704702E008C8121F08C19D
:10273000002AFAD170477047002001E001C1121F42
:10274000002AFBD1704770B5044600256FF02F06B4
:1027500008E02068411C2160007805EB850106EB4C
:10276000410145182068007800F0B6F80028F0D143
:10277000284670BD2DE9FF5FDDE90220010DDDF87F
:1027800038B0024318D044F61050A1F2FF31414353
:102790000D140F98012820D0A5EB0B00401C5FEA18
:1027A000000A4FF00004474EDFF81C91A046504647
:1027B00016D5CAF1000728E00F98012443A201288A
:1027C00008D0002100980F9BC0E90021C0E9024316
:1027D000BDE8FF9F6FEA0B01F4E7CBF10000DEE7F5
:1027E000074612E0F80707D02246334640464946DE
:1027F000FDF76EFE8046894622463346104619464E
:10280000FDF766FE04460E467F10002FEAD1DDE993
:102810000201BAF1000F42464B4602DAFDF758FEBC
:1028200001E0FDF7C7FE04460E460022284BFDF7E7
:1028300031FF03D84FF0FF30014607E00022254B5F
:1028400020463146FDF79DFDFDF7E0FF102409E02D
:10285000002C0ADB0A220023FDF712FD019B303217
:102860001A55641E50EA0102F2D1641C019AC4F1A7
:10287000110314440F9A012A03D0012208430DD1F9
:102880000AE0084304D000204FF0110B0F9080E7BE
:10289000A3EB0B056D1E0DE05B4504DD4FF0000260
:1028A00005F1010504E003DA4FF00002A5F101058E
:1028B000002AECD000980F99C0E90231C0E9004528
:1028C00086E70000000024400000F03F30000000D8
:1028D0000000F0430000E03F3038092801D8012013
:1028E000704700207047000010B54021074801F0F4
:1028F00077F900220A21064819F094FF054CA060E0
:1029000002F0CCFC0020207010BD0000D4B60020E6
:1029100045530008D801002070B5B1F90030B2F974
:102920000040A34200DC23460380B1F90250B2F913
:102930000240A54200DD2C464480B1F90460B2F9A2
:102940000450AE4200DA35468580B1F90610B2F97E
:102950000620914200DB1146C1800120AB4201DC20
:102960008C4200DD002070BDF8B50D460446B0F97C
:102970000000B1F900101646884247DBB4F9021096
:10298000B5F90220914241DBB4F90410B5F90420F5
:1029900091423BDCB4F90610B5F90620914235DCD2
:1029A00096B3ADF800006088ADF802003246694683
:1029B000284600F099F8002827D0A088ADF800003C
:1029C0006088ADF8020032466946284600F08CF86F
:1029D00000281AD02088ADF80000E088ADF8020089
:1029E00032466946284600F07FF800280DD0A088BE
:1029F000ADF80000E088ADF802003246694628468E
:102A000000F072F8002800D00120F8BD0020F8BDC9
:102A1000B0F90020B1F904309A4213DCB0F9042077
:102A2000B1F900309A420DDBB0F90220B1F906305D
:102A30009A4207DCB0F90600B1F90210884201DBC6
:102A40000120704700207047F8B50D460446B0F9E4
:102A50000400B1F900101646884243DBB4F90600C1
:102A6000B5F9021088423DDBB4F90000B5F9041055
:102A7000884237DCB4F90210B5F90620914231DC06
:102A800076B3ADF800006088ADF8020032466946C2
:102A9000284600F029F818BBA088ADF8000060882F
:102AA000ADF8020032466946284600F01DF8B8B974
:102AB0002088ADF80000E088ADF802003246694693
:102AC000284600F011F858B9A088ADF80000E08859
:102AD000ADF8020032466946284600F005F808B114
:102AE0000020F8BD0120F8BD2DE9FC4114460E463A
:102AF000B1F90020B0F9001005468A423ADBB5F979
:102B00000400824236DCB6F90270B5F90220974221
:102B100030DBB5F906309F422CDC002C75DD401A05
:102B20009A1A401C521C00B212B200EBD07002EB99
:102B3000D27240105210904200DB1046844200DDF9
:102B40000446ADF80010288800222044ADF80400A7
:102B50006888ADF80200688831462044ADF8060068
:102B60006846FFF7C1FF40B1BDF804002044ADF84E
:102B700004003FE00020BDE8FC81E8880022001B43
:102B8000ADF80200E888ADF8060031466846FFF768
:102B9000ABFF28B1BDF804002044ADF8040011E0FB
:102BA000A8880022001BADF80000A888ADF804003A
:102BB00031466846FFF798FF50B1BDF80000001B92
:102BC000ADF80000BDF80200001BADF8020016E0F1
:102BD0006888ADF80200688800222044ADF806003D
:102BE00031466846FFF780FF70B1BDF80000001B5A
:102BF000ADF80000BDF806002044ADF806003146EF
:102C0000684617F0A1FCB6E7FFE70120B3E710B56F
:102C1000B1F90040B2F900309C4200DA234603804B
:102C2000B1F90240B2F902309C4200DA23464380F7
:102C3000B1F90440B2F904309C4200DD23468380A0
:102C4000B1F90610B2F90620914200DC1146C180AC
:102C500010BD00002DE9F0418AB0054619F0CEFD07
:102C60000026A04C074600960DB1E86801E00EF082
:102C7000DFF96060006917F0FBFB6068406908B12C
:102C800017F0F6FB6068C06917F0F2FB6068006A35
:102C900017F0EEFB60680169F1B317F079FE17F0E9
:102CA000F5FD6068B0F8501199B30168097C890797
:102CB00015D50EF01BFA401E05B260680EF0D0F973
:102CC000401E03B20022114601A800950CF03CFF03
:102CD000606801A90268926B516004F05FFD606852
:102CE0004FF48071303013F083FC6068202100F5D0
:102CF000987013F07DFC6068A0F85061384619F0B8
:102D000077FD009060680068436A13B122680099FB
:102D1000984713F0AFFA00E007E000F02FF900F059
:102D200001F9714D6F692FB13FE0A0F850610AB011
:102D3000BDE8F08113F053FA12F068FB0746002259
:102D40007F2117F082FA0DF07CFE01460022384602
:102D500017F058FA0EF04FF801460022384617F0E7
:102D600012FB00220321384617F0DEFA002203216D
:102D7000384617F0C7FA00220321384617F0C8FA80
:102D800000220321384617F0C9FA002203213846F1
:102D900017F0F3FA55A1384613F0A2F900231A46AA
:102DA0000621384613F0D6FD6F61286819F020FD22
:102DB0004FF4967840450CD2206841F28831884221
:102DC00031D96868009908446860A868401CA86008
:102DD00029E019F013FD286060684FF47A714068AB
:102DE0000068B1FBF0F0696809B901216960A96860
:102DF000F1B14FF47A7251436A68B1FBF2F46E603C
:102E0000AE60844200D90446286920442861E868FD
:102E1000401CE86019F038FDC0F16403224634A17B
:102E2000384613F094F92F4D08356C6814B137E02B
:102E30000446E4E713F0D3F912F0E8FA044600225E
:102E40007F2117F002FA0DF0FCFD0146002220461A
:102E500017F0D8F90DF0CFFF01460022204617F0F9
:102E600092FA00220321204617F05EFA0022032185
:102E7000204617F047FA00220321204617F048FAAF
:102E800000220321204617F049FA18A1204613F02A
:102E900027F900231A460421204613F05BFD6C60DD
:102EA000286819F0A5FC40457FF641AF19F0A6FC53
:102EB000286002A813F06EFA04990298401A820A58
:102EC000514200EB81206621B0FBF1F39DF8211007
:102ED0009DF82000CDE9000109A1204613F037F943
:102EE00025E70000F000002040B500203F00000072
:102EF0002575204650530A25752525204350550039
:102F000025752E2575206B42207573656420282554
:102F100064202525290A2564252520667261672EEF
:102F20000000000070B50A4D002400BFC4EBC406C9
:102F300055F8260008B113F011FA05EB86001C21A4
:102F400013F056FB641CE4B2042CEFD370BD0000F8
:102F5000B0B70020084949680AE04A68824202D0B6
:102F60000A68824203D10A7E42F001020A76496968
:102F70000029F2D170470000C40000207047000013
:102F80000421014800F02CBEC8B600201C210148D5
:102F900000F026BEE0B600202DE9FF5F0446DDE923
:102FA0000E0613B9B0F5807F7ED0B6F900504FF011
:102FB000FF376D42454307EB25252DB22580B6F935
:102FC00002C0CCF1000C0CFB00FC07EB2C273FB23D
:102FD0006780B6F900C0A1EB0C0141434FF0020C31
:102FE0000CEB212109B2A180B6F90280A2EB080204
:102FF00042430CEB222000B2E080002B7ED04FF049
:103000000A0A93FBFAF5684200EB800003EB4007E5
:1030100005F1010928B219F015FE00900FFA89F0A8
:1030200019F010FE83465A3528B219F00BFE80467F
:1030300009F15A0000B219F005FE0146009AC7F1E5
:103040000A0000FB02F300FB08F00BFB073301FB57
:10305000070193FBFAF291FBFAF04FEA601AB4F918
:103060000010B4F902000AFB01FCCDF80CC05511A8
:10307000378805FB10C207EBA2220FFA82F905FB85
:1030800001F2BB46029277880AFB002107EBA121DF
:103090000BB2B4F90410BE460AFB01FC05FB10C2DA
:1030A0000BEBA22216B200E02FE005FB01F7CDE901
:1030B000007CB4F90680DDF80CC00AFB007005FB4B
:1030C00018C1DDF804C0009F05FB18C5029A0AFB71
:1030D000087C0AFB08220BEBA1210EEBAC270EEBC0
:1030E000A02009B20EEBA2220BEBA5250FFA87FC5C
:1030F00000B212B22DB24F46494500E00EE000DAB0
:103100000F46B54216DAA84615E000202080491E79
:103110006080A180521EE280BDE8FF9F32882A4471
:10312000228072883A44628032881144A18071887A
:1031300008444FE0B046474504DA4F46494506DAB1
:103140000F4604E0B54201DA2F4600E037462780FB
:103150004F46494500DD0F46B54201DDA84600E077
:10316000B046474503DD4D46494505DC01E0B54223
:1031700001DD294600E03146A1809A4201DA154678
:1031800000E01D46844501DA614600E001468D42BB
:1031900005DA9A4201DA114606E0194604E0844550
:1031A00001DA614600E0014661809A4201DD114684
:1031B00000E01946844501DD654600E00546A94268
:1031C00005DD9A4201DD104604E0184602E0844520
:1031D00000DD6046E0809FE72DE9FE4F0446D0F811
:1031E00000B0B0F90800E589081AB4F90A10511ABC
:1031F000D4E90932B5F5807F38D0A589ADB3A66B87
:10320000704345114E437011266BE16A06FB05F7CA
:1032100001FB1077694306FB001003EBA72902EBC3
:10322000A02080460612B4F904004FEA2927B842CC
:103230004EDD002F4CDBB4F90610B14248DD002E04
:1032400046DB94F834104A0745D58A0704F1140385
:1032500022D400FB067045004FF0020A0BEB05017B
:103260005246184613F07AF927E00DE0256BE66A1E
:1032700005FB00F706FB1177464305FB016003EBF6
:10328000A70902EBA000CCE7A56B68434D4303EB15
:10329000601902EB6510C4E700FB067000EB400507
:1032A0004FF0030A0BEB05010222184613F056F902
:1032B000E81C584410F8010CA07594F83400C007BD
:1032C0001FD04FF4FC60ADF80000A18A814218D1F4
:1032D0000020BDE8FE8F32B204F118002369CDE969
:1032E0000102002539B2AA468B4611F02BFA009054
:1032F000BDF80000A082DDE90102594611F0BAF9DB
:10330000DAE7E07C78B1A4F83C90A4F83E80A4F819
:103310004070A4F84260656484F848A02046BDE887
:10332000FE4F00F002B80120D3E72DE9F04F04462C
:1033300090F83C10D0F8009090F83E0087B04FF025
:10334000FF36702907DAB4F940203546012A00D546
:10335000002580310DE0902916DDB4F94020B4F944
:1033600004300125521C9A4200DB0025A1F27F1196
:103370004942C9B28846702809DAB4F942100129D5
:1033800000D50026803010E00025FF21F2E79028CC
:103390000DDDB4F94210B4F906200126491C914212
:1033A00000DB0026A0F27F104042C7B201E00026F9
:1033B000FF2760690090A07D05900020834682462B
:1033C000049094F83400400744D594F84810606C99
:1033D00011FB05014944022201A813F0BFF8A0889F
:1033E00094F8481010FB01F0616C022206FB0011FA
:1033F000494403A813F0B2F8A18894F8480011FBDF
:1034000000F1626C06FB012210FB059011180222EC
:1034100002A813F0A3F894F83400800761D594F85B
:103420004800626C10FB052300EB09010B4413F804
:10343000013C0493A38813FB00F306FB0322114411
:1034400011F801BC10FB0500111801EB090010F880
:10345000010C45E0B4F84000B4F94220284401B220
:1034600004F118008146236911F06CF90190B4F859
:103470004200B4F94010304402B254F8103F4846BC
:1034800011F060F90390608E2368304402B2208E00
:10349000284401B2484611F055F9029094F82400EE
:1034A000103C80071DD5B4F9422034F8400F284461
:1034B00001B2484611F0DEF804906088B4F90010BB
:1034C000304402B2484611F0D5F883466088304453
:1034D00002B234F84009284401B2484611F0CAF853
:1034E000824694F8340042464546800735D5059813
:1034F00010FB08F30499C8F1FF0011FB0031C1F380
:1035000007211BFB08F61AFB0060C0F3072011FB24
:1035100007F3C7F1FF0610FB06331B0AA375022948
:1035200007D8022803D8002007B0BDE8F08F002795
:1035300002E0022800D8FF270598022800D80022C0
:103540000498022800D8FF22BBF1020F00D8002502
:10355000BAF1020F03D8FF2501E0FF20A075EAB100
:10356000FF2A04D0DDE900010DF0D4FB0090BDB1CD
:10357000FF2D17D0DDE902102A460DF0CBFB049099
:1035800097B1FF2F05D001463A4600980DF0C2FBD7
:103590000090BDF80000A0820120C5E70198E5E792
:1035A0000298ECE70398EAE7BDF81000F3E70000A3
:1035B0002DE9F0470446B0F908000A2700026062CE
:1035C000B4F90A000002A062B4F90C1091FBF7F5FF
:1035D000684200EB800001EB4006684205F10108FB
:1035E00000B219F02FFB8246E84300B219F02AFB23
:1035F0008146C5F15A0000B219F024FB0546C8F116
:103600005A0000B219F01EFBC6F10A0101FB0AF3D1
:10361000024609FB0630694390FBF7F002FB0611F6
:1036200091FBF7F14011E06248112063A07C11F09A
:1036300036F994F8341060F3000184F83410A07C5B
:1036400011F01DF994F8341060F3410184F834103E
:10365000A07C042824D0052822D0062820D021F0E0
:10366000040100BF84F8341021682162A16921F0AF
:10367000E00160F30401A08860F39421E08860F326
:103680005F51A161E0894FF4001101EB5001B1FBE2
:10369000F0F0A063FF20A075208AA082BDE8F0872B
:1036A00041F00401DEE700002DE9F04115460E4629
:1036B0000746114C19F0A2F880462B46324639468F
:1036C000204611F031FC20B10020A062E06950B129
:1036D00010E02C21204612F08BFF4FF00040A0623A
:1036E0000020BDE8F081404619F082F8E06108B999
:1036F0000120E0612046F4E704B7002010B5142152
:10370000074800F06DFA11F0D5FB40B105490160A2
:1037100005494160054981600549C16010BDFEE76A
:10372000ECB60020E14801085D4C0108D54D0108C8
:10373000AF48010870B50D4604461021284612F026
:1037400057FF20680078012804D0022807D00428F9
:1037500007D008E0208A2880608A688003E0E0685B
:1037600000E00A20686020684268002A03D02946E9
:10377000BDE87040104770BDFEB5866A0446BEB90C
:10378000A08A218A0844A082E08A618A0844E082F3
:10379000204608F07AFC060079D020460AF088FE20
:1037A00000220921304610F0A9FA607880076ED413
:1037B000208A10B9608A002869D00025ADF804502D
:1037C000ADF8085094F83C0000F00F000328304694
:1037D00016D014F05DFA0746304614F033F903466C
:1037E0000C200090B4F912103A46304608F040F828
:1037F000ADF80800304614F077F9C10712D017E091
:1038000014F0DAF90746304614F076F90246032040
:103810000090B4F910103B46304608F029F8ADF896
:103820000400E7E7BDF90410002901DDADF80450FC
:10383000810705D4BDF90410002901DAADF8045060
:10384000410705D4BDF90810002901DDADF8085085
:10385000000705D4BDF90800002801DAADF80850CA
:1038600002AA01A920461BF060FB0023BDF9082035
:10387000BDF90410304616F049F9A08ABDF80410CD
:103880000844A082E08ABDF808100844E082FEBD2A
:103890002DE9FC5F0446806A5FEA000B71D094F862
:1038A0003C0000076DD011F0F9FB01900068402149
:1038B000457E584615F0CFF84FF0000818B9A4F827
:1038C0001A80A4F81880584614F0D4F98246584655
:1038D00014F0D7F9064694F83C004FF0640900F064
:1038E0000F000C2802D003284CD09AE0A4F81880CE
:1038F00056B1B4F91A50002711F0D0FB00684946C0
:10390000407EC0F1640022E0608BC5F1640110FBD1
:1039100001F191FBF9F06083584614F093F80546E5
:10392000584614F0B5F902460C200090B4F91A106C
:103930002B46584607F09CFF6083024600231EE09A
:103940007A1917B210FB05F292FBF1F215B2002DB5
:10395000F6D1ADF80070A4F81A806A46002120461E
:103960001BF0E3FA41F6FF72BDF9003051425846B0
:1039700008F0F0FCBDF800100123084402B2002159
:103980004CE09AE0A4F81A80BAF1000F0AD0B4F91A
:103990001850002711F082FB00684946407EC0F1B4
:1039A000640022E0208BC5F1640110FB01F191FB62
:1039B000F9F02083584614F09FF80546584614F055
:1039C000FBF8034603200090B4F918102A46584625
:1039D00007F04EFF2083014600231EE07A1917B23C
:1039E00010FB05F292FBF1F215B2002DF6D1ADF805
:1039F0000070A4F818800022694620461BF095FA52
:103A000041F6FF72BDF900305142584608F01AFCE9
:103A1000BDF800100123084401B20022584616F0F8
:103A200075F8208B002848D1608B002845D1C6B995
:103A3000584614F02DF90546584614F003F8002DA9
:103A400006DC00280DDD002D02DA01232A4604E001
:103A5000002806DA0123404202B20021584616F03F
:103A600055F8BAF1000F19D1584614F045F805463B
:103A7000584614F0A1F8002D07DC00280EDD002DBB
:103A800003DA01230022294605E0002806DA012393
:103A90000022404201B2584616F038F80A21584632
:103AA000019A10F02BF96078800706D414F83C0FC7
:103AB00020F00F00207044F8148CBDE8FC9F00003B
:103AC0007FB50E46040003D10DF0B2FA040023D0F6
:103AD0000025FEB1ADF80050ADF802500DF0C0FA6F
:103AE000401EADF8040020460DF000FB401EADF86E
:103AF00006006A46314602A8FEF70EFF00280BD0EA
:103B00002068017C890708D5DDE90001C4E90C01C2
:103B100001202AE0A0F850517FBD82690AB102A9B4
:103B2000904700260BE000BF04EBC601002202A86C
:103B30003031FEF719FF0028EED1761CB6B2B4F88A
:103B40005001B042F0D880B2202804D204EBC0006B
:103B500002A9303004E0A4F8505104F13000694665
:103B60000BF052FFB4F85001401CA4F850016068FB
:103B70000028D1D018F036FF7FBD70B5054600F0A3
:103B800012F804460CE02146284600F01EF80646CE
:103B90002146284600F071F8204612F0DFFB34463B
:103BA000002CF0D170BD002800D04068704700B5EF
:103BB00003460022FFF7F7FF03E01846521C00F00F
:103BC00004F80100F9D1104600BD0068091D4058F5
:103BD0007047006840587047002800D080687047E0
:103BE00000224260C91C21F003018260016070471D
:103BF00070B504460068083012F026FB050013D0AB
:103C000001460022204619F0D7FE29462046626868
:103C100019F0CCFE616819B12A46204619F0CCFE95
:103C20006560A06800B9A560284670BD70B50446FF
:103C30000068083012F008FB050013D0014600228E
:103C4000204619F0B3FE29462046A26819F0B4FEBA
:103C5000A16819B12A46204619F0A8FEA56060683F
:103C600000B96560284670BD28B1416809B980680F
:103C700008B1002070470120704770B504000DD0D6
:103C8000FFF791FF00228842204608D1FFF79DFFF1
:103C90006060011E01D000221EE0A26070BDFFF72F
:103CA0009BFF8842206808440AD10168A16029B1BD
:103CB0002046BDE87040002219F078BE626070BDF9
:103CC00005682046FFF781FF064602462946204642
:103CD00019F06CFE2A4631462046BDE8704019F0C6
:103CE0006BBE10B50446006882680AB12146904751
:103CF00020680068002801D02060F5E710BD8068CA
:103D0000002801D0B0F91600704700002DE9F047F7
:103D1000074690B0408C189E40F00400788490468E
:103D20003A8499468A463289384614F043FD05465E
:103D3000A7F8209032895146384614F03BFD0446DE
:103D4000788CA54220F00400788403D12904B1EBDB
:103D5000044F68D0A7F8208032895146384614F0C5
:103D600029FD05468046A7F820905146384609F0BF
:103D70007BFC318900682A4617F09AFE308960285A
:103D800023D147F6FF794D4501D04C451DD138462A
:103D900014F034FE00EBD0704510384614F02EFEBF
:103DA00000EBD0704010C84506D1691C431C9942F5
:103DB00000DA00E0194688464C4506D1691C421CD1
:103DC000914201DA6C1C00E014461948FFF710FF1D
:103DD00005002BD02F60C5E903843089A880684690
:103DE000C5F808A00BF028F91248FF21CDE90050D2
:103DF000114802901148039000200790CDE9080176
:103E000030880A9070889DF83E1040420B90F06810
:103E10000690002060F300018DF83E103069059097
:103E200068460BF07DF910B0BDE8F087FEE70000B2
:103E3000F8B60020490802083D0A0208990902085C
:103E400014210148FFF7CCBEF8B600202DE9FC5F35
:103E5000002592468B4606462C46042743F60F085B
:103E600043F60E0900E100BFF16807EBC4000858F3
:103E700082017DD480B230EA0B0212D05FF00002E2
:103E800030EA0A000FD00020824271D051F834008D
:103E900001AA41F61001009017F016FC002868D125
:103EA00003E00122ECE70120EEE701AA41F611014F
:103EB000009817F009FC002873D101AA41F61201FD
:103EC000009817F001FC00286BD101AA41F61301FC
:103ED000009817F0F9FB002863D101AA41F61501FB
:103EE000009817F0F1FB00285BD101AA41F61401FC
:103EF000009817F0E9FBE0BB01AA41F269010098C4
:103F000017F0E2FBA8BB01AA43F20C01009817F0DE
:103F1000DBFB70BB01AA43F20D01009817F0D4FB44
:103F200038BB01AA41F20101009817F0CDFB00BB9C
:103F300001AA41F20401009817F0C6FBC8B901AA12
:103F400041F20201009817F0BFFB90B901AA41F2BB
:103F50000301009817F0B8FB58B901AA41F2050116
:103F6000009817F0B1FB20B901AA41F2060101E067
:103F700079E016E0009817F0A7FB90B901AA41F28A
:103F80003201009817F0A0FB58B901AA41460098E9
:103F900017F09AFB28B901AA4946009817F094FB3C
:103FA00010B10320BDE8FC9F01AA40F60A01009869
:103FB00017F08AFBF0BB01AA40F60B01009817F03E
:103FC00083FBB8BB01AA4146009817F07DFB88BB74
:103FD00001AA4946009817F077FB58BB01AA40F6A2
:103FE0003C01009817F070FB20BB01AA40F63D0190
:103FF000009817F069FBE8B901AA40F63A01009869
:1040000017F062FBB0B901AA4FF40461009817F0F1
:104010005BFB78B901AA40F64501009817F054FB04
:1040200040B901AA40F64101009817F04DFB08B9CC
:1040300001AA00E013E040F64201009817F044FBAB
:1040400068B901AA40F64301009817F03DFB30B96A
:1040500001AA40F64901009817F036FB08B1022585
:1040600001E005B90125641C708CC0F3C500A042B5
:104070003FF6FAAE284695E70148406870470000D1
:10408000F00000200549002048600861C860886091
:1040900008604861024908604860704740B50020E8
:1040A000F8000020C0F30410072800D9072070474B
:1040B00010B518210348FFF793FD0349012008704C
:1040C00010BD0000A4B60020040200202DE9F0413C
:1040D00090460C46050015D0FCF735F90A4F064608
:1040E0002146BA68284690470446BA6828194146CE
:1040F00090470146701A03E06218AA5C2A55641CB6
:10410000A042F9D2BDE8F081180200202DE9F0416B
:10411000094D90460E466A681C4607461946904768
:10412000306020B120686A68384400219047C8F8A0
:104130000000BDE8F0810000180200202DE9F04FDA
:1041400087B00446DDE910581F4693468A46002092
:1041500005B1288054B1217841B1BAF1000F05D0E2
:10416000002618F0060F15D0002004E0002007B04C
:10417000BDE8F08F401C215C0A2904D00D2902D033
:104180000029F7D100E0401C002DF0D04FF0FF31A6
:104190002980ECE75FEA887101D541F6FF77814617
:1041A0008DF81400049026E0CDF8189068B34FF015
:1041B000000C05AA06ABCDF80CC0CDF80080CDE907
:1041C000013220443B465A46514618F065FD069997
:1041D0007A1A314417B20EB288B10499014404919D
:1041E00020780A280BD00D2809D0605C0A280FD04F
:1041F0000D280DD00846215C09B1002FD4DC0498AD
:1042000048B105B12E800498B1E74FF0010CD0E71A
:10421000481C0490F3E7074A04A9204652689047D7
:104220000146002DEFD0002250460FF040FE06B2AE
:10423000E8E70000180200202DE9F0411746884603
:1042400006001ED0002F1CD0FCF77DF8044638462F
:10425000FCF779F8050014D00B4A2C4441469268CB
:1042600030469047411903E0621BB25C3255641E30
:10427000A142F9D930442A463946BDE8F04112F04E
:1042800079B9BDE8F081000018020020002302780F
:10429000232902D0012A0DD00FE02AB10021012AE2
:1042A00004D0022A04D008E0012101E0017004E0FA
:1042B000017001E0202902D0012318467047022135
:1042C000F6E72DE9F0410E468046024600213346CE
:1042D000084618F01DFF04460027401C11F0B4FFEB
:1042E000050008D02F5533464246611C18F010FFD8
:1042F0002846BDE8F081FEE72DE9F0471E4614464A
:104300000D468246DDF8209015E000BF4FEA5408C4
:1043100008FB0657394650464A469047002808DDB4
:1043200044F30000C0EB540407EB0605A4F10104BC
:1043300001E005DA4446002CE8D12046BDE8F087CC
:104340003846FBE72DE9FC5F9B460CAB8A4681466D
:10435000DDE9116093E81210DDE90F575FEA80781C
:104360004FF030031AD45EB15FEAC07808D000F095
:104370000C0858EA0C0803D0761E01E00B55641CAB
:10438000BC4204D2202CF9D301E00B55641C5FEA37
:10439000C07803D0B44201D2202CF6D35FEAC068C3
:1043A00025D55FEA40580AD44CB1BC4201D0B44292
:1043B00005D1641E03D0102D03D1641E04E0102D1E
:1043C00002D0022D0AD00EE0850603D4202C1ED286
:1043D000782506E0202C1AD2582502E0202C16D28F
:1043E00062250D55641C202C11D20B55641C202C09
:1043F0000DD2BCF1000F01D02D2306E0430701D5FB
:104400002B2302E0030702D520230B55641CCDE9C2
:1044100000BAC846154681468B46AA46800714D185
:10442000274607E02A46DDE900316D1C2020C446FE
:10443000E0477F1CB742F5D307E02A466D1C641E97
:10444000DDE900311BF80400C047002CF5D15FEA1C
:10445000897006D409E02A46DDE900316D1C202070
:10446000C047A5EB0A00B042F5D32846BDE8FC9F43
:104470002DE9F04F8FB099468B46DDE91818DDE93C
:104480001C63DDE91A4792468646002209B923F0EB
:104490001003580507AD00D5C9B1B1FBF4F004FB1A
:1044A0001010C0B20A2801D2303009E05FEA836CF4
:1044B00002D54FF0410C01E04FF0610C60440A3826
:1044C000B1FBF4F1A854521C09B1202AE5D3CDF870
:1044D0000880CDE90563CDE90052CDE903474B469D
:1044E000524659467046FFF72DFF0FB0BDE8F08FDA
:1044F0002DE9FF4F8FB01CACDDE9239594E803084C
:1045000020AC94E8C004002450EA010201D125F057
:1045100010056A050DF11C0802D550EA010217D0FA
:1045200032463B46FBF7ACFED2B20A2A01D2303209
:1045300006E0AB0601D5412300E061231A440A3AA4
:1045400008F80420641C50EA010201D0202CE7D3B3
:10455000CDE90084CDF808B0CDE90595CDE9036A31
:104560000FAF97E80F00FFF7EDFE13B0BDE8F08F37
:104570009A4200D288547047704700002DE9FF4FDF
:1045800095B09B468946064600250FE2252877D13F
:1045900000242746F84A0121059400E0044316F858
:1045A000013F203B01FA03F01042F7D130782A286E
:1045B00011D06FF02F033078A0F13002092A16D8FD
:1045C000059A44F0020402EB820203EB420210441B
:1045D000761C0590EFE759F8042B0592002A03DAC0
:1045E000504244F40054059044F00204761C3078A4
:1045F0002E2816D116F8010F44F004042A280DD0F5
:104600006FF02F023078A0F13003092B09D807EBA7
:10461000870302EB4303C718761CF3E759F8047BC2
:10462000761C30786C280FD006DC4C2817D0682810
:104630000DD06A2814D104E0742810D07A280FD144
:104640000DE044F400140AE044F4801401E044F462
:1046500040147278824202D104F58014761C761CD4
:10466000307866280BD013DC582877D009DC002876
:1046700075D04528F6D04628F4D047281AD19DE1B8
:1046800018E0632835D0642879D0652812D195E1E7
:10469000702873D008DC6728F1D069286FD06E28A5
:1046A0000DD06F2806D1B5E073282CD0752875D0B1
:1046B000782874D05A46179990476D1C75E1C4F359
:1046C0000250022809D003280DD0D9F80010042880
:1046D0000DD00D6009F1040967E1D9F80010EA175F
:1046E000C1E90052F6E7D9F800100D80F2E70D702D
:1046F000F0E719F8041B8DF8001000208DF8010078
:10470000EA46012003E059F804AB4FF0FF3061079F
:104710004FF0000102D40DE008F101018846B942D2
:104720000FDA8045F8DB1AF808100029F4D108E008
:1047300008F1010188468142FADB1AF808100029C5
:10474000F6D105985B46A0EB080721463846179A34
:1047500000F094FA284400EB080507E04DE029E159
:104760000DE01AF8010B5A4617999047B8F1010865
:10477000F7D25B4621463846179A13E142E00A22F7
:104780000092C4F302524FF0000A022A08D059F8EE
:1047900004CB032A4FEAEC710AD00DE029E02AE0AD
:1047A00009F1070121F00702F2E802C1914609E090
:1047B0000FFA8CFC4FEAEC71042A03D14FFA8CFCFF
:1047C0004FEAEC71002907DA0A460021DCF1000CFF
:1047D00061EB02012D2202E0220504D52B228DF887
:1047E0000420012203E0E20701D02022F7E79046EF
:1047F00059E00A2102E010220DE010214FF0000ADA
:1048000000910BE010224FF0000A44F00404082746
:10481000009203E008224FF0000A0092C4F3025213
:10482000022A05D059F804CB0021032A08D009E058
:1048300009F1070121F00702F2E802C1914605E003
:104840001FFA8CFC042A01D10CF0FF0C4FF0000879
:10485000220728D5702806D0009B83F0100353EA66
:104860000A0305D00EE040228DF80420012208E062
:104870005CEA010206D030228DF804208DF8050094
:1048800002229046009B83F0080353EA0A030AD1F0
:104890005CEA010201D1620705D530228DF80420BF
:1048A0004FF001087F1E582804D034A003900EA8B2
:1048B00002900DE036A0F9E753466046009AFBF7F8
:1048C000DFFC84460398825C0298401E02900270CE
:1048D0005CEA0100F0D1029806A9081A00F1200A4A
:1048E000600702D524F4803400E00127574502DD3B
:1048F000A7EB0A0000E0002000EB0A0100900598F9
:104900004144401A0590E00306D45B462146179ABD
:10491000059800F0B3F90544002706E001A85A46BF
:10492000C05D179990476D1C7F1C4745F6DBE0037F
:104930000CD55B462146179A059800F09FF905446F
:1049400004E030205A46179990476D1C0099481E84
:1049500000900029F5DC08E0029802995A46007898
:10496000491C0291179990476D1CBAF10001AAF1F8
:10497000010AF1DC65E10000092801003031323321
:10498000343536373839616263646566000000008B
:104990003031323334353637383941424344454675
:1049A0000000000000F058F90544761C307800281B
:1049B0007FF4ECAD19B02846BDE8F08F620700D453
:1049C000062709F1070222F0070CFCE80223E14662
:1049D00003F000485FEA080C02D00FF2702C0DE0E3
:1049E0005FEA045C02D50FF2682C07E05FEAC47C42
:1049F00002D00FF2602C01E0AFF2700C4FF0FF38E4
:104A000023F00043CDF850C065280CD006DC4528C3
:104A100009D046281DD047283DD13DE0662818D052
:104A200067287ED138E00021112F01DB112000E042
:104A3000781CCDE9000106A90EA8FDF79BFEDDE973
:104A40000F010E9A03910021009207F1010A0491CF
:104A50004DE04FF000400097CDE9011006A90EA8E7
:104A6000FDF788FEDDE90F0203920E9B11990022EB
:104A7000DDF80CA00093049211B9791C00EB010A37
:104A8000B7EB0A0004D4C0F1FF3007F1010A04902B
:104A9000AAEB0700019044E0012F00DA0127002172
:104AA000112F01DD112000E03846CDE9000106A9F3
:104AB0000EA8FDF75FFEDDE90F010E9A03910021BC
:104AC00004910092BA4621070CD40399514500DAAB
:104AD0008A46BAF1010F05DD009AAAF10101515C85
:104AE000302908D0B84202DA10F1040F06DA0121A9
:104AF000CDE9011015E0AAF10101E9E7002805DC84
:104B0000049901440491AAEB000102E0411C5145C3
:104B100000DD8A460499401A401C01904FF0004085
:104B20000290200704D40198504501DBCDF80480A1
:104B300000208DF84F0002980DF14F07B0F1004FA3
:104B400025D02B200E9002984FF0020800280CDA96
:104B5000404202902D200E9007E00A210298FBF7B8
:104B6000B1FD3031029007F8011DB8F10001A8F144
:104B70000108F2DC02980028EFD1791E0E98087027
:104B8000307800F0200040F0450007F8020D12A830
:104B9000C01B00F107081498007800B1012000EB59
:104BA0000A01019801EBE07105984144401A401E4A
:104BB0000590E00306D45B462146179A059800F05D
:104BC0005DF805441498007818B15A461799904733
:104BD0006D1CE00324D55B462146179A059800F02A
:104BE0004DF805441CE00498002807DBDDE90301CB
:104BF000884203DD0098405C179901E01799302046
:104C00005A469047049805F10105401C049001980C
:104C1000401E019004D12E205A46179990476D1CD2
:104C2000BAF10001AAF1010ADDDC05E017F8010B79
:104C30005A46179990476D1CB8F10001A8F1010878
:104C4000F4DC5B462146179A0598ABE62D00000080
:104C50002B000000200000002DE9F0410446002553
:104C60001E461746880404D405E039462020B04784
:104C70006D1C641EF9D52846BDE8F0812DE9F04190
:104C8000044600251E469046C80301D5302700E0A3
:104C90002027880404D505E041463846B0476D1CFE
:104CA000641EF9D52846BDE8F08100002DE9FF4FCC
:104CB00089B005460A9800249246002800D1FE4D8E
:104CC0008FE1252804D02246641C53460A990BE242
:104CD000491C4FF0000808460C9101782B2919D087
:104CE00004DC202919D0232904D119E02D290ED064
:104CF000302909D00026C8B2FDF7EEFDB0B10CA8EE
:104D0000FDF721FD06461FE048F001010AE048F0EA
:104D1000020107E048F0040104E048F0080101E066
:104D200048F01001401C88460C90D6E70C99087892
:104D30002A2809D1169840C81690002E02DA48F0A9
:104D400002087642491C0C910C984FF0000B017838
:104D50002E2919D1401C0C9048F480680078FDF78A
:104D6000BBFD20B10CA8FDF7EEFC83460CE00C9ACD
:104D700010782A2808D1169802C81690002900DC5D
:104D80000021521C8B460C920C9801786C290AD099
:104D900004DC68290FD06A2919D128E0742929D0A8
:104DA0007A2914D126E0401C0C90017848F48078D0
:104DB0006C291CD00BE0401C0C90017848F0800856
:104DC000682904D148F04001401C88460C900246F6
:104DD0000078692822D015DC62281FD00DDC252838
:104DE00071D050281AD058287FF46DAF16E048F4DF
:104DF0000071E9E748F48071E6E7632878D0642819
:104E0000F2D10BE0732874D004DC6F2806D0702830
:104E1000EAD103E0752801D07828E5D178280DD0B3
:104E200058280BD070280BD0502809D06F2816D0E6
:104E3000622816D00A2128F0100016E0102107E0A1
:104E40005078102148F48878562804D1521C0C92CE
:104E50001078582807D01078502804D006E0082190
:104E600009E0022107E048F0200080461078692818
:104E700003D0642801D028F00C085FEA485001D51F
:104E800028F00108107869281ED064281CD0562804
:104E900064D05FEA885072D5169804ABC01D00221A
:104EA00083E806080292CDE9076820F00700534620
:104EB000F0E80212CDE900121690224628460A991F
:104EC000FFF716FB89E00AE15FEA885024D51698BF
:104ED00004AFC01D20F00703F3E80202169300237D
:104EE00087E80A08CDE90768002A03DA012102E011
:104EF00080E0A6E000210023029119461B1A91418F
:104F000001DA114603E00021404261EB0201534601
:104F10002246CDE90001D1E75FEAC85004D51698D2
:104F200004C80FE0524215E05FEA486003D51698C6
:104F300010F8042B06E05FEA0860F0D5169830F808
:104F4000042B12B21690CDE9021BCDE90468D00FF4
:104F5000002AE7DDCDE9002053461EE01698AAEBB3
:104F6000040202C816904868006800900A980B680E
:104F700001192846FFF79AFE04442FE0FFE75FEA95
:104F8000C8500CD5CDE9021BCDE904681698002164
:104F9000534604C8CDE900211690224619E05FEA85
:104FA000486003D5169810F8042B08E05FEA086003
:104FB000169803D530F8042B92B200E004C816907E
:104FC0000020CDE90020CDE9021BCDE9046853465D
:104FD000224628460A99FFF74BFA04460C98401CD3
:104FE0000C900C99087800287FF46BAE54457DD264
:104FF00022467DE001275FEA887006D509E0224657
:10500000641C534620200A99A84738467F1CB042AA
:10501000F5D316992246641C11F8040B16915346D9
:105020000A99A8475FEA887006D4D7E72246641C2D
:10503000534620200A99A84738467F1CB042F5D332
:10504000CCE7169850F8049B16904B46BBF1000035
:1050500001D0014601E04FF0FF31484600E0401C1E
:1050600002780AB1491EFAD2C71A5FEA485003D53E
:1050700058465F4500D307465FEA887006D512E0C0
:105080002246641C534620200A99A84738467F1CB4
:10509000B042F5D307E000BF224609F10109641CC4
:1050A00053460A99A84799F8000040B15FEA485171
:1050B000F2D5BBF1010B01E079450008ECD25FEAC3
:1050C000887006D48AE72246641C534620200A9939
:1050D000A84738467F1CB042F5D37FE706E022465A
:1050E000641C534625200A99A84777E7AAF10102D4
:1050F000534600200A99A8470DB02046BDE8F08F1E
:1051000010B502004FF000000CD04B1E194200D029
:10511000FEE70A44521E9A43B2F5803F02D20C2A9F
:1051200001D9104610BD0C2010BD08444A1E401E77
:105130009043114200D0FEE7704700002DE9F04196
:105140000F4601210025044641862E460BE01B49EF
:10515000FBF700F910B16D1CADB202E0608E401C8F
:105160006086761CB6B257F8260010B10178002987
:10517000EDD1208EA8421ED0A06A002610B111F0F9
:10518000EDF8A662E06A10B111F0E8F8E662E80016
:1051900011F05AF8A06238B1680011F055F8E062D9
:1051A00018B1A16A11B102E0FEE7FEE7002569002F
:1051B00011F01EFA2586BDE8F0810000D003010839
:1051C0002DE9F84F8146407A0F4600F0070002288B
:1051D00019D010468046974200DD3A461646032015
:1051E0002A4C2B4A00EB460020F00305A06811680A
:1051F0001035411A636805EB010C9C4505D24168E6
:1052000021F0004124E00846E4E79D4219D8924687
:105210004FF0FF3B48196168884210D90022694667
:105220001C48CDF800B009F039FC002269461A4844
:1052300009F034FCA168DAF80000091AEAE7A0686E
:10524000DDE7284611F000F8C0B1416841F00041A7
:1052500088EA6702416089EA02010160416801F061
:105260004041491C31F0804141608681A0F80E80A8
:1052700005D500F110018160BDE8F88FFEE7A16857
:1052800001F1100229448260A160F5E700010020CD
:10529000F401002079C00008FDEA000810B5084CB0
:1052A000012020700748FEF77EFC0028A06803D08C
:1052B000BDE8104017F096BBBDE8104017F086BB64
:1052C000D8010020D4B6002010B5044690F83E0066
:1052D000626B810707D4A18F39B1A1F57F43FF3BF2
:1052E00015D0491EA187A18F89B90AB181070ED5B2
:1052F00021461348FEF7C1FCFFF7D0FFE16809B172
:10530000204688472046BDE8104011F027B8A16B21
:105310004942E162002A11D0810702D4216B49423F
:10532000E1624110491C61F3410084F83E00616A6A
:10533000E069E1616062A06AA262606310BD000082
:10534000D4B6002070B5304D686817F051FA0646A3
:10535000687880F00100687047E00020287094F8B9
:105360003E006978C0F380028A4242D061F3820035
:1053700084F83E00E16A8A19030719D4002917DC72
:10538000002A15DBC00709D1216939B120468847B9
:10539000E1690144E161616A08446062A16809B1A0
:1053A0002046884794F83E0040F0080084F83E000C
:1053B000E06A8019E06216D4A16A884200DDE162E9
:1053C000A169204688470146206A884204D02162AC
:1053D00062680AB120689047D4E90A01814202DB81
:1053E0002046FFF771FF287818B10848FEF7DBFB6D
:1053F00003E021460548FEF7E8FB0400ADD117F0B5
:10540000FDF9686070BD0000D8010020D4B600200E
:1054100070B5044640680D4608B1FFF7F9FF2268F1
:10542000002A04D029462046BDE87040104770BDD0
:1054300089B20AF04EBA89B20AF087BA10B50446AA
:10544000406882080AD0496821F00301091D084418
:105450006060204600F042F8204610BDFEE740683C
:10546000103120F00300884201D301207047002052
:1054700070472DE9FC47054648680C4620F00300BC
:1054800001AA694618F03AF9DDE9007005EBC71189
:1054900001EB80098046D9F83C0060B164B1C4E9F1
:1054A000020504F10806C46030460421FFF73DFE02
:1054B000864202D0FEE7FEE7FEE7C9F83C40012045
:1054C000296900FA07F21143296105EB870100FA07
:1054D00008F04A6902434A61BDE8FC8710B50446FA
:1054E00000F087F8046010BD2DE9FC4706464FF038
:1054F00000000D0000900746019042D00C46E9469E
:105500000DF10408802907D308461BF071F9411FEB
:1055100001208840401E044442464946204618F077
:10552000EDF8009C0A2C2CDA06EB8400019A406905
:105530004FF0FF3101FA02F210400CD1641C3069C7
:10554000A14008401DD01BF04BF90446009006EB2B
:105550008000406978B11BF043F9034606EBC411A3
:10556000019001EB8000C76B5FB1786820F0030009
:10557000A84201D2FEE7FEE739463046009A19F00C
:10558000D9FA3846BDE8FC8710B50446FFF7A6FFF8
:10559000416841F002014160606840F001006060D4
:1055A00010BD10B5044600F024F8416821F0020156
:1055B0004160606820F00100606010BD70B5064673
:1055C0000D46084600F015F8040010D02079C007F9
:1055D0000BD0686880080BD02146304600F03CF8BC
:1055E00021462846FFF72AFF0546284670BDFEE7FC
:1055F000FEE7426800F1080122F00300001F0844A2
:10560000910800D1FEE7704770B506460C004FF0D8
:1056100000001ED0F2B120791546C0071BD01146FC
:105620002046FFF71CFF78B12946204600F025F8F8
:1056300005462046FFF752FF6868294640F0020001
:1056400068603046FFF715FF2046FFF7AAFF04F118
:10565000080070BDFEE7FEE77CB5054648680C46CD
:1056600020F0030001AA694618F048F8DDE900239C
:105670002146284619F05EFA7CBD2DE9F0410D4621
:10568000044600F10801281F0E18606806F108079B
:1056900020F00300401BA0F1040838460421FFF766
:1056A00044FD874200D0FEE7606820F0030108EB6C
:1056B0000500001D814200D0FEE7307900F00300B4
:1056C00040EA0800706020F003000C2800D2FEE7DA
:1056D000207900F00300284360603046FFF754FF54
:1056E0003046BDE8F08138B504460FF0D7FC0546DA
:1056F0000FF00DFD0028204605D0218FE18613F024
:1057000078FC012038BD0EF0BFF8002820461ED0DE
:105710000DF08FFF218FE08E81420CD02087E08E2C
:1057200000906A461C2120460EF0E8FA0128E9D1D3
:10573000204613F05EFC28460FF0F5FC0428E0D16B
:10574000204612F02DF900210EF073FFD9E70EF07C
:10575000F7F8D6E72DE9F04F0D4687B00446002153
:1057600012F053F860B32946204600F061FA29464A
:10577000204600F06FF80021204612F026FF059029
:105780000021204612F0BBFF04900021204612F0B9
:1057900018FE012800D0002080460021204613F08A
:1057A00011F907460021204612F07CFE42F2D17921
:1057B00006464F450BD1608C400508D4012707E011
:1057C00007B02846BDE8F04F1C2110F011BF00279C
:1057D000204612F098F8DFF878A083462046002192
:1057E000BAF8022012F0E6FFD5F810C0AB682968BD
:1057F000CDF800C0CDF80C80CDE90131C2B23946F8
:105800005846059B07F0A2FF28834E4504D1608CC3
:10581000800501D4012600E00026204612F059F848
:10582000074620460021BAF8062012F0C3FFC2B294
:10583000686900246B68E9688DE81B0031463846CA
:10584000049B07F083FF688307B0BDE8F08F00007A
:10585000240100202DE9F34F81B00C46019807F098
:1058600033FA0646019812F04EF88246304600F0B0
:10587000C5FE2061400010F013FD2060206940004B
:1058800010F00EFD002541F69A79A0603AE036F955
:105890001510DFF82081494533D10027DFF818B112
:1058A0001FE03946019811F0B0FF5946009013F0FF
:1058B000D9F8A8B9009807F019FA012810D1009872
:1058C00007F00AFAA8420BD1009813F097F8414666
:1058D000404501DA084602E0009813F08FF8804650
:1058E0007F1C019811F0A3FFB842DAD8B8F1000F7D
:1058F00003DBA16821F8158003E0A168002021F8EE
:1059000015006D1C2069A842C1D800252F462846E5
:1059100041F69B784B4615E036F91010414504DB03
:105920000D44A5F5F8559B3D0BE0994204D1A168C3
:1059300031F81010394403E0A26822F810103944FD
:105940000FB2401C21698142E6D80021019812F073
:105950003CFE2169C1F1010200FB02A0C01B00B2A4
:10596000002800DA002000224FF0FF331146C44621
:1059700011E000BF36F9117067450BDBA7F5F8574A
:105980009B3F3AB210FB02F3B3FBF5F3A76827F88D
:1059900011300B46491C27698F42EBD8002B07DBDF
:1059A000A91A4143B1FBF5F1401AA16821F813008F
:1059B000BDE8FE8F01E0FFFF010006002DE9F14F79
:1059C00000221146009814F0DFF90021009812F02F
:1059D00025FD04460021009812F0A6FE20440FFA8F
:1059E00080F90021009812F0B1FD20440FFA80F8F0
:1059F000009812F093FC00EB090101EB0800DFF8BE
:105A000098A006B25446009811F011FF07460025F1
:105A10002AE0009821498068006850F825008346F4
:105A200013F020F8F8B9584613F044FB40BB0021AE
:105A3000584612F098FC18B3012821D002281FD034
:105A400003281DD00021584612F0D1FF58B9BBF8E9
:105A50001A10BBF81600081A401C00B24844A042B5
:105A600000DB044624B26D1CBD42D2D3544504D0A1
:105A700004EB080000B2B04200DC3046BDE8F88F0D
:105A80000098BBF91A10B0F91600081A411CA1427F
:105A9000E8DB0C46E6E7000001E0FFFF0100040040
:105AA0002DE9F84F00228046114614F057F90021E5
:105AB000404612F0B3FC04460021404612F0E0FDDF
:105AC00020440FFA80FA0021404612F093FD204452
:105AD0000FFA80F9404612F02FFC00EB090101EBB0
:105AE0000A00DFF844B105B25C46404611F09FFE63
:105AF00007460021404612F04FFC01284FF00006F7
:105B000044D078E0D8F808004849006850F82600EA
:105B1000009012F0A7FFC0BB009813F0CBFA50B171
:105B20000098B8F91810B0F91400091A481CA042DE
:105B30002ADB4C1C28E00021009812F014FC58B11C
:105B4000032809D0062807D0082805D0002100988E
:105B500012F046FF58B118E00098B8F91810B0F9E3
:105B60001400081A411CA1420EDB0C460CE0009800
:105B70001430009009F0B0FF5044A04204DB0098BC
:105B800009F0AAFF00EB0A0424B2761CBE42B9D386
:105B90005C453BD004EB090033E000BFD8F80800B7
:105BA0002249006850F82600009012F05BFF08BB05
:105BB000009813F07FFA60BB0021009812F0D3FB2D
:105BC00038B3012825D0042823D0072821D000216C
:105BD000009812F00CFF68B900981430009009F09A
:105BE0007BFF4844A04204DB009809F075FF00EBFE
:105BF000090424B2761CBE42D0D35C4506D004EB27
:105C00000A0000B2584501D0A84200DC2846BDE891
:105C1000F88F0098B0F91810B8F91400091A481C48
:105C2000A042E6DB4C1CE4E701E0FFFF01000400BA
:105C30002DE9F84F0C46834607F024FC064600F099
:105C4000DDFC6061400010F02BFB6060606940008B
:105C500010F026FB002541F69A79E0603AE036F92B
:105C60001500DFF80C81484533D10027DFF804A187
:105C70001FE03946584611F0C8FD5146009012F019
:105C8000F1FEA8B9009807F083FC012810D1009814
:105C900007F074FCA8420BD1009811F086FE414633
:105CA000404501DA084602E0009811F07EFE804689
:105CB0007F1C584611F0BBFDB842DAD8B8F1000F8E
:105CC00003DBE16821F8158003E0E168002021F89A
:105CD00015006D1C6069A842C1D800273D463846B2
:105CE00041F69B784A4615E036F91010414504DB31
:105CF0000F44A7F5F8579B3F0BE0914204D1E168B0
:105D000031F81010294403E0E36823F81010294407
:105D10000DB2401C61698142E6D80021584612F05C
:105D2000EEFC8146584611F0D4FD01466069C0F191
:105D3000010209FB0210401B02B2002A00DA002215
:105D4000002043460FE000BF36F91010994209DBEE
:105D5000A1F5F8519B3912FB01F1B1FBF7F1E568B0
:105D600025F81010401C61698142EDD8BDE8F88F1C
:105D700001E0FFFF010006001CB50B8804892344E5
:105D8000ADF800304B8844892344ADF802308B884D
:105D900004892344ADF80430C98843891944ADF817
:105DA00006104369694698471CBD0000F8B50D46CA
:105DB000D0E90C2104468AB112787AB141B100BF12
:105DC00016F00DFC0D4909688847616B884211D2B5
:105DD000206B88B100200A4E009006E061B1EFE729
:105DE000326869469047A84206D0206B0099415C12
:105DF0000029F5D10020F8BD0120F8BD30020020B7
:105E00001C0200202DE9FF4F87B0C878189CC007FE
:105E10000D46002801D0F14800E0F148069001D07D
:105E2000F04800E0F048049001D1EE4800E0EE4870
:105E30004FF0100A4FF00C0ECDF814006088A188C6
:105E40004FF0000BA0EB010001B25A4658462769FB
:105E500012E000BF00EB8006E3680AEB860C13F843
:105E60000CC05FEACC7C0BD04FF0080C0CEB860624
:105E70009B5BC91A09B2401C8742EBD8002347E05C
:105E80000EEB86069B5B1A4412B2F4E703EB830623
:105E9000E7680AEB86000190385CC00737D191FBB8
:105EA000F2F00EEB860CCDF800C037F80CC00CFBFE
:105EB00000FC0FFA8CF94FF0060C04200CEB860C5A
:105EC00000EB860037F90C80385ECC46C84500DC14
:105ED000C446604504DC4046CC46C84500DD60460B
:105EE000484506D0DDF804804FF0010CE34647F842
:105EF00008C0D4F80CC0082707EB86062CF806006B
:105F0000E768009EBE5B921B081A12B201B25B1CCE
:105F100020699842BAD8BBF1000F8FD100210798B1
:105F200012F048FA012826D000270020ADF808001A
:105F3000ADF80C0003A902A8CDE900012089B4F94D
:105F4000022003B22878169917F0DEFDE87838426F
:105F500007D0079811F0D7FCBDF808100844ADF839
:105F600008000999079811F050FC06464FF4FA68AA
:105F70004FF0640B27E10127D7E79C49304612F028
:105F800071FD00287DD10021304612F073FAE8B38C
:105F90004FF000094846216911E000BFE26800EBBC
:105FA000800352F82320B24208D100EB8002E1685E
:105FB000082000EB820031F9009002E0401C814291
:105FC000ECD8E878C007708C02D040F4806001E023
:105FD00040F40070708406F11400049982468847EA
:105FE000484528D0304613F004F8B08AADF80000D8
:105FF000F08AADF80200308BADF80400708BADF87C
:106000000600069A49465046904700E00FE06A466F
:10601000292130460DF072FE304611F007FD324660
:1060200022210DF06BFE304612F0E3FF03E0708C8E
:1060300020F4C0607084002000906878012810D09F
:10604000022816D1059906F114008847B4F900100A
:10605000491C21F00101081A00EBD07040F34F00F9
:1060600006E0059906F1140088472188081A00B255
:106070000090E87838420AD0049906F11400884765
:1060800000E098E0BDF80810081AADF808003046A6
:10609000002143F20C0212F08DFB0FFA80F930461A
:1060A000002143F20D0212F085FB0FFA80FA304610
:1060B00012F0A4FC0190304611F077FC0146C9F3C0
:1060C000413001280ED129F4C04040450ADCB0F52A
:1060D0007A7F01DDC0F57A70019A504390FBFBF0A6
:1060E0000FFA80F9CAF3413001280DD12AF4C040DB
:1060F000404509DCB0F57A7F01DDC0F57A70484390
:1061000090FBFBF00FFA80FAB18A1498F28A411AD8
:1061100001EB0900159900B28A1A02EB0A01EA782C
:1061200009B2D207002A02D0BDF9082000E0009A87
:1061300010440FFA80FA01D0009801E0BDF9080080
:1061400008440FFA80F95AEA09001BD0304612F0D1
:1061500050FFB18A01EB0A00B082318B01EB0A00DB
:106160003083F18A01EB0900F082718B01EB0900A9
:106170007083304612F03DFF01234A4651463046B7
:1061800012F0E6FFE87838420CD1049906F11400C9
:10619000884717990844BDF80C100844BDF808104A
:1061A000084406E0BDF80C1017980844BDF8081024
:1061B000081AADF80800E87809AAC0F3800107982A
:1061C00007F02CF80646002E04D0DDE909018842CC
:1061D0007FF4D3AE0BB0BDE8F08F000061FB000888
:1061E00057FB0008FDFA0008A5FA000801000600A8
:1061F0002DE9F04F91B00E0005463FD02E83286860
:1062000008B110F0ABF806EB4600062101EB4000A8
:1062100010F01AF8286040B3022101EB4601014456
:10622000E960042101EB86010144C5E90101012176
:106230000024012E1AD0F000083010F031F8814609
:1062400000EB860000F10408B00000B2A346ADF8F0
:106250001000C0F101028010ADF812B00FFA82FAFE
:106260005C46CDF828B00690ABE0FEE7B4220270A1
:10627000E8680480E8684180A868048011B0BDE83F
:10628000F08F0027BDF81220BAF1000F07DC0321C0
:1062900001EB42010AEB01000FFA80FA0CE0BDF8B5
:1062A00010100523521A03EB420202EB0A00491EAA
:1062B0000FFA80FAADF81010BDF81200401CADF8CE
:1062C000120004A800F0E9F868B1BDF9100006A9B1
:1062D000821041F827200AA900F0030041F82700A6
:1062E0007F1C042FCEDB042F71D1099906988842B8
:1062F00012D129F8140028F814B0DDE90A0101448C
:10630000DDE90C20104408446968085569680001FB
:106310000855641C24B252E00799884219D029F824
:10632000140028F814B06A680A9810556A680001C9
:106330001055641C069A20B2521E29F8102028F825
:1063400010B0DDE90B120A440D99091D11446A6869
:106350002FE0089929F81400884228F814B0DDE9E4
:106360000A025946104412D06A6810556A68000142
:106370001055641C069A20B2521E29F8102028F8E5
:106380001010DDE90C12114408316A6811E00C9A12
:1063900010446A6810556A6800011055641C069A1A
:1063A00020B2521E29F8102028F810100D996A68A2
:1063B0000C3111546A6809011154401C04B20BF1EC
:1063C000010B04A800F069F800287FF45AAF40F2EE
:1063D000D32016FB00F109EB4402881232F9022C9B
:1063E000824205D108EB440232F9022C82421AD0D3
:1063F000A1EB8021B1F5007F03DC494341F3CF31AC
:1064000006E0C1F58061494341F3CF31C1F10F018D
:1064100029F8140028F81400686801556868090113
:106420000155641C24B2A01E0EE000BF38F81020F5
:1064300029F8142039F8102028F8142069680A5C1B
:106440000A55641C24B2401E0028EFDAEA680021D5
:10645000084611801BE0EA6822F81100AB6839F8A1
:10646000102023F811200AE0AE6839F9102036F820
:106470001130934200DA1A4626F81120401C38F9F0
:1064800010208A4201D1A042EEDB491C09B2A04291
:10649000E1DB48460FF050FFF0E6B0F90210B0F92A
:1064A0000000814201DC012070470020704717B5D1
:1064B00081B0022A03D8BDF8080004B010BDBDF8B1
:1064C0000830BDF80400D90A01EBD0211F2900D300
:1064D0001F2161F3CF20C3F34511C0F345142144BC
:1064E000ADF804003F2900D33F2161F34A1003F0C7
:1064F0001F0100F01F031944ADF804001F2900D349
:106500001F2161F30400ADF80400FF2A07D0DDE984
:1065100001010AF0E5FB0090BDF80000CDE780B274
:10652000CBE717B581B0022A03D8BDF8080004B044
:1065300010BDBDF80400BDF80810C30ACC0A13FB57
:1065400004F35B0963F3CF2000F01F0301F01F0485
:1065500013FB04F35B0963F30400C0F34513C1F3B9
:10656000451113FB01F1890961F34A10ADF80400EC
:10657000FF2A07D0DDE901010AF0B2FB0090BDF867
:106580000000D4E780B2D2E717B581B0022A03D861
:10659000BDF8080004B010BDBDF80830BDF8040017
:1065A000D90AA1EBD021002900DC002161F3CF2022
:1065B000C3F34511C0F34514091BADF804000029CD
:1065C00000DC002161F34A1003F01F0100F01F03FB
:1065D000C91AADF80400002900DC002161F30400B1
:1065E000ADF80400FF2A07D0DDE901010AF078FBCD
:1065F0000090BDF80000CDE780B2CBE70146002057
:1066000041F6FF7200E0401C31F910309342FAD19C
:1066100070471CB5044690F8500000F00100884215
:106620002DD094F8500011B140F0010001E020F0AD
:10663000010084F8500004F14401684609F023FA8F
:10664000606ABDF80010828A1144ADF80010BDF8F0
:106650000210C08A0844ADF80200606ABDF8041058
:10666000808A0844ADF80400606ABDF80610C08A4C
:106670000844ADF806006946204612F0EEFC1CBD49
:1066800008B5084611460AF004FA0090BDF800006B
:1066900008BD2DE9F04F0646C87A89B015460F4669
:1066A000022803D8012009B0BDE8F08F18463A69E6
:1066B000B968FCF7F9FF041EF5D0207D00F01F003B
:1066C0000EF0EDF808B1062008E0207D00F01F0074
:1066D0000EF0D5F808B1052000E00420226A8146BA
:1066E00022B12946304618F054FEB7E0A069E8B35D
:1066F000294602A809F09AF9388818B97888B0F5BF
:10670000807F2AD0A88829886A88401A401C01B254
:10671000E8883B1D801A401C02B27888CDE900034E
:10672000B7F9003002A8FCF737FCBDF8080029884B
:106730000844ADF80800BDF80A0069880844ADF8BF
:106740000A00BDF80C0029880844ADF80C00BDF81B
:106750000E0069880844ADF80E0002AA04A8B168CA
:10676000FCF7DAF8002879D004A800E00DE0D6F8AC
:106770000880B060CDF800902A4639463046A369BB
:106780000AF03EFFC6F8088068E02A4604A8B1680F
:10679000FCF7C2F8002861D0BDF81400BDF8101055
:1067A000401A401C0FFA80FB0BEB4B000FF078FDFA
:1067B000039004A901A8D6F808A009F037F901212F
:1067C00001A809F0C8F9BDF91000B5F90010BDF92C
:1067D0001280401A0690B5F90200A8EB000534E0DB
:1067E00001AA514607A8FCF797F860B303980090F8
:1067F00006985B4601B22AB220460EF0F3FB012850
:106800000CD020460EF043FB03980FF095FD204678
:106810000EF03DFB0020C6F808A044E707A8B060D2
:10682000CDF8009001AA39463046039B0AF0E8FEF5
:10683000BDF80600401CADF80600BDF80A00401C7B
:10684000ADF80A006D1C08F10108BDF916004045BD
:10685000C6DAC6F808A003980FF06EFD20460EF0C9
:1068600016FB1FE77047000010B544080E4894B0AF
:106870000021026842F004020260006800F0040097
:1068800012900A480090601ECDE901014FF6FF709A
:10689000CDE903016846FAF7CBF96846FAF7F6F94D
:1068A0000348046014B010BD4038024000080040A6
:1068B000A800002070B5054600244FF47A7603E066
:1068C000304600F005F8641CAC42F9D370BD0000FE
:1068D000094910B50A684FF6FF7392B29B1A06E099
:1068E0000C68944203D20C681C44844203D20C68A6
:1068F000A41A8442F4D310BD2408004038B50546DC
:1069000000924C88CB888A8808882146FAF79EFC3A
:106910002846BDE838400AF085BB00002DE9F04F5D
:10692000A1B0074614468A4604A80AF051FC4FF469
:10693000A021384611F021FD9DF81D1060F3820161
:106940008DF81D10A1882088091A491C09B201EB95
:10695000D1714E103044ADF8700060880021304491
:10696000ADF87200384611F0CEFD8146514608A8B8
:1069700010F08AFD04A810904FF4003015902D48B7
:10698000099000200A9007F130008346FDF724F9B2
:106990004AE02079032843D1208BADF81000208AEB
:1069A000ADF812006079FD2801D9484602E010FBDD
:1069B00009F0000A8DF81C002568B5F92030E88B35
:1069C00018440090D5E90512A0680FF02BFC804612
:1069D000B5F92030E88B18440090D5E90512E0683D
:1069E0000FF020FC0546608B08AA3044ADF85C002F
:1069F0001CA811901A21199438460DF07FF9A9B2FC
:106A00001FFA88F0CDE90001BDF85C301CAA04A98A
:106A100050460AF0CDFB08AA1B2138460DF06EF94E
:106A200021465846FDF7D5F80400B2D121B0BDE8A3
:106A3000F08F0000A46102082DE9F74FC878A0B0DC
:106A40000C4602287DD9114601A808F0E6FFB4F9EA
:106A50002000012829DD94F82200FD2825D3208874
:106A600018B394F82300BDF804104008C0F3800266
:106A70001144ADF80410BDF80610C0F340000844FE
:106A8000ADF8060094F82310BDF808004908C1F3DA
:106A9000C001401AADF8080094F82310BDF80A00B0
:106AA000C1F34001401AADF80A00209801A982689C
:106AB00005A8FBF731FF002843D0E07B10F0070664
:106AC00019D0E088ADF80000BDF800006189884267
:106AD00000D1002601A80BF089FA07461C210EA858
:106AE000F9F726FCA0788DF85100BDF80000ADF84C
:106AF00040001FB105E060680090E5E7208800B91C
:106B0000EEB3E078FD2800D3FF208346BDF80800EF
:106B1000BDF80410401A401C0FFA80FABDF80A00B4
:106B2000BDF80610401A401C01B289465046CA45BD
:106B300000DB0846B4F90050B5EB600F00DB4510F0
:106B400000E043E0BDF81810BDF81400081A401C1E
:106B50000FFA80F84FF0FF301D9000200790002DB5
:106B600000DC87B140460FF09BFB079000232A46CC
:106B700001A916A80BF0A6FC002116A800E01CE055
:106B80000BF054F81D90BDF81400ADF80C00BDF8E2
:106B90001800ADF810000798119003A80E901390FC
:106BA000FF208DF850004A465146A01D0DF08CFB89
:106BB000040018D0022E0CD015E001A80E90E07849
:106BC0008DF850000EA920980BF038FF23B0BDE8D7
:106BD000F08FBDF91410A06800EB4100BDF904105E
:106BE000A0EB41000F90002F7DD0BDF9165027E09B
:106BF0002FB2ADF80E70ADF81270424659460798A4
:106C00000FF0C4FCBDF9141043463A4607980BF048
:106C1000AFF98DF84800012802D102208DF8480014
:106C2000012E08D1BDF90610A068691A00EB4100D9
:106C30000088ADF840000EA920980BF0FFFE6D1CF7
:106C4000BDF91A00A842D3DAB7E000BFBDF80600CC
:106C5000BDF9161038440FFA80F9BDF80A00C01BC0
:106C60000FFA80FA494503DDBDF91A10514544DB9E
:106C70004246594607980FF089FCBDF90C1043466F
:106C80004A4607980BF074F98DF84800012802D1A4
:106C900002208DF84800BDF91610494513DCADF807
:106CA0000E90ADF81290012E09D1BDF90620A16811
:106CB000A9EB020001EB40000088ADF840000EA9EE
:106CC00020980BF0BBFEBDF91A10514515DBADF84D
:106CD0000EA0ADF812A0012E0BD1BDF90600A268DE
:106CE000AAEB000000E009E002EB40000088ADF8EC
:106CF00040000EA920980BF0A1FE7F1CAF42A5DB3F
:106D0000BDF80400ADF87800BDF80800ADF87C00CF
:106D1000BDF806002844ADF87A00BDF80A00401B13
:106D2000ADF87E001EA80BF061F9074630430CD089
:106D300001208DF84800BDF90A008DF850B0A0EB95
:106D40000509BDF90600054435E0BDF806008DF8DB
:106D500050B02844ADF80E00BDF80A000EA9401B43
:106D6000ADF812000020119020980BF067FE24E08F
:106D70006FB14246594607980FF008FCBDF9141050
:106D800043462AB207980BF0F3F88DF84800ADF8A7
:106D90000E50ADF81250012E08D1BDF90600A168C1
:106DA000281A01EB40000088ADF840000EA9209899
:106DB0000BF044FE6D1C4D45DADD079808B10FF06D
:106DC000BBFA1D98401C05D01D980BF027FC16A897
:106DD0000BF0F0F8002C3FF4F9AE20460DF06DFA00
:106DE000F4E6F0B5074608698FB015460C46002852
:106DF00071D0A17E02296ED90EF007F9022820D0A9
:106E0000694620690EF064F8012864D105A80AF0EB
:106E1000FFFBA0788DF82000208BADF81C00E07EF1
:106E20008DF81E00A07E8DF81F00207F4FF0FF36EA
:106E3000E0B300996888ADF8060006EB51510844AC
:106E4000A8E0002641F6FF70CDE900600296D4E983
:106E5000041233460DA815F0B9FF284608F042FE8B
:106E600001462A88BDF9340001EBD17102EB6102C1
:106E700000EBD071A2EB61010844401EADF8100098
:106E8000ADF80C10284608F007FE01466A88BDF9E7
:106E9000360001EBD17102EB610100EBD072A1EB86
:106EA00062010844ADF80E10401E00E015E0ADF898
:106EB000120005A80AF062FE60690590208BADF80B
:106EC0002000A07E8DF82E00009603AA05A9384662
:106ED00023690AF0B7FB0FB0F0BD284608F002FEA8
:106EE000298800EBD07001EB60000099C1F38A2182
:106EF000A0EB5100ADF80400284608F0CDFD6988EC
:106F000000EBD07001EB60010098A1EB9051C0F351
:106F10008A22ADF80610BDF80430521E1A4406EB62
:106F20005050ADF808200844ADF80A0001AA05A9A0
:106F3000384623690AF044FBCDE700992888C1F35D
:106F40008A21ADF80400491E084410E001AA05A9F1
:106F5000384623690AF034FB0098BDF80410C0F3EA
:106F60008A200144ADF80410BDF808100844ADF8BB
:106F70000800BDF90400B5F904108842E6DDBDF84B
:106F80000610009801EB5051ADF80610BDF80A103C
:106F900001EB5050ADF80A00BDF90600B5F9061036
:106FA0008842CADD97E7F0B5074691F8220087B01E
:106FB00016460C4602286BD9208C002868D094F81D
:106FC000230010F03E0F63D0C00761D1B088318834
:106FD0007288401A401C01B2F088B4F90050801A3F
:106FE000401C00B2814200DA0846B5EB600F00DDBC
:106FF0004510314604A808F010FD94F82300BDF9AF
:107000001020C0F344014807B4F9200001D42844FB
:1070100040421044ADF810000807BDF91420B4F93F
:10702000200001D428444042101AADF8140094F80E
:107030002300BDF9121040088007B4F9200001D4E4
:10704000284440420844ADF8120094F82300BDF9EA
:1070500016104008C007B4F9200001D1284440426E
:10706000081AADF81600208C281A00B2002800DAA1
:107070000020A27894F82210CDE90212E18BADF83D
:10708000041000902B4604AA3146384600F002F85E
:1070900007B0F0BD2DE9FF4FA9B01D46DDE93879F5
:1070A000DDF8D88016460C46FF2F00D3FF27084690
:1070B0000AF09CFF2690284350EA080074D02998D3
:1070C0002146826808A8FBF727FC002873D0BDF88A
:1070D0002400BDF82010401A401C00B204901C216E
:1070E0000AA80FF085FA04980FF0DAF80D904FF027
:1070F000FF302490002D0ADD00232A46214615A8E2
:107100000BF0E0F9002115A80AF090FD249001236E
:10711000424631461BA80BF0D5F900211BA80AF006
:1071200085FD259001A80A900F90BDF8DC008DF830
:107130004070ADF830008DF84190B4F90000229015
:10714000B6F900C04319634500DC6346B4F9040096
:107150000FFA83F92190B6F90430401B984200DB06
:1071600018460FFA80F8B4F902E0B6F902000EEB07
:1071700005018246514500DC01460FB2B4F906B064
:10718000B6F90610ABEB05028A4200DB0A4610B2E4
:107190000590A8EB0900401C00B22790D6450DDCF5
:1071A00001200CE000E006E0009732462146379BC4
:1071B000299800F0B8F92DB0BDE8F08F0020824684
:1071C0008B4501DB012000E0002083462698D8B3E0
:1071D000BDF82000ADF80400BDF82400ADF80800AB
:1071E000BDF9224022E000BFBAF1000F01D1A74251
:1071F0001BDCBBF1000F02D10598A0421ADB25B2BF
:10720000ADF80650ADF80A5004990D980FF01EFA2B
:10721000BDF920102A46049B0D980AF0A9FE8DF8AE
:1072200038000AA929980BF009FC641CBDF9260056
:10723000A042D9DA1BA80AF0BDFE25980BF0EEF9A2
:107240002498401C07D000E009E015A80AF0B2FE1F
:1072500024980BF0E3F90D980FF06EF8ABE7229845
:10726000604501DC012000E0002013902198984245
:1072700001DB012100E00021012000901398129110
:10728000084000EA0A0010EA0B0F04D027983228C1
:1072900001DA00200090012000998DF838001AEAE8
:1072A000010F0ED0ADF80490ADF808806088ADF8FD
:1072B000060070880AA9401EADF80A0029980BF054
:1072C000BDFB00991BEA010F0ED0ADF80490ADF89C
:1072D0000880F0880AA9401CADF80600E088ADF8E7
:1072E0000A0029980BF0AAFB139878B12088ADF812
:1072F00004003088ADF80670401EADF8080005980F
:10730000ADF80A000AA929980BF098FB129878B1F9
:10731000B0880AA9401CADF80400A088ADF80800A8
:107320000598ADF80670ADF80A0029980BF086FBB9
:107330000098C0B1BDF92400BDF92010A9F10102E7
:10734000ADF80410904200DB1046ADF80800401A7A
:10735000401C05B2002D70DD139850EA0A0066D07B
:10736000BDF9224061E0BDF82000ADF80400BDF891
:107370002400ADF80800B4F90200B6F90210401A72
:10738000A84200DB05460FFA85F8002533E0608847
:10739000284406B2E088401B07B2BDF92200B04283
:1073A00003DDBDF92600B84224DB04990D980FF0E7
:1073B0004DF9BDF904103246049B0D980AF0D8FD32
:1073C0008DF83800BDF92200B04207DCADF8066048
:1073D000ADF80A600AA929980BF030FBBDF9260028
:1073E000B84207DBADF80670ADF80A700AA9299813
:1073F0000BF024FB6D1C4545C9DB8DE026B2ADF8D2
:107400000660ADF80A6029460D980FF01FF9BDF926
:1074100004102B4632460D980AF0AAFD8DF838006C
:107420000AA929980BF00AFB641CA742E6DC139812
:1074300050EA0B001DD0059C16E01AE026B2ADF80C
:107440000660ADF80A6029460D980FF0FFF8BDF907
:1074500004102B4632460D980AF08AFD8DF838004C
:107460000AA929980BF0EAFABDF92600641CA0428B
:10747000E4DABDF9200008F10101884200DC084689
:10748000BDF82410ADF80400081A401C05B2ADF890
:107490000810002D40DD129850EA0A001BD0BDF9FB
:1074A000224016E026B2ADF80660ADF80A60294623
:1074B0000D980FF0CBF8BDF904102B4632460D980D
:1074C0000AF056FD8DF838000AA929980BF0B6FA93
:1074D000641CA742E6DC129850EA0B001CD0059C05
:1074E00015E026B2ADF80660ADF80A6029460D98A1
:1074F0000FF0ACF8BDF904102B4632460D980AF097
:1075000037FD8DF838000AA929980BF097FABDF9D4
:107510002600641CA042E4DA1BA80AF04BFD259863
:107520000BF07CF88FE62DE9FF478EB00C468246C3
:1075300015461C2102A81A9E0FF05AF8CDF808D063
:10754000BDF84400ADF810008DF82060B4F90200D9
:10755000B5F90210884201DC012700E00027B4F9E8
:107560000600B5F90610884201DB012600E000267E
:10757000B4F90000B5F90010884201DC012100E0F7
:1075800000218946B4F90410B5F90420914201DBC9
:10759000012100E00021ADF80000A088ADF8040052
:1075A0006088ADF8020068888846401EADF8060085
:1075B0001FB102A950460BF041FAE888401CADF813
:1075C0000200E088ADF806001EB102A950460BF09B
:1075D00035FA2088ADF800002888401EADF8040078
:1075E00017B1B5F9020001E0B4F90200ADF80200EC
:1075F00016B1B5F9060001E0B4F90600ADF80600D1
:10760000B9F1000F03D002A950460BF017FAA88871
:10761000401CADF80000A088ADF80400B8F1000FE0
:1076200003D002A950460BF009FA12B0BDE8F0876A
:107630002DE9F04F8B46A2F57F4195B09146064665
:10764000FF3944D0746A208C8046984204D0238449
:10765000608C40F0040060844FF4802A514620463C
:1076600011F041F907465146204611F05EF90546F2
:10767000B7F90870304605F0FAFCB0F916107A191F
:1076800009FB021105EBD570A1EB6000ADF8060017
:1076900038446D1E2844ADF80A00706A818AADF83E
:1076A0000410008BADF8080006A80AF0DBFF06AA5C
:1076B0005146204611F042FB01AA06A958460AF09D
:1076C000BDFFA4F82080608C20F00400608415B019
:1076D000BDE8F08F2DE9F0430E46A2F57F4191B051
:1076E00090460546FF3956D06C6A278C9F4204D0DD
:1076F0002384608C40F00400608406A80AF03EFAFF
:107700004FF4802906AA4946204611F074FA4946EA
:10771000204611F00AF9ADF82A00284605F0A7FC2A
:10772000050038D00698B5F91620B0F90810BDF953
:107730002A0000EB010C08FB0C2200EBD073A2EB3B
:1077400063021044491EADF80A200844ADF80E004B
:10775000A08AADF80800208BADF80C0002AA0EA894
:10776000B168FBF7D9F888B10EA8D6F80880B060E8
:1077700028460EF0E3F803460020009005F11402BD
:1077800006A9304609F05EFFC6F808802784608CA1
:1077900020F00400608411B0BDE8F0832DE9F041D1
:1077A000274E0746706809F057FC04463868856B19
:1077B000E96A09B128468847206850B1606828B94D
:1077C00007E070680068816A01B188472069002875
:1077D000F7D10120206171680968C9688A69D207F8
:1077E00002D08969890700D400206061606908B10E
:1077F000012600E000263868416971B1016911F085
:10780000300F06D0490704D5D5E9001000F01AF86A
:1078100003E0D5E90021FEF7AFFA206800280BD07D
:107820006168002908D03A68127CB243D20703D1BC
:10783000A268824202D1A160BDE8F081A060FBE7AE
:10784000F00000202DE9F34F05468A4893B04168C7
:107850000E683069820701D542076ED4C0F301106B
:1078600002281ED0012801D0032866D100200F90E5
:10787000084609F0F1FB8346A988B5F90000EA88BB
:10788000091A491C0CB2B5F90210521A521C17B24F
:107890004FF4A052B2FBF4F3BB420FDAB2FBF4F2A6
:1078A0000DE029463046149A00F0F0F8149A15B00D
:1078B00029463046BDE8F04FFEF75EBA3A460C92D4
:1078C0000791317CC1F30111012905D06880611E47
:1078D0000844E8800020BDE07188081A401EE88056
:1078E000001B401C6880F5E70C99A7EB0A00884252
:1078F00000DD084600B201900120CBF81000BAF17B
:10790000000F20D1A7421EDB0194307CC0F3011090
:10791000032810D000202146149A00F0EAF8307CA9
:10792000C0F30110012809D031880798081A401EB9
:10793000A880001B56E00120EDE797E0079828801B
:107940000798204466E00F9820B94FF420500EF0BD
:10795000A7FC0F90307CC0F3011003281BD000203F
:107960008646DDF850C001990F980A9014FB01F08B
:10797000401E0D90601E48430E90002081468842B4
:1079800022DA0E9ABEF1000F02EB090001D00D9A27
:10799000101A002212E00120E2E70A9BBEF1000F5C
:1079A00003EB400863460CF1020C1B88A8F800307A
:1079B00001D0084400E0401A521C12B2A242ECDB93
:1079C00009F1010000B2D9E7307CC0F301100128B1
:1079D0001BD031880798091AA1EB0A00401EA88025
:1079E0000199401A401C288001990AEB0108B8450A
:1079F00013DBDBF81800C0070FD0DBF81800800796
:107A00000BD50120CBF814000AE0079850442880D9
:107A100001990844401EA880E6E70021CBF8141025
:107A20000F9828B1024629463046FEF7A5F905E031
:107A3000149AF8E7B16A09B130468847DBF81000BC
:107A40000028F7D101981499604301EB400014908D
:107A50000FFA88F08246B842FFF646AF0F9800282A
:107A600004D015B0BDE8F04F0EF066BC15B0BDE80F
:107A7000F08F0000F000002030B504880D880580EC
:107A800010880880188810801C8030BDF8B58B885D
:107A90000C884D881B1BCC885B1C641B641C13FB6F
:107AA00004F300245B1E0DE002EB430602EB4407E7
:107AB0003588ADF80050B7F800C0A6F800C05B1ECE
:107AC0003D80641CA342EFD843884C88CA881B1BA6
:107AD0005B1ECB8043889A1A521E4A8003880C880A
:107AE0008A881B1B5B1E8B800088801A401E0880C2
:107AF000F8BD2DE9F0470C4617468246002601EBFB
:107B0000D47931E00025601C00EBD07827E0A01B81
:107B1000401E01B2601B401E00B2BAF1000F0AD035
:107B200015FB041207EB420311FB040107EB4102B2
:107B300010FB046009E010FB046207EB420311FB39
:107B4000040007EB400215FB041007EB400116FB95
:107B5000045007EB4000FFF78FFF6D1C2DB2B5EB13
:107B6000680FD4DB761C36B2B6EB690FCADBBDE812
:107B7000F08700002DE9F047A2B005460CF0B9F8F7
:107B8000044628460CF07DF88246606A0DF0D6FE69
:107B9000054694F85000C00778D004A80AF062FDAA
:107BA0004FF4E02904AA4946204611F0C7F804F131
:107BB000440101A807F067FF606ABDF80410828ADB
:107BC0001144ADF80410BDF80610C08A01AA08449B
:107BD000ADF80600606ABDF80810808A0844ADF868
:107BE0000800606ABDF80A10C08A0844ADF80A00AF
:107BF00004A950460AF022FD4946204610F02AFC0E
:107C000006464946204610F02DFD87194946204674
:107C100010F0C9FD4FF000081E490644CDF87480ED
:107C2000CDF87880E06C0968284488470246E06C0B
:107C300041191DA80EF0FEFBBDF8040040F25742AA
:107C40003844ADF80400BDF8060041463044ADF8B4
:107C50000600606A10F0AEFD054612A809F08EFF1E
:107C600012AA4946204610F0C6FF9DF813000228CC
:107C700004D8BDF85400A9B2884207D01DAB01AAB0
:107C800012A95046CDF8008009F0DCFC22B0BDE816
:107C9000F0870000180200202DE9F04FD3B0054610
:107CA0000CF027F8044628460BF0EBFF4F9010A984
:107CB00020460FF042FE002140F60A02204610F056
:107CC00079FD0546002140F60B02204610F072FDBA
:107CD000BDF84010BDF84420491BADF840102A44BF
:107CE000BDF84230ADF844201B1ABDF84650511A79
:107CF0002844ADF84600C01A401C0FFA80FAADF8CF
:107D00004230D4E90A02491C0FFA81FBA2EB0008B9
:107D1000D34501DB012100E00021894600213E918D
:107D200094F85C1001F00301012908D1002806DA5B
:107D3000002A04DD216B814201D101203E90002107
:107D4000204610F06CFC21900021204610F0ADFC84
:107D500036900021204610F0FCFC209000212046A7
:107D600010F009FC359004F1340010A9139007F0CD
:107D70006FFEA18E21980844A086218F3698081A9C
:107D80002087E18E20980144E186618F3598081A9A
:107D900000B26087B9F1000F11D0E18E401A401C8B
:107DA00000B204281DDAE18A0AEBDA726FF00100F2
:107DB00000EB62000844E086001D608711E0218F1F
:107DC000A08E081A401C00B204280ADAA18A0BEB24
:107DD000DB726FF0010000EB62000844A086001D1A
:107DE0002087218FA08E081A401C00B21890618F46
:107DF000E08E081A401C00B22290B9F1000F05D0A5
:107E000004F13805DC48189F139E04E004F136069F
:107E1000DA48229F351D3A90A36D581C14D0216D6D
:107E2000A06A626D091A101A7943784391FBF8F140
:107E300090FBF8F009B200B2401A5843C21700EBA9
:107E4000126001EB202005E0216BA06A081A78433C
:107E500090FBF8F000B21690A26C501C14D0216C6C
:107E6000A06A636C091A181A7943784391FBF8F1F8
:107E700090FBF8F009B200B2401A5043C21700EB71
:107E8000126001EB202005E0D4E90910081A7843BC
:107E900090FBF8F000B23F902046002141F26A4288
:107EA00010F088FCC0B2B9F1000F28D001280AD127
:107EB00030462E4605463F98404200B23F90169805
:107EC000404200B2169031883F980844288031889B
:107ED0001698084430803E9888B3A06A40427843A0
:107EE00090FBF8F000B2B9F1000F15D031880844CA
:107EF000B5F9001000B281420BDD308039E02988ED
:107F00003F98081A401C308029881698081A288043
:107F1000E1E7318028802CE02988081A401CB6F956
:107F2000001000B2814201DD288001E0298030800C
:107F3000B5F90010B6F900008142EADB19E0FFE76D
:107F40003A9913988847012813DC35A84F990FF008
:107F50009BFA4FF4003042908948369000203790C9
:107F60001398389035AA1A2120460BF0C7FE35AA7F
:107F7000FBE050A8139907F06BFD68460AF072FB0E
:107F80004FF400356A462946204610F0D7FE23A854
:107F90004F990FF079FA4FF000087948CDE924089D
:107FA0003095CDF89CD013982690454623AA1A21E7
:107FB00020460BF0A3FE20466022294610F0FAFB73
:107FC00005B258465146D34500DB0846B5EB600F75
:107FD00000DD4510229A1899BDF90000914200DB9E
:107FE0001146B0EB610F00DD4810B9F1000F02D06F
:107FF000228FA18E01E0628FE18E511A491C09B2D5
:10800000B1EB400F18DD9DF8220012909DF803702F
:108010009DF81A608DF803808DF81A808DF8228003
:108020006946139A4F980AF009FB12988DF803706D
:108030008DF81A608DF82200A18A21980023084447
:10804000ADF83401218B36982A46081AADF838016C
:10805000E18A20980844ADF83601618B3598081AFA
:10806000ADF83A014DA947A80AF02CFA002147A81B
:1080700009F0DCFD17909DF822608DF822804546BE
:108080008DF8368010A90EA807F0E2FCBDF8381074
:108090002198084400B2ADF83800BDF83A20209984
:1080A00011440BB2ADF83A30BDF83C203699511A64
:1080B0000AB2ADF83C20BDF83E703599791A09B284
:1080C000ADF83E10B9F1000F12D0C81A401C00B232
:1080D00004281FDAE18A0AEBDA726FF0010000EB84
:1080E00062000844ADF83A00001DADF83E0011E012
:1080F000101A401C00B204280CDAA18A0BEBDB72C8
:108100006FF0010000EB62000844ADF83800001D7C
:10811000ADF83C00BDF90020002319A813990AF01E
:10812000D1F9002119A809F081FD07460EAA694678
:108130004F980AF083FA8DF822608DF803508DF87D
:108140001A508DF836506946139A4F980AF076FA0D
:1081500019A809F02FFF47A809F02CFF38460AF0AC
:108160005DFA17980AF05AFA23AA1B2120460BF051
:10817000C5FD53B0BDE8F08F09FB0008B1FA000857
:10818000709902082DE9F047B8B005460BF0B1FD33
:10819000044628460BF075FD82460021204610F06B
:1081A00017F90646204610F029FC054620460FF038
:1081B000FCFB854201DB012701E00027284694F8FB
:1081C0005C108046002001F00301012906D1A16A5C
:1081D000002903DAE16A002900DD01208FB110B126
:1081E000606A00280ADB012E03D100BFB4F9340015
:1081F00001E0B4F93800ADF800000BE0012EF8D032
:10820000F4E710B1606A002801DBE08E00E0608FC7
:10821000ADF8020017A80AF025FA4FF4403517AA66
:108220002946204610F08AFD3B46424669462046D4
:1082300015F0A8FC04F168006946814607F01AFCB5
:10824000514605A80FF020F92F4806900020CDE9EF
:10825000125017ADCDE908950790204613F0DCF9D0
:10826000022806D005AA1A2120460BF047FD4A46EF
:108270003DE0382217A926A80EF0DCF805AA1A213D
:1082800020460BF03BFD4A4617A950460AF0D6F9A6
:1082900005AA1B2120460BF031FD4FB1012E02D063
:1082A000B4F9340001E0B4F93800ADF8000002E0A0
:1082B000608FADF802003B4642466946204615F005
:1082C00061FC04F160006946064607F0D3FB3822E2
:1082D00026A917A80EF0AEF801200995CDE90706EA
:1082E000139005AA1A2120460BF008FD324617A963
:1082F00050460AF0A3F905AA1B2120460BF0FEFC0C
:1083000038B0BDE8F0870000509A02082DE9F0432C
:108310008FB004460BF0EDFC05460FF087FB0746D7
:1083200003A809F02BFC03AA0021384610F063FCD7
:1083300020460BF0A6FC816804460E4607F11402A5
:108340000DA8FAF7E9FA002850D00DA8A0600BA9F3
:10835000384605F027F9A88AADF80400E88AADF898
:108360000600288BADF80800BDF82E00ADF80A0015
:1083700001AA1046A168FAF7CFFA4FF000090DF1F3
:10838000040878B1A7682846C4F808800DF0D6FA2A
:10839000034605F1140203A92046CDF8009009F028
:1083A00051F9A760A88AADF80400BDF83200ADF815
:1083B0000600288BADF80800688BADF80A0001AA0A
:1083C0001046A168FAF7A8FA78B1A7682846C4F859
:1083D00008800DF0B3FA034605F1140203A9204604
:1083E000CDF8009009F02EF9A760A6600FB0BDE8A7
:1083F000F08300002DE9FF4F9FB0987B8A7E00F04C
:108400000F04DDF8B0E00E46032C18D0012C1DD06F
:10841000022C21D0042C13D0082C7DD1A24D4FF07A
:10842000FF0A6101FD2A2FD2A04F3878904202D175
:108430007868A04225D00020DFF874821FE0042471
:10844000994D4FF0F00A103D1021EBE7964D4FF09B
:10845000800A163D0221E5E7934D4FF0C00A143D16
:108460000421DFE715F800C0BCF1FF0F1DD01CFB95
:1084700002FC4FEA1C2C00BF08F800C0401C8842D8
:10848000F0D38B4D3A707C601F9AB3F80680188940
:1084900007902199926808FB04F0B1F90010B2F935
:1084A0000030994203DB002302E09446E4E75B1AC4
:1084B0009B46B2F9043001EB08079F4201DC4146BC
:1084C00001E0591A491C89462199B2F90230B1F9E3
:1084D0000210994201DB002300E05B1A1193079B15
:1084E000B2F906200B44934201DC079901E0511ACE
:1084F000491C0A91119941430BFB04100EEBD0016A
:1085000000F007072C911C2115A80EF071F8B08916
:10851000ADF85C00B07E00E0C2E08DF86C00B07F8A
:10852000C0F3C2008DF86D00FBF7A6FD08F098FDC2
:10853000079A08FB02F1814200DC08461C900DF00E
:10854000AFFE0790189021980026018801EB0B02DE
:10855000ADF80C200188A9F1010001442198ADF883
:1085600010104388119818448B1AADF81200ADF81A
:108570000E00ADF83810ADF834200A99ADF8360089
:108580005B1C08441BB2ADF83A000B930DA809F030
:108590002DFD1D9003A815901A90C4F1080008EB5A
:1085A0000B010F90A1EB090060431290119860E05D
:1085B00033462AFA07F059464FF0000C1FE02C9A78
:1085C000DDF83C801278A8EB0708024032FA08F286
:1085D00005D015F80280079A02F8068002E0079A93
:1085E00002F806C00F9A974202D22744E04004E006
:1085F0002C9A0027521C50462C92491C761C494547
:10860000DDDB1D9880B10798BDF912201844BDF933
:108610000C1080460B9B09F0ABFC8DF8640018B978
:1086200040460B990DF0E4FFA9EB0B0081191C9853
:10863000814205D2BDF81200401CADF812000EE0D8
:1086400002208DF8640015A91F980AF0F7F9BDF80B
:108650001200401CADF80E00ADF812000026129872
:108660002C99384401EBD00100F0070701982C91B8
:10867000401C0A99019088429ADBBDF90E10BDF9A1
:108680001200814209D0401EADF8120002208DF880
:10869000640015A91F980AF0D1F907980DF04CFE57
:1086A00023B0BDE8F08F00000E6002080C0100202E
:1086B00058B500202DE9F04F8346B1F902000C4671
:1086C000401E411000F001004618B2F90050B3F905
:1086D000000089B0854200DA2846ADF80000B2F902
:1086E0000000B3F90030984200DC1846401EADF897
:1086F00004005088801BADF8020050880844ADF893
:10870000060069460846DBF80820FAF705F9002854
:108710001FD0E08818B1A08808B1012700E0002729
:108720000125684609F062FC00B907B100251C214B
:1087300002A80DF05DFFCDF808D02088ADF810003C
:10874000207A6E468DF8200035B102A958460AF00D
:1087500075F909B0BDE8F08FBDF80410BDF900004F
:10876000BDF90680091A491C0DB2BDF80210ADF81A
:1087700006104FF0000A47B1B4F90610B4F904200E
:10878000114490FBF1F201FB120A28460DF088FD1E
:10879000079605908146BDF902603EE029464846AD
:1087A0000DF054FFBDF900102B4632B2484609F0D7
:1087B000DFFB8DF818000FB300B3002150460B46C5
:1087C00017E000BFB4F90420824205DB121A1144FD
:1087D000104409B200B208E0B4F906C06244824213
:1087E00001DC002001E009F80130491C401C09B2FD
:1087F00000B2A942E6DB02208DF8180002A9584613
:108800000AF01CF9BDF80200401CADF80200BDF8EA
:108810000600401CADF80600761C4645BEDD484605
:108820000DF08AFD95E700002DE9FF4FB2F90240F7
:10883000B3F90250C5B0AC4208DA128864F31F40A5
:1088400062F30F0065F31F411A8807E01B8865F388
:108850001F40128864F31F4163F30F0062F30F019E
:108860000FFA81F904B20514A9EB04064FEA214A74
:10887000AAEB05070391002E01DD314600E07142AD
:10888000002F01DD384600E07842814201DD012001
:1088900000E0002015904698B0F90210159858B1E4
:1088A000002F01DD384600E078424201002E01DD54
:1088B00030460CE070420AE0002E01DD304600E058
:1088C00070424201002F01DD384600E0784292FB01
:1088D000F0F0AB4A105C10FB01F03F30C0114FEAE2
:1088E000600800F0010202EB080B49464C4500DA33
:1088F0002146A1EB0001ADF8581001DD214600E052
:1089000049460144ADF85C105146554500DA294608
:10891000A1EB0001ADF85A1001DD294600E05146F7
:108920000844ADF85E00459816A982680846F9F734
:10893000F3FF00287ED01598002100287BD0002E60
:1089400016DDAAEB080000B2CDE90001A5EB080096
:1089500002B24B46214620A809F0ECFB0AEB0B00C3
:10896000012100B2CDE900014B4605EB0B0015E0FB
:108970000AEB0B0000B2CDE9000105EB0B0002B2DF
:108980004B46214620A809F0D5FBAAEB080001219F
:1089900000B2CDE900014B46A5EB080002B221462A
:1089A0000AA809F0C7FB002120A809F03FF9189098
:1089B00000210AA809F03AF9159046984FF0FF39BE
:1089C000C846407AC00623D4A819032100B2CDE9D5
:1089D0000001E01B03B22A4621462BA809F0AAFB9E
:1089E000039902200A14911909B2CDE900100398E5
:1089F00001B2C81B03B236A809F09CFB00212BA8CA
:108A000009F014F98146002136A809F00FF98046D3
:108A1000BDF85C00BDF85810401A401C04B2FBF7CA
:108A20002BFB08F01DFB054616A807F047F8A842E7
:108A300006D201E0A1E027E016A807F03FF80546BE
:108A4000AA4628460DF02CFC8346BDF95E70BDF8A1
:108A50005A00ADF85E000025514658460DF0F6FD6F
:108A60001C2119A80DF0C4FD16A91991469800887B
:108A7000ADF86C004698BDF95A60007A8DF87C001C
:108A8000CDF870B01E9145E009EB0B00CDE900A1D7
:108A900003B204EB0B0001B22A4620A809F04AFBFE
:108AA0000121A9EB0800CDE900A103B2A4EB080065
:108AB00001B22A4674E700BFBDF958100BEB050060
:108AC000234632B2079009F053FA8DF8740018B9B2
:108AD000214607980DF08CFD25442919514505D2F2
:108AE000BDF85E00401CADF85E0012E002208DF87B
:108AF000740019A9459809F0A1FFBDF85E00002592
:108B0000401CADF85A00ADF85E00514658460DF0D5
:108B10009DFD761CBE42CFDDBDF95A10BDF95E0049
:108B2000814209D0401EADF85E0002208DF874002D
:108B300019A9459809F082FF58460DF0FDFB20A8C1
:108B400009F038FA0AA809F035FAB9F1FF3F02D066
:108B50002BA809F02FFAB8F1FF3F02D036A809F090
:108B600029FA189809F05AFD159809F057FD48465A
:108B700009F054FD404609F051FD49B0BDE8F08FC1
:108B80000E6102082DE9F04F8346B1F902000C4650
:108B9000401E411000F00100158889B00844281AD1
:108BA000ADF8000010880844ADF80400B2F90210D6
:108BB000B3F90200814200DA0846ADF80200B2F9CA
:108BC0000200B3F90210884200DC0846401EADF8EE
:108BD000060069460846DBF80820F9F79DFE0028E4
:108BE0001FD0E08818B1A08808B1012600E0002657
:108BF0000127684609F0FAF900B906B100271C21DF
:108C000002A80DF0F5FCCDF808D02088ADF81000D2
:108C1000207A6D468DF8200037B102A9584609F038
:108C20000DFF09B0BDE8F08FBDF80400BDF80010DD
:108C3000BDF90670401A401C0FFA80F9BDF8020019
:108C4000ADF8060048460DF02BFB824605900795CF
:108C5000002056B1B4F90600B4F904100844BDF977
:108C6000021091FBF0F200FB12108046BDF9025099
:108C700031E0494650460DF0E9FCBDF900104B4685
:108C80002AB2504609F074F98DF81800A6B178B1EF
:108C9000B4F90410414502DA00208DF81800B4F947
:108CA0000600B4F904100144414501DC4FF000080E
:108CB00008F101000FFA80F802A9584609F0BEFE3B
:108CC000BDF80200401CADF80200BDF80600401CD3
:108CD000ADF806006D1CBD42CBDD50460DF02CFBFF
:108CE0009FE77CB505460BF004F8446A28460AF075
:108CF000C8FF626A0546816868461432F9F70CFEBF
:108D0000002835D0AE68C5F808D094F83C0080063D
:108D100021D5628FE08E824208D121232946204648
:108D2000FEF786FC2046628F21231DE02023294682
:108D30002046FEF77DFC2046628F20232946FEF761
:108D4000C9FC2046E28E01232946FEF771FC20462D
:108D5000E28E012308E02046628F20232946FEF799
:108D600067FC628F204620232946FEF7B3FCAE60E5
:108D70007CBD00002DE9F04FD5B005460AF0B9FFE3
:108D80000446008E00287DD028460AF07AFF4F90D6
:108D9000608C49A940F00400608420460EF0CDFDAF
:108DA0000025278C2584608CA94640F004012E46BE
:108DB000C846618433A809F055FC41A808F0DEFEDE
:108DC0004FF4A02A33AA514620460FF0B7FF41AA1C
:108DD000514620460FF00FFF608C002120F0040068
:108DE0006084204627840FF0BBFC5390002120466E
:108DF0000FF0C8FB5290002120460FF017FC519055
:108E0000002120460FF058FC509020A84F990EF0FA
:108E10003BFBB548CDF8B4A0CDE9210812A82490B9
:108E20000AA8259054E1761CB6B2606AAFA150F84A
:108E30002600F7F78FFA0028F5D0E06A30F8150021
:108E4000C0F3C001002974D18846C0F3C01109B134
:108E50004FF00108C0F3401010B148F0800014E05A
:108E6000A08EA84212D1B80601D548F02008B80754
:108E700001D548F00208780701D548F00408380702
:108E800004D500E02CE148F008008046A06A00EB21
:108E9000C50103A806F0E5FDBDF80C10BDF82401DE
:108EA000B8F1000F0144ADF80C10BDF80E20BDF86C
:108EB00026110A44ADF80E20BDF810201044ADF87C
:108EC0001000BDF812000844ADF8120026D0A4F836
:108ED0002080608C40F00401618412A809F0C2FB7C
:108EE0000AA808F04BFE12AA514620460FF026FFB2
:108EF0000AAA514620460FF07EFE2784608C20F09F
:108F000004016184E06A30F81500C0F300300028E5
:108F10009DF845000ED040F001000DE0382233A945
:108F200012A80DF087FA202241A90AA80DF082FAB2
:108F3000E8E7C9E020F001008DF8450003A8239080
:108F400020AA1A212E9520460AF0D8FE9DF86B0023
:108F50004108C9063CD520F03E001E308DF86B005C
:108F6000B4F914305199BDF90C2019448A4203D147
:108F700020F008008DF86B00B4F918205098BDF966
:108F80001010101A814205D19DF86B0020F01000DE
:108F90008DF86B00B4F916205398BDF90E101044EB
:108FA000814205D19DF86B0020F004008DF86B0024
:108FB000B4F91A205298BDF91210101A814207D143
:108FC0009DF86B008108490061F345008DF86B0046
:108FD000BDF81210BDF90E00091A491C0FFA81FBE9
:108FE0005FEA886108D5E16A31F81510890503D573
:108FF000A0EB0B00ADF80E0003AA12A94F9809F0E0
:109000001DFB606ABDF93C30BDF93A1050F82600EE
:109010000890BDF82801BDF824C10A9AA0EB0C0005
:10902000401C00B2CDE900109DF845C0CDF808C045
:1090300054A8089913F0CAFEBDF81010BDF80C0032
:10904000BDF95031091A491C09B2C91A01EBD17195
:1090500000EB6100ADF80C00BDF81210BDF80EC0B9
:10906000BDF95221A1EB0C01491C09B2891A01EB8F
:10907000D1710CEB610109B21844ADF810008818E9
:1090800002B2ADF80E10ADF812205FEA88600ED57E
:10909000E06A30F81500800509D50BEBDB70A1EB19
:1090A0006001A2EB6000ADF80E10ADF81200CDF833
:1090B000009003AA0AA9089B4F9808F0C3FA20AAB7
:1090C0001B2120460AF01AFE6D1C761CADB2B6B20A
:1090D000208EA8423FF6A9AE608C20F00400608488
:1090E00055B0BDE8F08F0000A89902080A00000002
:1090F0002DE9F04FA7B005460AF0FBFD04462846CF
:109100000AF0BFFD2290002120460FF095F9054698
:10911000002141F6120220460FF04CFB28440FFAC2
:1091200080FB002141F6130220460FF043FB284448
:109130000FFA80FA002120460FF019FB28440FFA9D
:1091400080F918A808F01AFD18AA4FF4003120463B
:109150000FF051FDA06A08B1179009E080200DF0D2
:109160009FF805460146802220460AF05DFB1795D0
:1091700094F83C00002700F00F00012800D10127DF
:109180002046002141F26A420FF014FBC0B20128D0
:1091900000D10127E06A002869D00BF036FF804635
:1091A00002280DD002A9E06A0BF092FE01281BD024
:1091B0004FF0FF363546E7B1A18A01EB0B001CE00A
:1091C000BDF972009DF87D2041F6FF718DE8070022
:1091D000BDF97430189A15A8E16A13F0F7FDBDF9CE
:1091E0005460BDF95650E6E70298C0F38A26450D53
:1091F000E1E7218BA1EB0A00801B711EADF8140082
:109200000844ADF81800B8F1020F5ED020460EF009
:10921000CCFB401BE18A00EBD07001EB6000ADF8A5
:109220001600691E0844ADF81A0011A808F0F0F9FC
:109230004FF4003811AA414620460FF093FC06EB8C
:10924000D6704010ADF8480005EBD5704010ADF871
:109250004A00204643F60F0241460FF0ABFAADF844
:10926000440005AA11A9E36A229808F0A9F909A8FF
:1092700008F084FC09AA002120460FF0BCFCBDF9CF
:1092800036009DF8412041F6FF718DE80700BDF9D9
:10929000383007A8099A179913F098FDE18A01EB75
:1092A0000900BDF81E10ADF80E000844ADF812001C
:1092B000E06AE0B13FB3218BA1EB0A00BDF81C10BE
:1092C000B0EB0100ADF80C0024E0E18A6D1E01EB6B
:1092D0000900ADF816002844ADF81A0000200090EF
:1092E00005AA18A9E36A229808F0ACF9BFE720465E
:1092F0000FF084FBBDF91C10A28A401A00EBD0705D
:1093000002EB6000DEE7A18A01EB0B00BDF81C1048
:10931000ADF80C000844ADF810000020009003AA3E
:1093200009A9179B229808F08DF9A06A002802D19C
:1093300017980DF001F827B0BDE8F08F2DE9F04740
:1093400098B005460AF0D5FC044628460AF099FC78
:1093500006460FA920460EF08EFA94F84800002524
:10936000C10600D50125800601D545F00205002182
:1093700020460FF02EFBA0F51C51D13904D1608C92
:10938000400501D445F0040507A808F0F7FBB4F840
:109390004400ADF83200B4F84600ADF834008DF862
:1093A000395007AA002120460FF025FC9DF838000F
:1093B000012708B98DF83870E06B0890206C09908F
:1093C00008994FF6FF70814219D00999814216D051
:1093D0004FF48028204644F2574241460FF0EAF904
:1093E0000090BDF80000ADF82A002046202241463A
:1093F0000FF0E0F90090BDF80000ADF82C0094F8F3
:10940000480041F6FF7A00F00700022801D0032847
:109410001ED19DF83800022801D0032818D1BDF9CB
:109420002E100295CDE9001ABDF93030079A16A822
:10943000616A13F0CBFCBDF84000BDF83C10401A47
:10944000401CBDF9581000B2884201DA8DF838701E
:1094500094F8480004F1300700F00700032809D011
:10946000BDF84200BDF83E10401A401C00B2B0F5F5
:10947000806F00DA00270FA914A8B268F9F74CFA38
:1094800000287DD094F8480040070BD120460EF00C
:10949000FFFB404202B200210FA806F048FB608BA0
:1094A000ADF8420094F848000DF1500900F00700B3
:1094B000022813D0032811D000970FAA07A930461D
:1094C000636A08F0BFF8B068C6F80890804694F860
:1094D000480000F0070003280FD05FE0D6F80880AE
:1094E000C6F8089000970FAA07A93046636A08F0EB
:1094F000A9F84046C6F80880E6E7BDF92E100295A7
:10950000CDE9001ABDF93030079A06A8616A13F058
:109510005DFCBDF84000BDF83C10401A401CBDF990
:10952000181000B2884219DA2022114607980AF072
:10953000BEFCB4F84410BDF8182000EB4000114404
:109540000844ADF83200B4F84600ADF83400009796
:109550000FAA07A93046636A08F074F8BDF8420004
:10956000BDF83E10401A401C01B2BDF91A008142FC
:1095700014DAB4F84410ADF832100799098900E004
:109580000EE0B4F84620009710440844ADF83400CB
:109590000FAA07A93046636A08F054F8C6F8088095
:1095A00018B0BDE8F0872DE9F04397B007460AF000
:1095B00062FB054638460AF09CFB04464FF48026C1
:1095C000152D7DD0182D7CD138460AF05AFB054662
:1095D00007A808F0D3FA07AA314620460FF00BFB84
:1095E00013A9204603F0DEFF13AA15A8A968F9F70E
:1095F00093F9002865D0204603F040FD81462046BF
:109600000FF0FCF9064648460CF098F9BDF92E100B
:10961000CDE90016022202920146BDF9303005A8BC
:10962000079A13F0D3FB20460EF0BFF9B4F91610D9
:1096300000EBD076B9F9160001EB6601471A4846EF
:109640000EF0B3F9B90391FBF0F7002120460FF0BB
:1096500052F90799B0F90800B1F90810081A00EB9F
:10966000D070BDF816104010091A09B2ADF81610E6
:10967000E28A794302EB660202EBA1310F1A002164
:1096800020460EF0E0FE80462046002141F6120200
:109690000FF090F806462046002141F613020FF025
:1096A00089F8A28A06EB08011144ADF84010ADF824
:1096B0004270218B081AA0EB0800ADF8440001E0CD
:1096C0001DE019E0BDF816003844ADF846009DF8DD
:1096D000390040F002008DF8390015A8AC68A86088
:1096E00048460CF02BF903460020009010AA07A969
:1096F000284607F0A7FFAC6017B0BDE8F0833846F6
:109700000AF0BFFA054610A9204603F04BFF684651
:1097100008F0A8FF6A46314620460FF00FFB10AA5A
:109720006946284608F08AFFE6E72DE9F043ABB02A
:1097300005460AF0DEFA044628460AF0A2FA8146F7
:10974000002120460EF080FF0746002120460EF043
:10975000C1FF0646002120460FF017F805460021FC
:1097600020460EF01DFFA18AE28AADF88A20238BE5
:10977000ADF88C30B4F81AC03944ADF88810991B94
:10978000ADF88C10ACEB00005119ADF88E00ADF8BF
:109790008A1006A808F066FF06AA4FF4003120469A
:1097A0000FF0CCFA22AA06A9484608F047FF204647
:1097B0000EF0FBF80546208BA18A411A491C481B74
:1097C00006B2606A411C06D07043C11700EB1160FD
:1097D00040F30F2708E020460EF0BCFD10F0010F0B
:1097E00001D0374600E000272046002141F26A42BE
:1097F0000EF0E0FFC0B2012801D1F01B07B2A08A31
:109800003844ADF800002844ADF80400E08AADF813
:109810000200608BADF806004FF440373946204611
:109820000EF012FF0646394620460EF053FF8046E2
:10983000394620460EF0A9FF0546394620460EF06F
:10984000AFFEBDF80010BDF80420891BADF8001074
:1098500002EB0801ADF80410BDF80210491BADF889
:109860000210BDF806100844ADF8060014A808F070
:10987000F9FE14AA394620460FF060FA6A4614A988
:10988000484608F0DBFE2BB0BDE8F0832DE9F04F31
:10989000E5B005460AF02DFA044628460AF0F1F92B
:1098A0008346826804F1140116A8F9F735F80028F8
:1098B0007ED0DBF80800089016A9CBF808102046E7
:1098C000002141F232020EF075FF00B25B900021E0
:1098D00020460EF061FF5F90002120460EF067FEEB
:1098E0006190002120460EF0B6FE5E9000212046D9
:1098F0000EF0F7FE4FF4A0255D90294620460EF0AD
:10990000AAFE0D90294620460EF0EBFE0A9029464D
:1099100020460EF041FF1590294620460EF047FEE6
:109920001490208C00260E902684608C40F0040158
:10993000618428A808F096FE28AA294620460FF040
:10994000FDF918A808F01AF918AA294620460FF0C0
:1099500052F90E982084608C002720F00400608467
:1099600020460EF0A3F9E28A5F991144091A5B9828
:109970000844401EADF8160020460EF090F95C90A9
:10998000002120460EF02BFD012800D000205A9027
:10999000594637A80DF078FD4FF4A0204490E048D8
:1099A00038900020399049A83B9020A83C9000E0D6
:1099B00093E0002089E0E16ABDF8160031F9191042
:1099C0005791401C00B2491E0144ADF81610BDF974
:1099D0005E10ADF8120088427CDC5A9850B1218BA1
:1099E0005D98091A5C98091A5B98081A401EADF830
:1099F000100009E0A18A5E9801445C98091A5B98FE
:109A00000844401EADF81400002558E0A06A4FF04D
:109A1000000A50F8270008B190F800A05A9860B1E9
:109A2000BDF81000401EADF81400216B31F8151080
:109A3000401A401CADF810000BE0BDF81400401CAB
:109A4000ADF81000216B31F815100844401EADF838
:109A50001400002621E0A16AB81951F8200008B3CB
:109A600090F800A05FEACA701CD05A98216B0028B9
:109A700005EB06024FF0020000EB4200085A05D049
:109A8000BDF81010081AADF8100004E0BDF814106D
:109A90000844ADF81400761CB6B2A08C7119401EB3
:109AA0008142D8DBBDF91600BDF95A10884217DA99
:109AB000B819401C87B2A81980B2401C85B2A08C8E
:109AC000A842A3D809F1010080B2E18C8146494542
:109AD0003FF671AF0898CBF8080065B0BDE8F08F8D
:109AE000BDF91020ADF83C20BDF91210ADF83E10C4
:109AF000BDF91480ADF84080ADF8420086469DF86F
:109B0000C300C0F3440043070DD5B4F914C05E9BF5
:109B100063449A4207DDBDF9C03003EBD373A2EB77
:109B20006302ADF83C2082070DD5B4F916305F9A78
:109B30001A44914207DDBDF9C02002EBD272A1EBBD
:109B40006201ADF83E10010711D5B4F918205D99F6
:109B5000511A491E88450ADABDF9C01001F0010208
:109B600001EBD17102EB61014144ADF84010C00737
:109B700012D0B4F91A206198101A401E86450BDAEB
:109B8000BDF9C00000F0010100EBD07001EB6001F5
:109B900001EB0E00ADF84200E28E00214A4569D18A
:109BA000A08EA84266D1208C420602D4820600D53F
:109BB0002021820701D541F00201420701D541F081
:109BC0000401000701D541F00801E9B32184608C4C
:109BD00040F00401618449A808F044FD20A807F082
:109BE000CDFF4FF4A02849AA414620460FF0A6F821
:109BF00020AA414620460EF0FEFF0E982084608C7D
:109C000020F0040161840FA83A90A18C37AA09FBC7
:109C1000015045901A2120460AF070F80FAA49A970
:109C2000584608F00BFDA06A50F82700F0B3BDF8C5
:109C300010100D98084403B2BDF814100A98ADF83E
:109C40004430081A02B200E014E0BDF81210159872
:109C5000ADF848200844ADF84600BDF81610149839
:109C6000081AADF84A00CAF340005FEA00080CD0B9
:109C700002210BE0382228A949A80CF0DBFB2022A6
:109C800018A920A80CF0D6FBBDE70021D01A401C73
:109C9000BDF9922000B20092CDE90101A06ABDF9A0
:109CA000943050F8271060A8491C00E031E0189A61
:109CB00013F08CF8B8F1000F14D15798BDF9822138
:109CC000BDF8121000EBD07301EB630002EBD2720F
:109CD000A0EB6200ADF84600581000EB62000844AB
:109CE000ADF84A0004AA16A962A8F8F715FE80B1DB
:109CF00062A90020CBF808100090A06A11AA20A940
:109D000050F8273058465B1C07F09CFC16A9CBF88E
:109D1000081037AA1B21204609F0F0FFC8E6000012
:109D2000889A02082DE9F04F8B46074690881188E3
:109D3000A9B0401A401C00B200EBD0704610881940
:109D4000ADF8780050883044ADF87A0020A807F0CC
:109D50004DFF4FF4A02420AA214638460EF09AFF6A
:109D600018A807F055FC18AA214638460EF0FAFE4E
:109D7000002138460EF0C7FB8246594602A80DF076
:109D800083FB604803901EA80B9007F130002490DD
:109D9000F9F722FFAFE0256813942079012801D05C
:109DA000A0B3A4E0B5F92030E88B18440090D5E9C1
:109DB0000512E0680CF036FAA98B628A00B21144F1
:109DC0008D19804612F03EFF10FB05F147F6FF7932
:109DD00091FBF9F0BDF87A100844ADF89A004046BE
:109DE00012F02CFF10FB05F191FBF9F0BDF8781093
:109DF0000844ADF89800A08AADF88000208AADF83C
:109E000082006079FD2802D9504603E016E010FB7D
:109E10000AF0000A8DF888000120109020A8089010
:109E200026A80C9002AA1A21384609F067FF26AB33
:109E30001EAA20A9584607F0CCFE53E02069E0B3E3
:109E4000B5F92030E88B18440090D5E90512E06898
:109E50000CF0E8F9054625A920690BF039F8BDF8A2
:109E60007800A18A411AADF85810BDF87A00E28A4C
:109E7000801AADF85A00259AC2F38A235B1E194452
:109E8000ADF85C104FF0FF3101EB52510844ADF8D2
:109E90005E006079FD2801D9504602E010FB0AF00F
:109EA000000A8DF86B00A08AADF86400E08AADF876
:109EB000660005EB8500400000E018E0B0F5616F3A
:109EC00001DDA0F56160ADF8600018A8099002AA54
:109ED0001A21384609F012FF16AA18A95846236914
:109EE00007F06EFB02AA1B21384609F007FF214646
:109EF0002498F9F76EFE04007FF44DAF29B0BDE859
:109F0000F08F0000A461020830B5054691F82A00E0
:109F100089B00C4602285FD9E08C00285CD011463D
:109F200004A805F07AFD208DBDF81010401E091A16
:109F3000ADF81010BDF81210091AADF81210BDF8E6
:109F400014100144ADF81410BDF816100844ADF813
:109F5000160004A906A805F060FDBDF81810E08CF5
:109F6000BDF81220091AADF81810BDF81C100844ED
:109F7000ADF81C00BDF81A00E18C401AADF81A00CB
:109F8000BDF81E00E18C0844ADF81E00BDF81400B9
:109F9000BDF81010401ABDF81610401C891A491C53
:109FA00000B209B2B4F90020884200DA0146B2EBEF
:109FB000610F00DD4A10E08CA178104403B294F8E0
:109FC0002A00CDE90201A08CADF80400009204AA99
:109FD00006A92846FDF75EF809B030BDF8B504467D
:109FE00009F087FE0646204609F081FE0446406BD4
:109FF000B0F5A02F51D1A06B0025072805D220690C
:10A00000C570206980F8225012E081B220223046CB
:10A0100006F05FFA60B12069C570206980F82250AF
:10A02000122010F071FA00906069BDF80010818173
:10A03000208F4FF4004281B2304606F04AFA98B1C0
:10A0400021696620C870304612F0BAFB0090206982
:10A05000BDF800108180304606F039FAA16B8842C5
:10A0600002D12169B220C870208F4FF4804281B2A2
:10A07000304606F02EFA00280FD02169FF2081F823
:10A080002200304612F09CFB00902069BDF80010C1
:10A09000C1832169088C401C0884F8BD2DE9F0417A
:10A0A0008CB0054609F025FE0446284609F0E9FD76
:10A0B0008046606A0BF042FC007800283BD1A06A21
:10A0C000002838D00078002835D001A807F056FDC8
:10A0D00001AA4FF4002120460EF08DFD94F85C009B
:10A0E000000705D59DF8210040F002008DF8210001
:10A0F000002120460EF0B6FA0746002120460EF059
:10A1000052FB0646002120460EF0A4F9054604F154
:10A11000140109A805F0B7FC701902B2781901B250
:10A1200009A805F004FD0020009009AA01A94046F5
:10A13000A36A07F087FA0CB0BDE8F0817CB504464D
:10A14000806961896D468668A08961B1002865D003
:10A15000814203D12289E3889A427CD302297BD0B1
:10A1600003297AD0AFE010BBE088218988421ED253
:10A17000B4F9060012F066FDB4F90410B4F90E202B
:10A18000891A48432168498801EBE030ADF80200A4
:10A19000E0885A3000B212F055FDA18810FB01F0A2
:10A1A0002168098801EBE030ADF8040040E0206848
:10A1B0000088ADF800002068A18840880844ADF808
:10A1C0000600B4F9060012F03DFDB4F90410B4F92C
:10A1D0000E20891A48432168498801EBE030ADF828
:10A1E0000200E0885A3000B212F02CFDA18810FB6A
:10A1F00001F021683246098801EBE030ADF8040037
:10A2000069460846F8F788FB30B1A0696A46856060
:10A210002169A06908F012FAA08970BB2068A188A2
:10A2200000880844ADF8040020684088ADF80200BA
:10A23000B4F9080012F006FDA18810FB01F02168B6
:10A24000498801EBE030ADF8060020895A3000B2B1
:10A2500012F0F8FC02E015E012E00FE0B4F904108F
:10A26000B4F90E20891A484321683246098801EB67
:10A27000E030ADF8000069461AE024E0022801D081
:10A28000012820D1206832460088ADF800002068FF
:10A290004088ADF802002068A18800880844ADF825
:10A2A00004002068A18840880844ADF806002946CB
:10A2B0000846F8F731FB30B1A0696A46856021692C
:10A2C000A06908F0BBF9A06986607CBD7CB5044636
:10A2D000806961896D468668A08901290CD00128B2
:10A2E00067D0814203D12289E3889A427ED3002934
:10A2F0007DD003297CD0B5E0012822D1E0882189D6
:10A3000088421ED2B4F9060012F09CFCA18810FB12
:10A3100001F02168498801EBE030ADF80600E088E3
:10A320005A3000B212F08EFCB4F90410B4F90E20C9
:10A33000891A48432168098801EBE030ADF8040030
:10A3400042E02068A1880088401AADF8000020682B
:10A350004088ADF80200B4F9060012F073FCA18841
:10A3600010FB01F02168498801EBE030ADF80600F0
:10A37000E0885A3000B212F065FCB4F90410B4F968
:10A380000E20891A484321683246098801EBE030E3
:10A39000ADF8040069460846F8F7BEFA30B1A06986
:10A3A0006A4685602169A06908F048F9A0890128FA
:10A3B00058D120680088401EADF804002068A188AC
:10A3C00040880844ADF80600B4F9080012F03AFCE1
:10A3D000B4F90410B4F90E20891A48432168498859
:10A3E00001EBE030ADF80200208902E018E010E057
:10A3F00014E05A3000B212F025FCA18810FB01F0E5
:10A4000021683246098801EBE030ADF8000069466A
:10A410001DE0022804D0032802D023E0022821D125
:10A420002068A18832460088401AADF800002068F4
:10A430004088ADF8020020680088401EADF8040096
:10A440002068A18840880844ADF8060029460846DF
:10A45000F8F762FA30B1A0696A4685602169A0699F
:10A4600008F0ECF8A06986607CBD7CB50446806984
:10A4700061896D468668A08902290CD002287ED0A9
:10A48000814203D12289E3889A4279D3002978D086
:10A49000012977D0D4E002283FD1E0882189884281
:10A4A0003BD25A3000B212F0CDFBA18810FB01F074
:10A4B0002168098801EBE030ADF80000B4F906002E
:10A4C00012F0C0FBB4F90410B4F90E20891A484305
:10A4D0002168498801EBE030ADF80600B4F90800C6
:10A4E00012F0B0FBA18810FB01F02168498801EB54
:10A4F000E030ADF8020020895A3000B212F0A2FB21
:10A50000B4F90410B4F90E20891A48432168098867
:10A5100001EBE030ADF8040066E020680088401EE2
:10A52000ADF804002068A1884088401AADF8020008
:10A53000E0885A3000B212F085FBA18810FB01F0D0
:10A540002168098801EBE030ADF80000B4F906009D
:10A5500012F078FBB4F90410B4F90E20891A4843BC
:10A5600021683246498801EBE030ADF806006946C3
:10A570000846F8F7D1F958B1A069856003E00AE010
:10A580003BE034E036E06A462169A06908F056F8FD
:10A59000A089022854D12068A1880088401AADF80B
:10A5A000000020684088401EADF8060020895A301F
:10A5B00000B212F047FBB4F90410B4F90E20891A66
:10A5C00048432168098801EBE030ADF80400B4F994
:10A5D000080012F037FBA18810FB01F021684988C0
:10A5E00001EBE030ADF80200324669461DE0032879
:10A5F00003D025E0032800D010BB2068A188324694
:10A600000088401AADF800002068A1884088401AF0
:10A61000ADF80200206829460088401EADF804000D
:10A6200020684088401EADF806000846F8F774F927
:10A6300030B1A0696A4685602169A06907F0FEFF14
:10A64000A06986607CBD7CB50446806961896D46E1
:10A650008668A08903290ED0032867D0814203D1E0
:10A660002289E3889A427ED302297DD001297CD0B9
:10A6700002297BD0B1E003281FD1E08821898842DC
:10A680001BD25A3000B212F0DDFAB4F90410B4F95A
:10A690000E20891A48432168098801EBE030ADF8A3
:10A6A0000000B4F9060012F0CDFAA18810FB01F009
:10A6B0002168498801EBE03040E02068A1880088EB
:10A6C0000844ADF8040020684088401EADF806003C
:10A6D000E0885A3000B212F0B5FAB4F90410B4F9B7
:10A6E0000E20891A48432168098801EBE030ADF853
:10A6F0000000B4F9060012F0A5FAA18810FB01F0E1
:10A7000021683246498801EBE030ADF80200694625
:10A710000846F8F701F930B1A0696A4685602169F9
:10A72000A06907F08BFFA089032856D12068008814
:10A73000ADF800002068A1884088401AADF80200FA
:10A7400020895A3000B212F07DFAA18810FB01F086
:10A750002168098801EBE030ADF80400B4F9080085
:10A7600012F070FA03E016E010E013E00FE0B4F925
:10A770000410B4F90E20891A4843216832464988EA
:10A7800001EBE030ADF8060069461BE018B1012886
:10A7900001D022E008BB206832460088ADF80000F6
:10A7A0002068A1884088401AADF802002068A1887E
:10A7B00000880844ADF80400206829464088401EFF
:10A7C000ADF806000846F8F7A7F830B1A0696A4668
:10A7D00085602169A06907F031FFA06986607CBDB2
:10A7E00070B5A4B00C46054620AA22A90DF066FA61
:10A7F00022A805F063F920B920A805F05FF9002828
:10A800003ED012A9284614F0D9FB012838D12146A0
:10A8100068460CF039FE1B4801900220029012A8F5
:10A8200004904FF480300D9022A805F047F980B1D4
:10A8300022A803906A461A21284609F05FFA22AA44
:10A8400012A9204607F0FAFE6A461B21284609F0A5
:10A8500055FA20A805F032F9002811D020AE6A463A
:10A860001A212846039609F049FA20AA12A920467F
:10A87000039607F0E3FE6A461B21284609F03EFADC
:10A8800024B070BDD45F02082DE9F74FB1F92E0056
:10A89000AAB014460E46002872D096F83610022947
:10A8A0006ED9012808D1B6F93400002804DC308EB6
:10A8B00010B9708E0028EFD02088318E4218B08EEB
:10A8C000151AADF82850A28811440B18ADF82C3099
:10A8D0006088718E0844B18E421AADF82A20E08853
:10A8E000718E0844B18E0144ADF82E10B6F92E00D9
:10A8F00000EBD070A5EB60056D1EADF84C50012546
:10A9000005EB60001844ADF85000B6F92E0000EBDE
:10A91000D070A2EB6000401EADF84E00B6F92E00DC
:10A9200000EBD07005EB60000844ADF8520096F8DB
:10A9300036002990FD2801D9FF2029902A9813A9D3
:10A94000826827A8F7F7E8FF0028A5D021461DA8B0
:10A9500005F063F84FF0FF38414642461DA805F068
:10A96000D9F8B6F900901DA805F0BCF804461DA85A
:10A9700005F092F884421DA803DA05F0B3F802E06E
:10A98000FEE305F089F8B9EB600F01DD4FEA6009DD
:10A99000B6F900400AA805F0A5F805460AA805F092
:10A9A0007BF885420AA802DA05F09CF801E005F080
:10A9B00073F8B4EB600F00DD4410B6F92E000519F2
:10A9C00005FB05F040000BF06BFC10900146B6F95A
:10A9D0002E2023460AA814F01DFC13A807F006FB3E
:10A9E000012720B9F078FF2801D3B07860B10027A3
:10A9F00001234A461DA920A807F064FD002120A8D4
:10AA000007F014F9269001E0CDF8988013A805F01E
:10AA100069F80BF045FC83461C2115A80BF0E8FDF6
:10AA2000CDF854D0CDF860B0CDF868D0B08DADF889
:10AA30005C0096F836008DF86C00B0788DF86D00EB
:10AA4000BDF85000BDF84C20ADF80400811A491C37
:10AA500009B201EBD17102EB61010FFA81FABDF885
:10AA60005220BDF84E10401B521A521C12B202EB7B
:10AA7000D27201EB6202401C14B200B26A1EADF841
:10AA80000000ADF80210114409B20992ADF80610A9
:10AA90005246504500DC1046ADF80000A14200DBF4
:10AAA00021462A98ADF806106946826806A8F7F78D
:10AAB00033FFD0B34A461DA906A8F7F755FFA0BB40
:10AAC000BDF81C00BDF91810BDF91A20401A401C31
:10AAD00000B20890BDF94E301098D21A02FB050062
:10AAE000BDF95020521B891A0844401E059047B1F9
:10AAF0004A461DA906A8F7F7A7FF10B101200F903D
:10AB000000E00F970898002827DDBDF81800ADF881
:10AB10000000BDF81C00ADF804000220CDF860B0C4
:10AB20008DF86400BDF91A8013E016E0ADF80280DC
:10AB30000F98ADF8068070B30598189015A92A985B
:10AB400007F07CFF05982844059008F101000FFAF2
:10AB500080F8BDF91E104145E8DABDF85000ADF8A7
:10AB60000400401B401C00B2ADF80000BDF85220AC
:10AB7000ADF80620511B491C09B2ADF8021052462F
:10AB8000504500DC1046ADF80000601C1190814279
:10AB900016DD084615E0FFE72A46584605990BF0F2
:10ABA00049FCBDF9181042465846089B07F0E0F9E9
:10ABB0008DF864000128C1D102208DF86400BDE742
:10ABC000601CADF802002A986946826806A8F7F76B
:10ABD000A3FED0B34A461DA906A8F7F7C5FEA0BB41
:10ABE000BDF81C00BDF91810BDF90620401A401C24
:10ABF00000B20890BDF91E301098D21A02FB050071
:10AC0000BDF95020521B891A0844401E059047B1D7
:10AC10004A461DA906A8F7F717FF10B101200F90AB
:10AC200000E00F970898002827DDBDF81800ADF860
:10AC30000000BDF81C00ADF804000220CDF860B0A3
:10AC40008DF86400BDF91E8013E016E0ADF80280B7
:10AC50000F98ADF80680B0B30598189015A92A98FA
:10AC600007F0ECFE059828440590A8F101000FFAC2
:10AC700080F8BDF91A104145E8DDBDF84C0009998E
:10AC80002844ADF80000BDF85000401BADF80400AA
:10AC9000BDF84E00ADF80200084400B2ADF8060061
:10ACA000A04200DB2046ADF806002A98694682687B
:10ACB00006A8F7F731FEB0B34A461DA906A8F7F774
:10ACC00053FEA8B17CE0FFE72A46584605990BF0F1
:10ACD000B1FBBDF9181042465846089B07F048F9E9
:10ACE0008DF864000128B9D102208DF86400B5E721
:10ACF000BDF81C00BDF81810BDF90220401A401C18
:10AD000000B20890BDF91A101098891A01FB0500CD
:10AD100005904FB14A461DA906A8F7F795FE18B150
:10AD200001200F9001E04BE00F970898002847DDC5
:10AD30000F9860B100201890BDF81800ADF8000021
:10AD4000BDF81C00ADF80400BDF91A0033E0CDF8E1
:10AD500060B0F1E7ADF802800F98ADF8068060B101
:10AD60002998FF280598007804D096F8361010FB33
:10AD700001F0000A8DF86C0013E00598089A01783C
:10AD800058460BF003FCBDF9181042465846089B84
:10AD900007F0EEF88DF86400012802D102208DF84A
:10ADA000640015A92A9807F049FE059828440590E3
:10ADB00008F1010000B2BDF91E1080464145C9DA14
:10ADC00096F836008DF86C00BDF84C002844ADF8BC
:10ADD0000000BDF85000BDF85210401BADF8040053
:10ADE000481B401CADF8061000B21199ADF80200E6
:10ADF000884200DC601CADF802002A98694682682F
:10AE000006A8F7F789FD78B34A461DA906A8F7F703
:10AE1000ABFD48BBBDF81C00BDF81810BDF91E20E5
:10AE2000401A401C00B20890BDF906101098891A0B
:10AE300001FB050005900898002851DD3FB14A4606
:10AE40001DA906A8F7F700FE0020189001E0CDF834
:10AE500060B0BDF81800ADF80000BDF81C00ADF8FA
:10AE60000400BDF91E0036E03AE000BFADF80280F4
:10AE7000ADF806808FB14A461DA906A8F7F7E4FD94
:10AE80002998FF280598007804D096F8361010FB12
:10AE900001F0000A8DF86C0013E00598089A01781B
:10AEA00058460BF073FBBDF9181042465846089BF4
:10AEB00007F05EF88DF86400012802D102208DF8B9
:10AEC000640015A92A9807F0B9FD05982844059053
:10AED000A8F1010000B2BDF91A1080464145C5DD58
:10AEE00096F836008DF86C00BDF85000ADF80400FF
:10AEF000411BBDF84E00491C0AB22844ADF80020A1
:10AF000000B2ADF80200BDF85210119B491B09B206
:10AF1000ADF80610984200DB601CADF80200A142BB
:10AF200000DC2146ADF806105046524500DC0246D2
:10AF30002A98ADF800206946826806A8F7F7ECFC6D
:10AF4000B8B34A464E461DA906A8F7F70DFD80BBCB
:10AF5000BDF81C00BDF91810099A401A401C00B237
:10AF60000890109802FB0500BDF95020521B891A69
:10AF70000844401E0590EFB132461DA906A8F7F718
:10AF800063FD10B14FF0010800E0B8460598189035
:10AF90000898002836DDBDF81800ADF80000BDF8AF
:10AFA0001C00ADF8040002208DF86400BDF91A60A1
:10AFB00024E027E0B8465846E9E700BFADF8026054
:10AFC000ADF80660B8F1000F12D15846089A0599FD
:10AFD0000BF030FABDF9181032465846089B06F0BF
:10AFE000C7FF8DF86400012802D102208DF86400AB
:10AFF00015A92A9807F022FD761C36B2BDF91E006D
:10B00000B042DBDA0022109817E000BF00EB050E1B
:10B01000AEF10101002305EBD57608E090F800C001
:10B0200091F8008000F8018B01F801C95B1CB3EBBB
:10B03000660FF3DB521C704612B2AA42E6DBBDF883
:10B040004C000999ADF80000084401B2BDF84E006B
:10B05000119B284400B2ADF80200BDF85220ADF8B3
:10B060000410521B12B2ADF80620984200DB601C9F
:10B07000ADF80200A24200DC2246AAF10100ADF8C0
:10B0800006200C90814200DB01462A98ADF804109E
:10B090006946826806A8F7F73FFCA8B34A464E46C1
:10B0A0001DA906A8F7F760FC70BBBDF81C00BDF930
:10B0B0001810099A401A401C00B20890109802FB20
:10B0C0000500BDF90020891A08440590EFB1324609
:10B0D0001DA906A8F7F7B8FC10B14FF0010800E071
:10B0E000B846059818900898002835DDBDF8180076
:10B0F000ADF80000BDF81C00ADF8040002208DF88A
:10B100006400BDF91A6023E026E0B8465846E9E736
:10B11000ADF80260ADF80660B8F1000F12D15846E4
:10B12000089A05990BF086F9BDF918103246584671
:10B13000089B06F01DFF8DF86400012802D1022053
:10B140008DF8640015A92A9807F078FC761C36B2B1
:10B15000BDF91E00B042DBDABDF84C000999ADF82C
:10B1600000000844BDF84E10099AADF802101144D1
:10B1700000B2ADF8040009B2ADF806100C9A00E078
:10B180005AE1904201DBAAF10100ADF80400A142AE
:10B1900000DB21462A98ADF806106946826806A8A9
:10B1A000F7F7BAFBC0B34A461DA906A8F7F7DCFBC0
:10B1B00090BBBDF81C00BDF91810BDF91A20401A4B
:10B1C000401C00B20890BDF902301098D21A02FB60
:10B1D0000500BDF90020891A01EB000847B14A4675
:10B1E0001DA906A8F7F730FC10B101200F9000E070
:10B1F0000F970898CDF860B0002822DDBDF8180040
:10B20000ADF80000BDF81C00ADF8040002208DF878
:10B210006400BDF91A6010E013E000BFADF80260F1
:10B220000F98ADF80660C8B3CDF8608015A92A98CC
:10B2300007F004FC761CA84436B2BDF91E00B042EB
:10B24000ECDABDF84C00ADF800000999BDF85220C9
:10B25000084401B2501BADF80410401CADF80620A4
:10B2600000B2119AADF80200904200DC601CADF80B
:10B2700002000C98814201DBAAF101012A98ADF885
:10B2800004106946826806A8F7F746FBC8B34A4629
:10B290001DA906A8F7F768FBA8B15AE0FFE72A4600
:10B2A000414658460BF0C6F8BDF9181032465846CC
:10B2B000089B06F05DFE8DF864000128B6D10220DF
:10B2C0008DF86400B2E7BDF81C00BDF91810BDF997
:10B2D0000620401A401C0FFA80FABDF91E30109863
:10B2E000D21A02FB0500BDF90020891A0E184FB1D1
:10B2F0004A461DA906A8F7F7A7FB18B14FF00108A9
:10B3000001E026E0B846CDF860B0BAF1000F20DDCC
:10B31000BDF81800ADF80000BDF81C00ADF8040041
:10B3200002208DF86400BDF91E400EE0ADF8024029
:10B33000ADF80640B8F1000F2FD0189615A92A983D
:10B3400007F07CFB641E2E4424B2BDF91A00A04213
:10B35000ECDDBDF84C0069462844ADF80000BDF8AE
:10B360005000401BADF80400BDF84E00CDF860B0B1
:10B370002844ADF80200BDF85200401BADF80600AD
:10B380002A98826806A8F7F7C7FAE8B34A461DA9C3
:10B3900006A8F7F7E9FAA0B141E02A463146584637
:10B3A0000BF048F8BDF9181053462246584606F0EF
:10B3B000DFFD8DF864000128C0D102208DF8640003
:10B3C000BCE7BDF91C10BDF918000A1A521C15B2D1
:10B3D000002D24DDADF80410ADF80000BDF91A40D1
:10B3E00019E000BFADF80240ADF8064029465846C6
:10B3F0000BF02CF9BDF918102B462246584606F0E2
:10B40000B7FD8DF8640000E009E015A92A9807F05F
:10B4100015FB641C24B2BDF91E00A042E2DA2FB96C
:10B4200020A806F0C7FD269807F0F8F810980AF053
:10B4300083FF58460AF080FF2DB0BDE8F08F000072
:10B440002DE9F74FD8B0589849909088B2F900305C
:10B45000D4885188C01A401C611A00B2491C09B234
:10B4600000EBD070401001EBD171B0EB610F00DB4D
:10B47000481028901844ADF80C00518828980844CA
:10B48000ADF80E0025A806F0B1FB4FF4C02425AAA4
:10B49000214658980DF0FEFB9DF89D0040F01000ED
:10B4A0008DF89D000BA806F069FB0BAA2146589861
:10B4B0000DF0A1FB13A859990BF0E6FFE948149091
:10B4C0000320159025A819904998209424300590C0
:10B4D000F8F782FBBFE12494A08B2899BDF80C20DB
:10B4E000084406B2A189A088711A301A0FFA81FBAC
:10B4F000111AADF82811BDF80E1002440B1AADF860
:10B500002C210844ADF82A31ADF82E0147F6FF751D
:10B5100001232A464AA943A806F0D4FFBDF80C200F
:10B520000123A2EB0B00ADF83001BDF80E00A0EB3B
:10B530000B01ADF83211ABF101010A44ADF8342131
:10B540000844ADF836012A464CA932A806F0BAFFE5
:10B55000BDF80C100023881BADF83801BDF80E2093
:10B56000901BADF83A01701E0144ADF83C11104437
:10B57000ADF83E012A464EA92AA806F0A3FF0021F5
:10B580002AA806F053FB4190608908B1401E01E0F3
:10B590004FF6FF708046002749E100BF608908F13F
:10B5A00001084FF0000A404502D1D0464FF0010A91
:10B5B000A0690090628800213846521E63690AF033
:10B5C00031FE81462390BAF1000F04D0A068399073
:10B5D0003090E08903E0206839903090E08800B234
:10B5E00052900290499830300890F8F7F5FA43E00D
:10B5F000287902283CD1A968494539DCEA684A45DE
:10B6000036DB2B8A0298184400B20290688AAB8A13
:10B61000984203D1688AADF8E40029E0A87D4FF094
:10B620000003C0074FF0FF000090484601D1D4E965
:10B6300005120AF0F7FDC0B2698A001DB5F814C002
:10B64000C308ADF8241088B240EA0041864A1FFAC8
:10B650008CF040EA004011401040401A584301EB82
:10B660005010104040EA1040ADF8000080B2399010
:10B6700029460898F8F7ADFA0500B9D1E08B784370
:10B6800001026088401E91FBF0F108123A90401CC4
:10B69000C9B209900091218C3A98084400B211F087
:10B6A000D1FA0546218C0998084400B211F0CAFA73
:10B6B0000099C1F58072079212FB05F210FB012080
:10B6C0000512218C3A98084400B211F0B7FA08909C
:10B6D000218C0998084400B211F0B0FADDE9072185
:10B6E00012FB01F2009910FB01200212BDF8E400E8
:10B6F000ADF894000298ADF8960040923044424371
:10B70000BDF80C107F3201EBE231ADF8C410684394
:10B71000BDF80E107F3001EBE030ADF8C60003A895
:10B7200021971C900BA81890BAF1000F5BD041989C
:10B7300006F074FFB4F910104098ABEB01014843D8
:10B74000BDF80C207F3002EBE03040904D43BDF857
:10B750000E007F3500EBE53A20220BA938A80AF04D
:10B7600069FE38A818904B4640A2102154A80FF04B
:10B770005DFF54A81E9013AA1A21589808F0BEFA2B
:10B78000BDF93E00002541F6FF718DE82300BDF9AB
:10B79000403053A80B9A1E9911F018FBBDF94C11BB
:10B7A000409801EBD172A0EB6202BDF94E01114449
:10B7B00000EBD07CAAEB6C03ADF81C20ADF8201098
:10B7C0001844ADF81E30ADF82200009507AA1E9B64
:10B7D0001899599805F036FF00212AA806F026FA94
:10B7E000419032A808E0002018901E9013AA1A2158
:10B7F000589808F083FA43A8002106F017FA054686
:10B8000003AB31AA25A9599806F0E3F9284606F0BA
:10B8100005FF13AA1621589808F070FABDF8C00069
:10B82000ADF8940052987F1CADF89600FFB2608886
:10B83000B8423FF6B3AE43A806F0BCFB32A806F010
:10B84000B9FB2AA806F0B6FB419806F0E7FE2146B0
:10B850000598F8F7BEF904007FF43DAE5BB0BDE893
:10B86000F08F0000A46102081FF8E00725640000C3
:10B870002DE9FF5F0C46934680462021DDF838A075
:10B880000DF0E9F8002878D0BAF1030F40461DD03A
:10B890000CF0F7F9814609F015FC002705463E46F5
:10B8A000BAF1030F3946404613D00CF036FF8246FA
:10B8B000002140460CF043FE4946B9F1010F5DD02E
:10B8C000022963D0B9F1030F66D13BE00CF0D2F945
:10B8D000E0E70CF088FE8246002140460CF0C9FEED
:10B8E0004946B9F1010F1ED0022924D0B9F1030F46
:10B8F00052D1B8F81820B8F81410521A521C13B2CA
:10B90000A3EB0A02101A00EBD0720AEB62000844A3
:10B9100007B2298BA88A091A491C09B201EBD17117
:10B9200000EB610027E0B8F81410B5F9146001EBE2
:10B930000A0007B230E0B8F81810B5F91860081A14
:10B9400007B229E0B8F81A20B8F81610521A521C9B
:10B9500013B2A3EB0A02101A00EBD0720AEB6200DA
:10B96000084407B2688BE98A401A401C00B200EB19
:10B97000D07001EB600006B20EE02FE0B8F81610B0
:10B98000B5F9166001EB0A0007B205E0B8F81A1025
:10B99000B5F91A60081A07B2A01E039900B200296F
:10B9A00010DAB9F1000F15D0BE4221DC12E0002CF4
:10B9B00001DDA41C24B2E01704EB9070801004B0E9
:10B9C000BDE8F09FBBF1000F12DAB9F1000F01D012
:10B9D000BE420DDB002CEADA0446E8E70398E042B9
:10B9E00002D50398404204B2BBEB040000D55C468C
:10B9F0002046E4E770B5044609F050FB48B1006802
:10BA000082680AB1217A9047207E810743D4C0071B
:10BA10007CD10126002160680BF0B4FF00251AE0FC
:10BA2000016899B1017ACA0910D0802904D0227A1C
:10BA300021F08001914209D14168E160016820460E
:10BA40008847207E810726D4C0075FD16D1C294618
:10BA500060680BF097FF08B1002EE1D1214600206D
:10BA60000BF0BDFE050053D0002160680BF08AFF8B
:10BA7000002619E0016891B1017A0A060FD411B1CC
:10BA8000227A91420BD14168E160016820468847E3
:10BA9000207E810701D5012070BDC00736D1761CFC
:10BAA000314660680BF06EFF10B1012DE2D02FE03F
:10BAB000012D2DD16068416851B3217E490727D4FB
:10BAC000217A232919D0242917D0A9030CF0C3FF08
:10BAD000F0B1207A11381C280FD2DFE800F01919D4
:10BAE0001919191919191919190E0E190E0E1919F2
:10BAF00019190E0E0E0E19190E1960684068606053
:10BB00002046FFF777FF0546012801D0002070BDD1
:10BB1000284670BD2DE9FF4F8A880B8889B0D21A5C
:10BB2000521C17B2CA8849880446511ADDE916B872
:10BB3000491C19980FFA81F9012813D0022813D053
:10BB4000032843D1434E00BF5FEA08000ED0002017
:10BB500006902088ADF8140098F80000FD2838D32E
:10BB60005A4639E03C4EEFE73C4EEDE72088ADF811
:10BB70000000ADF808005A4600990C98B0470590AF
:10BB8000002020E0002517E0BDF8080034F815106B
:10BB900088420BD004EB45005A460088ADF81400EB
:10BBA000ADF8080005990C98B047059004EB4500E6
:10BBB000BDF8141001806D1CBD42E5DB0B9804EB51
:10BBC000400408F1010080464845DBDB0DB0BDE8CC
:10BBD000F08F00FB0BF0020A05990C98B047089013
:10BBE000002033E0002528E018F8050020B306996E
:10BBF000884205D1BDF8141034F81520914216D0B2
:10BC0000FD2801D35A4602E000FB0BF0020A04EBC8
:10BC100045000088ADF8180006990C98B0470890C8
:10BC200018F80500069034F81500ADF8140004EB80
:10BC30004500BDF8201001806D1CBD42D4DB0B987F
:10BC4000189904EB400488440AF1010082464845F3
:10BC5000C8DBBBE723650008AF64000889650008FE
:10BC60002DE9FF4F83B00F46DDE910860446F8F753
:10BC700003FAB8883988401A401C05B2F8887988D8
:10BC8000401A401C0FFA80F976B1BDF81800B8F1DF
:10BC9000FD0F00EB004000907DD3A5F104084FF0AC
:10BCA000000BBDF818A034E1B8F1FD0F0FD300264A
:10BCB00008E02A462046069904F0F8FE0598761C0E
:10BCC00004EB40044E45F4DB07B0BDE8F08FBDF84F
:10BCD0000010002060F3040189B260F34A1189B2B8
:10BCE00060F3CF21ADF8001088B20090BDF80000DD
:10BCF000009001464246069804F0F2FF0190069932
:10BD0000404689B2CA0A424362F30F06C1F34512A4
:10BD100001F01F0101FB08F102FB08F261F30F07BC
:10BD200062F31F46BA46C8F1FF01002250E000202E
:10BD300048E000BFBDF8003034F81070BB423BD083
:10BD400004EB4003B7B21B88ADF80030ADF8083003
:10BD50009BB24FEAD32C0CFB0177803707EBC71C53
:10BD60000CEBC737BDF80480C7F3C45767F3CF287F
:10BD7000C3F3451C370C0CFB0177803707EBC71C5E
:10BD80000CEBC737C7F3C55767F34A181FFA8AF792
:10BD900003F01F0300E0C3E003FB0173803303EBF8
:10BDA000C31707EBC333C3F3C45363F30408ADF8FD
:10BDB00004801FFA88F3019304EB4003BDF804707C
:10BDC0001F80401CA842B5DB0598521C04EB4004C0
:10BDD0004A45ACDB78E7002710E03278FF2A12D022
:10BDE0002088ADF804000199069804F079FF0190CD
:10BDF000BDF804002080A41C761C7F1CAF425DDAD5
:10BE0000B007EAD15AE0A4F800A0F4E73068411C7A
:10BE100043D0E8B33278FF2A53D02088ADF804002D
:10BE20000199069804F05CFF0190BDF804002080A1
:10BE300016F8012FA41CFF2A46D02088ADF8040074
:10BE40000199069804F04CFF0190BDF80400208091
:10BE500016F8012FA41CFF2A39D02088ADF8040061
:10BE60000199069804F03CFF0190BDF80400208081
:10BE700016F8012FA41CFF2A2CD02088ADF804004E
:10BE80000199069804F02CFF0190BDF8040000E031
:10BE900011E02080A41C761C0FE0A00707D0A4F8B6
:10BEA00000A0022000990151A4F806A003E0009828
:10BEB0002060009860600834361D3F1D4745A5DDB1
:10BEC0001CE0A4F800A0B3E7A4F800A0C0E7A4F821
:10BED00000A0CDE7A4F800A0DCE73278FF2A1CD050
:10BEE0002088ADF804000199069804F0F9FE01904D
:10BEF000BDF804002080A41C761C7F1CAF42ECDB44
:10BF000005980BF1010B401B04EB40041298401BF9
:10BF10000644CB45FFF65FAFD6E6A4F800A0EAE7FB
:10BF200000222188ADF800109346104633E0002728
:10BF300027E0307818B3904205D0FF282FD000FBBF
:10BF400008F31B0A9B46904203D134F81700814244
:10BF500010D0BBF1FF0F24D004EB47005A460088F5
:10BF6000ADF800000099069804F0BAFE009032780F
:10BF700034F8171004EB4700BDF800300380761C3E
:10BF80007F1CAF42D5DB059804EB40041298401BA0
:10BF900006440AF1010082464845C8DB94E6434660
:10BFA000D0E70698E2E700002DE9FF4F83B00C468A
:10BFB000DDF84480F8F760F8BDF818A08146B8F1C4
:10BFC000000F0CD0A0882188401A401C07B2E088DE
:10BFD0006188401A401C0FFA80FB002641E0B4F94A
:10BFE000026017E0B4F900500FFA86F80DE01098DF
:10BFF0000290ADF804A0CDF80080D9F800002BB273
:10C00000059AC7690399B8476D1CB4F90400A842A2
:10C01000EDDA761CB4F90600B042E3DA07B0BDE809
:10C02000F08F002518E000BF18F8050098B11099AE
:10C03000ADF804A04843000A029060880399304498
:10C0400000B200902088059A284403B2D9F8000075
:10C05000D0F81CC0E0476D1CBD42E5DB1298761C91
:10C0600080445E45DDDBD9E700680968884201D17C
:10C07000012070470020704740680A6820F0404067
:10C08000904200D20860002070472DE9F04F002751
:10C0900087B00446BA4609F001F800680025B4F9F3
:10C0A000141090F81890266AA846002900DC49422E
:10C0B000B4F91600002800DC4042814201DD012570
:10C0C000ADE04FF00108AAE0102130460CF0C3FCAF
:10C0D00000287ED0CDE90058AB46CDF80880304628
:10C0E0000BF002FDC10700D18B46810701D400216E
:10C0F0000091410701D400210291000701D40020E2
:10C10000019030460BF0C4FD059030460BF09AFCD0
:10C11000049030460BF0F0FC039030460BF04CFDE1
:10C120000599002902DC0499002910DD029919B152
:10C13000B4F916204A4507DA019941B1B4F916203D
:10C14000C9F100018A4202DC37464FF00C0A03991C
:10C15000002901DC002811DDBBF1000F03D0B4F988
:10C1600014204A4507DA009941B1B4F91420C9F105
:10C1700000018A4202DC37464FF0030A0599002984
:10C1800001DC002102910499002901DC00210191C8
:10C190000399002901DC4FF0000B002801DC00208E
:10C1A0000090BBF1000F03D0B4F91410494517DA21
:10C1B000009828B1B4F91410C9F1000081420FDDD4
:10C1C000029818B1B4F91610494509DA019800B17E
:10C1D00000E010E0B4F91610C9F1000081420ADC59
:10C1E0000DB1032000E00C2094F83C1060F3030133
:10C1F00084F83C1016E04FF4807130460CF02BFCB4
:10C2000035EA00000ED14FF4007130460CF023FCEB
:10C2100038EA000006D130460BF008FC0646002E36
:10C220007FF452AF4FB194F83C1000206AF3030141
:10C2300084F83C10A762A082E08207B03846BDE8CF
:10C24000F08F00002DE9FF4F83B08B4682460BF044
:10C2500011FD060012D041F6FF78444600215046F9
:10C260000CF0C1F90090002150460CF002FA019048
:10C2700050460BF0DCFA074600255FE0002007B0CF
:10C28000BDE8F08FDAF808003149006850F8250061
:10C2900081460CF0E7FBE8BB4FF4805148460CF0B8
:10C2A000DAFBB8B3012E04D0022E08D0032E44D1FD
:10C2B0001AE0B9F91400BAF81420009932E0BAF87B
:10C2C00018200199B9F91800511A069A09B21044B8
:10C2D00000B2584531DB059A90422EDC401A00B27C
:10C2E000002821DD014620E0B9F81820B9F8141023
:10C2F000BAF81830501A401C00B200EBD070BAF8EF
:10C30000142001EB6000991A491C0BB2009900B28D
:10C310005B1A00E011E00199591A01EBD173009901
:10C3200001EB63011144D0E74142002C01DD2246BC
:10C3300000E06242914200DA04466D1CBD42A1D386
:10C34000444501D1002000E0604200B297E70000C0
:10C35000010004002DE9FF4F83B08B4682460BF0AD
:10C3600090FC060012D041F6FF784446002150466A
:10C370000CF0D3F90090002150460CF0E0F8019049
:10C3800050460BF054FA074600255FE0002007B046
:10C39000BDE8F08FDAF808003149006850F8250050
:10C3A00081460CF05FFBE8BB4FF4805148460CF02F
:10C3B00052FBB8B3012E04D0022E08D0032E44D174
:10C3C0001AE0B9F91600BAF81620009932E0BAF866
:10C3D0001A200199B9F91A00511A069A09B21044A3
:10C3E00000B2584531DB059A90422EDC401A00B26B
:10C3F000002821DD014620E0B9F81A20B9F816100E
:10C40000BAF81A30501A401C00B200EBD070BAF8DB
:10C41000162001EB6000991A491C0BB2009900B27A
:10C420005B1A00E011E00199591A01EBD1730099F0
:10C4300001EB63011144D0E74142002C01DD2246AB
:10C4400000E06242914200DA04466D1CBD42A1D375
:10C45000444501D1002000E0604200B297E70000AF
:10C46000010004002DE9FF4F83B00E46DDE910B452
:10C470001746002103980CF09EFA05460021039808
:10C480000CF009F80146F07882070BD5C30742F299
:10C49000D17202D0954202D006E0914206D120F03E
:10C4A0000200F070C00701D07D4800E07D48814661
:10C4B000F078C00712D07B484FF0000AA4F802A021
:10C4C000A4F804A0C4F810A0A4F800A0C4F808A020
:10C4D000C4F80CA0804639460197ADE07048EBE700
:10C4E0000198B84206D04FF4000128460CF0B3FA88
:10C4F000002873D16C4928460CF0B4FA00286ED19C
:10C50000002128460BF0B6FF029070B32069401C52
:10C510002061A28802EB0B01A180217DC90771D0A7
:10C5200000EB8000800009F0BBFE0090F0B1E168F4
:10C5300051B12069401E00EB80008200009809F094
:10C5400079FFE06809F0F8FE206900EB80010098AF
:10C5500000EB81004FF0000140F8145CF078C00758
:10C56000284604D041F2020203E039E0FEE741F23E
:10C5700005020CF01FF9216900B201EB810200995C
:10C5800001EB820121F8100CF0784FF00001C00798
:10C59000284602D041F2030201E041F206020CF00B
:10C5A00009F9216900B201EB8102009901EB8201D6
:10C5B00021F80E0C2069029900EB8002009800EB34
:10C5C000820040F8081C206900EB8002009800EB14
:10C5D000820040F804AC0098E06013E032E020E014
:10C5E0002846494688470146F078800705D5B4F9C2
:10C5F000040042180698824224DCA28801EB0B005A
:10C600001044A0802846414688470146B4F90000FE
:10C61000814202DD2846414688472080A068401CB0
:10C62000A060F078400702D54FF0FF3000E0012015
:10C6300001994118019105D403980BF0E6F8051E05
:10C640007FF44EAFB4F90400002802DDA0EB0B002C
:10C65000A080206908B1069801E0B4F90400608068
:10C66000CDB10198B84216D1039901AA8968096829
:10C6700051F82050F078C0F38001039800F0CEFD0F
:10C680004DB128464146884720802846494688477C
:10C6900060800120A060019807B0BDE8F08F000025
:10C6A000FD890108AB790108010006002DE9F04F72
:10C6B000B24D93B0044600212A880CF07BF89DF817
:10C6C0001710421C62F30001820862F34101C008A6
:10C6D00060F382018DF81710204600216A880CF063
:10C6E00069F88DF8140020460021AA880CF062F841
:10C6F0008DF8150020460021EA880CF05BF88DF8D3
:10C700001600002120460BF055FE012800D0002025
:10C7100081469DF817004FF00001C00720460CD05D
:10C720000BF0E6FF82469DF817004FF00001C007AE
:10C73000204605D00BF042FF04E00BF03FFFF1E78D
:10C740000BF0D6FF07909DF81700C007204602D0D7
:10C750000BF0D9F801E00BF0BCF806902046002160
:10C7600041F232020CF026F805462046002141F63F
:10C7700010020CF01FF8E18A2844461820460BF0FE
:10C7800095FA301AADF820002046002141F6120239
:10C790000CF010F8A18A2844451820460BF07FFAC7
:10C7A000281AADF840009DF817009DF81660C007E4
:10C7B00001D008AD00E010AD002120460CF0FBF8E0
:10C7C0001190002120460BF066FE83469DF817006D
:10C7D000C10708D0ABF51C52D13A02D1618C890552
:10C7E00009D5C10708D1119AA2F51C51D13903D13D
:10C7F000618C490500D40026B9F1000F08D0C007AC
:10C8000006D116B1012E02D002E0012600E000267A
:10C810000027ADF83C70B8468EB39DF8170040076E
:10C8200003D5A0684268521E15E0002213E00020E4
:10C830000E9009A90798CDE9000105A92046069B9D
:10C84000FFF710FE0246BDF8241007EB0A0008446B
:10C8500007B208F10108A0684068904201DD002A93
:10C86000E5DAB8F1000F02D0A7EB0A0007B29DF895
:10C870001700C007204603D00BF02BF802E00BE0B6
:10C880000BF041F80FA9CDE9005101460FFA88F3EA
:10C890003A46304611F038F99DF81700410703D5A4
:10C8A000A1684E68761E00E00026B9F1000F04D0A2
:10C8B000C00702D128883844288009AFA0684068A2
:10C8C000B04249DD002E47DB01200E900798CDE9EC
:10C8D0000007324605A92046069BFFF7C3FD8046A8
:10C8E000B9F1000F08D09DF81700C00704D12888BF
:10C8F000BDF82410401A2880DDE90601BDF920208A
:10C9000002AB019283E88300BDF9400000904346EA
:10C91000324605A92046F9F775FA46460C9809F003
:10C920000BFD00200C90B9F1000F03D09DF817000B
:10C93000C0070AD02888BDF82410BDF83C20014467
:10C9400002EB0A0008442880B8E7BDF83C2029889B
:10C9500002EB0A00081AF6E7119942F2D1708142FF
:10C9600001D0834502D120460CF01DFE00222B2170
:10C97000204607F0C3F913B0BDE8F08F1401002082
:10C980002DE9F05F0546007E92468B46C0076BD1CD
:10C990004FF00108EC680026C1467CB9287EC0F340
:10C9A000C000401E30425FD1B9F1000F5CD0284674
:10C9B000594688474FF000080446C1460EB9261E66
:10C9C00052D0B8F1000F06D0214628465246904773
:10C9D0000446B04248D04FF00108002CDED0206859
:10C9E0000BF0B8FC0006D8D427683AE0012138469D
:10C9F0000CF031F880B32FB1012138460CF02BF840
:10CA00000028CAD1E868A0422ED070B1284600F0B4
:10CA10004FFA0246E8680F21006807F06FF9012815
:10CA200022D1E86800680CF0E4FA2846EC6000F0D7
:10CA30003FFA0246E8680E21006807F05FF9012816
:10CA400012D1E86800680CF0D4FA296900290BD0EB
:10CA50002846BDE8F05F0847FFE738460AF0E6FFE2
:10CA60000746002FC2D1CDE7BDE8F09F044AC1B20E
:10CA700051601168C1F3C0110029FAD0704700005D
:10CA8000001001402DE9F34F8FB0054669460AF0CA
:10CA900054FF28460BF0B2FF0B9028460AF085FFA2
:10CAA0000A90002128460BF0C1FD0790002128467E
:10CAB0000BF002FE0746002128460BF051FE04460B
:10CAC000002128460BF05EFD8346002128460BF02E
:10CAD0001DFE0646002128460BF07EFD06F00101F2
:10CAE00006EBD67201EB620100F0010200EBD070A0
:10CAF00002EB6000491C401C09B200B20D2900DBAA
:10CB00000D218A460D2800DB0D2081460D2F00DB0C
:10CB10000D27B8460D2C00DB0D2426465846BBF1E8
:10CB20000D0F01DA074600E00D2700246BE0A86A2C
:10CB300000EBC40108A802F094FFBDF9200007999A
:10CB4000884213DCBDF900200D2900DB0D21511AAC
:10CB500000EB0100ADF82000BDF92200B04233DC4B
:10CB6000BDF902100D2E07DA324606E0BDF80020AE
:10CB7000A2EB09010844EDE70D22891A00EB010040
:10CB80000B99ADF82200BDF92400A1EB0801891E24
:10CB9000424688421EDBBDF90010B8F10D0F01447A
:10CBA000104600DB0D2008440A99ADF82400BDF9B9
:10CBB0002600C91B891E88421DDBBDF902100D2FFE
:10CBC00008440DDA39460CE0BDF80220A2EB0A0158
:10CBD0000844D5E7BDF80010014401EB0900E3E784
:10CBE0000D210844ADF82600002208A81099F5F799
:10CBF0007BFF58B905E0BDF80210014401EB0A00C3
:10CC0000F0E7641CA4B2288EA04290D8288EA042DF
:10CC100001D14FF6FF7411B02046BDE8F08F10F03F
:10CC2000070000D101207047B0F90C00032101EB8F
:10CC3000400020F00300103070472DE9F05F894676
:10CC40009346824600210BF0E3FC05460021504646
:10CC50000BF024FD8046002150460BF073FD044686
:10CC6000002150460BF080FC064650460BF0C6FEF5
:10CC7000411BA1EB080750460AF097FE001B801BE2
:10CC80008742504605DA0BF0B9FE411BA1EB0800C4
:10CC900003E00AF08AFE001B801B00EBD07040F31B
:10CCA0004F00BAF8141042191144A9F80010BAF84C
:10CCB000161002191144A9F80210BBF1000F01D09F
:10CCC000ABF80000BDE8F09F024A002112880BF08B
:10CCD00071BD000024010020034A10B50021128913
:10CCE0000BF068FDC0B210BD24010020034A10B54E
:10CCF000002152890BF05EFDC0B210BD240100205E
:10CD0000032901D2012300E00023C01A03EB4303EF
:10CD100001EB8301891EC1EB41110C23B1FBF3F13F
:10CD200011446422B0FBF2F2014401EB9001891A34
:10CD30004FF4C872B0FBF2F008440721B0FBF1F2E7
:10CD400001FB1200C0B270472DE9FC470F0023D051
:10CD50000569686928B10168B94202D14068BDE837
:10CD6000FC87698A00224FF0040CC1F308040CE030
:10CD7000AE6802EB820356F823100CEB8303F35AE0
:10CD8000791A8B420AD2521C92B29442F0D818B14E
:10CD900007606969002048600020E0E702EB820438
:10CDA0001222A86802EB84020026825C4FF006097A
:10CDB000022A0CD04FF00C0A6AB1DFF8A8C0082391
:10CDC0004FF01008032A0FD0012A26D043E009EBC8
:10CDD0008402805A06E00AEB840209EB840382583D
:10CDE000C05A515C461836E0ADF8041008EB8401D7
:10CDF000CDF800C003EB8408425A50F80810022313
:10CE000001A8F7F779FA30B3A96851F80820801A19
:10CE100009EB84024010895A1CE0ADF8041008EBBD
:10CE20008401CDF800C003EB8408425A50F8081082
:10CE3000022301A8F7F760FA68B1A96809EB840337
:10CE400051F80820801A0AEB840240108A58C95A07
:10CE500032F810000E18686910B107606869466002
:10CE600030467CE75D1202082DE9F0410D4604468C
:10CE700000F0FDF8071E19D0F88A00212D1A384657
:10CE80000BF031FD0689002138460BF04EFD00EB1A
:10CE9000D07105EB6101304409B200B291FBF0F0B2
:10CEA000A18E80B2814201D8491E88B2BDE8F081CE
:10CEB0002DE9F041002607463546304610E000BF18
:10CEC00008F031F9216DB94209D1022802D00428B5
:10CED00003D003E02046BDE8F081264625462046E3
:10CEE00008F0E6F80400EBD10EB13046F3E70DB1DF
:10CEF0002846F0E7BDE8F041002008F0D9B800006E
:10CF00007CB50369006900255B8AC4689E04A36838
:10CF10002BD4980F17D00120B0EB937F31D101EBC8
:10CF200002402668019018480090A068042320F071
:10CF30004042314601A8F7F7DFF910B3801B80109B
:10CF400061680D561DE001EB02202668ADF8040073
:10CF50000E4823F0404200900223314601A8F7F723
:10CF6000CBF970B1801B4010EAE76068405C995CC7
:10CF700038B131B1637B2268401E10FB0320491E8B
:10CF8000455628467CBD0000D3EA0008E7EA0008C1
:10CF90002DE9FC5F88461F461446824605464FF43D
:10CFA00000310BF0F2F900EBD0704610A01B0FFA25
:10CFB00080F9A88EAC8C10F0060F06D0C0F34100AB
:10CFC000022804D0012845D004E0288D00E0E88C38
:10CFD000204484B204F15A0000B20FF033FE10FB7B
:10CFE00009F0C51320B20FF02DFE10FB09F0C41399
:10CFF0004FF44039494650460BF00AFB83464946F8
:10D0000050460BF04BFB0190494650460BF09AFB03
:10D010000090494650460BF0A7FAB8F8001030448B
:10D020004A19A2EB0B01891B3980B8F800104A1984
:10D03000019931441144B980B8F802100A190099D5
:10D04000511A891B7980B8F8021021440844F880ED
:10D05000BDE8FC9FB5F93000B5F93210084400EB8B
:10D06000D070B5F92E1040108142B0DBADE7406AB8
:10D07000002802D000210AF0C8BB704700210AF046
:10D08000C4BB00002DE9F04105460F46698C002025
:10D090000426C1F3C503EA680FE000BF06EBC00435
:10D0A00014595FEAC41C07D524F07F44BC4203D165
:10D0B00052F83000BDE8F081401C8342EED84FF0BA
:10D0C000806000EB71204FEAF0506884C0F3C50027
:10D0D000C100104609F086F9E860C0B3688CC0F35F
:10D0E000C504641E16D06FF003025300E86802EB1B
:10D0F000C40141585FEAC11C0CD489010AD403EB76
:10D10000C40C00EBC4018444641EDCE9000CC1E9DA
:10D11000000CEBD1E868082100EBC40009F068FAC4
:10D12000082009F091F8E96841F834000EF0FDFAA2
:10D13000EA6806EBC400115841F080711150EA68AA
:10D1400067F317011150E86850F83400B2E7FFE7C1
:10D15000FEE700002DE9FC410068C068C068B0FB34
:10D16000F1F4944200DD1446154F78680068806938
:10D1700020B30020ADF80000ADF80400ADF80200C7
:10D1800025B2681E06B2ADF8066078686946006888
:10D1900082699047BDF80600BDF80210401A401C95
:10D1A00000B2A04202DD351EEBDC01E0002D02DC06
:10D1B0000020BDE8FC81BDF90640641C2046F8E76C
:10D1C000F0000020491E01D5401E0C310C2901DB66
:10D1D000401C0C3901290DD0072091FBF0F200FB17
:10D1E000121000EBD07121F00101401AC0F11F00B4
:10D1F000C0B2704781070CD16421B0FBF1F201FB92
:10D20000120149B94FF4C871B0FBF1F201FB1200F1
:10D2100010B100201C30EBE70120FBE7136821B1BF
:10D220005B1E13600BD4806805E05B1C1360806894
:10D2300041688B4203DA006850F8230070470020F1
:10D2400070472DE9F84315460E46044607F026FFC1
:10D2500007F069FF01280AD0032808D04FF6FF70B5
:10D2600005B1288006B130800020BDE8F88307F0C2
:10D2700015FF694607F02CFF4FF0000875B32046F4
:10D280000AF00DFDBDF80010084407B20021204649
:10D290000BF0A5F801280CD0A08A00213F1A2046E7
:10D2A0000BF0D9F9381A02B24046A5F800800021E7
:10D2B00010E0002120460BF014FA218B081AC01B45
:10D2C000F1E7236B33F81030194409B28A4205DBC9
:10D2D000401C2880A38C80B29842F2D3FEB1204635
:10D2E0000AF0E4FCBDF802100844E18A451A002166
:10D2F00020460BF051FA281A02B24046A6F80080E8
:10D30000002108E0E36A33F81030194409B28A4278
:10D3100005DB401C3080E38C80B29842F2D30120C0
:10D32000A3E72DE9FF4F83B005461F460598F6F7A2
:10D33000B9FE01218140B5F8208001F0FF096FEAB4
:10D34000080080B2019095F822004FF0FF36C0F33C
:10D35000800B00244FF0040A22E0E96801EBC400CE
:10D360004268920149D5BBF1000F18D10AEBC40203
:10D370008958049AC1F30741090491420FD100680A
:10D38000817911EA090F0AD06A4605990EF09CF9D5
:10D3900028B100983860012007B0BDE8F08F641C08
:10D3A000688CC0F3C500A042D7D826E0E8680AEB35
:10D3B000C40200EBC4018058C0F307421FFA80FB8F
:10D3C00004981204824217D10868817911EA090F82
:10D3D00012D0019A1BEA020F0ED1B3450CDD6A464A
:10D3E00005990EF071F938B15846C345D1D05E4564
:10D3F00002DA064600983860641C688CC0F3C500E9
:10D40000A042D3D8002EC4DA0020C5E72DE9F047AA
:10D41000814642F30006C0F15A001D460F465408EB
:10D4200000B2761C0FF00EFCA7EB040800FB08F01E
:10D43000C71148460FF006FC00FB08F0C011002F92
:10D4400006DD7F3F39120A1B32442A80214405E061
:10D450007F3739120A1B21442A80891BA9800028A2
:10D4600006DD7F380012011B31446980204405E04D
:10D470007F300012011B20446980801BE880BDE8DA
:10D48000F0870000024A002192880BF093B9000057
:10D49000240100202DE9FF4F0746808C85B04843CA
:10D4A00084B20798A14600250289DDE915100844D9
:10D4B000049010440FFA80FA57E0BB6A53F8241026
:10D4C00079B3D7F830C00026401E3CF915B013E000
:10D4D000A21953F8222092B11278D2070FD0AA19BC
:10D4E0004FF0020808EB42023CF80280761C08EB81
:10D4F0000B020FFA82FBB6B272198242E8DB0020FF
:10D5000001B1087880070DD507981599B0F9080082
:10D510000144169808445146504500DC08460FFA6D
:10D5200080FA1EE0DDE913020244ABEB020000B218
:10D53000129ACDE9002000230293DDE9072303A816
:10D54000491C0FF043FCBDF90E10049808445146E5
:10D55000504500DC08460FFA80FAA01984B2A819D9
:10D5600085B2641C6D1CA4B2ADB2B88C00EB09018D
:10D57000A142A2D809B05046BDE8F08F034A10B5C9
:10D580000021D2890BF016F9C0B210BD2401002091
:10D59000034A10B50021128A0BF00CF9C0B210BD7D
:10D5A000240100202DE9FC410C46064600210BF029
:10D5B000A2F905464FF4802130460BF09CF9B5F9ED
:10D5C0000870B0F90850002130460BF0BCF9E91999
:10D5D00001EBD17100EB610005B230460AF0E5F9CC
:10D5E000F18A00EBD07001EB600005EBD571A0EB88
:10D5F000610060802844E080694630460AF09DF969
:10D60000BDF800002080BDF80400A080BDE8FC81CA
:10D610002DE9FF410646FFF731FD040021D04FF40C
:10D620008027394630460BF066F90546304641F210
:10D630005A4239460BF0BEF806B2204608F07EF991
:10D640000146002041F6FF72CDE900020290334608
:10D650002A4603A80FF0BAFBBDF90C0004B0BDE8E0
:10D66000F0810020FAE700002DE9F04104460D4664
:10D67000668C00200423C6F3C501E2680BE000BFFE
:10D6800003EBC007D7595FEA871C03D527F07F4714
:10D69000AF4202D0401C8142F2D8814203D002EB5B
:10D6A000C000BDE8F0814FF0806000EB76204FEACB
:10D6B000F0506084C0F3C500C100104608F092FE2F
:10D6C000E060608CC0F3C500401E0DD06FF0070213
:10D6D000E16802EBC00601EBC0030E44401ED6E930
:10D6E0000016C3E90016F3D10821E06808F080FFB6
:10D6F000082008F0A9FDE16808600EF016F8E1685E
:10D70000486840F000704860E16865F317004860C1
:10D71000E068C6E738B50C480D46144690F820007E
:10D720004FF00201C0074FF0120002D00CF0BAFE19
:10D7300001E00CF0CFFE2246294603F005FB0090E5
:10D74000BDF8000038BD000080B600202DE9F0478C
:10D750004FF0000CDDE90964089DDDF82CA0E146DE
:10D760006F1E09BB052A03D0062A01D0042A02D164
:10D770000023012D01D0002109E001225FF000010A
:10D780009C4436F81180491CC4440FFA8CFCA94211
:10D79000F6D3ACEB030109B2072A2AD2DFE802F084
:10D7A00004070B2921160D00A4F8009021E0411A6E
:10D7B00001EBD17112E0411A11E0411A09B23AB2FB
:10D7C00091FBF2F1A4F800900BB212E0411A09B2F9
:10D7D0002AB291FBF2F10BB203EBD3714910218015
:10D7E00007E0411A0AB2691C09B292FBF1F10BB2CF
:10D7F000238000210BE000BF34F8112036F811C05F
:10D80000624404EB410C1A44ACF80220491CB942B2
:10D81000F2D304EB450106EB450231F8021C32F865
:10D82000022C11442288891A0AB2BAF1000F0CD0D6
:10D83000002108E034F8113036F81170C31ADB1BF0
:10D8400024F81130491CA942F4D31046BDE8F087F2
:10D8500070B58AB00446FFF737FA05462046FFF751
:10D8600011FE002D5FD000285DD069462046F7F7F5
:10D8700071FF0C2107A808F0BBFE2046002141F2F1
:10D8800032020AF097FF05462046002141F61202B7
:10D890000AF090FF46192046002141F610020AF0D6
:10D8A00089FF054420460AF0FAF9A18A3144081A92
:10D8B000ADF8240020460AF0F9F9E18A2944081A53
:10D8C000ADF82600002507E0006807AA694650F871
:10D8D000250000F077FF6D1CA0684168A942F3D8CD
:10D8E000009808F029FD019808F026FD029808F03C
:10D8F00023FD039808F020FD002120460BF062F87C
:10D900000546002120460AF0CDFD42F2D1718D423C
:10D9100001D0884202D120460BF045FE00222B2187
:10D92000204606F0EBF90AB070BD0021A0F13002EC
:10D93000092A01D8D1B216E0612801D32038C0B23B
:10D94000413806280FD2DFE800F0030507090B0D68
:10D950000A2108E00B2106E00C2104E00D2102E081
:10D960000E2100E00F21084670472DE9F0470446DC
:10D97000406A4FF4404102F0EEFA94F92E10A08D67
:10D980000122FFF7BDF90546206B18B300264FF0C2
:10D9900002084FF00309AF1D4FF4004A17E0206B57
:10D9A000A28D30F8261091420FD108EB8601415626
:10D9B00094F92E20914208D109EB86014056524637
:10D9C000384481B2606A02F090FD761CB6B2A08E37
:10D9D000B042E4D8A08D218D884211D194F92E1047
:10D9E00094F92A0081420BD194F92B00AD1D2844F3
:10D9F00081B2606ABDE8F0474FF4804202F075BD25
:10DA0000BDE8F0872DE9F0410446406D0D46002841
:10DA10002BD0A968022230F9217002EB8101465E09
:10DA2000A87B01280AD1B4F90C00B84203D1B4F99B
:10DA30000E00B04202D0201D00F088FC201D00F036
:10DA4000E9FC002811D127816681A87B012804F117
:10DA500004000CD000F07AFC201D00F0DBFC002854
:10DA600003D12089A0816089E081BDE8F08100F0C8
:10DA70007DFBF1E770B5254C0546042160680AF08E
:10DA8000EAFF002828D0E96A6068814224D009F0C2
:10DA900087FF0646E86A08B109F082FF86421CD17A
:10DAA0001EB1606806F0F4FC0FE0E86A40B10F2197
:10DAB000A26806F023F9284600F0ACFC00280BD140
:10DAC000D4E901020E2106F019F9284600F0A2FC63
:10DAD000002801D16068E86270BD78B1EB6A53B18B
:10DAE000A26888B11021184606F008F9284600F00F
:10DAF00091FC0028F0D1002EE2D0D2E7E86A00289D
:10DB0000F9D00F21A268EFE70F21ECE7D000002049
:10DB10002DE9F0470D460446897B40794FF0000817
:10DB200001292AD0010708D520F0080121F00101C0
:10DB3000C4F84480617184F80880277AA87B207239
:10DB40006868E060D4F850905FEA09007ED006F083
:10DB5000FBFCB34E0028706078D0A87B08B1A5F814
:10DB60000C80484606F0F0FC706000286ED0A97B5F
:10DB7000012905D000296AD00AE1000766D4DCE754
:10DB800017B1012F30D003E10EF038FE60646968F0
:10DB90000A2909D014291AD013291BD01B291DD0FA
:10DBA000484606F03BFDF3E070680BF068FA20B9D8
:10DBB000102170680AF04FFF08B1012700E000272C
:10DBC000484606F0BBFC8743D6D1012163E0A88913
:10DBD000401E01E0A889401CA881D9E01B214846CD
:10DBE00006F01CFD202156E06079C0073DD1606C35
:10DBF0000EF0FEFD2168898B8842607933D940F0B0
:10DC0000010060710EF0FAFDA06468680A2819D15D
:10DC100070680BF034FA20B9102170680AF01BFF0D
:10DC2000B0B1484606F097FC01280BD9484606F0EB
:10DC300085FC80F00101484606F0FBFC202170685D
:10DC400009F0F6F9607940F00100A0E087E02CE0EF
:10DC5000D6E90102052106F051F8201D00F0DAFB9B
:10DC600000287CD1EEE7C0071ED0A06C0EF0C0FDEE
:10DC70002168C98B884217D90EF0C0FDA06469687D
:10DC80000A2907D01429A2D01329A3D0484606F0A8
:10DC9000C5FC04E00621D6E9010206F02FF8201D9C
:10DCA00000F0B8FB00285AD172E0012F70D16968EA
:10DCB0000A2967D10BF0E3F920B9102170680AF046
:10DCC000CAFE80B3484606F039FC002860794FEA66
:10DCD000C07052D020B1484606F03DFC012847D81C
:10DCE000D6E90102082106F009F8201D00F092FB98
:10DCF00000286AD1D6E90102042105F0FFFF201DAA
:10DD000000F088FB002860D1D6E90102072105F068
:10DD1000F5FF201D00F07EFB002856D10A21484661
:10DD200006F07CFC2EE0FFE7D6E90102082105F0B1
:10DD3000E5FF201D00F06EFB002846D16079C0078A
:10DD400004D1D6E90102042105F0D8FF201D00F01E
:10DD500061FB002839D1D6E90102072100E034E057
:10DD600005F0CCFF201D00F055FB00282DD109E067
:10DD70002021706809F05CF904E018B901214846D7
:10DD800006F057FCC4F84480607920F0010060710F
:10DD9000C6F80480A889002817D0484606F0CEFBB4
:10DDA0000028B5F90C001FD0002810DA4FF000044D
:10DDB00006E000BF4FF01401484606F02FFC641C3B
:10DDC000B5F90C004042A042F4DCBDE8F087FCDD70
:10DDD000002404E01321484606F020FC641CB5F939
:10DDE0000C00A042F6DCF0E700280CDA4FF000044B
:10DDF00003E0484606F094FB641CB5F90C00404271
:10DE0000A042F6DCE1E7E0DD002403E0484606F04E
:10DE100037FB641CB5F90C00A042F7DCD5E7000025
:10DE2000D000002070B50446806A002870D194F8B4
:10DE30003D00C0076CD14FF40046256A03E0284638
:10DE400009F0F4FD0546002D62D0314628460AF05F
:10DE500002FE0028F3D1B4F91000002801DD0146CC
:10DE600000E041422B4A926813689B7E994209DA8E
:10DE7000B4F91210002900DC4942994202DA00216B
:10DE800021876187218F084400B22087618F638AD0
:10DE90000028194409B2618701DD034600E04342CE
:10DEA0001668F67EB34206DC002901DD0B4600E071
:10DEB0004B42B3422CDD012384F83D30002801DDC4
:10DEC000034600E04342002901DD0E4600E04E42D9
:10DED000B34209DD002894F83C0020F0F00001DD99
:10DEE00020300AE0103008E094F83C00002920F0CF
:10DEF000F00001DD803000E0403084F83C000C216F
:10DF0000284605F0FBFE2046BDE8704000F082BACE
:10DF100070BD0000D00000202DE9F0410E460446FF
:10DF2000897B4079002701291DD0010704D520F005
:10DF30000900676460712772D4F850805FEA0800B6
:10DF40007ED006F001FB5B4D0028686078D0E26867
:10DF50007168E160217AB37B2372B37B012B05D01A
:10DF6000002B7AD0A3E000076AD4E5E711B10129BC
:10DF700030D09CE00EF042FC606471680A2909D040
:10DF80001B290DD0092915D00B291BD0404606F0BE
:10DF900045FB8CE00A21404606F040FB012104E0ED
:10DFA0001B21404606F03AFB2021D5E9010205F08D
:10DFB000A5FE4AE00021404606F03BFB404606F045
:10DFC0005FFA42E00021404606F033FB404606F08F
:10DFD000A7FA3AE071680A2908D10221AA6805F077
:10DFE0008DFE201D00F016FA002861D16079C0076F
:10DFF00014D1606C0EF0FCFB2168898B884260793B
:10E000000AD940F00100607170680A284FD10EF003
:10E01000F5FB0521A064C8E7C00748D0A06C0EF04E
:10E02000E7FB2168C98B884241D90EF0E7FBA06469
:10E0300071680A290FD00929BCD00B29C2D001E090
:10E0400036E00AE0404606F0E9FA201D00F0E2F969
:10E0500000282DD12BE00621A7E7012927D17260E6
:10E060000A2A1FD10821AA6805F048FE201D00F0E9
:10E07000D1F900281CD16079C00709D1D5E9010286
:10E08000042105F03BFE201D00F0C4F900280FD14B
:10E09000D5E90102072105F031FE201D00F0BAF993
:10E0A000002805D16764607920F0010060716F601D
:10E0B000BDE8F081D000002070B5044600680D4630
:10E0C000098800692182698861820268117CC1F334
:10E0D0000111022901D003290AD111882A88891A3D
:10E0E000491E298001686A884988891A491E698001
:10E0F0000168097CC1F30111012901D0032907D16D
:10E1000069882A886A8000684088401A401E2880F2
:10E110002068006902F0A4FF2068006902F0E6FFB1
:10E12000E06C78B1B4F90C20B5F900108A4205D141
:10E13000B4F90E20B5F902309A4203D0B5F90220A5
:10E140000BF036FF288820816888608120790128BB
:10E1500004F1040006D000F0F9F82089A08160895C
:10E16000E08170BD00F002F8F7E700002DE9F04112
:10E17000754D0446006A6860617809077DD4A96816
:10E18000002609680F6930B1A16A39BB4FF400510C
:10E190000AF061FC10BB384602F078FF211D07F041
:10E1A0009AF8686070B9384602F078FF211D07F0D0
:10E1B00092F8686030B9384602F082FF211D07F0FE
:10E1C0008AF86860606A48B1268366832046F5F75E
:10E1D0005FFB204600F01EF900284ED1206A6968D6
:10E1E00088423CD0A1882181E188618140B103212E
:10E1F000AA6805F083FD204600F00CF900283CD108
:10E2000068682062606250B30EF0F8FA20646078AB
:10E21000012120F001006070A682E68294F83C00A3
:10E2200020F0FF0084F83C0084F83D602687668774
:10E2300026826682D5E9010205F060FD204600F0E5
:10E24000E9F800287DD1A8684179090779D4001D33
:10E25000FFF710FC204600F0DDF8002871D1A088FF
:10E260002189401A02B22282E0886189401A01B2F3
:10E270006182B4F91800431000E062E0B4F91A00BA
:10E2800003EB62024010228300EB61006083A0690F
:10E29000E0616868002854D00221AA6805F02EFDCC
:10E2A000204600F0B7F800284BD1A8684079000755
:10E2B00047D42046F5F760FA204600F0ABF8002876
:10E2C0003FD12046FFF7AEFD204600F0A3F800281E
:10E2D00037D1A06A002834D16078C0071DD1206CE6
:10E2E0000EF086FAAA681168898B88420FD9052139
:10E2F000686805F003FD204600F08CF8002820D166
:10E30000607840F0010060700EF078FA6064A06AF6
:10E31000002816D16078C00713D0606C0EF068FA40
:10E32000AA681168C98B88420BD90621686805F074
:10E33000E5FC204600F06EF8002802D10EF05EFAEF
:10E340006064BDE8F0810000D00000202DE9F041BC
:10E35000044640784FF00006010706D52662666243
:10E36000266420F00800666460701A4D206A6860B8
:10E37000A76A18B30821AA6805F0C0FC204600F07F
:10E3800049F8002824D1B7B96078C00709D1D5E988
:10E390000102042105F0B2FC204600F03BF8002801
:10E3A00016D1D5E90102072105F0A8FC204600F0AE
:10E3B00031F800280CD1266226646664002F07D04D
:10E3C0002046F5F765FA2046BDE8F04100F022B896
:10E3D000BDE8F081D00000204279910716D50021D8
:10E3E00041628162C162416481640183418390F82A
:10E3F000403022F0030223F00F0380F84030818385
:10E40000C1838187C1874271014841607047000024
:10E41000D00000204078810702D5034A00215160D6
:10E42000C0F3400070470000D00000202DE9F0410B
:10E43000044690F82A00C00738D0A08C0721B0FB12
:10E44000F1F0E18CB1FBF0F200FB121200EB4001A5
:10E450000A4492B2B2FBF0F300FB13200844E284BA
:10E460002085002120460AF046FA05460021204674
:10E470000AF069FA0746B5F90850204609F029FA6A
:10E4800006462046FEF7FAFD0246E18CE8194143B4
:10E4900006EBD67005EBD573BDE8F0414010A0EB5C
:10E4A0006300401A01B210460BF0C6BFBDE8F08110
:10E4B0002DE9F843856A0446802128460AF0CBFA04
:10E4C0004D4FFE0CC8B1284609F0DBFB01281DD0DA
:10E4D000022828D0032837D06786E686284609F028
:10E4E000C9FB012847D0022850D003285AD02786DC
:10E4F000A686208E002872D072E0334639463A460E
:10E5000004F13000009601F01FFBF2E7E88A0023D7
:10E51000401C01B232462846FDF71CFF6086E88A9F
:10E52000401E02B209E0B5F91A100023324628460F
:10E53000FDF710FF6086B5F91A20002339462846FA
:10E54000FDF708FFE086C9E7688BE98A0023401AD7
:10E55000401C00B200EBD07001EB600808F1010034
:10E5600001B232462846FDF7F5FE6086A8F10100AB
:10E57000002302B2E2E7B5F9141000233246284620
:10E58000FDF760FE2086B5F9142009E0B5F91810F2
:10E59000002332462846FDF755FE2086B5F918209F
:10E5A000002315E0288BA98A0023401A401C00B2E2
:10E5B00000EBD07001EB600808F1010001B23246B7
:10E5C0002846FDF73FFE2086A8F10100002302B295
:10E5D00039462846FDF736FEA0868AE7FFE72786FC
:10E5E000A08E00B9A686608E00B96786E08E0028EE
:10E5F00000D1E686BDE8F88301E0FFFF70B50D4C61
:10E60000064600200D460A4620601D21304605F0D2
:10E6100075FB206858B1017839B12946F1F79AFEA7
:10E6200028B1304621680DF095FD002070BD012015
:10E6300070BD0000500200202DE9F04188B01F4657
:10E6400014460D4606460AF04BFD002842D0A5426E
:10E6500040D04FF4B470854202D9A5F5B475ADB27F
:10E66000844202D9A4F5B474A4B2B18C4A1995B20B
:10E6700021448CB2854202D9A5F5B475ADB284426D
:10E6800002D9A4F5B474A4B207AA06A93046FEF7CD
:10E69000D4FA3946304609F078FE8046304639468D
:10E6A00051220AF087F804A908B1012200E00022F3
:10E6B000CDE90221CDE90048BDF81C00BDF91A10D2
:10E6C00082B2BDF918002B4602F0A1FD04A9304624
:10E6D0000AF0C3FC08B0BDE8F0811FB5044603AAE8
:10E6E00002A9FEF7AAFA6B46BDF90C2002A9204642
:10E6F000FEF74EFC694620460AF0AFFC1FBDF0B5A0
:10E700000546A1F57F408BB00E46FF3858D0288EC5
:10E71000B04255D9A86A00EBC601684601F0A1F9DC
:10E7200003A9284609F009F90021284609F0EEFF5F
:10E7300007460021284609F04FFF0446284609F005
:10E7400003F902F07BFC0A2190FBF1F2BA4201DBF3
:10E7500090FBF1F790FBF1F33AB2A34201DB90FB9F
:10E76000F1F4BDF80C30BDF80000991A0844ADF87A
:10E770000000BDF80E10BDF802000F1B3844BDF8B4
:10E78000047000B23B441A44ADF80420BDF80620E2
:10E79000ADF802001144214409B2ADF80610AA8E6A
:10E7A000B24209D1EA6A32F81620920504D5091A54
:10E7B000491C401AADF80200694628460AF04DFC93
:10E7C0000BB0F0BD2DE9F74F0D4682B00446B149BC
:10E7D0000AF048F900287DD12046FEF787FA8246E4
:10E7E0002046FEF7D5FE5FEA000973D0BAF1000FAC
:10E7F00070D02046FEF770FA07462046FEF7BEFEB0
:10E80000DFF894B2064620460021BBF80C2009F040
:10E81000D1FF00F0FF0820460021BBF8122009F0CC
:10E82000C9FFC0B201902B6807EB0A006FF001022C
:10E83000D5F808C033F8171002EB40001B5A3CF81B
:10E8400000001844401A00B200906B6806EB090003
:10E8500002EB400033F816101A5AEB68185A1044AD
:10E86000401A0FFA80FB0021204609F0AAFD01287A
:10E870000AD1B8F1000F03D0B8F1020F02D003E0C3
:10E88000022000E000208046208BA18A401A401C14
:10E890000FFA80FA608BE18A401A401C0FFA80F967
:10E8A0004046B8F1010F1BD0022824D02868B8F1E7
:10E8B000030F30F9170028D18046608CDDF800A0E6
:10E8C00040F480606084019801287DD0022879D0CE
:10E8D000032800E0DAE0686830F9167073D119E0B7
:10E8E00029680098A0EB0A0031F8171000EBD070EF
:10E8F00001EB600008E020460AF080F8296831F852
:10E90000172000991144081A00B28046608C20F448
:10E910008060D7E7608CD94640F400706084204660
:10E920000AF06CF8504504D1204609F03EF84845FD
:10E9300027D0A08AADF80000E08AADF80200208B55
:10E94000ADF80400608BADF8060020460AF051FBDC
:10E9500004F114005146054601F002F949462846E3
:10E9600001F0F9F820460AF044FB6A4629212046C6
:10E9700005F0C4F9204609F059F82246222105F095
:10E98000BDF92046002143F20C0209F013FF06B244
:10E990002046002143F20D0209F00CFF05B220468B
:10E9A0000AF02CF88146204608F0FFFF0146C6F326
:10E9B000413064224FF4FA634FF47A7C01281BD073
:10E9C00027E001E00AE013E06968ABEB090000EB27
:10E9D000D07031F8161001EB600008E0204608F016
:10E9E000E4FF696831F8162002EB0B01081A07B240
:10E9F000608C20F4007091E726F4C040984208DC57
:10EA0000604501DDC0F57A7000FB09F090FBF2F083
:10EA100006B2C5F3413001280BD125F4C04098421D
:10EA200007DC604501DDC0F57A70484390FBF2F0E9
:10EA300005B2049A08EB0600791912891044A28ADB
:10EA4000801A05B2049840890844E18A401A06B247
:10EA500055EA06001AD020460AF0CBFAA08A2844CC
:10EA6000A082208B28442083E08A3044E082608B9F
:10EA70003044608320460AF0BCFA05B0324629468D
:10EA80002046BDE8F04F01230AF062BB05B0BDE8A7
:10EA9000F08F000001000600240100202DE9F04164
:10EAA000064615460F46002005E039462046B04789
:10EAB00001280AD020460EF061FF040002D06068F1
:10EAC0008000F2D10020BDE8F08105B12C6001206A
:10EAD000F9E703880A88934201D0981A7047408862
:10EAE0004988401A704703780A78934201D0981AEF
:10EAF000704740784978401A704700002DE9F0418E
:10EB00004268096822F040428A4227D10446FEF753
:10EB10008BF8DFF84C800546D8F80820131BA2EBD1
:10EB200005005E1BC8F8080015D02746611932465B
:10EB3000384607F07FFC06E0A068401BA060204636
:10EB4000FEF772F80444D8F808008442F4D1B819EA
:10EB5000294607F04DFD0120BDE8F0810020FBE7CC
:10EB60000001002070B5054605F085F804462846EA
:10EB700005F0BFF8064608F059FF05462A2C01D0DB
:10EB8000292C0BD10021304607F0AAFA28460FF0B5
:10EB900025FD2846BDE8704010F022BC70BD000085
:10EBA00070B5054608F043FE0646002406E0A86856
:10EBB000006850F82400FFF7F3FF641CB442F6D35A
:10EBC000688CC1071ED020F00100688428460AF036
:10EBD000EAFC28460AF007FC002E13D00021284644
:10EBE00009F06EFC00280DD007494968884209D811
:10EBF0000649096801EBC00050E902212846BDE83A
:10EC00007040104770BD0000E4000020E4010020C7
:10EC10002DE9F0478046089D1F46E86900FB01F397
:10EC20009B12002807DD934207DD00BF95F82800FE
:10EC300080070DD489E09342F8DBCB1943439B1244
:10EC4000002808DD934237DA95F8280080077CD445
:10EC50000120BDE8F0879342F6DCA869521C5043BE
:10EC600040F395000312C0B2FF22002826D06E6A3E
:10EC7000C0F1FF0404FB06F4A2EB2426A3EB01047D
:10EC8000A14636D0002C15DBBC4213DAC0F1FF00E0
:10EC9000C6F1FF014843A2EB6020C1B295F82800FD
:10ECA000800701D5C1F1FF0118F804000EF03CFD0A
:10ECB00008F80400641C1CE0A869D0E74FF0FF06C8
:10ECC000DCE7002C10DBBC420EDAA6EB6000C1B220
:10ECD00095F82800800701D5C1F1FF0118F804005C
:10ECE0000EF022FD08F80400686A641C361ABC4263
:10ECF00002DA686AB042E4DBBC4218DA002C16DBA8
:10ED0000A869704380127043C0F34721E869002866
:10ED100001DAC1F1FF0195F82800800701D5C1F1A2
:10ED2000FF0118F804000EF0FFFC08F8040095F845
:10ED30002800800707D54946B94506DC00290DDBC8
:10ED4000404609E001E0641C01D5002081E7BC4297
:10ED500004DC391B08EB040007F04AFC022078E7CA
:10ED60002DE9F05F06460A9F8A461D46B86900FBFA
:10ED700002F18C12002800DD641C97F828305445FD
:10ED800002DA980707D4D5E08C120AEB050CA445EB
:10ED900002DA98077ED483E0521C424341F3950186
:10EDA00042F395044FEA2129221204F0FF08C9B268
:10EDB000A9EB0A04914505D0002803DA11B9FF2117
:10EDC0009146641E914528D1002C0CDBAC420ADA36
:10EDD00001EB08004108980701D5C1F1FF01305D42
:10EDE0000EF0A2FC305597F82800641C800706D569
:10EDF000A9EB0A01A9424DDA8EE030460AE0AC42A6
:10EE000000DD2C46002C45D006DD00BFA5EB04013B
:10EE100006EB040007F0ECFB89E04FF0FF0B002845
:10EE200044DAF869404248434FEAA028002C0DDB41
:10EE3000AC420BDA08FB01F0C0F34721980701D57B
:10EE4000C1F1FF01305D0EF06FFC3055B969A8F1DA
:10EE5000FF0041438812641E11D4AC420FDAC8F19E
:10EE6000FF014143ABEB6120C1B297F82800800756
:10EE700001D5C1F1FF01305D0EF056FC305597F819
:10EE80002800A41C800709D5A9EB0A01491EA94244
:10EE90004DDC00E04EE00029AFDC48E0AC4202DD92
:10EEA0000120BDE8F09F002CB0DA40E0C1F1FF0086
:10EEB000F96941434FEAA128002C0EDBAC420CDA81
:10EEC00000FB08F0ABEB6020C1B2980701D5C1F19F
:10EED000FF01305D0EF028FC3055B969C8F1FF0024
:10EEE00041438912641C0ED4AC420CDA4843C0F38F
:10EEF000472197F82800800701D5C1F1FF01305D57
:10EF00000EF012FC305597F82800641C800707D5D6
:10EF1000A9EB0A01A9420DDC0029BFF66EAF06E09D
:10EF2000AC4200DD2C46002C04D03FF76FAF4FF011
:10EF30000200B6E74FF00000B3E77CB5446A06F084
:10EF4000ADF8054606F0EFF804280CD1E18E204616
:10EF5000218708F025FD064605F0F0FA18B10021DA
:10EF6000304605F066FB284606F0DDF8012804D09F
:10EF7000284606F0D8F803280AD101A9284606F049
:10EF8000A7F8BDF906102046FDF76EFFE086208742
:10EF9000204604F04EFBA06A10B920460AF029F87A
:10EFA000E08E00906A461C21204604F0A7FE7CBD3E
:10EFB0002DE9F0410746884600261248F4F7F3FD94
:10EFC000044619E021460F48F4F7FFFD0546206886
:10EFD000B84200D07FB96168414502D0B8F1000F56
:10EFE00009D121460748F4F748FE204607F0B6F954
:10EFF000F6F754F901262C46002CE3D13046BDE843
:10F00000F0810000D4B6002070B505460C460948D2
:10F01000F4F7C9FD0BE00168A94204D14168A1429F
:10F0200007D0002C05D001460248F4F7CEFD002899
:10F03000F1D170BDD4B6002010B50446402107F0D0
:10F04000D7FA4FF4FA70A0620020E0616420606299
:10F050000120A0870448A06194F83E0040F0010020
:10F0600084F83E0010BD0000D3F0000838B5044617
:10F070004FF480650095D4E90A200023194607F073
:10F08000D1F84FF46E7332220021009500F00CFF8E
:10F09000E269616A891A414302EBA12038BD38B5A3
:10F0A00004464FF480650095D4E90A2000231946F0
:10F0B00007F0B8F840F2B6334FF4617200210095C2
:10F0C00000F0F2FEE269616A891A414302EBA12075
:10F0D00038BD38B504464FF480600090D4E90A206A
:10F0E0000023194607F09EF8E269616A891A4143D4
:10F0F00002EBA12038BDD0E90A128A4201DB406A46
:10F100007047C06970478B1A002B00DC531A4FF40C
:10F110007A714B43B3FBF0F0002800D10120704717
:10F1200070B54168054611B12868FFF741FF1948DD
:10F13000F4F79AFD184E10B10DF060FB70601548A1
:10F14000F4F756FD040024D04022294607F072F956
:10F150002868A84200D12460717894F83E0061F3D9
:10F16000820084F83E00C0070FD0216939B12046E3
:10F170008847E1690144E161616A0844606262684C
:10F180001AB1206808B1E1699047F6F787F8204680
:10F1900070BDFEE7D4B60020D801002010B50020D5
:10F1A0000C468884872161852D22A285E18449004F
:10F1B0002185A18E21F00601A1864FF40041E18551
:10F1C000A18E2086642041F00801608688B220F07C
:10F1D0000100A0861001E0860DF010FBA063208DD9
:10F1E000A0870221204607F025FB4FF440712046FE
:10F1F00007F0E4FE2046BDE810400D210AF0FEBDF8
:10F200002DE9F04FAFB0044604F073FD07462046E9
:10F2100004F037FD2A9028AA2CA93846FDF70DFDE9
:10F2200006A82A9908F030F9BDF9A000DFF8888116
:10F230000DF1B00A0DF1080B00282DDD584601F044
:10F24000C7FF02AA0021384609F045FC0020CDF88E
:10F250003CA01390CDE90780BDF8A000ADF85400A4
:10F2600006AA1A213846CDF838B004F047FDB98D0A
:10F27000B88C7A8D0144104489B280B2CDE9000186
:10F28000BDF854302CAA02A92A9801F091FF06AAD1
:10F290001B21384604F032FD4FF400394946384608
:10F2A00009F0B6F906464946384609F0F7F9054629
:10F2B0004946384609F046FA04464946384609F0B8
:10F2C00053F9AE4201DD314600E02946844201DDBA
:10F2D000224600E00246914205DDAE4201DD3046A5
:10F2E00004E0284602E0844200DD2046BDF8A0107C
:10F2F000081A04B2002C34DD02A801F069FF02AA4A
:10F300004D464946384609F0E6FB0120CDF83CA0C1
:10F310001395CDE90780ADF8544006AA1A21384666
:10F32000CDF838B004F0EAFCBDF90A10BDF954007C
:10F33000814201DDADF80A00398DB88CFA8C0144A8
:10F34000104489B280B2CDE90001BDF854302CAA36
:10F3500002A92A9801F02CFF06AA1B21384604F0C6
:10F36000CDFC2DABBDF9A0202CA93846FDF710FE31
:10F3700018A803F077F94FF4403418AA214638460C
:10F3800009F0DCFC02201394CDE907802DA8099038
:10F3900018A80A9006AA1A21384604F0AFFC2DAA34
:10F3A00018A92A9803F04AF906AA1B21384604F046
:10F3B000A5FC2FB0BDE8F08F549902082DE9F04765
:10F3C00086B08A46F74808F00AFA01287ED15046EE
:10F3D00004F051FC0646504604F08BFC05465046AE
:10F3E00004F087FC0446022E11D0082E6FD0032EA5
:10F3F000FCD00D2E6CD0112E6BD0132E6AD0152E92
:10F4000064D106B05046BDE8F047FFF7F9BE05F0FD
:10F4100045FE06005AD005F086FE012856D101A906
:10F42000304605F055FE03AA02A92846FDF705FC63
:10F43000BDF80400BDF80810401AADF80400BDF88E
:10F440000600BDF80A10401AADF8060094F8340022
:10F45000C00744D14FF40031284608F096FF064615
:10F46000BDF80C004FF48031801BADF80C0028462D
:10F4700009F0F1FA10B1BDF80C0008E0BDF90C007C
:10F48000C11700EB9171B6EBA10F00DA8E10801B53
:10F49000ADF80C0000B2012802DA0120ADF80C0032
:10F4A000BDF8040010FB00F1BDF8060010FB0010D1
:10F4B000BDF80C1011FB01F1884206DDA08E40F072
:10F4C0000100A0860DF09AF9A06304E086E099E0BF
:10F4D000B2E0D5E015E194F83400C0077ED0BDF964
:10F4E000041019B9BDF80600002877D0B4F92C60D3
:10F4F000628DB0B2904202D200F5B47006B2BDF98E
:10F50000060000F032FBA18C628D401A801A00B216
:10F51000002802DA00F5B47000B2B11AA38F09B264
:10F520009A1A0FFA82F8A0EB080212B202F58C7256
:10F53000B2F50C7F07D994F83400000701D50020FC
:10F540000DE008460BE001EBD171B0EB610FA18E2D
:10F5500002DA41F0080101E021F00801A186A0EBE8
:10F56000080007B2A06B0DF043F9E18E41434FF460
:10F570007A70B1FBF0F000B2874201DD074603E08C
:10F580004042874200DA07B2618DB4F93220B4F903
:10F59000303008EB0700A6EB010CD71A4FEACC0C71
:10F5A0009CFBF7F73F1D00EB2710B4F92E700844C1
:10F5B000009200B2324606F035FE06B2B5F92E00D2
:10F5C000B04211D00DF01AF9A0633146284600F080
:10F5D000F5F9BE4208D000221C2100E00FE02846C9
:10F5E00004F08CFB01280AD1B4F93000B04203D0FA
:10F5F000B4F93200B04202D10DF000F9A06306B0B8
:10F60000BDE8F087A08E20F00100A086284608F013
:10F61000C7F9054604F092FF044605F03FFD05F0EA
:10F6200082FD0428EBD1002CE9D006B02846BDE8C5
:10F63000F047002104F0FDBF504604F058FB00786D
:10F64000B4F92E60132806D0112804D0142805D050
:10F65000122803D008E0E88D401C01E0E88D401E30
:10F6600001B2284600F0AAF9B4F92E00B042C6D083
:10F6700006B02846BDE8F04700221C2104F03EBB3E
:10F68000504604F034FB044604AA03A92846FDF7BB
:10F69000D4FAA868002608B1B0F914600021284601
:10F6A00008F073FE0546BDF810103044081ABDF886
:10F6B0000E20ADF81000111809B20091BDF80C1021
:10F6C000121A0B18081A01B21BB212B201A800F0EC
:10F6D0003BFA47F6FF773A4601A82168F3F704FAA8
:10F6E00008B100200BE005EB460002B2114601A86C
:10F6F00000F010FA3A4601A82168F3F7F5F92071F5
:10F700007DE70021284608F083FF074600212846B0
:10F7100008F0C4FF06460021284609F013F8044605
:10F720000021284608F020FFB74201DD394600E0FD
:10F730003146844201DD224600E00246914205DD69
:10F74000B74201DD384604E0304602E0844200DD85
:10F75000204680464FF440394946284608F058FF75
:10F7600004464946284608F099FF07464946284678
:10F7700008F0E8FF06464946284608F0F5FEBC4278
:10F7800001DD214600E03946864201DD324600E0D7
:10F790000246914208DDBC4201DD204607E03846C2
:10F7A00005E0000054990208864200DD3046801CC6
:10F7B00004B2504604F09BFAB0F90010A4EB080222
:10F7C000914200DC1146018019E770B50C460546F0
:10F7D000114600F07EF821462846BDE8704000F052
:10F7E000B4B870B50C460546114600F006F821463F
:10F7F0002846BDE8704000F036B870B54FF4B473D9
:10F8000005460C46994202D9A1F5B474A4B2A88D5C
:10F81000698D421A611A12B209B2002A02DA02F59F
:10F82000B47212B2002902DA01F5B47109B28E1A6B
:10F83000B4369E4203D9284609F0DBFB0DE0914225
:10F8400003DA00230246214604E08A4205DA002357
:10F85000224601462846FEF7EFFE2846AC85BDE865
:10F86000704012F06BB870B54FF4B47305460C4697
:10F87000994202D9A1F5B474A4B2A98D688D0A1A6F
:10F88000091B12B209B2002A02DA02F5B47212B2EE
:10F89000002902DA01F5B47109B28E1AB4369E421B
:10F8A00003D9284609F0A5FB0DE0914203DA0023B5
:10F8B0002246014604E08A4205DA00230246214638
:10F8C0002846FEF7B9FE28466C85BDE8704012F068
:10F8D00035B870B54FF4B47305460C46994202D959
:10F8E000A1F5B474A4B2288DE98C421A611A12B23F
:10F8F00009B2002A02DA02F5B47212B2002902DA61
:10F9000001F5B47109B28E1AB4369E4203D9284665
:10F9100009F06FFB0DE04FF40033914202DA02462A
:10F92000214603E08A4204DA224601462846FEF7D1
:10F9300083FE2846FEF7D1FE28462C85BDE87040A0
:10F94000FEF7CBBE818409F054BB70B54FF4B4739D
:10F9500005460C46994202D9A1F5B474A4B2298D8A
:10F96000E88C0A1A091B12B209B2002A02DA02F55F
:10F97000B47212B2002902DA01F5B47109B28E1A1A
:10F98000B4369E4203D9284609F033FB0DE04FF40C
:10F990000033914202DA2246014603E08A4204DA49
:10F9A000024621462846FEF747FE2846FEF795FE0A
:10F9B0002846EC84BDE87040FEF78FBEB0F92E30CB
:10F9C0008B420ED0B0F932208A4200DA1146B0F9EB
:10F9D00030208A4200DD11468B4202D0C18511F0F1
:10F9E000ADBF70470A8802804A8842808A88828038
:10F9F000C988C18070470A8802804A8842808A8804
:10FA00008280C988C18070470A8802804A88428003
:10FA10008A888280C988C18070470A8802804A88A3
:10FA200042808A888280C988C18070470A880280A3
:10FA30004A8842808A888280C988C18070470A8843
:10FA400002804A8842808A888280C988C180704743
:10FA50000A8802804A8842808A888280C988C18058
:10FA600070470A8802804A8842808A888280C988D2
:10FA7000C18070470A8802804A8842808A888280D2
:10FA8000C988C18070470A8802804A8842808A8873
:10FA90008280C988C1807047C1884088081A401C8C
:10FAA00000B27047C1884088081A401C00B27047F5
:10FAB000C1884088081A401C00B27047B0F9041091
:10FAC000B0F90020891AB0F90620B0F90200101A26
:10FAD000401C491C4843704781880088081A401C14
:10FAE00000B2704781880088081A401C00B2704735
:10FAF00081880088081A401C00B2704781880088FD
:10FB0000081A401C00B2704781880088081A401CFF
:10FB100000B2704703885B1A038083881944818090
:10FB20004188891A4180C1881144C1807047038887
:10FB30000B440380838819448180418811444180AB
:10FB4000C1881144C180704710B5029C0180428079
:10FB50008380C48010BD4288491E1144C180704713
:10FB60000288491E1144818070470022002801DA72
:10FB700001224042002901DA4942921C884207D9F9
:10FB8000C1EB011101EB4101B1FBF0F3103205E0D3
:10FB9000C0EB001000EB4000B0FBF1F30020D9B245
:10FBA00016290BD92C2900D80120292900D8401C5E
:10FBB000252900D8401C20290BD90BE0022900D3AD
:10FBC0000120062900D3401C0A2900D3401C0F291C
:10FBD00000D3401C1844D10601D5C0F15A0091074A
:10FBE0004FEAC27105D509B1B43005E0C0F1B400E7
:10FBF00002E009B1C0F5B47080B27047C16000681E
:10FC000009F0F7B900684FF0FF320168C26001F1F6
:10FC10003C02904202D182684A6205E001F14C0246
:10FC2000904201D182680A63006809F0E2B910B518
:10FC30000C4600206421C4E90A0120636062A086AA
:10FC40002087E086608784F85C0004F13C01204650
:10FC500000F0A5F804F14C01204600F0A0F80821BE
:10FC6000204607F0ABF91021204607F0A7F92046FF
:10FC70000022BDE81040114600F0BDB810B50C469A
:10FC8000002104F13C00FFF793F904F14C00BDE8BA
:10FC900010400021FFF78CB92DE9F0410D463148A5
:10FCA00007F09DFD012854D1284603F0E4FF0446E7
:10FCB000284604F01EF88046132C0AD0012C4AD0A6
:10FCC000082C48D0152C44D12846BDE8F041F7F760
:10FCD000E3BF4FF4003107F041F80446284604F032
:10FCE00006F80546B0F90000A04200DD04462C806D
:10FCF0000021404608F093FC07460021404608F0EA
:10FD0000D4FC06460021404608F023FD04460021AD
:10FD1000404608F030FCB74201DA394600E031468F
:10FD2000844201DA224600E00246914205DAB742F7
:10FD300001DA384604E0304602E0844200DA204628
:10FD4000002806DAB5F900104042814200DC014685
:10FD50002980BDE8F08108F134014046BDE8F0415A
:10FD600009F07BB97099020890F85C0000F003007C
:10FD7000704790F85C1001F00301022901D0806AFD
:10FD80007047816D491C01D0406D7047006B704712
:10FD9000816C491C01D0406C7047406A7047086014
:10FDA000002048608860401EC860704738B5134620
:10FDB00090F85C2002F00302022A1BD1D0E90A422B
:10FDC0008A4201DD0D4600E01546AC4201DD2146C8
:10FDD00002E08A4200DC1146426A8A4200DA114699
:10FDE000026B8A4206D0009300F14C0300F130020E
:10FDF00000F022F838BDF8B5456A13468D421AD096
:10FE0000D0E90A428A4201DD0E4600E01646B442BD
:10FE100001DD214602E08A4200DC1146026B8A4283
:10FE200000DD11468D4206D0009300F13C0300F145
:10FE3000240200F001F8F8BD30B591B005461498E1
:10FE40001C4618B3E068401C27D0A068C4E9010133
:10FE5000116000211846FFF7ABF86846FFF7ECF891
:10FE60000F484FF48071CDE900400020CDE9080132
:10FE700007900C48039028460021652208F09AFC60
:10FE80000A906846FFF74CF911B030BD116011B00F
:10FE90002846BDE8304009F0ACB81068D6E700004D
:10FEA000FDFB000805FC0008F0B5C0F5806404FB0C
:10FEB00004F5AD0A05FB04F64FEA962C00FB00F6AC
:10FEC000B60A06FB00F745435543BF0A0CFB01FC8D
:10FED00074434FEA9C2105EB45005C43DDF814E0D8
:10FEE00004EB440201EB105007FB0EF700EB12503D
:10FEF00000EB9720F0BD10B50C461021204607F00E
:10FF00005DF82046BDE810404FF4806106F092BCD9
:10FF100010B50146034806F0A9FF044607F014F89F
:10FF2000204610BD8C99020870B50446008E154617
:10FF300088420FD9E06A30F81120AA4320F8112036
:10FF40002046FEF7DCFBA80504D52046BDE870403E
:10FF500009F080BC70BD70B50E460546002406E071
:10FF6000324621462846FFF7DFFF641CA4B2288EE4
:10FF7000A042F5D870BD00000846002101864186E8
:10FF80004FF6FF7282868162C162416280F836104C
:10FF9000014900F0DDBA00003402002010B501462E
:10FFA000034806F063FF044606F0CEFF204610BD6E
:10FFB000A899020810B50C46886A06F0CFF9E06AE5
:10FFC00006F0CCF90020A062E06210BD2DE9FC47EC
:10FFD0008846FE4807F003FC012827D1404603F07D
:10FFE0004AFE0646404603F084FE00270446132ED0
:10FFF0001ED02A2E4BD0292E49D04FF6FF75012E48
:020000040801F1
:1000000049D0022E7CD0082E7BD0062E7AD0032E2B
:1000100079D00E2E78D00F2E77D0102EFCD00D2E4A
:1000200074D0152E02D14046F8F7A4FEBDE8FC8737
:10003000404603F05CFE8146608EA04620B300255A
:10004000D8F8246014E000BFD8F82C0030F8150070
:10005000C0F3402050B1608E28B1204607F039FC33
:10006000618E90FBF1F0A9F80000DFE76D1CADB2E6
:1000700056F8250040B1D6A1F0F76CF920B156F83A
:10008000250000780028DFD1A9F80070CEE7616A6A
:1000900000F05EFACAE7404603F029FE0646204615
:1000A000A18EFEF72CFB04F0F9FF05F03CF80128C7
:1000B00001D0032817D16946304605F009F8694692
:1000C0002046FCF7DFFCA8420DD0E16A31F81010A1
:1000D000C1F340123AB9C1F3C00121B9A08601466B
:1000E0002046FEF70CFBA18EA9429FD0E06A30F8B3
:1000F0001100C0F30022002A98D1C0F340229EE0F4
:100100000CE053E093E0A2E0A3E0E1E0E7E000BF11
:10011000C0F3C000002889D1019141E0404603F0BE
:10012000E6FD074604F0BAFF064604F0FCFF04288B
:100130009BD0022899D06946304604F0C9FF694631
:100140002046FCF79FFC0646A18E2046B1428CD08B
:10015000A94201D0FEF7D3FAA686384605F090F8FA
:10016000AE4293D0E06A30F81600C0F34011002987
:100170008CD1C0F3C000002888D131462046FEF75C
:10018000BEFAE06A30F81610C1F300210029B3D19D
:10019000A18E30F81100C0F340200028ACD10196A8
:1001A00001AA1C21204603F0A9FD3FE7A18EA94228
:1001B00038D0E26A32F81100C0F38013B3B1C0F353
:1001C00040139BB9C0F3C0131BB194F83630DB0762
:1001D00014D040F0800000BF22F8110094F83600DF
:1001E000C00703D02046A18E0DF004F8A18EE26A6C
:1001F00032F81100C0F3002232B902E020F0800092
:10020000EAE7C0F340226AB1C0F3401252B9C0F32A
:10021000C00038B9019101AA1C21204603F06EFDEF
:100220000128C2D12046A18EFEF769FAFEE6A18E12
:10023000A942BAD0E06A30F81100C0F30012002AD7
:10024000B3D1C0F34012002A3FF462AFEEE6A18EB4
:1002500041E0404603F04BFD074604F064FF0646CC
:100260002FB9002004F024FF04F05DFF064620466D
:1002700007F096FB04F062F9A18EA94295D1022EF7
:1002800002D0042E29D140B394F836100020E26A3F
:10029000C90701D110E0401C32F81010C1F3C003AF
:1002A000002BF8D1C1F34013002BF4D1C1F3C011DE
:1002B0000029F0D00AE0401C32F81010C1F3C0034E
:1002C000002BF8D1C1F340110029F4D1A086ADE68E
:1002D000A18EA94201D0FEF712FAA586A6E6A18E4C
:1002E000FEF70DFA404603F002FD0078132813D004
:1002F000142831D004264FF0020912284AD01128C0
:1003000090D10021204608F067F9A28E8446AA42C7
:100310005BD1A786E26A9AE0A08EA84201D1A786A7
:1003200001E0401CA086A18E208E814200D3A786CA
:10033000E26AA18E32F81100C0F3C0033BB1491C40
:1003400088B2A086218E8842F3D3A786F1E7C0F356
:1003500040100028F3D165E7A08EA84201D1A786FE
:1003600000E000B9208E401EA086E26A06E011B1CE
:10037000491EA18602E0208E401EA086A18E32F882
:100380001100C0F3C003002BF1D1C0F340100028CE
:10039000EDD147E70021204608F01EF98046A08EE7
:1003A0000146A8421BD1A786E26A06E0491C88B232
:1003B000A086218E884200D3A786A18E32F8110034
:1003C000C0F3C003002BF1D104E04CE0A89902086F
:1003D0000A000000C0F340100028E7D122E7A26A1B
:1003E00006EBC103D35A32F830505B1B5B1C43F35E
:1003F0004E032B440FFA83FC238E1CE009EBC0074D
:1004000009EBC105D75F555FAF4212DD32F93050BD
:1004100065450EDC06EBC005555F4544654508DBC8
:10042000E56A35F81070C7F3401515B9C7F3C00574
:100430001DB1401C80B28342E0D8834245D8F1E62A
:10044000491C88B2A086218E884200D3A786A18E3F
:1004500032F81100C0F3C003002BF1D1C0F34010FB
:100460000028EDD1DEE6A16A06EBC200085A31F899
:100470003230C01A401C40F34E00184405B2B4F9A3
:1004800034001DE009EBC00709EBC203CF5FCB5E70
:100490009F4213DA31F93030A3EB0C03AB420DDC91
:1004A00006EBC003CB5EAB4208DBE36A33F81030E7
:1004B000C3F3401717B9C3F3C00323B1401E00B202
:1004C0000028DFDAAEE6002888DBA086AAE6808E68
:1004D0007047038E8B4204D9C06A30F81100824302
:1004E00001D0002070470120704770B50446008E8F
:1004F0000E461546B0421AD994F83600C00705D00A
:10050000280603D580212046FFF725FDE06A30F854
:100510001610294320F8161031462046FEF7EFF852
:10052000A80504D52046BDE8704009F093B970BD18
:1005300070B50E460546002406E0324621462846A0
:10054000FFF7D3FF641CA4B2288EA042F5D870BD7B
:100550002DE9F34F97B00D007BD0179C2046F4F7A0
:10056000EDFD6562002141F26A42179808F022F918
:10057000C0B212900021179808F058F80B90002193
:10058000179808F0EDF80F900021179808F0BEF8C2
:1005900002900021179808F01FF80990179807F0AB
:1005A000B2F90490179807F094F9618E0027C1F111
:1005B00001020299A94601FB020000B210903846E0
:1005C00086E000BF4FF0000B5D460AE0E06A791953
:1005D00030F81100FCF723FB58446D1C1FFA80FB18
:1005E000ADB259F8250040B142A1EFF7B3FE20B1FA
:1005F00059F8250000780028E8D15DB31099608E85
:1006000001FB08F1B1FBF0F20F995318029A08FBB5
:10061000023109B20891109908F101025143B1FB6E
:10062000F0F10F9A0298491E08FB0020084400B21E
:10063000149009990498C5F1010201FB020000B26F
:100640000E90002801DA00200E904FF0000A564666
:1006500036E04BE0FFE709F1040036E0E06A30F8ED
:100660001700FCF7DCFA0E9901FB0AF1B1FBFBF273
:100670000999824406FB01210E9A09B20AFB02F095
:10068000B0FBFBF0099A401E06FB0200129A00B272
:10069000012A06D10A460499081A01B20498801A60
:1006A00000B20B9A104403B2149800901144A06A4F
:1006B00009B200EBC700089AFFF746FA761C7F1CC8
:1006C000AE42CBD309EB8500001D814608F1010045
:1006D0008046608E40453FF675AF179809F0BAF82E
:1006E000179819B0BDE8F04F08F083BC19B0BDE809
:1006F000F08F00000A00000070B50446008E0D4621
:10070000A84203D8A5F57F40FF380AD12046A18E24
:10071000FDF7F5FF2046A5862946BDE87040FDF7A8
:10072000EEBF70BD2DE9F0410F460C4640F2E4717A
:100730002185012084F82A0084F82B00A18584F803
:100740002E0084F82F0000202063A086A82104F545
:100750008C7005F04DFF002108462D4B782506E0F2
:1007600028B14207B2F1604F08D0082808D253F8E8
:10077000202000BF04EB8006B2630CE025A2F9E75D
:1007800004EB810204EB800682F8185102F58C72AA
:10079000491CC9B2B263401CC0B23828E0D31EA0C5
:1007A000C4F814013846FFF7F9FB04F13801606220
:1007B000FFF7CEFE54F8240F4FF48871FFF7B8FE10
:1007C00000231A221549206805F0F6FF42F2640161
:1007D000206809F003FE0121384609F033FB0121AE
:1007E000206809F03FFB94F90A202189384600F07F
:1007F00019F894F9073094F90620A188384600F0DA
:10080000AFF82068BDE8F0414FF4804106F012B81F
:100810005C0100200A00000000000000DD9F0008CD
:100820002C3070472DE9F05F044688B2A08555B2A0
:1008300084F82E50012184F82F1082462021606A0E
:10084000FFF789FB002620223146606AFFF74DFE44
:10085000761CF6B2072EF6D3564629463046FCF7EC
:10086000B1FC8346012229463046FCF749FA064688
:1008700007464FF001080BEB06090EE004EB87007A
:10088000434636A2042100F58C700AF0CFFE7F1C8F
:1008900008F10100FFB200F0FF08B945EED8691E6B
:1008A0005046FCF78FFC0025801B401CC7B211E0AE
:1008B00004EB85003B4629A2042100F58C700AF068
:1008C000B5FE2022E91D606AFFF70FFE6D1C7F1C3C
:1008D000EDB2FFB2B542EBD306EB0B00C5B2012778
:1008E00012E000BF04EB85003B461CA2042100F58A
:1008F0008C700AF09BFE2022E91D606AFFF7F5FD6F
:100900006D1C7F1CEDB2FFB22A2DEBD32046FDF704
:100910002CF8606AFFF7DBFDA0F57F41FF3903D0BB
:10092000F11D606AFFF7E8FE204608F062FB2046F2
:1009300006F07DFF064600250CE02946204606F01D
:1009400064FF616A814203D022461C2103F0D6F97C
:100950006D1CEDB2B542F0D3BDE8F09F25640000F8
:10096000018580F82A2080F82B30FCF7FEBFF0B517
:1009700004464FF4FA66C1F341307710642501282C
:100980000BD121F4C040B04207DCB84201DDC0F514
:100990007A70584390FBF5F001B2C2F34130012860
:1009A0000BD122F4C040B04207DCB84201DDC0F5F3
:1009B0007A70584390FBF5F002B2944201DA204677
:1009C00000E01046884201DA0846F0BD944201DAA0
:1009D0002046F0BD1046F0BDF0B504464FF4FA666F
:1009E000C1F341307710642501280BD121F4C040B8
:1009F000B04207DCB84201DDC0F57A70584390FB85
:100A0000F5F001B2C2F3413001280BD122F4C0400D
:100A1000B04207DCB84201DDC0F57A70584390FB64
:100A2000F5F002B2944201DA204600E01046884216
:100A300001DA0846F0BD944201DA2046F0BD1046C6
:100A4000F0BD002208B51146104600F088F800906D
:100A5000BDF8000008BD002208B51146104600F0A0
:100A6000AEF80090BDF8000008BD002208B51146A0
:100A7000104600F0BCF80090BDF8000008BD002250
:100A800008B51146104600F0FAF80090BDF80000D5
:100A900008BD38B50C460546FFF7F1FF224629464A
:100AA00000F06CF90090BDF8000038BD07B5810773
:100AB000BDF8043002D020F8023B521EBDF80410ED
:100AC00001EB01410EE002C0103A02C040F8081BE1
:100AD00040F8041C40F8101B40F80C1C40F8081C9F
:100AE00040F8041C102AEED803E000BF20F8023BB7
:100AF000521E002AFAD10EBD4FF478414FF4FC6229
:100B000001EA102102EA501208B51143C0F3C400F3
:100B10000143ADF8001088B208BD4FF478414FF49E
:100B2000FC6201EA102102EA501208B51143C0F339
:100B3000C4000143ADF8001088B208BD4FF47841FD
:100B40004FF4FC6201EA102102EA501208B5114389
:100B5000C0F3C4000143ADF8001088B208BD08B569
:100B6000D308BDF8002063F30402ADF800208A0822
:100B7000BDF8001062F34A11ADF80010C108BDF8CD
:100B8000000061F3CF20ADF8000080B208BD08B5C9
:100B9000D308BDF8002063F30402ADF800208A08F2
:100BA000BDF8001062F34A11ADF80010C108BDF89D
:100BB000000061F3CF20ADF8000080B208BD08B599
:100BC000D308BDF8002063F30402ADF800208A08C2
:100BD000BDF8001062F34A11ADF80010C108BDF86D
:100BE000000061F3CF20ADF8000080B208BD08B569
:100BF000D308BDF8002063F30402ADF800208A0892
:100C0000BDF8001062F34A11ADF80010C108BDF83C
:100C1000000061F3CF20ADF8000080B208BD08B538
:100C2000D308BDF8002063F30402ADF800208A0861
:100C3000BDF8001062F34A11ADF80010C108BDF80C
:100C4000000061F3CF20ADF8000080B208BD08B508
:100C5000D308BDF8002063F30402ADF800208A0831
:100C6000BDF8001062F34A11ADF80010C108BDF8DC
:100C7000000061F3CF20ADF8000080B208BD08B5D8
:100C8000D308BDF8002063F30402ADF800208A0801
:100C9000BDF8001062F34A11ADF80010C108BDF8AC
:100CA000000061F3CF20ADF8000080B208BD08B5A8
:100CB000D308BDF8002063F30402ADF800208A08D1
:100CC000BDF8001062F34A11ADF80010C108BDF87C
:100CD000000061F3CF20ADF8000080B208BD000035
:100CE00008B5121DD3080A4A89B280B241EA01410F
:100CF00040EA004011401040401A584301EB5010A8
:100D0000104040EA1040ADF8000080B208BD00007D
:100D10001FF8E00708B5121DD3080A4A89B280B24D
:100D200041EA014140EA004011401040401A584356
:100D300001EB5010104040EA1040ADF8000080B2C6
:100D400008BD00001FF8E00708B5121DD3080A4AC5
:100D500089B280B241EA014140EA004011401040AE
:100D6000401A584301EB5010104040EA1040ADF8D3
:100D7000000080B208BD00001FF8E00708B5121D92
:100D8000D3080A4A89B280B241EA014140EA0040F0
:100D900011401040401A584301EB5010104040EAF7
:100DA0001040ADF8000080B208BD00001FF8E00759
:100DB00082B2D00AC0EBC00303EB0020C01D400983
:100DC00060F317410846C2F3451101EB410303EB01
:100DD0000121C91C890961F30F2002F01F01C1EB39
:100DE000C10202EB0121C91D490961F30700FF217E
:100DF00061F31F607047FF2208B511461046FFF7E8
:100E0000AEFE0090BDF8000008BDFF2208B51146F7
:100E10001046FFF7ECFE0090BDF8000008BD08B5D5
:100E20001F20BDF800103F2260F3040189B262F375
:100E30004A1189B260F3CF21ADF8001088B200905A
:100E4000BDF8000008BD70B50C00054611D000F0DB
:100E5000F5F810FB04F05030B0F5A07F0BDB28460E
:100E600000F0ECF810FB04F0A021503090FBF1F002
:100E700002E0002000E0012000B270BD2DE9F04149
:100E80000D461E46174604461C2105F0B1FBC4E979
:100E90000057C4E90256BDE8F081000038B50446A9
:100EA0004C2105F0A5FB4FF4A0702080F02060805D
:100EB0004FF0FF30A080E080002020816081206919
:100EC000822120F0400040F0080061F3D010206142
:100ED0004FF4FC60ADF800000090BDF80000A08663
:100EE0000248E06320643820606438BDD9300108CE
:100EF000F8B505464648F2F77BFE040002D0A86B21
:100F000008B10AE0FEE7686C05F09EF9060066D0BD
:100F10000146EA6B28469047AE634FF4AC71204619
:100F200005F066FB3B4E25602246F7680A213A48E9
:100F3000F4600BF077FC6060002851D028698107CD
:100F40000AD529886A8811FB02F1EA68D2689142C1
:100F500002D920F002002861FF2211461046FFF757
:100F600076FE0090BDF800000090BDF8000060859E
:100F7000FF2084F829000BF01BFC78B30BF0BCFBBE
:100F8000A060002006F0AAF82061002006F0A6F874
:100F9000E061002006F0A2F8204D20622A460021E0
:100FA000E06908F019FD2A460021206A08F014FDC6
:100FB0000221E06906F002F80221206A05F0FEFF36
:100FC0000021E06908F0FFFF0021206A08F0FBFF24
:100FD000206908F00EF8F7609FB113E001E0FEE72A
:100FE000FEE7002009F090FA0546052009F08CFA8A
:100FF00001460B48009000232A4620460BF086FB52
:10100000BEE7F46060680BF0E4FC2046F8BD000029
:10101000B0B60020C0010020552C0008FFFF0F00D3
:1010200004970208C26800211161C06841617047DD
:101030000148C06870470000C001002010B9054891
:10104000C06820B100680069C0F3C91070478220F1
:1010500070470000C00100200068C06870470000B1
:1010600018B90948C068002809D00068017CC1F39C
:101070000111012904D0032902D0B0F90000704702
:10108000B0F9020070470000C001002010B518B987
:10109000FFF7CEFF002800D0006A10BD10B518B9C8
:1010A000FFF7C6FF002800D0C06910BD18B1014687
:1010B0000248F2F78ABD0148F2F775BDB0B60020CC
:1010C00010B518B9FFF7B4FF002800D0006910BDB3
:1010D00010B518B9FFF7ACFF002800D0406910BD6B
:1010E00010B508B9FFF7A4FF806810BD18B909480A
:1010F000C068002809D00068017CC1F301110129F2
:1011000004D0032902D0B0F902007047B0F9000002
:1011100070470000C001002070B5054606F014FCC1
:10112000040020D026695EB100222521304602F05D
:10113000E5FD206920B100222621284602F0DEFDCF
:1011400025615DB100222721284602F0D7FD2069E4
:1011500020B100222821304602F0D0FD2846BDE80B
:10116000704007F046BF70BD70B50D46040002D157
:10117000FFF75EFF0446A560606A032817D1E068A8
:10118000006806F054FB002811D1E068406806F0C2
:101190004EFB00280BD1E068806806F048FB002871
:1011A00005D1E0680068BDE870400BF091BA70BDF1
:1011B0007CB50E7BDDE90654022E08D94E88002E40
:1011C00005D0A54203D0CDE900540469A0477CBDF9
:1011D00038B50446102105F00BFA01206080FF208D
:1011E0002073BDF80010002060F3040189B260F3A1
:1011F0004A1189B260F3CF21ADF8001088B2009097
:10120000BDF800000090BDF80000208038BD2DE939
:10121000F04F85B0824610B294468B460FFA82F9A1
:10122000AAEB000EDDF838800FFA8EF20492ABEBD9
:10123000000217B203920AEB000203F5B471119C8D
:1012400058441E46029212B203B2019088457DD0E6
:101250004FF4B4718E4202D9A6F5B476B6B2884581
:1012600003D9A8F5B4701FFA80F80F99ACEB010010
:1012700000B20090109818B101EBD1704010401CE2
:1012800005B25A21B6FBF1F0B8FBF1F1C0B2C9B218
:10129000042800D10320042900D1032188427ED1F3
:1012A00046457CD868B3012854D0022878D003285A
:1012B0007ED106F15A0000B20BF0C4FC009910FB7D
:1012C00001F10AEBE130401B208030B20BF0BAFC98
:1012D00010FB09F10BEBE130401B608008F15A0074
:1012E00000B20BF0AFFC10FB09F10AEBE13028442F
:1012F000A0800FFA88F00BF0A5FC009910FB01F11B
:101300005AE130B20BF09EFC009910FB01F10BEB9F
:10131000E130401B60805A3630B20BF093FC10FB7A
:1013200009F10AEBE1302844A0800FFA88F00BF0B5
:1013300089FC10FB09F10BEBE1302844E08008F157
:101340005A0000B20BF07EFC009900E0E6E010FBD2
:1013500001F129E030B20BF075FC10FB09F10BEB49
:10136000E1302844E0805A3630B20BF06BFC009933
:1013700010FB01F10AEBE1302844A0800FFA88F05D
:101380000BF060FC009910FB01F10BEBE130401B0E
:10139000608008F15A0000B20BF054FC02E036E025
:1013A00009E005E010FB09F10AEBE130401B208069
:1013B00005B0BDE8F08F06F15A0000B20BF042FC18
:1013C00010FB09F10AEBE130401B208030B20BF03A
:1013D00039FC009910FB01F10BEBE1302844E0806F
:1013E0000FFA88F00BF02EFC10FB09F10BEBE1304B
:1013F000401B608008F15A0000B20BF023FC0099FA
:1014000010FB01F10AEBE1302844A080D0E730B1B5
:10141000012837D0022861D003287ED099E0012925
:101420007CD108F15A0000B20BF00CFC10FB09F162
:101430000AEBE130401B20800FFA88F002900BF09D
:1014400001FC074630B280460BF0FCFB874201DA14
:10145000029800E040460BF0F5FB009910FB01F10B
:101460000BEBE130401B60805A3630B20BF0EAFBE8
:1014700010FB09F10AEBE1302844A08001982844D0
:10148000E08095E7022964D1AEEB050020800FFAD9
:1014900088F00BF0D7FB10FB09F10BEBE130401BA0
:1014A000608006F15A0000B201900BF0CBFB0746BA
:1014B00008F15A0000B280460BF0C4FB874201DD00
:1014C000019800E040460BF0BDFB009910FB01F1D4
:1014D0000AEBE1302844A08030B269E0032938D11A
:1014E00006F15A0000B20BF0ADFB10FB09F10AEB5C
:1014F000E130401B20800398401B608008F15A00B7
:1015000000B20BF09FFB10FB09F10AEBE13028441D
:10151000A0800FFA88F0804601E019E019E00BF096
:1015200091FB009910FB01F730B206460BF08AFBE5
:10153000009910FB01F0874201DD404600E0304693
:101540000BF080FB009910FB01F00BEBE03096E70D
:1015500029B1049820806780A280E38028E708F101
:101560005A0000B203900BF06DFB074606F15A00DB
:1015700000B201900BF066FB874201DA039800E0AD
:1015800001980BF05FFB009910FB01F10AEBE130D1
:10159000401B208030B20BF055FB10FB09F10BEB28
:1015A000E130401B608002982844A0800FFA88F048
:1015B0000BF048FB10FB09F10BEBE1305FE700009B
:1015C00070B5164604463BB1C87A022812D9A569FF
:1015D000204625B1A84704E007A2314606E0F5F70A
:1015E00058F8002806D104A231462046BDE87040D4
:1015F0000DF0CFBE70BD00004E6F0A6461746100D3
:1016000038B54469049D002C01D00095A04738BD31
:1016100038B50446182104F0EBFF002211461046AD
:10162000FFF7B5FA0090BDF800000090BDF800008B
:101630002081FF20E072401C60800120207538BDB1
:10164000704700002DE9FF4FB5B0887E429F1E46CF
:1016500092460C4602287DD9206800287AD0359819
:10166000C069002876D0202221A8EEF73AFE206833
:101670000390002E6ED0307800286BD035985146FC
:1016800082682DA8F1F748F9002863D0207FB0F1D7
:10169000000B01D14FF0010B607F810707D4BAF82E
:1016A0000410BAF80000081A401C03B20FE0B4F9A5
:1016B0001210009141F6FF72CDE90120B4F9143007
:1016C000314608A822680BF081FBBDF92030039851
:1016D000B4F912100025B0F908906A1E01EB090058
:1016E0000890BAF80000ADF81000BAF80210ADF892
:1016F0001210B4F916000690B4F918000144ADF8C0
:101700001210FFB1F0B9BAF9021000291ADAD7F8AD
:1017100008C0ACEB0100002801DCA1EB0C0008992B
:101720004FF4806C49420CEB4101884200DD3A6085
:101730003868002806DB0546BDF81210B888084452
:10174000ADF81200617F0020CDE90001B4F914204A
:10175000701900E0ACE02F930399F2F7EFFC00EB77
:10176000050829E0617F0020CDE90001B4F91420CB
:1017700006EB08002F9B0399F2F7E0FC454600EBCF
:101780000508BDF812100898084400B2ADF8120020
:101790007FB110F5806F0CDB3868002809DA3D60F6
:1017A000BDF91210BAF90200081A7860BAF90200FD
:1017B000B860705D00287BD03598BDF91210806844
:1017C0004944B0F902008142CCDB5846CDF8C0B0A4
:1017D000BBF1020F02D0032816D029E0607F0090F1
:1017E000B4F91430A8EB05017019039A0BF04CFB07
:1017F00007465046FEF77CF9C01BBDF8101000EB01
:10180000D07001EB600011E0607F0090B4F91430FB
:10181000A8EB05017019039A0BF036FB07465046FA
:10182000FEF766F9BDF81010C01B0844ADF81000B3
:10183000D4E9019BD94502D94846D9468346A07FC1
:10184000800717D01EA800F0D1F9A089ADF8780064
:10185000039890F90E0000B90120ADF87A00A07E3F
:101860008DF88000A07FC1089DF8810061F3010020
:101870008DF8810000200F90FFF7EDF8319010A84F
:1018800000F0F0FE208AADF84400BDF9100032905F
:101890006BE100BFBDF81000069900270844ADF8C1
:1018A000100070190D90A8EB050007970E90BCE092
:1018B0005FE10021A9F57F420091FF3A09D0ABF525
:1018C0007F42FF3A05D0AC4A29183046126890474B
:1018D000009007AB0BAA0CA90D98F2F717FC607FDC
:1018E000C0070AD00C98232802D0012F13D004E09F
:1018F00047B1012F0AD0022F0BD0E0683190022FA0
:101900004FD050E007980F90012048E00027E06892
:1019100048E0002043E0202842D107990F98081A98
:10192000072801D0A08938E00F9A0D986946104425
:101930005FF0060210F8013B01F8013B521EF9D19D
:1019400000208DF806009DF80100FBF7EEFF07462A
:101950009DF80000FBF7E9FF07EB001029909DF8C8
:101960000300FBF7E2FF07469DF80200FBF7DDFFEF
:1019700007EB00102A909DF80500FBF7D6FF0746FD
:101980009DF80400FBF7D1FF07EB0010C2B22A98C4
:10199000C1B22998C0B2FFF712F92C900220074675
:1019A00043E02C983190DDE90B21039802F07FFA97
:1019B00033904FF6FF70814522D0834520D00098A8
:1019C00048451DD358451BD2BDF81010ADF8001086
:1019D000BDF81200ADF80200A28A0A443399491EEC
:1019E0001144ADF8041008996A46491E0844ADF840
:1019F000060010A9359800F021FEE089ADF8C4007A
:101A0000BDF8C400ADF8900004AA21A90C9B35983C
:101A100000F0DAF83398002807DDBDF81010A08A2E
:101A2000014433980844ADF810000E99079881429C
:101A30003FF63FAFA07F800723D53298ADF8000076
:101A40002068BDF97A1002ABB0F9080001EBD17142
:101A500000EBD070401000EB6100BDF812106A4638
:101A60000844BDF81010ADF80810ADF80200ADF84C
:101A70000A00BDF8C400ADF878001EA9359800F042
:101A8000A8F8A07FC0071FD03298ADF800002068EA
:101A9000BDF8121002AB028940891144091A03985B
:101AA0006A4690F90D00081ABDF81010ADF808103C
:101AB000ADF80200ADF80A00BDF8C400ADF878003A
:101AC0001EA9359800F085F8617F0020CDE900015E
:101AD00006EB0800B4F9142007462F9B0399F2F790
:101AE0002DFB454600EB0508BAF80000ADF81000E4
:101AF0003098022802D0032816D029E0607F009099
:101B0000B4F91430A8EB05013846039A0BF0BCF980
:101B100007465046FDF7ECFFC01BBDF8101000EB68
:101B2000D07001EB600011E0607F0090B4F91430D8
:101B3000A8EB05013846039A0BF0A6F90746504674
:101B4000FDF7D6FFBDF81010C01B0844ADF810001B
:101B5000BDF8121008980844359900B2ADF812008B
:101B60008968B1F90610884203DC705D00287FF4B3
:101B700091AE39B0BDE8F08F2C02002038B5044694
:101B8000202104F035FDFF20A076FEF764FF0090D1
:101B9000BDF80000A0810B4820604FF6FF70606028
:101BA000A060FEF758FF0090BDF80000E08105201E
:101BB00008F0AAFC0090BDF8000020820020E0762A
:101BC00038BD00000497020830B4C469A44630BC94
:101BD000604730B44C88002C06D00C7A022C03D914
:101BE000046AA44630BC604730BC704738B5044630
:101BF0000A2104F0FDFC01206080FF202072BDF866
:101C00000010002060F3040189B260F34A1189B228
:101C100060F3CF21ADF8001088B20090BDF800004D
:101C20000090BDF80000208038BD000010B50346CC
:101C30000A4A002052F8304024B1401CC0B210289B
:101C4000F8D301E0102802D34FF0FF3010BD42F866
:101C5000303002EBC002516010BD000020B80020FF
:101C60002DE9FF4F81B08B460E9D16461C46B5F9F7
:101C70000A10B5F90C00571AB5F9082005F110093A
:101C8000ABEB020305F13C0AB4285DDAB5F90E208E
:101C9000B42A7DDA00287BD0002A79D0904277DD03
:101CA000B1425ADC696D79434FEAA12CA96A7F1CC5
:101CB00079438912A0F20F15582D01D8002909DBAC
:101CC000451E592D01D8002904DB5B38B32802D208
:101CD000002900DD0021A2F20F10582801D80029A8
:101CE00009DB501E592801D8002904DB5B3AB32ACE
:101CF00002D2002900DD0021ACEB010001EB600005
:101D00000125C71AA74200DD2746002F0DDD3BB293
:101D100032465946CDF80090019800F091F905003F
:101D200003D13946019804F063FCA74200DD274641
:101D3000002F00DA0027CDF800A05DE0B54276D193
:101D4000284605B0BDE8F08F68DDB5F90E20B42A4D
:101D500064DD904262DDB14201DA0120F1E7696D94
:101D600079434FEAA12CA96A7F1C79438912A0F21A
:101D70000F15582D01D8002909DB451E592D01D812
:101D8000002904DB5B38B32804D2002902DD00E01F
:101D900044E00021A2F20F10582801D8002909DBE5
:101DA000501E592801D8002904DB5B3AB32A02D21D
:101DB000002900DD0021ACEB010001EB60000125F2
:101DC000C71AA74200DD2746002F0DDD3BB2324681
:101DD0005946CDF800A0019800F032F9050003D172
:101DE0003946019804F004FCA74200DD2746002F85
:101DF00000DA0027CDF800900BEB070001B2019844
:101E0000E41B384423B20746324600F019F90600B5
:101E100094D12146384604F0EBFB8FE70127B84602
:101E2000B42805D038B109DAB14209DC0AE047E04C
:101E3000B14210DC04E0B14202DC0CE0B14201DC52
:101E4000032708E0234632465946CDF80090019812
:101E500000F0F6F80746B5F90E00B42806D060B1D8
:101E6000B5F90A000FDAB04204DC0EE0B5F90A0059
:101E7000B04206DD4FF0030803E0B5F90A00B042B6
:101E8000F8DDBFB10EE0B042F4DD234632465946DC
:101E9000CDF800A0019800F0D3F8804657B1B8F112
:101EA000000F07D0032F02D0012F05D008E0B8F1B2
:101EB000030F05D1002044E74046B8F1010FFAD0E6
:101EC00002203EE72DE9F8430546884640F26710B8
:101ED000411C089C1746002B01DA002302E08B42CC
:101EE00000DB0346002C01DA002402E08C4200DB18
:101EF00004469C4203DAC3F5B470204403E0E01AC0
:101F0000002800DC181BA5F86800AB81EC81A5F85F
:101F100008806F8115482860012028718B4200D904
:101F2000FEE7B42B01D2002000E00120002C01DBF1
:101F30008B4200DDFEE7B42C05D3A4F1B401B42933
:101F400001D2002600E0012600903A46414605F104
:101F5000100000F0CBF823463A46414605F13C001C
:101F6000009600F0C3F8BDE8F8830000611C01088A
:101F70002DE9F8431E4617468846814600250C4C3D
:101F80000DE00090D0F800C033463A46414648463E
:101F9000E047002808D0022800D101250834206835
:101FA0000028EED115B10220BDE8F8830120FBE73F
:101FB00020B8002010B50179022906D0052913D1D7
:101FC0008068BDE8104004F0C9B9044640690028A3
:101FD0000AD00169002904DA406804F0BFF9606999
:101FE000EFE74169491E416110BD000070B5134D16
:101FF000060008D05FF0000455F83410B9B1087934
:10200000022805D002E02868002800D0012070BD19
:10201000887CB1F91020C007304601F1080102D0D8
:10202000F0F712FD01E0F0F79FFC0028EED0641CF1
:10203000E4B2102CE0D3002070BD000020B80020D6
:10204000F8B5069CA58A266A521B658A12B2491BFE
:1020500094F8285009B24FEAC57526B1009485B3AB
:10206000FCF7D6FDF8BD85B1207C810727D000F0B4
:102070000301012923D0022901D1511C1FD4C043DF
:10208000800728D1002A1ADC25E0227C02F0030414
:10209000022C14D0D543AD0711D0012C01D1002959
:1020A0000DDC920701EB030207D0002A13DB494243
:1020B0000FD50021002B0EDD0FE0002A02DA0120EF
:1020C000F8BD10E04A4206D49A420ADA991A10443E
:1020D00005E0994201DB0020F2E7994201DA04F0C1
:1020E00087FA0220ECE7FCF73BFEE9E72DE9FC4725
:1020F0001C46DDF8288016460F468146B42B01DDCC
:10210000B43C24B204F15A0000B20AF09BFD07EB84
:10211000601520460AF096FD06EB601000B2CDE98E
:1021200000082BB232463946484600F003F8BDE8B5
:10213000FC8700002DE9F0470F46DDE90869984665
:10214000154604462C2104F053FAB54206D1B9F1E4
:10215000030F03D16D1E761E2DB236B2B54205DDDA
:102160004046B846074630462E46054627816581DB
:10217000A4F80C80E68184F810906782A8EB070031
:102180004B46A582002801DD014601E0A7EB0801CE
:10219000721B002A01DD154600E0AD1BA94294F830
:1021A000281002DD41F0010101E021F0010184F875
:1021B00028100025E561244E2660A5612571CE0713
:1021C0004FF480150DD020B195FBF0F65643B612B2
:1021D000E66122B195FBF2F242439012A061E06900
:1021E0000CE022B195FBF2F64643B612A66120B18F
:1021F00095FBF0F050438012E061A06920629807DF
:1022000009D003F00300012808D0022813D0D843D6
:10221000800714D006E021F0020001E041F0020046
:1022200084F82800216A88106062002901DA40429F
:102230006062BDE8F087206A0028EFDCEBE7206AE7
:102240000028EBDDE7E70000412001082DE9FE4F03
:102250008046DDF830900E461C4699F8120017466D
:1022600000F0010AB9F91050684609F10801FDF7BC
:10227000E6FBBDF90200BAF1000F2FD0B84250DCE6
:10228000BDF90600B8424CDBBDF900004119B1426E
:1022900005DCBDF904203119521B914209DDBDF95D
:1022A00002104A19BA4240DCBDF90620521BBA425C
:1022B0003BDBBAF1000F18D0801B00D50020A042F4
:1022C00031DCBDF90410891B091A491C4218A242CD
:1022D00000DD211A002926DB4044EFE0B84213DC80
:1022E000BDF90600B8420FDBCEE7871BA7420BDC27
:1022F000002F03DB3946404604F07AF9BDF90400AB
:10230000851B6D1C002D02DC0020BDE8FE8FA54260
:1023100004DA611B08EB050004F06AF91FB9A54255
:1023200001D10120F1E70220EFE7BDF80430821B64
:10233000181A401C0FFA80FCBDF80600401A401C19
:1023400003B2781A00B2A84202DA281A401E01E04D
:10235000591B401AD9F8141000B20223CF6803EBBE
:102360004003FB5A37F810609B1B1EB28B6849680C
:1023700033F8103037F810004FF0000700EB010B76
:1023800002EB0C00401B18440FFA80F95019C01AD8
:10239000401E05B2BAF1000F22D06BE0F11B01EB39
:1023A0000B0010F8010C029009EB07005FEA000A2D
:1023B00008D4A24506DA18F80A1002980BF0B4F90E
:1023C00008F80A00B5EB070A08D4A24506DA18F89F
:1023D0000A1002980BF0A8F908F80A007F1C3FB217
:1023E000B742DBDB09EB0700A04201DA014600E05F
:1023F0002146002901DA002002E0A04200DB20464D
:1024000000B2211A404404F0F3F8A81B411CA14279
:1024100001DA0A4600E02246002A01DA002402E03E
:10242000A14200DA0C4621B2404647E0F11B01EB25
:102430000B0010F8010CC0F1FF00029009EB07003F
:102440005FEA000A08D4A24506DA18F80A100298D2
:102450000BF06AF908F80A00B5EB070A08D4A245A0
:1024600006DA18F80A1002980BF05EF908F80A006C
:102470007F1C3FB2B742D9DB681CA04201DA691C5D
:1024800000E02146002901DA002504E0A04201DA3B
:102490006D1C00E025462AB2A9EB0200A11A884271
:1024A00001DA034600E00B46002B01DA002002E0CF
:1024B000884200DB084601B208EB020004F098F8FD
:1024C00031E700002DE9F0411546064688880A8864
:1024D0001C46801A401C02B2C8884B88C01A401C97
:1024E00000B2824200DA1046B5EB600F00DD451005
:1024F000002D00DA002506F10800FDF7A0FA35826C
:10250000B47438483060022030710023C5B13648B9
:1025100000214FF47A7200BFC1EBC10400EB8404C8
:10252000B4F91840AC421BD1C1EBC10100EB8100F2
:102530004169491C41610169102D04DA012303E05E
:102540007361BDE8F0812B110B44934205DA102D25
:1025500001DA012200E02A110A4402617061F0E709
:10256000491C0429D8D300244FEA0401C1EBC10758
:1025700000EB8707D7F814C0BCF1000F07D12CB1CE
:10258000D7F810C0D4F810E0F44500DA3C46491CF6
:102590000429EBD33CB16069401CC4E90430102D20
:1025A0000EDA01200DE01C2003F04EFE040006D0E0
:1025B0001C2104F01DF84FF0FF3020610BE0FEE716
:1025C00028111844904205DA102D01DA012000E0AC
:1025D00028111A182261204629467461BDE8F0418D
:1025E000F3F706BE4D220108B0B70020F0B5002574
:1025F000094E07462C4600BF06EBC4004068B842AF
:1026000004D156F83450204600F008F8641CE4B2B7
:10261000102CF1D32846F0BD20B800200021421C28
:1026200008D0054A002352F8301042F8303002EB4F
:10263000C00043600846704720B8002030B4D388FB
:1026400054881B1B5B1C1BB2012B09DB938814886D
:102650001B1B5B1C1BB2012B02DBC36830BC184781
:1026600030BC704738B50446382103F0C1FFFEF78F
:10267000CCFB0090BDF8000024F8040FFEF7C5FB6A
:102680000090BDF800006080FEF7EFF90090BDF803
:102690000000E080FF2525720220A072FEF7E5F918
:1026A0000090BDF800006083FEF7DFF90090BDF8F0
:1026B000000020850748206104F8015CA57584F8B6
:1026C0002650A57784F83250E07F20F03E001E307F
:1026D000E07738BD049702082DE9F04FCBB0834670
:1026E000DDE95465087B984614460F4602287DD9DB
:1026F000B7F90200002879D0AE4277D01AB28146ED
:102700009246404500DD914606A8FFF7ABFF787B77
:1027100000F003008DF81A00B86840B100208DF871
:102720001B00B8680A90387B8DF8320005E0387BD2
:102730008DF81B003888ADF81C002188A1EB08003B
:10274000ADF810006288A8F10101A2EB0802ADF813
:10275000122023880B44ADF81430B4F802C0ADF851
:1027600004006144ADF80830ADF81610ADF806204D
:10277000ADF80A10B7F802C06044ADF80400B7F82D
:1027800002C0624412B2ADF80620B7F802C0A3EB53
:102790000C03ADF80830B7F802C0181AA1EB0C0111
:1027A000401C09B24FF0FF3C00B2ADF80A10CDF862
:1027B00014C1002810DD881A401C00B200280BDD6F
:1027C000012347F6FF7201A932A8FFF77BFE002123
:1027D00032A8FFF72BFA4590002347F6FF7204A9B1
:1027E00038A8FFF76FFE002138A800E024E0FFF7CB
:1027F0001DFA489006F5B470A84205D005F5B471ED
:102800004FF4B4708E421ED147F6FF70ADF8180039
:1028100004AA06A95846FFF711FF4898FFF7FEFEE5
:102820004598401C02D04598FFF7F8FE38A8FFF7FE
:10283000C1FB32A8FFF7BEFB4BB0BDE8F08F00BF75
:10284000A6F5B476B6B28642FAD202E0A5F5B47522
:10285000ADB28542FAD228B246900090B4F9022077
:10286000B4F9001033B214A84793FFF72BFB0021F3
:1028700014A8FFF7DBF92F90B54203D9A81BC0F5C8
:10288000B47000E0701BDBF8081000913C282ADDD2
:10289000B8F10A0F27D95A20B6FBF0F1B5FBF0F0DA
:1028A00000F00300ADF8040106A8ADF8FCA0ADF8F7
:1028B000005101F0030142903E94ADF8FE60ADF886
:1028C0000211ADF8069104A8CDE9430B3EA8F7F735
:1028D00035FC3EA8F7F7FAFC3EA8F7F7C6FD3EA880
:1028E000F7F7B1FE04E004AA06A95846FFF7A6FED2
:1028F00014A8FFF75FFB38A8FFF75CFB32A8FFF7CF
:1029000059FB2F98FFF78AFE4898FFF787FE4598F6
:10291000401C02D04598FFF781FE787B40078BD59D
:1029200009F0FF022FAB51464798FAF76FFDBDF84B
:10293000BC0021882FAA0844ADF8BC00BDF8C00037
:1029400021880844ADF8C000BDF8BE006188084485
:10295000ADF8BE00BDF8C20061880844ADF8C20001
:1029600048A80099EFF7D8FF48ADC0B1002347F65B
:10297000FF722FA93EA8FFF7A5FD00213EA8FFF793
:1029800055F90646584604AA06A9CBF80850FFF7A1
:1029900055FE3046FFF742FE3EA8FFF70BFB09F05D
:1029A000FF022FAB51464698FAF730FDBDF8BC0048
:1029B00021882FAA0844ADF8BC00BDF8C0002188CA
:1029C0000844ADF8C000BDF8BE0061880844ADF809
:1029D000BE00BDF8C20061880844ADF8C20048A836
:1029E0000099EFF799FFC0B1002347F6FF722FA9B6
:1029F0003EA8FFF767FD00213EA8FFF717F9044640
:102A0000584604AA06A9CBF80850FFF717FE20463F
:102A1000FFF704FE3EA8FFF7CDFA0098CBF80800B8
:102A20000AE770B514460D460646F4F705F8224647
:102A300029463046BDE87040F4F7D3B97CB504466A
:102A4000087E0D4602280ED9A26868462968EFF76D
:102A500063FF002807D0E16A09B120468847626B0E
:102A60002946204690477CBD2DE9F04FCD6889B0BE
:102A70000C46804615B1207C002879D0207C0128A6
:102A800000D10025D8F8040081880088081A401C6D
:102A900000B20790D8F8082005A82168EFF73CFF9E
:102AA000002865D0F1F7E8FA83460068D8F800A05E
:102AB000C06980B9D8F80400BDF91410B0F900203D
:102AC000B0F90200891ABDF91620121A079800FB06
:102AD00002110AEB410AD4F804905FEA090013D00E
:102AE00020688288B0F90010B0F90200521A521C16
:102AF00017B2BDF91420511ABDF91620101A07FBA0
:102B0000001109EB410900E0002795B16069828856
:102B1000B0F90010B0F90200521A521C16B2BDF9F9
:102B20001420891ABDF916202944801A06FB0015C5
:102B300000E00026D8F804004188008849420AB223
:102B4000404201B205A8FCF7F2FFDBF80000C069C3
:102B50000028606818D00028207E0CD001A90097BA
:102B600081E861004B4605A95046079A0AF05CFDD2
:102B700009B0BDE8F08F8DE86100A36805A9504653
:102B8000079AF9F711FAF3E70028607E0DD018B321
:102B9000217E0097CDE90360CDE901154B4605A9DB
:102BA0005046079A0AF03CFBE2E758B1217ECDE996
:102BB0000260CDE90015A36805A95046079AF8F709
:102BC000A9FFD5E7207E05A98DE86100A3685046DE
:102BD000079AF9F745F8CBE7207E01A9009781E82D
:102BE00061004B4605A95046079A0AF09BFBBFE7D8
:102BF0002DE9FF4FB7B00C463798994616468068C6
:102C0000DDF810A10188ADF814104188ADF8161058
:102C10008188ADF81810C088ADF81A0005A8FFF734
:102C2000E5F91F901C2122A803F0E2FCE07A8DF860
:102C3000A000207B00F00F008DF8A1001F9840B984
:102C4000208830B96088B0F5807F02D1BAF1040FD6
:102C500003D0BAF1050F35D001E0A07A48B30227BE
:102C6000B18830880025081A401C00B21D904FF42E
:102C7000FC60ADF800003390BDF81A10BDF81600E6
:102C8000BDF81420091A491C09B22991BDF8181081
:102C9000ADF80820ADF80C10ADF80A00ADF80E0044
:102CA00002A88B1A22905B1C20880FFA83F878B94F
:102CB0000AE0CDE9226922A93798FFF7BFFE3BB0B1
:102CC000BDE8F08F0327CBE76088B0F5807F01D0A7
:102CD000012000E000202E901F99014304D1BAF199
:102CE000050F01D1A07A60B1F1F7C6F9FEF7B8F986
:102CF000834605A8FCF7E2FE5946584575D90846B3
:102D000076E0F1F7B9F9FEF7ABF9044605A8FCF750
:102D1000D5FE2146A04201D9084602E005A8FCF7ED
:102D2000CDFE8246400003F0BBFA8346504603F0D6
:102D3000B7FA0446259002A827900220CDF88CB05F
:102D40008DF89800BDF91620B6F90210511A1D9A97
:102D5000514301FB0790BDF91410B6F90020891A00
:102D600001FB070900262AE0484600210BE0827893
:102D700062552AB10378427803EB02232BF8153011
:102D8000491C38446D1C4145F1DB1D9810FB079927
:102D900005EB0801514505D8BDF80E00401CADF803
:102DA0000E000BE022A93798FFF748FEBDF80E0091
:102DB000401CADF80A00ADF80E000025761C2998DD
:102DC0008642D1DBBDF90A10BDF90E00814206D062
:102DD000401EADF80E0022A93798FFF72FFE2046BF
:102DE00003F0AAFA584673E1FFE705A8FCF766FE70
:102DF0002190400003F054FA2D90219803F050FAEE
:102E00000190259002A8279002208DF898002D9817
:102E10002390002004904C210AA803F0E9FB2E988F
:102E200020B32088ADF834006088ADF836001D98D6
:102E3000CDF82890ADF82C00F18870888DF83AA074
:102E4000081A401CADF82E00A088ADF83000E088CC
:102E5000ADF832002089ADF83800207D00F0010087
:102E60008DF83B000AA8F0F7A3FB10E0BDF916208F
:102E7000B6F90200B6F90010101A1D9A5043BDF9B8
:102E8000142000FB0790511A01FB0700049000205A
:102E900020902B90A07AC0F1FF013491B0B121892C
:102EA0008AB2D10A11FB00F3209963F30F01C2F338
:102EB000451313FB00F363F31F41209102F01F0140
:102EC00011FB00F12B9861F30F002B90BAF1040F66
:102ED00005D1208818B96088B0F5807F01D0022024
:102EE00000E001208DF898001F9818B121990198F1
:102EF00003F0ACFBBDF90A10B6F90200081A3090D5
:102F00000020CEE0DDF810B03195BDF90800B6F92B
:102F100000104FF00009401A329073E02E98B0B1C3
:102F2000089930980844329902B201EB090001B2C5
:102F30000AA8F0F751F930B101989DF83E104155BB
:102F4000BDF83C0022E001980021415556E0BAF15D
:102F5000050F0ED00198FF2100F805109BF8001016
:102F60009BF80100BAF1060F01EB002080B206D0F9
:102F70000CE001999BF802004855E0B3EEE7339965
:102F8000884203D101990020485537E0A17A81B3E6
:102F90002099349A89B2C30A13FB0211803101EBE4
:102FA000C11303EBC131C1F3C453BDF8D410C0F356
:102FB000451C63F3CF21209B1B0C1CFB0233803389
:102FC00003EBC31C0CEBC333C3F3C55363F34A11C8
:102FD0002B9B00F01F0010FB0230803000EBC01272
:102FE00002EBC030C0F3C45060F30401ADF8D4105C
:102FF00088B22D9900E001E021F8150009F10109DE
:10300000BB446D1CC14589DB1F98C0B1BDF81610CB
:103010000898019B084402B23198BDF90810184481
:1030200081464346FEF7A4FF10B1022804D006E013
:103030004846414603F0DCFA02208DF898001D99BD
:10304000049811FB07000490219805EB08018142C8
:1030500005D2BDF80E00401CADF80E001FE022A9FD
:103060003798FFF7EBFCBDF80E000025401CADF8CB
:103070000A00ADF80E00BAF1040F05D1208818B986
:103080006088B0F5807F01D0022000E001208DF83B
:1030900098001F9818B12199019803F0D7FA089861
:1030A000401C0146089029988142FFF62BAFBDF9DC
:1030B0000A10BDF90E00814206D0401EADF80E0088
:1030C00022A93798FFF7BAFC019803F035F92D983B
:1030D00003F032F9F3E5000010B50C463821204624
:1030E00003F086FA094820610948E0600948A062B7
:1030F0000948E06109486061094820620948606246
:103100000948E0620948606310BD0000D926010843
:10311000F9350108232A010831310108F12B010892
:10312000D53101087933010831360108692A0108CF
:10313000F0B51F46064687B014460D4608680023C2
:103140003A4602A900F045FE002841D0BDF8102003
:10315000002A3DD0BDF80E10002939D02088BDF8D6
:103160001230184400B2ADF804002B686488B3F83C
:1031700008C05B89ACEB03032344BDF814409B1AE1
:103180001B1B1BB2ADF806304418B168B1F900C082
:1031900064451DDBB1F90440A04219DC9818B1F96F
:1031A0000220904214DBB1F90600834210DC39465C
:1031B000029800F00AFE00280AD00299097B8907CC
:1031C00006D1009002AB01AA29463046F5F712F964
:1031D00007B0F0BD2DE9F0470E46B1F9021096B0E8
:1031E0001C461546814600297ED0307A02287BD9BC
:1031F000B5F90000B4F90020904205D1B5F90230CC
:10320000B4F90270BB426FD0904200DB104601EB74
:10321000D171A0EB6100ADF84400B5F90010B4F92C
:103220000000B6F90220814200DD084602EBD271AF
:1032300000EB6100ADF84800B5F90210B4F90200E6
:10324000B6F90220814200DA084602EBD271A0EB07
:103250006100ADF84600B5F90210B4F90200B6F904
:103260000220814200DD084602EBD27100EB6100D2
:10327000ADF84A0011A90846D9F80820EFF74CFB31
:10328000002875D011A9D9F808A0C9F80810B5F917
:103290000200B4F90210884206D123462A4631467C
:1032A0004846F5F707FA0EE0B5F90000B4F900104A
:1032B000234688422A463146484602D1F5F762FC49
:1032C00001E0F5F7B1FA707A010701D440074DD556
:1032D00002A8FFF7C7F93088ADF80C0047F6FF7079
:1032E000ADF80800307A00E042E08DF80B00B6F946
:1032F0000200471040F3000000F10108707A400717
:1033000018D528886A46C01BADF800006888C01B25
:10331000ADF802002888C119A1EB0800ADF804003F
:103320006888C119A1EB0800ADF8060002A948465B
:10333000FFF784F9707A000718D520886A46C01B09
:10334000ADF800006088C01BADF802002088C119EC
:10335000A1EB0800ADF804006088C119A1EB0800DA
:10336000ADF8060002A94846FFF768F9C9F808A0B9
:1033700016B0BDE8F08700002DE9FF4F8BB01E4668
:103380001746032B7ED3002F7CD0B00002F088FFBD
:1033900005007BD00024386828602046721E15E0A6
:1033A00007EB800137F92030B1F904C0634505D13E
:1033B000B1F90230B1F906C0634505D005EB8403CD
:1033C0000968641C1960A4B2401C80B29042E7DB1B
:1033D00007EB8600B7F9001030F9042C914205D1B3
:1033E000B7F9021030F9022C914206D005EB8401A6
:1033F00050F8040C641C0860A4B2032C43D37D492C
:10340000D1E90001CDE90201002027E0BDF9082043
:1034100035F920108A4200DA1146ADF8081005EBA4
:103420008002BDF90A10B2F90230994200DB194658
:10343000ADF80A10BDF90C3035F920108B4200DDD3
:103440001946ADF80C10BDF90E30B2F902108B42DE
:1034500000DD1946401CADF80E1080B2A042D5D355
:103460000B9802A9826805A8EFF756FA58B10B9895
:1034700005A90026806809900B988160B5F90210B3
:10348000012011E002E0284602F056FF0FB0BDE82F
:10349000F08F00BF05EB8002B2F902208A4201DA08
:1034A000114606B2401C80B2A042F3D32C2104FB8B
:1034B00001F002F0F5FE8346B2460490D1464FF08B
:1034C0000008701E00D52044621E09F10101089217
:1034D000914200DD002135F8262035F8203035F8FE
:1034E000217005EB80009B1ABF1A428805EB86000D
:1034F00005EB810140884988121A081A00210791BA
:1035000012FB07F110FB03F0814267DA01200790FC
:1035100001E00798F0B308980AF10106864200DD41
:103520000026B9F1010700D5274405EB860005EB1D
:103530008A01B0F90200B1F90220904216DB12D0E4
:1035400035F9263035F92A108B420CD04FF0010C9A
:10355000CDE9000C5846FEF7EDFD58460499FEF7FC
:1035600065FB0BF12C0B08F10108B246A04523D0F6
:1035700005EB870005EB8901B0F90200B1F90220E3
:10358000904217DB13D035F9273035F929108B42DB
:103590000DD000E022E00026CDE900065846FEF7F7
:1035A000C9FD58460499FEF741FB0BF12C0B08F1BD
:1035B0000108B946A045ACD3DDE90B0102AAFFF72B
:1035C0003DF80498FFF712F8049802F0B5FE28467B
:1035D00002F0B2FE0B990998886057E7BAF101062C
:1035E00000D52644089809F1010787429DDD002790
:1035F0009BE700003061020870B514460D46064690
:10360000F7F742F9224629463046F3F715FA2246E3
:1036100029463046F3F7E5FB224629463046F3F7C4
:10362000C2FC224629463046BDE87040F6F76CBC25
:10363000704710B50446012103F0FAFC4FF6FF7005
:1036400060870121606A03F0F5F820460022BDE89A
:103650001040202100F052BB70B500200C4648629B
:1036600016A1C4E90B10A06294F83C1041F030019F
:1036700084F83C10E08620874FF6FF716187A086B2
:1036800094F83C004FF4806120F00F00083084F87B
:103690003C00204603F0CEF809A1204600F090FA45
:1036A000204604F0C7F901460C4803F0DFFB05464D
:1036B00003F04AFC65626C6270BD0000EF81B800E7
:1036C0004F7074696F6E20310A4F7074696F6E208D
:1036D000320A4F7074696F6E20330000E09902085F
:1036E00010B50146034803F0C1FB044603F02CFC6F
:1036F000204610BDC499020870B5486A0C460025E2
:1037000010B103F0F7FC656294F83C00C00603D4E6
:10371000206B02F023FE256370BD000070B50E46DD
:103720003F4804F05CF8012843D1304600F0A3FA8A
:103730000546304600F0DDFA04460E2D14D00F2D5C
:1037400021D0102D1FD0082D21D02A2D23D0292D96
:1037500021D02C2D23D00D2D2CD0152D29D1304644
:10376000BDE87040F5F7C4BC04F01AF900F0E6FEBD
:10377000054601F093FC01F0D6FC042819D17DBB6D
:10378000218F2046E186BDE87040FFF752BFBDE8BB
:103790007040F1F7A8BFBDE8704006F087B830462A
:1037A00000F0A5FA05460021204605F09CF80089A6
:1037B000688070BD304600F09AFA0078132810D067
:1037C00012280ED0142817D0112815D01B28D7D0B6
:1037D0000A28EED101F076FCA042EAD02046D6E7D6
:1037E00019E0204600F050F8A8B1E08EA18E401CF0
:1037F0008842DED2214608E0204600F045F850B16C
:10380000E08E0028D5D02146401EE086BDE87040FD
:1038100008460AF007BA2046BDE8704000F090B8AC
:10382000C4990208C08E70472DE9F0410446002576
:10383000006B90460E462F4620B1ECF784FD024601
:10384000002008E00F70BDE8F081216B095C0A29B7
:1038500000D16D1C401C904202D2218FA942F4D1AC
:103860000021A8F1010507E0B8F1000F01D0A9423D
:1038700008D27354401C491C904203D2236B1B5C3A
:103880000A2BF1D17754DEE710B5406A012105F02B
:10389000E2F880F0010010BDF8B50F46084600F0D0
:1038A000EAF90546182805D03946244803F097FF61
:1038B00001283AD1384600F01CFA446A0646082D21
:1038C0000ED0012D17D0092D30D0182D2DD138460E
:1038D000F5F707FA3946BDE8F840184803F07FBF0E
:1038E00001F0DCFB01F013FC00281ED13046BDE8DE
:1038F000F840FBF722BB01F0D1FB050015D001F029
:1039000012FC012804D0284601F00DFC03280CD13C
:103910006946284601F0DCFBBDF902102046F9F7A4
:10392000A3FA6087304605F064FBF8BD4FF6FF70E0
:1039300060873046BDE8F84005F05BBBE0990208BF
:103940002DE9F8430446012102F0A7FF204604F0C8
:1039500071F80146606A06F0BCFA4FF0FF31606A08
:1039600005F0B6FC0121606A03F028FB00221F214C
:10397000204600F0C3F92046F9F779FB8046216B19
:1039800002F013FC42F2D171606A06F027FD404656
:1039900006F06EFD606A05F031F80546204605F038
:1039A0002DF885420EDC94F83C0000F00F0004284E
:1039B00001D0082806D1204605F020F80146606AAB
:1039C00006F00CFD404603F0F0FF07460021606A58
:1039D00004F032FD05460021606A04F0C8FE461975
:1039E000002141F61102606A04F0E4FE2844B9198E
:1039F000084407B294F83C003D4600F00F06082E3C
:103A000002D0042E1ED034E0FDF712FBFDF76EFB52
:103A1000B4F91A10294488422BDAFDF709FBFDF7A7
:103A200065FBB4F91A10411AB4F91600814201DAA3
:103A3000042605E0FDF7FCFAFDF758FB618B401A00
:103A4000401E15E0B4F91600401B12D5FDF7F0FA40
:103A5000FDF74CFBB4F91A10B4F91650411AA942FB
:103A600007DD0826FDF7E4FAFDF740FB618B401AFD
:103A700005B2BD4200DD3D462946606A06F0FEF90A
:103A800020460AF0CFF80020082E06D0042E09D0D8
:103A9000012E0CD0022E0FD015E0009000230D2235
:103AA000606A0DE0009000230A22606A08E000903E
:103AB00000231022606A03E000900023606A132252
:103AC000214602F055FF606A06F0D2FC94F83C00F3
:103AD00000F00F00012801D0022818D1606A04F01C
:103AE00093FF0646606A04F0ABFF0546FDF7A0FAB7
:103AF000FDF7FCFAA8420ADCFDF79AFAFDF7F6FAA0
:103B0000281A301A401E01B2606A06F095FC0021A6
:103B10004046226B03F08EF9022808D04FF00003D4
:103B200003281A4601D0012104E0032102E000230A
:103B30001A46092101B04046BDE8F04302F00ABF31
:103B40002DE9F0410E00044603D00025A586284645
:103B500006E0FEE70A2902D1A18E491CA186401C7D
:103B6000315C0029F6D1A08E401CA086E586258711
:103B70003046ECF7E8FB471C206B30B194F83C1062
:103B8000C90602D402F0EAFB2563384602F05CFB6A
:103B9000206390B13146ECF7EBFB94F83C0020F049
:103BA0001001204684F83C1005F023FA606A0028D2
:103BB00004D0BDE8F04105F01CBAFEE7BDE8F08195
:103BC00070B50E00044603D00025A586294606E000
:103BD000FEE70A2802D1A08E401CA086491C705C1A
:103BE0000028F6D1A08E401CA086E586258794F893
:103BF0003C00C00604D4206B10B102F0AFFB25637B
:103C000094F83C0040F0100184F83C1020462663F4
:103C100005F0EFF9606A002803D0BDE8704005F0B8
:103C2000E8B970BDC28E8A4207D0828E8A4200D81F
:103C3000511EC186018705F0DCB9704710B50C46EE
:103C40004FF48061204603F0B9F90421204603F0C7
:103C5000B5F94FF40031204602F0ECFD0121204679
:103C600002F0E8FD2046BDE8104001F0CFBB486AF5
:103C7000002141627047007A20F080007047406860
:103C80007047017A15290BD0142909D0162907D0BD
:103C9000182905D0172903D0192901D00020704711
:103CA00000697047017A01291FD002291DD003291C
:103CB0001BD0042919D0052917D0062915D00729AA
:103CC00013D0082911D009290FD00A290DD00B29AA
:103CD0000BD00C2909D00D2907D00E2905D00F29AA
:103CE00003D0102901D00020704700697047006997
:103CF000704700687047C0687047000010B588B012
:103D0000C0B1009001908DF808100020CDE90302A9
:103D10009DF81800084C20F007008DF81800606826
:103D20000590C4F804D06846F7F764FE0599616011
:103D300008B010BD0120FBE7C4000020027A132A5E
:103D400006D10069B0F900208A4200DD11460180E9
:103D5000704710B500F004F8BDE8104000F01CBB3F
:103D600010B500210B4802F041FA0B4CE06007F05F
:103D70005BFD208007F058FD40F48050608007F024
:103D800053FD40F48050A08007F04EFD40F4805079
:103D9000E08010BDADC600081401002010B509294F
:103DA00000D120210469F8F7CFFF002806D0616810
:103DB00001EBC000618A890B01D0002010BD0068B2
:103DC0002168C0F31300084410BD08B142681047D1
:103DD000FEE72DE9F0411E4617460D4688B18DB12C
:103DE000002104462960D4F800C033463A462946EB
:103DF0002046E04738B1A97BC90604D42C60BDE851
:103E0000F081FEE7FEE76469002CECD1F7E72DE9CD
:103E1000F04700269A460C468146092A01D1202205
:103E200001261146D9F81050F8F78EFF071E3CD036
:103E3000E8684FF0000850B151464846F8F784FF53
:103E4000020004D039464846F9F75AF880466868B7
:103E5000298A00EBC70001FB08F10A110168090D6E
:103E6000002E01D04FEA4101114401F108014FEA4F
:103E70001111A180417921810179E18090F9062019
:103E8000628190F90700A081688A4FEA5022A07BE6
:103E900062F3030020F01000A07304D04FF6FF700F
:103EA00000EA4100E0804FF00100BDE8F0871FB557
:103EB00050B113460A466946FFF78BFF002801D030
:103EC000BDF8040004B010BDFEE770B504464068BC
:103ED000B0B1C268B2B121689047054660684088B9
:103EE00040B1A06830B1C06808B102F037FAA068EC
:103EF00002F034FA002020606060A060284670BDA7
:103F00000B2070BD092070BD10B504460748EFF7BF
:103F10004AFE08E008680078A04201D1086810BD98
:103F20000248EFF752FE0100F4D110BDC8B60020E0
:103F300010B50446ECF707FA40B1215C2E2907D0F2
:103F40002F2903D05C2901D0401EF6D102A010BD5C
:103F50002044401C10BD00000000000010F8011FAC
:103F60003A2900D1401C70472DE9F04117460E0058
:103F7000054624D03078FFF7C7FF040021D06168E0
:103F800009B18847F8B1A068F8B13046FFF7E6FFFD
:103F90000146A3683A4620469847C0B1411C16D056
:103FA000C5E90004608838B1102002F04DF9A8601E
:103FB00078B1102102F01CFB0020BDE8F0810B203D
:103FC000FBE70320F9E70120F7E70920F5E70C20DC
:103FD000F3E7FEE77CB51C0005464FF0000300D078
:103FE0002360686850B1066956B101934388002B7D
:103FF00001AB07D0284600F010F809E00B207CBD8B
:1040000009207CBD00932D6813460A462946B04717
:10401000002CF6D0019921607CBD2DE9FC5F04469F
:10402000806815468B4690E84600D0F80C806068A2
:1040300000279A46B0F80290B14237D8964235D25E
:10404000701A80B2A9EB00018EB2B54208EB0001F4
:1040500004D82A46584602F0EDF955E03246584653
:1040600002F0E8F94D4508D9CDF800A0D4E90010D8
:10407000AB1B0BEB0602066920E00020019001A8B3
:104080000090D4E900104B4607694246B847A16842
:1040900007464868401C0860A168019A10444860BF
:1040A000A81B82B20BEB0600414628E04D4508D91B
:1040B000CDF800A0066921682B465A46B04707464E
:1040C0001FE0B8F1000F06D1484602F0BDF8A16824
:1040D000C860C0B180460020019001A80090D4E9DA
:1040E00000104B4607694246B8470746A0682A4673
:1040F0000660A06801993144416041465846ECF79A
:10410000F0F80FB106E0FEE7CAF80050A068816839
:10411000294481603846BDE8FC9FF8B545680446EF
:10412000E5B1AE69E6B16B880020C3B3D2B1012A14
:1041300021D0022A11D1134620680A46014628469A
:10414000B047002809D1D4E900106A46C3699847EE
:10415000002802D1A26800999160F8BD0B20F8BD3B
:104160000920F8BDA2689160A3680A461D68A942AB
:104170000CD3596808E0A3689A680A449A60A16859
:104180000B689A4202D349688A42EAD9D4E90010FE
:104190000023846901B0A446BDE8F0406047FFE712
:1041A000134620680A46014601B02846B446BDE8D9
:1041B000F0406047F0B58646807889B015460C46D9
:1041C00010FB04F00012824203DCBEF8000009B0CC
:1041D000F0BD9EF808700EEB870212F8023C13FB4C
:1041E00004F31B129D4202DB32F8040CEFE70022BD
:1041F000012326E00EEB830C9CF802C01CFB04FCA0
:104200004FEA2C2C65451ADC0EEB830737F8040DBA
:10421000ADF800000098FCF7CBFD0646B888ADF875
:1042200000000098FCF7C4FD0146B87810FB04F0CC
:10423000BA79001212FB04F2C0EB222203E05B1CED
:10424000DBB29F42D6D8281A00B2C0EB002090FB08
:10425000F2F0C0B2C0F1FF02CBB213FB00F3F4B234
:1042600014FB023303EBC31404EBC3339C0EBDF801
:10427000143064F30403C1F3072414FB00F4C6F301
:10428000072515FB024404EBC41505EBC434640E8A
:1042900064F34A13C1F3074111FB00F0C6F3074171
:1042A00011FB020000EBC01101EBC030800E60F387
:1042B000CF23ADF8143098B289E74168002901DABC
:1042C00002F04CB870470000FEB50546407A16462D
:1042D0000C4640072FD0224F387820B9002000F03C
:1042E00043F801203870687A00F00700022818D0DF
:1042F0004FEA060080EA64006840019000200090C8
:104300006A4601A91748FAF7C9FB01280BD03246C3
:1043100021462846F0F754FF009000280BD00024D7
:1043200018E02046E6E700980422416802EBB171EC
:104330004FEAB1014160FEBD22462846FFF73AFF31
:1043400002900098BDF80810806800EB4400641CDF
:10435000018024B20098B0F90E10A142ECDCFEBD41
:104360000001002069C0000870B5094D04462868A6
:1043700001F0F4FF204601F067FF2860054DA860BA
:1043800020B1214602F034F96C6070BDFEE70000F8
:10439000F40100200001002010B500211B4801F0AD
:1043A00025FF1B4C606107F03FFA40F480502080ED
:1043B00007F03AFA40F48050A08007F035FA40F454
:1043C0008050608007F030FA40F48050E08007F0C1
:1043D0002BFA40F48050208207F026FA40F48050F7
:1043E000E08107F021FA40F48050608107F01CFA68
:1043F00040F48050208107F017FA40F48050A081EB
:1044000007F012FA40F48050608210BD51D80008C5
:104410002401002070B50C4606002FD0EFF7C3FB37
:1044200005E00868A04229D03046EFF7CEFB010036
:10443000F7D1204603F0B4FA40B1A168896829B1E8
:10444000C9680968A14201D100F087F8A06810B9D5
:10445000204602F0F9FBA06886603046EFF7E6FBE5
:1044600005000AD030462C60EFF79DFBA84205D12D
:104470003046BDE8704000F070B8FEE770BD000047
:10448000014A0249F8F77CBACB3B0008A73B000879
:1044900070B5060043D003F083FA04003FD0207EBD
:1044A000C0073CD10021204600F0C3F82046EFF7BA
:1044B0007AFB32E02868B0422BD1E06888B100680E
:1044C000B0420ED02046F8F7F3FC0246E0680F2118
:1044D0000068FFF713FC012821D1E068006804F0B0
:1044E00088FDE560002D1AD0216909B12046884772
:1044F0002046F8F7DDFC0246E0680E210068FFF771
:10450000FDFB01280BD1E0680068BDE8704004F0B5
:1045100070BD29462046EFF758FB0500CAD170BD93
:10452000014A0249F8F72CBAD33B0008D93B0008EE
:104530000148006870470000CC000020002802D02D
:10454000007EC0F340007047002803D0C0680028F8
:1045500000D000687047EFF72ABB70B50446007EB4
:10456000C0F3C00540F0080020764007204602D482
:10457000FFF786FF01E0FFF7D3FF207E65F3C3005E
:10458000207670BD2DE9F041064603F009FA0400DB
:104590003DD0E068002740B30068B04220D1207EC3
:1045A000C10702D020F0010020762046EFF7FBFA89
:1045B000E16888420FD12046EFF70EFBE1688842A0
:1045C00009D12046F8F774FC0246E0680F21006824
:1045D000FFF794FB02E02046FFF7BFFFE06820B141
:1045E000E0680068B04200D1E7602046EFF7DBFAF0
:1045F00011E028682946B04220460AD1EFF73DFB7A
:10460000284601F0ABFEB068002800D08760BDE806
:10461000F081EFF7DAFA0500EBD1F8E713B5FFF711
:1046200093FF20B101AA0D21FFF768FB1CBD0120FB
:104630001CBD70B504001CD0207EC0F340028A422D
:1046400017D061F3410020762046FFF77DFF05007B
:104650000FD02046F8F72CFC0246E0680E210068D7
:10466000FFF74CFB012804D12846BDE8704004F058
:10467000C0BC70BDFFB58368006800F01F04052C46
:1046800008D00B2C10D00C2C23D00D2C32D00E2C9B
:1046900047D01CE0C0F38A2010FB021000EB400062
:1046A0001844807804B0F0BD01F00704C0F38A20FC
:1046B000C910C01DC00810FB0210185CC4F107012E
:1046C00001228A401040C84001D00020EAE7FF20C4
:1046D000E8E717A4C0F38A20246800948C07640FCD
:1046E0008910C01C800810FB0210185CC4F1060180
:1046F000032210E00FA7C0F38A20F0CF8DE8F0006E
:10470000CC07640F4910401C400810FB0210185CD5
:10471000C4F104010F228A401040C8401DF8000077
:10472000C0E7C0F38A2010FB0210185CBAE7000053
:104730000055AAFF00112233445566778899AABB19
:10474000CCDDEEFF2DE9FF410D460746BDF8001018
:10475000002060F3040189B260F34A1189B260F36A
:10476000CF21ADF8001088B20090BDF80000019094
:104770003968BC6801F01F001646042814D00628CA
:1047800012D0052810D007281DD008282AD00928C3
:1047900037D00A2849D00B2851D00C284FD00D28EB
:1047A0004DD00E284BD04BE000F04FF8C1083868D0
:1047B000C0F38A2010FB065001FB0041022201A831
:1047C00001F0CCFE3CE0C1F38A21EA10C91D05F0DE
:1047D0000700C90811FB06210834C0F10700615C1D
:1047E00001221CE0A807C1F38A21400FAA10C91CAE
:1047F000890811FB06211034C0F10600615C032218
:104800000DE0E807C1F38A21400F6A10491C4908EE
:1048100011FB06214034C0F10400615C0F2282408C
:104820001140C140ADF804100AE0C1F38A2010FB2A
:10483000025004F58064205CADF8040000E00193B0
:10484000BDF8040004B0BDE8F081014600200F2946
:104850000AD2DFE801F009090909080A080C0E105C
:10486000120C0E1012001020704718207047012003
:1048700070470220704704207047082070470146A7
:104880000020891E0D2909D2DFE801F0070808077A
:1048900008070707070707070700012070470146B9
:1048A0000020032901D0062900D10120704770B5EE
:1048B0004C6A0D46002C12D0287C012802D12046DB
:1048C000FFF703FBE06808B101F048FD206908B17B
:1048D00001F044FD204601F041FD0020686270BDFA
:1048E0007FB514460D46084600F08FFB20B1012825
:1048F00017D0022839D035E0296801F01F00001FC9
:104900000B282FD2880A216860F39421216028683F
:10491000400D60F35F512160287860F3040121604D
:104920002FE02846FFF704FB17A1EBF713FDC8B9EA
:10493000022229466846FFF717FB68B903AB042239
:1049400021466846FFF746FB05466846FFF7BDFA75
:1049500045B90398042805D1207800F01F00001FF6
:104960000B280ED3002004B070BD2068012161F334
:104970009420C0F3140000F5001020F01F000B304D
:1049800020600120EFE7000062696E002DE9FF4F13
:1049900080465CA087B0006804905BA05BA30068C1
:1049A00093460F4605900FCB8DE80F00B8F808101E
:1049B000002089B2CAB2090A09E000BF149C00EBCA
:1049C0004003401CE254149C00B2234459700A9BDB
:1049D0009842F3DB98F814004FF0000900F01F0034
:1049E000FFF733FF8246012101FA0AF1491E88B21E
:1049F00006900025D8F814002C4600F01F012E4622
:104A00000B2906D00C2912D00D2920D00E2931D126
:104A10002CE0C0F38A20C01DC50804EBE70115FB9C
:104A20000B1407F00700C0F1070604A80DE0C0F35F
:104A30008A20C01C850804EBA70115FB0B1407F0A6
:104A400003000621A1EB400605A8814612E0C0F351
:104A50008A20401C450804EB670115FB0B1407F086
:104A600001000421A1EB80066846EEE7C0F38A2529
:104A700015FB0B742846D8F8247001F011FC5FEA8E
:104A8000000B13D098F81000A0B10022211D384669
:104A9000FFF743FB00232A4659463846FFF79AFAA8
:104AA0005946CAF10802002053B222E000200BB0A0
:104AB000BDE8F08FD8F8040080680119F1E70A78A2
:104AC000069CF240224098F8144004F01F040E2C7B
:104AD00001D019F80220149C00EB40052C44A27070
:104AE000A6EB0A0256B2002E01DA1E46491C401CF3
:104AF00000B20A9A9042E2DB584601F01DFC012008
:104B0000D5E7000000FF00000055AAFF0011223386
:104B1000445566778899AABBCCDDEEFF2DE9FF4F9F
:104B20008046007D81B091460E4600F01F00FFF7E1
:104B30008CFE8246012101FA0AF1491E0025D8F8AF
:104B400014001FFA81FB00F01F012F462C46072995
:104B500006D0082912D009291FD00A2932D12BE00A
:104B6000C0F38A20C01DC50804EBE60115FB09143B
:104B700006F00700C0F10707083423E0C0F38A20DD
:104B8000C01C850804EBA60115FB0914062106F0DC
:104B90000300A1EB4007103414E0C0F38A20401C4E
:104BA000450804EB660115FB0914042106F0010019
:104BB000A1EB8007403405E0C0F38A2515FB0964AA
:104BC00004F580642846D8F8249001F069FB061E9D
:104BD00040D098F8100068B10022211D4846FFF728
:104BE0009CFA00232A4631464846FFF7F3F931463E
:104BF000002028E0D8F8040080680119F8E70A7856
:104C0000D9F80C30FA4002EA0B0203EB42030E9D86
:104C10001B8800EB4004ADF800302B55BDF8003088
:104C20001D0A0E9B23445D70D9F81040A25C9A7057
:104C3000A7EB0A0257B2002F03DACAF1080257B2F3
:104C4000491C401C00B2049A9042D8DB304601F067
:104C500073FB012005B0BDE8F08F00002DE9FE4395
:104C60000646087C0C46012801D028B328E060687D
:104C7000FFF75EF956A1EBF76DFB28B902226846F3
:104C80006168FFF771F910B10020BDE8FE83606A2A
:104C900038B9142001F0D8FA606260B1142101F033
:104CA000A7FC606A69460C2211F8013B00F8013B41
:104CB000521EF9D104E0FEE7606880680028E4D065
:104CC000207D00F01F00042814D0052812D00628EB
:104CD00010D0072814D0082812D0092810D00A288C
:104CE0000ED00B286DD00C286BD00D2869D00E2863
:104CF00067D068E0207C80BB60688068A06160E06D
:104D0000FFF7A3FD01278740606A38B9142001F03E
:104D10009BFA6062B8B1142101F06AFC7800656A00
:104D200001F092FAE86078B1384601F08DFA286116
:104D300058B1E86878B3207C012807D06068002467
:104D4000D0F808803BE0FEE7FEE7FEE70022042102
:104D50002846FFF7E2F900241AE032E0002304229B
:104D600069462846FFF736F99DF800209DF80110A6
:104D70009DF80200FBF753FF0190E868BDF80410AE
:104D800000EB4400018029699DF803000855641C6C
:104D9000BC42E3D315E016E008EB840618F82420A3
:104DA0007178B078FBF73BFF0090E868BDF8001021
:104DB00000EB440001802969F0780855641CBC426E
:104DC000EAD3012061E721463046FFF770FD5BE73B
:104DD00062696E002DE9F84F0C461D461646207D8F
:104DE000DDE90A32002100F01F00042816D0052852
:104DF00014D0062812D00B2839D00C2837D00D2813
:104E000035D00E2833D0072838D0082836D00928C6
:104E100034D00A2832D00020BDE8F88F277C012F3B
:104E200033D198469146D4F824A0FFF70EFD0746EB
:104E30006069C0F38A2015FB00607843C11000222E
:104E40005046091DFFF769F9002470B9FD0805FBFC
:104E500008F56B462A46494650460094FFF7BAF8D3
:104E600018B90098854200D1012421460DE0009236
:104E70002A4631462046FFF789FD05E000922A4682
:104E800031462046FFF74AFE01460846C4E710B502
:104E90000446006800280BD0C2680AB1214690473A
:104EA000207C012804D1606801F058FA002060607D
:104EB00010BD000010B50548EEF79AFE040004D0BE
:104EC000142101F095FB204610BDFEE7ECB6002052
:104ED0002DE9F0410F4605460421384601F088FBD4
:104EE00025B1284600F091F818B105E00020BDE892
:104EF000F081A8680028FAD000260A48EEF753FE91
:104F00000BE023682BB13A4629469847064601280C
:104F100005D021460348EEF758FE0400F1D1304693
:104F2000E5E70000ECB600202DE9FF410E461D46E6
:104F30000446282101F05CFBAEB1304600F065F874
:104F400008B9B16879B1BDF8081021812074E56015
:104F500001280CD0666000272148EEF724FE0546A4
:104F600004F1140831E0002004B0BDE8F0813046BF
:104F7000EBF7E9F9401C01F067F9606018B13146C0
:104F8000EBF7F6F9E7E7FEE72B68CBB16868B8B155
:104F900042463146284698470746012810D12560E9
:104FA0006A6821462846904707460128DCD004213C
:104FB000404601F01DFB00202062A0616062E061BC
:104FC00029460748EEF701FE0546002DDCD1207C7E
:104FD000012802D1606801F0C1F93846C4E7000039
:104FE000ECB600202DE9FC4105680E46089FAC6830
:104FF00000213CB1CDE90037134601463246284630
:10500000A04701460846BDE8FC81032130B1007885
:10501000A0F120015F2903D801207047084670479E
:10502000802801D3022070470020704710B5044645
:10503000202101F0DDFA002020700A202076607621
:105040004FF4C870A0836420E0833220E076032010
:10505000A07610BD70B50546006920B9FBF7E8FFE2
:105060002861002814D00B48EEF7C2FD040010D0D0
:10507000582101F0BDFA25606079224640F0020017
:1050800060710A21044807F0CDFB21684861204681
:1050900070BDFEE7BCB60020515101080148806890
:1050A00070470000D000002090F8400000097047D1
:1050B00018B101460248EEF788BD0148EEF773BD0E
:1050C000BCB600200148406870470000D0000020B6
:1050D00038B102681278012A05D0032A03D04FF0B4
:1050E000FF30088002E002890A80408948807047CA
:1050F000002806D001680978012903D0032901D0CE
:105100000020704790F8400000F00F007047002822
:1051100006D001680978012903D0032901D00020B5
:105120007047C06A7047002801D000680078704757
:1051300000220A804A80002809D002681278012AD9
:1051400001D0032A03D1828A0A80C08A488070472E
:105150007FB5284CC068A06001680969002947D064
:10516000F9F73AF9A0684079400741D4002569462B
:10517000A068EEF7DFFA9DF80F60A068F9F72CF948
:105180006560A1689DF80E000871012806D00868C6
:105190000078042809D1BDF80C00D0B107F02EFB2F
:1051A000A16809680969C1F85401A0680168097813
:1051B000012906D0022908D004290AD003290DD0DC
:1051C0000FE06946F8F778FF0BE06946F8F7A4FEB0
:1051D00007E06946A068F8F79BFC02E06946F8F72B
:1051E00011FCA068F9F7F8F8002EC0D1A560656041
:1051F0007FBD0000D000002070B5204E0C46002579
:10520000B0B3417941F002014171B168814200D1EE
:10521000756001680978012901D002290ED114B105
:10522000016BA14201D1056314B1416AA14201D1D0
:10523000456214B1816AA14200D1856270BD417995
:1052400041F00201417101680978012901D0022968
:105250000ED114B1016BA14201D1056314B1416AB1
:10526000A14201D1456214B1816AA14200D1856297
:10527000FFF71EFF0028E2D1756070BDD00000204E
:1052800010B50446407920F00100607107F0B6FACD
:10529000A06407F0B3FA606410BD002804D00329AD
:1052A00006D00C2901D000207047B0F9221001E08F
:1052B000B0F920100068427E0020C2F1640264232D
:1052C00006E0084400B212FB01F191FBF3F109B2D0
:1052D0000029F6D170472DE9F0410F46054601211E
:1052E00003F0B9FB30BB3946284603F0C5FB064640
:1052F0000022394605F11400EDF7F6FB28B94FF40A
:105300000021284603F0A7FB80B1284602F08FFA5F
:10531000401E04000AD4A8683946006850F82400EA
:10532000FFF7D9FF002803D1641EF4D516B1284633
:10533000BDE8F0810020FBE7002803D0417941F06F
:10534000080141717047000010B5144C2078002806
:1053500021D101F011F8EEF7ABFEEDF711FEEDF7FC
:10536000C3FAEDF713FEFCF76BF9EEF769FD4FF4A6
:10537000AC710B48EEF734FC58210A48EEF730FCCC
:10538000EEF780FEEEF7BAF94420112804D0FEF7BC
:10539000E0FC0120207010BDFEE70000DC000020D2
:1053A000B0B60020BCB6002010B50C460020486204
:1053B00014F8481F21F0180104F81C19411E21603F
:1053C000227F22F00702227720836083E060C4E915
:1053D0000110090C2161616144F8040C14F81C0FE0
:1053E000022120F0400004F84809204601F0E6FDC3
:1053F0000021204600F038FE2046BDE8104001A103
:1054000000F06EBE546578740000000010B50146CF
:10541000034801F02BFD044601F096FD204610BD27
:10542000FC99020810B508460C4600F00AF894F8FA
:105430004800000702D4606A00F090FF002060621C
:1054400010BD10B5044690F84800400603D5A06A88
:1054500008B100F083FF94F8480020F0400084F881
:1054600048000020A06210BD2DE9FF470E463F48CE
:1054700002F0B5F9012876D13046FEF7FCFB044670
:105480003046FEF736FC05462A2C1CD0132C0BD0D8
:10549000292C18D02C2C1ED0152C64D104B03046E9
:1054A000BDE8F047F3F74ABF002103F020FAB0F956
:1054B000080004B0C11700EB917081103046BDE8C0
:1054C000F047FEF73BBC00F09DFD04B02846BDE868
:1054D000F04700F04BBB002103F009FA81460021A0
:1054E000284603F014FA80460021284603F024FAE7
:1054F000074695F848000024C10600D5012480061F
:1055000001D544F00204284602F0FDF900212846A6
:1055100003F05FFAA0F51C51D13905D1688C400524
:1055200002D441F6FF7002E0284602F0ECF9009741
:10553000CDE9010443464A4603A8696A07F046FCE0
:105540003046FEF7D4FBB0F90020BDF90C108A42BA
:1055500000DD11460180B0F90220BDF90E108A422B
:1055600000DD11464180BDE8FF870000FC9902087C
:105570002DE9F04F8BB00D0080465BD0002141F645
:10558000120203F017F9298841F61002081A60F395
:105590000F044046002103F00DF96988081A60F3F2
:1055A0001F44A14608A9404602F065F9BDF8240051
:1055B000BDF820100025401A401C00B2D8F8247015
:1055C00005902C462946404603F091F902900021AF
:1055D000404603F0B1F900900021404603F097F9EE
:1055E00003900298AB465E46B0F90800079098F821
:1055F0004800C10600D50126800601D546F0020606
:105600000021404603F0E5F9A0F51C51D13905D140
:10561000B8F82200400501D446F0040640460021B7
:10562000D8F8242001F006FC82460099079800EB88
:10563000010821E0FEE70020CDE90006DDE90212C5
:105640007819059BEEF77AFD044407984FEA294242
:10565000584482420BDC444A00946946126838463A
:1056600090470A280BD0385D48B9641C07E008EB66
:105670000B000FFA80FB2546785D0028DBD107EB95
:10568000050B4FF00008BAF1020F03D0BAF1030F77
:1056900016D025E0DDE90223611B5846009607F08D
:1056A000F3FBBDF82410BDF8202000EBD070891A60
:1056B000491C09B201EBD1714910A1EB60000DE06A
:1056C000DDE90223611B5846009607F0DDFBBDF8BB
:1056D0002410BDF82020891A491C081A0FFA80F8F6
:1056E00000208DF818008246049044BB2BE004ABE8
:1056F0006A4601A95846EEF709FDF00706D004985E
:105700001BF8001006A8EEF7C1FDC0B9DDE90110D5
:10571000009AFEF7CCFB01B20FFA89F208EB010008
:1057200082421EDB04994A19A2421AD00AEB0502F2
:10573000BA5CB2B1039A8A4610440FFA80F8049812
:105740002844A042D3D3094C584604992268904774
:10575000064622682946384690470BB03044BDE8DB
:10576000F08FCDF810A0EEE7280200202C020020D8
:105770002DE9F74F8AB05FEA0209804664D0D8F875
:10578000245040462A46002101F054FB83462878E5
:1057900000285AD007A9404602F06DF8BDF8200055
:1057A000BDF81C100024401A401C00B2049026468C
:1057B0002146404603F09BF803900021404603F049
:1057C000BBF806900021404603F0A1F80290039830
:1057D000A2465746B0F90800059098F84800C1065F
:1057E00000D50127800601D547F002070021404679
:1057F00003F0EFF8A0F51C51D13905D1B8F822001B
:10580000400501D447F004074B4A28460B9912681B
:1058100090478046A85DA8B3DDE9051008440990CB
:105820000020CDE90007DDE902212819049BEEF7ED
:1058300085FC0644B04526D3A85D18B309983446C4
:1058400050440FFA80FAEBE7FEE70020A9F80200C7
:105850005946BBF1010F07D002290AD0BBF1030F53
:1058600004D1404602F04FF8A9F800000DB0BDE8A1
:10587000F08F404602F047F800EBD0704110A9F8D5
:105880000010F3E7FFE7B8F1000F12D005EB0800B6
:1058900010F8010C0A2801D00D280AD115F80800CB
:1058A00038B9DDE90501014401EB0A000FFA80FA7D
:1058B00044462819CDE90070DDE90103A8EB040195
:1058C000039A07F0E1FA05460B98A04202D002982D
:1058D000284405B2BBF1020F03D0BBF1030F16D071
:1058E00025E00097DDE90103311B039A07F0CCFAAC
:1058F000BDF82010BDF81C2000EBD070891A491C9F
:1059000009B201EBD1714910A1EB60000DE00097E5
:10591000DDE90103311B039A07F0B6FABDF8201048
:10592000BDF81C20891A491C081A284405B2A9F898
:105930000050A9F802A099E720020020406A7047B1
:10594000006C7047C06B70472DE9F04117000D46A1
:10595000044627D094F84800000725D4204603F0D9
:1059600048FB606AEAF7EFFC06463846EAF7EBFCCC
:105970008119491C606A00F035FD606298B1A5F597
:105980007F41FF3903D109490968884705463A46EE
:105990002946606AEEF750FC2046BDE8F041002140
:1059A00000F09EBBFEE7FEE7BDE8F081300200207C
:1059B0002DE9F04F95B05FEA010A80465FD010A94B
:1059C000404601F058FFBDF84400BDF840100024E7
:1059D000401A401C00B2D8F824700A90254621468F
:1059E000404602F084FF03900021404602F0A4FFED
:1059F00000900021404602F08AFF029003980021A7
:105A0000B0F908000B904046D8F8242001F012FAB3
:105A1000834698F84800A1464E46C10600D50126A7
:105A2000800601D546F002060021404602F0D1FF73
:105A3000A0F51C52D13A05D1B8F82210490501D47D
:105A400046F004060B99009801EB0008385DB8B1E8
:105A50000020CDE90006DDE9022138190A9BEEF7A6
:105A60006DFB0B990544BAF9022009EB0100824253
:105A700006DD08EB09000FFA80F92C46E6E7FEE7A1
:105A80004FF00008C146BBF1020F03D0BBF1030F7A
:105A900016D025E0DDE90232291B3819009607F0FF
:105AA000F3F9BDF84410BDF8402000EBD070891A1E
:105AB000491C09B201EBD1714910A1EB60000DE066
:105AC000DDE90232291B3819009607F0DDF9BDF82F
:105AD0004410BDF84020891A491C081A0FFA80F8B2
:105AE00000208DF84800089004940C90FDB16D1EC4
:105AF0000498A8421BD804AB0CAA08A93846EEF7B4
:105B000005FBF00706D00498395C12A8EEF7BEFB3F
:105B10000028EDD1C1460C9A08990398FEF7C7F901
:105B20004044BAF9001000B2814216DA04940C9A8B
:105B300008990398FEF7BBF90299029B0144BAF950
:105B40000000A9EB0302491C90420CDB4944884247
:105B500009DC012015B0BDE8F08F0299049C0844CF
:105B60000FFA80F8C4E70020F4E700002DE9F04FB9
:105B70000446406A99B000287ED04FF0FF3913A93F
:105B80002046C4F8309001F076FEBDF85000BDF814
:105B90004C10401A401C0FFA80F80021204602F0F9
:105BA000A6FE05460021204602F0C6FE074600215B
:105BB000204602F0ACFE824694F848000026C1065A
:105BC00000D50126800601D546F0020600212046B8
:105BD00002F0FFFEA0F51C51D13904D1608C4005C4
:105BE00001D446F004060097CDE9018653462A46C3
:105BF00015A8616A07F0EAF8204603F057FE94F80A
:105C000048004FF6FF7B00F007004FF00008022825
:105C100004D003287ED001287DD0DFE1002120467A
:105C200002F0A8FB0604360C08D1204601F08CFED9
:105C3000FBF704FA032190FBF1F086B26846F9F70E
:105C4000FBF94FF496700094ADF83CB00C900E90B8
:105C5000BDF85010BDF84C00BDF95420081A401C86
:105C6000002701B2914233DA0020891A0790CDE96A
:105C70000801DD48014600E0B3E101902046F9F754
:105C8000C3F900210A4620B1C16A90F83E00C0F372
:105C900040020A9888420FDD9DF83E000B9120F0EB
:105CA00001008DF83E003AB140F002008DF83E0050
:105CB00009990798079109903046099A0799F9F7C9
:105CC00022FA0A900D906846F9F72AFA012705E0B2
:105CD000C5492046F9F76CF9A4F84480BDF8520094
:105CE000BDF84E10BDF95620401A401C00B290423B
:105CF0007EDA002F7CD1821AB5F908000021101A33
:105D0000CDE90810B9480791014601902046F9F7FE
:105D10007BF901E023E0AEE000210A4620B1C16A30
:105D200090F83E00C0F340020A9888420FDD9DF8CB
:105D30003E000B9120F001008DF83E003AB140F09A
:105D400002008DF83E0009990798079109903046A6
:105D5000099A0799F9F7D7F90A900D9087E0002181
:105D6000204602F007FB0604360C08D1204601F05D
:105D7000EBFDFBF763F9032190FBF1F086B2684677
:105D8000F9F75AF90094ADF83CB0BDF85000BDF8F1
:105D90004C100027401A401CBDF9541000B2884234
:105DA0002CDA202211462846FEF781F8BDF954105E
:105DB00000EB400008444042CDE908708A4807974C
:105DC00001903046099A0799F9F79DF90A9086499A
:105DD0002046F9F719F900B1C06A0A99814206DD37
:105DE0000B909DF83E0020F001008DF83E0000E091
:105DF00016E06846F9F794F9012705E07A4920464C
:105E0000F9F7D6F8A4F84480BDF85200BDF84E105A
:105E1000401A401CBDF9561000B2884200DA37B172
:105E200072492046F9F7C4F8A4F84680D6E0B5F9DF
:105E300008200020114449420790CDE908016B4831
:105E40000A46019030460799F9F75DF90A906749CB
:105E50002046F9F7D9F800B1C06A0A99814206DDF7
:105E60000B909DF83E0020F001008DF83E00684642
:105E7000F9F756F9B2E0BDF85200BDF84E10401ADD
:105E8000401C01B2BDF95600814209DAB5F908108B
:105E9000884205DD5649606A09688847032802D8A8
:105EA000C4F82C909AE0BDF85000BDF84C102E229A
:105EB000461A11462846761CFDF7F9FF5044A0EB20
:105EC00080003044ADF80000BDF85200BDF84E101F
:105ED000401A401C00B2ADF80200B5F90820D119F3
:105EE00090FBF1F301FB13018A42A0EB010004DCFB
:105EF000ADF802002989084400E0C01BADF802009B
:105F000069462046FFF734FB8146606AEAF71BFAD0
:105F1000384A074649461268606A9047364D0690EF
:105F200005E02A6806A9606A9047A9F10109069868
:105F3000C01CB842F5D80025DFF8C0B0069EAA46BE
:105F4000606A06990844DBF8001088472C4A284408
:105F5000C5B2126806A9606A9047032D07D8069853
:105F6000B84204D80AF1010ABAF1030FE8D9616A0C
:105F7000204601EB060A0746FFF763FA042D12D903
:105F8000681C00F061F9B86240B32A46514600F03F
:105F900051FAB96A01F8058097F8480040F04000CE
:105FA00087F848000BE097F848002A4620F04000A8
:105FB00087F84800514607F1280000F03BFA00201E
:105FC0002E213318626A401C0328D154F9D3616A28
:105FD000F61C09F1030001F80680E062204603F098
:105FE00008F819B0BDE8F08FC1F00108C9F0010848
:105FF0003002002020020020280200201802002089
:106000001C0200202DE9F0410446054690F84800A6
:1060100000F00700012823D1E96A481C20D0114A6A
:10602000686AC91E12689047024694F8481000201A
:10603000490601D5A16A06E004F1280103E00F5CDE
:10604000401CF754C0B26E6A1318F75C002FF6D1EB
:10605000095C104431542046FFF7F3F9781EE862DA
:10606000BDE8F0812002002070B50D4604461A49B3
:10607000F8F79EFF19492046F8F79AFF0020A4F888
:106080004400A4F84600022D0FD0032D0DD0042D9E
:106090000BD094F8480020F0200100BF01F0070069
:1060A00084F84810012805D00AE094F8480040F030
:1060B0002001F3E7E06A401C02D02046FFF7A2FF70
:1060C00094F8480065F3020084F848002046BDE8D3
:1060D0007040FFF74BBD0000C1F00108C9F0010896
:1060E00070B50D46044602F084FF05B9656A606A22
:1060F000A8420CD194F84810090708D4EAF723F90C
:10610000411C606A00F06EF96062D0B9FEE738B1F8
:1061100094F84810090703D400F020F900216162C7
:106120002846EAF710F9401C00F08EF8606268B16A
:106130002946EAF71DF994F8480020F0080184F890
:1061400048102046BDE87040FFF710BDFEE70FB4D1
:1061500070B504460598F8B1204602F04AFF05984C
:10616000D8B1606A002530B194F84810090702D40C
:1061700000F0F4F8656206A90598EEF7A2F86062EF
:1061800094F8480020F00801204684F84810FFF7F2
:10619000EDFC70BC5DF814FBFEE72046F7E70164F8
:1061A00002F027BFC16302F024BF70B5044690F827
:1061B00048000D46000705D4606A18B100F0CEF81B
:1061C0000021616235B194F8480040F0080184F87C
:1061D000481065622046BDE87040FFF7C7BC10B5A7
:1061E000FAF726FFBDE81040FAF750BF2DE9F0415D
:1061F0000A4C07460A4D60680E46401CC1006060AC
:10620000286800F0EFF8286038B1616800EBC10041
:1062100040E902760846BDE8F081FEE7E400002090
:10622000E401002010B59042029C01DB204610BD25
:10623000884201DC184610BD521AE41A401A604325
:1062400090FBF2F0184410BD10B588B038B101468B
:106250000748406806F052FC040003D005E00448FB
:1062600008B010BD684600F095F82046F8E7000039
:10627000F801002070B50024084E254656F8340079
:1062800038B100F06BF806EBC40046F83450857165
:106290008580641CE4B2102CF0D370BD30B70020B0
:1062A0002DE9F04105000BD00022224C4FF0FF30C9
:1062B000012600BF04EBC2018B79DB0703D014E099
:1062C0000020BDE8F0818988A9420ED305D104EBF6
:1062D000C200867154F83200F3E7002804DB04EBB7
:1062E000C0039B88994200D250B2521CD2B2102AED
:1062F000E0D3002805DB04EBC0018E7154F83000B8
:10630000DFE7002704EBC7008079C00704D07F1CBB
:10631000FFB2102FF6D3FEE754F83700294600F0FD
:1063200061F830B104EBC7018E718D8044F83700FD
:10633000C7E7FEE730B70020074A002152F83130A6
:10634000834204D102EBC101002088717047491CCF
:10635000C9B21029F2D3704730B7002005498842EE
:1063600006D0002804D001460248406806F098BBD9
:1063700070470000F801002010B54FF44041034879
:1063800006F080FB0249486010BD0000A0B8002064
:10639000F801002010B504461C22002100F0F6F898
:1063A0000E48406806F0A7FB22460D4906F026FC81
:1063B0004FF440412160A06864224243B2FBF1F1F6
:1063C000C1F16401217638B1E16864225143B1FB27
:1063D000F0F0C0B2C0F16400607610BDF80100209A
:1063E0001564010810B539B1094A904208D1BDE8D9
:1063F00010400846FFF728BFFFF7B0FF044810BD64
:106400000A46014602484068BDE8104006F089BBD4
:10641000F80100201AB11869401C186170475868CB
:10642000401C5860986808449860D8688842F5D243
:10643000D960704730B500F0030401F0030503464E
:10644000A54243D14EE00C781C704C785C708C787F
:106450009C70CC78DC700C791C714C795C718C79F7
:106460009C71CC79DC710C7A1C724C7A5C728C7ADF
:106470009C72CC7ADC720C7B1C734C7B5C738C7BC7
:106480009C73CC7BDC730C7C1C744C7C5C748C7CAF
:106490009C74CC7CDC740C7D1C754C7D5C758C7D97
:1064A0009C75CC7DDC750C7E1C764C7E5C768C7E7F
:1064B0009C76CC7EDC760C7F1C774C7F5C778C7F67
:1064C0009C77CC7FDC772031203A2033202ABAD841
:1064D00005E000BF11F8014B03F8014B521E002AE2
:1064E000F8D130BD4CB3C4F1040405E011F8015BF0
:1064F000521E03F8015B641EFCB1002AF6D11CE0B9
:1065000010C9203A10C310C910C351F8084B43F802
:10651000084B51F8044C43F8044C51F8104B43F825
:10652000104B51F80C4C43F80C4C51F8084C43F804
:10653000084C51F8044C43F8044C202AE0D802E0FF
:1065400010C9121F10C3042AFAD804E011F8014B35
:1065500003F8014B521E002AF8D130BD10B5034696
:1065600005E000BF11F8014B03F8014B521E002A51
:10657000F8D110BD10B5034605E000BF11F8014B7E
:1065800003F8014B521E002AF8D110BD10F003038E
:1065900009D0C3F1040303E0521E00F8011B5B1E87
:1065A0000BB1002AF8D101EB012303EB014303EB0C
:1065B00001630EE008C0203A08C040F8083B40F8EC
:1065C000043C40F8103B40F80C3C40F8083C40F8D4
:1065D000043C202AEED801E008C0121F042AFBD890
:1065E00003E000BF00F8011B521E002AFAD17047D9
:1065F00010F003034FF0000219D0C3F1040303E0CD
:10660000491E00F8012B5B1E8BB10029F8D17047A1
:1066100004C0203904C040F8082B40F8042C40F88E
:10662000102B40F80C2C40F8082C40F8042C2029A2
:10663000EED801E004C0091F0429FBD803E000BF25
:1066400000F8012B491E0029FAD1704710F003020F
:106650004FF0FF030AD0C2F1040203E0491E00F824
:10666000013B521E12B10029F8D170474FF0FF32A2
:106670000EE004C0203904C040F8082B40F8042C78
:1066800040F8102B40F80C2C40F8082C40F8042C53
:106690002029EED801E004C0091F0429FBD802E03C
:1066A00000F8013B491E0029FAD1704710B50C468D
:1066B000242104F12400EDF793FA04F13000BDE841
:1066C00010401C21EDF78CBA10B50C4601F13000DA
:1066D000EDF753FA04F12400BDE81040EDF74DBA90
:1066E0002DE9F04397B00D46324801F078F80128C3
:1066F0005DD12846FDF7BFFA06462846FDF7F9FAB0
:106700000446152E53D12846FDF7BBFA814669464B
:10671000204601F0B0F86A4649462046F0F7FEF8F8
:106720006A4649462046F4F78BFE6A4649462046AB
:10673000F3F7F8FABDF80400BDF80010401A401C49
:1067400000B200EBD07040100E18BDF802100D180A
:1067500004A8FBF787FF4FF4003804AA41462046FF
:1067600002F0ECFA204641F20102414602F022F822
:1067700000B200EBD0704710204641F204024146BF
:1067800002F018F800B200EBD070F11B4010ADF829
:106790005410291AADF85610F119ADF858102844C4
:1067A000ADF85A0015AA04A94846FBF747FF17B0F1
:1067B000BDE8F083A46102082DE9F0411D461646AC
:1067C0000F46044600F040FAA068817E491CC9B219
:1067D0008176A06801EB41018900C068FFF702FEE5
:1067E000A168C860A16820B3897E6FF0030301EB44
:1067F00041026FF00B0101EB82028750A068C26872
:10680000807E00EB400003EB80000B1D1654A06857
:10681000C268807E00EB400003EB80001550A0684A
:10682000C268807E00EB400001EB80001044BDE8B0
:10683000F081FEE77FB50C46054602F03BFC0646BC
:10684000E00702D0284602F0D4FBE8692043E86163
:10685000E00702D0284602F0CCFB284602F02AFCD2
:10686000B04202D114F0C07F07D0284601F0DEF814
:1068700002F059FC284602F056FCE0060CD502AAAC
:106880006946284601F01AFA6946284602F0E5FBF7
:1068900002A9284602F0E1FB7FBD028C11438A4227
:1068A00001D003F0AFBB70472DE9F047174688468B
:1068B0004FF6FF79044600234A4639460AF0DEF8CF
:1068C000618C00250426C1F3C502E06809E000BF21
:1068D00006EBC503C3585FEA831C01D4DB0102D574
:1068E0006D1CAA42F4D84FF0806202EB71214FEA8E
:1068F000F1516184C1F3C501C900FFF773FDE06088
:10690000608C6FF00702C0F3C50009E0E16802EB9C
:10691000C00C01EBC0036144D1E900C1C3E900C16F
:10692000401EA842F2D8E068082100EBC500FFF73E
:106930005FFEE16841F83580E06806EBC50142582A
:1069400067F3170242504A4639462046BDE8F047F1
:1069500002F0C4BF70B516461D460446002203F07F
:106960004BFC2A4631462046BDE8704003F020BB70
:106970002DE9FF4F81B093468846019803F078FDDA
:10698000B8F1000F03D1019801F050F880460024BF
:106990002546019801F04AF88146002101F03EFDAC
:1069A00006460021484601F025FE30440FFA80FAE1
:1069B0000021484601F0B8FE304400B200900021AA
:1069C000404601F02BFD06460021404601F012FE34
:1069D000304407B20021404601F0A6FE304406B222
:1069E000BBF1000F0FD0BBF1160F34D2DFE80BF074
:1069F000D51123343F4454676913828797A1A6B504
:106A0000BFC5CBD1FDFC0021404601F0C5FC0128EB
:106A100022D03C461EE0404600F075FF0246019839
:106A200001F0ECFF014602EBD270401001EBD17196
:106A3000A0EB61004DE0404600F065FF0246019882
:106A400001F0DCFF02EBD271491000EBD070A1EB3A
:106A5000600009E03546A0E0404600F054FF0246E1
:106A6000019801F0CBFF101A384404B2F2E73C461B
:106A70001CE0304405B290E0404600F044FF02467E
:106A8000019801F0BBFF014602EBD270401001EB10
:106A9000D171A0EB610007E0404600F034FF0246F0
:106AA000019801F0ABFF101A384404B2404600F0E0
:106AB00010FF0246019800F078FF101AD9E73C4613
:106AC00009E0404600F01FFF0246019801F096FFE2
:106AD000101A384404B2404600F0FBFE024601980A
:106AE00000F063FF02EBD271491000EBD070A1EB14
:106AF0006000BEE7019800F058FF4042BAE7404608
:106B000001F07CFF0246019801F078FF014602EB9C
:106B1000D270401001EBD171A0EB610007E040465C
:106B200001F06CFF0246019801F068FF101A04B2F0
:106B3000E0E7404600F039FF05462EE0404601F010
:106B40005DFF0246019801F059FF02EBD271491036
:106B500000EBD070A1EB600007E0404601F04EFF73
:106B60000246019801F04AFF101A04B2E1E70198C9
:106B700001F044FF404204B20FE0019801F03EFFF3
:106B8000404204B241E0019801F038FF404204B2B3
:106B90004EE0404601F032FF04460021484601F035
:106BA000FBFB012848464CD000F0A6FFB8F81420A3
:106BB00004990A44B9F81410511A0144A1EB0A00CF
:106BC000204404B2484601F063F8B8F816200E9944
:106BD0000A44B9F81610511A014400980022081A04
:106BE000284405B2012101E01EE00AE0019803F00B
:106BF00003FB019805B02A462146BDE8F04F03F09B
:106C0000D7B9404601F0FAFE0446404600F0CDFEFA
:106C10000246019800F0C9FE02EBD271491000EB68
:106C2000D070A1EB600025E7404601F0E7FE044686
:106C3000404600F0BAFE0246019800F0B6FE101A77
:106C400018E700F0B9FFB1E710B5044680680028E6
:106C500013D10B484168491C41601C20FFF7F4FA2E
:106C6000A06058B11C21FFF7C3FCA1680F20487633
:106C7000A068017E41F00301017610BDFEE700002F
:106C8000DC0000202DE9FC410E460546012101F003
:106C9000E2FEE0BB284600F0CDFE044600F054FEC4
:106CA0000746FAF70DFAA0420ED03846FAF710FA66
:106CB000A04209D03846FAF7F1F9A04204D038468C
:106CC000FAF7E4F9A04232D14FF4002739462846BA
:106CD00001F0C1FE28BB2846EDF711F8044605F186
:106CE00014016846F8F787FEBDF80000001BADF8F8
:106CF0000000BDF80200001BADF80200BDF8040062
:106D00002044ADF80400BDF80600204400E00EE089
:106D1000ADF8060031466A460846EBF7FDFD00284F
:106D200006D0284614E0012101F095FE10B10020A4
:106D3000BDE8FC813946204601F08DFE38B9314668
:106D400004F114020846EBF7E7FD0028F0D02046D6
:106D500000F06CFE0400E6D10120E9E72DE9F041E6
:106D60000E460746002501F0AFFD040035D0314640
:106D7000384601F09BFD02282FD904EBD470012185
:106D800001EB60043146384601F097FD20440FFACC
:106D900080F83146384601F07BFD044631463846DE
:106DA00001F07DFD002C01DD214600E0614200285C
:106DB00001DD024600E04242914205DD002C01DD8A
:106DC000204604E0604202E0002800DC40424044EB
:106DD00000B2002800DA284605463146384601F060
:106DE000A7FB04000ED03146384601F093FB022881
:106DF00008D93146384601F094FB2044A84200DB14
:106E000005462DB23846314640F60A0201F0D2FC62
:106E100004B23846314640F60B0201F0CBFC00B21A
:106E2000844200DC0446002C01DD281905B2284606
:106E3000BDE8F08170B50D46064641F25D4201F0B5
:106E4000B9FCC4B23046294641F26A4201F0B2FCB4
:106E500004B90124204670BD002803D00068884290
:106E600001D1012070470020704700002DE9F0415A
:106E70000D4607460026334900E00068B8B1826934
:106E80000A42FAD08069C0F30F108046FFF7DCF9A0
:106E9000041E4BD04146FFF7ABFBC4E900754FF031
:106EA00001086FF0030725B1A86848B32BE030460E
:106EB000EBE7FAF7BDF8051E38D0EA68C2B1686A98
:106EC000401C810068621046FFF78CFAE860696A2E
:106ED00007EB81014450A682E6820020FAF7C0F851
:106EE000401E20830020FAF701F9401E60831CE059
:106EF0000420FFF7A9F9E8600460C5F82480EAE7F8
:106F00002846FFF7A1FEA868016889B14168491CBD
:106F10004160A86889000068FFF764FAA968086002
:106F2000A968496807EB810144502046BDE8F0811B
:106F30000420FFF789F9A96808600460A968C1F80E
:106F40000480F2E7F0FF0F0070B5054602F0EBF8A1
:106F5000002000F0A1FA284605F0BAFB284600F010
:106F60006FF8012000F098FA4FF6FF724FF470218D
:106F7000284602F0B3FC284602F098FCFDF7D8FA48
:106F8000030007D0284602F087F818B129461846B2
:106F9000FDF740FA284600F049FD04000DD02A46CE
:106FA0002221FCF7ABFE2A4623212046FCF7A6FE51
:106FB0002846BDE8704002F01CB870BD7FB50C4695
:106FC000064602F077F80546E0060CD502AA6946A7
:106FD000304600F073FE6946304602F03EF802A9E2
:106FE000304602F03AF8F069A043F061E0070ED0B5
:106FF000304601F0FEFF304602F05CF838B1304612
:1070000000F014FD02F08FF8304602F08CF83046A4
:1070100002F050F8A84202D114F0C07F07D03046E9
:1070200000F004FD04B0BDE8704002F07CB87FBD04
:10703000028C22EA01018A4201D002F0E3BF7047CC
:1070400070B504680546206818B128602846FFF727
:10705000F7FF2C6062682046002A03D02946BDE86D
:107060007040104770BD2DE9F0414D680C46FDB1F0
:10707000284600F041FD0646284600F009FE074676
:107080002846002141F6100201F094FBE98A41F6FE
:1070900012020844C01BE082401E60832846002183
:1070A00001F088FBA98A0844801BA082401E20832F
:1070B00041F20200E061002D04D043F2020043F2ED
:1070C0000230E06140F0740040F40060E06102D002
:1070D00040F40040E061BDE8F081000010B50146D9
:1070E0000348FFF7C3FE0446FFF72EFF204610BDFE
:1070F000D45F020870B5054601F07BFF284600F01A
:1071000095FC040001D002F055FE2846A4B106F01B
:1071100058FC0021204602F01DF9204602F04AFEEC
:10712000002222212046FCF7E9FD2046BDE8704000
:1071300000222421FCF7E2BD00F006FC040007D089
:107140002069A842284604D106F03BFC00202061BB
:1071500070BDBDE8704006F034BC000070B50C4650
:107160000846EBF7F7FE002000F096F92046144A97
:10717000002102F031FC012000F08EF900212046B0
:10718000F7F716FF204600F00BFC10B12046FDF784
:10719000F9F9A068002811D00068002518B1FFF7A0
:1071A000DDF8A0680560A068C06818B1FFF7D6F8E0
:1071B000A068C560A068FFF7D1F8A56070BD0000A9
:1071C000FFFF0F002DE9F047A2B08046FCF753FD0A
:1071D00006464046FCF78DFD012700240546122E89
:1071E00072D0DFF8A092152E6CD0182E7AD14046BE
:1071F000FCF747FD824601462846F3F7F1FA0021E5
:10720000284601F02EF950B105F59070FBF7EEF924
:10721000060004D0FAF7CEFE3046FFF78DF80021C5
:10722000284601F0F3F800285CD002A8FBF71AFA10
:107230008DF80B408DF822408DF832408DF83E409D
:1072400002AA0021284601F079FD0021284601F01C
:107250009DFB80460021284601F08AFB064605F189
:1072600014016846F8F7BEFBBDF80010A1EB08005A
:10727000BDF80410ADF8000001EB0800ADF8040003
:10728000BDF802005146801BADF80200BDF80600B3
:107290003044ADF8060010A800F0F6F802A81490EB
:1072A00068461D94CDE91270CDF8449010AA1A21B9
:1072B0002846FCF723FD6A4602A95046FBF7BEF9B3
:1072C000DAE001E05BE00DE04046FCF710FD064629
:1072D0000078022806D00021284601F0C2F820B12B
:1072E0000220307022B0BDE8F0870021284601F06E
:1072F000C9FA82460021284601F048FB8146002158
:10730000284601F035FB804605F114016846F8F780
:1073100069FBBDF800105246A1EB0900BDF804104E
:10732000ADF8000001EB0900BDF80210ADF8040053
:10733000A1EB0800BDF80610ADF8020001EB080053
:10734000ADF8060069467068EBF70EFB98B10021B6
:10735000284601F04FF8FD280DD328460021682269
:1073600001F028FA10F0FF0F05D10021284601F0A6
:10737000BCF8FD2801D23770B4E73470B2E740465C
:10738000FCF77FFC804602A8FBF76CF90021284639
:1073900001F03CF828B19DF82B0040F001008DF879
:1073A0002B0002AA0021284601F0C8FC0021284633
:1073B00001F0ECFA06460021284601F0D9FA07460A
:1073C00005F114018A466846F8F70CFBBDF8000089
:1073D0004146801BADF80000BDF804003044ADF814
:1073E0000400BDF80200C01BADF80200BDF80600A5
:1073F0003844ADF8060010A800F046F802A8149032
:107400006846CDE91240CDF8449010AA1A212846CA
:107410001D94FCF773FC0021284601F022F830B1DE
:10742000BDF8080018B1069E0127069401E0069EEB
:1074300000276A4602A94046FBF700F9E7B1182089
:10744000FEF72EFF0746BDF9082000235146FBF743
:1074500039F805F590713846FAF7E8FB66B18DF812
:107460000B408DF82A408DF832408DF83E406A4638
:1074700002A94046069621E710AA1B212846FCF7E0
:107480003DFC2FE7D45F020870B50D460446482145
:10749000FFF7AEF8256070BD014908707047000025
:1074A000EC0000202DE9FF4188460846FCF7E3FB8D
:1074B00004464046FCF7E3FB0546012C21D0082C8E
:1074C00021D0032C3CD02A2C3CD00D2C4AD00E2CA1
:1074D0007ED0092C7DD00A2C7CD00F2C7BD0292C7F
:1074E0007AD0222C79D0132C78D0152C03D0182CDC
:1074F00001D0122C34D104B04046BDE8F041FFF772
:1075000061BE2021F9E02021FFF792FD4046FCF703
:10751000EEFBFDF7FCFD002822D10821284601F0F2
:107520009AFA00281CD095F820004FF00101C007FE
:10753000284602D0FFF77CFD30E0FFF7AEF92DE0E2
:107540002021F7E000F073F90646002406E0A86861
:10755000006850F8240001F0E6FD641CB442F6D344
:10756000BDE8FF81082101F076FAF8B14046FCF74A
:10757000BEFB0478132C06D0112C04D0142C07D099
:10758000122C05D008E001212846FFF786F903E018
:1075900001212846FFF74CFD0A2CE1D004B0284613
:1075A000BDE8F04100221C21FCF7A8BB4FF40161AB
:1075B000284601F050FA0028D2D0284601F05FFD9D
:1075C0000028CDD10027284600F096FA064606E0AE
:1075D00069E091E096E0ACE0B1E0CDE0F0E0284673
:1075E00000F0EAFA04464046FCF781FB00781228D6
:1075F0001BD011280CD013282BD01428B0D128462A
:1076000000F072FA800703D0002E38DC002C36DC44
:10761000284600F0CAF90446284600F047FBE11767
:1076200004EB9171A0EBA1000BE0284600F0BDF93E
:107630000446284600F03AFBE11704EB917100EB99
:10764000A10001B204B03A462846BDE8F04102F07C
:107650009BBB284600F048FA8007E6D0002E01DCEC
:10766000002CE2DD284601F0C9F90446284600F066
:1076700016FBE11704EB917100EBA1000BE028462B
:1076800001F0BCF90446284600F009FBE11704EBC1
:107690009171A0EBA10001B204B03A462846BDE8C2
:1076A000F04102F05BBB4FF4806101F0D4F918B1F6
:1076B0000121284602F035FB284600F071F9FCF75D
:1076C0003DFF06460224FDF7E9FC10B94046FCF7F1
:1076D000E9FAFDF728FD022801D0042800D106248C
:1076E0001EB144F00801284607E021462846FFF76E
:1076F000D4F8082128461DE0402104B0BDE8F0413F
:10770000FFF7CBB84021FFF793FC284600F0FEFDC1
:1077100002287FF425AF02AA6946284600F0CEFA77
:107720006946284601F099FC02A9284601F095FC1B
:1077300016E70E2104B0BDE8F041FFF779BC002147
:1077400000F00AFE04460021284600F0B2FE204365
:1077500002D0284601F0E7FC284600F068F806460B
:10776000002406E0A868006850F8240001F0DBFC63
:10777000641CB442F6D3F3E6002141F2010201F0A9
:1077800019F806B22846002141F2040201F012F86D
:1077900004B20021284600F0DFFD074600212846FC
:1077A00000F087FE384305D142F2D170864201D005
:1077B0008442BDD104B02846BDE8F04101F0B3BC1D
:1077C0004046FCF794FA044600212846FFF7C6FA23
:1077D000B4F90010814200DD08462080C0E610B5F3
:1077E0000C4600B96068006868B101690029FAD0E8
:1077F0000021E160026921469047217E0120C907EE
:1078000000D0002010BD012010BD8068002809D0E4
:10781000002902DA4268511803D443680A468B42B1
:1078200001D800207047006850F822007047806837
:10783000002800D04068704770B50C46054600F13E
:1078400014012046F8F7D7F8A868002812D021883C
:10785000808A081A2080A968A088898A0844A080A4
:10786000A9686088898A401A6080A968E088898A46
:107870000844E08070BD70B50C460546002100F05C
:10788000CDFD06462146284600F057F8704202B268
:1078900011462046F8F73EF90021284600F0AAFEDE
:1078A0002188084420800021284600F0E9FEA188B4
:1078B000081AA0800021284600F036FF618808449D
:1078C00060800021284600F041FEE188081AE0802F
:1078D00070BD70B50446002100F026FF054600216A
:1078E000204600F033FE06460021204600F096FDBB
:1078F0000246204600F059F8401B801B514200EB25
:10790000410000B270BD70B50446002100F072FE67
:1079100005460021204600F0B3FE06460021204621
:1079200000F07CFD0246204601F068F8401B801BF9
:10793000514200EB410000B270BD0A4600F1140153
:107940001046F8F758B8000010B5416809B100F0CA
:1079500071F804460A48ECF726F90EE00021426A65
:1079600005E0C36853F82130A34208D0491C8A427D
:10797000F7D801460248ECF728F90028EED110BDEF
:10798000B0B600208068002803D0827E8A4201D8E9
:1079900000207047C06801EB410100EB8100704797
:1079A0008068002800D080687047418BC08A081A20
:1079B000401C00B2704770B5064600F037F805006D
:1079C00001D000240AE0002070BD21462846FFF7C0
:1079D0001CFFB04201D1204670BD641C2846FFF751
:1079E00026FFA042F1D84FF0FF3070BDF0B4468CB6
:1079F00000240425C6F3C50613E000BFC76805EBE5
:107A0000C40C57F80C705FEAC71C09D527F07F47F4
:107A10009F4205D1C06850F83400F0BC03F054BE5A
:107A2000641CA642EAD8F0BC00207047002800D0B1
:107A30004068704700B50146FFF7F8FF0028FAD10B
:107A4000084600BD2DE9F047DFF89480064644461D
:107A5000FFF7EDFE07460025DFF888A00EE0B068CE
:107A60005146006850F82500814600F0FBFF20B920
:107A7000B9F91A00A04200DB04466D1CBD42EED3EA
:107A80000021304600F057FE81460021304600F0CC
:107A900064FD07460021304600F0C7FC054644451A
:107AA00004D0708BC01B401B201A04B2304600F07B
:107AB00035FC80463046FFF778FFA0EB0900C01B7D
:107AC000694200EB4101A8EB0101304600F0EEF8FD
:107AD000081A00B2844200DD2046BDE8F0870000AD
:107AE00001E0FFFF01000400806818B1407E00F053
:107AF0000F0070470F2070472DE9F84F0646002110
:107B000000F051FC012807D0B068002802D0008A9C
:107B1000404200B2BDE8F88F0021304600F0B7FDCA
:107B200000900021304600F06CFD81460021304677
:107B300000F07BFC804641F6FF7A54463046FFF762
:107B400076FE074600250EE0B0681949006850F837
:107B50002500834600F086FF20B9BBF91400A0423F
:107B600000DC04466D1CBD42EED3544506D0B28AFB
:107B700009EB08001044001B04B200E00D4C304635
:107B800000F0DAFB0546304600F038FF0099411A54
:107B9000A1EB0901C8F1000001EB4000291A3046B1
:107BA00000F07DF8084400B28442B3DD2046B1E71E
:107BB0000100040001E0FFFF2DE9F0470646002127
:107BC00000F0F1FB01280AD0DFF8A08030464446DF
:107BD000FFF72DFE07460025DFF894A015E0B068FA
:107BE000002801D0B0F91000BDE8F087B068514618
:107BF000006850F82500814600F034FF20B9B9F93B
:107C00001800A04200DB04466D1CBD42EED30021EB
:107C1000304600F03CFD07460021304600F0F1FC04
:107C200081460021304600F000FC0546444504D062
:107C3000308BC01B401B201A04B2304600F07CFB86
:107C40008046304600F0DAFEC11BA1EB0900694214
:107C500000EB4101A8EB0101304600F020F8081AC2
:107C600000B28442C0DD2046BEE7000001E0FFFF15
:107C7000010004008068002802D0007EC0F381006B
:107C800070478068002802D0007EC0F30110704762
:107C90008068002802D0408A404200B27047806865
:107CA000002802D0008A404200B270478068002855
:107CB00002D0408A404200B2704700002DE9F04FE8
:107CC00091B016460C464FF0FF37054600223B4662
:107CD000114620460097F7F737FF00223B46114632
:107CE00030460097F7F730FF1021284600F0B3FE2A
:107CF000002816D0284600F009FB070011D000200C
:107D0000FDF7D6F98046022F08D010E0FDF7FFF905
:107D1000A84209D04046FDF7CBF98046B8F1000FE4
:107D2000F4D111B0BDE8F08FB8F1000FF9D02846BA
:107D3000FFF7AEFF05902846FFF784FE0C9028461B
:107D4000FFF7DAFE0A902846FFF736FF089028462C
:107D5000FFF7CAFE8146002019F00C0F009014D0E6
:107D6000012F10D0032F02D0022F07D00DE005986D
:107D7000002808DC0C98002805DC06E04046FDF7EA
:107D8000B7F90C2801D101200090002009905FEA8A
:107D9000897014D0012F10D0032F02D0022F07D0EA
:107DA0000DE00A98002808DC0898002805DC06E0A9
:107DB0004046FDF79DF9032801D101200990009963
:107DC00009980843ADD04FF480373946284600F073
:107DD000EAFA012800D000200E903946284600F02B
:107DE000AAFC06903946284600F0B7FB0F903946AA
:107DF000284600F006FC80463946284600F047FC3D
:107E00008146284641F20102394600F0D3FC0FFAC0
:107E100080FB2846FFF7C9FD0490284600F0EEFDE0
:107E20000390009800B158468246099800B1584620
:107E3000109028463946212200F0BCFCC0B202282E
:107E400008D228463946312200F0B4FCC0B20228DC
:107E5000FFF467AFDDE9040101440C98A027084452
:107E600000B20B900098002870D00B980028FBD02F
:107E7000E88A7080688BF0800E9840B1A98A01EB87
:107E800008003080ABF101010844B08007E0298B85
:107E9000A1EB0900B080A0EB0B00401C30800699DC
:107EA0000498411A0F98091A1098081A049900901A
:107EB00048430B9990FBF1F000B205900020F9F7D0
:107EC000BDF800EB8001502000EB4100B0F5A07F31
:107ED0000ADB0020F9F7B2F800EB8001502000EB3C
:107EE000410090FBF7F000E001200599884201DA9B
:107EF000084616E00020F9F7A1F800EB80015020B9
:107F000000EB4100B0F5A07F0ADB0020F9F796F8FE
:107F100000EB8001502000EB410090FBF7F000E007
:107F20000120009900B2091A0AB2049B0B99C91AE0
:107F300009B200290BDCE98A069808447080698B35
:107F40000F98091A1098081A401EF08090E00C9BB8
:107F500012FB03F393FBF1F1511A069AEB8A1144D9
:107F6000194409B2401E71800844F080B5F916200A
:107F700006981044814238DA70800020F9F75EF8E4
:107F800000EB8001502000EB4100B0F5A07F0ADB40
:107F90000020F9F753F800EB8001502000EB41007E
:107FA00090FBF7F000E00120B6F902100844B6F9A2
:107FB0000610884219DD0020F9F740F800EB800137
:107FC000502000EB4100B0F5A07F0ADB0020F9F75C
:107FD00035F800EB8001502000EB410090FBF7F0FA
:107FE00000E0012071880844F080B5F91A2010984B
:107FF000B6F90610121A0F98101A814238DDF08077
:108000000020F9F71BF800EB8001502000EB410045
:10801000B0F5A07F0ADB0020F9F710F800EB800133
:10802000502000EB410090FBF7F000E00120B6F992
:108030000610081AB6F90210884219DA0020F8F77B
:10804000FDFF00EB8001502000EB4100B0F5A07F68
:108050000ADB0020F8F7F2FF00EB8001502000EB74
:10806000410090FBF7F000E00120F188081A7080D1
:108070000A99039801440898084400B204900998AA
:1080800000283FF44EAE04980028FAD0698B0F9870
:10809000081AE080A0EB0B00401C6080A88A2080BA
:1080A000288BA0800399A1EB0801A1EB0901A1EBAA
:1080B0000A00039900904843049990FBF1F000B244
:1080C00002900020F8F7BAFF00EB8000502606EB84
:1080D00040004FF4A07B584509DB0020F8F7AEFFC5
:1080E00000EB800006EB400090FBF7F000E0012081
:1080F0000299884201DA084613E00020F8F79EFF53
:1081000000EB800006EB4000584509DB0020F8F743
:1081100095FF00EB800006EB400090FBF7F000E0DD
:108120000120009900B2091A0AB2DDE90331C91A27
:1081300009B2002916DCA98A0E9840B14144AAF17F
:10814000010008442080298BA1EB090008E001EB25
:1081500008002080298BA1EB0901A1EB0A00401E39
:10816000A080DEE5089B12FB03F393FBF1F1511AAB
:108170000E9A09B2EAB3AA8A401E531808EB0A0203
:10818000991809B221800844A080B5F91400104460
:10819000884233DD20800020F8F750FF00EB80009C
:1081A00006EB4000584509DB0020F8F747FF00EBDD
:1081B000800006EB400090FBF7F000E00120B4F9EE
:1081C00000100844B4F90410884217DD0020F8F7C5
:1081D00035FF00EB800006EB400058450ADB00202D
:1081E000F8F72CFF00EB800006EB400090FBF7F067
:1081F00001E03AE0012021880844A080B4F904108D
:10820000B5F9182078E0A0800020F8F717FF00EB00
:10821000800006EB40005D46A84273DB0020F8F7C3
:108220000DFF00EB800006EB400090FBF7F000BF75
:10823000B4F90410081AB4F90010884291DA002049
:10824000F8F7FCFE00EB800006EB4000A8425BDB89
:108250000020F8F7F3FE00EB800006EB400090FBF7
:10826000F7F0A188081A20805BE5AB8A41441944E5
:1082700009B2401E21800844A080B5F9142002EB09
:108280000800814232DA20800020F8F7D7FE00EBA8
:10829000800006EB4000584509DB0020F8F7CEFED1
:1082A00000EB800006EB400090FBF7F000E00120BF
:1082B000B4F900100844B4F90410884216DD002017
:1082C000F8F7BCFE00EB800006EB4000584509DBE8
:1082D0000020F8F7B3FE00EB800006EB400090FBB7
:1082E000F7F000E0012021880844A080B5F91820AB
:1082F000B4F90410A2EB0A02A2EB0900814282DC6D
:108300000FE5FFE7012093E70120AAE7806818B195
:10831000007E00F0030070470320704708B5054950
:108320006A46496800912C21FBF7E8FCBDF9020080
:1083300008BD0000F05F020808B505496A460968F3
:1083400000912C21FBF7DAFCBDF9000008BD00000C
:10835000F05F0208008C704710B541F2090200F08E
:1083600029FAC0B210BD10B541F2090200F022FA9C
:10837000C0B210BD662200F01DBA10B5512200F047
:1083800019FA002800D0012010BD10B54FF4056285
:1083900000F010FA00B210BD10B541F26A4200F0D0
:1083A00009FAC0B210BD10B541F26A4200F002FAFB
:1083B000C0B210BD10B541F26A4200F0FBF9C0B284
:1083C00010BD10B541F26A4200F0F4F9C0B210BD20
:1083D00010B541F26A4200F0EDF9C0B210BD10B51F
:1083E00041F26A4200F0E6F9C0B210BD44F2200248
:1083F00000F0E0B910B5212200F0DCF9C0B210BDE8
:1084000010B5682200F0D6F9C0B210BD10B5342204
:1084100000F0D0F9002800D0012010BD10B541F2C5
:10842000320200F0C7F900B210BD10B541F23202BD
:1084300000F0C0F900B210BD10B541F2320200F0F8
:10844000B9F900B210BD10B541F2320200F0B2F934
:1084500000B210BD10B541F2320200F0ABF900B22B
:1084600010BD10B5612200F0A5F9002800D0012050
:1084700010BD0000034A10B5128900F09BF9C0B28C
:1084800010BD00001401002010B541F2040200F0FC
:1084900091F900B210BD10B541F2040200F08AF962
:1084A00000B210BD10B541F2040200F083F900B231
:1084B00010BD10B541F2690200F07CF980B210BD28
:1084C00010B541F2690200F075F980B210BD10B527
:1084D00041F2060200F06EF900B210BD10B541F293
:1084E000050200F067F900B210BD10B540F262421B
:1084F00000F060F9C0B210BD10B540F2624200F069
:1085000059F9C0B210BD10B540F2624200F052F904
:10851000C0B210BD10B540F63C0200F04BF9C0B23D
:1085200010BD10B540F63D0200F044F900B210BD98
:1085300010B540F63A0200F03DF900B210BD10B59A
:1085400041F6110200F036F900B210BD10B541F647
:10855000110200F02FF900B210BD10B541F6110262
:1085600000F028F900B210BD10B541F6110200F07C
:1085700021F900B210BD10B541F6110200F01AF950
:1085800000B210BD10B541F6110200F013F900B2AF
:1085900010BD10B541F6110200F00CF900B210BD8B
:1085A00010B541F6110200F005F900B210BD10B58A
:1085B00041F6110200F0FEF800B210BD10B541F610
:1085C000150200F0F7F800B210BD10B541F6150223
:1085D00000F0F0F800B210BD10B541F6150200F041
:1085E000E9F800B210BD10B541F6120200F0E2F851
:1085F00000B210BD10B541F6120200F0DBF800B277
:1086000010BD10B541F6120200F0D4F800B210BD52
:1086100010B541F6120200F0CDF800B210BD10B551
:1086200041F6120200F0C6F800B210BD10B541F6D6
:10863000120200F0BFF800B210BD10B541F61202F0
:1086400000F0B8F800B210BD10B541F6120200F00B
:10865000B1F800B210BD10B541F6120200F0AAF850
:1086600000B210BD10B541F6120200F0A3F800B23E
:1086700010BD10B541F6130200F09CF800B210BD19
:1086800010B541F6130200F095F800B210BD10B518
:1086900041F6130200F08EF800B210BD10B541F69D
:1086A000130200F087F800B210BD10B541F61302B6
:1086B00000F080F800B210BD10B541F6130200F0D2
:1086C00079F800B210BD10B541F6130200F072F84F
:1086D00000B210BD10B541F6130200F06BF800B205
:1086E00010BD10B541F6130200F064F800B210BDE1
:1086F00010B541F6140200F05DF800B210BD10B5DF
:1087000041F6140200F056F800B210BD10B541F663
:10871000140200F04FF800B210BD10B541F610027F
:1087200000F048F800B210BD10B541F6100200F09C
:1087300041F800B210BD10B541F6100200F03AF851
:1087400000B210BD10B541F6100200F033F800B2CF
:1087500010BD10B541F6100200F02CF800B210BDAB
:1087600010B541F6100200F025F800B210BD10B5AA
:1087700041F6100200F01EF800B210BD10B541F62F
:10878000100200F017F800B210BD10B541F610024B
:1087900000F010F800B210BD10B541F6100200F064
:1087A00009F800B210BD10B541F6100200F002F851
:1087B00000B210BD2DE9F04186B00C4606461546C4
:1087C000C2F38028C2F380379FB122F4804510E0C5
:1087D00002AB2A4621463046F4F7A3FD60BBB8F150
:1087E000000F08D00CB1002403E03046FFF71EF95B
:1087F0000646002EECD13CB941F201018D4207D072
:10880000A5F58050043803D0284602F097FF12E007
:10881000306807E08D4202D1828A3AB901E0C28A0B
:1088200012B900680028F5D18D4202D1B0F91400C8
:1088300001E0B0F91600029017B3029835000090DD
:108840001AD0304621466322FFF7B4FF060012D04B
:10885000306880B1284621466422FFF7ABFF10F054
:10886000FF0208D033683046009998470190BDF860
:108870000400ADF800000098029006B0BDE8F08159
:108880000298FAE710B56022FFF794FF00B210BD1E
:1088900010B540F64102FFF78DFF00B210BD10B5D4
:1088A00040F64202FFF786FF00B210BD10B540F659
:1088B0004502FFF77FFFC0B210BD10B540F643027E
:1088C000FFF778FF00B210BD10B54FF40462FFF758
:1088D00071FF00B210BD44F25742FFF76BBF41F287
:1088E0005942FFF767BF41F25942FFF763BF41F2B8
:1088F0005942FFF75FBF41F25942FFF75BBF41F2B8
:108900005942FFF757BF41F25942FFF753BF10B525
:1089100041F25A42FFF74EFF00B210BD10B541F2CE
:108920005A42FFF747FF00B210BD10B541F25B425B
:10893000FFF740FF00B210BD10B541F25B42FFF7F8
:1089400039FF00B210BD10B541F25B42FFF732FFB4
:1089500000B210BD10B541F25B42FFF72BFF00B231
:1089600010BD10B541F25B42FFF724FF00B210BD0D
:1089700010B540F60B02FFF71DFF00B210BD10B599
:1089800040F60B02FFF716FF00B210BD10B540F61F
:108990000A02FFF70FFF00B210BD10B540F60A0241
:1089A000FFF708FF00B210BD10B541F20102FFF75A
:1089B00001FF00B210BD10B541F20102FFF7FAFE4F
:1089C00000B210BD10B541F20102FFF7F3FE00B294
:1089D00010BD10B541F20102FFF7ECFE00B210BD70
:1089E00010B541F20702FFF7E5FE00B210BD10B569
:1089F00041F20802FFF7DEFE00B210BD018B808A53
:108A0000081A401C00B2704770B50546FFF70EF813
:108A1000040012D0E88AE18A451A2046FFF746F999
:108A2000054400212046FFF77FFE2D1A0021204635
:108A3000FFF7F4FC281A00B270BDB5F9160070BD3E
:108A400010B50446FFF7E0FF02462046FEF7ADFFF3
:108A5000104400B210BDC069814301D000207047AE
:108A600001207047C069084000D001207047008C89
:108A7000084000D0012070477FB50D460646022110
:108A8000FFF7E9FF002820D080213046FFF7EFFFF5
:108A9000E8B902A93046FEF7CFFE0022294602A817
:108AA000EAF722F8040012D04FF480313046FFF785
:108AB000D2FF70B101208DF8040000956A461121A3
:108AC0003046FBF71BF99DF8040004B070BD002090
:108AD000FBE72046F9E7F8B514460D4606464FF485
:108AE0000562FFF767FE00B26080002839D030468B
:108AF00029465322FFF75EFEC0B22073022830D908
:108B000029463046FFF7F8FCFD2804D2217B11FBF3
:108B100000F0000A2073207B022822D93046294623
:108B200044F25202FFF746FE0090BDF8000020809C
:108B3000304629465422FFF73DFEA06030462946C4
:108B40005122FFF737FE00B10120617B60F3820103
:108B5000617329463046FFF753FC617B60F30101E6
:108B60006173F8BDF8B514460E4605464622FFF778
:108B700021FEC0B2E07202283CD931462846FFF7F8
:108B8000BBFCFD2804D2E17A11FB00F0000AE07280
:108B9000E07A02282ED9002020804FF48070608077
:108BA000288BA98A4822401A401C00B200EBD070E2
:108BB0004010A080688BE98A401A401C00B200EB8C
:108BC000D0704010E08028463146FFF7F3FD10F0EA
:108BD000FF00A07209D02846314644F24702FFF751
:108BE000E9FD0090BDF80000208131462846FFF7DE
:108BF00007FC2073F8BDF8B514460D4606464FF441
:108C00008B62FFF7D7FDC0B2A076022841D9294672
:108C10003046FFF771FCFD2804D2A17E11FB00F065
:108C2000000AA076A07E022833D929463046FFF7F5
:108C300052FE0090BDF80000A0813046294641F266
:108C40005A42FFF7B7FDA0823046294641F25B4207
:108C5000FFF7B0FD60823046294640F25C42FFF7E4
:108C6000A9FDA17F60F30201A17729463046FFF7F5
:108C7000C7FBA17F60F3C501A17729463046FFF706
:108C80002EFE20603046294641F25D42FFF792FDFC
:108C90002077F8BDF8B514460D46064640F6490261
:108CA000FFF788FD00B26080002846D03046294694
:108CB0004E22FFF77FFDC0B2207202283DD929461F
:108CC0003046FFF719FCFD2804D2217A11FB00F091
:108CD000000A2072207A02282FD93046294644F211
:108CE0004D02FFF767FD0090BDF800002080304680
:108CF00029464A22FFF75EFD00B2A08028B1304627
:108D000029464B22FFF756FDE080304629464C228B
:108D1000FFF750FD08B1012100E00021607A61F306
:108D20008200810861F3C300607229463046FFF774
:108D300067FB617A60F301016172F8BD2DE9F843C8
:108D400014460D4606466022FFF734FD208025B10B
:108D500029463046FFF7D0FB00E0FF208046294639
:108D60003046FFF7C9FB0746022802D9B8F1020FC7
:108D700009D80020E07084F8220084F8360084F8D6
:108D80002A00BDE8F88329463046FFF739FBA0707A
:108D9000E078002851D0304629462122FFF70AFD0D
:108DA000C0B2E070022848D929463046FFF71EFBC2
:108DB0000090BDF80000A080304629462622FFF72B
:108DC000F9FC010007D0487A400704D00A22A01D10
:108DD000FDF730FB31E0304629462322FFF7EAFC5D
:108DE000E17B60F30201E17348071DD0294630465C
:108DF000FFF7FCFA0090BDF80000E08030462946FD
:108E000044F22202FFF7D6FC0090BDF8000060811A
:108E1000304629462422FFF7CDFC207230462946F1
:108E20002522FFF7C7FC2073304629462722FFF78B
:108E3000C1FCE17B60F3C501E1733046294641F294
:108E40003202FFF7B7FC00B2208408B394F8220086
:108E5000F0B1304629463122FFF7ACFCC0B284F8AD
:108E60002200022814D9304629463322FFF7A2FCFB
:108E700094F8231044F2300260F3450184F8231083
:108E800030462946FFF796FC0090BDF80000E083CD
:108E900029463046FFF74CFBE084C8B194F82A001D
:108EA000B0B129463046FFF735FB84F82A00022886
:108EB0000ED929463046FFF734FB20853046294637
:108EC00044F23B02FFF776FC0090BDF80000A0845E
:108ED000A07E68B33046294640F62802FFF76AFCB8
:108EE000206128B3304629462922FFF763FCC0B22F
:108EF000A07602281CD92069FCF787F802286AD0DE
:108F00003046294644F22A02FFF754FC0090BDF88F
:108F100000002083304629462B22FFF74BFCE076E9
:108F2000304629462C22FFF745FC00B1012020776E
:108F300094F8360050B329463046FFF7C5FCE0856B
:108F400020B394F83600022820D929463046FFF78E
:108F5000ADFC84F83600022818D929463046FFF7C0
:108F600097FC208629463046FFF799FC6086294603
:108F70003046FFF7A2FCA0863046294644F2440260
:108F8000FFF718FC0090BDF80000A085B8F1FD0FB8
:108F900002D218FB07F0070AFD2FBFF4F2AE14F857
:108FA000030F10FB07F0000A04F8140BE07810FB25
:108FB00007F0000AE070E07A10FB07F0000AE072A8
:108FC000E07F10FB07F0000AE077E07C10FB07F081
:108FD000000AE074D5E629463046FFF780FC606160
:108FE00029463046FFF777FC0090BDF8000020834B
:108FF0009EE77CB505464FF4002403E02846FEF7C3
:1090000015FD0546FEF712FD28B121462846FFF75B
:1090100022FD0028F2D12846EAF771FE044605F148
:1090200014016846F6F7E7FCBDF800006946001B2E
:10903000ADF80000BDF80200001BADF80200BDF85D
:1090400004002044ADF80400BDF806002044ADF84B
:109050000600284600F001F87CBD1CB504466846B1
:10906000F6F7C9FC69462046FDF70CFE002805D03E
:109070002046FEF769FC6946EAF722FD1CBD006840
:10908000002808D0017E8907F9D0007E00F0030097
:10909000012800D0002070470068002809D0017E18
:1090A00011F00C0FF8D0007EC0F38100012800D031
:1090B0000020704710B504460849FFF7D3FC08B1FB
:1090C000002010BD2046FEF7B1FC0028F9D0002199
:1090D000FFF7F6F90028F4D0012010BD01000600CA
:1090E0007CB50546EAF70BFE044605F11401684617
:1090F000F6F781FCBDF800006946001BADF80000E2
:10910000BDF80200001BADF80200BDF804002044C9
:10911000ADF80400BDF806002044ADF8060028466E
:10912000FDF7B0FD7CBD10B5418C41F001014184DB
:10913000FEF780FC418C41F002014184FEF704FC03
:109140004068002803D0BDE8104003F04BBC10BDC0
:109150002DE9F0479946174688468246FEF767FB99
:109160000646002523E000BFDAF80800B9F1000F39
:10917000006850F8254005D04FF480212046FFF7C5
:109180006AFC98B9A18A002301EB0800A082E08A5A
:109190003A463844E082218B01EB08002083608B43
:1091A0004146384460832046FFF7D2FF6D1CB5422C
:1091B000DAD3BDE8F0872DE9FF47456816460F462C
:1091C00004469DB300212846FFF714FA804600218B
:1091D0002846FFF7A9FA81464FF480212046FFF781
:1091E0003AFC48B1A98A07EB0800084407B2E98AAB
:1091F00006EB0900084410E02846FEF750FDAA8A55
:1092000002EB0801081A384407B22846FEF74EFD63
:10921000EA8A02EB0901081A304406B20021284606
:10922000FFF7FCF8391830440FB206B2A08A381A9A
:1092300007B2E08A301A06B20FB9002E40D020469D
:10924000FFF7D7FE02A92046FEF777FB4FF0000894
:1092500075B169462846FEF70EFB0022694602A852
:10926000E9F782FB5FEA000802D1284600F0A2FD80
:10927000A08A32463844A082E08A39463044E082EF
:10928000208B002338442083608B30446083204649
:10929000FFF75EFF8DB1224622212846FAF72EFD08
:1092A0002046FFF7A6FE0022694604F11400E9F704
:1092B0005BFBB8F1000F07D104E02046FFF799FEF1
:1092C000BDE8FF870028FBD0284600F073FDF7E7D4
:1092D00070B50C00064604D5FEF7A8FBFEF7A7FA0A
:1092E00004443046FEF767FB02463046FEF79EFB1D
:1092F0000546002C2DDBFEF79AFAA04229DD9442A8
:1093000027D015DA6FF00301A24214DDA86801EB43
:1093100082030068C35840F82230521EF4E7A86860
:1093200001EB82030068C35840F82230521C00E071
:109330000421A242F3DBA86800222221006840F841
:1093400024602846FAF7DAFC2846BDE87040FFF7AB
:1093500050BE70BD2DE9F0410D460646FEF791FC6A
:10936000A0B93046FEF794FC04463046FEF76AFB8F
:1093700000280BDA002C09DD4042844200DB044661
:1093800022B22B460021304600F0C0FB3046FEF7EB
:1093900071FC002825D13046FEF7AEFB044630466E
:1093A000FEF70AFC074600213046FEF7FCFF0128C5
:1093B0000BD0002F15DA002C13DD7842844200DB3D
:1093C000044621B22B46002206E0002C09DA002FC9
:1093D00007DD2B46002221463046BDE8F04100F073
:1093E00095BBBDE8F0812DE9F14F82B00298FFF7FF
:1093F00061FE00287DD10298FEF718FB0090002145
:109400000298FFF7EDFA824600210298FFF7EFFA83
:109410000746009868B1FEF776FA81460098FEF795
:1094200058FA0546CAF341304FF0640B012803D0C7
:1094300012E03A46514694E02AF4C040B0F5FA6F83
:109440000ADCB0F57A7F01DDC0F57A7000FB09F027
:1094500090FBFBF00FFA80FAC7F3413001280DD1E1
:1094600027F4C040B0F5FA6F08DCB0F57A7F01DD73
:10947000C0F57A70684390FBFBF007B2002143F21D
:109480000C020298FFF796F906B2002143F20D0292
:109490000298FFF78FF902B20298FFF7AFFA804601
:1094A0000298FEF782FA0446C6F3413001280ED135
:1094B00026F4C040B0F5FA6F09DCB0F57A7F01DD23
:1094C000C0F57A7000FB08F090FBFBF006B2C2F327
:1094D000413001280FD122F4C040B0F5FA6F0ADC08
:1094E000B0F57A7F01DDC0F57A70604390FBFBF048
:1094F00000E056E002B20AEB060006B2B81807B266
:1095000000210298FEF72FFF50B1012827D0801EBE
:10951000082824D2DFE800F00B13202B3318383B47
:1095200000210098FEF738FF012808D017E009EB6A
:10953000D971491008EBD870A1EB600001E0A9EBEC
:109540000800304406B20AE005EBD570401004EB89
:10955000D471A0EB610000E0281B384407B23A4602
:109560003146029803B0BDE8F04FFFF724BE09EB87
:10957000D971491008EBD870A1EB600001E0A9EBAC
:109580000800304406B2E7E7A9EB080006E009EB63
:10959000D971491008EBD870A1EB6000304406B2D5
:1095A000D2E7BDE8FE8F2DE9F04F0446408C87B02E
:1095B000410501D580057ED42046FEF737FA5FEAE3
:1095C000000878D02046FEF797FA0190608C0026BC
:1095D00040054FF4FA6B42F2D17A03D52046FFF7EB
:1095E0000DFA5FE000212046FFF7DEF90546504501
:1095F00001D1012600E00026C5F34130012805D144
:1096000025F4C040584501DC012000E000208146DF
:109610004046FEF778F9074626B12046ECF740FAB7
:1096200005462BE0B9F1000F28D0B8F8220040051C
:1096300018D400214046FFF7B7F9504512D1002158
:109640002046FEF7EBFE054600212046FEF7D2FF3E
:1096500000EB050900212046FFF712F8411901EB44
:1096600009000AE025F4C040B0F57A7F01DDC0F5BD
:109670007A707843642190FBF1F005B22046002116
:1096800041F20202FFF796F80FFA80F92046002116
:1096900041F20302FFF78EF802B23B4649462846E4
:1096A000F7F79AF907462046FEF7F2FA00904FF0D6
:1096B0000009608C00E06FE0800503D52046FEF7CE
:1096C00074F955E000212046FEF7DEFEA0F51C519E
:1096D0000546D13906D000208146C5F34130012826
:1096E00002D007E00120F7E725F4C040584501DC2F
:1096F000012000E0002083464046FEF7EAF882465B
:10970000B9F1000F04D02046ECF758F905461BE0EC
:10971000BBF1000F18D0B8F82200800507D4002153
:109720004046FEF7B1FEA0F51C51D13938D025F4E2
:10973000C040B0F57A7F01DDC0F57A7000FB0AF019
:10974000642190FBF1F005B22046002141F20502B0
:10975000FFF730F80FFA80FB2046002141F20602A5
:10976000FFF728F802B2534659462846F7F7FFF8A4
:10977000054656EA090605D0DDE90021002320460A
:1097800000F0C1FA2046FFF739F9B8421BD1204654
:10979000FEF70BF9A84216D1002007B0BDE8F08F04
:1097A00000212046FEF73AFE054600212046FEF73E
:1097B000BBFF00EB050B00212046FEF7C7FE411959
:1097C00001EB0B00BFE72046FFF713FC02A9204680
:1097D000FEF7B3F804A94046FEF74DF8002204A9AD
:1097E00002A8E9F7C1F8060002D1404600F0E2FA0B
:1097F000E08A6D1E2844608300212046FEF7CCFDE0
:1098000001281CD0A08A7F1E3844208302AA292167
:109810002046FAF773FA224622214046FAF76EFAFA
:109820002046FFF7E6FB00212046FFF793FD0022CC
:1098300004A904F11400E9F797F836B904E0208B85
:10984000C01B401CA082E1E710B1404600F0B2FA14
:109850000120A2E738B50446EAF751FA0546002090
:10986000ADF800006A4613212046FAF747FABDF921
:109870000000A84202D02046FFF7BBFBA06818B149
:10988000BDF80010C18209E0BDF8000030B12046EB
:10989000FDF7DAF9A168BDF80000C882BDF9000043
:1098A000A84202D02046FFF7A4FB38BD70B505469C
:1098B0000021FFF779F8044600212846FEF7E4FD71
:1098C00042F2D1718C4203D0884201D0002070BD99
:1098D0002846FFF728FC012070BD00002DE9F04765
:1098E00006462C4814460D46007800284FD03046D6
:1098F000FFF77FFB05F47F05E0044FF470294FF676
:10990000FF771ED54D4514D09DB13046002141F260
:109910000402FEF74FFF00B242F2D178404508D072
:109920003046002141F20102FEF744FF00B24045FB
:1099300014D100222A213046FAF7E0F93046FFF729
:10994000F2FB4D4500D04DB9BC4201D0A00405D575
:109950003046FEF76BF808B1FFF7E5FBBC4201D0DB
:10996000200502D53046FFF775FF3046FFF741FB73
:10997000BC4204D060050AD514F4C05F07D0B5F529
:10998000803F04D03046BDE8F04705F018B8BDE888
:10999000F0870000EC000020F0B4448C0023042584
:1099A000C4F3C5040BE000BFC66805EBC307F65956
:1099B000F70103D526F07F46964202D05B1C9C42FD
:1099C000F2D89C4202D1F0BC00207047C06850F829
:1099D0003300F0BC01F030BF2DE9F05F4FF6FF7AA5
:1099E0000F0005461FFA82F802F47F09564602D09E
:1099F000F87900B900260024214659E0EA680420DD
:109A000000EBC40B964652F80B00C0F307424FEA36
:109A1000024C524683B2904501D0434509D1B9F575
:109A2000702F01D0CC4504D12FB15EF83430BB4249
:109A300001D0641C3CE0800104D50023494628463F
:109A400007F01CF8E86850F80B10CA0101D489012E
:109A50000CD550F8340001F052FFE86850F834009B
:109A6000FCF77CFCE968002041F83400204608221D
:109A70000AE0E96802EBC00C01EBC0036144401C42
:109A8000D1E900C1C3E900C1698CC1F3C501491E18
:109A90008142EED8688CC108491E61F3C800688411
:109AA000C0F3C500C100E868FCF79CFC0121E86038
:109AB000688CC0F3C500A042A0D8002908D0002EB1
:109AC00006D0324649462846BDE8F05FFFF706BF9C
:109AD000BDE8F09F70B506460B480078002812D00C
:109AE00000200CE0002506E0E06850F82510304624
:109AF00005F041F86D1C606AA842F5D82046F7F7DA
:109B0000D5FA0400EED170BDEC0000202DE9F04143
:109B10001646074690B00D4651EA060076D0012B56
:109B200019D03C493846F5F743FA04463A493846D5
:109B3000F5F73EFA804632462946384605F0D0F918
:109B400054EA080462D010B03846BDE8F041002263
:109B50000A21FAF7D3B83846FDF7F6FE8046684684
:109B6000F5F76AFA2D484FF4C874009703902DB3A7
:109B70004046F7F775FA40102A460021F5F7C3FA78
:109B8000C82801D2C82002E0A04200D920460A908D
:109B90003846FEF784F84142281ACDE908101E48DD
:109BA00001901F48079106906A4609213846FAF746
:109BB000A5F801282AD16846F5F7B2FA002E25D07B
:109BC0004046F7F793FA401032460021F5F79BFA2A
:109BD000C82801D2C82002E0A04200D920460A903D
:109BE0003846FEF763F84142301ACDE908100948BB
:109BF00001900B48079106906A4609213846FAF70A
:109C00007DF8012802D16846F5F78AFA10B0BDE860
:109C1000F0810000A5EF01088DEF010839EC010883
:109C20009FF000082DE9F0471546824699460C46FC
:109C300051EA050065D0504600F01AFC5046FEF788
:109C40002EF840420FFA80F808EB040004B200211D
:109C50005046FEF7A8FB012813D0002C13DC25DAB0
:109C60005046FDF749FF06465046FDF7A5FF304434
:109C700000B2002800DA00204042844216DA04B222
:109C800014E0002C02DA4FF000040FE00EDD504625
:109C9000FDF732FF06465046FDF78EFF304400B216
:109CA000002800DA0020844200DD04465046FDF71B
:109CB000FDFF404206B2701905B2002D02DD4FF0E3
:109CC000000510E00FDA5046FDF7E2FF0746504668
:109CD000FDF7B8FE384400B2002800DA0020404208
:109CE000854200DA05B2A4EB080001B2A81B02B25B
:109CF00051EA020005D04B465046BDE8F047FFF759
:109D000005BFBDE8F08770B516461D4604461A46E5
:109D100000F024F82A4631462046BDE8704000F0A5
:109D200033B8F8B50E46044600F0A2FB00200090C0
:109D30002046FDF77BFE054604F114070AE0334692
:109D40006A462146384604F085FF2C462046FDF73A
:109D50006DFE0546002DF2D1F8BD000070B50D4630
:109D6000144606460749F5F723F93046FDF797FFF5
:109D7000401B01B223463046BDE870400022FFF789
:109D800051BF00008DEF010870B50D461446064620
:109D90000749F5F70DF93046FDF788FF401B02B281
:109DA00023463046BDE870400021FFF73BBF00006E
:109DB000A5EF01081FB5044602AA6946FDF77EFF1C
:109DC0006846F5F77BFE20B902A8F5F777FE002874
:109DD00010D06846F5F772FE18B169462046FFF7C5
:109DE0003CF902A8F5F76AFE002803D002A9204634
:109DF000FFF733F91FBD002200F0FEB970B50D4624
:109E00000446FCF721FFA068858270BD70B5164638
:109E10001D460446002200F035FA00223146204655
:109E200000F018FA00222946204600F033FA0448D0
:109E30000022808981B22046BDE8704000F038BA27
:109E40001401002010B50446002200F00BFA04486B
:109E50000022808981B22046BDE8104000F028BA77
:109E60001401002010B50446002200F003FA204639
:109E7000FDF7DCFDBDE81040FFF755B938B50C46DD
:109E8000054600236A4641F20401FDF7AFFD0128B3
:109E900007D0002804D100222146284600F002FA0B
:109EA00038BD0098A042F6D138BD2DE9F0410C46EE
:109EB00015461F4606461946F3F7E4F82A4621469A
:109EC00001F0F6FD224639463046BDE8F041FFF785
:109ED00005BD70B5064640680C46002867D0002CCA
:109EE00065D03046FFF785F82046FCF7ADFE3046DA
:109EF0007568FDF760FD0146042207E0A86802EBE3
:109F000081030068C35840F82130491C2846FDF7FA
:109F10008EFC801E8842F1DAA9684868401E4860BD
:109F2000A96805D0820008681146FCF75BFA03E0D7
:109F30000868FCF713FA0020A9680860A16848685F
:109F4000401C4860A26881001068FCF74BFAA168C9
:109F500008602046FDF76BFC6FF0030101EB800009
:109F6000A16809680E50002128467460FFF7F2F9D5
:109F70002846FFF71FFF324622212846F9F7BEFE8A
:109F8000002224212846F9F7B9FE32462221204634
:109F9000F9F7B4FE002223212046F9F7AFFE304640
:109FA000FFF7C1F83046BDE87040FFF722B870BD3A
:109FB00070B51546044600F028FA29462046BDE84B
:109FC000704000F039BA70B50C460546FCF73CFE0F
:109FD000A868017E01F00302A24207D064F30101E8
:109FE00001762846BDE87040FFF703B870BD70B534
:109FF0001546044600F0F2F929462046BDE87040B7
:10A00000FFF73CBF2DE9F34F87B08146008C0899DC
:10A0100088427DD00390A9F820104846089A0399F9
:10A02000E9F714FF5FEA000872D04FF4207420466D
:10A03000FCF736F921460290FCF7DAFA00252846AB
:10A0400093E000BFD9F80C10042201EBCA0002EB28
:10A05000CA040490085920F07F4000F007FA0090ED
:10A06000D9F80C00005920F07F4000F0FCF9069070
:10A0700008990098884376D104984068800172D48A
:10A08000049867220068838819040AD5006804E0F0
:10A09000914201D144681DE0083001880029F7D1C0
:10A0A00061E0C179A9B301290FD90468002004EB4C
:10A0B000810307E033F81060964202D104EB800080
:10A0C00007E0401C8142F5D84DE0C3F30E0167293B
:10A0D00049D10468002740E0002620E0029806EB02
:10A0E000860100EB81010591D1F804B0584600F0DB
:10A0F000BDF90190584600F0B6F9216831F81720F3
:10A10000059909898A4209D10699884206D101E058
:10A110006FE028E0DDE90001814202D2761CAE4208
:10A12000DCD3AE4218D1029A05EB8500A18922F852
:10A130002010029A218A02EB80006D1C4180A168E8
:10A14000C160216831F817100181616801610499CB
:10A15000496821F07F4141607F1C206830F817007A
:10A1600008B1202DB8D30AF101008246B9F82200C7
:10A17000C0F3C501514502D9202DFFF463AF00247F
:10A1800010E000BF029804EB840100EB81067068C8
:10A1900000F069F9014600964846089B039AE9F7E2
:10A1A000B5FD641CAC42EDD30298FCF7C5F8B8F1DC
:10A1B000010F0ED0B8F1030F11D0B8F1020F18D172
:10A1C0004846FEF716FF09B04846BDE8F04FFFF7D6
:10A1D00041BB09B04846BDE8F04FFEF70ABF09B0E1
:10A1E0004846BDE8F04F4FF6FF724FF47021FFF77D
:10A1F00075BB09B0BDE8F08F13460A4641F209016C
:10A20000FFF753BE07B481B01346BDF80810ADF890
:10A210000010009A202104B0FFF747BE07B481B0B8
:10A220001346BDF80810ADF80010009A222104B0C2
:10A23000FFF73BBE13460A462321FFF736BE1346FF
:10A240000A4640F62801FFF730BE13460A46212190
:10A25000FFF72BBE13460A4601498988FFF725BE42
:10A260001401002013460A4601490988FFF71DBE64
:10A270001401002013460A4601490989FFF715BE5B
:10A280001401002013460A4601494988FFF70DBE14
:10A290001401002013460A460149C988FFF705BE8C
:10A2A0001401002013460A4641F20401FFF7FDBDE8
:10A2B00013460A4641F26901FFF7F7BD13460A4605
:10A2C00040F26241FFF7F1BD07B481B01346BDF81B
:10A2D0000810ADF80010009A3B2104B0FFF7E5BD6F
:10A2E00013460A4640F63C01FFF7DFBD13460A4617
:10A2F00040F63D01FFF7D9BD13460A4640F63A0144
:10A30000FFF7D3BD13460A4641F61101FFF7CDBD55
:10A3100013460A4641F61201FFF7C7BD13460A4627
:10A3200041F61301FFF7C1BD13460A4641F610017D
:10A33000FFF7BBBD13460A466021FFF7B6BD07B461
:10A3400081B01346BDF80810ADF80010009A442102
:10A3500004B0FFF7AABD13460A4640F64501FFF7D1
:10A36000A4BD13460A4640F64301FFF79EBD1346BF
:10A370000A464FF40461FFF798BD13460A4641F2BE
:10A380005D41FFF792BD07B481B01346BDF80810D8
:10A39000ADF80010009A40F2574104B0FFF785BDB8
:10A3A00013460A4641F25941FFF77FBD13460A465C
:10A3B0004FF48B61FFF779BD13460A4641F2010164
:10A3C000FFF773BD13460A4641F20701FFF76DBD63
:10A3D00013460A4641F20801FFF767BD38B50C463F
:10A3E000054600236A4641F20101FDF7FFFA012804
:10A3F00007D0002804D1002221462846FFF7DCFFC1
:10A4000038BD0098A042F6D138BD38B50C46054697
:10A4100000236A4641F20701FDF7E8FA012807D058
:10A42000002804D1002221462846FFF7CBFF38BD83
:10A430000098A042F6D138BD38B50C460546002339
:10A440006A4641F20801FDF7D1FA012807D0002839
:10A4500004D1002221462846FFF7BAFF38BD0098F4
:10A46000A042F6D138BD00F47F00704780B270473B
:10A4700070B50B4D2978002911D101212970FDF704
:10A48000D9FA044606E000BF20F0020060842046AE
:10A49000F4F786FB608C8107F6D40020287070BD2D
:10A4A000E400002008B5132802D209B1042905D917
:10A4B000F6F7E5FA0090BDF8000008BD044A491E11
:10A4C000C9B202EBC00000EB4100008808BD0000EB
:10A4D0000498020808B5132802D209B1052905D944
:10A4E000F6F7CDFA0090BDF8000008BD054A491EF8
:10A4F00000EB8000C9B202EB400000EB4100008895
:10A5000008BD00004697020808B5132805D3F6F7E2
:10A51000B6FA0090BDF8000008BD024901EB40000A
:10A52000008808BD20970208002801DAC0F57A707B
:10A5300040F4005000B27047002801DAC0F57A708C
:10A5400040F4005000B2704710B5B0F90420B0F9E3
:10A5500000304088D21A02EBD27252100C88134499
:10A5600049881044E31A081A12FB02F113FB03F2A4
:10A5700010FB0020884201D8012010BD002010BD32
:10A5800010B50E48F6F78AFC0C4CF0200D4A2080DE
:10A590004FF48C7060800A48A2F5525160614FF40C
:10A5A000D253A1F11C00F6F769FC04F14C00E06005
:10A5B000BDE810404C38F6F79BBC0000B84B0020BB
:10A5C000FD680008A080002010B50648FAF72EFDAF
:10A5D00004480121017004494160FAF73BFD034939
:10A5E000486010BD20B5002001080208BC00002012
:10A5F0002DE9F04F544E054689B0706801688C6BA8
:10A60000C96889682160016809698A0701D4C90796
:10A6100023D0F6F76BFD401E07B27068F6F720FDF9
:10A62000401E03B20022114601A80097F5F78CFAEC
:10A6300001A9616070680068027CC068920705D556
:10A64000826942F002028261A16076E081698269DA
:10A6500061F341028261A5606FE0A9882A88891AA6
:10A66000491C0FFA81F9E9886A88891A491C0FFA8E
:10A6700081F8F6F73BFD0146B5F90600814203DC9F
:10A680007068F6F733FD401E07B242464946B246AF
:10A690007068F2F75FFD81460026B5F902000DF102
:10A6A0000C0B28E02A88ADF80C20AA88ADF8102001
:10A6B000ADF80E00ADF81210C4F804B0C4F808B03C
:10A6C000DAF804000168C96889682160BDF91210D0
:10A6D000B94201DDADF81270BDF91260B74205D183
:10A6E0000068C068816941F002018161204600F084
:10A6F0002DF80FFA88F000EB0908A8F10101B94222
:10A70000D0DDB7421CD02988ADF80C10A988ADF86F
:10A710001010ADF80E00ADF81270C4F804B0C4F813
:10A7200008B0DAF804000168C96889682160006827
:10A73000C068816941F002018161204600F006F89D
:10A7400009B0BDE8F08F0000F0000020F0B54E4CDD
:10A7500006468FB06068F6F77FFC0546006850B18A
:10A76000686828B107E060680068816A01B18847BD
:10A7700028690028F7D100256068F6F7A1FC01469A
:10A78000706800F0CDF807466068416919B17068DB
:10A7900000F0C6F8054657EA05004BD1B06AB0B1E3
:10A7A0006846F7F75FFF6068C16A049190F8291066
:10A7B0008DF81A10418DADF8041090F829008DF82D
:10A7C0000300B36A694630467268984732E06068B1
:10A7D000C06AF8B109A9FAF77BFB01282AD10998C8
:10A7E0000022410D491EC0F38A230091114607A89B
:10A7F0005B1EF5F7A9F901A8F6F70AFF606807AA3A
:10A8000090F829108DF80F10C36A01A93046F6F7A9
:10A81000D7FE0FE06846F7F725FF6068418DADF879
:10A82000041090F829008DF80300694630467268DC
:10A83000F7F704FF6068406928B105B90546294665
:10A84000304600F071F90FB9606807693046394643
:10A8500000F06AF96068F6F721FC0146304600F026
:10A8600063F96068F6F712FC0146304600F05CF9C7
:10A8700060680168097C890704D40FB0BDE8F04026
:10A88000ECF78CBF0FB0F0BDF000002070B5234D89
:10A89000002028606868B0F85041002C3DD00026A8
:10A8A00003E0011991F8301179B1641EF9D50168FE
:10A8B000C9688A6922F001028A610068C0688169FA
:10A8C00021F002018161002422E02646EFE7011910
:10A8D00091F83011D9B9B44205D10168C9688A69C3
:10A8E00042F001028A610168C9688A6922F00202A5
:10A8F0008A6100EBC4003030FFF77AFE686800EB35
:10A90000C4003030F5F7DAF8296808442860641C80
:10A910006868B0F85011A142D9DC70BDF000002089
:10A920002DE9FC410D460024804622461431E8F70B
:10A930001BF858B301212846FEF78DF830BB0020E4
:10A940008DF800006A4612212846CDF80480F9F7F8
:10A95000D5F99DF80000022805D02846FCF767FFCE
:10A96000074600260CE00020BDE8FC81A8680068CE
:10A9700050F826104046FFF7D3FF040006D1761C9E
:10A98000BE42F3D39DF8000000B92C462046EBE709
:10A990002DE9FC410025DFF8B4804FE0294491F80F
:10A9A0003011E9BB002441E0011991F83011C1BB1D
:10A9B000A5423AD000EBC40100EBC5003030303185
:10A9C000E8F726F868B37068B04600EBC40200EB05
:10A9D000C501684630313032E8F719F96846F5F7B5
:10A9E0006DF80646D8F8040000EBC5003030F5F7E6
:10A9F00065F80746D8F8040000EBC4003030F5F7DE
:10AA00005DF83844864210D2D8F80400464600EB80
:10AA1000C50069463030F4F7F7FF0120716801E0A6
:10AA20000BE002E0214481F83001641CD8F80400F6
:10AA30004646B0F85011A142B6D86D1CD8F80410A3
:10AA4000B1F85021AA42A9D8BDE8FC81F00000204D
:10AA50002DE9F0438846044687B001214046FDF7C2
:10AA6000FAFF00285DD102A94046A668FCF765FF01
:10AA70004046E9F744F90146024602A8F5F74AF8CC
:10AA800002AA314604A8E7F747FF002849D00DF194
:10AA90001009224614214046C4F80890F9F72EF90F
:10AAA000224615214046F9F729F92246162140464B
:10AAB000F9F724F94FF400214046FDF7CCFF20B10F
:10AAC000306800907068019006E008F11402314689
:10AAD0006846E7F721FF90B1C4F808D04046FCF77C
:10AAE000A6FE0746002508E0D8F80800006850F8E0
:10AAF00025102046FFF7ACFF6D1CBD42F4D3224663
:10AB000017214046C4F80890F9F7F8F822461821B2
:10AB10004046F9F7F3F8224619214046F9F7EEF8D6
:10AB2000A66007B0BDE8F0832DE9F0470C00814630
:10AB300005D11B484068F6F7C3FA04002AD0214625
:10AB40004846FFF785FF1FE00027FCF770FE06462A
:10AB5000002508E0A068006850F82510E7B14846D5
:10AB6000FFF776FF6D1CB542F4D34A461721204605
:10AB7000F9F7C4F84A4618212046F9F7BFF84A46C3
:10AB800019212046F9F7BAF8A0464046FCF74EFFD7
:10AB90000400D9D1BDE8F0874145E3D10127E1E7C1
:10ABA000F000002010B591F82A000C4620F00100BA
:10ABB00081F82A0000208884C88408851021204656
:10ABC000FCF7FCF94FF400712046FCF7F7F9214639
:10ABD0000548FCF74BF9FCF7B7F92046BDE81040F3
:10ABE000002202A100F00AB9349A02084F70746979
:10ABF0006F6E20310A4F7074696F6E20320A4F7089
:10AC000074696F6E20330A4F7074696F6E20340A56
:10AC10004F7074696F6E203500000000F8B50E4665
:10AC20005648FCF7DCFD01282ED13046F9F723F811
:10AC300005463046F9F75DF804462C2D1CD02A2D28
:10AC400023D0292D2DD0012D2DD0022D37D0082D28
:10AC500050D0032D4ED00E2D50D00F2D5DD00D2D88
:10AC600066D0132D7CD0152D01D0182D0CD1304677
:10AC7000BDE8F840EEF797BC3046F9F738F80546DE
:10AC80002046F2F7C5FC2880F8BDF2F7F7F918B1B5
:10AC900000222A21F9F732F82046FEF707FE0021AC
:10ACA00041E0002140E0A06A20F400312046A1628A
:10ACB000F2F7E4F9BDE8F8403149F4F779B9FAF769
:10ACC000EDF96946FAF734FABDF802000028DBD046
:10ACD0002046F2F7D3F90546FDF796FEBDF80210BF
:10ACE000084401B22846FFF7A7FBA06A40F40030F1
:10ACF000A062F8BDBDE8F84003F080BEFCF750FE4E
:10AD0000F9F71CFC0546FAF7C9F9FAF70CFA04281A
:10AD100000D115B1E08C2085F8BDE18C208D8142F9
:10AD2000FAD0E08401212046BDE8F84003F060BD80
:10AD30003046F8F7DCFF0078132812D0122810D024
:10AD4000142801D01128E7D1E08C0028E4D0258D0B
:10AD5000401E81B20122204600F0BBF82585F8BDD7
:10AD600006E0E08CA18C401C8842F8D2258DF0E7EB
:10AD7000F2F784F9BDE8F840FEF76CBD189A0208B6
:10AD8000DDF0010870B50E460846F8F774FF04467A
:10AD9000152805D031461848FCF721FD012823D19C
:10ADA0003046F8F7A6FF0546132C08D0292C1CD0F6
:10ADB000152C19D13046BDE87040EDF7A7BA3046E2
:10ADC000F8F795FF04462846FCF730FEF2F720FC22
:10ADD00006462846FDF712FE0246B4F90000B11AF5
:10ADE000884200DC0846208070BDFCF71FFEBDE8ED
:10ADF0007040002103F0FCBC349A02082DE9F84FA2
:10AE000015465FEA010904460DD02046F2F736F9EF
:10AE10004FF0000B0090A4F826B0A4F828B0A4F8D6
:10AE200024B0584606E0FEE70A2902D1A18C491C4D
:10AE3000A184401C19F800100029F5D1A08C401CF9
:10AE4000A08494F82A00DDB340F0010184F82A10B0
:10AE50004846E5F778FA471CC7EBC7008246FBF780
:10AE60001FFA06460025A0F1010800BF07FB056098
:10AE70004946E5F77DFA6D1C07FB05F10A20EDB2A6
:10AE800001F80800072DF1D30AEB060101F801BC17
:10AE900031460098FBF724F93046FBF74DFAA08CB9
:10AEA00000EB4001E184C0EBC000A0842046F3F732
:10AEB000BDFAE08C20850098BDE8F84FFEF7CABCCB
:10AEC00020F0010084F82A0049460098FBF708F9B1
:10AED000EFE730B490F82A30DB070BD0C38C07249F
:10AEE000B3FBF4F313B1A3EBC3042144C3EBC303DB
:10AEF000194489B2838C8B4200D8591EC1840185C4
:10AF000030BC114603F074BC10B5F6F791F8BDE8FB
:10AF10001040F6F7D5B800002DE9F04FA1B09946E2
:10AF200015468A460646DDF8A8B0FCF70DFD044636
:10AF3000FFF7EAFF0746A06940F26248C8B1B8428D
:10AF400017D0F6F7E9F80021A069F4F731F80022EC
:10AF50001146A069FFF72CF800224146A069FEF7D0
:10AF60001BFD94F82800C00702D03846FCF7C2F851
:10AF7000A769A661606938B194F82810C90703D0A1
:10AF8000FCF7B8F80020606184F828B00021304652
:10AF9000F4F70EF8FFF7B8FF0021F4F709F80022E4
:10AFA00011463046FFF704F8FFF7AEFF00221146C6
:10AFB000FEF7FEFF002241463046FEF7EDFCFFF7AC
:10AFC000A3FF00224146FEF7E7FC6846F4F734F899
:10AFD000494800960290C9F100064848CDE90A5652
:10AFE000039010A8F4F728F820691090CDE91A56BC
:10AFF000BAF10A0F4AD2DFE80AF0050913191F2631
:10B00000365768793E480190002004E03C480190A2
:10B010002046F6F725F800210790CDE9080135E034
:10B02000374801902046F6F71BF80AE035480190B2
:10B030002046F6F75BF8EEE7324801902046F6F737
:10B0400055F84042E7E72E4801902046F6F708F809
:10B0500000210790CDE90801294811900D462046AE
:10B06000F5F7FEFF2FE0264801902046F5F7F8FFA0
:10B07000404200210790CDE90801214811900D467A
:10B080002046F5F7EDFFCDE9185017950022252150
:10B090003846F8F733FE6846F4F742F810A8F4F79C
:10B0A0003FF821B0BDE8F08F164801902046F6F732
:10B0B0001DF800210790CDE90801124811900D46B6
:10B0C0002046F6F713F84042DDE70E48019020468F
:10B0D000F6F70CF8404200210790CDE90801094835
:10B0E00011900D462046F6F701F8CCE7064801908E
:10B0F0000020FF2190E7000015EC0108CFEB0108CC
:10B10000D1F00108D7F00108DDDA010870B50020A0
:10B11000086791F874000C4620F0030081F8740071
:10B120004FF440712046FBF749FF10212046FBF702
:10B1300045FF0020F5F782FF502505EBC000B0F574
:10B14000A07F08DB0020F5F779FF05EBC000A02108
:10B1500090FBF1F000E0012001B22046BDE8704014
:10B16000FEF74CBE2DE9F34F83B0FE480499FCF77F
:10B1700036FB012852D10498F8F77DFD0546049866
:10B18000F8F7B7FD044600F047FA0646112D17D030
:10B19000012D46D0022D78D0082D77D0032DFCD07C
:10B1A0000E2D74D0292D73D0132D72D00D2D71D08A
:10B1B000152D33D1049805B0BDE8F04FECF7E2BF90
:10B1C0000498F8F794FD0546A06810B1B0F9147022
:10B1D00000E0002704F168016846F4F74BFC3A46AA
:10B1E00011466846F4F796FC002268462968E7F79E
:10B1F0007BFC2871002811D1022E0FD104F16001CF
:10B200006846F4F737FC3A4611466846F4F782FC84
:10B21000002268462968E7F767FC287105B0BDE899
:10B22000F08F2046FDF7E5FE94F8740040F0010130
:10B2300084F874109EB1012E11D0022EEED1F9F7D0
:10B240002DFF6946F9F744FF2046FDF7D7FB054679
:10B250002046FCF7AAFB854204DB012503E004F14C
:10B2600024003BE0002500212046FDF7B1F8A5B3FE
:10B270000128BDF900000ED0B4F96C108842EEDC54
:10B28000B4F96010884241DB0DE062E0D6E008E1ED
:10B2900015E11AE189E1B4F968108842DFDBB4F9FD
:10B2A0006410884232DCB4F96410B4F96000091A01
:10B2B00001EBD17100EB6102BDF90000111A002908
:10B2C00000DC811A0BB2B4F96C20B4F96810521A80
:10B2D00002EBD27201EB62022EE00DE020679DE7E7
:10B2E00008B298422DDA04F1240044F8700F207956
:10B2F00020F00200207191E7BDF90200B4F96A2044
:10B300009042ACDBB4F96610884202DD04F13000F3
:10B31000E4E7B4F96230C91A01EBD17103EB6103C0
:10B32000191A002900DCC11A0BB2B4F96E10891A7F
:10B3300001EBD17102EB6102111A0029D0DC811AF4
:10B34000CEE704F1300044F8700F207940F002009D
:10B35000D0E7206F0028C2D0F9F7A0FE0546F9F724
:10B36000E2FE0128BBD169462846F9F7B1FE00216B
:10B370002046FDF72DF882462046FDF73FFB0646A6
:10B380002046FCF712FB054600212046FDF755F943
:10B39000804600212046FDF796F907460021204609
:10B3A000FDF7ECF9814600212046FDF7F2F8024650
:10B3B000D4E90A010B1AAE421FDBA6EB0802D21B2E
:10B3C00015B2BAF1010F11D0B4F91470BDF90060D3
:10B3D00007EB0802B21A5A4392FBF5F2236F04F10D
:10B3E00030050244AB4214D1616A13E0B4F918206D
:10B3F000BDF90060D21B921BEDE7AE1AA6EB090562
:10B40000B4F91A70BDF902603A44B21A2DB2524230
:10B41000E1E7206B824201DA024602E08A4200DD67
:10B420000A461868904296D020461A60FDF7E1FD62
:10B4300000221C212046F8F761FCEFE694F8740026
:10B4400020F0010184F87410002120462167FDF7E7
:10B45000D0FD2046FCF7A4FA0546F9F76FF806463A
:10B46000F9F71CFEF9F75FFE0428E6D1002EE4D0C0
:10B47000204600F0D1F802280CD194F8740081071E
:10B4800004D440F0020084F87400C7E620F0020003
:10B4900084F8740005B02846BDE8F04F0021F9F7A4
:10B4A000C8B8F9F7FBFDF9F73EFE042801D00228E1
:10B4B000C3D114F8740F20F002002070AEE605B07E
:10B4C0002046BDE8F04FFEF7C5B94FF44037394686
:10B4D0002046FDF7B2F8814639462046FDF7F3F8DD
:10B4E000804639462046FDF749F90646394620464A
:10B4F000FDF74FF80546204643F60E023946FDF7A4
:10B5000059F900B2009039462046FDF746FA8246C6
:10B5100039462046FDF733FA83462046FDF76EFA9A
:10B5200000EB4A072046FCF740FA00EB4B0087424D
:10B53000204604DAFDF762FA00EB4A0003E0FCF76C
:10B5400034FA00EB4B000099401010FB01F040F37F
:10B550000F2049464246C14500DC1146B54203DD95
:10B560002A4602E0509A02083246914207DD4946D7
:10B570004246C14501DD0D4604E0154602E0B542F4
:10B5800000DC354605444FF440312046AD1CFBF746
:10B59000E5FB284404B20498F8F7A9FBB0F90010C1
:10B5A000A14200DD0C46048038E60498F8F79FFBC2
:10B5B0000078132812D0112810D0142801D0122896
:10B5C000F2D194F874008007204616D4F4F7E0FB1B
:10B5D000411E01222046F4F70EFC15E094F8740099
:10B5E0008007204604D4F4F7D3FB0122411CF1E785
:10B5F000F4F7BFFB0122411C03E0F4F7BAFB411E44
:10B6000001222046F4F7D2FB05B02046BDE8F04FFA
:10B6100000221C21F8F772BB10B5F4F7A5FB012836
:10B6200002D0022800D0002010BD00000FB40A464E
:10B6300008B505A9009101460348049BE9F736FBCC
:10B6400001B05DF814FB00007145000830B50C46F0
:10B6500091B002212046FBF7B1FC6846F3F7ECFC01
:10B660001548CDE900404FF6FF70ADF83C00134897
:10B6700001680A914268079202F5B470CDE908208A
:10B680006846F3F74DFD0E48069000204FF4B47560
:10B69000CDE9080507900B4801906846F3F740FD97
:10B6A0002A4600212046F4F79CF84FF48771204683
:10B6B000F4F748F911B030BD31540008B001002052
:10B6C0006DF0000837540008F0B584884FF001068B
:10B6D00023040BD5006804E08B4201D1406815E0DB
:10B6E00008300388002BF7D10020F0BDC379002B70
:10B6F000FAD0012B11D90468002004EB830509E07E
:10B7000035F810708F4204D154F820001060304694
:10B71000F0BD401C8342F3D8E6E7C4F30E038B422E
:10B72000E2D1006810600120F0BD0821FAF760BF87
:10B73000C07908B100207047012070471CB5002275
:10B74000FF214E2864D01EDC332863D00EDC29286C
:10B750005ED006DC202849D022284BD025283FD1B6
:10B7600056E0302846D031283AD151E046284FD013
:10B7700004DC3B283ED0442832D13BE0472839D076
:10B780004D282DD136E040F63C04A0F63C03A04203
:10B790003ED010DC40F25744A0F25743A04229D0DB
:10B7A00004DC522826D053281AD131E0012B2FD0A7
:10B7B0000B2B15D12CE040F2CA74A3F2CA70A3423D
:10B7C0002DD004DC092B23D0C31C09D127E0A0F520
:10B7D0008060533821D0A0F2B530B0F5005F02D0C0
:10B7E000009200981CBD4FF4807014E0FF221146B7
:10B7F000104602E0002211461046F5F758FA019073
:10B80000BDF804000190BDF80400ADF80000E8E7C1
:10B810000091E6E70F200090E3E70248FBE741F6DE
:10B82000FF70F8E70497020802490888401C80B2BC
:10B8300008807047000200202DE9F041828804460C
:10B840000F46100459D4E079002851D0012804D0C3
:10B850002668002106EB80054DE0C2F30E00884209
:10B860004BD1D00BC003A0800020E0713FE000BFAF
:10B8700035F81130BB423DD1022811D0401E00EBFB
:10B8800040004000FAF7E0FC010036D02160E0798A
:10B89000401EC0B2E07101EB8003002002461FE0B1
:10B8A0000120E071002907D0B5F8000060F30E0216
:10B8B000A28003D1706802E06888F7E730682060F2
:10B8C00012E000BF35F810C0BC4508D056F820E0A3
:10B8D00041F822E035F810C023F812C0521C401C79
:10B8E00094F807C08445EDD23046FAF737FD0120C1
:10B8F000BDE8F081491C8842BAD80020F8E710B5AD
:10B900000446808800040BD4E079012802D920681D
:10B91000FAF724FD2046BDE810400821FAF768BE7A
:10B9200010BD0A46652100F0C3B803B482B0BDF86B
:10B930000C10ADF80010009A522104B000F0B8B815
:10B940000A46512100F0B4B80A464FF4056100F0F0
:10B95000AFB803B482B0BDF80C10ADF80010009A77
:10B96000202104B000F0A4B80A46212100F0A0B8BC
:10B9700003B482B0BDF80C10ADF80010009A30216D
:10B9800004B000F095B80A46342100F091B80A4698
:10B99000332100F08DB80A4641F2320100F088B838
:10B9A0000A46612100F084B80A46632100F080B89D
:10B9B0000A46642100F07CB80A4641F2040100F016
:10B9C00077B803B482B0BDF80C10ADF80010009A3F
:10B9D0004D2104B000F06CB80A4640F6490100F071
:10B9E00067B80A4641F2060100F062B803B482B0BB
:10B9F000BDF80C10ADF80010009A3B2104B000F027
:10BA000057B80A4640F63C0100F052B80A4640F6E4
:10BA10003D0100F04DB80A4640F63A0100F048B842
:10BA200070B50C46054600F02EF82146284600F079
:10BA30002FF82146284600F035F821462846BDE873
:10BA40007040AFF300800A4641F6110100F030B8B3
:10BA50000A4641F6150100F02BB870B50C460546B4
:10BA600000F01BF821462846BDE87040FFF7F0BF04
:10BA700070B50C46054600F006F821462846BDE89C
:10BA8000704000F005B80A4641F6120100F010B807
:10BA90000A4641F6130100F00BB80A4641F61401BC
:10BAA00000F006B80A4641F6100100F001B80000A7
:10BAB0002DE9F041044680880E46010410D4E17956
:10BAC00001271546012935D92268084602EB810372
:10BAD00008E000BF33F810C0B44503D142F820504D
:10BAE000BDE8F081401EF5D5491C01EB4100410045
:10BAF0001046FAF777FC0100F2D02160E07901EB03
:10BB0000800205E002EB400C32F81030ACF8043053
:10BB1000401EF7D5E079401CC2B201EB820000EB79
:10BB20004200E27120F8026CE07901EB800040F8FD
:10BB3000045C20E01AD1C0F30E00B04201D12260B3
:10BB4000CEE70C20FAF780FB0028C9D022682060DD
:10BB5000E179491CC9B2E171A38800EB8101C3F30B
:10BB60000E030B804E80C0E9002504E0E77166F308
:10BB70000E00A08022603046E8F794FAA179874051
:10BB80003943A171ACE70A466021FFF791BF03B4C6
:10BB900082B0BDF80C10ADF80010009A442104B03A
:10BBA000FFF786BF0A4640F64201FFF781BF0A460B
:10BBB00040F64501FFF77CBF0A464FF40461FFF7EA
:10BBC00077BF70B50C46054600F02AF82146284696
:10BBD000BDE87040FFF7F0BE0A4641F25D41FFF755
:10BBE00067BF03B482B0BDF80C10ADF80010009A26
:10BBF00040F2574104B0FFF75BBF0A4641F25B4198
:10BC0000FFF756BF0A4640F60B01FFF751BF0A4641
:10BC100040F60A01FFF74CBF0A466721FFF748BF0D
:10BC20000A4641F20101FFF743BF00002DE9F0474A
:10BC30000F46DDE908891E46154604461421FAF729
:10BC4000D7FC276005B9044DC4F80490083484E893
:10BC50006001BDE8F0870000D3F000084162FDF705
:10BC6000C8B900684FF0FF314162FDF7C2B910B5A5
:10BC70004FF0FF300C46486210212046FBF79EF93A
:10BC800008212046FAF7D6FD2046BDE810404FF4C3
:10BC90008061FAF7CFBD000010B501460348FBF7FD
:10BCA000E5F80446FBF750F9204610BD6C9A0208EF
:10BCB00008460021F3F77CB92DE9F047894635485D
:10BCC000FBF78DFD01285CD14846F7F7D4FF044609
:10BCD0004846F8F70EF88046132C08D01C2C52D09A
:10BCE000152C4ED14846BDE8F047EDF71EBD4FF488
:10BCF00040352946FCF7A8FC074629464046FCF794
:10BD0000E9FC064629464046FCF73FFD0446294625
:10BD10004046FCF745FCB74201DD394600E03146BC
:10BD2000A04201DD024600E02246914205DDB74215
:10BD300001DD384604E0304602E0A04200DC204647
:10BD4000841C29464046FBF709F8204405B24846C2
:10BD5000F7F7CDFF0446B0F90000A84200DD054624
:10BD600025804FF4003529464046FAF7F7FF014693
:10BD7000B4F90000814203DB29464046FAF7EEFFA2
:10BD80002080BDE8F08700F007F84046BDE8F047A6
:10BD9000FDF72FB96C9A0208F0B591B00646002164
:10BDA0006522FCF707FD07002DD03046FCF7D2FADC
:10BDB000746A00F00100611C4FF4807501D038B93D
:10BDC00005E008B1002403E02C46002503E000252F
:10BDD000601B002801DD601B00E0281B7843070A78
:10BDE00000213046F3F7E4F86846F3F725F90748F1
:10BDF00008A9CDE9006006480390079481E8B000E7
:10BE00006846F3F78DF911B0F0BD00005DBC010884
:10BE100063BC010810B501208884C8840C46022048
:10BE2000FAF712FA2063E08C4000FAF70DFAE062AC
:10BE3000216B82200880E16A0880E08CA18C484355
:10BE40008100A06AFAF7CEFA0021A062016010BD5D
:10BE500070B500250C462E460AE000BF50F82500BC
:10BE600020B1FAF77BFAA06A40F825606D1CADB2EC
:10BE7000A08CE18C4843A842A06AEFDC08B1FAF735
:10BE80006DFAE06A08B1FAF769FA206B002803D06E
:10BE9000BDE87040FAF762BA70BD00002DE9FC41C0
:10BEA0000F466B48FBF79BFC012843D13846F7F758
:10BEB000E2FE05463846F7F71CFF04462A2D14D04B
:10BEC0002C2D17D0012D37D0022D35D04FF6FF760F
:10BED000082D49D00E2D66D00D2D68D0152D29D1F5
:10BEE0003846BDE8FC41EDF7D1BCBDE8FC4100217E
:10BEF00002F008BD3846F7F7FAFE03460020014677
:10BF0000A28C05E0256B35F81150491C284400B27D
:10BF10008A42F7D800210A46E58C05E0E66A36F841
:10BF20001260521C314409B29542F7D8401E188065
:10BF3000491E5980BDE8FC8101AA6946F1F781F9E3
:10BF40000128F7D1A18EBDF80400814204D1E18E11
:10BF5000BDF800209142EDD0A086BDF8001020462B
:10BF6000E186FDF746F8E5E7FDF743F8F9F796F8BF
:10BF7000F9F7CDF8A18EB1420AD0E18EB14207D0D7
:10BF800030B900221C212046F7F7B8FE0128D1D194
:10BF9000F9F784F8F9F7C7F8012801D00328C9D1C7
:10BFA000A686E686C6E7BDE8FC41FDF722B838461E
:10BFB000F7F79DFEA18E0568E08E0F468446B142DC
:10BFC00001D0B04204D10020A086E0862046EAE7F6
:10BFD000A38C8B4200DC0021E28C824200DC00203A
:10BFE000142D0ED0132D0ED0112D0ED0122DA1D147
:10BFF000401C8B420DDC511E814208DD0021401C9B
:10C000000EE0491EF5E7491CF3E7401EF1E7591E13
:10C0100006E0002904DA10B1591E401E00E000219C
:10C02000824201DC501E02E0002800DA00208F422C
:10C0300001D1844597D0A186E0862046FCF7D9FF40
:10C0400002B02046BDE8F04100221C21F7F756BEA1
:10C05000889A020873B592B0044613981090002095
:10C0600010AD119029462046F2F7C8FA012862D196
:10C0700094F85C00000704D513980A285BD00D28BB
:10C0800059D0304A002113A8126890470146204633
:10C09000E9F78CFE00284ED094F85C00400702D5EA
:10C0A000204602F037FAA06A38B1606AF9F746FC18
:10C0B000007810B92046FCF79CFF2A46216C606A84
:10C0C000F9F742FC204600F0D3F894F85C004007F2
:10C0D00027D5E06AE4F737F906462846E4F733F94E
:10C0E0003118491CE06AFAF77DF9E06228B32A4664
:10C0F000216CE8F7A1F8208F00B36846F2F79CFFA7
:10C1000011480121CDE90040208F0A9000200790BE
:10C11000CDE908010D4806900D4803906846F2F7F6
:10C12000FFFF216C2046491C00F062FA00221C210E
:10C130002046F7F7E3FD14B070BDFEE7204602F09D
:10C14000E9F9EEE71C020020A9E50108F7F0000874
:10C15000ABE50108F0B591B00D00044609D094F8A4
:10C160005C00400702D5204602F0D4F9206B18B9D4
:10C1700000E0FEE7606BA0B10020374E374F009023
:10C1800009E0326869462846904739688847014681
:10C190002046FFF75FFF0098285C0028F1D111B01E
:10C1A000F0BD29462046F2F729FA0128F7D1A06A06
:10C1B00038B1606AF9F7C2FB007810B92046FCF785
:10C1C00018FF2A46216C606AF9F7BEFB204600F092
:10C1D0004FF894F85C00400727D5E06AE4F7B3F81D
:10C1E00006462846E4F7AFF83118491CE06AFAF72A
:10C1F000F9F8E06250B32A46216CE8F71DF8208F69
:10C2000028B36846F2F718FF15480121CDE9004030
:10C21000208F0A9000200790CDE908011148069070
:10C22000114803906846F2F77BFF10492846266CB8
:10C23000096888473118204600F0DAF911B0204625
:10C24000BDE8F04000221C21F7F758BDFEE720466C
:10C2500002F060F9E9E700001C020020240200203F
:10C26000A9E50108F7F00008ABE50108300200205D
:10C2700070B50446406AF9F765FB4FF6FF75A842B2
:10C2800004D1606AF9F75CFBA84209D02946606ACC
:10C29000F9F788FF2946606ABDE87040F9F77FBF6B
:10C2A00070BD000010B591F85C000C4620F0040051
:10C2B00081F85C000020C86240F2DC5121872063D5
:10C2C000606394F8501041F0010184F8501001218E
:10C2D000216494F8501041F0020184F85010A087B6
:10C2E00094F85C1021F00A0184F85C106062A0628E
:10C2F0002046F9F78BF860626420FEF715F90146D5
:10C30000606AFEF76BF80CA1606AF9F7E9FE00239A
:10C310001A460A49606AFAF74FFA4FF480612046DC
:10C32000FAF788FA0021204600F062F92046BDE8BD
:10C33000104003F055B800000000000065EB000855
:10C3400038B50446016C406A6A46F9F711FA0021D3
:10C350002046FCF706FB054600212046FCF7D3FAF1
:10C360000089BDF802106D1C08442844ADF8020095
:10C37000A08FADF80000606AFBF717FBBDF9021053
:10C38000884209DD6946606AF9F7F2F801462046FD
:10C39000A58F00F02DF9A58738BD016C002902D0CA
:10C3A000491E00F025B97047016C491C00F020B906
:10C3B00038B50446016C406A6A46F9F7D9F900219C
:10C3C0002046FCF7CEFA054600212046FCF79BFAF2
:10C3D0000189BDF802002944401A401CADF8020052
:10C3E000A08FADF800006946606AF9F7C1F8014610
:10C3F000A58F204600F0FCF8A58738BD38B5044667
:10C40000006C00283FD021A06946006800902046BB
:10C41000F2F7F4F8012836D1606AF9F78FFA216C47
:10C4200005460122491EE7F751FE2946606AF9F7E1
:10C4300057FE2046FFF71CFFA06A38B1606AF9F783
:10C440007DFA007810B92046FCF7D3FD94F85C0023
:10C4500040070ED5216C0122491EE06AE7F736FE3F
:10C46000E06AE3F770FF411CE06AF9F7BBFFE062A6
:10C4700050B1216C2046491E00F0BAF800221C2160
:10C480002046F7F73BFC38BDFEE700007F000000C8
:10C4900070B5056C0446691C00F0AAF8206CA8422F
:10C4A00004D02046BDE87040FFF7A8BF70BD70B54E
:10C4B000C86A0C46002510B1F9F750FFE562A06A82
:10C4C000002802D0F9F74AFFA56270BD70B50E468C
:10C4D0003F48FBF784F9012878D13046F7F7CBFBCA
:10C4E00004463046F7F705FC05460E2C12D00D2CFD
:10C4F00014D0012C60D0022C5ED0032C5CD0082C10
:10C500005AD0152C5DD0182C60D13046BDE8704053
:10C51000EBF730BBBDE8704002F062BF3046F7F782
:10C52000E6FB0168132910D0142913D0112916D065
:10C53000122919D008291CD07F291FD0022922D006
:10C54000032922D00A2927D031E02846BDE87040CF
:10C55000FFF72ABF2846BDE87040FFF71EBF2846F8
:10C56000BDE87040FFF724BF2846BDE87040FFF7E4
:10C57000E7BE2846BDE87040FFF740BF2846BDE84B
:10C580007040FFF785BF002101E047F6FF712846A4
:10C59000BDE8704000F02CB8284600F01BF830B120
:10C5A0002846BDE8704000221F21F7F7A7BB2846A8
:10C5B000BDE87040FFF74EBD3046BDE8704004F066
:10C5C00051BE3046BDE87040EDF768BD70BD00005B
:10C5D000A49A020890F85C00C0F3C000704790F87D
:10C5E0005C10490702D4406AF9F7A8B9C06A7047DD
:10C5F000F8B50546006C0C46A04266D0686AF9F7AB
:10C600009DF9324909688847002C00DA04448442C5
:10C6100003DCA4F5FE41FF3900D1044628462C6412
:10C62000FDF726FF00212846FCF76DF906466A460D
:10C630002146686AF9F79CF8B6F908402846FBF7E6
:10C6400027FBBDF90210884203DD01222846FDF7D1
:10C650009BFB2846FBF73DF906462846FBF718FBEF
:10C66000BDF902100A19101AB04206DD881B2044D9
:10C6700001B201222846FDF787FB2846FBF73CFA6A
:10C68000BDF90010884203DD01222846FDF766FB54
:10C690002846FBF738F906462846FBF72DFABDF980
:10C6A00000100A19101AB04206DD881B204401B29E
:10C6B00001222846FDF752FBBDF800102846A98745
:10C6C00002F08EFE284601F089FFF8BD30020020FE
:10C6D00070B5044600F081F805000AD02046054AEE
:10C6E0000021FDF779F921462846BDE87040E8F7BA
:10C6F0008FBE70BDFFFF0F0000B500F059F8002895
:10C7000000D0014800BD000080B600202DE9FF47A1
:10C71000994607460C9E00F04BF8214D40B9002089
:10C7200028704FF4B070F9F78FFD1E490860E8607B
:10C73000F4F77EFCF4F794FC4FF00108B0F5A07F0D
:10C7400001DC032007E0F4F773FCF4F789FCB0F593
:10C75000347F02DA0220687001E085F80180124C13
:10C76000A4F12800E760BDF804100187BDF80810A7
:10C77000418766610D48A6612060C4E9076902F03F
:10C780005FFE27B13846F4F7ABFCA04202D100208F
:10C79000FDF7A0F985F8008004B00348BDE8F087F4
:10C7A0003C010020EC01002080B60020FD000208C2
:10C7B00002480068002800D001207047EC010020EA
:10C7C00008B500F00AF808B1006902E01120FDF791
:10C7D0009BFE0090BDF8000008BD10B510B1FBF73E
:10C7E000B3F801E0F4F724FCBDE81040F4F778BC9E
:10C7F00010B5044600F002F8001B10BD03490122E9
:10C8000048680A700B78002BFBD07047D0010020DD
:10C81000034900220A704A681044486070470000CB
:10C82000D00100202DE9F041074615460E460B4881
:10C83000E7F7DEF9040010D0A7604FF0FF30266064
:10C84000206100206061FFF7D9FFE5600449606066
:10C85000012008712046BDE8F081FEE7A4B6002063
:10C860000402002010B5044601460548E7F705FA22
:10C8700004490120C8702046BDE81040F9F76EBD9C
:10C88000A4B6002004020020014840787047000050
:10C89000040200202DE9F047494CA07810B1012096
:10C8A000BDE8F0870120A0702078002628B1FFF7AE
:10C8B000A5FF5FEA000902D007E0A670EFE7206954
:10C8C000401C2061642800D926613E4D4FEA0608CD
:10C8D00084F8038084F804803B48E7F764F9286013
:10C8E00037E03948E7F771F92E680746307DC00711
:10C8F0002ED18246304600F078F888B93069B0F120
:10C90000000A01DD401E3061FFF778FF7060B168FA
:10C9100021B1BAF1000F01D0304688474FF0010A2B
:10C92000E07820B9306910B93046FFF79BFFBAF1C3
:10C93000000F0DD02079E178084309D0286800283D
:10C94000C6D100BF4FF0FF351F48E7F72CF911E0C3
:10C950002F6029680029C4D1F4E7307DC00705D1D4
:10C96000304600F042F8A84200D20546314616484B
:10C97000E7F72BF90600F0D14846FFF739FFE168E9
:10C980000844E060A068FFF733FFB0F5FA7F13D3E7
:10C99000E16864225143B1FBF0F0C0B260706428DA
:10C9A00001D9002001E0C0F1640060702646C4F89F
:10C9B0000C80FFF723FFB06084F8028028466FE701
:10C9C00004020020E8010020A4B6002001214161FA
:10C9D000704710B50446FFF711FF2168401A401E4A
:10C9E000606010BD00214161704710B50446406889
:10C9F000FFF7FEFE2168814201D8002010BD081A11
:10CA000010BD70B50346083A0C4602F00300111A37
:10CA1000A00705D1A1F10C004FF6F572904201D3A9
:10CA2000002070BD2078251F00F00300084320F08F
:10CA3000020040F00101216029461846E8F719FD7F
:10CA40002846E8F74BFD017902214160204670BD80
:10CA500070B5810701D0002070BD00238060C0E95F
:10CA60000303194600EB810200EBC114536100225D
:10CA700004EB8206521CF063202AF9DB491C0A29C8
:10CA8000F0DB70BD70B50C460546FFF7E1FF0646CA
:10CA9000A4F23C5205F23C51FFF7B3FF304670BDA3
:10CAA00070B5002926D00839064608790C46C0071B
:10CAB00000D0FEE70846E8F767FD21793046890790
:10CAC0000CD52568A5B12979C90712D02946E8F700
:10CAD000C3FD21462846E8F7B1FC0446214630460E
:10CAE000E8F76CFD01463046BDE87040E8F7C1BC90
:10CAF000FEE7FEE770BD00F23C50704770B50A4695
:10CB0000054604211046E8F7FBFA0446014628468C
:10CB1000E8F7EAFC014622462846BDE87040E8F7FF
:10CB200073BD2DE9F05F90460C0081464FF0000583
:10CB30001FD0B8F1000F18D0A4F108052846E8F777
:10CB400058FD82466868042120F00307DAF80400E3
:10CB500020F00300384400F1040B4046E8F7D0FA17
:10CB600006462879C00709D0FEE74846FFF798FF38
:10CB700041E01146FFF7C2FF05463CE0BE4216D930
:10CB80009AF80400C00701D05E4510D941464846D6
:10CB9000FFF7B4FF05002ED04046474500D30746B7
:10CBA0003A4621462846F9F745FC2146DDE7BE42D4
:10CBB00006D929464846E8F701FD2846E8F7F1FC82
:10CBC00028794F46C00700D0FEE731462846E8F7EF
:10CBD00046FC78B131462846E8F74FFD01464068EB
:10CBE00020F0020048603846E8F7E8FC0146384685
:10CBF000E8F73FFC25462846BDE8F09F70B516468D
:10CC000001B90D49001F0D460DE000BF10F0010FE6
:10CC10000FD0002220F0030104F108003346A8479A
:10CC20002046E8F7E6FC040002D060688108EDD1F8
:10CC300070BD0122EEE70000656800085A3000B2BE
:10CC4000AFF300804FF4B47190FBF1F201FB1200DE
:10CC5000002802DA00F5B47000B20E495A2802DA50
:10CC600031F910007047A0F15A025A2A03D2C0F1DC
:10CC7000B40000B2F4E7A0F1B4025A2A01D210B213
:10CC800002E0C0F5B47000B231F81000404200B2CA
:10CC9000704700009C9802082DE9FF4F83B05FEABF
:10CCA0000009119F7BD099F80000002877D00498E4
:10CCB000002871D01098800702D541F6FF700690C9
:10CCC00000243F4A009401945268A3462546264614
:10CCD0004FF0FF38694648469047824600980190D9
:10CCE00050E0374A01A94846526890478346109859
:10CCF000761CC00704D051461298E7F7C7FA98BBD4
:10CD00005A4651460498F7F7D2F800B229180DB2E6
:10CD1000002802DD0598284405B2B8F1FF3F05D18F
:10CD20000598291A0698814200DDA0465046BAF1BE
:10CD30000A0F1AD0BAF10D0F17D00146A0F59C408A
:10CD400045F2A512904210D9002005E01DA2125C08
:10CD50008A420AD0401CC0B21AA2125C002AF5D145
:10CD600017B1B8F1FF3F08D008E024B9B8F1FF3F90
:10CD700001D107B13D60761E08E03D60DDE900406D
:10CD8000DA46009019F804000028AAD1B8F1FF3F54
:10CD900006D0139870B1404607B0BDE8F08F0CE0A4
:10CDA0002EB1BAF10D0F03D1BBF10A0F00D1009CD7
:10CDB0002046F1E70FB1002038600020ECE70000CA
:10CDC00018020020202C2E3B3A2D5F002DE9FF4F4A
:10CDD00083B004464FF00000DDF848A0DDF8409035
:10CDE000208093460F00608049D0BBF1000F46D0F1
:10CDF0005FEA8A7002D541F6FF7011900025A846BF
:10CE0000BBF8086025E00020CDE9000A78190290FF
:10CE10005946119B069AE7F791F98044B4F902004C
:10CE200006EB09010144B1F5004F28D230444844D3
:10CE30006080A8EB0501CDF800A05A46069B029839
:10CE400000F022F8B4F90010814200DB084620808F
:10CE50004546785D0028D6D15DB1781910F8010CEF
:10CE60000A2801D00D2804D1618806EB0900084486
:10CE70006080B4F9020028B1A0EB0900608007B01F
:10CE8000BDE8F08F6680FAE72DE9FF471E46DDF822
:10CE9000309090460D4607000CD0B8F1000F09D035
:10CEA0003878002807D00020044602908DF80C0046
:10CEB000EDB923E0002004B0BDE8F08702AB01AA81
:10CEC00069463846E7F722F95FEAC97004D003A83B
:10CED0000099E7F7DBF950B9DDE900124046F6F7B3
:10CEE000E6FF00B2002802DD2044304404B202987C
:10CEF000A842E3D3002C01DDA01B04B22046DAE7F0
:10CF000010B50146802825D3002301F03F0242F0EE
:10CF10008002B1F5006F0AD2C0F3841141F0C00164
:10CF200061F3070062F30F2063F3174010E0C1F3D1
:10CF3000851444F08004B1F5803F0CD2C0F3033176
:10CF400041F0E00161F3070064F30F2062F3174042
:10CF500063F31F6010BDB1F5881FFBD2C1F382439C
:10CF600043F0F003C1F3053163F3070041F08001A2
:10CF700061F30F2064F3174062F31F6010BD0000DF
:10CF80002DE9F04100240F4606462546DFF82480AF
:10CF900007E0D8F800103019884700B90120044490
:10CFA0006D1CBD4202D2305D0028F2D12046BDE8A2
:10CFB000F081000018020020F8B5074600200D4659
:10CFC0000446064E009004E0726869463846904771
:10CFD000641C0098A842F7D32046F8BD1802002030
:10CFE000F8B500240546074E009404E072686946CF
:10CFF00028469047641C0098285C0028F6D12046FB
:10D00000F8BD00001802002078B500250446009500
:10D0100001B969460A68A05C030601D4054634E0FC
:10D0200006260223B6EB501F06D1C006400D24E0B1
:10D0300004F03F031D1828E00E26B6EB101F02D1A6
:10D040000007000C0FE01E26B6EBD00F1DD1521CBE
:10D050000A604007A55CC00AB3EB951F13D105F029
:10D060003F0500EB0530521C0A60A55CB3EB951F31
:10D0700009D105F03F0500EB8510521C0A60A45C45
:10D08000B3EB941FD4D0002078BD521C28460A6010
:10D0900078BD0000F8B5074608680025401E0C461C
:10D0A0000D4E086001E0042D13D220683168384429
:10D0B000884718B9216861B1491E21606D1CEDB225
:10D0C0000028F0D020680090726869463846904782
:10D0D000F8BD0020F8BD000018020020007801060D
:10D0E00001D4012070470621B1EB501F01D102206D
:10D0F00070470E21B1EB101F01D1032070471E2194
:10D10000B1EBD00F01D10420704700207047000020
:10D1100008B5009313460A4601460248E7F7C6FDE4
:10D1200008BD0000714500080EB5E3F78DFCE4F77B
:10D130004BF8E4F7FBFAE4F7CBFAE5F759F9E4F733
:10D1400051FEE4F759FEA820E9F78EFBE3F7B4FBA4
:10D15000E3F70EFC6420E9F7ADFBE4F711F94FF4B7
:10D160007A742046E9F7A6FB4FF6FF704FF48C76F1
:10D17000002100903346F0220846E4F793F832206D
:10D18000E9F798FB1420E4F7D5F918204FF478411B
:10D19000CDE9001000251F2313A202957821482015
:10D1A000E4F754FA2046E9F785FB00213346F022E4
:10D1B00008460095E4F776F8F8F7C6F8FDF7E0F9C9
:10D1C000FDF702FA04F026F86420E9F773FB00F09B
:10D1D00089FCE4F705FE04F0EDFA00BFE4F7C2FABB
:10D1E0002046E9F767FBF9E757656C636F6D6521CA
:10D1F0000000000070B50D4606468022F3F769F97D
:10D20000044680213046F2F7A6FE002C06D02946BF
:10D210003046BDE870408022F3F767B970BD00006A
:10D220002DE9FF4F98468A880B8883B0D21A521C8A
:10D2300016B2CA8849888146511A491C1498DDF8EB
:10D2400048B00FB201280AD002280AD003282FD1F3
:10D25000314D00BF5FEA0B0027D0002058E02F4D72
:10D26000F8E72F4DF6E7002415E000BF09EB440B6B
:10D27000119ABBF80000ADF8040008EB44000088E8
:10D28000ADF80000DDE90001A8470090BDF80010EE
:10D29000ABF80010641CB442E8DB05990AF1010008
:10D2A00009EB4109109908EB41088246B842DADBE4
:10D2B00007B0BDE8F08F00241EE000BF1BF804009B
:10D2C000C8B1FD2801D3119A02E011994843020A1E
:10D2D00009EB440001900088ADF8080008EB440019
:10D2E00002990088ADF800000098A84700900198C6
:10D2F000BDF800100180641CB442DFDB05990AF11F
:10D30000010009EB4109109908EB410813998B447E
:10D310008246B842CFDBCBE723650008AF64000844
:10D32000896500082DE9FF4F06468A8808888BB07A
:10D33000101A401C07B2CA884888DDE919BA101AC9
:10D34000401C0FFA80F85FEA0A001D46584605D0D7
:10D35000FD287CD9A7F1040B002027E1FD2813D379
:10D3600000247F000BE03A4629463046F9F762F880
:10D370000D98641C06EB4006189805EB40054445E3
:10D38000F1DB0FB0BDE8F08F002021E0002415E0B4
:10D3900006EB440A5A46BAF80000ADF8180005EB4F
:10D3A00044000088ADF81400DDE90501F3F798FCAE
:10D3B0000590BDF81410AAF80010641CBC42E7DB0D
:10D3C0000D9806EB4006189805EB400509F10100A1
:10D3D00081464045DADBD4E7D14600241CE000BF9B
:10D3E00099F80020AAB1FF2A06EB44001AD0099050
:10D3F0000088ADF8200005EB44000088ADF81C0063
:10D40000DDE90701F3F76CFC0690BDF818100998E8
:10D41000018009F10109641CBC427CDA5FEA897071
:10D42000DED178E005EB44010988F1E7D9F8000086
:10D43000F0B3401C74D099F80020BAB1FF2A06EB73
:10D4400044007AD009900088ADF8200000E0B6E0F2
:10D4500005EB44000088ADF81C00DDE90701F3F797
:10D460003FFC0690BDF818100998018009F10100F1
:10D47000059099F80120AAB1FF2A06EB440060D07C
:10D4800009904088ADF8200005EB44004088ADF8D5
:10D490001C00DDE90701F3F723FC0690BDF8181026
:10D4A000099841800598401C05900278BAB100E0C7
:10D4B0002EE0FF2A06EB440047D009908088ADF8A3
:10D4C000200005EB44008088ADF81C00DDE9070171
:10D4D000F3F706FC0690BDF81810099881800598AE
:10D4E0004278AAB1FF2A06EB440032D00590C088EA
:10D4F000ADF8200005EB4400C088ADF81C00DDE964
:10D500000701F3F7EDFB0690BDF818100598C180F0
:10D5100009F10409241D5C4588DB3BE000E00CE0D8
:10D5200005EB440006EB440102880A8042884A80E9
:10D5300082888A80C088C880EAE705EB44010988B0
:10D5400093E705EB44014988ABE705EB4401898883
:10D55000C4E705EB4401C988D9E700BF99F800206A
:10D56000AAB1FF2A06EB440025D009900088ADF847
:10D57000200005EB44000088ADF81C00DDE9070140
:10D58000F3F7AEFB0690BDF818100998018009F179
:10D590000109641CBC42E1DB0D981B9906EB4006B7
:10D5A00018988A4405EB40050198401C01904045BD
:10D5B000FFF612AFE5E605EB44010988E6E7002037
:10D5C0002DE000241FE000BF1AF80400D0B1FD28B0
:10D5D00001D35A4602E000FB0BF0020A06EB4400BE
:10D5E00003900088ADF8180005EB44000088ADF802
:10D5F0001400DDE90501F3F773FB05900398BDF80E
:10D6000014100180641CBC42DEDB0D981B9906EBF4
:10D61000400618988A4405EB400509F1010081464F
:10D620004045CEDBADE600002DE9FF4F85B09A46C0
:10D630000C46DDF850B0E6F71FFD0390A088218866
:10D64000401A401C06B2E0886188401A401C0FFA5C
:10D6500080F8BBF1000F01D000204BE000271DE057
:10D66000002515E0139802900AEB4500079A008800
:10D67000ADF804006088384400B200902088059915
:10D68000284403B203980068D0F81CC0E0476D1C22
:10D69000B542E7DB12997F1C0AEB410A4745DFDB05
:10D6A00009B0BDE8F08F00251BE000BF1BF80500A6
:10D6B000B0B113994843000A02900AEB4500079A5B
:10D6C0000088ADF80400618801EB090000B2009009
:10D6D00020880599284403B203980068C769B847B1
:10D6E0006D1CB542E2DB159909F101008B441299DA
:10D6F0000AEB410A81464045D5DBD1E770B51546B6
:10D700000E460446802805D2E117002004EB9171F3
:10D71000891006E003F06CF8411FCC4084F0200132
:10D72000801F3060296070BDFD2902D2022901D816
:10D730000020704710FB01F000EBC01101EBC0307E
:10D74000C0F3C750704700002DE9F041F6F7D1FA59
:10D750000746FAF76BF90646FAF768F90546F3F754
:10D760005FF8046800213046FAF74FF8B84244F3F6
:10D77000074008D1012801D0401E07E00C2060F3CB
:10D780001744601E1FE00C2819D0401C60F317449A
:10D7900044F30747A1B20C463A462846F3F742F84D
:10D7A00001213046FAF731F80849224601EB87019A
:10D7B00051F8043CBDE8F04105A1F8F7C8BC0120D0
:10D7C00060F31744601C60F30F04E1E77801002068
:10D7D000256420257300000070B50546F6F789FA28
:10D7E00004462846F6F787FA05462046F6F71AF863
:10D7F00004462846F3F714F80088641C62B262F30A
:10D80000174081B22846BDE87040F3F70BB800001E
:10D8100070B50D4600212846FBF75AFD0021284629
:10D82000FCF710FB0023022219462846FCF7EEFA0B
:10D830002846F2F76DFB0646002228A1FCF7FFFC04
:10D8400042F264013046FCF719FB3046FCF710FE4B
:10D850003046FAF7AAF8044601463046FCF7BEFD0A
:10D86000002307221E493046F8F7A6FF0421304660
:10D87000F9F7A4FB2846F7F7C9FD06460321F8F798
:10D88000F3FB002202213046FCF777FD01213046F0
:10D89000FCF7E8FA2846F2F73BFB0646002211A106
:10D8A000FCF7CDFC224611463046FCF7A0FB0023D6
:10D8B00007220B493046F8F77FFF04213046F9F77D
:10D8C0007DFB00231C2208492846F8F775FF2846EF
:10D8D000BDE8704000221C21F6F710BAEF819300DA
:10D8E00049D70108EF819400B11802082DE9F041F1
:10D8F0000F460846FAF79AF8044600213846FBF727
:10D90000E7FC00213846FCF79DFA3846F5F7E8FEBB
:10D91000164D06466968F6F713F923461C2214498A
:10D920003046F8F749FF01213046FCF79BFA3846AC
:10D93000F5F7D6FE06462968F6F702F923461C22BB
:10D940000C493046F8F738FF01213046FCF78AFAD7
:10D9500000231C2208493846F8F72EFF3846BDE858
:10D96000F04100221C21F6F7C9B90000A8010020EF
:10D9700051260208D9D70108F518020870B5094DDB
:10D9800004466868002808D044B12046EFF74CF9F7
:10D99000A9682044884200D3002070BD0248006876
:10D9A00070BD000000010020F4010020002902D019
:10D9B0000068091D42507047002901D0006842509C
:10D9C00070472DE9F041044600222121F6F796F92F
:10D9D00000287ED000212046F9F717FF10B1FFF78D
:10D9E000F0FFF7E72046F9F7DBFF06460020F7F7E0
:10D9F0005FFB054600271CE0686AA04202D0A86AC7
:10DA0000A04203D121462846F7F7F6FB286BA04237
:10DA100000D12F63286DB04207D1F7F753FBA04226
:10DA200003D121462846F7F7E7FB2846F7F740FBE6
:10DA30000546002DE0D12046E6F753F9606804263C
:10DA40000028204602D0F9F7B6FF29E0F9F77CFF5D
:10DA500005460020EA68696A04E052F82030A342D3
:10DA60000AD0401C8142F8D806E0E96806EB800243
:10DA70008A5841F82020401C696A491E8142F4D826
:10DA8000686A401E81006862E868F8F7ABFCE860ED
:10DA90001BE0096806EB80028A5841F82020401CF0
:10DAA000616889684A68521E8242F2D8606880685C
:10DAB0004068401E486061688200896808681146B5
:10DAC000F8F790FC6168896808602046BDE8F0417D
:10DAD00000E001E0F8F742BCBDE8F081C9B20022E5
:10DAE000FCF7ECBBEFF3058010B16FF00500704759
:10DAF0000448016811B14FF0FF3070470121016007
:10DB00000020704764000020F0B50027DDE90545DE
:10DB10008E1A012B05DC03280CD004280AD0052816
:10DB200008D0891A09B206282AD2DFE800F0290AAB
:10DB30000320140E2F80208806EBD67100EB6100C5
:10DB40001CE02F802088304418E05B1E18B291FB47
:10DB5000F0F02880F0BD91FBF3F02988084400B272
:10DB60002880218800EBD07001EB600006E05B1C90
:10DB700018B291FBF0F02880218808442080F0BD85
:10DB80002F80F0BD2DE9F05F05460C46501E53B1C5
:10DB90002188A1EB620121800844A080E88A60808E
:10DBA000688BE08009E06188A1EB62016180084434
:10DBB000E080A88A2080288BA0804FF44036314630
:10DBC0002846FAF73AFD814631462846FAF77BFDAA
:10DBD000824631462846FAF7D1FD8046314628462E
:10DBE000FAF7D7FC834631462846FAF7D6FE0746B1
:10DBF00031462846FAF7C3FE0146208809EB0702A2
:10DC0000801A2080A0880AEB07021044A080608858
:10DC100008EB0102801A6080E08859440844E080E3
:10DC2000BDE8F09F70B50446EFF721FA05001DD05E
:10DC3000F9F7BBFE06462046F9F74BFE864215DD96
:10DC400000212846FAF74FFE068900212846FAF7F8
:10DC50006CFEE18E3044414309B20022606AFCF759
:10DC600093F8606ABDE87040FBF7C3B970BD00006F
:10DC70002DE9F041134C0F460546E6682068001D6B
:10DC800003F0B0FB681C07D137B12168BDE8F04153
:10DC90000D48091D03F0F9BB20683544B5424560C5
:10DCA000216805D2A06BBDE8F041091D03F0D5BB8A
:10DCB000606B091D03F0D1FBA06A854200D2A5620A
:10DCC000BDE8F08114000020D40700202DE9F041C8
:10DCD000054603F0E7FB2D4CA068401CA0602068BF
:10DCE0002B4F10B1606930B32BE02560A06801288C
:10DCF00027D1002606EB860007EB800003F09FFB90
:10DD0000761C382EF6D3234803F099FB21481430B3
:10DD100003F095FB1F48283003F091FB1D483C3071
:10DD200003F08DFB1B48503003F089FB19486063FA
:10DD30001430A06305E02068E96AC06A884200D810
:10DD40002560606A401C60626864E86A21698842F4
:10DD500000D9206100EB800007EB8000291D03F053
:10DD600094FB03F0BFFB606900280CD02068E96ACF
:10DD7000C06A884207D208494FF080500860BFF35C
:10DD80004F8FBFF36F8FBDE8F081000014000020BB
:10DD9000240300208407002004ED00E038B503F0E0
:10DDA00081FB104C2068C8B90F4803F048FB0E48AF
:10DDB000143003F044FB0C48E060143020610A4B3F
:10DDC0000020F03B009003F1500210210A2003F0E4
:10DDD000D3FE206010B105A103F006FCBDE8384079
:10DDE00003F080BB50000020D8080020546D725111
:10DDF0000000000030B4026C0B46002A0BD0C16852
:10DE00001144C1608468A14201D30168C16030BC83
:10DE10001846E2F766BA30BC70472DE9F041856BD1
:10DE2000174604460026026C82B1C7B1E068E2F7EB
:10DE300058FAE168206C091AE1602268914202D226
:10DE4000A168081AE060022F16D017E02068A8B970
:10DE5000A06804F083FA06460020A0600EE0606827
:10DE6000E2F73FFA216C606808446060A16888426C
:10DE700004D32068606001E005B16D1E6D1CA563D0
:10DE80003046BDE8F08110B5044690F8590058B10D
:10DE900001280CD002280FD0502080F31188BFF346
:10DEA0004F8FBFF36F8FFEE7206B03F02FFB2046F1
:10DEB000BDE8104003F02ABB10BD000010484FF42D
:10DEC0007051420706D0C01D0D4920F00700411ACD
:10DED000C1F570510B4A00230144C2E9000308391F
:10DEE000183A21F0070111604B600B600B1AC0E972
:10DEF000001393604FF00040536050617047000082
:10DF0000B80F002080000020154E164CA6F29C474A
:10DF10004FF08058DFF8509012E000BF03F0C2FAD3
:10DF2000F068C568281D03F05DFAA068401EA06077
:10DF30006068401E606003F0D5FA2846FFF7A3FF33
:10DF400060680028EAD13868012805D9C9F800803E
:10DF5000BFF34F8FBFF36F8F03F06EFAF0E700004F
:10DF6000C00700201400002004ED00E0002807D0C6
:10DF70000021816001600B460A46C16003F074BE57
:10DF80007047000070B51D46049C51B1C4F80020D4
:10DF9000C4E90F010121204603F022FE84F84C5011
:10DFA00070BD2460F4E700002DE9F05F8846DDE9EC
:10DFB0000B941546834691009A460A9EA522206B33
:10DFC000E2F7AFF96FF00301206B01EB8501084424
:10DFD00020F00707780707D0502080F31188BFF39F
:10DFE0004F8FBFF36F8FFEE70025B8F1000F0FD002
:10DFF0005FF00000221818F8001082F8341018F8AA
:10E00000001011B1401C1028F4D384F8435001E0F3
:10E0100084F83450382E00D33726E662C4E91365FD
:10E02000201D03F017FA04F1180003F013FA24611D
:10E03000C6F138006462A061656584F858505246A4
:10E040005946384600F0B4FA2060B9F1000F01D00B
:10E05000C9F80040BDE8F09F30B5114900E0114615
:10E060000A688242FBD34B685C18844203D1406843
:10E0700018444860084643681C18944209D1084C6B
:10E08000183C2468A24209D052681A4442600A68C7
:10E0900012680260814200D0086030BD0460F9E778
:10E0A0008000002070B5002441600B4D006191425A
:10E0B00006D8D11A8269914206D2011D286907E06B
:10E0C0009A4203D2994201D3012403E0011DE8687A
:10E0D00003F0C3F9204670BD5000002010B504467F
:10E0E00003F0E0F9A06B28B15FF0000403F0FAF947
:10E0F000204610BD0124F9E730B589B03C4D6EE0F3
:10E100000498002806DADDE90601059A904704988C
:10E11000002864DB069C606910B1201D03F062F9E1
:10E1200003A800F0D7F8024604980A2857D2DFE87F
:10E1300000F00505052D334A05052D3394F8280018
:10E1400040F0010084F828000599A069059B01446E
:10E150002046FFF7A7FF68B3216A2046884794F856
:10E16000280040073BD5002000900598A1690023B6
:10E1700042181946204604F037FAD8B9502080F3E7
:10E180001188BFF34F8FBFF36F8FFEE714F8280F8E
:10E1900020F00100207022E094F8280040F00100F7
:10E1A00084F828000598A06128B1811813462046FC
:10E1B000FFF778FF13E0502080F31188BFF34F8FF3
:10E1C000BFF36F8FFEE794F82800810703D4204641
:10E1D00003F09CF903E020F0010084F828000022FD
:10E1E00004A9286803F050FE002889D109B030BD89
:10E1F000500000202DE9FC410F46054603F01EFBB0
:10E2000001A800F067F80446019818B104F05AF923
:10E21000BDE8FC81254EAFB130690068D0B300275E
:10E22000291B3A46306803F0F3F904F04BF9002853
:10E23000EED11F494FF080500860BFF34F8FBFF3FE
:10E240006F8FE5E7A542EBD804F03CF9F06827466C
:10E25000C068C468201D03F0C5F894F82800410781
:10E2600019D5A0692B4641193A462046FFF71AFFF7
:10E27000A8B100200346014600902A46204604F03B
:10E28000B3F960B9502080F31188BFF34F8FBFF30B
:10E290006F8FFEE707E020F0010084F82800216A74
:10E2A00020468847B4E70127BAE700005000002065
:10E2B00004ED00E00648416B096829B1416BC9686B
:10E2C000C9684968816270474FF0FF31FAE7000082
:10E2D0001400002070B5054603F0CEFF064E04463C
:10E2E000B068844203D200F009F8012000E0002069
:10E2F00028602046B46070BD50000020F8B5194D6C
:10E3000020E0C068C4680668201D03F06BF8216A2D
:10E310002046884794F82800400713D5A069304468
:10E32000B04206D924616060211DE86803F095F8C9
:10E3300008E000200346014600903246204604F0E3
:10E3400053F938B1E86801680029DAD12969C5E9CB
:10E350000310F8BD502080F31188BFF34F8FBFF337
:10E360006F8FFEE75000002008484068401C4FF0C7
:10E37000500080F3118804D0BFF34F8FBFF36F8F2D
:10E38000FEE7BFF34F8FBFF36F8FFEE788000020DB
:10E39000074CE068016841B1C0680021D0F8000076
:10E3A000FFF728FFFFF7A8FEF3E701210020F7E7BA
:10E3B000500000202DE9F041044603F073F894F971
:10E3C000455004F1240609E0606A48B1304604F083
:10E3D00041F808B103F06CF96D1E6DB2002DF3DC4D
:10E3E0004FF0FF3684F8456003F07CF803F05AF8EC
:10E3F00094F9445004F1100709E0206948B1384607
:10E4000004F028F808B103F053F96D1E6DB2002D29
:10E41000F3DC84F84460BDE8F04103F063B8000029
:10E420002DE9F0410546002703F008FA324E306826
:10E4300008B9FFF743FD706905424ED1C5B30835F1
:10E4400068070ED005F00700C0F108000544680712
:10E4500007D0502080F31188BFF34F8FBFF36F8F29
:10E46000FEE72DB37068854237D82348183001463F
:10E470000C6801E020460C466168A94202D221687E
:10E480000029F7D131688C4227D0076821680160E4
:10E4900060680837411B10290FD96019420708D05E
:10E4A000502080F31188BFF34F8FBFF36F8FFEE7CB
:10E4B00013E041606560FFF7CFFD61687068401A46
:10E4C0007060B268904200D2B06070690143002071
:10E4D000C4E90001F068401CF06003F0F3FF780726
:10E4E00007D0502080F31188BFF34F8FBFF36F8F99
:10E4F000FEE73846BDE8F08168000020044908685E
:10E5000018B10868026D521C026508687047000067
:10E51000140000202DE9FF47064690F85C004007F4
:10E5200039D5706AF7F70AFA1C4909688847040068
:10E5300031D000213046FAF7E6F9002342F22202F8
:10E540006946F5F746FC08B115A000E015A0814624
:10E55000E1F7F9FE074604FB07F0401CF7F7A0FEC1
:10E560008046002507E000BF05FB07803A46494684
:10E57000F7F760FF6D1CA542F6DB7D43002108F82C
:10E5800005104146706AF7F7ABFD4046F7F7D4FE39
:10E59000304600F023F8BDE8FF870000300200207D
:10E5A000E280A2002A00000070470068FFF7B2BFB7
:10E5B00010B5031F4FF080741C601B1F21F0010178
:10E5C0001960191F044B0B6014390A60091F6FF0A2
:10E5D000020244380A6010BD69E301082DE9F04FDA
:10E5E00091B004460021FAF78EF9099000212046E7
:10E5F000FAF7B7F90890206C0590606AF7F79EF972
:10E60000784A8246059912689047DFF8DCB10646E1
:10E610000AEB0600DBF80020814600219047070046
:10E620000998B0F908807DD00A2FFCD00D2FFAD0C0
:10E63000002239460998F5F73AFC05B203AA606A48
:10E640000599F7F795F8606AF7F778F9024600211F
:10E65000606AF8F7EFFB616ABDF90C20B1F914307C
:10E66000B1F918101A442A448A4228DD94F85C1043
:10E67000090724D4032822D00020ADF80C00089903
:10E68000BDF80E2008EB01001044ADF80E00002F7D
:10E690007ED056494846096888470644DBF8002082
:10E6A0000AEB060000219047010071D00A296FD0C3
:10E6B0000D296DD000220998F5F7F9FB05B24FF44A
:10E6C000E02B20465946E664F9F7C4FE0646594653
:10E6D0002046FAF768F800EB060A204641F61102D8
:10E6E0005946FAF767F800EB060959462046F9F74C
:10E6F000B9FF8719204641F613025946FAF75AF82E
:10E70000BDF80C203044D11BADF83410BDF80E30EC
:10E7100010446D1EA3EB0A012844ADF83610ADF885
:10E72000380000E057E003EB0901A8F101000844BC
:10E73000ADF83A0004F144010D4601A8F1F7A3F940
:10E74000606ABDF80410828A1144ADF80410BDF867
:10E750000610C08A0844ADF80600606ABDF80810CB
:10E76000808A0844ADF80800606ABDF80A10C08AC3
:10E770000844ADF80A0001A92046FAF76EFC0DA97D
:10E780002846F1F780F9294601A8F1F77CF900E065
:10E7900024E0606ABDF80410828A1144ADF80410C8
:10E7A000BDF80610C08A0844ADF80600606ABDF8DE
:10E7B0000810808A0844ADF80800606ABDF80A10A5
:10E7C000C08A0844ADF80A0001A92046FAF745FCC2
:10E7D00011B0BDE8F08F002220212BE7002220217C
:10E7E00069E70000200200201C020020180200201F
:10E7F0002DE9F04790B088460646EEF73FFC05004D
:10E800006BD0F7F79BF8024600212846F8F712FB79
:10E81000012838D0022802D0032819D10CE0304654
:10E82000F9F771F804462846FAF7E8F8201A00EBE1
:10E83000D07040F34F0108E03046F9F764F8044621
:10E840002846FAF7DBF8201A01B22846FBF7DDFD6F
:10E8500000213046FAF74FF8044600213046FAF717
:10E8600072F88246B4F908703046F9F732F88146FA
:10E87000304600216522F9F79DFF84B2B8F1000F00
:10E8800003D014B104E00021DFE73046EFF7CEFDFE
:10E89000F18C07EB0A00484309EBD971491007EBEB
:10E8A000D772A1EB6201081A06B2B8F1000F17D0B7
:10E8B000B4B16846F0F7C0FB0F48CDE900502846D8
:10E8C000FAF7A2F8CDE9080607900C4803900C4827
:10E8D00006900A946846F0F723FC10B0BDE8F08774
:10E8E00005492846F0F764FB10B031462846BDE8DC
:10E8F000F047FBF7A1BD0000DDF0010843EC010883
:10E900009FF000082DE9F04F0C464FF4A02689B087
:10E9100005463146F9F79FFE079031462846F9F73C
:10E92000E0FE824631462846F9F736FF81463146F9
:10E930002846F9F73CFE804631462846F9F7EEFFB7
:10E94000069031462846FAF705F8834631462846B0
:10E95000F9F7D5FF059031462846F9F7BFFD074680
:10E9600031462846F9F7B3FD06461FE0079BCDF870
:10E9700000B0CDE9013ACDE90398DDE90523A1B264
:10E980002846EEF787FDE96AB04221F81400E96AEB
:10E9900001DA024600E03246BA4201DA384602E0C5
:10E9A000B04200DB304621F81400641CE88CA04221
:10E9B000DCD809B02846BDE8F04FFAF777BF2DE95B
:10E9C000F0410746F8F733FF0546002412E0B86827
:10E9D000006850F824603046FAF70BFB00222A2129
:10E9E0003046F5F78BF93046FAF703FB3046FFF770
:10E9F000E6FF641CAC42EAD3BDE8F0812DE9FE4F8E
:10EA00000446EEF73BFB060009D0F6F747FB8046CD
:10EA1000F6F789FB042805D0022803D012E0012074
:10EA2000BDE8FE8FE28C2146228504280AD10846E3
:10EA3000F8F7B6FF0546F5F781FD18B10021284625
:10EA4000F5F7F7FD4046F6F76EFB012804D0404687
:10EA5000F6F769FB032863D1A06A800331D400254F
:10EA600069464046F6F734FBBDF80200F18A401AC9
:10EA7000ADF80200BDF80000B18A401AADF8000000
:10EA800069463046F6F774FD07463046F6F756FFFE
:10EA90008246002080460646DFF8949001900DE003
:10EAA000D9F8002001A9504690470A2803D1B8455B
:10EAB00001D06D1C2DB2DDF80480761CBE42EFD370
:10EAC00027E000212046F9F716FF054600212046E1
:10EAD000F9F739FF2989B4F91A200844B4F9161056
:10EAE00007B2501A00EBD07001EB600005B20C21A8
:10EAF0004046F6F7D2FBF18A084400B2281A90FB90
:10EB0000F7F0002800DA0020A18C814200DC481ECA
:10EB100005B2002D04DBA9B201222046FCF7D9F989
:10EB2000E08C029002AA1C212046F5F7E7F877E76F
:10EB30001C02002070B5D1E90245D5B1D4B1E56021
:10EB4000AC6000EBC21505EB8305EE6B8E420FD176
:10EB5000EC6384420CD100EB820501216C6901FA5F
:10EB600003F39C436C6103D1036991408B430361C0
:10EB700070BDFEE7FEE72DE9F0410C46498C0646E4
:10EB80000020C1F3C5010EE026B1E26852F8302042
:10EB9000B24207D14FF6FF724FF470212046FAF7C8
:10EBA0009DFE02E0401C8142EED82046F8F73FFE71
:10EBB0000746002507E0A068006850F82510304699
:10EBC000FFF7D9FF6D1CBD42F5D3BDE8F08170B5EC
:10EBD00005460068F8F7B8FE0446006900222721C0
:10EBE000F5F78CF8002228216069F5F787F860694D
:10EBF00028B194F82810C90701D0F8F77BFA002053
:10EC00006061A0612868BDE87040002240F2624166
:10EC1000FAF7C2BE70B504460068F8F795FE0546DF
:10EC2000FCF772F9686123682B61BDE8704000222F
:10EC300026211846F5F762B8002200680A21F5F788
:10EC40005DB810B50068F8F7F1FEBDE81040EFF7C9
:10EC5000EDBB00002DE9FF4F85B090460C460846FD
:10EC6000F8F7E4FE06461021F9F7F5FE00286FD00C
:10EC70003046F8F739FF834600253046F9F701F8AA
:10EC80001434CDE9024000B9059C00213046F9F763
:10EC9000CCFB824600213046F9F74DFD504407B2C7
:10ECA00000213046F9F759FC504400B20190F08A37
:10ECB00061883844421AB8F80210501A0FFA80F9E5
:10ECC000728B0198101AE288801A081A00B200901C
:10ECD0003046F8F76AFEC11B0198081A00B204908A
:10ECE000B9F1000F0CDB0098002814DAB9F100002C
:10ECF00006DD05463046F8F7CBFF401B0AD40AE094
:10ED00000098002807DD404205B23046F8F79AFE29
:10ED1000E84200D500250398012804D0022807D036
:10ED200003280DD115E0F08A61883844294421E098
:10ED3000718B0198091AE0882844081A284405B202
:10ED400000243046F8F796FF0090A8B1029F14E027
:10ED5000BEE00498F18A00EBD07007EB6000084435
:10ED6000E2886188521A521C12B202EBD27205EB91
:10ED700062021144401AE1E7059F00213046F9F78D
:10ED800040FC50440FFA80F900213046F9F77FFC2F
:10ED90005044B18A0FFA80FA01EB09003988338BAD
:10EDA000421AB8F80010501AA3EB0A02BB8800B24E
:10EDB000D21A891A09B200280BDB002913DA0028BD
:10EDC00007DD04463046F8F797FE2044002809DCAA
:10EDD00009E0002907DD484204B23046F8F7ECFEAE
:10EDE000E04200D500243046F9F708FEA0EB090107
:10EDF000A1EB0A00009900B2012904D0022907D032
:10EE000003290DD122E0B18A01EB0900398803E022
:10EE1000318BA1EB0A00B9882144401A204404B286
:10EE20002D493046F0F7C4F807462C493046F0F734
:10EE3000BFF8384306D000220A213046F4F75EFFBF
:10EE4000012845D15FEACB7011D013E000EBD072FE
:10EE5000B18A09EB62000844B9883A88891A491CCA
:10EE600009B201EBD17104EB61011144D5E7002C2B
:10EE700000DA00245FEA8B7002D4002C00DD00244D
:10EE80005FEA4B7002D4002D00DA00255FEA0B70B8
:10EE900002D4002D00DD00250898B8F900100028E4
:10EEA00000D020460844A8F80000B8F9021002D1AA
:10EEB0004FF0000000E028460844A8F80200089B34
:10EEC00009B02A4621463046BDE8F04FFAF71EBE8B
:10EED00009B0BDE8F08F0000A5EF01088DEF010833
:10EEE00070B5164605460C4651EA06001CD0284669
:10EEF000F7F7AAFEA86801233246018A214401825D
:10EF0000A868418A3144418221462846FAF720F90F
:10EF100000220B212846F4F7F1FE012804D12846EF
:10EF2000BDE87040FAF765B870BD30B5AAB1B0F968
:10EF30001630B2F900401D19B0F93240A54201DA8D
:10EF4000E31A1380B0F91640B2F90030E518B0F9B1
:10EF500036309D4201DD1B1B1380002915D0B0F90E
:10EF60001430B1F900209C18B0F93020944201DA35
:10EF7000D21A0A80B0F91420B1F90030B0F9340087
:10EF80001344834201DD801A088030BD10B503466A
:10EF9000F8F785FE084401B2BDE81040002218468B
:10EFA000FFF79EBF10B50346F8F780FE084402B293
:10EFB000BDE8104000211846FFF792BFF8B505469E
:10EFC0000C460846F3F74EFB4FF480363146284690
:10EFD000F9F710FAE070022808D9284631462022B5
:10EFE000F9F7E8FB0090BDF80000A0802846314604
:10EFF0003122F9F7DFFBC0B2002784F82200022893
:10F0000015D92846314641F23202F9F7D3FB00B256
:10F010002084002809DD284631463022F9F7CAFB52
:10F020000090BDF80000E08301E084F822702846DB
:10F03000314640F64502F9F7BDFBC0B284F8360010
:10F0400002281CD9284631464FF40462F9F7B2FB76
:10F0500000B2E085002810DD284640F64302314624
:10F06000F9F7A8FBA086284644223146F9F7A2FB0F
:10F070000090BDF80000A08501E084F836703146AC
:10F080002846F9F732FAFD280AD2E17811FB00F19F
:10F09000090AE1704143080A84F8220084F8360026
:10F0A000E07830B994F8220018B994F836000028B6
:10F0B00005D031462846F9F7E5FB20800120F8BD50
:10F0C000A0F84410F9F795BFA0F84610F9F791BFE2
:10F0D00009B2FBF79AB909B2FBF7AEB909B2FBF76F
:10F0E000ABB900002DE9F84F04464F1091460D468C
:10F0F0004FEA610AC80700D17F1E60008346F7F718
:10F10000CFF806464B46002026E000BF03EB440044
:10F11000009030F8021C6943601E15D4002200EBF9
:10F120000A0C26F81010A44501DA33F81C208A1ABC
:10F13000C11B012901D5198803E003EB410131F816
:10F14000021C401E1144E9D55A4631461846F7F7CD
:10F1500071F9009B08F101008046A042D6DB4FF414
:10F160007F51B1FBF5F2002093B214FB04FC0CE0DC
:10F1700039F8102042B18A4202D129F8103003E058
:10F1800092FBF5F229F81020401C8445F0D80020AD
:10F1900039E000BF09EB4002934613886B4300211E
:10F1A00023E0002B02DA4FF0000C01E04FEAA31C31
:10F1B00026F811C0A1EB0A0CBCF1000F02DCB2F87A
:10F1C00000C003E00CFB040839F818C0A3EB0C0CDA
:10F1D000CB195B1CA34200DB631E03FB040802EB9C
:10F1E000440239F81830491C6344A142D9DB5A461D
:10F1F000002105E036F81130138002EB4402491C6F
:10F20000A142F7DB401CA042C4DB3046BDE8F84F0A
:10F21000F7F792B82DE9F0470E468AB01F468046B0
:10F22000014615469146D41907A8F0F7F6FB05EB01
:10F23000D57007EB600145F30002891A891EADF80D
:10F240002010012101EB6000ADF81E004046F0F7F0
:10F2500049FCBDF82010081AADF81C004046F0F734
:10F260001BFCBDF81E1000230844ADF822003A46EE
:10F2700007A901A8F3F726F94D46B9F1010F01D00E
:10F280004FEA69052046F7F70BF88246B04600279B
:10F2900034E021465046F7F7D9F901A80090DDF88F
:10F2A00004C023B23AB200215046E04740B19AF878
:10F2B0000000800190FBF5F1A8F80010012018E093
:10F2C00061004046F7F794F915E000BF0AEB000231
:10F2D0001AF8001012F8012C914204D108EB4001F9
:10F2E00031F8022C02E0890191FBF5F228F8102098
:10F2F000401CA042EADB08EB44087F1CA742C8DBA5
:10F300005046F7F719F801A8F2F754FE012D14D072
:10F3100020B2324629460746FFF7E4FE09F0010015
:10F32000284401B2012926DD4FF47F5090FBF1F211
:10F33000002093B204FB04F517E00020644304E0CE
:10F3400036F810108A093254401C8442F8DC0AB0A6
:10F35000BDE8F08736F8102032B1FF2A0ED09201B6
:10F3600092FBF1F226F81020401C8542F2D832467A
:10F370003846FFF7B7FE0020644307E026F8103058
:10F38000F2E700BF16F810103154401C8442F9DC3B
:10F39000DDE7F0B597B0074614460D4601A8F3F730
:10F3A00061F9FF2211461046F1F7F1FB0090BDF81C
:10F3B00000000090BDF80000ADF8080000262A46C5
:10F3C00001A93846F3F73AF90FA8F2F7D7FB23461D
:10F3D0002A460FA938460096F2F734F917B0F0BD67
:10F3E00030B591B005464FF4E0216522F9F7E2F916
:10F3F000040017D06846EFF71FFE0F480A94CDE9C6
:10F40000005001200D9400210790CDE908010B4820
:10F4100006904FF6FF70ADF83C006846EFF780FEAF
:10F4200011B030BD04492846EFF7C2FD15F8500F62
:10F4300040F001002870F3E713660008F7F00008B9
:10F440002DE9FC47FE4DFF4C95F82000C00703D086
:10F45000FD48F1F751FB03E004211220FBF73AF8D5
:10F460000090BDF80000608095F82000C00704D02F
:10F4700005211220FBF72EF803E004211220FBF7F0
:10F4800011F80090BDF80000A08095F82000C0079A
:10F4900003D0EE48F1F730FB01E0F1F7C0FC00903B
:10F4A000BDF80000E08095F82000C00703D0E848D0
:10F4B000F1F722FB03E002211220FBF70BF800908A
:10F4C000BDF80000208100264620CDE90006DC487A
:10F4D0005023E04AE0492838FCF7A8FBD8480096BA
:10F4E0005023DC4ADC4914380196FCF79FFBE068A6
:10F4F000D03000F0F9FDD249E0682839D030FCF76F
:10F500008BFBE068D83000F0EFFDCD49E06814399E
:10F51000D830FCF781FBE068083000F0E5FD95F895
:10F520002000C00704D002211220FAF7BBFF02E03E
:10F530001220FAF7E9FF0146E0680830FCF709FA03
:10F54000E06847F6FF7A51460830FCF71CFB0721BC
:10F55000E868F1F778FC0146E0680830FCF760FAEB
:10F560000521E868F1F76FFC0146E0680830FCF718
:10F5700057FBE06866210830FCF7F6F9B049E0680F
:10F5800014390830FCF748FBE068103000F0ACFD9F
:10F59000E068FF211030FCF7E7F9E06800F0A4FD17
:10F5A000FF21E068FCF7E0F96088ADF80000009901
:10F5B000E068FCF7CEF9A088ADF800000099E0689B
:10F5C000FCF70FFB607801287ED00228E8687CD029
:10F5D0005FF00A01F1F737FC0146E068FCF75DFADD
:10F5E0006078012872D00228E86870D05FF00A01C4
:10F5F000F1F729FC0146E068FCF72AFAE0681830C8
:10F6000000F072FD60780128E8687DD05FF00801A5
:10F61000F1F719FC0146E0681830FCF7B4FAE0682D
:10F62000FF211830FCF7A0F9E088ADF80000E06891
:10F6300000991830FCF78DF92089ADF80000E068DA
:10F6400000991830FCF794F90221E868F1F7FBFB08
:10F650000146E0681830FCF79EF9E0680121183097
:10F66000FCF791F9A088ADF80000E0680099183027
:10F67000FCF7B7FA607801287ED00228E8687CD0D1
:10F680005FF01001F1F7DFFB0146E0681830FCF78E
:10F69000C7F96078012871D00228E8686FD00A2184
:10F6A000F1F7D1FB0146E0681830FCF7F6F9607815
:10F6B000012865D00228E8687ED00A21F1F7C3FB53
:10F6C0000146E068183003E07FE081E082E084E0FA
:10F6D000FCF7BEF91220FAF717FF0146E068183070
:10F6E000FCF76FF90121E868F1F7ADFB0146E0682E
:10F6F0001830FCF771F9E068A03000F0F5FC504ECE
:10F70000E068283EB16B00E069E0A030FCF76EF9DC
:10F710000321E868F1F797FB0146E068A030FCF7A9
:10F720007AF90321E868F1F78EFB0146E068A03022
:10F73000FCF76CF9E0687F21A030FCF762F9E06823
:10F74000A83000F0D1FC708FADF80000E06800999F
:10F75000A830FCF74BF90321E868F1F774FB014688
:10F76000E068A830FCF757F9E0687F21A830FCF783
:10F7700048F9E068203004E033E035E036E038E076
:10F7800039E000F0B1FC6078012839D00228E8683F
:10F7900039D00821F1F757FB0146E0682030FCF72B
:10F7A000F2F9E068FF212030FCF7DEF82089ADF89F
:10F7B00000000099E06800E020E02030FCF7C9F884
:10F7C00095F82000C00720D070E00E21E86801E71E
:10F7D0000C21FFE60E21E8680AE70C2108E70C215E
:10F7E00016E71821E8684DE714214BE70E21E86879
:10F7F00056E70C2154E70E21E8685FE70C215DE72E
:10F800001021E868C6E70C21C4E71220FAF77CFE55
:10F810000146E0682030FCF7BAF90020F1F70EFC51
:10F8200000EB40004FF4A07950304FF0A00848455D
:10F8300017DB0020F1F702FC00EB400050300DE038
:10F8400080B600203C0100201A171500302B28003C
:10F8500037322F00D3F000083861020890FBF8F02F
:10F8600000E0012001B2E0682030FCF7A5F9E06873
:10F870007F212030FCF79BF90020F1F7DFFB5027B8
:10F8800007EB8000484507DB0020F1F7D7FB07EBCB
:10F89000800191FBF8F000E0012001B2E868F1F787
:10F8A000D2FA0146E0682030FCF77CF9A088ADF878
:10F8B0000000E06800992030FCF793F96078012897
:10F8C0007ED00228E8687CD05FF01001F1F7BBFA27
:10F8D0000146E0682030FCF7CBF8E06800F1200832
:10F8E000607801286ED00228E8686CD05FF00A01C9
:10F8F000F1F7A9FA074601464046FCF7D3F8394626
:10F900004046FCF7A0F80521E868F1F79CFA0146AB
:10F91000E0682030FCF79CF80521E868F1F793FADD
:10F920000146E0682030FCF7B8F8FF49FD48086060
:10F930000831FE480860E068583000F0D5FBE06808
:10F94000F9495830FCF730F8E06823215830FCF7CB
:10F950002FF8E068603000F0C7FBF349E068083139
:10F960006030FCF721F8E0687F216030FCF720F878
:10F97000E068C03000F0B8FBE0680121C030FCF75F
:10F980000FF8E0680121C030FBF7FDFFE068803030
:10F9900000F0AAFB607801287ED00228E8687CD0BD
:10F9A0005FF01001F1F74FFA0146E0688030FCF794
:10F9B00037F86078012871D00228E8686FD003E03A
:10F9C0009FE2A1E2A2E2A4E25FF01001F1F73BFAAC
:10F9D0000146E0688030FCF760F8607801287DD04F
:10F9E0000228E8687BD01021F1F72DFA0146E06883
:10F9F0008030FCF72DF8E068783000F075FB607817
:10FA000001286DD00228E8686BD00A21F1F71BFAB3
:10FA10000146E0687830FCF703F8607801287CD074
:10FA20000228E8687AD00A21F1F70DFA0146E06869
:10FA30007830FCF712F8E068883000F055FB0A21B6
:10FA4000E868F1F700FA0146E0688830FCF725F82D
:10FA50000A21E868F1F7F7F90146E0688830FBF71A
:10FA6000F7FFE068903000F03FFB1421E868F1F701
:10FA7000EAF90146E0689030FCF7BFF8E06898309A
:10FA800000F032FBE06802219830FCF7A5F8E0684E
:10FA9000683000F029FB03E03DE23FE240E242E251
:10FAA000E06800216830FBF7BBFFE06800216830A8
:10FAB000FBF7F3FFE06800216830FBF7C9FFE0685F
:10FAC000703000F011FB607801287DD00228E868D2
:10FAD0007BD00221F1F7B7F9014603E025E227E2E6
:10FAE00028E22AE2E0687030FBF79AFF607801288C
:10FAF0006CD00228E8686AD05FF00201F1F7A3F940
:10FB00000146E0687030FBF7C8FF607801287DD0BF
:10FB10000228E8687BD0022101E010E212E2F1F74E
:10FB200092F90146E0687030FBF792FFE0682830F8
:10FB300000F0DAFAE068B16B2830FBF70AFFF1F762
:10FB40006EF90146E0682830FCF74BF8E068FF21C9
:10FB50002830FBF709FFE068303000F0C5FAE068B4
:10FB6000B16B3030FBF7F5FEE068B16B3030FCF77D
:10FB700038F8E06833213030FBF7F6FEE0683830C3
:10FB800000F0B2FA708FADF80000E06800993830EC
:10FB9000FBF7DFFEF1F743F90146E0683830FCF788
:10FBA00020F8E068FF213830FBF7DEFEE0684030E7
:10FBB00000F09AFA708FADF80000E06800994030CC
:10FBC000FBF7C7FE708F03E0BEE1C0E1C1E1C3E116
:10FBD000ADF80000E06800994030FCF702F8E068FA
:10FBE00033214030FBF7C0FEE068483000F07CFA7B
:10FBF0002089ADF80000E06800994830FBF7A9FEC5
:10FC0000E068FF214830FBF7AFFE01E0A6E1A8E184
:10FC1000A088ADF80000E06800994830FBF7E1FFEC
:10FC2000E068503000F060FAE088ADF80000E0686D
:10FC300000995030FBF78DFEE068FF215030FBF754
:10FC400093FEA088ADF80000E06800995030FBF703
:10FC5000C8FFE068B03000F047FAE0685746514608
:10FC6000B030FBF790FFE068B83000F03DFAE06894
:10FC70000021B830FBF787FFE068C83000F034FAA5
:10FC80000321E868F1F7DFF80146E068C830FBF7C8
:10FC9000BEFF0321E868F1F7D6F80146E068C830F6
:10FCA000FBF7B0FFE068F03000F01EFAE068B16BDF
:10FCB000F030FBF74EFEE068FF21F030FBF754FE1A
:10FCC0000621E868F1F7BFF80146E068F030FBF77D
:10FCD000A7FEE0683946F030FBF755FFE068E030FA
:10FCE00000F002FAE068C821E030FBF71AFEE06895
:10FCF000E83000F0F9F9E0687821E830FBF711FE10
:10FD0000E06800F5807000F0EFF92089ADF80000A0
:10FD1000E068009900F58070FBF707FE0F21E868A6
:10FD200006E00000816600084C01002015D700089D
:10FD3000F1F789F80146E06800F58070FBF704FEF2
:10FD4000E068012100F58070FBF7FAFDE06800F53E
:10FD5000847000F0C9F9E068B16B00F58470FBF7BE
:10FD6000E4FDE06800F5887000F0BEF9E0684FF44B
:10FD7000827100F58870FBF734FEE06800F58C7046
:10FD800000F0B2F90421E868F1F75DF8404201B2F1
:10FD9000E06800F58C70FBF743FEF1F740F8014690
:10FDA000E06800F58C70FBF7D4FDE06800F5947016
:10FDB00000F09AF90521E868F1F745F80146E06896
:10FDC00000F59470FBF708FEA088ADF80000E0682D
:10FDD000009900F59470FBF7F4FD1421E868F1F741
:10FDE00032F80146E06800F59470FBF7EAFE0F2157
:10FDF000E868F1F728F80146E06800F59470FBF731
:10FE000042FEE06800F5987000F06EF9E06839464F
:10FE100000F59870FBF7B7FEA088ADF80000E06829
:10FE2000009900F59870FBF794FDE068FF2100F55C
:10FE30009870FBF799FD0F21E868F1F704F8014687
:10FE4000E06800F59870FBF7BCFEE06800F5907084
:10FE500000F04AF90121E868F0F7F5FF0146E06893
:10FE600000F59070FBF797FD2089ADF80000E06881
:10FE7000009900F59070FBF77BFDE068032100F529
:10FE80009070FBF784FDE06800F59C7000F02CF9A1
:10FE9000A088ADF80000E068009900F59C70FBF7C1
:10FEA00067FD0221E868F0F7CEFF0146E06800F543
:10FEB0009C70FBF770FD0121E868F0F7C4FF404239
:10FEC00001B2E06800F59C70FBF7DDFDE0680421FD
:10FED00000F59C70FBF75BFDE0684FF4C87100F51E
:10FEE0009C70FBF71EFDE06800F5A07000F0FCF8C8
:10FEF00095F82000C00736D002211220FAF7D2FA76
:10FF000035E01821E868E1E41421DFE40E21E86817
:10FF1000EEE40C21ECE41821E86843E5142141E506
:10FF20001821E86852E5142150E51821E8685BE5DE
:10FF3000142159E50E21E86868E50C2166E50E21DB
:10FF4000E86871E50C216FE50821E868C2E5062143
:10FF5000C0E50821E868D1E50621CFE50821E86879
:10FF6000DAE50621D8E501211220FAF7B3FA0146B5
:10FF7000E06800F5A070FBF734FEE06800F5A470BF
:10FF800000F0B2F8607801287ED00228E8687CD0C2
:10FF90005FF00A01F0F757FF0146E06800F5A47032
:10FFA000FBF73EFD6078012870D00228E8686ED02B
:10FFB0005FF00A01F0F747FF00EBD0704110E068F6
:10FFC00000F5A470FBF749FDE06800F5A87000F0AB
:10FFD0008BF80121E868F0F736FF0146E06800F58C
:10FFE000A870FBF7D8FC2089ADF80000E068009904
:10FFF00000F5A870FBF7BCFCE088ADF80000E068F5
:020000040802F0
:10000000009900F5A870FBF7A4FCE068332100F527
:10001000A870FBF7A9FCE06800F5AC7000F064F88C
:10002000607801284CD00228E8684CD05FF00A01C3
:10003000F0F709FF0146E06800F5AC70FBF718FD2A
:100040006078012841D00228E86841D05FF00A01B9
:10005000F0F7F9FE0146E06800F5AC70FBF722FD11
:100060006078012836D00228E86836D05FF00201B7
:10007000F0F7E9FE0146E06800F5AC70FBF7E3FC41
:10008000607801282BD003E010E012E013E015E0C7
:100090000228E86826D00A21F0F7D5FE0146E0687C
:1000A000BDE8FC4700F5AC70FBF7D7BC0E21E86853
:1000B00070E70C216EE70E21E8687BE70C2179E7F9
:1000C0000E21E868B4E70C21B2E70E21E868BFE72B
:1000D0000C21BDE70821E868CAE70621C8E70E2120
:1000E000E868D9E70C21D7E70349097809B1FBF79C
:1000F00006BCFBF71ABB00003C0100202DE9F35FB2
:100100000198F7F793FCF84CDFF8E0934FF4803850
:10011000E8B1F7490198F6F79FFEE0B10198F7F7CB
:1001200085FCF449F6F798FE00287CD1E1680022AE
:1001300018310198F6F7B8FBE1684246083101989A
:10014000F6F7B2FBE1684A461031019828E3002235
:10015000E1680198EEE7E8490198F6F77DFEA0B363
:10016000E168002220310198F6F79EFBE168002249
:1001700028310198F6F798FBE1680022D031019808
:10018000F6F792FBE168202258310198F6F78CFBD4
:10019000E1682022D8310198F6F786FBE168042255
:1001A000A0310198F6F780FBE1682022C831019860
:1001B000F6F77AFBE168012238310198F6F774FB13
:1001C000E168802260310198EAE2FFE7CB490198BB
:1001D000F6F742FE4FF4A027DFF824A307F1040B43
:1001E000002865D00198F7F721FCC249F6F734FEE4
:1001F000C34DE1686035002801984FF0000223D01C
:1002000001F5A471F6F750FBE1680422A0310198D2
:10021000F6F74AFBE1680822A8310198F6F744FB9B
:100220003A46E16800E0C0E201F5A8710198F6F7EE
:100230003BFBE168524658310198F6F735FBE1681F
:100240002A466031019825E01831F6F72DFBE16868
:100250000422A0310198F6F727FBE1680822A831B3
:100260000198F6F721FBE1683A4620310198F6F74C
:100270001BFBE1682A4660310198F6F715FBE1683F
:10028000524658310198F6F70FFB9D4AE1681F3A34
:1002900028310198F6F708FBE1685A46A031019829
:1002A000F6F702FB964AE168183AA831019877E21E
:1002B00094490198F6F7D0FD4FF4003510B3E1688A
:1002C000002230310198F6F7EFFAE1680022B031F0
:1002D0000198F6F7E9FAE1680422A0310198F6F7EF
:1002E000E3FAE1680822A8310198F6F7DDFAE1683F
:1002F0002A4628310198F6F7D7FAE1682A46B03144
:1003000001984DE280490198F6F7A6FD4FF440367A
:10031000A8B3E168002230310198F6F7C5FAE16828
:100320000022B0310198F6F7BFFAE1680422A0314B
:100330000198F6F7B9FAE1680822A8310198F6F7B2
:10034000B3FAE1682A4628310198F6F7ADFAE16878
:100350002A46B0310198F6F7A7FAE1683246F03143
:100360000198F6F7A1FA694DE1682A46C83101986B
:10037000F6F79AFAE1683246D0310198ACE0FFE72F
:1003800063490198F6F768FDF0B3E168002218317F
:100390000198F6F789FAE168002268310198F6F7CA
:1003A00083FAE1680022B8310198F6F77DFAE16836
:1003B0000422A0310198F6F777FAE1680822A83103
:1003C0000198F6F771FAE168424608310198F6F7AC
:1003D0006BFAE1684A4610310198F6F765FAE16870
:1003E0003A4650310198F6F75FFAE1683A4601F56E
:1003F00090710198F6F758FAE1683A468031019811
:10040000F6F752FA524600E010E0E16801985831E0
:10041000F6F74AFAE1685A4628310198F6F744FAA5
:10042000374AE168183A38310198B9E139490198F9
:10043000F6F712FD002871D0E168002248310198DA
:10044000F6F732FAE1680022B0310198F6F72CFA9B
:10045000E1680022E8310198F6F726FAE168802287
:1004600060310198F6F720FAE1680422A031019882
:10047000F6F71AFA284FE1683A4628310198F6F75C
:1004800013FAE1682A46B0310198F6F70DFA224ACC
:10049000E1687F3260310198F6F706FAE16832468A
:1004A000F0310198F6F700FAE168324650310198D0
:1004B000F6F7FAF9E168324601F58C710198F6F722
:1004C000F3F9124AE168603260310198F6F7ECF90D
:1004D000E1683A46D8310198F6F7E6F9E1682A462C
:1004E000D83101985CE119E03C0100204000010096
:1004F000D45F0208506102088C990208A89902088A
:100500002000050070990208509A0208200003009C
:10051000889A02086C9A020801000200A449019816
:10052000F6F79AFC4FF4802740B3E16800221831B7
:100530000198F6F7B9F9E1680022E0310198F6F781
:10054000B3F9E168002290310198F6F7ADF9E1685E
:10055000002298310198F6F7A7F9E1680422A0314A
:100560000198F6F7A1F9E1680822A8310198F6F799
:100570009BF9E1683A462831019811E18D490198CB
:10058000F6F76AFC40B3E168002218310198F6F7EB
:100590008BF9E168002278310198F6F785F9E16876
:1005A0000022D0310198F6F77FF9E1682022D83196
:1005B0000198F6F779F9E168202258310198F6F7A9
:1005C00073F9E1680422A0310198F6F76DF9E1684A
:1005D0000822A83101987FE777490198F6F73CFC9B
:1005E000B0B3E168002218310198F6F75DF9E168CF
:1005F0000022C0310198F6F757F9E16800229031E6
:100600000198F6F751F9E168002201F58871019827
:10061000F6F74AF9E168424608310198F6F744F9DD
:10062000E1684A4610310198F6F73EF9E1683A462A
:1006300050310198F6F738F9E168604A283101989D
:10064000F6F732F95D4AE1681F3258310198A7E0A8
:10065000FFE75B490198F6F7FFFBC8B1E1680022AC
:1006600001F580710198F6F71FF9E1682A4601F556
:1006700080710198F6F718F9E1682A4601F584714E
:100680000198F6F711F9E1683246F031019887E0F8
:100690004C490198F6F7E0FB98B1E168002201F5BA
:1006A00080710198F6F700F9E1682A4601F580713A
:1006B0000198F6F7F9F8E1682A4601F58471019886
:1006C0006EE041490198F6F7C7FB88B1E168002266
:1006D00018310198F6F7E8F8E1680022B031019886
:1006E000F6F7E2F8E1682A4601F59871019857E0BB
:1006F00036490198F6F7B0FB88B3E168002218315B
:100700000198F6F7D1F8E168002278310198F6F700
:10071000CBF8E1680422A0310198F6F7C5F8E1684A
:100720000822A8310198F6F7BFF8E168424608317F
:100730000198F6F7B9F8E1684A4610310198F6F7E2
:10074000B3F8E168224A01F59C710198F6F7ACF81C
:10075000E1684FF4002201F5A071019820E0FFE765
:100760001C490198F6F778FB50B1E1680022183176
:100770000198F6F799F8E1680022683101980FE0D6
:1007800015490198F6F768FB28B914490198F6F75E
:1007900063FB002809D0E1680198002201F5AC71E3
:1007A00002B0BDE8F05FF6F77FB8BDE8FC9F00003F
:1007B000189A0208C4990208E0990208010004008E
:1007C00054990208C0610208A4610208A49A0208B0
:1007D00002000700506102086C610208886102088B
:1007E000C143491C0840B0FA80F0C0F11F007047B7
:1007F00018B1B0FA80F0C0F12000401E7047000030
:100800002DE9F0410C46E0F781F878B1E0F77EF889
:10081000FF280BD00A4E0127B51CE0F77BF80948EA
:100820000188318080882880A77301E00020A073B0
:1008300003480188218040886080BDE8F081000085
:10084000BC00002094000020FEB506680446002588
:10085000728C0420C2F3C5020CE000BFF36800EB09
:10086000C507DB599F0104D5A76823F07F43BB422E
:1008700003D06D1CAA42F1D8FEBDA388472B60D0DF
:100880000EDC342B50D006DC202B5AD0302B58D025
:10089000332B16D148E03B2B53D0442B11D150E0E1
:1008A000682B41D004DC632B41D0672B09D13BE09E
:1008B000A3F58060573844D000F6FE70B0F5005FB5
:1008C00032D069B3FF292DD0D4E90302121A4A436A
:1008D00000EB22200090F068012701AA50F83500B3
:1008E0001946FAF7F1FE60B1DDE90010814208D146
:1008F000BDF80020BDF804309A4202D1814200D1F7
:100900000027F068A188009A50F83500FBF7D0F86E
:10091000002FB1D0A288A1682068F8F7DFFFFEBDE4
:10092000E068D7E72069D5E7FF29FBDAF8E7E06858
:100930000028F7D02269002ACCD08029CADB009297
:10094000C9E7002901DCA08920E0FF2901DB208A1A
:100950001CE0C8B2228AB4F80CC0001DC7080D49BB
:100960001FFA8CF092B240EA004042EA024208408C
:100970000A40121A7A4300EB5210084040EA104035
:10098000ADF8080080B20290BDF80800ADF8000094
:10099000A1E700001FF8E0072DE9F04104682648B0
:1009A000A6882568E3F7FFF810E0A1420BD008689D
:1009B0002268904207D18868A268904203D1888853
:1009C000A288904236D01C48E3F7FFF80100ECD132
:1009D000698C00270420C1F3C50129E0EA6800EB17
:1009E000C703D258930122D5A36822F07F429A42CE
:1009F0001DD121461048E3F740F92046F5F7AEFC3B
:100A0000E868314600EBC7042068FAF715FFE8688C
:100A100050F83700FAF78CFE00280BD06068216888
:100A200020F07F422846BDE8F041F8F7D5BF7F1C93
:100A3000B942D3D8BDE8F081F8B6002070B504689B
:100A4000A068A28800F47F0631462068F7F7B2FE5E
:100A5000E060A5880020A08023462A463146206811
:100A600000F00CF8A580A1682068ECF7FDFDA188D6
:100A70000068E268BDE87040FBF71AB82DE9FF4F47
:100A8000064681B09B46894600272648E3F7A4F82E
:100A900004464FF4702A4FF004083DE05C453DD019
:100AA00021462048E3F795F800902068B04232D103
:100AB000A168494501D0D1452DD1A1880398814233
:100AC00003D0A0F57F41FF3925D100251EE000BFEE
:100AD000F06808EBC50141588A0116D5D14503D00D
:100AE00021F07F424A4510D150F83500A188FAF72D
:100AF000A3FE00212046EEF75BFA21460948E3F702
:100B0000BCF82046F5F72AFC01276D1C708CC0F359
:100B1000C500A842DCD8009C002CBFD105B03846E7
:100B2000BDE8F08FF8B600202DE9F0410020F6F77F
:100B3000D5FAE04E10213060F6F740FA4FF6A27079
:100B4000EFF7EBFF014600223068F9F75BFB00226C
:100B5000FF213068F9F779FB4FF6FC70EFF7DDFF06
:100B6000014600223068F9F759FB00220121306864
:100B7000F9F760FB3068F4F749FCCF4C42F2D178CA
:100B800041462060F9F72AFC41462068F9F776F9DA
:100B900002212068F9F739FC6FF05E012068F9F74F
:100BA0004BFC09212068F9F726F9C4A12068F5F764
:100BB00097FAC348EFF7B1FF014600222068F9F722
:100BC000E2FB0022FF212068F9F7F0FB0022BD497B
:100BD0002068F9F7E5FB3068F4F718FCBA4C414699
:100BE0002060F9F7FBFB41462068F9F747F903213C
:100BF0002068F9F70AFC6FF040012068F9F71CFC47
:100C000009212068F9F7F7F8B0A12068F5F768FA2C
:100C1000B048EFF782FF014600222068F9F7B3FBE6
:100C20000022FF212068F9F7C1FB0022AA492068B1
:100C3000F9F7B6FB3068EFF76BF9A84D462128604D
:100C4000F9F7CCFB46212868F9F718F90021286844
:100C5000F9F7DBFB6FF013012868F9F7EDFB0921C9
:100C60002868F9F7C8F84FF480612868F5F7E2FDC5
:100C700010212868F6F7A2F9002223212868F9F745
:100C800059FB9748EFF749FF014600222868F9F71A
:100C9000B9FA0022FF212868F9F7D7FA9148EFF74F
:100CA0003CFF014600222868F9F7B8FA002201212A
:100CB0002868F9F7BFFA4FF65670EFF72EFF014696
:100CC00020222868F9F79EFA2022FF212868F9F7E8
:100CD000BCFA8548EFF721FF014620222868F9F782
:100CE0009DFA202202212868F9F7A4FA4FF62D7008
:100CF000EFF713FF014620222868F9F720FB202296
:100D0000FF212868F9F727FB202232212868F9F70C
:100D10002EFB202200212868F9F723FB3068FAF720
:100D2000BBFF724C20603220F9F706FC01462068B8
:100D3000F9F754FB0A20F9F7FFFB01462068F9F7A1
:100D40009DF86FF005012068F9F75FFB3E212068F0
:100D5000F9F772FB09212068F9F74DF86448EFF7BD
:100D6000DCFE014600222068F9F74CFA0022FF2140
:100D70002068F9F76AFA5F48EFF7CFFE01460022D4
:100D80002068F9F74BFA002201212068F9F752FA9E
:100D9000594F3846EFF7C1FE014600222068F9F7A7
:100DA00093FA0022FF212068F9F79AFA0022022123
:100DB0002068F9F7A1FA002211462068F9F796FA9F
:100DC0003846EFF7AAFE014600222068F9F7B7FA85
:100DD0000022FF212068F9F7BEFA002232212068A4
:100DE000F9F7C5FA002211462068F9F7BAFA434824
:100DF000EFF793FE4FF4003701463A462068F9F7C3
:100E000001FA3A46FF212068F9F71FFA3C48EFF74C
:100E100084FE01463A462068F9F700FA3A46022174
:100E20002068F9F707FA3748EFF777FE01464FF4E5
:100E300040373A462068F9F7E5F93A46FF2120683D
:100E4000F9F703FA3048EFF768FE01463A462068A2
:100E5000F9F7E4F93A4602212068F9F7EBF930682E
:100E6000F4F7D4FA294C41462060F9F7B7FA414625
:100E70002068F9F703F800212068F9F7C6FA6FF047
:100E800012012068F9F7D8FA09212068F8F7B3FFB2
:100E90001FA12068F5F724F900220F492068F9F70F
:100EA0007FFA2868BDE8F04100231A461A49F5F791
:100EB00083BC0000540200205C020020EE999C00DC
:100EC0002D14AE004CA5020860020020E4BDA0E590
:100ED000A5BD000099312800F89C0208640200209A
:100EE00000E8FF000092FF0000FF520068020020AF
:100EF00000FFE800009FFF000041FF0000FF6E00C0
:100F000000F5FF00D8338700FC75BC006C020020A0
:100F1000E58887E68DA20000A11102082DE9F041C5
:100F20000020F6F7DBF8814D10212860F6F746F82F
:100F30002868EEF7EDFF7E4E50213060F9F74EFA4B
:100F40001E213068F8F79AFF6FF008013068F9F752
:100F50005CFA6FF01E013068F9F76EFA092130680B
:100F6000F8F749FF4FF480613068F5F763FC102112
:100F70003068F6F723F82868F4F748FA6D4C42F227
:100F8000D17841462060F9F729FA41462068F8F700
:100F900075FF6FF00A0739462068F9F736FA6FF0E7
:100FA0001D012068F9F748FA09212068F8F723FFA6
:100FB00061A12068F5F794F8002261492068F9F7EB
:100FC000EFF92868F4F722FA5E4C41462060F9F701
:100FD00005FA41462068F8F751FF39462068F9F7CD
:100FE00014FA6FF048012068F9F726FA0921206801
:100FF000F8F701FF54A12068F5F772F84FF2FC7082
:10100000EFF79CFD014600222068F9F7BCF90022A9
:10101000FF212068F9F7CAF900224C492068F9F746
:10102000BFF92868F4F7F2F9494C41462060F9F716
:10103000D5F941462068F8F721FF6FF04401206898
:10104000F9F7E3F92B212068F9F7F6F9092120686F
:10105000F8F7D1FE3FA12068F5F742F8380AEFF71C
:101060006DFD014600222068F9F78DF90022FF216D
:101070002068F9F79BF9002234492068F9F790F9C4
:101080002868F4F7C3F9344C41462060F9F7A6F913
:1010900041462068F8F7F2FE6FF056012068F9F734
:1010A000B4F945212068F9F7C7F909212068F8F754
:1010B000A2FE2AA12068F5F713F82948EFF73EFDB4
:1010C000014600222068F9F75EF90022FF2120681E
:1010D000F9F76CF900221D492068F9F761F92868D1
:1010E000FAF7DAFD1F4C32212060F9F777F9192160
:1010F0002068F8F7C3FE15212068F9F786F9362134
:101100002068F9F799F909212068F8F774FE00239F
:101110001A4615493068F5F74FFB2868BDE8F041DD
:1011200000231A461149F5F747BB0000580200207A
:101130007002002074020020E58887E68DA200007E
:10114000F89C020878020020EE98B1004CA5020835
:101150007C020020EE98B60080020020EE9883000A
:10116000F5F5F5008402002071110208D111020882
:1011700038B50546F2F77FFD04462846F2F7B9FD7B
:10118000012C0AD1FFF7D0FC012000900348002376
:10119000642209210068F9F7BFFE38BD540200201F
:1011A00038B50546F2F767FD04462846F2F7A1FD7B
:1011B000082C0AD1FFF7B2FE01200090034800235B
:1011C000642209214068F9F7A7FE38BD54020020C7
:1011D00038B50546F2F74FFD04462846F2F789FD7B
:1011E0000C2C14D1F3F75AFFF3F75EFF01280ED150
:1011F000F3F754FFF4F7A0F8FFF796FC01200090F6
:1012000003480023642209210068F9F785FE38BDF0
:101210005402002038B5EFF70BFF05460020F9F720
:1012200073F904460520F9F76FF901460948009063
:10123000012322462846FBF769FA01462846EFF7C4
:1012400093FFFFF771FC04480068BDE83840EFF7F2
:1012500063BF000004970208540200200088098838
:10126000401A70472DE9F04186B00446F3F716FFA7
:10127000050073D02046F2F7FEFC06462046F2F742
:1012800038FD044690F85000800767D52846F3F7EC
:101290004AFF022862D02846F3F745FF04285DD0B4
:1012A0006946606AF6F749FB03A92846F3F710FF81
:1012B00004A92846F3F73CFFBDF90C1000294DDBCB
:1012C000BDF90E00002849DBBDF80020891AADF8F1
:1012D0000810BDF80210401AADF80A00606AF7F76E
:1012E0008DFB0146606ABDF908200546002A01DA37
:1012F000002703E08A4203DB47F6FF77012009E07D
:1013000002A9F4F735F987B202A9606AF4F750FB35
:1013100080F0010094F85C104FF6FF788A0724D51E
:1013200001F0010202434FF4407001D1012E08D0B8
:10133000C9071ED0022E12D0032E12D0082E10D0B4
:1013400019E0C4E9157894F85C1041F001020146F7
:1013500084F85C202046F5F731FE06E03FE0A76503
:1013600003E001462046F5F765FA94F85C00C007F3
:1013700001D1012E33D139462046FBF739F994F8D3
:101380005C00C0072BD0D4E91510814208D9EA6B64
:10139000824202D12A6C8A4218D0E863606D11E063
:1013A00008D2EA6B8A4202D12A6C82420ED0E963EB
:1013B000A06D07E0E96B4046814202D1296C814271
:1013C00004D0E86328642046F7F713FE032E01D00B
:1013D000082E04D114F85C0F20F00100207006B034
:1013E000BDE8F081D0E9013201699A60D0E90123BA
:1013F0005A604A68824201D182684A6000220261D2
:101400000868401E0860086870470000034B0360CE
:1014100003F15C0008608020106070470009002024
:10142000044B036003F15C0008604FF480701060AF
:10143000704700005C0B00207047E1F701B900F134
:1014400008014FF0FF32C0E90112C16001610021C3
:101450000160704700210161704730B50B685A1C6C
:1014600002D000F1080202E0026904E0224654685A
:1014700025689D42FAD953684B6099608A60516033
:1014800008610168491C016030BD42684A60936888
:101490008B6093685960916008610168491C016024
:1014A00070470000502080F31188BFF34F8FBFF3C7
:1014B0006F8F0A494868401C486001280CD10848D1
:1014C000006810F0FF0F07D0502080F31188BFF3A1
:1014D0004F8FBFF36F8FFEE770470000880000203A
:1014E00004ED00E00849486828B1401E486001D179
:1014F00080F311887047502080F31188BFF34F8F1D
:10150000BFF36F8FFEE700008800002070B5002851
:101510002AD0164DA0F1080460686969084207D115
:10152000502080F31188BFF34F8FBFF36F8FFEE71A
:1015300022683AB1502080F31188BFF34F8FBFF378
:101540006F8FFEE78843606000F078F96068696833
:10155000084468602046FCF77FFD2869401C28612C
:10156000BDE8704000F0AEBF70BD00006800002014
:101570004FF0E02000210161816105494FF47A724A
:101580000968B1FBF2F1491E416107210161704711
:101590001000002010B5DEF75DFE114910280ED3B3
:1015A00000F1E02090F8F0030A78904207D2502032
:1015B00080F31188BFF34F8FBFF36F8FFEE70948A9
:1015C0000068896800F4E060884207D9502080F301
:1015D0001188BFF34F8FBFF36F8FFEE710BD000080
:1015E000880000200CED00E010B5084B002200BF81
:1015F00053F832401CB1521C082AF9D310BD43F8ED
:10160000321003EBC201486010BD0000E40200206C
:1016100070B515460E460446FFF744FF94F9441092
:101620000020491C01D184F8440094F94510491C5C
:1016300001D184F84500FFF755FFA06B28B92A4671
:10164000314604F1240000F051F82046BDE8704016
:10165000FCF7B0BE10B5020014D00F48006B38B1D3
:10166000502080F31188BFF34F8FBFF36F8FFEE7D9
:1016700000F0E4F800211046FCF7FAFA00F022FF2F
:10168000002807D105494FF080500860BFF34F8F05
:10169000BFF36F8F10BD00001400002004ED00E0C8
:1016A00002490A6A0260C96841607047140000205C
:1016B00001490120C86170471400002010B50C4694
:1016C00050B1094909681831FFF7C7FE2046BDE847
:1016D00010400121FCF7CCBA502080F31188BFF3F1
:1016E0004F8FBFF36F8FFEE71400002070B51446D4
:1016F0000D4668B10A4909681831FFF7C6FE0CB1FA
:101700004FF0FF3521462846BDE87040FCF7B0BADF
:10171000502080F31188BFF34F8FBFF36F8FFEE728
:101720001400002070B504003ED0226DA2B1E06C20
:10173000884200D30146E06A884235D0012A33D17D
:101740001A4D2A6894420FD1502080F31188BFF3BC
:101750004F8FBFF36F8FFEE7502080F31188BFF3E8
:101760004F8FBFF36F8FFEE7E162A269002A02DBB1
:10177000C1F13801A1610E4E00EB8000616906EBFA
:101780008000814210D1201DFFF72CFEE06A2969FC
:10179000884200D9286100EB800006EB8000211D03
:1017A000BDE87040FFF771BE70BD0000140000205E
:1017B0002403002030B587B00024039405AA04A9AF
:1017C00003A80494FFF722FEDDE903010094CDE9AC
:1017D0000110002315A11748059A00F014FD164DBD
:1017E0000028E8621FD000F0CFFE012809D0401C7D
:1017F00019D1502080F31188BFF34F8FBFF36F8F43
:10180000FEE7502080F31188BFF34F8FBFF36F8F37
:101810004FF0FF30A86201206861EC6007B0BDE8BE
:10182000304000F0EDB807B030BD000049444C45F1
:101830000000000009DF0108140000200248016BCD
:10184000491C01637047000014000020164810B5C1
:10185000016B11B10121C16110BD0021C16101699C
:10186000124A01E0B9B1491E01EB810352F823305D
:10187000002BF7D001EB810302EB830202F1080495
:1018800053685B685360A34201D15B685360DA68B8
:101890000260016110BD502080F31188BFF34F8FAB
:1018A000BFF36F8FFEE70000140000202403002028
:1018B00070B5F2F71EFA0546F6F7B8F8EEF7B0FF86
:1018C000044601212846F5F7A0FF054694F90200D9
:1018D0000549228801EB800004A150F8043C284609
:1018E000BDE87040F4F733BC780100202564202562
:1018F0007300000070B5F2F7FCF90546F6F796F8AC
:10190000EEF78EFF044600212846F5F77EFF0246DB
:101910002088A0F2E770404281B21046F2F782F9C7
:1019200001212846F5F771FF024694F90200BDE84F
:101930007040401E81B21046F2F774B9F8B5044603
:10194000B0F92E0010F5004F59D0B4F92C30678D46
:1019500099B2B94202D201F5B4710BB294F83410C5
:10196000C1F34101D9B301290ED0022947D1009317
:10197000B4F93220B4F930103B46F4F753FC05B209
:101980002046A28DA9B237E0F91801EBD171B4F964
:101990003050B4F9322041F34F06A91801EBD17150
:1019A00041F34F0188420CDA0A463B46294600962D
:1019B000F4F738FC05B2A9B22046EDF7C6FFB1B284
:1019C00009E000933346F4F72DFC05B2B1B220468E
:1019D000EDF7BBFFA9B22046EDF77BFF0EE0FFE776
:1019E0000093B4F93220B4F930103B46F4F71AFCF6
:1019F00005B2AAB22046618DEDF7E7FEA587F8BDD6
:101A00001CB537480168374A914207D1502080F30E
:101A10001188BFF34F8FBFF36F8FFEE70068314926
:101A2000491E884207D1502080F31188BFF34F8FA1
:101A3000BFF36F8FFEE72C4908780190FF200870F4
:101A400008788DF800009DF800009DF8002000F057
:101A5000F000904207D0502080F31188BFF34F8FE1
:101A6000BFF36F8FFEE79DF80000204C00F05000A0
:101A700020700720A06005E09DF8002052008DF83E
:101A80000020401E9DF800201206F5D4A060032817
:101A900007D0502080F31188BFF34F8FBFF36F8FB3
:101AA000FEE74FF44070A060019808700C482030A9
:101AB000016841F470010160016841F0704101600A
:101AC000FFF756FD00206060DEF78CFB08480168D8
:101AD00041F040410160DEF771FB00201CBD0000B9
:101AE00000ED00E071C20F4100E400E0880000203A
:101AF00034EF00E010B5502080F31188BFF34F8F12
:101B0000BFF36F8F00F0BEFB18B104494FF0805057
:101B10000860002080F3118810BD000004ED00E093
:101B200010B502460021012000F005F80446FCF73C
:101B30001DFA204610BDF8B517460E46050013D015
:101B400005FB06F05030FCF76BFC04000AD00020C7
:101B500084F8460004F150023B4631462846009482
:101B6000FCF710FA2046F8BD502080F31188BFF32F
:101B70004F8FBFF36F8FFEE738B5049D18B153B197
:101B8000CAB181B120E0502080F31188BFF34F8F9C
:101B9000BFF36F8FFEE7502080F31188BFF34F8FA4
:101BA000BFF36F8FFEE7502080F31188BFF34F8F94
:101BB000BFF36F8FFEE739B1502080F31188BFF378
:101BC0004F8FBFF36F8FFEE750241C46012384F82C
:101BD00046302B460094FCF7D5F9204638BD00006E
:101BE00070B50D46040025D0FFF75CFCD4E90F204A
:101BF000216802FB0011A1600021A16321686160DE
:101C00000A46D4E90F01401E00FB0121E160214694
:101C10004FF0FF3001F8440F487004F110008DB10F
:101C2000FFF70DFC04F12400FFF709FCFFF75AFC55
:101C3000012070BD502080F31188BFF34F8FBFF398
:101C40006F8FFEE721690029F0D000F003FC002827
:101C5000ECD004494FF080500860BFF34F8FBFF3C2
:101C60006F8FE3E704ED00E02DE9FF4782B01D46EA
:101C70008A464FF00008040003D0BAF1000F08D0E4
:101C800011E0502080F31188BFF34F8FBFF36F8FA7
:101C9000FEE7206C38B1502080F31188BFF34F8FDE
:101CA000BFF36F8FFEE7022D0AD1E06B012807D04A
:101CB000502080F31188BFF34F8FBFF36F8FFEE783
:101CC00000F0CCFA3F4F4FF000094FF0805648B972
:101CD000049838B1502080F31188BFF34F8FBFF3C1
:101CE0006F8FFEE7FFF7DEFBA06BE16B884207D347
:101CF000022D05D00498D0B1B8F1000F1AD01EE023
:101D00002A4651462046FCF788F8616A19B104F169
:101D1000240000F09FFB20B13E60BFF34F8FBFF364
:101D20006F8FFFF7DFFB012006B0BDE8F087FFF7FC
:101D3000D9FB22E06846FFF7B3FC4FF00108FFF73C
:101D4000D1FBFFF77BFDFFF7ADFB94F94400401C8E
:101D500001D184F8449094F94500401C01D184F8E5
:101D60004590FFF7BFFB04A9684600F0E5F930B1E4
:101D70002046FCF71FFB00F0A5FB0020D4E7FFF78F
:101D800091FBA06BE16B884213D1FFF7ABFB04F131
:101D900010000499FFF792FC2046FCF70BFB00F0C3
:101DA00091FB00289ED13E60BFF34F8FBFF36F8F32
:101DB00098E7FFF797FB2046FCF7FCFA00F082FB60
:101DC00090E7000004ED00E02DE9F0471F46904643
:101DD0008946040003D0B9F1000F08D011E050206B
:101DE00080F31188BFF34F8FBFF36F8FFEE7206C36
:101DF00038B1502080F31188BFF34F8FBFF36F8F3E
:101E0000FEE7022F0AD1E06B012807D0502080F3B3
:101E10001188BFF34F8FBFF36F8FFEE7FFF7BAFB59
:101E20005020EFF3118680F31188BFF34F8FBFF37B
:101E30006F8FA06BE16B884206D3022F04D0002085
:101E400086F31188BDE8F08794F94550A06B3A46B7
:101E500049462046FBF7E1FF681C04D06D1C84F85E
:101E600045500120ECE7606A0028FAD004F1240014
:101E700000F0F0FA0028F4D0B8F1000FF1D0012101
:101E8000C8F80010EDE700002DE9F747002683B001
:101E90008A46040003D0BAF1000F08D011E05020A8
:101EA00080F31188BFF34F8FBFF36F8FFEE7206C75
:101EB00038B1502080F31188BFF34F8FBFF36F8F7D
:101EC000FEE700F0CBF9DFF8F4804FF000094FF0A7
:101ED000805748B9059838B1502080F31188BFF376
:101EE0004F8FBFF36F8FFEE7FFF7DCFAA56BC5B12D
:101EF00051462046FBF77EFF6D1EA563206950B159
:101F000004F1100000F0A6FA28B1C8F80070BFF381
:101F10004F8FBFF36F8FFFF7E5FA012006B0BDE8E2
:101F2000F087059808B11EB106E0FFF7DBFA27E05D
:101F30006846FFF7B5FB0126FFF7D4FAFFF77EFCF2
:101F4000FFF7B0FA94F94400401C01D184F84490A2
:101F500094F94500401C01D184F84590FFF7C2FA7E
:101F600005A9684600F0E8F8002820460AD0FCF7EA
:101F700021FA00F0A7FA2046FCF7B0F80028B3D009
:101F80000020CBE7FCF7AAF890B104F124000599F2
:101F9000FFF794FB2046FCF70DFA00F093FA0028B7
:101FA000A2D1C8F80070BFF34F8FBFF36F8F9BE7CC
:101FB0002046FCF7FFF900F085FA95E704ED00E014
:101FC0002DE9F343002683B00400354609D0206C88
:101FD00078B1502080F31188BFF34F8FBFF36F8F1C
:101FE000FEE7502080F31188BFF34F8FBFF36F8F50
:101FF000FEE700F033F9DFF83C814FF000094FF0C5
:10200000805748B9049838B1502080F31188BFF345
:102010004F8FBFF36F8FFEE7FFF744FAA06BC8B195
:10202000401EA063206810B9FCF768FAA060206920
:1020300050B104F1100000F00DFA28B1C8F800709A
:10204000BFF34F8FBFF36F8FFFF74CFA012005B03E
:10205000BDE8F083049808B166B10FE03DB15020AF
:1020600080F31188BFF34F8FBFF36F8FFEE7FFF749
:1020700039FA5DE06846FFF713FB0126FFF732FAF5
:10208000FFF7DCFBFFF70EFA94F94400401C01D186
:1020900084F8449094F94500401C01D184F845909F
:1020A000FFF720FA04A9684600F046F80028204609
:1020B00012D0FCF77FF900F005FA2046FCF70EF885
:1020C0000028A9D09DB3FFF7EDF9606A50B3206BEB
:1020D0000068C0F1380126E0FCF700F8E0B12068A4
:1020E00038B9FFF7DFF9A06800F078F90546FFF787
:1020F000F9F904F124000499FFF7E0FA2046FCF70F
:1021000059F900F0DFF9002886D1C8F80070BFF354
:102110004F8FBFF36F8F7FE72046FCF74BF900F03E
:10212000D1F979E70021A068FFF7FCFA9FE7FFE704
:1021300000208CE704ED00E02DE9F0410C4605009D
:1021400011D0C4B1FFF7AEF9174BDA686E6820689A
:10215000911B471C17D02F681B6A9F4219D09642CB
:1021600017D8012410E0502080F31188BFF34F8F5F
:10217000BFF36F8FFEE7502080F31188BFF34F8FBE
:10218000BFF36F8FFEE70024FFF7ACF92046BDE8F0
:10219000F081884205D9401A20602846FFF780FA6E
:1021A000F1E700202060DCE7140000202DE9FF5F4C
:1021B0008346DDE90E87994616468A469000FCF76D
:1021C0002FF905001CD05C20FCF72AF9040014D07C
:1021D0000020256384F85900CDE90240CDE900874D
:1021E0004B46324651465846FBF7DEFE2046FBF78B
:1021F0006DFD012004B0BDE8F09F2846FFF786F989
:102200004FF0FF30F6E7F0B585B0DDE90B640A9DCD
:10221000A6B1DCB15C2700972663022684F85960DA
:10222000002604AFCDE90246CDE90057FBF7BCFE1E
:102230002046FBF74BFD049805B0F0BD502080F31D
:102240001188BFF34F8FBFF36F8FFEE7502080F3ED
:102250001188BFF34F8FBFF36F8FFEE705484169C9
:1022600019B1006B18B1002070470120704702209F
:1022700070470000140000200148C068704700004B
:10228000140000202DE9F041324C0027206B38B1BA
:10229000A069401CA061FFF7D0F83846BDE8F08186
:1022A000E668761CE66013D1606B006838B1502098
:1022B00080F31188BFF34F8FBFF36F8FFEE7606B22
:1022C000A16B6163A063206A401C2062FBF7F2FFF0
:1022D000A06ADFF88480864209D3606B006890B101
:1022E000606BC068C568686886420FD2A0622068CB
:1022F000C06A00EB800158F82100012800D90127AD
:10230000A069F8B120E04FF0FF30EFE7281DFFF79C
:1023100069F8A86A18B105F11800FFF763F8E86AD0
:102320002169884200D9206100EB800108EB81001F
:10233000291DFFF7AAF8E86A2168C96A8842CCD348
:102340000127CAE7FFF779F8E0690028A5D001273F
:10235000A3E70000140000202403002070B504004F
:102360004FF0000133D01B4D2868844207D0502025
:1023700080F31188BFF34F8FBFF36F8FFEE7206D9F
:1023800038B1401E2065E36CE26A9A421FD040B12A
:102390001DE0502080F31188BFF34F8FBFF36F8F84
:1023A000FEE7201DFFF71EF8E06CE062C0F1380088
:1023B000A061E06A2969884200D92861064900EBDA
:1023C000800001EB8000211DFFF75FF80121084626
:1023D00070BD0000140000202403002070B504002C
:1023E0004FF000002BD0194DE16A2A68D26A914261
:1023F00026D2A069002804DB2868C06AC0F1380032
:10240000A061134E01EB8101606906EB81018842F6
:1024100011D1201DFEF7E6FF2868C06AE062296935
:10242000884200D9286100EB800006EB8000211D66
:10243000FFF72BF802E02868C06AE062012070BD57
:10244000E16C2A68D26A9142F8D370BD1400002072
:102450002403002070B5C068C46854B104F11800AA
:102460000646FEF7BFFF144D286B50B131461348A6
:1024700015E0502080F31188BFF34F8FBFF36F8FAB
:10248000FEE7201DFEF7AEFFE06A2969884200D909
:1024900028610B4900EB800001EB8000211DFEF755
:1024A000F4FFE06A2968C96A884202D90120E8611C
:1024B00070BD002070BD000014000020AC0700209B
:1024C000240300202DE9F0472C4D00242746286BDB
:1024D00038B1FEF7E7FF286B401E2863286B40B138
:1024E00046E0502080F31188BFF34F8FBFF36F8F0A
:1024F000FEE7A968224E0120D1B3A6F59169804676
:102500003068E0B1F068C46804F11800FEF76AFFB3
:10251000201DFEF767FFE06A2969884200D928611B
:1025200000EB800109EB8100211DFEF7AEFFE06AA0
:102530002968C96A8842E3D3C5F81C80E0E70CB17A
:10254000FBF7B8FEAC694CB14FEA0806FFF79AFEFC
:1025500000B1EE61641EF9D10020A861E86938B1CC
:102560000849012738070860BFF34F8FBFF36F8F0B
:10257000FEF7B8FF3846BDE8F087000014000020E1
:10258000AC07002004ED00E010B586B0FBF706FCB8
:10259000114C2068B8B100200390049005AA04A94A
:1025A00003A8FEF73DFFDDE9032137208DE8070092
:1025B00000230AA10B48059AFFF725FE606010B1C1
:1025C00006B0012010BD502080F31188BFF34F8F5B
:1025D000BFF36F8FFEE7000050000020546D7220A3
:1025E0005376630091E301082DE9FF411E4613462F
:1025F00002000A9D4FF0000016D0144C2768002FEF
:102600000FD0CDE900130292062917DAFFF726FE54
:1026100002284FF000030FD0002269462068FFF720
:1026200023FB04B0BDE8F081502080F31188BFF394
:102630004F8FBFF36F8FFEE72A46EEE70023324647
:1026400069463846FFF7C0FBEBE70000500000206A
:1026500070B50546F1F74DFB04462846F1F74BFBF4
:1026600005462046F1F7DEF804462846EEF7D8F88E
:102670000068A4F2E774614240F307422846BDE8CF
:10268000704089B2EEF7CEB80000000004040400E8
:10269000000800000008102840587088A0B800000A
:1026A0000000000000000102030406070809000002
:1026B0000000010203040000000000000000000010
:1026C00000000000040404040400000400001414CA
:1026D0000A00000000000000000000000A0A1F0AB3
:1026E0000A1F0A0A000000040E1505060C14150E38
:1026F0000400000012150D152E2C2A1200000000F7
:10270000040A0A361515291600000202010000000D
:102710000000000000001008080404040404080875
:10272000100002040408080808080404020000005D
:102730000004150E0E150400000000000008083EFD
:102740000808000000000000000000000000020275
:10275000010000000000003F000000000000000039
:102760000000000000000002000000201010080817
:1027700004040202010000000E1111111111110ECA
:1027800000000000040604040404040E000000001D
:102790000E1111080402011F000000000E11100CA0
:1027A0001010110E00000000080C0C0A091F081C74
:1027B000000000001F01010F1110110E00000000A9
:1027C0000C12010D1311110E000000001E1008085C
:1027D00004040404000000000E11110E1111110E6A
:1027E000000000000E11111916100906000000006B
:1027F00000000400000000040000000000000004CD
:102800000000000404000000100804020204081084
:102810000000000000003F003F000000000000003A
:102820000204081010080402000000000E11110834
:1028300004040004000000001C22292D2D1D221C70
:102840000000000004040C0A0A1E123300000000FD
:102850000F12120E1212120F000000001E110101C1
:102860000101110E000000000F1212121212120FBD
:10287000000000001F120A0E0A02121F00000000D2
:102880001F120A0E0A020207000000001C120101BA
:102890003911120C000000003312121E12121233F2
:1028A000000000001F0404040404041F00000000D2
:1028B0003E080808080808080907000037120A0639
:1028C0000A12123700000000070202020202223F31
:1028D000000000003B1B1B1B1515153500000000F8
:1028E0003B1216161A1A1217000000000E111111D1
:1028F0001111110E000000000F12120E0202020749
:10290000000000000E1111111117190E180000001F
:102910000F12120E0A121237000000001E110106DB
:102920000810110F000000001F1504040404040E19
:1029300000000000331212121212120C00000000EC
:102940003312120A0A0C04040000000015151515B4
:102950000E0A0A0A000000001B0A0A04040A0A1BE5
:10296000000000001B0A0A0A0404040E0000000014
:102970001F0908040402121F00001C0404040404BC
:10298000040404041C0000020204040408080810E3
:1029900010000E0808080808080808080E00040AB5
:1029A0000000000000000000000000000000000027
:1029B00000000000003F02040000000000000000D2
:1029C000000000000000000C121C123C000000037C
:1029D0000202020E1212120E000000000000001C83
:1029E0001202120C000000181010101C1212123CDF
:1029F000000000000000000C121E021C0000001865
:102A00002404041E0404041E000000000000003C16
:102A1000120C021C221C00030202020E12121237B8
:102A200000000004040000060404040E0000000876
:102A30000800000C08080808080700030202021A30
:102A40000A060A1300000007040404040404041F17
:102A5000000000000000000F151515150000000013
:102A60000000000F12121237000000000000000CDE
:102A70001212120C000000000000000F1212120EC1
:102A8000020700000000001C1212121C1038000087
:102A90000000001B06020207000000000000001EEC
:102AA000020C101E000000000004041E0404041C9C
:102AB000000000000000001B1212123C0000000089
:102AC0000000001B0A0A04040000000000000015BA
:102AD000150E0A0A000000000000001B0A040A1B71
:102AE000000000000000003312120C080403000074
:102AF0000000001E0804041E000018080808080C46
:102B0000080808081800080808080808080808083D
:102B10000808060404040408040404040600160952
:102B200000000000000000000000000000000000A5
:102B3000000000000000000000000000000808087D
:102B40000808080800001818000000486C2412004B
:102B50000000000000000000000000000024242409
:102B60007F1212127F12121200000000081C2A2A83
:102B70000A0C1828282A2A1C0808000000222515FB
:102B800015152A585454542200000000000C12124B
:102B9000120A76252911916E000000060604030032
:102BA000000000000000000000000040201010089D
:102BB0000808080808101020400000020408081047
:102BC000101010101008080402000000000008088F
:102BD0006B1C1C6B080800000000000000000808C7
:102BE00008087F0808080800000000000000000036
:102BF00000000000000006060403000000000000C2
:102C00000000FE00000000000000000000000000C6
:102C10000000000000000606000000008040402088
:102C200020101008080404020200000000182442CA
:102C300042424242424224180000000000080E08AE
:102C4000080808080808083E00000000003C42424E
:102C5000422020100804427E00000000003C424256
:102C6000201820404042221C000000000020302894
:102C7000242422227E20207800000000007E020210
:102C8000021A26404042221C0000000000382402A4
:102C9000021A26424242241800000000007E22222E
:102CA000101008080808080800000000003C424214
:102CB000422418244242423C0000000000182442F2
:102CC000424264584040241C000000000000000004
:102CD0001818000000001818000000000000000094
:102CE0000008000000000008080400000040201058
:102CF000080402040810204000000000000000004A
:102D00007F0000007F0000000000000000020408B7
:102D1000102040201008040200000000003C424245
:102D2000464020101000181800000000001C225A15
:102D3000555555552D42221C00000000000808186A
:102D40001414243C224242E700000000001F22220B
:102D5000221E22424242221F00000000007C42420A
:102D6000010101010142221C00000000001F22425B
:102D7000424242424242221F00000000003F4212F3
:102D8000121E12120242423F00000000003F421297
:102D9000121E12120202020700000000003C222252
:102DA000010101712122221C0000000000E74242C3
:102DB00042427E42424242E700000000003E0808D4
:102DC000080808080808083E00000000007C1010F1
:102DD0001010101010101010110F000000772212A8
:102DE0000A0E0A12122222770000000000070202D7
:102DF000020202020202427F000000000077363623
:102E000036362A2A2A2A2A6B0000000000E34646AA
:102E10004A4A52525262624700000000001C22419E
:102E2000414141414141221C00000000003F42421B
:102E300042423E020202020700000000001C224142
:102E4000414141414D53321C60000000003F42426D
:102E5000423E1212222242C700000000007C424281
:102E6000020418204042423E00000000007F490852
:102E7000080808080808081C0000000000E7424293
:102E8000424242424242423C0000000000E74242CD
:102E9000222424141418080800000000006B49497B
:102EA00049495555362222220000000000E74224FD
:102EB00024181818242442E700000000007722227A
:102EC000141408080808081C00000000007E2120D7
:102ED000101008040442423F000000780808080867
:102EE000080808080808080878000000020204041E
:102EF00008080810102020204040001E101010105C
:102F000010101010101010101E00003844000000A7
:102F100000000000000000000000000000000000B1
:102F2000000000000000000000FF00060800000094
:102F30000000000000000000000000000000000091
:102F4000003C4278444242FC0000000000030202C0
:102F5000021A26424242261A000000000000000029
:102F60000038440202024438000000000060404083
:102F700040784442424264D8000000000000000053
:102F8000003C427E0202423C0000000000F0880843
:102F9000087E08080808083E000000000000000045
:102FA000007C22221C023C42423C00000003020240
:102FB000023A4642424242E700000000000C0C0088
:102FC000000E08080808083E00000000003030002D
:102FD0000038202020202020221E000000030202B2
:102FE0000272120A1612227700000000000E080872
:102FF000080808080808083E00000000000000005B
:10300000007F9292929292B70000000000000000B0
:10301000003B4642424242E7000000000000000040
:10302000003C42424242423C0000000000000000DE
:10303000001B26424242221E020700000000000040
:10304000007844424242447840E000000000000022
:1030500000774C040404041F00000000000000007E
:10306000007C42023C40423E00000000000000089C
:10307000083E0808080808300000000000000000B2
:1030800000634242424262DC000000000000000097
:1030900000E742242414080800000000000000009B
:1030A00000EB4949555522220000000000000000B5
:1030B000007624181818246E00000000000000009C
:1030C00000E742242414180808070000000000004C
:1030D000007E22100808447E000000C0202020202E
:1030E0002010202020202020C000101010101010D0
:1030F000101010101010101010100006080808080A
:10310000081008080808080806000C32C200000071
:1031100000000000000000000000000000000000AF
:10312000000000000000000000000000000000009F
:10313000000000000000000000000000000000008F
:10314000000000000000000000000000000000007F
:1031500000006000600060006000600060006000CF
:10316000400020002000200000000000000060005F
:103170006000600000000000000000000000600629
:103180006006300398018800440000000000000041
:10319000000000000000000000000000000000002F
:1031A000000000000000000000000000000000001F
:1031B00000001002100210021002FE07FE070802B3
:1031C0000801080108010801FE07FE0704010401C7
:1031D00004010401000000000000000000000000E5
:1031E00040004000F00158034C03CC034C00580051
:1031F0007000E000C001C00140034C035C034C03BD
:103200004801F00040004000000000000000000005
:1032100000000E010A01910091009100510051003F
:103220003A00AE03A0025004500448044804480485
:103230008402840300000000000000000000000081
:10324000000038006C006C006C006C006C002C00FE
:1032500098071C011A01330133016301E300C3081D
:10326000C6093C07000000000000000000000C0040
:103270001C00100010000800040000000000000006
:10328000000000000000000000000000000000003E
:10329000000000000000000000000000000000042A
:1032A000000200018000800040004000200020005B
:1032B000200020002000200020004000400080006E
:1032C0008000000100020004000000000000020075
:1032D0000400080010001000200020004000400002
:1032E000400040004000400040002000200010004E
:1032F00010000800040002000000000000000000B0
:103300000000000000004000C0004000460C4E0FCE
:10331000D001F0015E0F460C40004000400000006C
:10332000000000000000000000000000000000009D
:10333000000000000000000040004000400040008D
:103340004000FE0F400040004000400040000000F0
:10335000000000000000000000000000000000006D
:10336000000000000000000000000000000000005D
:1033700000000000000000000000000000000C0041
:103380001C001000100008000400000000000000F5
:10339000000000000000000000000000000000002D
:1033A0000000FE0700000000000000000000000018
:1033B000000000000000000000000000000000000D
:1033C00000000000000000000000000000000000FD
:1033D00000000000000000000000000000001C00D1
:1033E0001C001C00000000000000000000000004A1
:1033F0000006000200030001000180008000400080
:1034000040006000200020001000100008000800AC
:103410000C00040006000200000000000000000094
:1034200000000000F00098010C030C0306060606DD
:103430000606060606060606060606060C030C0326
:103440009801F000000000000000000000000000F3
:103450000000000040007C00600060006000600030
:10346000600060006000600060006000600060005C
:103470006000FC03000000000000000000000000ED
:1034800000000000F80084010203060306030003A5
:1034900000018001C000600020001000080204024A
:1034A0000602FE0300000000000000000000000013
:1034B000000000007800C6008601860180018001BE
:1034C000C000700080010001000300030603060332
:1034D0008601F8000000000000000000000000006D
:1034E0000000000080018001C001A001A001900146
:1034F0008801880184018201FE0F80018001800122
:103500008001E00700000000000000000000000053
:1035100000000000FC030400040004000400040098
:10352000F4008C0104030003000306030603820178
:103530008401F8000000000000000000000000000E
:1035400000000000E00118030C030C00040006005A
:10355000E60116030E0606060606060604060C021B
:103560001803F00000000000000000000000000050
:1035700000000000F8070C0604020401000100012D
:10358000800080004000400040006000600060005B
:10359000600060000000000000000000000000006B
:1035A00000000000F8010C030606060606060C02E1
:1035B0001C03F000C8010C030606060606060606F4
:1035C0000C03F001000000000000000000000000FB
:1035D00000000000F0000C010C03060206060606BF
:1035E000060606078C0678060006000300030C0199
:1035F0008C017800000000000000000000000000C6
:103600000000000000000000000000000000E000DA
:10361000E000E00000000000000000000000E0000A
:10362000E000E000000000000000000000000000DA
:10363000000000000000000000000000000060002A
:10364000600000000000000000000000000000001A
:10365000600060004000200020000000000000002A
:103660000000000400020001800040002000100063
:103670000800040008001000200040008000000145
:103680000002000400000000000000000000000034
:103690000000000000000000000000000000FE0725
:1036A000000000000000FE07000000000000000015
:1036B000000000000000000000000000000000000A
:1036C00000000400080010002000400080000001FD
:1036D00000020004000200018000400020001000F1
:1036E00008000400000000000000000000000000CE
:1036F00000000000E0031806040C040C0C0C0C0C79
:103700000007800140004000400000000000E00091
:10371000E000E000000000000000000000000000E9
:103720000000E00018030C02CC0564056605A60540
:10373000B604B604B604B604B602E4010C040C02E6
:103740001803F0000000000000000000000000006E
:1037500000000000600060005000D0009000900069
:10376000880088010801F80104030403040202022E
:1037700002060F0F00000000000000000000000023
:1037800000000000FE008C030C030C030C030C0370
:103790008C01FC000C030C020C060C060C060C063B
:1037A0000C03FE010000000000000000000000000B
:1037B00000000000E00318030C060C0404040600DB
:1037C0000600060006000600060006040C040C02B3
:1037D0001803F000000000000000000000000000DE
:1037E000000000007F008C010C030C030C060C068B
:1037F0000C060C060C060C060C060C060C030C033F
:103800008C017F00000000000000000000000000AC
:1038100000000000FF0306030604060406008600FD
:103820008600FE0086008600860006000604060468
:103830000602FF030000000000000000000000007E
:1038400000000000FF0306030604060406008600CD
:103850008600FE0086008600860006000600060040
:1038600006001F0000000000000000000000000033
:1038700000000000F00018010C020C020402060017
:10388000060006000600C60F060306030C030C0321
:103890001803F0000000000000000000000000001D
:1038A000000000000F0F06060606060606060606BE
:1038B0000606FE07060606060606060606060606AF
:1038C00006060F0F000000000000000000000000CE
:1038D00000000000FC036000600060006000600009
:1038E00060006000600060006000600060006000D8
:1038F0006000FC0300000000000000000000000069
:1039000000000000F807C000C000C000C000C000F8
:10391000C000C000C000C000C000C000C000C000A7
:10392000C000C000C60066003C00000000000000AF
:1039300000000000CF038601C600460026001600E6
:1039400036002E006E004600C60086008601060185
:1039500006038F07000000000000000000000000C8
:10396000000000001F00060006000600060006001A
:10397000060006000600060006000600060406040F
:103980000602FF030000000000000000000000002D
:10399000000000000707860386038E038E034E0394
:1039A0004E034A035A035A033A03320332033203E3
:1039B0001203870700000000000000000000000064
:1039C000000000008E0F0C021C021C0234023402A4
:1039D000640264024402C402840284038403040374
:1039E00004031F02000000000000000000000000AF
:1039F00000000000F00098010C030C020606060609
:103A00000606060606060606060606060C020C0351
:103A10009801F0000000000000000000000000001D
:103A200000000000FF00060306060606060606065E
:103A300006068603FE0006000600060006000600D5
:103A400006001F0000000000000000000000000051
:103A500000000000F00098010C030C0206060606A8
:103A60000606060606060606060676064C02CC0381
:103A70009801F00080070003000000000000000033
:103A800000000000FF0106030606060606060606FD
:103A90000603FE004600C6008600860106030603F4
:103AA00006060F0E000000000000000000000000ED
:103AB00000000000F8020C030602060206000E00D9
:103AC0003C00F800E0038003000702060206060639
:103AD0000C03F001000000000000000000000000E6
:103AE00000000000FE0762046108610860006000D9
:103AF00060006000600060006000600060006000C6
:103B00006000F8010000000000000000000000005C
:103B1000000000001E070C020C020C020C020C023A
:103B20000C020C020C020C020C020C020C020C0225
:103B30001801F0000000000000000000000000007C
:103B4000000000000F070602040104010C010C0133
:103B500088008800980098005000500070003000E5
:103B60002000200000000000000000000000000015
:103B700000000000F70E620442044604460464029A
:103B80006402E402E4029C029C019801980188010D
:103B90008800880000000000000000000000000015
:103BA000000000009E070C01080118019000B00001
:103BB0006000200060006000D000900088010801D3
:103BC00004038E0700000000000000000000000059
:103BD000000000000F0F060404020C020801180187
:103BE000B800B0007000600060006000600060001D
:103BF0006000F8010000000000000000000000006C
:103C000000000000FC070C02060302018001800096
:103C100040004000200020001000180008040C04A0
:103C20000402FE0300000000000000000000E003AA
:103C30002000200020002000200020002000200084
:103C40002000200020002000200020002000200074
:103C5000200020002000E003000000000000000021
:103C6000000004000400080008001000100010000C
:103C70002000200040004000C000800080000001C3
:103C800000010002000200020004000000007C00AD
:103C90004000400040004000400040004000400024
:103CA0004000400040004000400040004000400014
:103CB0004000400040007C000000000060009000D8
:103CC00008010000000000000000000000000000EB
:103CD00000000000000000000000000000000000E4
:103CE00000000000000000000000000000000000D4
:103CF00000000000000000000000000000000000C4
:103D000000000000000000000000000000000000B3
:103D10000000000000000000FF0F0000000018007D
:103D20006000000000000000000000000000000033
:103D30000000000000000000000000000000000083
:103D40000000000000000000000000000000000073
:103D50000000000000000000000000000000F00172
:103D60000C030C030003E0031C030E03060306030D
:103D70008E0B7C0E00000000000000000000000020
:103D8000000008000E000C000C000C000C00CC0120
:103D90003C031C060C060C060C060C060C060C025A
:103DA0001C03E4010000000000000000000000000F
:103DB0000000000000000000000000000000F00013
:103DC0008C018C01860106000600060006020C022A
:103DD0000C01F000000000000000000000000000E6
:103DE00000000002C0030003000300030003780387
:103DF0008C030C03060306030603060306030403F1
:103E00008C077801000000000000000000000000A6
:103E10000000000000000000000000000000E001C1
:103E2000180308020C060C06FC070C000C00180412
:103E30001802E00100000000000000000000000087
:103E400000000000C0036006300630003000FE01B4
:103E500030003000300030003000300030003000E2
:103E60003000FC0100000000000000000000000025
:103E70000000000000000000000000000000F0074B
:103E8000D8068C018C018C019801F8000C00FC0014
:103E9000CC03060306038E03F800000000000000B8
:103EA000000008000E000C000C000C000C00EC01DF
:103EB0001C030C030C030C030C030C030C030C037A
:103EC0000C039E070000000000000000000000003E
:103ED00000000000600060000000000040007C0066
:103EE00060006000600060006000600060006000D2
:103EF0006000FC0300000000000000000000000063
:103F000000000000C001C001000000000001F0013D
:103F10008001800180018001800180018001800199
:103F2000800180018001CC007C00000000000000C6
:103F3000000008000E000C000C000C000C008C03AC
:103F40008C008C004C006C005C008C008C010C011F
:103F50000C039E07000000000000000000000000AD
:103F6000000040007C0060006000600060006000B5
:103F70006000600060006000600060006000600041
:103F80006000FC03000000000000000000000000D2
:103F900000000000000000000000000000003707E3
:103FA000EE06660666066606660666066606660629
:103FB0006606FF0F00000000000000000000000087
:103FC0000000000000000000000000000000EE0102
:103FD0001C030C030C030C030C030C030C030C0359
:103FE0000C039E070000000000000000000000001D
:103FF0000000000000000000000000000000F000D1
:1040000098010C03060606060606060606060C03BD
:104010000C03F000000000000000000000000000A1
:104020000000000000000000000000000000EE01A1
:104030001C030C060C060C060C060C060C060C03E6
:104040001C03EC010C000C003E000000000000000E
:1040500000000000000000000000000000007802E6
:104060008C030C030603060306030603060304037E
:104070008C03780300030003C00700000000000069
:1040800000000000000000000000000000009F038E
:1040900058063806180018001800180018001800F4
:1040A0001800FF00000000000000000000000000F9
:1040B0000000000000000000000000000000F0030D
:1040C0001C030C020C023800F000C00304030403BC
:1040D0008C03FC0100000000000000000000000054
:1040E0000000000000002000200030003000FE0131
:1040F000300030003000300030003000300030023E
:104100003002E0010000000000000000000000009C
:1041100000000000000000000000000008028E0304
:104120000C030C030C030C030C030C030C030C0317
:104130009C07780100000000000000000000000063
:1041400000000000000000000000000000001E074A
:104150000C020801080118019000B000B0006000D6
:1041600060002000000000000000000000000000CF
:104170000000000000000000000000000000F70E3A
:104180006204460464026402EC029C0198019801F6
:10419000980108000000000000000000000000007E
:1041A0000000000000000000000000000000BC074C
:1041B00018011001B00060006000E00090000801EC
:1041C00008039E070000000000000000000000003F
:1041D00000000000000000000000000000009E073A
:1041E00008010801080190009000B0006000600024
:1041F00060002000200024001C00000000000000DF
:104200000000000000000000000000000000FC01B1
:104210008401C4004400600020003000180208023D
:104220000C03FC010000000000000000000000037F
:10423000800080008000800080008000800080007E
:10424000400020004000800080008000800080004E
:10425000800080008000000300004000400040001B
:10426000400040004000400040004000400040004E
:10427000400040004000400040004000400040003E
:1042800040004000400040004000000000000C00E2
:10429000100010001000100010001000100010009E
:1042A000200040002000100010001000100010003E
:1042B0001000100010000C00000000001C00220480
:1042C000C2048003000000000000000000000000A5
:1042D00000000000000000000000000000000000DE
:1042E00000000000000000000000000000000000CE
:1042F00000000000000000000000000000000000BE
:1043000000000000000000000000000000000000AD
:10431000000000000000000000000000000000009D
:10432000000000000000000000000000000000008D
:1043300000000000C001C001C001C001C001C001F7
:10434000C00180008000800080008000800080002C
:1043500000000000000000008001C003C0038001D5
:10436000000000000000000000000000000000004D
:10437000E01CE01CF01E700E3807180308018400D2
:10438000000000000000000000000000000000002D
:10439000000000000000000000000000000000001D
:1043A000000000000000000000000000000000000D
:1043B000000000000000201020102010201020100D
:1043C000FE7FFE7F10081008100810081008100863
:1043D0001008FE7FFE7F080408040804080408048F
:1043E00000000000000000000000000000000000CD
:1043F000000000010001C0076019103118311839A0
:10440000183938017001E001C0038007000F001D5A
:10441000003900311C311C310C310C11180DE00732
:104420000001000100010000000000000000000089
:104430000000000000001C1036186308630C6304C1
:104440006304630263026301361D9C37802280632C
:104450004063406320632063306310221836081CD9
:10446000000000000000000000000000000000004C
:10447000000000000000F00098018C018C018C010C
:104480008C018C00CC007800183E1C0836083208DD
:1044900063046304C304C303834306438E26781C6A
:1044A000000000000000000000000000000000000C
:1044B0001C003C003C003000300010000C000600E6
:1044C00000000000000000000000000000000000EC
:1044D00000000000000000000000000000000000DC
:1044E00000000000000000000000000000000000CC
:1044F0000040002000100008000C0004000600032B
:10450000000300038001800180018001800180019F
:104510008001800100030003000300060006000C78
:104520000008001000200040000000000000000013
:104530000200040008001000300020006000C000ED
:10454000C000C000800180018001800180018001E5
:1045500080018001C000C000C00060006000300029
:10456000100008000400020000000000000000002D
:104570000000000000000000000000018003800334
:1045800000011C713C79783DC0070001C007783DEF
:104590003C791C7100018003800380010000000051
:1045A000000000000000000000000000000000000B
:1045B00000000000000000000000000000010001F9
:1045C00000010001000100010001FC7F0001000169
:1045D00000010001000100010001000000000000D6
:1045E00000000000000000000000000000000000CB
:1045F00000000000000000000000000000000000BB
:1046000000000000000000000000000000000000AA
:10461000000000000000000000001C003C003C0006
:104620003000300010000C00060000000000000008
:10463000000000000000000000000000000000007A
:1046400000000000000000000000FE7F00000000ED
:10465000000000000000000000000000000000005A
:10466000000000000000000000000000000000004A
:10467000000000000000000000000000000000003A
:10468000000000000000000000000000000000002A
:10469000000000000000000018003C003C00180072
:1046A000000000000000000000000000000000000A
:1046B0000040006000200030001000180008000CCE
:1046C0000004000600020003000180018000C00019
:1046D00040006000200030001000180008000C00AE
:1046E00004000600020000000000000000000000BE
:1046F000000000000000C007600C301818301830AF
:1047000018200C600C600C600C600C600C600C607D
:104710000C600C601820183018303018600CC0077E
:104720000000000000000000000000000000000089
:1047300000000000000000018001F80180018001FC
:104740008001800180018001800180018001800161
:10475000800180018001800180018001C003F81F79
:104760000000000000000000000000000000000049
:10477000000000000000E007101C0818043004309E
:104780000C300C300030001800080004000200015A
:10479000800040002020102008200430FC1FFC1F57
:1047A0000000000000000000000000000000000009
:1047B000000000000000E003180E0C0C0C180C1890
:1047C0000C180018000C0006C003000E00180010A2
:1047D000003000300C300C300C100C18180CE003BA
:1047E00000000000000000000000000000000000C9
:1047F000000000000000000C000E000E000F800EF4
:10480000800E400E600E200E100E100E080E040ECC
:10481000040EFE7F000E000E000E000E000E000EB5
:10482000C07F000000000000000000000000000049
:10483000000000000000F03FF03F100010001000EA
:1048400008000800C807280C1818081000300030AD
:10485000003000300C300C3004180418080CF00341
:104860000000000000000000000000000000000048
:10487000000000000000800FC01020301030180031
:10488000180008000C008C0F6C183C301C600C6089
:104890000C600C600C601860182030306018C00785
:1048A0000000000000000000000000000000000008
:1048B000000000000000F83FF83F1C100C0804083E
:1048C0000404000400020002000100010001800055
:1048D00080008000C000C000C000C000C000C00058
:1048E00000000000000000000000000000000000C8
:1048F000000000000000E007300C18180C300C30ED
:104900000C301C3038187008E007B007180E0C1C6B
:10491000063806300630063006300C18180CE00356
:104920000000000000000000000000000000000087
:10493000000000000000E00318040C080C1806102A
:10494000063006300630063006380C3C1836F0319A
:1049500000300018001800180C0C0C060C03F001B5
:104960000000000000000000000000000000000047
:104970000000000000000000000000000000000037
:10498000000000008001C003C0038001000000009F
:1049900000000000000000008001C003C00380018F
:1049A0000000000000000000000000000000000007
:1049B00000000000000000000000000000000000F7
:1049C00000000000C000C000000000000000000067
:1049D000000000000000000000000000C000C00057
:1049E0008000800040004000000000000000000047
:1049F0000000000000200010000800040006000372
:104A00008001C0006000300018000C001800300069
:104A10006000C000800100030006000400080010D0
:104A20000020000000000000000000000000000066
:104A30000000000000000000000000000000000076
:104A400000000000FE7F00000000000000000000E9
:104A5000FE7F0000000000000000000000000000D9
:104A60000000000000000000000000000000000046
:104A70000000000004000800100020006000C000DA
:104A8000800100030006000C001800300018000C24
:104A9000000600038001C000600020001000080034
:104AA0000400000000000000000000000000000002
:104AB00000000000C0073018083008600C601C605F
:104AC0001C601C600030001C00060001800080009B
:104AD00080008000000000008001C003C00380014E
:104AE00000000000000000000000000000000000C6
:104AF000000000000000C0076018103018200C2FC4
:104B00008C4D864CC64CC64C664C66446644662644
:104B100066266615CC1C0C40082018303018C007DB
:104B20000000000000000000000000000000000085
:104B3000000000000001C001C001C001400160038D
:104B40002003200320033006100610061006F80F7D
:104B5000080C080C080C0C0C0418041806181F7C10
:104B60000000000000000000000000000000000045
:104B7000000000000000FE07181C1838183018301C
:104B8000183018301818180CF80718181830182092
:104B90001860186018601860186018301818FE0F38
:104BA0000000000000000000000000000000000005
:104BB000000000000000C0276038103018200C40B2
:104BC0000C40040006000600060006000600060071
:104BD000060006000C400C400C2018303018C007AE
:104BE00000000000000000000000000000000000C5
:104BF000000000000000FE03180E181818301830CE
:104C00001830186018601860186018601860186014
:104C1000186018601830183018101818180EFE0395
:104C20000000000000000000000000000000000084
:104C3000000000000000FE3F1830182018601840E7
:104C4000180018081808180CF80F180C180818087D
:104C50001800180018001840184018201830FE3F9F
:104C60000000000000000000000000000000000044
:104C7000000000000000FE7F1870184018C0188067
:104C80001800181018101818F81F181818101810F5
:104C900018001800180018001800180018007E00EE
:104CA0000000000000000000000000000000000004
:104CB000000000000000C013701C101018100C2021
:104CC0000C2004000600060006000600060006FC94
:104CD000063006300C300C30183018303008C00761
:104CE00000000000000000000000000000000000C4
:104CF0000000000000003F7E0C180C180C180C1867
:104D00000C180C180C180C180C18FC1F0C180C188C
:104D10000C180C180C180C180C180C180C183F7EDA
:104D20000000000000000000000000000000000083
:104D3000000000000000F81F800180018001800158
:104D4000800180018001800180018001800180015B
:104D50008001800180018001800180018001F81FB5
:104D60000000000000000000000000000000000043
:104D7000000000000000E07F0006000600060006BC
:104D800000060006000600060006000600060006F3
:104D900000060006000600060006000600060006E3
:104DA00000060E060E038E01FC000000000000004D
:104DB0000000000000007E7C18181808180418066F
:104DC0001802180198019801D801B8033803180790
:104DD0001806180E180C181C1818183018307EFCFD
:104DE00000000000000000000000000000000000C3
:104DF0000000000000007E001800180018001800D5
:104E000018001800180018001800180018001800E2
:104E10001800180018001840184018201830FE3FDD
:104E20000000000000000000000000000000000082
:104E30000000000000001FF81C381C381C381C3C07
:104E40003434343434343436743264326432643258
:104E50006431C431C431C431C430C43084309FFCA7
:104E60000000000000000000000000000000000042
:104E70000000000000001F7C1C103C103410341097
:104E800074106410E410C410C4118411841304134A
:104E900004170416041E041C041C041C04181F1808
:104EA0000000000000000000000000000000000002
:104EB000000000000000C003300C181808100C306F
:104EC0000C300660066006600660066006600660DC
:104ED000066006600C200C3008101818300CC00357
:104EE00000000000000000000000000000000000C2
:104EF000000000000000FE0F18181830186018603D
:104F000018601860186018301818F80F180018008A
:104F100018001800180018001800180018007E006B
:104F20000000000000000000000000000000000081
:104F3000000000000000C003300C18180C100C30EA
:104F40000C2006600660066006600660066006606B
:104F500006600660E4612C331C321816300EC00760
:104F6000004C007C00380000000000000000000041
:104F7000000000000000FE07181C18381830183018
:104F8000183018301818180CF80798031803180769
:104F900018061806180E180C180C181C18187E780D
:104FA0000000000000000000000000000000000001
:104FB000000000000000E027303818300C200C20E2
:104FC0000C000C0018007800E003800F001E003871
:104FD0000070006004600460086018303818C80F62
:104FE00000000000000000000000000000000000C1
:104FF000000000000000FC3F8C218461824182415E
:105000008001800180018001800180018001800198
:105010008001800180018001800180018001E00722
:105020000000000000000000000000000000000080
:105030000000000000003F7C0C100C100C100C1045
:105040000C100C100C100C100C100C100C100C1080
:105050000C100C100C100C100C1008083804E00395
:105060000000000000000000000000000000000040
:105070000000000000003EF8182018201820301012
:10508000301030103010600860086008E00CC00478
:10509000C004C0048003800380038003000100017A
:1050A0000000000000000000000000000000000000
:1050B000000000000000DFF38661862186218C213C
:1050C0000C218C238C138C138C134C1358125816F0
:1050D000580E380E380E380E300C10041004100420
:1050E00000000000000000000000000000000000C0
:1050F0000000000000007E3E18083808300430042C
:1051000070026002E001C001C00180018003400321
:10511000400720062006100C100C081808183E7CCA
:10512000000000000000000000000000000000007F
:105130000000000000007E7C1C10181018083008C9
:10514000300C700460046002C002C002C001800123
:105150008001800180018001800180018001E007E1
:10516000000000000000000000000000000000003F
:10517000000000000000F83F18180818040C040E86
:1051800000060007000380038001C001C000E000AA
:10519000600070003000382018201C100C18FE1F12
:1051A00000000000000000000000000000000000FF
:1051B000C03F400040004000400040004000400030
:1051C00040004000400040004000400040004000DF
:1051D00040004000400040004000400040004000CF
:1051E00040004000C03F0000000000000000000040
:1051F0000000000008001800180010003000200017
:10520000600060004000C00080008001800100015B
:1052100000030002000600060004000C000800184D
:105220000018001000300020000000000000000006
:10523000FC03000200020002000200020002000261
:10524000000200020002000200020002000200024E
:10525000000200020002000200020002000200023E
:1052600000020002FC03000000000000000000003B
:105270008007C00620081010000000000000000099
:10528000000000000000000000000000000000001E
:10529000000000000000000000000000000000000E
:1052A00000000000000000000000000000000000FE
:1052B00000000000000000000000000000000000EE
:1052C00000000000000000000000000000000000DE
:1052D00000000000000000000000000000000000CE
:1052E0000000000000000000FFFF000000000000C0
:1052F0007800C00000010000000000000000000075
:10530000000000000000000000000000000000009D
:10531000000000000000000000000000000000008D
:10532000000000000000000000000000000000007D
:10533000000000000000000000000000000000006D
:1053400000000000F00318060C0C0C0C000C800F81
:10535000700C1C0C0C0C060C060C064C0C4FF83890
:10536000000000000000000000000000000000003D
:105370000000000010001E0018001800180018009F
:1053800018001800180FD8183830386018601860E6
:105390001860186018601860182038307818C8072E
:1053A00000000000000000000000000000000000FD
:1053B00000000000000000000000000000000000ED
:1053C00000000000C007700C181818180C180C000A
:1053D0000C000C000C000C20182018103008C0071E
:1053E00000000000000000000000000000000000BD
:1053F000000000000010001E00180018001800181F
:1054000000180018E01B301C181818180C180C187D
:105410000C180C180C180C180818181C307AE00915
:10542000000000000000000000000000000000007C
:10543000000000000000000000000000000000006C
:1054400000000000C007300C181808100C300C3099
:10545000FC3F0C000C000C00182018107018C0073E
:10546000000000000000000000000000000000003C
:10547000000000000000003E80C380C0C0C0C0002B
:10548000C000C000FC1FC000C000C000C000C000C1
:10549000C000C000C000C000C000C000C000F80FC5
:1054A00000000000000000000000000000000000FC
:1054B00000000000000000000000000000000000EC
:1054C00000000000C077306C101818181818181851
:1054D0001018300CF00718001800F00FF03F08709B
:1054E0000C600C600C603838E00F00000000000019
:1054F0000000000010001E0018001800180018001E
:1055000018001800980FD818383018301830183094
:1055100018301830183018301830183018307EFC19
:10552000000000000000000000000000000000007B
:1055300000000000000080038003800300000000E2
:1055400000000001F80180018001800180018001DC
:105550008001800180018001800180018001F81FAD
:10556000000000000000000000000000000000003B
:105570000000000000000038003800380000000083
:1055800000000010801F00180018001800180018F4
:10559000001800180018001800180018001800184B
:1055A00000180018180C1806F00300000000000096
:1055B0000000000010001E0018001800180018005D
:1055C00018001800183E180C180618031801980146
:1055D000D801380318071806180C181C18187E7CF8
:1055E00000000000000000000000000000000000BB
:1055F000000000000001F8018001800180018001AD
:105600008001800180018001800180018001800192
:105610008001800180018001800180018001F81FEC
:10562000000000000000000000000000000000007A
:10563000000000000000000000000000000000006A
:1056400000000800EE1C9C338C318C318C318C3185
:105650008C318C318C318C318C318C318C31DE7BC6
:10566000000000000000000000000000000000003A
:10567000000000000000000000000000000000002A
:10568000000010001E0FD8183830183018301830AD
:1056900018301830183018301830183018307EFC98
:1056A00000000000000000000000000000000000FA
:1056B00000000000000000000000000000000000EA
:1056C00000000000C007701C103018300C600C6027
:1056D0000C600C600C600C60183018303018C0077B
:1056E00000000000000000000000000000000000BA
:1056F00000000000000000000000000000000000AA
:10570000000010009E0F58183830182018601860DC
:1057100018601860186018601830383078189807CA
:1057200018001800180018007E000000000000009B
:105730000000000000000000000000000000000069
:1057400000000000C023303C183818300C300C30FA
:105750000C300C300C300C3008301838303CE03352
:10576000003000300030003000FC0000000000007D
:105770000000000000000000000000000000000029
:10578000000060007E3C60666061E000E000600058
:105790006000600060006000600060006000FE0764
:1057A00000000000000000000000000000000000F9
:1057B00000000000000000000000000000000000E9
:1057C00000000000E0273038183018201800700062
:1057D000E003800F001C043004300C301C18EC0F68
:1057E00000000000000000000000000000000000B9
:1057F0000000000000000000000080008000800029
:10580000C000E000FC1FC000C000C000C000C0001D
:10581000C000C000C000C000C020C0208011000F28
:105820000000000000000000000000000000000078
:105830000000000000000000000000000000000068
:10584000000010201E3C1830183018301830183066
:1058500018301830183018301830183830F4E01379
:105860000000000000000000000000000000000038
:105870000000000000000000000000000000000028
:10588000000000007E3C1818180838083004300466
:10589000700260026002E001C001C001C00080002F
:1058A00000000000000000000000000000000000F8
:1058B00000000000000000000000000000000000E8
:1058C00000000000DFF78E630C238C238C239813D9
:1058D000981358165816700E700E700E200420047F
:1058E00000000000000000000000000000000000B8
:1058F00000000000000000000000000000000000A8
:1059000000000000FC3E70087004E004C002C0010A
:105910008003800340076006200C100C18183E7EA0
:105920000000000000000000000000000000000077
:105930000000000000000000000000000000000067
:10594000000000007E7C1818180830083008300469
:1059500060046004C002C002C002800180018001B6
:105960008000800080004C003C000000000000002F
:105970000000000000000000000000000000000027
:1059800000000000FC1F0C0C040E04060003800342
:105990008001C000E0007020302038301C18FC1F4F
:1059A00000000000000000000000000000000000F7
:1059B0000030000800040004000400040004000497
:1059C000000400040004000400028001000200043E
:1059D00000040004000400040004000400040004A7
:1059E0000004000400080030000000010001000174
:1059F000000100010001000100010001000100019F
:105A0000000100010001000100010001000100018E
:105A1000000100010001000100010001000100017E
:105A20000001000100010001000100000000000071
:105A30000C0010002000200020002000200020008A
:105A400020002000200020004000800140002000B5
:105A50002000200020002000200020002000200046
:105A60002000200010000C00000000003800C400DE
:105A7000864002610022001C0000000000000000BF
:105A80000000000000000000000000000000000016
:105A90000000000000000000000000000000000006
:105AA00000000000000000000000D6D02000200010
:105AB0002000FE03220222022202FE032202200014
:105AC00020002000BEB0FC010401FC010401FC0127
:105AD0002000FF070401FC01200024013202D4B0A1
:105AE000FE070204FA0402040204FE0552045204F2
:105AF0004A0586050204FE07B5E710001000FF0105
:105B000011011101FF0111011101FF011104100424
:105B1000E007D7D30000FC018000400020002000F7
:105B2000FF0720002000200020003800D6D0800091
:105B3000800080008000FC1F84108410841084107A
:105B40008410FC1F84108000800080008000BEB0A4
:105B5000F80F0808F80F0808F80F8000FF7F000012
:105B6000F80F08080808F80F80008410A2204000F1
:105B7000D4B00000FE3F0220F22702200220FA2FBC
:105B8000222122212221122912290A2E0220FE3F3F
:105B90000220B5E7800080008000FC1F8410841084
:105BA0008410FC1F841084108410FC1F84508040DB
:105BB0008040007FD7D30000FE1F000800040002D1
:105BC00080018000FF7F80008000800080008000D6
:105BD0008000A0004000D6D00000000000000018A7
:105BE00000000800000800000800080818F8FF1F5F
:105BF0001808181808181808181808181808181875
:105C00000818F8FF1F08080800080000080000082E
:105C10000000080000180000180000180000000034
:105C2000BEB0000000000000400006C0FF074000BA
:105C300006C0FF07400006C0FF0740080200300012
:105C4000FEFF3F000000C0FF07C00002C00002C00E
:105C50000002C0FF0380100080110160100E3010A0
:105C6000180C1E30001C00000000D4B00000000022
:105C70000000080030F8FF1F08001008C010083F9F
:105C800010080010080010080013C8FF10082210A8
:105C90000822100822100822100821120821148856
:105CA000601648C013280010080010F8FF1F0800F5
:105CB00010000000B5E70000000000000018000020
:105CC0000800000800000800F0FF0F10080410088A
:105CD00004100804100804F0FF071008041008045A
:105CE000100804100804F0FF071008000008100056
:105CF000081000082000183000F01F000000D7D363
:105D0000000000000000000004F0FF0F000006008B
:105D1000000100C000002800001800001800001852
:105D200030FEFF7F00180000180000180000180067
:105D300000180000180000180000180000180000EB
:105D40001F00000C00000000D6D000000000000082
:105D50000000008000000080010000800100008041
:105D6000010000800100008001001080010CF0FFA4
:105D7000FF0F308001043080010430800104308046
:105D8000010430800104308001043080010430803F
:105D90000104F0FFFF07308001043080010400801F
:105DA00001000080010000800100008001000080EF
:105DB00001000080010000800100008001000080DF
:105DC00001000080000000000000BEB000000000E4
:105DD00000000000000000000001800100FFFF0142
:105DE000000380010003800100FFFF010003800128
:105DF0000003800100FFFF0100818100000003001B
:105E00000000031CFCFFFF3F000040000003C00136
:105E100000FFFF010003C0000003C0000003C0003A
:105E200000FFFF000001410000040100000E7100AE
:105E300000078101800101076000010E1898011C14
:105E400004E0011800C0000000000000D4B0000011
:105E500000000000000000000008F0FFFF1F3000FD
:105E6000000C3000000C3000100C30FE3F0C3004F1
:105E7000000C3000000C3000000C3000000C300032
:105E8000C00CF0FFFF0D3030060E3030060C301025
:105E9000060C3010060C3010060C3018860C30182A
:105EA000860C3008060D300C860D3006EE0F3002E1
:105EB000FC0D3001000CF000000C3000000CF0FF75
:105EC000FF0F3000000C1000000400000000B5E7D8
:105ED000000000000000000000C0000000C0010041
:105EE00000C0000000C0000000C0000000C00000B2
:105EF000E0FFFF0360C0000360C0000360C0000358
:105F000060C0000360C0000360C00003E0FFFF0347
:105F100060C0000360C0000360C0000360C00003F5
:105F200060C00003E0FFFF0360C0000160C000002C
:105F300000C0000800C0001000C0001000C0001821
:105F400000C001380080FF1F0000000000000000BA
:105F5000D7D3000000000000000000000000000097
:105F60000003C0FFFF07000080070000C000000022
:105F700060000000180000000C000080030000809A
:105F8000030000800100008001080080011CFCFF6C
:105F9000FF3F0080010000800100008001000080C0
:105FA00001000080010000800100008001000080ED
:105FB00001000080010000800100008001000080DD
:105FC000010000FC010000E00000004000000000B3
:105FD0000000000000000000677001085D7101080A
:105FE00000000000A5740108820082004A0200003F
:105FF000000001E001E0000000FF0055AAFF0011D1
:106000002233445566778899AABBCCDDEEFF0001A8
:1060100002030405060708090A0B0C0D0E0F1011E8
:1060200012131415161718191A1B1C1D1E1F2021D8
:1060300022232425262728292A2B2C2D2E2F3031C8
:1060400032333435363738393A3B3C3D3E3F4041B8
:1060500042434445464748494A4B4C4D4E4F5051A8
:1060600052535455565758595A5B5C5D5E5F606198
:1060700062636465666768696A6B6C6D6E6F707188
:1060800072737475767778797A7B7C7D7E7F808178
:1060900082838485868788898A8B8C8D8E8F909168
:1060A00092939495969798999A9B9C9D9E9FA0A158
:1060B000A2A3A4A5A6A7A8A9AAABACADAEAFB0B148
:1060C000B2B3B4B5B6B7B8B9BABBBCBDBEBFC0C138
:1060D000C2C3C4C5C6C7C8C9CACBCCCDCECFD0D128
:1060E000D2D3D4D5D6D7D8D9DADBDCDDDEDFE0E118
:1060F000E2E3E4E5E6E7E8E9EAEBECEDEEEFF0F108
:10610000F2F3F4F5F6F7F8F9FAFBFCFDFEFF8080F8
:1061100080818182828384858687898A8C8D8F9114
:10612000939597999B9EA0A2A5A7AAADAFB2B500E3
:10613000FF1FFF1F01E001E0210020000A080B08FB
:106140000D300C300E380F38640063000000000082
:10615000D45F0208250701080000000000000000CD
:1061600000000000C300C300041C0000D45F02084C
:1061700011D801080000000000000000000000002D
:1061800064202B0000000000D45F0208EDD8010855
:106190000000000000000000000000006420D12783
:1061A00000000000D45F0208AD660108C96601085E
:1061B00000000000E166010800000000C0030000CC
:1061C000549902084DB601080000000000000000CC
:1061D0000000000000000000000000000EA0D90D2B
:1061E00090C80C80B70A60110B80D91F0991F08804
:1061F0001F0880F088000000000D203C00000F0008
:1062000069002FFFFFFFF7015C11A610006900C3B2
:1062100000008800D2009FFFFFFFF012C523E2209C
:1062200000D203C00000F004B000000070000000C5
:106230000E00000000E0000019EFEA300CD6E6A7DF
:1062400002F40E00001F80E000006FEF5000001607
:10625000FFE500000E0AF00100E05F13F85E6EB08B
:1062600005CFFE9100000E0000000070000008DD68
:106270003000A7004B02D004C0007700D01D2000E2
:106280004B03D0A7000007DC34C4CC3000001D2D28
:1062900022D00000A63B00B30005C03A00A3001DB9
:1062A000200D00D000A60004CC40004DFC300000C2
:1062B000F718C00001F205D00000BB6E4000005F7F
:1062C000F3000007E6DB03802F301DBAA05F00015A
:1062D000DF401FB448FEC003BFFC40B20000000016
:1062E000001F01F01F00F0000003F10B900F404F62
:1062F000007D009B00AA00AA009B007D004F000FBC
:10630000400B9003F15E000E6008C004F001F30042
:10631000F500E600E600F501F304F008C00E605E4B
:106320000000930088A6C209FE404DDDB1429350A3
:10633000005200000450000008A0000008A0001F48
:10634000FFFFF30339B3300008A0000008A00001EC
:1063500003F61E60E12C00000003FFF90333100078
:1063600003F52E4000000E400004E000009A0000FB
:106370000E400004F000009A00000E400003F00000
:10638000009A00000E500003F000009A00000E502A
:106390000003F00000004CFE70004FB68F900DB06F
:1063A000005F32F40000E74F20000CA4F20000CAA6
:1063B0002F40000E70DB0005F204FB68F90004CFEB
:1063C000E700EFFB44CB00AB00AB00AB00AB00AB96
:1063D00000AB00AB00AB07DFEA108E857EC001008A
:1063E00006F1000006F000000D900000CC00001C3B
:1063F000C00001DB00001DE544427FFFFFF97FFF85
:10640000FFF024445F900000BC000009E100003F61
:10641000D81000046DD0000002F4100002F4BD7525
:106420007DD019DFEA1000000DA0000000AC0000D4
:106430000007E10000004F40100002F600F5001DCB
:10644000A000F5007FFFFFFFF3133333F7300000A8
:1064500000F500000000F50009FFFFF00AB4444019
:106460000C8000000E7000000FFFFC4003345CF253
:10647000000000F7100000F78E856CF108DFFB309C
:10648000002AEFD5003FD657400CC0000002F400B0
:1064900000004F5BFFA104FE845DD03F80003F30D1
:1064A000E80003F206F845DC0005DFE9109FFFFF76
:1064B000FD9D4444E99C0004F200000BB000002F55
:1064C000400000AD000001F6000008E000000E8072
:1064D00000006F1000019EFE9100BE636EC00F6051
:1064E000006F00CC202BC002EFFFE200DC424CD05A
:1064F0005F20001F55F20002F50ED535DE001AEFC1
:10650000EA1003BFEA202FA44BE18E0000E99D00B2
:1065100000DD4F7129FF07FFFC9E000210AC000058
:1065200002F607658FB00AEFD7002E53F500000082
:106530000000003F52E42E53F50000000000002E42
:1065400052F60D21D001000000003100006CF20174
:106550008ED6000FC300000AFB40000017EE70004B
:106560000005C3000000001FFFFFF30333333000BA
:10657000000000000000001FFFFFF303333330046E
:106580000000000ED71000005CF92000002AF20085
:1065900003AFB106DE82001C6000000000000007AF
:1065A000DFEA109E746EC0010006F0000009C00012
:1065B000008E200006F200000870000000000000BD
:1065C0000B8000000C900000006CEFDA4000003DF2
:1065D000A41016D90001E509EE98CA900A80BD43BF
:1065E000AFC0D30F13F2000CC0693C06D00007C047
:1065F0003B4B06D00007C02C3C03F2000CC04A0FF6
:1066000010BD439EE3C50A8009EE91CF9001E500DD
:1066100000000000003DA41028000000007CEFD91D
:10662000100000000CF1000000003FD70000000047
:10663000B96E00000002F20E50000009A007D00061
:10664000001F3000F400007FFFFFFB0000E7333342
:106650004F2005F000000C900C90000006F18FFF19
:10666000FEC408E3334BF28E00001F58E00018F11F
:106670008FFFFFF808E33337F68E000009C8E0000B
:10668000009D8E33347F78FFFFFD700007CFFB4005
:1066900000CF966AF50AE20000301F600000004F4C
:1066A000200000004F200000001F600000000AE2F0
:1066B00000003001CF966AF50007DFFB408FFFFE38
:1066C000A4008E4446CF708E000007F38E000000B9
:1066D000DA8E0000009D8E0000009D8E000000DA22
:1066E0008E000007F38E4446BF708FFFFEA4008F1C
:1066F000FFFFF68E4444418E0000008E0000008FA4
:10670000FFFFC08E3333208E0000008E0000008E0D
:106710004444428FFFFFF98FFFFFF68E4444418EC1
:106720000000008E0000008E0000008FFFFFC08E72
:106730003333208E0000008E0000008E0000000029
:1067400007CFFC5000CF966AF60AE20000201F60D7
:106750000000004F200000004F200000B91F600023
:1067600000B90AE30000B900CF966AF80007DFFC21
:10677000608E000008E8E000008E8E000008E8E06F
:1067800000008E8FFFFFFFE8E333339E8E0000088A
:10679000E8E000008E8E000008E8E000008E8E8E9B
:1067A0008E8E8E8E8E8E8E8E02FFFFC00444BC00B5
:1067B0000009C000009C000009C000009C00000906
:1067C000C02000BA0EB58F603CFE808E00004F5096
:1067D0008E0004F6008E003F70008E03F800008EDD
:1067E0002EC000008EECF600008FB07F30008E00CF
:1067F0000AE1008E0000CC008E00001EA08E00007A
:10680000008E0000008E0000008E0000008E000050
:10681000008E0000008E0000008E0000008E4444B8
:10682000408FFFFFF28E00000008E8F7000002FE34
:106830008FF10000BFE8DCA0004F9E8D2F300D8748
:10684000E8D09C06E07E8D01E7E507E8D006FC0075
:106850007E8D000A2007E8D00000007E8E10000820
:10686000E8FC00008E8FF90008E8E6F6008E8E093D
:10687000F308E8E00CE18E8E001EB8E8E0003FEE81
:106880008E00006FE8E00000AE0007CFEB50000084
:10689000CF966BF9000AE200005F601F6000000AFB
:1068A000D04F20000006F04F20000006F01F6000CF
:1068B000000AD00AE200005F6000CF966BFA000089
:1068C00007DFEB50008FFFFD7008E4458FB08E00AE
:1068D000005F38E00001F58E00003F48E0014DD038
:1068E0008FFFFFB208E33310008E00000008E000C5
:1068F00000000007CFEB500000CF966BF9000AE2D2
:1069000000005F601F6000000AD04F20000006F00A
:106910004F20000005F01F6000000AD00AE20000CE
:106920005F6001DF855AFA000008DFFC50000000BC
:1069300001EC21940000001BFFC1000000001200C8
:106940008FFFFD7008E4458FB08E00005F38E000D7
:1069500001F58E00003F38E0014DD08FFFFFC208E7
:10696000E333DA008E0002F608E00005F3019EFD35
:10697000A200CE646B702F40000001F800000006FA
:10698000FD950000016AEE500000009F0020000508
:10699000F13FA547EB004BEFE910FFFFFFFF244459
:1069A000BD44400009C00000009C00000009C00078
:1069B00000009C00000009C00000009C00000009CD
:1069C000C00000009C00009C00000BA9C00000BAA1
:1069D0009C00000BA9C00000BA9C00000BA9C000DD
:1069E00000BA8E00000D94F40003F50CF868FD0069
:1069F00009EFE9100CB000000AC05F200001F500AB
:106A0000E900008E0008F0000E70001F6005F10024
:106A100000AD00C9000003F43F3000000CBAC00014
:106A200000005FF500000000EE00006F10000DB0E8
:106A30000002F21F60003FF10008D00BB0008BE6AF
:106A4000000D7006F000E69B002F2001F503F14FCA
:106A5000108D0000CA09B00E60D800006F0E6009EA
:106A6000B2F300001F9F1004F9D000000CFB0000DF
:106A7000EF80000007F600009F30003F50000DA09F
:106A800008F2009D0000CC04F300002F9E7000006F
:106A900006FC00000009FE1000004F4DB00001E8A8
:106AA00002F7000BD0007F207F20000BD00CB0003D
:106AB000009C002F50002F30009E000C900000E83A
:106AC00005F1000005F3E60000000CFD00000000E9
:106AD0003F4000000002F3000000002F30000000E3
:106AE00002F300004FFFFFFF9144444AF30000030C
:106AF000F6000001EA000000CC0000009E1000003B
:106B00006F4000003F7000001ED4444436FFFFFF7A
:106B1000FC8FF68D318D008D008D008D008D008DE8
:106B2000008D008D008D008D008D318FF65D000091
:106B300000F200000B8000006D000001F200000B6D
:106B40008000006D000001F200000B7000006D007D
:106B50000001F200000B7000006D000001F2BFF3B5
:106B600025F302F302F302F302F302F302F302F35A
:106B700002F302F302F325F3BFF300AD00001EC4DD
:106B8000000885A000E20E105B00970B5002E0EEBB
:106B9000EEEEE00BC00009B004CFEA100B745DB05C
:106BA000000004F004CEEEF21F8214F24F1004F243
:106BB0001F703DF204DFD7F2BA000000BA000000F7
:106BC000BA000000BA8EFC30BFD54BF3BE1000CA2D
:106BD000BA00007EBA00007EBE1000CABFD55BF3CB
:106BE000B98EFC30007DFD6009F748F42F5000207D
:106BF0005F0000005F0000002F50002009F748F4FC
:106C0000007DFD600000001F40000001F400000056
:106C10001F4008EFC4F40AF748FF42F50007F45F8D
:106C200000002F45F00001F42F50006F40AE637E4E
:106C3000F4008EFC4F40008EFC400AD538F42F2023
:106C4000008C5FEEEEFF5F2111112F70001009F82C
:106C500046E4007DFE80009EE305F44108C000CFBD
:106C6000FFF029D32008D00008D00008D00008D0B9
:106C70000008D00008D000007EFC4E60AF747FF6A4
:106C80002F50005F65F00000F65F00000F62F60015
:106C900006F609F747FF5007EFC4F50000003F2054
:106CA000CB646EB003AEFD8000BA000000BA0000F5
:106CB00000BA000000BA8EFB20BFC56DD0BE000335
:106CC000F2BA0000F4BA0000F5BA0000F5BA00000C
:106CD000F5BA0000F5BAA800BABABABABABABABADE
:106CE000000AB0009900000000AB000AB000AB0041
:106CF0000AB000AB000AB000AB000AB000AA064E12
:106D000071DFA0BA000000BA000000BA000000BAAB
:106D1000001CC0BA01CC00BA1CD100BBCF6000BFC0
:106D2000DBE100BD11DC00BA003F70BA0007F3BA26
:106D3000BABABABABABABABABABAB99EFA15DFD4F6
:106D40000BFB45EDE64AF2BE0006F6000E7BA00006
:106D50004F2000C9BA0003F1000C9BA0003F1000B7
:106D6000C9BA0003F1000C9BA0003F1000C9B99EF6
:106D7000FB20BFB45DD0BE0003F2BA0000F4BA003D
:106D800000F5BA0000F5BA0000F5BA0000F5007D84
:106D9000FD60009F748F702F50007F05F00001F39D
:106DA0005F00002F32F50007F009F748F70007DF12
:106DB000D600B98EFC30BFC43AF3BE1000CABA0088
:106DC000007EBA00007EBE1000CABFD55BF3BA7E5B
:106DD000FC30BA000000BA000000BA000000008ECB
:106DE000FC3F40AF748EF42F50007F45F00001F45B
:106DF0005F00002F42F50007F40AF748FF4008EF54
:106E0000C4F40000001F40000001F40000001F4017
:106E1000B98E4BFD71BE100BB000BA000BA000BACA
:106E2000000BA00005DFEA13F735A06F000001EEAC
:106E30009610016AEF300000D96C646F62AEFD708D
:106E400008D00008D000CFFFF029D32008D00008D8
:106E5000D00008D00008D00005F551009FE3C8001D
:106E600002F3C80002F3C80002F3C80002F3C9002D
:106E700003F3AB0007F35F837EF306DFC5F30D90EA
:106E8000000AA06E0001F300F5007D0009C00E604D
:106E9000003F24F00000C8B9000006FF3000000FDA
:106EA000C000C80006F1000D56D000CF6003F01FEF
:106EB000302F9C009A00B807B2F10E4005E0D60CC6
:106EC00074E0000F6F007C990000AFA001FF40004C
:106ED00005F4000BE0004F3007E109D02F4000D946
:106EE000D900003FD000004FE10001E7BB000BB02C
:106EF0001E707E1005F30D90000AA06F0001F300D4
:106F0000F6007D0009C00D60002F34F00000C9A913
:106F1000000005FF2000000EC0000000E500009406
:106F2000AD00001BFC2000005FFFFFA13337F40021
:106F300001E70000CB00008E10004F40001EA3337D
:106F400026FFFFFC006EA00F9201F4001F4001F429
:106F5000003F303FC0006F3001F4001F4001F400DB
:106F60001F4000FA2005EA8B8B8B8B8B8B8B8B8BD6
:106F70008B8B8B8B8BBE5002AE0005F0005F000543
:106F8000F0004F1000DF104F5005F0005F0005F0DB
:106F9000005F002AE00BE40007EC40B41E25DFC0D0
:106FA0000100000004CC302B01C05700932B01C01E
:106FB00005CC3006A10FF60BE20000000000000037
:106FC0000000000000027BFB000000049DFFFFD0DA
:106FD0000003AFFFFFFFFD0000AFFFFFFFDFD000AA
:106FE0000AFFFFB610ED0000AF9400000ED0000ABB
:106FF000F1000000ED0000AF1000000ED0000AF11B
:10700000000045FD0000AF1001EFFFD0179DF1001B
:107010005FFFFC0EFFFF1000AFFD31FFFFE000003F
:10702000010003BDA3000000000050188888888478
:1070300005FABFDDDDDDFDAFE47F100000CA4EE0E4
:107040004F100000C80EFEEF100000CFEFE03FEE43
:10705000EEEEF80EF68F766666EB6FF8AF10000076
:10706000CC8FE03F100000C80EFCDF655555EECF19
:10707000C25FFFFFFFF92C57750577777775FFFF24
:107080001FFFFFFFFFFFFF2FFFFFFFFFEFFF0EFFC1
:10709000FFFFFE01100011111110EFFE0EFFFFFFA8
:1070A000FEFFFF2FFFFFFFFFFFFF1FFFFFFFFF6838
:1070B00087078888888668870788888886FFFF1FF3
:1070C000FFFFFFFFFFFF2FFFFFFFFFDFFD0DFFFFB4
:1070D000FFFD0000000000015000000000001DF84E
:1070E0000000000001DFFD000000001DFFE22D6038
:1070F0000001DFFE20DFF7001DFFE2008FFF71DFE0
:10710000FE200008FFFEFFE20000008FFFFE2000CF
:10711000000008FFE200000000007D2000000000E9
:10712000000000007F60000BE2EFF600BFF84FFFA9
:107130006BFFD104FFFFFD10005FFFE10000BFFF08
:10714000F6000BFFDFFF60BFFD14FFF5CFD1004F4E
:10715000F61710000360000000110000000000009E
:10716000FF000000006F21FF12F70006FF61FF160D
:10717000FF601FF901FF109FF16FE001FF100EF695
:10718000AF8001FF1008FACF6001FF1006FCAF804E
:1071900000AA0008FB7FD00000000DF71FF80000D8
:1071A000008FF107FF91002AFF70009FFFEEFFF9AB
:1071B000000005CFFFFD5000000002442000000049
:1071C00000000000000000000AFFA0000000000C0A
:1071D000FFC0000003D6DFFFFD6D300EFFFFFFFF95
:1071E000FFE05FFFFFAAFFFFF51AFFF4004FFFA1CA
:1071F00003FFD0000DFF3004FFF0000FFF404FFFF2
:10720000FB22BFFFF42FFFFFFFFFFFF209FEFFFF8E
:10721000FFEF9000505EFFE5050000000CFFC0008E
:10722000000000047740000000000003100341004C
:107230000000009FF50DF50000001BFDFF8DF5001F
:107240000002DFB12DFFF500004FF83EC2BFF50090
:1072500007FF55FFFE39FE409FE38FFFFFF56FF6F6
:10726000AC2AFFFFFFFF73E6005FFFFFFFFFF100A7
:10727000006FFFD77FFFF200006FFF900DFFF2005D
:10728000006FFF900DFFF200004FFF700BFFE10059
:107290000000003300000000000BFFB00000000001
:1072A0000CFFC0000000000CFFC0000000000CFF3D
:1072B000C0000000000CFFC00000008FFFFFFFF8BF
:1072C00000002EFFFFFFE2000002EFFFFE200000A3
:1072D000002DFFE20000799982DE289997FFFFFBDD
:1072E00022BFFFFFFFFFFFFFFFFFFFFFFFFFFFFAD0
:1072F000B3CFACCCCCCCCCCCCA0006BBBBBBBA3079
:1073000000004FFFFFFFFFE10000EF30000006FB31
:107310000009F800000000CF504FD0000000002FFF
:10732000E1DF84420000344BF9FFFFFD0001FFFF65
:10733000FBFFFFFF988BFFFFFCFFFFFFFFFFFFFF3F
:10734000FCFFFFFFFFFFFFFFFB9FFFFFFFFFFFFFB4
:10735000F60000000000003300018DFFC600EF00C2
:107360004EFFFFFFE4DF04FFB3004CFFFF0EF90008
:1073700000008FFF6FC00001FFFFFF8E500001DE95
:10738000EEED00000000000000222222000000219B
:10739000FFFFFF100008F8FFFBBC10001EF4FFFC0D
:1073A000100001DFC0FEEFE8448EFE10FE1AFFFF62
:1073B000FFC100FD0028BB94000000000270000225
:1073C000EF0002EFFDFFFFFFFFFFFFFFFFFFFFFFEB
:1073D000FFFFFFFFFFFF3447FFF00005FF00000540
:1073E000C00000000000027000000002EF0000007A
:1073F00002EFF0000DFFFFFF0220FFFFFFF08E1FE6
:10740000FFFFFF00E7FFFFFFF03F5FFFFFFF089078
:107410003447FFF000000005FF0000000005C00039
:1074200000000000000000000000000770000000E5
:1074300002700005FA0000002EF000814F6000028B
:10744000EFF001DD07F0DFFFFFF0321E80F6FFFFF7
:10745000FFF08E27E0B9FFFFFFF00E73F19BFFFFF7
:10746000FFF03F54F09AFFFFFFF0890AC0D834477D
:10747000FFF0007F43F300005FF002F60CB0000065
:1074800005C00000BF10000000000009E30000007C
:1074900000000002100037888888888873EFFFFF9B
:1074A000FFFFFFFEFE32DFFFFFFFFFF9007FFFFD62
:1074B000FFFFFD10CFFFA07FFFFFFFFFFA0007FFD8
:1074C000FFF35FA00000CFFF3003000000CFFC00FF
:1074D00000000000CFFFCCCCCCCCCCFFAFFFFFFF37
:1074E000FFFFF900002000000001FA00000006FF85
:1074F0001000000DFF7000006FFFF10001EFFFFAB8
:10750000000BFFFFFF605FFFFFFFE0CFFFFFFFF615
:10751000FEBFFFFFF9FD4FFFFFF9BF49FFFFF53F3A
:10752000E52EFFD006FFFFFD200028BA60000430E2
:107530000000311FE00006F91FE0007FFA1FE0099C
:10754000FFFA1FE0AFFFFA1FEBFFFFFA1FFFFFFF7D
:10755000FA1FFFFFFFFA1FE6FFFFFA1FE05FFFFAC7
:107560001FE004FFFA1FE0003EFA0FD00002D70030
:10757000000000000200000000000CFB20000000E2
:1075800000FFFF900000000FFFFFE6000000FFFF7C
:10759000FFFC30000FFFFFFFFF9100FFFFFFFFFF29
:1075A000E60FFFFFFFFFFFF2FFFFFFFFFFFD0FFFF3
:1075B000FFFFFFF800FFFFFFFFB2000FFFFFFD40DE
:1075C0000000FFFFF70000000FFFA1000000006AAD
:1075D0004000000000001444200144420DFFFF1051
:1075E000DFFFF1FFFFF30FFFFF3FFFFF40FFFFF45F
:1075F000FFFFF40FFFFF4FFFFF40FFFFF4FFFFF41B
:107600000FFFFF4FFFFF40FFFFF4FFFFF40FFFFFEF
:107610004FFFFF40FFFFF4FFFFF40FFFFF4FFFFF9F
:1076200030FFFFF39FFFC009FFFC001444444444B3
:10763000420DFFFFFFFFFFF1FFFFFFFFFFFF3FFFD7
:10764000FFFFFFFFF4FFFFFFFFFFFF4FFFFFFFFF05
:10765000FFF4FFFFFFFFFFFF4FFFFFFFFFFFF4FF00
:10766000FFFFFFFFFF4FFFFFFFFFFFF4FFFFFFFFE5
:10767000FFFF4FFFFFFFFFFFF39FFFFFFFFFFC0038
:1076800002100000420FE20003FB0FFE3004FB0F6C
:10769000FFF404FB0FFFFF54FB0FFFFFFAFB0FFF8C
:1076A000FFFFFB0FFFFFFFFB0FFFFFD6FB0FFFFDF1
:1076B00014FB0FFFC104FB0FFB0004FB0CA0000335
:1076C000FA000000000000000012000000000003AB
:1076D000FF60000000002EFFF500000001EFFFFF3B
:1076E0004000001DFFFFFFF30000CFFFFFFFFE2063
:1076F0000AFFFFFFFFFFE00EFFFFFFFFFFF203990E
:107700009999999950058888888888700FFFFFFF9C
:10771000FFFFF30FFFFFFFFFFFF40BFFFFFFFFFF74
:10772000D1000000000000003F9000003FFC00007E
:107730003FFD10003FFD10003FFD10001FFD100039
:1077400000CFF4000000CFF4000000CFF4000000F0
:10775000CFF4000000CFE0000000A4000000000013
:1077600000CD1000001FFD1000003FFD1000003F85
:10777000FD1000003FFD1000003FFD000008FF90DD
:107780000008FF900008FF900008FF900002FF90A3
:10779000000007800000000000045000000000020C
:1077A000FF60000000003FF70000000003FF7000D2
:1077B0000000003FF7000006999AFFC99980FFFF7B
:1077C000FFFFFFFF3DFFFFFFFFFFF201113FF7113A
:1077D00010000003FF70000000003FF700000000F1
:1077E00003FF70000000000CD30000006999999914
:1077F00099980FFFFFFFFFFFF3DFFFFFFFFFFF2061
:1078000000000000000000000156640000000003BA
:10781000BFFEEFF91000007FFA1003DFE40008FF5D
:10782000A009B41EFF504FFF200BFF26FFE1EFFF22
:1078300009CFFF63FFFABFFF09FFFF54FFF61EFFEA
:1078400051DFFB09FFB003EFE204305FFC10002CB6
:10785000FF956AFF9000000049DFFD9200000000E4
:1078600000000000000000CD20000000000000002B
:107870008FF50014664000000004EFACFFEFFF91AD
:107880000000001CFFA1004DFE300000009FF5AB82
:1078900031EFF40007B105FFFFE17FFE100FFE306E
:1078A0002DFFF54FFF900CFFE000AFF65FFF600289
:1078B000FFF40006FFEFFB00004FFD10003EFFC08D
:1078C000000002DFE85401BFE300000005AEFF60E6
:1078D00007FF60000000000000004EF600000000FE
:1078E00000000001A10000000000000000000000F6
:1078F000003ED00000000000000CFF8000000000EF
:107900000006FFFF200000000000EFFFFB0000006A
:1079100000008FFCCFF4000000002FFB00FFD00020
:1079200000000BFFC00FFF70000004FFFD01FFFF10
:10793000100000DFFFE02FFFFA00007FFFFF9BFF3A
:10794000FFF3001FFFFFB00EFFFFC00AFFFFFE2482
:10795000FFFFFF60FFFFFFFFFFFFFFFA06CCCCCC6D
:10796000CCCCCCCB30000000000036000000000082
:10797000007F80DDDB00008DEFF8FFFFB007FFFF29
:10798000FD556FF46FF8AFE2000574FF907E2000A4
:10799000003FFA0000000002EFB2504A00012EFD45
:1079A0001DF48FB0FFFFD10BFFFFFBFFFE2000CFC8
:1079B000FFFB12210000029FC000000000005B00DE
:1079C000000007A00000000008FFB000000008FF52
:1079D000FFB0000008FF95FFB00008FF9005FFB062
:1079E00007FF900005FFB09F90000005FD004000DC
:1079F000000003104C20000000B60BFE200000CF5A
:107A0000F02EFE2000CFF4002EFE20CFF400002E3A
:107A1000FECFF40000002EFFF4000000002EF40062
:107A2000000000001300000000083000000000000B
:107A30000000BFF308BBBBBB90000BFFFF39FFFF8B
:107A4000FFF1008FCFCFF000000AF100382F9480B3
:107A500000000AF100002F900000000AF100002F42
:107A6000900000030AF130002F9000001FCBF8F8BF
:107A7000002FEBBBBB39FFFFE2001FFFFFFFB09FF2
:107A8000FD2000000000000008D1003788870000BA
:107A90000000EFFFFFA0000000FFFFFFFDCCCCB611
:107AA000FFFFFFFFFFFFFFFFFFFFFFFFFFFFFFFFE6
:107AB000FFFFFFFFFFFFFFFFFFFFFFFFFFFFFFFFD6
:107AC000FFFFFFFFFFFFFFFFFFFFFFFFFFFFFFFFC6
:107AD000FFAFFFFFFFFFFFF9000000000000000004
:107AE0000001DD10000000001DFFD100000001DFDB
:107AF000FFFD1000001DFFFFFFD100009FFFFFFFF3
:107B0000F90000011CFFC1100000000CFFC00000C4
:107B100000000CFFC0000000000CFFC000007999BD
:107B20003BFFB39997FFFFB2442BFFFFFFFFFEDD42
:107B3000EFFFFFFFFFFFFFFAB3CFACCCCCCCCCCC38
:107B4000CA00000000000200000000000004FFC79F
:107B50000000000000AFFFF0000000001FFFFD006C
:107B600000000006FFFFC00000000008FFF7000053
:107B70000000000CFF300000000004FFC000000007
:107B80000001EFF300004A3002DFF80005DFFE15C8
:107B9000EFFB0000EFFFFFFFFA00000BFFFFFFF716
:107BA0000000007FFFFFA200000002BA8500000075
:107BB000000004860000001006FFFA0002DFD1EF8B
:107BC0003CF101DFFA0EE0AF21DFFA009FEFF6DFB4
:107BD000FA00008DFFFFFB00000006FFFD00000023
:107BE00048EFFFF600006FFFFBFFF6000EF3CF2318
:107BF000FFF600EE0AF204FFF609FEFC0004FFF1B6
:107C000008DA100002620000000000000000006FAF
:107C1000FFF987000008FFFF98F708A68FFFF959C2
:107C200090FFA8FFFFFCCC0FFA8FFFFFFFF1FFA82A
:107C3000FFFFFFFF1FFA8FFFFFFFF1FFA8FFFFFF0E
:107C4000FF1FFA8FFFFFFFF1FFA8FFFFFFFF1FFAE3
:107C50007FFFFFFFF0FFE3122222210FFFFFFFF95A
:107C60000000ACCCCCCB5000004999999995000EFE
:107C7000FFFFFFFFF600FD2222224FF60FC000009B
:107C800001FFF3FC0000001FFF6FC0000002FFF6C1
:107C9000FFFFFFFFFFFF6FFFFFDCFFFFF6FFFFB0FF
:107CA00005FFFF6FFFF6000FFFF6FFFFC006FFFFA7
:107CB0006FFFFFEDFFFFF69FFFFFFFFFFD10CDDD24
:107CC000DDDDDDDD2FFFFFFFFFFFF3122222222289
:107CD00022000000000000000000000000000FFF74
:107CE000FFFFFFFFF3DEEEEEEEEEEE200000000001
:107CF00000000000000000000DEEEEEEEEEEE2FFF0
:107D0000FFFFFFFFFF300000000000003788888879
:107D1000888873EFFFFFFFFFFFFEEFFFFFFFFFFF0E
:107D2000FE1CFFFFFFFFFFC1D28FFFFFFFF82DFFFB
:107D300064EFFFFE45FFFFFA2BFFB2AFFFFFFFD35B
:107D4000553DFFFFFFFFFFBBFFFFFFFFFFFFFFFFF3
:107D5000FFFFAFFFFFFFFFFFF9000000000001FF82
:107D6000FFF00004FFFFD00006FFFF800008FFFFC8
:107D700030000AFFFFAAA60CFFFFFFF80EFFFFFF6F
:107D8000E10BDDDFFF6000004FFD0000007FF3002E
:107D90000000BFA0000000FF10000003F80000007A
:107DA00003C000000000200000000455EFB55200A1
:107DB00000FFFD1FFFB0000FFFFFFFFC0000FFFFF3
:107DC000533320000FFF97FFFB5700FFF8AFFFC6AC
:107DD000F80FFF8AFFFC4AA1FFF8AFFFE3220FFF75
:107DE0008AFFFFFFF4FFF8AFFFFFFF4FFF8AFFFF9F
:107DF000FFF43552AFFFFFFF40000AFFFFFFF40022
:107E0000007FFFFFFE20000001100000000000AF17
:107E100000000000018FFA30000002EFFFFF500069
:107E200000BFFFFFFF10001FFFFFFFF50003FFFF74
:107E3000FFFF70005FFFFFFFF90008FFFFFFFFC0BB
:107E400000DFFFFFFFFF209FFFFFFFFFFD0EFFFF93
:107E5000FFFFFFF2022222222221000008FFC000C1
:107E600000000009A20000005BBBBBBBBBBBBBA307
:107E7000FFFFFFFFFFFFFFFBFC0C30E11D0D11FCBE
:107E8000FC0B30E01D0D10FCFFFEFFEFFEFEEFFCD3
:107E9000FFF15A0870A05FFCFFF37B2992C27FFCC0
:107EA000FFBFCBBBBBBFCBFCFC0B2000000D00FC1D
:107EB000FFCFCCCCCCCFCCFB9FFFFFFFFFFFFFF66B
:107EC0000000000000000200000000000005DFB01C
:107ED0000000000007EFFFD000000018FFFFFF7058
:107EE000000029FFFFFFFF00003BFFFFFFFFF8003E
:107EF0000AFFFFFFFFFFF1000FFFFFFFFFFFA000E2
:107F0000049AAAAFFFFF20000000000EFFFB000054
:107F10000000000EFFF400000000000EFFC0000093
:107F20000000000EFF5000000000000DFD000000EA
:107F300000000004B300000035555502000FFFFF9C
:107F4000F2F400FFFFFF2FF40FFFFFF2FFF3FFFF3C
:107F5000FF32221FFFFFFFFFF7FFFFFFFFFF8FFF33
:107F6000FFFFFFF8FFFFFFFFFF8FFFFFFFFFF8FF9F
:107F7000FFFFFFFF8FFFFFFFFFF8FFFFFFFFFF8FF8
:107F8000FFFFFFFFF88AAAAAAAAA30000000245522
:107F9000310000000003AFFFFFFFC7000002BFFF7A
:107FA000FEDEFFFFF6005FFFB51000038EFFB0DFBF
:107FB000D300000000008FF5180005AEFEC81004C5
:107FC000600002DFFFFFFFF80000000CFF95347D2A
:107FD000FF40000002A20000007700000000000245
:107FE00096000000000000000DFF5000000000009F
:107FF000000EFF6000000000000005DA0000000035
:108000005BBBBBBBBBBBBBBA20FFFFFFFFFFFFFFE0
:10801000FF90FC1222222222220FF7FC5FFFFFFFBB
:10802000FFFF2CFAFC5FFFFFFFFFFF21FAFC5FFF61
:10803000FFFFFFFF27FAFC2666666666661FFAFEEC
:10804000BBBBBBBBBBBBBFB1AFFFFFFFFFFFFFFFB6
:10805000500000000000000000005BBBBBBBBBBBCE
:10806000BBBA20FFFFFFFFFFFFFFFF90FC122222A1
:108070002221000FF7FC5FFFFFFFF8000CFAFC5F06
:10808000FFFFFFF80001FAFC5FFFFFFFF80007FAAF
:10809000FC2666666663000FFAFEBBBBBBBBBBBBC0
:1080A000BFB1AFFFFFFFFFFFFFFF50000000000068
:1080B000000000005BBBBBBBBBBBBBBA20FFFFFF2C
:1080C000FFFFFFFFFF90FC1222221000000FF7FCC1
:1080D0005FFFFFD000000CFAFC5FFFFFD000000143
:1080E000FAFC5FFFFFD0000007FAFC26666650002E
:1080F000000FFAFEBBBBBBBBBBBBBFB1AFFFFFFFFB
:10810000FFFFFFFF500000000000000000005BBB0D
:10811000BBBBBBBBBBBA20FFFFFFFFFFFFFFFF9056
:10812000FC1222000000000FF7FC5FFF300000008F
:108130000CFAFC5FFF3000000001FAFC5FFF30002A
:10814000000007FAFC2666100000000FFAFEBBBB19
:10815000BBBBBBBBBFB1AFFFFFFFFFFFFFFF5000CB
:1081600000000000000000005BBBBBBBBBBBBBBA98
:1081700020FFFFFFFFFFFFFFFF90FC00000000005B
:10818000000FF7FC0000000000000CFAFC000000EB
:1081900000000001FAFC00000000000007FAFC00EB
:1081A00000000000000FFAFEBBBBBBBBBBBBBFB1F6
:1081B000AFFFFFFFFFFFFFFF5000000000000000C7
:1081C00000000000000007B20000000000000ADF0D
:1081D000FA000000000000A93DF500000004400284
:1081E000E00010000000AFF80B600000006C30FFF2
:1081F000FFFFFFFFFFFFFFF4AFF9000C5000006D21
:108200004005500004C00000100000000000C43E03
:10821000E80000000000002EEFFA0000000000005F
:10822000004FFA0000000000000000000000000005
:10823000011000000007EFFFB30000AFFD8FFF202B
:1082400004FFFD09FFB00AFEFD12AFF00EF55D2C34
:108250000EF30FFF33129FF50FFFF307FFF60FFF2B
:10826000E206FFF60FFE24137FF50DF57D2C0DF3CE
:108270000AFFFD11BFF003FFFE0BFFA0007FFEBF52
:10828000FE100003ACDC81000000344300000566F2
:108290007FFFF96650FFFFFFFFFFFF3566666666EA
:1082A00066501CCCCCCCCCC402FFFFFFFFFF602F7C
:1082B000F3FB7F6DF602FF2FB7F5DF602FF2FB7F38
:1082C0005DF602FF2FB7F5DF602FF2FB7F5DF60250
:1082D000FF2FB7F5DF602FF3FB7F6DF601FFFFFF88
:1082E000FFFF5007BCCCCCCC900000000000000188
:1082F00020000000000004FF500000000002FFFF0B
:10830000500000000439FFFE00000004FF39FFA008
:10831000000004FFFF39B0000004FFFFFF20000051
:1083200004FFFFFFB0000004FFFFFFB0000004FFE8
:10833000FFFFB0000004FFFFFFB0000000BFFFFF21
:10834000B00000000DFFFFB000000000FFFFB00014
:1083500000000009A86000000000000000178888E5
:10836000888887400002EFFFFFFFFFFFF4003EFF19
:10837000FFCFFFCFFFF703EFFFF908F809FFF83E43
:10838000FFFFFE20402EFFF8DFFFFFFFE101EFFFC0
:10839000F89FFFFFFF80008FFFF809FFFFF902C27F
:1083A00009FFF8009FFFFE4EFE4EFFF80009FFFF99
:1083B000FFFFFFFFF700008FFFFFFFFFFFC100007F
:1083C0000000000003EFFFFFE203FBFBCEBFA4FFB2
:1083D0001D03A1FAFFF1D03A1FAFFFFFFFFFFAFF25
:1083E000FFFFFFFFAFFFFFFFFFFAFFFFFFFFFFAF42
:1083F000FFFFFFFFFAFFFFFFFFFFAFFFFFFFFFFAE7
:10840000FFFFFFFFFFADFFFFFFFFF829AAAAAAA801
:10841000000000000000000300000000000004F164
:10842000000820000001FF100BF70000002FF10CE6
:10843000FF94444445FF1BFFFFFFFFFFFFF18FFF49
:10844000FFFFFFFFFD007FF70000000000006F60EE
:1084500000000000000030000000000000000000EC
:10846000000000000000C003000000000000C00386
:10847000030A00000F008005050500051C00D00957
:108480000A0A00004E00B008090F00FE9200D00B4F
:108490000C0A0000CE00A0090A0B00FF0501F00243
:1084A000030500050D01B004040E01FD2901C004FF
:1084B000040E00FD4501A005060600055701200831
:1084C0000807000273013003030500FE7B0160050D
:1084D0000503000383013003030300008801F00457
:1084E000070EFFFFB9015009090A0000E601300537
:1084F000040A0000FA011008080A0000220200081D
:10850000080A00004A0260090A0A00007C021008FA
:10851000080A0000A402A008090A0000D1026008AD
:10852000080A0000F9020009090A00002603A00851
:10853000080A00004E033003030800005A0330030A
:10854000030B00FD6B032008080800018B032008C3
:1085500008060002A303200808080001C30300085E
:10856000080A0000EB03800E0E0D00FD4604400AD1
:108570000C0AFF008204A00A090A0100AF04200AC5
:108580000A0A0000E104900B0A0A010013056009C1
:10859000080A01003B05E008080A01006305D00A4B
:1085A0000A0A00009505600B090A0100C205500483
:1085B000020A0100CC053007070AFF00EF05100A88
:1085C0000A0A010021065008080A01004906600D48
:1085D0000B0A01008006600B090A0100AD06C00B02
:1085E0000C0A0000E906200A090A01001607C00B60
:1085F0000C0D00FD6407300A090A01009107B0085C
:10860000090A0000BE073008090A0000EB07100B3A
:10861000090A01001808F0090B0AFF004F08C00FF3
:10862000100A00009F0870090A0A0000D10810090A
:108630000B0AFF0008093009090A00003509B004D7
:10864000040E01FD5109F004070EFFFF8209B0047A
:10865000040E00FD9E09300807060102B309000759
:10866000070100FFB709600805020109BC0960089D
:1086700008080000DC099009080B0100080A00083E
:1086800008080000280A9009090B00005A0A9008FF
:10869000080800007A0AF004060B00009B0AB009E3
:1086A000090B00FDCD0A9009080B0100F90AE0034F
:1086B000020B0100040B0004050EFEFD270BA008B1
:1086C000080B0100530BE003020B01005E0BD00E00
:1086D0000D080100920B900908080100B20BE00898
:1086E00009080000D60B9009080B01FD020C900947
:1086F000090B00FD340CC00505080100480C0007FB
:1087000007080000640CD005060A0000820C8009EE
:1087100008080100A20CD0070908FF00C60C900C45
:108720000D080000FA0CC007080800001A0DD00759
:10873000090BFFFD4C0D500707080000680DF00401
:10874000050E00FD8B0D3004020E01FD990DF004A5
:10875000050E00FDBC0D200808030003C80DE00550
:1087600006050006D70D600404030003DD0D000EAE
:108770000F0FFFFE4E0E000E0E0B00009B0E000EA4
:108780000E0D00FFF60E000E0E0B0000430FA009A9
:108790000A0B00007A0F000E0E0F00FEE30F000E12
:1087A0000E0F00FE4C10C00F100D00FFB410000E95
:1087B0000E0F00FE1D11C00F100B00007511000EF2
:1087C0000E0F00FEDE110007070C00FF0812800AE2
:1087D0000B0C00FF4A12C00F100E00FEBA12000E62
:1087E0000E0B00000713A0090A0F00FE5213400CE5
:1087F0000A0E01FE9813400C0D0F00FEFA13400CF8
:108800000D0D00FF4F14400C0D0D00FFA414400C83
:108810000A0E01FEEA14400C0E0DFFFF4515C008BC
:10882000090D00FF8015C008090D00FFBB15400CA5
:108830000D0D00FF1016400C0D0400032A16C00F8A
:10884000100B000082168011120F00FE0917C00FD6
:10885000110FFFFE8917000E0E0D00FFE417400CEC
:108860000D0800011818400C0D0800014C1880116B
:10887000120B0000AF18000E0E0B0000FC18000ECB
:108880000E0F00FE6519000E0F0FFFFED619400CEB
:108890000D0D00FF2B1A400C0D0F00FE8D1A400C21
:1088A0000D0D00FFE21A400C0D0C00FF301B000EF6
:1088B0000E0B00007D1BC0080A0FFFFEC81B400CFA
:1088C0000D0F00FE2A1C400C0D0F00FE8C1CC00F6B
:1088D000100B0000E41C000E100FFFFE5C1D800A50
:1088E0000B0F00FEAF1D8011120D00FF241E801122
:1088F000120A00007E1E8011120A0000D81E80118C
:10890000120A0000321F8011120A00008C1F801111
:10891000120A0000E61F8011120C00FF5220400CCA
:108920000C0F00FEAC20400C0D0F00FE0E21000EBF
:108930000F0FFFFE7F218011120B0000E221800A41
:108940000B0F00FE3522100E0F0A00000000721FF0
:1089500051EF58EF5BEF5CEF5DEF61EF63EF65EFB9
:1089600069EF6CEF71EF76EF77EF78EF8EEF93EFC3
:1089700098EF9BEF9CEF9DEFA1EFA2EFA3EFA4EF89
:10898000B7EFB8EFBEEFC0EFC1EFC4EFC7EFC8EF6E
:10899000C9EFCBEFE3EFE5EF14F015F017F019F0A6
:1089A00030F037F03AF043F06CF074F0ABF03BF19C
:1089B00090F191F192F193F194F1D7F1E3F13DF25D
:1089C00054F2AAF412F7F2F7200000005F00010051
:1089D000000000000000000000000200B0000000E5
:1089E000F3F760004C890208000000003E0003001D
:1089F000000001020003040502060708090A090A2B
:108A00000B0C000D0E0F101112130C1414000000AB
:108A10001516171819161A1B1C1D1D1E1F201D1DAB
:108A20001621222303241E2525262728292A2B0048
:108A30002C002D2E2F303132332D343435302D2D66
:108A40002E2E36373839333A3A3B3A3C2900000962
:108A50003D090000000000000000000000000000D0
:108A60000000000000000000000000000000000006
:108A700000000000000000000000000000000000F6
:108A800000000000000000000000000000000000E6
:108A900001020003040502060708090A090A0B0C73
:108AA0000D0E0F10110C12131415150000001617DF
:108AB0001819171919191719191A1919191917192C
:108AC0001719031B1C1D1D1E1F202122230024001B
:108AD0002526272727002726282926262A2A272A47
:108AE000272A2B2C2D2E2E2F2E3000002309310962
:108AF0000000000000000000000000000000000076
:108B00000000000000000000000000000000000065
:108B10000000000000000000000000000000000055
:108B20000000000000000000000000000001000044
:108B30000000000000010000020000000002000030
:108B40000000000000000000000000000000010024
:108B500000000000000000000000000000010A000A
:108B600006FB00000000F4F3020B0504F7020B0102
:108B700009020700000000000000000000000D02D4
:108B8000FE0000000000000000000000000400F9EA
:108B90000000000000FC04040000FE00FE0200FED5
:108BA00000FEFFFC00000000FE0000FDFD0000FED6
:108BB00000FC000000000000000000FEFE00FD00C0
:108BC000FA00E50000FC0004070000FC02020704B4
:108BD000FC040000F30000000000000000000000A2
:108BE000F80000000000000000000000000000FA93
:108BF000FDF500F7FE00000000000900F9FEFF018E
:108C000000FC0000FEEF000000000000000000007B
:108C100000EEFE090000000000000000000000005F
:108C2000F700000000000000000000070002000044
:108C3000FC00000000000000000000000000000038
:108C40000000090201000000000000000000000018
:108C50000000000000000000000000000000000014
:108C6000000000000000000000000000F80000000C
:108C700000000000000000000000000000000000F4
:108C800000000002040207FE000004FEF9E10206F3
:108C90000400FD00080007000700EB00FD070007C7
:108CA000FE0402000001FE0000FC1200120007009A
:108CB00009030407000000F80000000001FE0002A4
:108CC000FCFDFC0200FE000000F7000000000000B8
:108CD0000000000000F100000000000000000000A3
:108CE000000000000001F400F200000000FE001689
:108CF000FDFD0202FE00FD020000F4000000000085
:108D0000000000000000EA00020000000000000077
:108D10000000000000F2000D0000F8000700F1EA7A
:108D2000F1FC070000F10003FB00FD000000000063
:108D3000000000000000000607E500000000000041
:108D40000000000000000B00020000000000020212
:108D5000FDFC00FFFFFE0000FE000000FC00FE0026
:108D6000FBFC00FAF9F9FC00FC00FC00000000FE2E
:108D70000000020002FE000100000002FE000000F0
:108D8000FE0202FF000000FC00FF000000000001E6
:108D90000003FE00FD00FC0000FE00070000FE00D6
:108DA00000000000FF01FEFE0000FE00FE000000CB
:108DB000000000000000FFFF00FEFD0000000000BA
:108DC000010000FE00FEFEFE0000000000000000AA
:108DD00000FF00000000FEFD00FD00F9FEF90400A8
:108DE00000FC02040600FAFFFD00FFF502FE02F49B
:108DF00002000001F400F4FEEDFE00F500040600A0
:108E000003000000000000FCFD00F9000000FE006F
:108E10000000FE0000000000FFFF00FFFD0000005A
:108E200000000000FEFE00FEFDFE0000FE0000004F
:108E30000000000000000000FEFE00FD00FE00FC3F
:108E4000020000FD010202000000000000FE000020
:108E5000000000020000FE00FEFEFD000000000019
:108E600000000200FE00000000FEFD00FC0007FE06
:108E700001F9000006F5F4F7FC0200FEF1FC00FC2D
:108E800000FC03FCF200FA000001FF02FE000200F9
:108E9000F9F700F5FBFBFBF9FDFA00FCFA01000114
:108EA00000FE0000000200020000000000000000C0
:108EB000000000FE00FF00FFFE00FCFBFBFF00F9CE
:108EC000000000000000FE0000000001FF000000A4
:108ED0000200000000000000000B00000000000085
:108EE00002000000FE000000000000000000000082
:108EF000FC00020000000000000000000000000074
:108F0000FE000000FC00000000F5F9000000FDF587
:108F10000000FE0200FA0000000000000000000057
:108F2000FC0000FC00000000000000000000000049
:108F30000200FC00000000030002FCFC00FEFEFD3D
:108F4000000000000000F900FE00FDFE00FBFAF941
:108F5000FE00FC00F900000000120000010000FD0E
:108F6000000200F60000000000EBFC0707FEF7001F
:108F700002FD00F5FFFD02F0FE030003F8FDF8F925
:108F8000F70000F3000D0000FF000000FFFFFEFAF5
:108F9000F900EB00000000000000000001000000EC
:108FA00000000000000000000000000000FE00FFC4
:108FB000FEFD0000FC00FE000000000000000000BC
:108FC000000000000000FF00FC000004FF0300FBA5
:108FD00002FEFFFAFE00FDFEFE00FDFC0000FEFFAB
:108FE000FEFCFD0000FE0002FE00FB000000FC0095
:108FF000FC00FCFC020000000000000000FC02007D
:10900000FD00FEFDF9FEFEFEFFFEFDFF000000007C
:1090100000FEFEFE0000000003FE00FE000000FE59
:10902000FDFEFEFDFE000209FF00FA00FE0400FE48
:10903000F7FD030000F5FC02FC0200FEFEF900FD56
:10904000010000FC0000000202FCFC00FCFEFDFE32
:10905000FE00FC01FCFC0700000000000000000016
:1090600002000000000000000000000000000000FE
:109070000000000000000000FC00000000000000F4
:1090800000000000000000000000000000000000E0
:1090900000000000000000000000000000000000D0
:1090A00000000000FE0000000000000000000000C2
:1090B00000000000000000000000000000000000B0
:1090C0000000FEFE000000000000000000000000A4
:1090D000FD0000FD0000FEFE00000000FE0000009C
:1090E00000FF0000000000FE00000000FD00FC008A
:1090F0000000F90002FB0400FEF50000FBFE00F793
:10910000FAFA0000F6FEF7F7F500FA00020FFD008C
:10911000FBFEFFFEFCFAFCF8F7FBFE0000FE000180
:109120000000F0FE0705FBF80001F900F5FEFE0463
:10913000EBFD010000F1FDF4FEF00000F0000D0178
:1091400000FE00000000FFFEF7FE00F1000000003E
:10915000F900FE00FFFAF50000FFFDF9FE00FE0039
:10916000000000F6FEF9F9FEFCFAFEFC00FCFEF938
:10917000FD00FDFCFEFC000100FEF9000400FC0007
:10918000000000030002FC0900FEFEFD00000000DC
:109190000000F900FE00FDFE00FBFAF9FE00FC02F3
:1091A0000900000000120000010000FD00020000A4
:1091B000000000000000000000000000FEFC0000B5
:1091C000000000FF000000FEFE0000FCFE0000FCAE
:1091D0000004FF0000000000000100000000030484
:1091E00002FE00F9FC0007F9F9FCFC090402EDFE9F
:1091F00004FE00FE02FEF800FE02FDFEF9FE000085
:10920000070400FA00F4FD06FDF701FDF9F9FE0977
:109210000200FD00FA000207FBF8F7FA070001F070
:10922000FE02FCFEFB00FBF8FDFDFE0000FBFBFE6A
:10923000000705FEF400F4FD00F8F3FFF9FCF9FA6D
:10924000060000FD00FCFE00FEFC0004F902000028
:10925000F400FEFBFCFEF9FAF9FB00F9FEFBFCF959
:10926000FE0000010BFC00F9FE00FEFCFBFAFAF721
:10927000FDFC0400FD00F5FD0104F9F8FCF907FE12
:1092800001EBFC04FBFCF800F9F7FDFEFEFEFBF928
:10929000FF00000706FEF100F3FB05F7F1FCF8F70D
:1092A000F5F90400000000FD000002FD0402FC04CA
:1092B0000000F9FF00FF000101FE000000000000B7
:1092C000FE0000000002070000FD00000000FEFE9E
:1092D000FD0000000102000000000200FE00090085
:1092E000040101FD00040000000200000000000075
:1092F0000000000000070006000000000000000061
:10930000000000000000F300FE0400070000160348
:10931000FCFC0202FE01F500000BF300000000005F
:10932000000000000000F1091F0000000000000024
:109330000000000000F3000000000000000000003A
:10934000000000000000000000000000000000001D
:10935000FC0000FCFE000000000000000000000017
:109360000000000000000000FE00FA000001000004
:10937000021DFCFE0706FA0200000202FD000000CA
:109380000000000000000000E306000000000000F4
:109390000000000000000000000000FA000000FAD9
:1093A00000000000FBFF000000FB00FD00F50000D6
:1093B000000000000000000000F1000000000100BB
:1093C0000000000000FE0000FC00FD00FA000000AC
:1093D000FC02FD0000FAFEFB0000FA00FE00F500B2
:1093E000FE0000EEFCF7FEF80000F100FAFF0000BE
:1093F000000000000000FDFCFEFC00000000FB007F
:10940000FB03FE0400FEFBFEFCFC00FDFFFE02FA77
:10941000FF000000ECFEFD00FB00FEF5FE0000FE7C
:10942000FE000000000200FEFCFE04000000000040
:10943000000000000000000000000000000000002C
:10944000000000000000000000000000000000001C
:1094500000000000000003000000000000FB00FE10
:10946000000000FC02000000FAFEFC0000FA00FE12
:1094700000F500000000EA00FCF8F50000F100FE35
:10948000FD0000000000000000FEFDFFFD010000E7
:1094900004FD00070BFEFEF9030B0405FA030903A4
:1094A00006050600000000000000000000000E0B92
:1094B000FCFE00FE120A120000000200000800007C
:1094C000FC000000000000000000FE0000000000A2
:1094D0000000000300000000EDFDFEF7F50000F1C4
:1094E000000000000000000000000000000000007C
:1094F00000FC000000000000000000FE0000000072
:10950000000000000300000000EDFDFEF7F5000084
:10951000F700000000000000000000000000000054
:1095200000000000FE000000FB0200FE020402F941
:109530000000FE02000200000000FA00FEFEFC0037
:10954000FEF7000EFE00FBFE00FEFC00FEFAFCFD36
:10955000000000FC000000000000000000FE000011
:109560000000000000000300000000EDFDFEF7F524
:109570000000F10000000000000B000000000000EF
:1095800000000000FC00F9FDFE07FEFEF701FF01F0
:10959000FEFA000500020102FBF7FD00F7FCFAF7F6
:1095A000F700FCFCFDFDFEFEFDFE00FEFF030003D8
:1095B000FE0007000000000000000000000000FEA8
:1095C000FEFE0000FA00FF00FC00000000000000AA
:1095D00000000000F3000000000000000000000098
:1095E000FEFE00FD00000000FE0000FCFE0200FC8C
:1095F000FCFE00FAFEFBFEFD00FC00000000000087
:109600000000000000F100070000FC00000000FD69
:1096100000FE0000FF0000FE00FB000009FDF9F95C
:1096200002020200FA020302070207FEFA0000F734
:109630000000F9FA0000FC00FDFC00FD00FD00FE4A
:109640000300FEF9FE080000FE00FC000003FB0022
:1096500002FE020000F900FEFF00FE02FE00000014
:10966000F7FDFB00F90000F50008FE00FC0001001A
:10967000FE00FEF900FE0200000000FE000002FDF8
:10968000010000FDFE00FD000000000000000000E1
:109690000000000000000000F200050000FE0000D5
:1096A00000000000FEFE00000004000500000000B5
:1096B00000F2F3010A0704F70209000800040000A1
:1096C0000000000000000000000C0000000000008E
:1096D0000000000000000000000000002C8B0208C9
:1096E000F08902088E8A02083D310000DC61020820
:1096F0005C840208C8890208DC960208100002286F
:10970000B80100200F3E01089D3D01081000030034
:1097100000FF0100EC9602080000000000000000BD
:1097200006F2ECE83699D661963ABE245E05FA0553
:10973000B1046A4D098EE7CE47FF00FEC0FCA4FAD3
:10974000A97AF163F39C8AEA8EE3D3EC7AFE5DFF9B
:109750000FEA12F376F4DAFD3DFF37AA59BB9BCC32
:10976000FCE53EF7B87AB993FBB43DD63EEF585BC3
:10977000397C5B9D5DC65EEF3E45BE655F96FFBE74
:109780009FE7BE2D1E4EBF863FB7BFE73B269C4ED0
:10979000FD865EB7BFE73325B54D5886FBB69EE71D
:1097A000CD653086B4A639CFBDEF6C9EB0AE14C780
:1097B00079DFDDF70AD72EDF73E7B8F7DCFF6BFF41
:1097C0008EFFB3FFD8FFFCFF45FEA9FE10FF76FF1A
:1097D000DCFF24FDA9FD70FE16FF9CFF88FB4CFCFE
:1097E00052FD77FE5CFF6C8B4FA454BD79D65DEFC4
:1097F000937C3595F8B5DBCE7EEFF7BD1CE77DEFAA
:10980000BEF7DFFFC6E165D145C1E3B0CCD8CBC020
:10981000AAA869883589F478D368B148B6597551D2
:109820003441D230553AF331B2290F195C1CBA1BBE
:109830003813340ADC045A04B703B3027805B404BD
:1098400011040C034F04CD034B0368020845673C29
:10985000E62BE41A887DE76C4554433346C6A5AD34
:10986000E49CA283C6FE05FE44FDE2F380FD00FDFC
:1098700060FC60FB60FCE0F360EB80E283F243E2BB
:1098800002DAA1B9686A065AA54924396F53CC4255
:1098900029328721AE730C630842042100003C0288
:1098A0007804B306EE08280B610D990FD011061449
:1098B0003A166C189D1ACB1CF71E212148236C25E3
:1098C0008E27AC29C72BDF2DF32F03321034183627
:1098D0001C381C3A173C0E3EFF3FEC41D443B645C2
:1098E00093476A493C4B084DCD4E8D504652F95333
:1098F000A5554B57EA58825A135C9C5D1F5F9A60CE
:109900000D627963DD6439668D67D9681D6A596BAC
:109910008C6CB76DD96EF36F04710C720B7301749C
:10992000EE74D275AD767F7747780679BB79677A22
:109930000A7BA27B327CB77C337DA57D0D7E6C7E5D
:10994000C07E0B7F4B7F827FAF7FD27FEB7FFA7F22
:10995000FF7F0000D45F02089DF1000800000000B6
:1099600000000000BDF3000800000000010400003A
:10997000D45F02082FFC00087DFC000800000000F6
:1099800099FC000804010D0000060000D45F0208E5
:10999000F7FE0008000000000000000000000000CA
:1099A000D127D12744020000D45F020879FF0008C4
:1099B000B5FF000800000000CDFF00080401820090
:1099C00085030000D45F020859360108F936010802
:1099D000000000001D3701088200D12705040000A7
:1099E000D45F02083D3C01086F3C01080000000004
:1099F000993801080000000080020000D45F0208CE
:109A0000A953010825540108000000006954010809
:109A1000D127D127C0040000D45F0208A5AB0108FC
:109A200000000000000000001DAC0108D1278200EA
:109A3000C5020000FC9902080000000000000000C0
:109A40000000000085AD010800000000C004000017
:109A5000709902080DB1010800000000000000002C
:109A600065B101080000000085070000D45F02080E
:109A70006FBC0108B1BC010800000000B9BC0108BE
:109A800034001E0084020000D45F020815BE0108E5
:109A900051BE0108000000009DBE0108D127D1275A
:109AA00085030000D45F0208A5C20108AFC4010805
:109AB00000000000CDC4010804018200040600007B
:109AC000000EF39F50000000003FF0CFFFFFFFF4B7
:109AD000009FC0EFFFFFFFF201FF73FD11113FF088
:109AE0000AFF28F902206FB04FFF16830EF158408D
:109AF0005FFF10000EF100005EFF11DA0EF19D50C5
:109B000042FF12FB0EF16F9000FF13FA0EF12FC00F
:109B100000FF16F80EF10FF000FF19F50EF10DF031
:109B200000FF1DF20EF10BF100FF3FE2FFF10AF220
:109B300000FF1002FFF1000000EF307FFFFFFFE0A9
:109B40000EF307FFFFFFFE00EF3002FF324FE28F00
:109B5000FEF00FF102FE6FFFFF00FF102FE5DFF8B0
:109B6000501FF002FE00EF3002FF002FE00EF30066
:109B70003FE002FE00EF3006FB002FE00EF3009FF7
:109B80009002FE00EFBE3DF5002FE00EFFF6FF1045
:109B900002FE00EFD8AFC0014FE006102FF500CF56
:109BA000FE00000AFE000CFFE000DF5005CCCCCC2C
:109BB0003000FF3007FFFFFF103FFFFFD2555AFC78
:109BC000003FFFFFD0000CF70007F93FD0003FF146
:109BD0000009F63FC111BF91100BF44FAFFFFFFF1B
:109BE000F40DF17F8FFFFFFFF40FF2BF5000CF4065
:109BF000001FFFFF1000CF300003EFFE0000CF304A
:109C000000001EFF8000CF3000004FFF9011CF30CA
:109C10000000DF8471FFFF300007FE0001FFFF300E
:109C200000009F80009CCCCC20009F8004FFFFFEA2
:109C3000000CEFE92EF83BF8001FFFFCDFD23FF3EA
:109C40001006CFB5EFFFFFFFF0009F808FFDFFDF15
:109C5000F0009FA76F91FD0FF02AEFFF6F91FD0FAE
:109C6000F03FFFC6DFECFFBFF616AF81FFFFFFFF3F
:109C7000F8009F80445DFFA442009F8038FFDFFB17
:109C8000500CFF83FFFB13EFF70DFF83FB40001821
:109C9000F7000001100000000100000000000000BB
:109CA0000000000000000010100F00FE78000010FF
:109CB0000F0F00FEE9000010100F00FE6101001000
:109CC000100F00FE0000A7021D0A0214604F0000E2
:109CD00003140100C49C02080000000004000300FB
:109CE000C09A02089C9C0208CC9C0208000000005C
:109CF00000000108880200200F3E01089D3D010878
:109D00000F00020000FE0100E09C020800000000BD
:109D100000000000000000014541000000000000BC
:109D200000000000000006DFFFFFC400000000008C
:109D3000000000000001CFED946AFFA000000000C9
:109D400000000000002EF700430439FC1000000062
:109D50000000000000DF90000462006FC1000000FE
:109D60000000000007F7060004620006FD10000076
:109D7000000000000DE00060420420047FD10000DC
:109D8000000000002F9000093000424206FC000055
:109D9000000000005FB0004360000750008F6000CB
:109DA000000000006F35042006004242000FF00062
:109DB000000000005F508300006420042049F4008C
:109DC000000000002F842500004700004622F70015
:109DD000000000000DF20050042060005631F90030
:109DE0000000000006F70005520006052044F800B8
:109DF0000000000000CF4004700000A20008F60040
:109E000000000000001DF442060005260009F200D3
:109E1000000000000002EF6000606100601FC000F1
:109E20000000000000002EF4000A200006CF4000D1
:109E300000000000000002EF605160001BFF000006
:109E4000000000000000002DFF610638EFFFA000B9
:109E500000000000000000008FFFFFFFD409FA009F
:109E600000000000000000000058AA7300009FA03E
:109E7000000000000000000000000000000008FBDF
:109E80000000000000000000000000000000008F43
:109E9000B00000000000000000000000000000080A
:109EA000FB000000000000000000000000000000B7
:109EB0007FC0000000000000000000000000000063
:109EC00007FC00000000000000000000000000008F
:109ED000006FC10000000000000000000000000052
:109EE0000006FC1000000000000000000000000060
:109EF00000006FD100000000000000000000000022
:109F0000000005FB00000000000000000000000051
:109F1000000000440000000000378A985000000054
:109F200000000000000007EFFFFFFFFF40000000FF
:109F3000000000004EFFFFFFFFFFFFF300000000E6
:109F400000006FFFFFFA6545CFFFF700000000003B
:109F50000AFFFF810000000AFFF80000000006551C
:109F6000EE300000000002BF8000000002C1C0000F
:109F70000000000000007D80000000B2B40000007E
:109F80000000000000BE3000003A49000000000060
:109F900000000002BC00000A2B10000000000000BE
:109FA00000000AB40000C3900000000000000000A0
:109FB0000059B000588300000000000000000000BD
:109FC000AC10084FEE700000000000001BED3B8558
:109FD00000B6FFFFF300000000000AFFFFF6800D4F
:109FE0008FFFFFB00000000000CFFFFF9B00CAFF03
:109FF000FFFC00000000000CFFFFFAC03DCFFFFF98
:10A00000C00000000000CFFFFFFC08DFFFFFFC00E6
:10A01000000000000CFFFFFFE4AEFFFFFFC00000E8
:10A02000000000CFFFFFFF88FFFFFFFC00000000E3
:10A03000000CFFFFFFE92DFFFFFFC0000000000044
:10A04000CFFFFFEE703DFFFFFC00000000000CFFA3
:10A05000FFF6C1005FFFFFC00000000000CFFFFF60
:10A06000510002FFFFFC000000000008FFFFF400A9
:10A070000003FFFF60000000000007FFFE0000007B
:10A0800000473000000000000000661000000000E3
:10A090000060000000000000000000000000000060
:10A0A0000B90000000000000000000000000000015
:10A0B000A930000000000000000000000000003790
:10A0C0001BA7300000000000000000000000073067
:10A0D000004E600000000000000000000000A00032
:10A0E000005B10000000000000000000000B0000FA
:10A0F000503900000000000000000000028000064F
:10A10000008BA73000000000000000006400041075
:10A1100000007E00000000000000000A0000600057
:10A120000015480000000000000000B000230000FF
:10A130000600A20000000000000029000600000642
:10A140000002AB7300000000000550014000042035
:10A15000000007E2000000000091005000015000E4
:10A16000000432A0000000000C00050000600000A8
:10A170000520087200000001F205000060000006E2
:10A180001000049B80000056A990003200000600D9
:10A19000000007B2000009200900150000160000A9
:10A1A000004B50000000B0007A780000250000014C
:10A1B000A8000000000A000912900034000007A265
:10A1C000000000000560027009635300004B50005E
:10A1D00000000000FF209000B45A0002A800000018
:10A1E000000000766F970092008648A200000000F1
:10A1F00000003E201FF06500008F400000000000BE
:10A20000000B14500DFA0002A7000000000000002F
:10A210000380026006F608A10000000000000000B4
:10A220007300006201FF3000000000000000000821
:10A23000200000450B10000000000000000000643A
:10A240000000002E3000000000000000000001B0FF
:10A25000000007700000000000000000000004B4CF
:10A26000003A700000000000000000000000017BC8
:10A27000B820000000000000000000000000000006
:10A2800000169A9730000000000158A973000000E2
:10A2900000000002AFFFFFFFD60000001AFFFFFF23
:10A2A000FE600000000005FFFFCABEFFFB00005F6C
:10A2B000FFFCABDFFFB100000005FFE6000003BFBD
:10A2C000FC106FFF7100003AFFC0000002FFC100E8
:10A2D0000000007FFC7FFC2000000006FF900000D3
:10A2E000AFE100000000005FFFFC1000000000086C
:10A2F000FF30002FF60000000000005FFC000000AF
:10A300000000000DF90006FF0000000000000048FA
:10A31000000000000000007FE0009FB0000000008F
:10A320000000000000000000000003FF100AFA0017
:10A330000000000000007A000000000000002FF282
:10A3400000AFA00000000000001FF60000000000A9
:10A350000003FF2007FD00000000000005FFC00013
:10A3600000000000005FF0004FF20000000100005C
:10A37000AFFF2000000000000BFC0000DF90000099
:10A3800004FC000FFFF8000000000002FF60000561
:10A39000F6000001EFF504FFAFD00000000000DF81
:10A3A000D0000000000000CFFFC09FC3FF300000BE
:10A3B0000000CFF4008FFFFFFFFFFFF9FF4EF70D06
:10A3C000FFFFF50000CFF6000AFFFFFFFFFFF90CCB
:10A3D000FEFF206FFFFF8000CFF6000003444444DF
:10A3E0004443004FFFD00045554000CFF600000029
:10A3F000000000002B4000CFF90000000000CFF665
:10A400000000000000000008FF5004FF40000000B2
:10A4100000CFF600000000000000001DFF50089073
:10A4200000000001CFF60000000000000000001D49
:10A43000FF500000000001CFF50000000000000008
:10A440000000001DFF5000000001CFF500000000DB
:10A45000000000000000001DFF50000001CFF500CB
:10A4600000000000000000000000001CFF60000170
:10A47000CFF5000000000000000000000000001CFC
:10A48000FF6001DFF5000000000000000000000098
:10A490000000001CFF61DFF500000000000000006C
:10A4A000000000000000000CFFEFF50000000000BD
:10A4B00000000000000000000000000CFFF500009C
:10A4C0000000000000000000000000000000000C80
:10A4D000F500000000000000000000000000000087
:10A4E000000000000000000000000000000000006C
:10A4F000000000000000000000000020202000FC00
:10A50000000200201D1A02FD790350241F2001FCC7
:10A5100069056026272000FC00002E00330059004A
:10A5200003E600005A00010018A502080000000020
:10A5300004000300149D0208F0A4020820A50208EC
:10A540000000000000000108900200200F3E0108FA
:10A550009D3D0108200004000000000034A5020811
:10A56000000000000000000053610000576500007B
:10A57000546800004D6F00004672000053750000E3
:10A58000547500004A756E65000000004D617263ED
:10A5900068000000417072696C00000044656365EA
:10A5A0006D6265720000000053657074656D6265D0
:10A5B000720000004E6F76656D62657200000000EB
:10A5C0004F63746F62657200417567757374000044
:10A5D0004D6179004A756C79000000004A616E7522
:10A5E00061727900466562727561727900000000DF
:10A5F000323032330A323032320A323032310A32B9
:10A600003032300A323031390A323031380A3230A1
:10A6100031370A323031360A323031350A32303190
:10A62000340A323031330A323031320A3230313189
:10A630000A323031300A323030390A323030380A9A
:10A64000323030370A323030360A323030350A3262
:10A650003030340A323030330A323030320A32305D
:10A6600030310A323030300A313939390A3139392A
:10A67000380A313939370A313939360A31393935F9
:10A680000A313939340A313939330A313939320A20
:10A69000313939310A313939300A313938390A31E9
:10A6A0003938380A313938370A313938360A3139C8
:10A6B00038350A313938340A313938330A313938C2
:10A6C000320A313938310A313938300A31393739BB
:10A6D0000A313937380A313937370A313937360ACA
:10A6E000313937350A313937340A313937330A319C
:10A6F0003937320A313937310A313937300A31398D
:10A7000036390A313936380A313936370A3139366D
:10A71000360A313936350A313936340A3139363369
:10A720000A313936320A313936310A313936300A8E
:10A73000313935390A313935380A313935370A3145
:10A740003935360A313935350A313935340A313936
:10A7500035330A313935320A313935310A31393533
:10A76000300A313934390A313934380A3139343719
:10A770000A313934360A313934350A313934340A38
:10A78000313934330A313934320A313934310A310A
:10A790003934300A313933390A313933380A3139E9
:10A7A00033370A313933360A313933350A313933DF
:10A7B000340A313933330A313933320A31393331DA
:10A7C0000A313933300A313932390A313932380AEB
:10A7D000313932370A313932360A313932350A31B4
:10A7E0003932340A313932330A313932320A3139A5
:10A7F00032310A313932300A313931390A3139319D
:10A80000380A313931370A313931360A313931357F
:10A810000A313931340A313931330A313931320AA6
:10A82000313931310A313931300A313930390A316F
:10A830003930380A313930370A313930360A31394E
:10A8400030350A313930340A313930330A31393050
:10A85000320A31393031000030310A30320A3033B7
:10A860000A30340A30350A30360A30370A30380AAE
:10A8700030390A31300A31310A3132000A00000021
:10A8800042746E310000000042746E32000000001D
:10A8900042746E330000000042746E340000000009
:10A8A00042746E3500000000C8A8020800000020B5
:10A8B0009C0200006008000860A902089C020020B9
:10A8C000047A0100382700084132018210037924FC
:10A8D000F41AAA01D12C040240041280021D400285
:10A8E000272D29E8016C1E7CA5020874041A800437
:10A8F0001A6C041A70041A78041A68041ADC041A10
:10A90000E4041A8C041A94041AD0041A84041AD485
:10A91000041AC8041AA8041AC0041AB4041A9C041D
:10A920001E58A80208F008014845D4C3B2A1021776
:10A930006F1EDDD0010809041E81CF010801041A31
:10A94000950C1AB9081AE1041A808C1A88041A9016
:10A95000041A7C041A98041AA0040A49ECA04100C5
:040000050800018965
:00000001FF
