:020000040800F2
:100000000090012055030008472D00083F2D0008EF
:10001000432D0008471900088D310008000000003A
:100020000000000000000000000000009502000831
:100030004B19000800000000F1020008492D0008DB
:1000400079030008790300087903000879030008A0
:100050007903000879030008790300087903000890
:100060007903000879030008790300087903000880
:100070007903000879030008790300087903000870
:100080007903000879030008790300087903000860
:100090007903000879030008790300087903000850
:1000A0007903000879030008790300087903000840
:1000B0007903000879030008790300087903000830
:1000C0007903000879030008790300087903000820
:1000D000790300087D3100087903000879030008DE
:1000E0007903000879030008790300087903000800
:1000F00079030008790300087903000879030008F0
:1001000079030008790300087903000879030008DF
:100110007903000879030008712D000879030008AD
:1001200079030008790300087903000879030008BF
:1001300079030008790300087903000879030008AF
:10014000790300087903000879030008790300089F
:10015000790300087903000879030008790300088F
:10016000790300087903000879030008790300087F
:1001700079030008790300087903000800000000F3
:10018000790300087903000800F002F800F072F823
:100190000AA090E8000C82448344AAF10107DA45E2
:1001A00001D100F067F8AFF2090EBAE80F0013F0C2
:1001B000010F18BFFB1A43F001031847C078040071
:1001C000E07804000A444FF0000C10F8013B13F0F3
:1001D000070408BF10F8014B1D1108BF10F8015BA0
:1001E000641E05D010F8016B641E01F8016BF9D193
:1001F00013F0080F1EBF10F8014BAD1C0C1B09D1EA
:100200006D1E58BF01F801CBFAD505E014F8016B5B
:1002100001F8016B6D1EF9D59142D6D370470000ED
:100220000023002400250026103A28BF78C1FBD8FF
:10023000520728BF30C148BF0B607047662938F0AD
:100240006083642900F06E81782900F0A78173290A
:1002500000F0BF86002070471FB538F04DFB00F05E
:10026000CFFE04000020002137F0F8FFE0601FBD42
:1002700010B510BD00F07EFF1146FFF7EDFF2FF027
:1002800051FA00F09CFF03B4FFF7F2FF03BC05F046
:10029000CFF800002C4B19680868B0E8F04F80F3E5
:1002A0000988BFF36F8F4FF0000080F3118870470B
:1002B0000000000008480068006880F308884FF0DC
:1002C000000080F3148862B661B6BFF34F8FBFF3AE
:1002D0006F8F00DF00BF00BF08ED00E0DFF80C000B
:1002E000016841F470010160704700BF88ED00E0D3
:1002F000EFF30980BFF36F8F134B1A681EF0100FD6
:1003000008BF20ED108A20E9F04F106009B44FF0CB
:10031000500080F31188BFF34F8FBFF36F8F36F01B
:10032000F1FF4FF0000080F3118809BC19680868DC
:10033000B0E8F04F1EF0100F08BFB0EC108A80F349
:100340000988BFF36F8F7047A0000020EFF305808E
:10035000704700000C48016841F4700101600B48CF
:1003600080470B480047FEE7FEE7FEE7FEE7FEE7B3
:10037000FEE7FEE7FEE7FEE7FEE700000548064968
:10038000044A064B7047000088ED00E05D2D000830
:1003900089010008008001200090012000800120D8
:1003A000704753EA020C00F069802DE9F04B4FF0E2
:1003B0000006002B1FBFB3FA83F503FA05F424FAF5
:1003C00005F65E4012BF1643B2FA82F502FA05F452
:1003D000C5F120051EBF22FA05FC44EA0C042035B5
:1003E00056EA044C4FEA144418BF641C4FF000084E
:1003F0004FF00009904271EB030C39D3002919BF6B
:10040000B1FA81F701FA07F6B0FA80F700FA07F6B9
:10041000C7F120071EBF20FA07FC46EA0C0620376A
:10042000B6FBF4FCA7EB0507103F07F01F0BCBF161
:1004300020060CFA0BFB2CFA06F644BFB346002646
:10044000202FA4BF5E464FF0000B5BEA060C08BFEE
:100450004FF0010B19EB0B09ABFB027C48EB0608D4
:10046000C01B06FB02CC0BFB03CC71EB0C01C1E7FC
:100470000B46024641464846BDE8F08B13B54FF0A7
:1004800000004FF00001AFF30080BDE81C40704752
:100490000FB4044910B503AA029800F09FFD10BCE8
:1004A0005DF814FB140000200FB41CB5074B06AA1E
:1004B0007B4469460090059800F061FD0020694684
:1004C00000F070FD1CBC5DF814FB0000F10A000098
:1004D00070B50C460546012A05D02878800600D55F
:1004E000EA69002302E0012305E05B1C934202D28B
:1004F000E05C0028F9D1A869E618C01AA861286A4A
:10050000184428622846AFF3008004E0D5E90121B1
:1005100014F8010B9047B442F8D32846AFF300809B
:1005200070BD00002DE9F0410646002410687529D1
:10053000314616A510D0AFF30080002802DA404201
:1005400013A507E031688A0701D512A502E0490723
:1005500004D511A5012401E0AFF3008000210A2297
:1005600006F1240709E0B0FBF2FCB0FBF2F302FB5A
:100570001C00303078541846491C0028F3D123461B
:100580002A463046BDE8F04100F08DBA0000000078
:100590002D0000002B0000002000000070B5044674
:1005A0000D4621461068AFF300802188090502D569
:1005B0000F4A7A4402E00E4A7A440E32002104F1D6
:1005C000240305E000F00F060009965D5E54491C07
:1005D0000028F7D120780023000704D5702D02D021
:1005E00009B1022311322046BDE8704000F05BBA29
:1005F0003A6E04002DE9F05F894604464FF0000A88
:10060000DFF874B1FB44C0F820A02046E1688847B9
:10061000002874D0252806D0D4E901219047206A0B
:10062000401C2062F1E700265F462046E1688847CB
:100630002028054607DB312D05D2781910F8200C4B
:1006400008B10643F1E7B00701D526F00406C4F867
:100650001CA00027C4F818A02A2D09D0284602F0B3
:10066000E9FD38B304EB8708303DC8F8185019E0AD
:1006700059F8041B204604EB87029161E168884722
:10068000012F054618D1E069002820DA26F020065F
:100690001DE0D8F8180000EB800005EB4000303872
:1006A000C8F818002046E1688847054602F0C2FDF8
:1006B0000028EED1012F0AD02E2D08D12046E16866
:1006C00088477F1C0546022F46F02006C4DBA06940
:1006D000002803DA404246F00106A061F00701D08D
:1006E00026F010066C2D0BD0682D09D04C2D39D07A
:1006F0006A2D35D0742D35D07A2D33D016E038E000
:10070000E1682F4620468847B842054609D16C2F3C
:1007100026D04FF48060E1680643204688470546AE
:1007200004E06C2F1AD04FF4807006430DB3A5F18E
:100730004100192802D8203546F400664A46294669
:10074000204626604E46FFF779FD80B101280BD088
:10075000F61D26F0070000F1080956E74020E4E7FF
:100760008020D8E70020D6E706F104094DE72846A7
:1007700052E7206ABDE8F09F106E040040EA0103D2
:10078000024630B59B0710D14FF0013400E008C29B
:1007900008C91D1B9D4315EAC41FF8D013F0FF01C3
:1007A00002F8011B0DD01B0AF8E711F8013B002BE2
:1007B00002F8013B05D011F8013B002B02F8013B88
:1007C000F3D130BD10B5431C02E010F8011B71B12C
:1007D0008107FAD14FF0013202C88C1A8C4314EA17
:1007E000C211F9D0C01A0A0603D0C01E10BDC01A2B
:1007F00010BD0A0401D0801E10BD0902FCD0401EAD
:1008000010BD032A40F2308010F0030C00F0158078
:1008100011F8013BBCF1020F624498BF11F801CB03
:1008200000F8013B38BF11F8013BA2F1040298BF68
:1008300000F801CB38BF00F8013B11F0030300F0D2
:100840002580083AC0F0088051F8043B083A51F876
:1008500004CBA0E80810F5E7121D5CBF51F8043B7B
:1008600040F8043BAFF30080D20724BF11F8013BEE
:1008700011F801CB48BF11F8012B24BF00F8013B50
:1008800000F801CB48BF00F8012B704710B5203AA3
:10089000C0F00B80B1E81850203AA0E81850B1E839
:1008A0001850A0E81850BFF4F5AF5FEA027C24BFEF
:1008B000B1E81850A0E8185044BF18C918C0BDE8E6
:1008C00010405FEA827C24BF51F8043B40F8043BAF
:1008D00008BF7047D20728BF31F8023B48BF11F864
:1008E000012B28BF20F8023B48BF00F8012B7047BE
:1008F00002F0FF0343EA032242EA024200F002B898
:100900004FF000020429C0F0128010F0030C00F038
:100910001B80CCF1040CBCF1020F18BF00F8012BB6
:10092000A8BF20F8022BA1EB0C0100F00DB85FEA84
:10093000C17C24BF00F8012B00F8012B48BF00F850
:10094000012B70474FF0000200B5134694469646BF
:10095000203922BFA0E80C50A0E80C50B1F12001D2
:10096000BFF4F7AF090728BFA0E80C5048BF0CC080
:100970005DF804EB890028BF40F8042B08BF7047DE
:1009800048BF20F8022B11F0804F18BF00F8012B50
:10099000704700004FF0013C50F8042B51F8043B25
:1009A0009A4221D1A2EB0C03934313EACC1317D143
:1009B00050F8042B51F8043B9A4215D1A2EB0C03DA
:1009C000934313EACC130BD150F8042B51F8043B9A
:1009D0009A4209D1A2EB0C03934313EACC13DBD068
:1009E0004FF00000704700BFD01A01BAB1FA81F190
:1009F00001F0180122FA01F0CB40C1F12001DBB275
:100A0000C0B2C01A2CFA01F3D11A914311EAC311F2
:100A1000E6D17047704770477047704730B5B0F106
:100A20000A024FEA900E71F100034EEA817EB0EBAC
:100A30000E0061EB91014FEA101E4EEA017E10EBB1
:100A40000E0041EB11114FEA102E4EEA016E10EB31
:100A50000E0041EB11214FEA104E4EEA014E10EB11
:100A60000E0041EB1141401841F100014FEAD00066
:100A700040EA41704FEAD10110EB80054FEA810452
:100A800044EA907444EB01046D1944EB0404521BD6
:100A9000A3414FF0000348BF0A3200D530BD401CCF
:100AA00041F1000130BD2DE9F0470D4699469246CF
:100AB000044600F124080168880604D5E06921F0A5
:100AC0001001216000E00120A84201DD471B00E089
:100AD0000027A1697A1902EB0900081AA0612078A1
:100AE000C00602D42046AFF30080002608E0D4E917
:100AF00001211AF806009047206A401C761C2062EB
:100B00004E45F4DB2078C0060AD52046AFF30080BE
:100B100006E0D4E9012130209047206A401C206281
:100B2000381EA7F10107F4DC07E0D4E9012118F829
:100B300005009047206A401C2062281EA5F101058F
:100B4000F3DC2046AFF300802078000602D50220B7
:100B5000BDE8F0870120FBE770472DE9FF4F0C4609
:100B60001E464FF0FF378BB0D2E90001DDF8608000
:100B70000A908A46C1F30A5505B93D460021084648
:100B80004FF00000BAF1000F00F4400005DA00EB6E
:100B900080004FF4400101EA50004FEA9059B9F14A
:100BA000010F00DDB9460A9850EA4A000ED044F61B
:100BB0001050A5F2FF3545432F14B8F1000F1ED099
:100BC0007542291E1EDDC9F100021CE0B8F1010FBB
:100BD0004FF0000001D0302103E0F24305E0215442
:100BE000401CB042FBDB30460022002121540B990F
:100BF000C1F80880C1E900200FB0BDE8F08FBD1B2F
:100C00006D1CDEE74A4600DA694206A800F03CFAAD
:100C100006AB93E8070003AB83E8070050460A9948
:100C200000F0D6FA8DE80700A0F500501F380090BC
:100C30000398002D09DD42F21F014A46084403A92A
:100C40000390684600F035FD08E0A0F500504A46E4
:100C50001F3803A90390684600F03FFD8DE80700A8
:100C60000004000C03D04FF0FF30410800E01046B4
:100C7000B8F1000F03D00022009215461EE0751E49
:100C800005D4FFF7CBFE303262556D1EF9D5B34661
:100C90000122084302D000227F1C04E02078302883
:100CA00001D100227F1E002A099786D01DE0112D58
:100CB00007DAFFF7B3FE303262556D1C50EA0102CD
:100CC000F5D1084302D00098C8B10EE00021681E9B
:100CD00005E0235C625C63542254401E491C81423F
:100CE000F7DBAB46A81B401E0990002004F80B0060
:100CF0000B98099AC0F80880C0E9002B7CE7112600
:100D00004FF0000859E72DE9F04F88460446D21D00
:100D100022F0070191B0D1E90001CDE90A0102F00A
:100D200037FA02460B98C00F01D02D2007E020684B
:100D3000810701D52B2002E0202101EAC000032A0F
:100D4000099001D0072A05DB03464146204600F002
:100D50005BF90BE12078800601D5E06900E0062010
:100D6000B8F1650F814606D0B8F1660F18D0B8F11A
:100D7000670F70D131E00020B9F1110F009001DB55
:100D8000112301E009F101030AAA01A90CA8FFF748
:100D9000E4FEDDE90C70002609F10105834647E019
:100DA00001204B4600904FF000470AAA01A90CA869
:100DB000FFF7D3FEDDE90DB00C995D46002610B9B2
:100DC00009F101000D18B9EB050003D4C0F1FF369D
:100DD00009F10105A5EB09002BE0B9F1010F01DADA
:100DE0004FF001090020B9F1110F0090484601DDD4
:100DF000112300E003460AAA01A90CA8FFF7ADFEE3
:100E0000DDE90C704D4600268346207800070AD4A1
:100E1000AB4500DA5D4601A8012D04DD411911F84A
:100E2000011C302907D04F4502DA17F1040F04DA0C
:100E3000012082460FE06D1EEEE7002F02DCED1B65
:100E40003E4403E0781CA84200DD7D1CB81B00F185
:100E5000010A4FF000472078000703D4AA4501DBC0
:100E60004FF0FF3A0021B7F1004F0DF143088DF824
:100E7000431024D002202B23002F01DA7F422D23A0
:100E80000A21021EA0F1010000DC5FB197FBF1FC1A
:100E900097FBF1F201FB1C7C17460CF1300C08F8B3
:100EA00001CDEEE7A8F1010003702188090501D505
:100EB000452100E06521A0F1010800F8011C099816
:100EC0000FA9A1EB0807FF1D00B10120411901EB9B
:100ED000EA70A1693844081A401EA0612078C00653
:100EE00002D42046AFF30080099828B1D4E901214B
:100EF0009047206A401C20622078C00622D52046F8
:100F0000AFF300801EE0002E04DBB34502DD01A834
:100F1000805D00E03020D4E901219047206A401C28
:100F20002062761CAAF101005FEA000A0AD100F0F3
:100F300067F8C0680168405CD4E901219047206AE5
:100F4000401C2062281EA5F10105DCDC07E0D4E985
:100F5000012118F8010B9047206A401C2062381EBE
:100F6000A7F10107F3DC2046AFF30080032011B0A6
:100F700043E6000001694A1C02610878704700B529
:100F80008FB0CDE901310021059105497944CDE9C2
:100F9000031011466846FFF72DFB0FB000BD00009F
:100FA000E5FFFFFF0A6802F8010B0A60704710B501
:100FB000436913B1AFF3008001E0FFF789FA012024
:100FC00010BD127800F124010A7000224A7001223B
:100FD000EDE711684FF0FF32E9E70000074B70B50D
:100FE0000D467B44FFF7CBFF0446284600F0BAF8D5
:100FF00010B14FF0FF3070BD204670BDFB090100FD
:1010000000487047BC7F01202DE9F0411F4604468F
:1010100003260168072A01F4006004DB08B116A565
:1010200005E016A503E008B115A500E015A521F01F
:1010300010002060A069C01EA0610FB1401EA06119
:101040002046AFF300804FB1D4E9012138469047E4
:10105000206A401C2062C01C206206E0206AFAE779
:10106000D4E9012115F8010B9047761EF8D22046ED
:10107000AFF30080BDE8F0814E414E006E616E001E
:10108000494E4600696E66002DE9F04781461646D6
:101090008AB0334878440DC88DE80D003048784454
:1010A000801C03AC0DC884E80D0041F69B30084459
:1010B000372190FBF1F290FBF1F5A5F1800501FBE2
:1010C00012041B3C02D56442012000E00020DFF83E
:1010D00090A080460027FA44AAF1BE0A0DE0E0077E
:1010E00009D03246684607EB47010AEB810100F060
:1010F000F4FA8DE8070064107F1C002CEFD1184F24
:101100007F44AC3F18E0E80714D007EB04100DF162
:10111000180A90E80E008AE80E00C068F04201D17B
:1011200098190890324606A903A800F0D6FA03AB36
:1011300083E807006D10641C002DE4D13246694637
:10114000B8F1000F03A802D000F0B3FA01E000F0FC
:10115000C4FAC9E90001C9F808200AB0BDE8F0875F
:1011600010640400007B00F0800070470048704766
:101170009C7F01207546FFF7F9FFAE4605006946E2
:10118000534620F00700854618B020B5FFF7F6F863
:10119000BDE820404FF000064FF000074FF0000878
:1011A0004FF0000B21F00701AC46ACE8C009ACE8F9
:1011B000C009ACE8C009ACE8C0098D46704710B55D
:1011C0000446AFF300802046BDE81040FFF75BB84F
:1011D0005FEA400C08BF91F0000F4FEA8C234FEA02
:1011E000C12243EA51514FEA1C5018BF00F5F040AC
:1011F0004FEA300018BF41F000415FEA6C5C00F03C
:101200002980BCF1FF3F08BF40F080407047130CBD
:1012100006BF12044FF0100C4FF0000C130E04BF69
:1012200012020CF1080C130F04BF12010CF1040C94
:10123000930F04BF92000CF1020CD30F04BF5200B5
:101240000CF1010C11464FF00002A0F11F00A0EBC1
:101250000C00704711F0004F08BF704731F000419B
:101260003FF4D5AF0B0C06BF09044FF0100C4FF044
:10127000000C0B0E04BF09020CF1080C0B0F04BF8D
:1012800009010CF1040C8B0F04BF89000CF1020C56
:10129000CB0F04BF49000CF1010CCCF12003A0EBF3
:1012A0000C0022FA03F302FA0CF241EA030100F106
:1012B0000100704720F07F4C80EA030023F07F4755
:1012C000ACEB070303F57C5300F0004003F1FF0390
:1012D0002DE980494FEA154B09B44FEA144325EA3A
:1012E0000B4E24EA03480FF2042606EB13274908A5
:1012F0003E785FEA320203FB0667C7F5000707FB8B
:1013000006F64FEA54374FEAD64606F1020607FBC7
:10131000066CCCF1005C4FEA1C472CEA074C07FB3B
:1013200006F40CFB06F504EB15464FEA961634BF9F
:1013300000204FF000404FEAD13706FB07FC4FEA90
:101340001C4C0CFB0BF7D21B03FB0CF761EB0701EA
:101350000CFB0EF7B0EB074072EB17420CFB08F7E3
:1013600034BFA2EB0742B2EB074261EB17414FEAF1
:101370000C444FEA910706FB07FC4FEA1C4C0CFBA0
:101380000BF7B0EBC74072EB573203FB0CF734BFDF
:10139000A2EBC742B2EBC74261EB57310CFB0EF731
:1013A000B0EBC70072EB57720CFB08F734BFA2EB2F
:1013B000C702B2EBC70261EB5771039F4FEA81612D
:1013C00041EA921104EBCC044FEAD1374FEA826232
:1013D00006FB07FC42EA90124FEA80604FEA1C4C81
:1013E0000CFB0BF7D21B03FB0CF761EB07010CFBAB
:1013F0000EF7B0EB074072EB17420CFB08F734BF57
:10140000A2EB0742B2EB074261EB17414FEA8C5562
:101410004FEA910704EB9C2406FB07FC4FEA1C4CA7
:101420000CFB0BF7B0EBC74072EB573203FB0CF72A
:1014300034BFA2EBC742B2EBC74261EB57310CFBA2
:101440000EF7B0EBC70072EB57720CFB08F734BF16
:10145000A2EBC702B2EBC70261EB577115EB4C254B
:101460004FEA816141EA92114FEA82624FEAD13735
:1014700042EA901206FB07FC44F100044FEA806048
:101480004FEA1C4C0CFB0BF7D21B03FB0CF761EB78
:1014900007010CFB0EF7B0EB074072EB17420CFB99
:1014A00008F734BFA2EB0742B2EB074261EB1741EA
:1014B00015EB1C154FEA813141EA92414FEA823225
:1014C00042EA90424FEA80304FEA0C7644F1000441
:1014D00048EA03434EEA0B484FF0000EB2EB080C0B
:1014E00071EB030724BF624639464EEB0E0E4FF0F8
:1014F000000B0018524149414BEB0B0BB2EB080CAF
:1015000071EB03077BF1000B24BF624639464EEBBB
:101510000E0E4FF0000B0018524149414BEB0B0BE4
:10152000B2EB080C71EB03077BF1000B24BF6246A2
:1015300039464EEB0E0E51EA020718BF46F001067F
:1015400016EB0E7655F1000254F1000103D5BDE80B
:101550008901BDE80088BDE88901BDE80048B619E9
:10156000524141EB0101A3F10103704780807F7E6E
:101570007D7C7B7A79787776767574737271717009
:101580006F6E6E6D6C6C6B6A6A69686867666665BB
:101590006464636362616160605F5F5E5E5D5D5C49
:1015A0005C5B5B5A5A5959585857575656555555BA
:1015B0005454535352525251515050504F4F4F4E1A
:1015C0004E4D4D4D4C4C4C4B4B4B4A4A4A49494968
:1015D00048484847474747464646454545444444AA
:1015E000444343434342424242414141002B26D4BB
:1015F000770021D01CB54FEA370703B44FF0100035
:101600004FF010014FF000000FBCBDE810400BF18F
:10161000010BBBF1010F08BF5FEA170722BF12F1F0
:10162000010211F101014FF0004143F1000300F00C
:10163000004043EA00007047F9D35708DAE746EA6A
:10164000064613F1400F4FEA16461FDD13F1200F37
:10165000DFBF16430A46002120335B42C8D0C3F1E6
:10166000200746EA064602FA07F74FEA164646EA18
:101670000706C3F1200722FA03F201FA07F721FA5D
:1016800003F14FF0000342EA0702B1E746EA02061F
:1016900046EA06464FEA164646EA0106BCBF46EA57
:1016A0000646360C4FF000034FF000024FF00001E9
:1016B0009EE72DE9C048934630B491E8380007C84A
:1016C00031EA400C48BF34EA430C03D5FFF7F2FD82
:1016D000FFF78CFFF0BCBDE800882DE9C0489346B9
:1016E00030B491E8380007C810F0804F08BF13F0FD
:1016F000804F03D100F005F8FFF778FFF0BCBDE89C
:10170000008820F07F4780EA030023F07F4C07EB3E
:101710000C03A3F57C5300F00040A3F1FE0392F00C
:10172000000F00F0B38095F0000F00F077802DE9F6
:1017300001494FEA11404FEA144621EA004800FBF4
:1017400006FC24EA064708FB06F607FB08F800FB40
:1017500007F718EB06484CEB164C4FEA124B18EB08
:1017600007484FEA15464CEB174022EA0B4E0BFB9D
:1017700006FC25EA06470EFB06F607FB0EFE0BFBF2
:1017800007F71EEB064E4CEB164C4FF000061EEB17
:10179000074E4CEB174B18EB0B0840F1000018EB11
:1017A0000E0B58EB000840F100008F1A4FF00001BB
:1017B0003CBFC943661B14BFB5EB040C00213CBF02
:1017C000C943F61B4FEA17444EEA8E0E27EA04453A
:1017D0004FEA1C4704FB07622CEA074C05FB07F79E
:1017E0000CFB05F604FB0CFC16EB074642EB17421C
:1017F00016EB0C4642EB1C421BEB060658EB0202B2
:10180000414146EA9E0601D5BDE80189B61952411B
:1018100041EB0101A3F10103BDE801894FEA144541
:101820004FEA114724EA054621EA074C05FB07F475
:1018300006FB07F70CFB06F105FB0CFC11EB07415F
:1018400044EB17444FEA124711EB0C4144EB1C44A4
:1018500022EA074C05FB07F206FB07F70CFB06F62E
:1018600005FB0CFC16EB074642EB174216EB0C4649
:1018700042EB1C456A1854F1000148BF7047B61985
:10188000524141EB0101A3F10103704795F0000FB4
:1018900037D04FEA11424FEA144721EA024624EAC0
:1018A000074C02FB07F106FB07F70CFB06F402FBF3
:1018B0000CFC14EB074441EB17414FEA154714EBBE
:1018C0000C4441EB1C4125EA074C02FB07F506FBE3
:1018D00007F70CFB06F602FB0CFC16EB074645EB84
:1018E000174516EB0C4645EB1C42121951F100014D
:1018F00048BF7047B619524141EB0101A3F1010302
:1019000070474FEA14454FEA114724EA054621EA99
:10191000074C05FB07F106FB07F70CFB06F24FF03F
:10192000000605FB0CFC12EB074241EB174112EBE2
:101930000C4251EB1C4148BF7047921841EB01012A
:10194000A3F10103704700BFFEE7704770B504467E
:101950001D460023B5F5804F13D154F822300C48B2
:101960000340D1E9000640EA06108E6840EA0620EE
:101970008E8940EA06408E693043034344F82230A2
:1019800003E06FF0704044F82200002070BD0000BA
:101990000000F0CF10B503460022086853F820205D
:1019A00012480240D1E901042043CC6820430C696D
:1019B00020434C6920438C692043CC6920430C6A46
:1019C00020434C6A20438C6A2043CC6A2043CC6B72
:1019D00020430C6B204302438868082801D142F061
:1019E0004002086843F82020002010BD8000F0FF6E
:1019F00030B503460024501C53F8204004F0404406
:101A0000D1E9000540EA05108D6840EA05208D897E
:101A100040EA0545088A401E45EA0055087D801EBB
:101A200045EA00608D6928430443501C43F8204078
:101A3000002030BD70B50446A56D00F085F906465E
:101A400094F83500022808D08020606500BF00208F
:101A500084F8340000BF012070BD2068006820F0C9
:101A60001600216808602068406920F08000216825
:101A70004861206C08B9A06C28B12068006820F08B
:101A80000800216808602068006820F001002168D3
:101A900008600FE000F058F9801B05280AD92020C3
:101AA000606500BF002084F8340000BF032084F884
:101AB0003500D1E72068006800F001000028E9D176
:101AC00094F85C103F208840A86000BF002084F894
:101AD000340000BF012084F835000020BCE7014637
:101AE00091F83500022803D0802048650120704716
:101AF000052081F835000868006820F001000A68B8
:101B000010600020F3E70000F8B502460B46002500
:101B1000002400200021DEE0012606FA01F51E68FF
:101B200006EA0504AC4275D11E7906F00306012EC3
:101B300004D01E7906F00306022E13D190684F00E0
:101B40000326BE40B0434F00DE68BE403043906085
:101B5000506801268E40B0431E79C6F300168E40B1
:101B6000304350601E7906F00306032E09D0D0687A
:101B70004F000326BE40B0434F009E68BE40304336
:101B8000D0601E7906F00306022E13D1CF0802F1B1
:101B9000200656F827004E07F70E0F26BE40B0432A
:101BA0004F07FF0E1E69BE403043CF0802F12006EA
:101BB00046F8270010684F000326BE40B0431E7948
:101BC00006F003064F00BE40304310605E6806F02A
:101BD0008056B6F1805F7DD100BF00260096404E52
:101BE000366846F480463E4F3E603E46366806F410
:101BF0008046009600BF00BF3A4E8F0856F8270077
:101C00008E07370F0F26BE40B043374EB24202D187
:101C1000002624E05EE0354EB24201D101261EE0EE
:101C2000334EB24201D1022619E0324EB24201D106
:101C3000032614E0304EB24201D104260FE02F4EAD
:101C4000B24201D105260AE02D4EB24201D106264C
:101C500005E02C4EB24201D1072600E008268F078E
:101C60003F0FBE4030431F4E8F0846F82700264ED8
:101C70003068A0435E6806F48036B6F5803F00D138
:101C80002043214E3060361D3068A0435E6806F464
:101C90000036B6F5003F00D120431B4E361D3060A4
:101CA000361D3068A0435E6806F48016B6F5801FC6
:101CB00000D12043144E08363060361D3068A043F2
:101CC0005E6806F40016B6F5001F00D120430E4EE4
:101CD0000C363060491C1029FFF41EAFF8BD00001F
:101CE000443802400838014000000240000402402D
:101CF00000080240000C02400010024000140240A4
:101D000000180240001C0240003C014002461369DA
:101D10000B400BB1012000E00020704710B5426974
:101D200021EA020302EA010443EA0443836110BD8D
:101D30000AB1816101E00B048361704701480068CA
:101D4000000C7047002004E0014800687047000064
:101D50001C00002003480068034909780844014931
:101D6000086070471C0000202400002010B50A48BD
:101D7000006840F40070084908600846006840F4B4
:101D800080600860032000F07FF80F2000F006F864
:101D900000F02AF8002010BD003C024070B5044657
:101DA0000E4800784FF47A71B1FBF0F00C490968E5
:101DB000B1FBF0F5284600F09BFC08B1012070BD96
:101DC000102C07D200222146501E00F01EF80548B4
:101DD000046001E00120F2E70020F0E72400002089
:101DE000000000202000002070470146084600281F
:101DF00009DB00F01F0301229A4043099B0003F115
:101E0000E023C3F8002100BF70472DE9F05F804652
:101E10000D461646002701F0D3F9074639462A46F3
:101E2000334601F00700C0F1070ABAF1040F02D9E6
:101E30004FF0040A01E0C0F1070AD14600F1040A9C
:101E4000BAF1070F02D24FF0000A01E0A0F1030A35
:101E5000D4464FF0010A0AFA09FAAAF1010A0AEA7D
:101E6000020A0AFA0CFA4FF0010B0BFA0CFBABF169
:101E7000010B0BEA030B4AEA0B042146404601F032
:101E8000A7F9BDE8F09F000000BF00F00702064B75
:101E900019684FF6FF031940044B0B4343EA022134
:101EA000014B196000BF70470CED00E00000FA051F
:101EB00070B504460D460CB9012070BD5848006845
:101EC00000F00700A84209D255490D700846006885
:101ED00000F00700A84201D00120EEE7207800F0D2
:101EE000020002281DD1207800F00400042805D14A
:101EF0004C48006840F4E0504A490860207800F0FF
:101F00000800082805D14748006840F4604045496A
:101F100008604448006820F0F000A1680843414987
:101F20000860207800F00100A8B36068012807D19C
:101F30003C4808380068C0F34040B8B90120BCE70D
:101F40006068022802D06068032807D13548083845
:101F50000068C0F3406048B90120AEE73148083856
:101F60000068C0F3400008B90120A6E72D480068CA
:101F700020F00300616808432A490860FFF7E4FE87
:101F8000064609E0FFF7E0FE801B41F288318842F7
:101F900002D9032091E707E02248006800F00C0016
:101FA0006168B0EB810FEDD11D48006800F00700BB
:101FB000A84209D91A490D700846006800F00700C8
:101FC000A84201D0012078E7207800F0040004281E
:101FD00007D11448006820F4E050E1680843114933
:101FE0000860207800F00800082808D10D48006833
:101FF00020F46040216940EAC1000A49086000F00D
:102000003FF808490968C1F30311074A515CC84009
:102010000649086006480068FFF7C0FE00204CE74C
:10202000003C0240083802400689030800000020F6
:1020300020000020014800687047000000000020D8
:1020400000B5FFF7F7FF04490968C1F38221034A8D
:10205000515CC84000BD00000838024016890308E2
:1020600000B5FFF7E7FF04490968C1F34231034AAD
:10207000515CC84000BD00000838024016890308C2
:102080002DE9F047002400250026A14625480068D8
:1020900000F00C0020B1042805D008283AD105E052
:1020A000DFF8849039E0DFF8849036E01D48001FA7
:1020B000006800F03F041B48001F006800F4800027
:1020C00078B11A481749091F0968C1F38811A0FBA4
:1020D00001700146224600233846FEF762F90546A4
:1020E0000EE011480F49091F0968C1F38811A0FBD0
:1020F00001700146224600233846FEF752F9054694
:102100000848001F0068C0F30140401C4600B5FBB2
:10211000F6F902E0DFF8109000BF00BF4846BDE8C6
:10212000F0870000083802400024F40000127A0012
:10213000F8B504460CB90120F8BD207800F0010084
:10214000002874D0F948006800F00C0004280DD075
:10215000F648006800F00C00082813D1F348001F6F
:10216000006800F48000B0F5800F0BD1EF4808380C
:102170000068C0F34040002859D06068002856D15C
:102180000120D9E700BF6068B0F5803F08D1E7487B
:102190000838006840F48030E449083908601EE0DF
:1021A0006068B0F5A02F0DD1E0480838006840F411
:1021B0008020DE49083908600846006840F4803015
:1021C00008600CE0D9480838006820F48030D7490E
:1021D000083908600846006820F48020086000BFC5
:1021E000606890B1FFF7B0FD054606E0FFF7ACFD73
:1021F000401B642801D903209EE7CC4808380068BA
:10220000C0F340400028F1D011E0FFF79DFD0546E6
:1022100006E0FFF799FD401B642801D903208BE7F6
:10222000C24808380068C0F340400028F1D1207847
:1022300000F0020002285FD1BC48006800F00C00EA
:1022400058B1BA48006800F00C0008281CD1B74803
:10225000001F006800F48000B0B9B4480838006876
:10226000C0F3400020B1E068012801D0012063E7FD
:10227000AE480838006820F0F800216940EAC10043
:10228000AA490839086037E0E06800B30120A8498E
:102290000860FFF759FD054606E0FFF755FD401BB6
:1022A000022801D9032047E7A04808380068C0F396
:1022B00040000028F1D09D480838006820F0F80060
:1022C000216940EAC10099490839086014E00020FA
:1022D00097490860FFF738FD054606E0FFF734FD33
:1022E000401B022801D9032026E7904808380068DF
:1022F000C0F340000028F1D1207800F00800082841
:102300002CD16069A8B101208A490860FFF71CFD43
:10231000054606E0FFF718FD401B022801D90320FF
:102320000AE782486C300068C0F340000028F1D012
:1023300014E000207F490860FFF706FD054606E02F
:10234000FFF702FD401B022801D90320F4E677487D
:102350006C300068C0F340000028F1D1207800F014
:102360000400042870D1002770483830006800F05D
:10237000805090B900BF002000906C483830006851
:1023800040F080506949383108600846006800F024
:102390008050009000BF00BF01276748006800F42C
:1023A0008070B0B96448006840F480706249086089
:1023B000FFF7CAFC054606E0FFF7C6FC401B0228F3
:1023C00001D90320B8E65C48006800F4807000285A
:1023D000F2D000BFA068012808D1544868300068D6
:1023E00040F001005149683108601DE0A0680528EF
:1023F0000DD14E486830006840F004004B49683108
:1024000008600846006840F0010008600CE047489A
:102410006830006820F001004449683108600846CF
:10242000006820F00400086000BFA068A8B1FFF7B2
:102430008BFC054609E0FFF787FC401B41F2883121
:10244000884202D9032077E626E0384868300068E1
:10245000C0F340000028EED013E0FFF775FC0546FE
:1024600008E0FFF771FC401B41F28831884201D936
:10247000032061E62D4868300068C0F34000002862
:10248000EFD1012F07D129483830006820F0805063
:1024900026493831086000BFA069002845D023488C
:1024A000006800F00C0008285DD0A069022845D122
:1024B00000201F490866FFF747FC054606E0FFF7C6
:1024C00043FC401B022801D9032035E61748083891
:1024D0000068C0F340600028F1D1D4E90701084347
:1024E000616A40EA81110122A06AC2EB500041EA10
:1024F00000412C20005D41EA00600C49091F086082
:1025000001200B490866FFF71FFC054606E0FFF7B0
:102510001BFC401B022801D903200DE603480838A4
:102520000068C0F340600028F1D049E0083802405C
:1025300000004742800E47420070004000202149C1
:102540000866FFF701FC054606E0FFF7FDFB401BB0
:10255000022801D90320EFE51B480068C0F3406062
:102560000028F2D12CE0A069012800D1E4E516484A
:10257000001D0668A069012820D006F48001E069EA
:1025800081421BD106F03F01206A814216D147F6F5
:10259000C0703040616AB0EB811F0FD106F440314A
:1025A0000122A06AC2EB5000B1EB004F06D106F049
:1025B00070612C20005DB1EB006F01D00120BBE504
:1025C0000020B9E5000047420038024070B50446DB
:1025D0000E4615460CB9012070BD94F8490028B983
:1025E000002084F84800204600F01CF804F108019F
:1025F0002068FFF7CFF93146A2682068FFF7F8F9A5
:102600002946236BD4E90102FFF7A0F9A1682068ED
:1026100050F8210040F00100A268216841F8220032
:102620000020D9E710B586B0044600BF0020009016
:102630002248006840F00100204908600846006810
:1026400000F00100009000BF00BF00BF002000901C
:102650001A480838006840F008001849083908602E
:102660000846006800F00800009000BF00BF00BFEF
:10267000002000900846006840F0100008600846FE
:10268000006800F01000009000BF00BF4CF2037023
:1026900001900220029001200390022004900C205F
:1026A000059001A90648FFF72FFA4FF680700190B8
:1026B00001A90448FFF728FA06B010BD38380240D7
:1026C000000C024000100240042808D14FF0E02125
:1026D000096941F004014FF0E022116107E04FF079
:1026E000E021096921F004014FF0E02211617047F7
:1026F00070B504462546681EB0F1807F01D30120E5
:102700000FE0681E4FF0E02148610F214FF0FF30CD
:1027100000F05EFD00204FF0E02188610720086195
:10272000002070BD70477047704710B504462068A0
:102730000069C0F34000D8B12068C068C0F3400011
:10274000B0B16FF002002168086101202077206895
:10275000806900F0030018B12046FFF7E5FF05E0AF
:10276000204600F0ADF8204600F0ABF800202077BE
:1027700020680069C0F38000D8B12068C068C0F349
:102780008000B0B16FF0040021680861022020775A
:102790002068806900F4407018B12046FFF7C4FF3C
:1027A00005E0204600F08CF8204600F08AF8002072
:1027B000207720680069C0F3C000D8B12068C068E5
:1027C000C0F3C000B0B16FF00800216808610420B8
:1027D00020772068C06900F0030018B12046FFF799
:1027E000A3FF05E0204600F06BF8204600F069F8F2
:1027F0000020207720680069C0F30010D8B120685D
:10280000C068C0F30010B0B16FF01000216808611B
:10281000082020772068C06900F4407018B1204675
:10282000FFF782FF05E0204600F04AF8204600F05E
:1028300048F8002020772068006900F0010058B1B6
:102840002068C06800F0010030B16FF0010021681D
:102850000861204600F036F820680069C0F3C01017
:1028600058B12068C068C0F3C01030B16FF080006C
:10287000216808612046FFF755FF20680069C0F312
:10288000801058B12068C068C0F3801030B16FF07C
:10289000400021680861204600F015F820680069B2
:1028A000C0F3401058B12068C068C0F3401030B188
:1028B0006FF02000216808612046FFF734FF10BD4B
:1028C0007047704770477047704770472DE9F84F61
:1028D0000446206805682068C668206847694FF08C
:1028E0000009CA4605F00F09B9F1000F0AD105F039
:1028F000200038B106F0200020B1204600F075FA23
:10290000BDE8F88FB9F1000F72D007F0010018B9D7
:1029100006F4907000286BD005F0010030B106F489
:10292000807018B1206C40F00100206405F00400B4
:1029300030B107F0010018B1206C40F002002064B3
:1029400005F0020030B107F0010018B1206C40F032
:102950000400206405F0080048B106F0200010B91A
:1029600007F0010018B1206C40F008002064206CD2
:1029700070B305F0200028B106F0200010B1204609
:1029800000F033FA20684069C0F3801A206C00F030
:10299000080010B9BAF1000F23D0204600F0FAF970
:1029A0002068406900F04000402816D12068406946
:1029B00020F0400021684861A06B50B15648A16BDF
:1029C0000865A06BFFF78BF810B1A06B016D88470D
:1029D0000CE02046FFF779FF08E02046FFF775FF7F
:1029E00004E02046FFF771FF0020206488E7FFE73E
:1029F000206B012879D105F01000002875D006F071
:102A00001000002871D000BF0020009020680068EE
:102A1000009020684068009000BF00BF20684069B7
:102A200000F04000402839D1A06B006840681FFAD0
:102A300080F8B8F1000F30D0A08D40452DDDA4F80E
:102A40002E80A06BC069B0F5807F1FD02068C06861
:102A500020F480702168C8602068406920F001007F
:102A6000216848612068406920F040002168486181
:102A7000202084F83E00002020632068C06820F0F9
:102A800010002168C860A06BFEF7D4FFA08DE28D16
:102A9000801A81B22046FFF717FF31E7A08DE18D44
:102AA000401A1FFA80F8E08DE8B1B8F1000F1AD093
:102AB0002068C06820F490702168C8602068406970
:102AC00020F0010021684861202084F83E000020A9
:102AD00020632068C06820F010002168C86041466B
:102AE0002046FFF7F1FE0BE7FFE705F0800030B16D
:102AF00006F0800018B1204600F00FFB00E705F05B
:102B0000400030B106F0400018B1204600F05DF9F9
:102B1000F6E600BFF4E60000812D000810B504467B
:102B20000CB9012010BDA06900B100E000BF94F80D
:102B30003D0028B9002084F83C00204600F028F829
:102B4000242084F83D002068C06820F400502168EB
:102B5000C860204600F0A8F92068006920F4904081
:102B6000216808612068406920F02A0021684861D6
:102B70002068C06840F400502168C86000202064CC
:102B8000202084F83D0084F83E000020CAE70000C1
:102B900010B586B004462E492068884255D100BF42
:102BA00000BF002000902B48006840F01000294929
:102BB00008600846006800F01000009000BF00BFE9
:102BC00000BF00BF00BF00200090224814380068FA
:102BD00040F001001F49143908600846006800F001
:102BE0000100009000BF00BF00BF00BF00BF002079
:102BF00000900846006840F0010008600846006840
:102C000000F00100009000BF00BF00BF4815019018
:102C100002200290012003900220049007200590DA
:102C200001A90D48FEF770FF4FF480600190072066
:102C3000059001A90848FEF767FF2520FFF7D5F8A2
:102C4000032211462520FFF7E0F806B010BD000072
:102C500000100140443802400000024070B50446B4
:102C60000D46164694F83E00202816D105B10EB93F
:102C7000012070BD00BF94F83C00012801D1022062
:102C8000F7E7012084F83C0000BF002020633246B3
:102C90002946204600F01EFAEBE70220E9E7000093
:102CA00010B504462049206888423BD11F4800885F
:102CB00000F4004088BB1D48008800F4804070B1DB
:102CC0001B4800780A2803D000201849088024E017
:102CD0001648008840F40040144908801DE014485C
:102CE00000780D2806D11148008840F480400F4933
:102CF000088012E00E4800780C490988C1F30D01E4
:102D00000C4A505409480088401C0849088008466D
:102D10000088C72801DD00200880012204490648F8
:102D2000FFF79CFF10BD00000010014018000020BC
:102D30001A00002020030020E8030020704700BF95
:102D4000FEE700BFFEE7704710B5FFF703F834F069
:102D500019FF012801D034F0DFFC10BD03480068E2
:102D600040F47000014908607047000088ED00E001
:102D700010B50248FFF7D9FC10BD00008C040020FC
:102D800070B50546AC6B0020E085E0842046FFF777
:102D90009CFD70BD0168C96821F490710268D16022
:102DA0000168496921F0010102685161016B012943
:102DB00005D10168C96821F010010268D1602021A5
:102DC00080F83E1000210163704710B5044620686A
:102DD000C06820F040002168C860202084F83D00D1
:102DE0002046FFF7ABFF002010BD70B5044694F8F5
:102DF0003E00222856D1A068B0F5805F0CD1206932
:102E000050B90025A66A20684068C0F308003080E9
:102E1000A06A801CA06215E0A56A0026A068B0F533
:102E2000805F03D0A06828B9206918B9206840687D
:102E3000287004E02068406800F07F002870A06AD5
:102E4000401CA062E08D401E80B2E08540BB20683F
:102E5000C06820F020002168C8602068C06820F4A5
:102E600080702168C8602068406920F001002168F6
:102E70004861202084F83E00206B01280AD1206898
:102E8000C06820F010002168C860A18D2046FFF7BF
:102E90001BFD02E02046FFF703FF0020206370BD0A
:102EA0000020FCE70220FAE72DE9F84F04462068ED
:102EB000006920F44050E1680843216808612169F5
:102EC000A068084361690843E169084300902068ED
:102ED000C06849F20C618843009908432168C860C2
:102EE0002068406920F44070A16908432168486166
:102EF00076492068884203D075492068884203D10A
:102F0000FFF7AEF8814602E0FFF79AF88146E069E4
:102F1000B0F5004F6CD102206168A0FB0150034660
:102F20001920A9FB007001462A463846FDF739FAF8
:102F30006421B0FBF1F04FEA001A02206168A0FBA7
:102F400001510B461920A9FB00712A463846FDF7AE
:102F500028FA834602206168A0FB0150034619202D
:102F6000A9FB00712A463846FDF71BFA6421B0FB25
:102F7000F1F000EBC00101EB0010ABEB800032215F
:102F800001EBC0006421B0FBF1F000F0F8000AEBA7
:102F9000400A02206168A0FB015003461920A9FBEA
:102FA000007001462A463846FDF7FBF983460220A9
:102FB0006168A0FB015003461920A9FB00712A4655
:102FC0003846FDF7EEF96421B0FBF1F000EBC001EB
:102FD00001EB0010ABEB8000322101EBC00064215B
:102FE000B0FBF1F000F007005044216888606AE00F
:102FF00004206168A0FB015003461920A9FB007062
:1030000001462A463846FDF7CCF98246042061681D
:10301000A0FB015003461920A9FB007001462A4677
:103020003846FDF7BEF96421B0FBF1F000EBC001BA
:1030300001EB0010AAEB8000322101EB00106421AB
:10304000B0FBF1F000F0F00A04206168A0FB017011
:1030500003461920A9FB00513A462846FDF7A1F97D
:103060006421B0FBF1F00AEB001A04206168A0FBB8
:1030700001510B461920A9FB00712A463846FDF77D
:1030800090F9834604206168A0FB01500346192093
:10309000A9FB007001462A463846FDF782F96421F3
:1030A000B0FBF1F000EBC00101EB0010ABEB8000D6
:1030B000322101EB00106421B0FBF1F000F00F00B1
:1030C000504421688860BDE8F88F0000001001407E
:1030D0000014014010B5034699629A85DA850020F4
:1030E0001864222083F83E0000BF002083F83C00D3
:1030F00000BF1868C06840F480701C68E060186801
:10310000406940F001001C6860611868C06840F0C8
:1031100020001C68E060002010BD014691F83D00D1
:10312000212828D18868B0F5805F0BD1086948B99B
:103130000A6A1088C0F308000B685860086A801C8F
:10314000086205E00B6A581C086218780B68586022
:10315000C88C401E80B2C88458B90868C06820F086
:1031600080000B68D8600868C06840F040000B68B9
:10317000D860002070470220FCE7000010B502482C
:10318000FFF7A4FB10BD0000E803002000BFFEE72E
:1031900003B401984100009850EAC12018BF0420F0
:1031A0004A0D18BF40F0010040F2FF72B2EB515FD0
:1031B00008BF40F00200012808BF052002B0704798
:1031C00002480068C0F30220704700000CED00E0E8
:1031D00010B5002804DB0A07130E054A135406E055
:1031E0000A07140E034A00F00F031B1FD45410BD2E
:1031F00000E400E018ED00E070B50446002508E0AA
:103200002168481C20600878303805EB850100EB08
:1032100041052168087800F004F80028F0D128461C
:1032200070BD0146302903DB392901DC01207047DC
:103230000020FCE730380A2801D201207047002026
:103240007047000010B54021074801F0E3FA002262
:10325000042106482BF004FC0549086002F002FE38
:1032600000200449087010BDD0C50020315F00085F
:10327000A4020020A002002030B50346B1F90040AE
:10328000B2F90050AC4202DDB1F9004001E0B2F900
:1032900000401C80B1F90240B2F90250AC4202DD9C
:1032A000B1F9024001E0B2F902405C80B1F904409A
:1032B000B2F90450AC4202DAB1F9044001E0B2F9CB
:1032C00004409C80B1F90640B2F90650AC4202DAE3
:1032D000B1F9064001E0B2F90640DC800120B3F903
:1032E0000040B3F90450AC4205DCB3F90240B3F935
:1032F0000650AC4200DD002030BDF8B504460D4656
:1033000016460027B4F90000B5F90010884212DB18
:10331000B4F90200B5F9021088420CDBB4F90400DC
:10332000B5F90410884206DCB4F90600B5F90610B8
:10333000884200DC01270FB90020F8BD0EB901203A
:10334000FBE72088ADF800006088ADF80200324647
:103350006946284600F0A7F808B90020EDE7A088E4
:10336000ADF800006088ADF8020032466946284694
:1033700000F099F808B90020DFE72088ADF80000D8
:10338000E088ADF8020032466946284600F08BF826
:1033900008B90020D1E7A088ADF80000E088ADF8BA
:1033A000020032466946284600F07DF808B9002040
:1033B000C3E70120C1E70246B2F90000B1F90430C9
:1033C000984213DCB2F90400B1F9003098420DDBE9
:1033D000B2F90200B1F90630984207DCB2F90600F2
:1033E000B1F90230984201DB012070470020FCE770
:1033F000F8B504460D461646B4F90400B5F90010B8
:10340000884211DBB4F90600B5F9021088420BDBE3
:10341000B4F90000B5F90410884205DCB4F90200E3
:10342000B5F90610884201DD0120F8BD0EB9002073
:10343000FBE72088ADF800006088ADF80200324656
:103440006946284600F02FF808B10020EDE7A08873
:10345000ADF800006088ADF80200324669462846A3
:1034600000F021F808B10020DFE72088ADF8000067
:10347000E088ADF8020032466946284600F013F8AD
:1034800008B10020D1E7A088ADF80000E088ADF8D1
:10349000020032466946284600F005F808B10020CF
:1034A000C3E70120C1E72DE9FC5F05460E4614463F
:1034B0004FF0000AB6F90000B5F90010884213DB9E
:1034C000B6F90000B5F9041088420DDCB6F9020027
:1034D000B5F90210884207DBB6F90200B5F906100B
:1034E000884201DC4FF0010ABAF1000F02D100203E
:1034F000BDE8FC9F002C01DC0120F9E7284617F00D
:1035000022F9834600EBDB704710284617F093F84A
:10351000834600EBDB704FEA6008474501DA384626
:1035200000E0404681464C4500DD4C462888ADF819
:1035300000002888204400B2ADF804006888ADF887
:1035400002006888204400B2ADF80600002231462F
:103550006846FFF7A8FF80B1BDF80400204400B220
:10356000ADF80400BDF80600204400B2ADF8060036
:103570003146684627F03EFEBAE7E888001B00B2F5
:10358000ADF80200E888ADF8060000223146684632
:10359000FFF789FF80B1BDF80400204400B2ADF808
:1035A0000400BDF80200001B00B2ADF80200314675
:1035B000684627F01FFE9BE7A888001B00B2ADF805
:1035C0000000A888ADF80400002231466846FFF7E5
:1035D0006AFF80B1BDF80000001B00B2ADF800002A
:1035E000BDF80200001B00B2ADF80200314668468B
:1035F00027F000FE7CE76888ADF802006888204468
:1036000000B2ADF80600002231466846FFF74BFFD6
:1036100080B1BDF80000001B00B2ADF80000BDF89D
:103620000600204400B2ADF806003146684627F097
:10363000E1FD5DE701205BE710B5B1F90030B2F9BB
:103640000040A34202DAB1F9003001E0B2F90030E3
:103650000380B1F90230B2F90240A34202DAB1F9B3
:10366000023001E0B2F902304380B1F90430B2F91E
:103670000440A34202DDB1F9043001E0B2F90430A4
:103680008380B1F90630B2F90640A34202DDB1F9F8
:10369000063001E0B2F90630C38010BD2DE9FF41CC
:1036A00004462BF07EF905460020039034B14749CB
:1036B000E068086020462BF0EBFA03E019F0A0FE6A
:1036C0004249086041490968086927F0F1FC3F4810
:1036D0000068406920B13D490968486927F0E8FC65
:1036E0003A490968C86927F0E3FC38490968086A5B
:1036F00027F0DEFC35480068006940B900203349F6
:103700000968A1F8500100BF00BFBDE8FF8128F0A3
:1037100071F827F0B7FF2D480068B0F85001002875
:103720004BD02A4800680068007CC0F34000E8B134
:103730002648006819F0E2FE401E06B223480068E1
:1037400019F076FE401E07B23B460022114601A842
:10375000009617F03DF801A81C4909680968896BB3
:1037600048601A48006805F021FE00BF4FF48071E0
:1037700016480068303021F0FCFE20211348006814
:1037800000F5987021F0F5FE002010490968A1F8B5
:10379000500128462BF0F8F803900C4800680068A8
:1037A000406A50B109490968086808490968096808
:1037B0004B6A07490A680399984721F011FC00F009
:1037C0003FF800F007F800BF9FE700005401002019
:1037D0005001002010B5002416E0C4EBC4000C49D1
:1037E00051F8200030B1C4EBC401094A52F821005D
:1037F00021F0A8FCC4EBC401054A02EB81001C21A6
:1038000021F0B7FE601CC4B2042CE6DB10BD000042
:10381000ACC600200146094A10680BE042688A42A3
:1038200002D002688A4204D1027E22F00102521CB8
:10383000027640690028F1D170470000280100207D
:103840007047000010B50421014800F0E3FF10BDEF
:10385000C4C5002010B51C21014800F0DBFF10BDDD
:10386000DCC500202DE9FF4F8BB004469A46199D18
:10387000BAF1000F11D11898B0F5807F0DD100205A
:10388000208060800C98401E00B2A0800D98401EE1
:1038900000B2E0800FB0BDE8F08FB5F90000404203
:1038A000189948430121C1EB202000B22080B5F9CE
:1038B00002004042189948430121C1EB202000B288
:1038C0006080B5F900100C98401A189948430221FD
:1038D00001EB202000B2A080B5F902100D98401A2B
:1038E00018994843022101EB202000B2E080BAF190
:1038F000000F14D120882988084400B220806088F5
:103900006988084400B26080A0882988084400B211
:10391000A080E0886988084400B2E080BAE70A2005
:103920009AFBF0F00A900A98401C09900A9800EB64
:103930008000AAEB400B0A9800B22BF02FFB0890F6
:10394000099800B22BF02AFB07900A985A3000B26F
:103950002BF024FB069009985A3000B22BF01EFB86
:103960000590CBF10A0108984143079800FB0B1022
:103970000A2190FBF1F6CBF10A0106984143059824
:1039800000FB0B100A2190FBF1F776117F11B4F9BF
:103990000080B4F9029007FB08F006FB19002988A3
:1039A00001EBA02000B2ADF8100006FB08F007FB09
:1039B0000900698801EBA02000B2ADF81200B4F94B
:1039C0000480B4F9029007FB08F006FB190029886F
:1039D00001EBA02000B2ADF80C0006FB08F007FBDD
:1039E0000900698801EBA02000B2ADF80E00B4F91F
:1039F0000080B4F9069007FB08F006FB190029883F
:103A000001EBA02000B2ADF8080006FB08F007FBB0
:103A10000900698801EBA02000B2ADF80A00B4F9F2
:103A20000480B4F9069007FB08F006FB190029880A
:103A300001EBA02000B2ADF8040006FB08F007FB84
:103A40000900698801EBA02000B2ADF80600BDF9BD
:103A50000800BDF91010884202DABDF9080001E043
:103A6000BDF91000BDF90410BDF90C20914202DA35
:103A7000BDF9041001E0BDF90C1088420BDABDF964
:103A80000800BDF91010884202DABDF908000DE007
:103A9000BDF910000AE0BDF90400BDF90C10884220
:103AA00002DABDF9040001E0BDF90C002080BDF987
:103AB0000800BDF91010884202DDBDF9080001E0E0
:103AC000BDF91000BDF90410BDF90C20914202DDD2
:103AD000BDF9041001E0BDF90C1088420BDDBDF901
:103AE0000800BDF91010884202DDBDF908000DE0A4
:103AF000BDF910000AE0BDF90400BDF90C108842C0
:103B000002DDBDF9040001E0BDF90C00A080BDF9A3
:103B10000A00BDF91210884202DABDF90A0001E07C
:103B2000BDF91200BDF90610BDF90E20914202DA6E
:103B3000BDF9061001E0BDF90E1088420BDABDF99F
:103B40000A00BDF91210884202DABDF90A000DE040
:103B5000BDF912000AE0BDF90600BDF90E10884259
:103B600002DABDF9060001E0BDF90E006080BDF982
:103B70000A00BDF91210884202DDBDF90A0001E019
:103B8000BDF91200BDF90610BDF90E20914202DD0B
:103B9000BDF9061001E0BDF90E1088420BDDBDF93C
:103BA0000A00BDF91210884202DDBDF90A000DE0DD
:103BB000BDF912000AE0BDF90600BDF90E108842F9
:103BC00002DDBDF9060001E0BDF90E00E08000BF96
:103BD00060E62DE9F74F86B0044620680590B4F9F9
:103BE00008100798A0EB0108B4F90A100898A0EB98
:103BF0000109E089B0F5807F13D1206B00FB08F04C
:103C0000E16A01FB1901606A00EBA10BE06A00FBAD
:103C100008F0216B01FB0901A06A00EBA1000490F0
:103C20002FE0A08980B9A06B00FB08F04FEA601874
:103C3000A06B00FB09F04FEA6019606A00EB080B0B
:103C4000A06A484404901CE0A06B00FB08F04FEA17
:103C50006018A06B00FB09F04FEA6019206B00FBB5
:103C600008F0E16A01FB1901606A00EBA12BE06A30
:103C700000FB08F0216B01FB0901A06A00EBA12009
:103C800004904FEA2B2604980712B4F90400B042BE
:103C900003DC002009B0BDE8F08F002E01DA00201F
:103CA000F8E7B4F90600B84201DC0020F2E7002F83
:103CB00001DA0020EEE73420005DC0F3800050B34D
:103CC0003420005DC0F3400078B90225B4F9040047
:103CD0007843684306FB050A059800EB0A012A466B
:103CE00004F1140021F0F3FB2CE00325B4F90400E7
:103CF0007843684306FB050A6A1E059800EB0A0133
:103D000004F1140021F0E3FB0AEB0500401E0599C5
:103D1000095CA17516E04FF0000A0025208A0346D1
:103D20003AB231B2019004F118001EF09DF80290F1
:103D3000BDF80800A0823AB231B204F118001DF0BB
:103D4000F3FFA0753420005D00F00100B0B14FF426
:103D50007F40002100F47C4241EA5211C0F3C402CA
:103D600011430191BDF8042011460291A08ABDF8CB
:103D70000810884201D100208CE700BFE07C08B920
:103D8000012087E70FFA8BF1A187049801B2E18740
:103D900031B24020015339B242200153C4F844A04B
:103DA00084F84850204600F003F80390039871E728
:103DB0002DE9F04F8DB00446D4F8009094F83C0003
:103DC0000C9094F83E000B900C9870280BDA4FF092
:103DD000FF35B4F940002844002800DA00250C988B
:103DE0008030C7B213E00C9890280EDD0125B4F99D
:103DF00040002844B4F90410884200DB00250C98E8
:103E0000C0F1FF008030C7B201E00025FF270B980A
:103E100070280CDA4FF0FF36B4F942003044002825
:103E200000DA00260B98803000F0FF0815E00B98B0
:103E300090280FDD0126B4F942003044B4F9061091
:103E4000884200DB00260B98C0F1FF00803000F0B4
:103E5000FF0802E000264FF0FF08A08A0A90A07D2C
:103E6000069000200590049003903420005DC0F37C
:103E7000800000285BD094F84800626C00FB0520AD
:103E800000EB0901022209A821F021FBA28894F885
:103E9000480012FB00F2606C02FB060000EB090117
:103EA000022208A821F013FBA28894F8480012FB14
:103EB00000F2606C02FB060294F8480000FB05204B
:103EC00000EB0901022207A821F001FB3420005D6C
:103ED000C0F3400000287ED094F84800616C00FBDD
:103EE00005110844401E19F800000590A18894F8B7
:103EF000480011FB00F1606C01FB060194F84800DA
:103F00000844401E19F800000490A18894F8480065
:103F100011FB00F1606C01FB060194F8480000FB06
:103F200005110844401E19F80000039053E0208A50
:103F30000090B4F942204020005B284401B204F113
:103F40001800009B1DF090FF0990208A00904220ED
:103F5000005B304402B2B4F9401004F11800009B39
:103F60001DF082FF0890208A00904220005B3044C0
:103F700002B24020005B284401B204F11800009B0B
:103F80001DF072FF07903420005DC0F3400010B3B5
:103F9000B4F942204020005B284401B204F118002B
:103FA0001DF0C2FE05904220005B304402B2B4F91D
:103FB000401004F118001DF0B7FE04904220005B91
:103FC000304402B24020005B284401B204F11800E2
:103FD0001DF0AAFE0390BA46BB463420005DC0F334
:103FE0004000E0B306987843C7F1FF0C059B03FB44
:103FF0000C00C0F3072104987843C7F1FF0C039B22
:1040000003FB0C00C0F3072201FB08F0C8F1FF031B
:1040100002FB0300030AA375022905DC022A03DC64
:1040200000200DB0BDE8F08F022901DC4FF0000840
:10403000022A01DC4FF0FF080698022801DC4FF04D
:10404000000A0598022801DC4FF0FF0A04980228B4
:1040500001DC4FF0000B0398022803DC00E002E0D3
:104060004FF0FF0B03E0BA46BB46FF21A175BAF142
:10407000000F02D1099802900BE0BAF1FF0F02D1B4
:104080000A98029005E05246DDE9091018F048FC54
:104090000290BBF1000F02D1079801900BE0BBF139
:1040A000FF0F02D10898019005E05A46DDE907109C
:1040B00018F036FC0190B8F1000F03D1BDF80400F0
:1040C000A0820FE0B8F1FF0F03D1BDF80800A08275
:1040D00008E04246DDE9011018F022FC0090BDF82E
:1040E0000000A08201209CE72DE9F05F0446B4F9AE
:1040F000080001026162B4F90A000102A162B4F988
:104100000C000A2190FBF1F56F1CB4F90C0005EBD3
:104110008501A0EB4106684200B22AF03FFF8046CD
:10412000784200B22AF03AFF8146C5F15A0000B247
:104130002AF034FF8246C7F15A0000B22AF02EFF5F
:104140008346C6F10A0000FB08F009FB06000A21BD
:1041500090FBF1F1E162C6F10A0000FB0AF00BFBF3
:1041600006000A2190FBF1F12163E06A4111E1624E
:10417000206B41112163A07C1DF085FF3421095D76
:1041800060F3000134200155A07C1DF05FFF342155
:10419000095D60F3410134200155A07C042805D05D
:1041A000A07C052802D0A07C062807D13420005D21
:1041B00020F00400001D3421085505E03420005D86
:1041C00020F004013420015521682162A06920F00B
:1041D000E000A061A17CA06961F30400A061A18856
:1041E000A06961F39420A061E188A06961F35F5048
:1041F000A061E08900EBD071491001F5001191FB3D
:10420000F0F2A263FF21A175208AA082BDE8F09F91
:104210002DE9F743054616460024134C2AF0C1FB4E
:104220008046334629462046019A1EF0DBFB0746AE
:104230005FB900BF00BF2C21204621F09AF94FF052
:104240000040A0620020BDE8FE830020A062E0697B
:1042500018B940462AF098FBE061E06908B90120EE
:10426000E0612046EFE7000000C6002010B51421F1
:10427000114800F0CFFA1EF067FB044600BF1CB9DE
:1042800000BF00BF00BFFEE700BF14B900BF00BF02
:1042900010BD0A4920461EF03FFC094920461EF089
:1042A0003DFC084920461EF03BFC074920461EF015
:1042B00031FC00BFECE70000E8C5002065210208E2
:1042C00039260208552802082D21020870B5044637
:1042D0000D461021284621F04CF92068007801286D
:1042E00004D1208A2880608A68800CE020680078E9
:1042F000022802D1E068686005E0206800780428A0
:1043000001D10A2068602068406820B120682946F1
:104310004268904701E000BF00BF70BD2DE9FE4339
:104320000446A66AEEB9A18A208A084401B2A18295
:10433000E18A608A084401B2E18220460CF053FD14
:1043400006460EB9BDE8FE83204610F03FFC002271
:10435000092130461CF028FD6078C0F3400000B110
:10436000F0E7208A10B9608A002870D000200290FF
:10437000019094F83C0000F00F00032812D1304661
:1043800023F0B0F90746304623F034F98046032085
:104390000090B4F910103B46424630460CF01AF833
:1043A000029012E0304623F01FFA0746304623F011
:1043B00093F880460C200090B4F9121043463A4618
:1043C00030460CF007F8019000BF304623F0E4F8C7
:1043D000054605F0010028B9BDF90800002801DDF7
:1043E0000020029005F0020028B9BDF9080000285D
:1043F00001DA0020029005F0040028B9BDF904009C
:10440000002801DD0020019005F0080028B9BDF961
:104410000400002801DA0020019001AA02A9204628
:104420002DF0F8FC0023BDF90420BDF9081030463A
:1044300026F0B8F8A08ABDF80810084401B2A1829D
:10444000E08ABDF80410084401B2E18200BF00BF59
:1044500078E72DE9F84F0446D4F828B0BBF1000FF7
:1044600001D1BDE8F88F94F83C0000F00F0000B9CE
:10447000F7E71EF039FE06463068477E4021584671
:1044800024F0BAFD10B9002161832183584623F03E
:1044900097F98046584623F09DF9054694F83C006C
:1044A00000F00F000C2843D1002121831DBBB4F97B
:1044B0001A00C7F164014843642190FBF1F001B296
:1044C0006183584623F008F88146584623F08CF95A
:1044D00082460C200090B4F91A104B4652465846BA
:1044E0000BF078FF6083B4F91A2000231946584670
:1044F00026F058F869E020462DF0E3FC00900021FA
:1045000061836A4620462DF085FCBDF9003041F6F6
:10451000FF72514258460CF00FFE8146BDF8000074
:10452000484402B201230021584626F03BF84CE0F3
:1045300094F83C0000F00F00032846D1002161836D
:10454000B8F1000F23D1B4F91800C7F16401484352
:10455000642190FBF1F001B22183584623F04AF820
:104560008146584623F0BEF8824603200090B4F9F5
:10457000181053464A4658460BF02CFF2083B4F9D6
:10458000181000231A46584626F00CF81DE0204665
:104590002DF07CFC009000212183002269462046FA
:1045A0002DF038FCBDF9003041F6FF7251425846FB
:1045B0000CF028FD8146BDF80000484401B20123FB
:1045C0000022584625F0EEFF00BF208B002860D166
:1045D000608B00285DD11DBB584623F005F981464C
:1045E000584622F079FF8246B9F1000F02DCBAF199
:1045F000000F14DDB9F1000F06DA01234A4600214D
:10460000584625F0CFFF0AE0BAF1000F07DA012380
:10461000CAF1000002B20021584625F0C3FF00BFD6
:10462000B8F1000F23D1584622F0E4FF81465846E6
:1046300023F058F88246B9F1000F02DCBAF1000FFE
:1046400014DDB9F1000F06DA01230022494658466D
:1046500025F0A8FF0AE0BAF1000F07DA01230022D3
:10466000CAF1000001B2584625F09CFF00BF324657
:104670000A2158461CF098FB6078C0F3400000B156
:10468000EFE694F83C0020F00F0184F83C10002184
:10469000A16200BFE5E62DE9FF4104460F4614B9CB
:1046A00018F0AEFE04460CB9BDE8FF811FB900202A
:1046B000A4F85001F8E70020ADF80800ADF80A00B2
:1046C000204618F0B5FE401E00B2ADF80C002046A2
:1046D00018F014FF401E00B2ADF80E0002AA3946D1
:1046E0006846FEF7C9FD064606B9DDE72068007C8E
:1046F000C0F3400060B1029820630398606301201A
:10470000A4F85001606810B160682AF0CDFACBE7D8
:104710002068806918B12068694682699047002541
:104720000BE004F1300000EBC50100226846FEF703
:10473000E4FD00B1B8E7681C85B2B4F85001A842A6
:10474000EFDCB4F85001202809DAB4F8502104F164
:10475000300101EBC200694615F0DDFE0BE00020E0
:10476000A4F85001B4F8502104F1300101EBC2006B
:1047700002A915F0D0FEB4F85001401CA4F8500175
:10478000606810B160682AF08FFA00BF8CE770B5DE
:104790000546284600F013F8044600260CE02146A2
:1047A000284600F024F806462146284600F086F800
:1047B000204620F0C7FC3446002CF0D170BD0146E5
:1047C00009B9002070474868FCE770B50646002428
:1047D0003046FFF7F4FF054605E0641C29463046E5
:1047E00000F005F80546002DF7D1204670BD0246C1
:1047F0000B461068001D03441868704702460B46BC
:104800001068034418687047014609B900207047D2
:104810008868FCE7002242608260CA1C22F0030123
:104820000160704770B50446216801F1080020F06E
:10483000BBFB0546A5B10022294620462BF06AFCA9
:104840002946204662682BF057FC606820B12A4652
:10485000204661682BF05EFC6560A06800B9A56029
:10486000284670BD70B50446216801F1080020F0AB
:104870009BFB0546A5B10022294620462BF03CFCB7
:1048800029462046A2682BF045FCA06820B12A46A4
:104890002046A1682BF030FCA560606800B9656017
:1048A000284670BD014609B901207047486818B90B
:1048B000886808B90120F8E70020F6E72DE9F04103
:1048C00004460D460CB9BDE8F0812046FFF777FF9E
:1048D000A8420FD129462046FFF789FF6060606833
:1048E00010B90020A0602FE00022204661682BF064
:1048F00011FC29E02046FFF787FFA8420FD1294687
:104900002046FFF77BFFA060A06810B90020606020
:104910001AE000222046A1682BF0EEFB14E02946A5
:104920002046FFF76BFF064629462046FFF75FFF4C
:1049300007463A46314620462BF0DEFB32463946E2
:1049400020462BF0E7FB00BF00BFBCE710B50446D4
:104950002068806818B120682146826890472068E6
:10496000006828B12068006820602046FFF7EEFF4D
:1049700010BD0146886818B18868B0F91600704704
:104980000020FCE72DE9F04F93B005468B46914699
:104990009A461C9E688C20F00400001D6884A5F8CF
:1049A000209032895946284624F0A2F81290A5F8A2
:1049B00020A032895946284624F09AF81190688C34
:1049C00020F004006884DDE9111088420CD1DDE993
:1049D0001110884208D1BDF84800BDF84410884243
:1049E00002D113B0BDE8F08FA5F820903289594666
:1049F000284624F07DF81290A5F820A059462846B4
:104A00000EF0CDFA10903189109A1068129A28F0A1
:104A100084FC3089602833D147F6FF7112988842B0
:104A200002D0119888422BD1284624F088FA0F90A2
:104A300000EBD0704710284624F081FA0F9000EB6D
:104A4000D0704FEA600847F6FF711298884208D18B
:104A5000781C08F10101884200DA01E008F1010048
:104A6000129047F6FF711198884208D1781C08F11E
:104A70000101884200DA01E008F10100119000BF55
:104A80002448FFF7CFFE044600BF1CB900BF00BF9B
:104A900000BFFEE700BF04B9A3E71298E0601198D9
:104AA0002061ACB325603089A080C4F808B06846A6
:104AB00014F0F8FE2146684614F0A7FF1649684630
:104AC00014F073FF1548029000BF1549684614F0B2
:104AD0007AFFFF220021684614F087FF318868467C
:104AE00014F079FF7188684614F05AFFF068069058
:104AF00000BF6846002190F83E2061F3000280F874
:104B00003E2000BF30690590684614F095FF00BF55
:104B100000BF66E7F4C5002011660308BD680308FE
:104B2000ED67030810B514210148FFF773FE10BDAF
:104B3000F4C500202DE9FE4F04460F4690464FF085
:104B4000000900256BE1E06800EBC5004068C0F398
:104B5000406000B162E1E16801EBC501496821F004
:104B60007F4026F0A2FA064626EA070008B901208F
:104B700000E00020029026EA080008B9012000E0C9
:104B800000200190DDE90101814272D0E06850F817
:104B900035A04FF0000B6A4641F61001504628F050
:104BA00055F810B14FF0010BA9E06A4641F611012A
:104BB000504628F04BF810B14FF0010B9FE06A46C9
:104BC00041F61201504628F041F810B14FF0010BA8
:104BD00095E06A4641F61301504628F037F810B1C7
:104BE0004FF0010B8BE06A4641F61501504628F064
:104BF0002DF810B14FF0010B81E06A4641F6140127
:104C0000504628F023F810B14FF0010B77E06A46C8
:104C100041F26901504628F019F810B14FF0010B2C
:104C20006DE06A4643F20C01504628F00FF810B1CF
:104C30004FF0010B63E06A4643F20D01504628F045
:104C400005F810B14FF0010B59E06A4641F201013D
:104C5000504627F0FBFF10B14FF0010B4FE06A46C2
:104C600041F20401504627F0F1FF18B14FF0010B5B
:104C700045E0D2E06A4641F20201504627F0E6FFE5
:104C800010B14FF0010B3AE06A4641F20301504681
:104C900027F0DCFF10B14FF0010B30E06A4641F223
:104CA0000501504627F0D2FF10B14FF0010B26E06E
:104CB0006A4641F20601504627F0C8FF10B14FF096
:104CC000010B1CE06A4641F23201504627F0BEFF5C
:104CD00010B14FF0010B12E06A4643F60F01504647
:104CE00027F0B4FF10B14FF0010B08E06A4643F61D
:104CF0000E01504627F0AAFF08B14FF0010BBBF19F
:104D0000000F02D00320BDE8FE8F6A4640F60A017C
:104D1000504627F09BFF10B14FF002097CE06A4635
:104D200040F60B01504627F091FF10B14FF00209F9
:104D300072E06A4643F60F01504627F087FF10B134
:104D40004FF0020968E06A4643F60E01504627F02C
:104D50007DFF10B14FF002095EE06A4640F63C016B
:104D6000504627F073FF10B14FF0020954E06A4635
:104D700040F63D01504627F069FF10B14FF002099F
:104D80004AE06A4640F63A01504627F05FFF10B10C
:104D90004FF0020940E06A464FF40461504627F0A4
:104DA00055FF10B14FF0020936E06A4640F6450162
:104DB000504627F04BFF10B14FF002092CE06A4635
:104DC00040F64101504627F041FF10B14FF0020973
:104DD00022E06A4640F64201504627F037FF10B104
:104DE0004FF0020918E06A4640F64301504627F0AA
:104DF0002DFF10B14FF002090EE06A4640F649015E
:104E0000504627F023FF10B14FF0020904E0B9F13A
:104E1000000F01D14FF0010900BF00BF6D1C608C75
:104E2000C0F3C500A8423FF68EAE48466BE70000CF
:104E30000148006870470000540100207047014697
:104E4000C1F30412072A00DD0722D0B27047000028
:104E500010B518210348FFF7DDFC012029F03CFEC6
:104E600010BD0000A0C500202DE9F04105460F4609
:104E700016460DB9BDE8F0812846FBF7A3FC804635
:104E8000394628460A4A126890470746E8193146CB
:104E9000074A1268904706463C4603E0A019285C82
:104EA0002855641CA8EB0600A042F7D200BFE1E73A
:104EB000F00200202DE9F04106460C4617461D463B
:104EC00029463046084A126890472060206830B171
:104ED000296888190021044A1268904700E00020E0
:104EE0003860BDE8F0810000E80200202DE9F04FB5
:104EF00087B004460F4692469846DDE910560DB13C
:104F0000002028801CB9002007B0BDE8F08F207871
:104F100008B90020F8E70FB90020F5E74FF00009C5
:104F200006F0020010B906F0040098B1002000E07D
:104F3000401C215C0A2905D0215C0D2902D0215C8E
:104F40000029F5D1215C01B1401C15B14FF0FF31B2
:104F50002980D9E706F0020008B141F6FF78002069
:104F60000690059038E000200490059808B90120CB
:104F700000E0002006A904AACDE90062CDE90210F4
:104F8000059960184346524639462AF03FF8834651
:104F90000498A8EB00000FFA80F8049848440FFA30
:104FA00080F9BBF1000F00D11CE005985844059032
:104FB00020780A2802D020780D2800D112E0059828
:104FC000205C0A2803D00598205C0D2803D10598A1
:104FD000401C059006E000BF0598205C10B1B8F1B8
:104FE000000FC0DC00BF059870B905A92046094A2A
:104FF00012689047834635B10022594638461CF066
:105000004EF90FFA80F900BF0DB1A5F80090059890
:105010007AE70000E80200202DE9F04706468846BE
:10502000174606B10FB9BDE8F0873046FBF7CAFB5B
:1050300081463846FBF7C6FB044604B9F3E704EBA8
:10504000090A414630460B4A126890478046554649
:1050500003E0281B305C70556D1E08EB0400A8426D
:10506000F7D906EB08002246394620F03CFA00BF8B
:10507000D9E70000F0020020024600200FA31B78B1
:105080008B4211D113781BB90123137001200BE05F
:105090001378012B02D10023137005E01378022B43
:1050A00002D10023137001201378012B04D1202991
:1050B00001D102231370012070470000230000007B
:1050C00073B582B006460398019032460021084627
:1050D000019B2AF0B7FA0546002001900024681CC5
:1050E0001FF062FF044600BF1CB900BF00BF00BF35
:1050F000FEE700BF14B9002004B070BD0020605569
:105100003246691C2046039B2AF09CFA2046F3E7AE
:105110002DE9F04781460E4614461F46DDF820A0D3
:1051200035461BE0600800FB075529464846D04736
:10513000B0F1000809DD04F0010080F00100C0EBCF
:105140005404E8190546064608E0B8F1000F02DAF3
:105150006408354602E02846BDE8F087002CE1D11E
:105160000020F9E72DE9FF4F85B08346DDE9158A78
:10517000DDE91349DDE91775129E05F00200F8B963
:105180004FB105F0010030B1B9F1000F02D105F0C7
:105190000C0000B17F1E03E030222046641C325414
:1051A000544501D2202CF7D303E030222046641C62
:1051B000325405F0010018B1BC4201D2202CF4D3C6
:1051C00005F01000B0B305F4806050B94CB15445FF
:1051D00001D0BC4205D1641E1CB1B8F1100F00D142
:1051E000641EB8F1100F09D105F0200030B9202C51
:1051F00004D278222046641C325415E0B8F1100F16
:1052000009D105F0200030B1202C04D258222046CC
:10521000641C325408E0B8F1020F05D1202C03D2EF
:1052200062222046641C3254202C03D230222046B5
:10523000641C3254202C16D2B9F1000F04D02D2258
:105240002046641C32540EE005F0040020B12B22ED
:105250002046641C325406E005F0080018B12022F4
:105260002046641C3254CDE90275CDE900645846ED
:1052700006A90EC900F0A2F809B0BDE8F08F2DE92B
:10528000FF4F8FB08046DDE91FABDDE91D96219D04
:105290001C9C00270CB925F0100505F4806000B1B6
:1052A000E4B100BFB4FBF6F106FB1141C8B20A2815
:1052B00002DA00F1300107E005F0200109B14121D7
:1052C00000E0612101440A39CBB239467F1C07AAAC
:1052D0005354B4FBF6F40CB1202FE3D307A8CDE967
:1052E00004AB8DE8810203960695404610A90EC9CD
:1052F000FFF738FF13B0BDE8F08F2DE9FF4F8FB0F7
:10530000DDE9217BDDF89080209EDDE91C454FF032
:105310000009002184EA01006940084301D128F016
:10532000100808F4806028B1002184EA0100694077
:1053300008432DD000BF32463B4620462946FBF7A6
:1053400030F802F0FF0ABAF10A0F02DA0AF130006F
:1053500007E008F0200008B1412000E0612050443F
:105360000A38C2B2484609F1010907A90A5432466F
:105370003B4620462946FBF714F804460D4600211B
:1053800084EA01006940084302D0B9F1200FD2D36A
:105390002398CDE9036BCDE9050807A91E98CDE94F
:1053A000001902900FA80FC8FFF7DCFE13B0BDE88C
:1053B000F08F9A4200D28854704770472DE9FF5F02
:1053C00005461446DDE90EA6DDE91087A34607F081
:1053D000020078B907F0010060B9B14607E0224643
:1053E000641C2020039B0199A84709F10109C145CC
:1053F000F5D300BF08E02246641C711E0E461AF861
:105400000100039B0199A847002EF4D107F0020088
:1054100050B105E02246641C2020039B0199A84757
:10542000A4EB0B004045F5D3204604B0BDE8F09F47
:1054300000BF70472DE9FF4F8BB0074600250C9841
:1054400000B9FA4FEAE20E98007825280AD02A46D9
:105450006D1C0E990878DDE90C13B8470E98401CB6
:105460000E90DBE20E98401C0E90002400BF0E98B8
:1054700000782B2819D004DC20281ED023282CD11A
:1054800023E02D2809D0302827D144F001040E98BC
:10549000401C0E9001200A9022E044F002040E9875
:1054A000401C0E9001200A901AE044F004040E986B
:1054B000401C0E9001200A9012E044F008040E985F
:1054C000401C0E9001200A900AE044F010040E984F
:1054D000401C0E9001200A9002E000200A9000BFBC
:1054E00000BF0A980028C2D180460E990878FDF7BF
:1054F00098FE20B10EA8FDF77FFE804612E00E98C0
:1055000000782A280ED1189901C91891002804DAC8
:1055100044F00204C0F1000800E080460E99491CE6
:105520000E9100BF4FF000090E9800782E281FD171
:1055300044F480640E98401C0E900E990878FDF794
:1055400070FE20B10EA8FDF757FE814610E00E98C0
:1055500000782A280CD1189901C91891002801DD7A
:10556000014600E0002189460E99491C0E9100BFBA
:105570000E9800786C280AD004DC682816D06A28B7
:1055800035D128E0742820D07A2830D129E044F49D
:1055900080740E98401C0E900E9800786C2804D1F0
:1055A00044F400740E98401C0E9021E044F08004F6
:1055B0000E98401C0E900E980078682804D144F094
:1055C00040040E98401C0E9012E044F480740E9833
:1055D000401C0E900CE044F400740E98401C0E9099
:1055E00006E044F480740E98401C0E9000E000BF6A
:1055F00000BF0E98007869281DD00EDC622821D0EB
:1056000006DC25287ED050281AD058287BD115E0FA
:10561000632879D06428F9D10CE0732875D004DCB4
:105620006F280ED07028F1D109E0752804D07828B1
:10563000ECD102E000BF00BF00BF00BF00BF00BF51
:1056400000BF00BF0E980078782803D00E9800782D
:10565000582801D1102623E00E980078702803D036
:105660000E98007850280CD1102644F0100444F411
:1056700080740E984078562812D10E98401C0E90D7
:105680000EE00E9800786F2801D1082608E00E98E9
:105690000078622801D1022602E00A2624F01004D4
:1056A0000E980078582803D00E980078502801D121
:1056B00044F020040E980078692805D00E980078F0
:1056C000642801D024F00C0404F4806008B124F0B4
:1056D00001040E980078692803D00E980078642899
:1056E0007CD104F40070B8B31898C01D20F00700F6
:1056F0001890D0E900AB189A083218920020CDE932
:10570000069803E073E17CE1F2E01CE1CDE904607E
:105710000894BAEB00017BEB000001DA012000E005
:105720000020002102900846B1EB0A0170EB0B004B
:1057300002DA5046594605E000200146B0EB0A0067
:1057400061EB0B01CDE900012A463846DDE90C1377
:10575000FFF7D3FD0546C7E0FFE704F48070D0B142
:10576000189850F804AB18904FEADA70CDE9039816
:1057700002960594BAF1000F01DD514601E0CAF12D
:105780000001CDE900102A463846DDE90C13FFF789
:1057900076FD0546A8E004F0400028B1189810F8FE
:1057A000041B1890C8B20DE004F0800028B11898CE
:1057B00030F8041B189008B204E018980068189993
:1057C000091D189182464FEADA70CDE903980296D6
:1057D0000594BAF1000F02DD514602E00BE0CAF178
:1057E0000001CDE900102A463846DDE90C13FFF729
:1057F00046FD054678E00E980078562818D118988E
:1058000050F804AB1890DAF8040000680990099881
:105810000090DAF800300D98421B0C984119384678
:10582000FFF708FE0544002009905DE0BB53000827
:1058300004F40070D0B11898C01D20F00700CDE925
:105840000698089418900020CDE9046002901899F9
:1058500003C9189A08321892CDE900012A46384641
:10586000DDE90C13FFF749FD05463DE004F48070C7
:1058700098B10022CDE90398029605941898006823
:105880001899091DCDE9000218912A463846DDE92C
:105890000C13FFF7F4FC054626E004F0400028B1A5
:1058A000189810F8041B1890C8B20DE004F080009E
:1058B00028B1189830F8041B189088B204E01898A2
:1058C00000681899091D189182460020CDE900A0B2
:1058D000CDE90398029605942A463846DDE90C1373
:1058E000FFF7CDFC054600BF0E98401C0E9093E0DC
:1058F000012604F0020050B905E02A466D1C202064
:10590000DDE90C13B8473046761C4045F5D31899AD
:1059100011F8043BD8B22A466D1C1891DDE90C132E
:10592000B84704F0020050B105E02A466D1C202063
:10593000DDE90C13B8473046761C4045F5D30E9888
:10594000401C0E9068E0189850F804AB1890504630
:10595000B9F1000F01D0494601E04FF0FF310A468E
:10596000014600E0491C0B781BB1131EA2F1010295
:10597000F8D10E1A04F4806028B14E4501D23046A9
:1059800000E04846064604F0020050B905E02A4609
:105990006D1C2020DDE90C13B8473046761C4045CD
:1059A000F5D306E01AF8010B2A466D1CDDE90C134D
:1059B000B8479AF8000040B104F480600028F1D0A4
:1059C000B9F10000A9F10109ECD104F0020050B1D5
:1059D00005E02A466D1C2020DDE90C13B84730464F
:1059E000761C4045F5D30E98401C0E9014E02A46D4
:1059F0006D1C2520DDE90C13B8470E98401C0E9055
:105A00000AE02A466D1C0E990878DDE90C13B847A8
:105A10000E98401C0E9000BF00BF00BF0E9800788B
:105A200000287FF410AD0D98854201D2284601E090
:105A30000D98401E02460020DDE90C13B8472846A9
:105A40000FB0BDE8F08F2DE9F04104460E46002767
:105A500074B13146204600F02DF80546B5F5803F7B
:105A600005D20C2D01D9284600E00C20074600BFC6
:105A70003846BDE8F081024600BF481E084018B114
:105A800000BF00BF00BFFEE700BF481E1040101A55
:105A9000704710B502464B1E13444C1E23EA040007
:105AA00000BF4B1E0B401BB100BF00BF00BFFEE795
:105AB00000BF10BD024600BF481E084018B100BF1D
:105AC00000BF00BFFEE700BF481E10444B1E9843B6
:105AD000704700002DE9F04180460E464446012003
:105AE0006086002500270DE056F8270025A1FAF76B
:105AF00051FF10B1681C85B202E0608E401C6086C8
:105B0000781C87B256F8270020B156F82700007895
:105B10000028E9D1208EA84201D1BDE8F081A06A19
:105B200020B1A06A1FF00EFB0020A062E06A20B145
:105B3000E06A1FF007FB0020E062E8001FF034FA83
:105B4000A06200BFA06A18B900BF00BF00BFFEE797
:105B500000BF68001FF028FAE06200BFE06A18B9D1
:105B600000BF00BF00BFFEE700BFA06A08B1E06A47
:105B700000B900256900E06A1FF0FBFC258600BF24
:105B8000CBE700000A0000002DE9F84F81460E46E1
:105B9000924699F8090000F00700022801D130462A
:105BA00000E050468346564501DD304600E0504651
:105BB0000746032000EB470020F0030000F110052A
:105BC0003948006839490968A0EB0108002405EB51
:105BD000080037490968884206D23348046860687B
:105BE00020F0004060603AE031480068854221D8EA
:105BF00013E04FF0FF300090002269462D480FF06F
:105C000035FD002269462C480FF030FD264800681B
:105C100026490968A0EB010800BF08EB05002449EC
:105C200009688842E5D820480468606820F0004090
:105C3000606014E028461FF0B7F9044600BF1CB9A5
:105C400000BF00BF00BFFEE700BF14B90020BDE8E1
:105C5000F88F606820F0004000F10040606032463C
:105C60005946484601F0E2FE2060606800F040407E
:105C7000401C6060606820F080406060A781A4F8EC
:105C80000EB06068C00F20B1204600F11001A16085
:105C900008E0054800681030A06003480068284408
:105CA000014908602046D2E75C010020B8020020CC
:105CB00058010020C90D0108AD580108F0B585B0A4
:105CC00006460D463446002004900390029094F856
:105CD0003C0000F0030020B1012838D0022866D033
:105CE00000BF94F83C0000F003005A49097888424C
:105CF0001BD02620005D00EB001000EB40001421BB
:105D000090FBF1F0544908702720005D00EB001073
:105D100000EB4000142190FBF1F05049087094F81A
:105D20003C0000F003004B49087002A803A9CDE92C
:105D3000001005EB45014FF6FF7202EA410004AB8B
:105D400046490A78444909780AF014FD5FE094F85E
:105D50003C0000F003003F49097888421AD0A08C2B
:105D600000EB400040024FF4B471B0FBF1F03C494D
:105D700008802720005D00EB001000EB400014219C
:105D800090FBF1F03549087094F83C0000F00300F6
:105D90003049087002A803A9CDE90010E9B204ABAC
:105DA0002E4802782E4800880AF0E4FC2FE094F890
:105DB0003C0000F003002749097888421AD0A08CE3
:105DC00000EB400040024FF4B471B0FBF1F0244905
:105DD00008802620005D00EB001000EB400014213D
:105DE00090FBF1F01C49087094F83C0000F00300AF
:105DF0001849087002A803A9EAB204ABCDE9001063
:105E000015480178164800880AF0B4FC00BF00BFAE
:105E10009DF810009DF80C109DF80820D708BDF8DB
:105E2000003067F304038F080093BDF8003067F378
:105E30004A13C7080093BDF8003067F3CF230093DF
:105E4000BDF800703B460193BDF80410084605B04C
:105E5000F0BD00000E0200200C0200200D02002008
:105E60000A02002010B50120074908700748FEF714
:105E7000A6FC20B90648006828F00AFF03E00448A1
:105E8000006828F011FF10BDA0020020D0C500203E
:105E9000A402002010B5044694F83E00C0F3400070
:105EA00050B9A08F002807DDA08F4FF6FF71884200
:105EB00002D0A08F401EA087A08FA8B9606B20B130
:105EC00094F83E00C0F3400070B121461748FEF739
:105ED000F5FCFFF7C7FFE06810B12046E16888478E
:105EE00020461FF02FF91FE0A06B4042E062606B7C
:105EF000D0B194F83E10C1F3400111B9216B494271
:105F0000E16294F83E104908C94394F83E2061F3D9
:105F1000410284F83E20E069616AE1616062A06A42
:105F2000616BA162606300BF10BD0000D0C500209E
:105F30002DE9F04180464248006828F025FD0646DC
:105F40004048007880F001003E4908703E48FEF766
:105F500036FC04466BE000203C49087094F83E0093
:105F6000C0F3800037490978884253D0354801781A
:105F70002C34A07C61F38200A07420688719A07C77
:105F80002C3CC0F3C00010BBE06A00281FDC002FCF
:105F90001DDB94F83E0000F0010060B9206950B1AB
:105FA0002046216988470546E0692844E061606A27
:105FB0002844606200BFA06810B12046A1688847ED
:105FC00094F83E0020F00800083084F83E00E06AB3
:105FD0003044E062E06A00281BDBD4E90A10884202
:105FE00001DDA06AE0622046A16988470546206A73
:105FF000A84206D02562606818B12946D4E900029B
:106000009047D4E90A10884202DB2046FFF742FF9E
:1060100000BF00BF0D48007820B10B48FEF7CFFB52
:10602000044604E021460848FEF7E1FB0446002C44
:1060300091D128F0B6FC02490860BDE8F08100006B
:106040009C020020A1020020D0C50020A002002058
:10605000F7B582B004460E4614B9049805B0F0BDF9
:1060600000BF63223146204622F042FD0190019D8F
:1060700000BFBDB12868A8B100BF642231462046E8
:1060800022F036FD01900198C0B207464FB13A4662
:106090002B682846049998470190BDF80400ADF894
:1060A000100000BF0498D9E770B504460D4660683B
:1060B00018B129466068FFF7F7FF206818B1294634
:1060C00020462268904770BD70B505460C46A1B2C7
:1060D000284614F04DF970BD70B505460C46A1B2C6
:1060E000284614F096F970BD10B50DF083FC10BD74
:1060F00070B505460C46164606E028466A1C95B261
:1061000000F008F804F8010B301EA6F101018EB270
:10611000F3D170BD70B5044600260DF035FD211297
:10612000A02202EB4101C8B20DF0F6FC0DF074FDA7
:106130002546E11704EB11610912A4EB0121C8B255
:106140000DF0EAFC0DF068FD0DF01EFDA1200DF034
:10615000E3FC0DF061FD00200DF0AEFC06460DF0F5
:106160003BFD304670BD70B505460C46164606E050
:106170002178284600F009F8681C85B2641C301E9E
:10618000A6F101018EB2F3D170BD70B504460E4682
:106190000DF0FAFC2112A02202EB4101C8B20DF071
:1061A000BBFC0DF039FD2546E11704EB1161091226
:1061B000A4EB0121C8B20DF0AFFC0DF02DFD30466F
:1061C0000DF0AAFC0DF028FD0DF006FD0A2001F0EF
:1061D000BDFF70BD70B504460D4600BF204600F0FF
:1061E0003BF818B100BF00BF00BFFEE700BF284664
:1061F00000F050F9001D616808446060204600F01E
:106200003AF8204670BD70B505460C46284600F0A9
:1062100041F904F11001884201D3012070BD002032
:10622000FCE70146A1F1080070477CB505460C4625
:10623000204600F02FF906466A4601A929F044FDE0
:1062400021462846DDE900320EF092FD7CBD014674
:10625000087900F00100704710B50446204600F0B0
:1062600019F908B9012010BD0020FCE701460879A2
:1062700000F00200704770B50446204600F097F821
:1062800005462C60284670BD7CB506460C460020AD
:106290000190009000256CB16A4601A9204629F0C2
:1062A00030FD01980A2805DA6A4601A930462BF02C
:1062B000EFFE054685B100BF284600F0EBF8A0428E
:1062C00003D200BF00BF00BFFEE700BF2946304633
:1062D000DDE900322BF044FB28467CBD70B5044656
:1062E0002046FFF7C8FF0546284600F0BEF82046C6
:1062F00000F0B6F870BD70B50446204600F057F8BF
:106300000546284600F0B6F8204600F0BEF870BDFD
:1063100070B506460D46284600F049F8044600BF11
:106320001CB900BF00BF00BFFEE700BF2046FFF75B
:106330008EFF90B100BF2846FFF78EFF18B100BF57
:1063400000BF00BFFEE700BF2146304600F076F8F0
:1063500021462846FFF73EFF0546284670BD70B52A
:1063600006460D462846FFF781FFF0B1284600F0AB
:1063700057F8044600BF1CB900BF00BF00BFFEE7CE
:1063800000BF00BF2046FFF762FF18B900BF00BF83
:1063900000BFFEE700BF2146304600F04FF8294617
:1063A0002046FFF717FF054600BF284670BD2DE9C0
:1063B000F0410446204600F06DF8061F204600F02C
:1063C000B8F80746314629F059FF054600BF204678
:1063D000FFF742FF18B100BF00BF00BFFEE700BFDC
:1063E0002846BDE8F0812DE9F04106460C461546E9
:1063F000002794B100BF1DB900BF00BF00BFFEE77A
:1064000000BF2A462146304600F097F82046FFF7A5
:1064100072FF204600F08DF807463846BDE8F0814F
:1064200010B5044600BF2046FFF720FF18B900BF93
:1064300000BF00BFFEE700BF206810BD7CB5054669
:106440000C46204600F026F806466A4601A929F0C7
:106450003BFC21462846DDE900322BF081FA7CBD69
:10646000416841F0010141607047416841F002011B
:1064700041607047416821F0020141607047426805
:1064800002F003030B4343607047416821F00101B0
:10649000416070470146486820F0030070472DE9CD
:1064A000F04706460C46304600F043F88046211F70
:1064B00029F0E4FE07463046FFF7ECFF211D451AA0
:1064C00000BF384600F035F88146384600F031F814
:1064D00080460421FFF7DDFA814503D000BF00BFED
:1064E00000BFFEE700BF00BF3046FFF7D3FF29190A
:1064F000091D884203D000BF00BF00BFFEE700BFF8
:1065000029463846FFF7BBFF00BF3846FFF7C2FFFA
:106510000C2803D200BF00BF00BFFEE700BF21462A
:106520003046FFF7ACFF3846FFF7D8FE3846BDE8E7
:10653000F087014601F1080070472DE9F041064659
:106540000C46154600BF2046FFF781FE18B900BF74
:1065500000BF00BFFEE700BF29462046FFF753FEFD
:1065600078B129462046FFF79AFF07462046FFF7F5
:1065700082FE3846FFF779FF39463046FFF755FE71
:1065800000BFBDE8F0812DE9F04106460C461546F6
:1065900000BF2046FFF75BFE18B100BF00BF00BF81
:1065A000FEE700BF29462046FFF72DFE88B12946A9
:1065B0002046FFF774FF07463846FFF75BFF394672
:1065C0003046FFF7A5FE074639463046FFF72DFE59
:1065D00000BFBDE8F0812DE9F843064634461CF0C3
:1065E00083FD804640461CF0C4FD78BB30461AF05F
:1065F000EEF838B3304619F066FF208FE18E8842FE
:1066000012D0E08E2087E08E00906A461C21304632
:106610001AF0CAFB0746012F02D03846BDE8F883BE
:10662000304623F086F800BF40461CF0B2FD054618
:10663000042D06D1304620F0DDFE074600211BF078
:1066400046FB09E030461AF025F905E0FFE7208F08
:10665000E086304623F06DF80120DFE72DE9F041B8
:10666000044620461AF09AFB0546284620F01CFFF7
:106670000646284614F02AFF0746012239463046CE
:1066800027F03AFBBDE8F0810146C1F3C010704726
:106690000146C1F3801070470146C1F3C010704736
:1066A0000146C1F3002070470146C1F3C0007047A6
:1066B0000146C1F3401070470146C1F340207047C6
:1066C0000146C1F3003070470146C1F30010704726
:1066D0002DE9F04F89B004460D460021204620F0F8
:1066E0007EFD30B91C2128461EF043FF09B0BDE8ED
:1066F000F08F2946204600F00BFB2946204600F08B
:106700007DF80021204621F09DFF089000212046C1
:1067100022F01EF907900021204621F053FD0128A8
:1067200000D100E0002081460021204622F0C6FB77
:1067300007460021204621F033FE064642F2D17082
:10674000874205D1608CC0F3802008B9012000E0A9
:1067500000208246204620F0E2FD069000BF4FF068
:106760000008244802884146204622F0C1F90390DF
:106770000398C0B200BF8346AA6829692868CDE99A
:106780000209CDE900125A465146089B06980CF0C2
:1067900093FC288342F2D170864205D1608CC0F30D
:1067A000402008B9012000E000200590204620F09C
:1067B00097FD049000BF4FF000080F480288414643
:1067C000204622F095F903900398C0B200BF83469B
:1067D0000023EA6869686869CDE90213CDE900021F
:1067E0005A46079BDDE904010CF066FC688300BF94
:1067F0007CE7000082010020860100202DE9F34F94
:1068000087B00C4607980BF075FC8046079820F07F
:1068100086FD0690404601F084F920612169480018
:106820001EF0FCFB2060216948001EF0F7FBA06011
:10683000002548E05848029038F9150041F69A7151
:1068400088423FD10020019029E00199079820F06B
:10685000C6FC00905149009822F0D9FB00B11BE022
:1068600000980BF065FC8246BAF1010F00D013E0EE
:1068700000980BF04DFC8346AB4500D00CE000982F
:1068800022F05DFB0299884201DA029802E000984A
:1068900022F055FB029000BF0198401C0190079820
:1068A00020F0BBFC01998842CFD80298002804DB75
:1068B0000298A16821F8150003E00021A06820F8E3
:1068C000151000BF6D1C2069A842B3D80026B14640
:1068D00000251BE038F9150041F69B71884202DB68
:1068E000411A0E4411E041F69A71884206D1A1681E
:1068F00031F8151049440FFA81F906E0A16821F832
:10690000150009EB00010FFA81F96D1C2069A842FE
:10691000E0D80021079821F095FE05902169491ED5
:10692000DDE9050200FB112000B206900698A0EBFD
:10693000090007B2002F00DA00274FF0FF30049063
:1069400000200390002513E038F9150041F69B71F3
:1069500088420CDB421A11B207FB01F2B2FBF6F2DD
:1069600012B2A36823F815200495039100BF6D1C93
:106970002069A842E8D8049800280ADB0398301A56
:106980007843B0FBF6F0381A01B2A268049822F8F6
:10699000101009B0BDE8F08F01E0FFFF0100060014
:1069A0002DE9FC5F054600221146284623F086FFAC
:1069B0000021284621F06DFC81460021284621F067
:1069C000EEFF484407B20021284621F09FFD4844CD
:1069D0000FFA80FA284621F05BFB384450440FFA46
:1069E00080FB3B4E284620F018FC01904FF0000839
:1069F0005CE0A868006850F828403649204622F03C
:106A000006FB00B150E0204622F010FF002839D1EB
:106A10000021204621F06EFB0090009830B1012843
:106A200007D0022804D0032815D100E000BF00BF22
:106A300000BFB4F91A10B5F91600081A401CB0428C
:106A400001DA304605E0B4F91A10B5F91600081A53
:106A5000401C06B214E00021204622F063FA70B90F
:106A600004F1140013F0AFFD3844B04201DA3046AF
:106A700004E004F1140013F0A6FD384406B200BF90
:106A800000BF10E0B4F91A10B5F91600081A401C3E
:106A9000B04201DA304605E0B4F91A10B5F9160033
:106AA000081A401C06B200BF08F101080198804591
:106AB0009FD30748864209D006EB0A0006B25E451E
:106AC00002DD3046BDE8FC9F5846FBE75846F9E733
:106AD00001E0FFFF010004002DE9FC5F05460022F4
:106AE0001146284623F0CEFE0021284621F0D1FB96
:106AF00082460021284621F08FFE50440FFA80F88C
:106B00000021284621F0DFFD50440FFA80F9284685
:106B100021F0CEFA4844404400B20190724C28461D
:106B200020F07BFB83460021284621F024FB01282E
:106B300066D100265BE0A868006850F826706B49B3
:106B4000384622F064FA00B150E0384622F06EFE7A
:106B5000002839D10021384621F0CCFA0090009865
:106B600030B1032805D0062804D0082815D102E04A
:106B700000BF00BF00BFB5F91800B7F91410401AE4
:106B8000401CA04201DA204605E0B5F91800B7F92B
:106B90001410401A401C04B214E00021384622F0C0
:106BA000B4F970B907F1140013F080FD4044A0421D
:106BB00001DA204604E007F1140013F077FD4044A9
:106BC00004B200BF00BF10E0B5F91800B7F9141007
:106BD000401A401CA04201DA204605E0B5F9180031
:106BE000B7F91410401A401C04B200BF761C5E4571
:106BF000A1D33D48844269D004EB090004B265E0AA
:106C000000265BE0A868006850F8267037493846CF
:106C100022F0FDF900B150E0384622F007FE80BBBB
:106C20000021384621F066FA0090009830B1012822
:106C300005D0042804D0072815D102E000BF00BF0A
:106C400000BFB7F91800B5F91410401A401CA04253
:106C500001DA204605E0B7F91800B5F91410401A1A
:106C6000401C04B215E00021384622F05BF978B9E7
:106C700007F1140013F01AFD4844A04202DA20463E
:106C800005E008E007F1140013F010FD484404B2D9
:106C900000BF00BF10E0B7F91800B5F91410401A92
:106CA000401CA04201DA204605E0B7F91800B5F90A
:106CB0001410401A401C04B200BF761C5E45A1D3DC
:106CC0000948844202D004EB080004B2064884421A
:106CD00002D10198BDE8FC9F0198844201DD204665
:106CE000F8E70198F6E7000001E0FFFF010004006B
:106CF00010B5044620681EF00DFA60681EF00AFA0E
:106D0000A0681EF007FAE0681EF004FA10BD00004B
:106D10002DE9F34F87B00C4607980BF0DBFF804658
:106D2000404600F0FEFE6061616948001EF076F9A1
:106D30006060616948001EF071F9E060002548E07C
:106D40005948029038F9150041F69A7188423FD1AE
:106D50000020019029E00199079820F040FA009066
:106D60005249009822F053F900B11BE000980CF052
:106D700079F88246BAF1010F00D013E000980CF0C8
:106D800061F88346AB4500D00CE0009820F03CFB56
:106D90000299884201DA029802E0009820F034FB60
:106DA000029000BF0198401C0190079820F035FA2E
:106DB00001998842CFD80298002804DB0298E16844
:106DC00021F8150003E00020E16821F8150000BF5C
:106DD0006D1C6069A842B3D80026B14600251BE0AF
:106DE00038F9150041F69B71884202DB411A0E44C6
:106DF00011E041F69A71884206D1E16831F8151028
:106E000049440FFA81F906E0E16821F8150009EB21
:106E100000010FFA81F96D1C6069A842E0D80021D9
:106E2000079821F095FD0690079820F059FA014641
:106E30006269521E069800FB121000B20590059878
:106E4000A0EB090007B2002F00DA00274FF0FF3057
:106E5000049000200390002511E038F9150041F658
:106E60009B7188420ADB421A11B207FB01F2B2FBA6
:106E7000F6F212B2E36823F8152000BF6D1C6069BA
:106E8000A842EAD8049800280ADB0398301A78430D
:106E9000B0FBF6F0381A01B2E268049822F810103C
:106EA00009B0BDE8F08F000001E0FFFF010006001F
:106EB0007CB504460D46164628882189084400B250
:106EC000ADF8000068886189084400B2ADF802009E
:106ED000A8882189084400B2ADF80400E8886189D7
:106EE000084400B2ADF806003246694620466369A0
:106EF00098477CBDF8B505460E462C46206B10B170
:106F0000206B007818B9606B08B90120F8BD606B80
:106F100058B1284627F0E5FA07461049096888471E
:106F2000616B884201D30020F0E7206B98B100200C
:106F300000900AE069460A4A206B126890470746AB
:106F4000B74201D10120E1E700BF206B0099405C0E
:106F50000028EFD1DAE70120D8E70000F80200208E
:106F6000E80200202DE9FF4F8FB00F46209DF878F2
:106F700000F0010008B1FA4800E0FA480E90F878F5
:106F800000F0010008B1F84800E0F8480D90F878EA
:106F900000F0010008B9F44800E0F4480C9001202A
:106FA0000B90B5E000220B9200206A88B5F804C06F
:106FB000A2EB0C0211B200261AE006EB860CEA687E
:106FC00002EB8C02127C02F0010242B906EB860C45
:106FD000EA6802EB8C029289024410B207E006EBE9
:106FE000860CEA6802EB8C0212898A1A11B2761CAE
:106FF0002A69B242E1D8002685E006EB860CEA68F1
:1070000002EB8C02127C02F00102002A7AD191FB81
:10701000F0F80FFA88F306EB8609D5F80C8008EB38
:107020008908B8F80C8008FB03F80FFA88F206EB21
:107030008609D5F80C8008EB8908B8F9049006EBAE
:10704000860AD5F80C8008EB8A08B8F906809045C6
:1070500001DD904607E006EB860AD5F80C8008EBC8
:107060008A08B8F90680C14508DD06EB8609D5F81F
:107070000C8008EB8908B8F9048013E006EB860958
:10708000D5F80C8008EB8908B8F90680904501DD39
:10709000904607E006EB8609D5F80C8008EB8908D6
:1070A000B8F90680C44694450BD04FF0010806EBB2
:1070B000860AD5F80C9009EB8A09C9F81080CDF83A
:1070C0002C8006EB8609D5F80C8008EB8908A8F817
:1070D00008C006EB8609D5F80C8008EB8908B8F8DB
:1070E0000C80A0EB08080FFA88F006EB8609D5F8AB
:1070F0000C8008EB8908B8F80880A1EB08080FFAA3
:1071000088F100BF761C2A69B2423FF676AF00BF15
:107110000B9800287FF446AF00210F9821F045F826
:10712000012800D100E000200A900020099008907A
:1071300008A809A9CDE9001029890BB2B5F90220E8
:1071400038781E9929F09DF8F87800F0010048B1D0
:107150000A9838B10F9820F0E2F8BDF824100844DE
:1071600000B2099011990F9820F039F804468AE18D
:107170007F49204621F04BFF40B1F878C0F38001F1
:1071800011AA0F980BF0E1FB04467CE10021204698
:1071900021F0DCF807900798002858D000200390D1
:1071A000002610E006EB8601E86850F82100A042B6
:1071B00008D106EB8600E96801EB8000B0F9080011
:1071C000039003E0761C2869B042EBD800BFF87842
:1071D00000F0010030B1608C20F4806000F5806028
:1071E000608405E0608C20F4007000F5007060841D
:1071F00004F114000D9988470399884226D020464F
:1072000022F097FA00BFA08AADF80400E08AADF83A
:107210000600208BADF80800608BADF80A0000BFB7
:1072200004F114000E9A0399904701AA29212046DF
:1072300019F0BAFD204620F037F9224622210090AD
:1072400019F0B2FD204622F074FA00BF07E0608C0E
:1072500020F480606084608C20F4007060840020E2
:1072600006907878012812D0022819D104F1140070
:107270000C998847B5F90010491C21F00101081A42
:10728000039000EBD070401000B2069009E004F1CA
:1072900014000C9988472988081A00B2069000E06B
:1072A00000BF00BFF87800F0010050B10A9840B16B
:1072B00004F114000D998847BDF82410081A00B293
:1072C00009900020039043F20C022046039921F01C
:1072D0000FFC029002980FFA80F800BF0020039084
:1072E00043F20D022046039921F002FC029002981D
:1072F0000FFA80F900BF204621F021FE05902046BC
:1073000020F082F8049008F4C040B0F5005F01D18D
:10731000012000E0002030B128F4C040B0F5FA6F41
:1073200001DC012000E0002090B128F4C040B0F55D
:107330007A7F04DD28F4C040C0F57A7001E028F4BB
:10734000C04005994843642190FBF1F00FFA80F8A2
:1073500009F4C040B0F5005F0CD101200BE0000043
:10736000EBA70108DFA701082BA701081BA601084E
:1073700001000600002030B129F4C040B0F5FA6FDA
:1073800001DC012000E0002090B129F4C040B0F5FC
:107390007A7F04DD29F4C040C0F57A7001E029F459
:1073A000C04004994843642190FBF1F00FFA80F942
:1073B000A18A1C98401A40440FFA80FAE18A1D986D
:1073C000401A48440FFA80FBF87800F0010010B131
:1073D000BDF9240000E0069850440FFA80FAF878CE
:1073E00000F0010008B1069801E0BDF924005844FE
:1073F0000FFA80FBBAF1000F02D1BBF1000F1BD0D6
:10740000204622F096F9A08A504400B2A082208B38
:10741000504401B22183E08A584401B2E182608B7A
:10742000584401B26183204622F083F901235A4671
:107430005146204622F05AFAF87800F0010008B1CF
:107440000A9870B904F114000D9988471F990844EF
:10745000BDF820100844BDF82410084400B209907B
:1074600008E0BDF820101F980844BDF82410081A41
:1074700000B20990F878C0F3800111AA0F980BF0C0
:1074800064FA044600BF24B1DDE9111081427FF4A3
:107490006FAE13B0BDE8F08F2DE9F04F8DB005460B
:1074A0008946B9F1000F02D10DB0BDE8F08FA5F803
:1074B0001890286810B128681DF044FE09EB4901B6
:1074C000062202EB41001DF06FFD286000BF286816
:1074D00018B900BF00BF00BFFEE700BF28686860A2
:1074E0000221286801FB0900801CE860042128684B
:1074F00001FB0900001DA860B9F1010F0CD1B420F7
:10750000696808700020E96808800120E9684880FF
:107510000020A9680880C7E709F10101C8001DF033
:107520007DFD074609F1010007EB80084FF0000AD6
:107530004FEA890002B20BA90CA800F067F90024F9
:10754000BDF930008010079000200390CCE00026A9
:1075500016E00BA90CA800F061F90CA800F04BF99B
:1075600000B90FE0BDF93000801007A941F82600EE
:10757000BDF8300000F0030003A941F82600761C96
:10758000042EE6DB00BF042E00D0B3E00A99079872
:10759000884219D1079800B227F814000FFA8AF030
:1075A00028F81400DDE90301084405990844069908
:1075B0000844696808556868005D0007000E69683E
:1075C0000855601C04B28DE0DDE9070188422CD02B
:1075D000079800B227F814000FFA8AF028F8140070
:1075E0000398696808556868005D0007000E6968BF
:1075F0000855601C04B20798401E00B227F814001A
:107600000FFA8AF028F814000498001D0599084420
:1076100006990844696808556868005D0007000E0F
:1076200069680855601C04B25CE0099907988842B3
:107630002CD0079800B227F814000FFA8AF028F827
:107640001400DDE903010844696808556868005DB5
:107650000007000E69680855601C04B20798401EB8
:1076600000B227F814000FFA8AF028F814000598E1
:10767000083006990844696808556868005D000785
:10768000000E69680855601C04B22BE0079800B230
:1076900027F814000FFA8AF028F81400DDE9030136
:1076A000084405990844696808556868005D000742
:1076B000000E69680855601C04B20798401E00B2AD
:1076C00027F814000FFA8AF028F8140006980C30F6
:1076D000696808556868005D0007000E696808550C
:1076E000601C04B20AF1010A0CA800F084F800281A
:1076F0007FF42DAF00BF40F2D32109FB01F00290CF
:10770000029880120190601E37F910100198814292
:1077100005D1601E38F910100198814226D0DDE9AC
:107720000121A1EB8220B0F5007F04DC00FB00F119
:107730004800001407E0C0F5806000FB00F148003D
:107740000014C0F10F00019909B227F81410019933
:1077500009B228F814106A6810556968095D0907AC
:10776000090E6A681155611C0CB200BFA61E0EE01E
:1077700038F8160027F8140037F8160028F8140017
:107780006868805D69680855761E601C04B2002E2A
:10779000EEDA4FF0000B00260020E968088023E0B5
:1077A000E96821F81B6037F81600A96821F81B006A
:1077B00010E0A86830F81B0037F91610884203DA89
:1077C000A86830F81B0001E037F91600A96821F815
:1077D0001B00761C38F91600584501D1A642E8DB9B
:1077E0000BF101000FFA80FBA642D9DB38461DF0F1
:1077F00091FC00BF58E60146B1F90200B1F9002042
:10780000904201DC012070470020FCE70280002349
:107810004380C2F101031BB20B807047B1F9002015
:10782000002A07DC0B8842885200D21C1A4412B28C
:107830000A800CE042880388D21A5200521D0B883D
:107840001A4412B20A800288521E12B20280428882
:10785000521C12B24280704737B582B01546022DD5
:1078600004DCBDF80C10084605B030BDBDF80C00B6
:10787000C00ABDF8081000EBD1241F2C01D220460D
:1078800000E01F20BDF8081060F3CF210291BDF881
:107890000C00C0F34510BDF80810C1F345114418A1
:1078A0003F2C01D2204600E03F20BDF8081060F3D5
:1078B0004A110291BDF80C0000F01F00BDF808103D
:1078C00001F01F0144181F2C01D2204600E01F20A8
:1078D000BDF8081060F304010291FF2D03D1BDF83B
:1078E00008100846C0E72A46DDE9020114F0F6FF59
:1078F0000190BDF804100846B6E717B581B01446EC
:10790000022C04DCBDF80810084604B010BDBDF818
:107910000400C00ABDF80810C90A10FB01F04109B3
:10792000BDF8040061F3CF200190BDF8040000F021
:107930001F00BDF8081001F01F0110FB01F0410904
:10794000BDF8040061F304000190BDF80400C0F329
:107950004510BDF80810C1F3451110FB01F0810975
:10796000BDF8040061F34A100190FF2C03D1BDF86B
:1079700004100846C9E72246DDE9010114F0AEFF14
:107980000090BDF800100846BFE737B582B0154635
:10799000022D04DCBDF80C10084605B030BDBDF862
:1079A0000C00C00ABDF80810A0EBD124002C01DDAA
:1079B000204600E00020BDF8081060F3CF210291BE
:1079C000BDF80C00C0F34510BDF80810C1F3451117
:1079D000441A002C01DD204600E00020BDF808100C
:1079E00060F34A110291BDF80C0000F01F00BDF8D1
:1079F000081001F01F01441A002C01DD204600E0B0
:107A00000020BDF8081060F304010291FF2D03D19E
:107A1000BDF808100846C0E72A46DDE9020114F067
:107A20005DFF0190BDF804100846B6E708B50346AF
:107A300000930098484080EA620008BD2DE9F84FA5
:107A40008046404619F0AAF98246404619F045F9A9
:107A5000064650461FF028FD81462B2E09D1484688
:107A600026F03DF9044600222146484626F044F916
:107A70003AE00A2E38D1694650461FF097FD50462D
:107A80001FF04DFC04460021484620F0A8FB0128C9
:107A90000AD1204604EBD071BDF90020C2EB610190
:107AA00091FBF4F10DB209E0204604EBD071BDF971
:107AB000002002EB610191FBF4F10DB2002D00DA20
:107AC00000250027484626F00AF9A84200D00127E1
:107AD00001222946484626F00FF927B100221C2131
:107AE000484619F061F900BFBDE8F88F10B5806015
:107AF000C06000230361002110E0002400F11403A2
:107B000043F82140002206E000F13C0303EBC113DF
:107B100043F82200521C202AF6DB491C0A29ECDB20
:107B200010BD0146002000E0401C31F9102041F654
:107B3000FF739A42F8D1704710B500BF00224FF48E
:107B400000611148FAF7F4F800BF00F021F800BF17
:107B5000012211460D48FAF7EBF800BF00F018F8C3
:107B600000BF002201210948FAF7E2F800BF00F047
:107B70000FF800BF0122D1020348FAF7D9F800BF7D
:107B800000F006F810BD000000140240000402409E
:107B900010B5022000F0E6FA10BD000000B587B075
:107BA00000BF00BF002001901A48006840F00200AA
:107BB000184908600846006800F00200019000BF04
:107BC00000BF00BF00BF00BF002001900846006852
:107BD00040F0200008600846006800F02000019096
:107BE00000BF00BF00BF01200290112003900120C0
:107BF00004900320059002A90748F9F785FF4FF488
:107C00000060029002A90548F9F77EFF00F0BEF877
:107C100007B000BD303802400004024000140240AA
:107C200010B500BF0122D1020C48FAF781F800BF5D
:107C3000FFF7AEFF00BF012211460948FAF778F8B6
:107C400000BFFFF7A5FF00BF002201210448FAF79B
:107C50006FF800BFFFF79CFF10BD0000001402404A
:107C60000004024070B50546002400261DE06006B1
:107C7000040E00BF012211461148FAF759F800BF5F
:107C8000FFF786FF4FF400610E48FAF73FF808B19E
:107C9000601CC4B200BF002201210948FAF748F86D
:107CA00000BFFFF775FF701CC6B2082EDFDB15B9E9
:107CB000FFF7B6FF01E0FFF73FFF204670BD000071
:107CC000000402400014024070B50446002525E07F
:107CD00000BFE00928B10122D1021548FAF728F8BF
:107CE00005E000224FF400611148FAF721F800BFC7
:107CF000FFF74EFF00BF012211460E48FAF718F8B1
:107D000000BFFFF745FF00BF002201210948FAF735
:107D10000FF800BF6006040E681CC5B2082DD7DB43
:107D200000BF0122D1020248FAF702F800BF70BD7D
:107D3000001402400004024010B500BF0122D1022D
:107D40001048F9F7F5FF00BF00BF012211460E48A9
:107D5000F9F7EEFF00BFFFF71BFF00BF00224FF453
:107D600000610848F9F7E4FF00BFFFF711FF00BF0B
:107D7000002201210448F9F7DBFF00BFFFF708FFED
:107D800010BD0000001402400004024010B500BF06
:107D900000224FF400610C48F9F7CAFF00BFFFF75B
:107DA000F7FE00BF012211460848F9F7C1FF00BFE6
:107DB000FFF7EEFE00BF0122D1020348F9F7B8FF3A
:107DC00000BFFFF7E5FE10BD0014024000040240B2
:107DD00070B50024002500BF0122D1021648F9F732
:107DE000A7FF00BFFFF7D4FE00BF012211461348D2
:107DF000F9F79EFF00BFFFF7CBFE09E0601CC4B29D
:107E0000FA2C03DDFFF7C2FF012508E0FFF7C0FEF3
:107E10004FF400610848F9F779FF0028EED100BF60
:107E200000BF002201210548F9F782FF00BFFFF7DC
:107E3000AFFE284670BD000000140240000402405E
:107E40007CB506460D4634465020005D00F001002A
:107E5000A84233D00DB1012000E000205021095D7F
:107E600060F300015020015504F14401684612F00E
:107E70009AFBBDF80000616A898A084400B2ADF837
:107E80000000BDF80210606AC08A084400B2ADF874
:107E90000200BDF80400616A898A084400B2ADF8A6
:107EA0000400BDF80610606AC08A084400B2ADF84C
:107EB00006006946304621F076FC00BF7CBD37B530
:107EC00082B0054614462146039814F091FB0190B8
:107ED000BDF80410084605B030BD2DE9FF4F8DB048
:107EE00005460E461446F07A022803DC012011B044
:107EF000BDE8F08F3089326901460C901098FCF78C
:107F000087F907460FB90020F1E7397D01F01F001E
:107F10001AF0B9F810B14FF006080AE0397D01F007
:107F20001F001AF093F810B14FF0050801E04FF070
:107F30000408386A38B100BF00BF214628463A6AB3
:107F40002AF0A7FADEE0B869002859D021460BA82C
:107F500012F0F3FA308818B97088B0F5807F32D00B
:107F6000204612F0CDFB834600BFE0886188401AAE
:107F7000401C00B20890301D7188CDE90010308897
:107F800003B259460BA8089AFBF76CFCBDF82C000D
:107F90002188084400B2ADF82C00BDF82E0061889D
:107FA000084400B2ADF82E00BDF830002188084426
:107FB00000B2ADF83000BDF832006188084400B26C
:107FC000ADF8320000BF0BAA09A8A968FBF754F965
:107FD0008146B9F1000F04D1384601F03AFC012086
:107FE00085E7D5F808A009A8A860CDF8008022464A
:107FF00031462846BB6915F03DFDC5F808A081E073
:1080000022460BA8A968FBF737F90A900A9820B90D
:10801000384601F01EFC012069E70BA812F070FB46
:1080200009900BA812F06CFB00EB400003901CF0D1
:10803000F5FF8146D5F808A00BA907A812F07DFA34
:10804000012107A812F0CBFBBDF92C00B4F90010F8
:10805000401A0690BDF92E00B4F90210A0EB010BF6
:10806000BDF92E00059042E007AA514602A8FBF791
:1080700003F90A900A9800B936E0CDF80090099803
:1080800003B20FFA8BF2069801B238461AF028FDB7
:108090000490049801280ED038461AF041FC00BF25
:1080A00000BF48461DF036F8384601F0D2FBC5F84F
:1080B00008A000201BE702A8A8604B4607AA31468B
:1080C0002846CDF8008015F0D5FCBDF81E00401CF8
:1080D00000B2ADF81E00BDF82200401C00B2ADF8A1
:1080E00022000BF1010B00BF0598401C0590BDF963
:1080F000321005988142B7DAC5F808A048461DF04D
:1081000009F800BF384601F0A4FB0120EFE600BFEC
:1081100000BF704770B504460420FAF7D5FA0A4844
:10812000046025464FF47A7045434FF0E020006923
:1081300040F002004FF0E021086108464561006907
:1081400040F00100086170BD1000002030B5044609
:10815000002504E04FF47A7000F004F86D1CA5428D
:10816000F8D330BD70B5034600224FF0E0267569A4
:108170000D4E366803FB06F44FF0E026B16910E0BF
:108180004FF0E026B06988420BD0884202D20E1A26
:10819000324402E02E1A0E4432440146A24200D379
:1081A00000E0EDE700BF70BD10000020F8B5064606
:1081B0000C4615460095B4F90630B4F90420B4F91C
:1081C0000210B4F900000DF00CFD304615F012F964
:1081D000F8BD10B510F0DAF901200DF0F7FB10BD75
:1081E000F8B505462C461AF07FFF0646206B26F0B0
:1081F000CBFB3168898B88422CD2606A009094F85E
:108200003C0000F0030020B1012806D002280CD168
:1082100007E00020ADF8000007E064208DF80200C0
:1082200003E064208DF8030000BF00BF30461BF060
:108230001FF92846009914F074FF50B100221C2148
:10824000284618F0B1FD0746012F01D03846F8BD89
:1082500000BF00BF26F0A5FB20630120F7E7000068
:108260002DE9F04F9BB0074689461646BA4617A837
:1082700015F07DF94FF4A02138461FF053FF9DF80B
:10828000691060F382018DF86910304612F054FADB
:10829000054600EBD5704FEA60083088404400B2D4
:1082A000ADF858007088404400B2ADF85A00002183
:1082B000384620F0EAF81590494603A81EF044FD20
:1082C00017A80B904FF40030109033480490002012
:1082D00005900AF13000FCF797FA044657E0207940
:1082E000032800D04DE0208BADF85C00208A00B25E
:1082F000ADF85E006079FD2801DD159803E0607936
:108300001599484300128DF868002568B5F92000DA
:10831000E98B08440090B5F92030D5E90512A06832
:108320001CF02EFE8346B5F92000E98B084400902E
:10833000B5F92030D5E90512E0681CF021FE029065
:10834000608B404400B2ADF84800149416A80C901D
:1083500003AA1A21384618F027FD029880B21FFAA6
:108360008BF1CDE90010BDF8480083B216AA17A919
:10837000484615F0DEF803AA1B21384618F014FD14
:1083800000BF21460AF13000FCF738FA0446002C01
:10839000A5D11BB0BDE8F08FF4BF030870B504464B
:1083A0000D4600222946204607F082FE012229467A
:1083B000204607F07DFE02222946204607F096FC63
:1083C00004222946204607F091FC70BD2DE9F74FA5
:1083D0009EB00C46E078022802DC21B0BDE8F08FA8
:1083E0001CA8209912F0A0F8B4F9200001282EDD75
:1083F00094F82200FD282ADB208840B3BDF87000E5
:1084000014F8231F4908C1F38001084400B2ADF8F5
:108410007000BDF8720021784908C1F3400108449A
:1084200000B2ADF87200BDF8740021784908C1F3BC
:10843000C001401A00B2ADF87400BDF8760014F81F
:108440002319C1F34001401A00B2ADF876001E981E
:108450001CA982681AA8FAF70FFF00B9BDE7E07BF4
:1084600000F0070616B9A088199001E0E08819907D
:10847000BDF864106089814200D100261CA816F066
:108480005FFA18901C2111A8F8F75CFAA0788DF813
:108490005D00BDF86400ADF84C00189860B9208804
:1084A00050B94EB91CA81190E0788DF85C0011A964
:1084B0001E9817F0F5F890E7E078FD2801DBFF2023
:1084C00000E0E07810901CA812F013F90F901CA89F
:1084D00012F095F80E90DDE90E01814201DA0F9855
:1084E00000E00E980D90B4F900100D98B1EB600FFC
:1084F00002DAB4F9000001E00D98401007461AA80E
:1085000012F0F7F881464FF0FF300C9000200B90EE
:10851000002F01DC189870B148461CF07FFD0B90CD
:1085200000233AB21CA905A816F082FD002105A877
:1085300015F000FF0C90BDF86800ADF80C00BDF818
:108540006C00ADF810000B98149003A811901690D1
:10855000FF208DF85C00A01DDDE90E2119F066F901
:108560008046B8F1000F0CD0022E0AD1BDF9681078
:10857000D8F8080000EB4100BDF97010A0EB4100F5
:1085800012901898A0B3BDF96A502CE028B2ADF84B
:108590000E0028B2ADF812004A4610990B981CF054
:1085A000AEFFBDF968100FFA89F32AB20B9816F0E6
:1085B00077F98DF854009DF85400012802D102206B
:1085C0008DF85400012E09D1BDF97210691AD8F83E
:1085D000080000EB41000088ADF84C0011A91E987E
:1085E00017F05EF86D1CBDF96E00A842CEDACCE043
:1085F000FFE700255CE0BDF8720028440FFA80FA1E
:10860000BDF87600401B0FFA80FBBDF96A005045AB
:1086100004DDBDF96E00584500DA48E04A4610997D
:108620000B981CF06CFFBDF90C100FFA89F3524641
:108630000B9816F035F98DF854009DF85400012878
:1086400002D102208DF85400BDF96A00504514DCB7
:10865000ADF80EA0ADF812A0012E0AD1BDF972102E
:10866000AAEB0101D8F8080000EB41000088ADF842
:108670004C0011A91E9817F013F8BDF96E0058456B
:1086800014DBADF80EB0ADF812B0012E0AD1BDF971
:108690007210ABEB0101D8F8080000EB4100008834
:1086A000ADF84C0011A91E9816F0FAFF00BF6D1C22
:1086B000BD42A0DBBDF87000ADF80400BDF8740049
:1086C000ADF80800BDF87200384400B2ADF80600FD
:1086D000BDF87600C01B00B2ADF80A0001A816F084
:1086E0002FF900900098B0B9AEB9BDF872003844C7
:1086F00000B2ADF80E00BDF87600C01B00B2ADF8B8
:10870000120010988DF85C000020149011A91E989A
:1087100016F0C6FF38E010988DF85C0001208DF847
:108720005400BDF97600A0EB070ABDF97200C51927
:1087300027E0009870B14A4610990B981CF0DFFEB4
:10874000BDF968100FFA89F32AB20B9816F0A8F851
:108750008DF8540028B2ADF80E0028B2ADF8120022
:10876000012E09D1BDF97210691AD8F8080000EB82
:1087700041000088ADF84C0011A91E9816F090FF3A
:108780006D1C5545D5DD00BF00BF0B9810B10B988F
:108790001CF0C0FC0C98401C28B10C9816F030FD61
:1087A00005A816F0A9F8B8F1000F02D0404619F05C
:1087B00034F800BF11E62DE9F0478EB007460C46AD
:1087C0001546206910B90EB0BDE8F087A07E0228DA
:1087D00000DCF8E720691AF027FC0646022E55D186
:1087E000002041F6FF71CDE90001029003460DA87B
:1087F000D4E9041226F0C0FC284611F07AFF814625
:1088000000EBD970298801EB6000BDF9348008EBDA
:10881000D871A0EB610000B2ADF82C00BDF82C00BF
:10882000BDF834100844401E00B2ADF830002846B0
:1088300011F0E5FE814600EBD970698801EB60001C
:10884000BDF9368008EBD871A0EB610000B2ADF83D
:108850002E00BDF82E00BDF836100844401E00B2B0
:10886000ADF8320003A815F0EDFC60690390208B91
:10887000ADF81800A07E8DF82600002000900BAA0D
:1088800003A93846236915F029F9AEE00DA920693E
:108890001AF072F88046B8F1010F02D000BF00BF95
:1088A00091E707A815F0FDF8A0788DF82800208B37
:1088B000ADF82400E07E8DF82600A07E8DF827001C
:1088C000207FE8BB284611F014FF824600EBDA70E7
:1088D000298801EB60000D99C1F38A2909EBD97150
:1088E000A0EB610000B2ADF81400284611F087FE3D
:1088F000824600EBDA70698801EB60000D994FEA5F
:10890000515909EBD971A0EB610000B2ADF8160026
:10891000BDF814000D99C1F38A210844401E00B22D
:10892000ADF81800BDF816000D9900EB5150401E2F
:1089300000B2ADF81A0005AA07A93846236900E07D
:1089400002E015F05FF84FE06888ADF81600BDF85A
:1089500016000D9900EB5150401E00B2ADF81A0000
:108960003BE02888ADF81400BDF814000D99C1F360
:108970008A210844401E00B2ADF8180017E005AA8D
:1089800007A93846236915F03DF8BDF814000D9984
:10899000C1F38A21084400B2ADF81400BDF81800F4
:1089A0000D99C1F38A21084400B2ADF81800BDF951
:1089B0001400B5F904108842E1DDBDF816000D99E8
:1089C00000EB515000B2ADF81600BDF81A000D9939
:1089D00000EB515000B2ADF81A00BDF91600B5F920
:1089E00006108842BDDD00BF00BF00BFEBE62DE9E9
:1089F000F04F87B083460C46164694F822000228B2
:108A000002DC07B0BDE8F08F208C00B9F9E794F8DC
:108A10002300C0F3440000B9F3E794F8230000F00A
:108A2000010000B1EDE7304611F063FE81463046AB
:108A300011F0E5FD0746B4F90050B94501DA4846A2
:108A400000E038468246B5EB6A0F01DD4FEA6A0561
:108A5000314605A811F068FDBDF9141094F8230003
:108A6000400800F0040010B1B4F9200003E0B4F9AC
:108A7000200028444042084400B2ADF81400BDF97B
:108A8000181094F82300400800F0080010B1B4F961
:108A9000200003E0B4F9200028444042081A00B244
:108AA000ADF81800BDF9161094F82300400800F046
:108AB000020010B1B4F9200003E0B4F9200028440A
:108AC0004042084400B2ADF81600BDF91A1094F8FF
:108AD0002300C0F3400010B1B4F9200003E0B4F962
:108AE000200028444042081A00B2ADF81A00208C39
:108AF000281A0FFA80F8B8F1000F01DA4FF00008D9
:108B0000A07894F82210CDE90210E08BADF80400B3
:108B10002BB205AA31465846CDF8008000F002F885
:108B200000BF6EE72DE9FF4FA3B00D4616461F4666
:108B30003298FF2801DBFF2000E03298329028466F
:108B400015F0FEFE2290229868B967B9309850B9A6
:108B50003298009032462946319B239800F0A9FABA
:108B600027B0BDE8F08F23982946826820A8FAF73D
:108B700083FB00B9F4E720A811F0BBFD81461C215E
:108B800019A81CF0F6FC48461CF048FA1C904FF05F
:108B9000FF301890002F0ADD00233A46294612A81C
:108BA00016F046FA002112A815F0C4FB1890012314
:108BB00031460CA8309A16F03BFA00210CA815F0AB
:108BC000B9FB0B9009A819901E90BDF8C400ADF830
:108BD0006C0032988DF87C0033988DF87D00B5F9E3
:108BE00000003844B6F90010884203DDB5F90000F2
:108BF000384401E0B6F9000000B2ADF81C00B5F948
:108C00000400C01BB6F90410884203DAB5F9040069
:108C1000C01B01E0B6F9040000B2ADF82000B5F9C0
:108C200002003844B6F90210884203DDB5F90200AB
:108C3000384401E0B6F9020000B2ADF81E00B5F903
:108C40000600C01BB6F90610884203DAB5F9060023
:108C5000C01B01E0B6F9060000B2ADF8220007A87B
:108C600011F047FD0690B5F90200B6F902108842EE
:108C700001DC012000E000208246B5F90600B6F9CB
:108C80000610884201DB012000E000208346229884
:108C900000284CD0BDF88000ADF82400BDF8840059
:108CA000ADF82800BDF9824029E0BAF1000F04D1E7
:108CB000BDF91E00A04200DD20E0BBF1000F04D191
:108CC000BDF92200A04200DA1DE020B2ADF8260076
:108CD00020B2ADF82A0049461C981CF081FCBDF971
:108CE00080100FFA89F322B21C9815F0D9FD8DF887
:108CF000740019A9239816F0D3FC00BF641CBDF9B9
:108D00008600A042D1DA00BF0CA815F0F5FD0B9843
:108D100016F076FA1898401C28B112A815F0ECFD50
:108D2000189816F06DFA1C981CF0F4F918E7B5F9CC
:108D30000000B6F90010884201DC012000E00020AC
:108D40000590B5F90400B6F90410884201DB012052
:108D500000E00020049001200390059860B1049881
:108D600050B1BAF1000F07D0BBF1000F04D0069844
:108D7000322801DA0020039001208DF87400BAF146
:108D8000000F15D0039898B1BDF81C00ADF8240071
:108D9000BDF82000ADF828006888ADF8260070887E
:108DA000401E00B2ADF82A0019A9239816F078FCED
:108DB000BBF1000F15D0039898B1BDF81C00ADF8B9
:108DC0002400BDF82000ADF82800F088401C00B257
:108DD000ADF82600E888ADF82A0019A9239816F006
:108DE0005FFC059898B12888ADF824003088401EB3
:108DF00000B2ADF82800BDF81E00ADF82600BDF8A1
:108E00002200ADF82A0019A9239816F049FC04980D
:108E100098B1B088401C00B2ADF82400A888ADF825
:108E20002800BDF81E00ADF82600BDF82200ADF800
:108E30002A0019A9239816F033FC0398F0BBBDF85B
:108E40008000ADF82400BDF88400ADF82800B5F925
:108E50000200B6F90210401AB84201DA384604E0BE
:108E6000B5F90200B6F90210401A00B202900024CF
:108E700042E06888204400B20190E888001B00B2FC
:108E80000090BDF982100198814205DDBDF9861080
:108E90000098814200DA2EE049461C981CF0A0FBA5
:108EA000BDF924100FFA89F3019A1C9815F0F8FC0B
:108EB0008DF87400BDF98210019800E020E0814235
:108EC00009DC0198ADF826000198ADF82A0019A92F
:108ED000239816F0E5FBBDF986100098814209DB66
:108EE0000098ADF826000098ADF82A0019A923983B
:108EF00016F0D6FB00BF641C02988442B9DBC7E0C1
:108F0000BDF88000ADF82400BDF98410BDF91C0047
:108F1000401E814202DABDF9840002E0BDF91C0066
:108F2000401E00B2ADF8280009A811F0E2FB80460F
:108F3000B8F1000F48DD059810B9BAF1000F1ED046
:108F4000BDF9824017E020B2ADF8260020B2ADF89E
:108F50002A0041461C981CF043FBBDF924104346EF
:108F600022B21C9815F09CFC8DF8740019A9239866
:108F700016F096FB641CBDF91E00A042E3DC0598C8
:108F800010B9BBF1000F1FD0BDF92200441C17E03F
:108F900020B2ADF8260020B2ADF82A0041461C9858
:108FA0001CF01EFBBDF92410434622B21C9815F09C
:108FB00077FC8DF8740019A9239816F071FB641CD6
:108FC000BDF98600A042E3DABDF98010BDF92000AA
:108FD000401C814202DDBDF9800002E0BDF92000A5
:108FE000401C00B2ADF82400BDF88400ADF82800A4
:108FF00009A811F07EFB8046B8F1000F48DD049807
:1090000010B9BAF1000F1ED0BDF9824017E020B2AE
:10901000ADF8260020B2ADF82A0041461C981CF09D
:10902000DFFABDF92410434622B21C9815F038FC33
:109030008DF8740019A9239816F032FB641CBDF951
:109040001E00A042E3DC049810B9BBF1000F1FD052
:10905000BDF92200441C17E020B2ADF8260020B272
:10906000ADF82A0041461C981CF0BAFABDF924104C
:10907000434622B21C9815F013FC8DF8740019A910
:10908000239816F00DFB641CBDF98600A042E3DABC
:109090000CA815F031FC0B9816F0B2F812A815F0D8
:1090A0002BFC189816F0ACF81C981CF033F800BF95
:1090B00056E52DE9FF4F89B080460C461546DDF890
:1090C00058901C2168461CF054FA07A80090BDF87F
:1090D0003000ADF808008DF81890B4F90200B5F929
:1090E0000210884201DC012000E000200646B4F9AD
:1090F0000600B5F90610884201DB012000E00020DF
:109100000746B4F90000B5F90010884201DC0120DF
:1091100000E000208246B4F90400B5F9041088424A
:1091200001DB012000E0002083462088ADF81C0010
:10913000A088ADF820006088ADF81E006888401E49
:1091400000B2ADF822001EB16946404616F0A8FAFA
:10915000E888401C00B2ADF81E00E088ADF822009F
:109160001FB16946404616F09BFA2088ADF81C00F6
:109170002888401E00B2ADF8200016B1B5F90200F3
:1091800001E0B4F90200ADF81E0017B1B5F9060010
:1091900001E0B4F90600ADF82200BAF1000F03D0E7
:1091A0006946404616F07CFAA888401C00B2ADF82B
:1091B0001C00A088ADF82000BBF1000F03D0694669
:1091C000404616F06DFA0DB0BDE8F08F2DE9FF4F67
:1091D00093B00746904699464FF6FF70804502D1FE
:1091E00017B0BDE8F08F3E46746A208C1290208C38
:1091F000484506D0A4F82090608C20F00400001DA3
:1092000060844FF4802120461FF03FFD11904FF401
:10921000802120461FF0A9FD0546119818F05AF844
:109220008246384609F097FA8346BBF81600ADF837
:109230003E00BDF93E000AEB050108FB010000B24B
:10924000ADF83E00284605EBD071BDF83E20A2EBFC
:10925000610109B2ADF83E10BDF83E00504428440B
:10926000401E00B2ADF84200706A808AADF83C0042
:10927000706A008BADF8400001A815F0EFFF01AA5D
:109280004FF48021204620F0A5F80FAA01A91498D8
:1092900015F0C8FF12982084608C20F004006084D0
:1092A00000BF9DE72DE9F04F91B007460D4690466F
:1092B00099464FF6FF70804502D111B0BDE8F08F9E
:1092C0001097109F7C6A208C0F90208C484506D008
:1092D000A4F82090608C20F00400001D608407A892
:1092E00014F0B0FF07AA4FF4802120461FF097FF2B
:1092F0004FF4802120461FF038FDADF82E0038468F
:1093000009F029FA064606B9D7E7079817F0E2FFF1
:109310008246F08AADF81600BDF91600BDF92E1090
:10932000514408FB010000B2ADF81600BDF92E0053
:1093300000EBD071BDF81620A2EB610109B2ADF8C7
:109340001610BDF816005044BDF82E100844401EFB
:1093500000B2ADF81A00A08AADF81400208BADF869
:10936000180005AA03A8A968F9F786FF8346BBF190
:10937000000F13D0A868029003A8A86030461AF026
:10938000E7FD01900020009006F1140207A928468D
:10939000019B14F0A3FB0298A86000BF0F982084E3
:1093A000608C20F00400608400BF86E72DE9F04166
:1093B00005463548006814F037F804462868866B7F
:1093C000F06A10B13046F16A8847206890B1606851
:1093D00080B10CE02C4800680068806A38B12A4AE5
:1093E00012681068284A12681268916A88472069D2
:1093F0000028EFD101202061234800680068C06880
:10940000806900F0010050B11F4800680068C06822
:109410008069C0F3400010B10120606101E00020CC
:109420006061606908B1012000E0002007462868FB
:10943000406998B12868007CC0F3011048B12868E1
:10944000007CC0F3800020B1D6E9001000F01EF8C7
:1094500004E0D6E900212868FDF72AFD206880B1E4
:10946000606870B12868007C00F0010000B147B16D
:109470002168A068884202D16068A06001E020688D
:10948000A060BDE8F0810000540100202DE9F34FF9
:1094900083B004468848006805688748006800680B
:1094A000007CC0F3400040B1287CC0F3800020B1B4
:1094B00000BF00BF05B0BDE8F08F287CC0F30110ED
:1094C00002280AD121462846049A00F004F92146D0
:1094D0002846049AFDF7ECFCEBE0287CC0F3011071
:1094E000012804D0287CC0F301100328F4D1002007
:1094F00002907148006813F097FF8246204611F0F1
:10950000DCF80646204611F065F883464FF4A0507B
:10951000B0FBF6F000B2584505DA4FF4A050B0FBAE
:10952000F6F000B200E058460190B4F90280287CC1
:10953000C0F3011001280BD168882188401A401E11
:1095400000B2E080E088801B401C00B2608006E032
:109550002088608060883044401E00B2E080002790
:109560009EE0ABEB07010198814201DD019801E02B
:10957000ABEB07000FFA80F90120CAF8100047BBD7
:10958000B34526DBB146297CC1F30111032901D182
:10959000012100E0002108463146049A00F00FF94D
:1095A000287CC0F30110012807D1A4F8008008EB43
:1095B0000600401E00B2A0803FE02888401EA0EBBD
:1095C000080000B2A080A088801B401C00B2208050
:1095D00033E0029820B94FF420501BF01FFD029099
:1095E00002980090297CC1F30111032901D10121C6
:1095F00000E0002108464A463146049B00F0B2F8DC
:10960000287CC0F3011001280AD108EB070000B242
:10961000208008EB07004844401E00B2A0800CE008
:109620002888401EA0EB0800C01B00B2A080A088C4
:10963000A0EB0900401C00B2208007EB0900584550
:109640000DDBDAF8180000F0010040B1DAF818007C
:10965000C0F3400018B10120CAF8140002E0002055
:10966000CAF81400029808B9049800E0029802466B
:1096700021462846FDF71CFC04E0A86A10B12846E4
:10968000A96A8847DAF810000028F6D106FB09F12C
:10969000049800EB4100049007EB090007B200BFFB
:1096A0005F45FFF65EAF029810B102981BF032FDE5
:1096B00000BF00BFFEE600005401002018B504887A
:1096C00000940C88048014880C801C881480BDF8D9
:1096D00000401C8018BD2DE9FC5F05460C4616466F
:1096E000204610F0EAFF8246204610F073FF8346C2
:1096F0001AFB0BF001900198471E4FF0000811E093
:1097000006EB47000088009006EB470006EB480197
:109710000988018006EB4800BDF8001001807F1E1B
:1097200008F101084745EBD8B4F9069068886188CC
:10973000401A401E00B2E0806888A0EB0900401E7D
:1097400000B26080B4F9049028882188401A401E35
:1097500000B2A0802888A0EB0900401E00B2208043
:10976000BDE8FC9F2DE9F04704461D46089F01FB1C
:1097700002F0A0F1010C481E00FB02F800231AE0E1
:1097800008EB03000CB1ACEB000000260FE0A9468B
:10979000AD1C07EB400AB9F80090AAF800900CB194
:1097A000104400E0801A06F101090FFA89F68E4292
:1097B000EDDB581C03B29342E2DBBDE8F0872DE9F4
:1097C000F04782460C46154600263BE0002731E074
:1097D000601E801B0FFA80F8601EC01B0FFA80F914
:1097E000BAF1000F12D007FB048C05EB4C0308FB09
:1097F000049C05EB4C0209FB046C05EB4C0106FBD9
:10980000047C05EB4C00FFF759FF11E009FB046CE9
:1098100005EB4C0308FB049C05EB4C0207FB048C96
:1098200005EB4C0106FB047C05EB4C00FFF746FF03
:10983000781C07B2601C00EBD071B7EB610FC7DB7F
:10984000701C06B204EBD471B6EB610FBEDBBDE851
:10985000F08710B50446204619F062F810BD0000EC
:109860002DE9F14F9EB01E9817F098FA05462C4648
:109870001E9817F03AFA1D90606A1AF069FB0746C5
:109880005020005D00F0010010B91FB0BDE8F08F5E
:109890000FA815F0E3FC0FAA4FF4E02128461FF0B3
:1098A00099FD04F144010DA810F07DFEBDF83400CF
:1098B000616A898A084400B2ADF83400BDF83610F8
:1098C000606AC08A084400B2ADF83600BDF83800BE
:1098D000616A898A084400B2ADF83800BDF83A10D0
:1098E000606AC08A084400B2ADF83A000DAA0FA918
:1098F0001D9815F097FC4FF4E02128461EF00AFD54
:1099000006464FF4E02128461EF06CFF30440FFA63
:1099100080F84FF4E02128461FF0DDF830440FFABC
:1099200080F900200B900C90E16CC8191F49096860
:1099300088478246E06CC11952460BA81BF08BFC8D
:10994000BDF83400404400B2ADF83400BDF8360034
:10995000484400B2ADF836004FF0000BD4F824A014
:1099600040F25742594650461FF0C2F80190019804
:109970000A9002A814F066FC02AA4FF4E0212846DF
:109980001FF04DFC9DF83F00022805DCBDF81400D7
:10999000BDF82810884207D000200BAB0DAA02A901
:1099A00000901D9814F09AF800BF6EE7DC020020CA
:1099B0002DE9F04FBDB005460E4600BF00BFAB46D7
:1099C0000BF13000FAF76EFF10B13DB0BDE8F08F3B
:1099D00005F114023BA8B168F9F74EFC00B9F4E7B1
:1099E000B0683A903BA8B06035A814F077FC35AA6F
:1099F0004FF4E02128461FF079FC27A815F02EFC33
:109A00009DF8DC008DF89F0047F6FF70ADF89C00D4
:109A10004FF4E02128461FF05EFA074600EBD770AE
:109A20004FEA60094FF4E02128461FF054FA074638
:109A300000EBD7704FEA600A314604A81DF084F9A4
:109A400024A80A9016A808904FF4E02011906948C5
:109A50000590052006900BF13000FAF7D5FE04467C
:109A6000C0E00A2235A924A81BF0F5FB382227A95B
:109A700016A81BF0F0FBE088ADF89000E088ADF888
:109A80005C0039A80D9038A80E90607B00F00100B2
:109A900020B1B4F90070B4F9028010E0A08847F654
:109AA000FF71884200D197E0A28801AB2846A168E7
:109AB00012F064F9BDF90470BDF9068000BFA88AF0
:109AC000384407B2E88A40440FFA80F8B9F1000F31
:109AD00019D0BAF1000F16D0A7EB090000B2ADF80B
:109AE000080007EB090000B2ADF80C00A8EB0A0073
:109AF00000B2ADF80A0008EB0A0000B2ADF80E00A3
:109B000002A8079001E000200790207B00F00300EE
:109B100070B3207B00F0010010B1B5F9140000E033
:109B20003846ADF8E400ADF8E680207B00F0020096
:109B300010B1B5F9180000E03846ADF8E000BDF806
:109B4000E600ADF8E20004AA1A21284617F02CF925
:109B500038AB39AA24A9304614F0A9FB02AA16A9E9
:109B6000304615F05FFB04AA1B21284617F01CF9AC
:109B7000207B00F00C0070B3ADF8E470207B00F0A7
:109B8000040010B1B5F9160000E04046ADF8E6005B
:109B9000BDF8E400ADF8E000207B00F0080010B153
:109BA000B5F91A0000E04046ADF8E20004AA1A2117
:109BB000284617F0F9F838AB39AA24A9304614F032
:109BC00076FB02AA16A9304615F02CFB04AA1B212D
:109BD000284617F0E9F800BF21460BF13000FAF7EC
:109BE0000DFE0446002C7FF43CAF3A98B06000BFF5
:109BF000EBE60000BCBA03082DE9F14F9AB01A98C1
:109C000017F0CCF804461A9817F06FF81990204610
:109C10001FF095F9074620461DF0F6FB834607EB3B
:109C2000D771A28A02EB610109B218910BEBDB71CB
:109C30004A10E18A114409B2179107EBD7714E100F
:109C400014A814F04BFB14AA002120461FF04EFB71
:109C50004FF41D7016FB00F0552190FBF1F06421CC
:109C600090FBF1F000B2ADF85200BDF85200801C3C
:109C700000B2ADF8520000201390002120461EF0E3
:109C800060FA0546002347F6FF7204F114010DA89F
:109C900015F0CEF900210DA814F04CFB0C9000BF7C
:109CA000A08AADF82800E08AADF82A00208BADF834
:109CB0002C00608BADF82E0000BFBDF828002844B2
:109CC00000B2ADF82800BDF82C00401B00B2ADF882
:109CD0002C00BDF82A00284400B2ADF82A00BDF8D7
:109CE0002E00401B00B2ADF82E00012347F6FF7294
:109CF0000AA904A815F09CF9002104A814F01AFB85
:109D00000390BDF952804FF0000A4FE051462046C3
:109D1000FBF7D4FF0090BDF80000ADF85000139899
:109D2000C0F30F290FFA89F025F038F906EB080186
:109D30004843189901EBE03000B2ADF804000FFA87
:109D400089F025F01BF906EB08014843179901EB50
:109D5000E03000B2ADF806000FFA89F025F01EF9E8
:109D6000711BA1EB08014843189901EBE03000B2E8
:109D7000ADF808000FFA89F025F000F9711BA1EB8E
:109D800008014843179901EBE03001B2ADF80A1021
:109D900002AB01AA14A9199814F089FA0AF1030078
:109DA0001FFA80FA139800F587601390BAF5807F48
:109DB000ACDD0DA814F0A0FD04A814F09DFD0C98D6
:109DC00015F01EFA039815F01BFA1BB0BDE8F08FD2
:109DD0002DE9F04FA5B004460F46254604F11401C5
:109DE00023A8BA68F9F748FA2290229810B925B04A
:109DF000BDE8F08FB868219023A8B8600021204604
:109E00001EF061FA1E90002120461EF076FC0146ED
:109E10001E98084400B21D90002120461EF0D9FD76
:109E200001461E98084400B21C9020461DF077FAA7
:109E30007E35E9884843001200B21B9020461DF091
:109E40004FFA29894843001200B21A9017A814F05B
:109E500045FA17AA002120461FF048FA394605A8FE
:109E60001CF072FF002012908C4806900020079092
:109E700017A80B904FF0FF30139000200E900F901A
:109E800005AA1A21204616F08FFF002001903122EA
:109E9000204601991EF02CFE0090009800F0FF0B68
:109EA00000BF002120461EF00EFA04900020019011
:109EB0003322204601991EF01BFE0090009800F00E
:109EC000FF0800BF20461DF095FB039020461DF0C3
:109ED0008BFC029035F87E09002865D0E18A1C9839
:109EE00001440298081A00B20190A08AADF88000DF
:109EF000208BADF87C004FF00009B5F87E000FFA1A
:109F000080FABBF1020F1ADD0498002817DD08F073
:109F1000020040B1002120461EF05BFD18B909F196
:109F200001000FFA80F908F0010040B1002120463D
:109F30001EF006FB18B9AAF101000FFA80FA4E468E
:109F40002FE01A987043B5F87E10491E90FBF1F08F
:109F500000B2ADF88200BDF882100198084400B24A
:109F6000ADF88200BDF88200ADF87E004B48069047
:109F70000120079020A80E901FA80F90139605AA05
:109F80001A21204616F010FF1FAB20AA17A9384649
:109F900014F08DF905AA1B21204616F005FF701C50
:109FA00006B25645CDDB00BFB5F88000002865D06D
:109FB000A18A1D9801440398081A00B20190E08A12
:109FC000ADF88200608BADF87E004FF00009B5F867
:109FD00080000FFA80FABBF1020F1ADD0498002806
:109FE00017DD08F0040040B1002120461EF085FB7B
:109FF00018B909F101000FFA80F908F0080040B122
:10A00000002120461EF022FC18B9AAF101000FFA27
:10A0100080FA4E462FE01B987043B5F88010491E19
:10A0200090FBF1F000B2ADF88000BDF8801001980F
:10A03000084400B2ADF88000BDF88000ADF87C00A7
:10A04000164806900220079020A80E901FA80F9097
:10A05000139605AA1A21204616F0A6FE1FAB20AAC9
:10A0600017A9384614F023F905AA1B21204616F03B
:10A070009BFE701C06B25645CDDB00BF4FF0FF3093
:10A08000139000200E900F9005AA1B21204616F079
:10A090008BFE2198B86000BFA9E60000BCBA030897
:10A0A0002DE9F14F9AB01A9816F017FE07461A9844
:10A0B00016F074FE05462C46122F7DD11A9816F024
:10A0C0006AFE06463078022802D11BB0BDE8F08F48
:10A0D00094F8380000F00300032805D094F8380005
:10A0E00000F00300022802D101203070EDE794F85F
:10A0F0003800C0F38400042808D094F83800C0F376
:10A100008400012802D001203070DEE74FF0000A01
:10A110004622514628461EF0EBFC19901998C0B211
:10A12000FF2802D001203070CFE7002128461EF022
:10A130005DFE8146208E8144B9F1000F02D00120DE
:10A140003070C2E7002128461EF091FE8046E08E66
:10A1500000FB08F04FEA20281A9816F01CFE8346F0
:10A16000B8F5807F09D1002205F114015846F9F7AE
:10A17000C4F8E8BB01203070A7E728461DF044F979
:10A18000824628461EF0DBFE179004F132001FFACB
:10A1900088F100235246CDE9001018A81799F9F765
:10A1A00061FBBDF86000A98A084400B2ADF8600008
:10A1B000BDF86210E88A00E01DE0084400B2ADF886
:10A1C0006200BDF86400A98A084400B2ADF86400DA
:10A1D000BDF86610E88A084400B2ADF866000022B7
:10A1E00018A95846F9F789F818B9012030706CE7BA
:10A1F00000E000BF19E2152F01D0182FFAD100217D
:10A2000028461EF034FE8046E08E00FB08F04FEA40
:10A210002028002128461EF0E9FD8246208E824437
:10A2200028461EF08CFE199028461DF0EDF8189077
:10A23000002641F23202314628461EF059FC0E90AB
:10A240000E9800B2814600BF41F612023146284600
:10A250001EF04EFC0E900E9848440FFA80FB00BF93
:10A2600041F61302314628461EF042FC0E900E982D
:10A27000484400B2179000BF41F61002314628460C
:10A280001EF036FC0E900E98484400B2169000BFA7
:10A2900041F61102314628461EF02AFC0E900E9817
:10A2A000484400B21590608E584400B2ADF850009A
:10A2B000A18E1698084400B2ADF8520094F8390007
:10A2C00000F00300012804D112A928461DF046F829
:10A2D00027E014A91FFA88F00FFA8AF3CDE90001EC
:10A2E00012A8DDE91821F9F7BDFABDF84800A98ADE
:10A2F000084400B2ADF84800BDF84A10E88A0844A6
:10A3000000B2ADF84A00BDF84C00A98A084400B27A
:10A31000ADF84C00BDF84E10E88A084400B2ADF824
:10A320004E0005F1140110A810F02BF912A905F147
:10A33000140010F026F9BE481A991CF02BFF0F905C
:10A340000F98012800D0C0E610A905F1140010F004
:10A3500018F9152F7ED1E08D08B1A08D00B9B4E6B3
:10A36000B8F1000F00D1B0E61A9816F0BEFC064610
:10A3700005F114010DA810F004F9284618F042FD6B
:10A380000C9094F8390000F0030001283CD1B4F996
:10A390002C10BDF93020891A481C00EBD071BDF893
:10A3A0003420A2EB610109B2ADF83410B4F92C10DD
:10A3B000BDF93020891A481C00EBD071BDF8382057
:10A3C000A2EB610109B2ADF83810B4F92E10BDF955
:10A3D0003220891A481C00EBD071BDF83620A2EB60
:10A3E000610109B2ADF83610B4F92E10BDF9322072
:10A3F000891A481C00EBD071BDF83A20A2EB61012C
:10A4000009B2ADF83A1013E012A810F0B1F9BDF896
:10A4100034100844401E00B2ADF8380012A810F005
:10A420001FF9BDF836100844401E00B2ADF83A00DE
:10A43000BDF83400584400B2ADF83400BDF8361011
:10A440001698084400B2ADF83600BDF838101798D9
:10A45000081A00E0E8E000B2ADF83800BDF83A10A4
:10A460001598081A00B2ADF83A0094F8380000F0D8
:10A470000300012805D094F8380000F003000028FC
:10A480007AD106A813F00DFB06AA002128461EF07B
:10A4900067FE1FFA88F0ADF81A001FFA8AF0ADF8CF
:10A4A0001800608EADF81C00A18EADF81E1094F857
:10A4B0003800C0098DF82C00BDF84800584400B29F
:10A4C000ADF81000BDF84A101698084400B2ADF877
:10A4D0001200BDF84C101798081A00B2ADF814001D
:10A4E000BDF84E101598081A00B2ADF81600B06805
:10A4F000039004AA04A8B168F8F7BEFE00B9E4E529
:10A5000004A8B060BDF83610608D084400B2ADF804
:10A510000600BDF90600BDF93610884206DDBDF81B
:10A520000600E18D401A00B2ADF80600BDF8060045
:10A53000E18D0844401E00B2ADF80A0049E0BDF8C4
:10A540003400218D084400B2ADF80400BDF90400C8
:10A55000BDF93410884206DDBDF80400A18D401A13
:10A5600000B2ADF80400BDF80400A18D0844401EFF
:10A5700000B2ADF8080016E034E001AA06A93046A2
:10A58000636A13F03FFABDF80400BDF830100844C8
:10A5900000B2ADF80400BDF80800BDF83010084462
:10A5A00000B2ADF80800BDF90400BDF938108842CA
:10A5B000E3DBBDF80600BDF83210084400B2ADF888
:10A5C0000600BDF80A00BDF83210084400B2ADF82C
:10A5D0000A00BDF90600BDF93A108842AFDB0398C6
:10A5E000B06020E094F8380000F00300022811D198
:10A5F00004A813F027FE04AA002128461EF00FFE2F
:10A600000020009005F1140204A93046636A13F09B
:10A6100065FA08E000BF00BF002305F114021946E7
:10A62000304613F0EFF900BF00BF00BF4DE500005A
:10A63000F47204082DE9F14FDCB05C9816F0AEFB23
:10A6400005462C465C9816F050FB5B9059A92846AD
:10A650001CF084FE0020CDE9105040F60A02DDE92E
:10A6600010011EF045FA0F900F9800B2589000208C
:10A67000CDE9105040F60B02DDE910011EF038FA6A
:10A680000F900F9800B25790BDF864115898081AAF
:10A6900000B2ADF86401BDF868115898084400B2E2
:10A6A000ADF86801BDF866115798081A00B2ADF808
:10A6B0006601BDF86A115798084400B2ADF86A0106
:10A6C00059A810F047F8834659A80FF0BBFF5690E1
:10A6D000D4E90A10A0EB01095698834501DB01205B
:10A6E00000E0002080460020559094F85C0000F0C7
:10A6F000030001280BD1A06A002808DAE06A0028CC
:10A7000005DDA16A206B884201D10120559000210E
:10A7100028461EF019F85490002128461EF0BDF876
:10A720005390002128461EF07BF9529000212846C4
:10A730001DF02DFF519059A904F134000FF00FFFC7
:10A74000A18E5498084400B2A086218F5398081A0D
:10A7500001B22187E18E5298084401B2E186618FEF
:10A760005198081A01B26187B8F1000F13D004F1B3
:10A7700034000FF067FF04280DDA569800EBD07113
:10A780004A10E98A1144891E0AB2E286E08E001D51
:10A7900001B2618715E0B8F1000F12D104F1340065
:10A7A0000FF0D8FF04280CDA58460BEBD071AA8AB8
:10A7B00002EB6101891E09B2A186A08E001D01B2C3
:10A7C000218704F134000FF0C5FF509004F13400EC
:10A7D0000FF038FF4F90B8F1000F01D0509800E013
:10A7E0004F988246B8F1000F05D004F13406371DAA
:10A7F000FE484C9004E004F13606371DFC484C90AE
:10A80000A06D401CF8B1A36A216DC91A01FB0AF1C1
:10A8100091FBF9F108B2A36A616DC91A01FB0AF153
:10A8200091FBF9F10AB2131AD4F858C003FB0CF1EA
:10A83000CB1701EB13631B121BB24D934D990144CF
:10A8400009B24D9108E0A16A206B401A00FB0AF0A2
:10A8500090FBF9F000B24D90A06C401CE0B1A36AEF
:10A86000216CC91A01FB0AF191FBF9F108B2A36A44
:10A87000616CC91A01FB0AF191FBF9F10AB2131AD2
:10A88000D4F848C003FB0CF1CB1701EB136300EBCA
:10A8900023231BB24E9308E0D4E90901401A00FBC0
:10A8A0000AF090FBF9F000B24E900020119041F2B6
:10A8B0006A42284611991EF01BF910901098C0B2F8
:10A8C0004B90B8F1000F0ED04B9801280BD13046B9
:10A8D0003E4607464E99494209B24E914D9949422A
:10A8E00009B24D9100BFB8F1000F0AD031884E98DF
:10A8F000084400B2388031884D98084400B2308056
:10A900000AE039884E98081A401C00B23080398815
:10A910004D98081A00B23880559878B3A26A52420E
:10A9200002FB0AF292FBF9F211B2B8F1000F0CD05F
:10A9300032880A4410B2B7F90020824201DD30802B
:10A940001BE03A883280388017E03A88521A521C4D
:10A9500010B2B6F90020824201DD388002E0328870
:10A960003A803080B7F90020B6F900309A4204DA14
:10A97000B6F900003A883280388000BF559800BB95
:10A9800004F134004C99884701281ADC68465B9929
:10A990001CF0DAF94FF400300D9096480190002039
:10A9A000029004F1340003906A461A21284616F0FA
:10A9B000FBF96A461B21284616F0F6F95DB0BDE8A2
:10A9C000F08F04F1340149A80FF0C9FD3BA814F041
:10A9D00045FC3BAA4FF4003128461EF0FBFC29A899
:10A9E0005B991CF0B1F94FF40030369081482A9001
:10A9F00000202B903BA82D9004F134002C9029AA24
:10AA00001A21284616F0D0F900201190602228461D
:10AA100011991EF06DF81090109800B22890569879
:10AA2000834501DA584600E056982790DDE9270172
:10AA3000B1EB600F02DD279840102890BDF9EC00C3
:10AA400026904F995098884201DA509800E04F982C
:10AA50002790DDE92601B0EB610F02DD2798401059
:10AA60002690B8F1000F08D004F134000FF072FE08
:10AA700001462698B1EB400F0BDCB8F1000F28D14E
:10AA800004F134000FF0DEFD01462698B1EB400FD3
:10AA90001FDD9DF8EF0011909DF8060110909DF8C4
:10AAA0000E010F9000208DF8EF008DF806018DF853
:10AAB0000E0104F134023BA95B9814F0B3FB11982A
:10AAC0008DF8EF0010988DF806010F988DF80E01A3
:10AAD00000BFA98A5498084400B2ADF87800298BC9
:10AAE0005398081A00B2ADF87C00E98A52980844DD
:10AAF00000B2ADF87A00698B5198081A00B2ADF82F
:10AB00007E0000231EA920A8289A14F091FA0021A3
:10AB100020A813F00FFC1D909DF822011C909DF8B9
:10AB20000E011B9000208DF80E018DF8220159A90D
:10AB300019A80FF014FDBDF864105498084400B231
:10AB4000ADF86400BDF866105298084400B2ADF844
:10AB50006600BDF868105398081A00B2ADF8680096
:10AB6000BDF86A105198081A00B2ADF86A00B8F141
:10AB7000000F15D019A80FF065FD042810DA5698BB
:10AB800000EBD0714A10E98A1144891E09B2ADF870
:10AB90006610BDF86600001D00B2ADF86A0017E04F
:10ABA000B8F1000F14D119A80FF0D4FD04280FDA62
:10ABB00058460BEBD071AA8A02EB6101891E09B2DB
:10ABC000ADF86410BDF86400001D00B2ADF8680077
:10ABD000BDF9EC20002304F1340113A814F028FA85
:10ABE000002113A813F0A6FB129005E055A7010859
:10ABF00045A601084C72040819AA3BA95B9814F0F9
:10AC000011FB1B988DF80E011C988DF82201002075
:10AC10008DF8EF008DF806018DF8220104F1340261
:10AC20003BA95B9814F0FEFA13A813F065FE20A868
:10AC300013F062FE129814F0E3FA1D9814F0E0FA93
:10AC400029AA1B21284616F0AFF800BFB6E6F0B5DA
:10AC500091B00546284616F0A1F80446284616F09D
:10AC600044F80746264603A814F0F8FA03AA4FF45E
:10AC7000403120461EF0AEFB47F6FF70ADF80C00E9
:10AC80002C20805D00F0010038B1204612F037FA28
:10AC90000090BDF80000ADF81000214601A807F0B3
:10ACA00073FC01AA03A9384614F0BCFA11B0F0BD38
:10ACB0002DE9F04FB3B08146484616F06FF8804654
:10ACC0004446484616F011F83290002140461DF0E7
:10ACD00093FA054640461EF032F9824640461CF083
:10ACE00093FB8346DA4501DB012000E000200646A5
:10ACF0000EB1584600E050463190002794F85C00B1
:10AD000000F00300012806D1A06A002803DAE06AF7
:10AD1000002800DD0127002E3CD097B93EB1012D5F
:10AD200002D1B4F9340009E0B4F9380006E0012D8D
:10AD300002D1B4F9360001E0B4F93A00ADF8BC0034
:10AD400037E0606A002812DB3EB1012D02D1B4F970
:10AD5000340009E0B4F9380006E0012D02D1B4F95D
:10AD6000360001E0B4F93A00ADF8BC0021E03EB194
:10AD7000012D02D0B4F9340009E0B4F9380006E03E
:10AD8000012D02D0B4F9360001E0B4F93A00ADF873
:10AD9000BC000EE01FB9E08EADF8BE0009E0606AAD
:10ADA000002803DBE08EADF8BE0002E0608FADF856
:10ADB000BE0021A814F052FA21AA4FF440314046B7
:10ADC0001EF008FB33462FA94046319A25F0B4FA0D
:10ADD0002FA904F168000FF0DDFB0FA832991BF0DA
:10ADE000B3FF4FF440301C903C481090002011906D
:10ADF0001D9004F16800129021A81390404621F0A4
:10AE000032FC022810D00FAA1A21404615F0CCFFC0
:10AE100004F1680221A9329814F004FA0FAA1B2148
:10AE2000404615F0C1FF55E0382221A901A81AF0CB
:10AE300012FA0FAA1A21404615F0B6FF04F1680273
:10AE400021A9329814F0EEF90FAA1B21404615F003
:10AE5000ABFF96B13EB1012D02D0B4F9340009E048
:10AE6000B4F9380006E0012D02D0B4F9360001E053
:10AE7000B4F93A00ADF8BC0002E0608FADF8BE0056
:10AE800033462FA94046319A25F056FA2FA904F1EE
:10AE900060000FF07FFB382201A921A81AF0DBF92E
:10AEA0000120119004F16000129021A8139001205C
:10AEB0001D900FAA1A21404615F076FF04F160029A
:10AEC00021A9329814F0AEF90FAA1B21404615F0C3
:10AED0006BFF00BF33B0BDE8F08F00008073040843
:10AEE0002DE9F04790B00746384615F057FF054664
:10AEF00028461CF0D9FA064608A813F0A3F908AAB8
:10AF0000002130461EF08BF9384615F0EEFE04465F
:10AF1000D4F8088006F1140206A8A168F8F7ACF985
:10AF200010B910B0BDE8F08706A8A06004A93046AB
:10AF300007F0A8FFA88AADF80800E88AADF80A0073
:10AF4000288BADF80C00BDF81200ADF80E0002AA77
:10AF500002A8A168F8F790F998B1D4F8089002A86F
:10AF6000A060284618F0F4FF82460020534605F101
:10AF7000140208A90090204612F0B0FDC4F8089011
:10AF800000BFA88AADF80800BDF81600ADF80A00A9
:10AF9000288BADF80C00688BADF80E0002AA02A851
:10AFA000A168F8F769F998B1D4F8089002A8A060F0
:10AFB000284618F0CDFF82460020534605F11402C2
:10AFC00008A90090204612F089FDC4F8089000BF3F
:10AFD000C4F8088000BFA4E72DE9FF4FA1B00646E2
:10AFE00014462498807B00F00F052298807E1F90E5
:10AFF000032D00D10425012D06D0022D0BD0042DE8
:10B0000010D0082D1DD114E0DFF86C834FF0800ABA
:10B0100002201E901AE0DFF864834FF0C00A04207B
:10B020001E9013E0DFF858834FF0F00A10201E90B6
:10B030000CE0DFF850834FF0FF0A4FF480701E9051
:10B0400004E000BF00BF25B0BDE8F08F00BF1F982F
:10B05000FD2823DACC4801781F98814203D1CB48E0
:10B060000068A84213D000200DE018F80010FF2956
:10B0700001D11F9904E018F800101F9A51430912DA
:10B08000C34A1154401C1E998842EED300BFDFF81A
:10B090000083BD491F980870BC4805602498B0F82B
:10B0A00006B0249800891B900BFB05F01A90B4F9A8
:10B0B0000000B168B1F90010884201DB002005E012
:10B0C000B068B0F90000B4F90010401A1990B4F952
:10B0D00000005844B168B1F90410884201DC5846B8
:10B0E00006E0B068B0F90400B4F90010401A401C42
:10B0F0001890B4F90200B168B1F90210884201DB7E
:10B10000002005E0B068B0F90200B4F90210401A5E
:10B110001790B4F902101B980844B168B1F90610F1
:10B12000884201DC1B9806E0B068B0F90600B4F96B
:10B130000210401A401C16901A9917984843199902
:10B1400001FB050015902E99159801EBD0002E906B
:10B15000159800F007071C210DA81AF00AFA22988A
:10B160008089ADF83C002298807E8DF84C002298B2
:10B17000807FC0F3C2008DF84D00F9F759FE0190B1
:10B1800012F056F90C901B980BFB00F10C988142C1
:10B1900001DD0C9802E01B990BFB01F00B900B9862
:10B1A00019F03CFF8146CDF8409000200A9021889C
:10B1B0001998084400B2ADF8200021881898084476
:10B1C000401E00B2ADF8240061881798084400B210
:10B1D000ADF82200BDF82200ADF8260000BFBDF892
:10B1E0002400BDF82010401A401C00B2079000BF98
:10B1F000BDF82000ADF81400BDF82200ADF816002F
:10B20000BDF82400ADF81800BDF82600ADF81A000E
:10B2100000BFBDF816101698084400B2ADF81A0029
:10B2200005A813F08DFB049008A80D901290C5F1AD
:10B230000800039019980BEB00011898081A68434E
:10B24000029017981C9078E00A9801902AFA07F06B
:10B25000209019981D9028E02E9800782099084099
:10B260000399C91BC8401490149830B1149818F869
:10B2700000100A9809F8001003E000210A9809F864
:10B2800000100398874204D22F442098E840209071
:10B2900005E00027CDF880A02E98401C2E900A983B
:10B2A000401C0A901D98401C1D9018991D988842BA
:10B2B000D2DB0498A0B1BDF92620BDF92010019B76
:10B2C00009EB0300079B13F0EBFA8DF844009DF89F
:10B2D000440028B9019909EB010007991AF049F9CE
:10B2E000DDE91801411A0A9801440B98814206D2FF
:10B2F000BDF82600401C00B2ADF8260012E0022086
:10B300008DF844000DA9304614F0CAF9BDF82600A6
:10B31000401C00B2ADF82200BDF82200ADF82600B6
:10B3200000200A90029807442E9800EBD7002E9038
:10B3300007F007071C98401C1C9016991C9888421F
:10B3400082DBBDF92200BDF9261088420ED0BDF87F
:10B350002600401E00B2ADF8260002208DF8440001
:10B360000DA9304614F09CF900200A90484619F0C7
:10B37000D1FE00BF67E6000008B903080AB9030858
:10B3800016B9030826B903086401002068010020EB
:10B3900054C400202DE9FF4F8FB00C4615461E46C1
:10B3A000B4F90200401E0E900E9840100D900E98B9
:10B3B00000F001010D9808440C90B5F90000B6F9B1
:10B3C0000010884202DAB5F9000001E0B6F9000089
:10B3D000ADF82800B5F90000B6F90010884202DD8A
:10B3E000B5F9000001E0B6F90000401E00B2ADF86A
:10B3F0002C0069880C98081A00B2ADF82A006988F8
:10B400000D98084400B2ADF82E000F980AA9826882
:10B410000AA8F7F731FF8246BAF1000F02D113B044
:10B42000BDE8F08FE08818B1A08808B1012000E0E5
:10B4300000208346012009900AA813F081FA10B178
:10B440000020099004E0BBF1000F01D0002009901A
:10B450001C2102A81AF08DF80AA802902088ADF8E5
:10B460001000207A8DF82000099820B102A90F98C9
:10B4700014F016F978E00AA80FF034F90746BDF980
:10B480002E000190BDF82A00ADF82E00002000909B
:10B49000BBF1000F0BD0B4F90600B4F90410084456
:10B4A000BDF9281091FBF0F200FB12100090384615
:10B4B00019F0B4FD8046CDF814800AA80790BDF9B4
:10B4C0002A904AE0394640461AF08AF8BDF9281019
:10B4D0003BB20FFA89F2404613F0E2F98DF81800FA
:10B4E000BBF1000F27D09DF8180020B30098002171
:10B4F0001BE0B4F90420824207DBA3881B1A1AB2AE
:10B500008B1819B2831818B20BE0B4F90620B4F9FD
:10B5100004301A44824201DC002002E0002208F8D4
:10B5200001204A1C11B2421C10B2B942E1DB0222D6
:10B530008DF8182000BF02A90F9814F0B1F8BDF8DB
:10B540002A00401C00B2ADF82A00BDF82E00401CB5
:10B5500000B2ADF82E0009F1010901988145B1DD75
:10B56000404619F0D7FD00BF00BF58E72DE9FF4F57
:10B57000C7B08B4691469A46B9F90200BAF9021053
:10B58000884210DAB9F80200ADF81A01BAF80200E0
:10B59000ADF81601B9F80000ADF81801BAF80000CE
:10B5A000ADF814010FE0BAF80200ADF81A01B9F8CD
:10B5B0000200ADF81601BAF80000ADF81801B9F8AC
:10B5C0000000ADF81401BDF91401BDF91811441AB9
:10B5D000BDF91601BDF91A11451A002C01DD2046EE
:10B5E00000E06042002D01DD294600E0694288420A
:10B5F00001DD012000E000204490BBF90260002042
:10B600004390449870B1002D01DD284600E0684267
:10B610004101002C01DD204600E0604291FBF0F08A
:10B6200043900DE0002C01DD204600E06042410126
:10B63000002D01DD284600E0684291FBF0F04390C8
:10B64000E0494398085C70433F30C611771006F01C
:10B65000010000EB0708BDF91801BDF9141188427B
:10B6600002DABDF9180101E0BDF91401801B00B236
:10B67000ADF80401BDF91801BDF91411884202DDCD
:10B68000BDF9180101E0BDF91401304400B2ADF874
:10B690000801BDF91A01BDF91611884202DABDF997
:10B6A0001A0101E0BDF91601801B00B2ADF80601D8
:10B6B000BDF91A01BDF91611884202DDBDF91A0162
:10B6C00001E0BDF91601304400B2ADF80A01479817
:10B6D00041A9826841A8F7F7CFFD4090409810B982
:10B6E0004BB0BDE8F08F4498F0B3002C24DD00216E
:10B6F000BDF81601C01B00B2CDE90001BDF914313F
:10B70000BDF81A01C01B02B2BDF9181135A813F01B
:10B7100011FA0121BDF81601404400B2CDE9000143
:10B72000BDF91431BDF81A01404402B2BDF9181137
:10B730002AA813F0FFF94AE00021BDF816014044A1
:10B7400000B2CDE90001BDF91431BDF81A01404441
:10B7500002B2BDF9181135A813F0ECF90121BDF8BA
:10B760001601C01B00B200E00DE0CDE90001BDF9FB
:10B770001431BDF81A01C01B02B2BDF918112AA874
:10B7800013F0D8F923E00021BDF91601CDE900013D
:10B79000BDF81401404403B2BDF91A21BDF81801E7
:10B7A000404401B235A813F0C5F90121BDF91601D5
:10B7B000CDE90001BDF81401C01B03B2BDF91A2187
:10B7C000BDF81801C01B01B22AA813F0B3F900217B
:10B7D00035A812F0AFFD139000212AA812F0AAFD9F
:10B7E00012904FF0FF30119010909BF80900C0F3B9
:10B7F000001068BB0321BDF81A01204400B2CDE956
:10B800000001BDF81801401B03B2BDF91A21BDF9B2
:10B8100018111FA813F08EF90221BDF8160120445B
:10B8200000B2CDE90001BDF81401401B03B2BDF91F
:10B830001621BDF9141114A813F07CF900211FA8DA
:10B8400012F078FD1190002114A812F073FD1090F1
:10B8500041A80EF047FF0F90F9F7EAFA019011F0B6
:10B86000E7FD0D9041A80EF009FF01460D988142B9
:10B8700003D241A80EF002FF00E00D980C900C9846
:10B8800019F0CCFB0B90BDF90A010A90BDF8060136
:10B89000ADF80A0100200990DDE90B0119F0A0FEC6
:10B8A0001C2102A819F065FE41A80290BBF8000017
:10B8B000ADF810009BF808008DF820000B9805905B
:10B8C00041A80790BDF906010E9040E0BDF90411B2
:10B8D000099B0B9AD0180F9A13B20E9A12B212F05B
:10B8E000DFFF8DF818009DF8180028B9099A0B9908
:10B8F00088180F9919F03DFE0F990998084409908E
:10B900000F99099801440C98814206D2BDF80A01AA
:10B91000401C00B2ADF80A0116E002208DF81800B4
:10B9200002A9479813F0BCFEBDF80A01401C00B202
:10B93000ADF80601BDF80601ADF80A010020099036
:10B94000DDE90B0119F04CFE0E98401C0E900A998F
:10B950000E988842BADDBDF90601BDF90A11884288
:10B960000CD0BDF80A01401E00B2ADF80A01022059
:10B970008DF8180002A9479813F092FE0B9819F061
:10B98000C9FB35A812F0B8FF2AA812F0B5FF11982C
:10B99000401C10B11FA812F0AFFF1098401C10B14E
:10B9A00014A812F0A9FF139813F02AFC129813F0B0
:10B9B00027FC119813F024FC109813F021FC00BF11
:10B9C0008EE6000026BA03082DE9FF4F91B00C4621
:10B9D00015461E46B4F90200401E10901098401003
:10B9E0000F90109800F001010F9808440E902988DC
:10B9F0000E98081A00B2ADF8300029880F98084454
:10BA000000B2ADF83400B5F90200B6F90210884270
:10BA100002DAB5F9020001E0B6F90200ADF8320031
:10BA2000B5F90200B6F90210884202DDB5F902004C
:10BA300001E0B6F90200401E00B2ADF836001198E0
:10BA40000CA982680CA8F7F717FC8146B9F1000F22
:10BA500002D115B0BDE8F08FE08818B1A08808B118
:10BA6000012000E00020824601200B900CA812F07B
:10BA700067FF10B100200B9004E0BAF1000F01D075
:10BA800000200B901C2104A819F073FD0CA8049051
:10BA90002088ADF81800207A8DF828000B9820B186
:10BAA00004A9119813F0FCFD66E00CA80EF01AFE34
:10BAB0008346BDF936000390BDF83200ADF836007C
:10BAC000584619F0ABFA0290029807900CA809901A
:10BAD00000200190BAF1000F0BD0B4F90600B4F9C0
:10BAE00004100844BDF9321091FBF0F200FB121073
:10BAF0000190019FBDF9328037E05946029819F054
:10BB00006FFDBDF930100FFA8BF30FFA88F202982F
:10BB100012F0C6FE8DF82000BAF1000F13D09DF888
:10BB2000200070B1B4F90400B84202DA00208DF8A8
:10BB30002000B4F90600B4F904100844B84200DC4F
:10BB40000027781C07B204A9119813F0A9FDBDF8CD
:10BB50003200401C00B2ADF83200BDF83600401C87
:10BB600000B2ADF8360008F1010803988045C4DD45
:10BB7000029819F0CFFA00BF00BF6AE72DE9FC5F19
:10BB80008046404615F00AF90746B946D9F82460C0
:10BB90003446404615F0A9F80546606A00F11402E3
:10BBA0006846A968F7F768FB8246BAF1000F41D0F2
:10BBB000D5F808B0C5F808D094F83C00C0F34010A0
:10BBC00048B3608FE18E88420CD1628F21232946D1
:10BBD0003046FDF7FBFA628F212329463046FDF7F8
:10BBE00061FB24E0628F202329463046FDF7EEFA00
:10BBF000628F202329463046FDF754FBE28E012355
:10BC000029463046FDF7E2FAE28E01232946304606
:10BC1000FDF748FB0BE0628F202329463046FDF7F5
:10BC2000D5FA628F202329463046FDF73BFBC5F845
:10BC300008B000BFBDE8FC9F2DE9F14FD0B050988F
:10BC400015F0ACF804462546288E10B951B0BDE871
:10BC5000F08F509815F049F84F90608C20F0040058
:10BC6000001D60844DA920461BF078FB0026B246DB
:10BC7000B4F8208000202084608C20F00400001D97
:10BC8000608427A813F0EAFA1FA812F0DBFA27AAAB
:10BC90004FF4A02120461DF09DFB1FAA4FF4A021C8
:10BCA00020461DF0BCFA608C20F004006084A4F8EB
:10BCB0002080002120461CF0C0FE1E90002120465E
:10BCC0001CF072FC1D90002120461CF04AFD1C90C7
:10BCD000002120461CF0EEFD1B9009A84F991BF097
:10BCE00033F84FF4A0201690D7480A9000200B900C
:10BCF0003DA80D9035A80E9000BF9BE103E00AF12E
:10BD000001001FFA80FA696A51F82A00CFA1F4F7FE
:10BD100041FE0028F3D0E96A31F81600FAF7C4FCB6
:10BD200000B181E10027E96A31F81600FAF7ACFCAE
:10BD300008B147F00107E96A31F81600FAF7B8FCD4
:10BD400010B147F0800716E0A88EB04213D108F07A
:10BD5000200008B147F0200708F0020008B147F0C2
:10BD6000020708F0040008B147F0040708F00800D3
:10BD700008B147F00807A86A00EBC6014BA80EF00F
:10BD8000F7FBBDF82C01BDF83411084400B2ADF842
:10BD90002C01BDF82E01BDF83611084400B2ADF8F3
:10BDA0002E01BDF83001BDF83411084400B2ADF8E1
:10BDB0003001BDF83201BDF83611084400B2ADF8CB
:10BDC000320157B9382227A93DA819F044FA202298
:10BDD0001FA935A819F03FFA1DE02784608C20F0D8
:10BDE0000400001D60843DA813F038FA35A812F055
:10BDF00029FA3DAA4FF4A02120461DF0EBFA35AAFE
:10BE00004FF4A02120461DF00AFAA4F82080608C8F
:10BE100020F004006084E96A31F81600FAF750FC5B
:10BE20008346BBF1000F06D09DF8F10040F0010001
:10BE30008DF8F10005E09DF8F10020F001008DF88B
:10BE4000F1004BA80C90179609AA1A21204614F06D
:10BE5000ABFF9DF81701400800F01000F0B39DF80B
:10BE6000170120F03E001E308DF81701BDF92C118E
:10BE7000B4F914201C98104481420AD19DF817018E
:10BE8000400820F004009DF8171160F345018DF87B
:10BE90001711BDF93011B4F918201B98101A8142FE
:10BEA0000AD19DF81701400820F008009DF81711ED
:10BEB00060F345018DF81711BDF92E11B4F9162064
:10BEC0001E98104481420CD19DF81701400820F0C3
:10BED00002009DF8171160F3450100E014E08DF8B1
:10BEE0001711BDF93211B4F91A201D98101A8142A8
:10BEF0000AD19DF81701400820F001009DF81711A4
:10BF000060F345018DF817114BA80EF0A2FB814696
:10BF100007F0200060B1E86A30F8160000F4007005
:10BF200030B1BDF82E01A0EB090000B2ADF82E0132
:10BF30004BAA3DA94F9813F075F935980890BDF9B3
:10BF4000E8000790BDF9E6000690686A50F82A00FC
:10BF500005904DA80EF005FC03909DF8F1100246E7
:10BF60000698CDE90121009004A8DDE90732059982
:10BF700023F002F94BA80EF0F4FBBDF91010401AA3
:10BF8000039000EBD070BDF82C1101EB600000B203
:10BF9000ADF82C014BA80EF05CFBBDF91210401A55
:10BFA000039000EBD070BDF82E1101EB600000B2E1
:10BFB000ADF82E01BDF82C01BDF81010084400B2F8
:10BFC000ADF83001BDF82E01BDF81210084400B2E2
:10BFD000ADF8320107F02000C0B1E86A30F8160071
:10BFE00000F4007090B1484609EBD071BDF82E21E5
:10BFF000A2EB610109B2ADF82E1109EBD071BDF8C9
:10C000003221A2EB610109B2ADF83211002000909B
:10C010004BAA35A9059B4F9811F060FD09AA1B2179
:10C02000204614F0C1FE00BF701C86B20AF1010068
:10C030001FFA80FA288EB0423FF760AE608C20F085
:10C040000400608400BF01E6847204080A00000056
:10C050002DE9F14FA2B0229814F0A0FE0446254627
:10C06000229814F042FE2190002120461CF038F95D
:10C0700081462646002741F61202394630461CF01A
:10C0800037FD0A900A98484400B2209000BF41F65C
:10C090001302394630461CF02BFD0A900A9848449A
:10C0A00000B21F90002120461CF0E1FC484400B281
:10C0B0001E9016A812F0C6F816AA4FF400312046BA
:10C0C0001DF0ADF8A86A10B1D5F828800AE08020EC
:10C0D00018F0A4FF064680223146204614F038FBB3
:10C0E000B04600BF4FF0000A95F83C0000F00F008A
:10C0F000012800D18246002641F26A42314620469C
:10C100001CF0F6FC0A900A98C0B2012800D18246C1
:10C11000E86A00287ED0E86A16F086FF0A900A983E
:10C12000022814D19DF8750041F6FF72BDF96A101E
:10C13000CDE900120290BDF96C30169A07A8E96AA1
:10C1400023F01AF8BDF91C60BDF91E7011E007A9B3
:10C15000E86A16F011FC8346BBF1010F05D1079880
:10C16000C0F38A260798470D02E04FF0FF363746A6
:10C1700000BFBAF1000F0DD0A18A2098084400B288
:10C18000ADF82000BDF820003044401E00B2ADF8EC
:10C1900024000DE0218B1F98081A801B00B2ADF817
:10C1A0002000BDF820003044401E00B2ADF824004D
:10C1B0000A98022815D1E18A1E98084400B2ADF809
:10C1C0002200BDF822003844401E00B2ADF826001F
:10C1D0000020009008AA16A9EB6A219811F07EFCB5
:10C1E00040E020461BF010F9A0EB070B0BEBDB70D7
:10C1F0004110E08A084400B2ADF82200BDF82200E8
:10C200003844401E00B2ADF8260002A811F049FCE7
:10C2100002AA00E027E04FF4003120461CF0A0FF06
:10C22000304606EBD071491009B2ADF80C10384613
:10C2300007EBD07149100AB2ADF80E204FF4003B65
:10C2400043F60F02594620461CF052FC019001981B
:10C2500080B2ADF8080008AA02A9EB6A219811F093
:10C26000D1FB00BF00BF0EA811F0ECFF0EAA002109
:10C2700020461CF0D4FF9DF8550041F6FF72BDF931
:10C280004A10CDE900120290BDF94C3041460DA88C
:10C290000E9A22F071FFE18A1E98084400B2ADF8B0
:10C2A0002E00BDF82E00BDF83610084400B2ADF8DF
:10C2B0003200E86AB0B920461CF041FEBDF93410E6
:10C2C000461A06EBD670A18A01EB600000B2ADF809
:10C2D0002C00BDF82C00BDF83410084400B2ADF8B5
:10C2E000300022E0BAF1000F11D0218B1F98081AFC
:10C2F000BDF83410401A00B2ADF82C00BDF82C0087
:10C30000BDF83410084400B2ADF830000DE0A18A49
:10C310002098084400B2ADF82C00BDF82C00BDF800
:10C320003410084400B2ADF83000002043460BAA98
:10C330000EA90090219811F0D1FBA86A10B94046CF
:10C3400018F0E8FE23B0BDE8F08F2DE9F14F90B072
:10C35000109814F023FD05462C46109814F0C5FCE7
:10C3600006460EA928461AF085FF002794F84800D3
:10C37000C0F3001008B147F0010794F84800C0F37B
:10C38000401008B147F00207002128461CF0B0FD1C
:10C3900042F2D171884205D1688CC0F3802008B97F
:10C3A00047F0040706A811F04DFFB4F84400ADF8BB
:10C3B0002E004620005BADF830008DF8357006AADF
:10C3C000002128461CF02BFF0DA8411E626A03784D
:10C3D0000BB90123037000BF284617F0C5FD079075
:10C3E000284617F0BBFD08904FF6FF71079888426A
:10C3F0001ED0089888421BD04FF4802B44F257423D
:10C40000594628461CF074FB029002980390BDF830
:10C410000C00ADF8260000BF2022594628461CF02B
:10C4200067FB029002980390BDF80C00ADF828005D
:10C4300094F8480000F00700022805D094F848005E
:10C4400000F0070003281FD19DF83400022803D014
:10C450009DF83400032817D141F6FF71BDF92A0079
:10C460008DE88300BDF92C30069A03A8616A22F09A
:10C4700083FE0EA80EF083F9BDF90C10884202DA93
:10C4800001208DF8340000BF04F1300894F8480012
:10C4900000F00700032805D00EA80EF0E8F8B0F56C
:10C4A000806F01DA4FF000080EA904A8B268F6F711
:10C4B000E3FE8146B9F1000F02D111B0BDE8F08F63
:10C4C00094F8480000F0070070B928461BF08CF97A
:10C4D0008346CBF1000002B200210EA80EF067F9EE
:10C4E000688BADF83E0000BF94F8480000F00700EC
:10C4F000022805D094F8480000F0070003280ED168
:10C50000D6F808B004A8B060CDF800800EAA06A93D
:10C510003046636A11F0E2FAC6F808B007E0CDF8D9
:10C5200000800EAA06A93046636A11F0D7FAD6F841
:10C5300008A004A8B06094F8480000F007000328A1
:10C540004FD141F6FF71BDF92A008DE88300BDF996
:10C550002C30069A03A8616A22F00EFE0EA80EF097
:10C560000EF9BDF90C1088421BDA202211460698FC
:10C5700014F095FE00EB4000B4F84410BDF80C2018
:10C580001144084400B2ADF82E004620005BADF81F
:10C590003000CDF800800EAA06A93046636A11F07B
:10C5A0009DFA0EA80EF063F8BDF90E10884217DA56
:10C5B000B4F84400ADF82E00069814F08FFE462122
:10C5C000095BBDF80E201144084400B2ADF83000FC
:10C5D000CDF800800EAA06A93046636A11F07EFAF3
:10C5E00000BFC6F808A000BF67E72DE9F14F9AB079
:10C5F0001A9814F072FB80461A9814F0CFFB044688
:10C60000B8F1150F16D11A9814F06FFB054618A94A
:10C61000204606F037FC0AA812F020FE0AAA4FF4C2
:10C62000802120461CF0D6FE18AA0AA9284612F03E
:10C63000F9FDC5E0B8F1180FFBD11A9814F055FBBD
:10C64000054612A811F0FEFD12AA4FF480212046E3
:10C650001CF0E5FD10A9204606F014FC10AA0EA857
:10C66000A968F6F709FE0D900D9800287DD02046A8
:10C6700006F07DF8814620461CF061FC8346484662
:10C6800017F066FC02210390BDF95A00CDE901B113
:10C690000090BDF95C300CA8129A039922F06CFD51
:10C6A00020461AF0B1FE0646304606EBD0714A101D
:10C6B000B4F916100A44B9F91610891A0B914846B4
:10C6C0001AF0A2FE0B99890391FBF0F00B90002168
:10C6D00020461CF0F2FA0A901299B1F908200A9942
:10C6E000B1F90810501A00EBD071491009B2099144
:10C6F000BDF832100998081A00B2ADF83200304681
:10C7000006EBD0714A10B4F916105718BDF9320073
:10C710000B99484307EBA03709983F1A00212046A0
:10C720001BF0EBFD82464FF0000B41F6120259461A
:10C7300020461CF0DDF90390039800B2089000BF7A
:10C7400041F61302594620461CF0D2F90390039893
:10C7500000B20790A18A08980844504400B2ADF88E
:10C76000140038B2ADF8160000E028E0218B0798DD
:10C77000081AA0EB0A0000B2ADF81800BDF81600C8
:10C78000BDF83210084400B2ADF81A009DF86500FB
:10C7900040F002008DF86500A86804900EA8A8601B
:10C7A000484617F0D5FB834600205B4605AA12A930
:10C7B0000090284611F092F90498A86000BF00BFCD
:10C7C0001BB0BDE8F08F2DE9F14FA8B0289814F008
:10C7D000E5FA04462546289814F087FA27900021A8
:10C7E00020461BF0E5FF2690002120461CF089F82A
:10C7F0002590002120461CF054F924900021204669
:10C800001BF0F9FE239000BFA08AADF88400E08AF7
:10C81000ADF88600208BADF88800608BADF88A00FB
:10C8200000BFBDF884102698084400B2ADF884001B
:10C83000BDF888102598081A00B2ADF88800BDF838
:10C8400086102498084400B2ADF88600BDF88A101E
:10C850002398081A00B2ADF88A0013A812F0FEFC63
:10C8600013AA4FF4003120461CF0B4FD21AA13A9ED
:10C87000279812F0D7FC002620461AF0C5FD07467F
:10C8800000BF208BA18A401A401CC01B0FFA80F801
:10C89000686A401C40B1696A01FB08F0C11700EBEF
:10C8A000116109120EB20CE020461BF011FC00F0E1
:10C8B000010BBBF1000F01D0404600E0002006460E
:10C8C00000BF4FF0000B41F26A42594620461CF06F
:10C8D0000FF900900098C0B2012802D1A8EB060021
:10C8E00006B2A08A304400B2ADF84400BDF844005E
:10C8F000384400B2ADF84800E08AADF84600608BDD
:10C90000ADF84A004FF4403120461BF051FF8146FC
:10C910004FF4403120461BF0F4FF82464FF4403183
:10C9200020461CF0BEF810904FF4403120461BF01A
:10C9300062FE0F90BDF84400A0EB090000B2ADF814
:10C940004400BDF84800504400B2ADF84800BDF8BE
:10C9500046101098081A00B2ADF84600BDF84A100B
:10C960000F98084400B2ADF84A0001A812F076FC16
:10C9700001AA4FF4403120461CF02CFD11AA01A958
:10C98000279812F04FFC29B0BDE8F08F2DE9F14F48
:10C99000E0B0609814F002FA04462546609814F05E
:10C9A000A4F9814604F114015EA8D9F80820F6F72D
:10C9B00063FC10B961B0BDE8F08FD9F808005D9054
:10C9C0005EA8C9F808004FF0000841F23202414663
:10C9D00020461CF08DF80C900C9800B25690002167
:10C9E00020461CF06BF85590002120461BF010FEED
:10C9F0005490002120461BF0E8FE53900021204671
:10CA00001BF08CFF52904FF4A02120461BF0DDFE5E
:10CA100051904FF4A02120461BF080FF50904FF41E
:10CA2000A02120461CF04AF84F904FF4A021204648
:10CA30001BF0EEFD4E90208C4D9000202084608CE9
:10CA400020F00400001D60843FA812F007FC3FAAFC
:10CA50004FF4A02120461CF0BDFC29A811F0F2FBE8
:10CA600029AA4FF4A02120461CF0D9FB4D98208420
:10CA7000608C20F004006084002720461AF0C8FE75
:10CA80000146E28A55981044401E411A56980844BF
:10CA900000B2ADF86E0120461AF0B0FE20900021E1
:10CAA00020461BF0B6FB012800D100E000201F90BB
:10CAB00049460DA81AF048F94FF4A0201A90FE48F4
:10CAC0000E9000200F9031A8119021A812904FF0E5
:10CAD000000B33E2E86A30F91B000C90BDF86E01E0
:10CAE000401C00B2ADF86A01BDF86A110C98084408
:10CAF000401E00B2ADF86E01BDF96A01BDF97E11AC
:10CB0000884200DD1EE21F9858B1218B5298081A06
:10CB1000401E2099411A5698081A00B2ADF86801D3
:10CB20000AE0A18A53980844401E2099411A569859
:10CB3000084400B2ADF86C010026F7E100200B902C
:10CB4000A86A50F8270020B1A86A50F8270000789A
:10CB50000B901F9880B1BDF86801401E00B2ADF87F
:10CB60006C01286B30F81600BDF86C11081A401CD7
:10CB700000B2ADF868010FE0BDF86C01401C00B2D6
:10CB8000ADF86801286B30F81600BDF8681108444C
:10CB9000401E00B2ADF86C014FF0000800BF34E059
:10CBA00007EB0801A86A50F8210048B307EB080218
:10CBB000A96A51F8220008B101780B910B9901F094
:10CBC0000101D9B11F9961B106EB0801491C2A6B1B
:10CBD00032F81110BDF86821511A09B2ADF8681188
:10CBE0000DE006EB0801491C2A6B32F81110BDF864
:10CBF0006C21114409B2ADF86C1100E00BE000E0CB
:10CC000009E008F101001FFA80F808EB0601A88C82
:10CC1000401E8142C4DB00BFBDF96E01BDF97A112F
:10CC2000884207DA08F10100384487B206EB0800B1
:10CC300086B279E100BFBDF86801ADF82400BDF807
:10CC40006A01ADF82600BDF86C01ADF82800BDF80A
:10CC50006E01ADF82A0000BF9DF81F01400800F0EA
:10CC6000040090B1BDF92410B4F914205398104475
:10CC700081420ADDBDF91C0100EBD071BDF8242012
:10CC8000A2EB610109B2ADF824109DF81F01400824
:10CC900000F0020090B1BDF92610B4F916205598A5
:10CCA000104481420ADDBDF91C0100EBD071BDF8D2
:10CCB0002620A2EB610109B2ADF826109DF81F01F4
:10CCC000400800F00800B8B1BDF92810B4F91820E8
:10CCD0005298101A401E81420EDABDF91C0100EB79
:10CCE000D07182B202F0010202EB6101BDF828208E
:10CCF000114409B2ADF828109DF81F01C0F340009F
:10CD0000B8B1BDF92A10B4F91A205498101A401E6F
:10CD100081420EDABDF91C0100EBD07182B202F043
:10CD2000010202EB6101BDF82A20114409B2ADF8FD
:10CD30002A104FF0000AE88E584523D1A88EB04241
:10CD400020D194F8200000F0400030B994F8200081
:10CD500000F0200008B14AF0200A94F8200000F00A
:10CD6000020008B14AF0020A94F8200000F0040022
:10CD700008B14AF0040A94F8200000F0080008B155
:10CD80004AF0080ABAF1000F0AD138223FA931A8A7
:10CD900018F061FA202229A921A818F05CFA1EE0F7
:10CDA000A4F820A0608C20F00400001D608431A84D
:10CDB00012F054FA21A811F045FA31AA4FF4A0213B
:10CDC00020461CF007FB21AA4FF4A02120461CF0AE
:10CDD00026FA4D982084608C20F00400608409A815
:10CDE0001090A88C0BFB00601B900DAA1A21204606
:10CDF00013F0DAFF09AA31A9484612F013FAA86A1B
:10CE000050F8270000287DD0BDF8681151980844DB
:10CE100000B2ADF86001BDF86C115098081A00B26C
:10CE2000ADF86401BDF86A114F98084400B2ADF83E
:10CE30006201BDF86E114E98081A00B2ADF8660195
:10CE40000B98C0F340000890089810B1022057904A
:10CE500001E00020579000BFBDF86401BDF86011EB
:10CE6000401A401C00B20490BDF9962004995798CE
:10CE7000CDE900210290A86A50F82700411CBDF9B5
:10CE800098305CA8299A22F077F9089818BB0C9979
:10CE900001EBD172BDF86A3103EB6202BDF9720198
:10CEA00000EBD073A2EB630212B2ADF862210C99D1
:10CEB00001EBD17202E00000B8730408BDF86A31DA
:10CEC00003EB6202BDF9720100EBD07302EB630267
:10CED00012B2ADF866215AAA5EA906A8F6F7CCF9F7
:10CEE0000590059890B106A8C9F8080000200090A8
:10CEF000A86A50F82700431C58AA21A9484610F0F8
:10CF0000EDFD00E003E05EA8C9F8080000BF0DAA2F
:10CF10001B21204613F048FF08F10100384487B276
:10CF200006EB080086B200BF701C86B2A88CB04227
:10CF30003FF704AE0BF101001FFA80FBE88C584567
:10CF40003FF7C8AD00BF5D98C9F8080000BF31E5E4
:10CF50002DE9F04FA3B00746894616462297304682
:10CF60000DF0EAFB054600EBD5704FEA600830880B
:10CF7000404400B2ADF884007088404400B2ADF87F
:10CF800086001EA811F0AAF91EAA4FF4A021384667
:10CF90001CF0ACF918A810F084FD18AA4FF4A021D9
:10CFA00038461CF0DDF8002138461BF06EFA179069
:10CFB000494605A819F0C8FE7048069021A80E90B1
:10CFC00022983030F7F720FC0446D1E0256816940B
:10CFD000207901285CD1B5F92000E98B0844009044
:10CFE000B5F92030D5E90512E06817F0C9FF82468F
:10CFF000A88B00EB0801608A08440FFA80FB0FFA47
:10D000008AF021F0CBFF10FB0BF047F6FF7190FB8D
:10D01000F1F0BDF88610084400B2ADF812000FFA26
:10D020008AF021F0B3FF10FB0BF047F6FF7190FB85
:10D03000F1F0BDF88410084400B2ADF81000A08AE9
:10D04000ADF87800208A00B2ADF87A006079FD284A
:10D0500001DD179803E060791799484300128DF8B5
:10D060008000012013901EA80B9004A80F9005AA21
:10D070001A21384613F098FE04AB21AA1EA948468F
:10D0800011F015F905AA1B21384613F08DFE68E052
:10D090002079002865D1206900B963E0B5F9200046
:10D0A000E98B08440090B5F92030D5E90512E06815
:10D0B00017F066FF824604A9206915F05DFCBDF8F3
:10D0C0008410A08A081A00B2ADF80800BDF88610D6
:10D0D000E08A081A00B2ADF80A00BDF80800049909
:10D0E000C1F38A210844401E00B2ADF80C00BDF81F
:10D0F0000A00049900EB5150401E00B2ADF80E003A
:10D100006079FD2801DD179803E06079179948439D
:10D1100000128DF86B00A08AADF86400E18A18A8AF
:10D12000C1800AEB8A004FEA400ABAF5616F01DD5F
:10D13000AAF5616A1FFA8AF0ADF8600018A80C9091
:10D1400005AA1A21384613F02FFE02AA18A948464C
:10D15000236910F057FC05AA1B21384613F024FE62
:10D1600000BF00BF214622983030F7F747FB044646
:10D17000002C7FF42BAF23B0BDE8F08FF4BF030881
:10D180002DE9F74F8AB00C46904694F82A00022801
:10D1900002DC0DB0BDE8F08FE08C00B9F9E794F83F
:10D1A0002A90B9F1FD0F01DD4FF0FF09414608A8B3
:10D1B0000DF0BAF9208D401E05B2BDF82000401BCD
:10D1C00000B2ADF82000BDF82200401B00B2ADF85F
:10D1D0002200BDF82400284400B2ADF82400BDF8B8
:10D1E0002600284400B2ADF8260008A906A80DF0D4
:10D1F0009BF9BDF81800E18C401A00B2ADF8180098
:10D20000BDF81C00E18C084400B2ADF81C00BDF86C
:10D210001A00E18C401A00B2ADF81A00BDF81E00E9
:10D22000E18C084400B2ADF81E0008A80DF061FAC8
:10D23000824608A80DF0E3F90746B4F90060BA4544
:10D2400001DA504600E038468346B6EB6B0F01DD4D
:10D250004FEA6B06E08C304400B20590A07894F859
:10D260002A10CDE90210A08CADF8040030B2009075
:10D2700008AA06A9059B0A98FBF754FC00BF88E79B
:10D28000F8B50546284613F089FD0646284613F0F2
:10D2900082FD0446606BB0F5A02F54D1A06B072827
:10D2A00006D200202169C870216981F8220014E0AB
:10D2B000208F81B2202230460EF00EF968B1002096
:10D2C0002169C870216981F8220012201DF06EFFCB
:10D2D0000090BDF8001060698181208F81B24FF409
:10D2E000004230460EF0F8F898B166202169C87007
:10D2F000304621F029FB0090BDF8001020698180A4
:10D3000030460EF0E3F8A16B884202D1B2202169C9
:10D31000C870208F81B24FF4804230460EF0DCF8A6
:10D3200088B1FF20216981F82200304621F00CFBF2
:10D330000090BDF800102069C1832069008C401C5A
:10D3400000B221690884F8BD2DE9F04F8BB0814609
:10D35000484613F023FD05462C46484613F0C5FC0D
:10D360008346606A16F0F4FD82469AF800000028B1
:10D370003ED1A06A00283BD0A06A0078C0B303A8C1
:10D3800010F060FF03AA4FF4002128461BF047FF6E
:10D3900094F85C00C0F3C00028B19DF8290040F06B
:10D3A00002008DF82900002128461BF01BFA0746D1
:10D3B000002128461BF08FFB8046002128461AF0EA
:10D3C000A9FF064605F1140101A80DF0ECF808EBE1
:10D3D000060002B2B81901B201A80DF0E8F9002068
:10D3E000009001AA03A95846A36A10F077FB00BF7A
:10D3F0000BB0BDE8F08F7CB50446A06985686089F4
:10D40000002856D1A089002853D1E088218988427C
:10D410004FDAE18808B221F0C1FDB4F90410B4F983
:10D420000E20891A48432168498801EBE03000B298
:10D43000ADF80200E1885A3108B221F0AFFDA188B1
:10D4400010FB01F02168098801EBE03000B2ADF873
:10D450000400218908B221F0A1FDA18810FB01F090
:10D460002168498801EBE03000B2ADF8060021895F
:10D470005A3108B221F092FDB4F90410B4F90E202B
:10D48000891A48432168098801EBE03000B2ADF801
:10D4900000002A4669466846F5F7EEFE06463EB1AC
:10D4A000A169C1F808D06A462169A06911F0BAFEE5
:10D4B000C2E0608910B1A08900287BD16089D0BB0F
:10D4C00020680088ADF8000020684088A1880844E2
:10D4D00000B2ADF80600E18808B221F05FFDB4F9B2
:10D4E0000410B4F90E20891A48432168498801EBD9
:10D4F000E03000B2ADF80200E1885A3108B221F004
:10D500004DFDA18810FB01F02168098801EBE03096
:10D5100000B2ADF804002A4669466846F5F7ACFE4D
:10D5200006463EB1A169C1F808D06A462169A069E2
:10D5300011F078FE00BFA08900287DD12068008806
:10D54000A188084400B2ADF8040020684088ADF816
:10D550000200218908B221F021FDA18810FB01F011
:10D560002168498801EBE03000B2ADF8060021895E
:10D570005A3108B221F012FDB4F90410B4F90E20AA
:10D58000891A48432168098801EBE03000B2ADF800
:10D5900000002A4669466846F5F76EFE06463EB12B
:10D5A000A169C1F808D06A462169A06911F03AFE64
:10D5B00042E0FFE76089A189884205D1608918B1FE
:10D5C0002089E188884211DB6089022802D1A08984
:10D5D00001280BD06089032802D1A089022805D038
:10D5E0006089032828D1A089012825D120680088D6
:10D5F000ADF8000020684088ADF80200206800887F
:10D60000A188084400B2ADF8040020684088A188D1
:10D61000084400B2ADF806002A4669466846F5F7A8
:10D620002BFE06463EB1A169C1F808D06A462169C1
:10D63000A06911F0F7FD00BFA06985607CBD7CB5D5
:10D640000446A06985686089012856D1A08901280F
:10D6500053D1E088218988424FDAE18808B221F06D
:10D660009DFCA18810FB01F02168498801EBE030A6
:10D6700000B2ADF80600E1885A3108B221F08EFC04
:10D68000B4F90410B4F90E20891A484321680988B6
:10D6900001EBE03000B2ADF80400218908B221F0BE
:10D6A0007DFCB4F90410B4F90E20891A48432168AE
:10D6B000498801EBE03000B2ADF8020021895A310F
:10D6C00008B221F06BFCA18810FB01F021680988E9
:10D6D00001EBE03000B2ADF800002A46694668462A
:10D6E000F5F7CAFD06463EB1A169C1F808D06A4601
:10D6F0002169A06911F096FDC7E06089012802D078
:10D70000A08901287ED1608901283AD1206800884B
:10D71000A188401A00B2ADF8000020684088ADF83A
:10D720000200E18808B221F039FCA18810FB01F069
:10D730002168498801EBE03000B2ADF80600E188CD
:10D740005A3108B221F02AFCB4F90410B4F90E20C1
:10D75000891A48432168098801EBE03000B2ADF82E
:10D7600004002A4669466846F5F786FD06463EB13E
:10D77000A169C1F808D06A462169A06911F052FD7B
:10D7800000BFA0890128B7D120680088401E00B2E0
:10D79000ADF8040020684088A188084400B2ADF8C4
:10D7A0000600218908B221F0F9FBB4F90410B4F99C
:10D7B0000E20891A48432168498801EBE03000B205
:10D7C000ADF8020021895A3108B221F0E7FBA188A7
:10D7D00010FB01F02168098801EBE03000B2ADF8E0
:10D7E00000002A4669466846F5F746FD06463EB102
:10D7F000A169C1F808D06A462169A06911F012FD3B
:10D8000043E0FFE76089A189884206D16089012849
:10D8100003D02089E18888420FDB608910B9A08994
:10D8200002280AD0608910B9A089032805D0608930
:10D8300003282AD1A089022827D120680088A1883E
:10D84000401A00B2ADF8000020684088ADF8020030
:10D8500020680088401E00B2ADF8040020684088AF
:10D86000A188084400B2ADF806002A466946684619
:10D87000F5F702FD06463EB1A169C1F808D06A4637
:10D880002169A06911F0CEFC00BFA06985607CBD54
:10D890007CB50446A06985686089022856D1A089B4
:10D8A000022853D1E088218988424FDAE1885A3131
:10D8B00008B221F073FBA18810FB01F021680988F0
:10D8C00001EBE03000B2ADF80000E18808B221F0D1
:10D8D00065FBB4F90410B4F90E20891A4843216895
:10D8E000498801EBE03000B2ADF80600218908B2AA
:10D8F00021F054FBA18810FB01F02168498801EB5D
:10D90000E03000B2ADF8020021895A3108B221F0AE
:10D9100045FBB4F90410B4F90E20891A4843216874
:10D92000098801EBE03000B2ADF804002A466946F0
:10D930006846F5F7A1FC06463EB1A169C1F808D0DA
:10D940006A462169A06911F06DFCCCE0608902286B
:10D9500002D0A08902287DD1608902283CD12068AC
:10D960000088401E00B2ADF8040020684088A188FD
:10D97000401A00B2ADF80200E1885A3108B221F035
:10D980000DFBA18810FB01F02168098801EBE03054
:10D9900000B2ADF80000E18808B221F0FFFAB4F956
:10D9A0000410B4F90E20891A48432168498801EB14
:10D9B000E03000B2ADF806002A4669466846F5F741
:10D9C0005BFC06463EB1A169C1F808D06A462169F0
:10D9D000A06911F027FC00BFA0890228B5D12068FA
:10D9E0000088A188401A00B2ADF800002068408885
:10D9F000401E00B2ADF8060021895A3108B221F06C
:10DA0000CDFAB4F90410B4F90E20891A48432168FC
:10DA1000098801EBE03000B2ADF80400218908B2BA
:10DA200021F0BCFAA18810FB01F02168498801EBC4
:10DA3000E03000B2ADF802002A4669466846F5F7C4
:10DA40001BFC06464EB1A169C1F808D06A4621699F
:10DA5000A06900E002E011F0E5FB44E06089A189E3
:10DA6000884206D16089022803D02089E188884253
:10DA70000FDB608910B9A08903280AD060890128CA
:10DA800002D1A089032804D0608901282BD1A08964
:10DA900048BB20680088A188401A00B2ADF8000099
:10DAA00020684088A188401A00B2ADF802002068C2
:10DAB0000088401E00B2ADF8040020684088401E77
:10DAC00000B2ADF806002A4669466846F5F7D4FB71
:10DAD00006463EB1A169C1F808D06A462169A0692D
:10DAE00011F0A0FB00BFA06985607CBD7CB5044639
:10DAF000A06985686089032856D1A089032853D17D
:10DB0000E088218988424FDAE1885A3108B221F051
:10DB100045FAB4F90410B4F90E20891A4843216873
:10DB2000098801EBE03000B2ADF80000E18808B2EE
:10DB300021F034FAA18810FB01F02168498801EB3B
:10DB4000E03000B2ADF8020021895A3108B221F06C
:10DB500025FAA18810FB01F02168098801EBE0306B
:10DB600000B2ADF80400218908B221F017FAB4F927
:10DB70000410B4F90E20891A48432168498801EB42
:10DB8000E03000B2ADF806002A4669466846F5F76F
:10DB900073FB06463EB1A169C1F808D06A46216907
:10DBA000A06911F03FFBC7E06089032802D0A0897B
:10DBB00003287ED1608903283CD120680088A18891
:10DBC000084400B2ADF8040020684088401E00B24E
:10DBD000ADF80600E1885A3108B221F0DFF9B4F956
:10DBE0000410B4F90E20891A48432168098801EB12
:10DBF000E03000B2ADF80000E18808B221F0CEF9C3
:10DC0000A18810FB01F02168498801EBE03000B2E7
:10DC1000ADF802002A4669466846F5F72DFB064630
:10DC20003EB1A169C1F808D06A462169A06911F026
:10DC3000F9FA00BFA08903287ED120680088ADF8DA
:10DC4000000020684088A188401A00B2ADF80200A8
:10DC500021895A3108B221F0A1F9A18810FB01F005
:10DC60002168098801EBE03000B2ADF80400218999
:10DC700008B221F093F9B4F90410B4F90E20891A0E
:10DC800048432168498801EBE03000B2ADF8060056
:10DC90002A4669466846F5F7EFFA06463EB1A1699D
:10DCA000C1F808D06A462169A06911F0BBFA43E0C7
:10DCB000FFE76089A189884206D16089032803D0E3
:10DCC0002089E18888420FDB6089022801D1A08980
:10DCD00050B16089012801D1A08928B1608902284A
:10DCE0002AD1A089012827D120680088ADF800003A
:10DCF00020684088A188401A00B2ADF80200206870
:10DD00000088A188084400B2ADF80400206840886B
:10DD1000401E00B2ADF806002A4669466846F5F78F
:10DD2000ABFA06463EB1A169C1F808D06A4621693E
:10DD3000A06911F077FA00BFA06985607CBD000082
:10DD400070B5A4B006460D4620AA22A9304619F0A7
:10DD500069FD22A80CF092FC28B920A80CF08EFCDA
:10DD600008B924B070BD12A9304624F0E1F8044689
:10DD7000012C00D0F5E72946684618F0E5FF1B485E
:10DD800001900220029012A804904FF480300D9070
:10DD900022A80CF073FC80B122A803906A461A21D5
:10DDA000304613F001F822AA12A9284611F03AFAD7
:10DDB0006A461B21304612F0F7FF20A80CF05EFCEB
:10DDC00090B120A803906A461A21304612F0ECFF69
:10DDD00020A8039020AA12A9284611F023FA6A4627
:10DDE0001B21304612F0E0FF00BFBAE7E4B8030899
:10DDF0002DE9F04FB1B005460F4605F114012FA8EB
:10DE0000BA68F5F739FA10B931B0BDE8F08FB868E3
:10DE10002E902FA8B8602C46002128461AF06DFCE1
:10DE20002B90002128461AF0D4FD2A90284619F09C
:10DE300076FAB4F88410484300120FFA80FA2846A4
:10DE400019F04EFAB4F88610484300120FFA80FB1E
:10DE500004F12400F6F7B9FC2890002128461AF0B6
:10DE6000FEFB823461884843001227902188491EB6
:10DE7000279801FB10A0218890FBF1F000B22690BA
:10DE800028992698B0FBF1F000B225904FF4A0211C
:10DE900028461AF0E4FB6188823C48430012249033
:10DEA000284619F0A7FB01462B98401A00B2239090
:10DEB000284619F099FC01462A98401A00B222908F
:10DEC00014A811F0CBF914AA4FF4A02128461BF096
:10DED00081FA14A8C07B20F0070114A8C173FF20A9
:10DEE0008DF85300688BBDF85010084400B2ADF8AF
:10DEF000B600394602A818F027FF4FF4A0200F9073
:10DF00005D480390042004904FF00008AAE0279891
:10DF1000504400FB08F0B4F8821090FBF1F0A98A9D
:10DF200001442398084400B20190CDF8408004F1E8
:10DF30002400F6F769FC06468CE0307B00F0010017
:10DF400000B181E094F88800C0F3C00008B970897E
:10DF500000E0002000B200900198ADF8B000BDF8DC
:10DF6000B010259801442498081A401E00B2ADF85C
:10DF7000B40025990198084400B20190BDF9B4009D
:10DF8000BDF9BC10884200DA5EE0BDF9B000BDF911
:10DF9000C010884200DD60E03089ADF85400009880
:10DFA0004044B4F8821090FBF1F201FB12000FFA2A
:10DFB00080F9706830F91910307BC0F3001204F159
:10DFC0006C0030F91200081A00FB0BF02990307B2E
:10DFD000C0F3001104F1700030F91110307BC0F370
:10DFE000001204F16C0030F91200091A299890FB14
:10DFF000F1F029902998ABEB0001E88A01442298BE
:10E00000084400B2ADF8B200706830F9190047F664
:10E01000FF71884217D02CA8059014A8069013967B
:10E02000706830F91900129002AA1A21284612F0DD
:10E03000BBFE2CAA14A9384611F0F4F802AA1B2141
:10E04000284612F0B1FE00BF314604F12400F6F775
:10E05000D5FB0646002E7FF470AF00BF08F101002B
:10E060001FFA80F8B4F8820040453FF750AF2E9871
:10E07000B86000BFC8E60000BCBA03082DE9F34F42
:10E08000B9B083463A980BF11401826837A8F5F7C6
:10E09000F3F810B93BB0BDE8F08F3A98806836903D
:10E0A00037A93A9881605D46B5F88200022800DA07
:10E0B000F0E7002158461AF006F93390002158463F
:10E0C0001AF01BFB01463398084400B2329000213D
:10E0D00058461AF07EFC01463398084400B231904D
:10E0E000584619F01CF9B5F884104843001200B2E4
:10E0F0003090584619F0F4F8B5F8861048430012ED
:10E1000000B22F90584619F075FA0146BBF814205A
:10E1100032981044401A00B22E90584619F064FB11
:10E120000146BBF8162031981044401A00B22D90D9
:10E130003A980BF1140182682BA8F5F79DF82A9004
:10E140002A9800B9A6E727A810F0C8F827AA4FF424
:10E15000A02158461BF0CAF819A811F07FF819AA97
:10E160004FF4003158461BF035F94FF40031584652
:10E170001AF0B1FE064600EBD67047104FF400319E
:10E1800058461AF01AF9064600EBD6704FEA600AB4
:10E19000BDF99E00574501DA394600E0514600EBD3
:10E1A000D072B1EB620F06DD9DF8A50020F01000E3
:10E1B00010308DF8A500BDF89E00012806D19DF80D
:10E1C000A50020F0100010308DF8A500B5F88210E1
:10E1D0003098814201DB012000E00020189005F119
:10E1E0002400F6F711FB0446D4E1207B00F0010087
:10E1F00000B1C9E12089ADF89C002089ADF8680024
:10E2000095F88800C0F3C00008B9608900E00020DC
:10E2100006B217962E98ADF8D4002E98ADF8D0001F
:10E22000179E179EB046606830F91810207BC0F327
:10E23000001205F16C0030F91200081A2F994843BA
:10E240001690207BC0F3001105F1700030F9111019
:10E25000207BC0F3001205F16C0030F91200091A9E
:10E26000169890FBF1F0169016992F98411A2D9858
:10E27000084400B2ADF8D20004A83A9918F064FD41
:10E28000C8480590032006904FF4A020119027A8BD
:10E290000A9019A808901594BDF9D2000390BDF911
:10E2A000D20002904FF0000923E1BDF8D000ADF894
:10E2B000D400BDF8D200ADF8D600BDF9D410369820
:10E2C000B0F904003844401C814200DD16E130986A
:10E2D00000FB09F0B5F88210491E90FBF1F12E9871
:10E2E000084400B2ADF8D00017984844B5F8821041
:10E2F00090FBF1F201FB120006B2606830F91610D3
:10E30000207BC0F3001205F16C0030F91200081AEE
:10E310002F9948431690207BC0F3001105F170003F
:10E3200030F91110207BC0F3001205F16C0030F9B8
:10E330001200091A169890FBF1F0169016992F9872
:10E34000411A2D98084400B2ADF8D200BDF9D010A2
:10E350003698B0F90000C01B401E814201DAB04679
:10E36000C3E0B9F1000F58D01898E8B3606830F9ED
:10E37000180047F6FF718842F5D0606830F9160042
:10E380008842F0D0BDF9D2100298814201DA029899
:10E3900001E0BDF9D2000290BDF9D210039881428C
:10E3A00001DD039801E0BDF9D2000390BDF9D4006E
:10E3B000BDF9D010884230D0BDF9D2000190BDF82F
:10E3C000D000401E00B2ADF8D000BDF8D000ADF8CE
:10E3D000D4000398ADF8D6000298ADF8D200BDF98C
:10E3E000D600BDF9D21000E018E0884205D1BDF892
:10E3F000D200401C00B2ADF8D20034AB35AA27A938
:10E400003A980FF054FFBDF8D000401C00B2ADF8B0
:10E41000D000019803900198029064E0BDF8D40008
:10E42000C01B00B2ADF80000BDF8D400384400B203
:10E43000ADF80400BDF8D600A0EB0A0000B2ADF8BC
:10E440000200BDF8D600504400B2ADF80600A9F1B4
:10E4500001001290606830F9180047F6FF71884299
:10E4600001D035A800E000200D90606830F916005A
:10E4700047F6FF71884201D034A800E000200E90DA
:10E48000CDF81CD0606830F91800149004AA1A2145
:10E49000584612F089FC606830F9180047F6FF71A1
:10E4A00088420AD0606830F91600884205D034AB43
:10E4B00035AA27A93A980FF0FAFE77B1BAF1000F02
:10E4C0000BD0606830F9180047F6FF71884204D01D
:10E4D0006A4619A93A9810F0A5FE04AA1B215846CD
:10E4E00012F062FC00BFB04600BF09F101001FFA44
:10E4F00080F9B5F8820048453FF7D7AE00BF1898BD
:10E50000E8BBB5F8820048453DD1606830F9160097
:10E5100047F6FF71884236D0BDF8D000C01B00B26C
:10E52000ADF80000BDF8D000384400B2ADF80400EA
:10E53000BDF8D200A0EB0A0000B2ADF80200BDF8B1
:10E54000D200504400B2ADF80600A9F101001290CB
:10E5500000200D900E90CDF81CD0606830F91600A8
:10E56000149004AA1A21584612F01EFC6A4619A9F2
:10E570003A9810F057FE04AA1B21584600E002E02A
:10E5800012F012FC00BF00BF214605F12400F6F78F
:10E5900035F90446002C7FF428AE3A993698886005
:10E5A00000BF77E5BCBA03082DE9F34FB3B081464D
:10E5B000349809F11401826831A8F4F75DFE10B9AE
:10E5C00035B0BDE8F08F34988068309031A9349828
:10E5D00081604D460021484619F075FE2D900021BE
:10E5E00048461AF08AF82C90002148461AF0F1F9B2
:10E5F0002B90484618F093FEB5F88410484300125B
:10E6000000B22A90484618F06BFEB5F886104843D1
:10E61000001200B22990484618F0ECFF0146B9F804
:10E6200014202C9802442D981044401A00B22890CF
:10E63000484619F0D9F80146B9F816202B9802443B
:10E640002D981044401A00B2279024A80FF046FEDF
:10E6500024AA4FF4A02148461AF048FE16A810F04C
:10E66000FDFD16AA4FF4003148461AF0B3FE4FF4F0
:10E67000003148461AF02FFC064600EBD6704710D2
:10E680004FF40031484619F098FE064600EBD6706C
:10E690004FEA6008BDF99200474501DA394600E0CB
:10E6A000414600EBD072B1EB620F06DD9DF8990098
:10E6B00020F0100010308DF89900BDF8920001286C
:10E6C00006D19DF8990020F0100010308DF89900C7
:10E6D00005F12400F6F798F8044698E1207B00F055
:10E6E000010000B18DE12089ADF890002089ADF8DE
:10E6F0005C0095F88800C0F3C00008B9608900E0AC
:10E70000002006B215962898ADF8BC002898ADF800
:10E71000B800159E159EB346606830F816000A28AA
:10E7200047D02A980090236833F91600237BC3F35F
:10E73000C00C05F1780333F91C20237BC3F3C00C14
:10E7400005F1740333F91C10002316F019FC00B214
:10E75000ADF8B800BDF8B8102898084400B2ADF87C
:10E76000B80029980090636833F91600237BC3F33F
:10E77000001C05F1700333F91C20237BC3F3001C3C
:10E7800005F16C0333F91C10002316F0F9FB00B2FD
:10E79000ADF8BA00BDF8BA102998401A00B2ADF829
:10E7A000BA00BDF8BA102798084400B2ADF8BA0014
:10E7B00005E04EF20100ADF8B800ADF8BA0003A8CC
:10E7C000349918F0C1FA4FF4A020109094480490A6
:10E7D0000320059024A8099016A8079014944FF0E0
:10E7E000000AC8E0BDF8B800ADF8BC00BDF8BA003A
:10E7F000ADF8BE0015985044B5F8821090FBF1F2C8
:10E8000001FB120006B2606830F9160047F6FF718E
:10E81000884247D029980090636833F91600237B1B
:10E82000C3F3001C05F1700333F91C20237BC3F3F1
:10E83000001C05F16C0333F91C10002316F0A0FB3B
:10E8400000B2ADF8BA00BDF8BA102998401A00B26B
:10E85000ADF8BA00BDF8BA102798084400B2ADF878
:10E86000BA002A980090236833F91600237BC3F37B
:10E87000C00C05F1780333F91C20237BC3F3C00CD3
:10E8800005F1740333F91C10002316F079FB00B274
:10E89000ADF8B800BDF8B8102898084400B2ADF83B
:10E8A000B80001E0B34662E0BAF1000F5DD0BDF8F8
:10E8B000BC00C01B00B2ADF80400BDF8BC00384479
:10E8C00000B2ADF80800BDF8BE00A0EB080000B231
:10E8D000ADF80600BDF8BE00404400B2ADF80A0035
:10E8E000AAF101001190606830F91B0047F6FF7132
:10E8F000884201D02FA800E000200C90606830F919
:10E90000160047F6FF71884201D02EA800E00020D3
:10E910000D9001A80690606830F91B00139003AABF
:10E920001A21484612F040FA606830F91B0047F699
:10E93000FF71884213D0606830F9160088420ED00B
:10E940002EAB2FAA24A934980FF0B1FC3FB1B8F137
:10E95000000F04D001AA16A9349810F063FC03AA92
:10E960001B21484612F020FA00BFB34600BF0AF14F
:10E9700001001FFA80FAB5F8820050453FF732AF28
:10E98000B5F8820050453BD1606830F9160047F673
:10E99000FF71884234D0BDF8B800C01B00B2ADF89A
:10E9A0000400BDF8B800384400B2ADF80800BDF866
:10E9B000BA00A0EB080000B2ADF80600BDF8BA003E
:10E9C000404400B2ADF80A00AAF101001190002005
:10E9D0000C900D9001A80690606830F91600139015
:10E9E00003AA1A21484612F0DFF901AA16A93498A1
:10E9F00010F018FC03AA1B21484612F0D5F900BFFD
:10EA000000BF214605F12400F5F7F8FE0446002C6E
:10EA10007FF464AE34993098886000BFD0E5000080
:10EA2000BCBA03082DE9F74FA2B00F46F88D10B914
:10EA300025B0BDE8F08F97F83600022800DCF7E734
:10EA4000F88D012808D1B7F93400002804DC388E8D
:10EA500010B9788E00B9EBE724980088398E084405
:10EA6000B98E401A00B2ADF8800024988088398EA3
:10EA70000844B98E084400B2ADF884002498408858
:10EA8000798E0844B98E401A00B2ADF882002498FD
:10EA9000C088798E0844B98E084400B2ADF886006B
:10EAA000B7F92E0000EBD071BDF88020A2EB610118
:10EAB000491E09B2ADF87810B7F92E0000EBD071FD
:10EAC000BDF8842002EB6101491C09B2ADF87C104D
:10EAD000B7F92E0000EBD071BDF88220A2EB6101E6
:10EAE000491E09B2ADF87A10B7F92E0000EBD071CB
:10EAF000BDF8862002EB6101491C09B2ADF87E1019
:10EB000097F836001D901D98FD2801DDFF201D900F
:10EB100022981EA982681BA8F4F7AEFB00B987E70C
:10EB200019A824990BF000FD4FF0FF32114619A8E7
:10EB30000BF02CFEB7F9008019A80BF0DAFD834624
:10EB400019A80BF05CFD834503DA19A80BF0D1FD81
:10EB500002E019A80BF053FD18901898B8EB600F5D
:10EB600002DD18984FEA6008B7F90000179020A856
:10EB70000BF0BFFD834620A80BF041FD834503DA6F
:10EB800020A80BF0B6FD02E020A80BF038FD18908D
:10EB9000DDE91701B0EB610F02DD18984010179006
:10EBA000B7F92E1017980C1804FB04F1480016F062
:10EBB00035FA8246B7F92E20179803B2514620A89D
:10EBC00023F084FB1EA80FF0BBFE16904FF0010946
:10EBD000169820B9F878FF2801DBB87808B14FF013
:10EBE00000094FF0FF300F90B9F1000F0BD1012356
:10EBF0000FFA88F219A910A810F01AFA002110A82B
:10EC00000FF098FB0F901EA80BF073FD834616F0D3
:10EC100005FA0E901C2102A816F0ABFC0CA802907D
:10EC200007900E980590B88DADF8100097F8360053
:10EC30008DF82000B8788DF821001EA80BF059FD42
:10EC4000834600EBDB70BDF8781001EB600000B28A
:10EC500001901EA80BF0D3FC834600EBDB70BDF8DF
:10EC60007A1001EB600000B20090BDF87C00ADF8B6
:10EC70003400BDF87C00001B401C00B2ADF8300031
:10EC8000BDF87A00ADF83200BDF87A002044401E8D
:10EC900000B2ADF83600BDF930100198814202DDB6
:10ECA000BDF9300000E00198ADF83000BDF9361034
:10ECB0000098814202DABDF9360000E00098ADF814
:10ECC000360022980CA982680AA8F4F7D5FA002821
:10ECD00066D00FFA88F219A90AA8F4F70EFB0028EB
:10ECE0005ED10AA80BF005FD83465646BDF92A0001
:10ECF000BDF97A10401A00FB0466BDF92810BDF971
:10ED00007C00001B401C081A0644B9F1000F09D012
:10ED10000FFA88F219A90AA8F4F76AFB10B10120CA
:10ED2000099001E0CDF82490BBF1000F37DD0E987B
:10ED30000590BDF82800ADF83000BDF82C00ADF806
:10ED4000340002208DF81800BDF92A5023E0ADF8F8
:10ED50003250ADF836500998A8B9224631460E987F
:10ED600016F079FABDF928105B462A460E980FF086
:10ED700097FD8DF818009DF81800012804D1022095
:10ED80008DF8180000E0059602A9229810F088FC82
:10ED90002644681C05B2BDF92E00A842D7DA00BF90
:10EDA000BDF87C00ADF83400BDF87C00001B401CB1
:10EDB00000B2ADF83000BDF87E00001B401C00B270
:10EDC000ADF83200BDF87E00ADF83600BDF9301068
:10EDD0000198814202DDBDF9300000E00198ADF8F4
:10EDE0003000BDF932100098401C814202DDBDF9AF
:10EDF000320001E00098401C00B2ADF832002298C9
:10EE00000CA982680AA8F4F737FA002866D00FFA2E
:10EE100088F219A90AA8F4F770FAA8BB0AA80BF09F
:10EE200068FC83465646BDF93600BDF92E10401ADF
:10EE300000FB0466BDF92810BDF97C00001B401CD6
:10EE4000081A0644B9F1000F09D00FFA88F219A97F
:10EE50000AA8F4F7CDFA10B10120099001E0CDF82D
:10EE60002490BBF1000F38DD0E980590BDF8280006
:10EE7000ADF83000BDF82C00ADF8340002208DF85C
:10EE80001800BDF92E5024E028E0ADF83250ADF85E
:10EE900036500998A8B9224631460E9816F0DBF98B
:10EEA000BDF928105B462A460E980FF0F9FC8DF844
:10EEB00018009DF81800012804D102208DF81800D0
:10EEC00000E0059602A9229810F0EAFB2644681E8D
:10EED00005B2BDF92A00A842D7DD00BFBDF8780011
:10EEE000204400B2ADF83000BDF87C00001B00B239
:10EEF000ADF83400BDF87A00ADF83200BDF87A0004
:10EF00002044401E00B2ADF83600BDF9361000981E
:10EF1000814202DABDF9360000E00098ADF8360013
:10EF200022980CA982680AA8F4F7A6F9002870D0E4
:10EF30000FFA88F219A90AA8F4F7DFF9002868D1B6
:10EF40000AA80BF0D6FB83465646BDF92A00BDF948
:10EF50003210401A00FB0466B9F1000F09D00FFA15
:10EF600088F219A90AA8F4F743FA10B10120099010
:10EF700001E0CDF82490BBF1000F49DD099810B9EC
:10EF80000E98059001E000200590BDF82800ADF82E
:10EF90003000BDF82C00ADF83400BDF92A5033E044
:10EFA000ADF83250ADF836500998C8B931785A46A4
:10EFB0000E9816F0A4FABDF928105B462A460E9862
:10EFC0000FF06EFC8DF818009DF81800012802D192
:10EFD00002208DF8180002A9229810F061FB10E0C1
:10EFE0001D98FF2801D1307805E0307897F8361069
:10EFF00010FB01F000128DF8200002A9229810F0F9
:10F000004FFB2644681C05B2BDF92E00A842C7DAA2
:10F0100000BF97F836008DF82000BDF87800204436
:10F0200000B2ADF83000BDF87C00001B00B2ADF8B6
:10F030003400BDF87E00001B401C00B2ADF8320069
:10F04000BDF87E00ADF83600BDF932100098401CC6
:10F05000814202DDBDF9320001E00098401C00B29F
:10F06000ADF8320022980CA982680AA8F4F704F9D6
:10F0700000287DD00FFA88F219A90AA8F4F73DF903
:10F0800000287AD10AA80BF034FB83465646BDF916
:10F090003600BDF92E10401A00FB0466BBF1000FCC
:10F0A0006ADDB9F1000F09D00FFA88F219A90AA890
:10F0B000F4F79EF910B10120099001E0CDF82490F9
:10F0C000099810B90E98059001E000200590BDF850
:10F0D0002800ADF83000BDF82C00ADF83400BDF9C3
:10F0E0002E5042E0ADF83250ADF83650B9F1000F75
:10F0F00009D00FFA88F219A90AA8F4F779F910B122
:10F100000120099001E0CDF824900998C8B9317820
:10F110005A460E9816F0F3F9BDF928105B462A46B8
:10F120000E980FF0BDFB8DF818009DF8180001280F
:10F1300002D102208DF8180002A9229810F0B0FA2E
:10F1400010E01D98FF2801D1307805E0307897F85D
:10F15000361010FB01F000128DF8200002A9229851
:10F1600010F09EFA2644681E05B2BDF92A0001E09F
:10F1700003E001E0A842B5DD00BF97F836008DF846
:10F180002000BDF87C00001B401C00B2ADF8300030
:10F19000BDF87C00ADF83400BDF87A00204400B220
:10F1A000ADF83200BDF87E00001B00B2ADF83600AD
:10F1B000BDF932100098401C814202DABDF93200DC
:10F1C00001E00098401C00B2ADF83200BDF93610E5
:10F1D0000098814202DDBDF9360000E00098ADF8EC
:10F1E0003600BDF930100198814202DDBDF93000D2
:10F1F00000E00198ADF8300022980CA982680AA8B6
:10F20000F4F73AF8E0B30FFA88F219A90AA8F4F76C
:10F2100074F8A8BB0AA80BF06CFA83465646601E29
:10F2200000FB0466BDF92810BDF97C00001B401CE2
:10F23000081A0644B9F1000F09D00FFA88F219A98B
:10F240000AA8F4F7D5F810B10120099001E0CDF833
:10F250002490099808B1304600E00E980590BBF163
:10F26000000F33DDBDF82800ADF83000BDF82C00EC
:10F27000ADF8340002208DF81800BDF92A5021E0C5
:10F2800025E0ADF83250ADF836500998A0B95A468D
:10F2900031460E9815F0DFFFBDF928105B462A466F
:10F2A0000E980FF0FDFA8DF818009DF8180001284F
:10F2B00002D102208DF8180002A9229810F0F0F96E
:10F2C000681C05B2BDF92E00A842DADA00BF564626
:10F2D000002515E030463319591E002208E0037856
:10F2E00091F800C080F800C00B70401C491E521CF1
:10F2F00004EBD47CB2EB6C0FF1DB2644681C05B246
:10F30000A542E7DBBDF87800ADF83000BDF8780025
:10F310002044401E00B2ADF83400BDF87A0020440D
:10F3200000B2ADF83200BDF87E00001B00B2ADF8AF
:10F330003600BDF932100098401C814202DABDF956
:10F34000320001E00098401C00B2ADF83200BDF977
:10F3500036100098814202DDBDF9360000E00098C9
:10F36000ADF83600BDF934100198401E814202DA32
:10F37000BDF9340001E00198401E00B2ADF8340040
:10F3800022980CA982680AA8F3F776FFD0B30FFA87
:10F3900088F219A90AA8F3F7B0FF98BB0AA80BF0E6
:10F3A000A8F983465646601E00FB0466BDF9280096
:10F3B000BDF93010401A0644B9F1000F09D00FFA18
:10F3C00088F219A90AA8F4F713F810B101200990DE
:10F3D00001E0CDF82490099808B1304600E00E987D
:10F3E0000590BBF1000F33DDBDF82800ADF830000B
:10F3F000BDF82C00ADF8340002208DF81800BDF9DE
:10F400002A5021E025E0ADF83250ADF83650099889
:10F41000A0B95A4631460E9815F01DFFBDF92810C7
:10F420005B462A460E980FF03BFA8DF818009DF8BF
:10F430001800012802D102208DF8180002A9229894
:10F4400010F02EF9681C05B2BDF92E00A842DADAD8
:10F4500000BFBDF87800ADF83000BDF8780020445A
:10F46000401E00B2ADF83400BDF87A00ADF83200AD
:10F47000BDF87A002044401E00B2ADF83600BDF958
:10F4800034100198401E814202DABDF9340001E0D7
:10F490000198401E00B2ADF83400BDF93610009856
:10F4A000814202DABDF9360000E00098ADF836007E
:10F4B00022980CA982680AA8F3F7DEFED0B30FFAEF
:10F4C00088F219A90AA8F3F718FF98BB0AA80BF04D
:10F4D00010F983465646BDF92A00BDF93210401A8C
:10F4E00000FB0466BDF92800BDF93010401A06443F
:10F4F000B9F1000F09D00FFA88F219A90AA8F3F799
:10F5000077FF10B10120099001E0CDF824900E980A
:10F510000590BBF1000F36DDBDF82800ADF83000D6
:10F52000BDF82C00ADF8340002208DF81800BDF9AC
:10F530002A5024E028E0ADF83250ADF83650099852
:10F54000A8B9224631460E9815F085FEBDF928105F
:10F550005B462A460E980FF0A3F98DF818009DF827
:10F560001800012804D102208DF8180000E005964B
:10F5700002A9229810F094F82644681C05B2BDF93F
:10F580002E00A842D7DA00BFBDF87800ADF83000F1
:10F59000BDF878002044401E00B2ADF83400BDF83C
:10F5A0007E00001B401C00B2ADF83200BDF87E00AA
:10F5B000ADF83600BDF932100098401C814202DDE2
:10F5C000BDF9320001E00098401C00B2ADF83200F5
:10F5D000BDF934100198401E814202DABDF93400B1
:10F5E00001E00198401E00B2ADF8340022980CA949
:10F5F00082680AA8F3F740FED0B30FFA88F219A97F
:10F600000AA8F3F77AFE98BB0AA80BF072F88346B3
:10F610005646BDF93600BDF92E10401A00FB0466AF
:10F62000BDF92800BDF93010401A0644B9F1000FA9
:10F6300009D00FFA88F219A90AA8F3F7D9FE10B178
:10F640000120099001E0CDF824900E980590BBF1BF
:10F65000000F36DDBDF82800ADF83000BDF82C00F5
:10F66000ADF8340002208DF81800BDF92E5024E0CA
:10F6700028E0ADF83250ADF836500998A8B92246C6
:10F6800031460E9815F0E7FDBDF928105B462A4675
:10F690000E980FF005F98DF818009DF81800012854
:10F6A00004D102208DF8180000E0059602A92298E6
:10F6B0000FF0F6FF2644681E05B2BDF92A00A842E5
:10F6C000D7DD00BFBDF87800204400B2ADF83000AF
:10F6D000BDF87C00001B00B2ADF83400BDF87A0024
:10F6E000204400B2ADF83200BDF87E00001B00B22D
:10F6F000ADF836000E98059022980CA982680AA8E9
:10F70000F3F7BAFDA0B30FFA88F219A90AA8F3F724
:10F71000F4FD68BB0AA80AF0ECFF8346BBF1000FBA
:10F7200025DDBDF82800ADF83000BDF82C00ADF89F
:10F730003400BDF92A5016E0ADF83250ADF836501D
:10F7400059460E9815F04CFFBDF928105B462A4625
:10F750000E980FF0A5F88DF8180002A922980FF066
:10F760009FFF681C05B2BDF92E00A842E4DA00BF75
:10F77000B9F1000F05D110A80FF0BEF80F980FF0E7
:10F780003FFD504615F0C6FC0E9815F0C3FC00BFB7
:10F79000FFF74EB92DE9F74FDEB05E985D906098A7
:10F7A0000AF0CAFF804600EBD8704FEA600A609802
:10F7B0000AF03AFF074600EBD7704010824507DA9F
:10F7C00060980AF0B9FF064606EBD670401006E0D6
:10F7D00060980AF029FF054605EBD570401000B28D
:10F7E0005B90609801885B98084400B2ADF87001A6
:10F7F000609841885B98084400B2ADF8720158A83F
:10F800000EF06CFD58AA4FF4C0215E9819F06EFD01
:10F810009DF8690120F0100010308DF8690150A8A2
:10F820000EF010FD50AA4FF4C0215E9819F0F7FCBD
:10F830002CA85F9917F088FAFE482D904FF4C0204D
:10F84000399003202E9058A832905D982430F4F718
:10F85000DBFF044643E23D94A18B5B98084406B26B
:10F86000A088301A00B22B90A089301A0FFA80FAC3
:10F87000BDF870112B98081A00B2ADF8A400BDF8BD
:10F8800072112B98081A00B2ADF8A600BDF87011DD
:10F890002B98084400B2ADF8A800BDF872112B985F
:10F8A000084400B2ADF8AA00012347F6FF7229A967
:10F8B0004AA80FF0BDFBBDF87001A0EB0A0000B232
:10F8C000ADF89C00BDF87201A0EB0A0000B2ADF8E3
:10F8D0009E00BDF870015044401E00B2ADF8A0007B
:10F8E000BDF872015044401E00B2ADF8A2000123E1
:10F8F00047F6FF7227A944A80FF09AFBBDF87001E4
:10F90000801B00B2ADF89400BDF87201801B00B2FC
:10F91000ADF89600BDF870013044401E00B2ADF85D
:10F920009800BDF872013044401E00B2ADF89A0054
:10F93000002347F6FF7225A93EA80FF079FB0021AE
:10F940003EA80EF0F7FC24904FF0FF302390608922
:10F9500010B16089401E01E04FF6FF7022904FF019
:10F960000009A6E12298401C229000202190618984
:10F970002298814203D10020229001202190A06989
:10F9800000906088421E00214846636915F0F8FA2D
:10F9900007463C97219810B12089209001E020680B
:10F9A000209020981F90219808B1E08900E0E0881D
:10F9B0000FFA80F8CDF87880DDF878805D983030E7
:10F9C000F4F722FF05465FE02879022800D055E0D1
:10F9D000A868B84251DCE868B8424EDB288A404447
:10F9E0000FFA80F8698AA88A814202D1688A209039
:10F9F00043E0A87D00F0010050B1FF2000900023FB
:10FA00003846D5E9021215F0BBFAC0B2139009E0EE
:10FA1000FF20009000233846D4E9051215F0B0FA13
:10FA2000C0B21390A98A1191698A1291139800F1BA
:10FA3000040C4FEAEC00BDF848C04CEA0C4CDFF86F
:10FA4000F8E10CEA0E01BDF844C04CEA0C4C0CEA9B
:10FA50000E02A2EB010C0CFB00FC01EB5C1C0CEA9F
:10FA60000E0343EA134C1FFA8CFCCDF840C0BDF8DE
:10FA700040E0F446CDF880C000BF00BF29465D9845
:10FA80003030F4F7BBFE0546002D9DD1E08B00FB26
:10FA900009F001026088401E91FBF0F01D901D9856
:10FAA00000121C901C98401C1B901D9800F0FF0B2E
:10FAB000228C1C99114408B21FF070FA1A90228C03
:10FAC0001B99114408B21FF069FA1990CBF58071A7
:10FAD0001A9811FB00F1199810FB0B1000121890E6
:10FAE000228C1C99114408B21FF050FA1790228CF6
:10FAF0001B99114408B21FF049FA1690CBF580719A
:10FB0000179811FB00F1169810FB0B1000121590BE
:10FB1000BDF88000ADF86001ADF86281BDF87021DC
:10FB200006EB0801159848437F3002EBE03000B245
:10FB3000ADF85000BDF8722106EB08011898484353
:10FB40007F3002EBE03000B2ADF8520014A83590DF
:10FB50005CA83590CDF8E89050A831902198002805
:10FB60007CD024980FF04CFBB4F91000AAEB0000F5
:10FB70001390BDF870211399159848437F3002EB1C
:10FB8000E03000B2ADF84800BDF872211399189822
:10FB900048437F3002EBE03000B2ADF84A0020224B
:10FBA00050A90AA815F057FB0AA831903B4623A29A
:10FBB000102106A81CF080FD06A837902CAA1A2157
:10FBC0005E9811F0F1F8002141F6FF72BDF9520183
:10FBD000CDE901210090BDF9543105A8509A37991B
:10FBE0001FF0CAFABDF9140000EBD071BDF848202F
:10FBF000A2EB610109B2ADF80C10BDF9160000EBE3
:10FC0000D071BDF84A20A2EB610109B2ADF80E1027
:10FC1000BDF80C00BDF81410084400B2ADF8100097
:10FC2000BDF80E00BDF81610084400B2ADF8120081
:10FC3000002006E0F4BF03081FF8E0072564000079
:10FC40000CE0009003AA379B31995F980DF046FFB6
:10FC500000213EA80EF06EFB249007E000203190BA
:10FC600037902CAA1A215E9811F09EF8219909B1BB
:10FC700044A900E04AA9084600210EF05BFB23904E
:10FC80005CAB14AA58A95F980EF011FB23980FF0F3
:10FC9000B7FA2CAA16215E9811F086F8BDF87C0000
:10FCA000ADF860011E98ADF8620109F1010000F0A5
:10FCB000FF09608848453FF755AE4AA80EF01CFE84
:10FCC00044A80EF019FE3EA80EF016FE24980FF080
:10FCD00097FA21465D982430F4F790FD0446002CF5
:10FCE0007FF4B9AD61B0BDE8F08F00002DE9F04FB1
:10FCF000B1B005468B4690462E464146284603F055
:10FD000035F904462089C0F30E00012802DC31B029
:10FD1000BDE8F08F2089C0F3C03020B9208810B929
:10FD2000608800B9F3E70021284618F0E6FC824617
:10FD30000021284618F0C7FA504400B22E902846F9
:10FD400017F0EDFAB6F884104843001200B22D9077
:10FD500025A80EF077FA25AA4FF4C021284619F0FD
:10FD60005EFA284617F046FC0146AA8A2E981044EF
:10FD7000401A00B22490B8F1020F0ED12089C0F3CE
:10FD8000C03028B14FF4C021284618F0D9FB00E05C
:10FD900000202390B5F91A900DE02089C0F3C030FF
:10FDA00028B14FF4C021284618F013FE00E00020CF
:10FDB0002390B5F91690B8F1020F16D1DBF80800C0
:10FDC000B0F90600484500DAA1E723984844259990
:10FDD000B1F908100844B4F900100844DBF8081021
:10FDE000B1F90210884200DA91E720A80EF076FA05
:10FDF00020AA4FF4C021284619F078FA0020ADF867
:10FE00008600ADF8840059460EA816F09DFFA6485E
:10FE10000F900620109002201C904FF4C0201B90E1
:10FE200025A8139020A81490B8F1020F01D001204A
:10FE300000E000200D9096F8880000F007000228EE
:10FE400022D10021284618F00AFCB6F88410484355
:10FE50004FEA202A2D985044B6F8821090FBF1F01A
:10FE600000B20B900B99A1EB0A0000EBD0714A1085
:10FE70002499114409B224910B98A0EB0A012D9802
:10FE8000401A00B22D9000BFADF8C2902089C0F397
:10FE90000E00401E6168C1F30E4148430C900027DC
:10FEA000FBE000200B906068C0F30E40B7FBF0F160
:10FEB00000FB117008B901200B90BDF982102D983C
:10FEC000401A78430C99B0FBF1F12498084400B231
:10FED000ADF8C000ADF8BC000D9868B1BDF9C21016
:10FEE0000B9810B1B4F9000001E0B4F90200081A4F
:10FEF00000B2ADF8BE000CE0BDF9C2100B9810B115
:10FF0000B4F9000001E0B4F90200084400B2ADF811
:10FF1000BE0030A817902FA8189096F8880000F01F
:10FF20000700032810D106F178000D9930F911006F
:10FF3000009006F1740030F91130002138460C9A17
:10FF400015F01EF8824604E06068C0F30E40B7FB6F
:10FF5000F0FACDF878A00B98002871D02089C0F372
:10FF6000C03000286CD0534650A2102107A81CF0C6
:10FF7000A3FB25A8139007A8199010201A900EAA89
:10FF80001A21284610F010FF002141F6FF72BDF93A
:10FF9000A600CDE901210090BDF9A83006A8259A58
:10FFA00019991FF0E9F8BDF9180000EBD071BDF800
:10FFB000BC20A2EB610109B2ADF81010BDF9180028
:10FFC00000EBD071BDF8BC2002EB610109B2ADF8C5
:10FFD00014100D9878B1BDF8BE102398081A00B21D
:10FFE000ADF81600BDF81600BDF81A10401A00B2A0
:10FFF000ADF812000EE0BDF8BE102398084400B220
:020000040801F1
:10000000ADF81200BDF81200BDF81A10084400B295
:10001000ADF81600BDF91400B5F9141088420DDBD7
:10002000BDF91010B5F91800814207DC00200090DE
:1000300004AA25A95846199B0DF050FD09E0FFE7D9
:100040000020139019901A900EAA1A21284610F039
:10005000ABFEBDF9821001EBD172BDF9C03003EBEC
:100060006202B5F914309A4211DBBDF9820000EB4F
:10007000D072BDF9BC30A3EB6203B5F918209342EE
:1000800005DC2FAB30AA20A958460EF010F90EAAB5
:100090001B21284610F088FE7F1C0C9887427FF6B3
:1000A00000AF00BF33E60000BCBA030825640000BF
:1000B0002DE9F74FB2B00546164631953146284630
:1000C00002F054FF04462089C0F30E00012802DC30
:1000D00035B0BDE8F08F2089C0F3C03020B920884A
:1000E00010B9608800B9F3E70EB1012000E00020EC
:1000F00083460021284618F0E6F82E900021284675
:1001000018F067FC2D90284617F0EAF83199B1F8FD
:1001100086104843001200B22C90284617F064FB6A
:100120000146EA8A2D9802442E981044401A00B2E3
:100130002B904EB94FF4C021284618F0DEFA07463E
:10014000B5F914002A9008E04FF4C021284618F0B1
:100150007DFB0746B5F918002A90B4F900002990F4
:10016000B4F902002890012E07D12998404200B22C
:1001700029902898404200B2289025A80EF0AEF8A9
:1001800025AA4FF4C021284619F0B0F81DA80EF09A
:1001900059F81DAA4FF4C021284619F040F80BA8C1
:1001A000339916F0D1FD89480C9006200D901996D0
:1001B0000004189025A811901DA810902089C0F364
:1001C0000E00401E6168C1F30E4100FB01F94FF0C3
:1001D0000008F6E0BDF996102C98401A00FB08F0D4
:1001E000B0FBF9F12B98084400B2ADF8C200ADF8AD
:1001F000BE002A98ADF8C00036B9BDF8C000401E58
:1002000000B2ADF8C00005E0BDF8C000401C00B26F
:10021000ADF8C00000200A906068C0F30E40B8FB43
:10022000F0F100FB118008B901200A900A9838B15A
:10023000BDF8C0102998081A00B2ADF8BC0006E05D
:10024000BDF8C0102898081A00B2ADF8BC0030A85C
:1002500014902FA815903198703030F91B00009041
:1002600031996C3131F91B30A9EB08004A46002165
:1002700014F086FE8246CDF86CA00A98002872D051
:100280002089C0F3C03000286DD0534650A2102101
:1002900006A81CF011FA1DA8109006A816901020B0
:1002A00017900BAA1A21284610F07EFD002141F676
:1002B000FF72BDF98600CDE901210090BDF98830BB
:1002C00005A81D9A16991EF057FFBDF9160000EB00
:1002D000D071BDF8BE20A2EB610109B2ADF80E10DD
:1002E000BDF9160000EBD071BDF8BE2002EB610134
:1002F00009B2ADF81210BBF1000F0FD1BDF8BC0070
:10030000BDF81410401AC01B00B2ADF80C00BDF8C7
:10031000BC00C01B00B2ADF810000EE0BDF8BC0080
:10032000384400B2ADF80C00BDF8BC00BDF81410A4
:100330000844384400B2ADF81000BDF91210B5F908
:10034000160081420DDBBDF90E10B5F91A0081428D
:1003500007DC0020009003AA1DA9169B33980DF01E
:10036000BDFB09E0FFE700201090169017900BAA44
:100370001A21284610F018FDBDF9961001EBD17234
:10038000BDF9C23003EB6203B5F91620934211DBCD
:10039000BDF9960000EBD072BDF9BE30A3EB62034D
:1003A000B5F91A20934205DC2FAB30AA25A9339862
:1003B0000DF07DFF0BAA1B21284610F0F5FC08F17B
:1003C0000108C8457FF606AF00BF81E6BCBA030846
:1003D000256400002DE9FE4F06460C461746984658
:1003E0002021304618F008FE00287DD00C98032804
:1003F00003D1304617F0E4F902E0304617F0EAF98D
:10040000814612F085FE05464FF0000A002002905A
:100410000C98032843D10021304618F047F9834651
:100420000021304618F0EBF90190B9F1010F23D00B
:10043000B9F1020F28D0B9F1030F2ED106F1140043
:100440000AF02DF9A0EB0B010198081A009000EBBF
:10045000D0700BEB6000B18A08440FFA80FA05F106
:1004600014000AF01CF9009000EBD070A98A01EB8F
:10047000600000B2029010E0B08A58440FFA80FA8F
:10048000B5F91400029008E0318B0198081A0FFAB0
:1004900080FAB5F91800029000BF00BF45E00021C6
:1004A000304618F06FFA83460021304618F021F8E4
:1004B0000190B9F1010F25D0B9F1020F2AD0B9F19D
:1004C000030F30D106F114000AF076F8A0EB0B010F
:1004D0000198081A009000EBD0700BEB6001F08AD5
:1004E00008440FFA80FA00E054E005F114000AF025
:1004F00063F8009000EBD0704110E88A084400B225
:10050000029010E0F08A58440FFA80FAB5F916000C
:10051000029008E0718B0198081A0FFA80FAB5F979
:100520001A00029000BF00BF00BFB8F1000F17DA39
:10053000B9F1000F05D00298504502DD2046BDE814
:10054000FE8F002C01DAA01E04B2002C01DDA01CDD
:1005500004B22146E01704EB9070801000B2EEE781
:10056000002F16DAB9F1000F04D00298504501DAD5
:100570002046E4E7002C01DAA01E04B2002C01DDC5
:10058000A01C04B22246E01704EB9070801000B269
:10059000D5E709E008EB0400002802DAC8F1000002
:1005A00004B2381B00D53C462046C8E710B50446C7
:1005B000207EC0F3800008B1002010BD207A2328DF
:1005C00002D0242803D100E000BF0120F5E700BFDE
:1005D00000BF4FF48041606818F00EFD08B900209C
:1005E000EBE7207A11381C2823D2DFE800F00E0F49
:1005F00010111213141516171822221922221A1D6F
:100600001B1C222222221E1F222000BF00BF00BF6F
:1006100000BF00BF00BF00BF00BF00BF00BF00BFE2
:1006200000BF00BF00BF00BF00BF00BF00BF002071
:10063000C3E70120C1E72DE9F041044612F054FD63
:1006400007469FB13868806818B1217A3868826897
:100650009047207EC0F3400010B10120BDE8F0813A
:10066000207E00F0010008B10020F7E701260EB956
:10067000002003E00021606816F0A8FE05464FF058
:10068000000827E02868F0B1287A00F08000802870
:1006900019D1287A802805D0287A20F08000217A84
:1006A000884210D16868E060204629688847207E2B
:1006B000C0F3400008B10120D0E7207E00F0010027
:1006C00008B10020CAE708F101084146606816F049
:1006D0007DFE05460DB1012ED4D02146002016F036
:1006E00059FD06460EB9002003E00021606816F0AF
:1006F0006DFE05464FF0000823E02868D0B1287A47
:1007000000F08000B0B9287A18B1287A217A88429E
:1007100010D16868E060204629688847207EC0F3D1
:10072000400008B1012099E7207E00F0010008B1E7
:10073000002093E708F101084146606816F046FE84
:1007400005460DB1012ED8D0012E11D16068406848
:1007500070B12046FFF72AFF50B1606840686060C2
:100760002046FFF768FF0646012E01D0002075E7FE
:10077000304673E72DE9F0438046DDE9074521B9AE
:100780002A7022701A70BDE8F0834FEA282000F02A
:100790000209B9F1000F04D000BF99462B464D461F
:1007A00000BF00F00409B9F1000F04D000BFA1465A
:1007B0002C464D4600BF00F00609B9F1000F09D1E3
:1007C00000F00109B9F1000F0ED100BF9946234690
:1007D0004C4609E000F00109B9F1000F04D000BF58
:1007E000994623464C4600BF22706FEA010909F082
:1007F000FF0602FB06F74FEA272985F8009008F06C
:10080000FF0C00F00109B9F1000F0DD1BCF1000F90
:1008100002D14FEA012905E0CCF1000909F0FF09F6
:1008200009FB01F94F4601E001FB0CF73E126FEAAC
:10083000060909F0FF0602FB06F74FEA272983F8AD
:10084000009000BF9FE700002DE9FF4F87B00546ED
:100850008B469146DDE914A6584609F035FF06900F
:10086000584609F0BEFE05901798012804D00228CA
:1008700004D0032806D103E0494F08E0494F06E0C1
:10088000494F04E000BF00BF0BB0BDE8F08F00BFD0
:100890008EBB2888049028885246014602900A9808
:1008A000B84703904FF0000821E0002418E0BDF89D
:1008B000100035F8141088420CD005EB4400008875
:1008C000049005EB440000885246014602900A98C5
:1008D000B847039005EB4400BDF80C100180641C80
:1008E00006988442E3DB05EB490508F10108059809
:1008F0008045DADB51E0FFE7002002902888049071
:100900003078FD2801DB504603E0307800FB0AF028
:10091000000A0190019A04990A98B84703904FF091
:10092000000836E000242BE0305D00B927E0315D9F
:100930000298814205D1BDF8100035F814108842A4
:1009400017D0305DFD2801DB504603E0305D00FB31
:100950000AF0000A019005EB44000088009001466F
:10096000019A0A98B8470390305D029035F8140058
:10097000049005EB4400BDF80C10018000BF641C1E
:1009800006988442D0DB05EB49051698064408F129
:10099000010805988045C5DB00BF00BF74E7000073
:1009A000597800088B790008FB7800082DE9FF4F83
:1009B00089B004469246DDE91685F4F739FA0890C5
:1009C0000A9809F081FE81460A9809F00AFE8346DA
:1009D000002D78D1B8F1FD0F0CDB002707E04A4667
:1009E00020460C990BF014FE04EB4A047F1C5F4573
:1009F000F5DB7DE100BF0020014602464FEAD20C44
:100A0000BDF804306CF304034FEA910C0193BDF878
:100A100004306CF34A134FEAD00C0193BDF8043054
:100A20006CF3CF230193BDF804C063460293BDF875
:100A3000081008460790424607990C980BF04EFFA5
:100A400006900C9904A80291BDF80810C90A01FB90
:100A500008F10180BDF80810C1F3451101FB08F150
:100A60004180BDF8081001F01F0101FB08F18180F1
:100A700000BFC8F1FF000390002720E0002619E026
:100A8000BDF81C0034F8161088420DD004EB460067
:100A90000088079004EB460000880290014604A8F5
:100AA000039A0BF0C5FF069004EB4600BDF8181042
:100AB0000180761C4E45E3DB04EB4A047F1C5F4556
:100AC000DCDB15E1FFE7BDF8300000EB00400790EC
:100AD000B8F1FD0F6FDBA9F1040006900027B4E028
:100AE000002614E02878FF2803D1BDF830002080CC
:100AF0000AE02A782088014604900C980BF0EEFE5C
:100B00000590BDF8140020806D1CA41C761C4E4579
:100B100003DA05F003000028E4D172E028680590AC
:100B20000598401CA8B904F0030048B1BDF8301086
:100B30002180A01C07990160BDF83010E18005E01C
:100B40002046079901600799416000BF08342D1DB8
:100B500056E00598002851D02878FF2803D1BDF829
:100B6000300020800AE02A782088014603900C9803
:100B70000BF0B4FE0490BDF8100020806D1CA41C86
:100B80002878FF2803D1BDF8300020800AE02A78B9
:100B90002088014603900C980BF0A0FE0490BDF84D
:100BA000100020806D1CA41C2878FF2804D1BDF8FB
:100BB000300020800BE04CE02A782088014603902A
:100BC0000C980BF08BFE0490BDF8100020806D1C7B
:100BD000A41C2878FF2803D1BDF8300020800AE04B
:100BE0002A782088014603900C980BF077FE049039
:100BF000BDF8100020806D1CA41C01E02D1D0834E0
:100C0000361D0698864289DD14E02878FF2803D136
:100C1000BDF8300020800AE02A7820880146049040
:100C20000C980BF05BFE0590BDF8140020806D1C45
:100C3000A41C761C4E45E8DBAAEB090004EB40043B
:100C40001898A0EB090005447F1C5F45FFF648AFEC
:100C50004DE0002004902088069020880590002018
:100C60000390002740E0002635E0287888B32978F3
:100C70000498814209D02878FF2801D1404603E03A
:100C8000287800FB08F0000A039029780498814234
:100C900005D1BDF8180034F81610884214D0039816
:100CA000FF2802D10C98059009E004EB460000886B
:100CB00002900146039A0C980BF010FE05902878DC
:100CC000049034F81600069004EB4600BDF81410AA
:100CD00001806D1C761C4E45C7DB04EB4A04189856
:100CE000A0EB090005447F1C5F45BCDB00BF00BFD3
:100CF0000DB0BDE8F08F2DE9FF4F85B081460C4661
:100D0000DDE912A7F4F794F8804607BBB4F9026056
:100D100018E0B4F9005010E0CDF808A0BDF82000AC
:100D2000ADF8040030B20090D8F800002BB2D0F833
:100D30001CC04946079AE0476D1CB4F90400A8425C
:100D4000EADA761CB4F90600B042E2DA2EE0204678
:100D500009F0BAFC8346204609F043FC04900026C3
:100D600020E0002519E0785DB0B1785D00FB0AF065
:100D7000000A0290BDF82000ADF8040060883044FD
:100D800000B20090218829440BB2D8F80000D0F8B6
:100D90001CC04946079AE0476D1C5D45E3DB14988B
:100DA0000744761C04988642DBDB00BF09B0BDE82F
:100DB000F08F10B502460B4610681C68A04201D1A6
:100DC000012010BD0020FCE710B502460B4650681C
:100DD00020F040401C68A04203D2506820F0404000
:100DE0001860002010BD2DE9F04F89B004460020A6
:100DF0000890079012F078F9069006980068057E32
:100E0000D4F820800027B946B4F91400002802DD88
:100E1000B4F9140002E0B4F914004042B4F9161019
:100E2000002902DDB4F9161002E0B4F916104942A7
:100E3000884201DD012701E04FF00109CAE01021DD
:100E4000404618F0D9F8B0B94FF48071404618F018
:100E5000D3F808B907B1C1E04FF40071404618F06B
:100E6000CBF818B9B9F1000F00D0B7E0404616F042
:100E70001BFB8046AEE0CA46CDF814900497BB46F3
:100E8000404616F089FB064606F0010008B900202E
:100E9000049006F0020008B94FF0000B06F00400C1
:100EA00008B94FF0000A06F0080008B900200590C4
:100EB000404616F099FC0390404616F00DFB029058
:100EC000404616F097FB0190404616F00BFC009050
:100ED0000398002802DC0298002811DDBAF1000F07
:100EE00003D0B4F91600A84206DA059840B1B4F967
:100EF00016006942884203DCCDF820800C20079060
:100F00000198002802DC0098002811DD049818B12F
:100F1000B4F91400A84207DABBF1000F08D0B4F905
:100F200014006942884203DCCDF82080032007903A
:100F30000398002801DC4FF0000A0298002801DC29
:100F4000002005900198002801DC00200490009802
:100F5000002801DC4FF0000B049818B1B4F914001C
:100F6000A84215DABBF1000F04D0B4F914006942AD
:100F700088420DDDBAF1000F03D0B4F91600A84283
:100F800006DA059878B1B4F91600694288420ADC9D
:100F90000FB1032000E00C2094F83C1060F3030133
:100FA00084F83C101AE04FF48071404618F024F8A1
:100FB00008B907B112E04FF40071404618F01CF870
:100FC00018B9B9F1000F00D008E0404616F06CFAED
:100FD000804600BFB8F1000F7FF431AF00BF089822
:100FE00058B194F83C10079860F3030184F83C1062
:100FF0000898A0620021A182E182089809B0BDE8AA
:10100000F08F00002DE9FF4F83B00446204616F014
:10101000D7FB0290029818B9002007B0BDE8F08F06
:1010200041F6FF750021204617F040FB07460021DE
:10103000204617F0E4FB8246204616F0EEF8834681
:101040004FF000086AE0A068006850F8286039494D
:10105000304617F0DCFF00B15EE04FF480513046BF
:1010600017F0CAFF002856D04FF000090020019069
:101070000298012804D0022809D003282CD10EE0C0
:10108000B6F91490A08A384400B2019025E0B6F970
:101090001890208BA0EB0A0000B201901DE006F131
:1010A000140009F0FCFA009000EBD070B18A01EB5B
:1010B00060000FFA80F904F1140009F0F0FAC01B87
:1010C000A0EB0A00009000EBD070A18A394401EB3C
:1010D000600000B2019000E01EE000BF06984844A6
:1010E0000FFA80F90498814514DB0598814511DCDD
:1010F0000199A9EB010108B2002801DD014600E0D9
:101100004142002D01DD2A4600E06A42914200DAA8
:10111000054600BF00BF00BF08F10108D84592D3C3
:1011200041F6FF70854201D1002000E0684200B224
:1011300073E70000010004002DE9FF4F83B004466F
:10114000204616F047FB0290029818B9002007B01D
:10115000BDE8F08F41F6FF750021204617F012FC24
:1011600007460021204617F0C4F98246204616F0B3
:1011700054F883464FF000086AE0A068006850F811
:1011800028603949304617F042FF00B15EE04FF465
:101190008051304617F030FF002856D04FF000093C
:1011A000002001900298012804D0022809D00328C9
:1011B0002CD10EE0B6F91690E08A384400B20190C6
:1011C00025E0B6F91A90608BA0EB0A0000B20190FE
:1011D0001DE006F1140009F0EFF9009000EBD0706B
:1011E0004110F08A08440FFA80F904F1140009F064
:1011F000E3F9C01BA0EB0A00009000EBD070411097
:10120000E08A3844084400B2019000E01EE000BFCC
:10121000069848440FFA80F90498814514DB059834
:10122000814511DC0199A9EB010108B2002801DD1B
:10123000014600E04142002D01DD2A4600E06A42FD
:10124000914200DA054600BF00BF00BF08F1010867
:10125000D84592D341F6FF70854201D1002000E0CD
:10126000684200B273E70000010004002DE9FF4F5F
:1012700087B00E469046DDE914940021079817F0D8
:1012800010FE06900021079817F07DF80590F07881
:10129000C0F34000A8B1F07800F0010020B142F2A4
:1012A000D1710698884208D0F07800F0010040B96A
:1012B00042F2D1710598884203D1F07820F0020003
:1012C000F070F07800F0010008B1964800E0964810
:1012D0000490F07800F0010008B9924800E09248CC
:1012E000824600206080A08020612080A060E060B5
:1012F000CDF80C800399079815F071FF0546E0E0E2
:101300000398404506D04FF40001284617F074FEBC
:1013100000B1D9E08549284617F079FE00287CD134
:101320000021284617F012F802900298002875D084
:101330002069401C2061A088484400B2A080207D24
:1013400000F0010000286AD0216901EB81018800CA
:1013500013F064FE074600BF1FB900BF00BF00BF07
:10136000FEE700BF1FB903980BB0BDE8F08FE0683F
:1013700058B12069401E00EB800082003846E168C9
:1013800013F069FFE06813F0C5FE2069401E00EB12
:10139000800047F82050F07800F0010058B14FF07D
:1013A000000B41F202025946284617F0A1FB0190BA
:1013B000019800B20BE04FF0000B41F205025946D4
:1013C000284617F095FB0190019800B200BF2169F3
:1013D000491E01EB810107EB81018880F07800F064
:1013E000010058B14FF0000B41F203025946284664
:1013F00017F07EFB0190019800B20BE04FF0000B5C
:1014000041F206025946284617F072FB01900198F6
:1014100000B200BF2169491E02E03EE017E02CE067
:1014200001EB810107EB8101C88002982169491E07
:1014300001EB810107EB8101C86000212069401E9A
:1014400000EB800007EB80000161E76015E02846B3
:10145000049988470746F078C0F3400030B1B4F9EA
:101460000400C1190A98814200DD2DE0A08807EB35
:101470000901084400B2A08000BF2846D047B4F953
:101480000010884202DD2846D04701E0B4F9000090
:101490002080A068401CA06000BFF078C0F38000EE
:1014A00010B14FF0FF3000E0012003990844039091
:1014B0000398002800DA07E00399079815F08FFEDB
:1014C0000546002D7FF41CAF00BFB4F904000028CE
:1014D00004DDA088A0EB090000B2A080206908B15B
:1014E0000A9801E0B4F904006080CDB1039840454A
:1014F00016D1079880680068039950F82150F07859
:10150000C0F3800103AA079801F01FFA45B12846ED
:10151000D047208028460499884760800120A06039
:10152000039821E73F8F02080974020801000600B2
:101530002DE9F04F97B0044600BF00BF4FF0000BFD
:10154000DE4802885946204617F0D2FA0A900A98D7
:10155000C6B200BFF0439DF85B1060F300018DF848
:101560005B10B0089DF85B1060F341018DF85B10D3
:10157000F0089DF85B1060F382018DF85B1000BFEE
:10158000CF4802885946204617F0B2FA0A900A98C6
:10159000C0B28DF8580000BFCA480288594620469C
:1015A00017F0A6FA0A900A98C0B28DF8590000BF49
:1015B000C54802885946204617F09AFA0A900A98B8
:1015C000C0B28DF85A000021204616F0EEFD012829
:1015D00000D100E0002015909DF85B0000F00100B4
:1015E00020B90021204617F020F803E00021204612
:1015F00017F0A1F914909DF85B0000F0010020B1F4
:101600000021204617F011F803E00021204617F0D2
:1016100092F913909DF85B0000F0010018B120468C
:1016200015F07DFE02E0204615F05AFE12904FF0B4
:10163000000B41F232025946204617F059FA0A903F
:101640000A9800B2119000BF41F610025946204698
:1016500017F04EFA0A900A98E18A0144119801EBBA
:10166000000B204616F0D4F8ABEB000000B210904F
:101670004FF0000B41F612025946204617F038FA97
:101680000A900A98A18A0144119801EB000B2046A8
:1016900016F0B4F8ABEB000000B20F909DF85A7052
:1016A0009DF85B0000F0010008B110A800E00FA851
:1016B00005460021204617F0F4FB0E90002120463D
:1016C00016F061FE0D909DF85B0000F0010040B146
:1016D00042F2D1710D98884203D1608CC0F3402052
:1016E00068B19DF85B0000F0010048B942F2D17189
:1016F0000E98884204D1608CC0F3802000B9002786
:10170000159850B19DF85B0000F0010028B90FB9A1
:10171000012702E0012F00D100274FF00008002030
:101720000C900B90002F49D09DF85B00C0F3800017
:1017300018B1A0684068401E00E00020814617E014
:1017400000200A9005A91398CDE900014A4616A980
:101750002046129BFFF78AFD8246BDF814101498AC
:10176000084440440FFA80F80B98401C0B90D14677
:10177000A0684068484502DDB9F1000FE0DA0B9837
:1017800020B11498A8EB00000FFA80F89DF85B00D8
:1017900000F0010018B1204615F0A2FD02E020463D
:1017A00015F0BDFD83460CA8CDE900500B9803B29F
:1017B0004246594638461EF064FD00BF9DF85B0066
:1017C000C0F3800018B1A0684068401E00E000200F
:1017D0008146159840B19DF85B0000F0010018B9F2
:1017E0002888404400B228804DE001200A9005A9D5
:1017F0001398CDE900014A4616A92046129BFFF72F
:1018000035FD8246159850B19DF85B0000F001004F
:1018100028B92888BDF81410401A00B2288005AAFB
:10182000BDF94030DDE91210CDE90131CDE9030207
:10183000BDF93C0053464A4616A900902046F5F7EC
:1018400091FBD146089813F065FC0020089015988C
:1018500068B19DF85B0000F0010040B92988BDF82F
:10186000302014981044081A00B228800AE0298811
:10187000BDF81400BDF83020024414981044084408
:1018800000B2288000BFA0684068484502DDB9F179
:10189000000FAADA42F2D1710E98884202D00D9858
:1018A000884202D1204618F01EFB00222B21204640
:1018B0000FF07AFA17B0BDE8F08F00007001002039
:1018C0007201002074010020760100202DE9FC5FE8
:1018D000044689469246207E00F0010008B1BDE82A
:1018E000FC9FE56800264FF0010B0120019000BF2E
:1018F00085B9207EC0F3C00000B956B9019800B97F
:10190000EDE72046C84705464FF0000B0020019048
:1019100000E0E4E716B92E4606B9E0E7BBF1000F98
:1019200006D029462046D0470546B54200D1D6E725
:101930004FF0010B05B9DBE7286816F0C9FB00F092
:10194000800000B1D4E72F6809E00121384617F084
:1019500053FB00B105E0384615F0A6FD0746002F01
:10196000F3D100BF2FB10121384617F045FB00B17C
:10197000BEE700BF00BFE068A84200D1AFE7E06863
:1019800090B1204600F017FD0090E16808680F2133
:10199000009A0FF009FA0746012F00D09FE7E1688F
:1019A000086817F0C6FE00BFE560204600F003FDA2
:1019B0000746E1683A4608680E210FF0F5F98046BF
:1019C000B8F1010F00D08AE7E168086817F0B1FEAE
:1019D000206910B120462169884700BF7FE70000D9
:1019E00000BF054A126802F04002002AF9D0C2B2D4
:1019F000014B5A6070470000001001402DE9F04192
:101A00000446204600F020FB054611480068001BF4
:101A1000461B0F480068401B0D490860B6B12746B9
:101A200061193246204613F016FC06E0A068401B00
:101A3000A060204600F008FB04440548006884428A
:101A4000F4D1B819294613F094FD00BFBDE8F08128
:101A50005C01002000B587B000BF00BF00200090EF
:101A60004948006840F0040047490860084600689B
:101A700000F00400009000BF00BF00BF00BF00BF27
:101A8000002000900846006840F002000860084608
:101A9000006800F00200009000BF00BF00BF4FF4DC
:101AA000005002900120039004900320059002A9A9
:101AB0003648F0F729F80220029000200390012018
:101AC00004900320059002A93148F0F71DF8F6F7BD
:101AD00065F800BF00224FF400512C48F0F728F9B8
:101AE00000BF1420F6F732FB00BF01225103274844
:101AF000F0F71EF900BF3220F6F728FB00208DF822
:101B00000400012201A900F049F9012201A9A42041
:101B100000F044F916208DF80400012201A980206C
:101B200000F03CF90C208DF80400012201A9882066
:101B300000F034F9022201A9A12000F031F89DF84B
:101B40000400302803D19DF8050003280DD09DF82E
:101B50000500012809D09DF80500022805D09DF850
:101B6000040070B99DF8050058B99DF805009DF86E
:101B7000042000EB022107A0EEF78AFC002007B04A
:101B800000BD0120FBE700003038024000080240A1
:101B9000000402404354502049443A25780D0A007D
:101BA0002DE9F04106460F461546F6F7C5F87020B8
:101BB000F6F78AF8F6F70CF9F0B2F6F785F8F6F7CB
:101BC00007F9F6F7B9F87120F6F77EF8F6F700F99D
:101BD00000240BE0691EA14201D0012100E0002198
:101BE0000846F6F73FF83855601CC4B2AC42F1DB4A
:101BF000F6F7CCF8BDE8F0812DE9FC41074600205E
:101C000001900024002661480078401C5F4908705C
:101C1000084600780A2190FBF1F201FB120018B18E
:101C20005A4800780A2867DA012201A90220FFF742
:101C3000B7FF9DF8040000F00F0000285CD09DF86D
:101C4000040000F00F0006287BDA9DF8040000F085
:101C50000F014FF6FF70884085B2E84380B240F430
:101C600040404B4988860420F6F770FA00245AE079
:101C70004748808E0121A1400840E0B3454931F832
:101C8000140004226946FFF78BFF414890F8440096
:101C900000F00100C0B19DF801009DF8001001F0B6
:101CA0000F0100EB01203A49203121F814009DF882
:101CB00003009DF8021001F00F0100EB01213448F0
:101CC0000C3020F814101EE09DF801009DF8001063
:101CD00001F00F0100EB01202F490988081A81B299
:101CE0002B480C3020F814109DF803009DF80210CA
:101CF00001F00F0101E014E023E000EB0120244992
:101D0000203121F814009DF8000000F0F000802838
:101D100007D000211E48203020F81410143820F875
:101D20001410601CC4B2052CA2DB0126184880895F
:101D300020B91748008C08B90020019000201349F1
:101D400008709DF8040000F01F00A8B91048808EAC
:101D500000F4004030B10E48808E20F400400C4961
:101D6000888609E04FF6FF70094988810884084693
:101D7000808E00F46040888604480078F02802DDF8
:101D80000A20024908703046BDE8FC81310000207D
:101D9000340000209EB803087C0400202DE9F041A7
:101DA00005460E4617464FF00008F5F7C5FF7020B0
:101DB000F5F78AFFF6F70CF8E8B2F5F785FFF6F7C6
:101DC00007F800240BE0305DF5F77EFFF6F700F82A
:101DD0008046B8F1000F00D003E0601CC4B2BC42E2
:101DE000F1DB00BFF5F7D2FF4046BDE8F08110B54A
:101DF0000246114691F83C3003F0030323B1012B56
:101E000004D0022B0DD000BF888C15E026235B5C2C
:101E10004FF4B47413FB04F3642493FBF4F398B20B
:101E20000AE027235B5C4FF4B47413FB04F36424CF
:101E300093FBF4F398B200BF00BF10BD2DE9F34F40
:101E400087B083465F4605A9584615F087FA58467D
:101E500017F075F80290584615F0D6FA0190002157
:101E6000584616F07EFC00900021584616F022FDE0
:101E700080460021584616F0E0FD81460021584674
:101E800016F092FB82460021584616F06EFD05467C
:101E90000021584616F0F0FB0646284605EBD071A7
:101EA0004910491C05F0010211440DB2304606EB01
:101EB000D0714910491C06F0010211440EB20D2DDB
:101EC00001DA284600E00D2005460D2E01DA3046E5
:101ED00000E00D200646B8F10D0F01DA404600E0A3
:101EE0000D208046B9F10D0F01DA484600E00D20C3
:101EF0008146BAF10D0F01DA504600E00D2082460E
:101F000000248BE0B86A00EBC40103A808F030FBA2
:101F1000BDF90C10009881420FDCBDF91410009837
:101F20000D2801DA009800E00D20081ABDF80C1009
:101F3000084400B2ADF80C0008E0BDF80C00BDF894
:101F40001410891B084400B2ADF80C00BDF90E0056
:101F500048450FDCBDF91600B9F10D0F01DA49460D
:101F600000E00D21401ABDF80E10084400B2ADF893
:101F70000E0008E0BDF80E00BDF81610491B08441D
:101F800000B2ADF80E00BDF910100298A0EB0800E9
:101F9000801E81420FDBBDF91400B8F10D0F01DA8C
:101FA000414600E00D210844BDF81010084400B27D
:101FB000ADF8100008E0BDF81000BDF81410314471
:101FC000084400B2ADF81000BDF912100198A0EB62
:101FD0000A00801E81420FDBBDF91600BAF10D0F19
:101FE00001DA514600E00D210844BDF81210084402
:101FF00000B2ADF8120008E0BDF81200BDF81610EE
:102000002944084400B2ADF81200002203A8089940
:10201000F1F749FA00B105E0601C84B2388EA042A5
:102020003FF770AF00BF388EA04201D14FF6FF746A
:10203000204609B0BDE8F08F014601F007020AB161
:10204000104670470120FCE70146B1F90C2003233C
:1020500003EB420222F0030202F1100070472DE967
:10206000FC5F05460E4617460021284616F05FFB2A
:1020700080460021284616F003FC824600212846AF
:1020800016F0C1FC81460021284616F073FA019033
:10209000284616F054FFA0EB0800A0EB0A0B2846D8
:1020A00015F0B2F9A0EB09010198081A834507DA87
:1020B000284616F044FFA0EB0800A0EB0A0006E05B
:1020C000284615F0A1F9A0EB09010198081A009023
:1020D00000EBD070401004B2A88A2044404400B203
:1020E0003080E88A2044484400B2708007B13C80C8
:1020F000BDE8FC9F38B504460025044802882946FF
:10210000204616F0F5FC0090009838BD80010020B4
:1021100038B504460025054802882946204616F0B1
:10212000E7FC00900098C0B238BD00008801002094
:1021300038B504460025054802882946204616F091
:10214000D7FC00900098C0B238BD00008A01002082
:10215000F0B504460B46032B01D2012000E000201D
:102160000546611B981E0C2707FB0500C0EB4010BD
:10217000B0FBF7F01044084400EB91006427B1FB7A
:10218000F7F7C01B4FF4C877B1FBF7F738440727C0
:10219000B0FBF7FC07FB1C06F0B2F0BD2DE9FC47D5
:1021A00081460E4616B90020BDE8FC87D9F81040DC
:1021B000606930B160690068B04202D1606940680E
:1021C000F2E70025B1E005EB8501A06850F8210099
:1021D000371A05EB8501A06800EB81008088B842C2
:1021E00000D2A0E04FF0000805EB8501A06800EBED
:1021F0008100807C022808D105EB8501A06800EBF6
:102200008100C08800EB070884E005EB8501A06829
:1022100000EB8100807C78B905EB8502A16801EBB9
:102220008201C86805EB8502A16801EB8201C988BB
:10223000C25D01EB02086DE005EB8501A06800EBD3
:102240008100807C03282AD1B8B201903E480090DA
:1022500005EB8503A06800EB8300028A05EB85038C
:10226000A06800EB83000223816801A8F2F750FF09
:102270008246BAF1000F11D005EB8502A16801EB8F
:1022800082018968AAEB0101481005EB8502A1686B
:1022900001EB8201C98801EB000800BF3AE005EBC1
:1022A0008501A06800EB8100807C012832D1B8B2A2
:1022B00001902548009005EB8503A06800EB8300A2
:1022C000028A05EB8503A06800EB83000223816886
:1022D00001A8F2F71DFF8246BAF1000F19D005EBF5
:1022E0008503A26802EB83029268AAEB02025010F7
:1022F00005EB8503A26802EB8302D16805EB850339
:10230000A26802EB8302D28831F8103002EB030896
:1023100000BF00BF606920B1606906606069C0F8F5
:102320000480404640E7681C85B2608AC0F308001C
:10233000A8423FF748AF606920B16069066000209D
:102340006169486000202FE7BD6903082DE9F84F57
:1023500080460D46C146404600F0FDF9064616B9D6
:102360000020BDE8F88FF08A281A05B20021304617
:1023700016F08BFC009000980EF0ACFF8246002116
:10238000304616F0F2FC0446204604EBD07105EB13
:1023900061010DB20AEB04000FFA80FB95FBFBF024
:1023A00087B2B9F83400B84203DCB9F83400401EF3
:1023B00087B23846D5E72DE9F041054600260027CB
:1023C000002010F097FE044616E0204610F0E1FED3
:1023D0008046206DA8420AD1B8F1020F02D12046F2
:1023E000BDE8F081B8F1040F00D12646274620460B
:1023F00010F080FE044600BF002CE6D10EB130463E
:10240000EEE70FB13846EBE7002010F073FEE7E788
:102410002DE9F04107460C463D46384614F07FFF53
:10242000B5F884104843001206B20021384616F071
:1024300064F98046A4EB080004B2002C02DA002004
:10244000BDE8F081B44203DDB5F88200401EF7E735
:1024500095F8880000F0070001280BD1314606EB03
:10246000D1704210B5F88200401E04FB002090FBA2
:10247000F6F0E5E795F8880000F00700022805D19E
:10248000B5F88200604390FBF6F0D9E70020D7E76B
:102490000246114600E0096821B18869C0F30F10B7
:1024A0000028F8D009B9002070478869C0F30F10E0
:1024B000FAE700002DE9FC5F80460D461646D8F885
:1024C00010704FF0000A788AC0F34030002840D1E5
:1024D000FC68A068800FD8B9D4F8009005EB0620FE
:1024E00080B2019026480090A06820F0404202236C
:1024F000494601A8F2F70CFE8346BBF1000F06D057
:10250000ABEB09014810616811F900A000BF1FE0A2
:102510000121A068B1EB907F1AD1D4F8009005EBAF
:102520000640019017480090A06820F04042042324
:10253000494601A8F2F7ECFD8346BBF1000F06D037
:10254000ABEB09018810616811F900A000BF00BF62
:1025500012E0F8684368595D83689A5D00290ADDD6
:10256000002A08DD531E4C1E90F80DC004FB0C33EE
:10257000046814F903A000BF5046BDE8FC9F0000AA
:10258000CD560108AD5601082DE9FE4F07460C4611
:10259000254600260021204615F0D3FD834600EB9A
:1025A000DB70C0F34F064FF44031204616F0B2F80E
:1025B00080464FF44031204616F055F981464FF4DD
:1025C0004031204616F012FA82464FF44031204640
:1025D00015F0C3FF0290A08A298D0844801BA0EB50
:1025E000080000B2ADF80000E18A688D0844801B45
:1025F000A0EB090000B2ADF80200A08A298D0844C2
:102600003044504400B2ADF80400E18A688D0844BB
:1026100081190298084400B2ADF8060000983860AD
:1026200001987860BDE8FE8F2DE9F04F87B08146B4
:102630000F469246984600BF00BF4C464FF400310B
:10264000484615F08BFD834658460BEBD0714D1074
:10265000AAEB05000FFA80FAA68C94F83400C0F3B8
:10266000410018B9208D304486B223E094F834003C
:10267000C0F34100022803D1E08C304486B219E057
:1026800094F83400C0F34100012813D1B4F930208C
:10269000B4F93230D11801EBD1725010B4F92E10C8
:1026A000814203DAE18C31448EB202E0218D314463
:1026B0008EB200BF06F15A0000B21CF06FFC00FBA6
:1026C0000AF0C01300B2069030B21CF067FC00FBA9
:1026D0000AF0C01300B205904FF44031484616F09E
:1026E00026F804904FF44031484616F0C9F803909C
:1026F0004FF44031484616F086F902904FF44031CD
:10270000484615F037FF019039880698014404982F
:10271000081A401B00B2A8F8000039880698014446
:1027200003980844284400B2A8F804007988059862
:1027300001440298081A401B00B2A8F802007988E8
:102740000598014401980844284400B2A8F80600FE
:1027500007B0BDE8F08F70B504462546686A08B931
:10276000002070BD0021686A14F039FDF9E710B54A
:1027700004460021204614F032FD10BD70B5044619
:102780000E46002513E0E06800EBC5004068C0F38A
:10279000006058B1E06800EBC500406820F07F4061
:1027A000B04203D1E06850F8350070BD6D1C608CFC
:1027B000C0F3C500A842E6D8608CC008401C618CFC
:1027C00060F3C8016184628CC2F3C502D100E06885
:1027D00012F00CFDE06000BFE06818B900BF00BF58
:1027E00000BFFEE700BF608CC0F3C500451E1AE0C5
:1027F000681EE16801EBC0004068C0F3006038B9B2
:10280000681EE16801EBC0004068C0F3406000B1A1
:102810000BE0E06800EBC5010246681E02EBC00257
:1028200005CA05C16D1E002DE2D100BFE16801EBB4
:10283000C500082112F09DFE082012F0B5FBE168EA
:1028400041F83500E16851F835001AF07FFAE06888
:1028500000EBC500406820F0807000F18070E168F6
:1028600001EBC5014860E06800EBC500406866F315
:102870001700E16801EBC5014860E06850F83500D9
:1028800093E700002DE9FC41074688461646386864
:10289000C068C068B0FBF8F4B44200DD34461948A3
:1028A00000680068806958B30020ADF80000ADF8FA
:1028B0000400ADF8020025B200BF681E00B2ADF8FA
:1028C00006001049096808680E49096809688A699C
:1028D00069469047684607F07DFEA04200DC03E0B1
:1028E000681E05B2002DE8DC00BF002D04DC00BF2F
:1028F00000BF0020BDE8FC81BDF90600441C00BFFC
:102900002046F7E75401002070B505460C46641ECA
:10291000002C01DA6D1E0C340C2C01DB6D1C0C3C00
:10292000012C04D1284602F09BFC1C300BE0072050
:1029300094FBF0F100FB114606EBD6704010A6EBBD
:102940004000C0F11F00C0B270BD10B5034669B1B0
:102950001068401E10601068002805DB9868006849
:10296000146850F8240010BD0020FCE71068401CDB
:10297000106010689C686468A04205DA9868006876
:10298000146850F82400EEE70020ECE730B5044668
:10299000481CE56835F8100035F81150401B00B2AE
:1029A0001080A06830F8110000B21880E06830F89C
:1029B00011006568284430BD2DE9F84F06460C46E5
:1029C0001546B04610F090FB814610F0E2FB8246BF
:1029D000BAF1010F0DD0BAF1030F0AD015B14FF6BD
:1029E000FF70288014B14FF6FF7020800020BDE8F2
:1029F000F88F10F079FB8146694610F08FFB002DAF
:102A00003ED0304614F0FAFEBDF8001008440FFA2C
:102A100080F90021304615F0FCFB01280AD1002185
:102A2000304615F07BFF318B081AA0EB09000FFA36
:102A300080F90CE0B08AA9EB00000FFA80F90021C0
:102A4000304615F0C2FEA9EB00000FFA80F9002015
:102A50002880002728800CE02988D8F8300030F83A
:102A60001100384407B2B94500DA07E02888401C55
:102A700028802888B8F824108842EDDB00BF00BF0A
:102A80006CB3304614F0C4FEBDF8021008440FFACF
:102A900080F9F08AA9EB00000FFA80F90021304696
:102AA00016F00CF8A9EB00000FFA80F90020208046
:102AB000002720800CE02188D8F82C0030F8110085
:102AC000384407B2B94500DA07E02088401C20806E
:102AD0002088B8F826108842EDDB00BF00BF012037
:102AE00085E72DE9F04F87B00446884691461E469B
:102AF0004846F2F7A4F901218140C8B206904FF090
:102B0000FF3A208C05900598C04380B2049094F859
:102B10002200C0F380000290002530E0E06800EB66
:102B2000C5077868C0F3406000B92DE0029800B195
:102B300024E0E16801EBC501496821F07F4018F00D
:102B4000B0FA8346C34500D018E03868807906990A
:102B5000084000B912E003AA494638681AF076F82E
:102B600008B1012000E000200190019828B10398ED
:102B70003060012007B0BDE8F08F00BF6D1C608C95
:102B8000C0F3C500A842C9D800BF41E0E06800EB2F
:102B9000C50BE16801EBC501496821F07F4018F0E1
:102BA00080FA0090E16801EBC501496821F07F409F
:102BB00018F07BFA07460098404500D027E0DBF884
:102BC000000080790699084000B920E00498384058
:102BD00000B11CE0574500DC19E003AA4946DBF8C8
:102BE00000001AF033F808B1012000E00020019045
:102BF000019858B10598874203D1039830600120AD
:102C0000B8E7BA4502DABA460398306000BF6D1CD7
:102C1000608CC0F3C500A842B8D8BAF1000F03DB3E
:102C2000039830600120A5E70020A3E72DE9FC5FB1
:102C300083468A4690461D46082001907F200090DA
:102C4000404608EBD0714C1008F0010080F00109FB
:102C5000CBF15A0108B21CF0A1F9AAEB04014843D8
:102C6000C61158461CF09AF9AAEB04014843C71153
:102C7000002E0ADDA6F17F000612301B484400B288
:102C80002880301900B2A8800AE006F17F00061201
:102C9000301B00B228803019A0EB090000B2A880D8
:102CA000002F0ADDA7F17F000712381B484400B24D
:102CB0006880381900B2E8800AE007F17F00071247
:102CC000381B00B268803819A0EB090000B2E88018
:102CD000BDE8FC9F38B50446002504480288294613
:102CE000204615F005FF0090009838BD84010020B3
:102CF0002DE9FF4F89B083469246DDE919785C469D
:102D0000A08C0A99484380B2069000BFBAF8080028
:102D10003844404400B20590069D4FF0000986E01B
:102D2000A06A50F8250000287BD0206B30F91900EC
:102D30000790002600BF1EE0A919A06A50F82100E4
:102D4000B0B10021AB19A26A52F8230000B101789A
:102D500001F0010252B109EB0602521C236B33F859
:102D60001230079A1A4412B2079200E009E000E01C
:102D700007E0701C86B206EB0901A08C401E814260
:102D8000DADB00BF00200490A06A50F8250020B1D3
:102D9000A06A50F8250000780490049800F0020022
:102DA00090B100BFBAF90800384400EB080105985B
:102DB000814205DD00BFBAF908003844404400E014
:102DC000059800B205902BE0DDE917010144079852
:102DD000401A00B207900022079916988DE8070064
:102DE000A06A50F82500411C524608A80C9B1CF014
:102DF000C3F9BDF92200384400EB0801059881426F
:102E000005DDBDF922003844404401E009E00598A1
:102E100000B20590A81985B209EB06001FFA80F9E7
:102E200000BF681C85B209F101001FFA80F9A18C6E
:102E300006980844A8423FF773AF05980DB0BDE867
:102E4000F08F000038B50446002505480288294661
:102E5000204615F04DFE00900098C0B238BD00002D
:102E60008E01002038B50446002505480288294611
:102E7000204615F03DFE00900098C0B238BD00001D
:102E8000900100202DE9FF5F06460C4600213046E8
:102E900015F013FF03904FF48021304615F00DFF1D
:102EA000029003980EF01EFA074602980EF01AFAE6
:102EB00080460021304615F072FF814608EB07007E
:102EC00000EBD07109EB61010DB2304614F09CFAB1
:102ED000834600EBDB704110F08A0844AA4605EBFC
:102EE000DA71A0EB610000B260806088284400B213
:102EF000E0806946304614F031FABDF800002080C9
:102F0000BDF80400A080BDE8FF9F2DE9FF470546FE
:102F10002846FFF72CFC06461EB9002004B0BDE889
:102F2000F0874FF48021284615F0C7FE80464FF405
:102F3000802741F25A423946284615F0D9FD0290C1
:102F4000029804B200BF304611F002F8814600201A
:102F500041F6FF71CDE90001234642464946029001
:102F600003A81CF009F9BDF90C00D7E702460B468F
:102F7000114633B1012B0AD0022B05D0042B0CD102
:102F800008E001F13C00704701F14800FBE701F166
:102F90005400F8E701F16000F5E70020F3E770B5B1
:102FA00004460E46002510E0E06800EBC5004068CE
:102FB000C0F3406040B1E06800EBC500406820F01D
:102FC0007F40B04200D105E06D1C608CC0F3C500AD
:102FD000A842E9D800BF608CC0F3C500A84203D066
:102FE000E06800EBC50070BD608CC008401C618CBF
:102FF00060F3C8016184628CC2F3C502D100E0684D
:1030000012F0F4F8E060608CC0F3C500451E09E0E2
:10301000E06800EBC5010246681E02EBC00205CA6B
:1030200005C16D1E002DF3D10821E06812F0A1FA50
:10303000082011F0B9FFE1680860E168086819F03C
:1030400085FEE068406820F0007000F10070E168E3
:103050004860E068406866F31700E1684860E0682F
:10306000C1E7000037B584B005461446114890F812
:10307000200000F0010070B10221122018F040F889
:1030800022460390059909F06DFC0290BDF80810E6
:10309000084607B030BD0221122018F05BF8224626
:1030A0000190059909F05EFC0090BDF800100846FB
:1030B000EFE7000054C500202DE9F04F0646884692
:1030C0001746DDE9095CDDE90B490022B8F1000F84
:1030D00003D09246A4F800A069E0052F03D0062F84
:1030E00001D0042F03D10023012D00D1012700219D
:1030F00006E03CF811A09A4492440FFA8AF2491C67
:10310000A942F6D3A2EB030A0FFA8AF2072F4DD297
:10311000DFE807F00409144C3E2C1B004FF0000AB6
:10312000A4F800A042E0A6EB020A0AEBDA7B4FEA21
:103130006B0B0FFA8BFBA4F800B037E0A6EB020A8A
:103140000FFA8AFAA4F800A030E04FF0000AA4F8C1
:1031500000A0A6EB020A0FFA8AFBA5F1010A0FFAFA
:103160008AFA9BFBFAFA0FFA8AF31FE0A6EB020A2F
:103170000FFA8AFA0FFA85FB9AFBFBFA0FFA8AF329
:103180009A4603EBDA7B4FEA6B0BA4F800B00DE034
:10319000A6EB020A0FFA8AFB05F1010A0FFA8AFA76
:1031A0009BFBFAFA0FFA8AF3238000BF00BF0021CD
:1031B0000CE034F811A03CF811B0DA449A440FFA4C
:1031C0008AFA01F1010B24F81BA0491CA5F1010AA0
:1031D0008A45EED834F81AB03CF81AA0DA44B4F8AC
:1031E00000B0AAEB0B0A0FFA8AF0B9F1000F10D069
:1031F00000210CE034F811A0A6EB0A0A3CF811B04B
:10320000AAEB0B0A0FFA8AFA24F811A0491CA9426A
:10321000F0D3BDE8F08F2DE9F04F8DB0044600BF2C
:1032200000BF2046FEF766FF81462046FFF752FDAD
:103230000746B9F1000F00D017B90DB0BDE8F08F07
:1032400006A92046F3F744FA0C2103A812F091F9DD
:103250004FF0000B41F232025946204615F048FC6F
:103260000090009805B200BF00BF41F61202594617
:10327000204615F03DFC0090009828440FFA80FA93
:1032800000BF41F610025946204615F031FC00906F
:103290000098284400B20290204614F0AFFAA18AA8
:1032A0005144081A00B2ADF81400204614F0B0FAE8
:1032B0000146E28A02981044401A01B2ADF8161095
:1032C000002609E0A068006850F826B003AA06A905
:1032D000584601F0DBFF761CA0684068B042F1D888
:1032E00006A8F3F705FD0021204615F0E7FD019043
:1032F0000021204615F054F8804642F2D171019821
:10330000884202D00846804502D1204616F0EBFDE7
:1033100000222B2120460DF047FD00BF8DE7000065
:1033200000B589B000BF00BF002001904F48006881
:1033300040F004004D4908600846006800F00400B1
:10334000019000BF00BF00BF00BF00BF0020019080
:103350000846006840F0020008600846006800F077
:103360000200019000BF00BF00BF4FF40050049066
:103370000120059006900320079004A93C48EEF731
:10338000C3FB02200490002005900120069003203A
:10339000079004A93748EEF7B7FBF4F7FFFB00BF2F
:1033A00000224FF400513248EEF7C2FC00BF0A2061
:1033B000F4F7CCFE00BF012251032D48EEF7B8FC14
:1033C00000BF0A20F4F7C2FE0220049000200590FE
:1033D00006900320079004A92648EEF795FB642089
:1033E000F4F7B4FE042202A948F2401000F05AF8A3
:1033F00000208DF80C0020A102A8EDF7CBFA88B1CF
:103400001EA102A8EDF7C6FA60B11EA102A8EDF751
:10341000C1FA38B11DA102A8EDF7BCFA10B1012024
:1034200009B000BD02A91BA0EDF732F817A102A850
:10343000EDF7B0FA10B90A201949087002208DF88A
:103440000800012202A948F2400000F0D5F90A2044
:10345000F4F77CFE00208DF80800012202A948F252
:10346000400000F0C9F90020DAE7000030380240DF
:10347000000802400004024039313100393134374C
:10348000000000003131353800000000393237319A
:10349000000000004354502049443A25730D0A00AF
:1034A000320000202DE9F04105460F461646F4F79C
:1034B00043FC2820F4F708FCF4F78AFC2812F4F700
:1034C00003FCF4F785FCE8B2F4F7FEFBF4F780FCAC
:1034D000F4F732FC2920F4F7F7FBF4F779FC002429
:1034E0000BE0711EA14201D0012100E0002108463D
:1034F000F4F7B8FB3855601CC4B2B442F1DBF4F702
:1035000045FCBDE8F081000071B583B0002001905A
:103510000026B4480078401CB2490870084601787B
:103520000A2091FBF0F200FB121018B1AD480078B0
:103530000A287DDA012203A948F24E10FFF7B2FFF4
:103540009DF80C0000F0800078B19DF80C0000F0B0
:103550000F00A5490978884207DC0020019001226C
:1035600001A948F24E1000F047F99DF80C0000F058
:103570000F0000285CD09DF80C0000F00F009A4965
:103580000978884254DC9DF80C0000F00F014FF6DA
:10359000FF70884084B29548858EE04380B240F445
:1035A000404092498886084682898F480078401EAC
:1035B0000C3121F810208D48028C8B480078401E79
:1035C000143121F8102000200190A7E08748808E58
:1035D0009DF8042001219140084000283FD08449F3
:1035E0009DF8042031F81200042202A9FFF75AFFC7
:1035F0008048808845F2105188420BD07D488088F1
:1036000049F60601884205D07A48808847F29671CB
:10361000884240D1754890F8440000F00100F8B1AC
:103620009DF80A009DF80B1000EB0120714900E0A5
:10363000B2E00988081A81B26C480C309DF8042069
:1036400020F812109DF808009DF8091000EB0120E9
:1036500081B2664820309DF8042020F8121058E00E
:103660009DF808009DF8091000EB012081B25F4829
:103670000C309DF8042020F812109DF80A009DF8E7
:103680000B1000EB012081B2584820309DF8042037
:1036900020F812103DE0554890F8440000F0010079
:1036A000D0B19DF808009DF8091000EB012081B20F
:1036B0004E480C309DF8042020F812109DF80A00A6
:1036C0009DF80B1000EB012081B2484820309DF896
:1036D000042020F812101CE09DF80A009DF80B1041
:1036E00000EB012043490988081A81B23F480C3099
:1036F0009DF8042020F812109DF808009DF809108C
:1037000000EB012081B2394820309DF8042020F8D8
:1037100012109DF80400401CC0B201909DF80400F6
:10372000314909788842FFF651AF01262F48808938
:1037300030490988884205DC2C48008C2D4949888D
:10374000884226DD9DF80C0000F00F0001280ADDFC
:103750002648C089254988810846408C0884002075
:103760002049087018E020480078401E1F490C319D
:1037700031F810000C3988811B480078401E203138
:1037800031F810002039088480200390084685868F
:1037900002E00020134908709DF80C0000F08F0033
:1037A000802815D11148808E00F4004030B10F48B8
:1037B000808E20F400400D49888609E04FF6FF70A6
:1037C0000A49888108840846808E00F46040888613
:1037D00004480078F02802DD0A20024908703046CB
:1037E00004B070BD330000203200002034000020FF
:1037F000A8B803087C0400202DE9F04104460E46D9
:1038000017464FF00008F4F797FA2820F4F75CFA0F
:10381000F4F7DEFA2012F4F757FAF4F7D9FAE0B227
:10382000F4F752FAF4F7D4FA00250BE0705DF4F7E0
:103830004BFAF4F7CDFA8046B8F1000F00D003E060
:10384000681CC5B2BD42F1DB00BFF4F79FFA4046E9
:10385000BDE8F0812DE9F04106463746788E002814
:1038600002DC0020BDE8F0817D6A002409E0F96AED
:1038700031F81400F2F720FF08B10120F2E7601CD4
:1038800084B255F8240050B155F8240005A1EDF795
:1038900081F820B155F8240000780028E7D10020F5
:1038A000E0E700000A00000001460020302905DBA7
:1038B000392903DCA1F13002D0B21CE0612902DB1E
:1038C000A1F12002D1B2A1F14102062A10D2DFE813
:1038D00002F0030507090B0D0A200BE00B2009E09D
:1038E0000C2007E00D2005E00E2003E00F2001E092
:1038F000002000BF00BF70472DE9F04105462C466F
:103900004FF44041606A07F001FA94F92E10A08D3F
:103910000122FEF71DFC0746206B18B300261EE0AF
:10392000206B30F82600A18D884216D1206B00EB69
:10393000860090F9021094F92E0081420DD1226B7D
:1039400002EB860292F90320521E3A44D21D91B234
:103950004FF40042606A07F0D3FD701C86B2A08E5F
:10396000B042DDDCA08D218D884210D194F92E105B
:1039700094F92A0081420AD194F92B20521E3A442C
:10398000D21D91B24FF48042606A07F0B9FDBDE8E4
:10399000F081000010B500BF00224FF40071114803
:1039A000EEF7C6F900BF00F01FF800BF01221102B8
:1039B0000C48EEF7BDF900BF00F016F800BF00227A
:1039C0004FF480710748EEF7B3F900BF00F00CF830
:1039D00000BF012251020348EEF7AAF900BF00F030
:1039E00003F810BD0004024010B50220F4F7BAFB42
:1039F00010BD000000B587B000BF00BF00200190DF
:103A00001B48006840F00200194908600846006839
:103A100000F00200019000BF00BF00BF00BF00BF68
:103A2000002001900846006840F002000860084647
:103A3000006800F00200019000BF00BF00BF8815C1
:103A400002900120039004900320059002A90948E8
:103A5000EEF75AF84FF4007002901120039002A97B
:103A60000448EEF751F800F0B7F807B000BD0000C9
:103A7000303802400004024010B500BF012251025C
:103A80000C48EEF755F900BFFFF7AEFF00BF01226B
:103A900011020848EEF74CF900BFFFF7A5FF00BF81
:103AA00000224FF480710348EEF742F900BFFFF7A0
:103AB0009BFF10BD0004024070B50546002400269F
:103AC0001EE06006040E00BF012211021148EEF74D
:103AD0002FF900BFFFF788FF4FF400710D48EEF794
:103AE00015F908B1601CC4B200BF00224FF4807108
:103AF0000848EEF71DF900BFFFF776FF701CC6B24D
:103B0000082EDEDB15B9FFF7B7FF01E0FFF742FF34
:103B1000204670BD0004024070B50446002526E032
:103B200000BFE00928B1012251021648EEF700F962
:103B300005E000224FF400711248EEF7F9F800BFDB
:103B4000FFF752FF00BF012211020E48EEF7F0F816
:103B500000BFFFF749FF00BF00224FF48071094802
:103B6000EEF7E6F800BF6006040E681CC5B2082D2B
:103B7000D6DB00BF012251020248EEF7D9F800BFA0
:103B800070BD00000004024010B500BF01225102C8
:103B90001048EEF7CDF800BF00BF012211020D481A
:103BA000EEF7C6F800BFFFF71FFF00BF00224FF47B
:103BB00000710848EEF7BCF800BFFFF715FF00BF23
:103BC00000224FF480710348EEF7B2F800BFFFF710
:103BD0000BFF10BD0004024010B500BF00224FF4DF
:103BE00000710C48EEF7A4F800BFFFF7FDFE00BF20
:103BF000012211020748EEF79BF800BFFFF7F4FE21
:103C000000BF012251020348EEF792F800BFFFF710
:103C1000EBFE10BD0004024070B50024002500BF7B
:103C2000012251021548EEF783F800BFFFF7DCFED2
:103C300000BF012211021148EEF77AF800BFFFF72A
:103C4000D3FE07E0601CC4B2FA2C03DDFFF7C4FF0B
:103C5000012506E04FF400710848EEF757F80028F8
:103C6000F0D100BF00BF00224FF480710348EEF78F
:103C70005FF800BFFFF7B8FE284670BD00040240A1
:103C80002DE9F04104460D46606D18B900BF00BF34
:103C9000BDE8F081606DA96830F92160606DA968A8
:103CA00000EB8100B0F90270A87B1A4909788842BC
:103CB00006D0A87B012801D100BF01E000BF00BFF2
:103CC000A87B01280AD1B4F90C00B04203D1B4F9A1
:103CD0000E00B84202D0201D00F094FE201D00F01E
:103CE0000FFF00B1D4E726816781A87B012803D1AB
:103CF000201D00F027FD02E0201D00F083FE201DA6
:103D000000F0FEFE00B1C3E72189A1816189E18154
:103D100000BFBDE73C01002070B5044604214048C7
:103D2000006815F069F920B13D49E06A09688842E8
:103D300000D170BD3A48006813F05CFB0546E06AAC
:103D400018B1E06A13F056FB00E000200646B542C9
:103D500024D14DB1324800680DF0A8FE204600F095
:103D6000CFFE002857D0E4E7E06A50B12D49E06A61
:103D70000A680F210DF018F8204600F0C1FE00B1CE
:103D8000D7E728480E210268254800680DF00CF896
:103D9000204600F0B5FE00283DD0CAE766B9E06ACB
:103DA00050B12049E06A0A680F210CF0FDFF20465F
:103DB00000F0A6FEC8B1BCE7E06AB0B156B9194937
:103DC000E06A0A680F210CF0EFFF204600F098FE31
:103DD00058B1AEE71349E06A0A6810210CF0E4FF1D
:103DE000204600F08DFE00B1A3E745B10C48006805
:103DF0000DF05CFE204600F083FE60B199E70948B3
:103E00000E210268064800680CF0CEFF204600F044
:103E100077FE00B18DE702480168E16200BF88E7E4
:103E200038010020340100202DE9F04704460D46FA
:103E3000A87B012805D16079C0F3C00008B1BDE8B6
:103E4000F0876079C0F3C00058B1607920F00801B4
:103E5000617100216164607920F0010161710021CC
:103E60002172277AA97B21726968E160D4F85080B9
:103E7000B8F1000F00D1E2E740460DF08DFEED49AC
:103E800008600846006800B9D9E7A87B08B100209F
:103E9000A88140460DF080FEE649086008460068AB
:103EA00000B9CCE7A87B012853D1002F51D100BF26
:103EB00000BF1AF076FD606468680A2820D1DD48EA
:103EC000006815F089FC28B91021DA48006815F05F
:103ED00093F808B1012000E00020064640460DF0AE
:103EE00053FE00B95EB9D44801210268D148006888
:103EF0000CF05AFF201D00F003FE00B19FE74AE1DD
:103F00006868142804D1A889401E00B2A88142E143
:103F10006868132804D1A889401C00B2A8813AE13E
:103F200068681B2810D11B2140460DF0C1FEC24815
:103F300020210268BF4800680CF036FF201D00F009
:103F4000DFFD0028DBD07AE7404669680DF0B0FE5F
:103F500021E1A87B012870D1012FFCD1607900F00C
:103F60000100B8BB606C1AF00FFD2168898B884294
:103F700044D9607920F00100401C60711AF011FDF5
:103F8000A06468680A2833D1AA48006815F024FCA8
:103F900028B91021A748006815F02EF808B10120B3
:103FA00000E000200646B6B140460DF000FE0128B4
:103FB0001DD900BF00BF40460DF0E6FD80F00109AD
:103FC000494640460DF083FE20219A48006812F0D1
:103FD00018FC0CE012E0984805210268954800683A
:103FE0000CF0E2FE201D00F08BFD00B127E700BFC2
:103FF000607920F00100401C6071CCE0607900F035
:10400000010000288BD0A06C1AF0BEFC2168C98B7F
:10401000884284D91AF0C5FCA06468680A280DD1CA
:10402000854806210268834800680CF0BDFE201D0B
:1040300000F066FD00288BD001E719E068681428BD
:1040400004D1A889401E00B2A881A4E068681328A2
:1040500004D1A889401C00B2A8819CE04046696850
:104060000DF026FE201D00F04BFD0028C5D0E6E631
:10407000A87B002870D1012F6ED100BF00BF6868F7
:104080000A286BD16B48006815F0A6FB28B91021EF
:104090006848006814F0B0FF08B1012000E000207B
:1040A00006463EBB644808210268624800680CF07E
:1040B0007BFE201D00F024FD00B1C0E6607900F019
:1040C000010030B95C48042102685A4800680CF0CD
:1040D0006BFE201D00F014FD00B1B0E6564807212C
:1040E0000268544800680CF05FFE201D00F008FDD7
:1040F00088B3A4E640460DF047FD70B3607900F048
:10410000010020B140460DF052FD01282CD84A484C
:1041100008210268474800680CF046FE201D00F0A8
:10412000EFFC00B18BE64448042102684148006876
:104130000CF03AFE201D00F0E3FC00B17FE63E48A3
:10414000072102683B4800680CF02EFE201D00F09D
:10415000D7FC20B173E617E01DE00BE015E00A2163
:1041600040460DF0A5FD0FE020213248006812F016
:1041700048FB09E0607900F0010028B900BF00BFEA
:10418000012140460DF0A3FD00BF0021616460796C
:1041900020F001016171002026490860A88928B338
:1041A00040460DF0F1FC10B300BF00BFB5F90C00A4
:1041B00000280CDA002604E0142140460DF078FDBA
:1041C000761CB5F90C004042B042F5DC0EE0B5F9C2
:1041D0000C0000280ADD002604E0132140460DF003
:1041E00067FD761CB5F90C00B042F6DC20E000BF9C
:1041F00000BFB5F90C0000280BDA002603E04046AA
:104200000DF0B0FC761CB5F90C004042B042F6DC73
:104210000DE0B5F90C00002809DD002603E040465A
:104220000DF038FC761CB5F90C00B042F7DC00BF8D
:1042300000BF04E6380100203401002070B50446B8
:10424000A06A00B170BD94F83D0000F0010000B11B
:10425000F8E7256A03E0284613F026F9054635B14C
:104260004FF40041284614F0C7FE0028F3D105B9E9
:10427000E8E7B4F91000002802DDB4F9100002E00C
:10428000B4F910004042484909680968897E8842AB
:1042900012DAB4F91200002802DDB4F9120002E0CB
:1042A000B4F912004042404909680968897E884291
:1042B00002DA002121876187218F208A084401B218
:1042C0002187618F608A084401B26187B4F93800A0
:1042D000002802DDB4F9380002E0B4F938004042A9
:1042E000314909680968C97E88420FDCB4F93A008F
:1042F000002802DDB4F93A0002E0B4F93A00404285
:10430000294909680968C97E88424ADD012184F883
:104310003D10B4F93800002802DDB4F9380002E09D
:10432000B4F938004042B4F93A10002902DDB4F97A
:104330003A1002E0B4F93A104942884213DDB4F968
:104340003800002807DD94F83C0020F0F000203011
:1043500084F83C001AE094F83C0020F0F0001030A3
:1043600084F83C0012E0B4F93A00002807DD94F824
:104370003C0020F0F000803084F83C0006E094F827
:104380003C0020F0F000403084F83C0006480C214E
:10439000026828460CF008FD204600F0B1FB00B191
:1043A00050E700BF4EE70000340100202DE9F04146
:1043B00004460D46A87B012805D16079C0F3C000F2
:1043C00008B1BDE8F0816079C0F3C00058B16079F0
:1043D00020F00801617100216164607920F0010121
:1043E000617100212172276D07B9EAE738460DF0A7
:1043F000D3FB914908600846006800B9E1E7D4F8AA
:104400000C806968E160267AA97B2172A87B01286B
:1044100053D1002E51D100BF00BF1AF0C2FA606420
:1044200068680A2810D10A2138460DF041FC8348FB
:1044300001210268804800680CF0B6FC201D00F0E5
:104440005FFB002838D0BCE768681B2810D11B210F
:1044500038460DF02DFC7948202102687648006826
:104460000CF0A2FC201D00F04BFB0028EAD0A8E7CE
:10447000686809280CD1002138460DF028FC384620
:104480000DF008FB201D00F03BFB0028DAD098E778
:1044900068680B280CD1002138460DF018FC38460E
:1044A0000DF060FB201D00F02BFB0028CAD088E730
:1044B000384669680DF0FCFBB8E0A87B01287BD189
:1044C000012E79D168680A280BD15C480221026864
:1044D000594800680CF068FC201D00F011FB00B189
:1044E0006FE7607900F00100F0B9606C1AF04CFAE7
:1044F0002168898B884217D9607920F00100401C1F
:10450000607168680A28D7D11AF04BFAA0644B484A
:1045100005210268484800680CF046FC201D00F0A8
:10452000EFFA0028C8D04CE7607900F001000028BD
:104530007CD0A06C1AF028FA2168C98B884275D902
:104540001AF02FFAA06468680A280CD13B480621AB
:104550000268394800680CF027FC201D00F0D0FAF2
:10456000002863D02DE7686809280CD1002138465F
:104570000DF0ADFB38460DF08DFA201D00F0C0FAAD
:10458000002853D01DE768680B280CD1002138465D
:104590000DF09DFB38460DF0E5FA201D00F0B0FA55
:1045A00088B30EE708E0384669680DF081FB201DEE
:1045B00000F0A6FA38B304E7A87B20BB012E35D162
:1045C00000BF00BFC5F8048068680A2828D11B48CE
:1045D00008210268184800680CF0E6FB201D00F076
:1045E0008FFA00B1EDE6607900F0010060B9134880
:1045F00004210268104800680CF0D6FB201D00F072
:104600007FFA08B1DDE611E00C48072102680A488C
:1046100000680CF0C9FB201D00F072FA00B1D0E672
:1046200000216164607920F001016171002002497C
:10463000086000BFC5E600003801002034010020FA
:1046400070B505460C46286806692188298261886C
:1046500069823068007CC0F30110022805D0306800
:10466000007CC0F3011003280DD130680088218838
:10467000401A401E00B22080306840886188401A8D
:10468000401E00B260803068007CC0F30110012839
:1046900005D03068007CC0F3011003280AD1B4F9BA
:1046A00002002188618031684988091A491E09B2CF
:1046B000218000BFB4F90000002801DA00BF00BF6C
:1046C0002968086908F0B4FEB4F90010884201DCDA
:1046D00000BF00BFB4F90200002801DA00BF00BF2C
:1046E0002968086908F00AFFB4F90210884201DC61
:1046F00000BF00BFE86C90B1B5F90C00B4F9001030
:10470000884205D1B5F90E00B4F90210884206D0EE
:10471000B4F90220B4F90010E86C16F018FA2188F8
:104720002981618869812879012803D1281D00F039
:1047300009F802E0281D00F065F92989A981698935
:10474000E98170BD2DE9F041044600BF00BFAB49CF
:10475000206A08606078C0F3C00008B1BDE8F0814D
:10476000A7480068006805690026A448006810BBD7
:10477000284608F078FE0746211D0EF03EFE9F49B0
:1047800008600846006840B9284608F079FE0746E8
:10479000211D0EF032FE994908609848006840B922
:1047A000284608F089FE0746211D0EF026FE934993
:1047B000086001262AE0A06A40BB4FF400518F48F0
:1047C000006814F019FC08BB284608F04CFE0746A8
:1047D000211D0EF012FE894908600846006840B9A4
:1047E000284608F04DFE0746211D0EF006FE8349BF
:1047F00008608248006840B9284608F05DFE074618
:10480000211D0EF0FAFD7D490860012666B1606A3F
:1048100050B10021218361832046EFF71AFE204624
:1048200000F06EF900B199E77449206A096888427E
:1048300054D0A1882181E1886181206A60B1276A12
:104840006F480321026838460CF0AEFA204600F0AB
:1048500057F900B182E700BF68480168216201682A
:1048600061620068002839D01AF09BF820646078F3
:1048700020F0010060700021A182E18294F83C00E8
:1048800020F00F0184F83C1094F83C0020F0F00177
:1048900084F83C10002184F83D1021876187218233
:1048A0006182574801210268544800680CF07CFA84
:1048B000204600F025F900B150E7514800684079E2
:1048C000C0F3C00000B149E74D480068001DFFF784
:1048D00023FA204600F014F900B13FE7A1882089AF
:1048E000081A01B22182E1886089081A01B2618246
:1048F000B4F9180040F35C002083B4F91A0040F3C7
:104900005C016183218BB4F91000800001EBE000B1
:1049100001B22183618BB4F91200800001EBE00049
:1049200001B26183A169E16134480068002863D065
:10493000334802210268314800680CF035FA2046FD
:1049400000F0DEF800B109E72D4800684079C0F3B7
:10495000C00000B102E72046EFF7E0FC204600F07F
:10496000CFF800B1FAE62046FFF768FC204600F0D9
:10497000C7F800B1F2E6A06A00BB607800F0010061
:10498000E0B9206C1AF000F81D4909680968898BA4
:10499000884213D91A4805210268184800680CF0AB
:1049A00003FA204600F0ACF800B1D7E6607820F0BA
:1049B0000100401C607019F0F4FF6064A06AD8B96F
:1049C000607800F00100B8B1606C19F0DDFF0C49AF
:1049D00009680968C98B88420ED90948062102680E
:1049E000064800680CF0E0F9204600F089F800B1B4
:1049F000B4E619F0D6FF606400BFAFE638010020CE
:104A00003401002070B504466078C0F3C00048B19E
:104A1000002121626162002020646064607820F0DF
:104A2000080060702049206A0860A56A084600688E
:104A300078B300BF00BF1D48082102681A4800680B
:104A40000CF0B2F9204600F05BF800B170BDDDB9A2
:104A5000607800F0010058B9144804210268124837
:104A600000680CF0A1F9204600F04AF800B1EDE72B
:104A70000E48072102680C4800680CF095F92046A2
:104A800000F03EF800B1E1E700212162002020643F
:104A900060643DB12046EFF7DCFC204600F030F8C2
:104AA00000B1D3E700BFD1E7380100203401002076
:104AB0004179C1F3400100291ED000224262826286
:104AC000C262417921F00102427100224264826493
:104AD0000283428390F8401021F00F0280F84020BA
:104AE00000228283C2838287C287417921F0020239
:104AF00042710021014A1160704700003801002016
:104B000001464878C0F3400010B10020024A10600E
:104B10004878C0F340007047380100202DE9FE4F6F
:104B20000646344694F82A0000F0010000284AD0D6
:104B3000A08C072190FBF1F085B2E08C90FBF5F1A1
:104B400005FB1100E084E08C032101FB0500E084FB
:104B5000E08C90FBF5F105FB11002085208D0321F1
:104B600001FB050020850021304614F0A6F80290D4
:104B70000021304614F013F9814602980CF0B2FB84
:104B80000746304612F0ACFB80463046FDF7EFFD9D
:104B90000190E08C07EB090148430FFA80FA414687
:104BA00008EBD1725210384607EBD073A2EB6302C8
:104BB0000FFA82FBABEB0A0000B20090DDE90010B7
:104BC00016F056FA00BFBDE8FE8F0000F8B50446A7
:104BD000A56A8021284614F00FFA50B941F6FF70FB
:104BE000034642421146009004F1300005F0F0FD0A
:104BF000A7E0284612F0EEFD012804D0022816D0C6
:104C0000032843D125E0E88A401C01B2002341F685
:104C1000FF722846FCF790FA6086E88A401E02B2CE
:104C2000002352492846FCF787FAE08635E0B5F9BB
:104C30001A10002341F6FF722846FCF77DFA6086C1
:104C4000B5F91A20002349492846FCF775FAE08691
:104C500023E005F1140005F0AFFC074600EBD77028
:104C60004110E88A084406B2002341F6FF72701C26
:104C700001B22846FCF760FA6086701E02B200237B
:104C80003A492846FCF758FAE08606E04EF2010160
:104C9000618641F6FF71E18600BF00BF284612F031
:104CA0008FFD012804D0022814D0032841D123E02D
:104CB000B5F91410002341F6FF722846FCF7A2F95B
:104CC0002086B5F91420002328492846FCF79AF9D4
:104CD000A08635E0B5F91810002341F6FF7228468A
:104CE000FCF790F92086B5F9182000231F492846C3
:104CF000FCF788F9A08623E005F1140005F0CFFC4D
:104D0000074600EBD770A98A01EB600006B20023CA
:104D100041F6FF72701C01B22846FCF773F9208639
:104D2000701E02B2002311492846FCF76BF9A086D9
:104D300006E04EF20101218641F6FF71A18600BF17
:104D400000BF208E10B94EF201012186A08E10B94D
:104D500041F6FF71A186608E10B94EF201016186A5
:104D6000E08E10B941F6FF71E186F8BD01E0FFFF6A
:104D70002DE9F04704460D4616461F4604F13C0057
:104D800000EBC61050F8278000BFB8F1000F03D128
:104D900000BF00BF00BFFEE700BF00BF1DB900BFDE
:104DA00000BF00BFFEE700BFC5F80880EC60C8F890
:104DB0000C5000BF2846F1F7BCFB82462846F1F7AD
:104DC000B8FB81460421F0F764FE824503D000BFA2
:104DD00000BF00BFFEE700BF04F13C0000EBC610BF
:104DE00040F827500121B14020690843206104F1B7
:104DF000140050F826000121B940084304F11401C1
:104E000041F82600BDE8F08770B505460C46002045
:104E10000F49086022461D2128460BF0C5FF0C48AB
:104E2000006890B10A480068007808B9002070BD99
:104E3000214607480068EBF7ADFD30B10448016832
:104E4000284619F059F80020F1E70120EFE70000AB
:104E5000180300202DE9F04F89B006460C46154690
:104E60001F4600BF00BF304614F0FCFC10B909B06B
:104E7000BDE8F08FB046AC4200D1F8E7B4F5B47F9E
:104E800002DDA4F5B47084B2B5F5B47F02DDA5F5FA
:104E9000B47085B2B8F82400204484B2B8F8240075
:104EA000284485B2B4F5B47F02DDA4F5B47084B2B1
:104EB000B5F5B47F02DDA5F5B47085B208AA07A9DF
:104EC0003046FDF7CCF83946304613F047F98146B5
:104ED000B246BB4651225946504613F009FE039094
:104EE000039808B1012000E00020069004A906986C
:104EF00008B1012000E00020CDE90059CDE9020110
:104F0000BDF820309AB2BDF91E10BDF91C00234631
:104F100008F059FB04A9304614F045FC00BFA6E791
:104F20001FB5044602AA03A92046FDF798F86B4670
:104F3000BDF9082003A92046FDF776FB6946204607
:104F400014F031FC1FBD2DE9FF4781460C464FF69A
:104F5000FF70844201D1BDE8FF874E46308EA042EB
:104F600000DCF8E7B06A00EBC40102A805F000FB22
:104F70006946484612F0F2F90021484613F0F5FC64
:104F800007460021484613F077FB8046484612F05A
:104F9000F1F9824608F03AFA05460A2195FBF1F04C
:104FA000B84201DA384602E00A2095FBF0F007B279
:104FB0000A2095FBF0F0404501DA404602E00A2065
:104FC00095FBF0F00FFA80F8BDF80800BDF800106E
:104FD000C91B084400B2ADF80800BDF80A00BDF8CE
:104FE0000210A1EB0801084400B2ADF80A00BDF8B8
:104FF0000C00BDF800103944084400B2ADF80C00B4
:10500000BDF80E00BDF802104144084400B2ADF8EE
:105010000E00B08EA0420ED1F06A30F8140000F4F9
:10502000007040B102A805F014FBBDF80A10081A80
:1050300000B2ADF80A0002A9484614F0B4FB00BF64
:1050400089E71CB5044621466846FDF79DFA694686
:10505000204614F0A8FB1CBD2DE9F04F87B0054693
:105060000E462C46B4F88200B04202DC07B0BDE820
:10507000F08F284612F053F9B4F884104843001218
:1050800007B2284612F0B6FA824694F88800C0F3B8
:10509000C00018B9284614F04CFBE7E794F88800E4
:1050A00000F0070001287CD10021284613F00BF9FD
:1050B00006900021284613F020FB0590A98A059848
:1050C000014406980844A0EB0A000FFA80FB4FF455
:1050D000A020029040F649022846029913F008FDEC
:1050E0000190019800B280464FF40031284613F039
:1050F000F2FE814600BFA88AADF80C00E88AADF840
:105100000E00288BADF81000688BADF8120000BFC0
:10511000BDF80E0008EB0901401A00B2ADF80E0010
:10512000BDF8120008EB0901084400B2ADF8120006
:10513000B4F88200401EB0421FDD07FB06F0B4F851
:105140008210491E90FBF1F05844A0EB0800A0EB40
:10515000090000B2ADF80C00701C7843B4F882105E
:10516000491E90FBF1F058444044484400B2ADF869
:10517000100003A9284614F016FB002E21DD701E36
:105180007843B4F88210491E90FBF1F05844A0EB2C
:105190000800A0EB090000B2ADF80C0007FB06F018
:1051A00000E00FE0B4F88210491E90FBF1F0584483
:1051B0004044484400B2ADF8100003A9284614F05A
:1051C000F2FA4BE094F8880000F00700022838D18A
:1051D0000021284613F043FAB4F8841048434FEAFC
:1051E000202807EB0800B4F8821090FBF1F00FFACA
:1051F00080F909FB06F00FFA80FB0021284613F026
:105200007CFAA98A084458440FFA80FB05A928466D
:1052100012F0A4F8ABEB0A0000B2ADF81400BDF830
:105220001400484400B2ADF81800BDF81400A0EB1B
:10523000080000B2ADF8140005A9284614F0B3FA2E
:105240000CE094F8880000F00700032803D12846FA
:1052500014F06FFA02E0284614F06BFA00BF05E77D
:10526000014601F0030070B96420B1FBF0F200FBCD
:10527000121030B94FF4C870B1FBF0F200FB1210FD
:1052800008B9012070470020FCE700002DE9F74F26
:1052900094B004460D46F249204613F0B8FE10B112
:1052A00017B0BDE8F08F2046FCF742FF1390204670
:1052B000FDF7D8FD1290129808B1139800B9EFE7E6
:1052C0002046FCF725FF06462046FDF7BBFD0746B6
:1052D00000BF00200390E34802882046039913F0A2
:1052E00007FC02900298C0B2119000BF002003900A
:1052F000DD4802882046039913F0FAFB02900298D9
:10530000C0B21090286830F916100F9129681398D0
:105310003044401E31F81010AA6813983044401EE3
:1053200032F81000084400B20E90DDE90E01401A78
:1053300000B20D90686830F917100C9169681298E6
:105340003844401E31F81010EA6812983844401E64
:1053500032F81000084400B20B90DDE90B01401A4E
:1053600000B20A900021204612F02CFF012809D13A
:10537000119810B90220119004E01198022801D16F
:105380000020119000BF208BA18A401A401C00B25F
:10539000099000BF608BE18A401A401C00B208905F
:1053A000119830B1012818D0022827D0032808D03E
:1053B00000BF286830F916A0608C20F480606084FB
:1053C0002CE0286830F916A00D980990608C20F424
:1053D000806000F58060608420E0296831F8163034
:1053E000099A0D99881A00EBD07103EB61010FFA4D
:1053F00081FA608C20F4806060840FE0204613F016
:105400009EFD296831F816200D991144081A0FFAEB
:1054100080FA608C20F48060608400BF00BF109828
:1054200030B1012818D0022827D0032808D000BFA7
:10543000686830F917B0608C20F4007060842CE04C
:10544000686830F917B00A980890608C20F40070F2
:1054500000F50070608420E0696831F81730089A20
:105460000A99881A00EBD07103EB61010FFA81FBF6
:10547000608C20F4007060840FE0204611F0C4FFBF
:10548000696831F817200A991144081A0FFA80FB4D
:10549000608C20F40070608400BF00BF204613F0D1
:1054A0004EFD0999884205D1204611F0ADFF0899BB
:1054B00088422BD000BFA08AADF80800E08AADF882
:1054C0000A00208BADF80C00608BADF80E0000BF19
:1054D000204614F02EF904F11400099905F085F91D
:1054E00004F11400089905F07AF9204614F021F926
:1054F00002AA292120460BF057FC204611F0D4FFC8
:105500002246222101900BF04FFC00BF00200390A7
:1055100043F20C022046039913F0EAFA0290029833
:105520000FFA80F800BF0020039043F20D022046DE
:10553000039913F0DDFA029002980FFA80F900BF88
:10554000204613F0FCFC0790204611F05DFF06900A
:1055500008F4C040B0F5005F01D1012000E0002058
:1055600030B128F4C040B0F5FA6F01DC012000E052
:10557000002090B128F4C040B0F57A7F04DD28F413
:10558000C040C0F57A7001E028F4C0400799484354
:10559000642190FBF1F00FFA80F809F4C040B0F5F7
:1055A000005F01D1012000E0002030B129F4C040AB
:1055B000B0F5FA6F01DC012000E0002090B129F481
:1055C000C040B0F57A7F04DD29F4C040C0F57A70A0
:1055D00001E029F4C04006994843642190FBF1F0B2
:1055E0000FFA80F90AEB08000FFA80FA0BEB0900BA
:1055F0000FFA80FB169800895044A18A401A00B225
:1056000005901698408900EB0B01E08A081A00B259
:105610000490059808B90498F8B1204614F089F868
:10562000A18A0598084400B2A082218B05980844FD
:1056300001B22183E18A0498084401B2E182618BBE
:105640000498084401B26183204614F072F80123E3
:105650002046DDE9042114F049F900BF20E60000EE
:10566000010006008C010020920100202DE9F0418C
:1056700006460F46154600201AF01CFD04460DE0B4
:1056800039462046B047012804D105B12C600120DD
:10569000BDE8F08120461AF00DFD044624B1606893
:1056A00020F040400028EBD10020F1E730B5024661
:1056B00014460B4620881D88A84203D020881D88E8
:1056C000401B30BD60885D88401BFAE730B502465C
:1056D00014460B4620781D78A84203D020781D7808
:1056E000401B30BD60785D78401BFAE700B587B09D
:1056F00000BF00BF002001903848006840F0100053
:10570000364908600846006800F01000019000BFAC
:1057100000BF00BF00BF00BF002001900846006826
:1057200040F0100008600846006800F0100001908A
:1057300000BF00BF00BF00BF00BF002001900846AF
:10574000006840F0100008600846006800F0100093
:10575000019000BF00BF00BF00BF00BF002001904C
:105760000846006840F0010008600846006800F044
:105770000100019000BF00BF00BF10200290002078
:105780000390012004900220059002A91448ECF730
:10579000BBF9082002900020039001200490022011
:1057A000059002A90E48ECF7AFF904200290002002
:1057B0000390012004900220059002A90848ECF70C
:1057C000A3F901200290002003900220049005908C
:1057D00002A90448ECF798F907B000BD3038024040
:1057E000001002400000024070B50446002514B1CC
:1057F00001202B4908702A480078002834D0102155
:105800002848ECF783FA78B108212648ECF77EFAAD
:1058100050B104212348ECF779FA28B1012122483C
:10582000ECF774FA01281FD10A20F2F78FFC002050
:105830001B49087010211B48ECF768FA00B90125D4
:1058400008211848ECF762FA00B90225042115482E
:10585000ECF75CFA00B9032501211348ECF756FA7E
:1058600001281BD1042519E010210E48ECF74EFA4F
:10587000012813D108210B48ECF748FA01280DD173
:1058800004210848ECF742FA012807D10121064813
:10589000ECF73CFA10B9012001490870284670BDA8
:1058A00030000020001002400000024070B50546A4
:1058B0000C462646686820F040403168884204D192
:1058C0002846FCF79BF8012070BD0020FCE72DE97D
:1058D000F041054628460BF000FA044628460BF036
:1058E0005DFA0746384611F0DFFD06462A2C01D046
:1058F000292C09D1002138460FF028F830461BF03A
:1059000099FC30461CF0E2FEBDE8F0812DE9F04143
:105910000446204611F081FC0746002607E0A068F7
:10592000006850F826502846FFF7F0FF761CBE426C
:10593000F5D394F8220000F0010008B9BDE8F08129
:10594000608C20F001006084204614F0CCFA2046E0
:1059500014F058F9D7B10021204612F048FD054651
:105960009DB10B48006885420FD8681E0949096837
:1059700001EBC000D0F80480681E0649096851F8A0
:10598000302041462046904700BF00BF00BFD5E70A
:1059900048010020A802002070B5044600260948EE
:1059A0000588408845430021084603F0A9F903F023
:1059B0000DFC00BF02E004480480761CAE42FAD31E
:1059C00070BD00007C0400208000006C10B504460F
:1059D00058488471002C58D1F020564908804FF463
:1059E000A07048800846808845F21051884210D146
:1059F0004FF430504F4908814FF4285048814FF4FC
:105A00002C5088814FF4F07008804FF44870488023
:105A10001AE04848808841F6631188420DD12C2055
:105A2000444908812B2048812A2088814FF4F07056
:105A300008804FF44870488006E02C203D490881DA
:105A40002A2048812B2088813A48808845F21031ED
:105A5000884205D03748808847F29671884206D13F
:105A60004FF4A070334908804FF4F07048803148FB
:105A7000808849F60601884258D14FF4F0702D49CC
:105A800008804FF44870488050E04FF4A0702949D6
:105A90000880F02048800846808845F210518842EE
:105AA00010D14FF43050234908814FF428504881D9
:105AB0004FF42C5088814FF4487008804FF4F070F8
:105AC000488020E01B48808841F66311884205D059
:105AD0001848808849F6060188420DD12C201549C6
:105AE00008812A2048812B2088814FF44870088043
:105AF0004FF4F070488006E02C200E4908812A20DF
:105B000048812B2088810B48808845F210318842DB
:105B100005D00848808847F29671884206D14FF434
:105B2000F070044908804FF4A0704880002002F013
:105B3000C9FF10BD7C0400202DE9F04706460F4642
:105B400090469A46002445460320A0EB480944E0CD
:105B50007A1B91B2321990B2524600F0C1F83A1B4A
:105B600091B2721990B2524600F0BAF83A1991B255
:105B7000721990B2524600F0B3F87A1991B2321904
:105B800090B2524600F0ACF87A1991B2321B90B242
:105B9000524600F0A5F83A1991B2721B90B25246E3
:105BA00000F09EF87A1B91B2321B90B2524600F080
:105BB00097F83A1B91B2721B90B2524600F090F8DF
:105BC000641CB9F1000F03DAA000801D814404E0D9
:105BD000601B80000A3081446D1EAC42B8DDBDE818
:105BE000F0872DE9F84F04460D4617469846DDF834
:105BF00028B0381B401C1FFA80F9A8EB0500401C98
:105C00001FFA80FAA9B2A0B253464A4603F008F937
:105C100009FB0AF0009003F0D9FA002604E03BF8F3
:105C2000160003F0BBFA761C00988642F7D3BDE855
:105C3000F88F2DE9FF4F84B081468A4600200290FC
:105C400083460698A0EB09050798A0EB0A06CDF855
:105C50000490CDF800A0002D01DD012705E00DB96D
:105C6000002702E04FF0FF376D42002E02DD4FF0BB
:105C7000010806E016B94FF0000802E04FF0FF38C7
:105C80007642B54201DD2C4600E034460020039008
:105C90001EE0009A91B2019A90B2119A00F020F899
:105CA000029828440290B3440298A04205DD02986D
:105CB000001B0290019838440190A34504DDABEB32
:105CC000040B0098404400900398401C80B203905D
:105CD000611C03988842DCDD08B0BDE8F08F00004D
:105CE00070B505460E4614463146284603F008F8BE
:105CF00003F06CFA01490C8070BD00008000006C5C
:105D000010B5CF2003F056FA002003F047FAC12067
:105D100003F044FA302003F041FAED2003F04AFA90
:105D2000642003F03BFA032003F038FA122003F05A
:105D300035FA812003F032FAE82003F03BFA85209F
:105D400003F02CFA102003F029FA7A2003F026FA47
:105D5000CB2003F02FFA392003F020FA2C2003F097
:105D60001DFA002003F01AFA342003F017FA02207B
:105D700003F014FAF72003F01DFA202003F00EFAC6
:105D8000EA2003F017FA002003F008FA002003F0DD
:105D900005FAC02003F00EFA1B2003F0FFF9C12022
:105DA00003F008FA012003F0F9F9C52003F002FA24
:105DB000302003F0F3F9302003F0F0F9C72003F0AE
:105DC000F9F9B72003F0EAF9362003F0F3F9482097
:105DD00003F0E4F93A2003F0EDF9552003F0DEF981
:105DE000B12003F0E7F9002003F0D8F91A2003F0FE
:105DF000D5F9B62003F0DEF90A2003F0CFF9A2208E
:105E000003F0CCF9F22003F0D5F9002003F0C6F935
:105E1000262003F0CFF9012003F0C0F9E02003F0C1
:105E2000C9F90F2003F0BAF92A2003F0B7F92820A6
:105E300003F0B4F9082003F0B1F90E2003F0AEF935
:105E4000082003F0ABF9542003F0A8F9A92003F0CF
:105E5000A5F9432003F0A2F90A2003F09FF90F20CF
:105E600003F09CF9002003F099F9002003F096F963
:105E7000002003F093F9002003F090F9E12003F0F3
:105E800099F9002003F08AF9152003F087F917200B
:105E900003F084F9072003F081F9112003F07EF963
:105EA000062003F07BF92B2003F078F9562003F04D
:105EB00075F93C2003F072F9052003F06FF910200A
:105EC00003F06CF90F2003F069F93F2003F066F945
:105ED0003F2003F063F90F2003F060F92B2003F05B
:105EE00069F9002003F05AF9002003F057F9012066
:105EF00003F054F93F2003F051F92A2003F05AF936
:105F0000002003F04BF9002003F048F9002003F0D3
:105F100045F9EF2003F042F9112003F04BF9782006
:105F2000F2F714F9292003F045F910BD10B5FF2050
:105F300003F040F9FF2003F031F9982003F02EF927
:105F4000062003F02BF9BC2003F034F9012003F004
:105F500025F90F2003F022F9612003F01FF9FF203B
:105F600003F01CF9012003F019F9012003F016F9E0
:105F70000B2003F013F9102003F010F9372003F081
:105F80000DF9632003F00AF9FF2003F007F9FF2061
:105F900003F004F9012003F001F9012003F0FEF8F9
:105FA000002003F0FBF8002003F0F8F8FF2003F0D6
:105FB000F5F8522003F0F2F8012003F0EFF800208A
:105FC00003F0ECF8402003F0E9F8BD2003F0F2F80C
:105FD000012003F0E3F8232003F0E0F8452003F06C
:105FE000DDF8672003F0DAF8012003F0D7F823206A
:105FF00003F0D4F8452003F0D1F8672003F0CEF881
:10600000BE2003F0D7F8002003F0C8F8012003F009
:10601000C5F8AB2003F0C2F8602003F0BFF82220DF
:1060200003F0BCF8222003F0B9F8222003F0B6F800
:10603000222003F0B3F8222003F0B0F8C72003F0C9
:10604000B9F8362003F0AAF8ED2003F0B3F87F206A
:1060500003F0A4F80F2003F0A1F8C02003F0AAF881
:106060000F2003F09BF80B2003F098F80A2003F0B0
:1060700095F8FC2003F09EF8082003F08FF8DF204D
:1060800003F098F8002003F089F8002003F086F868
:10609000002003F083F8002003F080F8002003F0D4
:1060A0007DF8202003F07AF8F32003F083F87420C1
:1060B00003F074F8B42003F07DF8002003F06EF8CC
:1060C000002003F06BF8002003F068F8F72003F0DD
:1060D00071F8822003F062F8B12003F06BF8002021
:1060E00003F05CF8132003F059F8132003F056F87E
:1060F000F22003F05FF8802003F050F8042003F052
:106100004DF8402003F04AF8282003F047F8C1205A
:1061100003F050F8172003F041F8882003F03EF810
:10612000882003F03BF8202003F038F8E02003F04B
:1061300041F8002003F032F80A2003F02FF8122073
:1061400003F02CF8102003F029F80E2003F026F8B5
:10615000202003F023F8CC2003F020F8072003F0E0
:106160001DF8062003F01AF80B2003F017F80E2094
:1061700003F014F80F2003F011F80D2003F00EF8CF
:10618000152003F00BF8102003F008F8002003F0AE
:1061900005F8E12003F00EF8002002F0FFFF0B20CD
:1061A00002F0FCFF132002F0F9FF0D2002F0F6FFD1
:1061B0000E2002F0F3FF1B2002F0F0FF712002F02E
:1061C000EDFF062002F0EAFF062002F0E7FF0A20BA
:1061D00002F0E4FF0F2002F0E1FF0E2002F0DEFFEC
:1061E0000F2002F0DBFF152002F0D8FF0C2002F098
:1061F000D5FF002002F0D2FF2A2002F0DBFF0020B2
:1062000002F0CCFF002002F0C9FF012002F0C6FF1F
:10621000DF2002F0C3FF2B2002F0CCFF002002F0B1
:10622000BDFF002002F0BAFF032002F0B7FF1F20DD
:1062300002F0B4FF3A2002F0BDFF552002F0AEFF9D
:10624000362002F0B7FF002002F0A8FF112002F074
:10625000B1FF7820F1F77AFF292002F0ABFF14207C
:10626000F1F774FF2C2002F0A5FF10BD10B5ED2052
:1062700002F0A0FF012002F091FFFE2002F08EFF4D
:10628000EE2002F097FFDE2002F088FF212002F0CE
:1062900085FFF12002F08EFF012002F07FFFDF205A
:1062A00002F088FF102002F079FFC42002F082FF84
:1062B0008F2002F073FFC62002F07CFF002002F066
:1062C0006DFFE22002F06AFFE22002F067FFE220A9
:1062D00002F064FFBF2002F06DFFAA2002F05EFF13
:1062E000B02002F067FF0D2002F058FF002002F0FE
:1062F00055FF0D2002F052FF002002F04FFF112049
:1063000002F04CFF002002F049FF192002F046FF86
:10631000002002F043FF212002F040FF002002F0A5
:106320003DFF2D2002F03AFF002002F037FF3D2014
:1063300002F034FF002002F031FF5D2002F02EFF5A
:10634000002002F02BFF5D2002F028FF002002F069
:1063500025FFB12002F02EFF802002F01FFF002059
:1063600002F01CFF8B2002F019FF002002F016FF44
:10637000962002F013FF002002F010FFB22002F07E
:1063800019FF002002F00AFF002002F007FF0220A0
:1063900002F004FF002002F001FF032002F0FEFEE5
:1063A000002002F0FBFEB32002F004FF002002F008
:1063B000F5FE002002F0F2FE002002F0EFFE0020C9
:1063C00002F0ECFE002002F0E9FE002002F0E6FE02
:1063D000002002F0E3FE002002F0E0FE002002F0C8
:1063E000DDFE002002F0DAFE002002F0D7FE0020E1
:1063F00002F0D4FE002002F0D1FE002002F0CEFE1A
:10640000002002F0CBFE002002F0C8FE002002F0C7
:10641000C5FE002002F0C2FE002002F0BFFE0020F8
:1064200002F0BCFE002002F0B9FE002002F0B6FE31
:10643000002002F0B3FE002002F0B0FEB42002F013
:10644000B9FE8B2002F0AAFE002002F0A7FE9620E3
:1064500002F0A4FE002002F0A1FEA12002F09EFEA8
:10646000002002F09BFEB52002F0A4FE022002F004
:1064700095FE002002F092FE032002F08FFE002025
:1064800002F08CFE042002F089FE002002F086FE5D
:10649000B62002F08FFE002002F080FE002002F005
:1064A0007DFEB72002F086FE002002F077FE00207D
:1064B00002F074FE3F2002F071FE002002F06EFE3A
:1064C0005E2002F06BFE002002F068FE642002F005
:1064D00065FE002002F062FE8C2002F05FFE0020CC
:1064E00002F05CFEAC2002F059FE002002F056FEE5
:1064F000DC2002F053FE002002F050FE702002F07B
:106500004DFE002002F04AFE902002F047FE0020DF
:1065100002F044FEEB2002F041FE002002F03EFEBD
:10652000DC2002F03BFE002002F038FEB82002F032
:1065300041FE002002F032FE002002F02FFE00207B
:1065400002F02CFE002002F029FE002002F026FEC0
:10655000002002F023FE002002F020FE002002F0C6
:106560001DFEBA2002F026FE242002F017FE0020B5
:1065700002F014FE002002F011FE002002F00EFED8
:10658000C12002F017FE202002F008FE002002F0D9
:1065900005FE542002F002FE002002F0FFFDFF2065
:1065A00002F0FCFD002002F0F9FDC22002F002FE24
:1065B0000A2002F0F3FD002002F0F0FD042002F0BA
:1065C000EDFD002002F0EAFDC32002F0F3FD3C20C7
:1065D00002F0E4FD002002F0E1FD3A2002F0DEFDD1
:1065E000002002F0DBFD392002F0D8FD002002F08F
:1065F000D5FD372002F0D2FD002002F0CFFD3C2077
:1066000002F0CCFD002002F0C9FD362002F0C6FDEC
:10661000002002F0C3FD322002F0C0FD002002F095
:10662000BDFD2F2002F0BAFD002002F0B7FD2C20A6
:1066300002F0B4FD002002F0B1FD292002F0AEFD11
:10664000002002F0ABFD262002F0A8FD002002F0A1
:10665000A5FD242002F0A2FD002002F09FFD2420D1
:1066600002F09CFD002002F099FD232002F096FD2F
:10667000002002F093FD3C2002F090FD002002F08B
:106680008DFD362002F08AFD002002F087FD3220C9
:1066900002F084FD002002F081FD2F2002F07EFD3B
:1066A000002002F07BFD2C2002F078FD002002F09B
:1066B00075FD292002F072FD002002F06FFD2620FA
:1066C00002F06CFD002002F069FD242002F066FD5E
:1066D000002002F063FD242002F060FD002002F0A3
:1066E0005DFD232002F05AFD002002F057FDC4207A
:1066F00002F060FD622002F051FD002002F04EFD2C
:10670000052002F04BFD002002F048FD842002F03D
:1067100045FD002002F042FDF02002F03FFD002088
:1067200002F03CFD182002F039FD002002F036FD99
:10673000A42002F033FD002002F030FD182002F00A
:106740002DFD002002F02AFD502002F027FD002040
:1067500002F024FD0C2002F021FD002002F01EFDBD
:10676000172002F01BFD002002F018FD952002F01A
:1067700015FD002002F012FDF32002F00FFD0020B5
:1067800002F00CFDE62002F009FD002002F006FDFB
:10679000C52002F00FFD322002F000FD002002F0C3
:1067A000FDFC442002F0FAFC002002F0F7FC65201A
:1067B00002F0F4FC002002F0F1FC762002F0EEFC86
:1067C000002002F0EBFC882002F0E8FC002002F040
:1067D000E5FCC62002F0EEFC202002F0DFFC0020E9
:1067E00002F0DCFC172002F0D9FC002002F0D6FCFD
:1067F000012002F0D3FC002002F0D0FCC72002F000
:10680000D9FC002002F0CAFC002002F0C7FC0020E6
:1068100002F0C4FC002002F0C1FCC82002F0CAFC57
:10682000002002F0BBFC002002F0B8FC002002F0C7
:10683000B5FC002002F0B2FCC92002F0BBFC002035
:1068400002F0ACFC002002F0A9FC002002F0A6FC43
:10685000002002F0A3FC002002F0A0FC002002F0C7
:106860009DFC002002F09AFC002002F097FC002022
:1068700002F094FC002002F091FC002002F08EFC5B
:10688000002002F08BFC002002F088FC002002F0C7
:1068900085FC002002F082FC002002F07FFCE0205A
:1068A00002F088FC162002F079FC002002F076FC51
:1068B0001C2002F073FC002002F070FC212002F08A
:1068C0006DFC002002F06AFC362002F067FC00201C
:1068D00002F064FC462002F061FC002002F05EFC45
:1068E000522002F05BFC002002F058FC642002F011
:1068F00055FC002002F052FC7A2002F04FFC0020F0
:1069000002F04CFC8B2002F049FC002002F046FC17
:10691000992002F043FC002002F040FCA82002F085
:106920003DFC002002F03AFCB92002F037FC0020C8
:1069300002F034FCC42002F031FC002002F02EFCF6
:10694000CA2002F02BFC002002F028FCD22002F02A
:1069500025FC002002F022FCD92002F01FFC0020C0
:1069600002F01CFCE02002F019FC002002F016FCF2
:10697000F32002F013FC002002F010FCE12002F0F2
:1069800019FC162002F00AFC002002F007FC1C2073
:1069900002F004FC002002F001FC222002F0FEFBC9
:1069A000002002F0FBFB362002F0F8FB002002F092
:1069B000F5FB452002F0F2FB002002F0EFFB522035
:1069C00002F0ECFB002002F0E9FB642002F0E6FBA1
:1069D000002002F0E3FB7A2002F0E0FB002002F04E
:1069E000DDFB8B2002F0DAFB002002F0D7FB9920C0
:1069F00002F0D4FB002002F0D1FBA82002F0CEFB75
:106A0000002002F0CBFBB92002F0C8FB002002F00E
:106A1000C5FBC42002F0C2FB002002F0BFFBCA206D
:106A200002F0BCFB002002F0B9FBD22002F0B6FB62
:106A3000002002F0B3FBD82002F0B0FB002002F0EF
:106A4000ADFBE02002F0AAFB002002F0A7FBF32040
:106A500002F0A4FB002002F0A1FBE22002F0AAFB5E
:106A6000052002F09BFB002002F098FB0B2002F0B7
:106A700095FB002002F092FB1B2002F08FFB002010
:106A800002F08CFB342002F089FB002002F086FB30
:106A9000442002F083FB002002F080FB4F2002F034
:106AA0007DFB002002F07AFB612002F077FB0020E2
:106AB00002F074FB792002F071FB002002F06EFB03
:106AC000882002F06BFB002002F068FB972002F0A8
:106AD00065FB002002F062FBA62002F05FFB0020B5
:106AE00002F05CFBB72002F059FB002002F056FBDD
:106AF000C22002F053FB002002F050FBC72002F03E
:106B00004DFB002002F04AFBD12002F047FB0020A1
:106B100002F044FBD62002F041FB002002F03EFBD5
:106B2000DD2002F03BFB002002F038FBF32002F0F6
:106B300035FB002002F032FBE32002F03BFB052096
:106B400002F02CFB002002F029FB0A2002F026FBB9
:106B5000002002F023FB1C2002F020FB002002F0AA
:106B60001DFB332002F01AFB002002F017FB44202B
:106B700002F014FB002002F011FB502002F00EFB8B
:106B8000002002F00BFB622002F008FB002002F064
:106B900005FB782002F002FB002002F0FFFA8820BB
:106BA00002F0FCFA002002F0F9FA972002F0F6FA5F
:106BB000002002F0F3FAA62002F0F0FA002002F022
:106BC000EDFAB72002F0EAFA002002F0E7FAC2205C
:106BD00002F0E4FA002002F0E1FAC72002F0DEFA47
:106BE000002002F0DBFAD12002F0D8FA002002F0F7
:106BF000D5FAD52002F0D2FA002002F0CFFADD203B
:106C000002F0CCFA002002F0C9FAF32002F0C6FA32
:106C1000002002F0C3FAE42002F0CCFA012002F0D6
:106C2000BDFA002002F0BAFA012002F0B7FA002003
:106C300002F0B4FA022002F0B1FA002002F0AEFA3B
:106C40002A2002F0ABFA002002F0A8FA3C2002F061
:106C5000A5FA002002F0A2FA4B2002F09FFA0020D1
:106C600002F09CFA5D2002F099FA002002F096FAF8
:106C7000742002F093FA002002F090FA842002F0CF
:106C80008DFA002002F08AFA932002F087FA0020A1
:106C900002F084FAA22002F081FA002002F07EFACB
:106CA000B32002F07BFA002002F078FABE2002F056
:106CB00075FA002002F072FAC42002F06FFA002088
:106CC00002F06CFACD2002F069FA002002F066FAB8
:106CD000D32002F063FA002002F060FADD2002F017
:106CE0005DFA002002F05AFAF32002F057FA002071
:106CF00002F054FAE52002F05DFA002002F04EFAAC
:106D0000002002F04BFA002002F048FA002002F0C6
:106D100045FA022002F042FA002002F03FFA292050
:106D200002F03CFA002002F039FA3C2002F036FA78
:106D3000002002F033FA4B2002F030FA002002F07B
:106D40002DFA5D2002F02AFA002002F027FA7420C2
:106D500002F024FA002002F021FA842002F01EFA48
:106D6000002002F01BFA932002F018FA002002F033
:106D700015FAA22002F012FA002002F00FFAB32056
:106D800002F00CFA002002F009FABE2002F006FA26
:106D9000002002F003FAC42002F000FA002002F002
:106DA000FDF9CD2002F0FAF9002002F0F7F9D32026
:106DB00002F0F4F9002002F0F1F9DC2002F0EEF923
:106DC000002002F0EBF9F32002F0E8F9002002F0D5
:106DD000E5F9E62002F0EEF9112002F0DFF90020DB
:106DE00002F0DCF9342002F0D9F9002002F0D6F9E3
:106DF000562002F0D3F9002002F0D0F9762002F0FC
:106E0000CDF9002002F0CAF9772002F0C7F900207E
:106E100002F0C4F9662002F0C1F9002002F0BEF9C8
:106E2000882002F0BBF9002002F0B8F9992002F0A6
:106E3000B5F9002002F0B2F9BB2002F0AFF9002052
:106E400002F0ACF9992002F0A9F9002002F0A6F9AD
:106E5000662002F0A3F9002002F0A0F9552002F00C
:106E60009DF9002002F09AF9552002F097F90020D0
:106E700002F094F9452002F091F9002002F08EF919
:106E8000432002F08BF9002002F088F9442002F040
:106E900085F9002002F082F9E72002F08BF9322018
:106EA00002F07CF9002002F079F9552002F076F921
:106EB000002002F073F9762002F070F9002002F051
:106EC0006DF9662002F06AF9002002F067F9672088
:106ED00002F064F9002002F061F9672002F05EF927
:106EE000002002F05BF9872002F058F9002002F040
:106EF00055F9992002F052F9002002F04FF9BB2019
:106F000002F04CF9002002F049F9992002F046F90C
:106F1000002002F043F9772002F040F9002002F04F
:106F20003DF9442002F03AF9002002F037F95620EA
:106F300002F034F9002002F031F9232002F02EF99A
:106F4000002002F02BF9332002F028F9002002F093
:106F500025F9452002F022F9002002F01FF9E8206F
:106F600002F028F9002002F019F9002002F016F9C9
:106F7000992002F013F9002002F010F9872002F0A6
:106F80000DF9002002F00AF9882002F007F900202C
:106F900002F004F9772002F001F9002002F0FEF877
:106FA000662002F0FBF8002002F0F8F8882002F0DA
:106FB000F5F8002002F0F2F8AA2002F0EFF8002025
:106FC00002F0ECF8BB2002F0E9F8002002F0E6F84D
:106FD000992002F0E3F8002002F0E0F8662002F0C9
:106FE000DDF8002002F0DAF8552002F0D7F8002092
:106FF00002F0D4F8552002F0D1F8002002F0CEF8CB
:10700000442002F0CBF8002002F0C8F8442002F03F
:10701000C5F8002002F0C2F8552002F0BFF80020A9
:1070200002F0BCF8E92002F0C5F8AA2002F0B6F898
:10703000002002F0B3F8002002F0B0F8002002F0C7
:10704000ADF8002002F0B6F8AA2002F0A7F8CF2091
:1070500002F0B0F8002002F0A1F8002002F09EF843
:10706000002002F09BF8002002F098F8002002F0C7
:1070700095F8002002F092F8002002F08FF800202E
:1070800002F08CF8002002F089F8002002F086F867
:10709000002002F083F8002002F080F8002002F0C7
:1070A0007DF8002002F07AF8002002F077F8002046
:1070B00002F074F8002002F071F8F02002F07AF883
:1070C000002002F06BF8502002F068F8002002F077
:1070D00065F8002002F062F8002002F05FF8F3206B
:1070E00002F068F8002002F059F8F92002F062F886
:1070F000062002F053F8102002F050F8292002F088
:107100004DF8002002F04AF83A2002F053F85520DA
:1071100002F044F8112002F04DF86420F1F716F85F
:10712000292002F047F8352002F044F8002002F050
:1071300035F8512002F03EF8FF2002F02FF85320DE
:1071400002F038F82C2002F029F8552002F032F82D
:10715000822002F023F82C2002F02CF810BD10B58C
:1071600055214FF4704002F03BF8AA214FF2010084
:1071700002F036F852214FF2020002F031F80821F5
:107180004FF2030002F02CF801214FF2040002F04C
:1071900027F80D214FF4304002F022F80D214BF278
:1071A000010002F01DF80D214BF2020002F018F868
:1071B00034214FF4364002F013F834214BF20160D1
:1071C00002F00EF834214BF2026002F009F80D21B2
:1071D0004FF4314002F004F80D214BF2011001F0A0
:1071E000FFFF0D214BF2021001F0FAFF34214FF4A2
:1071F000374001F0F5FF34214BF2017001F0F0FF50
:1072000034214BF2027001F0EBFF00214FF43240C9
:1072100001F0E6FF00214BF2012001F0E1FF002127
:107220004BF2022001F0DCFF24214FF4384001F042
:10723000D7FF24214BF6010001F0D2FF24214BF6A9
:10724000020001F0CDFF01214FF43F4001F0C8FFE3
:107250000F214FF4334001F0C3FF0F214BF20130F7
:1072600001F0BEFF0F214BF2023001F0B9FF3421D3
:107270004FF4394001F0B4FF34214BF6011001F016
:10728000AFFF34214BF6021001F0AAFF08214FF4A2
:10729000354001F0A5FF08214BF2015001F0A0FF9D
:1072A00008214BF2025001F09BFF03214FF44240B2
:1072B00001F096FF24214FF43A4001F091FF242180
:1072C0004BF6012001F08CFF24214BF6022001F047
:1072D00087FF00214FF43C4001F082FF78214BF6FC
:1072E000014001F07DFF00214BF6024001F078FFE4
:1072F00000214FF43D4001F073FF78214BF601501F
:1073000001F06EFF00214BF6025001F069FF0021F1
:107310004FF43E4001F064FF64214BF6016001F040
:107320005FFF00214FF4514001F05AFF33214DF22D
:10733000011001F055FF00214DF2021001F050FF45
:1073400034214DF2031001F04BFF00214DF20410E7
:1073500001F046FF3A214DF2051001F041FF0021F6
:107360004DF2061001F03CFF4A214DF2071001F0EA
:1073700037FF00214DF2081001F032FF5C214DF281
:10738000091001F02DFF00214DF20A1001F028FF35
:1073900081214DF20B1001F023FF00214DF20C1062
:1073A00001F01EFFA6214DF20D1001F019FF002182
:1073B0004DF20E1001F014FFE5214DF20F1001F017
:1073C0000FFF01214DF2101001F00AFF13214DF2C1
:1073D000111001F005FF01214DF2121001F000FF24
:1073E00054214DF2131001F0FBFE01214DF2141057
:1073F00001F0F6FE82214DF2151001F0F1FE01219F
:107400004DF2161001F0ECFECA214DF2171001F0FA
:10741000E7FE02214DF2181001F0E2FE00214DF2CC
:10742000191001F0DDFE02214DF21A1001F0D8FE14
:1074300001214DF21B1001F0D3FE02214DF21C1070
:1074400001F0CEFE34214DF21D1001F0C9FE0221E3
:107450004DF21E1001F0C4FE67214DF21F1001F025
:10746000BFFE02214DF2201001F0BAFE84214DF240
:10747000211001F0B5FE02214DF2221001F0B0FE04
:10748000A4214DF2231001F0ABFE02214DF2241095
:1074900001F0A6FEB7214DF2251001F0A1FE022158
:1074A0004DF2261001F09CFECF214DF2271001F085
:1074B00097FE02214DF2281001F092FEDE214DF2DE
:1074C000291001F08DFE02214DF22A1001F088FEF4
:1074D000F2214DF22B1001F083FE02214DF22C100F
:1074E00001F07EFEFE214DF22D1001F079FE032108
:1074F0004DF22E1001F074FE10214DF22F1001F00C
:107500006FFE03214DF2301001F06AFE33214DF27F
:10751000311001F065FE03214DF2321001F060FEE2
:107520006D214DF2331001F05BFE00214FF452400B
:1075300001F056FE33214DF2012001F051FE0021F1
:107540004DF2022001F04CFE34214DF2032001F0F7
:1075500047FE00214DF2042001F042FE3A214DF297
:10756000052001F03DFE00214DF2062001F038FE1D
:107570004A214DF2072001F033FE00214DF2082090
:1075800001F02EFE5C214DF2092001F029FE0021C0
:107590004DF20A2001F024FE81214DF20B2001F072
:1075A0001FFE00214DF20C2001F01AFEA6214DF223
:1075B0000D2001F015FE00214DF20E2001F010FE0D
:1075C000E5214DF20F2001F00BFE01214DF21020BC
:1075D00001F006FE13214DF2112001F001FE012100
:1075E0004DF2122001F0FCFD54214DF2132001F068
:1075F000F7FD01214DF2142001F0F2FD82214DF240
:10760000152001F0EDFD01214DF2162001F0E8FDFD
:10761000CA214DF2172001F0E3FD02214DF218209E
:1076200001F0DEFD00214DF2192001F0D9FD02210B
:107630004DF21A2001F0D4FD01214DF21B2001F082
:10764000CFFD02214DF21C2001F0CAFD34214DF284
:107650001D2001F0C5FD02214DF21E2001F0C0FDEC
:1076600067214DF21F2001F0BBFD02214DF22020C9
:1076700001F0B6FD84214DF2212001F0B1FD02217F
:107680004DF2222001F0ACFDA4214DF2232001F0A7
:10769000A7FD02214DF2242001F0A2FDB7214DF2F9
:1076A000252001F09DFD02214DF2262001F098FDDC
:1076B000CF214DF2272001F093FD02214DF2282029
:1076C00001F08EFDDE214DF2292001F089FD02211D
:1076D0004DF22A2001F084FDF2214DF22B2001F021
:1076E0007FFD02214DF22C2001F07AFDFE214DF2AA
:1076F0002D2001F075FD03214DF22E2001F070FDCB
:1077000010214DF22F2001F06BFD03214DF23020AE
:1077100001F066FD33214DF2312001F061FD0321BE
:107720004DF2322001F05CFD6D214DF2332001F06D
:1077300057FD00214FF4534001F052FD33214DF22B
:10774000013001F04DFD00214DF2023001F048FD05
:1077500034214DF2033001F043FD00214DF204309D
:1077600001F03EFD3A214DF2053001F039FD0021D6
:107770004DF2063001F034FD4A214DF2073001F0A0
:107780002FFD00214DF2083001F02AFD5C214DF261
:10779000093001F025FD00214DF20A3001F020FDF5
:1077A00081214DF20B3001F01BFD00214DF20C3018
:1077B00001F016FDA6214DF20D3001F011FD002162
:1077C0004DF20E3001F00CFDE5214DF20F3001F0CD
:1077D00007FD01214DF2103001F002FD13214DF2A1
:1077E000113001F0FDFC01214DF2123001F0F8FCE6
:1077F00054214DF2133001F0F3FC01214DF214300D
:1078000001F0EEFC82214DF2153001F0E9FC01217E
:107810004DF2163001F0E4FCCA214DF2173001F0B0
:10782000DFFC02214DF2183001F0DAFC00214DF2AC
:10783000193001F0D5FC02214DF21A3001F0D0FCD4
:1078400001214DF21B3001F0CBFC02214DF21C3026
:1078500001F0C6FC34214DF21D3001F0C1FC0221C3
:107860004DF21E3001F0BCFC67214DF21F3001F0DB
:10787000B7FC02214DF2203001F0B2FC84214DF220
:10788000213001F0ADFC02214DF2223001F0A8FCC4
:10789000A4214DF2233001F0A3FC02214DF224304B
:1078A00001F09EFCB7214DF2253001F099FC022138
:1078B0004DF2263001F094FCCF214DF2273001F03B
:1078C0008FFC02214DF2283001F08AFCDE214DF2BE
:1078D000293001F085FC02214DF22A3001F080FCB4
:1078E000F2214DF22B3001F07BFC02214DF22C30C5
:1078F00001F076FCFE214DF22D3001F071FC0321E8
:107900004DF22E3001F06CFC10214DF22F3001F0C1
:1079100067FC03214DF2303001F062FC33214DF25F
:10792000313001F05DFC03214DF2323001F058FCA2
:107930006D214DF2333001F053FC00214FF45440DF
:1079400001F04EFC33214DF2014001F049FC0021D1
:107950004DF2024001F044FC34214DF2034001F0AD
:107960003FFC00214DF2044001F03AFC3A214DF277
:10797000054001F035FC00214DF2064001F030FCDD
:107980004A214DF2074001F02BFC00214DF2084046
:1079900001F026FC5C214DF2094001F021FC0021A0
:1079A0004DF20A4001F01CFC81214DF20B4001F028
:1079B00017FC00214DF20C4001F012FCA6214DF203
:1079C0000D4001F00DFC00214DF20E4001F008FCCD
:1079D000E5214DF20F4001F003FC01214DF2104072
:1079E00001F0FEFB13214DF2114001F0F9FB0121E2
:1079F0004DF2124001F0F4FB54214DF2134001F01E
:107A0000EFFB01214DF2144001F0EAFB82214DF21F
:107A1000154001F0E5FB01214DF2164001F0E0FBBD
:107A2000CA214DF2174001F0DBFB02214DF2184054
:107A300001F0D6FB00214DF2194001F0D1FB0221EB
:107A40004DF21A4001F0CCFB01214DF21B4001F038
:107A5000C7FB02214DF21C4001F0C2FB34214DF264
:107A60001D4001F0BDFB02214DF21E4001F0B8FBAC
:107A700067214DF21F4001F0B3FB02214DF220407F
:107A800001F0AEFB84214DF2214001F0A9FB02215F
:107A90004DF2224001F0A4FBA4214DF2234001F05D
:107AA0009FFB02214DF2244001F09AFBB7214DF2D9
:107AB000254001F095FB02214DF2264001F090FB9C
:107AC000CF214DF2274001F08BFB02214DF22840DF
:107AD00001F086FBDE214DF2294001F081FB0221FD
:107AE0004DF22A4001F07CFBF2214DF22B4001F0D7
:107AF00077FB02214DF22C4001F072FBFE214DF28A
:107B00002D4001F06DFB03214DF22E4001F068FB8A
:107B100010214DF22F4001F063FB03214DF2304064
:107B200001F05EFB33214DF2314001F059FB03219E
:107B30004DF2324001F054FB6D214DF2334001F023
:107B40004FFB00214FF4554001F04AFB33214DF229
:107B5000015001F045FB00214DF2025001F040FBC5
:107B600034214DF2035001F03BFB00214DF2045053
:107B700001F036FB3A214DF2055001F031FB0021B6
:107B80004DF2065001F02CFB4A214DF2075001F056
:107B900027FB00214DF2085001F022FB5C214DF241
:107BA000095001F01DFB00214DF20A5001F018FBB5
:107BB00081214DF20B5001F013FB00214DF20C50CE
:107BC00001F00EFBA6214DF20D5001F009FB002142
:107BD0004DF20E5001F004FBE5214DF20F5001F083
:107BE000FFFA01214DF2105001F0FAFA13214DF283
:107BF000115001F0F5FA01214DF2125001F0F0FAA6
:107C000054214DF2135001F0EBFA01214DF21450C2
:107C100001F0E6FA82214DF2155001F0E1FA01215E
:107C20004DF2165001F0DCFACA214DF2175001F066
:107C3000D7FA02214DF2185001F0D2FA00214DF28C
:107C4000195001F0CDFA02214DF21A5001F0C8FA94
:107C500001214DF21B5001F0C3FA02214DF21C50DC
:107C600001F0BEFA34214DF21D5001F0B9FA0221A3
:107C70004DF21E5001F0B4FA67214DF21F5001F091
:107C8000AFFA02214DF2205001F0AAFA84214DF200
:107C9000215001F0A5FA02214DF2225001F0A0FA84
:107CA000A4214DF2235001F09BFA02214DF2245001
:107CB00001F096FAB7214DF2255001F091FA022118
:107CC0004DF2265001F08CFACF214DF2275001F0F1
:107CD00087FA02214DF2285001F082FADE214DF29E
:107CE000295001F07DFA02214DF22A5001F078FA74
:107CF000F2214DF22B5001F073FA02214DF22C507B
:107D000001F06EFAFE214DF22D5001F069FA0321C7
:107D10004DF22E5001F064FA10214DF22F5001F077
:107D20005FFA03214DF2305001F05AFA33214DF23F
:107D3000315001F055FA03214DF2325001F050FA62
:107D40006D214DF2335001F04BFA00214FF45640B3
:107D500001F046FA33214DF2016001F041FA0021B1
:107D60004DF2026001F03CFA34214DF2036001F063
:107D700037FA00214DF2046001F032FA3A214DF257
:107D8000056001F02DFA00214DF2066001F028FA9D
:107D90004A214DF2076001F023FA00214DF20860FC
:107DA00001F01EFA5C214DF2096001F019FA002180
:107DB0004DF20A6001F014FA81214DF20B6001F0DE
:107DC0000FFA00214DF20C6001F00AFAA6214DF2E3
:107DD0000D6001F005FA00214DF20E6001F000FA8D
:107DE000E5214DF20F6001F0FBF901214DF2106029
:107DF00001F0F6F913214DF2116001F0F1F90121C2
:107E00004DF2126001F0ECF954214DF2136001F0D3
:107E1000E7F901214DF2146001F0E2F982214DF2FF
:107E2000156001F0DDF901214DF2166001F0D8F97D
:107E3000CA214DF2176001F0D3F902214DF218600A
:107E400001F0CEF900214DF2196001F0C9F90221CB
:107E50004DF21A6001F0C4F901214DF21B6001F0EE
:107E6000BFF902214DF21C6001F0BAF934214DF244
:107E70001D6001F0B5F902214DF21E6001F0B0F96C
:107E800067214DF21F6001F0ABF902214DF2206035
:107E900001F0A6F984214DF2216001F0A1F902213F
:107EA0004DF2226001F09CF9A4214DF2236001F013
:107EB00097F902214DF2246001F092F9B7214DF2B9
:107EC000256001F08DF902214DF2266001F088F95C
:107ED000CF214DF2276001F083F902214DF2286095
:107EE00001F07EF9DE214DF2296001F079F90221DD
:107EF0004DF22A6001F074F9F2214DF22B6001F08D
:107F00006FF902214DF22C6001F06AF9FE214DF269
:107F10002D6001F065F903214DF22E6001F060F94A
:107F200010214DF22F6001F05BF903214DF230601A
:107F300001F056F933214DF2316001F051F903217E
:107F40004DF2326001F04CF96D214DF2336001F0D9
:107F500047F955214FF4704001F042F9AA214FF240
:107F6000010001F03DF952214FF2020001F038F911
:107F700008214FF2030001F033F900214FF2040011
:107F800001F02EF9CC214FF4314001F029F9002104
:107F90004BF2011001F024F905214FF4364001F0B5
:107FA0001FF970214FF4374001F01AF970214BF29C
:107FB000017001F015F901214FF4384001F010F97A
:107FC00003214BF6010001F00BF903214BF60200EF
:107FD00001F006F903214BF6030001F001F902213B
:107FE0004FF43C4001F0FCF800214BF6014001F059
:107FF000F7F800214BF6024001F0F2F8D0214FF4DF
:10800000494001F0EDF802214CF6011001F0E8F8CA
:1080100050214CF6021001F0E3F850214CF6031009
:1080200001F0DEF850214CF6041001F0D9F80021DF
:108030004FF4545001F0D4F855214FF4685001F03A
:10804000CFF84FF4885001F0B5F87820F0F78AF8AF
:108050004FF4245001F0AEF810BD10B5E22001F04D
:10806000A9F81D2001F09AF8022001F097F80420E9
:1080700001F094F86420F0F775F8E02001F09AF828
:10808000012001F08BF80A20F0F760F8E02001F001
:1080900091F8032001F082F80C20F0F757F8012046
:1080A00001F088F80A20F0F751F8E62001F082F894
:1080B0002F2001F073F8FF2001F070F8FF2001F08D
:1080C0006DF8B02001F076F8202001F067F800206C
:1080D00001F064F8032001F061F840F21F3001F074
:1080E0005DF8012001F05AF840F2DF1001F056F877
:1080F000002001F053F8B42001F05CF8042001F0F6
:108100004DF840F21F4001F049F8002001F046F818
:108110002E2001F043F8002001F040F8002001F08B
:108120003DF8002001F03AF8002001F037F8B620C1
:1081300001F040F8022001F031F84FF4037001F033
:108140002DF8002001F02AF8172001F027F815205B
:1081500001F024F8002001F021F8002001F01EF8C1
:10816000F02001F027F8032001F018F8292001F091
:1081700021F8D02001F01EF8002001F00FF8BE20F9
:1081800001F018F8052001F009F8FE2001F006F8CA
:10819000012001F003F8002001F000F8002000F0B9
:1081A000FDFF002000F0FAFFB82001F003F80320E3
:1081B00000F0F4FF012000F0F1FFBA2000F0FAFF18
:1081C000012000F0EBFF10BD10B5112000F0F2FF10
:1081D0007820EFF7BBFF362000F0ECFF002000F026
:1081E000DDFF3A2000F0E6FF052000F0D7FFB220C7
:1081F00000F0E0FF0C2000F0D1FF0C2000F0CEFFDB
:10820000002000F0CBFF332000F0C8FF332000F047
:10821000C5FFB72000F0CEFF352000F0BFFFBB2028
:1082200000F0C8FF322000F0B9FFC02000F0C2FF0C
:108230000C2000F0B3FFC22000F0BCFF012000F0D2
:10824000ADFFC32000F0B6FF102000F0A7FFC42050
:1082500000F0B0FF202000F0A1FFC62000F0AAFF30
:108260000F2000F09BFFD02000F0A4FFA42000F01E
:1082700095FFA12000F092FFE02000F09BFFD020AE
:1082800000F08CFF002000F089FF022000F086FF44
:10829000072000F083FF0A2000F080FF282000F074
:1082A0007DFF322000F07AFF442000F077FF42206B
:1082B00000F074FF062000F071FF0E2000F06EFF4A
:1082C000122000F06BFF142000F068FF172000F070
:1082D00065FFE12000F06EFFD02000F05FFF00207E
:1082E00000F05CFF022000F059FF072000F056FF6D
:1082F0000A2000F053FF282000F050FF312000F04A
:108300004DFF542000F04AFF472000F047FF0E20A9
:1083100000F044FF1C2000F041FF172000F03EFF5A
:108320001B2000F03BFF1E2000F038FF2A2000F049
:1083300041FF002000F032FF002000F02FFF00205E
:1083400000F02CFFEF2000F029FF2B2000F032FF7F
:10835000002000F023FF002000F020FF012000F0AB
:108360001DFF3F2000F01AFF292000F023FF10BD61
:1083700010B5112000F01EFF7820EFF7E7FE362041
:1083800000F018FF482000F009FF3A2000F012FF2B
:10839000552000F003FFF02000F00CFFC32000F098
:1083A000FDFEF02000F006FF962000F0F7FEB4205E
:1083B00000F000FF012000F0F1FEB62000F0FAFE10
:1083C0000A2000F0EBFEA22000F0E8FEB72000F04B
:1083D000F1FEC62000F0E2FEB92000F0EBFE022024
:1083E00000F0DCFEE02000F0D9FEC02000F0E2FE4C
:1083F000802000F0D3FE162000F0D0FEC12000F057
:10840000D9FE192000F0CAFEC22000F0D3FEA7203A
:1084100000F0C4FEC52000F0CDFE162000F0BEFE28
:10842000E82000F0C7FE402000F0B8FE8A2000F0EF
:10843000B5FE002000F0B2FE002000F0AFFE2920C3
:1084400000F0ACFE192000F0A9FEA52000F0A6FE69
:10845000332000F0A3FEE02000F0ACFEF02000F09E
:108460009DFE072000F09AFE0D2000F097FE0420EC
:1084700000F094FE052000F091FE142000F08EFE26
:10848000362000F08BFE542000F088FE4C2000F0D7
:1084900085FE382000F082FE132000F07FFE1420BD
:1084A00000F07CFE2E2000F079FE342000F076FEF5
:1084B000E12000F07FFEF02000F070FE102000F0C0
:1084C0006DFE142000F06AFE0E2000F067FE0C2006
:1084D00000F064FE082000F061FE352000F05EFE32
:1084E000442000F05BFE4C2000F058FE262000F0F7
:1084F00055FE102000F052FE122000F04FFE2C20FE
:1085000000F04CFE322000F049FEF02000F052FE58
:108510003C2000F043FEF02000F04CFE692000F00B
:108520003DFE7820EFF712FE212000F043FE2920C7
:1085300000F040FE10BD00002DE9F04F05460E464C
:1085400017469846DDF824A04FF0000B781B401C1E
:108550001FFA80FB344613E02146284600F0D0FB8A
:1085600000F034FE4FF0000906E00749A1F800A032
:1085700009F101001FFA80F9D945F6DB601C84B2CD
:108580004445E9DDBDE8F08F8000006C00B595B092
:1085900000BF00BF00200190F848006840F0400094
:1085A000F64908600846006800F04000019000BFEE
:1085B00000BF00BF00BF00BF002001900846006858
:1085C00040F0080008600846006800F008000190CC
:1085D00000BF00BF00BF00BF00BF002001900846E1
:1085E000006840F0080008600846006800F00800D5
:1085F000019000BF00BF00BF00BF00BF002001907E
:108600000846006840F0400008600846006800F036
:108610004000019000BF00BF00BF00BF00BF0020AE
:1086200001900846006840F00200086008460068B3
:1086300000F00200019000BF00BF00BF881410903E
:108640000220119001201290022013900C2014900F
:1086500010A9CB48E9F758FA2020109010A9C94872
:10866000E9F752FA1020109010A9C648E9F74CFA21
:108670004FF48050109010A9C348E9F745FA4FF421
:10868000004010900120119010A9C048E9F73CFA71
:108690004FF02040BE490860BE4848600620886010
:1086A0000021BB48C1601021416100218161C1618D
:1086B00041624FF4805181620021C1624FF48041D8
:1086C00001630021416381630F20099000200A901B
:1086D0003C200B9000200F90092002900020039076
:1086E000092004900020089002AA09A9A848E9F7E7
:1086F0006DFF3220EFF72AFDD32000F05BFD00F084
:10870000D5F9A549888000F0D1F9A349888000F007
:10871000CDF9A1498880084680884FF6FF7101EAAB
:1087200000209D49888000F0C1F99B498988084351
:10873000994988800846808849F2413188427CD036
:10874000042000F037FD00F0B1F99349888000F073
:10875000ADF99149888000F0A9F98F4988800846D1
:1087600080884FF6FF7101EA00208B49888000F075
:108770009DF9894989880843874988800846808807
:1087800048F25251884203D147F289708249888069
:108790008148808847F289718842D0D0D42000F087
:1087A00009FD00F083F97C49888000F07FF97A495F
:1087B000888000F07BF978498880084680884FF6E9
:1087C000FF7101EA00207449888000F06FF9724956
:1087D00089880843704988800846808845F21031AE
:1087E0008842ACD0D32000F0E5FC00F05FF96A4984
:1087F000888000F05BF96849888000F057F9664985
:108800008880084680884FF6FF7101EA002062499F
:10881000888000F04BF96049898808435E49888068
:108820000846808847F29671884288D055214FF4D7
:10883000704000F0D5FCAA2100E07EE04FF201007C
:1088400000F0CEFC52214FF2020000F0C9FC0821DA
:108850004FF2030000F0C4FC01214FF2040000F0CD
:10886000BFFC4FF4454000F0A5FC00F01FF94A4959
:108870008880084680884FF6FF7101EA002046494B
:1088800088804CF2015000F095FC00F00FF942494D
:1088900089880843404988800520EFF757FC3E4807
:1088A000808845F21051884247D0D32000F082FCE6
:1088B00000F0FCF83849888000F0F8F836498880E4
:1088C00000F0F4F834498880084680884FF6FF713C
:1088D00001EA00203049888000F0E8F82E498988B4
:1088E00008432D4988800846808849F60601884259
:1088F00023D0A12000F05EFC00F0D8F82649888043
:1089000000F0D4F824498880084680884FF6FF712B
:1089100001EA00202049888000F0C8F81E498988B3
:1089200008431D4988800846808845F26171884265
:1089300003D141F66310184988801748818817A031
:10894000E7F7A6FD1448808847F28971884202D172
:10895000FFF73AFC4EE01048808849F241318842E6
:1089600002D1FDF7CDF945E00B48808845F2103182
:10897000884219D1FDF77AFC3CE000003038024013
:1089800000180240000C02400014024000040240A3
:108990002C040020040100A07C0400204C4344204F
:1089A00049443A25780D0A003A48808847F2967182
:1089B000884202D1FFF7DCFC1CE03648808845F293
:1089C0001051884202D1FEF7CAFB13E0314880887B
:1089D00049F60601884202D1FDF7A8FA0AE02D48BF
:1089E000808841F66311884204D1FFF736FB64208A
:1089F00000F0A4FB2748808847F2897188420BD099
:108A00002448808849F24131884205D02148808835
:108A100041F6631188420AD10320029004901E4956
:108A20000B6B8A68486802A9E8F790FF21E01948B3
:108A3000808845F21031884211D01648808847F26C
:108A4000967188420BD01348808845F210518842B5
:108A500005D01048808849F60601884209D10220D5
:108A6000029004900C490B6B8A68486802A9E8F7E9
:108A70006DFF0020FCF7AAFF00BF0122D1030748C9
:108A8000E9F756F900BF4FF6FF70FCF785FF15B008
:108A900000BD00007C0400202C04002000040240E3
:108AA00000BF011EA0F10100FBD1704708B50220F4
:108AB000FFF7F6FF024800880090BDF8000008BDEF
:108AC0008000006CF0B50546002400278B488079B3
:108AD000012805D18948808841F66311884208D170
:108AE00086488079F0B98548808841F663118842CC
:108AF00018D1082D15D2DFE805F00406080A0C0E7F
:108B0000101206250DE007250BE0042509E00525D8
:108B100007E0012505E0002503E0032501E002252B
:108B200000BF00BF082D1CD2DFE805F00406090CC9
:108B30000F12151800BF14E044F0800411E044F057
:108B400040040EE044F0C0040BE044F0200408E0D0
:108B500044F0600405E044F0A00402E044F0E004C6
:108B600000BF00BF36276548808845F21051884213
:108B700000D13F026148808849F2413188420BD0E0
:108B80005E48808847F28971884205D05B488088BA
:108B900047F29671884201D144F0080421463846D4
:108BA00000F01EFB5548808841F6631188421DD0B5
:108BB00004F0200068B15148008850494988884233
:108BC00014DA4E48068840884C490880084646809A
:108BD0000CE04A48008849494988884206DD4748F0
:108BE0000688408845490880084646804348808872
:108BF00045F21051884252D14049488900F0DAFAD2
:108C0000002000F0CBFA3D494989491C88B200F0A8
:108C1000D1FA002000F0C2FA38494989891C88B28B
:108C200000F0C8FA35490988491EC1F30F2000F049
:108C3000B5FA32494989C91C88B200F0BBFA2F49FC
:108C40000978491EC8B200F0A9FA2C49888900F0B9
:108C5000B1FA002000F0A2FA28498989491C88B29B
:108C600000F0A8FA002000F099FA24498989891CAB
:108C700088B200F09FFA21494988491EC1F30F20AC
:108C800000F08CFA1D498989C91C88B200F092FA5B
:108C90001A498978491EC8B200F080FA2DE01749B8
:108CA000488900F087FA002000F078FA002000F0F0
:108CB00075FA12490988491EC1F30F2000F06EFAB7
:108CC0000E490978491EC8B200F068FA0B49888934
:108CD00000F070FA002000F061FA002000F05EFA67
:108CE00006494988491EC1F30F2000F057FA03498D
:108CF0008978491EC8B200F051FAF0BD7C0400200A
:108D000010B502460C464548808841F663118842FA
:108D100047D142488079A8B940480088401E801A4F
:108D200082B23E49488900F045FA002000F036FA48
:108D3000002000F033FA101200F030FAD0B200F048
:108D40002DFA16E03549488900F034FA101200F087
:108D500025FAD0B200F022FA30490988491EC1F341
:108D60000F2000F01BFA2D490978491EC8B200F007
:108D700015FA2A49888900F01DFA201200F00EFA2F
:108D8000E0B200F00BFA25494988491EC1F30F20D3
:108D900000F004FA21498978491EC8B200F0FEF9B2
:108DA0003AE01E48808845F21051884220D11B4984
:108DB000488900F0FFF9101200F0F0F917494989CD
:108DC000491C88B200F0F6F9D0B200F0E7F9134977
:108DD000888900F0EFF9201200F0E0F90F49898945
:108DE000491C88B200F0E6F9E0B200F0D7F913E0D0
:108DF0000A49488900F0DEF9101200F0CFF9D0B22C
:108E000000F0CCF90549888900F0D4F9201200F06F
:108E1000C5F9E0B200F0C2F910BD00007C040020EA
:108E20002DE9F04104460D461E46A018401E87B2AB
:108E3000A819401E1FFA80F85448808841F6631133
:108E4000884231D15148807901282DD04F4800887F
:108E5000801A001B84B2A819401E86B24B4948896B
:108E600000F0A8F9201200F099F9E0B200F096F9AC
:108E7000A118491EC1F30F2000F090F9A118491E56
:108E8000C8B200F08BF94149888900F093F92812A3
:108E900000F084F9E8B200F081F9301200F07EF9B8
:108EA000F0B200F07BF96EE03848808845F210514E
:108EB000884246D13549488900F07CF9201200F0FB
:108EC0006DF932494989491C88B200F073F9E0B262
:108ED00000F064F92D494989891C88B200F06AF9CB
:108EE000381200F05BF929494989C91C88B200F0A1
:108EF00061F9F8B200F052F92449888900F05AF972
:108F0000281200F04BF921498989491C88B200F0E8
:108F100051F9E8B200F042F91C498989891C88B2EC
:108F200000F048F94FEA282000F038F917498989FC
:108F3000C91C88B200F03EF908F0FF0000F02EF9DD
:108F400021E01249488900F035F9201200F026F995
:108F5000E0B200F023F9381200F020F9F8B200F086
:108F60001DF90A49888900F025F9281200F016F940
:108F7000E8B200F013F94FEA282000F00FF908F0EA
:108F8000FF0000F00BF9BDE8F08100007C04002038
:108F90002DE9FC4F80460E4615461C46B346002080
:108FA000019000902046E31704EB5373DB10214639
:108FB0004FEAE47C04EB5C7C4FEAEC0CA4EBCC0CB9
:108FC000BCF1000F02D04FF0010C01E04FF0000C9B
:108FD0006344224604EBD27C4FEA6C0C03FB0CF397
:108FE000DBB20193A5F12000C5B20C2C06D0102CE9
:108FF0000BD0182C0ED0202C18D112E005EB450018
:109000002D4901EB8000009012E02C4800EB051088
:1090100000900DE005EBC500294901EB80000090B0
:1090200006E0284800EB8510009001E0BDE8FC8FC9
:1090300000BF00273AE0009810F807904FF0000AB0
:109040002EE009F0800028B1314640460C9AFCF72A
:1090500047FE07E00B9828B91B4831460268404696
:10906000FCF73EFE4FEA49604FEA1069701C86B279
:1090700016484088B04200DCD8E7A6EB0B00A042BF
:109080000AD15E4608F101001FFA80F80F480088F7
:10909000404500DCCAE706E00AF1010000F0FF0AE3
:1090A000BAF1080FCDDB00BF781CC7B20198874228
:1090B000C1DB00BFBAE700001E890308928D0308D8
:1090C00082930308DEA003082C0000207C0400200B
:1090D0002DE9FC4F04460D4690469946DDE90C7A91
:1090E0000B9E04F0FF0B08EB04001FFA80F809EB5D
:1090F00005001FFA80F917E0444502DB5C46A81919
:1091000085B24D4500DB15E00020CDE9000A3A7834
:10911000334629462046FFF73BFF304606EBD07129
:1091200004EB61018CB27F1C38787E2802DC387831
:109130002028E1DA00BFBDE8FC8F000070B52DEDFE
:10914000048B0446BE2000F035F8052000F026F818
:1091500020461FF04DFA41EC190B9FED0E0B53EC1E
:10916000102B1FF095FA41EC180B1FF0FDF985B29A
:10917000284600F013F8012000F010F8FF2000F05E
:109180000DF8002000F00AF8002000F007F8BDEC10
:10919000048B70BD666666666666044001B5BDF800
:1091A00000000090BDF800000149088008BD0000E3
:1091B0008000006C01B5BDF800000090BDF8000013
:1091C0000149088008BD00007E00006C024800894B
:1091D00002490880704700007C0400207E00006C7B
:1091E000034A10804FF0D842A2F880107047000068
:1091F0007E00006C00B587B000BF00BF002001906A
:109200002048006840F020001E49086008460068B9
:1092100000F02000019000BF00BF00BF00BF00BFF2
:10922000002001900846006840F0200008600846D1
:10923000006800F02000019000BF00BF00BF48158B
:1092400002900120039004900220059002A90E488C
:10925000E8F75AFC4FF48060029002A90A48E8F748
:1092600053FC00BF012251020748E8F761FD00BF2F
:1092700000BF012291020448E8F75AFD00BF07B081
:1092800000BD0000303802400014024000BF0AE078
:1092900000BF4FF400710448E8F740FD00BF4FF4F1
:1092A0007A701DF067FEF3E7001402402DE9F04FDD
:1092B00085B007468B4691461E460E9DE86900FB29
:1092C0000BF080120490E86900280DDD04984845F1
:1092D00016DD95F82800C0F3400018B1012005B054
:1092E000BDE8F08F0020FAE70498484508DA95F8C1
:1092F0002800C0F3400008B10120F0E70020EEE7AD
:109300000BEB0601E869484380120490E8690028E5
:109310000BDD0498484514DA95F82800C0F34000A6
:1093200008B10020DBE70120D9E70498484508DDB3
:1093300095F82800C0F3400008B10020CFE70120D5
:10934000CDE7E869002806DD4FEA0920A96948430E
:109350008012039006E009F101000002A969484368
:10936000801203900398001202900398C0B20190FB
:10937000019810B94FF0FF0807E00198C0F1FF0015
:10938000696A4843FF21A1EB20280298A0EB0B0457
:109390000198D8B1002C18DBB44216DA0198C0F15C
:1093A000FF00C8F1FF014843FF21A1EB602000F05E
:1093B000FF0A95F82800C0F3400008B1CAF1FF0A7F
:1093C000385D514616F0B5FC3855641C1BE0002C86
:1093D00012DBB44210DAA88CA8EB600000F0FF0AA0
:1093E00095F82800C0F3400008B1CAF1FF0A385DC3
:1093F000514616F09EFC3855686AA8EB0008641CBC
:10940000B44200DB02E0686A4045E0DB00BFB442E2
:109410001DDA002C1BDBA86900FB08F0801200900D
:10942000009800FB08F0C0F3472AE869002801DA39
:10943000CAF1FF0A95F82800C0F3400008B1CAF14C
:10944000FF0A385D514616F074FC385500BF95F898
:109450002800C0F3400068B10298A0EB0B04B442AE
:1094600001DD00203BE7002C0FDB214638460CF0E5
:1094700080F80AE0641C002C01DA00202FE7B442D7
:1094800003DC311B38190CF074F8022027E72DE9B2
:10949000FF4F87B007468A461E46149DA869099962
:1094A000484380120690A869002802DD0698401CF7
:1094B0000690069850450ADA95F82800C0F3400057
:1094C00018B101200BB0BDE8F08F0020FAE7A869C1
:1094D00009994843801206900AEB060106988142DA
:1094E00008DA95F82800C0F3400008B10020E9E749
:1094F0000120E7E709980002A96948438012059016
:1095000005984FEA202B0598C0B204900998401C9A
:109510000002A96948438012039003980012029048
:109520000398C0B20190ABEB0A040298834509D0BE
:10953000A869002806DA049820B9FF200490DDF815
:1095400008B0641E0298834534D1002C12DBB4426B
:1095500010DA019904980844C0F3470895F82800E8
:10956000C0F3400008B1C8F1FF08385D414616F06D
:10957000E0FB3855641C95F82800C0F3400060B14A
:10958000ABEB0A04B44201DB00209BE7002C03DBB9
:10959000214638460BF0EDFFC9E0B44200DD344609
:1095A0000CB900208EE7002CF6DD311B38190BF0CA
:1095B000E0FFBCE0A86900285ADAE8694042049953
:1095C00048434FEAA029002C12DBB44210DA049879
:1095D00009FB00F0C0F3472895F82800C0F34000CD
:1095E00008B1C8F1FF08385D414616F0A2FB3855B6
:1095F000641EC9F1FF00A9694942484380120090E6
:10960000002C16DBB44214DAC9F1FF00009948437C
:10961000FF21A1EB602000F0FF0895F82800C0F3BF
:10962000400008B1C8F1FF08385D414616F081FBE3
:109630003855A41C95F82800C0F3400068B1ABEB86
:109640000A00441EB44201DD344610E0002C0EDD59
:10965000214638460BF08DFF09E0B44201DD0120C0
:1096600030E7002C03DB311B38190BF082FF5DE083
:109670000498C0F1FF00E96948434FEAA029002C93
:1096800017DBB44215DA0498C0F1FF0000FB09F0C3
:10969000FF21A1EB602000F0FF0895F82800C0F33F
:1096A000400008B1C8F1FF08385D414616F041FBA3
:1096B0003855641CC9F1FF00A96948438012009025
:1096C000002C13DBB44211DAC9F1FF0000994843C2
:1096D000C0F3472895F82800C0F3400008B1C8F14E
:1096E000FF08385D414616F024FB3855641C95F898
:1096F0002800C0F3400060B1ABEB0A04B44201DDC6
:109700000020DFE6002C10DB214638460BF031FF4D
:109710000BE0B44200DD34460CB90020D2E6002C48
:1097200003DD311B38190BF024FF00BF00BF0220FE
:10973000C8E62DE9F843044627467D6AA84609F0A5
:10974000D3FC0646C6B1304609F023FD012804D0FB
:10975000304609F01EFD03280ED16946304609F057
:10976000DDFCBDF902102846F8F7F0FDA8F83A0034
:1097700020460FF0DEFF00BFBDE8F8832DE9FC476F
:109780000546A846D8F824703C4609F0ADFC814651
:10979000484609F0FEFC04280ED1E08E20873846AA
:1097A0000DF028FE8246504608F0EEF918B100216F
:1097B000504608F08CFA00BF484609F0EAFC012840
:1097C00004D0484609F0E5FC03280CD16946484618
:1097D00009F0A4FCBDF902103846F8F7B7FDE086A1
:1097E000E08E208700BF384606F06DFEA06A10B9F3
:1097F00038460FF09EFFE08E019001AA1C213846EA
:1098000007F0D2FA0646012E02D03046BDE8FC87AA
:109810000120FBE72DE9F04105460E464FF0000818
:109820001148EAF7CCFF044618E021460E48EAF753
:10983000DEFF07462068A84200D075B96068B042D4
:1098400000D056B921460848EBF738F820460BF00F
:1098500079FCECF707FB4FF001083C46002CE4D103
:109860004046BDE8F0810000D0C5002070B5064636
:109870000D460B48EAF7A3FF04460DE02068B0420E
:1098800005D16068A84200D00DB9204670BD2146C0
:109890000348EAF7ACFF0446002CEFD10020F5E7BF
:1098A000D0C5002010B50446402120460BF061FED3
:1098B0004FF4FA70A0620020E06164206062012031
:1098C000A0870548A06194F83E0020F00100401CEC
:1098D00084F83E0010BD000063990108F8B5044605
:1098E0004FF48060009000231946D4E90A200BF061
:1098F00047FB06464FF480604FF46E73322200211E
:109900000090304601F096F90746E169606A401A16
:1099100000FB07F5AD12E06905442846F8BDF8B52F
:1099200004464FF48060009000231946D4E90A20D1
:109930000BF026FB06464FF4806040F2B6334FF43E
:10994000617200210090304601F074F90746E16928
:10995000606A401A00FB07F5AD12E069054428462D
:10996000F8BDF8B504464FF4806000900023194616
:10997000D4E90A200BF004FB0646E169606A401A4C
:1099800000FB06F5AD12E06905442846F8BD014626
:10999000D1E90A20904201DB486A7047C869FCE7B8
:1099A0004A42C262704741607047416070474160FF
:1099B00070474160704741607047816170478161C5
:1099C000704741637047C1607047C16070478187CD
:1099D000704781627047816270478162704781621F
:1099E0007047C161016242627047C16101624262B7
:1099F0007047C161016242627047C16101624262A7
:109A00007047C16101624262704701607047016046
:109A100070470160704730B503468D1A002D01DD97
:109A20008D1A00E0551A2C464FF47A756543B5FB44
:109A3000F3F000B9401C30BD70B50546686818B138
:109A4000D5E90001FFF7E6FE2148EAF72BFF18B140
:109A500014F0A7FF1F4908601D48EAF7E3FE04461B
:109A600000BF1CB900BF00BF00BFFEE700BF0CB9BC
:109A7000002070BD4022294620460BF0ECFB2868F0
:109A8000A84200D124601448017814F83E0F61F315
:109A90008200207014F83E0900F00100A0B1206996
:109AA00050B12046216988470646E0693044E061AC
:109AB000606A3044606200BF606828B1206818B1F5
:109AC000D4E90002E1699047ECF7CCF92046D0E7F1
:109AD000D0C500209C020020A102002070B50646DF
:109AE0000C4625460020A884872068852D20A8855F
:109AF0008720E88440002885A88E20F00600A886EC
:109B00004FF40040E885A88E20F008000830A886B1
:109B10000020288664206886A88E20F00100A88690
:109B20004FF43470E88614F03CFFA863288D00B22F
:109B3000A887022120460CF007F94FF44071204617
:109B40000CF01EFE0D21204610F0F6FE70BD000048
:109B50002DE9F04FABB08346584607F01FF9824617
:109B60005446584607F0C1F82A9028AA29A9504619
:109B7000F8F775FA16A82A990DF0E6F8BDF9A000D5
:109B8000002831DD12A803F0F2FC12AA0021504691
:109B90000FF084FA0020239063481790002018905B
:109BA00029A81F90BDF9A000ADF8940012A81E903E
:109BB00016AA1A21504607F0F7F8A08DA18C084488
:109BC00080B2618DA28C114489B2CDE90010BDF83C
:109BD000940083B229AA12A92A9803F0AAFC16AA13
:109BE0001B21504607F0E0F84FF4003150460EF0CC
:109BF0009EFD06464FF4003150460EF041FE0746EA
:109C00004FF4003150460EF0FEFE80464FF4003116
:109C100050460EF0AFFC0546BE4201DD304600E086
:109C20003846A84501DD414600E02946884205DD69
:109C3000BE4201DD304606E0384604E0A84501DDBD
:109C4000404600E02846BDF8A010081A0FFA80F937
:109C5000B9F1000F3BDD12A803F089FC12AA4FF402
:109C6000003150460FF01AFA4FF4003023902E487E
:109C700017900120189029A81F90ADF8949012A871
:109C80001E9016AA1A21504607F08EF8BDF94A0018
:109C9000BDF99410884203DDBDF89400ADF84A0088
:109CA000208DA18C084480B2E18CA28C114489B231
:109CB000CDE90010BDF8940083B229AA12A92A9810
:109CC00003F037FC16AA1B21504607F06DF810ABC5
:109CD000BDF9A02029A95046F8F7A6FC02A805F076
:109CE000BDFA02AA4FF4403150460FF073FB4FF417
:109CF000403023900C4817900220189010A819901B
:109D000002A81A9016AA1A21504607F04DF810AA78
:109D100002A92A9805F086FA16AA1B21504607F0D8
:109D200043F82BB0BDE8F08F307204082DE9F34FF3
:109D30008DB0FB480E990DF02DFA0C900C9801286F
:109D400002D00FB0BDE8F08F0E9806F0C6FF0646B1
:109D50000E9807F023F80B900E9807F01FF80446B2
:109D6000022E7DD109F0C0F90A900A9800B9E8E7FF
:109D70000A9809F00EFA09900998012800D0E0E746
:109D800008A90A9809F0CAF906AA07A90B98F8F7D2
:109D900066F9BDF82000BDF81C10401A00B2ADF8FD
:109DA0002000BDF82200BDF81E10401A00B2ADF828
:109DB000220094F8340000F0010000284BD14FF449
:109DC00000310B980EF0CAF90190BDF818100198F7
:109DD000081A00B206904FF480310B980FF00CF97E
:109DE00030B1BDF818100198081A00B2069015E0BD
:109DF000BDF91810CA1701EB92729310019A9342A1
:109E000006DDBDF91800C21700EB9272921000E057
:109E1000019ABDF818309A1A12B20692BDF91800CC
:109E2000012801DA01200690BDF8200010FB00F0A7
:109E3000BDF8221011FB0100BDF8181011FB01F153
:109E4000884207DDA08E20F00100401CA08614F09F
:109E5000A8FDA06300BF94F8340000F0010000E00A
:109E6000BBE000B96DE7BDF8200018B9BDF82200CD
:109E700000B966E7A08D0FFA80FAA08D618D884247
:109E800004DAA08D00F5B4700FFA80FABDF9201045
:109E9000BDF9220000F0AFFC05B2A08C281A05B273
:109EA000608D281A05B2002D02DA05F5B47005B2EE
:109EB000608DAAEB00000FFA80FBA08F618D401A25
:109EC00000B205900598281A07B2002F01DD384628
:109ED00000E07842B0F58C7F08DD94F83400C0F3E0
:109EE000C00008B1002510E05D460EE00BEBDB7111
:109EF000B5EB610F05DAA08E20F008000830A086CF
:109F000003E0A08E20F00800A0860598281A07B26A
:109F1000A06B14F039FD0490E18E049841434FF496
:109F20007A70B1FBF0F00FFA80F94F4501DD4F4632
:109F300006E0C9F10000874202DAC9F1000007B269
:109F40000598384405B2B4F93200B4F93010401A1B
:109F5000618DAAEB0101C90091FBF0F00390039819
:109F6000001D001103900398284405B2608D284419
:109F700005B2B4F92E000290B4F932000090B4F9A1
:109F80003030618D524628460AF0FAFF0FFA80F809
:109F90000B9800F04BF9404513D014F002FDA0637C
:109FA00041460B9800F07BFA0298804509D00022C8
:109FB0001C210B9806F0F8FE0C900C98012800D09C
:109FC000BFE6B4F93000404503D0B4F93200404553
:109FD00002D114F0E6FCA06326E1082E01D0032E86
:109FE00019D1A08E20F00100A0860B980DF002FA86
:109FF0008046404607F0C8FD074609F075F88146DF
:10A0000009F0C7F80546042D04D11FB100214046D0
:10A0100007F05DFE08E10D2E31D10E9806F0BBFE73
:10A020000578B4F92E70132D01D0112D0AD10B989B
:10A0300000F0FCF8401C0FFA80F841460B9800F045
:10A040002EFA0DE0142D01D0122D09D10B9800F03D
:10A05000EDF8401E0FFA80F841460B9800F01FFA09
:10A06000B4F92E00B84209D000221C210B9806F04A
:10A070009BFE0C900C98012800D062E6D4E0112ED3
:10A0800050D10E9806F087FE074609AA0AA90B9838
:10A09000F7F7E5FF00250B98806818B10B988068EA
:10A0A000B0F9145000210B980EF058F8804608EBD8
:10A0B0000500BDF82410081A00B20990BDF82A0066
:10A0C000BDF82410084400B20090BDF828000844F0
:10A0D00003B2BDF82A00401A02B2BDF82800401AA7
:10A0E00001B207A800F074FB47F6FF7207A83968B1
:10A0F000E9F7D9F910B10020387122E608EB4500E4
:10A1000002B208EB450001B207A800F03FFB47F69A
:10A11000FF7207A83968E9F7C6F9387184E00000D2
:10A1200030720408132E7AD100210B980EF0FFFA3A
:10A130000A9000210B980EF0A3FB099000210B98C8
:10A140000EF061FC089000210B980EF013FA0790B6
:10A15000DDE90910884201DD0A9A00E0099ADDE98B
:10A160000710884201DD089800E00798824207DD69
:10A17000DDE90910884201DD0A9808E0099806E047
:10A18000DDE90710884201DD089800E00798069095
:10A190004FF440310B980EF0CAFA80464FF440312C
:10A1A0000B980EF06DFB81464FF440310B980EF08A
:10A1B0002AFC82464FF440310B980EF0DBF907463B
:10A1C000C84501DD404600E04846BA4501DD51463C
:10A1D00000E03946884205DDC84501DD404606E01D
:10A1E000484604E0BA4501DD504600E03846801C90
:10A1F0000FFA80FB0E9806F0CEFD0546B5F900106B
:10A200000698ABEB0000814203DDB5F9000003E0E6
:10A2100005E00698ABEB000000B2288004E0152EA4
:10A2200002D10E98FFF794FC00BF8AE5014600BFFB
:10A2300000BFB1F92E00704770B505460E461446B2
:10A240002146284600F094F83146284600F0E1F80F
:10A2500070BD70B505460E4614462146284600F0EE
:10A2600005F83146284600F042F870BD2DE9F0416E
:10A2700080460F4600BF00BF4646B7F5B47F02DDFB
:10A28000A7F5B47087B2B08D718D401A04B2708D8D
:10A29000381A05B2002C02DA04F5B47004B2002DAD
:10A2A00002DA05F5B47005B2281B002801DD281B71
:10A2B00000E0601BB42803DD40460FF03AFA10E0DE
:10A2C000A54206DAB28D002339464046FAF7C2FDB0
:10A2D00007E0AC4205DAB18D00233A464046FAF772
:10A2E000B9FDB78540461DF0BBF8BDE8F0812DE90A
:10A2F000F04180460F4600BF00BF4646B7F5B47F29
:10A3000002DDA7F5B47087B2B08D718D401A04B22A
:10A31000B08DC01B05B2002C02DA04F5B47004B293
:10A32000002D02DA05F5B47005B2281B002801DD06
:10A33000281B00E0601BB42803DD40460FF0F9F94C
:10A3400010E0A54206DA718D00233A464046FAF73E
:10A3500081FD07E0AC4205DA728D002339464046A4
:10A36000FAF778FD778540461DF07AF8BDE8F08170
:10A370002DE9F04180460F4600BF00BF4646B7F5C5
:10A38000B47F02DDA7F5B47087B2308DF18C401A2E
:10A3900004B2F08C381A05B2002C02DA04F5B4705D
:10A3A00004B2002D02DA05F5B47005B2281B0028AE
:10A3B00001DD281B00E0601BB42803DD40460FF0E0
:10A3C000B8F912E0A54207DA328D4FF4003339466E
:10A3D0004046FAF73FFD08E0AC4206DA318D4FF413
:10A3E00000333A464046FAF735FD4046FAF798FD05
:10A3F00037854046FAF794FDBDE8F08170B5044614
:10A400000D4600BF00BF2646B58420460FF091F9E7
:10A4100070BD2DE9F04180460F4600BF00BF4646A3
:10A42000B7F5B47F02DDA7F5B47087B2308DF18C3B
:10A43000401A04B2308DC01B05B2002C02DA04F5BC
:10A44000B47004B2002D02DA05F5B47005B2281B11
:10A45000002801DD281B00E0601BB42803DD404616
:10A460000FF067F912E0A54207DAF18C4FF40033E0
:10A470003A464046FAF7EEFC08E0AC4206DAF28CC7
:10A480004FF4003339464046FAF7E4FC4046FAF709
:10A4900047FDF7844046FAF743FDBDE8F0812DE91A
:10A4A000F04107460D4600BF00BF3C46B4F92E0000
:10A4B000A84201D1BDE8F081B4F93200A84202DA25
:10A4C000B4F9320000E028460646B4F93000B04244
:10A4D00002DDB4F9300000E030460646B4F92E0043
:10A4E000B04200D1E6E7E68538461CF0B9FF00BF70
:10A4F000E0E70A8802804A8842808A888280CA8887
:10A50000C28070470A8802804A8842808A88828096
:10A51000CA88C28070470A8802804A8842808A8836
:10A520008280CA88C28070470A8802804A88428036
:10A530008A888280CA88C28070470A8802804A88D6
:10A5400042808A888280CA88C28070470A880280D6
:10A550004A8842808A888280CA88C28070470A8876
:10A5600002804A8842808A888280CA88C280704776
:10A570000A8802804A8842808A888280CA88C2808B
:10A5800070470A8802804A8842808A888280CA8806
:10A59000C28070470A8802804A8842808A88828006
:10A5A000CA88C28070470A8802804A8842808A88A6
:10A5B0008280CA88C28070470146C8884A88801A4B
:10A5C000401C00B270470146C8884A88801A401C67
:10A5D00000B270470146C8884A88801A401C00B201
:10A5E00070470146C8884A88801A401C00B27047EC
:10A5F0000146C8884A88801A401C00B2704701464C
:10A60000C8884A88801A401C00B270470146C88832
:10A610004A88801A401C00B270470146C8884A88A0
:10A62000801A401C00B270470146C8884A88801AC8
:10A63000401C00B270470146C8884A88801A401CF6
:10A6400000B270470146C8884A88801A401C00B290
:10A6500070470146C8884A88801A401C00B270477B
:10A660000146C8884A88801A401C00B270470146DB
:10A67000C8884A88801A401C00B2704710B501464D
:10A68000B1F90420B1F90030D21A521CB1F90630E8
:10A69000B1F902401B1B5B1C02FB03F010BD01461D
:10A6A00088880A88801A401C00B270470146888852
:10A6B0000A88801A401C00B27047014688880A88C0
:10A6C000801A401C00B27047014688880A88801AA8
:10A6D000401C00B27047014688880A88801A401CD6
:10A6E00000B27047014688880A88801A401C00B270
:10A6F0007047014688880A88801A401C00B270475B
:10A70000014688880A88801A401C00B270470146BA
:10A7100088880A88801A401C00B2704701468888E1
:10A720000A88801A401C00B27047014688880A884F
:10A73000801A401C00B27047014688880A88801A37
:10A74000401C00B27047014688880A88801A401C65
:10A7500000B27047014688880A88801A401C00B2FF
:10A760007047014688880A88801A401C00B27047EA
:10A77000014688880A88801A401C00B2704701464A
:10A7800088880A88801A401C00B2704703885B1AC8
:10A790001BB2038083880B441BB2838043889B1ABF
:10A7A0001BB24380C38813441BB2C3807047038825
:10A7B0000B441BB2038083880B441BB28380438805
:10A7C00013441BB24380C38813441BB2C380704739
:10A7D00010B5029C018042808380C48010BD4288F5
:10A7E0000A44521E12B2C280704702880A44521EA6
:10A7F00012B282807047F0B506460D460024002E46
:10A8000002DA601CC4B276423746002D02DAA01C80
:10A81000C4B26D42AC46674509D9CCEB0C1000EBD5
:10A820004000B0FBF7F304F11000C4B205E0C7EB41
:10A83000071000EB4000B0FBFCF30022D9B2162950
:10A8400010DD2C2901DC501CC2B2292901DC501C6E
:10A85000C2B2252901DC501CC2B2202912DC501CD6
:10A86000C2B20FE0022901DB501CC2B2062901DB93
:10A87000501CC2B20A2901DB501CC2B20F2901DBF5
:10A88000501CC2B2134404F0100008B1C3F15A03C3
:10A8900004F0020038B104F0010008B1B43307E05D
:10A8A000C3F1B40304E004F0010008B1C3F5B473CC
:10A8B00098B2F0BD70B504460D462646F560306886
:10A8C0000EF037FF70BD2DE9F04106463468276869
:10A8D0003D464FF0FF30E06005F13C00844202D17C
:10A8E000A068686205E005F14C00844201D1A068CF
:10A8F000286320680EF01DFFBDE8F08170B50646A4
:10A900000C4625460020A8626420E86200202863E7
:10A910006862A88600212987E986698785F85C0036
:10A9200005F13C01204600F0C8F805F14C01204635
:10A9300000F0C3F8082120460BF022FF102120462A
:10A940000BF01EFF00221146204600F0F3F870BD08
:10A9500070B506460C462546002105F13C00FEF781
:10A9600059FF002105F14C00FEF754FF70BD0000B7
:10A970002DE9F34F83B03C4804990CF00BFC029096
:10A980000298012802D005B0BDE8F08F049806F0C7
:10A99000A4F90546049806F001FA0646132D50D195
:10A9A0004FF4003130460BF072FD0190049806F030
:10A9B000F2F90446B4F900100198814202DDB4F9BD
:10A9C000000000E001982080002130460DF0BCFE20
:10A9D0008046002130460DF060FF81460021304660
:10A9E0000EF01EF88246002130460DF0D0FD0746DD
:10A9F000C84501DA404600E04846BA4501DA51460A
:10AA000000E03946884205DAC84501DA404606E0EA
:10AA1000484604E0BA4501DA504600E0384683462D
:10AA2000BBF1000F0CDAB4F90000CBF10001884251
:10AA300002DDB4F9000001E0CBF1000000B220809B
:10AA40000FE0012D01D0082D06D1344604F1340168
:10AA500030460EF0A8FE04E0152D02D10498EFF761
:10AA6000E9FD00BF8FE700004C720408014600BFFB
:10AA700000BF0A4692F85C0000F0030070470246EF
:10AA800000BF00BF114691F85C0000F003000228EF
:10AA900001D0886A7047886D401C08B1486DF9E79D
:10AAA000086BF7E7024600BF00BF1146886C401CE8
:10AAB00008B1486C7047486AFCE7086000224A60A9
:10AAC0008A60521ECA607047F8B506460D461746A2
:10AAD00000BF00BF344694F85C0000F00300022879
:10AAE00000D0F8BDD4E90A10A84201DD284600E0F4
:10AAF000E06A814201DDA06A05E0E06AA84201DD6A
:10AB0000284600E0E06A0546606AA84201DA606A09
:10AB100000E028460546206BA84200D1E1E704F199
:10AB20004C0304F1300229463046009700F036F815
:10AB300000BFD6E7F8B506460D46174600BF00BF72
:10AB40003446606AA84200D1F8BDD4E90A10A84290
:10AB500001DD284600E0E06A814201DDA06A05E0EF
:10AB6000E06AA84201DD284600E0E06A0546206B65
:10AB7000A84201DD206B00E028460546606AA84235
:10AB800000D1E1E704F13C0304F1240229463046F8
:10AB9000009700F003F800BFD6E700002DE9F0476A
:10ABA00092B007460D4616461C46DDF86890B9F18E
:10ABB000000F04D1356038460EF0BBFD33E0E0688D
:10ABC000401C18B930686060A56002E0A068606051
:10ABD000A560356000212046FEF71CFE02A8FEF7A6
:10ABE00061FE00BF029400BF1048039000BF002028
:10ABF0004FF4807109900A900B9100BF0C480590AA
:10AC000000BF4FF0000A6522514638460DF070FF34
:10AC10000190DDF8048000BFCDF8308000BF02A8AD
:10AC2000FEF70AFF00BF12B0BDE8F087B5A8010823
:10AC3000C7A801082DE9F04F04460D46C4F5806110
:10AC400001FB01F0860A06FB01F04FEA902C04FBA1
:10AC500004F0870A07FB04F04FEA90280CFB05F08C
:10AC60004FEA902906EB4600604350434FEA105AE2
:10AC700001EB4100784358434FEA105B099808FB09
:10AC800000F04FEA902E09EB0A0058447044BDE8EA
:10AC9000F08F70B505460C46102120460BF070FD74
:10ACA0004FF4806120460BF04FF870BD70B504463C
:10ACB00000BF00BF214604480BF0B3FC0546284600
:10ACC0000BF024FD284670BD687204082DE9F041A0
:10ACD00007460C46164600BF00BF3D46288EA042E0
:10ACE00001DCBDE8F081E86A30F81400B043E96A9D
:10ACF00021F8140021463846FAF725F906F40070C9
:10AD000010B138460FF092FA00BFEAE72DE9F041A2
:10AD100005460E4600BF00BF2F46002406E032461F
:10AD200021462846FFF7D2FF601C84B2388EA0422D
:10AD3000F5DCBDE8F081000070B506460C462546FE
:10AD40000020288668864FF6FF70A8860020A8623B
:10AD5000E862686285F836000249204600F022FC6D
:10AD600070BD0000FC02002070B5044600BF00BFAB
:10AD7000214604480BF055FC054628460BF0C6FC5E
:10AD8000284670BD8472040870B506460C462546F8
:10AD9000A86A0AF0D7F9E86A0AF0D4F90020A86294
:10ADA000E86270BD2DE9F34F83B0FB4804990CF0C5
:10ADB000F1F90746012F02D005B0BDE8F08F0498E5
:10ADC00005F08BFF0546049805F0E8FF80464446F1
:10ADD000132D18D1049805F0DEFF06464046F8F71B
:10ADE00039FD68B1608E002806DD40460CF078FA27
:10ADF000618E90FBF1F000E0002000B2308001E0B5
:10AE00000020308000BF2A2D04D14046616A00F046
:10AE1000C9FB29E3292D04D14046616A00F0C2FB39
:10AE200022E3012D60D1049805F0B5FF8246A18E82
:10AE30004046FAF788F808F057F9064608F0A9F9ED
:10AE40008146B9F1010F02D0B9F1030F1ED102A959
:10AE5000504608F063F902A94046F6F7EFFF0646B0
:10AE60004FF6FF70864210D0E16A31F81600EBF71A
:10AE70001FFC50B9E16A31F81600EBF715FC20B958
:10AE8000A686A18E4046FAF75EF800BFA08E4FF668
:10AE9000FF71884227D0A28EE16A31F81200EBF7E9
:10AEA000FFFB00BBA28EE16A31F81200EBF704FC55
:10AEB000C8B9A28EE16A31F81200EBF7F9FB90B93C
:10AEC000A28EE16A31F81200EBF7EEFB58B9A08EC2
:10AED000019001AA1C21404605F066FF0746012F9C
:10AEE00000D069E700BFBFE2022D59D1049805F0F8
:10AEF00052FF82464FF6FF7608F0F6F88346584632
:10AF000008F047F98146B9F1040F02D0B9F1020FF8
:10AF100000D151E702A9584608F000F902A94046BD
:10AF2000F6F78CFF0646A08EB04238D0A08E4FF6C2
:10AF3000FF71884203D0A18E4046FAF704F8A68636
:10AF4000504608F029FA4FF6FF70864227D0E16A92
:10AF500031F81600EBF7ACFB08BBE16A31F81600DC
:10AF6000EBF7A2FBD8B931464046F9F7ECFFE16AAE
:10AF700031F81600EBF794FB88B9A28EE16A31F83C
:10AF80001200EBF799FB50B9019601AA1C2140462B
:10AF900005F00AFF0746012F00D00DE700BF63E26E
:10AFA000082D69D1A08E4FF6FF7188425FD0A28E26
:10AFB000E16A31F81200EBF76BFB80B3A28EE16A15
:10AFC00031F81200EBF774FB48BBA28EE16A31F84E
:10AFD0001200EBF759FB78B194F8360000F001004D
:10AFE00050B9A18EE06A30F8110020F08000A28EE6
:10AFF000E16A21F8120009E0A18EE06A30F8110040
:10B0000040F08000A28EE16A21F8120094F8360028
:10B0100000F0010018B1A18E404614F0A4FBA28EEE
:10B02000E16A31F81200EBF73BFB30B9A28EE16A1E
:10B0300031F81200EBF740FBC8B1A28EE16A31F89B
:10B040001200EBF735FB90B9A28EE16A31F81200DD
:10B05000EBF72AFB58B9A08E019001AA1C214046AB
:10B0600005F0A2FE0746012F00D0A5E600BFA18E85
:10B070004046F9F768FFF7E1062D28D1A08E4FF67C
:10B08000FF7188428BD0A28EE16A31F81200EBF793
:10B090001BFB0028EFD1A28EE16A31F81200EBF71A
:10B0A00007FB0028E7D1A28EE16A31F81200EBF726
:10B0B000FBFA0028DFD1A08E019001AA1C21404696
:10B0C00005F072FE0746012F00D075E6CCE1032D96
:10B0D00007D1A18E4046F9F736FF4FF6FF70A086E4
:10B0E000C2E10E2D5ED1049805F055FE8246504611
:10B0F00008F04FF88346BAF1000F07D1002007F09F
:10B10000F9FF8246504608F044F8834640460CF06A
:10B1100071F9064606F038FD8146A08E4FF6FF71A4
:10B1200088423ED1BBF1020F05D0BBF1040F35D1EF
:10B13000B9F1000F32D0002694F8360000F001007B
:10B14000B8B100E0761CE16A31F81600EBF7ACFA12
:10B150000028F7D1E16A31F81600EBF7A9FA0028C8
:10B16000F0D1E16A31F81600EBF796FA0028E9D041
:10B170000FE000E0761CE16A31F81600EBF794FA74
:10B180000028F7D1E16A31F81600EBF791FA0028B0
:10B19000F0D1A68605E00000847204084FF6FF7027
:10B1A000A08661E10F2D01D0102D0CD1A08E4FF69D
:10B1B000FF71884203D0A18E4046F9F7C4FE4FF6D6
:10B1C000FF70A08650E10D2D79D1A18E4046F9F790
:10B1D000BAFE049805F0DFFD90F80090B9F1130F66
:10B1E0002BD1A08E4FF6FF71884202D10020A0869D
:10B1F00002E0A08E401CA086A08E218E884201DB3A
:10B200000020A08608E0A08E401CA086A08E218E83
:10B21000884201DB0020A086A28EE16A31F812008C
:10B22000EBF742FA0028EED1A28EE16A31F8120063
:10B23000EBF73EFA0028E6D10CE1B9F1140F2ED15C
:10B24000A08E4FF6FF71884201D10020A086A08E0B
:10B2500018B9208E401EA08605E0A08E002802DDD1
:10B26000A08E401EA08609E0A08E002803DDA08EDF
:10B27000401EA08602E0208E401EA086A28EE16ABB
:10B2800031F81200EBF710FA0028EDD1A28EE16A36
:10B2900031F81200EBF70CFA0028E5D1DAE0B9F149
:10B2A000120F6AD1002140460DF0E6F98346A08EC8
:10B2B0004FF6FF7188421DD10020A08609E0CEE044
:10B2C000A08E401CA086A08E218E884201DB00202B
:10B2D000A086A28EE16A31F81200EBF7E5F90028AA
:10B2E000EED1A28EE16A31F81200EBF7E1F9002805
:10B2F000E6D141E0A28EA16A01EBC200FFF731FA6C
:10B30000A28EA16A31F8321001EB60000FFA80FAC8
:10B31000A68E28E0A06A00EBC600B0F90200A28E5B
:10B32000A16A01EBC201B1F90210884219DDA06ADD
:10B3300030F93600504514DCA06A00EBC600B0F9C5
:10B340000400584450450CDBE16A31F81600EBF775
:10B35000AFF930B9E16A31F81600EBF7A5F900B999
:10B3600004E0701C86B2208EB042D3DC00BF208E79
:10B37000B04200DDA68600BF6CE0B9F1110F69D1C3
:10B38000002140460DF078F98346A08E4FF6FF71FC
:10B3900088421CD10020A08608E0A08E401CA08618
:10B3A000A08E218E884201DB0020A086A28EE16A59
:10B3B00031F81200EBF778F90028EED1A28EE16A9D
:10B3C00031F81200EBF774F90028E6D141E0A28EC3
:10B3D000A16A01EBC200FFF7C4F9A28EA16A31F89D
:10B3E000321001EB60000FFA80FAA08E06B229E05D
:10B3F000A06A00EBC600B0F90200A28EA16A01EBC0
:10B40000C201B1F9021088421ADAA06A30F9360096
:10B41000A0EB0B00504513DCA06A00EBC600B0F9AE
:10B42000040050450CDBE16A31F81600EBF740F9F7
:10B4300030B9E16A31F81600EBF736F900B903E0EC
:10B44000701E06B2002ED3DA00BF002E00DBA686E7
:10B4500000BF00BFA18E4046F9F775FD04E0152D31
:10B4600002D10498F0F7E8FB00BFA5E42DE9F04114
:10B4700080460E4600BF00BF4FF6FF70864202D1E5
:10B480000020BDE8F0814446208EB04201DA002061
:10B49000F7E7002500270CE0781C87B2681C85B20E
:10B4A000616A51F8250008A1E5F774FA08B9681C2B
:10B4B00085B2B742F0D1208EB84201D10020E0E73A
:10B4C000606A50F82500DCE70A000000014600BF72
:10B4D00000BF0A46908E704710B5034600BF00BFFC
:10B4E0001C46208E884201DC002010BDE06A30F846
:10B4F00011001040904201D10120F6E70020F4E74E
:10B500002DE9F04107460D46164600BF00BF3C46F8
:10B51000208EA84201DCBDE8F08194F8360000F0EE
:10B52000010030B106F0800018B180213846FFF7E5
:10B53000EDFBE06A30F815003043E16A21F81500B0
:10B5400029463846F9F7FFFC06F4007010B138467A
:10B550000EF06CFE00BFDEE72DE9F04105460E4619
:10B5600000BF00BF2F46002406E032462146284691
:10B57000FFF7C6FF601C84B2388EA042F5DCBDE840
:10B58000F08170B504460E4600BF00BF2546298EE7
:10B590004A003146E86A09F05EFE2046696A00F01A
:10B5A00001F870BD2DE9F34F91B0804600BF00BF98
:10B5B000129810B913B0BDE8F08F44464046129976
:10B5C000EAF788FA129E6662002541F26A4229462D
:10B5D00020460DF08DFA08900898C0B21090002116
:10B5E00040460DF0BEF80F90002140460DF025FAC0
:10B5F0000E90002140460DF0B8F90D900021404614
:10B600000DF03AF8834640460BF089FE0C90404618
:10B610000BF066FE0B90628E521E0D990B9801FB8B
:10B62000120000B20A90002009908146129E002765
:10B63000A1E00020089000250CE009EB0502E16A7A
:10B6400031F81200F6F7F8FC0899084480B2089027
:10B65000681C85B256F8250050B156F825004CA15B
:10B66000E5F798F920B156F8250000780028E4D1D4
:10B670001DB9681C06EB80067CE00A987843618E51
:10B68000B0FBF1F10E9801440D9807FB001000B2D9
:10B690000790791C0A984843618EB0FBF1F10E982F
:10B6A00001440D9807FB0010401E00B20690691E71
:10B6B0000C980BFB110000B205900598002801DAE8
:10B6C000002005900020049082464DE0E16A31F8A8
:10B6D0001900F6F7B1FC0390DDE90410484308991E
:10B6E000B0FBF1F00AFB0B0000B20290DDE90310A1
:10B6F0000844059948430899B0FBF1F00AFB0B0098
:10B70000401E00B20190109801280ED102980199B4
:10B7100002910190029A0C99891A09B202910C992E
:10B720000198091A09B2019100BF0F9902980844C3
:10B7300000B202900F990198084400B20190069857
:10B740000090A16A01EBC900DDE90131079AFFF71A
:10B750003FF8DDE90310084404900AF1010A09F1F9
:10B7600001090998401C0990AA45AFD3681C06EB53
:10B77000800600BF7F1C608EB8423FF65AAF40463D
:10B780000EF054FD40460DF0D4FF00BF12E700005C
:10B790000A00000070B504460D4600BF00BF2646F3
:10B7A00086F836500021204613F0DDFF70BD70B5DD
:10B7B00006460C4600BF00BF3546288EA04204DC7A
:10B7C0004FF6FF70844200D070BDA98E3046F9F765
:10B7D000BAFBAC8621463046F9F7B5FB00BFF3E76C
:10B7E0002DE9F04781460D462C4640F2E470208555
:10B7F00001212A2001552B20015540F2E470A0853B
:10B800002E2001552F20015500202063A086A8215D
:10B8100004F58C7009F0ADFE0027002626E06EB11D
:10B82000701CC11700EB5171C910A0EBC10129B9FF
:10B8300031A104F1380040F8261015E0082E07DA8F
:10B840002E4850F8261004F1380040F826100BE07E
:10B85000782104F58C7000F8271000EB8701E038A0
:10B8600040F82610781CC7B2701CC6B2382ED6DB42
:10B8700023A1C4F814112846FFF776FA606204F198
:10B880003801606AFFF78EFE4FF48871606AFFF737
:10B8900063FE00231A221B49606A0AF00DFA642035
:10B8A000002804DAC0F57A7141F4005101E040F457
:10B8B00000510FFA81F84146606A0FF0A7FB0121A1
:10B8C00028460FF065F80121606A0FF073F894F9CB
:10B8D0002E20A18D284600F01FF894F92B3094F902
:10B8E0002A20218D284600F0D9F84FF48041606A63
:10B8F0000AF02AFABDE8F0870A000000B40100202F
:10B900000000000081D20008014600BF00BF0A46C7
:10B9100002F12C00704700002DE9F74F82B0064677
:10B9200000BF00BF34460398A085049841B22E2082
:10B93000015501212F200155A08DADF804002E20C6
:10B94000005D8DF806002F20005D8DF80700202196
:10B95000606AFFF7DBF9002506E020222946606ACD
:10B96000FFF7CEFD681CC5B2072DF6DB9DF906106A
:10B97000BDF80400F6F7C8FF81469DF90610BDF832
:10B9800004000122F6F7E4FB07463D464FF00108AC
:10B990000EE004F58C7101EB850043463EA20421C4
:10B9A00010F08AFE681CC5B208F1010000F0FF0823
:10B9B00009EB0700A842ECDC9DF90620511EBDF8FA
:10B9C0000400F6F7A1FF82460025AAEB0700401C01
:10B9D00000F0FF0813E004F58C7101EB850043468D
:10B9E0002DA2042110F068FE2022E91D606AFFF7F5
:10B9F00087FD681CC5B208F1010000F0FF08BD42D8
:10BA0000E9DB07EB0900C5B24FF0010813E004F5CC
:10BA10008C7101EB850043461FA2042110F04CFEFF
:10BA20002022E91D606AFFF76BFD681CC5B208F1B2
:10BA3000010000F0FF082A2DE9DB3046F7F75CFF34
:10BA4000606AFFF743FD4FF6FF71884203D0F91D8E
:10BA5000606AFFF7ACFE30460DF06BFE30460BF02F
:10BA6000DCFB8346002511E0294630460BF0B7FB8E
:10BA70000090616A0098814200D105E032461C21A5
:10BA8000009805F091F900BF681CC5B25D45EBD385
:10BA900005B0BDE8F08F0000256400002DE9F041FD
:10BAA00004460E461746984600BF00BF25462E8521
:10BAB00079B22C462A2041554FFA88F12B20415566
:10BAC0002046F7F719FFBDE8F08170B506460C4631
:10BAD0002546102105F12400E8F79CFE102105F110
:10BAE0003000E8F797FE0020A5F86C00A5F8740078
:10BAF00000216E204153762041536420A5F8700048
:10BB0000A5F878006421722041537A204153032024
:10BB10007C3568800520A8800A20E88047F6FF7001
:10BB20002880287B20F00700401C2873287B20F009
:10BB3000080028734FF48070288168817C3D70BDB7
:10BB40002DE9F04180460E46344613E004F124000E
:10BB5000E8F735FE0546287BC0F3800010B9686819
:10BB600009F0F0FA294604F12400E8F7A7FE284678
:10BB700009F0E8FAA06A0028E8D104F12400E8F707
:10BB800006FE0CE004F13000E8F719FE07463946DE
:10BB900004F13000E8F792FE384609F0D3FA606B02
:10BBA0000028EFD104F13000E8F7F1FDBDE8F081A5
:10BBB0002DE9F84F884641466F480BF0EBFA814675
:10BBC000B9F1010F01D0BDE8F88F404605F085F8C6
:10BBD0000546404605F0E2F806463446012D2FD1D1
:10BBE00007F082FA83466946584607F097FABDF88F
:10BBF0000000B18A401A00B2ADF8000030460BF0E8
:10BC0000F9FCBDF8001008440FFA80FA514630469E
:10BC1000F6F7FEFB0746B4F87C00B8420FD0B9B285
:10BC20003046F9F719FAB4F87C103046F9F714FAEF
:10BC3000A4F87C7000221C21304605F0B5F898E08D
:10BC4000082D09D1B4F87C103046F9F705FA47F60B
:10BC5000FF70A4F87C008CE0292D03D130460EF053
:10BC600014FB86E0132D33D1B4F94020B4F94C0015
:10BC7000824202DDB4F9400001E0B4F94C00B4F9AD
:10BC80005830B4F96420934202DDB4F9582001E041
:10BC9000B4F9642090420BDDB4F94020B4F94C00B3
:10BCA000824202DDB4F940000DE0B4F94C000AE034
:10BCB000B4F95820B4F96400824202DDB4F95800A6
:10BCC00001E0B4F964000146404605F0A3F850E0F5
:10BCD0002C2D16D1404605F05EF8074630460BF095
:10BCE0001EFBB4F884104843001200B2388030467E
:10BCF0000BF0F6FAB4F886104843001200B27880D0
:10BD000037E0152D35D1404604F0EFFF07463946A0
:10BD10003046EEF75DF839463046ECF73FFB04F16C
:10BD20002400E8F7BFFDF8B994F8880000F0070098
:10BD3000012804D139463046F2F7A0F914E094F80E
:10BD4000880000F00700022804D139463046F2F797
:10BD50004FF809E094F8880000F00700032803D1A9
:10BD600039463046F2F720FC39463046EDF720FEE2
:10BD700000BF00BF27E70000BCBA03082DE9F04F61
:10BD800087B081460E4617461D4600BFB9F1000F29
:10BD900003D100BF00BF00BFFEE700BF00BF1EB958
:10BDA00000BF00BF00BFFEE700BF00BF00BF4C46A2
:10BDB000B4F88200B84207DC00BF00BF0020288032
:10BDC000688007B0BDE8F08F48460BF0A8FA34F859
:10BDD000841F484300120FFA80F848460BF080FA9F
:10BDE0006188484300120FFA80FA2079843C00F001
:10BDF0000700012809D108FB07F0B4F88210491E9A
:10BE000090FBF1F000B2288079E094F8880000F00F
:10BE10000700032818D1CDF80080336833F91700E4
:10BE2000337BC3F3C00C04F1780333F91C20337B5C
:10BE3000C3F3C00C04F1740333F91C10002309F0A0
:10BE40009FF800B228805AE094F8880000F00700BC
:10BE5000022854D104F12400E8F7B7FC05904FF410
:10BE6000A02148460CF0FBFB823461884843001255
:10BE70000490002148460CF0F2FB61884843001210
:10BE800003902188491E039801FB1081208891FBB3
:10BE9000F0F000B2029005990298B0FBF1F000B208
:10BEA000019008FB07F034F8821990FBF1F000B222
:10BEB00028800020009004F12400E8F7A5FC009001
:10BEC0000EE00098B04200D10DE0298801980844A6
:10BED00000B2288004F124000099E8F78FFC00905C
:10BEE00000980028EDD100BF049A0199881A00EB50
:10BEF000D0712A8802EB610109B2298000BF0021BC
:10BF000048460CF0E0F98346002148460CF0F5FB6A
:10BF100058442988084400B2288048460BF06AFB40
:10BF20002988081A00B2288000200690706830F92D
:10BF30001710307BC0F3001204F16C0030F91200CE
:10BF4000081A00FB0AF00690307BC0F3001104F1E0
:10BF5000700030F91110307BC0F3001204F16C0056
:10BF600030F91200091A069890FBF1F00690069835
:10BF7000AAEB000000B26880002148460CF029FDC1
:10BF800058446988084400B2688048460BF02CFC8D
:10BF90006988081A00B2688000BF12E770B50646CB
:10BFA0000C46254608A068620120A86202212046AE
:10BFB00009F0CAFE0821204609F0C6FE4FF4806150
:10BFC000204609F0C1FE70BD436865636B20626F57
:10BFD0007800000070B506460C46254695F8280006
:10BFE00000F0010020B9686A09F0ACF8002068622E
:10BFF00070BD00002DE9F14FBEB03E9804F0CEFEBA
:10C00000044625463E9804F070FE3D9000212046EF
:10C010000CF02FFE074600BFB7F908000646A246FF
:10C020004FF0000B41F23202594650460CF060FDD1
:10C030000290029800B28046002120460CF00AFDD2
:10C0400040440FFA80F9002120460CF097FB404451
:10C0500000B23C90002120460CF01BFB3B904FF4BB
:10C06000003120460CF08AFB3A904FF40031204614
:10C070000CF02DFC39904FF4003120460CF0EAFC16
:10C0800038904FF4003120460CF09BFA37904FF473
:10C09000003B40F60A02594650460CF029FD02903A
:10C0A000029800B2369000BF40F60B025946504647
:10C0B0000CF01EFD0290029800B2359027A803F004
:10C0C000CDF827AA594620460DF084F9A18A3C985C
:10C0D000084400B2ADF89400BDF8940081193A9874
:10C0E000014439980844401E00B2ADF89800E08A37
:10C0F000484400B2ADF89600BDF896008119389812
:10C10000014437980844401E00B2ADF89A0000BFC1
:10C11000BDF89400ADF88C00BDF89600ADF88E0027
:10C12000BDF89800ADF89000BDF89A00ADF8920007
:10C1300000BFBDF88C103698081A00B2ADF88C001C
:10C14000BDF890103698084400B2ADF89000BDF8E4
:10C150008E103598081A00B2ADF88E00BDF8921016
:10C160003598084400B2ADF8920011A83D990AF044
:10C17000EBFD27A81590374812900020139023A8B4
:10C18000149058461E9011AA1A21204604F00CFE65
:10C1900023AA27A93D9803F045F811AA1B212046A0
:10C1A00004F002FE002120460CF0D2FD1090002188
:10C1B00020460CF0A6FD0F90002141F6FF7210986A
:10C1C000CDE901210090696A3A460EA80F9B12F052
:10C1D000D3FF06A802F036F806AA002120460DF08B
:10C1E0001EF800BFBDF89A10BDF89620891A491CA8
:10C1F00009B2881B00EBD071491009B20591BDF856
:10C2000098103B98084400B2ADF80C00BDF80C0043
:10C21000BDF83810084400B2ADF81000E08A00EB19
:10C2200009010598084400B2ADF80E00BDF80E00F3
:10C23000BDF83A10084400B2ADF81200002000909A
:10C2400003AA06A96B6A3D9801F048FC3FB0BDE81F
:10C25000F08F0000A07204082DE9F04F8DB00F465A
:10C2600039464C480AF096FF0C900C98012802D0F1
:10C270000DB0BDE8F08F384604F02FFD0446384677
:10C2800004F08CFD05462C2C67D1384604F083FD64
:10C290000646AA46002128460CF0EBFC804600BF6B
:10C2A000B8F908008146002128460CF051FD83466C
:10C2B000002128460CF025FD0B90002041F6FF716F
:10C2C000CDE900B10290DAF8241042460AA80B9B8F
:10C2D00012F052FF002128460CF0DBF909904FF4D0
:10C2E000003128460CF04AFA08904FF400312846F5
:10C2F0000CF0EDFA07904FF4003128460CF0AAFB41
:10C3000006904FF4003128460CF05BF90590089830
:10C3100009EB00010798084400B2ADF81000069838
:10C3200009EB00010598084400B2ADF81200BDF811
:10C330001000BDF8281001440998084400B230806C
:10C34000BDF91200BDF92A10884202DDBDF91200C4
:10C3500001E0BDF92A0070801AE0132C13D1384691
:10C3600004F019FD06464FF4003128460AF08FF814
:10C370008046B6F90000404502DDB6F9000000E055
:10C380004046308004E0152C02D13846FFF732FEDB
:10C3900000BF6DE7A072040830B5044601F4C04048
:10C3A000B0F5005F01D1012000E0002030B121F4A0
:10C3B000C040B0F5FA6F01DC012000E0002080B140
:10C3C00021F4C040B0F57A7F04DD21F4C040C0F50F
:10C3D0007A7001E021F4C0405843642590FBF5F0E9
:10C3E00001B202F4C040B0F5005F01D1012000E0CD
:10C3F000002030B122F4C040B0F5FA6F01DC01201A
:10C4000000E0002080B122F4C040B0F57A7F04DD66
:10C4100022F4C040C0F57A7001E022F4C0405843D5
:10C42000642590FBF5F002B2944201DA204600E068
:10C430001046884201DA084630BD944201DA2046AF
:10C44000FAE71046F8E730B5044601F4C040B0F50D
:10C45000005F01D1012000E0002030B121F4C04094
:10C46000B0F5FA6F01DC012000E0002080B121F47A
:10C47000C040B0F57A7F04DD21F4C040C0F57A7089
:10C4800001E021F4C0405843642590FBF5F001B26F
:10C4900002F4C040B0F5005F01D1012000E00020AF
:10C4A00030B122F4C040B0F5FA6F01DC012000E0A9
:10C4B000002080B122F4C040B0F57A7F04DD22F480
:10C4C000C040C0F57A7001E022F4C04058436425B2
:10C4D00090FBF5F002B2944201DA204600E01046EB
:10C4E000884201DA084630BD944201DA2046FAE774
:10C4F0001046F8E708B500221146104600F05DF935
:10C500000090BDF80010084608BD08B5002211468D
:10C51000104600F06AF90090BDF80010084608BD0A
:10C520001CB5002001460246D408BDF8003064F373
:10C5300004038C080093BDF8003064F34A13C40868
:10C540000093BDF8003064F3CF230093BDF80040A2
:10C5500023460193BDF8041008461CBD08B500220F
:10C560001146104600F089F90090BDF80010084609
:10C5700008BD01B583B003980190BDF80400C00A5E
:10C58000C0EBC00202EB0020C01DC0F347108DF8C5
:10C590000200BDF80400C0F3451000EB400202EBBE
:10C5A0000020C01CC0F387108DF80100BDF8040006
:10C5B00000F01F00C0EBC00202EB0020C01DC0F362
:10C5C00047108DF80000FF208DF8030000980290BE
:10C5D0009DF808009DF80A20032313FB02009DF834
:10C5E0000920042313FB0201C1F3C70004B000BDFE
:10C5F00013B582B00C46FFF7B1FF224601900299B5
:10C6000000F0F4F90090BDF80010084604B010BD29
:10C6100037B503461C4604F0030525B1BDF80450A8
:10C620001D809B1C521EBDF8045005EB05411846A9
:10C6300010E00160001D0160001D0160001D01602F
:10C64000001D0160001D0160001D0160001D0160F2
:10C65000001D103A102AECD8034604E0BDF804503F
:10C660001D809B1C521E002AF8D13EBD0160704700
:10C6700008B5014601F47800000A01F47C4240EA62
:10C680005210C1F3C40210430090BDF800201046C0
:10C6900008BD2DE9F04F85B0824689461446CAEBA5
:10C6A0000A204FF4B471B0FBF1F01FFA80FAC9EB25
:10C6B0000920642190FBF1F000F0FF09C4EB042095
:10C6C00090FBF1F0C4B2B9F1000F0BD12246214624
:10C6D000204600F0D2F80090BDF80010084605B0E2
:10C6E000BDE8F08F2B209AFBF0F0C0B204902B2114
:10C6F000049810FB01F0AAEB000000EB400040069C
:10C70000000E0390C9F1FF0060434FEA2028039810
:10C7100009FB00F0FF21A1EB2020604300120290F2
:10C720000398C0F1FF0000FB09F0A1EB202060435B
:10C730004FEA202B0498052818D2DFE800F0030701
:10C740000B0F130025465E46474613E0029D264622
:10C7500047460FE0454626465F460BE04546029EAB
:10C76000274607E05D464646274603E025464646FF
:10C77000029F00BF00BF3A463146284600F07DF8D0
:10C780000190BDF804100846A9E718B50346D4087F
:10C79000BDF8000064F304008C080090BDF80000B0
:10C7A00064F34A10DC080090BDF8000064F3CF2069
:10C7B0000090BDF80040204618BD18B50346D408C7
:10C7C000BDF8000064F304008C080090BDF8000080
:10C7D00064F34A10DC080090BDF8000064F3CF2039
:10C7E0000090BDF80040204618BD18B50346D40897
:10C7F000BDF8000064F304008C080090BDF8000050
:10C8000064F34A10DC080090BDF8000064F3CF2008
:10C810000090BDF80040204618BD18B50346D40866
:10C82000BDF8000064F304008C080090BDF800001F
:10C8300064F34A10DC080090BDF8000064F3CF20D8
:10C840000090BDF80040204618BD18B50346D40836
:10C85000BDF8000064F304008C080090BDF80000EF
:10C8600064F34A10DC080090BDF8000064F3CF20A8
:10C870000090BDF80040204618BD18B50346D40806
:10C88000BDF8000064F304008C080090BDF80000BF
:10C8900064F34A10DC080090BDF8000064F3CF2078
:10C8A0000090BDF80040204618BD18B50346D408D6
:10C8B000BDF8000064F304008C080090BDF800008F
:10C8C00064F34A10DC080090BDF8000064F3CF2048
:10C8D0000090BDF80040204618BD000037B581B07B
:10C8E000101DC210BDF8080040EA00400B4D00EAE0
:10C8F0000501BDF8040040EA004000EA0503581AAB
:10C90000504301EB501000EA050444EA144080B2A1
:10C910000090BDF80050284604B030BD1FF8E00775
:10C9200037B581B0101DC210BDF8080040EA0040C4
:10C930000B4D00EA0501BDF8040040EA004000EAA2
:10C940000503581A504301EB501000EA050444EA6D
:10C95000144080B20090BDF80050284604B030BDAD
:10C960001FF8E00737B581B0101DC210BDF80800F0
:10C9700040EA00400B4D00EA0501BDF8040040EA22
:10C98000004000EA0503581A504301EB501000EA3A
:10C99000050444EA144080B20090BDF800502846D7
:10C9A00004B030BD1FF8E00737B581B0101DC210CC
:10C9B000BDF8080040EA00400B4D00EA0501BDF853
:10C9C000040040EA004000EA0503581A504301EB16
:10C9D000501000EA050444EA144080B20090BDF80B
:10C9E0000050284604B030BD1FF8E00737B581B0CD
:10C9F000101DC210BDF8080040EA00400B4D00EACF
:10CA00000501BDF8040040EA004000EA0503581A99
:10CA1000504301EB501000EA050444EA144080B290
:10CA20000090BDF80050284604B030BD1FF8E00764
:10CA300007B581B003461888BDF80810C90A01FB84
:10CA40000200803000EBC01101EBC030C00DBDF81A
:10CA5000001060F3CF2100915888BDF80810C1F391
:10CA6000451101FB0200803000EBC01101EBC0302A
:10CA7000C00DBDF8001060F34A1100919888BDF810
:10CA8000081001F01F0101FB0200803000EBC01113
:10CA900001EBC030C00DBDF8001060F3040100913F
:10CAA00000BF00BFBDF80010084604B000BD07B5C8
:10CAB00081B003461888BDF80810C90A01FB0200BE
:10CAC000803000EBC01101EBC030C00DBDF800108C
:10CAD00060F3CF2100915888BDF80810C1F34511CB
:10CAE00001FB0200803000EBC01101EBC030C00D33
:10CAF000BDF8001060F34A1100919888BDF8081045
:10CB000001F01F0101FB0200803000EBC01101EBBE
:10CB1000C030C00DBDF8001060F30401009100BFEB
:10CB200000BFBDF80010084604B000BD01B581B0DB
:10CB3000BDF80400C00AC0EBC00101EB0020C01D1D
:10CB4000C0F347108DF80200BDF80400C0F3451093
:10CB500000EB400101EB0020C01CC0F387108DF8F2
:10CB60000100BDF8040000F01F00C0EBC00101EBA4
:10CB70000020C01DC0F347108DF80000FF208DF885
:10CB8000030000980CBD08B5FF2211461046FFF7C0
:10CB90002CFE0090BDF80010084608BD1CB5FF2013
:10CBA00001460246D408BDF8003064F304038C0843
:10CBB0000093BDF8003064F34A13C4080093BDF835
:10CBC000003064F3CF230093BDF800402346019367
:10CBD000BDF8041008461CBD70B506460C46254637
:10CBE0000020A88464212620415527204155303556
:10CBF000287B20F003002873287B20F00400287392
:10CC0000002028606860303D084800782C21485595
:10CC10004FF48031204609F097F84FF440712046D8
:10CC200009F0AEFD204614F047FC70BD080200205C
:10CC30002DE9F34F89B0F9480A990AF0ABFA80461A
:10CC4000B8F1010F02D00BB0BDE8F08F0A9804F0E4
:10CC500044F805460A9804F0A1F806463446132D18
:10CC600042D14FF4403130460BF054FD81464FF431
:10CC7000403130460BF0F7FD82464FF440313046EC
:10CC80000BF0B4FE83464FF4403130460BF065FCA8
:10CC90000890D14501DD494600E05146089883459A
:10CCA00001DD584600E00898814205DDD14501DDEF
:10CCB000484607E0504605E00898834501DD5846A0
:10CCC00000E00898801C00B207900A9804F063F80E
:10CCD0000746B7F900100798814202DDB7F9000056
:10CCE00000E00798388008E2292D1BD10A9804F04B
:10CCF00052F8074630460CF022F9B9883A88891A6A
:10CD0000491C09B2884209D130460AF07DFBF988F6
:10CD10007A88891A491C09B2884202D0304614F038
:10CD2000CBFBEAE12A2D03D1304614F0C5FBE4E148
:10CD30000D2D71D10A9804F02EF80768132F01D039
:10CD4000112F40D1606A089094F83C0000F0030075
:10CD500020B101280ED0022824D117E0A08C401C5D
:10CD60004FF4B47190FBF1F201FB120080B2ADF808
:10CD7000200017E02620005D401C642190FBF1F2AA
:10CD800001FB1200C0B28DF822000BE02720005DED
:10CD9000401C642190FBF1F201FB1200C0B28DF83F
:10CDA000230000BF00BF3046089900F0BAF948B12F
:10CDB00000221C21304603F0F7FF8046B8F1010F36
:10CDC00000D040E747E0142F01D0122F43D1606A12
:10CDD000089094F83C0000F0030020B101280ED028
:10CDE000022827D119E0A08C002802DDA08C401E6B
:10CDF00001E04FF4B47080B2ADF820001AE02620B4
:10CE0000005D002803DD2620005D401E00E0642058
:10CE1000C0B28DF822000DE01EE02720005D002842
:10CE200003DD2720005D401E00E06420C0B28DF8C5
:10CE3000230000BF00BF3046089900F072F948B1E6
:10CE400000221C21304603F0AFFF8046B8F1010FED
:10CE500000D0F8E600BF50E1012D11D111F0A1FD85
:10CE6000606306F041F9074604F1380106F056F90F
:10CE70003046EBF7B5F98046B8F1010FEBD0E2E6AA
:10CE8000022D7CD106F030F98246BAF1000F00D1B4
:10CE9000D9E6504606F07DF98346BBF1040F02D077
:10CEA000BBF1020F18D130460CF049F8019000EBAD
:10CEB000D070B18A01EB600000B2ADF820003046BE
:10CEC0000AF0A2FA019000EBD0704110F08A0844F9
:10CED00000B2ADF8220003E008A9504606F01EF9A2
:10CEE000DAF80000007E0790BDF92000B4F9381090
:10CEF000401A002805DDBDF92000B4F93810401AA9
:10CF000004E0B4F93800BDF92010401A07998842AE
:10CF100014DCBDF92210B4F93A00081A002805DD26
:10CF2000BDF92210B4F93A00081A04E0B4F93A0045
:10CF3000BDF92210401A0799884208DD11F031FD31
:10CF40006063BDF820002087BDF822106187BDF81E
:10CF50002000B18A401A00B2ADF82000BDF82210BE
:10CF6000F08A081A00B2ADF8220030460BF0E7FF55
:10CF700080B20690002005900021304600E098E045
:10CF80000BF0DFF88146069800EBD07149100FB224
:10CF9000BDF82000C01B00B2ADF82000BDF8220093
:10CFA000C01B00B2ADF8220001200490A7EB0900DD
:10CFB00007B2412F0ADD494609EBD172521010B277
:10CFC000391A0FB2412F00DA412700BFBDF8200007
:10CFD00010FB00F0BDF8221011FB010107FB07F068
:10CFE000814201DA00200490606B11F0CDFC0390C7
:10CFF0000498A8B9DAF80000818B039881420FD217
:10D0000094F83C00C0F3800050B9304613F038F873
:10D0100006F06AF8019006F02BFA14E6D8BA030875
:10D02000049800B90FE6BDF92210BDF92000FDF704
:10D03000E2FB4FF4B47190FBF1F201FB120000B27D
:10D040000590606A029094F83C0000F0030020B163
:10D05000012807D002281BD10FE0059880B2ADF857
:10D06000080015E06421059848434FF4B47190FB23
:10D07000F1F0C0B28DF80A000AE064210598484337
:10D080004FF4B47190FBF1F0C0B28DF80B0000BF0B
:10D0900000BF3046029900F044F848B100221C213C
:10D0A000304603F081FE8046B8F1010F00D0CAE59A
:10D0B00023E0112D0CD10A9803F06DFE074647F6C8
:10D0C000FF7206F114003968E6F7EDF9387114E0E3
:10D0D000152D06D10A98ECF78FFD0A98EDF7B7FDEC
:10D0E0000BE0122D09D10A9803F055FE0746387857
:10D0F000022801D00120387000BF00BFA3E538B579
:10D10000044600BF00BF254627235A5D2C46262330
:10D11000595DA88CFFF7BDFA0090BDF800100846D5
:10D1200038BD73B50546BDF80400B0F5B47F0ADD1F
:10D13000BDF804004FF4B47190FBF1F201FB120052
:10D1400080B2ADF804009DF80600642802DD64207A
:10D150008DF806009DF80700642802DD64208DF834
:10D16000070000BF00BF2C46A08CBDF80410884209
:10D170000DD12620005D9DF80610884207D127209A
:10D18000005D9DF80710884201D100207CBD019808
:10D190006062284614F090F928460CF0CAFA012083
:10D1A000F4E700BF07F0E4FE04E011F0C7FC05203F
:10D1B00019F0E0FEF9E770B505460C460CB9002001
:10D1C00013E0284600F022F960435030A02190FB84
:10D1D000F1F0012808DD284600F018F960435030CE
:10D1E000A02190FBF1F000E0012000B270BD2DE91C
:10D1F000F04104460F4615461E461C21204608F005
:10D20000B8F9276065602068A060E660BDE8F0813D
:10D210001CB504464C21204608F0ABF94FF4A07031
:10D220002080F02060804FF0FF30A080E080002060
:10D2300020816081206920F0080008302061206989
:10D2400020F0400020618221206961F3D01020612C
:10D250004FF47F40002100F47C4241EA5211C0F3B8
:10D26000C40211430091BDF8002011460191BDF8A0
:10D270000400A0860248E0632064382060641CBD7E
:10D280009DFD0108FEB505465648E7F7CBFA044672
:10D2900044B900BF1CB900BF00BF00BFFEE700BF1C
:10D2A0000020FEBDA86B98B9686C07F07DFE0646AD
:10D2B00000BF1EB900BF00BF00BFFEE700BF0EB930
:10D2C0000020EEE731462846EA6B9047AE6300BF88
:10D2D0004FF4AC71204608F04CF9256042480768CD
:10D2E000046022460421414811F0BAFB606000BF8F
:10D2F000606818B900BF00BF00BFFEE700BF6068EC
:10D3000020B9204607F01EFF0020CAE7287CC0F3A2
:10D31000400068B12888698810FB01F0E968C96895
:10D32000884205D9286920F00200286100BF00BFAB
:10D3300000BFFF2211461046FFF787FA0190BDF8A3
:10D34000041008460290BDF808006085FF2084F8AC
:10D35000290011F0EFFA88B900200DF027FF0290A4
:10D3600005200DF023FF0190214800230090204666
:10D37000DDE9011211F07EFAA06002E011F070FA0E
:10D38000A060002009F0C2FA2061002009F0BEFA76
:10D39000E061002009F0BAFA2062E0690DF0D6F8E9
:10D3A000206A0DF0D3F80221E06909F0E9F90221C1
:10D3B000206A09F0E5F90021E0690DF000FC002188
:10D3C000206A0DF0FCFB20690CF0B3F906480760F9
:10D3D000006808B904480460606811F05CFC2046ED
:10D3E0005FE70000ACC500208C0200209D360008DD
:10D3F000C01A04080021C2681161C26851617047F7
:10D4000001480068704700008C02002000B501460A
:10D4100011B9FFF7F5FF014609B9822000BD086880
:10D420000069C0F3C910F9E701460868C068704791
:10D4300000B5014611B9FFF7E3FF014609B9002025
:10D4400000BD0868007CC0F30110012802D0032849
:10D4500005D100E000BF0868B0F90200F0E70868F5
:10D46000B0F90000ECE710B5044614B9FFF7C8FFA7
:10D4700004461CB900BF00BF002010BD206AFCE7B5
:10D4800010B5044614B9FFF7BBFF04461CB900BF32
:10D4900000BF002010BDE069FCE7000010B50446A5
:10D4A0001CB90448E7F78BF910BD21460148E7F79E
:10D4B0009EF9F9E7ACC5002010B5044614B9FFF792
:10D4C0009FFF04461CB900BF00BF002010BD2069AB
:10D4D000FCE710B5044614B9FFF792FF04461CB9E7
:10D4E00000BF00BF002010BD6069FCE710B5044616
:10D4F00014B9FFF785FF0446A06810BD00B50146CA
:10D5000011B9FFF77DFF014609B9002000BD086889
:10D51000007CC0F30110012802D0032805D100E0EF
:10D5200000BF0868B0F90000F0E70868B0F9020031
:10D53000ECE72DE9FC4705460C4690469946DDE9A7
:10D540000A67207B022801DCBDE8FC87608800B9FF
:10D55000FAE7BE4200D1F7E7CDE900674B46424605
:10D5600021462846D5F810C0E04700BFECE73EB59D
:10D5700004461021204607F0FCFF01206080FF20B8
:10D58000207300BF002001460246D508BDF80030D8
:10D5900065F304038D080093BDF8003065F34A136A
:10D5A000C5080093BDF8003065F3CF230093BDF8A4
:10D5B00000502B460193BDF8041008460290BDF8B8
:10D5C000080020803EBD2DE9FF4F83B081468A468A
:10D5D0001F46DDF84080139C059806B207F5B4702D
:10D5E000804512D1A9EB060000B22080AAEB06000C
:10D5F00000B2608009EB060000B2A0800AEB0600D2
:10D6000000B2E08007B0BDE8F08FB7F5B47F02DD6F
:10D61000A7F5B47087B2B8F5B47F03DDA8F5B47090
:10D620001FFA80F811990598401A00B202901299D9
:10D6300029B1119800EBD0714910491C00E000217C
:10D640000DB25A2097FBF0F0C0B201905A2098FB1F
:10D65000F0F0C0B200900198042801D1032001909D
:10D660000098042801D103200090DDE900108842D1
:10D670007CD147457ADC019858BB38B211F08EFC5A
:10D68000029948430AEBE030401B00B2608007F18A
:10D690005A0000B211F082FC704309EBE0302844DC
:10D6A00000B2A0800FFA88F011F078FC70430AEB0A
:10D6B000E030284400B2E08008F15A0000B211F0D6
:10D6C0006DFC0299484309EBE030401B00B220801A
:10D6D00096E1019801282BD138B211F05FFC70431C
:10D6E0000AEBE030284400B2E08007F15A0000B2B3
:10D6F00011F054FC0299484309EBE030284400B291
:10D70000A0800FFA88F011F049FC029948430AEB17
:10D71000E030401B00B2608008F15A0000B211F006
:10D720003DFC704309EBE030401B00B2208067E114
:10D73000019802282DD107F15A0000B211F02EFCF9
:10D74000704309EBE030401B00B2208038B211F08A
:10D7500025FC029948430AEBE030284400B2E080FF
:10D760000FFA88F011F01AFC704300E040E00AEB79
:10D77000E030401B00B2608008F15A0000B211F0A6
:10D780000DFC0299484309EBE030284400B2A08028
:10D7900036E1019803289BD107F15A0000B211F03D
:10D7A000FDFB0299484309EBE030401B00B22080AA
:10D7B00038B211F0F3FB70430AEBE030401B00B2CB
:10D7C000608008F15A0000B211F0E8FB704309EBE9
:10D7D000E030284400B2A0800FFA88F011F0DEFBA0
:10D7E000029948430AEBE030284400B2E08007E1A8
:10D7F0000198B8BB0098012835D108F15A0000B251
:10D8000011F0CCFB704309EBE030401B00B22080EC
:10D810000FFA88F011F0C2FB834638B211F0BEFB5C
:10D82000834504DA0FFA88F011F0B8FB02E038B251
:10D8300011F0B4FB029948430AEBE030401B00B200
:10D84000608007F15A0000B211F0A8FB704309EBA9
:10D85000E030284400B2A0800AEB0600284400B261
:10D86000E080CDE0FFE7019801283AD10098022836
:10D8700037D1A9EB0600401B00B220800FFA88F0D8
:10D8800011F08CFB70430AEBE030401B00B260806B
:10D8900007F15A0000B211F081FB834608F15A00EB
:10D8A00000B211F07BFB834505DD07F15A0000B2A1
:10D8B00011F074FB04E008F15A0000B211F06EFBA5
:10D8C0000299484309EBE030284400B2A08038B206
:10D8D00011F064FB70430AEBE030284400B2E080B2
:10D8E0008EE0019802283DD1009803283AD107F133
:10D8F0005A0000B211F052FB704309EBE030401BBC
:10D9000000B22080AAEB0600401B00B2608008F144
:10D910005A0000B211F042FB704309EBE03028449A
:10D9200000B2A0800FFA88F011F038FB029900FBDA
:10D9300001FB38B211F032FB02994843834506DD02
:10D940000FFA88F011F02AFB0299484304E038B23C
:10D9500011F024FB029948430AEBE030284400B25E
:10D96000E0804DE0019803283AD10098B8BB08F157
:10D970005A0000B211F012FB834607F15A0000B2C0
:10D9800011F00CFB834505DA08F15A0000B211F0E2
:10D9900005FB04E007F15A0000B211F0FFFA02990A
:10D9A000484309EBE030401B00B2208038B211F050
:10D9B000F5FA70430AEBE030401B00B2608009EBDF
:10D9C0000600284400B2A0800FFA88F011F0E6FAB1
:10D9D00070430AEBE030284400B2E08010E0FFE73B
:10D9E000A9EB060000B22080AAEB060000B260801E
:10D9F00009EB060000B2A0800AEB060000B2E0804E
:10DA000000BFFFE52DE9F04105460E461746984652
:10DA1000B8F1000F08D100BF00BF14A23946284654
:10DA200014F037FDBDE8F081F07A022800DCF9E758
:10DA3000A86940B143463A4631462846D5F818C051
:10DA4000E047044606E043463A4631462846EAF7B0
:10DA500044FA04463CB900BF00BF04A23946284638
:10DA600014F017FDDEE700BFDCE700004E6F0A642C
:10DA7000617461002DE9F84304460D4616461F46C1
:10DA8000DDF82080606908B9BDE8F883CDF8008032
:10DA90003B46324629462046D4F814C0E04700BF32
:10DAA000F2E71CB504461821204607F062FD00BFCE
:10DAB000002211461046FEF768FE0090BDF80010E7
:10DAC00008460190BDF804002081FF20E072401C50
:10DAD0006080012020751CBD704700001FB5C0B0DC
:10DAE0004198807E022801DC44B010BD4198006856
:10DAF00010B900BF00BFF7E74098C06910B900BF78
:10DB000000BFF1E7202238A84199E2F7BFFE419813
:10DB100000683790439810B14398007800B9E3E764
:10DB20004098806802460D9034A84299E5F7A4FB1E
:10DB30003390339800B9D7E74198007F32904198ED
:10DB4000C07E319000BF9DF8C80008B90120329016
:10DB500000BF4198407F00F0020020B94298FCF7D6
:10DB6000D6FD36901AE04198407F41F6FF72419908
:10DB7000B1F91210CDE9001202904198B0F91400E9
:10DB80000C90419800680B9002460DA80C9B43999D
:10DB900011F0F2FABDF93400369000BF00BF37989B
:10DBA000B0F9080030904198B0F91210309808444C
:10DBB0002F9000202E9042980088ADF8B400429833
:10DBC0004088ADF8B60000202C902B904198B0F919
:10DBD00016002C904198B0F918002B90BDF8B610A3
:10DBE0002B98084400B2ADF8B60000202A90401EE1
:10DBF0002990469840B32B9830BB4298B0F9020068
:10DC0000002821DA469881684298B0F90200081A83
:10DC1000002806DD469881684298B0F90200081A8B
:10DC200005E04298B0F9021046988068081A2F99CA
:10DC30004900C1F58061884203DD4FF0FF3146980D
:10DC40000160469800682990469860B1299800289C
:10DC500009DB29982A90BDF8B610469880880844B8
:10DC600000B2ADF8B6004198407F0021CDE9001028
:10DC70004198B0F914000D902A99439808440C90EB
:10DC8000369803B2DDE90C023799E7F72FF92A99A4
:10DC90000844289040E028982A904198407F00212D
:10DCA000CDE900104198B0F914000D9043992A98DD
:10DCB00008440C90369803B2DDE90C023799E7F777
:10DCC00015F90146289808442890BDF8B6102F98F9
:10DCD000084400B2ADF8B6004698C0B1BDF9B60030
:10DCE00010F5806F13DB4698006800280FDA46991C
:10DCF0002A980860BDF9B6104298B0F90200091AD6
:10DD0000469841604298B0F90210469881602A997D
:10DD10004398405C00B9E7E6BDF9B610309801447D
:10DD200040988068B0F902008142B4DB9DF8C800D9
:10DD3000022823D14198407F00904198B0F9140007
:10DD40000D902A992898401A0C90439808440B90FB
:10DD5000DDE90C13379A11F081FA2E904298FCF706
:10DD6000D6FC2E99401A0D9000EBD070BDF8B4107F
:10DD700001EB600000B2ADF8B40022E09DF8C800ED
:10DD800003281ED14198407F00904198B0F91400BB
:10DD90000D902A992898401A0C90439808440B90AB
:10DDA000DDE90C13379A11F059FA2E904298FCF7DE
:10DDB000AEFC2E99401ABDF8B410084400B2ADF87C
:10DDC000B400419840682790419881682691DDE928
:10DDD0002610884206D927980D90269827900D98EE
:10DDE000269000BF4198807F00F0010020B9419843
:10DDF000807F00F00200E8B123A800F06FFA41989C
:10DE00008089ADF88C003798807B18B1379890F9ED
:10DE10000E0000E00120ADF88E004198807E8DF864
:10DE200094004198807FC1089DF8950061F301003E
:10DE30008DF89500002022902090FEF75BFB1E904D
:10DE40000FA801F00BFA4198008AADF84000BDF927
:10DE5000B4000E90EAE1BDF8B4102C98084400B26A
:10DE6000ADF8B4000020229021902A9943980844EC
:10DE70000D90FCE000200C904FF6FF71279888422F
:10DE80000CD02698884209D021992A980844014646
:10DE90000990EA4A4398126890470C9021AB0AAA6D
:10DEA0000BA90D98E7F706F84198407F00F00100B4
:10DEB00000287BD0E2A000780B99884212D12298EA
:10DEC00020B92198209001202290D0E022980128AA
:10DED00002D10020229005E02298022802D10020E1
:10DEE0002290C4E02298012867D10B98202863D1A2
:10DEF000DDE92001081A072859D108A802902099C5
:10DF00000D9808440390062004900298019003980D
:10DF100000900CE000980178019801700198401C75
:10DF200001900098401C00900498401E04900498B2
:10DF30000028EFD100BF8DF826009DF82100049045
:10DF4000F5F7B2FC04469DF820000490F5F7ACFC10
:10DF500004EB001007909DF823000490F5F7A4FC53
:10DF600004469DF822000490F5F79EFC04EB001097
:10DF700006909DF825000490F5F796FC04469DF860
:10DF800024000490F5F790FC04EB00100590059830
:10DF9000C0B204900698C0B203900798C0B2029035
:10DFA000DDE90312FEF709FC1F9003E005E041984C
:10DFB00080891F900220229059E0419880891E900C
:10DFC0002298022801D11F981E90DDE90A21379876
:10DFD00003F065F91D904FF6FF71279888422ED007
:10DFE000269888422BD027990C98884227D32699C7
:10DFF0000C98884223D2BDF8B400ADF82000BDF8DB
:10E00000B600ADF82200BDF8B4101D980144419847
:10E01000808A0844401E00B2ADF82400BDF8B61056
:10E020002F980844401E00B2ADF8260008AA0FA998
:10E03000409801F0F7F84198C0891E9000BFBDF8E4
:10E040007800ADF8EC002DAA38A90B9B409800F0A1
:10E050001FF91D98002809DDBDF8B4104198828A87
:10E060001D981044084400B2ADF8B40000BF2A99CE
:10E070002898401A219988423FF6FCAE4198807F4B
:10E0800000F0020058B30E9800B2ADF8300041988D
:10E090000068B0F90800099000EBD070BDF8B61028
:10E0A00001EB6001BDF98E000A9000EBD07001EB2E
:10E0B000600000B2ADF83200BDF8B400ADF82C003D
:10E0C000BDF83200ADF82E00BDF87800ADF88C0038
:10E0D0000BAB0CAA23A9409800F0E9F800BF4198C7
:10E0E000807F00F0010038B30E9800B2ADF8300028
:10E0F000BDF8B61041980068008901444198006855
:10E100004089091A379890F90D00081A00B2ADF845
:10E110003200BDF8B400ADF82C00BDF83200ADF807
:10E120002E00BDF87800ADF88C000BAB0CAA23A92B
:10E13000409800F0BCF800BF28982A904198407F92
:10E140000021CDE900104198B0F914000C904399DA
:10E150002A9808440B90369803B2DDE90B023799F0
:10E16000E6F7C4FE014628980844289042980088A3
:10E17000ADF8B4009DF8C800022823D14198407F33
:10E1800000904198B0F914000C902A992898401AF0
:10E190000B90439808440A90DDE90B13379A11F06D
:10E1A0005DF82E904298FCF7B2FA2E99401A0C9026
:10E1B00000EBD070BDF8B41001EB600000B2ADF818
:10E1C000B40022E09DF8C80003281ED14198407F8A
:10E1D00000904198B0F914000C902A992898401AA0
:10E1E0000B90439808440A90DDE90B13379A11F01D
:10E1F00035F82E904298FCF78AFA2E99401ABDF80D
:10E20000B410084400B2ADF8B400BDF8B6102F98B1
:10E21000084400B2ADF8B600BDF9B6104098806869
:10E22000B0F90600814200DD5EE400BF2A99439800
:10E23000405C00287FF40FAE00BF55E4F4020020DC
:10E240002300000038B504462021204607F091F94C
:10E25000FF20A076FEF74EF90090BDF80000A081E7
:10E260000A4820604FF6FF706060A060FEF742F938
:10E270000090BDF80000E08105200CF097FF0090B1
:10E28000BDF8000020820020E07638BDC01A0408E6
:10E290002DE9F04104460D4616461F463B463246E0
:10E2A00029462046D4F81CC0E047BDE8F0812DE99E
:10E2B000F04105460C4616461F46608808B9BDE881
:10E2C000F081207A022800DCF9E73B4632462146FD
:10E2D0002846D5F820C0E04700BFF0E73EB5044629
:10E2E0000A21204607F045F901206080FF202072B6
:10E2F00000BF002001460246D508BDF8003065F396
:10E3000004038D080093BDF8003065F34A13C50877
:10E310000093BDF8003065F3CF230093BDF80050A3
:10E320002B460193BDF8041008460290BDF8080082
:10E3300020803EBD02460B46002106E00C4850F806
:10E34000310000B903E0481CC1B21029F6DB00BF60
:10E35000102904DB00BF00BF4FF0FF3070470448B6
:10E3600040F8312000EBC10043600846F6E70000AA
:10E370001CC700202DE9F04F87B081468A4616461B
:10E380001D46109CB4F90A00301A0690B4F9080032
:10E39000AAEB00000590B4F90C00B4287EDAB4F9B9
:10E3A0000E00B428FADAA089002877D0E089002886
:10E3B000FBD0B4F90C10B4F90E0081426EDDB4F953
:10E3C0000A00B04203DD012007B0BDE8F08F606DA8
:10E3D0000699484380120490A16A0698401C414364
:10E3E0004FEAA128B4F90C00B0F5877F0ADDB4F933
:10E3F0000C00B0F5B47F05DAB8F1000F02DA4FF087
:10E4000000081BE0B4F90C00002809DDB4F90C0089
:10E410005A2805DCB8F1000F02DA4FF000080DE0D1
:10E42000B4F90C005A2809DDB4F90C00B0F5877F67
:10E4300004DAB8F1000F01DD4FF00008B4F90E0066
:10E44000B0F5877F0ADDB4F90E00B0F5B47F05DAC8
:10E45000B8F1000F02DA4FF000081BE0B4F90E002B
:10E46000002809DDB4F90E005A2805DCB8F1000FC8
:10E4700002DA4FF000080DE0B4F90E005A2809DD69
:10E48000B4F90E00B0F5877F04DAB8F1000F01DDB2
:10E490004FF000080498A0EB080000E042E04010B4
:10E4A00003904FF0010B01200290039808EB00014C
:10E4B00005980F1AAF4200DD2F46002F10DD04F142
:10E4C00010003BB2324651460090484600F076FAC2
:10E4D0008346BBF1000F03D13946484607F049F89F
:10E4E000AF4200DD2F46002F00DA002704F13C0088
:10E4F000EA1B13B20AEB070211B2009009EB070006
:10E50000324600F05BFA0290029820B9E91B09EB51
:10E51000070007F02EF80298834501D1584653E7CB
:10E52000022051E7B4F90C00B4287DDDB4F90E00E7
:10E53000B428FADDB4F90C10B4F90E008142F4DD10
:10E54000B4F90A00B04201DA01203DE7606D069996
:10E55000484380120490A16A0698401C41434FEA48
:10E56000A128B4F90C00B0F5877F0ADDB4F90C00DE
:10E57000B0F5B47F05DAB8F1000F02DA4FF0000809
:10E580001BE0B4F90C00002809DDB4F90C005A288E
:10E5900005DCB8F1000F02DA4FF000080DE0B4F925
:10E5A0000C005A2809DDB4F90C00B0F5877F04DAB5
:10E5B000B8F1000F01DD4FF00008B4F90E00B0F51E
:10E5C000877F0ADDB4F90E00B0F5B47F05DAB8F143
:10E5D000000F02DA4FF000081BE0B4F90E0000282B
:10E5E00009DDB4F90E005A2805DCB8F1000F02DA93
:10E5F0004FF000080DE0B4F90E005A2809DDB4F917
:10E600000E00B0F5877F04DAB8F1000F01DD4FF09E
:10E6100000080498A0EB0800401003904FF0010B95
:10E6200001200290039800E03BE008EB0001059810
:10E630000F1AAF4200DD2F46002F10DD04F13C0021
:10E640003BB2324651460090484600F0B7F9834647
:10E65000BBF1000F03D13946484606F08AFFAF42AE
:10E6600000DD2F46002F00DA002704F11000EA1B1E
:10E6700013B20AEB070211B2009009EB0700324611
:10E6800000F09CF90290029820B9E91B09EB070001
:10E6900006F06FFF0298834501D1584694E60220A8
:10E6A00092E60127B846B4F90C00B42806D1B4F9B3
:10E6B0000A00B04200DD27E0032725E0A08938B931
:10E6C000B4F90A00B04201DD03271DE001271BE079
:10E6D000B4F90C00B42803DAB4F90A00B04207DC3C
:10E6E000B4F90C00B42805DDB4F90A00B04201DC2D
:10E6F000032709E004F110002B46324651460090F2
:10E70000484600F05BF90746B4F90E00B42809D179
:10E71000B4F90A00B04202DD4FF003082BE04FF0DD
:10E72000010828E0E08948B9B4F90A00B04202DDE6
:10E730004FF001081FE04FF003081CE0B4F90E0091
:10E74000B42803DAB4F90A00B04207DCB4F90E00C9
:10E75000B42806DDB4F90A00B04202DC4FF0030829
:10E7600009E004F13C002B463246514600904846F1
:10E7700000F024F9804617B1B8F1000F01D1002054
:10E7800022E6032F04D1B8F1030F01D100201BE6CC
:10E79000012F04D1B8F1010F01D1012014E60220AC
:10E7A00012E600002DE9F84F0646894692461C46BF
:10E7B0000A9D002C01DA002404E0B4F5B47F01DBEB
:10E7C00040F26714002D01DA002504E0B5F5B47FAE
:10E7D00001DB40F26715A54205DAC4F5B4702844A0
:10E7E000A6F8680007E0281B002801DD281B00E0D0
:10E7F000601BA6F86800B481F581A6F80890A6F819
:10E800000AA0264830600120307100BF002C02DBD6
:10E81000B4F5B47F03DD00BF00BF00BFFEE700BF5B
:10E82000002C03DBB42C01DA002707E0B42C04DB56
:10E83000B4F5B47F01DA012700E0012700BF002D05
:10E8400002DBB4F5B47F03DD00BF00BF00BFFEE70D
:10E8500000BF002D04DBB42D02DA4FF0010809E0FF
:10E86000B42D05DBB5F5B47F02DA4FF0000801E006
:10E870004FF0010823465246494606F11000009722
:10E8800000F032F92B465246494606F13C00CDF8DD
:10E89000008000F029F9BDE8F88F000075E3010859
:10E8A0002DE9F84F0746884691469A464FF0000BEF
:10E8B000104C15E0256801262068009053464A4612
:10E8C00041463846D5F800C0E047064616B9002054
:10E8D000BDE8F88F022E01D14FF0010B083400BFC4
:10E8E00020680028E6D1BBF1000F01D00220EFE73D
:10E8F0000120EDE71CC7002070B50446264630799C
:10E90000022814D12546686980B168690069002829
:10E9100007DA6969486806F015FC686906F012FCB8
:10E9200004E068694069401E6969486107E0307920
:10E93000052804D12546A86806F004FC00BF70BD78
:10E940002DE9F04106463EB91B48006810B1012090
:10E95000BDE8F0810020FBE7002428E0164850F8CD
:10E96000347007B921E0387902281BD1124850F8D9
:10E970003450A87C00F0010048B1B5F9102005F131
:10E9800008013046E4F734FD58B90120E0E7B5F955
:10E99000102005F108013046E4F7AFFC08B901206A
:10E9A000D6E701E00120D3E700BF601CC4B2102C01
:10E9B000D4DB0020CCE700001CC700202DE9F84F75
:10E9C00082460D4690461E460A9CA08AA8EB00008F
:10E9D0000FFA80F8608A281A05B2206A00286BD1E5
:10E9E00094F8280000F0010010B3207C00F0030030
:10E9F00020B1207C00F00300012802D10120BDE8F5
:10EA0000F88F207C00F00300022805D108F10100F6
:10EA1000002801DA0120F2E7207C00F0030003283F
:10EA200004D1B8F1000F01DD0120E8E70020E6E79E
:10EA3000207C00F00300022804D0207C00F00300BA
:10EA4000032801D10120DAE7207C00F0030001282F
:10EA500002D1002D00DDD2E7207C00F00300A0B938
:10EA6000A819002801DA0120C9E76F42002F01DA56
:10EA70000020C4E7002F06DBB74204DAF11B0AEBE3
:10EA8000070006F076FD0220B9E7A819002801DA90
:10EA90000020B4E76F42002F00DA0027B74201DB05
:10EAA0000020ACE7002F05DBB74203DA39465046B9
:10EAB00006F05FFD0220A2E794F8280000F00100B4
:10EAC00040B133464246294650460094FAF7EEFBE1
:10EAD000814607E033464246294650460094FAF7FD
:10EAE000D6FC814648468AE72DE9FC4781460D461B
:10EAF00016461C46DDF828A0B42C02DDA4F1B400B3
:10EB000004B204F15A0000B210F048FA05EB6017A5
:10EB1000204610F043FA06EB60180FFA88F03BB27B
:10EB200032462946CDE9000A484600F003F8BDE820
:10EB3000FC8700002DE9F05F04460F461546984615
:10EB4000DDE90A6B2C21204606F013FDB54206D103
:10EB5000BBF1030F03D1681E05B2701E06B2B542A9
:10EB600006DD4046B846074630462E46054600BFFD
:10EB700027816581A4F80C80E68184F810B0678253
:10EB8000A582A8EB0700002802DDA8EB070001E042
:10EB9000A7EB0800711B002901DD711B00E0A91B18
:10EBA000884201DD012000E0002094F8281060F385
:10EBB000000184F828100020E061A061474820602F
:10EBC00000202071A8EB0709A6EB050A94F828009D
:10EBD00000F00100C0B1B9F1000F07D04FF480116F
:10EBE00091FBF9F000FB0AF18912E161BAF1000F23
:10EBF00007D04FF4801191FBFAF000FB09F1891264
:10EC0000A161E169216218E0BAF1000F07D04FF469
:10EC1000801191FBFAF000FB09F18912A161B9F1B1
:10EC2000000F07D04FF4801191FBF9F000FB0AF1BF
:10EC30008912E161A169216200BF207C00F003001C
:10EC400030B994F8280020F0020084F8280039E058
:10EC5000207C00F00300012807D194F8280020F060
:10EC60000200801C84F828002CE0207C00F00300C7
:10EC7000022811D1206A002807DD94F8280020F02E
:10EC80000200801C84F828001CE094F8280020F082
:10EC9000020084F8280015E0207C00F0030003281F
:10ECA00010D1206A002806DD94F8280020F0020028
:10ECB00084F8280006E094F8280020F00200801C68
:10ECC00084F82800206A80106062206A002802DA36
:10ECD000606A40426062BDE8F09F0000BDE9010843
:10ECE0002DE9F04F8DB080468B4691461D46169813
:10ECF000807C00F001000C901698B0F910000B9089
:10ED00001699083109A8FBF721FC0C9858B9BDF9F0
:10ED10002600484503DCBDF92A0048450DDA0020ED
:10ED20000DB0BDE8F08FBDF92600484503DCBDF904
:10ED30002A00484501DA0120F2E7BDF924100B98BA
:10ED40000844584507DC0BEB0501BDF928200B985A
:10ED5000101A81420BDDBDF926100B980844484576
:10ED600059DCBDF92A100B98081A484553DB0C985A
:10ED700058BBBDF92400A0EB0B0001900198A842FC
:10ED800001DD0020CCE70198002803DB4046019913
:10ED900006F0EFFBBDF92800A0EB0B0000F1010A23
:10EDA000BAF1000F01DC0020BAE7AA4505DAA5EBAD
:10EDB0000A0108EB0A0006F0DCFB019818B9AA4525
:10EDC00001D10120ACE70220AAE7BDF92400A0EBA5
:10EDD0000B0ABAF1000F01DA4FF0000AAA4517DC5E
:10EDE000BDF92800A0EB0B00A0EB0A00401C01902D
:10EDF00001985044A84202DDA5EB0A000190019859
:10EE0000002804DB08EB0A00019906F0B2FB00BF02
:10EE100000BF022084E7BDF92400A0EB0B0008909E
:10EE200009A8FBF77BFC079009A8FBF7EFFB06900E
:10EE3000BDF82400ABEB00000FFA80FBBDF8260004
:10EE4000A9EB00000FFA80F90B98814506DA0B98C0
:10EE5000A0EB0900401E00B2039006E00B99069853
:10EE6000401AA9EB000000B20390169904AB05AA62
:10EE700048690399F3F78AFD0290DDE90710014420
:10EE80000B98081ABDF81010084406B20B990898A0
:10EE90000844BDF81010401A401E07B20C98002814
:10EEA00063D1002425E0BDF91400001B401E029927
:10EEB00011F800A0301900280BDB3019A84208DA3D
:10EEC000301918F80010504610F033FF311908F8C7
:10EED0000100381B0BD4381BA84208DA381B18F87D
:10EEE0000010504610F025FF391B08F80100601C87
:10EEF00004B2BDF914008442D5DB3019A84201DA0E
:10EF0000301900E02846002801DA002005E0301919
:10EF1000A84201DA301900E0284606B2A91B08EB26
:10EF2000060006F026FBBDF91400381A401CA84262
:10EF300004DABDF91400381A401C00E02846002805
:10EF400001DA00200BE0BDF91400381A401CA84279
:10EF500004DABDF91400381A401C00E0284607B254
:10EF60003946404606F005FB5FE0002427E0BDF986
:10EF70001400401E011B0298405CC0F1FF0000908D
:10EF8000301900280BDB3019A84208DA301918F8BC
:10EF90000010009810F0CDFE311908F80100381B60
:10EFA0000BD4381BA84208DA381B18F80010009858
:10EFB00010F0BFFE391B08F80100601C04B2BDF957
:10EFC00014008442D3DB781CA84200DA00E0284613
:10EFD000002801DA002004E0781CA84200DA00E0F2
:10EFE00028460FFA80FAA6EB0A00A5EB0A01884230
:10EFF00002DAA6EB0A0001E0A5EB0A00002801DA1C
:10F0000000200AE0A6EB0A00A5EB0A01884202DA1A
:10F01000A6EB0A0001E0A5EB0A0000B2019008EBA4
:10F020000A00019906F0A5FA00BF022078E6000068
:10F030002DE9F84F07468846154699464046FBF7A6
:10F040006DFB83464046FBF7E1FA0090009883454C
:10F0500001DA584600E000988246B5EB6A0F02DDFF
:10F060004FEA6A0005B2002D00DA0025414607F19B
:10F070000800FBF76BFA3D8287F812905148386020
:10F08000022038711DB900207861BDE8F88F002496
:10F0900040E0C4EBC4004C4901EB8000B0F918001B
:10F0A000A84236D1C4EBC40001EB80004069401C8B
:10F0B000C4EBC401444A02EB81014861C4EBC400C3
:10F0C000114601EB80000169102D01DA012000E0FA
:10F0D00028110844B0F57A7F0CDAC4EBC4003A4931
:10F0E00001EB80000169102D01DA012000E02811F8
:10F0F000084401E04FF47A70C4EBC401324A02EBD9
:10F1000081010861C4EBC400114601EB8000786105
:10F11000BBE7641C042CBCD3002600241BE0C4EB1A
:10F12000C400294901EB8000406998B926B9C4EBB5
:10F13000C40001EB80060DE0C4EBC400224901EBE2
:10F14000800000693169884204DAC4EBC4001E49BA
:10F1500001EB8006641C042CE1D396B91C2005F059
:10F1600023FF064600BF1EB900BF00BF00BFFEE779
:10F1700000BF1C21304606F0FCF94FF0FF30306133
:10F1800019E07069401C7061002030613169102DF8
:10F1900001DA012000E028110844B0F57A7F07DA8F
:10F1A0003169102D01DA012000E02811084401E046
:10F1B0004FF47A7030617E6129467869E8F76CF91E
:10F1C00000BF62E7E1EC0108ACC6002070B505465F
:10F1D000002600240DE0094800EBC4004068A84266
:10F1E00005D1064850F83460204600F009F8601C4C
:10F1F000C4B2102CEFDB304670BD00001CC70020ED
:10F20000014600204A1C4AB1054A52F8310000224A
:10F21000034B43F8312003EBC1035A6070470000F1
:10F220001CC7002070B505460E46144600BFE08896
:10F230006188401A401C00B2012807DB00BFA0888B
:10F240002188401A401C00B2012800DA70BD224615
:10F2500031462846EB68984700BFF7E738B50446C3
:10F260003821204606F085F9FDF78DFC0090BDF8A9
:10F270000000A080FDF787FC0090BDF80000E08052
:10F28000FDF743F90090A01DBDF800106181FF213A
:10F2900021730221A173FDF738F90090BDF8000039
:10F2A0000C346082FDF731F90090BDF80000208435
:10F2B0000848A060FF2004F8090CA073A077A0758F
:10F2C00084F82A00E07D20F03E001E30E0750C3C02
:10F2D00038BD0000C01A04082DE9F04FC9B08146BE
:10F2E0000D4614469846539F529E287B022802DC06
:10F2F00049B0BDE8F08F688800B9F9E7BE4200D197
:10F30000F6E7B5F902A0C24501DD0FFA88FA3BA87D
:10F31000FFF7A4FF687B00F003008DF8EE00A868FB
:10F3200040B100208DF8EF00A8683F90287B8DF851
:10F33000060105E0287B8DF8EF002888ADF8F00085
:10F340002088A0EB080000B2ADF8E4006088A0EBD4
:10F35000080000B2ADF8E60020884044401E00B22C
:10F36000ADF8E80060884044401E00B2ADF8EA0005
:10F3700000BFBDF8E400ADF8DC00BDF8E600ADF874
:10F38000DE00BDF8E800ADF8E000BDF8EA00ADF839
:10F39000E20000BFBDF8DC006988084400B2ADF8A7
:10F3A000DC00BDF8DE006988084400B2ADF8DE007C
:10F3B000BDF8E0006988401A00B2ADF8E000BDF881
:10F3C000E2006988401A00B2ADF8E2004FF0FF3B5E
:10F3D00000BFBDF8E000BDF8DC10401A401C00B2D0
:10F3E000002815DD00BFBDF8E200BDF8DE10401AB0
:10F3F000401C00B200280BDD012347F6FF7237A93D
:10F4000031A8FFF715FE002131A8FEF793FF8346D0
:10F41000002347F6FF7239A92BA8FFF709FE002148
:10F420002BA8FEF787FF2A9006F5B470B84203D0E8
:10F4300007F5B470864218D147F6FF70ADF8EC00BE
:10F4400039AA3BA94846FFF7EDFE2A98FFF7D8FEF8
:10F450000BF1010010B15846FFF7D2FE2BA8FFF7C1
:10F460004BFA31A8FFF748FA42E702E0A6F5B4707C
:10F4700086B2B6F5B47FF9DA02E0A7F5B47087B2C8
:10F48000B7F5B47FF9DA38B20090B4F90220B4F9D4
:10F49000001033B20FA8FFF785F900210FA8FEF77F
:10F4A00049FF0E90B74204DDB81BC0F5B4700D9053
:10F4B00001E0F01B0D90D9F808000C900D983C2845
:10F4C0002EDDB8F10A0F2BDD05940FFA88F0ADF8A8
:10F4D0001800ADF81A60ADF81C705A2096FBF0F0D9
:10F4E00000F00300ADF81E005A2097FBF0F000F08A
:10F4F0000300ADF82000ADF822A03BA8099039A880
:10F500000A90CDF82C9005A8EDF775FF05A8EEF749
:10F5100096F805A8EEF7BCF905A8EEF7E7FA04E0BF
:10F5200039AA3BA94846FFF77DFE0FA8FFF7E4F98B
:10F530002BA8FFF7E1F931A8FFF7DEF90E98FFF7E6
:10F540005FFE2A98FFF75CFE0BF1010010B15846F0
:10F55000FFF756FE687BC0F3800000287ED00AF0DB
:10F56000FF0204AB0FFA88F130B2F3F75FFBBDF88E
:10F5700010002188084400B2ADF81000BDF8140056
:10F580002188084400B2ADF81400BDF8120061886B
:10F59000084400B2ADF81200BDF8160061880844B6
:10F5A00000B2ADF8160004AA02A80C99E3F764FEB5
:10F5B000D0B1002347F6FF7204A906A8FFF738FD73
:10F5C000002106A8FEF7B6FE019002A8C9F80800BF
:10F5D00039AA3BA94846FFF725FE0198FFF710FE20
:10F5E00006A8FFF789F900BF0AF0FF0204AB0FFA83
:10F5F00088F138B2F3F71AFBBDF8100021880844EF
:10F6000000B2ADF81000BDF814002188084400B223
:10F61000ADF81400BDF812006188084400B2ADF8DE
:10F620001200BDF816006188084400B2ADF816005B
:10F6300004AA02A80C99E3F71FFEE0B1002347F6E5
:10F64000FF7204A906A8FFF7F3FC002106A8FEF745
:10F6500071FE019002A8C9F8080000E00FE039AA85
:10F660003BA94846FFF7DEFD0198FFF7C9FD06A854
:10F67000FFF742F900BF0C98C9F8080000BF00BFAF
:10F6800036E670B504460D461646324629462046F3
:10F69000E8F79CFE324629462046E9F78CF870BD13
:10F6A0007CB504460D46287E022800DC7CBDA2689D
:10F6B00068462968E3F7E0FD00B9F7E7E06A10B1B2
:10F6C0002046E16A884729462046626B904700BF82
:10F6D000ECE72DE9F04F89B007460C46E06800B929
:10F6E0000026E06820B1207C10B909B0BDE8F08F99
:10F6F000207C012801D1002600E0E6687868FAF74E
:10F70000E3FF8346BA6807A82168E3F7B5FD00B9AF
:10F71000EBE7E5F78DFB814638680690D9F80000E5
:10F72000C06988B9BDF91C007968B1F90010401AA8
:10F73000BDF91E107A68B2F90220891A0BFB01018B
:10F74000069800EB41000690D4F804A0BAF1000F2F
:10F7500014D02068FAF7B8FF8046BDF91C00216874
:10F76000B1F90010411ABDF91E002268B2F9022059
:10F77000821A08FB02100AEB400A01E04FF0000871
:10F780009EB16069FAF7A0FF05466069B0F9000014
:10F79000BDF91C10411A6069B0F90200BDF91E20C4
:10F7A000821A05FB0210064400E0002578684088B4
:10F7B000404202B278680088404201B207A8FAF7D6
:10F7C000F6FFD9F80000C069D0B1606860B9207E4A
:10F7D000CDE901650090208903465A4607A90590A6
:10F7E0000698F1F788FA46E0207E53465A4607A964
:10F7F000CDE90080CDE90265069810F0FAF93AE00B
:10F800006068E8B9607E60B9207ECDE9016500904E
:10F81000208903465A4607A905900698F1F7C6F8CD
:10F8200029E0607E217ECDE9016500910390208969
:10F8300003465A4607A905900698F1F705F81AE01D
:10F84000607E58B9207E53465A4607A9CDE900800C
:10F85000CDE90265069810F025F80CE0607E217E67
:10F8600053465A46CDE90081CDE90265049007A9C7
:10F8700006980FF08DFF00BF37E72DE9FF4FB1B0BD
:10F880000C461746DDF8F880319988680188ADF894
:10F89000BC104188ADF8BE108188ADF8C010C18899
:10F8A000ADF8C21000BF2FA8FFF74AF82E901C2118
:10F8B00027A805F05EFEE07A8DF8B400207B00F00A
:10F8C0000F008DF8B5002E9890B9208880B9608817
:10F8D000B0F5807F0CD1B8F1040F09D1A07A38B906
:10F8E00027973498289027A93198FFF7D9FE51E23D
:10F8F000B8F1050F01D1032000E00220814638460F
:10F90000FAF7E9FE26904FF47F40002100F47C4294
:10F9100041EA5211C0F3C40211431F91BDF87C208B
:10F920001146249100252FA8FAF762FE23902FA8F4
:10F93000FAF7D1FE8346BDF8BC00ADF88400BDF8EF
:10F94000C000ADF88800BDF8BE00ADF88600BDF877
:10F950008600ADF88A0021A82790208818B9608811
:10F96000B0F5807F01D0012000E0002020902E988B
:10F9700000287ED120980028FBD1B8F1050FF8D1DE
:10F98000A07A0028F5D1E5F753FA1990FDF750FD5C
:10F990001F902FA8FAF772FE1F99884201D91F986D
:10F9A00002E02FA8FAF76AFE1E901E99480005F0A3
:10F9B00035FB1D901E9805F031FB1C901C982A9079
:10F9C00021A82C9002208DF8AC001D982890349E20
:10F9D000BDF9BE00B7F90210401A2699484300FB52
:10F9E0000966BDF9BC00B7F90010401A00FB0966B2
:10F9F00000201A903BE0B24600201B9013E09AF8DA
:10FA000002001C99485548B19AF800109AF8012054
:10FA100001EB02218AB21D9921F815201B98401C88
:10FA20001B90CA446D1C1B985845E8DB269800FBC8
:10FA3000096605EB0B011E98814206D8BDF88A00C5
:10FA4000401C00B2ADF88A000EE027A93198FFF7FC
:10FA500027FEBDF88A00401C00B2ADF88600BDF854
:10FA60008600ADF88A0000251A98401C1A90239948
:10FA700000E019E01A988842BDDBBDF98600BDF9A7
:10FA80008A10884209D0BDF88A00401E00B2ADF845
:10FA90008A0027A93198FFF703FE1C9805F03AFB6E
:10FAA0001D9805F037FB74E1E5F7C2F90290FDF708
:10FAB000BFFC1F902FA8FAF7E1FD1F99884201D9DA
:10FAC0001F9802E02FA8FAF7D9FD1E901E99480052
:10FAD00005F0A4FA1D901E9805F0A0FA06462A9695
:10FAE00021A82C9002208DF8AC001D9828900020B1
:10FAF0001C904C2109A805F03CFD209828B32088D3
:10FB000000B2ADF830006088ADF83200349809904A
:10FB1000269800B2ADF828003846FAF769FDADF82E
:10FB20002A008DF83680A088ADF82C00E088ADF86A
:10FB30002E002089ADF83400207D00F001008DF802
:10FB4000370009A8E4F7D0FA15E034981C90BDF905
:10FB5000BE00B7F90210411A269841431C9801FBD8
:10FB600009001C90BDF9BC00B7F90010411A1C989F
:10FB700001FB09001C90002007900890A07AC0F1BA
:10FB8000FF000690A07AC8B122890292A07A07A944
:10FB9000BDF80820D20A12FB00F20A80BDF8082046
:10FBA000C2F3451212FB00F24A80BDF8082002F0B1
:10FBB0001F0212FB00F28A8000BF00BFB8F1040FE1
:10FBC00005D1208818B96088B0F5807F01D0022067
:10FBD00000E001208DF8AC002E9818B130461E9937
:10FBE00005F0FEFCBDF98600B7F90210401A03903B
:10FBF00000200490B1E0DDF870A00295BDF984000A
:10FC0000B7F90010401A0190002005904BE02098B1
:10FC1000B8B1DDE90303184402B2059B019818440A
:10FC200001B209A8E3F7D5FF0090009810B90020B1
:10FC3000705533E009A8807D7055BDF838002590D7
:10FC40001EE0B8F1050F05D19AF80200705500B911
:10FC500024E001E0FF2070559AF800009AF80110A6
:10FC600000EB012080B22590B8F1060F08D1BDF855
:10FC70009400BDF89010884202D1002070550DE02C
:10FC8000A07A28B107A8069A2599FCF710FF2590BD
:10FC9000BDF894101D9820F8151000BF0598401C61
:10FCA00005906D1CCA4405985845B0DB2E98E8B104
:10FCB000BDF8BEC0049B63441AB2BDF98410029B18
:10FCC000F0185B46FEF7ECFD0090009840B90299F1
:10FCD0007018594605F04DFC02208DF8AC0004E088
:10FCE0000098022801D18DF8AC0000BF26991C981D
:10FCF00001FB09001C9005EB0B011E98814206D206
:10FD0000BDF88A00401C00B2ADF88A0022E027A9A5
:10FD10003198FFF7C5FCBDF88A00401C00B2ADF871
:10FD20008600BDF88600ADF88A000025B8F1040F02
:10FD300005D1208818B96088B0F5807F01D00220F5
:10FD400000E001208DF8AC002E9818B130461E99C5
:10FD500005F046FC0498401C0490239904988842BE
:10FD6000FFF649AFBDF98600BDF98A10884209D077
:10FD7000BDF88A00401E00B2ADF88A0027A931986C
:10FD8000FFF78EFC304605F0C5F91D9805F0C2F965
:10FD900000BF00BF35B0BDE8F08F000070B506466B
:10FDA0000C4625463821284605F0E3FB0948286122
:10FDB0000948E8600948A8620948E861094868619B
:10FDC00009482862094868620948E8620948686386
:10FDD00070BD0000D9F201088904020883F6010809
:10FDE000F9FD01087BF80108F1FE0108F5000208A1
:10FDF000C5040208D3F601082DE9F04387B0054693
:10FE00000E4690461C460023224603A9306801F0A6
:10FE1000B4F98146B9F1000F0ED1202C09D34FF669
:10FE2000FF00844205D042F20C00844201D000BFA2
:10FE300000BF07B0BDE8F083BDF8140010B1BDF8F5
:10FE4000120000B9F5E7B8F80000BDF81610084434
:10FE500000B2ADF808003068008931684989401A5D
:10FE6000B8F802100844BDF81410401ABDF8181074
:10FE7000401A00B2ADF80A00BDF90800BDF8121032
:10FE80000844A968B1F90010884217DBBDF90800E1
:10FE9000A968B1F90410884210DCBDF90A00BDF868
:10FEA00014100844A968B1F90210884206DBBDF9B4
:10FEB0000A00A968B1F90610884200DDB9E72146B9
:10FEC000039801F04BF9074617B900BF00BFB0E730
:10FED0000398007B00F0030008B100BF06E003AB0D
:10FEE00002AA314628460097EBF776F800BFA0E754
:10FEF0002DE9F04F93B080460E4614461D4670889B
:10FF000010B913B0BDE8F08F307A022800DCF8E7B2
:10FF1000B4F90000B5F90010884206D1B4F9020026
:10FF2000B5F90210884200D1EBE7B4F90010B5F939
:10FF30000020914202DAB4F9001001E0B5F9001096
:10FF4000B6F9020000EBD072A1EB620109B2ADF884
:10FF50004410B4F90010B5F90020914202DDB4F963
:10FF6000001001E0B5F90010B6F9020000EBD07204
:10FF700001EB620109B2ADF84810B4F90210B5F90D
:10FF80000220914202DAB4F9021001E0B5F9021040
:10FF9000B6F9020000EBD072A1EB620109B2ADF834
:10FFA0004610B4F90210B5F90220914202DDB4F90D
:10FFB000021001E0B5F90210B6F9020000EBD072B0
:10FFC00001EB620109B2ADF84A1011A911A8D8F8E5
:10FFD0000820E3F751F98246BAF1000F00D190E70B
:10FFE000D8F808B011A8C8F80800B4F90200B5F9AB
:10FFF0000210884206D12B46224631464046EBF796
:020000040802F0
:10000000C9F912E0B4F90000B5F90010884206D130
:100010002B46224631464046EBF7D6FC05E02B4600
:10002000224631464046EBF7A1FA707AC0F3C00091
:1000300020B9707AC0F38000002857D003A8FFF7DA
:100040000DF93088ADF8100047F6FF70ADF80C00E0
:10005000307A8DF80F00B6F902004710B07800F042
:10006000010080F00109707AC0F38000E0B12088BF
:10007000C01B00B2ADF804006088C01B00B2ADF830
:10008000060020883844A0EB090000B2ADF8080053
:1000900060883844A0EB090000B2ADF80A0001AA5C
:1000A00003A94046FFF7BEF8707AC0F3C000E0B184
:1000B0002888C01B00B2ADF804006888C01B00B2DD
:1000C000ADF8060028883844A0EB090000B2ADF86E
:1000D000080068883844A0EB090000B2ADF80A00B7
:1000E00001AA03A94046FFF79DF800BFC8F808B071
:1000F00000BF06E72DE9FF4F93B090461E46032E42
:1001000002DA17B0BDE8F08FB8F1000F00D1F8E7C0
:10011000B00004F083FF044604B9F2E70020129017
:10012000D8F80000206000251EE038F92510681C72
:1001300038F9200081420AD108EB8500B0F902109D
:10014000681C08EB8000B0F9020081420AD01298C6
:1001500004EB800008EB8501096801601298401CDF
:1001600080B21290681C85B2701EA842DDDCB8F91E
:10017000001038F92000814208D1B8F90210701E31
:1001800008EB8000B0F9020081420BD0129804EB1A
:100190008001701E08EB8000006808601298401C07
:1001A00080B21290129E032E03DA204604F0B2FFB2
:1001B000A7E7B44903C9CDE9100100253DE0BDF929
:1001C000400034F92510884202DABDF9400001E010
:1001D00034F92500ADF84000BDF9420004EB85017B
:1001E000B1F90210884202DABDF9420003E004EBE3
:1001F0008500B0F90200ADF84200BDF9440034F9C1
:100200002510884202DDBDF9440001E034F92500E3
:10021000ADF84400BDF9460004EB8501B1F90210C8
:10022000884202DDBDF9460003E004EB8500B0F929
:100230000200ADF84600681C85B2B542BFDB1398DA
:1002400010A982680DA8E3F717F80F900F9818B956
:10025000204604F05FFF54E7139880680C900DA9C6
:1002600013988160B4F902000B9000200A900125D8
:100270000FE004EB8500B0F902100B98814206DA1A
:1002800004EB8500B0F902000B9028B20A90681CBC
:1002900085B2B542EDDB2C2106FB01F004F0BEFE79
:1002A000099009980890DDF828A0DDF828A0D34629
:1002B00000200790DDF828A0AAF10107002F00DA3E
:1002C00037440A9800F10109701E484501DA4FF0E1
:1002D000000934F827100A9834F82000081A01B2EF
:1002E000069134F829100A9834F82000081A01B24F
:1002F000059104EB870041880A9804EB8000408850
:10030000081A00B2049004EB890041880A9804EBB3
:1003100080004088081A00B2039000200290DDE9B6
:10032000040110FB01F20699039810FB01F08242D0
:1003300001DA0120029000BF029860B9AAF101071A
:10034000002F00DA37440BF10109701E48450EDA20
:100350004FF000090BE00AF10107701EB84200DA05
:100360000027ABF10109B9F1000F00DAB14404EB49
:100370008700B0F9020004EB8A01B1F9021088424B
:100380002CDB04EB8700B0F9020004EB8A01B1F921
:10039000021088421ED034F9270034F92A1088420E
:1003A00018D0012104EB8700B0F90200CDE900016B
:1003B00034F9273004EB8A00B0F9022034F92A100E
:1003C0000898FEF7B7FBDDE90801FDF7B3FF0898D1
:1003D0002C3008900798401C0790BA460798B04206
:1003E00000D13AE004EB8900B0F9020004EB8B0184
:1003F000B1F9021088422CDB04EB8900B0F902004D
:1004000004EB8B01B1F9021088421ED034F92900A7
:1004100034F92B10884218D0002104EB8900B0F980
:100420000200CDE9000134F9293004EB8B00B0F96A
:10043000022034F92B100898FEF77CFBDDE9080157
:10044000FDF778FF08982C3008900798401C07901B
:10045000CB460798B042FFF46FAF00BF10AADDE9AA
:100460001301FEF7DFFE0998FEF7B0FE099804F0CD
:1004700051FE204604F04EFE13990C98886000BF90
:100480003FE6000048BA030870B504460D4616461C
:10049000324629462046EEF7C5FA3246294620461E
:1004A000E7F794FF324629462046E8F784F93246BA
:1004B00029462046E8F79BFA324629462046ECF7C3
:1004C0005FFE70BD704770B5044600BF00BF0121DC
:1004D000204606F096F925464FF6FF706887012101
:1004E000686A05F031FC00222021204600F05CFC07
:1004F00070BD00002DE9F04180460C4625460020E5
:1005000045F8240FE86018A0A86000206860287EE5
:1005100020F0100010302876287E20F020002030B7
:10052000287600206882A8824FF6FF70E8820020BB
:100530002882287E20F00F00083028764FF4806152
:10054000204605F001FC09A1204600F04CFB2046A6
:1005500006F0B2FF074600F047F9286055F8246915
:100560007462BDE8F0810000EF81B8004F707469DB
:100570006F6E20310A4F7074696F6E20320A4F70AF
:1005800074696F6E2033000070B5044600BF00BF71
:100590002146044806F045F80546284606F0B6F818
:1005A000284670BDBC72040870B506460D462C4640
:1005B000606A20B1606A06F0B9F90020606294F8C0
:1005C0003C00C0F3001020B9206B04F0BBFD0020FC
:1005D000206370BD2DE9F84F89464946584806F01A
:1005E000D9FD8046B8F1010F01D0BDE8F88F48462B
:1005F00000F073FB0546484600F0D0FB07463C463A
:100600000E2D1BD1384606F0F5FE8346584601F004
:10061000BBFA064602F068FD009002F0BAFD824681
:10062000BAF1040F09D11EB1384600F033F904E0E5
:10063000208FE0863846FFF746FF7FE00F2D01D080
:10064000102D03D13846FFF73EFF77E0082D07D184
:100650003846E5F7C0FF8046B8F1010F6ED0C4E719
:100660002A2D03D1384609F010FE67E0292D03D169
:10067000384609F00AFE61E02C2D0DD1484600F005
:100680008AFB06460021384608F0FFFA82465046AB
:1006900000F020FE708051E00D2D4AD1484600F058
:1006A0007AFB0678132E01D0122E13D1384600F0B3
:1006B0008EF818B9384600F0EDF839E0E08E401CAD
:1006C000A18E884234DAE08E401CE08638460FF076
:1006D00097FE2DE0142E01D0112E11D1384600F0D6
:1006E00076F818B9384600F0D5F821E0E08E0028F9
:1006F0001EDDE08E401EE08638460FF081FE17E0DA
:100700001B2E05D1208FE0863846FFF7DCFE0FE078
:100710000A2E0DD102F0FCFC8246BA4507D03846BD
:10072000E5F759FF8046B8F1010F00D05DE700BF43
:1007300004E0152D02D14846EBF78AFC00BF54E7D0
:10074000BC720408014600BF00BF0A46D08E704745
:100750002DE9F05F81460F46924600BF00BF4D462F
:100760004FF0000B286B20B1286BE0F72BF8804688
:1007700003E000203870BDE8F09F002406E0286BFD
:10078000005D0A2801D10BF1010B641C444502D223
:10079000288F5845F3D100260EE0BAF1000F06D09D
:1007A000AAF10100B04202D800BF00BF0AE0286BE6
:1007B000005DB855761C641C444503D2286B005D6F
:1007C0000A28EAD100BF0020B85500BFD3E770B5B2
:1007D000044600BF00BF25460121686A08F00CFCF2
:1007E00080F0010070BD000070B5044600BF00BF7E
:1007F0002146044805F015FF0546284605F086FF0A
:10080000284670BDD87204082DE9F05F83468846FB
:10081000404600F062FA0446182C08D041461C48B5
:1008200006F0B8FC0546012D01D0BDE8F09F40461A
:1008300000F0B4FA0646D6F824904F46082C09D1A9
:1008400002F052FC824602F094FCF8B93046F8F708
:1008500095FF1BE0012C03D13046F8F76AFF15E045
:10086000092C06D14FF6FF707887304608F061FFFB
:100870000CE0182C0AD14046EBF780F941460448B9
:1008800006F088FC0546012D00D0CEE700BFCCE77E
:10089000D87204082DE9F04F87B0054600BF00BFAD
:1008A0002C460121284605F08CFA284606F004FE65
:1008B00083465946606A0AF0C9F84FF0FF31606A12
:1008C00009F0F6F80121606A05F05AFF00221F21A5
:1008D000284600F069FA2846F1F73DFF0690216BA3
:1008E000069804F0DAF842F2D171606A0AF08EFBE1
:1008F00006980AF0DDFB606A08F021FB8346284673
:1009000008F01DFB834513DC94F83C0000F00F0059
:10091000042805D094F83C0000F00F00082807D107
:10092000284608F00CFB83465946606A0AF06EFBC5
:10093000069806F069FD05900021606A07F0D0FC7A
:1009400081460021606A08F092F8484401B204919F
:100950000020D4F824B0029041F6110258460299C2
:1009600008F0C6F801900198484400B20390DDE910
:1009700004100144039808440FFA80F8464694F89E
:100980003C0000F00F0794F83C0000F00F0008282E
:1009900024D1FCF735FD8346FCF7B0FDB5F91A10FC
:1009A000314488423CDAFCF72BFD8346FCF7A6FD78
:1009B000B5F91A10411AB5F91600814204DA042774
:1009C000E88A401E06B22BE0FCF71AFD8346FCF7CE
:1009D00095FD698B401A401E06B221E094F83C0058
:1009E00000F00F0004281BD1B5F91600801B17D5A5
:1009F000FCF706FD8346FCF781FDB5F91A10411A94
:100A0000B5F91600814209DD0827FCF7F9FC834699
:100A1000FCF774FD698B401A06B201E0B5F9166067
:100A2000464500DD46463146606A09F0D2FF284659
:100A30000FF0E6FC082F08D10020009000230D22C3
:100A40002946606A05F040FA1FE0042F08D1002013
:100A5000009000230A222946606A05F035FA14E066
:100A6000012F08D100200090002310222946606A3F
:100A700005F02AFA09E0022F07D100200090002398
:100A800013222946606A05F01FFA606A0AF010FB1B
:100A900094F83C0000F00F00012805D094F83C00C9
:100AA00000F00F0002281FD1606A08F074FA02906B
:100AB000606A08F093FA8346FCF7A2FC0190FCF709
:100AC0001DFD58450FDCFCF79BFC0090FCF716FD64
:100AD000ABEB00010298401A401E00B20190606A20
:100AE00001990AF0C5FA00BF0021226B069805F0B3
:100AF00069FD82465046BAF1010F04D0022810D099
:100B0000032807D000BF00231A460121069805F0EC
:100B1000C9F90DE000231A460321069805F0C2F931
:100B200006E000231A460921069805F0BBF900BF2C
:100B300000BF07B0BDE8F08F2DE9F04107460D4634
:100B400000BF00BF00BF1DB900BF00BF00BFFEE770
:100B500000BF3C460020A086002606E0A85D0A28CB
:100B600002D1A08E401CA086761CA85D0028F5D17D
:100B7000A08E401CA0860020E08620872846DFF754
:100B800021FE00F10108206B48B194F83C00C0F34D
:100B9000001020B9206B04F0D5FA002020634046F5
:100BA00004F002FA206300BF206B18B900BF00BF39
:100BB00000BFFEE700BF206B08B9BDE8F081294601
:100BC000206BDFF7DBFD94F83C0020F0100084F888
:100BD0003C00384608F0ADFD606A10B1606A08F06C
:100BE000A8FD00BFE9E72DE9F04107460D4600BF2B
:100BF00000BF00BF1DB900BF00BF00BFFEE700BFC0
:100C00003C460020A086002606E0A85D0A2802D106
:100C1000A08E401CA086761CA85D0028F5D1A08E71
:100C2000401CA0860020E086208794F83C00C0F39A
:100C3000001030B9206B20B1206B04F083FA002043
:100C4000206394F83C0020F01000103084F83C0041
:100C50002563384608F06DFD606A10B1606A08F0DF
:100C600068FDBDE8F08170B506460D4600BF00BFC7
:100C70003446E08EA84200D170BDA08EA84201DDAE
:100C8000284601E0A08E401EE086E08E2087304698
:100C900008F04FFD00BFEFE770B505460C464FF476
:100CA0008061204605F06CFD0421204605F068FDBA
:100CB0004FF40031204605F047F80121204605F0A9
:100CC00043F8204602F022FE70BD30B504460B46C4
:100CD000586A02460025556230BD0146087A20F068
:100CE0008000704701464868704700B50246107A98
:100CF00015280ED0107A14280BD0107A162808D098
:100D0000107A182805D0107A172802D0107A1928DE
:100D100003D1104600F03FF800BD00BF00BF002027
:100D2000FAE700B50246107A01282CD0107A022882
:100D300029D0107A032826D0107A042823D0107ADC
:100D4000052820D0107A06281DD0107A07281AD03E
:100D5000107A082817D0107A092814D0107A0A2897
:100D600011D0107A0B280ED0107A0C280BD0107AE4
:100D70000D2808D0107A0E2805D0107A0F2802D03E
:100D8000107A102803D1104600F005F800BD00BF0E
:100D900000BF0020FAE7014608697047014608686D
:100DA00070470146C8687047F0B587B004460D46E5
:100DB000164614B9012007B0F0BD00BF00BF009473
:100DC00001948DF808500020039004969DF81800B7
:100DD00020F001008DF818009DF8180020F00400A4
:100DE0008DF818009DF8180020F002008DF818000A
:100DF0000748006805900649C1F800D06846EFF73B
:100E00001AFC07460249059808603846D3E70000F7
:100E10002801002010B503460C46187A13280DD17E
:100E20001846FFF7B8FF0246B2F90000A04202DD03
:100E3000B2F9000000E02046108001E000BF00BFD2
:100E400010BD000070B50BF028F8054608F077F8E3
:100E5000B0F5A07F03DC2548254908600EE00BF0C3
:100E60001CF8054608F06BF8B0F5F07F03DC21486C
:100E70001F49086002E020481D4908600BF00DF88A
:100E8000054602F043FD04461C49204603F05EFD82
:100E90000121204603F042FD00221548016820464A
:100EA0000AF073F80AF0F9FF064608F048F8032143
:100EB00090FBF1F005B2294620460AF0A7F80AF0A7
:100EC000ECFF064608F03BF84042032190FBF1F0AE
:100ED00005B200232A460921204604F0E3FF002240
:100EE000022120460AF033F870BD00007CE50308BB
:100EF0001C030020C01A0408E06F0408047A0408E8
:100F000070B50AF0CAFF054602F000FD044611A1C3
:100F1000204603F01BFD00221748016820460AF016
:100F200034F80AF0BAFF064608F009F8032190FBEE
:100F3000F1F005B2294620460AF068F80321204660
:100F400003F0AAFC00231A460921204604F0AAFF58
:100F500070BD000049742069732061206369726369
:100F6000756C61726C79207363726F6C6C696E67FB
:100F700020746578742E20001C030020FEB50AF052
:100F80008CFF064602F0C2FC044641A242A1204664
:100F900003F034FD002247480168204609F0F5FFC0
:100FA0000AF07BFF074607F0CAFF032190FBF1F030
:100FB00006B2314620460AF029F80AF06EFF0746CD
:100FC00007F0BDFF032190FBF1F006B2002332468B
:100FD0000921204604F066FF00220221204609F084
:100FE000B6FF0AF05AFF064602F090FC054620467E
:100FF00002F0AEFF06463146284603F0A7FC002269
:101000002C480168284609F0C0FF0AF046FF074651
:1010100007F095FF032190FBF1F006B23146284618
:1010200009F0F4FF00224C21284609F0BBFF00BF65
:10103000002001460246D608BDF8003066F30403DE
:101040008E080093BDF8003066F34A13C60800937B
:10105000BDF8003066F3CF230093BDF8006033463F
:101060000193BDF80410084600220146029028466C
:1010700009F07AFF00220221284609F068FF0320C8
:101080000346012221460090284604F01DFFFEBDC4
:101090007072696E746600004C6162656C206361F9
:1010A0006E207365742074657874206C696B65209C
:1010B000257300001C03002010B500F003F800F0B9
:1010C0003BFC10BD10B500210D4803F005FD0D4996
:1010D00008600BF0EDFE0C4908800BF0E9FE40F4CF
:1010E00080500A4908800BF0E3FE40F48050084924
:1010F00008800BF0DDFE40F480500649088010BDEA
:10110000311501086C0100207001002072010020DF
:1011100074010020760100202DE9F04106460F46BB
:10112000092F00D12027346939463046F1F736F8C7
:10113000054615B90020BDE8F081606800EBC508E0
:10114000608A800B30B92068D8F80010C1F3130111
:101150000844F0E700BF00BF0020ECE770B504468C
:101160000D4600BF1CB900BF00BF00BFFEE700BFB7
:10117000294620466268904770BD2DE9F047064633
:101180000D469046994600BF1EB900BF00BF00BF84
:10119000FEE700BF00BF1DB900BF00BF00BFFEE7F4
:1011A00000BF00202860344600270FE04B4642462F
:1011B00029462046D4F800C0E04707462FB1A87B57
:1011C000C0F3001008B92C6002E06469002CEDD176
:1011D00000BF3846BDE8F0872DE9FF4F83B00C46CD
:1011E00091464FF0000AB9F1090F03D14FF02009E1
:1011F0004FF0010A0398066949460398F0F7CEFFBD
:1012000007461FB9002007B0BDE8F08F4FF0000B74
:10121000F06868B106990398F0F7C0FF0190019853
:1012200028B13946019A0398F1F744F9834600BF83
:10123000706800EBC705308A00FB0BF000110290CC
:1012400028684FEA1058BAF1000F01D04FEA480859
:101250000298804408F108004FEA1018A4F80480AE
:10126000687920812879E08095F90600608195F9F8
:101270000700A081708A400AA17B60F30301A1737B
:10128000A07B20F01000A073BAF1000F05D0E08819
:101290004FF6FF7101EA4000E0800120B3E72DE93D
:1012A000FF4105460E46174600BF1DB900BF00BFEF
:1012B00000BFFEE700BF3B46324669462846FFF7BF
:1012C0005CFF044624B1BDF8040004B0BDE8F08121
:1012D0000020FAE70146B1F9080070470146B1F96C
:1012E000080070470146B1F9080070470146B1F99E
:1012F0000800704770B50446606808B90B2070BDDF
:101300006068C06808B90920F9E7D4E90010C2682C
:10131000904705466068408858B1A06848B1A06809
:10132000C06818B1A168C86803F00CFFA06803F09A
:1013300009FF002020606060A0602846DFE7000011
:1013400070B505460948E3F73AFA04460AE0206812
:101350000078A84201D1206870BD21460348E3F718
:1013600046FA0446002CF2D10020F5E7C4C500205F
:1013700070B505462846DFF725FA04460EE0285DDD
:101380002E2802D1601C284470BD285D2F2802D071
:10139000285D5C2801D103A0F6E7641E002CEED185
:1013A00000A0F1E700000000401C01783A2900D1BC
:1013B000401C70472DE9F04705460F46914627B976
:1013C00000BF00BF0B20BDE8F08797F800804046C3
:1013D000FFF7B6FF04461CB900BF00BF0320F2E7C9
:1013E000606838B120466168884718B900BF00BFFF
:1013F0000120E8E7A06818B900BF00BF0920E2E7B4
:101400003846FFF7D1FF82464A4651462046A36838
:10141000984706460EB1701C08B90C20D3E76C60E3
:101420002E60608878B1102003F0BEFDA86000BF78
:10143000A86818B900BF00BF00BFFEE700BF1021B9
:10144000A86804F096F80020BDE72DE9FC410446A9
:101450000F4690461D460DB100202860606810B907
:101460000B20BDE8FC816068006908B90920F8E735
:10147000002001906068408838B101AB424639468F
:10148000204600F011F8064609E001A80090D4E9D2
:10149000001043463A46D0F810C0E04706460DB16A
:1014A000019828603046DCE72DE9F04F87B004460C
:1014B0000F4615469A4600200690A068D0F808B05E
:1014C000A06800680590A06840680490A068D0F803
:1014D0000C806068B0F80290059858454AD8049886
:1014E000834547D20598ABEB000080B20390039888
:1014F000A9EB000086B2B54207D8039808EB0001BB
:101500002A46384603F0A7FE33E0039808EB0001B3
:101510003246384603F09FFE4D450AD9AB1BBA1937
:10152000CDF800A0D4E90010D0F810C0E047069034
:101530001FE00020029002A80090D4E900104B4662
:101540004246D0F810C0E0470690A0684068401CB2
:10155000A1680860A068006802990844A168486012
:10156000A81B80B20190B8194146019ADFF749F9EA
:1015700000BF39E04D4509D9CDF800A0D4E90010ED
:101580002B463A460669B04706902DE0B8F1000FA9
:1015900010D1484603F008FDA168C86000BFA068EC
:1015A000C06818B900BF00BF00BFFEE700BFA06859
:1015B000D0F80C800020039003A80090D4E900101C
:1015C0004B4642460669B0470690A068C0F800B096
:1015D000A068006803990844A16848602A4641460B
:1015E0003846DFF70EF900BF069830B9CAF8005048
:1015F000A06880682844A1688860069807B0BDE8A4
:10160000F08FF8B504460D461746606808B90B2000
:10161000F8BD6068806908B90920F9E700266068AC
:10162000408800284ED027B1012F1AD0022F48D170
:1016300032E0A0688560A0688068A1680968884277
:1016400005D3A0688068A1684968884208D9A36862
:101650009A68D4E900100023D0F818C0E047064685
:101660002FE0A06880682844A1688860A06880682E
:10167000A1680968884205D3A0688068A1684968A4
:10168000884208D9A3689A68D4E900100023D0F8EA
:1016900018C0E047064614E0D4E900103B462A464D
:1016A000D0F818C0E047064656B9D4E900106A469B
:1016B000C3699847064616B90098A168886000BFBC
:1016C00000BF07E0D4E900103B462A46D0F818C016
:1016D000E047064630469BE72DE9F04F87B00446C9
:1016E0000E461746A07870434FEA202A574507DC7C
:1016F00020880690BDF81810084607B0BDE8F08FA6
:10170000207A401E04EB8000807870434FEA202B43
:101710005F4509DB207A401E04EB800000880690BC
:10172000BDF818100846E8E70020039001252AE0DC
:1017300004EB850080787043001201900198874285
:101740001FDC681E04EB800000880090FBF7EEF9B8
:10175000059004EB850000880090FBF7E7F9049002
:10176000681E04EB8000807870434FEA202A04EB67
:101770008500807870434FEA202BABEB0A00039082
:1017800004E0681CC5B2207AA842D1DC00BFA7EBF8
:101790000A0007B2C7EB0721039891FBF0F000F0B5
:1017A000FF08C8F1FF099DF8100010FB08F09DF834
:1017B000141011FB090000EBC01101EBC030800ECA
:1017C000BDF8081060F3040102919DF8110010FBB0
:1017D00008F09DF8151011FB090000EBC01101EB9A
:1017E000C030400EBDF8081060F34A1102919DF818
:1017F000120010FB08F09DF8161011FB090000EB19
:10180000C01101EBC030800EBDF8081060F3CF218D
:101810000291BDF8081008466FE710B504466068ED
:10182000C00F10B1204603F08DFC10BD2DE9FE4322
:1018300005460E461746687A00F0070010B90020EA
:10184000BDE8FE832848007828B9002000F050F851
:10185000012025490870687A00F00700022801D1AC
:10186000304600E038468046324641462846E6F794
:10187000DDF802900020019001AA02A91B48F3F7AD
:10188000F5FE01280AD101984068401C0199496879
:1018900060F31D01019841600198D1E73A46314655
:1018A0002846E4F771F90190019818B900BF00BF0C
:1018B0000198C5E7002410E00198B0F90E10224607
:1018C0002846FFF709FF00900198806800EB44006C
:1018D000BDF800100180601C04B20198B0F90E0040
:1018E000A042E9DC0198ABE760010020B30D0108DC
:1018F00010B504460D48006803F024FC204603F0B0
:1019000053FB0A4908600A49086000BF074800689D
:1019100018B900BF00BF00BFFEE700BF2146034863
:10192000006803F026FE0348046010BDB8020020E2
:101930005C0100205801002010B50021204803F070
:10194000CBF8204908600BF0B3FA40F480501E49F0
:1019500008800BF0ADFA40F480501C4908800BF071
:10196000A7FA40F480501A4908800BF0A1FA40F41D
:101970008050184908800BF09BFA40F480501649BB
:1019800008800BF095FA40F48050144908800BF061
:101990008FFA40F48050124908800BF089FA40F425
:1019A0008050104908800BF083FA40F480500E49B3
:1019B00008800BF07DFA40F480500C49088010BD7F
:1019C000173201087C0100208001002084010020E2
:1019D0008201002086010020900100208E0100205D
:1019E0008A010020880100208C0100209201002043
:1019F0002DE9F04107460C460FB9BDE8F08100BF64
:101A000000BF3846E2F7DBFE06460AE03068A04237
:101A100002D100BF00BFF0E731463846E2F7E7FEEB
:101A20000646002EF2D1204605F0E4FC8046B8F1CF
:101A3000000F0DD0A068806850B1A0688068C068B1
:101A40000068A04204D1404600F0B7F800BF00BFD4
:101A5000A06810B9204604F071FCA0688760384681
:101A6000E2F700FF054600BF1DB900BF00BF00BF81
:101A7000FEE700BF05B9C0E72C603846E2F79FFEDD
:101A8000A84202D1384600F098F800BF00BF00BF5E
:101A9000B3E7000010B50446024A03492046EFF7B9
:101AA00015FF10BDEF470008BF4700082DE9F041C2
:101AB00006460EB9BDE8F081304605F09BFC0446B1
:101AC00004B9F7E7207E00F0010000B1F2E7002141
:101AD000204600F0FCF82046E2F771FE05463CE0A7
:101AE0002868B04234D1E068B0B1E0680068B04224
:101AF00012D02046F0F75FFC8046E1684246086855
:101B00000F21FFF751F90746012F00D0D2E7E16816
:101B1000086807F00EFE00BFE560E068B8B1206914
:101B200010B12046216988472046F0F744FC8046E2
:101B3000E168424608680E21FFF736F90746012F93
:101B400000D0B7E7E168086807F0F3FD00BF06E0E2
:101B500029462046E2F74BFE0546002DC0D100BFC6
:101B600000BFA7E710B50446024A03492046EFF735
:101B7000ADFE10BDFD470008094800080148006897
:101B80007047000030010020014609B9002070476D
:101B9000087EC0F34000FAE7014609B9002070470B
:101BA000C86808B90020FAE7C8680068F7E710B508
:101BB00004462046E2F709FE10BD70B50446207EBB
:101BC000C0F3C005207E20F0080008302076207E7B
:101BD000C0F3800018B92046FFF75CFF06E0207EC6
:101BE000C0F3800010B12046FFF7BCFF207E65F3F4
:101BF000C300207670BD2DE9F0410546284605F06A
:101C0000F9FB04460CB9BDE8F08100BF00BFE068F5
:101C100008B3E0680068A84221D1207E00F00100EE
:101C200018B1207E20F0010020762046E2F7C7FDA3
:101C3000E168884210D12046E2F7E6FDE16888427B
:101C40000AD12046F0F7B7FB0746E1683A46086834
:101C50000F21FFF7A9F802E02046FFF7AEFFE0688A
:101C600028B1E0680068A84201D10020E060204669
:101C7000E2F7A5FD064614E03068A8420CD13146D3
:101C80002046E2F71BFE304603F05CFAA86810B16C
:101C90000020A968886006E031462046E2F7A7FDEB
:101CA0000646002EE8D100BF00BF00BF00BFAAE774
:101CB00073B505462846FFF76FFF04460CB90120AF
:101CC0007CBD01AA0D212046FFF76EF8F8E72DE94B
:101CD000F04704460D460CB9BDE8F0872E46207E3D
:101CE000C0F340003546A84200D1F5E7207E66F3F8
:101CF000410020762046FFF74FFF074697B1204668
:101D0000F0F759FB8146E1684A4608680E21FFF763
:101D10004BF88046B8F1010F00D0DDE7384607F0F8
:101D200008FD00BF00BFD7E72DE9FF4303469C68CD
:101D3000187800F01F0005280DD11868C0F38A201C
:101D4000504300EB400001EB41068519A81C205CC4
:101D500004B0BDE8F083187800F01F000B281BD1F9
:101D600001F00705C9101868C0F38A20C01DC01013
:101D700000FB0216A05DC5F107084FF0010C0CFA3C
:101D800008FC00EA0C00C5F1070C40FA0CF70FB193
:101D90000020DDE7FF20DBE7187800F01F000C28AB
:101DA0001CD12CA0006803908807450F8910186883
:101DB000C0F38A20C01C801000FB0216A05DC5F194
:101DC00006084FF0030C0CFA08FC00EA0C00C5F101
:101DD000060C40FA0CF703A8C05DB9E7187800F0CC
:101DE0001F000D2826D10FF27009D9E901C8D9F8D2
:101DF0000000D9F80C90CDE901C8CDF80C90009006
:101E0000C807450F49101868C0F38A20401C4010CD
:101E100000FB0216A05DC5F104084FF00F0C0CFA90
:101E200008FC00EA0C00C5F1040C40FA0CF71DF8A0
:101E300007008DE7187800F01F000E2806D11868FB
:101E4000C0F38A2000FB0215605D81E700BFFF2020
:101E50007EE700000055AAFF001122334455667743
:101E60008899AABBCCDDEEFF2DE9FF4383B0044681
:101E70000D46174600BF0020014602464FEAD20C2D
:101E8000BDF800306CF304034FEA910C0093BDF8E9
:101E900000306CF34A134FEAD00C0093BDF80030C9
:101EA0006CF3CF230093BDF800C063460193BDF8E7
:101EB000041008460290A668207800F01F0004284D
:101EC00009D0207800F01F00062804D0207800F008
:101ED0001F00052815D1217801F01F0000F090F8AF
:101EE0004FEAE0082068C0F38A20784300FB08F03E
:101EF00005FB080906EB0901022202A803F0E7FA34
:101F000078E0207800F01F00072816D1083605F089
:101F10000700ED102268C2F38A22D21DD21002FB04
:101F20000751725CC0F1070C012303FA0CF31A404D
:101F3000C0F107031A4102925CE0207800F01F0014
:101F4000082816D11036AA07500FAD102268C2F328
:101F50008A22D21C921002FB0751725CC0F1060C5F
:101F6000032303FA0CF31A40C0F106031A4102924C
:101F700040E0207800F01F00092816D14036EA071B
:101F8000500F6D102268C2F38A22521C521002FBBD
:101F90000751725CC0F1040C0F2303FA0CF31A40D2
:101FA000C0F104031A41029224E0207800F01F00DF
:101FB0000A2809D106F580662168C1F38A2101FB50
:101FC0000750315C029115E0207800F01F000B28CB
:101FD0000ED0207800F01F000C2809D0207800F0E7
:101FE0001F000D2804D0207800F01F000E2801D11A
:101FF00006980290BDF80810084607B0BDE8F083C7
:10200000014600200F291DD2DFE801F008091C1C41
:102010000B0E0C101316191114171A0000BF002014
:1020200012E000BF10200FE018200DE000BF0120DB
:102030000AE000BF022007E000BF042004E000BF68
:10204000082001E0002000BF00BF704701460020CB
:102050008A1E0D2A13D2DFE802F0081212071209B5
:102060000A0B0C0D0E0F100000BF00BF00BF00BF19
:1020700000BF00BF00BF00BF00BF012001E0002083
:1020800000BF00BF704701460020032902D0062987
:1020900002D100BF012001E0002000BF00BF704757
:1020A00070B506460C462546002045F8240F287DCD
:1020B00020F00300C01C2875287D20F07C002875C6
:1020C000204606F03CFF2881204605F09DF96881F6
:1020D0000020A8814FF480706882287D20F0800065
:1020E000803028750020A880243D002169856886FD
:1020F000A98685F839000221204604F041FB4FF4FF
:102100008031204603F020FE70BD000070B504460B
:1021100000BF00BF2146044804F083FA0546284664
:1021200004F0F4FA284670BDF472040870B506464F
:102130000D466C6AA4B1287C012802D12046FFF725
:10214000D9F8E06810B1E06802F0FCFF206910B136
:10215000206902F0F7FF204602F0F4FF00206862D9
:1021600070BD00002DE9FF4781460D461446284604
:1021700000F05AFF0746E7B9287800F01F0104294C
:1021800001DB0E2903DD002004B0BDE8F0872868DC
:10219000820A206862F3942020602868420D20683B
:1021A00062F35F5020602878226860F304022260A6
:1021B00049E0012F30D12846FFF7DAF8804623A105
:1021C000DEF7E8FB08B10020DEE70222294601A87D
:1021D000FFF7F0F8064696B96B460422214601A89F
:1021E000FFF733F9064601A8FFF784F816B90098FF
:1021F000042803D000BF00BF0020C5E700BF20783F
:1022000000F01F00042804DB207800F01F000E28D7
:1022100001DD0020B8E716E0022F10D1012120686F
:1022200061F3942020602068C0F3140000F50010D2
:102230002060206820F01F000B30206003E000BF0A
:1022400000BF0020A0E701209EE7000062696E0049
:102250002DE9FF4F8DB004460D4691466BA00068F6
:102260000C906BA000680B906AA30FCB07AE0FC653
:1022700020890690002610E0BDF81800C1B206EBD8
:1022800046021A988154BDF81800020A06EB46006F
:10229000401C1A990A54701C06B210988642EBDB57
:1022A00000200590217D01F01F00FFF7A9FE824666
:1022B000012101FA0AF0401E80B2049000274FF07D
:1022C000000800200390207D00F01F000B2806D09E
:1022D0000C2816D00D2827D00E2841D137E0606990
:1022E000C0F38A20C01DC71007FB09F000EBE50012
:1022F000804405F00700C0F1070003900CA805908A
:102300002EE06069C0F38A20C01C871007FB09F02B
:1023100000EBA500804405F003000621A1EB40007E
:1023200003900BA805901BE06069C0F38A20401C55
:10233000471007FB09F000EB6500804405F0010041
:102340000421A1EB8000039007A8059008E06069D4
:10235000C0F38A2707FB095080440020039000BF88
:1023600000BF606A0290384602F058FE8346BBF117
:10237000000F03D1002011B0BDE8F08F00200190C4
:10238000207C20B960688168414401910DE0002201
:1023900008F104010298FFF734F900233A46594640
:1023A0000298FFF752F8CDF804B0002625E0019915
:1023B0000978039A1141049A01EA0200217D01F093
:1023C0001F010E2901D1024601E005990A5C06EBC6
:1023D0004601891C1A9B5A540399A1EB0A0149B280
:1023E00003910399002906DACAF1080149B2039161
:1023F0000199491C0191701C06B210988642D6DBE7
:10240000584602F087FE0120B5E7000000FF0000FB
:102410000055AAFF00112233445566778899AABB5C
:10242000CCDDEEFF2DE9FF4F85B004460E46914608
:10243000217D01F01F00FFF7E3FD049001210498C6
:1024400001FA00F0401E80B20390002700200290A5
:102450000025207D00F01F00072806D0082815D091
:10246000092825D00A2840D134E06069C0F38A20C9
:10247000C01DC71007FB09F000EBE6000544083556
:1024800006F00700C0F1070002902EE06069C0F37B
:102490008A20C01C871007FB09F000EBA60005444A
:1024A000103506F003000621A1EB400002901CE06D
:1024B0006069C0F38A20401C471007FB09F000EB5D
:1024C00066000544403506F001000421A1EB8000C0
:1024D00002900AE06069C0F38A2707FB096005449F
:1024E00005F580650020029000BF00BFD4F824B03D
:1024F000384602F093FD8246BAF1000F03D1002066
:1025000009B0BDE8F08F00200190207C20B9606800
:102510008168294401910CE00022291D5846FFF7EB
:1025200070F800233A4651465846FEF78EFFCDF824
:1025300004A04FF0000837E001990978029A114190
:10254000039A01EA0200DBF80C1001EB4001098854
:102550000091BDF80010CAB208EB48031299CA54A2
:10256000BDF800100B0A08EB4801491C129A53549D
:10257000DBF810100B5C08EB4801891C129A5354CD
:10258000049A0299891A49B202910299002907DA3C
:102590000499C1F1080149B202910199491C0191C4
:1025A00008F101000FFA80F808988045C4DB504616
:1025B00002F0B0FD0120A3E72DE9FC5F04460E46C2
:1025C00017469846606A0190217D01F01F00FFF7D1
:1025D00017FD82466069C0F38A2007FB006000FB9C
:1025E0000AF04FEAE00B0BF1040B00225946019868
:1025F000FFF707F88146B9F1000F04D000BF00BF14
:102600000020BDE8FC9F4FEAEA0000FB08F500202F
:1026100000906B462A460C990198FEF716FF8146FA
:10262000B9F1000F02D10098854203D000BF00BF6E
:102630000020E6E70120E4E72DE9FE4F82460C4644
:10264000207C012843D16068FEF792FE804680A17D
:10265000DEF7A0F910B10020BDE8FE8F0222684627
:102660006168FEF7A7FE06461EB100BF00BF00204E
:10267000F2E7606AC0B9142002F096FC606200BF05
:10268000606A18B900BF00BF00BFFEE700BF606A04
:1026900030B900BF00BF6846FEF72CFE0020DBE724
:1026A0001421606A02F065FF676A38466A460C21A9
:1026B0000346944607E09CF8008083F800805B1C8A
:1026C0000CF1010C491E0029F5D100BF06E0207C69
:1026D00020B96068806808B90020BDE7207D00F05F
:1026E0001F05042D03D0052D01D0062D08D1207C17
:1026F00020B960688068A0610120ADE70120ABE7E8
:10270000072D05D0082D03D0092D01D00A2D70D139
:102710002846FFF775FC8346012000FA0BF8606A33
:10272000A8B9142002F040FC606200BF606A18B9CA
:1027300000BF00BF00BFFEE700BF606A18B900BF5E
:1027400000BF002088E71421606A02F012FF666A69
:102750004FEA480002F028FCF06000BFF06818B9AA
:1027600000BF00BF00BFFEE700BF404602F01CFCF8
:10277000306100BF306918B900BF00BF00BFFEE77D
:1027800000BFF06808B1306938B900BF00BF21460A
:102790005046FFF7CBFC00205EE7207C012823D1C8
:1027A000002204213046FEF72CFF002719E0002309
:1027B000042202A93046FEF748FE9DF808209DF845
:1027C00009109DF80A00FAF728F80190F06800EB6C
:1027D0004700BDF8041001809DF80B003169C85511
:1027E0007F1C4745E3D31FE06068D0F808900027BE
:1027F00017E01BE019F8272009EB8703597809EB4C
:1028000087039878FAF709F80290F06800EB470020
:10281000BDF80810018009EB8700C0783169C85500
:102820007F1C4745E6D300BF012015E70B2D05D0DF
:102830000C2D03D00D2D01D00E2D01D101200BE761
:1028400021465046FFF772FC00BF00BF002003E79F
:1028500062696E002DE9F84F82460C4616461F4607
:10286000DDE90A854FF00009207D00F01F000428F3
:1028700009D0207D00F01F00052804D0207D00F045
:102880001F0006280BD1207C012847D143463A4639
:10289000314620460095FFF78FFE81463EE0207DC1
:1028A00000F01F000B280ED0207D00F01F000C2828
:1028B00009D0207D00F01F000D2804D0207D00F0FD
:1028C0001F000E2808D143463A463146204600955F
:1028D000FFF7BEFC814621E0207D00F01F000728A5
:1028E0000ED0207D00F01F00082809D0207D00F0C8
:1028F0001F00092804D0207D00F01F000A2808D1FD
:1029000043463A46314620460095FFF78BFD814607
:1029100004E000BF00BF0020BDE8F88F4846FBE799
:1029200010B50446206870B12068C06818B12068EE
:102930002146C2689047207C012804D1606802F0DB
:1029400001FC0020606010BD10B50A48E1F76AFF85
:10295000044600BF1CB900BF00BF00BFFEE700BFB8
:102960000CB9002010BD1421204602F002FE2046C2
:10297000F8E70000E8C500202DE9F04105460E46C5
:102980000421304602F0F5FD15B90020BDE8F081C4
:10299000284600F049FB07462FB92946886808B940
:1029A0000020F3E700BF4FF000080D48E1F707FFF4
:1029B000044610E0206848B1324629462046236884
:1029C00098478046B8F1010F00D106E0214604483F
:1029D000E1F70DFF0446002CECD100BF4046D5E7DF
:1029E000E8C500202DE9FF4704460E4699462821F8
:1029F000204602F0BEFD1EB9002004B0BDE8F087FD
:102A0000304600F011FB07462FB93146886808B9F7
:102A10000020F2E700BFBDF8080020812774C4F849
:102A20000C90207C01281BD13046DDF7CBFE82467E
:102A30000AF1010002F0B8FA606000BF606818B9DE
:102A400000BF00BF00BFFEE700BF606818B900BF4D
:102A500000BF0020D1E731466068DDF78FFE00E05F
:102A600066604FF000081D48E1F7A9FE05462AE020
:102A7000286808B1686800B920E004F11402314602
:102A800028462B6898478046B8F1010F00D015E022
:102A90002560214628466A6890478046B8F1010FB4
:102AA00001D14046A9E7042104F1140002F061FDC0
:102AB00000202062A0616062E06100BF29460748F3
:102AC000E1F795FE0546002DD2D1207C012802D1E8
:102AD000606802F037FB40468FE70000E8C5002041
:102AE0002DE9FC4704460D4616461F46DDF82880B2
:102AF0004FF000092068806848B1CDE9007820686F
:102B000033462A462146D0F808C0E0478146484669
:102B1000BDE8FC87C1607047016070474160704745
:102B20008160704770B506460D462C4694F8380013
:102B300000F00300012805D094F8380000F00300ED
:102B400002280BD1606A02F0FDFA0020606294F85E
:102B5000380020F00300C01C84F8380070BD00006D
:102B60002DE9F34F85B00698FEF7B7F80646152E07
:102B70000CD0182E0AD0A248069904F00BFB05468B
:102B8000012D02D007B0BDE8F08F00BF0698FEF718
:102B900005F9804644462A2E0ED194F8380000F0FC
:102BA0000300022804D14046616A00F058F925E18B
:102BB000404607F03BFB21E1132E7AD10698FEF741
:102BC000EAF805460021404606F051F98146E08EBC
:102BD00000FB09F000120FFA80F90021404606F0D0
:102BE00005F98246208E50440FFA80FABAF1000FA0
:102BF00002D1B9F5807F5BD0404606F0A0F983464C
:102C0000404604F001FC029004F132001FFA89F101
:102C10005346CDE90010594603A8029AE0F722FE78
:102C2000B5F90070B5F90000BDF90C10791A8842A9
:102C300002DDB5F9000002E0BDF90C00381A00B25F
:102C40002880B5F90000BDF90E10791A884202DD1E
:102C5000B5F9000002E0BDF90E00381A00B2288074
:102C6000B5F90000BDF910103944A1EB0B01884201
:102C700002DDB5F9000004E0BDF910003844A0EB16
:102C80000B0000B22880B5F90010BDF91200C2197E
:102C90000298101A814203DDB5F9000005E008E052
:102CA000BDF91200C1190298081A00B2288000BFAD
:102CB000A4E0112E75D10698FEF76DF805460021A7
:102CC000404606F0D4F80746E08E7843001207B27B
:102CD0000021404606F08AF88146208E48440FFACB
:102CE00080F9404606F02BF9B4F92C10884259D1EE
:102CF000404604F089FBB4F92E10884252D1B7F552
:102D0000807F14D1B9F1000F11D1B4F92CB00BEBC5
:102D1000DB704010B4F93210884208D1B4F92EA00B
:102D20000AEBDA704110B4F9340081423AD04046DF
:102D300006F005F98246404604F066FB834604F13E
:102D40003200B9B24B465A46CDE90010514603A8AD
:102D5000E0F788FDBDF80C00B8F81410084400B284
:102D6000ADF80C00BDF80E10B8F81600084400B21B
:102D7000ADF80E00BDF81000B8F81410084400B209
:102D8000ADF81000BDF81210B8F81600084400B2F3
:102D9000ADF81200002203A82968E0F784FB28712F
:102DA0000BE00BE003A9404604F041FA002203A81F
:102DB0002968E0F778FB287100BF1FE02C2E14D1A2
:102DC0000698FDF7E8FF054694F8390000F0030087
:102DD000012805D1404600F015F80490286003E072
:102DE000A08D2880E08D688008E0152E03D0182E75
:102DF00001D0122E02D10698E7F752F900BFC1E6C2
:102E0000F4720408F0B585B004462546002120463A
:102E100006F02DF80646E88E704306120021204683
:102E200005F0E4FF0746288E074405F13200B1B2F1
:102E3000CDE90010B5F92E20B5F92C103BB202A84F
:102E4000E0F710FD02A8F7F793FCADF8100002A818
:102E5000F7F706FCADF81200049805B0F0BD2DE9B7
:102E6000F04F85B00546884600BF00BF284606F0F3
:102E700060FC404600F0D8F806462C46032E1CD1D4
:102E800000BF00BF94F8380000F00300022805D00E
:102E900094F8380000F00300012802D1606A02F0C3
:102EA00051F90020606294F8380020F00300C01C43
:102EB00084F8380005B0BDE8F08F04A94046FFF75C
:102EC0005BFD8EB994F8380000F00300012805D0AE
:102ED00094F8380000F00300022802D1606A02F082
:102EE00031F9C4F8248034E0012E01D0022E30D113
:102EF000606A40452DD04FF0000994F8380000F08A
:102F00000300012805D094F8380000F003000228DF
:102F100001D1D4F824904046DDF754FC00F1010AB9
:102F2000504602F041F8074600BF1FB900BF00BF7E
:102F300000BFFEE700BF07B9BCE741463846DDF7F2
:102F40001DFC6762B9F1000F02D0484602F0FAF8A2
:102F500000BF022E38D1002741F259423946284697
:102F600005F0C6FD02900298814600BF41F25A4228
:102F70003946284605F0BCFD0290029800B2824610
:102F800000BF41F25B423946284605F0B1FD029090
:102F9000029800B28346002041F6FF7153464A462C
:102FA000CDE900B10290414603A80CF0E5F8BDF868
:102FB0000C10049861F394200490BDF80E1004984E
:102FC00061F35F50049000BF2C34207B66F3010056
:102FD00020730498C0F38A2020800498400D6080FC
:102FE000217B049860F3860121730499C1F38A2040
:102FF00000EBD0714910E1802C3C0499480D00EBA6
:10300000D0714910A186284607F03FF9208E18B9E3
:10301000E08EB0F5807F02D0284607F007F92846F9
:1030200006F087FB00BF45E70146032001B9704762
:103030000A461378202B04DB13787F2B01DC012058
:1030400005E01378802B01DB022000E0002003283C
:1030500001D100BF00BF00BFE9E710B50446202141
:10306000204602F086FA002020700A202076607642
:103070004FF4C870A0836420E0833220E076032000
:10308000A07610BD70B50546286910B9FAF7B8F9F1
:103090002861286918B900BF00BF002070BD104822
:1030A000E1F7C0FB044644B900BF1CB900BF00BF34
:1030B00000BFFEE700BF0020F0E75821204602F0E5
:1030C00058FA2560607920F00200801C6071224669
:1030D000042104480BF0C4FC216848612046DDE768
:1030E000B8C50020C93102080148006870470000D7
:1030F0003401002010B504461CB90448E1F75FFB19
:1031000010BD21460148E1F772FBF9E7B8C5002080
:1031100001480068704700003801002018B90022FB
:103120000A804A80704702681278012A08D0026833
:103130001278032A04D04FF0FF320A804A8003E05D
:1031400002890A8042894A8000BFEBE7014609B93B
:103150000020704708680078012805D008680078CA
:10316000032801D00020F4E791F8400000F00F00A0
:10317000EFE7014609B90020704708680078012888
:1031800005D008680078032801D00020F4E7C86A59
:10319000F2E7014609B90020704708680078FBE7AC
:1031A00000220A804A8000B9704702681278012A1A
:1031B00003D002681278032A03D1828A0A80C28A65
:1031C0004A8000BFF0E700007FB504464149E0684F
:1031D0000860084600680068006900B97FBD3D4886
:1031E0000068F1F765FC3B4800684079C0F3800057
:1031F00000B1F3E700BF694636480068E1F766F8BA
:103200009DF80F5033480068F1F752FC0020324916
:1032100008609DF80E002F49096808712D48006864
:103220000079012808D10BF0BCFB2A49096809681C
:103230000969C1F8540110E0264800680068007868
:1032400004280AD1BDF80C0038B10BF0AAFB2149C3
:10325000096809680969C1F854011E4800680068D6
:103260000078012805D169461A480068F1F7E8F9A5
:1032700022E01848006800680078022805D16946F5
:1032800014480068F1F792F816E0124800680068E8
:103290000078042805D169460E480068F0F7C4FD9F
:1032A0000AE00C48006800680078032804D16946E9
:1032B00008480068F0F7E4FC06480068F1F7F8FBFE
:1032C000002D98D10020034908600349086000BF21
:1032D00084E70000340100203801002070B5044666
:1032E0000D4634B3607920F00200801C60712848DC
:1032F0000068A04202D100202649086020680078BA
:10330000012803D020680078022840D115B1206B35
:10331000A84201D10021216315B1606AA84201D100
:103320000021616215B1A06AA84230D10021A162DA
:103330002DE00020FFF7DEFE064622E0707920F047
:103340000200801C707130680078012803D030685A
:103350000078022811D115B1306BA84201D10021AB
:10336000316315B1706AA84201D10021716215B1B3
:10337000B06AA84201D10021B1623046FFF7BAFE1F
:103380000646002EDAD100200249086000BF70BD59
:10339000340100203801002010B50446607920F087
:1033A000010161710BF0FDFAA0640BF0FAFA6064A0
:1033B00010BD70B502460C460AB9002070BD032C42
:1033C00004D00C2C05D1B2F9221004E0B2F920107F
:1033D00001E00020F2E700BF1068457E002308E00E
:1033E000581803B2C5F164004843642690FBF6F018
:1033F00001B20029F4D11846E0E72DE9F047044670
:10340000884600260121204605F0F6FD10B1002077
:10341000BDE8F0874146204605F00DFE0746002234
:10342000414604F11400E0F73EF828B94FF40021BA
:10343000204605F0E1FDB0B1204603F0EEFE8146E6
:10344000A9F101050CE0A068006850F825A04146EC
:103450005046FFF7D2FF06460EB13046D8E76D1E44
:10346000002DF0DA00BF0FB12046D1E70020CFE7F2
:1034700000B97047417921F008010831417100BF5E
:10348000F7E70000F8B52548007810B100BF00BF8D
:10349000F8BD00BF00BF01F069FEE1F7D9FCE0F71D
:1034A000D1F9DFF7CFFEE0F7D5F9FAF715FBE1F731
:1034B00039FB4FF4AC711A48E1F7ACF958211948BF
:1034C000E1F7A8F9E1F7BAFCE0F7D0FE16A52C4623
:1034D0002078C32804D16078812801D1A07808B170
:1034E00000BF00BF114800906E463078112801D10E
:1034F000012000E00020074627B100BF00BF00BF49
:1035000000BFFEE700BF00BFFDF7D6FD0120034965
:10351000087000BF00BF00BFBAE7000040010020F4
:10352000ACC50020B8C50020C3810000443322117F
:1035300070B506460C460421204603F021F92546C5
:103540000020A86385F83C0085F83D0000231A465A
:103550000521204602F0A6FC00231C220649204635
:1035600002F0AAFB00221146204607F05EFC20462E
:1035700000F07CF970BD00007D3502082DE9F047B0
:1035800082465046FDF70AFC074600BF00BF3C4696
:103590003846F7F79BFF06464FF6FF718E4201D182
:1035A000BDE8F0873846F7F791FF80464146384638
:1035B000F7F75CFF054605B9F2E77FA12846DDF77E
:1035C000E9F968B9002084F83C007C480168384675
:1035D000F7F7E8FF7A4801683846F7F7D2FFDFE7E8
:1035E00078A12846DDF7D6F968B9012084F83C00B7
:1035F000724841683846F7F7D5FF71484168384648
:10360000F7F7BFFFCCE770A12846DDF7C3F968B92B
:10361000022084F83C00694881683846F7F7C2FF09
:10362000674881683846F7F7ACFFB9E767A12846D5
:10363000DDF7B0F920B166A12846DDF7ABF9B0B9E6
:10364000002220213846FDF7AFFB8046B8F1010F7C
:1036500000D0A5E7A06B48B100222021A06BFDF7A8
:10366000A3FB8046B8F1010F00D099E798E759A174
:103670002846DDF78FF9B0B900221F213846FDF743
:1036800093FB8046B8F1010F00D089E7A06B48B1E9
:1036900000221F21A06BFDF787FB8046B8F1010FC8
:1036A00000D07DE77CE700BFA06B00B978E74AA1B6
:1036B0002846DDF76FF920B149A12846DDF76AF900
:1036C00098B90A21A06B0AF065FBA06B0AF000FF15
:1036D00000286ED000221F21A06BFDF765FB8046FD
:1036E000B8F1010F00D05BE763E03EA12846DDF7AB
:1036F00051F918B9A06B0AF07AFD5AE03AA12846B0
:10370000DDF748F918B9A06B0AF080FD51E037A148
:103710002846DDF73FF918B9A06B0AF0BDFD48E077
:1037200033A12846DDF736F980BBA06B0AF0C4FE52
:103730001FFA80F8A06B0AF0D4FE814699F80000C9
:103740002D280FD10121A06B0AF0E8FEA06B0AF032
:10375000A3FD2B21A06B0AF01DFB4146A06B0AF0D4
:10376000DDFE21E099F800002B2810D10121A06B8B
:103770000AF0D4FEA06B0AF08FFD2D21A06B0AF099
:1037800009FB4146A06B0AF0C9FE0DE00DE00021E7
:10379000A06B0AF0C3FE2D21A06B0AF0FBFA08F122
:1037A0000101A06B0AF0BAFE03E02946A06B0AF003
:1037B000A3FB00BFF4E6000061626300100200207A
:1037C000340200204142430031230000EF808D008D
:1037D000EF849C00EF808C00456E746572000000E1
:1037E000EFA2A200EF819300EF819400EF959A0081
:1037F0002B2F2D002DE9F0410446264696F83D007A
:1038000000F0010040B196F83C00174A52F8201031
:103810002046F7F7B6FE24E02746398E480001F02F
:10382000C3FB0546388E420096F83C000E4B53F819
:103830002010284601F00FFD002007E035F8101099
:1038400021F4007125F81010411C88B2398E814294
:10385000F4DC29462046F7F794FE284601F072FC76
:1038600000BFBDE8F08100003402002070B50446BE
:10387000254695F83C00054A52F820102046F7F7F7
:1038800091FE2046FFF7B6FF70BD00001002002039
:1038900070B506460C46254600202C3545F8080C28
:1038A000287F20F008002877287F20F01000287754
:1038B0004FF0FF302860287F20F007002877002095
:1038C00028832C3D002146204153481E2863A963CC
:1038D0006963000CE86328640020A86295F848003A
:1038E00020F0400085F848000221204602F048FF01
:1038F0000021204600F0D0FF02A1204601F026F86A
:1039000070BD0000546578740000000070B5044676
:1039100000BF00BF2146044802F083FE054628464A
:1039200002F0F4FE284670BD1073040870B5064618
:103930000C462546204600F00BF895F84800C0F3E9
:10394000C00010B9686A01F0FDFB0020686270BD1C
:1039500070B505462C4694F84800C0F3801020B19D
:10396000A06A10B1A06A01F0EDFB94F8480020F0C5
:10397000400084F848000020A06270BD2DE9F04F9F
:1039800087B0894649464F4803F004FC8246BAF1A5
:10399000010F02D007B0BDE8F08F4846FDF79DF952
:1039A00005464846FDF7FAF906462A2D06D1304667
:1039B00000F006FF304600F02DFC81E0132D11D100
:1039C0000021304605F06DF980464046FDF786FC43
:1039D00004462746E01704EB907081104846FDF737
:1039E00019FA6DE0292D06D1304600F0E9FE304687
:1039F00000F010FC64E02C2D5DD1374600213046EC
:103A000005F04FF905900021304605F087F9049044
:103A10000021304605F0B6F903904FF0000897F802
:103A20004800C0F3001008B148F0010897F84800BA
:103A3000C0F3401008B148F00208304603F06FFCB4
:103A400083460021304605F053FA42F2D171884294
:103A500006D1708CC0F3802010B941F6FF7B03E0E3
:103A6000304603F05CFC83460398CDE901B8009032
:103A7000796A06A8DDE904320BF07EFB4846FDF7C3
:103A80008AF90446B4F90000BDF91810884202DD35
:103A9000B4F9000001E0BDF918002080B4F902007B
:103AA000BDF91A10884202DDB4F9020001E0BDF947
:103AB0001A00608004E0152D02D14846E8F745FC65
:103AC00000BF67E71073040801460A4692F84800F1
:103AD000C0F3801008B1906A704702F12800FBE73C
:103AE0002DE9F04F93B006468B4600BF00BF00BFE4
:103AF000BBF1000F03D100BF00BF00BFFEE700BF56
:103B000037460020039041F612023046039904F034
:103B1000EFFF02900298BBF80010081A00B2ADF84F
:103B200048000020039041F610023046039904F04B
:103B3000DFFF02900298BBF80210081A00B2ADF83D
:103B40004A0010A9304603F095FB304600F000FA19
:103B500081460025002410A8F6F711FE0F900021E1
:103B6000304605F09EF80E900021304605F00AF927
:103B70000D900021304605F0D1F80C900E98FDF71D
:103B8000ADFB0B9000200A9080463E4697F8480017
:103B9000C0F3001008B148F0010897F84800C0F3DE
:103BA000401008B148F002080021304605F0A0F9A5
:103BB00042F2D171884205D1708CC0F3802008B9DF
:103BC00048F00408002130467A6A02F0FBFC0790B6
:103BD00028E00020CDE9000809EB0500DDE90E131F
:103BE0000C9AE1F783F90444BDF94A20DDE90A01A2
:103BF000084482420EDC039403A94846504A1268E6
:103C00009047029002980A2803D019F8040000B9DE
:103C1000641C0BE00D990B9801440A98084400B20B
:103C20000A90254619F805000028D2D100BF09EBFB
:103C3000050008904FF0000A0798022819D1611B6F
:103C4000CDF800800C9B0E9A08980BF007FB0390B0
:103C500010A8F6F794FD019000EBD0704110039886
:103C6000029000EBD070A1EB600050440FFA80FA94
:103C700014E00798032811D1611BCDF800800C9B3C
:103C80000E9A08980BF0EAFA039010A8F6F777FD61
:103C90000399401A50440FFA80FA00BF00200690A2
:103CA000059005980490D4B334E005AB02AA03A9AB
:103CB0000898E1F7FFF808F0010038B1059A089874
:103CC000815C06A8E1F7D8F900B123E0DDE9022123
:103CD0000E98FDF7E4FA00B20190BDF94810019882
:103CE0005044814208DB05982844A04204D004983F
:103CF000284419F8000010B9049805900EE00198C6
:103D000050440FFA80FA0C9850440FFA80FA059844
:103D1000049000BF05982844A042C6D300BF094ABA
:103D20000599089812689047099029464846054A1F
:103D30001268904701460998084413B0BDE8F08F17
:103D4000EC020020F40200202DE9F74F8EB0164659
:103D500000BF00BF00BF1EB900BF00BF00BFFEE72D
:103D600000BF0E980D900E9800F0F2F8044622461F
:103D700000210E9802F026FC8346207800BB00202C
:103D80007080BBF1010F06D0BBF1020F0BD0BBF16D
:103D9000030F11D102E0002030800DE00E9803F0F7
:103DA000BEFA308008E00E9803F0B9FA029000EBFA
:103DB000D0704010308000BF00BF11B0BDE8F08F60
:103DC0000BA90E9803F056FA4FF0000900270BA834
:103DD000F6F7D5FC0A9000210E9804F062FF0990D6
:103DE00000210E9804F0CEFF089000210E9804F0F8
:103DF00095FF07900998FDF771FA0690002005904D
:103E000080460D9890F84800C0F3001008B148F0C3
:103E100001080D9890F84800C0F3401008B148F030
:103E2000020800210E9805F063F842F2D171884231
:103E300006D10E98408CC0F3802008B948F00408E1
:103E40002046424A0F9912689047054617E0002025
:103E5000CDE9000804EB0900DDE90913079AE1F751
:103E600045F80744BD4201D3E05D00B90AE0089976
:103E7000069801440598084400B20590B946E05DF3
:103E80000028E4D100BF8DB1681E205C0A2803D051
:103E9000681E205C0D2809D1605D38B90899069824
:103EA00001440598084400B20590A94604EB0900B6
:103EB0000490A5EB09000390CDF80080079B099AB8
:103EC000DDE903100BF0CAF982460F98484503D08C
:103ED000079850440FFA80FABBF1020F1AD1A7EBF2
:103EE0000901CDF80080079B099A04980BF0B6F9F8
:103EF00002900BA8F6F743FC009000EBD070411045
:103F00000298019000EBD070A1EB600050440FFAD2
:103F100080FA15E0BBF1030F12D1A7EB0901CDF830
:103F20000080079B099A04980BF098F902900BA85F
:103F3000F6F725FC0299401A50440FFA80FA00BFA8
:103F4000A6F800A00598708000BF36E7F0020020B8
:103F5000014600BF00BF0A46506A7047014600BFD5
:103F600000BF0A46106C7047014600BF00BF0A46FA
:103F7000D06B70472DE9F04705460F46164600BF47
:103F800000BF00BF1EB900BF00BF00BFFEE700BFFB
:103F90002C4694F84800C0F3C00008B1BDE8F08793
:103FA000284605F0C6FB606ADCF70CFC804630460C
:103FB000DCF708FC814609EB080A0AF10101606A96
:103FC00001F014F9606200BF606A18B900BF00BF59
:103FD00000BFFEE700BF606A00B9DFE74FF6FF7081
:103FE000874204D10749606A096888470746324614
:103FF0003946606AE1F710F80021284600F0A6FC77
:1040000000BFCBE7F80200202DE9F04F93B08346C4
:10401000894600BF00BF00BFB9F1000F03D100BF48
:1040200000BF00BFFEE700BF11A9584603F022F908
:104030005846FFF78DFF0646CDF840B00024002714
:1040400011A8F6F79CFB0F900021584604F029FEBA
:104050000E900021584604F095FE0D900021584620
:1040600004F05CFE82460E98FDF738F90C90DDF8FE
:1040700040B000215846DBF8242002F0A3FA0B9050
:1040800000200A900025DDF840B09BF84800C0F3FE
:10409000001008B145F00105109890F84800C0F3F1
:1040A000401008B145F002050021584604F020FFF9
:1040B00042F2D171884206D1BBF82200C0F38020C1
:1040C00008B945F0040519E00020CDE900053019D4
:1040D0005246DDE90E13E0F709FF0744B9F9022063
:1040E0000C990A980844824200DC0AE0DDE90C01E0
:1040F00001440A98084400B20A903C46305D00280A
:10410000E2D100BF4FF00008002009900B98022870
:1041100018D1391B3019534600950E9A0BF09EF8B2
:10412000029011A8F6F72BFB009000EBD070411025
:104130000298019000EBD070A1EB600040440FFAB0
:1041400080F813E00B98032810D1391B301953461F
:1041500000950E9A0BF082F8029011A8F6F70FFB6B
:104160000299401A40440FFA80F800BF00200890DE
:104170000794079806900020059004906FB327E0FD
:1041800007AB04AA05A93046E0F794FE05F001004C
:1041900030B10798315C08A8E0F76EFF00B117E076
:1041A000CDF82480DDE904210E98FDF778F840442D
:1041B0000FFA80F8B9F90000404502DA0698079036
:1041C0000AE008EB0A000FFA80F80798069000BF93
:1041D000781E07998842D3D200BFDDE904210E98EA
:1041E000FDF75DF85044401C0390B9F900100998A0
:1041F000A0EB0A0081420ADBB9F900200399099873
:104200000844824203DC012013B0BDE8F08F002097
:10421000FAE700002DE9F04F99B006463446606A8F
:1042200010B919B0BDE8F08F4FF0FF30206317A927
:10423000304603F01FF817A8F6F7A1FA16900021F0
:10424000304604F02EFD15900021304604F09AFD12
:1042500080460021304604F061FD8146002794F835
:104260004800C0F3001008B147F0010794F8480077
:10427000C0F3401008B147F002070021304604F0B7
:1042800037FE42F2D171884205D1708CC0F3802094
:1042900008B947F004071698CDE9008002974B460D
:1042A000616A14A8159A0AF067FF304605F0EDFF21
:1042B00094F8480000F0070002287CD10021304625
:1042C00003F025FF80B21390139850B9304603F0E5
:1042D00051F80546F9F79AF8032190FBF1F080B206
:1042E000139003A8F5F7DEFA314603A8F5F78FFB24
:1042F0004FF6FF7103A8F5F76AFB4FF496700F9025
:1043000000BF0F98119000BF0020029017A8F6F789
:1043100036FABDF95010884253DA17A8F6F72FFA8B
:10432000BDF95010A0EB010B5A46002103A8F5F788
:1043300064FBFE4903A8F5F73CFBFC4903A8F5F72D
:1043400038FBFA493046F5F791FA05464FF0000A76
:104350000020019035B1D5F82CA095F83E00C0F3AF
:10436000400001900D98504515DDCDF838A09DF81E
:104370004A0020F001008DF84A00019858B19DF8DC
:104380004A1021F00201891C8DF84A100A980C99F4
:104390000A910C9000BF0C9A0A991398F5F73BFB11
:1043A0008346594603A8F5F718FB03A80D99F5F7BE
:1043B00008FB03A800E06FE0F5F73EFB0120029048
:1043C00006E0DA493046F5F725FA0020A4F8440063
:1043D00017A8F6F74CF9BDF95210884254DA029842
:1043E000002851D117A8F6F742F9BDF95210A0EBF9
:1043F000010B1598FCF772FFABEB000002460021A1
:10440000009003A8F5F7F9FAC94903A8F5F7D1FA1E
:10441000C7493046F5F72AFA05464FF0000A002052
:10442000019035B1D5F82CA095F83E00C0F34000BE
:1044300001900D98504515DDCDF838A09DF84A0043
:1044400020F001008DF84A00019858B19DF84A10FB
:1044500021F00201891C8DF84A100A980C990A91E2
:104460000C9000BF0C9A0A991398F5F7D4FA83467A
:10447000594603A8F5F7B1FA03A80D99F5F7A1FA83
:1044800003A8F5F7D9FA06E0A9493046F5F7C2F9CD
:104490000021462001538AE194F8480000F007000B
:1044A00003287DD10021304603F031FE85B24DB99D
:1044B000304602F05FFF8246F8F7A8FF032190FB29
:1044C000F1F085B204A8F5F7EDF9314604A8F5F747
:1044D0009EFA4FF6FF7104A8F5F779FA00200390D1
:1044E00017A8F6F74CF9BDF9501088423CDA2022A3
:1044F00011461598FCF7D3FE00EB4000BDF95010B3
:104500004942081A02460021029004A8F5F775FAFC
:10451000864904A8F5F74DFA28460D9A0B99F5F748
:104520007AFA0146029004A8F5F757FA7F49304617
:10453000F5F79CF98246BAF1000F02D0DAF82C00A8
:1045400000E0002083460E98584507DDCDF83CB0CA
:104550009DF84E0020F001008DF84E0004A8F5F7FC
:104560006BFA0120039006E070493046F5F752F9E6
:104570000020A4F8440017A8F6F779F8BDF9521006
:1045800088423BDA0398C0BB1598FCF7A7FEBDF93B
:1045900052104942081A02460021029004A800E085
:1045A00034E0F5F72AFA624904A8F5F702FA28463A
:1045B0000D9A0B99F5F72FFA0146029004A8F5F72A
:1045C0000CFA5B493046F5F751F98246BAF1000F13
:1045D00002D0DAF82C0000E0002083460E985845FF
:1045E00007DDCDF83CB09DF84E0020F001008DF8BD
:1045F0004E0004A8F5F720FA07E0FFE74C493046E3
:10460000F5F708F9002146200153D0E094F848005E
:1046100000F00700012875D117A8F6F728F8BDF9B2
:104620005210884203DB4FF0FF30E062BFE0159884
:10463000FCF754FEBDF95210884203DB4FF0FF3007
:10464000E062B4E03B49606A09688847032803D800
:104650004FF0FF30E062AAE017A8F6F790F8834623
:104660002E2211461598FCF71AFE484400EB400034
:10467000ABEB000000B2ADF84C0017A8F5F7F7FF60
:10468000ADF84E001598FCF729FE4044BDF94E10D8
:1046900091FBF0F200FB121012901598FCF71EFE31
:1046A0001299884210DCBDF84E101298081A00B218
:1046B000ADF84E001598FCF711FEBDF84E100844F9
:1046C00000B2ADF84E000DE0BDF84E101298081A79
:1046D00000B2ADF84E00BDF84E00A0EB080000B2ED
:1046E000ADF84E0013A93046FFF7FAF91190606A51
:1046F000DCF768F81090606A0F4A119912689047C9
:104700000F9008E052E00FA90C4A606A12689047C7
:104710001198401E11900F98C01C10998842F2D831
:10472000DDF83CA000200E90002521E015210308B3
:104730002B210308F8020020F0020020EC020020E8
:10474000616A0F9A88181C49096888470E990844BD
:10475000C0B20E900FA9194A606A126890470E986D
:10476000032803DCDDE90F10814200D902E06D1C53
:10477000032DE5D900BF606A00EB0A0130460E9AAE
:1047800000F056F888B1002505E02E200AEB05025E
:10479000616A88546D1C032DF7D300210AF10300D0
:1047A000626A11541198C01CE06200E000BF3046FC
:1047B00004F0BFFF00BF34E5DC020020E802002067
:1047C0002DE9F0478046444694F8480000F0070081
:1047D000012801D0BDE8F087E06A401C00B9F9E784
:1047E000E06AA0F103094946104A606A12689047DE
:1047F000064600254046FFF767F9074605E0785D65
:104800007219616A8854681CC5B27119606A405C8B
:104810000028F4D1785D7219616A88544046FFF728
:1048200097F84FF0FF30E06200BFD3E7F0020020BE
:104830002DE9F04106460F46154634463046FFF74F
:1048400087F8042D1AD9681C00F0AEFBA062A06A9C
:1048500020B900BF00BF0020BDE8F0812A463946DC
:10486000A06A00F0F8FC0020A16A485594F84800BE
:1048700020F04000403084F848000BE094F84800F5
:1048800020F0400084F848002A46394604F1280008
:1048900000F0E1FC0120DFE770B506460D4600BFE1
:1048A00000BF34461B493046F4F7B4FF1A4930467E
:1048B000F4F7B0FF0020A4F8440000214620015383
:1048C000022D03D0032D01D0042D07D194F8480008
:1048D00020F02000203084F8480005E094F84800DB
:1048E00020F0200084F8480094F8480000F0070009
:1048F000012805D1E06A401C10B13046FFF760FF87
:1049000094F8480065F3020084F848003046FFF749
:1049100081FC70BD152103082B21030870B50646E4
:104920000C4600BF00BF354695F84800C0F30010A4
:10493000A04200D170BD95F8480064F3041085F8DA
:1049400048003046FFF766FC00BFF3E72DE9F04171
:1049500006460D4600BF00BF3446304604F0E9FE6F
:1049600005B9656A606AA84219D194F84800C0F395
:10497000C000A0B9606ADBF725FF471C3946606AB2
:1049800000F034FC606200BF606A18B900BF00BF6D
:1049900000BFFEE700BF606A58BBBDE8F081606AF7
:1049A00048B194F84800C0F3C00020B9606A00F034
:1049B000C9FB002060622846DBF704FF471C38462D
:1049C00000F0F2FA606200BF606A18B900BF00BF71
:1049D00000BFFEE700BF606A00B9DEE72946606AF3
:1049E000DBF7CCFE94F8480020F0080084F848007B
:1049F00000BF3046FFF70EFC00BFCEE70FB438B55E
:104A0000054600BF00BF00BF059818B900BF00BF32
:104A100000BFFEE700BF284604F08BFE2C46059839
:104A200028B92846FFF7F6FB38BC5DF814FB606A2E
:104A300048B194F84800C0F3C00020B9606A00F0A3
:104A400081FB0020606206A8009000990598E0F7BD
:104A500037FB60620020009094F8480020F00800C6
:104A600084F848002846FFF7D5FB00BFDCE770B5A7
:104A700004460D4600BF00BF26463564204604F0BC
:104A800058FE70BD70B504460D4600BF00BF2646F7
:104A9000F563204604F04DFE70BD70B505460E4628
:104AA00000BF00BF2C4694F84800C0F3C00030B9E6
:104AB000606A20B1606A00F045FB002060623EB190
:104AC00094F8480020F00800083084F84800666236
:104AD0002846FFF79FFB70BD70B504460D4614488D
:104AE0000068401C1249086008460068C10011486F
:104AF000006800F07BFB0F49086000BF08460068B3
:104B000018B900BF00BF00BFFEE700BF084800683B
:104B1000401E0849096841F8304005480068401EB9
:104B20000449096801EBC00045600148006870BD98
:104B300048010020A8020020F8B506460C4625468C
:104B4000204609F001FF0090BDF80000A884FF2076
:104B500085F82600F8BD00002DE9F04FA3B082468D
:104B600088464046FCF7B9F80746152F0BD0162F9C
:104B700009D04146814802F00DFB0646012E02D0C5
:104B800023B0BDE8F08F4046FCF708F90446152F26
:104B90007ED1254615A8FAF761FB15AA002120460B
:104BA00004F018FCBDF85A000090F7F7E2FC8346C9
:104BB000F7F7B6FC029035F8240F5A460090029998
:104BC000F7F7F2FE0190BDF80400ADF85A00BDF809
:104BD0005E000090F7F7CDFC8346F7F7A1FC02904A
:104BE00028885A4600900299F7F7DEFE019015A832
:104BF000BDF80410ADF85E102098F7F7BAFC8346B4
:104C0000F7F78EFC029028885A4600900299F7F731
:104C1000CBFE0190BDF80400ADF88000BDF8720035
:104C20000090F7F7A6FC8346F7F77AFC02902888F5
:104C30005A4600900299F7F7B7FE0190BDF80400BC
:104C4000ADF872001E98F7F794FC8346F7F768FCFE
:104C5000029028885A4600900299F7F7A5FE019025
:104C6000BDF80400ADF87800F7F75AFC0290AA7876
:104C7000BDF85A0000900299F7F796FE0190BDF832
:104C80000400ADF85A00F7F74BFC0290AA7800E058
:104C900071E0BDF85E0000900299F7F785FE019083
:104CA00015A8BDF80410ADF85E10F7F739FC0290B6
:104CB000AA78BDF8720000900299F7F775FE01908E
:104CC000BDF80400ADF87200F7F72AFC0290AA784C
:104CD00001462098F7F768FE0190BDF80400ADF892
:104CE0008000F7F71DFC0290AA7801461E98F7F79E
:104CF0005BFE0190BDF80400ADF87800A87850384C
:104D0000BDF8821010FB01F0AF2190FBF1F000B272
:104D1000ADF88200A878243D5038BDF8881010FB0B
:104D200001F0AF2190FBF1F000B2ADF888004046F1
:104D3000FBF7DBFF8146494603A802F005F804F1C2
:104D4000140006900D4804900020059015A80790C7
:104D50000020109003AA1A212046FCF725F804F140
:104D6000140215A94846FAF75DFA03AA1B2120464A
:104D7000FCF71AF800BF00BF02E7000088BE030876
:104D800070B506460C46254600202885686285F8E1
:104D90002A000221204601F0F3FC70BD2DE9F34FFB
:104DA00089B072480A9902F0F5F90890089801282C
:104DB00002D00BB0BDE8F08F0A98FBF78EFF80465B
:104DC0000A98FBF7EBFF0646B8F1130F0ED100214E
:104DD000304603F019FB04460A98FBF7DCFF054652
:104DE000B5F90000A04200DA2C80BDE0B8F12C0F2C
:104DF0003ED134460A98FBF7CEFF83464FF00009B8
:104E0000CA46208D002832DD00251BE0606A30F99B
:104E10002500484503DD606A30F9250000E048467A
:104E20008146606A00EB8500B0F90200504505DD5F
:104E3000606A00EB8500B0F9020000E0504682464F
:104E4000681C85B2208DA842E0DC0021304603F0CA
:104E5000DBFA074609EB07000FFA80F90AEB0700B7
:104E60000FFA80FAABF80090ABF802A000BF7BE02D
:104E7000B8F1150F78D134460A98FBF736FF834610
:104E8000208D08B1606A00B993E706A9304602F0A8
:104E900065FA304602F0B2FCBDF81810081A0FFA95
:104EA00080F9304602F0B4FCBDF81A10081A07B2B7
:104EB000304602F0A9FA824601A8F9F70FFA01AAD2
:104EC0000021304604F012FA002548E0606A30F80C
:104ED0002500484400B2ADF81400681C616A31F83E
:104EE0002000484400B2ADF8100094F82A0000F009
:104EF000010088B9606A00EB85004088384400B240
:104F0000ADF81600681C616A01EB800040883844E7
:104F100000B2ADF8120014E0606A00EB8500408832
:104F2000AAEB0000384400B2ADF81600681C616AB4
:104F300001EB80004088AAEB0000384400B2ADF8D5
:104F4000120004AB05AA01A95846F9F7B0F99DF87B
:104F50000D0020F004008DF80D00681C85B2208D36
:104F6000401EA842B2DC00BF00BF22E72C73040839
:104F700010B5FBF767FFFBF7C3FFFBF7FFFF10BDA3
:104F8000F0B50446059D944201DB2846F0BD8C42F5
:104F900001DC1846FAE7571AEE1A601A704390FBC4
:104FA000F7F01844F2E7000030B587B0044614B9B2
:104FB000094807B030BD21460848006809F023FFC2
:104FC00005463DB900BF00BF684600F0DDF800BFF0
:104FD00000BF00BF2846ECE7C0020020BC02002052
:104FE00010B5002415E00C4850F8340078B10A4997
:104FF00051F8340000F0A6F80020074941F83400C9
:1050000001EBC4018871044901EBC4018880601C74
:10501000C4B2102CE7DB10BD2CC600202DE9F041F6
:10502000054615B90020BDE8F0814FF0FF3600219C
:105030002CE0374800EBC100807900F0010018BB7C
:10504000334800EBC1008088A8421DD3304800EBF4
:10505000C1008088A84208D101202D4A02EBC1027C
:1050600090712B4850F83100DDE7002E01DA4EB286
:105070000AE0274800EBC1008088254A02EBC602FF
:105080009288904200DA4EB2481CC1B21029D0DB9F
:10509000002E08DB01201E4901EBC60188711C4867
:1050A00050F83600BFE7002428E0194800EBC400A0
:1050B000807900F00100F8B9154951F8340029460B
:1050C00000F094F8074600BF1FB900BF00BF00BF43
:1050D000FEE700BF0FB90020A5E701200C4901EB56
:1050E000C40188710A4901EBC4018D80084840F869
:1050F000347050F8340096E7601CC4B2102CD4DB36
:1051000000BF00BF00BF00BF00BF00BFFEE7000040
:105110002CC60020014600200CE0094A52F830203D
:105120008A4205D10022064B03EBC0039A717047F7
:10513000421CD0B21028F0DB00BF00BF00BFF6E772
:105140002CC6002010B504460648844200D110BD8C
:1051500004B9FCE721460448006809F026FE00BFB8
:10516000F5E70000C0020020BC02002010B54FF49B
:105170003841034809F002FE0249086010BD0000F2
:105180009CC70020BC02002070B504461C220021F0
:10519000204600F0B4F91348006809F02EFE0546D9
:1051A0002246114909F0B6FE4FF4384020606421D0
:1051B000A06848432168B0FBF1F0C0F1640020769C
:1051C000A06858B16421E0684843A168B0FBF1F0E1
:1051D0006076607EC0F16400607601E00020607659
:1051E00070BD0000BC0200203152020870B50546B7
:1051F0000C4624B92846FFF7A5FF0B4870BD0A48A6
:10520000854203D12046FFF7CFFEF7E72246294625
:105210000648006809F00FFE06461EB900BF00BF31
:105220000020EBE73046E9E7C0020020BC02002086
:1052300030B5044618461AB105696D1C056109E0D0
:1052400045686D1C456085680D448560C5688D4264
:1052500000D2C16030BD2DE9F0410F461546014630
:105260003A4601F0030602F0030CB4457DD0C2E0DB
:1052700092F8008081F80080491C521C92F800804E
:1052800081F80080491C521C92F8008081F800804F
:10529000491C521C92F8008081F80080491C521C65
:1052A00092F8008081F80080491C521C92F800801E
:1052B00081F80080491C521C92F8008081F800801F
:1052C000491C521C92F8008081F80080491C521C35
:1052D00092F8008081F80080491C521C92F80080EE
:1052E00081F80080491C521C92F8008081F80080EF
:1052F000491C521C92F8008081F80080491C521C05
:1053000092F8008081F80080491C521C92F80080BD
:1053100081F80080491C521C92F8008081F80080BE
:10532000491C521C92F8008081F80080491C521CD4
:1053300092F8008081F80080491C521C92F800808D
:1053400081F80080491C521C92F8008081F800808E
:10535000491C521C92F8008081F80080491C521CA4
:1053600092F8008081F8008000E053E0491C521C54
:1053700092F8008081F80080491C521C92F800804D
:1053800081F80080491C521C92F8008081F800804E
:10539000491C521C92F8008081F80080491C521C64
:1053A00092F8008081F80080491C521C92F800801D
:1053B00081F80080491C521C92F8008081F800801E
:1053C000491C521C92F8008081F80080491C521C34
:1053D00092F8008081F80080491C521C92F80080ED
:1053E00081F80080491C521C92F8008081F80080EE
:1053F000491C521C203D202D3FF63AAF06E092F8A2
:10540000008081F80080491C521C6D1E002DF6D1D1
:10541000BDE8F0816EB1C6F1040607E092F80080A5
:1054200081F80080491C521C761E6D1E0EB1002DA5
:10543000F4D10B46144630E0D4F80080C3F8008065
:105440001B1D241DD4F80080C3F800801B1D241DE3
:10545000D4F80080C3F800801B1D241DD4F8008000
:10546000C3F800801B1D241DD4F80080C3F8008001
:105470001B1D241DD4F80080C3F800801B1D241DB3
:10548000D4F80080C3F800801B1D241DD4F80080D0
:10549000C3F800801B1D241D203D202DCCD806E024
:1054A000D4F80080C3F800801B1D241D2D1F042D7F
:1054B000F6D81946224606E092F8008081F800806E
:1054C000491C521C6D1E002DF6D100BFA0E730B55F
:1054D00004460B4604E01D782570641C5B1C521EBC
:1054E000002AF8D130BD30B504460B4604E01D78E3
:1054F0002570641C5B1C521E002AF8D130BDF0B52B
:1055000006460B46344604F003054DB1C5F10405CB
:1055100003E02370641C521E6D1E0DB1002AF8D1E9
:1055200003EB032707EB034707EB0361204610E07B
:105530000160001D0160001D0160001D0160001D73
:105540000160001D0160001D0160001D0160001D63
:10555000203A202AECD802E00160001D121F042A24
:10556000FAD8044602E02370641C521E002AFAD1C5
:10557000F0BD30B50446224602F0030353B1C3F137
:10558000040304E000251570521C491E5B1E0BB17C
:105590000029F7D1104611E000250560001D0560C7
:1055A000001D0560001D0560001D0560001D0560F3
:1055B000001D0560001D0560001D20392029EBD865
:1055C00003E000250560001D091F0429F9D80246E3
:1055D00003E000251570521C491E0029F9D130BD89
:1055E00030B50446224602F0030353B1C3F104036D
:1055F00004E0FF251570521C491E5B1E0BB10029EB
:10560000F7D1104612E04FF0FF350560001D056030
:10561000001D0560001D0560001D0560001D056082
:10562000001D0560001D0560001D20392029EAD8F5
:1056300004E04FF0FF350560001D091F0429F8D86C
:10564000024603E0FF251570521C491E0029F9D1BE
:1056500030BD024600BF00BF906C884201D10120DE
:105660007047506B884205D192F86100012801DC37
:105670000120F5E70020F3E72DE9F047804640469A
:10568000FBF72BFB8146B9F1070F40D14046FBF7F2
:1056900085FB06464046FBF784FB0446606BB04240
:1056A00004D0A06CB04201D0BDE8F08794F860004F
:1056B00084F8610031462046FFF7CBFF00B1F3E7E5
:1056C00004F154073846DFF77AF8824651463846E7
:1056D000DFF78DF80546CDB151463846DFF7EEF8D5
:1056E0005046FFF72FFD14F8600F401E207029462A
:1056F0003846DFF7E3F82078401E04F860092046BA
:10570000296800F06CF92846FFF71CFD00BF00BFB8
:10571000CAE770B5044600BF00BF25462C4605F118
:1057200054063046DFF733F8002085F8600070BD7E
:105730002DE9F05F83460C4650480168204605F08D
:1057400061F90021204605F023F925466035A87847
:1057500020F00600A870A87820F00800A8700020AB
:1057600028706870A87820F00100A870603D0421BE
:1057700005F15400DFF74EF8204601F0C7F86862E3
:105780000121686A00F0E0FA0020E8636864A86418
:10579000E864286421463A4800F043FF0646304654
:1057A00000F0B4FF42F26401304605F012F9012125
:1057B000304605F0FFF80121304605F0E9F84FF4D6
:1057C0008041304600F0C0FA0221304600F0D8FF98
:1057D000AE6231462B4800F024FF0746384600F001
:1057E00095FF42F2D17242F26401384605F001FAA7
:1057F0000021384605F0CCF802231A46002138462D
:1058000005F0A6F80221384600F0BAFF4FF48041B7
:10581000384600F099FA2F63286BF5F747FA80466F
:105820002B4607221849404600F046FA4FF48041C3
:10583000404600F089FA0021404605F0A9F8C5F875
:105840003480686BFCF762FC824610A15046FDF77D
:1058500006FB286BFEF75AF881460121484600F006
:1058600073FAC5F838900020E86228652B461C22A0
:105870000749204600F020FABDE8F09F6C010020A7
:10588000A0BF0308BCBF030879560208EF8193004C
:10589000F15A020870B505460C460021204605F075
:1058A00077F802231A460021204605F051F802211C
:1058B000204600F065FF70BD2DE9F04107460C461B
:1058C000264606F154052846DEF761FFBDE8F08163
:1058D000014600BF00BF0A46D06A7047014600BFBC
:1058E00000BF0A46106C704770B506460C4620464D
:1058F00001F0DAFD05462046696A05F0A7F80121A6
:10590000204605F045F802231A460021204605F0FE
:105910001FF84FF48041204600F016FA70BD70B5B4
:1059200006460C462546686A20B1686AFFF70AFCFD
:105930000020686270BD70B5054600BF00BF2C46F0
:10594000206B08B1E06A00B970BD94F86200C0F342
:10595000410020B101280BD002281BD111E0002109
:10596000206B04F0A5F80121E06A05F023F811E0AE
:105970000021206B04F09CF80021E06A05F01AF881
:1059800008E00121206B04F093F80121E06A05F0A2
:1059900011F800BF00BF206B04F0A5FAE06A04F024
:1059A000A2FA206B05F084FB206B01F099FC20B972
:1059B0000121206B00F0C8F903E00121206B00F009
:1059C000DFFE00BFC0E770B505460C46012120464A
:1059D00004F0DEFF0221204600F0D2FE70BD2DE96A
:1059E000F04106460D4600BF00BF3446E06A18B1DC
:1059F000616AE06A05F02AF88DB104F1540738466F
:105A0000DEF710FF8046C8F8005094F86000401C94
:105A100084F860002846A16A05F018F802E03046D4
:105A2000FFF777FEE562206D50B1206C20B10121B7
:105A3000206D00F0C6F903E00121206D00F0E1FEC9
:105A4000206C80B394F8620000F00100A8B194F8D3
:105A50006200C0F3C00040B10121A06C00F090FED4
:105A60000221A06C00F070F907E00121A06C00F0A9
:105A70006BF90221A06C00F083FE94F8600002280C
:105A800008DB0121606B00F07BFE0221606B00F0FF
:105A90005BF923E00121606B00F056F90221606B95
:105AA00000F06EFE1AE0FFE794F86000022804DAC6
:105AB00094F86200C0F3C00040B10121606B00F0B7
:105AC0005FFE0221606B00F03FF907E00121606B8F
:105AD00000F03AF90221606B00F052FE00221C2116
:105AE0002046FBF761F93046FFF725FFBDE8F0815E
:105AF0002DE9F04180464046FBF753F907463C4606
:105B00003846FFF7E5FE064686B1A06B70B1706AB5
:105B100040B1716AA06BFEF719FF0121A06B00F084
:105B20002FFE03E00121A06B00F00EF93846FFF7CD
:105B3000D5FE054685B1E06C70B1686A40B1696A0E
:105B4000E06CFEF703FF0121E06C00F019FE03E0BA
:105B50000121E06C00F0F8F8BDE8F08170B5064670
:105B60000C462546242105F12400DEF753FE1C21B6
:105B700005F13000DEF74EFE70BD70B506460C46EE
:105B800000BF00BF254605F13000DEF700FE05F13D
:105B90002400DEF7FCFD70BD2DE9F04F97B00D46F7
:105BA0002946444801F0F6FA16901698012802D0CA
:105BB00017B0BDE8F08F2846FBF78FF80646284659
:105BC000FBF7ECF80446152E71D12846FBF78DF84B
:105BD000159013A9204601F04DFB13AA20461599F4
:105BE000E2F73EFB13AA20461599E9F7D3FD13AA65
:105BF00020461599E7F7ACF913A8F4F79DFD824606
:105C000000EBDA704710BDF84C00384400B2ADF834
:105C10004800BDF84E00384400B2ADF84A0004A870
:105C2000F9F71CFB04AA4FF40031204603F0D2FB25
:105C30004FF4003A41F201025146204602F058FF6B
:105C40000190019800B2834600EBDB704FEA6008D8
:105C500000BF41F204025146204602F049FF019084
:105C6000019800B2834600EBDB704FEA6009BDF893
:105C70004800A0EB080000B2ADF80800BDF84A00EB
:105C8000A0EB090000B2ADF80A00BDF8480040449E
:105C900000B2ADF80C00BDF84A00484400B2ADF8BF
:105CA0000E0002AA04A91598F9F7BCFA00BF00BFBC
:105CB0007EE70000F4BF03082DE9F04104460D46DD
:105CC00016461F4600BF00BF204600F037FBA06805
:105CD000807E401CA1688876A268927E02EB420218
:105CE0009100A268D068FFF781FAA168C86000BF80
:105CF000A068C06818B900BF00BF00BFFEE700BFC2
:105D0000A068C168807E401E00EB400041F8205032
:105D1000A068C268807E401E00EB400002EB80005D
:105D20000672A068C168807E401E00EB400001EB57
:105D300080004760A068C168807E401E00EB400084
:105D400001EB8000BDE8F0812DE9FF4105460C46DE
:105D500000BF00BF284603F069FD064604F00100BD
:105D600010B1284603F0E5FCE8692043E86104F03F
:105D7000010010B1284603F0DCFC284603F056FD74
:105D8000B04202D104F0C07040B1284601F08CFB53
:105D9000074603F091FD284603F08EFD04F0100045
:105DA00068B16A4602A9284601F03CFD02A92846CE
:105DB00003F0F9FC6946284603F0F5FC00BFBDE896
:105DC000FF8170B504460E4600BF00BF208C40EA3C
:105DD0000605208CA84203D02946204604F018FF6F
:105DE00070BD2DE9F04104468846174600234FF662
:105DF000FF723946204610F085FD002511E0E0686D
:105E000000EBC5004068C0F3406000B108E0E06806
:105E100000EBC5004068C0F3006000B100E005E0A1
:105E20006D1C608CC0F3C500A842E8D800BF608C30
:105E3000C008401C618C60F3C8016184628CC2F3AD
:105E4000C502D100E068FFF7D1F9E060608CC0F3D3
:105E5000C500461E09E0E06800EBC6010246701E60
:105E600002EBC00205CA05C1761EAE42F3D8E16856
:105E700001EBC5000821FFF77CFBE06840F83580A6
:105E8000E06800EBC500406867F31700E16801EBCC
:105E9000C50148604FF6FF723946204604F00EFAFD
:105EA000BDE8F0812DE9F04106460F4614461D4637
:105EB00000223946304604F0ABFF2A4621463046E0
:105EC00004F045FEBDE8F0812DE9FF4F87B00E4696
:105ED00090469A4600BF00BF079805F0E9F81EB942
:105EE000079801F0E1FA064600BF00BF4FF0000935
:105EF00000200690079801F0D7FA0746002138469F
:105F000002F0C7F905900021384602F0DCFB01469B
:105F10000598084400B204900021384602F03FFD85
:105F200001460598084400B203900021304602F073
:105F3000B0F902900021304602F0C5FB01460298FC
:105F4000084404B20021304602F029FD01460298BF
:105F5000084405B2B8F1000F0AD10021304602F022
:105F60000AF9012802D14FF0030801E04FF00108BF
:105F7000B8F1160F32D2DFE808F03132354A5866F0
:105F8000869FB40BD4DDFEFDFCFBFAF9F8F7F6F5BD
:105F9000304601F0C4F9009000EBD0704FEA600B7E
:105FA000079802F0CCFF019000EBD070ABEB6000E3
:105FB00020440FFA80F9304601F092F9009000EB8E
:105FC000D0704FEA600B079801F01EFA019000EBC9
:105FD000D070ABEB6000284400B2069070E1A1469F
:105FE00006956DE1304601F09AF9009000EBD07013
:105FF0004FEA600B079802F0A2FF019000EBD0700F
:10600000ABEB600020440FFA80F9069558E130466A
:1060100001F085F98346079802F091FFABEB000091
:1060200020440FFA80F906954AE1A146304601F076
:1060300057F98346079801F0E7F9ABEB00002844D5
:1060400000B206903CE1304601F069F9009000EBA7
:10605000D0704FEA600B079802F071FF019000EBDF
:10606000D070ABEB600020440FFA80F9304601F0AD
:1060700037F98346079801F0C7F9ABEB00002844D5
:1060800000B206901CE1304601F049F983460798BA
:1060900002F055FFABEB000020440FFA80F93046C8
:1060A00001F01EF98346079801F0AEF9ABEB000052
:1060B000284400B2069003E1A146304601F010F9F1
:1060C000009000EBD0704FEA600B079801F09CF94C
:1060D000019000EBD070ABEB6000284400B206905A
:1060E000EEE0304601F01BF98346079802F027FFE7
:1060F000ABEB000020440FFA80F9304601F0F0F8D5
:10610000009000EBD0704FEA600B079801F07CF92B
:10611000019000EBD070ABEB6000284400B2069019
:10612000CEE04FF00009079801F06EF9404200B24E
:106130000690C5E0304602F002FF009000EBD07000
:106140004FEA600B079802F0FAFE019000EBD07066
:10615000ABEB60000FFA80F9079801F055F9404267
:1061600000B209E09CE084E07CE069E04FE045E0BB
:1061700034E01CE014E001E00690A1E0304602F0BB
:10618000DEFE8346079802F0DAFEABEB00000FFA62
:1061900080F9079801F038F9404200B206908FE08C
:1061A0004FF00009304601F02FF9069088E03046A4
:1061B00002F0C5FE009000EBD0704FEA600B07982C
:1061C00002F0BDFE019000EBD070ABEB60000FFA67
:1061D00080F9304601F018F9069071E0304602F07F
:1061E000AEFE8346079802F0AAFEABEB00000FFA62
:1061F00080F9304601F008F9069061E0079802F056
:106200009EFE40420FFA80F90020069058E0079861
:1062100002F095FE40420FFA80F9304601F0F4F8A2
:10622000009000EBD0704FEA600B079801F0ECF89B
:10623000019000EBD070ABEB600000B206903FE045
:10624000079802F07CFE40420FFA80F9304601F0D8
:10625000DBF88346079801F0D7F8ABEB000000B2FB
:1062600006902DE0304602F06AFE8146002006903E
:1062700026E0304602F063FE8146304601F0C4F865
:10628000009000EBD0704FEA600B079801F0BCF86B
:10629000019000EBD070ABEB600000B206900FE015
:1062A000304602F04CFE8146304601F0ADF88346A0
:1062B000079801F0A9F8ABEB000000B2069000BF10
:1062C00000BF0021384601F056FF01280DD13846A5
:1062D00001F008FAB18A5144BA8A891A0144049833
:1062E000081A48440FFA80F90CE0384601F082F9A8
:1062F000B18A5144BA8A891A01440498081A484458
:106300000FFA80F9384601F06FFAF28A14990A44BC
:10631000F98A511A01440398091A0698084400B2F0
:10632000069000220121079804F072FD4946DDE93C
:10633000062004F00CFC0BB0BDE8F08F10B504464D
:1063400000BF00BFA06808BB11480068401C10498E
:1063500008601C20FEF728FEA06000BFA06818B9E6
:1063600000BF00BF00BFFEE700BFA06800B910BDBE
:106370001C21A068FFF7FDF80F20A1684876A068EF
:10638000007E20F00300C01CA168087600BFEEE785
:10639000440100202DE9FC4780460F46012140467C
:1063A00002F02AFE10B10020BDE8FC87404601F053
:1063B00083F80446204600F0DDFF81464846F7F7A3
:1063C0007BF8A04210D04846F7F783F8A0420BD0E4
:1063D0004846F7F755F8A04206D04846F7F743F885
:1063E000A04201D00020DFE74FF40021404602F038
:1063F00003FE48BB4046DEF7BCFA064608F114012E
:106400006846F4F77FF8BDF80000801B00B2ADF8D5
:106410000000BDF80200801B00B2ADF80200BDF81C
:106420000400304400B2ADF80400BDF8060030446A
:1064300000B2ADF806006A4639463846DCF71CFF64
:1064400008B90020B0E700BF404601F02DF805462E
:1064500019E00121284602F0CFFD08B10020A3E792
:106460004FF40021284602F0C7FD40B905F114029F
:1064700039463846DCF700FF08B9002094E7284683
:1064800001F012F80546002DE3D101208CE72DE93B
:10649000FE4F05460E464FF000083146284602F0F2
:1064A000C3FB0446002C46D03146284602F0A2FB2E
:1064B0000090009802283DDD204604EBD071491081
:1064C000491C0CB23146284602F0A1FB204404B21C
:1064D0003146284602F074FB81463146284602F0D8
:1064E0007CFB8246B9F1000F01DD484601E0C9F1AD
:1064F0000000BAF1000F01DD514601E0CAF10001D0
:10650000884207DDB9F1000F01DD484609E0C9F115
:10651000000006E0BAF1000F01DD504601E0CAF1CB
:106520000000204404B2A04501DD404600E02046C2
:10653000804600BF00BF3146284601F0CDFF074628
:10654000C7B13146284601F0ADFF8246BAF1020FCD
:106550000FDD3146284601F0B2FF814609EB070006
:10656000404501DA404601E009EB07000FFA80F8E8
:1065700000BF00BF00BF40F60A023146284602F0C5
:10658000B7FA009000980FFA80FB00BF00BF40F6FA
:106590000B023146284602F0ABFA0090009800B298
:1065A00002900298834501DD584600E00298019070
:1065B0000198002803DD019840440FFA80F8404616
:1065C000BDE8FE8FFEB504460D46164600BF41F2FB
:1065D0005D422946204602F08BFA00900098C0B236
:1065E000029000BF41F26A422946204602F080FA3A
:1065F00000900098C0B2019000BF9DF8080008B953
:106600000120029000BF9DF80800FEBD02460AB9B5
:10661000002070471068884201D10120F9E700206E
:10662000F7E72DE9F04107460C463846EBF730FF17
:1066300080464046FEF7B8FC054615B90020BDE887
:10664000F08141462846FEF794FF2F606C60002CD5
:1066500030D1F6F7D5FE06461EB900BF00BF0020B8
:10666000EDE7F06840B90420FEF79EFCF060F068AA
:106670000560012070620DE0706A401C7062726AF1
:106680009100F068FEF7B2FDF060706A401EF1689C
:1066900041F820500020A8820021E982F6F7C8FEC8
:1066A000401E01B229830020F6F728FF401E01B2E8
:1066B000698329E000BF00BFA06810B92046FFF73A
:1066C0003DFEA068006858B90420FEF76DFCA16883
:1066D0000860A068006805600120A168486013E0B8
:1066E000A0684068401CA1684860A2685268910098
:1066F000A2681068FEF77AFDA1680860A068D0E97A
:106700000010401E41F82050284698E770B5044616
:10671000204603F0D1F8002000F020FB204608F0CE
:1067200087F8204600F07DF8012000F017FB4FF6B7
:10673000FF724FF47021204603F0C0FD204603F0A5
:10674000A4FDFBF71BFA06463EB1204603F059F8BC
:1067500018B121463046FBF74BF9204600F0A4FE65
:10676000054665B1224622212846FAF71DFB22463E
:1067700023212846FAF718FB204602F0DAFF70BD05
:106780002DE9FF4105460C4600BF00BF284603F037
:106790004DF8064604F0100068B16A4602A9284682
:1067A00001F040F802A9284602F0FDFF694628469C
:1067B00002F0F9FF00BFE869A043E86104F00100BE
:1067C00078B1284602F0B5FF284603F02FF840B113
:1067D000284600F069FE074603F06EF8284603F0ED
:1067E0006BF8284603F022F8B04202D104F0C070E2
:1067F00028B1284600F058FE074603F05DF8BDE8D2
:10680000FF8170B504460E4600BF00BF208C20EA11
:106810000605208CA84203D02946204604F0F8F94A
:1068200070BD70B5044625682068006828B12068EE
:10683000006820602046FFF7F4FF2560206840686C
:1068400018B1206821464268904770BD2DE9F84391
:1068500081460C4665686DB3284600F0CBFE0746BE
:10686000284600F0C1FF8046002641F6100231465E
:10687000284602F03DF900900098E98A0844A0EB10
:10688000080001B2E182E08A401E01B2618300BFCC
:1068900041F612023146284602F02AF9009000988B
:1068A000A98A0844C01B00B2A082A08A401E01B27F
:1068B000218300BF0220E061E06940F48050E06184
:1068C0001DB1E06940F40050E0611DB1E06940F4A1
:1068D0004070E061E06940F00400E061E06940F090
:1068E0001000E061E06940F02000E061E06940F004
:1068F0004000E061E06940F40060E0611DB1E069E2
:1069000040F40040E061BDE8F883000070B5044643
:1069100000BF00BF21460448FFF783FE0546284616
:10692000FFF7F4FE284670BDE4B803082DE9F041F6
:10693000064600BF00BF00BF00BF304602F0F9FEB0
:10694000304600F0B1FD044614B1204603F0D2FFFA
:106950000025002754B9304600F00CFD05460DB95E
:10696000BDE8F0812869B04200D10127304609F026
:10697000DEFB84B10021204603F0EAF8204603F054
:10698000B9FF002222212046FAF70EFA0022242124
:106990002046FAF709FA1FB100BF00BF00202861A6
:1069A00000BF00BF00BFDBE770B506460C462046BF
:1069B000DCF730FF002000F0D1F900BF184A0021B9
:1069C000204603F024FD00BF012000F0C7F900219C
:1069D0002046F2F71FFF204600F00CFD054615B1DA
:1069E0002046FBF708F9A068C0B1A068006830B184
:1069F000A1680868FEF7A6FB0020A1680860A068EF
:106A0000C06830B1A168C868FEF79CFB0020A1688F
:106A1000C860A068FEF796FB0020A06070BD000073
:106A2000FFFF0F002DE9F04FA3B082465046FAF762
:106A300054F906465046FAF7B1F90446122E6AD1C7
:106A40005046FAF7A8F905462878022802D123B063
:106A5000BDE8F08F0021204601F069FC10B1022052
:106A60002870F4E70021204602F09EF883460021BA
:106A7000204602F0E2F907460021204602F0C3F961
:106A8000804604F1140121A8F3F733FDBDF884001A
:106A9000C01B00B2ADF88400BDF88800384400B2D5
:106AA000ADF88800BDF88600A0EB080000B2ADF894
:106AB0008600BDF88A00404400B2ADF88A005A460C
:106AC00021A96868DCF719FC10B901202870BEE71D
:106AD0000021204601F0B6FBFD2802DA01202870D3
:106AE000B5E74FF0000968224946204602F000F859
:106AF00020902098C0B210B101202870A7E7002193
:106B0000204601F0A8FCFD2802DA012028709EE74B
:106B10000020287014E1152E7ED15046FAF7E5F8D2
:106B2000834615A8F8F79AFB0021204601F0A2FB46
:106B300030B19DF8770020F00100401C8DF87700FF
:106B400015AA0021204602F045FC0021204602F053
:106B500074F905460021204602F055F9074604F174
:106B6000140113A8F3F7C5FCBDF84C00401B00B29C
:106B7000ADF84C00BDF85000284400B2ADF850000C
:106B8000BDF84E00C01B00B2ADF84E00BDF852007B
:106B9000384400B2ADF85200594601A800F0D4F8CC
:106BA000684802900020039015A8059013A804904F
:106BB00000200E9001AA1A212046FAF7F5F80021CC
:106BC000204601F0B4FB20B1BDF8540008B101200B
:106BD00000E000208146DDF86480B9F1000F01D0AB
:106BE0000020199013AA15A95846F8F71BFBB9F114
:106BF000000F26D01820FEF711FA0090BDF954209E
:106C0000002304F114010098F8F712FA04F59071CA
:106C10000098F7F78FFB00E019E0B8F1000F0FD0F4
:106C200000208DF857008DF876008DF87E008DF8E5
:106C30008A00CDF8648013AA15A95846F8F7F2FA2D
:106C400000BF01AA1B212046FAF7AEF878E0182E03
:106C500076D15046FAF749F8804641462046E7F794
:106C60006FF80021204601F062FB60B104F59070DE
:106C7000F8F7ACFA05462DB12846F7F73DFE284651
:106C8000FEF748FA00BF0021204601F0F3FA002881
:106C900055D015A8F8F7E2FA00208DF857008DF8C6
:106CA0006E008DF87E008DF88A0015AA002120461E
:106CB00002F090FB0021204602F0BFF805460021BB
:106CC000204602F0A0F8074604F1140113A8F3F7D8
:106CD00010FCBDF84C00401B00B2ADF84C00BDF8F4
:106CE0005000284400B2ADF85000BDF84E00C01B63
:106CF00000B2ADF84E00BDF85200384400B2ADF815
:106D00005200414601A800F01FF80E4802900120F1
:106D1000039015A8059013A8049000200E9001AAD6
:106D20001A212046FAF740F813AA15A94046F8F7A9
:106D300079FA01AA1B212046FAF736F800BF00BFF6
:106D400000BF84E6E4B8030870B504460D46482148
:106D50002046FEF70EFC256070BD0000014908705A
:106D6000704700004D0100202DE9FF5F8846404636
:106D7000F9F7B3FF04464046F9F7B4FF0546012C86
:106D800004D120212846FFF71CF801E2082C2BD162
:106D900020212846FFF735FD4046F9F7FCFF07465E
:106DA0003846FCF7E6F9F0B90821284602F024F944
:106DB000C8B1284601F08CF900F0010020B901218A
:106DC0002846FEF7FEFF03E001212846FFF719FDE4
:106DD00000221C212846F9F7E7FF0646012E01D0C4
:106DE000BDE8FF9F00BFD3E1032C04D1202128463A
:106DF000FFF707FDCCE12A2C10D1284600F00DFA50
:106E00000746002607E0A868006850F82690484624
:106E100002F052FD761CBE42F5D3B9E10D2C7CD1B7
:106E20000821284602F0E8F808B34046F9F7B3FF16
:106E30000678132E01D0112E04D101212846FEF729
:106E4000C0FF07E0142E01D0122E03D101212846E5
:106E5000FFF7D7FC0A2E09D000221C212846F9F79B
:106E6000A3FF0746012F00D0BAE700BF90E14FF41F
:106E70000161284602F0C0F8002886D0284602F0BA
:106E8000ABFC0028AFD10390284600F0B3FB0746C7
:106E9000284600F027FC81464046F9F77CFF06783B
:106EA000122E14D1284600F0B3FC8346284600F089
:106EB000ABFA8246C0170AEB90700BEBA00000B251
:106EC000029001462846039A03F0F8FC85E0112E53
:106ED00014D1284600F09CFC8346284600F094FA22
:106EE0008246C0170AEB9070ABEBA00000B2029094
:106EF00001462846039A03F0E1FC6EE0132E36D1DA
:106F0000284600F049FB00F0030020B1002F19DCF7
:106F1000B9F1000F16DC284600E05FE000F078FCD5
:106F20008346284600F070FA8246C0170AEB90703C
:106F30000BEBA00000B2029001462846039A03F032
:106F4000BDFC4AE0284600F059FC8346284601F083
:106F5000F6FF8246C0170AEB90700BEBA00000B260
:106F6000029001462846039A03F08CFC35E0142E6B
:106F700033D1284600F010FB00F0030020B1002FB1
:106F800017DCB9F1000F14DC284600F041FC834601
:106F9000284600F039FA8246C0170AEB9070ABEB36
:106FA000A00000B2029001462846039A03F086FC36
:106FB00013E0284600F022FC8346284601F0BFFF7C
:106FC0008246C0170AEB9070ABEBA00000B20290B3
:106FD00001462846039A03F055FCD9E00E2C3AD11D
:106FE0004FF48061284602F007F818B101212846C5
:106FF00003F02BFC4FF0000A284600F0FBF9834613
:10700000FAF7C2FD82460226FCF76EF88146B9F116
:10701000000F03D14046F9F784FE81464846FCF74D
:10702000B8F80746022F01D0042F01D146F004061C
:10703000BAF1000F06D046F0080631462846FEF7A2
:10704000C0FE07E031462846FEF7BBFE0821284671
:10705000FFF7D7FB9CE0092C04D140212846FEF71E
:10706000B0FE95E00A2C16D140212846FFF7C9FB57
:10707000284601F003F802280CD16A4602A92846E6
:1070800000F0D0FB02A9284602F08DFB6946284695
:1070900002F089FB7CE00F2C04D10E212846FFF77B
:1070A000B0FB75E0292C23D10021284601F015F80A
:1070B00081460021284601F08DF98246BAF1000F81
:1070C00002D1B9F1000F02D0284602F0F5FB2846A4
:1070D00000F0A3F80746002607E0A868006850F80B
:1070E00026B0584602F0E8FB761CBE42F5D34FE0CE
:1070F000222C2FD1002641F201023146284601F010
:10710000F7FC0390039800B2074600BF41F2040267
:107110003146284601F0ECFC0390039800B281460A
:107120000021284600F0D9FF82460021284601F0C0
:1071300051F98346BBF1000F08D1BAF1000F05D118
:1071400042F2D170874201D0814502D1284602F037
:10715000B3FB1DE0132C12D14046F9F71CFE064686
:1071600000212846FFF793F90746B6F90000B84218
:1071700002DDB6F9000000E03846308008E0152C4A
:1071800003D0182C01D0122C02D14046FFF74AFC44
:1071900000BF25E62DE9F04106460D4616B96868A0
:1071A000046800E0346800E0246814B12069002815
:1071B000FAD014B90120BDE8F081206908B9012096
:1071C000F9E70020E8602946204622699047012718
:1071D000287E00F0010000B100273846EBE70246A8
:1071E00000BF00BF906808B900207047002908DA86
:1071F000906840680144002901DA0020F5E70B4659
:1072000000E00B4690684068984201D80020ECE707
:107210009068006850F82100E7E7014600BF00BF12
:10722000886808B90020704788684068FBE770B537
:1072300005460C4605F114012046F3F763F9A868EA
:10724000B8B12088A968898A401A00B22080A08835
:10725000A968898A084400B2A0806088A968898AE0
:10726000401A00B26080E088A968898A084400B2A8
:10727000E08070BD70B506460C4600BF00BF00211F
:10728000304601F006F805462146304600F066F823
:10729000684202B2684201B22046F3F777FA002151
:1072A000304601F010FA2188084400B22080002105
:1072B000304601F0B1FAA188081A00B2A08000217E
:1072C000304601F06CFB6188084400B26080002108
:1072D000304601F01BF9E188081A00B2E08070BD69
:1072E0002DE9F041074600BF00BF0021384601F0FC
:1072F00056FB04460021384601F008F905460021F6
:10730000384600F0C6FF0646384600F07DF8001B00
:10731000401B022101FB160000B2BDE8F0812DE9FF
:10732000F041074600BF00BF0021384601F0CBF90D
:1073300004460021384601F06FFA05460021384620
:1073400000F0A7FF0646384601F0F9FD001B401B80
:10735000022101FB160000B2BDE8F08170B50546C0
:107360000C4600BF00BF05F114012046F3F7CAF830
:1073700070BD000070B5064600BF00BF706808B958
:10738000354603E0304600F097F805460E48DDF735
:1073900016FA044611E0002107E0E06850F82100E9
:1073A000A84201D1204670BD491C606A8842F4D8C9
:1073B00021460548DDF71BFA0446002CEBD100BF3F
:1073C00000BF0020EFE70000ACC50020024600BF70
:1073D00000BF906808B9002070479068807E88429E
:1073E00001D80020F8E79068C06801EB410300EB8A
:1073F0008300F1E7014600BF00BF886810B18868CC
:10740000806870470020FCE710B5044600BF00BF4D
:1074100004F11400F3F7D7F810BD70B5064600BFAD
:1074200000BF304600F040F805460DB9002070BDA1
:10743000002400BF08E021462846FFF7D0FEB042F6
:1074400001D12046F3E7641C2846FFF7E6FEA04280
:10745000F1D84FF0FF30EAE72DE9F04104460F463E
:1074600090461E46002518E0E06800EBC500406825
:10747000C0F3006080B1E06800EBC500406820F018
:107480007F40B04208D1E16851F8350042463946A4
:1074900005F0DCFBBDE8F0816D1C608CC0F3C5001D
:1074A000A842E1D80020F5E7014609B9002070475D
:1074B00000BF00BF4868FAE710B5044600BF00BF30
:1074C000224600BF13461846FFF7EEFF0246002A89
:1074D000F8D1184610BD00002DE9F84F074600BF4F
:1074E00000BF2B4C3846FFF798FE8046002514E07D
:1074F000B868006850F825B02649584601F087FD65
:1075000000B109E0BBF91A00A04201DA204601E00F
:10751000BBF91A00044600BF6D1C4545E8D30021A5
:10752000384601F049FA00900021384600F0FBFF90
:1075300081460021384600F0B9FE064614488442D0
:1075400005D0788BA0EB0900801B201A04B23846C6
:1075500000F09EFD82463846FFF756FF0099401A1C
:10756000A0EB0900022101FB1600AAEB00000FFAB4
:1075700080FA384600F04CF9AAEB00000FFA80FAC6
:10758000544502DD2046BDE8F88F5046FBE7000079
:1075900001E0FFFF010004000146886820B188680F
:1075A000407E00F00F0070470F20FCE770B50646E4
:1075B0000D460E493046F2F759F9044614B1606A97
:1075C000404202E0304600F019F900B22880084934
:1075D0003046F2F74BF9044614B1606A404202E0CB
:1075E000304600F015F900B2688070BDF91E03083E
:1075F000151F03082DE9FC5F044600BF00BF0021F2
:10760000204600F0C5FD012809D0A06810B900206F
:10761000BDE8FC9FA068008A404200B2F8E7002164
:10762000204601F006F901900021204601F058F8AB
:1076300007460021204600F039FE80464FF0000941
:1076400041F6FF752046FFF7E8FD8246002617E069
:10765000A068006850F8260000902049009801F0CA
:10766000D6FC00B10BE00098B0F91400A84201DD8F
:10767000284602E00098B0F91400054600BF761CC9
:107680005645E5D341F6FF70854208D0A946A08A49
:1076900038444044A0EB09000FFA80F901E0DFF81C
:1076A0004090204600F004FD8346204601F047FC50
:1076B0000199401AC01B022101FB1800ABEB00002E
:1076C0000FFA80FB204600F099F858440FFA80FB2F
:1076D000D94501DD48469BE7584699E7010004007B
:1076E00001E0FFFF2DE9F84F044600BF00BF002175
:1076F000204600F04DFD012808D1A06810B90020F7
:10770000BDE8F88FA068B0F91000F9E72A4D2046CF
:10771000FFF783FD8046002614E0A068006850F85B
:1077200026B02649584601F072FC00B109E0BBF9C9
:107730001800A84201DA284601E0BBF91800054606
:1077400000BF761C4645E8D30021204601F071F8C1
:1077500081460021204600F0C3FF00900021204612
:1077600000F0A4FD07461448854205D0208BA0EB0D
:107770000900C01B281A05B2204600F099FC824679
:10778000204601F0DCFBA0EB09010098081A022159
:1077900001FB1700AAEB00000FFA80FA204600F068
:1077A0002DF8AAEB00000FFA80FA554501DD2846B6
:1077B000A6E75046A4E7000001E0FFFF0100040037
:1077C0000146886820B18868007EC0F38100704758
:1077D0000020FCE70146886820B18868007EC0F37D
:1077E000011070470020FCE70146886808B90020B6
:1077F00070478868408A404200B2F9E701468868CD
:1078000008B9002070478868008A404200B2F9E752
:107810000146886808B9002070478868408A40425D
:1078200000B2F9E72DE9F04F95B005460C46164633
:107830004FF0FF3003460022114600902046F2F739
:10784000C7FF4FF0FF30034600221146009030463C
:10785000F2F7BEFF1021284601F0CEFB10B915B09B
:10786000BDE8F08F284600F009FC8046B8F1000F13
:1078700000D1F4E70020FBF73DFC1490B8F1020FB3
:1078800011D109E01498FBF774FCA84200D106E07E
:107890001498FBF72FFC149014980028F2D100BF25
:1078A000149800B9DBE72846FFF79EFF139028469F
:1078B000FFF712FE12902846FFF79CFE1190284613
:1078C000FFF710FF10902846FFF766FE0F9000208C
:1078D0000E900F9800F00C00A8B1B8F1010F10D075
:1078E000B8F1030F05D1139800280ADC129800287C
:1078F00007DCB8F1020F06D11498FBF727FC0C281F
:1079000001D101200E9000200D900F9800F003008F
:10791000A8B1B8F1010F10D0B8F1030F05D111983B
:1079200000280ADC1098002807DCB8F1020F06D105
:107930001498FBF70BFC032801D101200D900D9842
:1079400010B90E9800B98AE74FF48031284600F04C
:107950001FFC012800D100E000200C904FF4803182
:10796000284601F029F883464FF48031284600F07C
:10797000DAFD0B904FF48031284600F0B1FE074647
:107980004FF48031284600F054FF81464FF4803098
:10799000039041F201022846039901F0A9F80290F0
:1079A000029800B20A902846FFF72EFD099028465B
:1079B00001F0C5FA08900E9808B10A9800E000207E
:1079C00082460D9808B10A9800E0002007904FF415
:1079D0008030039021222846039901F089F8029013
:1079E0000298C0B202280DDA4FF4803003903122A1
:1079F0002846039901F07CF802900298C0B2022850
:107A000000DA2CE71399099801441298084400B24F
:107A100005900E9800287DD005980028FBD0E88AB4
:107A20007080688BF0800C9850B1A88A384400B2FE
:107A3000308031880A980844401E00B2B0800AE0C5
:107A4000288BA0EB090000B2B080B1880A98081A10
:107A5000401C00B230800998A0EB0B010B98091A6A
:107A60000798081A09994843059990FBF1F000B26C
:107A700003900020F5F7CAFC00EB8000502101EBD9
:107A80004000A02190FBF1F001280BDD0020F5F76C
:107A9000BDFC00EB8000502101EB4000A02190FBD9
:107AA000F1F000E001200399884201DA039819E01F
:107AB0000020F5F7ABFC00EB8000502101EB40000B
:107AC000A02190FBF1F001280BDD0020F5F79EFCD2
:107AD00000EB8000502101EB4000A02190FBF1F071
:107AE00000E0012000B203900998A0EB0B010B9875
:107AF000091A0798091A0398081A00B206900999FA
:107B00000598401A00B20290029800280EDCE88A1C
:107B1000584400E0BFE000B27080698B0B98091AEE
:107B20000798081A401E00B2F080B3E01299069838
:107B30004843029990FBF1F000B201900199069838
:107B4000401A00B20190E98A01980844584400B2F2
:107B50007080718803980844401E00B2F080B6F926
:107B60000210B5F916005844814242DAE88A5844B6
:107B700000B270800020F5F749FC00EB8000502136
:107B800001EB4000A02190FBF1F001280BDD00206B
:107B9000F5F73CFC00EB8000502101EB4000A021F8
:107BA00090FBF1F000E00120B6F902100844B6F9AC
:107BB000061088421DDD0020F5F728FC00EB800050
:107BC000502101EB4000A02190FBF1F001280BDDDA
:107BD0000020F5F71BFC00EB8000502101EB40007A
:107BE000A02190FBF1F000E001207188084400B270
:107BF000F080B6F90610B5F91A200798121A0B98FA
:107C0000101A814245DD698B0798091A0B98081AEA
:107C100000B2F0800020F5F7F9FB00EB8000502166
:107C200001EB4000A02190FBF1F001280BDD0020CA
:107C3000F5F7ECFB00EB8000502101EB4000A021A8
:107C400090FBF1F000E00120B6F90610081AB6F931
:107C5000021088421DDA0020F5F7D8FB00EB800007
:107C6000502101EB4000A02190FBF1F001280BDD39
:107C70000020F5F7CBFB00EB8000502101EB40002A
:107C8000A02190FBF1F000E00120F188081A00B279
:107C9000708000BF00BF11990898014410980844F3
:107CA00000B204900D98002879D004980028FBD0E9
:107CB000698B0B98081A00B2E080E1880A98081ACC
:107CC000401C00B26080A88A2080288BA080089881
:107CD000C01BA0EB0900A0EB0A00089948430499D7
:107CE00090FBF1F000B203900020F5F78FFB00EB62
:107CF0008000502101EB4000A02190FBF1F0012811
:107D00000BDD0020F5F782FB00EB8000502101EB3A
:107D10004000A02190FBF1F000E00120039988428F
:107D200001DA039819E00020F5F770FB00EB800002
:107D3000502101EB4000A02190FBF1F001280BDD68
:107D40000020F5F763FB00EB8000502101EB4000C1
:107D5000A02190FBF1F000E0012000B20390089810
:107D6000C01BA0EB0900A0EB0A010398081A00B29F
:107D7000069008990498401A00B2029002980028D0
:107D80001BDC0C9860B1A88A38445044401E00B2F5
:107D90002080288BA0EB090000B2A0806BE16BE192
:107DA000A88A384400B22080288BA0EB0900A0EB01
:107DB0000A00401E00B2A0805DE110990698484379
:107DC000029990FBF1F000B2019001990698401AD7
:107DD00000B201900C9800287ED0A98A019808442E
:107DE0003844504400B22080218803980844401E43
:107DF00000B2A080B4F90000B5F914103944514420
:107E0000884243DAA88A3844504400B220800020D7
:107E1000F5F7FCFA00EB8000502101EB4000A021B7
:107E200090FBF1F001280BDD0020F5F7EFFA00EBF5
:107E30008000502101EB4000A02190FBF1F000E018
:107E40000120B4F900100844B4F9041088421DDD83
:107E50000020F5F7DBFA00EB8000502101EB400039
:107E6000A02190FBF1F001280BDD0020F5F7CEFA00
:107E700000EB8000502101EB4000A02190FBF1F0CD
:107E800000E001202188084400B2A080B4F9041069
:107E9000B5F91800A0EB0900814244DD288BA0EB66
:107EA000090000B2A0800020F5F7B0FA00EB8000D6
:107EB000502101EB4000A02190FBF1F001280CDDE6
:107EC0000020F5F7A3FA00EB8000502101EB400001
:107ED000A02190FBF1F001E026E00120B4F90410AC
:107EE000081AB4F9001088421DDA0020F5F78EFA5E
:107EF00000EB8000502101EB4000A02190FBF1F04D
:107F000001280BDD0020F5F781FA00EB80005021FD
:107F100001EB4000A02190FBF1F000E00120A188DE
:107F2000081A00B22080A5E0A98A019808443844C4
:107F300000B22080218803980844401E00B2A0802F
:107F4000B4F90000B5F914103944884242DAA88A1D
:107F5000384400B220800020F5F758FA00EB80008A
:107F6000502101EB4000A02190FBF1F001280BDD36
:107F70000020F5F74BFA00EB8000502101EB4000A8
:107F8000A02190FBF1F000E00120B4F900100844BA
:107F9000B4F9041088421DDD0020F5F737FA00EB34
:107FA0008000502101EB4000A02190FBF1F001285E
:107FB0000BDD0020F5F72AFA00EB8000502101EBE1
:107FC0004000A02190FBF1F000E00120218808444E
:107FD00000B2A080B4F90410B5F91800A0EB0A00B3
:107FE000A0EB0900814245DD288BA0EB0A00A0EB45
:107FF000090000B2A0800020F5F708FA00EB80002D
:10800000502101EB4000A02190FBF1F001280BDD95
:108010000020F5F7FBF900EB8000502101EB400058
:10802000A02190FBF1F000E00120B4F90410081A3F
:10803000B4F9001088421DDA0020F5F7E7F900EBEB
:108040008000502101EB4000A02190FBF1F00128BD
:108050000BDD0020F5F7DAF900EB8000502101EB91
:108060004000A02190FBF1F000E00120A188081A57
:1080700000B2208000BF00BF00BF13E40146886843
:1080800020B18868007E00F0030070470320FCE701
:1080900038B504460548006800906A462C21204601
:1080A000F8F782FEBDF9020038BD000004B90308EC
:1080B00038B504460548006800906A462C212046E1
:1080C000F8F772FEBDF9000038BD000000B90308E2
:1080D000014600BF00BF088C704738B504460D4606
:1080E00041F209022946204600F002FD0090009866
:1080F000C0B238BD38B504460D4641F209022946E2
:10810000204600F0F5FC00900098C0B238BD38B5AC
:1081100004460D4666222946204600F0E9FC009000
:10812000009838BD38B504460D46512229462046F0
:1081300000F0DEFC0090009808B1012038BD00205E
:10814000FCE738B504460D464FF405622946204643
:1081500000F0CEFC0090009800B238BD38B504465F
:108160000D464FF405622946204600F0C1FC009000
:10817000009800B238BD38B504460D4641F26A4257
:108180002946204600F0B4FC00900098C0B238BDEB
:1081900038B504460D4641F26A422946204600F0B1
:1081A000A7FC00900098C0B238BD38B504460D4613
:1081B00041F26A422946204600F09AFC009000985D
:1081C000C0B238BD38B504460D4641F26A42294670
:1081D000204600F08DFC00900098C0B238BD38B544
:1081E00004460D4641F26A422946204600F080FCD2
:1081F00000900098C0B238BD38B504460D4641F233
:108200006A422946204600F073FC00900098C0B2F4
:1082100038BD38B504460D4641F26A42294620462B
:1082200000F066FC00900098C0B238BD38B5044636
:108230000D4644F220022946204600F059FC0090E9
:10824000009838BD38B504460D46212229462046FF
:1082500000F04EFC00900098C0B238BD38B504461E
:108260000D4668222946204600F042FC0090009806
:10827000C0B238BD38B504460D46342229462046E2
:1082800000F036FC0090009808B1012038BD0020B5
:10829000FCE738B504460D4641F232022946204635
:1082A00000F026FC0090009800B238BD38B50446B6
:1082B0000D4641F232022946204600F019FC00909A
:1082C000009800B238BD38B504460D4641F232027E
:1082D0002946204600F00CFC0090009800B238BD02
:1082E00038B504460D4641F232022946204600F0D8
:1082F000FFFB0090009800B238BD38B504460D462B
:1083000041F232022946204600F0F2FB009000982C
:1083100000B238BD38B504460D4641F23202294656
:10832000204600F0E5FB0090009800B238BD38B55B
:1083300004460D4661222946204600F0D9FB0090F4
:10834000009808B1012038BD0020FCE738B504468C
:108350000D46054802882946204600F0C9FB0090DA
:108360000098C0B238BD00007801002038B504463E
:108370000D4641F204022946204600F0B9FB009068
:10838000009800B238BD38B504460D4641F20402EB
:108390002946204600F0ACFB0090009800B238BDA2
:1083A00038B504460D4641F204022946204600F045
:1083B0009FFB0090009800B238BD38B504460D46CA
:1083C00041F204022946204600F092FB00900098FA
:1083D00000B238BD38B504460D4641F2690229465F
:1083E000204600F085FB0090009880B238BD38B57B
:1083F00004460D4641F269022946204600F078FB0A
:108400000090009880B238BD38B504460D4640F65D
:1084100049022946204600F06BFB0090009800B20C
:1084200038BD38B504460D4641F2060229462046BD
:1084300000F05EFB0090009800B238BD38B50446ED
:108440000D4641F205022946204600F051FB0090FE
:10845000009800B238BD38B504460D4640F262427D
:108460002946204600F044FB00900098C0B238BD79
:1084700038B504460D4640F262422946204600F0D7
:1084800037FB00900098C0B238BD38B504460D46A1
:1084900040F262422946204600F02AFB00900098F4
:1084A000C0B238BD38B504460D4640F63C022946F8
:1084B000204600F01DFB00900098C0B238BD38B5D2
:1084C00004460D4640F63D022946204600F010FBCA
:1084D0000090009800B238BD38B504460D4640F60D
:1084E0003A022946204600F003FB0090009800B2B3
:1084F00038BD38B504460D4641F6110229462046DE
:1085000000F0F6FA0090009800B238BD38B5044685
:108510000D4641F611022946204600F0E9FA009086
:10852000009800B238BD38B504460D4641F6110238
:108530002946204600F0DCFA0090009800B238BDD1
:1085400038B504460D4641F611022946204600F092
:10855000CFFA0090009800B238BD38B504460D46F9
:1085600041F611022946204600F0C2FA0090009818
:1085700000B238BD38B504460D4641F61102294611
:10858000204600F0B5FA0090009800B238BD38B52A
:1085900004460D4641F611022946204600F0A8FA8D
:1085A0000090009800B238BD38B504460D4641F63B
:1085B00011022946204600F09BFA0090009800B274
:1085C00038BD38B504460D4641F61102294620460D
:1085D00000F08EFA0090009800B238BD38B504461D
:1085E0000D4641F611022946204600F081FA00901E
:1085F000009800B238BD38B504460D4641F6110268
:108600002946204600F074FA0090009800B238BD68
:1086100038B504460D4641F611022946204600F0C1
:1086200067FA0090009800B238BD38B504460D4690
:1086300041F615022946204600F05AFA00900098AB
:1086400000B238BD38B504460D4641F6150229463C
:10865000204600F04DFA0090009800B238BD38B5C1
:1086600004460D4641F615022946204600F040FA20
:108670000090009800B238BD38B504460D4641F66A
:1086800015022946204600F033FA0090009800B207
:1086900038BD38B504460D4641F615022946204638
:1086A00000F026FA0090009800B238BD38B50446B4
:1086B0000D4641F612022946204600F019FA0090B4
:1086C000009800B238BD38B504460D4641F6120296
:1086D0002946204600F00CFA0090009800B238BD00
:1086E00038B504460D4641F612022946204600F0F0
:1086F000FFF90090009800B238BD38B504460D4629
:1087000041F612022946204600F0F2F90090009846
:1087100000B238BD38B504460D4641F6120229466E
:10872000204600F0E5F90090009800B238BD38B559
:1087300004460D4641F612022946204600F0D8F9BB
:108740000090009800B238BD38B504460D4641F699
:1087500012022946204600F0CBF90090009800B2A2
:1087600038BD38B504460D4641F61202294620466A
:1087700000F0BEF90090009800B238BD38B504464C
:108780000D4641F612022946204600F0B1F900904C
:10879000009800B238BD38B504460D4641F61202C5
:1087A0002946204600F0A4F90090009800B238BD98
:1087B00038B504460D4641F612022946204600F01F
:1087C00097F90090009800B238BD38B504460D46C0
:1087D00041F612022946204600F08AF900900098DE
:1087E00000B238BD38B504460D4641F6120229469E
:1087F000204600F07DF90090009800B238BD38B5F1
:1088000004460D4641F613022946204600F070F951
:108810000090009800B238BD38B504460D4641F6C8
:1088200013022946204600F063F90090009800B238
:1088300038BD38B504460D4641F613022946204698
:1088400000F056F90090009800B238BD38B50446E3
:108850000D4641F613022946204600F049F90090E2
:10886000009800B238BD38B504460D4641F61302F3
:108870002946204600F03CF90090009800B238BD2F
:1088800038B504460D4641F613022946204600F04D
:108890002FF90090009800B238BD38B504460D4657
:1088A00041F613022946204600F022F90090009874
:1088B00000B238BD38B504460D4641F613022946CC
:1088C000204600F015F90090009800B238BD38B588
:1088D00004460D4641F613022946204600F008F9E9
:1088E0000090009800B238BD38B504460D4641F6F8
:1088F00013022946204600F0FBF80090009800B2D1
:1089000038BD38B504460D4641F6130229462046C7
:1089100000F0EEF80090009800B238BD38B504467B
:108920000D4641F613022946204600F0E1F800907A
:10893000009800B238BD38B504460D4641F6140221
:108940002946204600F0D4F80090009800B238BDC7
:1089500038B504460D4641F614022946204600F07B
:10896000C7F80090009800B238BD38B504460D46EF
:1089700041F614022946204600F0BAF8009000980B
:1089800000B238BD38B504460D4641F610022946FE
:10899000204600F0ADF80090009800B238BD38B520
:1089A00004460D4641F610022946204600F0A0F884
:1089B0000090009800B238BD38B504460D4641F627
:1089C00010022946204600F093F80090009800B26B
:1089D00038BD38B504460D4641F6100229462046FA
:1089E00000F086F80090009800B238BD38B5044613
:1089F0000D4641F610022946204600F079F8009015
:108A0000009800B238BD38B504460D4641F6100254
:108A10002946204600F06CF80090009800B238BD5E
:108A200038B504460D4641F610022946204600F0AE
:108A30005FF80090009800B238BD38B504460D4686
:108A400041F610022946204600F052F800900098A6
:108A500000B238BD38B504460D4641F6100229462D
:108A6000204600F045F80090009800B238BD38B5B7
:108A700004460D4641F610022946204600F038F81B
:108A80000090009800B238BD38B504460D4641F656
:108A900010022946204600F02BF80090009800B202
:108AA00038BD38B504460D4641F610022946204629
:108AB00000F01EF80090009800B238BD38B50446AA
:108AC0000D4641F610022946204600F011F80090AC
:108AD000009800B238BD38B504460D4641F6100284
:108AE0002946204600F004F80090009800B238BDF6
:108AF0002DE9F84305460E461446C4F38029C4F315
:108B00008038B8F1000F01D024F48044002714E02D
:108B10006B46224631462846E9F7E3FF074607B190
:108B20000DE0B9F1000F00D109E00EB1002604E01C
:108B30002846FEF7B9FC054600BF002DE8D100BF6E
:108B40000FBB0EBB41F20100844202D0C01C844224
:108B50001AD128680AE041F201018C4202D1818ACF
:108B600019B105E0C18A01B102E000680028F2D124
:108B700000BF41F201018C4202D1B0F9141001E0B2
:108B8000B0F91610009103E0204604F0EFF80090D1
:108B9000B8F1000F05D031462846009ADDF758FAA3
:108BA00000900098BDE8F88338B504460D46602271
:108BB00029462046FFF79CFF0090009800B238BD80
:108BC00038B504460D4640F6410229462046FFF7D7
:108BD0008FFF0090009800B238BD38B504460D46AE
:108BE00040F6420229462046FFF782FF0090009897
:108BF00000B238BD38B504460D4640F64502294658
:108C00002046FFF775FF00900098C0B238BD38B518
:108C100004460D4640F6430229462046FFF768FF0A
:108C20000090009800B238BD38B504460D464FF4A8
:108C3000046229462046FFF75BFF0090009800B2CF
:108C400038BD38B504460D4644F257422946204601
:108C5000FFF74EFF0090009838BD38B504460D462A
:108C600041F2594229462046FFF742FF0090009802
:108C700038BD38B504460D4641F2594229462046D2
:108C8000FFF736FF0090009838BD38B504460D4612
:108C900041F2594229462046FFF72AFF00900098EA
:108CA00038BD38B504460D4641F2594229462046A2
:108CB000FFF71EFF0090009838BD38B504460D46FA
:108CC00041F2594229462046FFF712FF00900098D2
:108CD00038BD38B504460D4641F259422946204672
:108CE000FFF706FF0090009838BD38B504460D46E2
:108CF00041F2594229462046FFF7FAFE00900098BB
:108D000038BD38B504460D4641F25A422946204640
:108D1000FFF7EEFE0090009800B238BD38B504466B
:108D20000D4641F25A4229462046FFF7E1FE0090E7
:108D3000009800B238BD38B504460D4641F25A429B
:108D400029462046FFF7D4FE0090009800B238BDB7
:108D500038B504460D4641F25B4229462046FFF7EE
:108D6000C7FE0090009800B238BD38B504460D46E5
:108D700041F25B4229462046FFF7BAFE0090009878
:108D800000B238BD38B504460D4641F25B42294673
:108D90002046FFF7ADFE0090009800B238BD38B510
:108DA00004460D4641F25B4229462046FFF7A0FEED
:108DB0000090009800B238BD38B504460D4641F227
:108DC0005B4229462046FFF793FE0090009800B2D0
:108DD00038BD38B504460D4641F25B42294620466F
:108DE000FFF786FE0090009800B238BD38B5044603
:108DF0000D4643F60F0229462046FFF779FE009004
:108E0000009800B238BD38B504460D4640F60B0256
:108E100029462046FFF76CFE0090009800B238BD4E
:108E200038B504460D4640F60B0229462046FFF7AA
:108E30005FFE0090009800B238BD38B504460D467C
:108E400040F60A0229462046FFF752FE009000989D
:108E500000B238BD38B504460D4640F60A02294630
:108E60002046FFF745FE0090009800B238BD38B5A7
:108E700004460D4643F60E0229462046FFF738FE0B
:108E80000090009800B238BD38B504460D4641F256
:108E9000010229462046FFF72BFE0090009800B201
:108EA00038BD38B504460D4641F201022946204638
:108EB000FFF71EFE0090009800B238BD38B504469A
:108EC0000D4641F2010229462046FFF711FE0090AF
:108ED000009800B238BD38B504460D4641F2010293
:108EE00029462046FFF704FE0090009800B238BDE6
:108EF00038B504460D4641F2010229462046FFF7E7
:108F0000F7FD0090009800B238BD38B504460D4614
:108F100041F2070229462046FFF7EAFD009000983B
:108F200000B238BD38B504460D4641F20802294664
:108F30002046FFF7DDFD0090009800B238BD10B567
:108F4000044600BF00BF04F11400F1F7AFFB10BDF1
:108F500070B5064600BF00BF3046FEF7A5FA0546CD
:108F6000ADB1B08AA98A401A04B22846FEF746FC81
:108F7000204404B200212846FFF7A5FB201A04B2C2
:108F800000212846FFF785F9201A04B201E0B6F95E
:108F90001440204670BD70B5064600BF00BF304685
:108FA000FEF782FA0546ADB1F18AE88A081A04B2E2
:108FB0002846FEF72DFC204404B200212846FFF786
:108FC000EEFC201A04B200212846FFF762F9201AAD
:108FD00004B201E0B6F91640204670BD70B50446F3
:108FE00000BF00BF2046FFF7D6FF05462046FEF72C
:108FF0000BFA284400B270BD024600BF00BFD06922
:109000000840884201D1012070470020FCE7024659
:1090100000BF00BFD069084008B1012070470020A0
:10902000FCE7024600BF00BF108C084008B10120D9
:1090300070470020FCE77FB506460D46022130460A
:10904000FFF7DAFF10B9002004B070BD8021304670
:10905000FFF7E7FF08B10020F6E702A93046FEF768
:10906000E6F80022294602A8DAF71DFA04460CB9F0
:109070000020E9E74FF480313046FFF7BDFF58B1DB
:10908000009501208DF804006A4611213046F7F75B
:109090008BFE9DF80400D7E72046D5E72DE9FC4775
:1090A00005460E46144600BF4FF405623146284679
:1090B000FFF71EFD0190019800B26080608808B93A
:1090C000BDE8FC8700BF532231462846FFF710FD5C
:1090D00001900198C0B22073207B022800DCEFE7EA
:1090E00031462846FFF7C4F90746FD2F03DA207BF7
:1090F000784300122073207B022800DCE0E700BFE9
:1091000044F2520231462846FFF7F2FC00900098E4
:109110000190BDF80400208000BF5422314628464B
:10912000FFF7E6FC01900198A060A846B1465122E5
:1091300049464046FFF7DCFC0190019808B1012048
:1091400000E00020617B60F38201617331462846B4
:10915000FFF784F8617B60F30101617300BFAFE743
:109160002DE9FC4105460E46144600BF4622314615
:109170002846FFF7BDFC01900198C0B2E072E07A8A
:10918000022801DCBDE8FC8131462846FFF770F972
:109190000746FD2F03DAE07A78430012E072E07AA6
:1091A000022800DCEEE7002020804FF48070608011
:1091B00000BF298BAA8A891A491C09B2084601EB0B
:1091C000D0714910A18000BF698BEA8A891A491CB5
:1091D00009B2084601EBD0714910E18000BF482276
:1091E00031462846FFF784FC01900198C0B2A07276
:1091F000A07A00280CDD00BF44F247023146284621
:10920000FFF776FC009000980190BDF804002081E3
:1092100031462846FFF722F8207300BFB2E7F8B5C1
:1092200005460E46144600BF4FF48B623146284671
:10923000FFF75EFC00900098C0B2A076A07E0228E6
:1092400000DCF8BD31462846FFF712F90746FD2F2E
:1092500003DAA07E78430012A076A07E022800DC0C
:10926000EFE731462846FFF7ECFC0090BDF8000020
:10927000A08100BF41F25A4231462846FFF738FC30
:109280000090009800B2A08200BF41F25B423146DC
:109290002846FFF72DFC0090009800B2608200BFC6
:1092A00040F25C4231462846FFF722FC00900098CD
:1092B000A17F60F30201A17731462846FEF7CEFF79
:1092C000A17F60F3C501A17731462846FFF7C5FCB1
:1092D000206000BF41F25D4231462846FFF708FC9E
:1092E00000900098C0B2207700BFAAE72DE9FC47A4
:1092F00005460E46144600BF40F649023146284650
:10930000FFF7F6FB0190019800B26080608808B911
:10931000BDE8FC8700BF4E2231462846FFF7E8FB38
:1093200001900198C0B22072207A022800DCEFE799
:1093300031462846FFF79CF80746FD2F03DA207ACE
:10934000784300122072207A022800DCE0E700BF98
:1093500044F24D0231462846FFF7CAFB00900098C0
:109360000190BDF80400208000BF4A223146284603
:10937000FFF7BEFB0190019800B2A080A08848B121
:1093800000BF4B2231462846FFF7B2FB01900198FF
:1093900000B2E080A846B1464C2249464046FFF75D
:1093A000A7FB0190019808B1012000E00020617A3C
:1093B00060F382016172607A810861F3C3006072B8
:1093C00031462846FEF74AFF617A60F30101617277
:1093D00000BF9DE72DE9FC4706460D46144600BF39
:1093E000602229463046FFF783FB0190019800B2C6
:1093F000208025B129463046FFF73AF800E0FF20EB
:10940000804629463046FFF733F80746022F02DD33
:10941000B8F1020F09DC0020E07084F8220084F823
:10942000360084F82A00BDE8FC8729463046FEF75E
:1094300015FFA070E078002870D000BF21222946D7
:109440003046FFF755FB01900198C0B2E070E0781C
:10945000022863DD29463046FEF7E8FE0190BDF89C
:109460000400A08000BF262229463046FFF740FBBB
:10947000019001988146B9F1000F0AD099F80900CE
:1094800000F0070028B10A224946A01DFBF7E3FEC1
:1094900043E000BF232229463046FFF729FB019015
:1094A0000198E17B60F30201E173E07B00F00700CB
:1094B00038B329463046FEF7B9FE0190BDF80400E6
:1094C000E08000BF44F2220229463046FFF710FB3D
:1094D000009000980190A01DBDF80410618100BFAC
:1094E000242229463046FFF703FB019001982072A1
:1094F00000BF252229463046FFF7FAFA019001986D
:10950000207300BF272229463046FFF7F1FA019069
:109510000198E17B60F3C501E17300BF00BF41F238
:10952000320229463046FFF7E3FA0190019800B273
:109530002084208C60B394F8220048B300BF31220D
:1095400029463046FFF7D4FA01900198C0B284F85A
:10955000220094F8220002281ADD00BF3322294697
:109560003046FFF7C5FA0190019894F8231060F394
:10957000450184F8231000BF44F2300229463046EA
:10958000FFF7B6FA009000980190BDF80400E08360
:1095900029463046FEF7A0FFE084E08CF0B194F855
:1095A0002A00D8B129463046FEF77CFF84F82A000D
:1095B00094F82A00022811DD29463046FEF77FFF85
:1095C000208500BF44F23B0229463046FFF790FA5F
:1095D000009000980190BDF80400A084A07E0028AF
:1095E00051D000BF40F6280229463046FFF780FAE6
:1095F0000190019820612069002844D000BF2922F1
:1096000029463046FFF774FA01900198C0B2A0765F
:10961000A07E022837DD2069F9F706FD02280DD16A
:1096200029463046FFF719FB606129463046FFF7AF
:1096300008FB0190BDF80400208324E000BF44F241
:109640002A0229463046FFF753FA0090009801900D
:10965000BDF80400208300BF2B2229463046FFF7C7
:1096600047FA01900198C0B2E076B146AA462C2292
:1096700051464846FFF73CFA0190019808B1012095
:1096800000E00020207794F8360080B32946304669
:10969000FFF7CAFAE085E08D48B394F83600022857
:1096A00025DD29463046FFF7A5FA84F8360094F800
:1096B000360002281BDD29463046FFF781FA208656
:1096C00029463046FFF789FA608629463046FFF77B
:1096D0009EFAA08600BF44F2440229463046FFF7B6
:1096E00007FA009000980190BDF80400A085B8F139
:1096F000FD0F02DA08FB07F00712FD2F17DA173407
:1097000014F8140C7843001204F8140CE078784331
:109710000012E070E07A78430012E072E07F784354
:109720000012E077E07C78430012E074173C00BF41
:1097300079E67CB5054600BF00BF03E02846FDF78B
:10974000B3FE05462846FDF7AFFE30B14FF40021C9
:109750002846FFF751FC0028F0D12846DBF709F92D
:10976000044605F114016846F0F7CCFEBDF8000090
:10977000001B00B2ADF80000BDF80200001B00B2F3
:10978000ADF80200BDF80400204400B2ADF80400BA
:10979000BDF80600204400B2ADF806006946284630
:1097A00000F001F87CBD2DE9FC4105460E4600BFE6
:1097B00000BF31466846F0F7A5FE69462846FCF72B
:1097C000E9FD044634B12846FDF7D4FD0746694655
:1097D000DAF761FFBDE8FC810246116800E0096824
:1097E00021B1087E00F003000028F8D009B900205C
:1097F0007047087E00F00300012800D1F8E7002040
:10980000F6E70246116800E0096821B1087EC0F35E
:1098100081000028F8D009B900207047087EC0F305
:109820008100012800D1F8E70020F6E770B5064670
:109830000B493046FFF7EBFB08B1002070BD304606
:10984000FDF732FE04460CB90020F7E70021204660
:10985000FEF7CDFD05460DB10120EFE70020EDE755
:10986000010006007CB5054600BF00BF2846DBF7B7
:1098700080F8044605F114016846F0F743FEBDF890
:109880000000001B00B2ADF80000BDF80200001B94
:1098900000B2ADF80200BDF80400204400B2ADF8FB
:1098A0000400BDF80600204400B2ADF80600694689
:1098B0002846FCF76FFD7CBD70B50446608C20F037
:1098C0000100401C60842046FDF7F6FD0546688CCB
:1098D00020F00200801C68842846FDF74BFD0646F8
:1098E000706810B1706805F0DFF970BD2DE9F047C0
:1098F00080460D46164699464046FDF78EFC824648
:10990000002726E0D8F80800006850F82740B9F191
:10991000000F06D04FF480212046FFF76DFB00B109
:1099200016E0A08A284400B2A082E08A304401B246
:10993000E182208B284401B22183608B304401B244
:1099400061830023324629462046FFF7CFFF00BF40
:109950007F1C5745D6D3BDE8F0872DE9F04F85B081
:1099600004460E4617466568002D34D0002128466F
:10997000FEF7A9FE824600212846FFF710F883462D
:109980004FF480212046FFF737FB40B1A88A5044AE
:10999000304406B2E88A5844384407B20FE02846FB
:1099A000FDF72CFFA98A5144081A304406B2284614
:1099B000FDF72EFFE98A5944081A384407B20021FE
:1099C0002846FEF766FC814606EB090006B207EB67
:1099D000090007B200BFA08A301A00B2ADF810002B
:1099E000E08A381A00B2ADF81200BDF8100028B9AC
:1099F000BDF8120010B905B0BDE8F08F2046FFF7A2
:109A000098FE02A92046FDF7A9FC4FF000087DB1A1
:109A100069462846FDF72EFC0022694602A8D9F7C0
:109A20006CFC8046B8F1000F02D1284600F062FFBE
:109A3000A08ABDF81010084400B2A082E08ABDF8E8
:109A40001210084401B2E182208BBDF810100844C6
:109A500001B22183608BBDF81210084401B261830A
:109A6000BDF91220BDF9101000232046FFF73EFF7C
:109A700025B1224622212846F7F796F92046FFF71E
:109A800058FE9DB10022694604F11400D9F735FC57
:109A90008146B8F1000F05D1B8F1000F05D1B9F139
:109AA000000F02D0284600F025FF00BF00BFA2E74C
:109AB0002DE9F04180460C4600BF00BF002C06DABD
:109AC0004046FDF7F1FC0246FDF7A7FB0444404683
:109AD000FDF7A3FC07464046FDF7E6FC0646002CD2
:109AE00001DABDE8F0813046FDF797FBA04200DCCB
:109AF000F7E7BC4200D1F4E73D46BC420DDA09E08D
:109B0000B0680168681E51F82000B168096841F822
:109B100025006D1EA542F3DC0CE009E0B068016889
:109B2000681C51F82000B168096841F825006D1CD7
:109B3000A542F3DBB068006840F8248000222221AF
:109B40003046F7F731F93046FFF7F3FD00BFC8E7BD
:109B50002DE9F04107460E463846FDF73BFEC8B9F1
:109B60003846FDF741FE05463846FDF7B5FC04468C
:109B7000002C0EDA002D0CDD6042854201DA284609
:109B800000E0604204B2334622460021384600F02D
:109B900009FD00BF3846FDF713FE88BB3846FDF7C8
:109BA00029FD04463846FDF79DFD0546002138464F
:109BB000FEF7EEFA012811D0002D20DA002C1EDD70
:109BC0006842844201DA204600E0684205B233462A
:109BD00000222946384600F0E5FC10E0002C0EDAA1
:109BE000002D0CDD6042854201DA284600E060422B
:109BF00005B2334600222146384600F0D3FC00BFB0
:109C0000BDE8F0812DE9F14F86B00698FFF70EFE12
:109C100010B107B0BDE8F08F0698FDF745FC059040
:109C200000210698FFF771F9054600210698FFF715
:109C300079F90446059828B9224629460698FFF77F
:109C40008CFEE6E70598FDF76AFB80460598FDF770
:109C500047FB064605F4C040B0F5005F01D1012086
:109C600000E0002030B125F4C040B0F5FA6F01DC0F
:109C7000012000E0002088B125F4C040B0F57A7FD3
:109C800004DD25F4C040C0F57A7001E025F4C04041
:109C900000FB08F0642190FBF1F005B204F4C04031
:109CA000B0F5005F01D1012000E0002030B124F4C4
:109CB000C040B0F5FA6F01DC012000E0002080B167
:109CC00024F4C040B0F57A7F04DD24F4C040C0F530
:109CD0007A7001E024F4C0407043642190FBF1F0FD
:109CE00004B2069802900020039043F20C02DDE9D2
:109CF0000201FEF7FDFE019001980FFA80FA00BF05
:109D0000069802900020039043F20D02DDE9020163
:109D1000FEF7EEFE019001980FFA80FB00BF069857
:109D2000FFF70DF981460698FDF76EFB07460AF42A
:109D3000C040B0F5005F01D1012000E0002030B14B
:109D40002AF4C040B0F5FA6F01DC012000E00020E9
:109D500090B12AF4C040B0F57A7F04DD2AF4C04007
:109D6000C0F57A7001E02AF4C04000FB09F06421DC
:109D700090FBF1F00FFA80FA0BF4C040B0F5005FF1
:109D800001D1012000E0002030B12BF4C040B0F53B
:109D9000FA6F01DC012000E0002088B12BF4C04004
:109DA000B0F57A7F04DD2BF4C040C0F57A7001E095
:109DB0002BF4C0407843642190FBF1F00FFA80FB54
:109DC00005EB0A0005B204EB0B0004B20021069873
:109DD000FEF790F90490049850B900210598FEF719
:109DE000CAF9012802D10320049001E00120049067
:109DF0000498012805D1224629460698FFF7ADFDB3
:109E00006FE00498801E082864D2DFE800F0041098
:109E1000212534153C4C414608EBD172521048467E
:109E200009EBD073A2EB63022A4415B253E0A8EB0E
:109E30000900284405B24EE0314606EBD1725210BB
:109E4000384607EBD073A2EB6302224414B242E01F
:109E5000F01B204404B23EE0414608EBD1725210A0
:109E6000484609EBD073A2EB63022A4415B2F01BFB
:109E7000204404B22FE0A8EB0900284405B2F01BEF
:109E8000204404B227E0A8EB0900284405B231467B
:109E900006EBD1725210384607EBD073A2EB630287
:109EA000224414B217E0414608EBD17252104846E2
:109EB00009EBD073A2EB63022A4415B2314606EBDC
:109EC000D1725210384607EBD073A2EB63022244E2
:109ED00014B200E000BF00BF224629460698FFF7F3
:109EE0003CFD00BF95E62DE9F04F8DB0044600BF64
:109EF00000BF608CC0F3802038B1608CC0F340207C
:109F000018B100200DB0BDE8F08F2046FDF7CCFA67
:109F100007460FB90020F5E72046FDF76BFB0C90D4
:109F200000200B900A90608CC0F3802020B1204666
:109F3000FFF705F8054680E000212046FEF7A4FF64
:109F4000054642F2D1718D4201D1012000E000208E
:109F50000B9005F4C040B0F5005F01D1012000E096
:109F6000002030B125F4C040B0F5FA6F01DC0120CB
:109F700000E000200A903846FDF7D1F981460B98A1
:109F800020B12046DCF7A8FD054634E00A98F8B178
:109F9000788CC0F38020E0B900213846FEF774FFCA
:109FA00042F2D171884214D100212046FEF771F9A6
:109FB000019000212046FEF786FB0199084405B276
:109FC00000212046FEF728FC01990844284405B2E8
:109FD00011E025F4C040B0F57A7F04DD25F4C040DF
:109FE000C0F57A7001E025F4C04000FB09F064215F
:109FF00090FBF1F005B20020019041F202022046F0
:10A000000199FEF775FD009000980FFA80FA00BFE5
:10A010000020019041F2030220460199FEF768FDFD
:10A02000009000980FFA80FB00BF4B465A465146FD
:10A030002846F2F708FA054600BF2046FDF7D4FB94
:10A040000990002008900790608CC0F3402020B158
:10A050002046FDF7D9F9064680E000212046FEF7AC
:10A0600085F9064642F2D1718E4201D1012000E00D
:10A070000020089006F4C040B0F5005F01D1012037
:10A0800000E0002030B126F4C040B0F5FA6F01DCEA
:10A09000012000E0002007903846FDF721F98146B5
:10A0A000089820B12046DCF77BFC064634E0079890
:10A0B000F8B1788CC0F34020E0B900213846FEF7B3
:10A0C00055F942F2D171884214D100212046FEF7A1
:10A0D000E0F8019000212046FEF761FC0199084458
:10A0E00006B200212046FEF711FA019908443044D7
:10A0F00006B211E026F4C040B0F57A7F04DD26F404
:10A10000C040C0F57A7001E026F4C04000FB09F0C1
:10A11000642190FBF1F006B20020019041F20502AB
:10A1200020460199FEF7E4FC009000980FFA80FAAF
:10A1300000BF0020019041F2060220460199FEF77F
:10A14000D7FC009000980FFA80FB00BF4B465A46A0
:10A1500051463046F2F720F9064600BF0B9808B981
:10A16000089828B100232046099A0C9900F05BFB5F
:10A170002046FEF7E4FEA84206D12046FDF744F94A
:10A18000B04201D10020BDE62046FFF7D2FA05A972
:10A190002046FDF7E3F803A93846FDF76BF80022E7
:10A1A00003A905A8D9F7A9F88046B8F1000F02D194
:10A1B000384600F09FFBE08A3044401E01B26183C4
:10A1C00000212046FDF7D7FF012805D1208B401B39
:10A1D000401C00B2A08204E0A08A2844401E01B2C4
:10A1E000218305AA29212046F6F7DEFD22462221F9
:10A1F0003846F6F7D9FD2046FFF79BFA00212046A6
:10A20000FFF7A6FC002203A904F11400D9F775F8A2
:10A210000290B8F1000F04D1B8F1000F04D10298F8
:10A2200010B1384600F066FB01206BE638B50446F5
:10A2300000BF00BF2046DAF79CFB054600200090D7
:10A240006A4613212046F6F7AFFDBDF90000A8428B
:10A2500002D02046FFF76DFAA06820B1BDF90000DA
:10A26000A168C88209E0BDF8000030B12046FCF7C3
:10A2700065F8BDF90000A168C882BDF90000A842D8
:10A2800002D02046FFF755FA38BD70B504460021CC
:10A290002046FEF7F9FD054600212046FEF766F848
:10A2A000064642F2D170854203D0864201D000209A
:10A2B00070BD2046FFF700FB0120F9E72DE9F843C8
:10A2C00006460F46144600BF00BF3848007808B95C
:10A2D000BDE8F8833046FFF72CFA384600F0E1FE7F
:10A2E000054604F4805040B3B5F5702F1DD0E5B19C
:10A2F0004FF0000841F2040241463046FEF7F8FBF9
:10A300000090009800B242F2D17188420DD000BF97
:10A3100041F2010241463046FEF7EAFB0090009808
:10A3200000B242F2D171884207D100222A21304680
:10A33000F6F73AFD3046FFF7BFFAB5F5702F00D0BB
:10A340008DB94FF6FF70844202D004F4005050B132
:10A350003046FDF7A9F88046B8F1000F02D040461C
:10A36000FFF7AAFA00BF4FF6FF70844202D004F450
:10A37000006010B13046FFF759FF3046FFF7D9F9BA
:10A380004FF6FF70844208D004F4806058B104F4A2
:10A39000006010B904F4805028B1B5F5803F02D0B8
:10A3A000304607F0F6F900BF92E700004D010020AB
:10A3B0002DE9F04105460F46164600BF00BF0024B8
:10A3C00010E0E86800EBC4004068C0F3006040B1F2
:10A3D000E86800EBC400406820F07F40B04200D144
:10A3E00005E0641C688CC0F3C500A042E9D800BF3A
:10A3F000688CC0F3C500A04202D10020BDE8F08106
:10A40000E96851F83400394602F05CFDF6E72DE9C1
:10A41000FE4F04460E469146484600F046FE8246F0
:10A42000484600F03EFE80464FF6FF7002901EB197
:10A43000F07908B9002002900025AB4674E0E1688D
:10A4400001EBC501496821F07F4000F02EFE01902C
:10A45000E16801EBC501496821F07F4000F021FE71
:10A4600000904FF6FF70824502D0019850450BD105
:10A47000B8F5702F02D00098404505D136B1E0689C
:10A4800050F83500B04201D06D1C4DE0E06800EBA3
:10A49000C5004068C0F3406030B100234FF6FF7242
:10A4A000414620460CF02EFAE06800EBC5004068FB
:10A4B000C0F3006030B9E06800EBC5004068C0F34D
:10A4C000406068B1E16851F8350002F080FDE16854
:10A4D00051F83500FAF736FE0020E16841F8350002
:10A4E0002F4609E0E06800EBC7010246781C02EB4A
:10A4F000C00205CA05C17F1C608CC0F3C500401EA8
:10A50000B842EFD8608CC008401E618C60F3C8016F
:10A510006184628CC2F3C502D100E068FAF766FE7E
:10A52000E0604FF0010B00BF608CC0F3C500A84293
:10A5300085D8BBF1000F06D0029820B141462046D5
:10A54000029AFFF7BBFEBDE8FE8F000010B504467F
:10A55000024A00212046FFF75AFF10BDFFFF0F00FF
:10A5600070B506460E48007800B970BD0020F2F7BD
:10A5700095FF044610E0002506E0E06850F825103D
:10A58000304607F026FA6D1C606AA842F5D82046CE
:10A59000F2F784FF044600BF002CECD100BFE4E7D3
:10A5A0004D0100202DE9F04F91B005460C461646AE
:10A5B0009A461CB916B911B0BDE8F08FBAF1010F77
:10A5C0007ED12846FCF7D6FE10906846EFF76AF970
:10A5D00000BF009500BF4E48039000BF002C38D04C
:10A5E0001098F2F725FF40F35D0B224600215846F4
:10A5F000EFF711FA0746C82F00D2C827B7F5C87F72
:10A6000001D94FF4C87739466846EFF7E2F9284692
:10A61000FDF7F4F88046C8F100000219C8F1000106
:10A620006846EFF7DEF93B496846EFF7BCF93A496F
:10A630006846EFF7C2F96A4609212846F6F7B4FBE7
:10A640008146B9F1010F00D0B5E76846EFF7F4F99C
:10A6500000BF002E39D01098F2F750FF40F35D0B89
:10A66000324600215846EFF7D6F90746C82F00D2E8
:10A67000C827B7F5C87F01D94FF4C877394668466F
:10A68000EFF7A7F92846FDF7C3F88046C8F10000A8
:10A690008219C8F100016846EFF7A3F91F4968461F
:10A6A000EFF781F91C496846EFF787F96A460921F7
:10A6B0002846F6F779FB8146B9F1010F01D07AE718
:10A6C00004E06846EFF7B8F900BF1EE013492846DA
:10A6D000EFF7A0F807460F492846EFF79BF88046AA
:10A6E00032462146284607F069FB17B9B8F1000F3A
:10A6F0000AD000220A212846F6F756FB8146B9F116
:10A70000010F00D057E700BF00BF00BF53E70000B4
:10A710002D1A0308F91E03081F990108151F0308C5
:10A720002DE9FF5F0E46174616B90FB9BDE8FF9F2A
:10A73000009800F0BDFC0098FDF760F840420FFA69
:10A7400080F808EB060004B200210098FDF720FD18
:10A7500001281BD0002C00DD0024002C2EDA0098EC
:10A76000FCF748FF83460098FCF7BCFF58440FFAFB
:10A7700080FABAF1000F01DA4FF0000ACAF10000C6
:10A78000844202DACAF1000004B217E0002C00DAB9
:10A790000024002C12DD0098FCF72CFF8346009863
:10A7A000FCF7A0FF58440FFA80FABAF1000F01DA63
:10A7B0004FF0000A544500DD544600BF0098FDF7F5
:10A7C00027F840420FFA80F909EB070005B2002D87
:10A7D00000DD0025002D16DA0098FDF705F8834608
:10A7E0000098FCF779FE58440FFA80FABAF1000F8E
:10A7F00001DA4FF0000ACAF10000854202DACAF11C
:10A80000000005B200BFA4EB080006B2A5EB0900EA
:10A8100007B206B92FB13A463146039B0098FFF7BD
:10A82000C1FE00BF82E72DE9F04106460F461446FF
:10A830001D462A463946304600F024F82A4621466D
:10A84000304600F03BF8BDE8F081F8B504460E460E
:10A85000204600F02DFC0020009027463846FCF7EB
:10A8600023FE05460BE033466A46394604F11400E0
:10A8700007F0EEF82F462846FCF716FE0546002D99
:10A88000F1D1F8BD2DE9F04106460C4615460A49BE
:10A890003046EEF7BFFF3046FCF7B0FF0746604298
:10A8A00038440FFA80F82B46002241463046FFF725
:10A8B00037FFBDE8F0810000F91E03082DE9F041E3
:10A8C00006460C4615460A493046EEF7A3FF3046C9
:10A8D000FCF79EFF0746604238440FFA80F82B468B
:10A8E000424600213046FFF71BFFBDE8F081000023
:10A8F000151F03081FB504466A4602A92046FCF747
:10A9000091FF02A8EFF7BAFE20B96846EFF7B6FE4E
:10A9100000B91FBD02A8EFF7B1FE18B102A9204689
:10A92000FEF741FF6846EFF7A9FE18B169462046D9
:10A93000FEF739FF00BFECE770B504460D4600BFD7
:10A9400000BF2046FBF7FAFCA068858270BD0000BE
:10A950002DE9F04106460F4614461D4600223946B1
:10A96000304600F0ADFA00222146304600F078FA79
:10A9700000222946304600F0B3FA0448008881B22C
:10A980000022304600F0C9FABDE8F0816C010020D9
:10A9900070B504460D4600222946204600F070FAA4
:10A9A0000348008881B20022204600F0B6FA70BD4C
:10A9B0006C01002070B504460D4600222946204651
:10A9C00000F06EFA2046FCF76FFD0646FEF774FFB6
:10A9D00070BDF8B506460D4600BF00BF00236A46AD
:10A9E00041F204013046FCF737FD0446012C02D148
:10A9F0000098A84200D124B900222946304600F030
:10AA00007FFAF8BD70B505460C4600BF00BFA1B285
:10AA10000022284600F081FA2846FEF74DFF70BD5F
:10AA20002DE9FF4106460C461D4629463046E7F70C
:10AA3000A5FE074621463846029A02F06EFC2246E1
:10AA400029463046FFF73AFCBDE8FF812DE9F04189
:10AA500006460D4600BF00BF00BF00BF706818B9B2
:10AA600000BF00BFBDE8F08115B900BF00BFF9E726
:10AA70003046FEF75EFE2846FBF760FC7468304601
:10AA8000FCF7CBFC074609E0A0680168781C51F888
:10AA90002000A168096841F827007F1C2046FCF7C8
:10AAA000BCFB801EB842EFDAA0684068401EA16877
:10AAB0004860A068406848B1A26852689100A268E6
:10AAC0001068FAF793FBA168086006E0A1680868BF
:10AAD000FAF738FB0020A1680860A8684068401CAD
:10AAE000A9684860AA6852689100AA681068FAF7D5
:10AAF0007DFBA96808602846FCF78FFB401EA9680B
:10AB0000096841F82060756000212046FFF720F8B1
:10AB10002046FFF7EFFE324622212046F6F744F9A1
:10AB2000002224212046F6F73FF93246222128460A
:10AB3000F6F73AF9002223212846F6F735F9304690
:10AB4000FEF7BAFE3046FEF7F4FD00BF8AE770B5A7
:10AB500005460E46144600BF00BF3146284600F0A9
:10AB60006EFA2146284600F083FA70BD70B505469E
:10AB70000C462846FBF7E2FBA868407E00F00F0079
:10AB8000A04201D0A9684C7670BD70B504460D4650
:10AB90002046FBF7D3FBA068007E65F38300A16825
:10ABA000087670BD70B504460D462046FBF7C6FB1F
:10ABB000A068007E65F30510A168087670BD70B5C9
:10ABC00004460D4600BF00BF2046FBF7B7FBA06858
:10ABD000007E00F00300A84200D170BDA068007E96
:10ABE00065F30100A16808762046FEF7A2FD00BFCC
:10ABF000F3E770B505460E46144600BF00BF314668
:10AC0000284600F003FA21462846FFF7E2FE70BD11
:10AC10002DE9F04F89B007468946388C484502D166
:10AC200009B0BDE8F08F00BF00BF388C0890A7F8CE
:10AC300020904A4638460899D9F77CFF8246BAF1F7
:10AC4000000F00D1ECE74FF42070FAF7E7F9054662
:10AC50004FF420712846FAF78CFC0024002697E078
:10AC6000F86800EBC6000790F96801EBC601496877
:10AC700021F07F4000F019FA0690F96801EBC60157
:10AC8000496821F07F4000F00CFA0590069820EA10
:10AC9000090000B17BE007984068C0F3406000B154
:10ACA00075E0079904AA0868672101F0D9FF00B987
:10ACB0006DE0DDF810804FF0000B60E000200390A5
:10ACC00026E0039800EB800005EB800040680290CE
:10ACD000029800F0EAF90190029800F0E2F9009081
:10ACE000D8F8000030F81B10039800EB800005EB4B
:10ACF00080000089814208D105990098884204D1DA
:10AD000006990198884200DB05E00398401C0390F7
:10AD10000398A042D5D300BF0398A0422DD1B8F824
:10AD20000C0004EB840125F82100B8F8100004EBB6
:10AD3000840105EB8101488004EB840105EB81016E
:10AD4000D8F80800C860D8F8000030F81B0004EB01
:10AD5000840105EB8101088104EB840105EB81018D
:10AD6000D8F8040008610798406820F07F4004EBA1
:10AD7000840105EB81014860641C0BF1010BD8F8DC
:10AD8000000030F81B0008B1202C97D300BF761CC0
:10AD9000788CC0F3C500B04202D9202CFFF460AF1C
:10ADA000002613E006EB860105EB8101486800F000
:10ADB00078F9804606EB860005EB80004B46009054
:10ADC00041463846089AD9F7DDFD761CA642E9D3FC
:10ADD0002846FAF79FF9BAF1010F03D13846FEF77A
:10ADE000A8FC13E0BAF1030F07D14FF6FF724FF43E
:10ADF00070213846FFF762FA08E0BAF1020F05D178
:10AE00003846FEF796FC3846FFF710FA00BF07E712
:10AE1000F8B506460C46154600942B4641F209014A
:10AE20003046009AFFF7FCFDF8BDF8B506460C4623
:10AE3000154600942B4641F26A413046009AFFF7CE
:10AE4000EFFDF8BDF8B506460C46154600942B46B6
:10AE500040F628013046009AFFF7E2FDF8BD0000F9
:10AE6000F8B506460C46154600942B460348018863
:10AE70003046009AFFF7D4FDF8BD000074010020B1
:10AE8000F8B506460C46154600942B460348018843
:10AE90003046009AFFF7C4FDF8BD000070010020A5
:10AEA000F8B506460C46154600942B460348018823
:10AEB0003046009AFFF7B4FDF8BD0000780100208D
:10AEC000F8B506460C46154600942B460348018803
:10AED0003046009AFFF7A4FDF8BD00007201002083
:10AEE000F8B506460C46154600942B4603480188E3
:10AEF0003046009AFFF794FDF8BD0000760100206F
:10AF0000F8B506460C46154600942B4641F204015E
:10AF10003046009AFFF784FDF8BDF8B506460C46AA
:10AF2000154600942B4641F269013046009AFFF71E
:10AF300077FDF8BDF8B506460C46154600942B463D
:10AF400041F202013046009AFFF76AFDF8BDF8B5FC
:10AF500006460C46154600942B4641F25D413046AC
:10AF6000009AFFF75DFDF8BD37B582B0054614467F
:10AF7000BDF80C00ADF80400234640F257412846C6
:10AF8000019AFFF74DFD05B030BDF8B506460C46F9
:10AF9000154600942B4641F259413046009AFFF77E
:10AFA0003FFDF8BDF8B506460C46154600942B4605
:10AFB0004FF48B613046009AFFF732FDF8BDF8B5CB
:10AFC00006460C46154600942B4641F201013046D8
:10AFD000009AFFF725FDF8BDF8B506460C46154664
:10AFE00000942B4641F207013046009AFFF718FD06
:10AFF000F8BDF8B506460C46154600942B4641F2BE
:10B0000008013046009AFFF70BFDF8BDF8B506467B
:10B010000D4600BF00BF00236A4641F201013046E1
:10B02000FCF71AFA0446012C02D10098A84200D17C
:10B0300024B9002229463046FFF7C1FFF8BDF8B514
:10B0400006460D4600BF00BF00236A4641F20701D5
:10B050003046FCF701FA0446012C02D10098A842C0
:10B0600000D124B9002229463046FFF7B5FFF8BDCC
:10B07000F8B506460D4600BF00BF00236A4641F200
:10B0800008013046FCF7E8F90446012C02D100988B
:10B09000A84200D124B9002229463046FFF7A9FF73
:10B0A000F8BD014601F47F007047014688B2704741
:10B0B00070B505461148007810B100BF00BF70BDE3
:10B0C00001200E4908702846FCF7F6F904460AE00C
:10B0D00000BF00BF608C20F0020060842046EAF7C9
:10B0E00015FC00BF00BF94F82200C0F34000002808
:10B0F000EED10249087000BFE1E700004C010020DA
:10B100003EB505460C46132D08DB00BF00BFF1F726
:10B1100025FA0290BDF8081008463EBD0CB1042C7B
:10B1200008DD00BF00BFF1F719FA0190BDF8041067
:10B130000846F2E7601EC4B2054800EBC50000EB0C
:10B14000440000880090BDF800100846E5E70000C4
:10B15000E07004083EB505460C46132D08DB00BF21
:10B1600000BFF1F7FBF90290BDF8081008463EBD9C
:10B170000CB1052C08DD00BF00BFF1F7EFF901901D
:10B18000BDF804100846F2E7601EC4B205EB850066
:10B19000054901EB400000EB440000880090BDF839
:10B1A00000100846E3E70000227004081CB50446BE
:10B1B000132C08DB00BF00BFF1F7D0F90190BDF8F8
:10B1C000041008461CBD044800EB440000880090B1
:10B1D000BDF800100846F5E7FC6F04080146002999
:10B1E00004DAC1F57A7040F4005001E041F40050F7
:10B1F00000B270472DE9F0470246B2F90490B2F967
:10B2000000A0A9EB0A0000EBD0794FEA69090FFA18
:10B2100089F31088184405B25088184406B208888B
:10B22000401B07B24888801B04B213FB03FC17FBCA
:10B2300007F014FB0408E04502D80120BDE8F087C0
:10B240000020FBE710B5DCF7C4FF4FF4FA530022EF
:10B250000B490C48F1F7CBFF0B48F1F7D9FF0B482E
:10B26000008800B2084908800848408800B2488039
:10B27000074848610348C8600846F2F703F810BD64
:10B28000688500204C850020E8C300207C04002055
:10B29000AD81000810B50AF05FFB0748F7F7DDFE47
:10B2A000012005490870054848600846F7F7EAFE9E
:10B2B0000349086010BD000034C40020A1590308F0
:10B2C00020010020F0B503460C460120002113E0C8
:10B2D00002F001053DB10546A5FB037C01FB03C659
:10B2E00000FB0461384652101E46A6FB067C04FB98
:10B2F00006CC04FB03C43B46002AE9D1F0BD0000A4
:10B300002DE9F04F87B00546734800680068846BEC
:10B31000714800680068C068806820606E480068F6
:10B320000068007CC0F3400038B96B4800680068D2
:10B33000007C00F00100002849D067480068F2F75F
:10B34000DDF8401E0FFA80FA63480068F2F770F8E3
:10B35000401E0FFA80FB5B460022114601A8CDF883
:10B3600000A0EFF735FA01A860605B48006800684C
:10B37000007CC0F3400090B1574800680068C06886
:10B38000806920F00200801C534909680968C96877
:10B39000886101A8A060204600F0A0F814E04E48A3
:10B3A00000680068C06880694B4909680968C96815
:10B3B000896960F34101484800680068C06881619C
:10B3C000A560204600F08AF807B0BDE8F08F284657
:10B3D000EFF773F906902846EFF7FCF805903E4822
:10B3E0000068F2F78BF8B5F90610884205DC3A4898
:10B3F0000068F2F783F8401E01E0B5F9060006B2D6
:10B400003548DDE905210068E7F73CFA80464FF052
:10B410000009B5F9027033E02888ADF80C00A8885F
:10B42000ADF81000ADF80E7007EB0800401E00B23A
:10B43000ADF8120003A86060A060274800680068AB
:10B44000C06880682060BDF91200B04201DDADF82F
:10B450001260BDF912904E450CD11F48006800687B
:10B46000C068806920F00200801C1B4909680968D7
:10B47000C9688861204600F031F807EB080007B280
:10B4800007EB0800401EB042C6DD4E4522D028889A
:10B49000ADF80C00A888ADF81000ADF80E70ADF84E
:10B4A000126003A86060A0600B4800680068C06874
:10B4B00080682060084800680068C068806920F0E3
:10B4C0000200801C044909680968C968886120462F
:10B4D00000F004F800BF77E7540100202DE9F041A7
:10B4E0008EB0044666480068F1F79EFF0646306855
:10B4F00090B1706880B90CE0614800680068806AAB
:10B5000038B15F4A126810685D4A12681268916A21
:10B51000884730690028EFD1002700255848006887
:10B52000F1F7CAFF80464146606800F023F90746FC
:10B5300053480068406930B1514A126851696068E7
:10B5400000F018F90546002F66D1002D64D1A06ADD
:10B55000E8B16846F3F782FE49480068C06A049083
:10B560004748006890F829008DF81A0044480068A0
:10B57000408DADF804004248006890F829008DF82D
:10B58000030069462046A36A6268984744E03C4845
:10B590000068C06A60B33A490968C86A0DA9F7F73C
:10B5A000EBF98046B8F1010F1FD101210D98C1EBD5
:10B5B000505000900D98C0F38A20431E002211467F
:10B5C0000BA8EFF705F905A8F2F76BFA2C4800680D
:10B5D00090F829008DF81F00294800680BAA05A9DA
:10B5E000C36A2046F2F70EFA01E000BF00BF13E085
:10B5F0006846F3F733FE22480068408DADF804003A
:10B600001F48006890F829008DF80300694620461D
:10B610006268F3F707FE00BF19480068406938B157
:10B6200015B91748006845692946204600F0C0F959
:10B6300017B91348006807693946204600F0B8F981
:10B640000F480068F1F71CFF80464146204600F095
:10B65000AFF90B480068F1F706FF804641462046E7
:10B6600000F0A6F9064800680068007CC0F34000BE
:10B6700018B903480068DDF799FE0EB0BDE8F08107
:10B680005401002070B5002038490860384800682F
:10B69000B0F8500100B970BD002535480068B0F819
:10B6A0005001441E08E03248006800F59870005DC3
:10B6B00008B9254602E0641E002CF4DA00BF2C48CD
:10B6C00000680068C068806920F0010028490968A6
:10B6D0000968C9688861264800680068C068806990
:10B6E00020F00200224909680968C96888610024BD
:10B6F00034E01F48006800F59870005D68BBAC42FC
:10B700000CD11B4800680068C068806920F0010007
:10B71000401C174909680968C968886114480068AD
:10B720000068C068806920F0020011490968096852
:10B73000C96888610E490968303101EBC400FFF720
:10B74000DFFD0B490968303101EBC400EEF796FFCD
:10B7500006490968084405490860641C04480068F3
:10B76000B0F85001A042C4DC00BF94E750010020B3
:10B77000540100202DE9FC4780460C46002600229B
:10B7800004F114014046D7F7B8FD80B301212046EB
:10B79000FDF732FC58BB00208DF80000CDF8048086
:10B7A0006A4612212046F5F7FFFA9DF800000228AC
:10B7B00002D10020BDE8FC872046FBF72EFD07469E
:10B7C00000250BE0A068006850F8259049464046E7
:10B7D000FFF7D0FF064606B102E06D1CBD42F1D373
:10B7E00000BF1EB99DF8000000B9264600BF3046D4
:10B7F000E0E700002DE9FC4100255AE031480068EF
:10B8000000F59870405D00B152E0002449E02D48F9
:10B81000006800F59870005D08B9A54200D13FE0CE
:10B82000284A1268303202EBC401264A12683032CC
:10B8300002EBC500D7F7BFFD00B931E02148006831
:10B84000303000EBC4021F480068303000EBC50107
:10B850006846D7F7F1FE6846EEF710FF064619492D
:10B860000968303101EBC500EEF708FF07461549BE
:10B870000968303101EBC400EEF700FF384486421E
:10B880000DD210490968303101EBC5006946EEF769
:10B8900042FE01210B48006800F59870015500BF79
:10B8A000641C08480068B0F85001A042AFD800BF3F
:10B8B0006D1C04480068B0F85001A8429ED8BDE84D
:10B8C000FC810000540100202DE9F04F87B00446B0
:10B8D0000D4601212846FDF78FFB10B107B0BDE8EA
:10B8E000F08FA66803A92846FBF738FD2846D9F74C
:10B8F00040F883465A46594603A8EEF747FF03AA85
:10B90000314605A8D7F7B8FC00B9E7E705A8A0605D
:10B91000224614212846F5F747FA224615212846E3
:10B92000F5F742FA224616212846F5F73DFA4FF080
:10B9300001084FF400212846FDF75EFB20B1306876
:10B9400001907068029008E005F11402314601A8E8
:10B95000D7F792FC08B94FF00008B8F1000F13D0E8
:10B9600001A8A0602846FBF758FC8146002708E0A4
:10B97000A868006850F827A051462046FFF7A4FFAA
:10B980007F1C4F45F4D300BF05A8A06022461721B5
:10B990002846F5F709FA224618212846F5F704FA51
:10B9A000224619212846F5F7FFF9A66000BF95E762
:10B9B0002DE9F05F07460C4624B923480068F1F7EB
:10B9C0007BFD04460CB9BDE8F09F21463846FFF7E1
:10B9D0007BFFA0462046FBF767FD05462FE04FF0B2
:10B9E000000A2846FBF719FC8346002610E0A868E9
:10B9F000006850F82690BAF1000F04D1C14506D175
:10BA00004FF0010A03E049463846FFF75DFF761C18
:10BA10005E45ECD33A4617212846F5F7C5F93A4674
:10BA200018212846F5F7C0F93A4619212846F5F7B6
:10BA3000BBF9A8462846FBF737FD054600BF002D99
:10BA4000CDD100BFBFE70000540100202DE9F04137
:10BA500007460C46254695F82A0020F0010085F897
:10BA60002A000020A884E884288510212046FAF7BF
:10BA700087FE4FF400712046FAF782FE00BF00BF38
:10BA800021460848FAF7CDFD06463046FAF73EFE55
:10BA9000002205A1204600F057F900BF00BFBDE815
:10BAA000F0810000647304084F7074696F6E203178
:10BAB0000A4F7074696F6E20320A4F7074696F6E2E
:10BAC00020330A4F7074696F6E20340A4F707469A6
:10BAD0006F6E2035000000002DE9F84F8846414682
:10BAE0007248FBF757FB8146B9F1010F01D0BDE861
:10BAF000F88F4046F5F7F1F805464046F5F74EF960
:10BB000007463C462C2D08D14046F5F744F9064639
:10BB10003846E7F7FAF93080C5E02A2D11D13846CA
:10BB2000E6F725FE064626B100222A213046F5F723
:10BB30003BF93846FEF7A9FB0021384605F0FCFC2E
:10BB4000B1E0292D04D10021384605F0F5FCAAE02A
:10BB5000012D0BD1A06A20F40030A0623846E6F730
:10BB600006FE06465249EDF755FE9CE0022D20D117
:10BB7000F7F7BAFA824669465046F7F711FBBDF867
:10BB80000200A8B13846E6F7F2FD83465846FDF7B5
:10BB900002FABDF80210084406B231465846FFF7D3
:10BBA00067FAA06A20F4003000F50030A06200BF00
:10BBB00079E0082D01D0032D03D1384605F00AFEA7
:10BBC00071E00E2D22D13846FBF714FC834658460F
:10BBD000F5F7DAFF0646F7F787FA0090F7F7D9FA94
:10BBE0008246BAF1040F0ED156B9E08C218D8842FD
:10BBF0000BD0208DE0840121384605F09DFC04E047
:10BC0000E08C208501E0E08C20854CE00F2D0AD1EE
:10BC1000E08C218D884246D0208DE0840121384679
:10BC200005F08AFC3FE00D2D2CD14046F5F7B3F826
:10BC30000678132E01D0122E10D1E08C401CA18C5E
:10BC400088421EDAB4F828A0E08C401C81B20122A0
:10BC5000384600F0F6F8A4F828A012E0142E01D01F
:10BC6000112E0ED1E08C00280BDDB4F828A0E08C5A
:10BC7000401E81B20122384600F0E3F8A4F828A063
:10BC800000BF10E0132D07D13846E6F770FD0646D9
:10BC90003046FEF7CBFA06E0152D01D0182D02D163
:10BCA0004046E0F7A2FC00BF21E70000487304080B
:10BCB000412103082DE9F05F0F463846F5F70DF8EE
:10BCC0000446152C08D039461E48FBF763FA054692
:10BCD000012D01D0BDE8F09F3846F5F75FF88246A8
:10BCE000132C1DD13846F5F756F806465046FBF79B
:10BCF000DBFB83465846E7F708F980465046FDF7D8
:10BD00001EF98146B6F90000A8EB0901884202DD60
:10BD1000B6F9000001E0A8EB090000B230800EE0A7
:10BD2000292C07D15046FBF7BFFB0646002105F042
:10BD300003FC04E0152C02D13846DFF7D1F800BF30
:10BD4000C8E70000647304082DE9F84F05460E4665
:10BD5000934600BF00BF00BF1EB900BF00BF00BFB9
:10BD6000FEE700BF2C462846E6F701FD00900020C4
:10BD7000E0842085A084804608E016F808000A28A0
:10BD800002D1A08C401CA08408F1010816F808001C
:10BD90000028F2D1A08C401CA084BBF1000F0AD176
:10BDA00094F82A0020F0010084F82A003146009817
:10BDB000F8F7CCFD3EE094F82A0020F00100401C8A
:10BDC00084F82A003046D4F7FDFC00F10109C9EBE4
:10BDD000C900F9F723F907464FF0000A0FE009FB05
:10BDE0000A703146D4F7CAFC0A210AF1010009FBA6
:10BDF00000F0401E39540AF1010000F0FF0ABAF1C8
:10BE0000070FECDB0021C9EBC900401E395439464D
:10BE10000098F8F79BFD3846F9F77CF9A08C00EB09
:10BE20004000E084A08CC0EBC000A0842846E8F766
:10BE300075FE00BFE08C20850098FEF7F7F9BDE89D
:10BE4000F88F2DE9F04105460E46174600BF00BFAA
:10BE50002C4694F82A0000F0010070B13146E28CC3
:10BE6000072392FBF3F290B210B1C0EBC002891A23
:10BE7000C0EBC0020A4496B200BFA08CB04201DD04
:10BE8000304601E0A08C401EE084E08C20853946DD
:10BE9000284605F051FBBDE8F08110B5F1F7B0FA86
:10BEA0000446F1F709FB10BD2DE9F04107460C46A9
:10BEB0002546002045F8700F287920F001002871F0
:10BEC000287920F002002871703D4FF4407120461F
:10BED000FAF756FC10212046FAF752FC0020F1F741
:10BEE00095FA502101EBC000A02190FBF1F0012850
:10BEF00009DD0020F1F78AFA502101EBC000A021F2
:10BF000090FBF1F000E0012006B231462046FEF73A
:10BF100013FDBDE8F08100002DE9F34F8BB0FE4822
:10BF20000C99FBF737F90A900A98012802D00DB056
:10BF3000BDE8F08F0C98F4F7D0FE05460C98F4F7A6
:10BF40002DFF06463446304600F08DFB8046112D0D
:10BF500031D10C98F4F71FFF0746B06818B1B068EC
:10BF6000B0F9140000E00020814604F1680108A83F
:10BF7000EEF710FB4A46494608A8EEF707FC0022F8
:10BF800008A83968D7F78FFA3871387990B9B8F1BD
:10BF9000020F0FD104F1600108A8EEF7FBFA4A4640
:10BFA000494608A8EEF7F2FB002208A83968D7F73F
:10BFB0007AFA38714FE3012D78D13046FDF7B9FB9D
:10BFC00094F8740020F00100401C84F87400B8F16B
:10BFD000000F02D0B8F1010F03D104F12400206753
:10BFE00057E1B8F1020FFBD1F7F77EF8834609A9B4
:10BFF000F7F794F83046FCF7A2FF83463046FBF78C
:10C0000003FA834501DB012000E0002008900021B5
:10C010003046FCF7F1F807460898002876D0012F43
:10C0200005D0BDF92410B4F96C00814207DC012F62
:10C0300009D1BDF92400B4F96810884203DA04F18B
:10C040002400206724E1012F05D0BDF92400B4F9B4
:10C050006010884207DB012F09D1BDF92410B4F923
:10C060006400814203DD04F13000206710E1B4F97F
:10C070006430B4F960C0A3EB0C0202EBD2730CEB9A
:10C080006303BDF924C0A3EB0C03002B0FDDB4F94F
:10C090006430B4F960C0A3EB0C0101EBD1730CEB7D
:10C0A0006303BDF924C0A3EB0C030EE0F2E0B4F986
:10C0B0006430B4F960C0A3EB0C0000EBD0730CEB60
:10C0C0006303BDF924C0ACEB03030FFA83F9B4F9A1
:10C0D0006C30B4F968C0A3EB0C0202EBD2730CEB2A
:10C0E0006303BDF924C0A3EB0C03002B0FDDB4F9EF
:10C0F0006C30B4F968C0A3EB0C0101EBD1730CEB0D
:10C100006303BDF924C0A3EB0C030EE026E0B4F9F1
:10C110006C30B4F968C0A3EB0C0000EBD0730CEBEF
:10C120006303BDF924C0ACEB03030FFA83FACA45DD
:10C1300009DA04F12400206794F8740020F002006A
:10C1400084F87400A4E004F13000206794F87400CF
:10C1500020F00200801C84F8740099E0BDF92610DC
:10C16000B4F96A00814203DA04F1240020678FE009
:10C17000BDF92610B4F96600814203DD04F13000F8
:10C18000206785E0B4F966C0B4F96230ACEB030215
:10C1900002EBD2734FEA630CB4F962306344BDF929
:10C1A00026C0A3EB0C03002B11DDB4F966C0B4F973
:10C1B0006230ACEB030101EBD1734FEA630CB4F9CD
:10C1C00062306344BDF926C0A3EB0C0310E0B4F960
:10C1D00066C0B4F96230ACEB030000EBD0734FEAF9
:10C1E000630CB4F962306344BDF926C0ACEB0303C1
:10C1F0000FFA83F9B4F96EC0B4F96A30ACEB0302FC
:10C2000002EBD2734FEA630CB4F96A306344BDF9B0
:10C2100026C0A3EB0C03002B11DDB4F96EC0B4F9FA
:10C220006A30ACEB030101EBD1734FEA630CB4F954
:10C230006A306344BDF926C0A3EB0C0310E0B4F9E7
:10C240006EC0B4F96A30ACEB030000EBD0734FEA78
:10C25000630CB4F96A306344BDF926C0ACEB030348
:10C260000FFA83FACA4509DA04F12400206794F82A
:10C27000740020F0020084F8740009E004F130003A
:10C28000206794F8740020F00200801C84F8740089
:10C2900000BFE0E1022D78D1206F002875D0F6F7BD
:10C2A00023FF09900998F6F774FF012800D03EE6B5
:10C2B00008A90998F6F732FF00213046FBF79CFFEA
:10C2C00007903046FCF73BFE82463046FBF79CF871
:10C2D000834600213046FCF75EFA06900021304686
:10C2E000FCF702FB059000213046FCF7CDFB0490E3
:10C2F00000213046FCF772F98146D4E90A10401A51
:10C3000003900027E06A0290A06A0190DA4521DBE1
:10C310000699AAEB010201E0807304080599511AFD
:10C3200008B20799012907D1B6F918200599511AC1
:10C33000BDF920208F1A06E0BDF92020B6F914308F
:10C3400006991944571A0399794391FBF0F7A16AAA
:10C350000F4412E0ABEB09020499511A08B2BDF97F
:10C360002220B6F91A104944571A7942039A5143C8
:10C3700091FBF0F7A16A0F4400BF04F13000216F78
:10C38000814203D1606A029002E01EE0206B0190BE
:10C390000198874201DA019F03E00298874200DD9D
:10C3A000029F206F0068B8420ED0206F07603046B1
:10C3B000FDF7BFF900221C213046F4F7F5FC0A9086
:10C3C0000A98012800D0B2E545E1082D01D0032DDF
:10C3D0003ED194F8740020F0010084F8740000202D
:10C3E00020673046FDF7A5F93046FBF703F8824693
:10C3F0005046F5F7C9FB0746F6F776FE8346F6F793
:10C40000C8FE8146B9F1040F21D107B3304600F0D0
:10C410002AF9022817D194F87400C0F3400038B903
:10C4200094F8740020F00200801C84F874000EE080
:10C4300094F8740020F0020084F874000021504643
:10C44000F5F745FC03E000215046F5F740FC02E11A
:10C450000E2D10D1F6F748FE8146F6F79AFE0746F4
:10C46000042F01D0022F05D194F8740020F00200AF
:10C4700084F87400EFE0292D03D13046FDF7D6FE95
:10C48000E9E0132D7ED14FF440313046FCF783F9BB
:10C4900009904FF440313046FCF726FA08904FF4EB
:10C4A00040313046FCF7F0FA82464FF440313046D6
:10C4B000FCF794F807904FF4403B43F60E025946C0
:10C4C0003046FCF715FB0390039800B206905946DE
:10C4D0003046FCF7BFFC059059463046FCF7A0FCFF
:10C4E00004903046FCF72BFD0222059912FB010B4C
:10C4F0003046FAF789FF0222049912FB01008345B6
:10C5000007DA3046FCF71BFD0222059902FB010009
:10C5100006E03046FAF778FF0222049902FB010098
:10C52000401007B206987843001207B2DDE9081000
:10C53000884201DD099900E008990798504501DD1E
:10C54000079800E05046814207DDDDE90810884287
:10C5500001DD099807E0089805E00798504501DDDE
:10C56000079800E05046384407B2B81C07B24FF4B1
:10C5700040313046F9F78BFF384407B20C98F4F796
:10C580000AFC00E00BE08146B9F90000B84202DD88
:10C59000B9F9000000E03846A9F800005BE00D2D75
:10C5A00054D10C98F4F7F7FB0778132F01D0112F13
:10C5B00023D194F87400C0F3400050B9304600F025
:10C5C00061F800F1010901224946304600F06AF89D
:10C5D00009E0304600F041F800F101090122494626
:10C5E000304600F055F800221C213046F4F7DCFB01
:10C5F0000A900A98012828D099E4142F01D0122F0C
:10C6000023D194F87400C0F3400050B9304600F0D4
:10C6100039F8A0F1010901224946304600F042F8FC
:10C6200009E0304600F019F8A0F10109012249465D
:10C63000304600F02DF800221C213046F4F7B4FB00
:10C640000A900A98012800D071E404E0152D02D167
:10C650000C98DEF72DFB00BF69E410B504462046B8
:10C66000EEF70DFA10BD70B505462846EEF7FEF957
:10C670000446012C00D170BD022C01D10220FAE742
:10C680000020F8E710B504462046EEF70BFA10BD7F
:10C6900070B504460D461646324629462046EEF74A
:10C6A00013FA70BD70B504460D461646324629464B
:10C6B0002046EEF73FFA70BD0FB47CB504460D4638
:10C6C00009A80190019800902A4621460548089B38
:10C6D000D8F7B0FE06460020019030467CBC5DF8DD
:10C6E00014FB0000B353000870B506460C4600BFAB
:10C6F00000BF2546002045F8600F288A20F0F00092
:10C700002882288A20F00F00401D28820120E8603E
:10C71000104868604042A860288A20F4807028820F
:10C72000288A20F4C06000F580602882603D0121E5
:10C73000204601F079FF0121204601F0E4FE82212C
:10C740002046FEF763FC204600F08EF900BF00BFD4
:10C7500070BD00009F86010070B5054600BF00BF98
:10C760002C46E16E206E401AA16E88420EDBE16E0F
:10C77000206E401A05D5206E002802DD206E404252
:10C780002066E16E206E401A20660DE0B4F870005D
:10C79000C0F3002030B1A16E206E884202D1606EDD
:10C7A000206601E0A06E2066284600F05DF970BDAD
:10C7B0002DE9F34F83B00120029077480499FAF7EE
:10C7C000E9FC02900298012802D005B0BDE8F08F84
:10C7D0000498F4F782FA06460498F4F7DFFA07465D
:10C7E0003C46082E7ED1F6F77FFC01900198F6F7C3
:10C7F000D0FC042840D13846FAF7FCFD0546F5F791
:10C80000C3F9002811D094F8700000F00F0001283F
:10C810000BDDB4F87000C0F34120022814D1E06EA3
:10C82000012803DD384600F0E6F87AE094F870005D
:10C8300000F00F00821E0A200021FEF743FDE06693
:10C84000384600F0EBF86CE094F8700000F00F0050
:10C85000421E0A200021FEF735FDE26ED317101AA2
:10C860008B4103DA384600F0D9F85AE00A20E06636
:10C87000384600F0C0F854E0384601F032FE8246F7
:10C880005046D3F79FFF8346206C1AF800002E28ED
:10C8900003D1384601F0ABFC11E0206C584505D1BE
:10C8A000ABF10101384601F039FE08E0206C30B9E7
:10C8B000A06E002803DA0121384601F02FFE94F81B
:10C8C000700000F00F00401E00904020005B85B219
:10C8D00094F87010C1F30311206C884208D994F8C1
:10C8E000700000E01EE0C0F3031008B1681E85B2BE
:10C8F0000098A0EB0508A06E002801DA08F10108F5
:10C900000120E0664FF0000908E0E06E00EB8000D7
:10C910004000E06609F101001FFA80F9C145F4D337
:10C9200000BF36E00D2E34D1F6F7DEFB8146F6F778
:10C9300030FC80460498F4F72EFA0568132D0AD1CE
:10C94000B8F1040F03D1384600F028F820E038464B
:10C9500000F051F81CE0142D0AD1B8F1040F03D1F6
:10C960003846FFF7F9FE13E0384600F057F80FE0BD
:10C97000112D03D1384600F011F809E0122D03D132
:10C980003846FFF7E9FE03E02946384601F002FA8F
:10C9900000BF00BF19E7000064C0030870B505467A
:10C9A00000BF00BF2C46E16E206E0844616E8842D5
:10C9B0000FDCE16E206E0844002805DD206E0028A3
:10C9C00002DA206E40422066E16E206E0844206646
:10C9D0000DE0B4F87000C0F3002030B1D4E91801C4
:10C9E000884202D1A06E206601E0606E2066284673
:10C9F00000F03AF870BD70B5064600BF00BF34467F
:10CA00000A21E06E90FBF1F5002D01DDE56601E005
:10CA10000120E066304600F027F870BD2DE9F041B6
:10CA2000054600BF00BF2C46D4E91910002802DAE1
:10CA3000A06E404200E0A06E814201DD606E06E023
:10CA4000A06E002802DAA06E404200E0A06E074609
:10CA5000E06E00EB80004600BE4200DCE666284641
:10CA600000F002F8BDE8F0812DE9F04F8BB081466F
:10CA70004D46122106A8F8F77CFD06AE4FF0000BDC
:10CA8000A86E002808DA286E002801DB2B2000E0C1
:10CA90002D203070761C03E00BF1010000F0FF0B3D
:10CAA000286E002801DD286E01E0286E4042034612
:10CAB0003EA20E2102A8FFF7FFFD02A8D3F782FED7
:10CAC00095F8701001F00F01A1EB0008B8F1000F0C
:10CAD00015DD02A8D3F776FE84B206E002A8005D59
:10CAE00004EB080102AA5054641E002CF6DA00245C
:10CAF00003E0302002A90855641C4445F9DB95F891
:10CB00007000C0F3031020B995F8700000F00F001A
:10CB100003E095F87000C0F303100190002404E0D6
:10CB200002A8005D3070761C641C0198844203DA10
:10CB300002A8005D0028F3D195F87000C0F303103F
:10CB400090B12E203070761C04E002A8005D307099
:10CB5000761C641C95F8700000F00F00A04203DD05
:10CB600002A8005D0028F0D106A9484601F0AEFDFC
:10CB7000D5F86CA095F8700000F00F0704E00A20CB
:10CB80009AFBF0FA781EC7B2BAF10A0FF7DA0198E9
:10CB9000874201DD781CC7B2A7EB0B00C7B239464C
:10CBA000484601F0BBFC0BB0BDE8F08F25640000E7
:10CBB00030B591B005460C4602212046F9F7E0FD5C
:10CBC00001A8ECF76FFE00BF019400BF1A4901A84D
:10CBD000ECF7EDFE01A84FF6FF71818700BF174902
:10CBE00008680B9000BF1648006800F5B47214483E
:10CBF000016801A8ECF7FDFE01A8ECF71DFF114844
:10CC0000079000BF4FF4B472002101A8ECF7F1FEC9
:10CC10000D4901A8ECF7CBFE01A8ECF70DFF4FF48E
:10CC2000B47200212046EDF714FB4FF487712046C3
:10CC3000EDF7E4FB11B030BDC960000858020020D8
:10CC40005C020020DD980108D960000870B5044638
:10CC50000D46164632462946204600F03CF870BD87
:10CC6000F0B503469888C00B68B11C6807E02088BF
:10CC7000884203D1606810600120F0BD083420882C
:10CC80000028F4D1F9E7D87908B90020F5E7D87978
:10CC9000012815DDD8791F6807EB80052E46002492
:10CCA0000AE036F81400884205D11F6857F82400BE
:10CCB00010600120E1E7641CD879A042F1D808E0B7
:10CCC0009888C0F30E00884203D1186810600120D4
:10CCD000D3E70020D1E7F0B503469888C00B68B1D0
:10CCE0001C6807E02088884203D16068106001203A
:10CCF000F0BD083420880028F4D1F9E7D87908B9C4
:10CD00000020F5E7D879012815DDD8791F6807EBF1
:10CD100080052E4600240AE036F81400884205D12A
:10CD20001F6857F8240010600120E1E7641CD879DF
:10CD3000A042F1D808E09888C0F30E00884203D1E1
:10CD4000186810600120D3E70020D1E710B5044631
:10CD500008212046F8F70DFC10BD014600BF00BFBA
:10CD6000C87908B9012070470020FCE73EB50446A9
:10CD70004E2C75D01EDC332C73D00EDC292C78D0D1
:10CD800006DC202C45D0222C53D0252C6CD177E00A
:10CD9000302C4FD0312C67D168E0462C68D004DCB1
:10CDA0003B2C49D0442C79D145E0472C48D04D2C20
:10CDB00074D143E040F63C01601A8C425AD010DC3A
:10CDC00040F25741A4EB01008C4238D004DC522CD5
:10CDD00033D0532C62D150E0012848D00B285DD1CC
:10CDE00043E040F2CA72811A904253D006DC09280F
:10CDF00041D0A0F2C770002850D14AE0A1F25340C0
:10CE000088B3A0F50C50B53870BB4FF48070029019
:10CE100048E000BFFF2211461046EFF746FD0090A4
:10CE2000BDF8001008460190BDF80400ADF80800F8
:10CE300038E000BF00BF00BF00BF00BF00BF00BFA1
:10CE400000BF002211461046EFF72FFD0090BDF8FD
:10CE5000001008460190BDF80400ADF8080021E07C
:10CE60000AE010E005E011E018E000BF00BF00BFDD
:10CE700000BF00BF00BF00BF00BFFF20029011E055
:10CE8000FF2002900EE00F2002900BE00748029076
:10CE900008E000BF41F6FF70029003E0002002901E
:10CEA000029000BF00BF02983EBD0000C01A0408F7
:10CEB00003480088401C02490880084600887047E3
:10CEC000C40200202DE9FE4F0446884600BF00BF83
:10CED000A088C00B20B100BF00BF0020BDE8FE8FBE
:10CEE000E07908B90020F9E7E07901280ED1A0889F
:10CEF000C0F30E00404507D1A0886FF30E00A0805C
:10CF00000020E0710120E9E70020E7E7E0792168EF
:10CF100001EB80060296029E002553E036F81500CC
:10CF200040454ED1D4F80090E079022812D101207A
:10CF3000E0710DB9708800E03088A18860F30E01BF
:10CF4000A1801DB9D9F80400206035E0D9F80000AF
:10CF5000206031E0E079401E00EB4000400001908D
:10CF60000198F8F721F88246BAF1000F01D10020AC
:10CF7000B4E7C4F800A0E079401EE071E0790AEB64
:10CF80008000029002980090D34600273D460FE0B3
:10CF900036F8170040450AD059F827104BF82510ED
:10CFA00036F8172028466D1C009921F810207F1CA8
:10CFB000E079B842ECD200BF4846F8F7C3F8012048
:10CFC0008CE76D1CE079A842A8D8002086E710B550
:10CFD000044600BF00BFA088C00B10B100BF00BF57
:10CFE00010BDE079012802DD2068F8F7ABF80821D0
:10CFF0002046F8F7BEFA00BFF2E738B505460C4602
:10D00000009465212846009A00F087F938BD13B5D1
:10D0100082B00446BDF80C00ADF804005221204651
:10D02000019A00F07AF91FBD38B505460C46009408
:10D0300051212846009A00F070F938BD38B50546F0
:10D040000C4600944FF405612846009A00F065F9FB
:10D0500038BD13B582B00446BDF80C00ADF804002D
:10D0600020212046019A00F058F91FBD13B582B067
:10D070000446BDF80C00ADF8040022212046019AB8
:10D0800000F04BF91FBD38B505460C46009440F63C
:10D0900028012846009A00F040F938BD38B5054609
:10D0A0000C46009421212846009A00F036F938BD3C
:10D0B00013B582B00446BDF80C00ADF80400302171
:10D0C0002046019A00F029F91FBD38B505460C46E7
:10D0D000009431212846009A00F01FF938BD38B578
:10D0E00005460C46009434212846009A00F015F9B4
:10D0F00038BD38B505460C46009433212846009AC1
:10D1000000F00BF938BD38B505460C46009441F2E5
:10D1100032012846009A00F000F938BD38B50546BE
:10D120000C46009461212846009A00F0F6F838BDBC
:10D1300038B505460C46009463212846009A00F055
:10D14000ECF838BD38B505460C46009464212846F5
:10D15000009A00F0E2F838BD38B505460C46009458
:10D1600041F204012846009A00F0D7F838BD13B503
:10D1700082B00446BDF80C00ADF804004D212046F5
:10D18000019A00F0CAF81FBD38B505460C46009458
:10D1900040F649012846009A00F0BFF838BD38B57E
:10D1A00005460C46009441F206012846009A00F01C
:10D1B000B4F838BD38B505460C46009441F2030179
:10D1C0002846009A00F0A9F838BD13B582B004468D
:10D1D000BDF80C00ADF804003B212046019A00F098
:10D1E0009CF81FBD38B505460C46009440F63C013E
:10D1F0002846009A00F091F838BD38B505460C462F
:10D20000009440F63D012846009A00F086F838BDAB
:10D2100038B505460C46009440F63A012846009A77
:10D2200000F07BF838BD70B504460D46294620460F
:10D2300000F03BF82946204600F042F829462046F7
:10D2400000F054F82946204600F001F870BD38B5CA
:10D2500005460C46009441F611012846009A00F05C
:10D260005CF838BD38B505460C46009441F615010A
:10D270002846009A00F051F838BD70B504460D46B6
:10D280002946204600F027F829462046FFF7EAFF06
:10D2900070BD70B504460D462946204600F005F8DD
:10D2A0002946204600F00CF870BD38B505460C46FE
:10D2B000009441F612012846009A00F02EF838BD7D
:10D2C00038B505460C46009441F613012846009AED
:10D2D00000F023F838BD38B505460C46009441F6F9
:10D2E00014012846009A00F018F838BD38B50546F4
:10D2F0000C46009441F610012846009A00F00DF803
:10D3000038BD70B504460D4629462046FFF7EEFFAE
:10D3100029462046FFF79BFF70BD2DE9F74F82B0ED
:10D3200004460F4600BF00BFA088C00B20B100BF5D
:10D3300000BF05B0BDE8F08FE079012843DDE0795A
:10D34000216801EB8008C246E079451E09E03AF801
:10D350001500B84204D12068049A40F82520E8E777
:10D360006D1E002DF3DAE079401C00EB4000400018
:10D37000019020680199F7F739FF064606B9D8E70A
:10D380002660E07906EB8008C246E079451E05E09C
:10D390003AF81510A81C2AF810106D1E002DF7DAA7
:10D3A000E079401CE071E07906EB8008C246B346A4
:10D3B000E079401E2AF81070E079401E5E4604991C
:10D3C0004BF8201037E0E07901282CD1A088C0F379
:10D3D0000E00B84202D104982060AAE7E079401C10
:10D3E00000EB40004FEA400B5846F7F7DDFD0546DD
:10D3F00005B99EE7206801902560E079401CE07146
:10D40000E07905EB8008C2462E46A088C0F30E00E6
:10D41000D046AAF80000AAF802703546019830609C
:10D420000498706007E00120E071A08867F30E00A7
:10D43000A080049820603846D7F701FD8146A17985
:10D44000012202FA09F21143A17100BF71E738B558
:10D4500005460C46009460212846009AFFF75DFFC0
:10D4600038BD13B582B00446BDF80C00ADF8040019
:10D4700044212046019AFFF750FF1FBD38B50546ED
:10D480000C46009440F642012846009AFFF745FFFB
:10D4900038BD38B505460C46009440F6450128468F
:10D4A000009AFFF73AFF38BD38B505460C460094A0
:10D4B00040F643012846009AFFF72FFF38BD38B5E4
:10D4C00005460C4600944FF404612846009AFFF785
:10D4D00024FF38BD70B504460D462946204600F0AD
:10D4E00054F829462046FFF737FE70BD38B505468B
:10D4F0000C46009441F25D412846009AFFF70DFF6B
:10D5000038BD13B582B00446BDF80C00ADF8040078
:10D5100040F257412046019AFFF7FFFE1FBD38B584
:10D5200005460C46009441F259412846009AFFF7FF
:10D53000F4FE38BD38B505460C46009441F25B4117
:10D540002846009AFFF7E9FE38BD38B505460C4677
:10D55000009440F60B012846009AFFF7DEFE38BD26
:10D5600038B505460C46009440F60A012846009A54
:10D57000FFF7D3FE38BD38B505460C460094672149
:10D580002846009AFFF7C9FE38BD38B505460C4657
:10D59000009441F201012846009AFFF7BEFE38BD13
:10D5A0002DE9F04704460D4616461F46DDE9088979
:10D5B00014212046F7F7DDFF25600EB9054800E08D
:10D5C0003046A060E760C4F81080C4F80490BDE85D
:10D5D000F08700006399010870B504460D462646A1
:10D5E00075623046FCF7A5F870BD70B50446256835
:10D5F0004FF0FF3068622846FCF79BF870BD70B5AD
:10D6000006460C4625464FF0FF3068621021204642
:10D61000F9F7B6F808212046F8F796FB4FF4806139
:10D620002046F8F791FB70BD70B506460C462546BE
:10D6300000212846ECF7EEF870BD00002DE9FC5FF4
:10D640000F4639463D48F9F7A5FD0190019801289C
:10D6500001D0BDE8FC9F3846F3F73FFB054638464E
:10D66000F3F79CFB0090132D58D14FF440310098F4
:10D67000FBF79EF880464FF440310098FBF741F9E4
:10D6800081464FF440310098FBF70BFA82464FF485
:10D6900040310098FAF7AFFF8346C84501DD4046A8
:10D6A00000E04846D34501DD594600E05146884236
:10D6B00005DDC84501DD404606E0484604E0D345A7
:10D6C00001DD584600E050460646B01C06B24FF455
:10D6D00040310098F8F7DBFE304406B23846F3F7E5
:10D6E0005AFB0446B4F90000B04202DDB4F9000070
:10D6F00000E0304620804FF400310098F8F7C7FE74
:10D70000B4F90010884202DAB4F9000004E04FF4E2
:10D7100000310098F8F7BBFE20800DE01C2D06D1EB
:10D72000009800F00DF80098FCF703F804E0152DC0
:10D7300002D13846DFF747F800BF8AE79C73040838
:10D740002DE9F04790B0804600BF00BF4446002559
:10D75000652229462046FBF7CBF90F900F9F00BFAB
:10D76000002F47D04046FAF7B3FC00F0010A606A88
:10D77000401C80B9BAF1000F01D0002001E04FF445
:10D7800080700546BAF1000F02D04FF4807000E0BF
:10D790000020064608E0656ABAF1000F02D04FF497
:10D7A000807000E000200646A81B002801DDA81BB1
:10D7B00000E0701B78434FEA102900212046ECF767
:10D7C00029F86846ECF76EF800BF009400BF0B48DC
:10D7D000019000BF00BF07950895099600BF084853
:10D7E000039000BF00BFCDF8289000BF6846ECF75B
:10D7F00023F900BF10B0BDE8F0870000D9D50208BA
:10D80000EBD5020870B506460C4625460120A884D3
:10D81000E884A98C4800F7F7C7FB2863E98C480027
:10D82000F7F7C2FBE8628220296B0880E96A08806A
:10D83000EA8CAB8C5A439100A86AF7F7D7FCA86230
:10D840000020A96A086070BD2DE9F04107460E4628
:10D85000344600250EE0A06A50F8250040B1A16AC8
:10D8600051F82500F7F76EFC0020A16A41F8250069
:10D87000681C85B2A08CE18C4843A842EBDCA06A0E
:10D8800010B1A06AF7F75EFCE06A10B1E06AF7F742
:10D8900059FC206B10B1206BF7F754FCBDE8F08108
:10D8A0002DE9F34F83B083480499F9F773FC81465F
:10D8B000B9F1010F02D005B0BDE8F08F0498F3F77D
:10D8C0000CFA06460498F3F769FA824654462A2E63
:10D8D00004D10021504603F0E7FEE9E02C2E27D1C9
:10D8E0000498F3F758FA80464FF0000B002506E045
:10D8F000206B30F8150058440FFA80FB6D1CA08C8B
:10D90000A842F5D80027002505E0E06A30F81500A8
:10D91000384407B26D1CE08CA842F6D8ABF1010088
:10D9200000B2A8F80000781E00B2A8F80200BFE01C
:10D93000012E01D0022E1BD102AA01A95046E5F703
:10D940003BF80546012D12D1A08EBDF80810884283
:10D9500004D1E08EBDF80410884208D0BDF808005C
:10D96000A086BDF80400E0865046FBF7E2FE9FE08B
:10D97000082E2BD15046FBF7DCFEF5F7B5FB8046B1
:10D980004046F5F7F6FB0746A08E4FF6FF7188423A
:10D990000DD0E08E88420AD04FB900221C2150469B
:10D9A000F3F702FA8146B9F1010F00D083E7F5F7EA
:10D9B0009BFB8346F5F7EDFB0546012D01D0032DBA
:10D9C00003D14FF6FF70A086E08671E00E2E03D1E2
:10D9D0005046FBF7AEFE6BE00D2E64D10498F3F7D2
:10D9E000DAF9D0F80080A78EE58E4FF6FF708742F7
:10D9F00001D0854206D10020A086E0865046FBF784
:10DA000098FE58E7A08CB84200DC0027E08CA842C2
:10DA100000DC0025B8F1140F01D17F1E0FE0B8F132
:10DA2000130F01D17F1C0AE0B8F1110F01D16D1E57
:10DA300005E0B8F1120F01D16D1C00E03BE7A08CAE
:10DA4000B84209DCE08C401EA84202DD00276D1CB4
:10DA50000AE0A08C471E07E0002F05DA1DB1A08C5C
:10DA6000471E6D1E00E00027E08CA84202DCE08C1F
:10DA7000451E02E0002D00DA0025A08EB84202D13A
:10DA8000E08EA8420ED0A786E5865046FBF751FEF1
:10DA900000221C215046F3F787F98146B9F1010FA6
:10DAA00000D008E704E0152E02D10498DEF76EFFDF
:10DAB00000BF00E7B87304082DE9F04781460D4622
:10DAC0002C465148007884F82C0094F82C0001284A
:10DAD00010D0022813D0042802D0082814D104E062
:10DAE00001212846FCF754FF0EE009212846FCF7E7
:10DAF0004FFF09E000212846FCF74AFF04E0082117
:10DB00002846FCF745FF00BF00BF42F26402114601
:10DB10002846FDF76EF82846EDF726F90746284611
:10DB2000F8F7F4FE804601213846EDF733FE042075
:10DB3000F7F73AFA606235A0616A08603846616AB0
:10DB4000EDF730FD00231C2231493846F8F7B4F8D0
:10DB50004FF480413846F8F7F7F800231A462D496C
:10DB60004046F8F7A9F800214046FDF728F894F858
:10DB70002C00012819D0022818D0042802D0082827
:10DB800026D100E000BF2448B0F9002042F2640131
:10DB90003846FDF72EF842F264014046FDF736FAAA
:10DBA00001214046FCF706FF12E000BF42F264028A
:10DBB0001948B0F900103846FDF71BF842F264012D
:10DBC0004046FCF706FF01214046FCF7F3FE00BF8C
:10DBD00000BFF3F7D3FF06461EB139463046F3F7D0
:10DBE00007FF00214046FCF7D3FE03214046FCF727
:10DBF000CCFF80214046F8F7A7F84FF480614046FB
:10DC0000F8F7BEFDBDE8F0876002002000000000CC
:10DC10005D6600083D7A0008620200202DE9F041AF
:10DC200007460E46344694F82C0000F00C0070B104
:10DC3000002509E0616A51F82500F7F783FA002012
:10DC4000616A41F825006D1C208DA842F2D894F835
:10DC50002C0000F0030080B100250BE06A00616A2F
:10DC600051F82200F7F76EFA00206A00616A41F865
:10DC700022006D1C208DA842F0D8606AF7F762FA86
:10DC800000206062BDE8F0812DE9F04781460C4636
:10DC900021460E48F9F77EFA0646012E01D0BDE86E
:10DCA000F0872046F3F719F805462046F3F776F893
:10DCB0000746292D08D1384600F011F88046002289
:10DCC0004146384600F018F800BFE8E79CC003085A
:10DCD00010B5044601212046F9F781FA10BD01462E
:10DCE00000BF00BF0A46508D704710B504460021A2
:10DCF0002046F9F774FA10BD2DE9FC5F80460C460A
:10DD0000934600BF00BF4646308DA04201D8308DFB
:10DD1000441E4046FDF7CCF94046FFF7D9FF0546C3
:10DD20000DB9BDE8FC9F4FF0000A41F615025146BF
:10DD30002846FAF7DDFE0090009807B200BF28469B
:10DD4000F9F7EDFA814600214046FAF748FA012832
:10DD500008D007EB0900604301B25A462846FCF799
:10DD600091FD0BE0C4F1000A07EB090000FB0AF08B
:10DD700001B25A462846FCF785FD00BF4046FFF732
:10DD8000B4FF0190A1B280220198EDF7B9FB748530
:10DD900000BFC6E72DE9F34792B0074600BF00BFBA
:10DDA0003C46139810900020119010AD294638463B
:10DDB000E7F72AF80646012E02D014B0BDE8F08736
:10DDC00094F85C00C0F3C00040B113980A2802D058
:10DDD00013980D2802D100BF00BFEEE7002113A861
:10DDE000414A12689047814649463846D9F782F839
:10DDF00010B900BF00BFE0E794F85C00C0F38000FA
:10DE000010B1384603F09CF9A06A50B1606AF6F789
:10DE10009FF8804698F8000010B93846FBF789FC57
:10DE200000BF2A46216C606AF6F7A4F8384600F075
:10DE300025F994F85C00C0F38000002844D0E06A23
:10DE4000D2F7C0FC82462846D2F7BCFC504400F111
:10DE500001084146E06AF7F7C9F9E06200BFE06AED
:10DE600018B900BF00BF00BFFEE700BFE06A00B9FD
:10DE7000A3E72A46216CE06AD7F7CEF8208F18B9BD
:10DE8000384603F05DF91FE06846EBF70BFD2146CD
:10DE90006846EBF7BEFD15496846EBF78CFD218F10
:10DEA0006846EBF79CFD012200216846EBF7A9FDCF
:10DEB0000F496846EBF783FD0E496846EBF785FD91
:10DEC0006846EBF7B9FD00BF384600F0F5FA00F1FF
:10DED00001084146384600F021FB00221C2138464B
:10DEE000F2F762FF00BF68E7E8020020F9110308BB
:10DEF0008F990108FB1103082DE9F04391B0064604
:10DF00000D4600BF00BF00BF1DB900BF00BF00BF6E
:10DF1000FEE700BF344694F85C00C0F3800010B107
:10DF2000304603F00DF9304600F0C0FA18B930461B
:10DF300000F0C8FAC8B1002010900FE010A92846E0
:10DF4000484A1268904780464046474909688847D2
:10DF5000814649463046FFF71DFF00BF1098285CF8
:10DF60000028EBD111B0BDE8F08329463046E6F732
:10DF70004BFF0746012F00D0F4E7A06A50B1606A5A
:10DF8000F5F7E6FF804698F8000010B93046FBF739
:10DF9000D0FB00BF2A46216C606AF5F7EBFF3046E4
:10DFA00000F06CF894F85C00C0F38000002844D0C6
:10DFB000E06AD2F707FC81462846D2F703FC4844C2
:10DFC00000F101084146E06AF7F710F9E06200BF8E
:10DFD000E06A18B900BF00BF00BFFEE700BFE06AFB
:10DFE00000B9BFE72A46216CE06AD7F715F8208F01
:10DFF00018B9304603F0A4F81FE001A8EBF752FC73
:10E00000214601A8EBF705FD184901A8EBF7D3FC61
:10E01000218F01A8EBF7E3FC0122002101A8EBF717
:10E02000F0FC134901A8EBF7CAFC124901A8EBF771
:10E03000CCFC01A8EBF700FD00BF304600F03CFA35
:10E04000814628460C490968884709EB0008414683
:10E05000304600F063FA00221C213046F2F7A4FE9D
:10E0600000BF7FE7E8020020E0020020F91103086A
:10E070008F990108FB110308F802002070B50546CE
:10E0800000BF00BF2C46606AF5F76EFF4FF6FF71C8
:10E09000884206D1606AF5F761FF4FF6FF7188424A
:10E0A00009D04FF6FF71606AF6F7ECFC4FF6FF718E
:10E0B000606AF6F7DCFC70BD2DE9F04107460C46BE
:10E0C000254695F85C0020F0040085F85C000020EF
:10E0D000E86240F2DC502887002028636863502003
:10E0E000405D20F00100401C502148550121296469
:10E0F0005020405D20F00200801C50214855002037
:10E10000A88795F85C0020F0080085F85C0095F879
:10E110005C0020F0020085F85C0000206862A862C4
:10E120002046F5F7F3FB68626420FDF757F80646D2
:10E130003146686AFCF76AFF0BA1686AF6F706FCCD
:10E1400000231A460949686AF7F7B6FD4FF4806163
:10E150002046F7F7F9FD0021204600F0DFF92046C0
:10E1600004F0B4FABDE8F08100000000CF580108C7
:10E170002DE9F84F054600BF00BF2C46284600F0A9
:10E180009BF980466A464146606AF5F7DDFD00214D
:10E190002846FAF71EFE064600212846FAF7A5FD96
:10E1A00081464846F3F7A2F80746BDF80210B819B1
:10E1B000401C084400B2ADF80200A08FADF800008A
:10E1C000606AF9F721F9BDF9021088420DDD694650
:10E1D000606AF5F785FC8246B4F93C8051462846D2
:10E1E00000F09CF9A4F83C8000BFBDE8F88F70B542
:10E1F000054600BF00BF284600F05EF9044624B182
:10E20000641E2146284600F089F970BD70B50546A8
:10E2100000BF00BF284600F04FF90446641C2146A9
:10E22000284600F07BF970BD2DE9F84F044600BF89
:10E2300000BF2546204600F03FF983462C466A463B
:10E240005946686AF5F780FD00212046FAF7C1FDBE
:10E25000064600212046FAF748FD81464846F3F776
:10E2600045F80746BDF80210B819401E081A00B25A
:10E27000ADF80200A88FADF800006946686AF5F7AE
:10E280002FFC8246B5F93C805146204600F046F905
:10E29000A5F83C80BDE8F88F2DE9F843054600BF9E
:10E2A00000BF2C46276C0FB9BDE8F8832AA0006890
:10E2B000009069462846E6F7A7FD0646012E00D0E5
:10E2C000F2E7606AF5F744FE8146206C411E0122A8
:10E2D0004846D6F7C9FD4946606AF6F737FB284637
:10E2E000FFF7CCFEA06A50B1606AF5F731FE8046B8
:10E2F00098F8000010B92846FBF71BFA00BF94F805
:10E300005C00C0F38000D0B1226C511E0122E06A93
:10E31000D6F7AAFDE06AD2F755FA00F101084146A6
:10E32000E06AF6F763FFE06200BFE06A18B900BF79
:10E3300000BF00BFFEE700BFE06A00B9B4E7206C91
:10E34000411E284600F0EAF800221C212846F2F778
:10E350002BFD00BFA8E700007F00000070B5054658
:10E3600000BF00BF284600F0A7F80446611C2846FD
:10E3700000F0D4F8284600F09FF8A04202D02846CA
:10E38000FFF78AFF70BD70B506460D462C46E06A61
:10E3900020B1E06AF6F7D6FE0020E062A06A20B164
:10E3A000A06AF6F7CFFE0020A06270BD2DE9F0470D
:10E3B00081460E4631463C48F8F7ECFE0746012FF1
:10E3C00001D0BDE8F0873046F2F787FC05463046BD
:10E3D000F2F7E4FC80460E2D03D1404604F076F9B6
:10E3E00060E00D2D47D13046F2F7D5FC0468132CC0
:10E3F00003D14046FFF70AFF3CE0142C03D140460E
:10E40000FFF7F5FE36E0112C03D14046FFF70CFF75
:10E4100030E0122C03D14046FFF7AAFE2AE0082C78
:10E4200003D14046FFF738FF24E07F2C03D140465C
:10E43000FFF794FF1EE0022C04D10021404600F0BB
:10E440006DF817E0032C05D147F6FF71404600F048
:10E4500065F80FE00A2C09D1404600F039F828B1E0
:10E4600000221F214046F2F79FFC03E02146404670
:10E47000FFF790FC16E0012D05D0022D03D0032DEF
:10E4800001D0082D03D1304608F09DFA0AE0152D81
:10E4900003D13046DEF758FF04E0182D02D1304694
:10E4A000DBF7DEF900BF8CE7D4730408014600BF38
:10E4B00000BF0A46106B7047014600BF00BF0A4606
:10E4C000106C7047014600BF00BF0A46506B704792
:10E4D000014600BF00BF0A4692F85C00C0F3C000CE
:10E4E000704770B5054600BF00BF2C4694F85C002D
:10E4F000C0F3800020B9606AF5F72AFD064600E007
:10E50000E66A304670BD10B500BF00BF024650231A
:10E510009B5C61F341035024A35410BD2DE9FC5FC3
:10E5200080460C4600BF00BF4546286CA04201D182
:10E53000BDE8FC9F686AF5F70BFD3A490090096851
:10E5400088470646002C00DA3444B44203DC47F620
:10E55000FF70844200D134462C644046FCF7A8FD8D
:10E5600000214046FAF7C1FB834601AA2146686AAA
:10E57000F5F7EAFB5846F2F7B9FE07464046F9F7C9
:10E5800033F9BDF90610884205DDBDF906100122F8
:10E590004046FCF793F94046F8F7A2FE8146404614
:10E5A000F9F722F9BDF906103944081A484509DD82
:10E5B000BDF80600A0EB0900384401B20122404634
:10E5C000FCF77CF94046F9F715F8BDF904108842CC
:10E5D00005DDBDF9041001224046FCF753F9404621
:10E5E000F8F79DFE82464046F9F704F8BDF904109D
:10E5F0003944081A504509DDBDF80400A0EB0A00B3
:10E60000384401B201224046FCF73CF9BDF8040051
:10E61000A887404604F05AF8404602F00BFE00BFBF
:10E6200086E70000F80200202DE9F04105460E467D
:10E6300000BF00BF2C4694F85C00C0F3C000B0429D
:10E6400001D1BDE8F08106B394F85C0020F0080029
:10E65000083084F85C0042F2D171606AFCF7D6FCA5
:10E660006420FCF7BBFD074600223946606AFCF7D0
:10E6700061FC42F2D1712846FCF7ABF900231A463F
:10E6800019462846FCF7CFF81EE094F85C0020F00D
:10E69000080084F85C006420FCF7A0FD07463946BA
:10E6A000606AFCF7B3FC00221146606AFCF742FC8A
:10E6B000002241F204012846FBF77AFE00231A46A5
:10E6C00019462846FCF7AFF800BFBAE72DE9F0413C
:10E6D00090B006460D4600BF00BF00BF1DB900BF89
:10E6E00000BF00BFFEE700BF34463046FFF7C6FC60
:10E6F0003046FFF7DBFE18B93046FFF7E3FE40B3C4
:10E7000045A1606AF6F722F947F6FF713046FFF738
:10E7100005FF94F85C00C0F3800010B10020E16AAE
:10E72000087000200F900FE00FA928463B4A12689E
:10E730009047074638463A49096888478046414627
:10E740003046FFF727FB00BF0F98285C0028EBD16D
:10E7500008E02946606AF6F7F9F847F6FF71304697
:10E76000FFF7DCFEA06A48B1606AF5F7F1FB0746E7
:10E77000387810B93046FAF7DCFF00BF94F85C0037
:10E78000C0F3800000283FD02846D2F71BF8471C72
:10E790003946E06AF6F72AFDE06200BFE06A18B980
:10E7A00000BF00BF00BFFEE700BFE06A10B910B0B5
:10E7B000BDE8F0812946E06AD1F7E0FF208F18B963
:10E7C000304602F0BDFC1FE06846EBF76BF82146CF
:10E7D0006846EBF71EF913496846EBF7ECF8218F12
:10E7E0006846EBF7FCF8012200216846EBF709F9CF
:10E7F0000D496846EBF7E3F80C496846EBF7E5F896
:10E800006846EBF719F900BF00221C213046F2F7E9
:10E81000CBFA00BFCBE7000000000000E8020020B8
:10E82000E0020020F91103088F990108FB11030889
:10E8300070B50446204600F099F8054605B970BD4C
:10E8400000BF064A00212046FBF7E1FD00BF21463C
:10E850002846D7F729FC00BFF1E70000FFFF0F00B3
:10E8600000B500F067F808B9002000BD0048FCE7DB
:10E8700054C500202DE9FF4104461E460A9D00F0C4
:10E8800059F860B90020254908704FF41270F6F766
:10E890008BFB234908600846006822490860EEF7B0
:10E8A000AFFD0746EEF7C4FDB0F5A07F03DC032003
:10E8B0001D4908700EE0EEF7A3FD0746EEF7B8FD20
:10E8C000B0F5347F03DA02201749087002E0012016
:10E8D000154908701548C460BDF804100182BDF8E0
:10E8E0000810418245618561C56111480F49086082
:10E8F0000846066203F068FF2CB12046EEF7F6FDED
:10E900000A49884202D10020FBF72AFE0120034970
:10E910000870064804B0BDE8F0810000A2010020A4
:10E92000B0020020940100209801002054C500206E
:10E93000554603080348006808B1012070470020CD
:10E94000FCE70000B002002038B50546284600F07C
:10E950000DF8044614B1208A009003E01120FCF762
:10E9600025FC0090BDF80010084638BD70B504467F
:10E970001CB12046F8F7FEFC01E0EEF741FD05462C
:10E980002846EEF7B3FD70BD70B5044600F009F8F7
:10E990000546A54201D32C1B01E064422C442046CD
:10E9A00070BD10B509F0FEF810BD000070B5054649
:10E9B0000C4642F2640211462046FCF71AF9002385
:10E9C0001A4608492046F7F777F980212046F7F7DD
:10E9D000BBF903212046FCF7D8F803212046FCF7B9
:10E9E000E1F870BD415803082DE9F04781460C4617
:10E9F0002046F8F759FD804642F26402114620464F
:10EA0000FCF7F7F82046FCF753FB4046F8F768FCA4
:10EA100010490988484306B24046F8F780FC0E4981
:10EA20000988484307B2324639462046FCF78FF83A
:10EA300025460A48007885F824000748006838B958
:10EA40000448006820B9054801784046FCF78EF874
:10EA5000BDE8F0876C0200206802002064020020FC
:10EA60002DE9F04105460E46174600240F48D5F71C
:10EA7000D9FE044600BF1CB900BF00BF00BFFEE7BF
:10EA800000BF14B90020BDE8F0812660A5604FF0FA
:10EA9000FF30206100206061FFF783FF6060E76066
:10EAA0000120034908702046EDE70000A0C50020C2
:10EAB000CB02002010B5044621460548D5F7FEFEDE
:10EAC0000120044908702046F6F73CFB10BD000009
:10EAD000A0C50020CA02002001490870704700004C
:10EAE000C802002070B50446207D00F0010008B186
:10EAF000002070BD0025204600F0D9F888B92669AD
:10EB00002069002802DD2069401E2061FFF749FFCF
:10EB10006060A06818B116B12046A1688847012539
:10EB200000BF0548007820B9206910B92046FFF7DA
:10EB3000C1FF2846DDE70000CA0200202DE9F041B0
:10EB40004948007810B10120BDE8F0810120464914
:10EB500008704648007818B9002008700120F3E7D3
:10EB6000FFF71FFF074667B941480068401C40494E
:10EB7000086008460068642803D90020086000BFC8
:10EB800000BF00BF00203B4908703B4908703B486C
:10EB9000D5F715FE3A49086013E03948016837484F
:10EBA000D5F725FE044636480068FFF79BFF30B1D5
:10EBB0003148007810B92F48007800B105E030489E
:10EBC00004602F4800680028E7D100BF2C48006887
:10EBD0000028D7D1461E2948D5F7F1FD044610E09C
:10EBE000207D00F0010038B9204600F060F8804632
:10EBF000B04500D2464600BF21462048D5F7F7FD74
:10EC00000446002CECD13846FFF7BEFE1D490968CA
:10EC100008441C4908601C480068FFF7B5FE05461B
:10EC2000B5F5FA7F1AD31748006864214843B0FB52
:10EC3000F5F01649087008460078642801DD0020C8
:10EC400003E012480078C0F1640010490870002009
:10EC50000C490860FFF7A5FE0B4908600020024937
:10EC60000870304670E70000CC020020C802002087
:10EC7000D8020020CA020020CB020020A0C500203C
:10EC8000AC020020D4020020D0020020C9020020E3
:10EC900001214161704710B50446FFF782FE2168EB
:10ECA000401A401E606010BD00214161704770B580
:10ECB00004466068FFF768FE05462068A84201D850
:10ECC000002070BD2068401BFBE72DE9F047074698
:10ECD0000C46164600F0ADF88046A6EB080004216D
:10ECE000D6F7C9FE0546E11704EB91718910A4EB34
:10ECF000810121B100BF00BF0020BDE8F0870C2DCD
:10ED000002D3B5F5803F03D900BF00BF0020F4E770
:10ED10006FF00301204601F0B1FA814629464846CA
:10ED2000D7F7ADFB4846D7F79BFB4846D7F7A2FB82
:10ED300049463846D7F779FA4846D7F79CFA8246CB
:10ED400000215046D7F79BFB5046D7F79EFB504615
:10ED5000D7F78BFB2046D0E710B50446E11704EB4C
:10ED600091718910A4EB810119B100BF00BF00208F
:10ED700010BD2046D8F7BAFE2046F9E72DE9F0414C
:10ED800004460D462046FFF7E7FF064600F0BEF8B2
:10ED90002F1A00F0BBF800EB04083A464146304613
:10EDA000FFF793FF3046BDE8F0812DE9F0410546BD
:10EDB0000C4604B32F462046D7F733FA064600BF69
:10EDC0003046D7F744FA18B100BF00BF00BFFEE7D6
:10EDD00000BF3046D7F782FA31463846D7F7BFFA38
:10EDE000064631463846D7F793FA06463146384646
:10EDF000D7F71BFA00BFBDE8F08100B5014600F06F
:10EE000085F8084400BD2DE9F04104460D4626462C
:10EE100004212846D6F717FE074639463046D7F76D
:10EE200033FA80463A4641463046D7F7DCFABDE829
:10EE3000F081082070472DE9FE4F80460C461546AC
:10EE4000C2464FF000092CB125B921464046FFF7D4
:10EE5000ACFF58E02CB929464046FFF7D4FF814665
:10EE600051E02046D7F7DDF902900298D7F79FFAD4
:10EE700001900298D7F70EFB06460198D7F70AFBD8
:10EE80003044001D009004212846D6F7DCFD0746DB
:10EE900000BF0298D7F7DBF918B100BF00BF00BF71
:10EEA000FEE700BFB7421ED90198D7F7D0F910B1DD
:10EEB0000098874217D929464046FFF7A4FF8146AC
:10EEC000B9F1000F1ED0AE4201D2304600E0284614
:10EED00083465A4621464846F6F7BDF92146404644
:10EEE000FFF763FF0EE0B74206D950460299D7F705
:10EEF0000FFA0298D7F7FFF93A4650460299D7F72A
:10EF000042FBA14600BF4846BDE8FE8F40F23C50A0
:10EF1000704700002DE9F05F07460D4616460DB11B
:10EF2000284600E0144880466FF00301384601F09F
:10EF3000A5F9044617E02046D7F789F908B901205A
:10EF400000E0002081462046D7F7A4FA82462046FA
:10EF5000D7F7EFFA834633464A465146C047204624
:10EF6000D7F725FA044624B12046D7F775F90028CB
:10EF7000E1D0BDE8F09F00000F81000810B5044605
:10EF800004F15A0000B200F009F810BD10B50446B3
:10EF900004F15A0000B200F001F810BD0146002053
:10EFA0004FF4B47291FBF2F302FB1311002902DA61
:10EFB00001F5B47211B25A2903DA134A32F9110079
:10EFC00020E05A2908DBB42906DAC1F1B40211B2F3
:10EFD0000D4A32F9110015E0B4290BDBB1F5877F3A
:10EFE00008DAA1F1B40211B2074A32F811205242F4
:10EFF00010B207E0C1F5B47211B2034A32F8112021
:10F00000524210B270470000787104082DE9FF4F9A
:10F0100085B08346139CBBF1000F02D09BF8000023
:10F0200018B9002009B0BDE8F08F069808B9002093
:10F03000F8E7129800F0020010B141F6FF70089056
:10F040004FF0000800200490039000258146002620
:10F050008246471E019004A95846444A12689047C8
:10F0600005460498039065E003A958463F4A126894
:10F07000904781460AF1010A129800F0010050B150
:10F0800029461498D5F7F8FF28B1DDF810800398C9
:10F0900004904D464EE04A4629460698F2F7FFF89E
:10F0A00000B202900298304406B20298002802DDB5
:10F0B0000798304406B2781C40B90798311A08986E
:10F0C000814203DD4746AAF1010001900A2D1DD0BF
:10F0D0000D2D1BD028460022B0F59C4F05D349F6D4
:10F0E000A573984201D801230FE0002107E020A377
:10F0F0005B5C834201D1012205E04B1CD9B21CA309
:10F100005B5C002BF3D100BF13464BB1B8F1000F8D
:10F1100003D1781C08B904B12660AAF1010A0DE0F8
:10F1200014B1781C00B92660DDF8108003980490B3
:10F130004D4600BF1BF80800002895D100BF781C81
:10F1400058B9BAF1000F04D00D2D04D1B9F10A0F4E
:10F1500001D1DDF81080404664E7159808B13846C3
:10F1600060E70CB10020206000205BE7E80200208F
:10F17000202C2E3B3A2D5F002DE9FF4F83B0044633
:10F180000E469046DDF848B0DDF840900020208023
:10F19000608016B907B0BDE8F08FB8F1000F00D15C
:10F1A000F8E70BF0020010B141F6FF701190002556
:10F1B000AA4600BFB8F8080087B231E00020CDE9C8
:10F1C000000B70194146119B069AD5F78FFE8244B9
:10F1D000B4F9020038444844B0F5004F02D300BFF0
:10F1E00000BFD7E76088384400B260806088484438
:10F1F00000B26080AAEB05017019CDF800B042465C
:10F20000069B00F02BF80290B4F90010029881429E
:10F2100001DA029801E0B4F900002080554600BFF1
:10F22000705D0028CAD16DB1681E305C0A2803D019
:10F23000681E305C0D2805D1608807EB0901084481
:10F2400000B26080608810B938B2608004E06088E5
:10F25000A0EB090000B2608000BF9BE72DE9FF47EB
:10F2600005460E4617469846DDF830A01DB9002029
:10F2700004B0BDE8F0870FB90020F9E7287808B995
:10F280000020F5E7002003900024029046B31FE021
:10F2900003AB6A4601A92846D5F70CFE0AF0010027
:10F2A00028B102A80199D5F7E7FE00B110E0384671
:10F2B000DDE90021F1F7F3FF0FFA80F9B9F1000F52
:10F2C00005DD04EB090004B204EB080004B200BF42
:10F2D0000398B042DCD3002C02DDA4EB080004B29A
:10F2E0002046C5E708B50146802901D2084608BD79
:10F2F000B1F5006F11D2C1F3841040F0C0008DF859
:10F30000000001F03F0040F080008DF80100002077
:10F310008DF802008DF8030033E0B1F5803F15D27F
:10F32000C1F3033040F0E0008DF80000C1F3851018
:10F3300040F080008DF8010001F03F0040F08000B7
:10F340008DF8020000208DF803001AE0B1F5881F47
:10F3500017D2C1F3824040F0F0008DF80000C1F3F5
:10F36000053040F080008DF80100C1F3851040F0B9
:10F3700080008DF8020001F03F0040F080008DF821
:10F3800003006A461068B2E731B582B0029800F017
:10F390008000E8B1042202A901A8F6F7A4F89DF8BC
:10F3A000040000069DF8051000EB01409DF80610D2
:10F3B00000EB01209DF807104418002504E0E0B29E
:10F3C00000B9240A681CC5B2042DF8DB029400BF02
:10F3D00002983EBD2DE9F04105460E460024002767
:10F3E0000CE028190949096888478046B8F1000FE0
:10F3F00001D0404600E0012004447F1CB74202D205
:10F40000285D0028EDD12046BDE8F081DC02002017
:10F41000F8B506460C4600200090002505E0694638
:10F420003046044A126890476D1C0098A042F6D3FB
:10F430002846F8BDE802002038B504460025002023
:10F44000009005E069462046044A126890476D1C0A
:10F450000098205C0028F5D1284638BDE80200203D
:10F4600008B5024600230020009001B969460868EB
:10F47000105C00F0800028B90868135C0868401C24
:10F4800008608FE00868105C00F0E000C02817D129
:10F490000868105CC006430D0868401C08600868D6
:10F4A000105C00F0C000802801D0002008BD086872
:10F4B000105C00F03F0003440868401C086071E0E5
:10F4C0000868105C00F0F000E02828D10868105CA3
:10F4D0000007030C0868401C08600868105C00F016
:10F4E000C000802801D00020E0E70868105C00F030
:10F4F0003F0003EB80130868401C08600868105C3C
:10F5000000F0C000802801D00020CFE70868105C20
:10F5100000F03F0003440868401C086042E00868AF
:10F52000105C00F0F800F02839D10868105C400742
:10F53000C30A0868401C08600868105C00F0C0003E
:10F54000802801D00020B1E70868105C00F03F007F
:10F5500003EB00330868401C08600868105C00F08A
:10F56000C000802801D00020A0E70868105C00F0EF
:10F570003F0003EB80130868401C08600868105CBB
:10F5800000F0C000802801D000208FE70868105CE0
:10F5900000F03F0003440868401C086002E008686F
:10F5A000401C0860184681E72DE9F84306460C46E2
:10F5B00000272068401E206000BF042F02DB0020CF
:10F5C000BDE8F883216888190D4909688847054610
:10F5D0003DB9206818B12068401E206001E000207D
:10F5E000EEE7781CC7B2002DE7D02068009069468E
:10F5F0003046044A1268904780464046E0E70000E3
:10F60000DC020020E80200200146087800F08000BB
:10F6100008B901207047087800F0E000C02801D147
:10F620000220F7E7087800F0F000E02801D103207D
:10F63000F0E7087800F0F800F02801D10420E9E7AD
:10F640000020E7E77FB582B004460D4616460598D0
:10F6500033462A46214600900248D5F7EBFE06B015
:10F6600070BD0000B35300082DE9F04782460C46F8
:10F670002046F7F719FF05462846F7F7C5FE8046EE
:10F680002846F9F75CFC8146424649462046FBF78E
:10F69000B0FA01212046FBF77BF92046F7F736F94F
:10F6A00006461048B0F9002042F264013046FBF7EC
:10F6B000A0FA00213046FBF76BF902231A4600211D
:10F6C0003046FBF745F92046F7F720F907460121B8
:10F6D0003846FBF76FF942F264013846FBF796FCB7
:10F6E000BDE8F087700200201CB5F3F7CBFEFBF7F6
:10F6F000A9FDFBF7CFFD0648012100238022CDE9BB
:10F70000001004A1064808F00DFA07F091FD1CBD99
:10F710000400002073746172745F7461736B000085
:10F720005527030810B5D2F721FB07230222082131
:10F730004FF4A87004F028FFA820D8F7EBFC4FF492
:10F74000E13007F039FAE9F755FDE5F7CFFF02F0B0
:10F75000C9FE002000F052FC022000F04FFCFFF731
:10F76000C3FF002010BD70B504460D468022294617
:10F770002046EBF7B1FE064680212046EBF7C6FA9D
:10F7800026B1802229462046EBF7BAFE70BD000064
:10F790002DE9FF4F87B0054692461F46DDF850B071
:10F7A000DDF858800898EAF78FFF06900898EAF786
:10F7B00018FF05901898012804D0022805D00328C6
:10F7C00009D105E0DFF8D0900AE0DFF8D09007E03B
:10F7D000DFF8CC9004E000BF00BF0BB0BDE8F08FB5
:10F7E00000BFB8F1000F21D100261BE0002411E07A
:10F7F00005EB44000088039007EB4400008802906A
:10F80000159A0399C847049005EB4400BDF8101001
:10F810000180641C06988442EADB05EB4A0507EB8D
:10F820004B07761C05988642E0DB33E000262EE08D
:10F83000002422E018F8040000B91DE018F80400C4
:10F84000FD2801DB159804E018F8040015994843D9
:10F850000012049005EB44000088029007EB44007E
:10F8600000880190049A0299C847039005EB440070
:10F87000BDF80C10018000BF641C06988442D9DBDF
:10F8800005EB4A0507EB4B0717988044761C059853
:10F890008642CDDB00BFA0E7597800088B790008CD
:10F8A000FB7800082DE9FF4F85B005461F46DDF8BF
:10F8B00050900698EAF708FF83460698EAF791FE0B
:10F8C0000490B9F1000F3DD11398FD2814DB4FF0DF
:10F8D00000080DE04FEA4B0239462846F5F7BBFC1D
:10F8E000079805EB4005129807EB400708F101085F
:10F8F00004988045EEDB79E14FF000081EE000241B
:10F9000012E005EB44000088029007EB44000088F9
:10F910000190139A0299ECF7E1FF039005EB440084
:10F92000BDF80C100180641C5C45EADB079805EB10
:10F930004005129807EB400708F10108049880453C
:10F94000DDDB53E11398FD287DDDABF1040003906E
:10F950004FF000080EE14E4600241FE03078D8B189
:10F960003078FF2806D105EB440007EB44010988F5
:10F97000018011E0327805EB44000088019007EB2C
:10F980004400008800900199ECF7A8FF029005EB75
:10F990004400BDF808100180761C641C5C4503DA45
:10F9A00006F003000028D9D1B246B1E0DAF8000031
:10F9B00000281ED0DAF80000401CD8B905EB44003E
:10F9C00007EB440109880180601C05EB400107EB4F
:10F9D000400000880880A01C05EB400107EB4000B8
:10F9E00000880880E01C05EB400107EB4000008820
:10F9F00008808AE056463078D8B13078FF2806D1A2
:10FA000005EB440007EB44010988018011E03278DE
:10FA100005EB44000088019007EB4400008800904B
:10FA20000199ECF75BFF029005EB4400BDF808106C
:10FA30000180761C307808B33078FF2809D1601C2B
:10FA400005EB400100E09AE007EB400000880880E9
:10FA500014E03278601C05EB400000880190601CC7
:10FA600007EB4000008800900199ECF737FF029007
:10FA7000601C05EB4000BDF808100180761C307852
:10FA8000F8B13078FF2807D1A01C05EB400107EB47
:10FA900040000088088014E03278A01C05EB40008C
:10FAA00000880190A01C07EB40000088009001999D
:10FAB000ECF714FF0290A01C05EB4000BDF8081005
:10FAC0000180761C3078F8B13078FF2807D1E01C2F
:10FAD00005EB400107EB40000088088014E0327815
:10FAE000E01C05EB400000880190E01C07EB4000A3
:10FAF000008800900199ECF7F1FE0290E01C05EB04
:10FB00004000BDF808100180761C0AF1040A241D8B
:10FB100003988442FFF64AAF56461FE03078D8B1CA
:10FB20003078FF2806D105EB440007EB4401098833
:10FB3000018011E0327805EB44000088019007EB6A
:10FB40004400008800900199ECF7C8FE029005EB94
:10FB50004400BDF808100180761C641C5C45DDDBA8
:10FB6000079805EB4005129807EB4007159881446C
:10FB700008F1010804988045FFF6EDAE36E04FF03D
:10FB8000000830E0002422E019F80400F0B119F870
:10FB90000400FD2801DB139804E019F80400139910
:10FBA00048430012064605EB44000088029007EB2C
:10FBB00044000088324601900299ECF78FFE0390D2
:10FBC00005EB4400BDF80C10018000BF641C5C45CF
:10FBD000DADB079805EB4005129807EB400715980C
:10FBE000814408F1010804988045CBDB09B0BDE8E9
:10FBF000F08F2DE9FF4F85B082460E461F46DDF897
:10FC000048B0DDF85080D5F713F981463046EAF761
:10FC10005BFD04903046EAF7E4FC0390B8F1000F76
:10FC200023D100251DE0002415E01398029007EB76
:10FC300044000088ADF804007088284400B20090A9
:10FC4000318821440BB2D9F80000D0F81CC05146CD
:10FC5000079AE047641C04988442E6DB07EB4B07F5
:10FC60006D1C03988542DEDB2BE0002526E0002496
:10FC70001CE018F80400C0B118F8040013994843B8
:10FC8000000A029007EB44000088ADF80400708879
:10FC9000284400B20090318821440BB2D9F800000A
:10FCA000D0F81CC05146079AE047641C049884426F
:10FCB000DFDB1598804407EB4B076D1C03988542EA
:10FCC000D5DB09B0BDE8F08F2DE9F04104460F46C1
:10FCD0009046802C06D200252046E11704EB917156
:10FCE0008E1009E0204605F020FE0546681F24FA24
:10FCF00000F080F02006AD1F3D60C8F80060BDE850
:10FD0000F0812DE9F04104460D461646802C09D3BA
:10FD1000204605F00AFE401F012101FA00F0471EAF
:10FD20003C4400BF324629462046FFF7CDFFBDE8E0
:10FD3000F0810246FD2901DB10467047022901DCF3
:10FD40000020FAE702FB01F000EBC01303EBC03028
:10FD5000C0F3C750F1E700002DE9F84305462846F7
:10FD6000F1F71CF804462046F7F79EFB8046404614
:10FD7000F7F79AFB81464846EBF7C6FD0646306822
:10FD8000009000214046F7F72AFAA04214D19DF8CE
:10FD90000200012809D10C208DF80200BDF80000F6
:10FDA000401E80B2ADF800001AE09DF80200401E2F
:10FDB00040B28DF8020013E09DF802000C2809D132
:10FDC00001208DF80200BDF80000401C80B2ADF8A3
:10FDD000000005E09DF80200401C40B28DF80200D2
:10FDE0009DF90220BDF800104846EBF795FD012172
:10FDF0004046F7F7F4F907469DF90200401E054911
:10FE000051F82030BDF8002003A13846F4F7F6FD84
:10FE1000BDE8F883D0010020256420257300000090
:10FE20002DE9F84304462046F0F7B8FF0746204680
:10FE3000F0F7B7FF80463846F0F784FC05464046A9
:10FE4000EBF762FD064630680090681C40B28DF802
:10FE500002009DF90220BDF800104046EBF75CFD62
:10FE6000BDE8F8832DE9F04782460D46002128467B
:10FE7000F9F71EFE00212846FAF78AFD0023022228
:10FE800019462846FAF764FD2846EAF70FFF81462F
:10FE900000222FA14846FAF7D5FF6420002804DA93
:10FEA000C0F57A7141F4005101E040F400510CB208
:10FEB00021464846FAF78DFD4846FBF7F9F84846D3
:10FEC000F7F7A2FA064631464846FBF79FF80023AB
:10FED000072220494846F5F7EFFE04214846F6F789
:10FEE0004FFC2846F3F712FD074603213846F4F786
:10FEF000D3FC002202213846FBF729F801213846BD
:10FF0000FAF758FD2846EAF7D1FE8046002212A1F2
:10FF10004046FAF797FF324631464046FAF769FE07
:10FF2000002307220B494046F5F7C6FE0421404650
:10FF3000F6F726FC00231C2208492846F5F7BCFEEC
:10FF400000221C212846F0F72FFFBDE8F0870000B3
:10FF5000EF81930059FD0208EF819400BD730308FF
:10FF60002DE9F04180460C462046F7F79DFA0546FC
:10FF700000212046F9F79CFD00212046FAF708FDF4
:10FF80002046F0F701FB0646174801683046F0F7B7
:10FF9000D3FD2B461C2215493046F5F78DFE012175
:10FFA0003046FAF707FD2046F0F7EEFA074610480C
:10FFB00001683846F0F7C0FD2B461C220D49384633
:10FFC000F5F77AFE01213846FAF7F4FC00231C22EB
:10FFD00009492046F5F770FE00221C212046F0F763
:10FFE000E3FEBDE8F0810000040200201582030852
:10FFF0000002002021FE02080D74030830B50446FB
:020000040803EF
:100000000225084951F8241001FB05F2064951F870
:100010002400002100F02AF8012103480C3001558A
:1000200030BD0000C0B803089000002010B50146A4
:100030000023002207E00B4850F8210030F812009E
:1000400000B15B1C521C084850F821009042F2D8C5
:100050004FF47A705843044C54F82140B0FBF4F04C
:1000600080B210BD90000020C0B8030830B5034630
:1000700001E003F8011B141EA2F10102F9D130BD09
:1000800070B50446254615F83C0F00F00300401CEF
:10009000032190FBF1F201FB1200297860F30101CA
:1000A00005F83C19204601F007FA2046F9F741FB14
:1000B00070BD000070B504460C48006808B9002007
:1000C00070BD14B90A480068FAE70CB90020F7E7D8
:1000D0002046E1F7B9FF05466019064909688842DC
:1000E00001D30020ECE76019EAE700005801002086
:1000F000B80200205C01002037B5034601B93EBDBF
:1001000008461D682D1D2844024602AC256815606E
:1001100000BFF4E737B5034601B93EBD08461D6888
:100120002844024602AC2568156000BFF5E72DE9BA
:10013000F05F0446002221212046F0F735FE82467A
:10014000BAF1000F01D1BDE8F09F00212046F7F77A
:1001500046F8804607E04046FFF7E9FF00212046C9
:10016000F7F73DF88046B8F1000FF4D12046F7F7D5
:1001700041F981460020F2F7BDFF07461DE0786A8D
:10018000A04202D0B86AA04203D121463846F3F714
:10019000A5F8386BA04201D100213963386D48457C
:1001A00007D1F2F7B5FFA04203D121463846F3F755
:1001B00095F83846F2F79EFF0746002FDFD120461C
:1001C000D4F7C4FB606840BB2046F7F7D3F8054678
:1001D000002606E0E86850F82600A04200D103E0BF
:1001E000761C686AB042F5D800BFB3465E4606E0AA
:1001F000701CE96851F8200041F82600761C686AF6
:10020000401EB042F4D8686A401E68626A6A910073
:10021000E868F4F7EBFFE8602BE02046F7F7FDF81D
:10022000064635460BE0606880680168681C51F836
:10023000200061688968096841F825006D1C6068C4
:1002400080684068401EA842EDD8606880684068B9
:10025000401E6168896848606268926852689100CF
:10026000626892681068F4F7C1FF61688968086085
:1002700000BF2046F4F766FF00BF64E7024650184F
:100280007047F0B5DDE90554012B0BDC032805D0E0
:10029000042802D0052803D100BF00BF022000E0DF
:1002A00000BF00BF062842D2DFE800F0410F033351
:1002B0002017002626808E1A06EBD677B5F800C0E8
:1002C0000CEB67073FB22F8034E0002626802E8893
:1002D0008F1A3E4436B22E802CE08E1A37B25E1E44
:1002E00036B297FBF6F636B2268023E08E1A36B287
:1002F00096FBF3F627883E4436B22680B4F90060B8
:1003000006EBD677B5F800C00CEB67073FB22F803D
:1003100010E08E1A37B25E1C36B297FBF6F636B294
:1003200026802E8827883E4436B22E8002E00026A2
:10033000268000BF00BFF0BD2DE9FF4F81B005460C
:100340000C461646049870B12088A0EB660000B2F7
:10035000208020883044401E00B2A080E88A60805F
:10036000688BE0800DE06088A0EB660000B26080E2
:1003700060883044401E00B2E080A88A2080288B2C
:10038000A0804FF440312846F8F705FA81464FF433
:1003900040312846F8F7A8FA82464FF44031284603
:1003A000F8F772FB83464FF440312846F8F716F908
:1003B00000904FF440312846F8F74CFD80464FF44A
:1003C00040312846F8F72CFD0746208809EB080144
:1003D000401A00B22080A0880AEB0801084400B24D
:1003E000A08061880BEB0700081A00B26080E288E9
:1003F0000099C819104400B2E08005B0BDE8F08F44
:100400002DE9F84F05462C462846E2F7A4F90646A2
:100410000EB9BDE8F88F3046F6F7F6FF834628465A
:10042000F6F75EFF834500DCF3E700213046F8F77E
:100430002CFC00900098F0F74DFF07460021304655
:10044000F8F793FC804607EB08000FFA80F9E08E7E
:1004500000FB09F00FFA80FA00225146606AFAF7B1
:100460002DFA606AF9F765F900BFD2E72DE9F0418E
:1004700005460E462948076800202949096881F881
:10048000590027480068001D06F0B2FB50B9244807
:10049000006890F82C1001208840224909688143A7
:1004A00020480160681CD8B9D6B11F4948681C496A
:1004B000096888601A4982680968CA601849096829
:1004C000091D8268516016490968091D8160164A34
:1004D000134909684A6111460968491C11601AE00C
:1004E0007C190F4800684460BC4207D20C48016880
:1004F000091D0E48006806F09FFB0CE008480168E3
:10050000091D0B48006806F097FB0A480068844202
:1005100001D208480460BDE8F0810000B40000206A
:10052000A0000020B8000020105D0020A8000020DE
:10053000A4000020D000002010B5044606F0A2FB65
:1005400031480068401C304908603048006840B9B4
:100550002E4804600846006801280DD100F016FA04
:100560000AE02B48006838B928480068C06AE16A88
:10057000884201D82548046026480068401C254967
:10058000086008460068606494F82C1001208840D8
:1005900021490968084320490860E16A01EB8101AB
:1005A0001E4A02EB81014868A0608268E260211D5A
:1005B000826851608160E16A01EB8101174A02EBB8
:1005C00081026261E16A01EB8101144A52F8211053
:1005D000491CE26A02EB8202104B43F8221006F03B
:1005E0009DFB0B48006868B108480068C06AE16A72
:1005F000884207D24FF0805009490860BFF34F8FFF
:10060000BFF36F8F10BD0000B0000020A0000020DD
:10061000BC000020CC000020B8000020405A002080
:1006200004ED00E010B506F02DFB10480068D0B9CD
:100630000F4806F0F1FA0F4806F0EEFA0C480E49A2
:1006400008600C480D49086000221021052007F0C1
:100650007DF8064908600846006820B108A10348F3
:10066000006806F01BFC06F059FB10BDE8000020F6
:10067000245D0020385D0020E0000020E400002020
:10068000546D72510000000010B516E006F0FAFA41
:100690000C48C068C468201D06F0AAFA0A48006821
:1006A000401E0949086009480068401E0749086063
:1006B00006F034FB204600F05FF80448006800288C
:1006C000E4D110BDFC5C0020B0000020AC00002094
:1006D00070B504460D46206C70B1216CE068014491
:1006E000E160D4E90210884201D32168E160284624
:1006F000226CE168D0F785F870BD2DE9F041044621
:100700000F4615464FF00008A66B206C48B92068CC
:1007100000282CD1A06807F03FFB80460020A06095
:1007200025E07DB93946226C6068D0F76AF8216C03
:10073000606808446060D4E90101884217D32068EA
:10074000606014E03946226CE068D0F75AF8216CFA
:10075000E068411AE1602168E068884203D2216CB8
:10076000A068411AE160022D01D106B1761E701C0D
:10077000A0634046BDE8F08110B50446206B06F04A
:100780000DFB204606F00AFB10BD00000146084A9A
:10079000126812680AB9012200E000220A600A68A1
:1007A00022B9034A1268D268106800E0002070473E
:1007B000E000002030B54FF42053174800F0070444
:1007C0002CB1C01D20F00700134C041B1B1B02465C
:1007D000124C22600024114D6C60D018083820F0B3
:1007E00007000F4C206000240D4D2D686C600C4DEF
:1007F0002D682C601146441A4C60094C24680C602A
:10080000084D4C682C60084D4C682C604FF000443B
:10081000064D2C6030BD00004C5D0020F40000202F
:10082000FC00002004010020000100201001002035
:1008300000BFFFF729FF064800680128F9D94FF0EB
:10084000805004490860BFF34F8FBFF36F8FF0E70C
:10085000405A002004ED00E02DE9F04106460D4627
:1008600017469846069C0DB9246000E02760E663B1
:1008700025640121204606F0B1FF84F85080002055
:10088000A064BDE8F08100002DE9F05F82460F46CC
:1008900090469B460A9E0C9C4FEA8801A522206B3D
:1008A000D0F726F8A8F10100216B01EB800929F0AF
:1008B000070909F0070008B9012000E0002028B965
:1008C0004FF4587224A12DA0CFF7E2FD87B1002587
:1008D00007E0795D04F134004155785D00B902E02C
:1008E0006D1C102DF5D300BF00214320015502E0FF
:1008F000002084F83400202E01D2012000E00020E6
:1009000028B940F2973214A11CA0CFF7C1FD202EC8
:1009100000D31F26E662E66400202065201D06F055
:1009200088F904F1180006F084F92461C6F120006A
:10093000A06164620020606584F8580084F8590062
:100940005A465146484600F05FFC20600B9808B1BB
:100950000B980460BDE8F09F2E2E5C2E2E5C4D6936
:1009600064646C6577617265735C46726565525448
:100970004F535C7461736B732E6300004572726F2A
:10098000723A2025732C2025640D0A0010B500242E
:1009900007E004EB84010F4A02EB810006F03CF90A
:1009A000641C202CF5D30C4806F036F90B4806F0F1
:1009B00033F90B4806F030F90A4806F02DF90A48D9
:1009C00006F02AF904480949086004480849086003
:1009D00010BD0000405A0020C05C0020D45C002004
:1009E000E85C0020FC5C0020105D0020A4000020DA
:1009F000A800002010B50146164800E00068036812
:100A00008B42FBD30246436813448B4204D14368B4
:100A10004C682344436001460A464B68134404680B
:100A2000A34211D10C4C03682468A34208D04B6840
:100A30000468646823444B6003681B680B6005E02E
:100A4000054B1B680B6001E003680B60884200D017
:100A5000016010BDF4000020FC0000202DE9F041F1
:100A600004460D4616461F464FF000086560246197
:100A7000B5420CD8F01BA169884202D34FF001089F
:100A800011E0211D0948006806F0D6F80BE0BE42CF
:100A900004D2BD4202D34FF0010804E0211D0448F6
:100AA000006806F0C9F84046BDE8F081E400002087
:100AB000E000002070B5054606F0E4F8A86B08B920
:100AC000012400E0002406F029F9204670BD000052
:100AD000F1B50098846C00262CB940F6D53220A1DF
:100AE00028A0CFF7D5FCA06BE16B884201D2012092
:100AF00000E0002028B940F6D63219A121A0CFF796
:100B0000C7FCA06BE16B884227D294F945500022C4
:100B100069462046FFF7F1FD0646681C60B9606A29
:100B200008B9012000E00020B0B904F1240007F06A
:100B3000BBF988B101260FE07F2D01D0012000E034
:100B4000002028B940F6F63205A10EA0CFF7A0FC90
:100B5000681C40B284F8450000BF3046F8BD000074
:100B60002E2E5C2E2E5C4D6964646C657761726517
:100B7000735C4672656552544F535C71756575655B
:100B80002E6300004572726F723A2025732C202567
:100B9000640D0A0070B505460E460E480068C06830
:100BA000C468201D06F024F894F8280000F0040022
:100BB00028B132462946204600F0FEF805E094F8B8
:100BC000280000F0FE0084F828002046216A8847AB
:100BD00070BD0000E000002070B586B08AE0029889
:100BE00000280CDA03AE2EB940F2063247A150A01D
:100BF000CFF74EFCD6E90020B168904700BF0298BD
:100C0000002877DB049C606908B9012000E000201F
:100C100010B9201D05F0ECFF01A800F0F9F8054619
:100C200002980A2864D2DFE800F06305072E3653E5
:100C300006082F3700BF00BF00BF94F8280040F01F
:100C4000010084F828000398A269811803462A4607
:100C50002046FFF703FFA8B194F8280000F0040035
:100C600038B10398A26981182A46204600F0A4F8FA
:100C700005E094F8280000F0FE0084F828002046E3
:100C8000216A884735E000BF94F8280000F0FE0094
:100C900084F828002DE000BF94F8280040F00100FF
:100CA00084F828000398A061A06908B1012000E041
:100CB000002028B940F2593214A11DA0CFF7E8FB5B
:100CC000A06941192B462A462046FFF7C7FE10E0CF
:100CD00094F8280000F0020018B9204606F05EF8EB
:100CE00005E094F8280000F0FE0084F8280000E0F9
:100CF00000BF00BF002202A91148006806F0ECFD09
:100D000000287FF46CAF06B070BD00002E2E5C2E64
:100D10002E5C4D6964646C6577617265735C4672C4
:100D2000656552544F535C74696D6572732E630030
:100D30004572726F723A2025732C2025640D0A00CB
:100D4000E8000020F8B505460C4606F0D3FA6846E0
:100D500000F05EF80646009820BB44B9B54206D8BC
:100D600007F048F931462846FFF714FF1CE03CB174
:100D70000E480068006808B9012000E00020044621
:100D8000A91B22460A48006806F0CEF807F032F99F
:100D900050B94FF0805007490860BFF34F8FBFF341
:100DA0006F8F01E007F026F9F8BD0000E400002095
:100DB000E800002004ED00E070B504460D4616463C
:100DC00004E0A06905442046216A8847A0694119CA
:100DD0002B4632462046FFF741FE0028F1D170BD78
:100DE00009480068006808B9012000E0002020B12F
:100DF0004FF0FF300549086005E003480068C0680F
:100E00000068024908607047A4000020D00000205C
:100E100070B5044606F0C6FE0546074800688542E0
:100E200004D200F00BF80120206001E000202060D7
:100E300001480560284670BDF000002070B508E04C
:100E40000D480068C06804684FF0FF312046FFF786
:100E5000A1FE09480068006808B9012000E00020F0
:100E60000028EDD00448056804480068024908607D
:100E70000248056070BD0000E0000020E400002092
:100E80000B480068401C08B9012000E0002020B990
:100E9000E92208A116A0CFF7FBFA00BF502080F38B
:100EA0001188BFF34F8FBFF36F8F00BF00BFFEE706
:100EB000140100202E2E5C2E2E5C4D6964646C653E
:100EC00077617265735C4672656552544F535C700E
:100ED0006F727461626C655C525644535C41524D52
:100EE0005F434D34465C706F72742E6300000000E7
:100EF0004572726F723A2025732C2025640D0A000A
:100F000008B500BF6846FFF741FC0446204600993B
:100F1000FFF718FFFFF760FEF4E770B5044605F031
:100F2000B1FE94F9455019E0A06C30B12046FFF7AE
:100F3000CFFD88B106F0FEF80EE0606A08B9012026
:100F400000E0002038B904F1240006F0ADFF18B12C
:100F500006F0F0F800E003E0681E45B2002DE3DC87
:100F600000BFFF2084F8450005F0D8FE05F08AFE9A
:100F700094F9445010E0206908B9012000E00020F5
:100F800048B904F1100006F08FFF08B106F0D2F85E
:100F9000681E45B200E001E0002DECDC00BFFF2040
:100FA00084F8440005F0BAFE70BD00002DE9F04160
:100FB00004464FF0000806F09DF94948006808B95A
:100FC000FFF7F8FB474800682040002875D1002C47
:100FD00023D004F10800A0421FD9083404F0070010
:100FE00000281BD004F00700C0F108002044A042F4
:100FF00011D904F00700C0F10800044404F0070010
:1010000008B9012000E0002040B99C2236A144A08C
:10101000CFF73EFA02E0002400E00024002C4CD080
:1010200043480068844248D8424E3046056801E093
:101030002E462D686868A04202D228680028F7D1A1
:1010400027480068854238D0306800F108082868D1
:1010500030606868001B102813D92F1907F00700AB
:1010600008B9012000E0002020B9CF221EA12CA049
:10107000CFF70EFA6868001B78606C603846FFF79F
:10108000B9FC2B4968680968081A294908600846AC
:10109000006829490968884203D225480068264922
:1010A0000860104968680968084368600020286083
:1010B00022480068401C2149086006F09BFF08F0A8
:1010C000070008B9012000E0002028B94FF4887219
:1010D00005A113A0CFF7DCF94046BDE8F081000080
:1010E000FC000020100100202E2E5C2E2E5C4D698D
:1010F00064646C6577617265735C467265655254B1
:101100004F535C706F727461626C655C4D656D4DC0
:10111000616E675C686561705F342E63000000007B
:101120004572726F723A2025732C2025640D0A00D7
:1011300000010020F400002004010020080100202C
:101140002DE9F04F87B08046C14699F85C00C0F3A6
:101150008000002847D0D9F82400F2F7F9FE069065
:1011600022490698096888478246BAF1000F02D1E1
:1011700007B0BDE8F08F00214046F7F7B6FD0590B7
:10118000002342F2220201A90598EFF7F6FF8346F9
:10119000BBF1000F01D016A700E016A73846CFF725
:1011A00011FB04460AFB04F1481CF3F737FF054620
:1011B000002606E006FB045022463946F4F74BF8B9
:1011C000761C5645F6DB002106FB04F0295429461F
:1011D000D9F82400F3F7BAFB2846F3F79BFF404603
:1011E00000F028F800BF00BFC2E70000F8020020AE
:1011F000E280A2002A000000704770B5044625680E
:101200002846FFF79DFF70BD001F4FF080730360FD
:10121000001F21F001030360001F054B0360143819
:101220000260001F6FF00203036020387047000067
:10123000810E03082DE9F04F8FB006463446002199
:101240003046F7F752FD0E9000213046F7F7C1FD0A
:101250000D903046FDF730F90C90606AF2F778FE99
:1012600081464846914A0C9912689047074609EB17
:10127000070000218E4A1268904705460E98F0F745
:1012800035F80B901DB10A2D01D00D2D07D100228C
:1012900020210E98F0F703F80FFA80FA06E00022FA
:1012A00029460E98EFF7FBFF0FFA80FA0AAA606A48
:1012B0000C99F2F749FD606AF2F74AFE0190606A04
:1012C0000021019AF5F77EF98346BDF92800616A8D
:1012D000B1F91410084400EB0A01606AB0F9180073
:1012E000814235DD94F85C00C0F3C00040BBBBF127
:1012F000030F2DD00020ADF82800BDF82A200D994D
:101300000B980844104400B2ADF82A0065B109EB0F
:101310000700684909688847074409EB070000216E
:10132000634A1268904705461DB10A2D01D00D2D64
:1013300007D1002220210E98EFF7B1FF0FFA80FAB3
:1013400006E0002229460E98EFF7A9FF0FFA80FA6F
:10135000E7644FF4E0213046F6F7DCFF80464FF4B7
:10136000E0213046F7F7B7FB404400B209904FF454
:10137000E020019041F6110230460199F7F7B8FBE1
:1013800000900098404400B208904FF4E0213046AD
:10139000F7F728FA404400B207904FF4E02001909C
:1013A00041F6130230460199F7F7A2FB009000982E
:1013B000404400B20690BDF828100798081A00B201
:1013C000ADF81000BDF82A100998081A00B2ADF85F
:1013D0001200BDF82810069808445044401E00B280
:1013E000ADF81400BDF82A10089801440B98084481
:1013F000401E00B2ADF8160004F1440102A8E9F75E
:10140000D2F8BDF80800616A898A084400B2ADF8D4
:101410000800BDF80A10606AC08A084400B2ADF83E
:101420000A00BDF80C00616A898A084400B2ADF870
:101430000C00BDF80E10606AC08A084400B2ADF816
:101440000E0002A93046F8F7AEF904A904F14400F1
:10145000E9F7A9F804F1440102A8E9F7A4F8BDF8F6
:101460000800616A898A084400B2ADF80800BDF836
:101470000A10606AC08A084400B2ADF80A00BDF8DC
:101480000C00616A898A084400B2ADF80C00BDF80E
:101490000E10606AC08A084400B2ADF80E0002A9BE
:1014A0003046F8F780F90FB0BDE8F08FF002002069
:1014B000E8020020DC0200202DE9F0470446204627
:1014C000E3F7BFFD25462046F7F739FD0646002124
:1014D0002046F6F736FE8146A6EB090000EBD071F8
:1014E00049100FB22046E0F782FC80460FFA88F0E0
:1014F000FDF754FD10FB07F0C01300B228850FFA6A
:1015000088F0FDF73BFD10FB07F0C01301B26985C1
:10151000304606EBD0712A8D02EB610109B22985B4
:1015200006EBD0714A10698D11440AB26A852046D3
:10153000E3F787FDBDE8F0872DE9F34F97B0074645
:101540003846E1F714F9054615B919B0BDE8F08F32
:101550002846F2F7FDFC8246524600212846F5F760
:1015600031F816901698012828D0022802D00328B6
:1015700029D113E03846F5F7D2FE82462846F7F720
:10158000DEFCAAEB0000109000EBD070401000B21F
:1015900001460F902846F9F752FD14E03846F5F75A
:1015A000BEFE82462846F7F7CAFCAAEB000000B24E
:1015B000014610902846F9F742FD04E00021284634
:1015C000F9F73DFD00BF00BFBB4600213846F7F7E5
:1015D00074FB159000213846F7F7E1FB149015983D
:1015E000EFF780FE80463846F5F77AFE81464FF0E9
:1015F000000A652251463846F7F77AFA109010989B
:1016000084B2189800B114B93846E3F787FABBF8EA
:1016100026001390149808EB00011398414308B278
:101620001290494609EBD1725210404608EBD07334
:10163000A2EB630212B21192DDE91120101A06B278
:10164000189800B144B915492846E8F7E3F831463F
:101650002846F9F70DFD1FE001A8E8F723F900BFC0
:10166000019500BF0D48029000BF2846F7F793FC94
:101670008246CDF820A0CDF824A00A9600BF00BF76
:101680000B9400BF0648049000BF0648079000BFB7
:1016900001A8E8F7D1F900BF00BF56E741210308D0
:1016A0003D1A03081F9901082DE9F04F8BB006463B
:1016B0000F4635464FF4A0213046F7F786F88146AD
:1016C0004FF4A0213046F7F729F982464FF4A021C4
:1016D0003046F7F7F3F983464FF4A0213046F6F78A
:1016E00097FF0A904FF4A0213046F7F724FB0990AA
:1016F0004FF4A0213046F7F75FFB08904FF4A0218C
:101700003046F7F7E6FA07904FF4A0213046F6F797
:1017100095FE06904FF4A0213046F6F782FE8046F3
:101720003C462DE00A98CDE902ABCDF80490049038
:101730000898A1B200903046099B079AE1F7D8FAC1
:10174000E96A21F81400E86A30F91400404503DA28
:10175000E86A30F9140000E040460699884201DA50
:10176000069809E0E86A30F91400404503DAE86AAF
:1017700030F9140000E04046E96A21F81400641CC6
:10178000E88CA042CED83046F8F77FFD0BB0BDE81C
:10179000F08F2DE9F04105462846F5F73EFD064657
:1017A000002412E0A868006850F824703846F7F763
:1017B000C0FF00222A213846EFF7F6FA3846F7F73D
:1017C000B8FF3846FFF7E5FF641CB442EAD3BDE832
:1017D000F08100002DE9F04F87B005462846E0F77C
:1017E000C6FF06461EB9012007B0BDE8F08FF1F72D
:1017F0007BFC06902C460698F1F7CBFC0746042F9D
:1018000001D0022F10D1E08C2085042F0CD1284666
:10181000F5F7F0FD80464046F0F7B6F918B1002123
:101820004046F0F754FA00BF0698F1F7B2FC0128E1
:1018300004D00698F1F7ADFC03287DD14FF0FF38B6
:10184000A06AC0F34040002838D1804603A906981A
:10185000F1F764FCBDF80E10F08A081A00B2ADF87A
:101860000E00BDF80C00B18A401A00B2ADF80C00B1
:1018700003A93046F2F734F981463046F2F768FBA7
:101880008346002002900190824600BF13E002A927
:101890005846324A12689047009000980A2806D1AC
:1018A0000198484503D008F101000FFA80F802982A
:1018B00001900AF1010ACA45E9D339E0002128461E
:1018C000F7F7FBF9039000212846F7F768FA8246FC
:1018D0000398EFF707FD83460BEB0A0000B2029076
:1018E000B5F91A20B5F91610501A00EBD0714A104C
:1018F000E98A114409B201910C210698F1F759FDCA
:10190000F18A084400B20090DDE90010411A029803
:1019100091FBF0F9B9F1000F01DA4FF00009A08C4A
:10192000484502DCA08CA0F101090FFA89F800BF3C
:10193000B8F1000F07DB00E006E01FFA88F1012292
:101940002846FAF77EFA00BFE08C059005AA1C2114
:101950002846EFF729FA0490049845E7E8020020AA
:10196000F0B50C46E568A16800BF1DB900BF00BF17
:1019700000BFFEE700BF00BF19B900BF00BF00BF36
:10198000FEE700BFCD60A96000F13C0606EBC21681
:1019900056F82360A6421BD100F13C0606EBC216A6
:1019A00046F82310814213D100F1140656F8226044
:1019B00001279F40BE4300F1140747F822603E46CE
:1019C00056F8226026B9012797400669BE43066192
:1019D000F0BD2DE9F04106460D4600240EE026B18B
:1019E000E86850F83400B04207D14FF6FF724FF468
:1019F00070212846F8F762FC05E0641C688CC0F38F
:101A0000C500A042EBD800BF2846F5F706FC074604
:101A1000002407E0A868006850F824103046FFF75B
:101A2000D8FF641CBC42F5D3BDE8F08110B5044674
:101A300000220A212068EFF7B7F910BD70B50446FF
:101A40002068F5F731FD05462846E3F767F870BDD5
:101A50002DE9FF4F91B090461298F5F725FD074606
:101A600010213846F7F7C8FA10B915B0BDE8F08F65
:101A70003846F5F791FD10904FF00009CA46002551
:101A80003846F5F7A7FE0F900F9818B1129800F19D
:101A9000140400E0119C00213846F6F707FC0E9074
:101AA00000213846F6F788FF01460E98084400B238
:101AB0000D9000213846F6F736FD01460E98084491
:101AC00000B20C90F98A0D9808446188401AB8F861
:101AD0000210401A00B20B90798B0C98081AE1881A
:101AE000401AB8F80210081A00B20A903846F5F702
:101AF0008BFC01460D98091A0C98081A00B209903F
:101B00000B98002804DB0A98002801DB00251BE065
:101B10000B98002808DD0B9D3846F5F765FE024658
:101B2000501B00D500250FE00A9800280CDD0A980C
:101B3000404205B23846F5F7CFFC019001982844A1
:101B4000002800DA002500BF0F98012804D00228E1
:101B500010D003283AD11BE0F98A0D9808440FFAF7
:101B600080F9608828440FFA80FAA9EB0A0028441B
:101B700005B22BE0798B0C98081A0FFA80F9E088EF
:101B800028440FFA80FAA9EB0A00284405B21DE0A8
:101B9000099800EBD0714A10FB8A0D991944114441
:101BA0000FFA81F900BFE1886288891A491C09B2DD
:101BB000084601EBD071628802EB610129440FFAFB
:101BC00081FAA9EB0A00284405B200BF00BF002635
:101BD0003846F5F7F5FD0890089818B1129800F10D
:101BE000140400E0119C00213846F6F779FD0E99A7
:101BF00008440FFA80FB00213846F6F71AFE0E99CA
:101C0000084400B20790B88A58442188401AB8F8AE
:101C10000010401A00B20690398B0798081AA18864
:101C2000401AB8F80010081A00B20590069800286B
:101C300004DB0598002801DB00261DE0069800283B
:101C40000ADD069E3846F5F7D5FC01900198304430
:101C5000002800DD00260FE0059800280CDD05981F
:101C6000404206B23846F5F73DFD019001983044F8
:101C7000002800DA002600BF3846F7F760F9A0EB2D
:101C80000B010798081A00B204900898012804D0A4
:101C900002280FD0032838D11AE0B88A58440FFA26
:101CA00080F9208830440FFA80FAA9EB0A0030440A
:101CB00006B22AE0398B0798081A0FFA80F9A08833
:101CC00030440FFA80FAA9EB0A00304406B21CE057
:101CD000049800EBD071BA8A5A4402EB61010FFA02
:101CE00081F900BFA1882288891A491C09B20846D7
:101CF00001EBD071228802EB610131440FFA81FAC5
:101D0000A9EB0A00304406B200BF00BF294938469B
:101D1000E7F780FD039028493846E7F77BFD0290FE
:101D2000039808B9029850B100220A213846EFF70B
:101D30003BF801900198012800D096E600BF10986A
:101D400000F0010010B9002E00DA0026109800F013
:101D5000020010B9002E00DD0026109800F00400EB
:101D600010B9002D00DA0025109800F0080010B915
:101D7000002D00DD0025B8F90010149808B90020E6
:101D800000E03046084400B2A8F80000B8F902109C
:101D9000149808B9002000E02846084400B2A8F8CA
:101DA00002002A4631463846149BF8F7FBFB00BF79
:101DB0005BE60000151F0308F91E03082DE9F0413A
:101DC00004460D46164615B90EB9BDE8F081204609
:101DD000F4F7B4FAA068008A284400B2A168088227
:101DE000A068408A304401B2A06841820123324693
:101DF00029462046F7F77AFD00220B212046EEF710
:101E0000D3FF0746012F00D0DFE72046F7F791FC0C
:101E100000BFDAE710B5DAB1B0F91630B2F9004018
:101E20001C44B0F932309C4204DA448EC38AE31A6F
:101E30001BB21380B0F91630B2F900401C44B0F95F
:101E400036309C4204DDC48EC38AE31A1BB2138071
:101E5000D9B1B0F91430B1F900401C44B0F93030B8
:101E60009C4204DA048E838AE31A1BB20B80B0F919
:101E70001430B1F900401C44B0F934309C4204DD08
:101E8000848E838AE31A1BB20B8010BD2DE9F041CA
:101E90000546B5F918400026F1F726F907463868D7
:101EA00090F8198008E0301906B2C8F16400604368
:101EB000642190FBF1F004B2002CF4D13046BDE86F
:101EC000F0812DE9F0410546B5F91A400026F1F7F9
:101ED0000BF90746386890F8198008E0301906B207
:101EE000C8F164006043642190FBF1F004B2002C5F
:101EF000F4D13046BDE8F08170B505460C46284661
:101F0000F5F77CFC204406B2002231462846FFF754
:101F100055FF70BD70B505460C462846F5F778FCB0
:101F2000204406B2324600212846FFF747FF70BD25
:101F30002DE9FC4105460C462046EDF78FF94FF49C
:101F400080312846F6F77EF9E070E07802280CDD53
:101F50004FF48037202239462846F6F7C9FD009015
:101F600000980190BDF80400A0804FF48037312222
:101F700039462846F6F7BCFD01900198C0B284F8B6
:101F8000220094F8220002281EDD00BF41F2320236
:101F900039462846F6F7ACFD0190019800B220843E
:101FA000B4F9200000280CDD00BF30223946284655
:101FB000F6F79EFD009000980190BDF80400E083C4
:101FC00002E0002084F822004FF4803740F64502FA
:101FD00039462846F6F78CFD01900198C0B284F886
:101FE000360094F83600022829DD00BF4FF4046261
:101FF00039462846F6F77CFD0190019800B2E0854D
:10200000B4F92E00002817DD00BF40F64302394620
:102010002846F6F76DFD0190019800B2A08600BF3A
:10202000442239462846F6F763FD00900098019057
:10203000BDF80400A08502E0002084F836004FF4CB
:1020400080312846F6F707FA0646FD2E0DDAE078CD
:1020500070430012E070E0787043001284F82200B0
:10206000E0787043001284F83600E07828B994F8DC
:10207000220010B994F8360040B14FF48031284660
:10208000F6F792FD20800120BDE8FC810020FBE7EF
:102090002DE9F04704460E4617463568D7F800800C
:1020A00004F1140050F825004FF0FF3101FA08F157
:1020B00000EA0109B9F1000F16D1691C4FF0FF3297
:1020C0008A40206900EA020ABAF1000F02D100201A
:1020D000BDE8F087504603F01DFC0546356004F16D
:1020E000140050F8259000BF00BFB9F1000F03D1D4
:1020F00000BF00BF00BFFEE700BF484603F00AFC78
:102100008046C7F8008004F13C0000EBC51050F891
:102110002800DDE770B504460D46264628B2A6F82D
:1021200044002046F7F705FB70BD70B504460D4628
:10213000264629B2462081532046F7F7FAFA70BDA9
:1021400070B505460C4621B22846F8F791FF70BDE0
:102150002DE9F04F85B00446894617464FEA6900DD
:1021600004904FEA6900039009F0010010B9049847
:10217000401E04906000F2F751FF8346B8460026E7
:1021800031E0601E38F8100000FB09F00090651E79
:102190001FE0009A2BF815200021039A2A44A2423E
:1021A00003DA039A2A4438F81210009A521A00925D
:1021B000049AAA1A521E002A02D5B8F8000004E0B8
:1021C000049AAA1A521E38F81200009A0244009289
:1021D0006D1E002DDDDA620059464046F3F73BF8EC
:1021E00008EB4408761CA642CBDB4FF47F500290EC
:1021F0000298B0FBF9F001904FF0000A15E037F8B3
:102200001A0000B90FE037F81A100298814203D182
:10221000019827F81A0005E037F81A0090FBF9F04A
:1022200027F81A0000BF0AF1010A04FB04F0504528
:10223000E5D8002542E007EB4508B8F8001001FB9F
:1022400009F000262AE0002801DA002300E08311CB
:102250002BF81630039BF31A002B02DCB8F80010A1
:1022600005E0039BF31A03FB045337F81310401ADD
:10227000049B33445B1CA34207DA049B33445B1C7E
:1022800003FB045337F8132004E0631E03FB0453DD
:1022900037F813201044761C08EB4408A642D2DB22
:1022A00007EB4508002606E03BF81610A8F80010DA
:1022B000761C08EB4408A642F6DB6D1CA542BADB8F
:1022C0005846F2F727FF05B0BDE8F08F2DE9FF4F24
:1022D0008BB00D46144627460E983E1809A80B9958
:1022E000E8F722F9204604EBD0714A100E99114408
:1022F000491E04F0010282F00102891A09B2ADF808
:10230000281004EBD0714910491C09B2ADF8261011
:102310000B98E8F7EEF9BDF82810081A00B2ADF8EE
:1023200024000B98E8F76BF9BDF82610084400B2BA
:10233000ADF82A00002309A903A80E9AECF778FE4D
:10234000012F01D1012401E0781004B23046F2F7E8
:1023500065FE8146A846002002903BE03146484693
:10236000F3F73EF903A8009033B2DDE9020C02B2A4
:1023700000214846E0478346BBF1000F04D17100BD
:102380004046F3F7F6F820E099F80010890191FB38
:10239000F4F1A8F80010012014E019F80020411E03
:1023A00019F801108A4205D1411E38F8111028F899
:1023B000101006E019F80010890191FBF4F128F8DB
:1023C0001010401CB042E8DB00BF08EB4608029842
:1023D000401C02900298B042C0DB4846F2F79AFED9
:1023E00003A8ECF789FA012C0FD12946002005E05B
:1023F00035F81020C2F387120A54401C06FB06F27F
:102400008242F5DC0FB0BDE8F08F2A46214630B29B
:10241000FFF79EFE07F00100204404B2012C27DDE7
:102420004FF47F5090FBF4F000904FF0000B15E05C
:1024300035F81B0000B90FE035F81B00FF2803D169
:10244000009825F81B0006E035F81B00800190FB82
:10245000F4F025F81B0000BF0BF1010B06FB06F0A2
:102460005845E5D82A46214630B2FFF771FE00BF35
:1024700001954FF0000A06E015F81A10019800F8CF
:102480000A100AF1010A06FB06F05045F4DC00BF11
:10249000B8E770B598B006460C4615460AA8ECF7A2
:1024A000DDFE00BFFF2211461046EAF76EF90090EC
:1024B000BDF8001008460190BDF80400ADF82C00EE
:1024C00022460AA93046ECF7ADFE02A8EBF7BAFEA9
:1024D00000202B46224602A900903046EBF7FEFA78
:1024E00018B070BD00B5A1B000BF00BF00200090C3
:1024F0007048006840F040006E4908600846006877
:1025000000F04000009000BF00BF00BF00BF00BF50
:10251000002000900846006840F008000860084667
:10252000006800F00800009000BF00BF00BF00BFBF
:1025300000BF002000900846006840F008000860D6
:102540000846006800F00800009000BF00BF00BF10
:1025500000BF0020009057480830006840F001009C
:102560005449083108600846006800F001000090F6
:1025700000BF00BF00BF002000904E48006840F040
:1025800008004C4908600846006800F00800009008
:1025900000BF00BF00BF002000900846006840F068
:1025A000100008600846006800F01000009000BFAE
:1025B00000BF00BF002000900846006840F02000E7
:1025C00008600846006800F02000009000BF00BFCF
:1025D00000BF002000900846006840F040000860FE
:1025E0000846006800F04000009000BF00BF0815DA
:1025F00008900220099001200A9002200B900C20E4
:102600000C9008A92C48CFF77FFA2020089008A941
:102610002A48CFF779FA1020089008A92748CFF761
:1026200073FA4FF6037008900220099001200A9077
:1026300002200B9008A92148CFF766FA4FF6837065
:10264000089008A91E48CFF75FFA4FF23F000890A4
:1026500008A91C48CFF758FA3F20089008A9164847
:10266000CFF752FA4FF020400D9017480E900420FB
:102670000F900021109111911021129100211391BE
:1026800014911691810217910021189119911A91B4
:102690001B9102200190002002900820039000204E
:1026A0000490079001AA01A90DA8CFF78FFF21B0D0
:1026B00000BD00003038024000180240000C02400B
:1026C0000010024000140240040100A0F0B591B0D7
:1026D000064635464FF4E027652239463046F6F780
:1026E00007FA1090109804465CB918493046E7F78D
:1026F00091F85020405D20F00100401C50214855C9
:1027000022E001A8E7F7CEF8294601A8E7F781F90A
:102710000E4901A8E7F74FF9214601A8E7F75FF94D
:1027200000BF0E9400BF0022012101A8E7F769F95C
:10273000074901A8E7F743F901A84FF6FF71818720
:1027400000BFE7F779F900BF11B0F0BD417E000886
:102750008F9901081CB5044600BF04F093FA0E4897
:10276000032100234FF48062CDE900100BA10F4834
:1027700005F0D8F90E48042100238022CDE900108D
:102780000CA10F4805F0CEF904F0C8FA0D48006816
:1027900004F032FC1CBD0000080000206C765F6471
:1027A000656D6F5F7461736B00000000A3D1010859
:1027B0000C0000206C65645F7461736B00000000A6
:1027C0008D920108040000200EB5FE4890F820000C
:1027D00000F0010040B1FC48E9F74AFF0190FB48D6
:1027E000BDF80410018008E004211220F8F7B2FCC3
:1027F0000290F648BDF808100180F24890F82000D9
:1028000000F0010048B105211220F8F7A3FC019067
:10281000EF48BDF80410018008E004211220F8F709
:102820006FFC0290EA48BDF808100180E54890F876
:10283000200000F0010040B1E648E9F719FF0190DF
:10284000E548BDF80410018006E0EAF7A7F9029018
:10285000E148BDF808100180DA4890F8200000F047
:10286000010040B1DD48E9F703FF0190DC48BDF805
:102870000410018008E002211220F8F76BFC02909E
:10288000D748BDF808100180002046215023D54AC2
:10289000CDE90010D449D548FAF782FE0020009017
:1028A0005023D04AD0490190D148FAF779FED14857
:1028B0000068D03001F058FECC49CE480068D030D6
:1028C000FAF759FECB480068D83001F04DFEC849F0
:1028D000C8480068D830FAF74EFEC648006808308D
:1028E00001F042FEB74890F8200000F0010028B146
:1028F00002211220F8F704FC029003E01220F8F7FE
:1029000055FC0290BB48029900680830FAF7A1FB19
:1029100047F6FF71B74800680830FAF798FDA948F4
:10292000C06807210190EAF746FC01460290B148D1
:1029300000680830FAF777FCA248C06805210190CA
:10294000EAF739FC01460290AA4800680830FAF715
:102950001CFE6621A74800680830FAF79FFBA449CF
:10296000A44800680830FAF706FEA2480068103054
:1029700001F0FAFDFF219F4800681030FAF78EFB46
:102980009C48006801F0F0FDFF219A480068FAF7C2
:1029900085FB8E4800880146029096480068FAF749
:1029A00058FB8B4800880146029092480068FAF76D
:1029B000A8FD91480078012806D18248C0680E2100
:1029C0000190EAF7F8FB10E08B480078022806D166
:1029D0007C48C0680C210190EAF7EDFB05E07948DE
:1029E000C0680A210190EAF7E6FB0146029081489F
:1029F0000068FAF770FC80480078012806D1714819
:102A0000C0680E210190EAF7D6FB10E07A48007802
:102A1000022806D16B48C0680C210190EAF7CBFB75
:102A200005E06848C0680A210190EAF7C4FB014646
:102A3000029070480068FAF715FC6E48006818307C
:102A400001F092FD6C480078012806D15D48C0680D
:102A50000C210190EAF7AFFB05E05A48C068082155
:102A60000190EAF7A8FB014602906248006818301E
:102A7000FAF7EDFCFF215F4800681830FAF70EFB0B
:102A800055480088014602905A4800681830FAF705
:102A9000E0FA534800880146029056480068183012
:102AA000FAF706FB4748C06802210190EAF783FB6A
:102AB000014602904F4800681830FAF724FB0121C4
:102AC0004C4800681830FAF70AFB41480088014674
:102AD0000290484800681830FAF713FD464800781D
:102AE000012806D13748C06818210190EAF763FB36
:102AF00010E041480078022806D13248C06814210D
:102B00000190EAF758FB05E02E48C06810210190BB
:102B1000EAF751FB01460290364800681830FAF790
:102B200082FB35480078012806D12648C0680E216E
:102B30000190EAF740FB10E02F480078022806D108
:102B40002048C0680C210190EAF735FB05E01D48DC
:102B5000C0680A210190EAF72EFB01460290254841
:102B600000681830FAF7B7FB23480078012806D12F
:102B70001448C0680E210190EAF71DFB10E01E48C2
:102B80000078022806D10F48C0680C210190EAF7AE
:102B900012FB05E00B48C0680A210190EAF70BFB25
:102BA00001460290134800681830FAF75BFB1220C8
:102BB000F8F7FCFA014602900E4800681830FAF760
:102BC000D6FA1BE054C500201A1715009A01002000
:102BD0009C010020302B28009E01002037322F005E
:102BE000A00100206399010850BA030878C50020AD
:102BF0008CC500209401002098010020F848C0688E
:102C000001210190EAF7D7FA01460290F5480068E1
:102C10001830FAF7B9FAF3480068A03001F0A4FCC4
:102C2000EF480169EF480068A030FAF7CEFAEC48A7
:102C3000C06803210190EAF7BEFA01460290E94814
:102C40000068A030FAF7E4FAE548C0680321019073
:102C5000EAF7B1FA01460290E2480068A030FAF7BC
:102C6000CCFA7F21DF480068A030FAF7BBFADD48D4
:102C70000068A83001F078FCD948408A01460290EB
:102C8000D8480068A830FAF7A0FAD548C0680321F0
:102C90000190EAF790FA01460290D2480068A83005
:102CA000FAF7B6FA7F21CF480068A830FAF79AFA07
:102CB000CC480068203001F057FCCB480078012850
:102CC00006D1C748C06810210190EAF774FA10E0F5
:102CD000C5480078022806D1C148C0680C2101907F
:102CE000EAF769FA05E0BE48C06808210190EAF7F2
:102CF00062FA01460290BB4800682030FAF7A7FB51
:102D0000FF21B84800682030FAF7C8F9B7480088B2
:102D100001460290B34800682030FAF79AF9B048AB
:102D200090F8200000F00100E8BB1220F8F73EFA0E
:102D300001460290AB4800682030FAF792FB002071
:102D4000EAF764FB00EB40005030A02190FBF1F06B
:102D5000012809DD0020EAF759FB00EB4000503064
:102D6000A02190FBF1F000E0012000B201460290AA
:102D70009C4800682030FAF7A2FB7F219948006840
:102D80002030FAF786FB0020EAF740FB502101EBE8
:102D90008000A02190FBF1F001280BDD0020EAF774
:102DA00035FB502100E015E001EB8000A02190FBF5
:102DB000F1F000E0012000B201908948C068009065
:102DC0000199EAF7F8F90146029086480068203038
:102DD000FAF754FB86480088014602908148006853
:102DE0002030FAF78EFB80480078012806D17C4815
:102DF000C06818210190EAF7DEF910E07A480078FF
:102E0000022806D17648C06814210190EAF7D3F968
:102E100005E07348C06810210190EAF7CCF901463B
:102E20000290704800682030FAF733FA6E48007854
:102E3000012806D16A48C0680E210190EAF7BBF963
:102E400010E069480078022806D16548C0680C2166
:102E50000190EAF7B0F905E06148C0680A210190E5
:102E6000EAF7A9F9014602905E4800682030FAF7B7
:102E700048FA5B48C06805210190EAF79CF90146D1
:102E80000290584800682030FAF7ECF95448C068BE
:102E900005210190EAF78FF9014602905148006838
:102EA0002030FAF718FA53495348E9F7DFFB534942
:102EB0005348E9F7DBFB4B480068583001F054FBFE
:102EC0004D49484800685830FAF732F923214548FF
:102ED00000685830FAF736F942480068603001F06F
:102EE00043FB47493F4800686030FAF721F97F21EA
:102EF0003C4800686030FAF725F93A480068C0306D
:102F000001F032FB012137480068C030FAF706F9BA
:102F1000012134480068C030FAF7E1F83148006810
:102F2000803001F021FB30480078012806D12C4880
:102F3000C06818210190EAF73EF910E02A480078AD
:102F4000022806D12648C06814210190EAF733F917
:102F500005E02348C06810210190EAF72CF90146EA
:102F60000290204800688030FAF75DF91E4800782A
:102F7000012806D11A48C06818210190EAF71BF908
:102F800010E019480078022806D11548C0681421BD
:102F90000190EAF710F905E01148C068102101908E
:102FA000EAF709F9014602900E4800688030FAF706
:102FB00092F90D480078012806D10948C068182107
:102FC0000190EAF7F8F823E007480078022819D1C1
:102FD0000348C06814210190EAF7EDF818E00000FA
:102FE00054C500209401002098010020A001002079
:102FF0009C010020BF7E0008A4010020653001086C
:10300000AC010020FE48C06810210190EAF7D3F817
:1030100001460290FB4800688030FAF723F9F9482E
:103020000068783001F0A0FAF7480078012806D14E
:10303000F348C0680E210190EAF7BDF810E0F248AD
:103040000078022806D1EE48C0680C210190EAF70A
:10305000B2F805E0EA48C0680A210190EAF7ABF847
:1030600001460290E74800687830FAF7DCF8E64855
:103070000078012806D1E248C0680E210190EAF7E5
:103080009AF810E0E0480078022806D1DC48C068D1
:103090000C210190EAF78FF805E0D948C0680A21B1
:1030A0000190EAF788F801460290D6480068783027
:1030B000FAF7E3F8D3480068883001F055FAD048B1
:1030C000C0680A210190EAF776F801460290CD48DF
:1030D00000688830FAF7FFF8C948C0680A210190F3
:1030E000EAF769F801460290C64800688830FAF7A6
:1030F000B9F8C4480068903001F036FAC048C0689A
:1031000014210190EAF757F801460290BD48006883
:103110009030FAF70FFABB480068983001F024FAB3
:103120000221B84800689830FAF7E0F9B54800681D
:10313000683001F019FA0021B24800686830FAF7E7
:1031400072F80021AF4800686830FAF7C4F800212F
:10315000AC4800686830FAF785F8AA480068703013
:1031600001F002FAA8480078012806D1A448C068F6
:1031700008210190EAF71FF810E0A3480078022820
:1031800006D19F48C06806210190EAF714F805E0CF
:103190009B48C06802210190EAF70DF801460290B1
:1031A000984800687030FAF73EF897480078012890
:1031B00006D19348C06808210190E9F7FCFF10E0B0
:1031C00091480078022806D18D48C06806210190F8
:1031D000E9F7F1FF05E08A48C06802210190E9F7AC
:1031E000EAFF01460290874800687030FAF773F8EA
:1031F00085480078012806D18148C06808210190DF
:10320000E9F7D9FF10E080480078022806D17C4811
:10321000C06806210190E9F7CEFF05E07848C06854
:1032200002210190E9F7C7FF014602907548006846
:103230007030FAF717F873480068283001F094F9F5
:103240006F4801696F4800682830F9F702FFE9F715
:10325000A5FC014602906B4800682830FAF751F946
:10326000FF21684800682830F9F718FF65480068B2
:10327000303001F079F96248016962480068303005
:10328000F9F7E7FE5E4801695E4800683030FAF7FA
:1032900038F933215B4800683030F9F7FFFE5948B0
:1032A0000068383001F060F95548408A01460290C4
:1032B000544800683830F9F7CCFEE9F76FFC014656
:1032C0000290504800683830FAF71BF9FF214D484A
:1032D00000683830F9F7E2FE4A480068403001F0F3
:1032E00043F94748408A014602904648006840300A
:1032F000F9F7AFFE4248408A014602904148006813
:103300004030FAF7FEF833213E4800684030F9F7C4
:10331000C5FE3C480068483001F026F93B4800886B
:1033200001460290374800684830F9F792FEFF21C5
:10333000344800684830F9F7B1FE35480088014646
:103340000290304800684830FAF7DBF82D480068F2
:10335000503001F009F92F480088014602902948B1
:1033600000685030F9F775FEFF212648006850309C
:10337000F9F794FE2648008801460290214800682B
:103380005030FAF7BEF81F480068B03001F0ECF892
:1033900047F6FF711B480068B030FAF758F8194833
:1033A0000068B83001F0E0F8002116480068B83035
:1033B000FAF74DF813480068C83001F0D5F8104806
:1033C000C06803210190E9F7F6FE014602900D481E
:1033D0000068C830FAF7C4F80948C06803210190B2
:1033E000E9F7E9FE0146029006480068C830FAF79E
:1033F000ACF804480068F03001F0B6F800480BE083
:1034000054C500209401002098010020A001002054
:103410009C0100209E0100200169FE480068F030F8
:10342000F9F717FEFF21FB480068F030F9F736FE88
:10343000F948C06806210190E9F7BDFE01460290F7
:10344000F4480068F030F9F7EEFE47F6FF71F148F6
:103450000068F030F9F7FBFFEE480068E03001F05B
:1034600083F8C821EB480068E030F9F7C6FDE94869
:103470000068E83001F078F87821E6480068E83024
:10348000F9F7BBFDE348006800F5807001F06CF8C7
:10349000E248008801460290DE48006800F580702E
:1034A000F9F7B5FDDC48C0680F210190E9F783FE0C
:1034B00001460290D748006800F58070F9F7BEFD1C
:1034C0000121D448006800F58070F9F7ADFDD148BE
:1034D000006800F5847001F047F8CF480169CD48D5
:1034E000006800F58470F9F792FDCA48006800F59D
:1034F000987001F039F84FF48271C648006800F501
:103500009870F9F74CFEC348006800F59C7001F014
:103510002BF8C148C06803210190E9F74CFE014631
:103520000290BC48006800F59C70F9F77CFEBA4830
:10353000C06802210190E9F73EFE01460290B548BD
:10354000006800F59C70F9F7DEFDB3480169B148E9
:10355000006800F59C70F9F7ABFDB14800880146A2
:103560000290AC48006800F59C70F9F772FDFF21ED
:10357000A848006800F59C70F9F790FDA94800780C
:10358000012806D1A448C0680C210090E9F713FE79
:1035900005E0A148C06808210090E9F70CFE029000
:1035A00000EBD070401000B20146019099480068CD
:1035B00000F59C70F9F74BFF9648006800F5A07085
:1035C00000F0D2FF98A19348006800F5A070F9F7C9
:1035D0005AFDE9F7E3FA014602908E48006800F5CB
:1035E000A070F9F78EFF8C48406901460290894827
:1035F000006800F5A070F9F792FF8648006800F5B2
:10360000A47000F0B1FF8448C06804210190E9F77C
:10361000D2FD404200B2014602907E48006800F5AB
:10362000A470F9F700FEE9F7B9FA0146029079486B
:10363000006800F5A470F9F70CFD7648006800F505
:10364000A87000F091FF01217248006800F5A87091
:10365000F9F79AFD75480088014602906D480068A8
:1036600000F5A870F9F783FD6A48006800F59470CA
:1036700000F07AFF00216748006800F59470F9F7C0
:103680002EFD6548C0680A210190E9F794FD0146C6
:1036900002906048006800F59470F9F7E3FD5F4818
:1036A0000088014602905B48006800F59470F9F7C5
:1036B0005EFD5848006800F5887000F055FF5648D8
:1036C000C06803210190E9F776FD01460290514858
:1036D000006800F58870F9F757FD4F48C06803216E
:1036E0000190E9F768FD014602904A48006800F53C
:1036F0008870F9F7ACFE4848C06808210190E9F7E6
:103700005AFD014602904348006800F58870F9F7B9
:10371000E1FE4148C06802210190E9F74CFD0146F5
:1037200002903C48006800F58870F9F79BFD394825
:10373000006800F58C7000F017FF47F6FF71354800
:10374000006800F58C70F9F782FE3348C0680821E4
:103750000190E9F730FD014602902E48006800F51F
:103760008C70F9F7B7FE2C4801692A48006800F50B
:103770008C70F9F76EFCFF212648006800F58C700C
:10378000F9F78CFC2348006800F5907000F0ECFE1F
:103790002148C06801210190E9F70DFD0146029022
:1037A0001C48006800F59070F9F7EEFC1F4800888F
:1037B000014602901748006800F59070F9F7D7FCB1
:1037C0001548C06802210190E9F7F5FC0146029016
:1037D0001048006800F59070F9F725FD1220F7F702
:1037E000E5FC014602900B48006800F59070F9F77F
:1037F00088FE0848006800F5D07000F0B5FE002192
:103800000448006800F5D070F9F70DFD002101486B
:1038100000680DE09401002054C50020A0010020A4
:103820009E01002098010020EF808C009C01002068
:1038300000F5D070F9F721FD0021FE48006800F581
:10384000D070F9F704FE0121FA48006800F5D07045
:10385000F9F764FC0021F748006800F5D070F9F72B
:1038600048FCF448006800F5EC7000F07DFEF2487A
:103870000078012806D1F148C0680C210190E9F7D1
:103880009AFC05E0ED48C06808210190E9F793FC37
:1038900001460290E748006800F5EC70F9F7D7FDA3
:1038A0000121E448006800F5EC70F9F737FCFF21CE
:1038B000E048006800F5EC70F9F7F0FBE04800889C
:1038C00001460290DB48006800F5EC70F9F7C1FB97
:1038D000DC48008801460290D648006800F5EC708C
:1038E000F9F70FFED348006800F5D47000F03CFEF5
:1038F000D1480078012806D1D048C0680E21019037
:10390000E9F759FC10E0CC480078022806D1CB48F2
:10391000C0680C210190E9F74EFC05E0C748C0687B
:103920000A210190E9F747FC01460290C14800686E
:1039300000F5D470F9F7ADFCBF480078012806D136
:10394000BE48C0680E210190E9F735FC10E0BA4886
:103950000078022806D1B948C0680C210190E9F727
:103960002AFC05E0B548C0680A210190E9F723FC6C
:1039700001460290AF48006800F5D470F9F7C1FC29
:10398000AD480078012806D1AC48C0680E210190EE
:10399000E9F711FC10E0A8480078022806D1A748F2
:1039A000C0680C210190E9F706FC05E0A348C06857
:1039B0000A210190E9F7FFFB014602909D4800684B
:1039C00000F5D470F9F759FC9C48C06801210190BA
:1039D000E9F7F1FB014602909648006800F5D470C3
:1039E000F9F791FB19219348006800F5D470F9F7B5
:1039F0006CFB94480088014602908E48006800F5F0
:103A0000D470F9F755FB00218A48006800F5D4709E
:103A1000F9F76FFB8748006800F5D87000F0A4FD47
:103A200000218448006800F5D870F9F7FCFB0021FC
:103A30008048006800F5D870F9F71FFC7F48C0681F
:103A400001210190E9F7B7FB01460290794800682F
:103A500000F5D870F9F757FB19217648006800F592
:103A6000D870F9F732FB7748008801460290714818
:103A7000006800F5D870F9F71BFB08216D48006855
:103A800000F5D870F9F735FB6A48006800F5DC707E
:103A900000F06AFD00216748006800F5DC70F9F766
:103AA000C2FB00216348006800F5DC70F9F7E5FB14
:103AB0006048006800F5E47000F056FD5E4800784C
:103AC000012806D15D48C0680E210190E9F773FB1B
:103AD00010E059480078022806D15848C0680C21E7
:103AE0000190E9F768FB05E05448C0680A2101909D
:103AF000E9F761FB014602904E48006800F5E4706A
:103B0000F9F7C7FB4C480078012806D14B48C0683C
:103B100008210190E9F74FFB10E0474800780228A0
:103B200006D14648C06806210190E9F744FB05E04C
:103B30004248C06802210190E9F73DFB014602902E
:103B40003C48006800F5E470F9F7DBFB3A48007880
:103B5000012806D13948C0680E210190E9F72BFBF6
:103B600010E035480078022806D13448C0680C219E
:103B70000190E9F720FB05E03048C0680A21019078
:103B8000E9F719FB014602902A48006800F5E47045
:103B9000F9F773FB2748006800F5E87000F0E4FCD3
:103BA00025480078012806D12448C06808210190E2
:103BB000E9F701FB10E020480078022806D11F48F1
:103BC000C06806210190E9F7F6FA05E01B48C068D5
:103BD00002210190E9F7EFFA0146029015480068CA
:103BE00000F5E870F9F755FB13480078012806D175
:103BF0001248C06808210190E9F7DDFA10E00E488C
:103C00000078022806D10D48C06806210190E9F726
:103C1000D2FA05E00948C06802210190E9F7CBFA21
:103C2000014602900348006800F5E870F9F769FB67
:103C3000002109E0940100209801002054C50020D3
:103C40009E0100209C010020FC48006800F5E870FF
:103C5000F9F71FFC0021F948006800F5E870F9F752
:103C60001DFAF748008801460290F448006800F504
:103C7000E870F9F746FCF148006800F5E07000F0E4
:103C800073FC0021ED48006800F5E070F9F701FBD6
:103C90000021EA48006800F5E070F9F7EEFAE7481D
:103CA000006800F5F07000F05FFC3321E348006825
:103CB00000F5F070F9F7F2F91220F7F777FA0146FC
:103CC0000290DE48006800F5F070F9F7C2F9DB48B1
:103CD000006800F5F47000F047FC0021D748006848
:103CE00000F5F470F9F7DAF9D6480078012806D122
:103CF000D548C06808210190E9F75DFA10E0D14885
:103D00000078022806D1D048C06806210190E9F762
:103D100052FA05E0CC48C06802210190E9F74BFA5D
:103D200001460290C548006800F5F470F9F7E9FA19
:103D3000C248006800F5B07000F016FCC248C068C8
:103D400005210190E9F737FA01460290BB48006867
:103D500000F5B070F9F718FAB948008801460290EA
:103D6000B648006800F5B070F9F701FAB648C068C7
:103D700014210190E9F71FFA01460290AF4800684C
:103D800000F5B070F9F7A6FBAF48C0680F210190AD
:103D9000E9F711FA01460290A848006800F5B070F2
:103DA000F9F783FAA548006800F5B47000F0DCFB71
:103DB00047F6FF71A148006800F5B470F9F747FBBA
:103DC0009F480088014602909C48006800F5B47046
:103DD000F9F73FF9FF219948006800F5B470F9F749
:103DE0005DF99948C0680F210190E9F7E4F90146AF
:103DF00002909248006800F5B470F9F76BFB8F48A9
:103E0000006800F5AC7000F0AFFB8F48C06801217E
:103E10000190E9F7D0F9014602908848006800F562
:103E2000AC70F9F770F98948008801460290834820
:103E3000006800F5AC70F9F73BF903217F48006892
:103E400000F5AC70F9F755F97C48006800F5B870DA
:103E500000F08AFB7A4800880146029077480068A3
:103E600000F5B870F9F724F97748C068022101908D
:103E7000E9F7A1F9014602907048006800F5B870B2
:103E8000F9F741F97048C06801210190E9F793F909
:103E9000404200B2014602906848006800F5B870E0
:103EA000F9F703FA04216548006800F5B870F9F7DE
:103EB00020F94FF4C8716148006800F5B870F9F74F
:103EC0009CF85E48006800F5BC7000F04DFB5E4851
:103ED00090F8200000F0010028B102211220F7F72D
:103EE0000FF9029004E001211220F7F733F9029054
:103EF00052480299006800F5BC70F9F702FB4F4880
:103F0000006800F5C07000F02FFB4E4800780128D3
:103F100006D14D48C0680E210190E9F74CF910E038
:103F200048480078022806D14748C0680C21019013
:103F3000E9F741F905E04448C0680A210190E9F732
:103F40003AF9014602903D48006800F5C070F9F763
:103F50006AF93C480078012806D13B48C0680E2128
:103F60000090E9F728F910E036480078022806D1D9
:103F70003548C0680C210090E9F71DF905E032488A
:103F8000C0680A210090E9F716F9029000EBD070A2
:103F9000401000B2014601902848006800F5C0704A
:103FA000F9F76BF92548006800F5C47000F0DCFAF9
:103FB0002548C06801210190E9F7FDF8014602900B
:103FC0001E48006800F5C470F9F79DF81F48008886
:103FD000014602901948006800F5C470F9F768F8C6
:103FE0001B480088014602901448006800F5C47020
:103FF000F9F72FF833211148006800F5C470F9F77C
:104000004DF80E48006800F5C87000F0ADFA0D4894
:104010000078012806D10C48C0680E210190E9F70C
:10402000CAF81DE007480078022813D10648C06886
:104030000C210190E9F7BFF812E000009401002084
:104040009C0100209801002054C50020A001002000
:104050009E010020F848C0680A210190E9F7ABF8FA
:1040600001460290F548006800F5C870F9F711F9AB
:10407000F3480078012806D1EF48C0680E2101906E
:10408000E9F799F810E0EE480078022806D1EA48EE
:10409000C0680C210190E9F78EF805E0E648C06899
:1040A0000A210190E9F787F801460290E348006889
:1040B00000F5C870F9F71AF9E1480078012806D12F
:1040C000DD48C06808210190E9F775F810E0DC4888
:1040D0000078022806D1D848C06806210190E9F787
:1040E0006AF805E0D448C06802210190E9F763F856
:1040F00001460290D148006800F5C870F9F7A7F8AA
:10410000CF480078012806D1CB48C0680E21019025
:10411000E9F751F810E0CA480078022806D1C648ED
:10412000C0680C210190E9F746F805E0C248C06874
:104130000A210190E9F73FF801460290BF48006864
:1041400000F5C870F9F799F8BC48006800F5CC7024
:1041500000F00AFAB848C0680A210190E9F72BF884
:1041600001460290B548006800F5CC70F8F766FF8C
:10417000B248006800F5FC7000F0F6F9AE48C0687F
:1041800004210190E9F717F801460290AB48006856
:1041900000F5FC70F9F747F8A848006800F5F870DA
:1041A00000F0E2F9642001900198002805DA0198F6
:1041B000C0F57A7040F4005002E0019840F40050DD
:1041C00000B2014602909D48006800F5F870F8F7CB
:1041D000F1FF9A48006800F5007000F0C5F9122060
:1041E000F6F7E4FF014602909448006800F500707D
:1041F000F8F72FFF7F219148006800F50070F8F76D
:104200004DFF8E48006800F5027000F0ADF9002106
:104210008A48006800F50270F9F751F9884800787B
:10422000032816D186480078012806D18248C06844
:104230000C210090E8F7BFFF05E07F48C068082127
:104240000090E8F7B8FF0290029800EBD0704010A1
:1042500010E07B480078012806D17748C0680C211F
:104260000090E8F7A8FF05E07348C06808210090B7
:10427000E8F7A1FF00B2014601907048006800F520
:104280000270F9F7E4F86D48006800F50E7000F070
:104290006BF9694801696948006800F50E70F8F724
:1042A00007FF6548C06802210190E8F784FF4000DD
:1042B00000B2014602906148006800F50E70F8F700
:1042C00022FF01215D48006800F50E70F8F711FF2C
:1042D0005A48006800F50C7000F046F95648C0686E
:1042E00002210190E8F767FF404200B201460290C8
:1042F0005248006800F50C70F8F77FFF4F480068DF
:1043000000F5047000F030F94D480078012806D11E
:104310004948C06818210190E8F74DFF10E048486F
:104320000078022806D14448C06814210190E8F7BB
:1043300042FF05E04048C06810210190E8F73BFFCC
:10434000014602903D48006800F50470F8F7A1FFAF
:1043500000213A48006800F50470F8F7D2FF002108
:104360003648006800F50470F8F787FF01213348EC
:10437000006800F50470F8F7D1FE3048006800F5D9
:10438000067000F0F1F82C48C06801210190E8F7B0
:1043900012FF014602902948006800F50670F8F700
:1043A000B2FE28480088014602902448006800F5C3
:1043B0000670F8F77DFE01212048006800F50670C0
:1043C000F8F797FE1E480078012806D11A48C06801
:1043D0000E210190E8F7EFFE10E01948007802285E
:1043E00006D11548C0680C210190E8F7E4FE05E00D
:1043F0001148C0680A210190E8F7DDFE01460290ED
:104400000E48006800F50670F8F70DFF0C480078BC
:10441000012806D10848C0680E210190E8F7CBFEBC
:1044200018E00748007802280ED10348C0680C2124
:104430000190E8F7C0FE0DE054C500209401002073
:1044400098010020A00100204448C0680A21019082
:10445000E8F7B1FE014602904148006800F5067099
:10446000F8F700FF3E48006800F5087000F07CF89F
:104470003C480078012806D13848C06818210190CE
:10448000E8F799FE10E037480078022806D1334853
:10449000C06814210190E8F78EFE05E02F48C0683F
:1044A00010210190E8F787FE014602902C48006831
:1044B00000F50870F9F754F82948006800F5107005
:1044C00000F052F8FF212648006800F51070F8F758
:1044D000E5FDE8F763FB014602902148006800F51E
:1044E0001070F8F7B6FD1220F6F760FE0146029054
:1044F0001B48006800F51070F8F7B8FD47F6FF712B
:104500001748006800F51070F8F7A1FF1348C0685D
:104510000F210190E8F74FFE014602901048006815
:1045200000F51070F8F7CBFFE8F738FB0146029072
:104530000B48006800F51070F8F793FF0748C06853
:1045400005210190E8F737FE014602900448006813
:1045500000F51070F8F7A8FF0EBD000054C500204C
:10456000940100209801002010B504460548007809
:1045700018B12046F8F72BFD02E02046F8F7E6FBDD
:1045800010BD0000A20100202DE9F04192B080464C
:104590000C4615461E46002700BF002000902A4802
:1045A000006840F08050284908600846006800F024
:1045B0008050009000BF00BF00BF00200090234843
:1045C000006840F48040214908600846006800F413
:1045D0008040009000BF00BF0120019000040290C5
:1045E0000220079041050891CDF8288009940B9589
:1045F0000C9601A8CDF79CFD07461FB1012012B013
:10460000BDE8F0810F200D9002200E9000200F9049
:104610004FF4A05010904FF48050119004210DA839
:10462000CDF746FC07460FB10120E8E7CDF786FB42
:1046300041F20101884205D10548006840F48070CC
:10464000034908600020DAE740380240007000406B
:10465000003C02402DE9F04107460C462046F2F7A7
:1046600023FFB0B90022FE4801682046F1F7B9FBEC
:104670004FF48032FA48016808312046F1F7B1FB67
:10468000F84AF748016810312046F1F7AAFBBDE867
:10469000F081F5492046F1F7B9FF002876D0204691
:1046A000F2F702FF0546F1492846F1F7AFFF00B1E6
:1046B000EDE72846F2F7F8FE0646EC49F1F7A6FFCB
:1046C000B0B10022E648016880312046F1F789FB4D
:1046D0004FF48032E248016808312046F1F781FB4F
:1046E000E04ADF48016810312046F1F77AFBCEE757
:1046F0002046F2F792FEB0B92046F2F7D5FE064604
:10470000DB49F1F783FF70B10022D54801684831D9
:104710002046F1F766FB0022D1480168703120463F
:10472000F1F75FFBB3E72046F2F777FE012824D1CB
:104730002046F2F7B9FE0646CD49F1F767FFE0B132
:104740000022C74801682046F1F74BFB0022C4480D
:10475000016880312046F1F744FB4FF48032C048B5
:10476000016808312046F1F73CFBBE4ABC480168AD
:1047700010312046F1F735FB89E72046F2F794FE29
:104780000646BC49F1F742FF08B180E717E0002276
:10479000B348016818312046F1F723FB4FF480320B
:1047A000AF48016808312046F1F71BFBAD4AAC4821
:1047B000016810312046F1F714FB01F02FB8AE4923
:1047C0002046F1F723FF002860D00022A4480168AA
:1047D00020312046F1F705FB0022A148016828316D
:1047E0002046F1F7FEFA00229D480168D0312046AC
:1047F000F1F7F7FA20229A48016858312046F1F77C
:10480000F0FA202296480168D8312046F1F7E9FAFB
:10481000042293480168A0312046F1F7E2FA2022F1
:104820008F480168C8312046F1F7DBFA01228C4835
:10483000016838312046F1F7D4FA802288480168AF
:1048400060312046F1F7CDFA2046F2F72DFE0546FD
:104850008A49F1F7DBFE40B92046F2F725FE05460E
:104860008749F1F7D3FE0028A7D000227C480168D1
:1048700001F5E8712046F1F7B4FA20227848016882
:1048800001F5F0712046F1F7ACFA96E77D49204634
:10489000F1F7BCFE40B100227148016801F5A87132
:1048A0002046F1F79EFA88E777492046F1F7AEFEF9
:1048B00000287DD02046F2F7F7FD05467349F1F751
:1048C000A5FEE0B300226648016801F5FC712046B0
:1048D000F1F787FA00226248016888312046F1F733
:1048E00080FA4FF4A0225E48016820312046F1F79B
:1048F00078FA674A5A48016858312046F1F771FA48
:10490000634A60325648016860312046F1F769FA1F
:104910005F4A1F3A5248016828312046F1F761FA90
:104920005B4A1C3A4E48016830312046F1F759FA8B
:10493000574A183A4A4801684031204600E002E0F0
:10494000F1F74FFAA3E62046F2F7AEFD05464749D8
:10495000F1F75CFE68B300224148016850312046FF
:10496000F1F73FFA04223E480168A0312046F1F7F2
:1049700038FA04223A48016801F50C712046F1F733
:1049800030FA434A3648016858312046F1F729FA8F
:104990003F4A1F3A3248016830312046F1F721FA88
:1049A0003B4A1F3A2E48016801F50E71204601E08E
:1049B000C4E01BE0F1F715FA354A1C3A28480168B3
:1049C000A0312046F1F70DFA314A183A244801681F
:1049D000A8312046F1F705FA2D4A1C3A2048016813
:1049E00001F50C712046F1F7FCF950E62046F2F78C
:1049F0005BFD05461F49F1F709FE78B30022184810
:104A0000016801F5C0712046F1F7EBF90422144862
:104A10000168A0312046F1F7E4F908221048016846
:104A2000A8312046F1F7DDF94FF4A0220C480168C7
:104A300001F5C4712046F1F7D4F9154A0848016818
:104A400058312046F1F7CDF9114A60320448016827
:104A500060312046F1F7C5F90D4A1BE029E000005E
:104A60009401002040000100E4B803089CC0030842
:104A7000F0C0030868BA030868720408D8BF0308C6
:104A8000BCBF03082C7304088472040810C0030818
:104A9000200005001C3AFE480168A0312046F1F7CD
:104AA000A0F9FC4AFA480168A8312046F1F799F9C3
:104AB000EDE50022F648016818312046F1F791F93A
:104AC0000422F3480168A0312046F1F78AF9082250
:104AD000EF480168A8312046F1F783F94FF4A0228E
:104AE000EB48016820312046F1F77BF9E94A78323A
:104AF000E748016860312046F1F773F9E54A18325A
:104B0000E348016858312046F1F76BF9E14AD21FBA
:104B1000DF48016828312046F1F763F9DD4A121FAA
:104B2000DB480168A0312046F1F75BF9D94AD84843
:104B30000168A8312046F1F754F93EE6D6492046EF
:104B4000F1F764FD60B30022D1480168303120469E
:104B5000F1F747F90022CE480168B0312046F1F75D
:104B600040F90422CA480168A0312046F1F739F91A
:104B70000822C7480168A8312046F1F732F94FF4FE
:104B80000032C348016828312046F1F72AF94FF472
:104B90000032BF480168B0312046F1F722F90CE637
:104BA000BE492046F1F732FDF0B30022B848016853
:104BB00030312046F1F715F90022B5480168B031CF
:104BC0002046F1F70EF90422B1480168A0312046D1
:104BD000F1F707F90822AE480168A8312046F1F73D
:104BE00000F94FF40032AA48016828312046F1F755
:104BF000F8F84FF40032A6480168B0312046F1F7CA
:104C0000F0F84FF44032A2480168F0312046F1F745
:104C1000E8F8A34A9E480168C8312046F1F7E1F858
:104C20004FF440329A4800E00CE00168D031204651
:104C3000F1F7D7F89A4A96480168D8312046F1F73B
:104C4000D0F8BAE597492046F1F7E0FC002862D099
:104C500000228F48016818312046F1F7C2F800227F
:104C60008B48016868312046F1F7BBF8002288487C
:104C70000168B8312046F1F7B4F80422844801688D
:104C8000A0312046F1F7ADF8082281480168A8312B
:104C90002046F1F7A6F84FF480327D4801680831CC
:104CA0002046F1F79EF8804A794801681031204685
:104CB000F1F797F84FF4A02275480168503120466B
:104CC000F1F78FF84FF4A0227148016801F5AC713B
:104CD0002046F1F786F84FF4A0226D480168803134
:104CE0002046F1F77EF86B4A18326948016858315E
:104CF0002046F1F776F8674A121F654801682831A7
:104D00002046F1F76EF8634A614801683831204661
:104D1000F1F767F851E565492046F1F777FCE8B30C
:104D200000225B48016888312046F1F75AF80422D6
:104D300057480168A0312046F1F753F85C4A5448BF
:104D4000016860312046F1F74CF84FF400325048CA
:104D5000016801F59C712046F1F743F8544A7F3A07
:104D60004B48016828312046F1F73BF8504A7F3A1A
:104D70004748016801F5A0712046F1F732F84C4A26
:104D8000603A4348016858312046F1F72AF8484A0A
:104D9000603A3F480168C831204600E012E0F1F770
:104DA00020F8434A603A3A480168D8312046F1F782
:104DB00018F84FF4003236480168D0312046F1F738
:104DC00010F8FAE43B492046F1F720FC002873D0A4
:104DD00000222F48016848312046F1F702F80022EE
:104DE0002B480168B0312046F0F7FBFF002228482D
:104DF0000168E8312046F0F7F4FF8022244801687A
:104E000060312046F0F7EDFF042221480168A0310F
:104E10002046F0F7E6FF264A7F3A1D480168283110
:104E20002046F0F7DEFF4FF4003219480168B03138
:104E30002046F0F7D6FF1E4A15480168603120462B
:104E4000F0F7CFFF4FF4403211480168F0312046AF
:104E5000F0F7C7FF4FF440320D480168503120464B
:104E6000F0F7BFFF4FF440320948016801F5A47123
:104E70002046F0F7B6FF0A4A603205480168603103
:104E80002046F0F7AEFF0A4A7F3A0148016814E075
:104E900094010020080005004C7204088073040887
:104EA00020000300B873040840000100A072040849
:104EB000800002009C7304080CE0D8312046F0F713
:104EC00090FF4FF40032FA480168D8312046F0F7DD
:104ED00088FF72E4F7492046F1F798FBF0B300220F
:104EE000F348016818312046F0F77BFF0022F048B4
:104EF000016878312046F0F774FF0022EC48016821
:104F000001F594712046F0F76CFF4FF48032E848C9
:104F1000016808312046F0F764FFE74AE448016879
:104F200010312046F0F75DFF4FF4A022E048016801
:104F300001F588712046F0F754FF4FF40032DC4849
:104F4000016801F58C712046F0F74BFF4FF4C02249
:104F5000D748016801F59071204600E00BE0F0F7BA
:104F600040FF4FF4E022D248016801F588712046E5
:104F7000F0F737FF21E4D1492046F1F747FB90B322
:104F80000022CB48016818312046F0F72AFF0022A2
:104F9000C7480168E0312046F0F723FF0022C448EB
:104FA000016890312046F0F71CFF0022C0480168DC
:104FB00098312046F0F715FF0422BD480168A03162
:104FC0002046F0F70EFF0822B9480168A8312046B4
:104FD000F0F707FF4FF48022B548016828312046DA
:104FE000F0F7FFFE27E2FFE7B5492046F1F70EFB99
:104FF000C8B30022AE48016818312046F0F7F1FE30
:105000000022AB48016878312046F0F7EAFE002222
:10501000A7480168D0312046F0F7E3FE2022A448DB
:105020000168D8312046F0F7DCFE2022A048016854
:1050300058312046F0F7D5FE04229D480168A03182
:105040002046F0F7CEFE082299480168A831204694
:10505000F0F7C7FE4FF4003295480168D83120467A
:10506000F0F7BFFEDAE3FFE796492046F1F7CEFA04
:10507000F0B300228E48016818312046F0F7B1FEE7
:1050800000228B480168C0312046F0F7AAFE0022BA
:105090008748016890312046F0F7A3FE002284483B
:1050A000016801F598712046F0F79BFE4FF48032BD
:1050B0007F48016808312046F0F793FE7E4A7C481D
:1050C000016810312046F0F78CFE4FF480227848BA
:1050D000016850312046F0F784FE7B4A744801682D
:1050E00028312046F0F77DFE774A1F32704800E0F5
:1050F00005E0016858312046F0F773FE8EE37349EE
:105100002046F1F783FA10B300226948016801F5DF
:1051100080712046F0F765FE4FF400326448016864
:1051200001F580712046F0F75CFE4FF400326048D4
:10513000016801F584712046F0F753FE4FF44032C8
:105140005B480168F0312046F0F74BFE66E36049AA
:105150002046F1F75BFAD0B100225548016801F50D
:1051600080712046F0F73DFE4FF400325048016850
:1051700001F580712046F0F734FE4FF400324C48C0
:10518000016801F584712046F0F72BFE46E3514992
:105190002046F1F73BFAB8B10022454801681831C2
:1051A0002046F0F71EFE002241480168B03120463B
:1051B000F0F717FE4FF400323D48016801F5B47175
:1051C0002046F0F70EFE29E343492046F1F71EFA88
:1051D000E0B300223648016818312046F0F701FE9E
:1051E00000223348016878312046F0F7FAFD0422A6
:1051F0002F480168A0312046F0F7F3FD08222C4823
:105200000168A8312046F0F7ECFD4FF480322848C1
:10521000016808312046F0F7E4FD274A2448016878
:1052200010312046F0F7DDFD2C4A2148016801F5D8
:10523000B8712046F0F7D5FD4FF400221C480168F4
:1052400001F5BC712046F0F7CCFDE7E2FFE7244909
:105250002046F1F7DBF970B10022154801681831DA
:105260002046F0F7BEFD0022114801686831204653
:10527000F0F7B7FDD2E21B492046F1F7C7F940B17C
:1052800000220B48016801F5C8712046F0F7A9FD1E
:10529000C4E215492046F1F7B9F940B100220448AB
:1052A000016801F5C8712046F0F79BFDB6E21DE0EC
:1052B00094010020BCBA03084000010048730408B0
:1052C000BC720408D872040801000400307204089B
:1052D00080C00308F4BF0308D47304080200070069
:1052E00068BA030884BA0308A0BA0308F64920463E
:1052F000F1F78CF9F0B30022F44801682046F0F78A
:1053000070FDF3480078012803D1F0480068783038
:1053100002E0EE4800687030014600222046F0F7B7
:1053200060FD0422E9480168A0312046F0F759FDEC
:105330000822E6480168A8312046F0F752FD4FF4F4
:10534000A022E248016820312046F0F74AFDE14AF8
:10535000DE48016860312046F0F743FD4FF4A0229B
:10536000DA48016850312046F0F73BFD4FF4A022A7
:10537000D64800E026E0016801F502712046F0F70A
:1053800030FDD44A603AD148016858312046F0F7E0
:1053900028FDD04A7F3ACD48016848312046F0F7D1
:1053A00020FDCC4A7C3AC948016830312046F0F7EC
:1053B00018FDC84A783AC548016840312046F0F7E0
:1053C00010FD2BE2C4492046F1F720F9F8B1002284
:1053D000BE48016818312046F0F703FD0022BB48A3
:1053E000016801F504712046F0F7FBFC4FF48032B0
:1053F000B648016808312046F0F7F3FCB74AB348D5
:10540000016810312046F0F7ECFCFFF740B9B449D1
:105410002046F1F7FBF878B10022AC48016848312A
:105420002046F0F7DEFC0022A848016801F508716B
:105430002046F0F7D6FCF1E1AA492046F1F7E6F85C
:1054400068B30022A148016850312046F0F7C9FC3A
:1054500000229E48016801F506712046F0F7C1FC64
:1054600004229A48016828312046F0F7BAFC042249
:105470009648016801F508712046F0F7B2FC202239
:105480009248016801F508712046F0F7AAFC202235
:105490008E48016858312046F0F7A3FCBEE19249DE
:1054A0002046F1F7B3F878B1002288480168183136
:1054B0002046F0F796FC00228448016801F5D0717F
:1054C0002046F0F78EFCA9E188492046F1F79EF8C6
:1054D000B8B100227D48016801F5D8712046F0F787
:1054E00080FC4FF480327948016808312046F0F79B
:1054F00078FC7A4A7548016810312046F0F771FC53
:105500008CE17B492046F1F781F8B8B100226F4861
:10551000016801F5DC712046F0F763FC4FF480323E
:105520006A48016808312046F0F75BFC6B4A67481F
:10553000016810312046F0F754FC6FE16D492046B8
:10554000F1F764F8F0B100226048016801F5D47108
:105550002046F0F746FC20225C48016801F5F07116
:105560002046F0F73EFC21225848016830312046A1
:10557000F0F737FC01225548016830312046F0F73A
:1055800030FC4BE15C492046F1F740F820B95B491B
:105590002046F1F73BF880B100224C48016801F544
:1055A000E4712046F0F71DFC20224848016801F50F
:1055B000F0712046F0F715FC30E151492046F1F733
:1055C00025F8B8B100224148016801F5E071204694
:1055D000F0F707FC4FF480323C4801680831204660
:1055E000F0F7FFFB3D4A3948016810312046F0F7DB
:1055F000F8FB13E143492046F1F708F840B10022D7
:105600003248016801F5EC712046F0F7EAFB05E14C
:105610003D492046F0F7FAFF40B100222B480168CF
:1056200001F5F4712046F0F7DCFBF7E0374920463E
:10563000F0F7ECFF78B100222448016818312046C9
:10564000F0F7CFFB00222148016801F5F8712046F0
:10565000F0F7C7FBD9E62E492046F0F7D7FF40B157
:1056600000221A48016801F500712046F0F7B9FBE5
:10567000D4E028492046F0F7C9FF20B300221348A0
:10568000016818312046F0F7ACFB00220F48016892
:1056900078312046F0F7A5FB04220C480168A031C0
:1056A0002046F0F79EFB082208480168A8312046F2
:1056B000F0F797FB4FF4E0220448016828312046B8
:1056C000F0F78FFBAAE027E0F4BA0308940100206A
:1056D0009801002080000500A4BE030840000100DE
:1056E000DCBE0308C0BE0308F8BE030884BF03087D
:1056F000A0BF030830BF0308D8BF0308BCBF03081E
:1057000014BF03084CBF030868BF030810C0030898
:1057100048C0030864C0030841492046F0F776FFFB
:10572000A8B100223F4801682046F0F75AFB4FF429
:1057300080323C48016808312046F0F752FB3A4A73
:105740003848016810312046F0F74BFB66E03749D6
:105750002046F0F75BFF78B14FF4803231480168A2
:1057600008312046F0F73DFB2F4A2E4801681031E2
:105770002046F0F736FB51E02D492046F0F746FF72
:1057800068B10022274801682046F0F72AFB002272
:105790002448016868312046F0F723FB3EE02549A4
:1057A0002046F0F733FF38B100221E480168C031AF
:1057B0002046F0F716FB31E01F492046F0F726FFA0
:1057C000F8B100221748016801F5CC712046F0F7C6
:1057D00008FB00221348016880312046F0F701FBE6
:1057E0004FF440320F48016850312046F0F7F9FA83
:1057F0004FF440320B48016880312046F0F7F1FA4F
:105800000CE00E492046F0F701FF38B100220548B0
:10581000016801F510712046F0F7E3FA00BFF4E5E6
:10582000B8C003089401002040000100D4C0030860
:105830009CC00308F0C00308D8BA030888BE030858
:105840002DE9F14F88B00898EBF747FA07900898D0
:10585000EBF7A4FA8046CDF8188007980A2856D1AD
:105860004046F1F75CFD04464046F1F739FD054638
:1058700005A94046F1F79AFEBDF914000490BDF960
:105880001690204604EBD0714A100499114491FB04
:10589000F4F161430FFA81FA284605EBD07109EB68
:1058A000610191FBF5F1694309B203910F20029068
:1058B000002721E039464046F1F791FC0646304684
:1058C000F3F746FB01903046F3F765FB0090019833
:1058D000504510D10399009888420CD1B3460698E0
:1058E000C0F824B09BF82400029000221C214046FE
:1058F000EBF75AFA05E07F1C4046F1F78EFCB84200
:10590000D8D800BF40460299F5F730F900BF09B07A
:10591000BDE8F08F0146C843401C01EA0002B2FA1C
:1059200082F0C0F12003581E7047014621B1B1FA40
:1059300081F0C0F1200000E000200246501E7047B8
:10594000044A928912B20280024A128C12B20A8070
:10595000704700003400002010B5084908688047EF
:105960000020DFF741FF012807D14FF6FF70E0F775
:1059700013F800F031F800F073FD10BD3400002082
:1059800010B506484168002088470448808E00F41E
:10599000004008B1012010BD0020FCE734000020C9
:1059A00070B505460C46FFF7EBFF30B108490948D2
:1059B000FFF7C6FF0120A07301E00020A073054897
:1059C000B0F9000020800248B0F90000608070BD8E
:1059D00026010020240100202DE9F04F2DED088B39
:1059E0008BB04FF000080020059000BF4FF6FF700D
:1059F000DFF7D2FF4FF47840EB49096810226423A7
:105A0000CDE900210290A02228210846E3F760FB9F
:105A10004FF478421421084600F088FA0020E34948
:105A20008886BDE1E148416801208847DF48808ED3
:105A300000F44040B0F5804F7ED100200590DB4857
:105A4000808E20F48040D94988860846808906A93E
:105A500021F82800D548008C01EB8801488008F126
:105A6000010000F0FF08B8F1060F13D2DFE808F0DC
:105A7000120313263C514FF6FF721421084600F022
:105A800055FACB490988143988B24FF47842142169
:105A900000F04CFA74E1C6490988143988B24FF60F
:105AA000FF72142100F042FAC1484088143881B2D4
:105AB0004FF47842142000F039FA61E1BC48408884
:105AC000143881B24FF6FF72142000F02FFAB84A52
:105AD0005288143A91B2B64A1288143A90B24FF4EE
:105AE000784200F023FA4BE14FF6FF70DFF754FFE6
:105AF000AF4AB2F8029009EBD9725110AC4AB2F831
:105B000000A00AEBDA7250104FF4784200F00EFA5F
:105B100036E1BDF81C10BDF81800081A04B2BDF833
:105B20002400BDF82010401A06B2BDF82610BDF8BA
:105B30001E00081A05B200E023E1BDF82200BDF8FE
:105B40001A10401A07B2304602F03BFD41EC1A0B26
:105B5000204602F036FD41EC1B0B53EC1A2B02F0F1
:105B6000ABFB41EC180B384602F02BFD41EC1A0B55
:105B7000284602F026FD41EC1B0B53EC1A2B02F0D9
:105B80009BFB41EC190B9FED8B0B53EC102B51EC55
:105B9000180B02F041FD05D251EC180B02F074FB1A
:105BA00041EC180B9FED830B53EC102B51EC190BB0
:105BB00002F032FD05D251EC190B02F065FB41EC0D
:105BC000190B9FED7E0B53EC102B51EC180B02F0D0
:105BD00023FD62D39FED7B0B53EC102B51EC180B84
:105BE00002F054FE59D39FED750B53EC102B51EC82
:105BF000190B02F011FD50D39FED720B53EC102BDB
:105C000051EC190B02F042FE47D30094002C01DB4B
:105C1000009801E000984042B0F5805F3DDA0195C0
:105C2000002D01DB019801E001984042B0F5805F52
:105C300033DA0296002E01DB029801E0029840421E
:105C4000B0F5805F29DA0397002F01DB039801E0AC
:105C500003984042B0F5805F1FDA0494002C01DB0A
:105C6000049801E004984042B8B1B5F1000B01DBA3
:105C7000584601E0CBF1000078B1B6F1000A01DB33
:105C8000504601E0CAF1000038B1B7F1000901DB6C
:105C9000484601E0C9F1000018BB4FF00008444A33
:105CA000B2F8029009EBD9725110414AB2F800A043
:105CB0000AEBDA7250104FF6FF7200F037F94FF42A
:105CC00078421421084600F031F9B0EE491AF0EE9E
:105CD000691AB0EE480AF0EE680A06A800F082F8E9
:105CE0005EE0A01900EE100AF8EEC00A3048008805
:105CF0002838400000EE100AB8EEC00A80EE801A84
:105D00002A4880ED0E1AE81900EE100AF8EEC00AD3
:105D1000274840882838400000EE100AB8EEC00A34
:105D200080EE801A214880ED0F1ABDF8280000B2DD
:105D30001E49A1F84000BDF82A0000B2A1F84200B7
:105D40004FF6FF70DFF728FE1F2020A11022CDE9BB
:105D5000002102901648438802886E212320E3F731
:105D6000B7F94FF47A70D2F7F1F900F079FB4FF6FA
:105D7000FF70DFF711FE0BB0BDEC088BBDE8F08FB4
:105D800000BF0A20D2F7E2F90598401C80B20590C6
:105D90000598B0F57A7F02DD00F004F901E000BF5C
:105DA00040E600BF00BFE6E7BCB8030834000020AF
:105DB0007C040020000000000000000066666666AB
:105DC0006666EE3FCDCCCCCCCCCCF03F546F756347
:105DD000682053637265656E2041646A7573742030
:105DE0004F4B210070B52DED048B88B00546B0EE09
:105DF000408AF0EE608AB0EE419AF0EE619A00249B
:105E000033E035F82430621C3DA103A8CAF74CFBEF
:105E10004FF4784003A91022CDE9002102903A48BE
:105E20004388028804EB8400A02606EB800128202A
:105E3000E3F74EF905EB84004388621C33A103A805
:105E4000CAF732FB4FF4784003A91022CDE90021B4
:105E500002902D484388028804EB840006EB800101
:105E60007820E3F735F9601CC4B2052CC9DB4FF686
:105E7000FF70009024480088401E82B204EB84002A
:105E8000A02303EB800110232820E2F755FB53ECFD
:105E9000182B20A103A8CAF707FB00208DF81300D8
:105EA0004FF4784003A91022CDE900210290164852
:105EB0004388028804EB8400A02606EB800128209A
:105EC000E3F706F953EC192B15A103A8CAF7ECFA6E
:105ED00000208DF813004FF4784003A91022CDE97B
:105EE0000021029008484388028804EB840006EBF6
:105EF00080017820E3F7ECF808B0BDEC048B70BDAE
:105F00007825643A256400007C0400207925643AF1
:105F10002564000070783A25302E326600000000BB
:105F200070793A25302E326600000000F8B504463C
:105F30000D46164604F10D018AB2193988B22B4676
:105F400029460096DFF775FE05F10D0083B219387A
:105F500081B2224620460096DFF76BFE6A1C91B2A2
:105F6000621C90B23246DFF7BBFE6A1C91B2621E21
:105F700090B23246DFF7B4FE6A1E91B2621C90B254
:105F80003246DFF7ADFE6A1E91B2621E90B2324613
:105F9000DFF7A6FE3346062229462046DFF7CCFD72
:105FA000F8BD000070B5084C00250C2221462820C1
:105FB000D0F79EF83420D0F7ADF805460A2D01D170
:105FC000012070BD0020FCE76C00002000B587B008
:105FD0000020894981F84400084690F84400874928
:105FE000897901F001010843834981F8440083481D
:105FF000808847F2967188420FD1DDF791F960B938
:106000007F487D494860084690F8440040F0800091
:1060100081F84400002007B000BD7848808845F230
:106020001051884217D07548808849F60601884289
:1060300011D07248808844F2423188420BD06F48B8
:10604000808844F28431884205D06C48808841F2CF
:10605000180188420DD1DDF763F969486649486047
:10606000084690F8440040F0800081F84400002089
:10607000D1E76248808841F6631188420BD05F48BF
:10608000808847F28401884205D05C48808847F2C6
:106090001601884215D1DBF7DDFC18B9594856497D
:1060A000486004E0DDF73CF95548534948605248E0
:1060B00090F8440040F080004F4981F844000020EF
:1060C000A9E700BF00BF002001904F48006840F0E2
:1060D00002004D4908600846006800F00200019087
:1060E00000BF00BF00BF00BF00BF002001900846F6
:1060F000006840F0040008600846006800F00400F2
:10610000019000BF00BF00BF00BF00BF0020019092
:106110000846006840F0020008600846006800F089
:106120000200019000BF00BF00BF00BF00BF002001
:1061300001900846006840F02000086008460068AA
:1061400000F02000019000BF00BF00BF00BF00BFF3
:10615000002001900846006840F0020008600846F0
:10616000006800F00200019000BF00BF00BF0220E5
:10617000029000200390012004900320059002A9C2
:106180002248CBF7C1FC0420029002A91F48CBF79C
:10619000BBFC4FF4006002900120039004900320A8
:1061A000059002A91A48CBF7AFFC0120029002A982
:1061B0001648CBF7A9FC4FF40050029002A91548ED
:1061C000CBF7A2FC0C492031A1F1140000F0CEF86D
:1061D000CFF78AFFFFF7E6FE08B100201BE74FF676
:1061E000FF70DFF7D9FBFFF7F7FB00F039F9FFF796
:1061F000D9FE01200FE70000340000207C040020BD
:1062000009350108F91B010830380240000402403A
:10621000001402400008024070B506460025002424
:1062200000BF002201213048CBF782FD00BF00BF34
:1062300000224FF400612D48CBF77AFD00BF00BF6C
:1062400000224FF400512A48CBF772FD00BF3046C0
:1062500000F0AAF90620D1F785FF00BF0022012136
:106260002148CBF765FD00BF0120D1F77BFF00BFC0
:10627000012211461C48CBF75BFD00BF0120D1F77E
:1062800071FF00BF002201211748CBF751FD00BF6D
:1062900000BF1DE04FF6FF7000EA440400BF00227B
:1062A00001211148CBF744FD00BF0120D1F75AFF6F
:1062B00000BF012211460C48CBF73AFD00BF042174
:1062C0000948CBF723FD08B1601C84B2681CC5B235
:1062D000102DDFDB241100BF012251030448CBF74E
:1062E00027FD00BF204670BD00040240001402409C
:1062F000000802402DE9FE4380460027002406E006
:106300004046FFF789FF2DF81400601C84B2052C6D
:10631000F6DB002416E0601C85B20FE03DF81400A7
:106320003DF81510884207DD3DF814603DF8150072
:106330002DF814002DF81560681C85B2052DEDDBD5
:10634000601C84B2042CE6DB0027012405E03DF844
:106350001400384487B2601C84B2042CF7DB03209D
:1063600097FBF0F086B23046BDE8FE832DE9F041A0
:1063700006460F460D4890F8440000F0010040B179
:106380009020FFF7B7FF0546D020FFF7B3FF044684
:1063900007E0D020FFF7AEFF05469020FFF7AAFFE9
:1063A000044635803C80BDE8F081000034000020C8
:1063B0007FB504460D4602A903A8FFF7D7FF69463B
:1063C00001A8FFF7D3FFBDF80400BDF80C10884208
:1063D00006DCBDF80C10BDF80400323081420CDB45
:1063E000BDF80C00BDF80410884237DCBDF804107D
:1063F000BDF80C003230814230DABDF80000BDF843
:106400000810884206DCBDF80810BDF800003230E4
:1064100081420CDBBDF80800BDF8001088421DDC8D
:10642000BDF80010BDF808003230814216DABDF820
:106430000C10BDF80420881800EBD071C1F34F0197
:106440002180BDF80810BDF80020881800EBD0713D
:10645000C1F34F012980012004B070BD0020FBE78B
:1064600010B5054C0C2221462820CFF77CFE0A21CE
:106470003420CFF78AFE10BD6C00002010B5044612
:1064800002214648CBF742FC002866D12CB1444992
:10649000A1F11400FFF78CFF4EE04149A1F1140077
:1064A000FFF786FFF0B33E49203989893C4A203AFC
:1064B000B2F84020891A09B200EE101AB8EEC00AEC
:1064C0003749203991ED0E1AC0EE010A3549088886
:1064D00000EBD071491000EE101AB8EEC00A30EE91
:1064E000800ABCEEC00A10EE101A2D4A203A9181A3
:1064F0001146098CB2F84220891A09B200EE101A2E
:10650000B8EEC00A2649203991ED0F1AC0EE010AF3
:106510002449488800EBD071491000EE101AB8EEFB
:10652000C00A00E008E030EE800ABCEEC00A10EEBF
:10653000101A1B4A203A118419482038808E00F422
:10654000004020BB4FF4404015492039888608465A
:106550008189C183018C418619E011482038808EE1
:1065600000F4004040B10E482038808E20F40040F6
:106570000B49203988860AE0002109482038C18368
:1065800041864FF6FF700649203988810884044807
:10659000203890F83400002010BD000000040240B4
:1065A000540000207C04002070B50446002500BF84
:1065B00026E004F0800030B100BF0122D102124871
:1065C000CBF7B6FB07E000BF00224FF400610E4896
:1065D000CBF7AEFB00BF6006040E00BF0022012116
:1065E0000A48CBF7A5FB00BF0120D1F7BBFD00BFD8
:1065F000012211460548CBF79BFB00BF681CC5B2C2
:10660000082DD6DB70BD00000014024000040240DB
:106610002DE9F04786B080460D464446276800269F
:10662000D7E0F86800EBC6004068C0F3406040B1B6
:10663000F86800EBC600406820F07F40A1688842FF
:1066400000D0C5E0A08847284AD00EDC34281ED0F0
:1066500006DC20283FD030283ED033287CD115E0FE
:106660003B283CD0442877D138E0682810D004DC9F
:1066700063281ED067286FD112E0A0F2574060B3A4
:10668000A0F580500238002866D10AE000BF00BFA4
:10669000FF2D02DAE068059001E0206905906CE0CA
:1066A00000BFFF2D02DAE068059001E02069059047
:1066B00063E0E06810B9206905900BE0206910B92B
:1066C000E068059006E0802D02DAE068059001E0C0
:1066D0002069059051E000BF00BF00BF00BF00BFB0
:1066E000002D03DCA089ADF8140033E0FF2D03DB9F
:1066F000208AADF814002DE021690191E168E8B22B
:10670000029100F1040C4FEAEC00BDF808C04CEA1D
:106710000C4CDFF8D4A00CEA0A01BDF804C04CEA26
:106720000C4C0CEA0A02A2EB010C0CFB00FC01EB86
:106730005C1C0CEA0A0343EA134C1FFA8CFCCDF8EC
:1067400000C0BDF800A0D446CDF80CC0BDF80C00C8
:10675000ADF8140011E0FFE715B9E06805900BE013
:10676000FF2D02D12069059006E0D4E90310401AFC
:10677000684301EB2020059000BF00BF4FF00109E6
:10678000FA6852F83600A18804AAF6F75FFA78B1E1
:10679000DDE9041088420BD1BDF81400BDF81010DB
:1067A000884205D1DDE90410884201D14FF000098B
:1067B000FA6852F83600A188059AF6F7AEFDB9F1ED
:1067C000000F04D0A288A1682068F3F777FD06E0E7
:1067D000761C788CC0F3C500B0423FF622AF00BFF4
:1067E00006B0BDE8F08700001FF8E0072DE9F05F74
:1067F0008146D9F800402568B4F804A04FF0000B9A
:106800002D48CDF7DCFF064615E0A6420ED03068D5
:10681000216888420AD1B068A168884206D1B08850
:10682000A188884202D14FF0010B06E03146224890
:10683000CDF7DDFF0646002EE7D100BFBBF1000F0C
:1068400038D100272FE0E86800EBC7004068C0F3AC
:10685000406038B3E86800EBC700406820F07F4034
:10686000A16888421ED121461348CEF727F820465A
:10687000EEF768FCE86800EBC7085146D8F800005E
:10688000F6F720FBE96851F83700F6F766FA40B1F1
:10689000D8F8040020F07F422846D8F80010F3F71B
:1068A000B6FD05E07F1C688CC0F3C500B842CAD8AD
:1068B00000BF00BFBDE8F09FF4C500202DE9F04106
:1068C00005462C68A068F4F7ECFB8046A288414698
:1068D0002068F2F70DF9E060A6880020A08023462A
:1068E00032464146206800F00DF8A680A168206875
:1068F000DCF755FB0746A1883868E268F6F70DFD1E
:10690000BDE8F0812DE9F05F05460E4690469A46B7
:106910004FF0000B2848CDF777FF044646E054457A
:1069200000D145E021462448CDF768FF8146206824
:10693000A8423AD1A068B04202D0B6F5702F34D147
:10694000A088404503D04FF6FF7080452DD1002729
:1069500025E0E86800EBC7004068C0F34060E8B19C
:10696000B6F5702F07D0E86800EBC700406820F04C
:106970007F40B04212D1EA6852F83700A188F6F79A
:10698000A1FA00212046E2F745FF21460A48CDF74B
:1069900095FF2046EEF7D6FB4FF0010B7F1C688C6D
:1069A000C0F3C500B842D4D800BF4C46002CB6D1C5
:1069B00000BF5846BDE8F09FF4C50020024610888D
:1069C0000B88C01A70472DE9F14F86B0ECF78CFBAD
:1069D0008346BBF1000F02D107B0BDE8F08F0698E7
:1069E000EAF77BF906460698EAF7D8F98046444666
:1069F0005020005DC0F3400000B9EDE75846ECF7C9
:106A0000C8FB022804D05846ECF7C3FB042800D189
:106A1000E2E704A9606AF0F7A1FC03A95846ECF785
:106A20007DFB02A95846ECF7BBFBBDF90C00002822
:106A300003DBBDF90E00002800DACDE7BDF80C003D
:106A4000BDF81010401A00B2ADF80400BDF80E00F9
:106A5000BDF81210401A00B2ADF80600606AF2F7F5
:106A60006EFA8246656ABDF90400002803DA002741
:106A70004FF0010913E0BDF90400504504DB47F66F
:106A8000FF774FF001090AE001A9606AEDF728F8E5
:106A900087B201A9606AEDF7B7FA80F0010994F8AE
:106AA0005C00C0F3400010B394F85C0000F00100FB
:106AB000A8B9B9F1000F12D1012E10D167654FF6B8
:106AC000FF70A06594F85C0020F00100401C84F881
:106AD0005C004FF440714046EFF752FE16E094F828
:106AE0005C0000F0010018B1022E01D1A7650DE095
:106AF00094F85C0000F0010040B1032E01D0082E94
:106B000004D14FF440714046EFF71EF994F85C0051
:106B100000F0010008B9012E03D139464046F7F7CD
:106B2000FDFC94F85C0000F00100E8B3D4E9150125
:106B300088420FD9E86BA16D884203D1286C616D42
:106B400088422AD0A06DE863606D28644046F2F761
:106B5000F0FD22E0D4E9150188420FD2E86B616DA7
:106B6000884203D1286CA16D884216D0606DE8631D
:106B7000A06D28644046F2F7DCFD0EE04FF6FF7191
:106B8000E86B884202D1286C884206D04FF6FF702D
:106B9000E86328644046F2F7CCFD032E01D0082EAE
:106BA00007D194F85C0000E003E020F0010084F8D5
:106BB0005C0000BF10E7000010B5044609480A4910
:106BC00008600846446000218160C1600161816104
:106BD0000C214161CBF7A2FF012204490248CCF706
:106BE0003DF810BD00100140E80300201A0000200D
:106BF00001460A69D1E901309860D1E90103586082
:106C00005068884201D1886850600020086110688F
:106C1000401E10601068704700F1080141604FF09D
:106C2000FF31816000F10801C16001610021016054
:106C3000704700210161704710B502460B685C1C6B
:106C40000CB9106907E002F1080000E040684468F0
:106C500024689C42FAD944684C604C68A160886002
:106C600041600A611468641C146010BD42684A6087
:106C700093688B60936859609160086103685B1C3E
:106C80000360704710B500BF502080F31188BFF338
:106C90004F8FBFF36F8F00BF0B480068401C0A493D
:106CA00008600846006801280DD108480068C0B295
:106CB00008B9012000E0002028B94FF4DB7204A1DC
:106CC00012A0C9F7E5FB10BD1401002004ED00E09F
:106CD0002E2E5C2E2E5C4D6964646C657761726546
:106CE000735C4672656552544F535C706F72746189
:106CF000626C655C525644535C41524D5F434D3467
:106D0000465C706F72742E63000000004572726FF3
:106D1000723A2025732C2025640D0A0010B50B480B
:106D2000006828B940F2BD1209A118A0C9F7B0FB4C
:106D300006480068401E054908600846006820B9FA
:106D4000002080F3118800BF00BF10BD1401002097
:106D50002E2E5C2E2E5C4D6964646C6577617265C5
:106D6000735C4672656552544F535C706F72746108
:106D7000626C655C525644535C41524D5F434D34E6
:106D8000465C706F72742E63000000004572726F73
:106D9000723A2025732C2025640D0A0070B5064632
:106DA0003546002E3AD0083D2C461D4960680968DA
:106DB000084008B1012000E0002028B94FF4927289
:106DC00018A126A0C9F764FB206808B9012000E0DB
:106DD000002028B940F2251212A120A0C9F758FBC3
:106DE0000F49606809680840C0B12068B0B90C4913
:106DF000606809688843606000F07CFA1B4960683D
:106E000009680844194908602046F9F7F3FD184855
:106E10000068401C1649086001F0ECF870BD0000E5
:106E2000100100202E2E5C2E2E5C4D6964646C6572
:106E300077617265735C4672656552544F535C703E
:106E40006F727461626C655C4D656D4D616E675CFF
:106E5000686561705F342E63000000004572726FD8
:106E6000723A2025732C2025640D0A0000010020B1
:106E70000C01002000204FF0E021086188610648E5
:106E800000684FF47A71B0FBF1F0401E4FF0E02142
:106E90004861072008617047000000202DE9F0419B
:106EA00006460F462EB940F6C82211A119A0C9F70F
:106EB000EFFA0025BFB1002412E01A4800EBC4002D
:106EC0004068B04203D1174800EBC4050AE035B969
:106ED000144850F8340010B9124800EBC405641C83
:106EE000082CEAD300BF0DB12F606E60BDE8F081C1
:106EF0002E2E5C2E2E5C4D6964646C657761726524
:106F0000735C4672656552544F535C717565756567
:106F10002E6300004572726F723A2025732C202573
:106F2000640D0A00005A00202DE9F04105460E4686
:106F300017462C46FFF7A6FE94F94400401C10B9F2
:106F4000002084F8440094F94500401C10B900204A
:106F500084F84500FFF7E2FEA06B28B93A463146B7
:106F600004F1240000F01EF92046F9F7D6FFBDE831
:106F7000F081000070B504460025ACB10F480068F0
:106F800008B9012000E0002028B940F249520CA1C4
:106F900014A0C9F77DFA00F0ADF900212046F9F7F9
:106FA00065FA01F027F805463DB94FF080501149C8
:106FB0000860BFF34F8FBFF36F8F70BDDC00002000
:106FC0002E2E5C2E2E5C4D6964646C657761726553
:106FD000735C4672656552544F535C7461736B7396
:106FE0002E6300004572726F723A2025732C2025A3
:106FF000640D0A0004ED00E070B50546FFF742FE9F
:1070000015B92F48006800E028460446201DFFF708
:10701000EFFD78B9E06A00EB80002A4951F82000C2
:1070200040B994F82C100120884027490968814311
:1070300025480160A06A18B104F11800FFF7D8FDD7
:1070400022480068401C214908601D4800688442AD
:1070500009D1211D1E48FFF709FE1E480068401C8B
:107060001C49086006E01C480068401E1A49086078
:10707000F9F7B6FEFFF752FE11480068844202D0CD
:107080002046F9F779FB15480068C0B10C48006844
:10709000844214D11248006808B9012000E00020A1
:1070A00028B940F2DC420FA117A0C9F7F1F94FF05F
:1070B000805019490860BFF34F8FBFF36F8F70BDC9
:1070C000A0000020405A0020B8000020CC00002082
:1070D000FC5C0020AC000020B0000020BC000020C0
:1070E000DC0000202E2E5C2E2E5C4D6964646C65E5
:1070F00077617265735C4672656552544F535C7478
:1071000061736B732E6300004572726F723A2025B3
:10711000732C2025640D0A0004ED00E00349096882
:10712000016003490968416070470000C800002001
:10713000B40000200120014908607047C40000200D
:1071400070B504460D462CB940F61C4207A110A0AC
:10715000C9F79EF91248016818312046FFF76CFD07
:1071600001212846F9F782F970BD00002E2E5C2E11
:107170002E5C4D6964646C6577617265735C467200
:10718000656552544F535C7461736B732E630000DA
:107190004572726F723A2025732C2025640D0A0007
:1071A000A000002070B504460E4615462CB940F6E6
:1071B000524211A119A0C9F76BF960681B4909680F
:1071C000C8611A49826809680A6218490968183151
:1071D000826851601549096818318160134909684E
:1071E0008C622168491C21600DB14FF0FF362946A1
:1071F0003046F9F73BF970BD2E2E5C2E2E5C4D69A2
:1072000064646C6577617265735C4672656552543F
:107210004F535C7461736B732E6300004572726F21
:10722000723A2025732C2025640D0A00A00000204E
:107230001CB51B4800210B468022CDE9001019A186
:107240001A4800F06FFC0446012C02D100F0A2FFA6
:107250000446012C15D100BF502080F31188BFF3E4
:107260004F8FBFF36F8F00BF4FF0FF3010490860A2
:1072700001201049086000200F49086000F076F9ED
:107280000BE0601C08B1012000E0002028B94FF499
:1072900004620AA112A0C9F7FBF8154800681CBDDA
:1072A000D400002049444C45000000003108030888
:1072B000D0000020BC000020B40000202E2E5C2E48
:1072C0002E5C4D6964646C6577617265735C4672AF
:1072D000656552544F535C7461736B732E63000089
:1072E0004572726F723A2025732C2025640D0A00B6
:1072F000D800002002480068401C0149086070471F
:10730000DC00002010B51B48006818B101201A49A4
:1073100008602DE000201849086018480068B0FA9D
:1073200080F0C0F11F0404EB8400154951F82000DF
:1073300008B1012000E0002028B940F6024211A166
:1073400019A0C9F7A5F804EB84010D4A02EB8100EE
:1073500041684968416000F1080142688A4202D1EF
:107360004168496841604168C968134A116000BFBB
:1073700010BD0000DC000020C4000020B800002088
:10738000405A00202E2E5C2E2E5C4D6964646C6584
:1073900077617265735C4672656552544F535C74D5
:1073A00061736B732E6300004572726F723A202511
:1073B000732C2025640D0A00A00000202DE9F04167
:1073C00005462846E9F7EAFC06463046F0F76CF831
:1073D00007463846E4F798FA044601213046EFF7AD
:1073E000FEFE804694F90200401E054951F8203007
:1073F000228804A14046EDF701FBBDE8F0810000C2
:10740000D001002025642025730000002DE9F047FD
:1074100005462846E9F7C2FC06463046F0F744F830
:1074200007463846E4F770FA044600213046EFF785
:10743000D6FE8046208840F2E772101A81B240469C
:10744000E9F711FC01213046EFF7C9FE814694F9B6
:107450000200401E81B24846E9F705FCBDE8F0870E
:107460002DE9F843814600BF00BF4C46B4F92E0019
:1074700010F5004F01D1BDE8F883A08D07B2A08DB3
:10748000618D884203DAA08D00F5B47007B294F8DC
:107490003400C0F3410000284FD0012802D0022858
:1074A0005CD139E0618DC81900EBD07149100EB282
:1074B000B4F93010B4F93220881800EBD0714910BB
:1074C0000FFA81F8B4F92E00404512DA0096638D68
:1074D000B4F93010B4F92E004246EDF751FD05B273
:1074E000A9B24846E2F795FFB1B24846E2F740FF3D
:1074F00011E00097B4F93220B4F92E00334641462A
:10750000EDF73EFD05B2B1B24846E2F782FFA9B2FF
:107510004846E2F72DFF24E00097638DB4F932204E
:10752000B4F93010B4F92E00EDF72AFD05B2A28DA2
:10753000A9B24846E2F780FE13E00097638DB4F9E4
:107540003220B4F93010B4F92E00EDF719FD05B270
:10755000AAB2618D4846E2F76FFE02E000BF00BFAD
:1075600089E700BFA58700BF85E700001CB550482C
:1075700000685049884201D0012000E0002028B96D
:1075800040F243124CA15BA0C8F782FF4848006854
:107590004849491E884201D0012000E0002028B956
:1075A0004FF4A27244A153A0C8F772FF554C204675
:1075B00000780190FF20214608700846007800906E
:1075C0009DF8000000F0F0009DF80010884201D105
:1075D000012000E0002028B940F25D1236A145A04C
:1075E000C8F756FF9DF8000000F0500046490870AB
:1075F00007204649086009E044480068401E4349A6
:1076000008609DF800004006000E00909DF8000004
:1076100000F080008028EFD03C480068C0F10700EF
:10762000042801D1012000E0002028B940F27112A5
:1076300021A130A0C8F72CFF34480068C0F1070032
:10764000042801D1012000E0002028B94FF4BD72C8
:1076500019A128A0C8F71CFF2C48006800022B497C
:1076600008600846008800F4E06008602549019839
:1076700008700F482030006840F470000C49203139
:1076800008600846006840F070400860FFF7F2FBB1
:1076900000201F490860C8F721FE1E48006840F01E
:1076A00040401C490860C8F705FE00201CBD0000D2
:1076B00000ED00E071C20F412E2E5C2E2E5C4D6954
:1076C00064646C6577617265735C4672656552547B
:1076D0004F535C706F727461626C655C52564453B8
:1076E0005C41524D5F434D34465C706F72742E6343
:1076F000000000004572726F723A2025732C20251D
:10770000640D0A0000E400E0180100201C010020C4
:107710001401002034EF00E010B500BF502080F3CA
:107720001188BFF34F8FBFF36F8F00BF00F040FA97
:1077300018B14FF080500449086000BF002080F36A
:10774000118800BF10BD000004ED00E02DE9F843F2
:1077500005460E4617460024E5B1601EB0FBF5F065
:10776000B04217D305FB06F010F1550F12D805FBF8
:1077700006F909F15400F9F719FC04468CB1A0464A
:1077800008F154083B464246314628460094F9F732
:1077900063F806E02CB94FF4E37203A10BA0C8F71D
:1077A00077FE2046BDE8F8832E2E5C2E2E5C4D69B8
:1077B00064646C6577617265735C4672656552548A
:1077C0004F535C71756575652E6300004572726F6D
:1077D000723A2025732C2025640D0A002DE9F04112
:1077E00005460E4601272C462CB94FF488722CA171
:1077F00034A0C8F74DFE002C42D0E06B00283FD0EB
:107800004FF0FF31E06BB1FBF0F0216C884237D3D1
:10781000FFF738FAD4E90F12206801FB0200A060DC
:107820000020A06320686060E06B401E226C21682D
:1078300000FB0211E160FF2084F8440084F8450059
:107840009EB9206908B9012000E00020A8B904F120
:10785000100000F029FB80B14FF080501D490860F6
:10786000BFF34F8FBFF36F8F07E004F11000FFF7F6
:10787000D3F904F12400FFF7CFF9FFF74FFA00E046
:1078800000270FB1012000E0002028B940F2451286
:1078900003A10CA0C8F7FCFD3846BDE8F08100004C
:1078A0002E2E5C2E2E5C4D6964646C65776172656A
:1078B000735C4672656552544F535C7175657565AE
:1078C0002E6300004572726F723A2025732C2025BA
:1078D000640D0A0004ED00E02DE9F74183B0054690
:1078E0000E464FF000082C462CB940F251524CA1E4
:1078F00054A0C8F7CDFD0EB9206C08B9012000E0F6
:10790000002028B940F2555245A14EA0C8F7C0FD4D
:1079100000F038F908B9059808B9012000E0002006
:1079200028B940F25A523EA146A0C8F7B1FD00BFA7
:10793000FFF7A8F9A76BF7B131462046F8F7C8FE64
:10794000781EA063206908B9012000E0002060B91A
:1079500004F1100000F0A8FA38B14FF080503D4912
:107960000860BFF34F8FBFF36F8FFFF7D7F9012088
:1079700006B0BDE8F081059818B9FFF7CFF90020EF
:10798000F6E7B8F1000F04D101A8FFF7C7FB4FF0ED
:107990000108FFF7C3F9FFF7ADFCFFF773F994F99E
:1079A0004400401C10B9002084F8440094F94500BC
:1079B000401C10B9002084F84500FFF7AFF905A975
:1079C00001A800F049F8F0B92046F9F773F8A0B122
:1079D00004F124000599FFF7B3FB2046F9F79DFA5F
:1079E00000F008FB0028A3D14FF08050194908602F
:1079F000BFF34F8FBFF36F8F9AE72046F9F78DFAE9
:107A000000F0F8FA94E72046F9F787FA00F0F2FA66
:107A10002046F9F74FF800288AD00020A8E7000098
:107A20002E2E5C2E2E5C4D6964646C6577617265E8
:107A3000735C4672656552544F535C71756575652C
:107A40002E6300004572726F723A2025732C202538
:107A5000640D0A0004ED00E070B506460C462EB930
:107A600040F6FD421FA128A0C8F712FD2CB940F630
:107A7000FE421CA124A0C8F70BFDFFF703F926481E
:107A800002687068131A2548006890F8590030B1F0
:107A900000202249096881F8590001251EE020686C
:107AA000401C08B9002519E01D4930680968884262
:107AB00006D07068904203D80125002020600DE0B8
:107AC0002068984207D92068C01A20603046FFF726
:107AD00025FB002502E0002020600125FFF71EF9AC
:107AE000284670BD2E2E5C2E2E5C4D6964646C653C
:107AF00077617265735C4672656552544F535C746E
:107B000061736B732E6300004572726F723A2025A9
:107B1000732C2025640D0A00B4000020A000002072
:107B2000C80000202DE9FF4F85B0804689461746E2
:107B3000DDE912ABB800F9F739FA064656B15C2018
:107B4000F9F734FA04460CB1266304E03046FFF737
:107B500025F900E000247CB10020CDE900ABCDE99F
:107B600002403A4649464046089BF8F78DFE2046BB
:107B7000F8F7E2FC012501E04FF0FF35284609B097
:107B8000BDE8F08F0549096809B9012005E00449FD
:107B9000096809B9022000E000207047BC000020FD
:107BA000DC0000200149086870470000B400002094
:107BB0002DE9F0414FF000085F48006800287DD1B2
:107BC0005E480068451C5D480560002D1DD15C487D
:107BD0000068006808B9012000E0002028B940F6DC
:107BE000C72258A160A0C8F753FC554807686248EF
:107BF0000068534908606048076060480068401C9E
:107C00005E490860F9F7ECF800BF5D4800688542FE
:107C100077D300BF4A480068006808B9012000E037
:107C2000002020B14FF0FF305549086068E044481B
:107C30000068C068C4686668B54202D250480660F1
:107C40005EE06069D4E902128A60D4E902214A60E8
:107C5000211D42688A4201D1E168416000226261CF
:107C60000168491E0160A06A98B1A06AD4E90712B0
:107C70008A60D4E907214A6004F1180142688A4207
:107C800001D1216A41600022A2620168491E01609F
:107C900000BF94F82C10012088403A490968084335
:107CA00038490860E16A01EB8101374A02EB810142
:107CB0004868A0608268E260211D00E033E08268CD
:107CC00051608160E16A01EB81012F4A02EB810280
:107CD0006261E16A01EB81012B4A52F82110491CD3
:107CE000E26A02EB8202284B43F822102749E06A3D
:107CF0000968C96A88428DD34FF001088AE700E01D
:107D000000BF22480068C06A00EB80001E4951F89D
:107D10002000012801D94FF001081D48006808B172
:107D20004FF0010804E01B480068401C1949086036
:107D30004046BDE8F0810000DC000020B4000020D7
:107D4000A40000202E2E5C2E2E5C4D6964646C65B0
:107D500077617265735C4672656552544F535C740B
:107D600061736B732E6300004572726F723A202547
:107D7000732C2025640D0A00A8000020C8000020F4
:107D8000D0000020B8000020405A0020A0000020B1
:107D9000C4000020C000002070B505462C46002617
:107DA000002D5ED030480068844201D1012000E0FF
:107DB000002028B941F24F022CA135A0C8F768FB7A
:107DC000206D28B941F2500228A131A0C8F760FB0C
:107DD000206D401E2065E16CE06A884241D0206D34
:107DE00000283ED1201DFEF703FF40B994F82C1067
:107DF000012088402A490968814329480160E06CD4
:107E0000E062E06AC0F12000A06194F82C1001202B
:107E1000884023490968084321490860E16A01EB69
:107E20008101204A02EB81014868A0608268E2601B
:107E3000211D826851608160E16A01EB8101194A6C
:107E400002EB81026261E16A01EB8101154A52F89D
:107E50002110491CE26A02EB8202124B43F8221005
:107E60000126304670BD0000A00000202E2E5C2EA2
:107E70002E5C4D6964646C6577617265735C4672F3
:107E8000656552544F535C7461736B732E630000CD
:107E90004572726F723A2025732C2025640D0A00FA
:107EA000B8000020405A002070B50646F068C4684B
:107EB0002CB940F682423CA144A0C8F7E9FAA06A76
:107EC000D4E907128A60D4E907214A6004F1180155
:107ED00042688A4201D1216A41600022A26201689F
:107EE000491E01603D48006800283DD16069D4E921
:107EF00002128A60D4E902214A60211D42688A4246
:107F000001D1E1684160002262610168491E01609F
:107F100094F82C1001208840314909680843304901
:107F20000860E16A01EB81012E4A02EB8101486899
:107F3000A0608268E260211D826851608160E16A10
:107F400001EB8101274A02EB81026261E16A01EBE8
:107F50008101244A52F82110491CE26A02EB820294
:107F6000204B43F8221010E01F494868E061826806
:107F7000226204F118018268516081601A4AA2628B
:107F800011460968491C116000BF1849E06A096878
:107F9000C96A884204D9012501201549086000E01A
:107FA0000025284670BD00002E2E5C2E2E5C4D69EB
:107FB00064646C6577617265735C46726565525482
:107FC0004F535C7461736B732E6300004572726F64
:107FD000723A2025732C2025640D0A00DC00002055
:107FE000B8000020405A0020E85C0020A0000020DB
:107FF000C400002070B5002400265048006828B94D
:1080000040F6B3024EA157A0C8F742FAFEF73AFE77
:108010004A480068401E4949086008460068002830
:108020007ED15448006800287AD05BE05248C0688E
:10803000C468A06AD4E907128A60D4E907214A60BB
:1080400004F1180142688A4201D1216A416000228C
:10805000A2620168491E01606069D4E902128A6067
:10806000D4E902214A60211D42688A4201D1E168B7
:108070004160002262610168491E016094F82C1081
:10808000012088403D49096808433C490860E16A8D
:1080900001EB81013A4A02EB81014868A0608268E5
:1080A000E260211D826851608160E16A01EB81011B
:1080B000334A02EB81026261E16A01EB8101304ADD
:1080C00052F82110491CE26A02EB82022C4B43F861
:1080D00022102C49E06A0968C96A884202D301204B
:1080E000294908602448006808B9012000E0002000
:1080F00000289BD00CB1F8F773FE2448056865B1E1
:1081000000BFFFF755FD10B101201F4908606D1E2B
:10811000002DF6D100201D4908601B48006800E0D2
:1081200008E038B10126300719490860BFF34F8FC6
:10813000BFF36F8FFEF7F2FD304670BDDC0000200C
:108140002E2E5C2E2E5C4D6964646C6577617265C1
:10815000735C4672656552544F535C7461736B7304
:108160002E6300004572726F723A2025732C202511
:10817000640D0A00B0000020E85C0020B800002078
:10818000405A0020A0000020C4000020C0000020B1
:1081900004ED00E01CB50024F8F744FA0B48006831
:1081A00058B10B481F2100234FF48072CDE9001015
:1081B00008A10A48FFF7B6FC04462CB940F2191290
:1081C00007A110A0C8F764F920461CBDE8000020F4
:1081D000EC000020546D722053766300010F0308F9
:1081E0002E2E5C2E2E5C4D6964646C657761726521
:1081F000735C4672656552544F535C74696D657269
:10820000732E63004572726F723A2025732C2025FD
:10821000640D0A002DE9F84304462046E8F7BEFD48
:1082200007462046E8F7BDFD80463846E8F78AFA5B
:1082300005464046E3F768FB06463068009040F28A
:10824000E770401B80B2ADF800009DF90220BDF838
:1082500000104046E3F760FBBDE8F88310B5002945
:108260000AD00878002807D005487844C8F792FB60
:10827000002801D0002010BD0248784410BD000045
:1082800032F800002AF8000081F00041704780F0C9
:108290000040704721F00041704720F000407047D7
:1082A000491058BFC1F140415B1058BFC3F1404372
:1082B0008B42EFF3008070472DE9C04130B4DFF806
:1082C000A0C23CEA111418BF3CEA131400F0EC8081
:1082D00081EA03051CEA111444EAD57418BF1CEAAC
:1082E000131500F0C780A4EB05044FF0004545EAE4
:1082F000C12145EAC32341EA505143EA525304F1F4
:108300007F74994204F500344FEAC0204FEAC2223C
:1083100008BF904200F09C804FEA13650FF24016B0
:10832000765D4FEA134506FB05F7C7F1807706FB3C
:1083300007F74FEAD737A7FB03687642C8F58038BE
:10834000A7FB06CE38BFA8F1010807FB08E64FF0EF
:10835000000EA6FB028CE6FB03CEDCF1000CCEF196
:10836000004E38BFAEF1010EA6FB0C584FF00007CF
:108370004FF00005E6FB0E87A1FB08C6A0FB07CE69
:1083800016EB0E0645F10005E1FB076515F1E04E21
:108390007EBFA4F580345FEA46066D4116F1800782
:1083A00045F100054FEA17274FEA066647EA0567D9
:1083B000A6F1DE46B6F1805F4FEA15251FD9384693
:1083C00024F0010C05EBC471BCF1FE6F01EB0C1144
:1083D00002D8F0BCBDE8008124425CBF01F5801EDC
:1083E0009EEAC47F02D4F0BCBDE80081244238D4A8
:1083F000F0BCA1F1C041BDE8004100F041BA4FEA34
:10840000D22242EA43524FEAD323A7FB02864FEA25
:10841000D02040EA415007FB03661EEA0E0F4FEAE8
:10842000D12105FB026658BFA6EB0056B6EB0056FD
:108430004FEA520E4EEAC37E18EB0E0E56EB530E69
:10844000BDD518EB02085E417F1C55F10005B6E76B
:108450004FF480154FF000074FF000064FF0000872
:10846000ADE7F0BC4FF0000001F1C04101F0004168
:10847000BDE8008111EA0C1F0CEA131500D00CE0D6
:1084800013EA0C1F00F025804FF00000F0BC81EAD9
:10849000030101F00041BDE80081F0BCBDE80041EE
:1084A00081EA030100F0ECB9F0BCBDE8004170B511
:1084B00000F098F9097EFC3E00F007B881EA03015C
:1084C0004FF0000001F00041704781EA030100F025
:1084D000D7B9F0BCBDE800414FF00000214970471A
:1084E000FFFDFBF9F7F5F4F2F0EEEDEBE9E8E6E479
:1084F000E3E1E0DEDDDBDAD8D7D5D4D3D1D0CFCD00
:10850000CCCBCAC8C7C6C5C4C2C1C0BFBEBDBCBB38
:10851000BAB9B8B7B6B5B4B3B2B1B0AFAEADACAB33
:10852000AAA9A8A8A7A6A5A4A3A3A2A1A09F9F9E0D
:108530009D9C9C9B9A9999989797969595949393BF
:10854000929191908F8F8E8E8D8C8C8B8B8A898956
:1085500088888787868585848483838282818180D9
:108560000000FF070000F87F4FEA1153A3F5806376
:10857000D3F11E03A8BFD3F1200C08DB4FF000425B
:1085800042EAC12252EA505232FA03F070470942DD
:108590000BD4102BC4BF0020704703F5787CBCF1CE
:1085A000FF3F05D04FF0FF3070474FF0000070479D
:1085B00070B500F017F900BF499224800020704781
:1085C000F0E710F0004248BF4042B0FA80F310FAE2
:1085D00003F10AD0C3F11D0303F580634FEA415054
:1085E00002EB035202EBD12170474FF000007047BD
:1085F000B0FA80F310FA03F10AD0C3F11D0303F5BA
:1086000080634FEA41504FEA035202EBD121704799
:108610004FF000007047000051EA030C17D41CF51E
:10862000801F58BFBCF5801F00F10680994218BF1B
:10863000704708BF9042704707D711F5801F58BF99
:1086400013F5801F19D499427047894270471CF571
:10865000801F08D5BCF5801FF7D58B4218BF704727
:1086600008BF824270474FF4001C1CEB410F38BF1B
:108670001CEB430F01D28B42704770B500F0B2F88B
:10868000922449004FF000514FF08053FFF708BE8D
:10869000DFF848C170B51CEA111E1EBF1CEA131595
:1086A0009EEA0C0F95EA0C0F00F06F8081EA03043C
:1086B00023EA4C134EEAD47E21EA4C1141F4801196
:1086C00043F48013AE44A1FB024CA0FB0365AEF162
:1086D0007F7E361955EB0C05A1FB034C4CF10003D2
:1086E000A0FB021C16EB0C06654153F10003094286
:1086F00018BF46F0010613F4007F0BD14FEA033197
:108700004FEA0530340341EA155140EA16506FF044
:1087100003020AE04FEAC3214FEAC520F40241EA0E
:10872000555140EA56506FF0020202EB2E4201EB27
:10873000025585EACE710AD05FEA440C18BF24F0D6
:10874000004450F1000041F1000120EAD47040F2F1
:10875000FE7C624500D270BDA84214BF4FF0804439
:108760004FF04044002E08BF0024BEF1806FA8BF28
:10877000A1F1C041BDE8704080F282804FF000005E
:1087800001F1C04101F0004170479EEA0C0F0CEA74
:10879000131518BF95EA0C0F06D04FF0000081EAC0
:1087A000030E0EF0004170BD00F01CF88900013E80
:1087B00000F007B800F009B84FEA430C5FEA5C5CD0
:1087C00008D081EA030100F05BB84FEA410C5FEA90
:1087D0005C5CF6D14FF00000014970470000FF07D4
:1087E0000000F87F0EF1020E2EF0030E5EF8046B0F
:1087F000364205D4012A43EB030515F5001F12D8B4
:10880000012841EB010C1CF5001F0CD80ED14FEADA
:10881000D17C15F5001F0CEB4C0C0CF1020C08BFC1
:108820004CEBD37C04E04FF0080C01E04FEAD37C22
:108830000CEB4C0526FA05F606F00706B6F1040C1B
:1088400006D20EEB860CBDE870404CF0010C604780
:10885000DFE80CF0090B02024FF000414FF000007E
:10886000A1F5002170BD19461046012851EB010405
:1088700018BFD4F5001484BF002001F0004170BD82
:108880000808A0F500114FEA3101704753EA010CC6
:1088900017D41CF5801F58BFBCF5801F00F106805F
:1088A0008B4218BF704708BF8242704707D713F545
:1088B000801F58BF11F5801F19D48B4270479B420F
:1088C00070471CF5801F08D5BCF5801FF7D599426D
:1088D00018BF704708BF904270474FF4001C1CEB54
:1088E000430F38BF1CEB410F01D2994270470FB4C0
:1088F0000CBC03BCFFF7C1BE4FF04070E1EE100AA4
:108900007047C8F700BA0000000000000000010234
:108910000304060708090000000001020304000028
:1089200000000000000000000000000000003F40C8
:108930000000000000000000300040003000400057
:10894000000009000BC03D000BC03D00090018C02D
:1089500024407FE0224031800000180024C01B002A
:108960000D803240018003801C4027401C8007405E
:108970000040100060000000000000000000000047
:10898000000000001F8020404020000040202040C8
:108990001F8000000000090006001F80060009007B
:1089A0000000040004003F800400040000000010E8
:1089B000006000000000000000000400040004004B
:1089C000040004000000000000400000000000005F
:1089D0000000002001C006003800400000001F8099
:1089E0002040204020401F800000000010403FC079
:1089F00000400000000018C02140224024401840E0
:108A0000000010802040244024401B800000020011
:108A10000D0011003FC0014000003C802440244074
:108A20002440238000001F802440244034400380E1
:108A300000003000200027C03800200000001B800C
:108A40002440244024401B8000001C0022C02240FF
:108A500022401F80000000000000084000000000CD
:108A600000000000000004600000000000000000A2
:108A700004000A001100208040400900090009009C
:108A800009000900000000004040208011000A0099
:108A900004001800200023402400180000001F805C
:108AA0002040274029401F400000004007C03900F7
:108AB0000F0001C0004020403FC0244024401B80E4
:108AC00000001F80204020402040308000002040D7
:108AD0003FC0204020401F80000020403FC0244075
:108AE0002E4030C0000020403FC024402E00300007
:108AF00000000F0010802040224033800200204000
:108B00003FC0040004003FC02040204020403FC040
:108B10002040204000000060202020203FC0200096
:108B2000200020403FC024400B0030C020402040A7
:108B30003FC020400040004000C03FC03C0003C098
:108B40003C003FC0000020403FC00C4023003FC01D
:108B500020001F802040204020401F800000204037
:108B60003FC024402400180000001F802140214005
:108B700020E01FA0000020403FC02440260019C074
:108B8000004018C0244024402240318000003000C2
:108B900020403FC020403000000020003F800040C7
:108BA00000403F80200020003E0001C00700380048
:108BB0002000380007C03C0007C0380000002040FB
:108BC00039C0060039C0204000002000384007C0EE
:108BD000384020000000304021C02640384020C0EE
:108BE0000000000000007FE0402040200000000066
:108BF00070000C0003800040000000004020402076
:108C00007FE0000000000000200040002000000085
:108C100000000010001000100010001000100000F4
:108C2000000040000000000000000000028005403D
:108C3000054003C0004020003FC0044004400380C2
:108C400000000000038004400440064000000000D3
:108C50000380044024403FC00040000003800540E2
:108C6000054003400000000004401FC02440244091
:108C70002000000002E0055005500650042020406E
:108C80003FC00440040003C000400000044027C06F
:108C900000400000000000100010041027E0000059
:108CA000000020403FC00140070004C004402040B5
:108CB00020403FC000400040000007C0040007C043
:108CC000040003C00000044007C00440040003C0C7
:108CD00000400000038004400440038000000410B2
:108CE00007F00450044003800000000003800440AB
:108CF000045007F00010044007C0024004000400C4
:108D00000000000006400540054004C000000000CF
:108D100004001F8004400040000004000780004061
:108D2000044007C000400400070004C001800600A2
:108D30000400060001C0070001C006000000044056
:108D400006C0010006C0044000000410071004E043
:108D50000180060004000000044005C006400440F5
:108D600000000000000004007BE040200000000044
:108D700000000000FFF000000000000040207BE049
:108D8000040000000000400080004000200020009F
:108D90004000000000000000000000000000000093
:108DA00000000000000000001FCC000C00000000CC
:108DB0000000000008003000600008003000600083
:108DC0000000022003FC1E20022003FC1E200220C3
:108DD000000000000E1811043FFF10840C78000002
:108DE00000000F0010840F3800C007781884007846
:108DF000000000780F8410C411240E9800E4008451
:108E0000000808006800700000000000000000007A
:108E1000000000000000000007E0181820044002D5
:108E20000000000040022004181807E000000000C5
:108E300000000240024001800FF001800240024029
:108E400000000080008000800FF80080008000801B
:108E500000000001000D000E0000000000000000F6
:108E60000000000000800080008000800080008002
:108E700000800000000C000C00000000000000005A
:108E800000000000000600180060018006001800C5
:108E90002000000007F0080810041004080807F07C
:108EA00000000000080408041FFC00040004000087
:108EB000000000000E0C10141024104411840E0C3D
:108EC000000000000C1810041104110412880C702A
:108ED0000000000000E00320042408241FFC0024FC
:108EE000000000001F9810841104110410881070F5
:108EF0000000000007F008881104110418880070B1
:108F0000000000001C00100010FC13001C001000EA
:108F1000000000000E3811441084108411440E38F3
:108F2000000000000700088C10441044088807F077
:108F30000000000000000000030C030C0000000013
:108F40000000000000000001010600000000000019
:108F500000000000008001400220041008081004F6
:108F60000000022002200220022002200220022013
:108F700000000000100408080410022001400080D6
:108F8000000000000E001200100C106C10800F008A
:108F9000000003E00C1813E4142417C4082807D0B9
:108FA00000000004003C03C41C40074000E4001C17
:108FB000000410041FFC1104110411040E88007039
:108FC000000003E00C1810041004100410081C101A
:108FD000000010041FFC100410041004080807F01F
:108FE000000010041FFC1104110417C41004081819
:108FF000000010041FFC1104110017C0100008002D
:10900000000003E00C181004100410441C78004009
:10901000000010041FFC10840080008010841FFCDE
:1090200010040000100410041FFC100410040000C1
:10903000000000030001100110011FFE10001000CD
:10904000000010041FFC110403801464181C100499
:10905000000010041FFC1004000400040004000CB5
:10906000000010041FFC1F0000FC1F001FFC100468
:10907000000010041FFC0C04030000E010181FFC8B
:10908000100007F00808100410041004080807F086
:10909000000010041FFC10841080108010800F004E
:1090A000000007F0081810241024101C080A07F20A
:1090B000000010041FFC1104110011C011300E0C2F
:1090C000000400000E1C11041084108410441C388D
:1090D00000001800100010041FFC100410001800FD
:1090E000000010001FF810040004000410041FF812
:1090F000100010001E0011E0001C007013801C0006
:1091000010001FC0103C00E01F0000E0103C1FC01A
:1091100000001004180C163401C001C01634180CDD
:10912000100410001C00130400FC13041C001000A9
:1091300000000804101C1064108413041C04101890
:1091400000000000000000007FFE400240024002DC
:109150000000000030000C0003800060001C0003D1
:10916000000000004002400240027FFE00000000BC
:1091700000000000000020004000400040002000EF
:1091800000000001000100010001000100010001D8
:10919000000100004000400020000000000000002E
:1091A000000000000098012401440144014400FC37
:1091B000000410001FFC00880104010400880070F6
:1091C0000000000000700088010401040104008810
:1091D00000000000007000880104010411081FFC59
:1091E0000004000000F8014401440144014400C8A7
:1091F00000000000010401040FFC1104110411001F
:109200001800000000D601290129012901C9010621
:10921000000010041FFC008401000100010400FC98
:10922000000400000104190419FC000400040000FB
:1092300000000000000300010101190119FE0000F7
:10924000000010041FFC0024004001B4010C0104C4
:1092500000000000100410041FFC000400040000C3
:109260000000010401FC0104010001FC01040100F3
:1092700000FC010401FC008401000100010400FC69
:109280000004000000F8010401040104010400F8D6
:109290000000010101FF0085010401040088007045
:1092A000000000000070008801040104010501FFB6
:1092B00000010104010401FC00840104010001809B
:1092C0000000000000CC01240124012401240198A5
:1092D000000000000100010007F801040104000083
:1092E0000000010001F8000400040004010801FC72
:1092F0000004010001800170000C00100160018079
:10930000010001F0010C003001C00030010C01F03F
:10931000010000000104018C00740170018C010443
:109320000000010101810171000E0018016001803F
:10933000010000000184010C013401440184010C8E
:109340000000000000000000000001003EFC4002A0
:1093500040020000000000000000FFFF00000000CD
:1093600000000000400240023EFC0100000000003E
:1093700000000000600080008000400040002000ED
:1093800020000000000000000000000000000000BD
:1093900000000000000000000000000000000000CD
:1093A00000000000000000000000000000000000BD
:1093B00000000000000F80380FFE380F80380000DA
:1093C000000000000000000000000000000000009D
:1093D0000100000600000C0000380000310000060B
:1093E00000000C0000380000300000000000000009
:1093F000000061800067F807F980006180006180EB
:109400000061800061800067F807F98000618000DA
:10941000000000000000000001C0E003E0F00630A2
:10942000080418081FFFFE040E080787F00381E0F8
:1094300000000000000001F000060C000404080613
:109440000C7001F9C0000E00003BE000EC180708AA
:1094500008040C180003E00000000001E00007F021
:1094600003F818041C0804170807E1D003C0E00043
:1094700023B0003C0800200800001000000000009D
:10948000000100003100003200001C00000000005C
:1094900000000000000000000000000000000000CC
:1094A00000000000000000000000000000000000BC
:1094B00000007F0001FFC00780F00C0018100004BE
:1094C0002000020000000000002000021000040C38
:1094D00000180780F001FFC0007F000000000000BE
:1094E000000000000000000000000000000042003A
:1094F000006600006600003C0000180003FFC0008A
:109500001800003C000066000066000042000000F9
:109510000000080000080000080000080000080023
:1095200001FFC0000800000800000800000800005B
:1095300008000000000000010000310000320000BF
:109540001C000000000000000000000000000000FF
:1095500000000000000000000000080000080000FB
:1095600008000008000008000008000008000008CB
:1095700000000800000800000000000000000000DB
:109580000000380000380000380000000000000033
:1095900000000000000000000000000000000000CB
:1095A0000000000600001C000070000180000E009A
:1095B00000380000C0000700001C00003000000060
:1095C0000000000000007F8001FFE00380700600C3
:1095D0001804000804000806001803807001FFE06A
:1095E000007F800000000000000000000100080172
:1095F000000801000803FFF807FFF800000800005A
:109600000800000800000000000000000001C03851
:1096100002C0580400980401180402180404180633
:109620001C1803F81801E0F800000000000000001A
:109630000001C0E003C0F0040008040808040808A2
:1096400006180803F41801E7F00001E0000000002C
:109650000000000000000300000D00001100006188
:109660000000810803010807FFF80FFFF800010858
:109670000001080000000000000000E007FCD00628
:109680000808061008061008061008061838060F05
:10969000F00607C0000000000000000000003F804E
:1096A00001FFE003843002081804100804100804C5
:1096B0001008071810030FF00007C000000000009A
:1096C0000000000003C0000700000600000600F8CC
:1096D0000607F806180006E0000700000600000074
:1096E000000000000001E1E003F7F0063410041868
:1096F00008041808040C08040C0806161803F3F0F4
:1097000001C1E000000000000000F80003FC30038D
:1097100006380402080402080402080404100308BE
:10972000F001FFC0007F000000000000000000000A
:1097300000000000000000000000703800703800D9
:109740007038000000000000000000000000000071
:109750000000000000000000000000000000301ABF
:1097600000301C00000000000000000000000000AD
:1097700000000000000000000008000014000022AB
:109780000000410000808001004002002004001021
:109790000800080000000000000021000021000077
:1097A00021000021000021000021000021000021F3
:1097B0000000210000210000000000000000000067
:1097C0000800080400100200200100400080800012
:1097D000410000220000140000080000000000000A
:1097E0000003C00004C000040000080038080F385F
:1097F0000808380810000C300007E00003C0000023
:109800000000000000003F8000FFE0038070020FB6
:109810001006708804C088048308047F8802C09002
:1098200003012000FE400000080000180001F800BD
:109830003E0801C20007020007E20000FE00001F10
:10984000C80001F800003800000804000807FFF80D
:1098500007FFF804080804080804080804080806B4
:10986000180803F41801E7F00001E0000000000010
:1098700000003F8001FFE003807002001804000830
:109880000400080400080400100600200780C0003F
:10989000000004000807FFF807FFF80400080400B0
:1098A0000804000804001802001003807001FFE0A3
:1098B000007F8000000004000807FFF807FFF8049D
:1098C0000808040808040808040808043E080400FE
:1098D0000806001801006000000004000807FFF8F7
:1098E00007FFF8040808040800040800040800043E
:1098F0003E0006000006000001800000000000009D
:1099000000003F8001FFE00380700600180400089B
:109910000402080402080203F00783F000020000BA
:10992000020004000807FFF807FFF8040808000811
:109930000000080000080000080004080807FFF8FD
:1099400007FFF804000800000000000004000804FD
:10995000000804000807FFF807FFF80400080400E7
:1099600008040008000000000000000000000006DD
:1099700000000700000104000104000104000307C7
:10998000FFFE07FFFC0400000400000400000400C8
:109990000807FFF807FFF8040C08001800003E0055
:1099A00004C7800503C80600F80400380400180046
:1099B000000804000807FFF807FFF804000800008B
:1099C0000800000800000800000800000800001857
:1099D00000006000000004000807FFF80780080787
:1099E000FC00007FC00003F80007C000780007807B
:1099F0000807FFF807FFF804000804000807FFF84D
:109A000007000803C00000E000003800001E00004E
:109A100007000001C00400F007FFF8040000000088
:109A200000007F8001FFE00380700600180400083A
:109A300004000806001803003001FFE0007F8000EA
:109A4000000004000807FFF807FFF80404080404F6
:109A500000040400040400040400060C0003F800E1
:109A600001F000000000000000007F8001FFE00323
:109A700080700600880400880400C806003C0300CB
:109A80003E01FFE6007F8400000004000807FFF8A5
:109A900007FFF8040808040800040C00040F000481
:109AA0000BC00610F003F03801E0080000080000C9
:109AB0000001E0F803F0300630100418080418081C
:109AC000040C08040C080206180207F00781E000E5
:109AD00000000180000600000400000400000400F3
:109AE0000807FFF807FFF80400080400000400005E
:109AF00006000001800004000007FFE007FFF004FB
:109B0000001800000800000800000800000800001D
:109B10000804001007FFE004000004000006000035
:109B200007E00007FE00041FE00001F80000380015
:109B300001E0043E0007C00006000004000004002D
:109B40000007E00007FFC0041FF80007C007F80087
:109B500007FF80043FF80007C004F8000700000476
:109B6000000000000004000806001807C07805F196
:109B7000C8003E00001F800463E80780F806001854
:109B80000400080000000400000600000780000731
:109B9000E008047C08001FF80007F800180804E03B
:109BA0000807000006000004000000000001000893
:109BB0000600380400F80403E8040F08047C0805D4
:109BC000F00807C00807001804006000000000004B
:109BD000000000000000000000000000003FFFFE49
:109BE00020000220000220000220000220000200CB
:109BF000000000000000000008000007000000C096
:109C0000000038000006000001C000003000000E17
:109C10000000010000000000000000002000022001
:109C200000022000022000022000023FFFFE000090
:109C30000000000000000000000000000000000024
:109C4000000000080000100000300000200000307C
:109C500000001000000800000000000000000000EC
:109C600001000001000001000001000001000001EE
:109C700000000100000100000100000100000100DF
:109C80000001000000000000000000200000200093
:109C900000100000100000000000000000000000A4
:109CA0000000000000000000000000F00019F800B3
:109CB0001B18002208002608002408002410003F7A
:109CC000F8001FF800000800001800000004000061
:109CD00007FFF80FFFF00018180010080020080018
:109CE0002008003018001FF0000FC0000000000026
:109CF000000007C0001FF0001830002008002008F6
:109D0000002008003C08001C10000060000000005B
:109D100000000000000007C0001FF00038180020FD
:109D20000800200800200804101007FFF80FFFF0BB
:109D30000000100000000000000000000007C0004C
:109D40001FF0001230002218002208002208003202
:109D500008001E10000E200000000000000020007F
:109D600000200800200801FFF803FFF8062008047F
:109D70002008042008072000030000000000000065
:109D80000000000E000E6E001FF30031B10020B184
:109D90000020B1003191001F13002E1E00200E0084
:109DA000300000000004000807FFF80FFFF8001063
:109DB00008002000002000002008003FF8001FF8E5
:109DC0000000080000000000000000000020080063
:109DD0002008002008063FF8063FF80000080000B1
:109DE0000800000800000000000000000000000063
:109DF00000000300000300200100200100200306F2
:109E00003FFE063FFC0000000000000000000000D4
:109E10000004000807FFF80FFFF8000188000300A6
:109E2000002FC00038F8002038002008000008008B
:109E30000000000000000000040008040008040006
:109E40000807FFF80FFFF8000008000008000008EE
:109E5000000000000000002008003FF8003FF8006C
:109E60001008002000003FF8003FF8001008002014
:109E700000003FF8003FF800000800000000200844
:109E8000003FF8003FF8001008001000002000001C
:109E90002008003FF8001FF8000008000000000044
:109EA000000007C0000FF000183000300800200844
:109EB000002008003008001830000FF00007C00034
:109EC0000000000000002001003FFF003FFF0010E5
:109ED00011002009002008002008003038001FF081
:109EE000000FC00000000000000007C0001FF000CD
:109EF0003818002008002008002009001011001F59
:109F0000FF003FFF000001000000002008002008C3
:109F1000002008003FF8003FF80008080010080083
:109F20002008002000003000003000000000000089
:109F300000000000000C78001E1800330800230801
:109F40000021080021880021980030F000386000CE
:109F5000000000000000200000200000200000FFA2
:109F6000F003FFF80020080020080020080000305F
:109F7000000000000000000000002000003FF00092
:109F80007FF8000018000008000008002010003FC3
:109F9000F8007FF00000100000000000000020002A
:109FA000003000003C00003F800023F000007800FB
:109FB0000070002380003C000030000020000020E2
:109FC00000003C00003FE00023F80000E000270014
:109FD000003E00003FE00021F80001E0003E0000EC
:109FE0002000000000002008002008003838003E53
:109FF000680027800003C8002CF8003838002018BB
:10A0000000200800000000000000200000300300D5
:10A010003C01003F830023EC000070002380003CE3
:10A0200000002000002000000000000000000000F0
:10A030000038080020380020F80023E8002F8800AE
:10A040003E080038080020180000700000000000E2
:10A0500000000000000000000000000000000800F8
:10A060000014001FF7FC3000062000020000000072
:10A0700000000000000000000000000000000000E0
:10A0800000000000FFFFFF000000000000000000D3
:10A09000000000000000000000000000200002306E
:10A0A00000061FF7FC00140000080000000000007C
:10A0B0000000000000000000000000000018000088
:10A0C0006000004000004000002000001000000878
:10A0D00000000400000400000C000010000000005C
:10A0E0000000000000000000000000000000000070
:10A0F0000000000000000000000000000000000060
:10A10000000000000000000000000000000000004F
:10A11000000000000000000000000000000000003F
:10A12000000000000000000000000000000000002F
:10A1300000000000000007F000C007FFE1E007F0AA
:10A1400001E0000000C0000000000000000000006E
:10A1500000000000000000000000000000000000FF
:10A160000000000000000020000001C00000078087
:10A1700000001F0000001E0000001C20000001C0A5
:10A180000000078000001F0000001E0000001C00EF
:10A1900000000000000000000000000000000000BF
:10A1A000000000180C0000180C0000180FE0001F41
:10A1B000FC0003F80C0000180C0000180C0000183C
:10A1C0000C0000180C0000180FE0001FFC0003F842
:10A1D0000C0000180C0000180C000000000000002B
:10A1E00000000000000000000780007807C000FCAD
:10A1F0000640010E002003070020020380200FFF0D
:10A20000FFFC0201C0200200E0600130704001F05C
:10A210003F8000F01F00000000000000000000FE72
:10A22000000001FF000003018000020080600301C4
:10A2300081C001FF070000FE18000000E0000003DD
:10A24000BF00000CFFC00071806001C1002003014D
:10A2500080600000FFC000003F0000000000000020
:10A260001F0000007FC000FCC0C001FF806003032E
:10A27000E0200202782002061E2003FC074001F0C5
:10A280000380000103C000011C600001E020000108
:10A2900000200001004000000180000000000000DC
:10A2A0000000002000001C6000001C4000001F8017
:10A2B00000000F000000000000000000000000008F
:10A2C000000000000000000000000000000000008E
:10A2D000000000000000000000000000000000007E
:10A2E000000000000000000000000000000000006E
:10A2F000000000000000000000000007F800003F20
:10A30000FF00007807C001C000E003000030040037
:10A310000008080000041000000200000000000017
:10A320000000100000020800000404000008030000
:10A33000003001C000E0007807C0003FFF000007C8
:10A34000F800000000000000000000000000000015
:10A3500000000000000000000000000000000000FD
:10A36000000000000000000C1800000E3800000E75
:10A37000380000063000000360000061438000FFE9
:10A38000FF80006143000003600000063000000E03
:10A390003800000E3800000C18000000000000001B
:10A3A00000000000000000008000000080000000AD
:10A3B0008000000080000000800000008000007F1E
:10A3C000FF0000008000000080000000800000000E
:10A3D00080000000800000008000000000000000FD
:10A3E000000000000001000000E3000000E20000A7
:10A3F00000FC0000007800000000000000000000E9
:10A40000000000000000000000000000000000004C
:10A41000000000000000000000000000000000003C
:10A4200000000000800000008000000080000000AC
:10A43000800000008000000080000000800000001C
:10A44000800000008000000080000000800000000C
:10A45000800000008000000080000000000000007C
:10A46000000000000000000000C0000001E000004B
:10A4700001E0000000C0000000000000000000003B
:10A4800000000000000000000000000000000000CC
:10A4900000000000000000000000000000000000BC
:10A4A00000000000000C00000038000000E0000088
:10A4B000038000000E00000038000000E0000003F0
:10A4C0008000000E00000038000000E00000038063
:10A4D00000000E0000001800000000000000000056
:10A4E000000000000000000FF800007FFF0000F0F7
:10A4F0000780018000C0030000600200002002000D
:10A5000000200200002003000060018000C000E085
:10A510000380007FFF00000FF80000000000000033
:10A52000000000000000000000000080002000800B
:10A530000020008000200080006001FFFFE003FF9A
:10A54000FFE000000060000000200000002000008C
:10A5500000200000000000000000000000000000DB
:10A56000000000000000007800E000980160010099
:10A570000260020004600200086002001060020035
:10A58000206002004060030080600183006001FEE3
:10A5900000E0007C078000000000000000000000D8
:10A5A00000000000000000F0078001F007C001007B
:10A5B00000400200002002010020020100200201F0
:10A5C0000020030380200186804001FCC0C0007889
:10A5D0007F8000001E00000000000000000000005E
:10A5E00000000000080000003800000048000001E2
:10A5F000880000060800000C081000300810004019
:10A60000081001FFFFF003FFFFF003FFFFF0000061
:10A6100008100000081000000810000000000000F2
:10A6200000000000000000000780001F864003E1DA
:10A630000020030200200304002003040020030480
:10A6400000200304002003060040030301C00301AF
:10A65000FF8003007E0000000000000000000000FA
:10A660000000000000000007FC00003FFF00007039
:10A67000C380008180C0010100600302002002024B
:10A68000002002020020020200200203004001C15B
:10A6900080C000C0FF8000007E00000000000000BD
:10A6A00000000000000000F0000003C00000038074
:10A6B000000003000000030007E003003FE0030187
:10A6C000C0000306000003180000036000000380C0
:10A6D0000000030000000000000000000000000077
:10A6E000000000001F0000783F8000FC60C0018E69
:10A6F000C0400307802002030020020180200201E5
:10A7000080200201C0200301E040018670C000FCEF
:10A710003F8000781F0000000000000000000000E3
:10A720000000003F000000FF81C001C0C1C0010067
:10A7300060200200202002002020020020200200D1
:10A740002060020040C00100C18000C18F00007F76
:10A75000FE00001FF00000000000000000000000EC
:10A7600000000000000000000000000000000000E9
:10A77000000000000000000300C0000781E00007A7
:10A7800081E0000300C000000000000000000000A5
:10A7900000000000000000000000000000000000B9
:10A7A00000000000000000000000000000000000A9
:10A7B00000000000000000060066000600780000AF
:10A7C0000000000000000000000000000000000089
:10A7D0000000000000000000000000000000000079
:10A7E000000000000000000080000001C000000325
:10A7F000600000063000000C180000180C0000304B
:10A8000006000060030000C001800100004002005B
:10A810000020040000100000000000000000000004
:10A8200000000004100000041000000410000004E8
:10A8300010000004100000041000000410000004C8
:10A8400010000004100000041000000410000004B8
:10A8500010000004100000041000000000000000C0
:10A8600000000000000004000010020000200100B1
:10A87000004000C0018000600300003006000018A6
:10A880000C00000C180000063000000360000001FE
:10A89000C000000080000000000000000000000078
:10A8A0000000000000000078000001F800000238FD
:10A8B000000002000000040000C0040079E0040071
:10A8C00081E0040100C0040300000202000003064E
:10A8D000000001FC000000F8000000000000000083
:10A8E0000000000FF800003FFE000070078000C06D
:10A8F00000C00101F8400307FC20021E04200230C2
:10A90000082002203020023FFC20013F044001804B
:10A910000CC000E03180001FC200000000000000F9
:10A92000002000000060000003E000003E20000363
:10A93000E020003E200003E020000380200007FC10
:10A940002000003FE0000003FE2000003FE0000088
:10A9500001E00000002000000020000000000000D6
:10A960000000020000200200002003FFFFE003FFC0
:10A97000FFE002010020020100200201002002018C
:10A98000002002010020030300200186806001FCFA
:10A99000C0C000F87F8000001F0000000000000021
:10A9A00000000007F800003FFF000070078000C0B3
:10A9B00000C001000040030000200200002002004F
:10A9C0000020020000200200002001000040018061
:10A9D00000C003C00180003006000000000000003D
:10A9E0000000020000200200002003FFFFE003FF40
:10A9F000FFE0020000200200002002000020020010
:10AA000000200300006001000040018000C000F051
:10AA10000780007FFE00000FF8000000000000002B
:10AA20000000020000200200002003FFFFE003FFFF
:10AA3000FFE00201002002010020020100200201CB
:10AA400000200201002002038020020FE02003000A
:10AA5000006003C000E00060030000000000000090
:10AA60000000020000200200002003FFFFE003FFBF
:10AA7000FFE00201002002010020020100000201AB
:10AA80000000020100000201000002038000030F29
:10AA9000E0000300000003C00000006000000000B0
:10AAA00000000007F800003FFE000070078001C0B2
:10AAB00001C001000040030000200200002002004D
:10AAC000002002000020010020200100204003C0DF
:10AAD0003F8000303F800000200000002000020086
:10AAE00000200200002003FFFFE003FFFFE0020060
:10AAF0008020020080200000800000008000000014
:10AB00008000020080200200802003FFFFE003FF9E
:10AB1000FFE0020000200200002000000000000012
:10AB20000000000000000000000002000020020001
:10AB30000020020000200200002003FFFFE003FFCE
:10AB4000FFE00200002002000020020000200200BE
:10AB500000200000000000000000000000000000D5
:10AB600000000000000E0000000F0000000F0000B9
:10AB700000010200000102000001020000030200C7
:10AB8000000603FFFFFC03FFFFF8020000000200C5
:10AB900000000200000002000000000000000000B1
:10ABA0000000020000200200002003FFFFE003FF7E
:10ABB000FFE00200C0200201002000078000000F1B
:10ABC000E0000030F80002603E2003800F20030008
:10ABD00003E0020000E0020000200000002000006E
:10ABE0000000020000200200002003FFFFE003FF3E
:10ABF000FFE0020000200200002000000020000012
:10AC000000200000002000000020000000200000C4
:10AC10000060000000E000000300000000000200EF
:10AC200000200200002003FFFFE003E0002003FFFC
:10AC30000020001FF0000001FF8000000FE0000076
:10AC40001E000003E000003E002003E0002003FFA0
:10AC5000FFE003FFFFE002000020020000200200EE
:10AC600000200200002003FFFFE00380002003F02B
:10AC7000002000FC0000001F00000007C0000001D1
:10AC8000F00000007C0002001F80020007E003FFCC
:10AC9000FFE00200000002000000000000000000D1
:10ACA0000000000FF800003FFE0000F00780018068
:10ACB00000C001000040020000200200002002004D
:10ACC00000200200002001000040018000C000F0D0
:10ACD0000380003FFE00000FF800000000000000AD
:10ACE0000000020000200200002003FFFFE003FF3D
:10ACF000FFE00200802002008020020080000200AD
:10AD000080000200800002008000030180000183B7
:10AD1000000000FE0000007C0000000000000000B9
:10AD20000000000FF800007FFF0000F003800180AA
:10AD300001C00100064002000420020004200200BD
:10AD40000620020003E0010000F80180005C00E042
:10AD5000038C003FFF0C000FFC18000000000000F7
:10AD60000000020000200200002003FFFFE003FFBC
:10AD7000FFE0020100200201002002018000020128
:10AD8000E0000201FC0003033F80018607E001FCB4
:10AD900000E000F80020000000200000000000009B
:10ADA0000000000000000078060000FE01E00186BF
:10ADB00000C00303004002030020020180200201C2
:10ADC00080200201C0200200C0200100E06001805C
:10ADD00070C003E03F8000001F0000000000000082
:10ADE000000000600000038000000300000002007B
:10ADF0000000020000200200002003FFFFE003FF2C
:10AE0000FFE002000020020000200200000002001B
:10AE100000000380000000E00000000000000200CD
:10AE200000000200000003FFFF0003FFFFC002005C
:10AE30000040020000600000002000000020000030
:10AE4000002000000020020000400200008003FFFC
:10AE5000FF000200000002000000000000000000EF
:10AE60000000020000000200000003C0000003FC1C
:10AE70000000023FC0000003F80000007F800000D7
:10AE800007E000000780000078000203C000023CD9
:10AE9000000003C0000002000000020000000200E9
:10AEA000000003C0000003FF8000023FFE0002001C
:10AEB0007FE000000F000200F00003EF000003FF3E
:10AEC0008000020FFE0000003FE000001F000207AC
:10AED000E00003F800000300000002000000000092
:10AEE00000000200002002000020038000E003F0C8
:10AEF000032002FC0C20021F30000007C0000007E6
:10AF0000F00002187C0002601F20038003E00200B2
:10AF100000E002000020000000200000000000000F
:10AF20000000020000000300000003C0000003F85E
:10AF30000000023E0020020FC0200001FFE00000E0
:10AF40007FE000038020021C0020027000000380CC
:10AF500000000200000002000000000000000000ED
:10AF6000000000000020006000E0038003E0030018
:10AF70000FA002003E200200F8200203E020020F92
:10AF80008020023E00200278002003E00060038061
:10AF900000E00200030000000000000000000000CC
:10AFA00000000000000000000000000000000000A1
:10AFB0000000000000001FFFFFFC10000004100054
:10AFC0000004100000041000000410000004100031
:10AFD0000004100000040000000000000000000059
:10AFE000000000000000000000000700000003C097
:10AFF000000000780000001E00000003C0000000F8
:10B00000F00000001E0000000780000000F00000BB
:10B01000003C0000000600000000000000000000EE
:10B0200000000000000010000004100000041000E8
:10B0300000041000000410000004100000041000C0
:10B0400000041FFFFFFC00000000000000000000E3
:10B0500000000000000000000000000000000000F0
:10B0600000000000000000000000000000000200DE
:10B07000000004000000080000001800000010009C
:10B08000000018000000180000000400000002008A
:10B0900000000000000000000000000000000000B0
:10B0A000000100000001000000010000000100009C
:10B0B000000100000001000000010000000100008C
:10B0C000000100000001000000010000000100007C
:10B0D000000100000001000000010000000100006C
:10B0E0000000000000000000000010000000100040
:10B0F000000010000000180000000800000004001C
:10B10000000000000000000000000000000000003F
:10B11000000000000000000000000000000000002F
:10B1200000000000038000018FC000038C60000657
:10B130001820000410200004102000042020000427
:10B140002040000620400003FFC00001FFE0000097
:10B15000002000000020000000C0000000000000EF
:10B160000000020000000200000003FFFFE007FFF4
:10B17000FFC0000180C00002006000020020000447
:10B18000002000040020000400200006004000030E
:10B1900000C00001FF800000FE0000000000000071
:10B1A00000000000000000007E000001FF8000039E
:10B1B00081C00002004000060020000400200004BE
:10B1C000002000040020000600200003C040000111
:10B1D000C08000000300000000000000000000002C
:10B1E00000000000000000007E000001FF8000035E
:10B1F00080C000060060000400200004002000045D
:10B200000020020400400202008003FFFFE007FF6D
:10B21000FFC00000004000000040000000000000EF
:10B2200000000000000000007E000001FF8000031D
:10B2300011C000021040000410600004102000043F
:10B240001020000410200006102000031040000110
:10B25000F0C00000710000000000000000000000CD
:10B2600000000000000000040000000400200004B2
:10B27000002000040020007FFFE001FFFFE0010448
:10B280000020030400200204002002040020020425
:10B2900000000200000001C0000001C0000000002A
:10B2A0000000000000000000001C0000E33E00035E
:10B2B000FFC200020CC3000404C1000404C1000466
:10B2C00004C1000404C100060CC10003F8C300055A
:10B2D000F0620006007E0006003C00000000000056
:10B2E0000000020000200200002003FFFFE007FF33
:10B2F000FFE0000100200002002000060000000422
:10B3000000000004000000040020000600200003EC
:10B31000FFE00001FFE0000000200000002000002E
:10B3200000000000000000000000000400200004F5
:10B33000002000040020000400200387FFE0038FAA
:10B34000FFE003800020000000200000002000003B
:10B3500000200000000000000000000000000000CD
:10B3600000000000000000000000000000060000D7
:10B3700000070000000100000001000400010004BB
:10B38000000100040003000400060387FFFC038F94
:10B39000FFF8038000000000000000000000000033
:10B3A0000000020000200200002003FFFFE007FF72
:10B3B000FFE0000008200000102000003000000026
:10B3C000FC0000058E00000707A0000601E0000455
:10B3D00000E0000400200000002000000000000049
:10B3E0000000000000000000000002000020020039
:10B3F0000020020000200200002003FFFFE007FF02
:10B40000FFE00000002000000020000000200000FD
:10B41000002000000000000000000000000000000C
:10B420000000000400200007FFE0000FFFE0000222
:10B43000002000040000000400200007FFE00003DB
:10B44000FFE00002002000040000000400200007CC
:10B45000FFE00003FFE0000000200000000000000B
:10B46000000000040020000400200007FFE0000F9F
:10B47000FFE00001002000020020000200000004A4
:10B48000000000040000000400200006002000036B
:10B49000FFE00001FFE000000020000000200000AD
:10B4A00000000000000000007E000000FF8000039C
:10B4B00081C00002004000060020000400200004BB
:10B4C00000200004002000060020000200400003CD
:10B4D00081C00001FF8000007E000000000000002D
:10B4E000000000040001000400010007FFFF000F3E
:10B4F000FFFF000100C10002004100040020000421
:10B50000002000040020000400200006004000038A
:10B5100001C00001FF8000007E000000000000006C
:10B5200000000000000000007E000001FF8000031A
:10B5300080C000020060000400200004002000041D
:10B5400000200004002000020041000300C10003AD
:10B55000FFFF0007FFFF00000001000000010000E6
:10B56000000000040020000400200004002000046B
:10B570000020000FFFE0000FFFE00000C0200001EE
:10B58000002000020020000600200004000000044B
:10B5900000000007000000030000000000000000A1
:10B5A000000000000000000003E00001C0E0000314
:10B5B000E040000630200004302000041820000481
:10B5C00018200004182000040C2000020C60000366
:10B5D00007C000078380000000000000000000009A
:10B5E000000000000000000400000004000000044F
:10B5F0000000000C0000001FFF8000FFFFC00004DF
:10B60000006000040020000400200004002000046A
:10B610000040000001800000000000000000000069
:10B62000000000040000000400000007FF80000F7D
:10B63000FFC00000006000000020000000200000AB
:10B6400000200000002000040040000400800007EB
:10B65000FFE0000FFFC000000040000000400000BD
:10B660000000000400000004000000078000000744
:10B67000F0000004FE0000041FC0000003E0000012
:10B68000038000001C00000460000007800000062A
:10B6900000000004000000000000000000000004A2
:10B6A0000000000600000007C0000007FC000004C6
:10B6B0003F80000003E000040F800006F000000758
:10B6C000F0000007FF8000040FE00000038000048A
:10B6D0003C000007C000000600000004000000005D
:10B6E00000000000002000040020000400600007AB
:10B6F00000E0000783200007E6000004F8000000D7
:10B700003C0000045E20000587A0000601E0000464
:10B710000060000400200000002000000000000085
:10B7200000000004000000040003000700030007FD
:10B73000E0010004F80100041F02000007FC000003
:10B7400000E000000700000438000007C000000609
:10B7500000000004000000040000000000000000E1
:10B7600000000000000000078060000600E0000408
:10B7700003E0000407A000040E2000043C200004A5
:10B7800070200005E0200007802000070060000412
:10B7900000E0000003800000000000000000000046
:10B7A0000000000000000000000000000000000099
:10B7B0000000000000000000000000008000000009
:10B7C00080000001400007FE3FF808000004100060
:10B7D0000002100000020000000000000000000055
:10B7E0000000000000000000000000000000000059
:10B7F0000000000000000000000000000000FFFF4B
:10B80000FFFF00000000000000000000000000003A
:10B810000000000000000000000000000000000028
:10B8200000000000000010000002100000020800EC
:10B83000000407FE3FF80001400000008000000007
:10B840008000000000000000000000000000000078
:10B8500000000000000000000000000000000000E8
:10B860000000180000003000000040000000400010
:10B870000000400000002000000030000000080030
:10B8800000000400000002000000020000000200AE
:10B8900000000C0000001800000000000000030081
:10B8A00009000F0015001B005081588160816881DC
:10B8B000708178818081888190819881C07404082A
:10B8C0008002000080070000400600002000000009
:10B8D00020000000200000000050000000F00000E8
:10B8E00000C80000000000004D680208A9690208B5
:10B8F00000000000696D0208820082004A02000018
:10B90000000001E001E0000000FF0055AAFF002454
:10B91000496D92B6DBFF0011223344556677889952
:10B92000AABBCCDDEEFF00010203040506070809EF
:10B930000A0B0C0D0E0F10111213141516171819EF
:10B940001A1B1C1D1E1F20212223242526272829DF
:10B950002A2B2C2D2E2F30313233343536373839CF
:10B960003A3B3C3D3E3F40414243444546474849BF
:10B970004A4B4C4D4E4F50515253545556575859AF
:10B980005A5B5C5D5E5F606162636465666768699F
:10B990006A6B6C6D6E6F707172737475767778798F
:10B9A0007A7B7C7D7E7F808182838485868788897F
:10B9B0008A8B8C8D8E8F909192939495969798996F
:10B9C0009A9B9C9D9E9FA0A1A2A3A4A5A6A7A8A95F
:10B9D000AAABACADAEAFB0B1B2B3B4B5B6B7B8B94F
:10B9E000BABBBCBDBEBFC0C1C2C3C4C5C6C7C8C93F
:10B9F000CACBCCCDCECFD0D1D2D3D4D5D6D7D8D92F
:10BA0000DADBDCDDDEDFE0E1E2E3E4E5E6E7E8E91E
:10BA1000EAEBECEDEEEFF0F1F2F3F4F5F6F7F8F90E
:10BA2000FAFBFCFDFEFF8080808181828283848519
:10BA30008687898A8C8D8F91939597999B9EA0A2DA
:10BA4000A5A7AAADAFB2B500FF1FFF1F01E001E03F
:10BA5000210020000A080B080D300C300E380F387A
:10BA60006400630000000000E4B80308E1B70108C7
:10BA7000000000000000000000000000C300C30040
:10BA8000041C0000E4B8030865FE02080000000082
:10BA9000000000000000000064202B0000000000F7
:10BAA000E4B8030861FF0208000000000000000085
:10BAB000000000006420D12700000000E4B8030863
:10BAC000CBBA010841BB010800000000B1BB01086E
:10BAD00064200401C0080000E4B80308D9CB0108C1
:10BAE000000000000000000031CC01080401040146
:10BAF00001040000847204083135020800000000CF
:10BB0000000000000000000064203220010400005A
:10BB10006078040890790408A87904086879040812
:10BB2000947904089C790408B0790408A079040881
:10BB300074790408887904088C790408CC7904089D
:10BB400050780408E07804085479040898790408C7
:10BB5000647904086C790408707904086475040831
:10BB6000787904087C7904086C750408D479040891
:10BB700050780408507904088C780408B4790408D3
:10BB8000AC79040860790408A47904085879040899
:10BB90008479040880790408787A04088478040891
:10BBA000BC78040850780408D0790408C4790408E3
:10BBB00054780408C8790408C0790408D8790408BE
:10BBC00095010402040204020402040204020402B5
:10BBD0000402040204028700960103020302030226
:10BBE000030203020302030203020302870081022D
:10BBF00081020102010201020102010201020102AD
:10BC0000810281028102920182000600820092017B
:10BC1000607804081C79040834790408EC78040876
:10BC200020790408287904083C7904082C79040850
:10BC3000FC7804081479040818790408CC790408FD
:10BC4000507804085C790408D8780408247904083A
:10BC5000E8780408F0780408F4780408F878040810
:10BC6000007904080479040808790408D4790408E0
:10BC700050780408507904088C7804084079040846
:10BC800038790408E478040830790408DC7804087A
:10BC9000107904080C790408787A04088478040878
:10BCA000BC78040850780408D0790408C4790408E2
:10BCB00054780408C8790408C0790408D8790408BD
:10BCC00095010402040204020402040204020402B4
:10BCD0000402040204028700960103020302030225
:10BCE000030203020302030203020302870081022C
:10BCF00081020102010201020102010201020102AC
:10BD0000810281028102920182000600820092017A
:10BD1000987804089C780408A0780408A47804089B
:10BD2000A8780408AC780408B0780408B47804084B
:10BD3000B878040894780408CC790408507804088A
:10BD40005C790408807804088C78040890780408EA
:10BD50007C780408C87804086C78040858780408CB
:10BD6000D078040864780408C4780408CC780408FF
:10BD70005078040848790408D478040868780408DE
:10BD80007478040878780408B8790408BC79040841
:10BD9000447904084C790408C07804085C780408E5
:10BDA0007078040850780408D0790408C47904082D
:10BDB00054780408C8790408C0790408D8790408BC
:10BDC000010201020102010201020102010201025B
:10BDD000010201028200920101020102010201023C
:10BDE000010201020102010201020102010201023B
:10BDF000010201020102010201020102010201022B
:10BE000001020102010292018200060082009201F9
:10BE1000987804089C780408A0780408D07904086D
:10BE200050780408A4780408A8780408AC780408BA
:10BE3000C079040850780408B0780408B47804087D
:10BE4000B8780408CC790408507804088878040885
:10BE500094780408787A0408C4790408C879040836
:10BE6000D8790408010001000100920101000100DD
:10BE70000100920101000100010002000100010027
:10BE80000100010001000000E4B80308394B02087A
:10BE90000000000000000000594B02081A001A00C0
:10BEA00080020000E4B80308000000000000000069
:10BEB0000000000000000000C300040100000000BA
:10BEC000687204080000000000000000000000008C
:10BED00000000000000000000000000010730408D3
:10BEE0000000000000000000000000000000000052
:10BEF0000000000000000000E4B803083157020809
:10BF0000B95802080000000000000000C30004014E
:10BF100040060000E4B80308E95802081F59020867
:10BF200000000000000000006420D1278002000013
:10BF3000E4B8030895580208000000000000000063
:10BF4000000000006420D12700000000E4B80308CE
:10BF5000C7590208000000000000000000000000B7
:10BF60006420D12700000000E4B8030800000000AE
:10BF7000000000000000000000000000D127D127D1
:10BF800000000000E4B8030800000000000000000A
:10BF900000000000000000000000000000000000A1
:10BFA000E4B80308000000000000000000000000EA
:10BFB000000000000000000000000000E4B80308DA
:10BFC0000000000000000000000000000000000071
:10BFD0000000000000000000E4B8030800000000BA
:10BFE0000000000000000000000000000000000051
:10BFF00000000000E4B803085D5B02087B5B0208F8
:10C0000000000000995B020800000000C00300006F
:10C01000E4B8030800000000000000000000000079
:10C02000000000000401D12780030000E4B80308E9
:10C030000000000000000000000000000000000000
:10C040006420D12740020000E4B80308000000008B
:10C0500000000000000000000000000064206420D8
:10C0600040020000D4730408E9C602080000000082
:10C0700000000000B1C702080000000041070000F6
:10C0800030720408B1CB020800000000000000007C
:10C09000000000000000000000000000E4B80308F9
:10C0A000B9DA02081DDC02080000000089DC020881
:10C0B0006420642000030000E4B80308ADE902082E
:10C0C0000000000000000000000000000000000070
:10C0D00080020000E4B80308E9E90208000000005B
:10C0E00000000000000000000000000080020000CE
:10C0F000E4B8030869F60208000000000000000030
:10C100000000000064206420400200003E2D2C1C32
:10C1100005012D57845683234100B028000B04608D
:10C120004AEADC802808208CDBEB40640B000830F6
:10C13000B00000130008DEC35B27114D570006CE88
:10C140008000299A32275B3CDEB200270029920248
:10C1500090091190A100822874000188496840006C
:10C160000B290A00083280A0038008870003CB70E7
:10C1700000A40D0005BA60007CC0105A07BB3780D0
:10C180000AE00ACC977000000057562302C00960ED
:10C190000D100E000E000E000D10096002C06800A8
:10C1A000E00B30950860950B30E0680024424DD4D8
:10C1B000799702200000000085003BDCB10085007B
:10C1C000008500354A555CC3026A0002B000850054
:10C1D0000D00049000A3000D00058000B2001C00BB
:10C1E0000004DDB101E206B069000E178000D269DB
:10C1F000000E11E206B004DDB100BEA05A05A05A3F
:10C2000005A05A05A04CDD504201F00000F0000AE4
:10C210008000A9000B80008FDDD58DDEE0000C4092
:10C2200000980000BD900000D35101E26DDD600078
:10C2300007A00005C00003D13101D20B308DCCFD29
:10C2400070000B300000B3000FDDD01D00002C008B
:10C25000003EDC600001D43100C45CDD8002BDD44E
:10C260001E40006A00007AABA16E105C1D003C0409
:10C27000CCB2BDDDE8B400D30004C0000C40003DEA
:10C280000000A60001E00007CCB23D006A2D007955
:10C290000BECF26A004D79003E09CBC41ACC6096D3
:10C2A00000B39700C909BB8A0000880002E22DDCB8
:10C2B000406A0100026A6A0100006A383200001018
:10C2C000005AA13E610006B9300002813BBBB100BB
:10C2D00000003BBBB11000002BA4000018E104AB30
:10C2E000503710003CDD505201F00003D0003D20DB
:10C2F00000850000100000B400004A99A7000690D5
:10C300000003A01B07CB9B47654B008B0A7377008C
:10C310003B0A653B008B0A1B06CB6CB30690000002
:10C3200000004A9AA2000001F600000088C0000048
:10C330000D09400006702B0000DCCCE3005900041E
:10C34000A00C30000D10FCCCB20F0007A0F000884C
:10C350000FCCDF30F0002E0F0001F0FCCCC5000147
:10C360009DDC30D600355B0000078000005B0000DC
:10C3700000D60035019DDC30FDDDB30F0003E2F097
:10C3800000069F00004BF000069F0003E2FDDDB3B6
:10C3900000FDDDC0F00000F00000FCCC70F00000FB
:10C3A000F00000FDDDD1FDDDCF0000F0000FDDD796
:10C3B000F0000F0000F00000019DDC40D700255B7D
:10C3C0000000078000075B0001D0D6003D019DDC26
:10C3D00050F0000F1F0000F1F0000F1FDDDDF1F045
:10C3E000000F1F0000F1F0000F10F0F0F0F0F0F07F
:10C3F000F004DDF20000D20000D20000D20000D232
:10C400000601E008DD60F000A80F009900F0990037
:10C410000F9F4000FB4E200F105D10F0006B00F0EE
:10C42000000F0000F0000F0000F0000F0000FDDD25
:10C43000A0F2000097FC0003F7FA500CA7F1D069B6
:10C4400077F079D177F00D6077F0010077F4000F85
:10C450001FE200F1F6D00F1F09A0F1F00B7F1F00C3
:10C460001DF1F0003F10019DDC400D6002D45B0027
:10C47000004B7800001E5B00004B0D6002D4019D54
:10C48000DC40FDDD90F000A7F0005AF000B6FDDCC6
:10C4900070F00000F00000019DDC4000C7003D404E
:10C4A0005B00004B07800001E05A00004C00D60002
:10C4B0002D4001ADDD40000004ABA0FDDD90F0009B
:10C4C000A7F0005AF000B7FCCF90F005B0F000974D
:10C4D00008DCC35B00114D200006DE9000019A339A
:10C4E000005B3BCCB2CDEEDA0097000097000097DE
:10C4F000000097000097000097000F0001E0F00097
:10C500001E0F0001E0F0001E0E0002D0A7009801EF
:10C51000ADD9000C40001D005B00087000E200E196
:10C520000007906900001E1D2000009CB000000262
:10C53000F4000088000F4002C3D005EA00860D20F9
:10C54000A4E00D10880D0A43C002D5904A86000D64
:10C55000D300ED10008E000AC0005C001D10980B87
:10C560005000DA900006F20001D7C000C50A808AA8
:10C57000000D300B5000C302D0069000881D100043
:10C580000DB6000005D0000004B0000004B0006D3E
:10C59000DDDF10000B700008A00004D00002E200F4
:10C5A00000D400008FDDDD30FB1F00F00F00F00F26
:10C5B00000F00F00FB103A0000C1000760001C00F3
:10C5C00000B2000580000D0000A30004909E40B45E
:10C5D0000B40B40B40B40B40B49E4000A800029B3B
:10C5E000000925601B00B09999903A301BCD60017D
:10C5F00000E01AAAF17800E12CAAE11E000001E097
:10C6000000001EACD601F301E21E000A51F401E263
:10C610001D9CD50007DDA05C00408700005C004148
:10C6200007DDA000000E00000E08DC9E5C007E8787
:10C63000001E5B006E08DB8E08CC905A00878CAA27
:10C64000A85B002007DCB107C90E009FB60F000FE2
:10C65000000F000F0008DC9E5B005F87000F5C008E
:10C660006F07DC9F03004C1ACCB21E00001E0000B6
:10C670001EACD41F303D1E000E1E000F1E000F2DDD
:10C6800000101E01E01E01E01E0001E0001000E0AD
:10C6900000E000E000E000E001E0AD601E0000010D
:10C6A000E000001E01B601E2D5001FDE2001F25DB0
:10C6B000001E007B001E1E1E1E1E1E1E1EABC5BBC6
:10C6C000C21F205F10691E002C004B1E002C004B67
:10C6D0001E002C004B1EABC41F203D1E000E1E0072
:10C6E0000F1E000F07DDB15C007B87001E5C007B26
:10C6F00007DDB11EABD601F301D21E000A51F401D1
:10C70000E21EACD501E000001E00000008DC8E5CDB
:10C71000007E87001E5C007E08DC8E00000E00009C
:10C720000E1DAA1F301E001E001E002CCC488000CB
:10C730002ACA21006A6CCC300F009FB60F000F0090
:10C740000E1007D92D001D2D001D2D001D0E106D82
:10C7500006DB9D0C3009505A01D000D28600069DA0
:10C7600000000E8000B201F102B5807B80850D0DC6
:10C770001D0D008990998002F202F2005B03C0084F
:10C780009C1000E7000A7C207902D10C3009505A35
:10C7900001D000D27700069D00000E800000D1007D
:10C7A0000CD600006BBEB002D101D200C4008EBB1B
:10C7B0009004D309500A500A405F100A400A5009F9
:10C7C0005004D3EEEEEEEEE0AB00D20D20C209C075
:10C7D000C20D20D2AB001A916244299007816208F1
:10C7E000620807811923E4000000049C100016BFB2
:10C7F000FFF2003FFFFFFF2005FFD941F2005F205D
:10C80000001F2005E00001F2005E00079F2048E0C5
:10C8100007FFF2AFFE002BD807FF900000000110C9
:10C82000000000004188888814EBE7777EBEA2D024
:10C83000000D2AEBE3333EBEB4FBBBBF4BD9D000A7
:10C840000D9DB5D0000D5BB7FFFFFF7B0000000022
:10C8500000FFD6FFFFFFFFE7FFFFFF675277777606
:10C86000EFC6FFFFFEFFE7FFFFFF6752777776EF28
:10C87000C6FFFFFEFFE7FFFFFF78638888870000A1
:10C8800000004100000006FD0000006FF77C10066C
:10C89000FF70DFD16FF7001DFEFF700001DFF700B2
:10C8A00000001C6000000000000CD102EAAFD4EFD1
:10C8B00080AFFF8002FFF102EFDFD1DF80AFB67003
:10C8C00000850000A6000002A0EA29000EE1EA5F50
:10C8D000A07F40EA08F3BD00EA01F7CC00B700F8FA
:10C8E000AF000004F64FA0001DF109FD89EF5000D4
:10C8F0006DFFC4000000000000000188100000056A
:10C90000FF40001ECFFFFCD07FFFDDFFF72DFA00B8
:10C91000BFD10BF7008FA06FFE55EFF64FFFFFFF63
:10C92000F3063AFFA3600003FF30000000000000A0
:10C9300000000000000000006F90F8000009F8EC13
:10C94000F80001BE5A5CF8002DD5EFF6AF50DA6F53
:10C95000FFFF87F111FFFFFFF51002FFC39FF600F5
:10C9600002FFB07FF60001BB704BB30000008820CF
:10C97000000001FF60000001FF60000001FF600097
:10C9800001FFFFFF60005FFFFA000005FFB0008BB2
:10C99000B98B8BB9DFFFFFFEDFCFFFFFFCBE0000CE
:10C9A00000000000244444300001EFFFFFF4000BBE
:10C9B000C000008E106E1000000CA0EECB100ACD4F
:10C9C000F2FFFFB89FFFF4FFFFFFFFFFF4CFFFFF71
:10C9D000FFFFE1000487305F02DFFEFC7F1ED30013
:10C9E0003CFF9F1005FEFF44000266661222000015
:10C9F00011FFFF5000DAFFA31008F4FCFB66BF80B4
:10CA0000F55CFFD500310000000000007000BFABF6
:10CA1000DFFFFFFFFFFFFFFFFF003EF0002C0000E5
:10CA20007000000BF000ABDFF020FFFFF0A6FFFF6F
:10CA3000F059FFFFF092003EF0000002C00000003D
:10CA40000000400000007000AA00000BF00A4A70CD
:10CA5000ABDFF023E2E0FFFFF0A695C2FFFFF05945
:10CA600076C3FFFFF092C3E1003EF009A6B00002DA
:10CA7000C0033E2000000000C3002444444442FFA1
:10CA8000EFFFFFFFF30DFFEFFFF84EFE25FFFF9DC9
:10CA9000E2006FF90120004FF74444447FCFFFFFCD
:10CAA000FFFC001A000007F50000EFC0008FFF60D8
:10CAB0003FFFFF1BFFFFF9FBFFFFDD6EFFFC7E5911
:10CAC000FF609FFF80001310000000000E7003E461
:10CAD000E704FF5E75FFF5ECFFFF5EFFFFF5EAEF91
:10CAE000FF5E71DFF5E701CF59500092880000002A
:10CAF0000FFE500000FFFFC3000FFFFFF910FFFF04
:10CB0000FFFE5FFFFFFFFAFFFFFFF80FFFFFB2001E
:10CB1000FFFD40000EF700000011000000000000C3
:10CB200000000DFF90DFF9FFFC0FFFCFFFC0FFFCFF
:10CB3000FFFC0FFFCFFFC0FFFCFFFC0FFFCFFFC0CC
:10CB4000FFFCFFFB0FFFB8BB508BB5000000000DD2
:10CB5000FFFFFFF9FFFFFFFFCFFFFFFFFCFFFFFF1E
:10CB6000FFCFFFFFFFFCFFFFFFFFCFFFFFFFFCFF3B
:10CB7000FFFFFFB8BBBBBBB50000000BA000E7CFB9
:10CB8000B00E7CFFC1E7CFFFDF7CFFFFF7CFFF9E3A
:10CB90007CFF70E7CF600E77500095000002000028
:10CBA0000000AF60000009FFF500008FFFFF4006A6
:10CBB000FFFFFFF30EFFFFFFFA03666666620DFFDD
:10CBC000FFFFF90FFFFFFFFB068888888400000045
:10CBD0000001C7001DF501DF501DF5004FD0000614
:10CBE000FC00006FC00006F90000510000003E305C
:10CBF000002EF30002EF30002EE30009F8008FA0B2
:10CC000008FA005FA0000600000000100000008F7E
:10CC100040000009F50000009F50009BBDFCBB6F69
:10CC2000FFFFFFFB133AF73310009F50000009F598
:10CC3000000000391000BDDDDDDD8EFFFFFFFA00D2
:10CC40000000000000048A95000001CF846EE3001C
:10CC50001EF50872FF40BFE02DF5BFE0DFE3FFF6F1
:10CC6000AFF14FF3AFD1EF7005FD312BF700001995
:10CC7000DFEA3000B6000000000006FA16AA8300C2
:10CC80000003EFE649FB000001BE4928FD001D40FE
:10CC90008FFE1FF904FF505FF1FFB00AFC002DDF8B
:10CCA000F2000AFA101BF7000004BEE408F70000C7
:10CCB00000000004F500000000000100000002E692
:10CCC0000000000000BFE1000000004FFF900000E6
:10CCD000000DE7CF20000007FC08FB000001EFD0AB
:10CCE0009FF400009FFF5CFFD0002FFFE1AFFF60CB
:10CCF0000BFFFE2BFFFE00EFFFFFFFFFF2013333C0
:10CD000033333200000000000000000007C1EFD103
:10CD100003EFFC99FB2EECF80054DE2570000CF4B8
:10CD2000011000BF5C78D1FFF60AFFFD7860007C3F
:10CD3000F60000000560000030000000AF60000059
:10CD4000AFEF6000AF90CF609F8000CF57800000B2
:10CD5000A4110000020CE20005F83FE205FD103FBF
:10CD6000E7FD10003FFD1000003B100000800000B8
:10CD7000000000CFC3FFFFF500BEFEB3444E6004C9
:10CD80003F340000D60002F200000D60002F2000AA
:10CD90008CEAF101FFFFF7DFF70004444411C700FC
:10CDA0005888200000FFFFE44441FFFFFFFFFEFF23
:10CDB000FFFFFFFFFFFFFFFFFFFFFFFFFFFFFFFF83
:10CDC000FFFFFFCFFFFFFFFC00003300000003FF69
:10CDD0004000003FFFF40002FFFFFF200036FF632A
:10CDE000000004FF40000004FF40009AA5FF5AA97C
:10CDF000FFFFDDFEDFFFFFFFFCBE000000000000C4
:10CE0000000000A8400000005FFF0000000CFFE0F1
:10CE10000000006FFA00000000CF500000005FD05B
:10CE20000039104FF400BFFC9FF6000DFFFFE40037
:10CE3000009FFD81000001310000000000000000A3
:10CE400006FE3005C6E7BB05FF4DBDB4FF403CFF05
:10CE5000FF400008FFB0006FFFDF800E7BB2EF8065
:10CE6000DBD902EF73CA100272005DDD480008FFD3
:10CE7000F6F8CC8FFF843FE8FFFFFCFE8FFFFFCF6B
:10CE8000E8FFFFFCFE8FFFFFCFE7FFFFFCFF4666DA
:10CE9000663FFFFFF4003444430000022222000EEC
:10CEA000FFFFFE20F52222FE1F40000EF8F744444B
:10CEB000FF9FFFFFFFF9FFF60CFF9FFF209FF9FF89
:10CEC000FC7FFF9ADDDDDDD4677777774EFFFFFFCC
:10CED000FB000000000677777774EFFFFFFFB000DC
:10CEE000000000455555553FFFFFFFFB1111111183
:10CEF000005888888884FFFFFFFFFF6FFFFFFFF661
:10CF0000C5DFFFFD5CFE6AFFA5EFFFF9559FFFFF40
:10CF1000FFFFFFFFCFFFFFFFFC03AAA20007FFF206
:10CF20000009FFD0000BFFD8810EFFFFE10EFFFFCD
:10CF3000600005FD000009F400000DA000000F20B6
:10CF40000000020000017911000FFC9FF400FFFDBA
:10CF5000CC300FFA799340FF8EFF6F5FF8EFF764E4
:10CF6000FF8EFFFFCFF8EFFFFC463EFFFFC000DF64
:10CF7000FFFC0002444420000190000002AF810049
:10CF800002FFFFD0009FFFFF500CFFFFF800EFFFF4
:10CF9000FFA03FFFFFFE0DFFFFFFF946666666201C
:10CFA00000BF70000000300000244444444430FFBF
:10CFB000FFFFFFFFF3F4A0A0B0B0F4FFBEAEAEAF32
:10CFC000F4FF3A0A0A0FF4FBEAAAAAEAF4F7B44417
:10CFD00044C4F4CFFFFFFFFFE10000000029700010
:10CFE00000003AFFE000004BFFFF70005DFFFFFF15
:10CFF000100CFFFFFFF9000AEEEFFFF20000000A3D
:10D00000FFA00000000AFF300000000AFB00000043
:10D010000008F40000000000200000EFFF5B00FFAC
:10D02000FF6FB0FFFF6883FFFFFDD6FFFFFFF8FF34
:10D03000FFFFF8FFFFFFF8FFFFFFF8FFFFFFF8FF1C
:10D04000FFFFF7000000000000011000000005BF16
:10D05000FFFD81002CFEA878CFF70DF70000003C03
:10D06000F52205BEFD81050009FEA9CFE2000037CB
:10D07000000038000000008C20000000000FF700C6
:10D080000000000058100000CFFFFFFFFFF90F75F0
:10D090005555555AF2F6FFFFFFFD4F5F6FFFFFFF3B
:10D0A000D1F5F5777777768F4FFFFFFFFFFFD0241D
:10D0B000444444444100CFFFFFFFFFF90F7555552D
:10D0C000544AF2F6FFFFFF004F5F6FFFFFF001F5DC
:10D0D000F5777777008F4FFFFFFFFFFFD0244444A1
:10D0E00044444100CFFFFFFFFFF90F755554444AF8
:10D0F000F2F6FFFF20004F5F6FFFF20001F5F577BA
:10D100007710008F4FFFFFFFFFFFD02444444444BB
:10D110004100CFFFFFFFFFF90F755444444AF2F678
:10D12000FF5000004F5F6FF5000001F5F57720001C
:10D13000008F4FFFFFFFFFFFD024444444444100D1
:10D14000CFFFFFFFFFFA0F744444444AF2F400009B
:10D1500000004F5F4000000001F5F4000000008F68
:10D160004FFFFFFFFFFFD024444444444100000030
:10D17000005B1000000003BDF400000000A10300EC
:10D18000000AF73900000760FFEABFAAAADF45A33B
:10D190000093000410000001B8FB00000000029F93
:10D1A000B00000000000100000006BCA40009FF6B5
:10D1B000FF401FFF26FB04F6B46BF06FF406FF067A
:10D1C000FF90BFF05F9534CF02FBF34DC00CFF3DE5
:10D1D000F7001BFEF9000000100000123BCA221FDE
:10D1E000FFFFFFFB3666666616FFFFFFF26F6F6F8D
:10D1F0007F26F6F6F7F26F6F6F7F26F6F6F7F26F7F
:10D200006F6F7F24FFFFFFF10344444200000000E2
:10D210000097000000009FF8000000A5EFE000006C
:10D22000BFE5D40000BFFFE00000BFFFF40000BF77
:10D23000FFF40000AFFFF400000DFFF4000000FF5A
:10D24000F4000000022000000000000588888886A5
:10D250000008FFFFFFFFF608FFF96F69FF88FFFF77
:10D26000C121CFF8DFFFFF505FFF82EFFF71917F99
:10D27000F802EFFEDFDEFF7002DFFFFFFFE301DFFA
:10D28000FFE51D6C5AABDF3B188BFFDFDEEBFFFFCA
:10D29000FFFBFFFFFFFBFFFFFFFBFFFFFFFBFFFFAE
:10D2A000FFFBBFFFFFF600000000000000000A00C7
:10D2B00008100007F00BF200008F0BFFFFFFFFF0DC
:10D2C0007FFA999999006F2000000000300000005B
:10D2D0000000000000000000000000000000B0029C
:10D2E000000000000000B002020700000700F00389
:10D2F000040300040D0000070707000026003006A5
:10D30000060900FF41007008090700006100E006FF
:10D31000070800FF7D002002020300048000600374
:10D32000040900FE92006003030900FEA00000044F
:10D3300004040003A800D00506050001B700400260
:10D34000020300FFBA00D00304010002BC00400247
:10D3500002020000BE0080030509FFFFD500B006F1
:10D3600007070000EE00B00303070000F900C00546
:10D37000060700000E01C005060700002301B006E5
:10D38000070700003C01C0050607000051013006F8
:10D390000607000066010006060700007B01700614
:10D3A000060700009001300606070000A5014002B4
:10D3B00002050000AA014002020700FEB101D005EB
:10D3C00006050001C001D00506030002C901D00511
:10D3D00006050001D801C00506070000ED01500A4E
:10D3E0000A0900FE1A0250070907FF003A029007D7
:10D3F0000707010053024007070700006C024008BE
:10D40000070701008502B006060701009A026006C0
:10D4100005070100AC02C00707070000C50220088D
:10D4200007070100DE02200302070100E5022005D4
:10D430000607FF00FA023007070701001303F00593
:10D440000507010025039009080701004103200892
:10D45000070701005A036008080700007603400729
:10D46000060701008B036008090800FFAF034007AF
:10D4700006070100C403300606070000D903E005D3
:10D4800006070000EE03F007070700000704200767
:10D490000907FF002704400B0B0700004E04C006DD
:10D4A00007070000670480060807FF008304900652
:10D4B000070700009C045003030901FEAA0480032F
:10D4C0000509FFFFC1045003030900FECF04D00586
:10D4D00006040001DB040005050100FFDE04000670
:10D4E00003010106E004000606050000EF04D00673
:10D4F000070700000805B005060500001705D0065F
:10D50000060700002C052006060500003B058003E9
:10D51000040700004905E006060700FE5E05D00688
:10D52000060700007305D002030700007E05D00245
:10D530000409FFFE9005300607070000A905D00288
:10D5400002070000B005900A0A050000C905D006D0
:10D5500006050000D805600606050000E705D006B0
:10D56000070700FE0006D006060700FE1506200489
:10D57000040500001F060005050500002C06200418
:10D58000040600003806C0060605000047069005A0
:10D590000705FF005906000909050000700680050F
:10D5A000060500007F0690050707FFFE9806300578
:10D5B00005050000A5068003040900FEB706000368
:10D5C000010901FEBC068003030900FECA06D0055E
:10D5D00006020002D006300404040003D80620032B
:10D5E00003020002DB06000A0B0B00FE1807000A0C
:10D5F0000A0800004007000A0A0A00FF7207000A32
:10D600000A0800009A07E00607080000B607000AAB
:10D610000A0B00FEED07000A0A0B00FE2408400B6F
:10D620000C0A00FF6008000A0A0B00FE9708400B76
:10D630000C080000C708000A0A0B00FEFE080005DF
:10D640000508000012098007080800003209400B95
:10D650000C0A00FF6E09000A0A0800009609E0069D
:10D66000070B00FEBD09C008070A01FFE009C0085A
:10D67000090B00FE120AC008090A00FF3F0AC00891
:10D68000090A00FF6C0AC008070A01FF8F0AC008D8
:10D690000A0AFFFFC10A4006060A00FFDF0A400629
:10D6A000060A00FFFD0AC008090A00FF2A0BC0088D
:10D6B00009030002380B400B0C080000680B800CBB
:10D6C0000D0B00FEB00B400B0D0BFFFEF80B000A1C
:10D6D0000A0A00FF2A0CC00809060001450CC00810
:10D6E00009060001600C800C0D080000940C000A73
:10D6F0000A080000BC0C000A0A0B00FEF30C000A2A
:10D700000B0BFFFE300DC008090A00FF5D0DC008BD
:10D71000090B00FE8F0DC008090A00FFBC0DC008F0
:10D72000090900FFE50D000A0A0800000D0E400679
:10D73000080BFFFE390EC008090B00FE6B0EC00877
:10D74000090B00FE9D0E400B0C080000CD0E000AD8
:10D750000C0BFFFE0F0F8007080B00FE3B0F800C29
:10D760000D0A00FF7C0F800C0D070000AA0F800C33
:10D770000D070000D80F800C0D0700000610800C6C
:10D780000D0700003410800C0D0700006210800CA3
:10D790000D0900FF9D10C008090B00FECF10C00846
:10D7A000090B00FE0111000A0B0BFFFE3E11800C5D
:10D7B0000D08000072118007080B00FE9E11100A70
:10D7C0000B0700000000721F51EF58EF5BEF5CEF9A
:10D7D0005DEF61EF63EF65EF69EF6CEF71EF76EF8F
:10D7E00077EF78EF8EEF93EF98EF9BEF9CEF9DEF45
:10D7F000A1EFA2EFA3EFA4EFB7EFB8EFBEEFC0EF3A
:10D80000C1EFC4EFC7EFC8EFC9EFCBEFE3EFE5EF30
:10D8100014F015F017F019F030F037F03AF043F04B
:10D820006CF074F0ABF03BF190F191F192F193F167
:10D8300094F1D7F1E3F13DF254F2AAF412F7F2F7C2
:10D84000200000005F000100000000000000000058
:10D8500000000200B0000000F3F76000C4D7030826
:10D86000000000003E000300000001020003040568
:10D8700002060708090A090A0B0C000D0E0F101109
:10D8800012130C14140000001516171819161A1B81
:10D890001C1D1D1E1F201D1D1621222303241E25B5
:10D8A00025262728292A2B002C002D2E2F30313217
:10D8B000332D343435302D2D2E2E36373839333A3A
:10D8C0003A3B3A3C290000093D09000000000000F5
:10D8D0000000000000000000000000000000000048
:10D8E0000000000000000000000000000000000038
:10D8F0000000000000000000000000000000000028
:10D900000000000000000000010200030405020600
:10D910000708090A090A0B0C0D0E0F10110C12133F
:10D9200014151500000016171819171919191719C9
:10D93000191A1919191917191719031B1C1D1D1E5E
:10D940001F20212223002400252627272700272601
:10D95000282926262A2A272A272A2B2C2D2E2E2F25
:10D960002E300000230931090000000000000000F3
:10D9700000000000000000000000000000000000A7
:10D980000000000000000000000000000000000097
:10D990000000000000000000000000000000000087
:10D9A0000000000000000000000000000000000077
:10D9B0000200000000010000000000000000000064
:10D9C0000000000000000000000000000000000057
:10D9D000000000000000070004FC00000000F7F653
:10D9E00001080403FA010800070205000000000016
:10D9F0000000000000000A01FF000000000000001D
:10DA000000000000000300FB0000000000FD030315
:10DA10000000FE00FF0200FE00FEFFFD000000000F
:10DA2000FE0000FEFE0000FE00FD00000000000001
:10DA3000000000FEFE00FE00FC00ED0000FD000303
:10DA4000050000FD02020503FD030000F7000000D1
:10DA50000000000000000000FA00000000000000CC
:10DA600000000000000000FCFEF800FAFF000000CB
:10DA700000000600FBFF000000FD0000FFF40000B6
:10DA8000000000000000000000F3FF06000000009E
:10DA90000000000000000000F9000000000000008D
:10DAA0000000000500020000FD0000000000000072
:10DAB000000000000000000000000601000000005F
:10DAC0000000000000000000000000000000000056
:10DAD0000000000000000000000000000000000046
:10DAE00000000000FA00000000000000000000003C
:10DAF000000000000000000000000001030205FE1D
:10DB0000000003FEFBEA01040300FE00060005001E
:10DB10000500F100FE050005FE0302000000FE0006
:10DB200000FD0D000D00050007020305000000FACE
:10DB30000000000000FF0001FDFEFD0100FE0000EE
:10DB400000FA0000000000000000000000F60000E5
:10DB50000000000000000000000000000000F700CE
:10DB6000F600000000FF0010FEFE0202FF00FE02B1
:10DB70000000F80000000000000000000000F000BD
:10DB800002000000000000000000000000F6000A93
:10DB90000000FA000500F5F0F5FD050000F50002B3
:10DBA000FC00FE0000000000000000000000000477
:10DBB00005EC00000000000000000000000008006C
:10DBC0000100000000000101FEFD000000FE000059
:10DBD000FF000000FD00FF00FCFD00FCFBFBFD0062
:10DBE000FD00FD00000000FF0000020001FE00003B
:10DBF00000000002FF000000FF020200000000FD24
:10DC000000000000000000000002FF00FE00FD0018
:10DC100000FF00050000FE00000000000000FFFF04
:10DC20000000FE00FE000000000000000000FFFFFA
:10DC300000FEFE0000000000000000FF00FEFEFEEF
:10DC4000000000000000000000FF00000000FFFED8
:10DC500000FE00FBFFFB030000FD02030400FC00CC
:10DC6000FE0000F802FF01F802000000F800F8FFD3
:10DC7000F2FF00F80003040002000000000000FDB5
:10DC8000FE00FB000000FE000000FE00000000009F
:10DC9000FFFF00FFFE00000000000000FEFE00FF8E
:10DCA000FEFF0000FE000000000000000000000079
:10DCB000FFFF00FE00FF00FD020000FE0102020067
:10DCC0000000000000FF0000000000010000FE0056
:10DCD000FEFFFE000000000000000100FF00000049
:10DCE00000FEFE00FD0005FF00FB000004F8F8F94F
:10DCF000FD0200FFF6FD00FD00FD02FDF600FC0048
:10DD000000010001FF000200FBFA00F8FCFDFCFB33
:10DD1000FEFC00FDFC01000000FE0000000100020E
:10DD20000000000000000000000000FE00FF0000F6
:10DD3000FE00FDFCFC0000FB000000000000FF00F6
:10DD400000000001FF0000000200000000000000D1
:10DD5000000800000000000001000000FE000000BC
:10DD60000000000000000000FD00020000000000B4
:10DD70000000000000000000FF000000FD000000A7
:10DD800000F8FB000000FEF80000FE0200FC0000AE
:10DD90000000000000000000FD0000FD0000000089
:10DDA00000000000000000000200FD000000000272
:10DDB0000001FDFD00FEFEFE000000000000FB0073
:10DDC000FE00FEFE00FCFCFBFF00FD00FB0000006F
:10DDD000000D0000010000FE000200F9000000003C
:10DDE00000F1FD0505FFF90002FE00F8FFFE02F557
:10DDF000FE020002FAFEFAFBF90000F6000900003C
:10DE0000FF000000FFFFFEFCFB00F100000000002F
:10DE10000000000000000000000000000000000002
:10DE20000000000000FE00FFFEFE0000FD00FE00FE
:10DE300000000000000000000000000000000000E2
:10DE4000FD000003000200FC02FF00FCFE00FEFEDD
:10DE5000FF00FEFD0000FF00FFFDFE0000FE0002CF
:10DE6000FF00FC000000FD00FD00FDFD02000000C1
:10DE70000000000000FD0200FE00FFFEFBFFFFFFB0
:10DE800000FFFE000000000000FEFFFF0000000099
:10DE900002FF00FF000000FFFEFFFFFEFF00010683
:10DEA0000000FC00FF0300FEF9FE020000F8FD0286
:10DEB000FD0100FFFFFB00FE010000FD000000026D
:10DEC00002FDFD00FDFEFEFEFE00FD01FDFD050064
:10DED0000000000000000000020000000000000040
:10DEE0000000000000000000000000000000000032
:10DEF000FD00000000000000000000000000000025
:10DF00000000000000000000000000000000000011
:10DF1000000000000000000000000000FF00000002
:10DF200000000000000000000000000000000000F1
:10DF300000000000000000000000FFFE00000000E4
:10DF40000000000000000000FE0000FE0000FEFED9
:10DF500000000000FE00000000FF0000000000FFC5
:10DF600000000000FE00FD000000FB0001FC0300BB
:10DF7000FFF80000FCFE00FAFCFC0000F9FEFAFAD3
:10DF8000F800FC00010BFE00FCFE00FEFDFCFDFAAB
:10DF9000F9FCFE0000FF00000000F5FF0504FCFA9C
:10DFA0000000FB00F8FFFE03F1FE000000F6FEF8A3
:10DFB000FEF40000F500090000FF00000000FFFF74
:10DFC000FAFF00F600000000FB00FF0000FCF80074
:10DFD00000FFFEFBFE00FF00000000F9FEFBFBFF60
:10DFE000FDFCFEFD00FDFFFBFE00FEFDFEFD000151
:10DFF00000FFFB000300FD00000000020001FD0720
:10E0000000FEFEFE000000000000FB00FE00FEFE21
:10E0100000FCFCFBFF00FD0106000000000D0000FD
:10E02000010000FE000200000000000000000000EF
:10E0300000000000FFFD0000000000FF000000FEE7
:10E04000FE0000FDFE0000FD0003FF0000000000D8
:10E05000000100000000020301FF00FBFD0005FBC2
:10E06000FBFDFD060302F2FF03FE00FE02FEFA00C6
:10E07000FE02FEFFFBFF0000050300FC00F7FE05AB
:10E08000FEFA00FEFBFBFE060200FE00FC0001059E
:10E09000FCFAFAFC050000F4FF02FDFFFC00FCFAAC
:10E0A000FEFEFF0000FCFDFE000504FEF700F7FE8B
:10E0B00000FAF700FBFDFBFC040000FE00FDFF0082
:10E0C000FEFD0003FB020000F800FEFCFDFFFBFC70
:10E0D000FBFC00FBFEFCFDFBFE00000008FD00FB5E
:10E0E000FE00FEFDFCFCFCFAFEFD0300FE00F8FE57
:10E0F0000103FBFAFDFB05FE01F1FD03FCFDFA0047
:10E10000FBF9FEFEFFFEFDFB0000000504FFF6002C
:10E11000F6FC04FAF5FDFAF9F8FB0300000000FE36
:10E12000000002FE0301FD030000FB0000000000F0
:10E1300000FF000000000000FE00000000010500DC
:10E1400000FE00000000FFFFFE00000000010000D4
:10E1500000000100FF000600030000FE00030000B5
:10E1600000010000000000000000000000050004A5
:10E170000000000000000000000000000000F600A9
:10E18000FE03000500001002FDFD0202FF00F80082
:10E190000008F60000000000000000000000F50686
:10E1A00016000000000000000000000000F6000063
:10E1B000000000000000000000000000000000005F
:10E1C0000000000000000000FD0000FDFF00000056
:10E1D000000000000000000000000000000000003F
:10E1E000FF00FC00000000000215FDFF0504FC021A
:10E1F00000000202FE00000000000000000000001D
:10E20000EB0400000000000000000000000000001F
:10E21000000000FC000000FC00000000FCFF00000B
:10E2200000FC00FE00F800000000000000000000FC
:10E2300000F50000000000000000000000FE0000EB
:10E24000FD00FE00FC000000FD02FE0000FCFEFCE4
:10E250000000FC00FE00F800FE0000F3FDFAFEFAEC
:10E260000000F500FCFF0000000000000000FEFDC3
:10E27000FFFD00000000FC00FC02FE0300FFFCFFAD
:10E28000FDFD00FEFFFF01FC00000000F2FFFE00AC
:10E29000FC00FFF8FF0000FFFF000000000100FF8E
:10E2A000FDFF03000000000000000000000000006F
:10E2B000000000000000000000000000000000005E
:10E2C000000000000000000000000000000002004C
:10E2D0000000000000FC00FF000000FD0200000044
:10E2E000FCFEFD0000FC00FE00F800000000F00055
:10E2F000FDFAF80000F500FFFE000000000000003D
:10E3000000FEFEFFFE00000003FE000508FEFEFB0F
:10E3100002080304FC0207020504040000000000D8
:10E320000000000000000A08FDFE00FF0D070D00C0
:10E330000000020000060000FD00000000000000D8
:10E340000000FF00000000000000000200000000CC
:10E35000F3FEFFF9F80000F50000000000000000E7
:10E36000000000000000000000FD000000000000B0
:10E37000000000FF0000000000000000020000009C
:10E3800000F3FEFFF9F80000FA00000000000000B2
:10E39000000000000000000000000000FF0000007E
:10E3A000FC0200FE010302FB0000FF02000100006E
:10E3B0000000FC00FFFFFD00FFFA000AFE00FCFF6A
:10E3C00000FFFD00FEFCFDFE000000FD000000005F
:10E3D0000000000000FF000000000000000002003C
:10E3E000000000F3FEFFF9F80000F5000000000057
:10E3F000000800000000000000000000FD00FBFE1F
:10E40000FF05FFFEFA00FF00FFFC00040001000111
:10E41000FCFAFE00FAFDFCF9FA00FDFDFEFEFFFF2E
:10E42000FEFF00FF00020002FF00050000000000E8
:10E4300000000000000000FFFEFE0000FC00FF00E6
:10E44000FD0000000000000000000000F6000000D9
:10E450000000000000000000FEFE00FE00000000C2
:10E46000FF0000FDFE0200FDFDFF00FBFFFCFFFEC4
:10E4700000FD0000000000000000000000F50005A5
:10E480000000FD00000000FE00FE0000FF0000FF95
:10E4900000FC000007FEFBFB01020200FC01020180
:10E4A000050105FFFC0000FA0000FBFC0000FD0078
:10E4B000FEFD00FE00FE00FF0200FFFBFE06000066
:10E4C000FF00FD000002FC0002FE010000FB00FF57
:10E4D0000000FE02FF000000F9FEFC00FB0000F857
:10E4E0000006FE00FD000100FE00FEFB00FE020033
:10E4F000000000FF000002FE000000FEFF00FE0022
:10E50000000000000000000000000000000000000B
:10E51000F600040000FF000000000000FEFE000006
:10E52000000300040000000000F6F700070503FAEE
:10E5300001070006000300000000000000000000CA
:10E5400000080000000000000000000000000000C3
:10E5500000000000A4D9030868D8030806D90308FE
:10E560003D3100000CC10308D4D2030840D8030891
:10E5700054E503081000022874020020D911020893
:10E58000191102080B00020000FF010064E50308F6
:10E5900000000000000000000EA0D90D90C80C8003
:10E5A000B70A60110B80D91F0991F0881F0880F00D
:10E5B00088000000000D203C00000F0069002FFFC4
:10E5C000FFFFF7015C11A610006900C3000088007E
:10E5D000D2009FFFFFFFF012C523E22000D203C04C
:10E5E0000000F004B0000000700000000E00000009
:10E5F00000E0000019EFEA300CD6E6A702F40E00A6
:10E60000001F80E000006FEF50000016FFE50000E3
:10E610000E0AF00100E05F13F85E6EB005CFFE91C8
:10E6200000000E0000000070000008DD3000A700B0
:10E630004B02D004C0007700D01D20004B03D0A7B0
:10E64000000007DC34C4CC3000001D2D22D00000B7
:10E65000A63B00B30005C03A00A3001D200D00D06A
:10E6600000A60004CC40004DFC300000F718C000AC
:10E6700001F205D00000BB6E4000005FF300000710
:10E68000E6DB03802F301DBAA05F0001DF401FB41E
:10E6900048FEC003BFFC40B200000000001F01F0B4
:10E6A0001F00F0000003F10B900F404F007D009B16
:10E6B00000AA00AA009B007D004F000F400B9003B2
:10E6C000F15E000E6008C004F001F300F500E60002
:10E6D000E600F501F304F008C00E605E0000930050
:10E6E00088A6C209FE404DDDB142935000520000A1
:10E6F0000450000008A0000008A0001FFFFFF30363
:10E7000039B3300008A0000008A0000103F61E6025
:10E71000E12C00000003FFF90333100003F52E4045
:10E7200000000E400004E000009A00000E400004CB
:10E73000F000009A00000E400003F000009A000074
:10E740000E500003F000009A00000E500003F0008D
:10E7500000004CFE70004FB68F900DB0005F32F499
:10E760000000E74F20000CA4F20000CA2F40000E6A
:10E7700070DB0005F204FB68F90004CFE700EFFB53
:10E7800044CB00AB00AB00AB00AB00AB00AB00ABCD
:10E7900000AB07DFEA108E857EC0010006F10000A5
:10E7A00006F000000D900000CC00001CC00001DB52
:10E7B00000001DE544427FFFFFF97FFFFFF0244486
:10E7C0005F900000BC000009E100003FD810000489
:10E7D0006DD0000002F4100002F4BD757DD019DF89
:10E7E000EA1000000DA0000000AC00000007E100EE
:10E7F00000004F40100002F600F5001DA000F500DB
:10E800007FFFFFFFF3133333F730000000F5000004
:10E810000000F50009FFFFF00AB444400C8000003E
:10E820000E7000000FFFFC4003345CF2000000F7A4
:10E83000100000F78E856CF108DFFB30002AEFD561
:10E84000003FD657400CC0000002F40000004F5BB0
:10E85000FFA104FE845DD03F80003F30E80003F25A
:10E8600006F845DC0005DFE9109FFFFFFD9D4444ED
:10E87000E99C0004F200000BB000002F400000AD46
:10E88000000001F6000008E000000E8000006F109C
:10E8900000019EFE9100BE636EC00F60006F00CC51
:10E8A000202BC002EFFFE200DC424CD05F20001FB3
:10E8B00055F20002F50ED535DE001AEFEA1003BF5F
:10E8C000EA202FA44BE18E0000E99D0000DD4F718E
:10E8D00029FF07FFFC9E000210AC000002F607654E
:10E8E0008FB00AEFD7002E53F50000000000003F64
:10E8F00052E42E53F50000000000002E52F60D21C8
:10E90000D001000000003100006CF2018ED6000F33
:10E91000C300000AFB40000017EE70000005C300B2
:10E920000000001FFFFFF30333333000000000003E
:10E930000000001FFFFFF303333330040000000E1C
:10E94000D71000005CF92000002AF20003AFB106E6
:10E95000DE82001C6000000000000007DFEA109E5D
:10E96000746EC0010006F0000009C000008E200097
:10E9700006F2000008700000000000000B8000009C
:10E980000C900000006CEFDA4000003DA41016D996
:10E990000001E509EE98CA900A80BD43AFC0D30FCD
:10E9A00013F2000CC0693C06D00007C03B4B06D0F8
:10E9B0000007C02C3C03F2000CC04A0F10BD439E60
:10E9C000E3C50A8009EE91CF9001E5000000000048
:10E9D000003DA41028000000007CEFD910000000CA
:10E9E0000CF1000000003FD700000000B96E0000ED
:10E9F0000002F20E50000009A007D000001F3000F6
:10EA0000F400007FFFFFFB0000E733334F2005F0E9
:10EA100000000C900C90000006F18FFFFEC408E38C
:10EA2000334BF28E00001F58E00018F18FFFFFF803
:10EA300008E33337F68E000009C8E000009D8E33EE
:10EA4000347F78FFFFFD700007CFFB4000CF966A50
:10EA5000F50AE20000301F600000004F20000000B7
:10EA60004F200000001F600000000AE2000030019B
:10EA7000CF966AF50007DFFB408FFFFEA4008E44AF
:10EA800046CF708E000007F38E000000DA8E000083
:10EA9000009D8E0000009D8E000000DA8E000007B1
:10EAA000F38E4446BF708FFFFEA4008FFFFFF68EEB
:10EAB0004444418E0000008E0000008FFFFFC08E96
:10EAC0003333208E0000008E0000008E4444428FBD
:10EAD000FFFFF98FFFFFF68E4444418E0000008E49
:10EAE0000000008E0000008FFFFFC08E3333208EA9
:10EAF0000000008E0000008E0000000007CFFC50D8
:10EB000000CF966AF60AE20000201F600000004F66
:10EB1000200000004F200000B91F600000B90AE388
:10EB20000000B900CF966AF80007DFFC608E000095
:10EB300008E8E000008E8E000008E8E000008E8FFC
:10EB4000FFFFFFE8E333339E8E000008E8E000009B
:10EB50008E8E000008E8E000008E8E8E8E8E8E8EE7
:10EB60008E8E8E8E02FFFFC00444BC000009C000E0
:10EB7000009C000009C000009C000009C02000BAF1
:10EB80000EB58F603CFE808E00004F508E0004F664
:10EB9000008E003F70008E03F800008E2EC0000033
:10EBA0008EECF600008FB07F30008E000AE1008E00
:10EBB0000000CC008E00001EA08E0000008E000021
:10EBC000008E0000008E0000008E0000008E00000D
:10EBD000008E0000008E0000008E4444408FFFFF36
:10EBE000F28E00000008E8F7000002FE8FF100003E
:10EBF000BFE8DCA0004F9E8D2F300D87E8D09C062B
:10EC0000E07E8D01E7E507E8D006FC007E8D000A76
:10EC10002007E8D00000007E8E100008E8FC00000D
:10EC20008E8FF90008E8E6F6008E8E09F308E8E01A
:10EC30000CE18E8E001EB8E8E0003FEE8E00006F03
:10EC4000E8E00000AE0007CFEB500000CF966BF974
:10EC5000000AE200005F601F6000000AD04F200041
:10EC60000006F04F20000006F01F6000000AD00AE6
:10EC7000E200005F6000CF966BFA000007DFEB5008
:10EC8000008FFFFD7008E4458FB08E00005F38E014
:10EC90000001F58E00003F48E0014DD08FFFFFB22C
:10ECA00008E33310008E00000008E00000000007B9
:10ECB000CFEB500000CF966BF9000AE200005F60D6
:10ECC0001F6000000AD04F20000006F04F20000017
:10ECD00005F01F6000000AD00AE200005F6001DF5B
:10ECE000855AFA000008DFFC5000000001EC219476
:10ECF0000000001BFFC10000000012008FFFFD702C
:10ED000008E4458FB08E00005F38E00001F58E000A
:10ED1000003F38E0014DD08FFFFFC208E333DA0037
:10ED20008E0002F608E00005F3019EFDA200CE640D
:10ED30006B702F40000001F800000006FD950000F8
:10ED4000016AEE500000009F00200005F13FA5473A
:10ED5000EB004BEFE910FFFFFFFF2444BD444000F0
:10ED600009C00000009C00000009C00000009C00D9
:10ED7000000009C00000009C00000009C000000065
:10ED80009C00009C00000BA9C00000BA9C00000B76
:10ED9000A9C00000BA9C00000BA9C00000BA8E00F8
:10EDA000000D94F40003F50CF868FD0009EFE9107C
:10EDB0000CB000000AC05F200001F500E900008EE1
:10EDC0000008F0000E70001F6005F10000AD00C9E2
:10EDD000000003F43F3000000CBAC00000005FF5F3
:10EDE00000000000EE00006F10000DB00002F21FE6
:10EDF00060003FF10008D00BB0008BE6000D7006FC
:10EE0000F000E69B002F2001F503F14F108D00006C
:10EE1000CA09B00E60D800006F0E6009B2F300009E
:10EE20001F9F1004F9D000000CFB0000EF800000D1
:10EE300007F600009F30003F50000DA008F2009D33
:10EE40000000CC04F300002F9E70000006FC0000C0
:10EE50000009FE1000004F4DB00001E802F7000B62
:10EE6000D0007F207F20000BD00CB000009C002F32
:10EE700050002F30009E000C900000E805F10000CB
:10EE800005F3E60000000CFD000000003F4000001C
:10EE90000002F3000000002F3000000002F3000029
:10EEA0004FFFFFFF9144444AF3000003F6000001C6
:10EEB000EA000000CC0000009E1000006F4000003F
:10EEC0003F7000001ED4444436FFFFFFFC8FF68DD8
:10EED000318D008D008D008D008D008D008D008D99
:10EEE000008D008D008D318FF65D000000F2000076
:10EEF0000B8000006D000001F200000B8000006D2F
:10EF0000000001F200000B7000006D000001F20033
:10EF1000000B7000006D000001F2BFF325F302F357
:10EF200002F302F302F302F302F302F302F302F339
:10EF300002F325F3BFF300AD00001EC4000885A056
:10EF400000E20E105B00970B5002E0EEEEEEE00BDD
:10EF5000C00009B004CFEA100B745DB0000004F0EB
:10EF600004CEEEF21F8214F24F1004F21F703DF235
:10EF700004DFD7F2BA000000BA000000BA000000B7
:10EF8000BA8EFC30BFD54BF3BE1000CABA00007E6B
:10EF9000BA00007EBE1000CABFD55BF3B98EFC304C
:10EFA000007DFD6009F748F42F5000205F0000004D
:10EFB0005F0000002F50002009F748F4007DFD603D
:10EFC0000000001F40000001F40000001F4008EF97
:10EFD000C4F40AF748FF42F50007F45F00002F452C
:10EFE000F00001F42F50006F40AE637EF4008EFC01
:10EFF0004F40008EFC400AD538F42F20008C5FEE85
:10F00000EEFF5F2111112F70001009F846E4007D1A
:10F01000FE80009EE305F44108C000CFFFF029D335
:10F020002008D00008D00008D00008D00008D00088
:10F0300008D000007EFC4E60AF747FF62F50005F5A
:10F0400065F00000F65F00000F62F60006F609F7B3
:10F0500047FF5007EFC4F50000003F20CB646EB0BF
:10F0600003AEFD8000BA000000BA000000BA000044
:10F0700000BA8EFB20BFC56DD0BE0003F2BA0000FF
:10F08000F4BA0000F5BA0000F5BA0000F5BA0000C5
:10F09000F5BAA800BABABABABABABABA000AB0008F
:10F0A0009900000000AB000AB000AB000AB000AB52
:10F0B000000AB000AB000AB000AA064E71DFA0BA89
:10F0C000000000BA000000BA000000BA001CC0BA7C
:10F0D00001CC00BA1CD100BBCF6000BFDBE100BD9A
:10F0E00011DC00BA003F70BA0007F3BABABABABA74
:10F0F000BABABABABABAB99EFA15DFD40BFB45ED63
:10F10000E64AF2BE0006F6000E7BA0004F2000C9C2
:10F11000BA0003F1000C9BA0003F1000C9BA000325
:10F12000F1000C9BA0003F1000C9B99EFB20BFB4AA
:10F130005DD0BE0003F2BA0000F4BA0000F5BA00D8
:10F1400000F5BA0000F5BA0000F5007DFD60009FF3
:10F15000748F702F50007F05F00001F35F00002FC7
:10F1600032F50007F009F748F70007DFD600B98E3F
:10F17000FC30BFC43AF3BE1000CABA00007EBA0029
:10F18000007EBE1000CABFD55BF3BA7EFC30BA0069
:10F190000000BA000000BA000000008EFC3F40AF43
:10F1A000748EF42F50007F45F00001F45F00002FB3
:10F1B00042F50007F40AF748FF4008EFC4F40000E6
:10F1C000001F40000001F40000001F40B98E4BFDFD
:10F1D00071BE100BB000BA000BA000BA000BA0006B
:10F1E00005DFEA13F735A06F000001EE9610016A03
:10F1F000EF300000D96C646F62AEFD7008D000087B
:10F20000D000CFFFF029D32008D00008D00008D0CC
:10F210000008D00005F551009FE3C80002F3C800C4
:10F2200002F3C80002F3C80002F3C90003F3AB0005
:10F2300007F35F837EF306DFC5F30D90000AA06E2F
:10F240000001F300F5007D0009C00E60003F24F0CE
:10F250000000C8B9000006FF3000000FC000C80061
:10F2600006F1000D56D000CF6003F01F302F9C0038
:10F270009A00B807B2F10E4005E0D60C74E0000F1A
:10F280006F007C990000AFA001FF400005F4000B67
:10F29000E0004F3007E109D02F4000D9D900003FEE
:10F2A000D000004FE10001E7BB000BB01E707E10E4
:10F2B00005F30D90000AA06F0001F300F6007D0039
:10F2C00009C00D60002F34F00000C9A9000005FF3F
:10F2D0002000000EC0000000E5000094AD00001BFF
:10F2E000FC2000005FFFFFA13337F40001E70000BE
:10F2F000CB00008E10004F40001EA33326FFFFFC02
:10F30000006EA00F9201F4001F4001F4003F303F57
:10F31000C0006F3001F4001F4001F4001F4000FAEC
:10F320002005EA8B8B8B8B8B8B8B8B8B8B8B8B8BBF
:10F330008BBE5002AE0005F0005F0005F0004F10DC
:10F3400000DF104F5005F0005F0005F0005F002A5D
:10F35000E00BE40007EC40B41E25DFC00100000014
:10F3600004CC302B01C05700932B01C005CC3006D4
:10F37000A10FF60BE20000000000000000000000FA
:10F3800000027BFB000000049DFFFFD00003AFFFE5
:10F39000FFFFFD0000AFFFFFFFDFD0000AFFFFB659
:10F3A00010ED0000AF9400000ED0000AF100000044
:10F3B000ED0000AF1000000ED0000AF1000045FD86
:10F3C0000000AF1001EFFFD0179DF1005FFFFC0EB2
:10F3D000FFFF1000AFFD31FFFFE00000010003BDA3
:10F3E000A3000000000050188888888405FABFDD5B
:10F3F000DDDDFDAFE47F100000CA4EE04F100000DD
:10F40000C80EFEEF100000CFEFE03FEEEEEEF80E7C
:10F41000F68F766666EB6FF8AF100000CC8FE03F9A
:10F42000100000C80EFCDF655555EECFC25FFFFF30
:10F43000FFF92C57750577777775FFFF1FFFFFFFE3
:10F44000FFFFFF2FFFFFFFFFEFFF0EFFFFFFFE019C
:10F45000100011111110EFFE0EFFFFFFFEFFFF2F36
:10F46000FFFFFFFFFFFF1FFFFFFFFF688707888881
:10F47000888668870788888886FFFF1FFFFFFFFF51
:10F48000FFFF2FFFFFFFFFDFFD0DFFFFFFFD000070
:10F49000000000015000000000001DF80000000006
:10F4A00001DFFD000000001DFFE22D600001DFFE16
:10F4B00020DFF7001DFFE2008FFF71DFFE20000854
:10F4C000FFFEFFE20000008FFFFE2000000008FFAB
:10F4D000E200000000007D200000000000000000AD
:10F4E0007F60000BE2EFF600BFF84FFF6BFFD10427
:10F4F000FFFFFD10005FFFE10000BFFFF6000BFF04
:10F50000DFFF60BFFD14FFF5CFD1004FF6171000ED
:10F51000036000000011000000000000FF00000078
:10F52000006F21FF12F70006FF61FF16FF601FF951
:10F5300001FF109FF16FE001FF100EF6AF8001FF99
:10F540001008FACF6001FF1006FCAF8000AA000887
:10F55000FB7FD00000000DF71FF80000008FF107BF
:10F56000FF91002AFF70009FFFEEFFF9000005CF1A
:10F57000FFFD5000000002442000000000000000D9
:10F58000000000000AFFA0000000000CFFC0000007
:10F5900003D6DFFFFD6D300EFFFFFFFFFFE05FFFD3
:10F5A000FFAAFFFFF51AFFF4004FFFA103FFD000F1
:10F5B0000DFF3004FFF0000FFF404FFFFB22BFFFA5
:10F5C000F42FFFFFFFFFFFF209FEFFFFFFEF9000A8
:10F5D000505EFFE5050000000CFFC00000000004C5
:10F5E0007740000000000003100341000000009F6E
:10F5F000F50DF50000001BFDFF8DF5000002DFB1E9
:10F600002DFFF500004FF83EC2BFF50007FF55FF84
:10F61000FE39FE409FE38FFFFFF56FF6AC2AFFFF38
:10F62000FFFF73E6005FFFFFFFFFF100006FFFD7F2
:10F630007FFFF200006FFF900DFFF200006FFF9060
:10F640000DFFF200004FFF700BFFE10000000033E0
:10F6500000000000000BFFB0000000000CFFC00025
:10F660000000000CFFC0000000000CFFC000000004
:10F67000000CFFC00000008FFFFFFFF800002EFF0E
:10F68000FFFFE2000002EFFFFE200000002DFFE27E
:10F690000000799982DE289997FFFFFB22BFFFFFC8
:10F6A000FFFFFFFFFFFFFFFFFFFFFFFAB3CFACCC71
:10F6B000CCCCCCCCCA0006BBBBBBBA3000004FFFE1
:10F6C000FFFFFFE10000EF30000006FB0009F8003B
:10F6D000000000CF504FD0000000002FE1DF844237
:10F6E0000000344BF9FFFFFD0001FFFFFBFFFFFFB0
:10F6F000988BFFFFFCFFFFFFFFFFFFFFFCFFFFFFFB
:10F70000FFFFFFFFFB9FFFFFFFFFFFFFF600000073
:10F710000000003300018DFFC600EF004EFFFFFF29
:10F72000E4DF04FFB3004CFFFF0EF90000008FFF81
:10F730006FC00001FFFFFF8E500001DEEEED000004
:10F74000000000000022222200000021FFFFFF1025
:10F750000008F8FFFBBC10001EF4FFFC100001DFE6
:10F76000C0FEEFE8448EFE10FE1AFFFFFFC100FD51
:10F770000028BB940000000002700002EF0002EFBE
:10F78000FDFFFFFFFFFFFFFFFFFFFFFFFFFFFFFF8B
:10F79000FFFF3447FFF00005FF000005C000000038
:10F7A0000000027000000002EF00000002EFF00015
:10F7B0000DFFFFFF0220FFFFFFF08E1FFFFFFF0086
:10F7C000E7FFFFFFF03F5FFFFFFF08903447FFF0C8
:10F7D00000000005FF0000000005C0000000000060
:10F7E000000000000000000770000000027000052B
:10F7F000FA0000002EF000814F600002EFF001DD02
:10F8000007F0DFFFFFF0321E80F6FFFFFFF08E27CC
:10F81000E0B9FFFFFFF00E73F19BFFFFFFF03F54D5
:10F82000F09AFFFFFFF0890AC0D83447FFF0007F4D
:10F8300043F300005FF002F60CB0000005C00000CA
:10F84000BF10000000000009E300000000000002FB
:10F85000100037888888888873EFFFFFFFFFFFFE5E
:10F86000FE32DFFFFFFFFFF9007FFFFDFFFFFD100E
:10F87000CFFFA07FFFFFFFFFFA0007FFFFF35FA0AE
:10F880000000CFFF3003000000CFFC0000000000AC
:10F89000CFFFCCCCCCCCCCFFAFFFFFFFFFFFF900FC
:10F8A000002000000001FA00000006FF1000000D1B
:10F8B000FF7000006FFFF10001EFFFFA000BFFFF88
:10F8C000FF605FFFFFFFE0CFFFFFFFF6FEBFFFFF20
:10F8D000F9FD4FFFFFF9BF49FFFFF53FE52EFFD0D0
:10F8E00006FFFFFD200028BA600004300000311F31
:10F8F000E00006F91FE0007FFA1FE009FFFA1FE0B1
:10F90000AFFFFA1FEBFFFFFA1FFFFFFFFA1FFFFF1A
:10F91000FFFA1FE6FFFFFA1FE05FFFFA1FE004FF98
:10F92000FA1FE0003EFA0FD00002D70000000000EE
:10F930000200000000000CFB2000000000FFFF9010
:10F940000000000FFFFFE6000000FFFFFFFC30009B
:10F950000FFFFFFFFF9100FFFFFFFFFFE60FFFFF1D
:10F96000FFFFFFF2FFFFFFFFFFFD0FFFFFFFFFF8AD
:10F9700000FFFFFFFFB2000FFFFFFD400000FFFF91
:10F98000F70000000FFFA1000000006A4000000027
:10F9900000001444200144420DFFFF10DFFFF1FF7F
:10F9A000FFF30FFFFF3FFFFF40FFFFF4FFFFF40FE8
:10F9B000FFFF4FFFFF40FFFFF4FFFFF40FFFFF4F7C
:10F9C000FFFF40FFFFF4FFFFF40FFFFF4FFFFF407B
:10F9D000FFFFF4FFFFF40FFFFF4FFFFF30FFFFF3C8
:10F9E0009FFFC009FFFC001444444444420DFFFF44
:10F9F000FFFFFFF1FFFFFFFFFFFF3FFFFFFFFFFFE5
:10FA0000F4FFFFFFFFFFFF4FFFFFFFFFFFF4FFFFCC
:10FA1000FFFFFFFF4FFFFFFFFFFFF4FFFFFFFFFFB1
:10FA2000FF4FFFFFFFFFFFF4FFFFFFFFFFFF4FFF51
:10FA3000FFFFFFFFF39FFFFFFFFFFC00021000002E
:10FA4000420FE20003FB0FFE3004FB0FFFF404FB48
:10FA50000FFFFF54FB0FFFFFFAFB0FFFFFFFFB0F32
:10FA6000FFFFFFFB0FFFFFD6FB0FFFFD14FB0FFF98
:10FA7000C104FB0FFB0004FB0CA00003FA00000014
:10FA8000000000000012000000000003FF60000002
:10FA900000002EFFF500000001EFFFFF4000001DF9
:10FAA000FFFFFFF30000CFFFFFFFFE200AFFFFFF75
:10FAB000FFFFE00EFFFFFFFFFFF20399999999996D
:10FAC00050058888888888700FFFFFFFFFFFF30FBD
:10FAD000FFFFFFFFFFF40BFFFFFFFFFFD100000060
:10FAE000000000003F9000003FFC00003FFD1000C0
:10FAF0003FFD10003FFD10001FFD100000CFF4007F
:10FB00000000CFF4000000CFF4000000CFF40000AC
:10FB100000CFE0000000A4000000000000CD1000B5
:10FB2000001FFD1000003FFD1000003FFD10000011
:10FB30003FFD1000003FFD000008FF900008FF900F
:10FB40000008FF900008FF900002FF90000007806F
:10FB5000000000000004500000000002FF600000F0
:10FB600000003FF70000000003FF70000000003FAE
:10FB7000F7000006999AFFC99980FFFFFFFFFFFF7A
:10FB80003DFFFFFFFFFFF201113FF71110000003DF
:10FB9000FF70000000003FF70000000003FF70004E
:10FBA0000000000CD30000006999999999980FFF03
:10FBB000FFFFFFFFF3DFFFFFFFFFFF20000000005C
:10FBC000000000000156640000000003BFFEEFF9D2
:10FBD0001000007FFA1003DFE40008FFA009B41E44
:10FBE000FF504FFF200BFF26FFE1EFFF09CFFF6320
:10FBF000FFFABFFF09FFFF54FFF61EFF51DFFB09AD
:10FC0000FFB003EFE204305FFC10002CFF956AFFA9
:10FC10009000000049DFFD9200000000000000009D
:10FC2000000000CD20000000000000008FF500144F
:10FC3000664000000004EFACFFEFFF910000001CE5
:10FC4000FFA1004DFE300000009FF5AB31EFF40046
:10FC500007B105FFFFE17FFE100FFE302DFFF54FCE
:10FC6000FF900CFFE000AFF65FFF6002FFF40006BC
:10FC7000FFEFFB00004FFD10003EFFC0000002DF61
:10FC8000E85401BFE300000005AEFF6007FF60001D
:10FC90000000000000004EF600000000000000011F
:10FCA000A10000000000000000000000003ED000A5
:10FCB00000000000000CFF80000000000006FFFFB5
:10FCC000200000000000EFFFFB00000000008FFCA0
:10FCD000CFF4000000002FFB00FFD00000000BFF5E
:10FCE000C00FFF70000004FFFD01FFFF100000DFE8
:10FCF000FFE02FFFFA00007FFFFF9BFFFFF3001FD5
:10FD0000FFFFB00EFFFFC00AFFFFFE24FFFFFF60F2
:10FD1000FFFFFFFFFFFFFFFA06CCCCCCCCCCCCCB57
:10FD2000300000000000360000000000007F80DD91
:10FD3000DB00008DEFF8FFFFB007FFFFFD556FF40C
:10FD40006FF8AFE2000574FF907E2000003FFA00DC
:10FD500000000002EFB2504A00012EFD1DF48FB0EA
:10FD6000FFFFD10BFFFFFBFFFE2000CFFFFB1221A7
:10FD70000000029FC000000000005B00000007A020
:10FD80000000000008FFB000000008FFFFB0000006
:10FD900008FF95FFB00008FF9005FFB007FF900037
:10FDA00005FFB09F90000005FD004000000003101B
:10FDB0004C20000000B60BFE200000CFF02EFE20ED
:10FDC00000CFF4002EFE20CFF400002EFECFF40072
:10FDD00000002EFFF4000000002EF40000000000E0
:10FDE0001300000000083000000000000000BFF316
:10FDF00008BBBBBB90000BFFFF39FFFFFFF1008F7B
:10FE0000CFCFF000000AF100382F948000000AF1F3
:10FE100000002F900000000AF100002F9000000366
:10FE20000AF130002F9000001FCBF8F8002FEBBB39
:10FE3000BB39FFFFE2001FFFFFFFB09FFD20000066
:10FE40000000000008D10037888700000000EFFFA5
:10FE5000FFA0000000FFFFFFFDCCCCB6FFFFFFFFBF
:10FE6000FFFFFFFFFFFFFFFFFFFFFFFFFFFFFFFFA2
:10FE7000FFFFFFFFFFFFFFFFFFFFFFFFFFFFFFFF92
:10FE8000FFFFFFFFFFFFFFFFFFFFFFFFFFAFFFFFD2
:10FE9000FFFFFFF900000000000000000001DD107E
:10FEA000000000001DFFD100000001DFFFFD100079
:10FEB000001DFFFFFFD100009FFFFFFFF9000001C1
:10FEC0001CFFC1100000000CFFC0000000000CFF70
:10FED000C0000000000CFFC0000079993BFFB399FF
:10FEE00097FFFFB2442BFFFFFFFFFEDDEFFFFFFF99
:10FEF000FFFFFFFAB3CFACCCCCCCCCCCCA00000017
:10FF000000000200000000000004FFC70000000025
:10FF100000AFFFF0000000001FFFFD000000000622
:10FF2000FFFFC00000000008FFF700000000000C09
:10FF3000FF300000000004FFC00000000001EFF3EC
:10FF400000004A3002DFF80005DFFE15EFFB00007D
:10FF5000EFFFFFFFFA00000BFFFFFFF70000007F3D
:10FF6000FFFFA200000002BA850000000000048626
:10FF70000000001006FFFA0002DFD1EF3CF101DFC4
:10FF8000FA0EE0AF21DFFA009FEFF6DFFA00008DF6
:10FF9000FFFFFB00000006FFFD00000048EFFFF63A
:10FFA00000006FFFFBFFF6000EF3CF23FFF600EE1D
:10FFB0000AF204FFF609FEFC0004FFF108DA100063
:10FFC00002620000000000000000006FFFF98700DF
:10FFD0000008FFFF98F708A68FFFF95990FFA8FFC8
:10FFE000FFFCCC0FFA8FFFFFFFF1FFA8FFFFFFFF21
:10FFF0001FFA8FFFFFFFF1FFA8FFFFFFFF1FFA8F20
:020000040804EE
:10000000FFFFFFF1FFA8FFFFFFFF1FFA7FFFFFFFCA
:10001000F0FFE3122222210FFFFFFFF90000ACCC1A
:10002000CCCB5000004999999995000EFFFFFFFF36
:10003000F600FD2222224FF60FC0000001FFF3FC64
:100040000000001FFF6FC0000002FFF6FFFFFFFF70
:10005000FFFF6FFFFFDCFFFFF6FFFFB005FFFF6F45
:10006000FFF6000FFFF6FFFFC006FFFF6FFFFFED7B
:10007000FFFFF69FFFFFFFFFFD10CDDDDDDDDDDDC6
:100080002FFFFFFFFFFFF312222222222200000097
:10009000000000000000000000000FFFFFFFFFFF56
:1000A000F3DEEEEEEEEEEE200000000000000000B9
:1000B000000000000DEEEEEEEEEEE2FFFFFFFFFFB0
:1000C000FF3000000000000037888888888873EFC0
:1000D000FFFFFFFFFFFEEFFFFFFFFFFFFE1CFFFF25
:1000E000FFFFFFC1D28FFFFFFFF82DFF64EFFFFE80
:1000F00045FFFFFA2BFFB2AFFFFFFFD3553DFFFFD8
:10010000FFFFFFBBFFFFFFFFFFFFFFFFFFFFAFFF93
:10011000FFFFFFFFF9000000000001FFFFF00004F7
:10012000FFFFD00006FFFF800008FFFF30000AFF3E
:10013000FFAAA60CFFFFFFF80EFFFFFFE10BDDDFBC
:10014000FF6000004FFD0000007FF3000000BFA033
:10015000000000FF10000003F800000003C00000D2
:100160000000200000000455EFB5520000FFFD1F05
:10017000FFB0000FFFFFFFFC0000FFFF5333200024
:100180000FFF97FFFB5700FFF8AFFFC6F80FFF8A7E
:10019000FFFC4AA1FFF8AFFFE3220FFF8AFFFFFF3A
:1001A000F4FFF8AFFFFFFF4FFF8AFFFFFFF4355268
:1001B000AFFFFFFF40000AFFFFFFF400007FFFFFDB
:1001C000FE20000001100000000000AF0000000051
:1001D000018FFA30000002EFFFFF500000BFFFFF69
:1001E000FF10001FFFFFFFF50003FFFFFFFF700080
:1001F0005FFFFFFFF90008FFFFFFFFC000DFFFFF09
:10020000FFFF209FFFFFFFFFFD0EFFFFFFFFFFF23D
:10021000022222222221000008FFC0000000000963
:10022000A20000005BBBBBBBBBBBBBA3FFFFFFFFD0
:10023000FFFFFFFBFC0C30E11D0D11FCFC0B30E05F
:100240001D0D10FCFFFEFFEFFEFEEFFCFFF15A0854
:1002500070A05FFCFFF37B2992C27FFCFFBFCBBB8A
:10026000BBBFCBFCFC0B2000000D00FCFFCFCCCCB7
:10027000CCCFCCFB9FFFFFFFFFFFFFF6000000008D
:1002800000000200000000000005DFB000000000D8
:1002900007EFFFD000000018FFFFFF70000029FFEC
:1002A000FFFFFF00003BFFFFFFFFF8000AFFFFFF1B
:1002B000FFFFF1000FFFFFFFFFFFA000049AAAAFAE
:1002C000FFFF20000000000EFFFB00000000000EFA
:1002D000FFF400000000000EFFC000000000000E50
:1002E000FF5000000000000DFD00000000000004B1
:1002F000B300000035555502000FFFFFF2F400FF78
:10030000FFFF2FF40FFFFFF2FFF3FFFFFF32221F6B
:10031000FFFFFFFFF7FFFFFFFFFF8FFFFFFFFFF86C
:10032000FFFFFFFFFF8FFFFFFFFFF8FFFFFFFFFF54
:100330008FFFFFFFFFF8FFFFFFFFFF8FFFFFFFFFB4
:10034000F88AAAAAAAAA30000000245531000000A9
:100350000003AFFFFFFFC7000002BFFFFEDEFFFF8D
:10036000F6005FFFB51000038EFFB0DFD300000082
:1003700000008FF5180005AEFEC81004600002DF13
:10038000FFFFFFF80000000CFF95347DFF400000E8
:1003900002A20000007700000000000296000000AA
:1003A000000000000DFF500000000000000EFF6084
:1003B00000000000000005DA000000005BBBBBBBD2
:1003C000BBBBBBBA20FFFFFFFFFFFFFFFF90FC128C
:1003D00022222222220FF7FC5FFFFFFFFFFF2CFAF1
:1003E000FC5FFFFFFFFFFF21FAFC5FFFFFFFFFFF46
:1003F00027FAFC2666666666661FFAFEBBBBBBBBB9
:10040000BBBBBFB1AFFFFFFFFFFFFFFF500000000E
:100410000000000000005BBBBBBBBBBBBBBA20FF46
:10042000FFFFFFFFFFFFFF90FC1222222221000F9F
:10043000F7FC5FFFFFFFF8000CFAFC5FFFFFFFF81F
:100440000001FAFC5FFFFFFFF80007FAFC26666672
:100450006663000FFAFEBBBBBBBBBBBBBFB1AFFF4C
:10046000FFFFFFFFFFFF5000000000000000000042
:100470005BBBBBBBBBBBBBBA20FFFFFFFFFFFFFFEC
:10048000FF90FC1222221000000FF7FC5FFFFFD04C
:1004900000000CFAFC5FFFFFD0000001FAFC5FFFD8
:1004A000FFD0000007FAFC2666665000000FFAFE37
:1004B000BBBBBBBBBBBBBFB1AFFFFFFFFFFFFFFFC2
:1004C000500000000000000000005BBBBBBBBBBBDA
:1004D000BBBA20FFFFFFFFFFFFFFFF90FC122200CF
:1004E0000000000FF7FC5FFF300000000CFAFC5F1B
:1004F000FF3000000001FAFC5FFF3000000007FA47
:10050000FC2666100000000FFAFEBBBBBBBBBBBBEA
:10051000BFB1AFFFFFFFFFFFFFFF50000000000073
:10052000000000005BBBBBBBBBBBBBBA20FFFFFF37
:10053000FFFFFFFFFF90FC0000000000000FF7FC32
:100540000000000000000CFAFC00000000000001A8
:10055000FAFC00000000000007FAFC0000000000A8
:10056000000FFAFEBBBBBBBBBBBBBFB1AFFFFFFF06
:10057000FFFFFFFF5000000000000000000000002F
:10058000000007B20000000000000ADFFA000000CF
:10059000000000A93DF5000000044002E00010004A
:1005A0000000AFF80B600000006C30FFFFFFFFFFA2
:1005B000FFFFFFF4AFF9000C5000006D4005500044
:1005C00004C00000100000000000C43EE80000006D
:1005D0000000002EEFFA000000000000004FFA00BB
:1005E00000000000000000000000000001100000FA
:1005F0000007EFFFB30000AFFD8FFF2004FFFD09F0
:10060000FFB00AFEFD12AFF00EF55D2C0EF30FFFEA
:1006100033129FF50FFFF307FFF60FFFE206FFF619
:100620000FFE24137FF50DF57D2C0DF30AFFFD1150
:10063000BFF003FFFE0BFFA0007FFEBFFE10000314
:10064000ACDC810000003443000005667FFFF966E2
:1006500050FFFFFFFFFFFF356666666666501CCCE5
:10066000CCCCCCC402FFFFFFFFFF602FF3FB7F6DFC
:10067000F602FF2FB7F5DF602FF2FB7F5DF602FF7A
:100680002FB7F5DF602FF2FB7F5DF602FF2FB7F586
:10069000DF602FF3FB7F6DF601FFFFFFFFFF5007C9
:1006A000BCCCCCCC90000000000000012000000079
:1006B000000004FF500000000002FFFF5000000097
:1006C0000439FFFE00000004FF39FFA0000004FF12
:1006D000FF39B0000004FFFFFF20000004FFFFFF10
:1006E000B0000004FFFFFFB0000004FFFFFFB000F8
:1006F0000004FFFFFFB0000000BFFFFFB0000000DC
:100700000DFFFFB000000000FFFFB0000000000977
:10071000A8600000000000000017888888888740D3
:100720000002EFFFFFFFFFFFF4003EFFFFCFFFCF10
:10073000FFF703EFFFF908F809FFF83EFFFFFE207F
:10074000402EFFF8DFFFFFFFE101EFFFF89FFFFF03
:10075000FF80008FFFF809FFFFF902C209FFF800D0
:100760009FFFFE4EFE4EFFF80009FFFFFFFFFFFF59
:10077000F700008FFFFFFFFFFFC100000000000037
:1007800003EFFFFFE203FBFBCEBFA4FF1D03A1FAB3
:10079000FFF1D03A1FAFFFFFFFFFFAFFFFFFFFFFA0
:1007A000AFFFFFFFFFFAFFFFFFFFFFAFFFFFFFFFFE
:1007B000FAFFFFFFFFFFAFFFFFFFFFFAFFFFFFFFA3
:1007C000FFADFFFFFFFFF829AAAAAAA800000000BA
:1007D0000000000300000000000004F100082000F9
:1007E0000001FF100BF70000002FF10CFF944444B0
:1007F00045FF1BFFFFFFFFFFFFF18FFFFFFFFFFF25
:10080000FD007FF70000000000006F6000000000A6
:1008100000003000000000000000000000000000A8
:100820000000C003000000000000C003030A000035
:100830000F008005050500051C00D0090A0A00000C
:100840004E00B008090F00FE9200D00B0C0A000009
:10085000CE00A0090A0B00FF0501F0020305000508
:100860000D01B004040E01FD2901C004040E00FDB9
:100870004501A005060600055701200808070002EB
:1008800073013003030500FE7B01600505030003CF
:1008900083013003030300008801F004070EFFFF0B
:1008A000B9015009090A0000E6013005040A0000F8
:1008B000FA011008080A000022020008080A0000D5
:1008C0004A0260090A0A00007C021008080A0000B7
:1008D000A402A008090A0000D1026008080A00006A
:1008E000F9020009090A00002603A008080A00000E
:1008F0004E033003030800005A033003030B00FDCE
:100900006B032008080800018B032008080600027A
:10091000A303200808080001C3030008080A000018
:10092000EB03800E0E0D00FD4604400A0C0AFF008A
:100930008204A00A090A0100AF04200A0A0A000082
:10094000E104900B0A0A010013056009080A01007E
:100950003B05E008080A01006305D00A0A0A000006
:100960009505600B090A0100C2055004020A010046
:10097000CC053007070AFF00EF05100A0A0A01003C
:1009800021065008080A01004906600D0B0A010003
:100990008006600B090A0100AD06C00B0C0A0000BE
:1009A000E906200A090A01001607C00B0C0D00FD1C
:1009B0006407300A090A01009107B008090A00001B
:1009C000BE073008090A0000EB07100B090A0100F6
:1009D0001808F0090B0AFF004F08C00F100A0000AA
:1009E0009F0870090A0A0000D10810090B0AFF00CD
:1009F00008093009090A00003509B004040E01FD98
:100A00005109F004070EFFFF8209B004040E00FD37
:100A10009E09300807060102B3090007070100FF1D
:100A2000B709600805020109BC0960080808000050
:100A3000DC099009080B0100080A000808080000FA
:100A4000280A9009090B00005A0A900808080000BB
:100A50007A0AF004060B00009B0AB009090B00FD9E
:100A6000CD0A9009080B0100F90AE003020B01000E
:100A7000040B0004050EFEFD270BA008080B010067
:100A8000530BE003020B01005E0BD00E0D080100BA
:100A9000920B900908080100B20BE0080908000059
:100AA000D60B9009080B01FD020C9009090B00FD03
:100AB000340CC00505080100480C000707080000B9
:100AC000640CD005060A0000820C800908080100A9
:100AD000A20CD0070908FF00C60C900C0D080000FE
:100AE000FA0CC007080800001A0DD007090BFFFD1B
:100AF0004C0D500707080000680DF004050E00FDBE
:100B00008B0D3004020E01FD990DF004050E00FD61
:100B1000BC0D200808030003C80DE005060500060B
:100B2000D70D600404030003DD0D000E0F0FFFFE60
:100B30004E0E000E0E0B00009B0E000E0E0D00FF61
:100B4000F60E000E0E0B0000430FA0090A0B00006A
:100B50007A0F000E0E0F00FEE30F000E0E0F00FEC8
:100B60004C10C00F100D00FFB410000E0E0F00FE51
:100B70001D11C00F100B00007511000E0E0F00FEAE
:100B8000DE110007070C00FF0812800A0B0C00FFA3
:100B90004A12C00F100E00FEBA12000E0E0B00001B
:100BA0000713A0090A0F00FE5213400C0A0E01FEA3
:100BB0009813400C0D0F00FEFA13400C0D0D00FFB2
:100BC0004F14400C0D0D00FFA414400C0A0E01FE42
:100BD000EA14400C0E0DFFFF4515C008090D00FF7B
:100BE0008015C008090D00FFBB15400C0D0D00FF5E
:100BF0001016400C0D0400032A16C00F100B000045
:100C000082168011120F00FE0917C00F110FFFFE90
:100C10008917000E0E0D00FFE417400C0D080001AF
:100C20001818400C0D0800014C188011120B000020
:100C3000AF18000E0E0B0000FC18000E0E0F00FE89
:100C40006519000E0F0FFFFED619400C0D0D00FFA9
:100C50002B1A400C0D0F00FE8D1A400C0D0D00FFDD
:100C6000E21A400C0D0C00FF301B000E0E0B0000B2
:100C70007D1BC0080A0FFFFEC81B400C0D0F00FEB5
:100C80002A1C400C0D0F00FE8C1CC00F100B000026
:100C9000E41C000E100FFFFE5C1D800A0B0F00FE0F
:100CA000AF1D8011120D00FF241E8011120A0000DA
:100CB0007E1E8011120A0000D81E8011120A000048
:100CC000321F8011120A00008C1F8011120A0000CE
:100CD000E61F8011120C00FF5220400C0C0F00FE8A
:100CE000AC20400C0D0F00FE0E21000E0F0FFFFE7A
:100CF0007F218011120B0000E221800A0B0F00FE01
:100D00003522100E0F0A00000000721F51EF58EF3D
:100D10005BEF5CEF5DEF61EF63EF65EF69EF6CEF49
:100D200071EF76EF77EF78EF8EEF93EF98EF9BEF21
:100D30009CEF9DEFA1EFA2EFA3EFA4EFB7EFB8EF09
:100D4000BEEFC0EFC1EFC4EFC7EFC8EFC9EFCBEF05
:100D5000E3EFE5EF14F015F017F019F030F037F08D
:100D60003AF043F06CF074F0ABF03BF190F191F19C
:100D700092F193F194F1D7F1E3F13DF254F2AAF438
:100D800012F7F2F7200000005F00010000000000F1
:100D90000000000000000200B0000000F3F7600057
:100DA000080D0408000000003E00030000000102DE
:100DB0000003040502060708090A090A0B0C000DC6
:100DC0000E0F101112130C14140000001516171832
:100DD00019161A1B1C1D1D1E1F201D1D1621222346
:100DE00003241E2525262728292A2B002C002D2EFA
:100DF0002F303132332D343435302D2D2E2E3637E1
:100E00003839333A3A3B3A3C290000093D090000A1
:100E100000000000000000000000000000000000D2
:100E200000000000000000000000000000000000C2
:100E300000000000000000000000000000000000B2
:100E4000000000000000000000000000010200039C
:100E5000040502060708090A090A0B0C0D0E0F10FB
:100E6000110C121314151500000016171819171974
:100E700019191719191A1919191917191719031BFB
:100E80001C1D1D1E1F20212223002400252627278C
:100E900027002726282926262A2A272A272A2B2CF4
:100EA0002D2E2E2F2E3000002309310900000000C6
:100EB0000000000000000000000000000000000032
:100EC0000000000000000000000000000000000022
:100ED0000000000000000000000000000000000012
:100EE0000000000000000000000100000000000001
:100EF00000010000020000000002000000000000ED
:100F000000000000000000000000010000000000E0
:100F1000000000000000000000010A0006FB0000C5
:100F20000000F4F3020B0504F7020B0109020700AD
:100F3000000000000000000000000D02FE000000A4
:100F40000000000000000000000400F900000000A4
:100F500000FC04040000FE00FE0200FE00FEFFFC98
:100F600000000000FE0000FDFD0000FE00FC00008F
:100F700000000000000000FEFE00FD00FA00E50099
:100F800000FC0004070000FC02020704FC0400004F
:100F9000F30000000000000000000000F800000066
:100FA0000000000000000000000000FAFDF500F75E
:100FB000FE00000000000900F9FEFF0100FC000037
:100FC000FEEF0000000000000000000000EEFE093F
:100FD000000000000000000000000000F70000001A
:100FE000000000000000000700020000FC000000FC
:100FF00000000000000000000000000000000902E6
:1010000001000000000000000000000000000000DF
:1010100000000000000000000000000000000000D0
:101020000000000000000000F800000000000000C8
:1010300000000000000000000000000000000002AE
:10104000040207FE000004FEF9E102060400FD00B0
:10105000080007000700EB00FD070007FE04020080
:101060000001FE0000FC1200120007000903040743
:10107000000000F80000000001FE0002FCFDFC0280
:1010800000FE000000F7000000000000000000006B
:1010900000F100000000000000000000000000005F
:1010A0000001F400F200000000FE0016FDFD020247
:1010B000FE00FD020000F40000000000000000003F
:1010C0000000EA0002000000000000000000000034
:1010D00000F2000D0000F8000700F1EAF1FC070043
:1010E00000F10003FB00FD00000000000000000014
:1010F0000000000607E500000000000000000000FE
:1011000000000B000200000000000202FDFC00FFD6
:10111000FFFE0000FE000000FC00FE00FBFC00FAE9
:10112000F9F9FC00FC00FC00000000FE00000200D9
:1011300002FE000100000002FE000000FE0202FFAD
:10114000000000FC00FF0000000000010003FE00A2
:10115000FD00FC0000FE00070000FE000000000093
:10116000FF01FEFE0000FE00FE0000000000000087
:101170000000FFFF00FEFD0000000000010000FE77
:1011800000FEFEFE000000000000000000FF000066
:101190000000FEFD00FD00F9FEF9040000FC020461
:1011A0000600FAFFFD00FFF502FE02F40200000156
:1011B000F400F4FEEDFE00F500040600030000005C
:1011C000000000FCFD00F9000000FE000000FE0031
:1011D00000000000FFFF00FFFD0000000000000015
:1011E000FEFE00FEFDFE0000FE000000000000000C
:1011F00000000000FEFE00FD00FE00FC020000FDFD
:10120000010202000000000000FE000000000002D9
:101210000000FE00FEFEFD000000000000000200D5
:10122000FE00000000FEFD00FC0007FE01F90000CA
:1012300006F5F4F7FC0200FEF1FC00FC00FC03FCE8
:10124000F200FA000001FF02FE000200F9F700F5CB
:10125000FBFBFBF9FDFA00FCFA01000100FE0000B7
:10126000000200020000000000000000000000FE7C
:1012700000FF00FFFE00FCFBFBFF00F90000000088
:101280000000FE0000000001FF000000020000005E
:1012900000000000000B0000000000000200000041
:1012A000FE0000000000000000000000FC00020042
:1012B000000000000000000000000000FE00000030
:1012C000FC00000000F5F9000000FDF50000FE0242
:1012D00000FA00000000000000000000FC0000FC1C
:1012E0000000000000000000000000000200FC0000
:1012F000000000030002FCFC00FEFEFD00000000F8
:101300000000F900FE00FDFE00FBFAF9FE00FC0003
:10131000F900000000120000010000FD000200F6CC
:101320000000000000EBFC0707FEF70002FD00F5DF
:10133000FFFD02F0FE030003F8FDF8F9F70000F3EB
:10134000000D0000FF000000FFFFFEFAF900EB00B7
:10135000000000000000000001000000000000008C
:10136000000000000000000000FE00FFFEFD000085
:10137000FC00FE0000000000000000000000000073
:101380000000FF00FC000004FF0300FB02FEFFFA68
:10139000FE00FDFEFE00FDFC0000FEFFFEFCFD0069
:1013A00000FE0002FE00FB000000FC00FC00FCFC54
:1013B000020000000000000000FC0200FD00FEFD35
:1013C000F9FEFEFEFFFEFDFF0000000000FEFEFE37
:1013D0000000000003FE00FE000000FEFDFEFEFD1A
:1013E000FE000209FF00FA00FE0400FEF7FD030004
:1013F00000F5FC02FC0200FEFEF900FD010000FC0D
:101400000000000202FCFC00FCFEFDFEFE00FC01F0
:10141000FCFC0700000000000000000002000000CB
:1014200000000000000000000000000000000000BC
:1014300000000000FC0000000000000000000000B0
:10144000000000000000000000000000000000009C
:10145000000000000000000000000000000000008C
:10146000FE0000000000000000000000000000007E
:101470000000000000000000000000000000FEFE70
:10148000000000000000000000000000FD0000FD62
:101490000000FEFE00000000FE00000000FF000053
:1014A000000000FE00000000FD00FC000000F9004C
:1014B00002FB0400FEF50000FBFE00F7FAFA000054
:1014C000F6FEF7F7F500FA00020FFD00FBFEFFFE47
:1014D000FCFAFCF8F7FBFE0000FE00010000F0FE45
:1014E0000705FBF80001F900F5FEFE04EBFD010025
:1014F00000F1FDF4FEF00000F0000D0100FE000020
:101500000000FFFEF7FE00F100000000F900FE0001
:10151000FFFAF50000FFFDF9FE00FE00000000F6F6
:10152000FEF9F9FEFCFAFEFC00FCFEF9FD00FDFCF4
:10153000FEFC000100FEF9000400FC0000000003B6
:101540000002FC0900FEFEFD000000000000F900A2
:10155000FE00FDFE00FBFAF9FE00FC02090000009F
:1015600000120000010000FD000200000000000069
:101570000000000000000000FEFC0000000000FF72
:10158000000000FEFE0000FCFE0000FC0004FF0066
:1015900000000000000100000000030402FE00F94A
:1015A000FC0007F9F9FCFC090402EDFE04FE00FE54
:1015B00002FEF800FE02FDFEF9FE0000070400FA3C
:1015C00000F4FD06FDF701FDF9F9FE090200FD003A
:1015D000FA000207FBF8F7FA070001F0FE02FCFE32
:1015E000FB00FBF8FDFDFE0000FBFBFE000705FE17
:1015F000F400F4FD00F8F3FFF9FCF9FA060000FD31
:1016000000FCFE00FEFC0004F9020000F400FEFBFA
:10161000FCFEF9FAF9FB00F9FEFBFCF9FE00000103
:101620000BFC00F9FE00FEFCFBFAFAF7FDFC0400DF
:10163000FD00F5FD0104F9F8FCF907FE01EBFC04DF
:10164000FBFCF800F9F7FDFEFEFEFBF9FF000007CA
:1016500006FEF100F3FB05F7F1FCF8F7F5F90400DD
:10166000000000FD000002FD0402FC040000F9FF80
:1016700000FF000101FE000000000000FE0000006D
:101680000002070000FD00000000FEFEFD0000005B
:101690000102000000000200FE000900040101FD3B
:1016A0000004000000020000000000000000000034
:1016B000000700060000000000000000000000001D
:1016C0000000F300FE04000700001603FCFC020209
:1016D000FE01F500000BF300000000000000000018
:1016E0000000F1091F0000000000000000000000E1
:1016F00000F30000000000000000000000000000F7
:10170000000000000000000000000000FC0000FCE1
:10171000FE000000000000000000000000000000CB
:1017200000000000FE00FA0000010000021DFCFEA7
:101730000706FA0200000202FD000000000000009F
:1017400000000000E30600000000000000000000B0
:1017500000000000000000FA000000FA0000000095
:10176000FBFF000000FB00FD00F500000000000092
:101770000000000000F10000000001000000000077
:1017800000FE0000FC00FD00FA000000FC02FD006D
:1017900000FAFEFB0000FA00FE00F500FE0000EE7D
:1017A000FCF7FEF80000F100FAFF00000000000066
:1017B0000000FDFCFEFC00000000FB00FB03FE043B
:1017C00000FEFBFEFCFC00FDFFFE02FAFF00000035
:1017D000ECFEFD00FB00FEF5FE0000FEFE0000003A
:1017E000000200FEFCFE04000000000000000000FB
:1017F00000000000000000000000000000000000E9
:1018000000000000000000000000000000000000D8
:10181000000003000000000000FB00FE000000FCD0
:1018200002000000FAFEFC0000FA00FE00F50000D5
:101830000000EA00FCF8F50000F100FEFD000000E9
:101840000000000000FEFDFFFD01000004FD000798
:101850000BFEFEF9030B0405FA0309030605060057
:10186000000000000000000000000E0BFCFE00FE67
:10187000120A12000000020000080000FC00000034
:10188000000000000000FE00000000000000000357
:1018900000000000EDFDFEF7F50000F10000000083
:1018A00000000000000000000000000000FC00003C
:1018B00000000000000000FE00000000000000002A
:1018C0000300000000EDFDFEF7F50000F70000004A
:1018D0000000000000000000000000000000000008
:1018E000FE000000FB0200FE020402F90000FE02FE
:1018F000000200000000FA00FEFEFC00FEF7000EF1
:10190000FE00FBFE00FEFC00FEFAFCFD000000FCF9
:10191000000000000000000000FE000000000000C9
:1019200000000300000000EDFDFEF7F50000F100EF
:1019300000000000000B000000000000000000009C
:10194000FC00F9FDFE07FEFEF701FF01FEFA0005AF
:1019500000020102FBF7FD00F7FCFAF7F700FCFCC0
:10196000FDFDFEFEFDFE00FEFF030003FE0007007E
:101970000000000000000000000000FEFEFE00006D
:10198000FA00FF00FC000000000000000000000062
:10199000F30000000000000000000000FEFE00FD5B
:1019A00000000000FE0000FCFE0200FCFCFE00FA4D
:1019B000FEFBFEFD00FC0000000000000000000037
:1019C00000F100070000FC00000000FD00FE000028
:1019D000FF0000FE00FB000009FDF9F90202020011
:1019E000FA020302070207FEFA0000F70000F9FA04
:1019F0000000FC00FDFC00FD00FD00FE0300FEF900
:101A0000FE080000FE00FC000003FB0002FE0200D6
:101A100000F900FEFF00FE02FE000000F7FDFB00E3
:101A2000F90000F50008FE00FC000100FE00FEF9D0
:101A300000FE0200000000FE000002FD010000FDAB
:101A4000FE00FD000000000000000000000000009B
:101A500000000000F200050000FE00000000000091
:101A6000FEFE0000000400050000000000F2F3018B
:101A70000A0704F702090008000400000000000043
:101A800000000000000C000000000000000000004A
:101A90000000000000000000E80E0408AC0D04087F
:101AA0004A0E04083D31000098E5030818080408B0
:101AB000840D0408981A0408100002287C020020F3
:101AC000D9110208191102081000030000FF0100DB
:101AD000A81A040800000000000000006FC6FC5FA8
:101AE000B4FA4FA3F93F92F82F71D60001949FE406
:101AF000F9BE01F8BE01F8AD01F7AD00F7AD00F792
:101B000057008300007F0004F2000000AC0007F0E3
:101B1000000000CA0009D0000DFFFFFFFFFFF8061C
:101B200088FB888EC8840002F4000F70000003F266
:101B3000000F50000005F1002F40000007F0004F9B
:101B400020007FFFFFFFFFFFE0388DD888CF88702F
:101B5000000D9000AC0000000F7000CA0000001FD4
:101B60005000E80000000005F00000000005F00053
:101B700000000005F000000007CFFFC81001DFFEE5
:101B8000FDFFD008FC15F006600CF305F000000C1A
:101B9000F505F0000006FE76F00000008FFFF9402A
:101BA0000000027CFFFE40000005F4AFF2000005DB
:101BB000F009F7010005F006F80C9205F02DF40C81
:101BC000FFEDFDFFA0004AEFFFC600000005F0009A
:101BD00000000005F00000000002700000009EE917
:101BE000000000DA0000AD44DA00009E10001F4043
:101BF00004F1004F400003F1001F301E9000002F41
:101C00003003F10AD0000000CB11BB05F300000047
:101C100001CFFC11E81AFE7000001100AD0AD45F7C
:101C2000600000005F32F3007E0000001F704F0074
:101C300004F000000BC004F0003F000006F2002F8B
:101C40002006E00002F70000BB23E60000CC000005
:101C500001AFE80000019DFD700000000DF97BF769
:101C60000000004F9000DC0000005F7000EC0000FE
:101C7000001FE11BF400000005FDEF500000000410
:101C8000EFF3000000008FC7FD20083007F9005F68
:101C9000E21F800EE00005FEAF300FD000004FFCC9
:101CA000000DF700005EFF3004FFEBBEFE6FF20098
:101CB00029DFFC7003B000000000000000BEBEADD4
:101CC000ADAD57000ED0007F6000EF0003FA0008B2
:101CD000F5000BF2000EF0000FE0000FD0001FC067
:101CE000000FD0000FE0000EF0000BF20008F5002E
:101CF00003FA0000EE00007F60000ED02FB000AFAE
:101D00003003FA000EF0009F4006F7003FA002FBF0
:101D1000001FC000FD001FC002FB003FA006F7002F
:101D20009F400EF003FA00AF302FB0000009900082
:101D3000260990625FCBBCF502BFFB2007EFFE7067
:101D40006F6996F60109901000066000000000001F
:101D5000000000FA00000000FA00000000FA000095
:101D60000000FA0000AFFFFFFFF46AAAFDAAA2007C
:101D700000FA00000000FA00000000FA000006A1CE
:101D80000FF80AF705F209C00D709BBBB5DFFFF82D
:101D900007B20FF80AE40000000750000004F70043
:101DA0000000AF1000000FC0000004F6000000AFFC
:101DB0001000000FC0000005F6000000AF1000008A
:101DC0000FB0000005F6000000AF1000000FB000DB
:101DD0000005F6000000BF1000001FB0000006F56F
:101DE000000000BF0000001FB0000006F50000006A
:101DF00000018DFEA3000002EFFDEFF60000DFA161
:101E0000006FF2006FC000007FB00BF4000000FF15
:101E100000EF1000000CF30FF0000000AF50FF00C7
:101E200000000AF50EF1000000CF30BF4000000FA7
:101E3000F006FC000007FB000DFA1006FF20002E44
:101E4000FFDFFF60000018DFEA3000DFFFF4ACCEF8
:101E5000F4000BF4000BF4000BF4000BF4000BF493
:101E6000000BF4000BF4000BF4000BF4000BF40077
:101E70000BF4000BF4006CEFEA3002DFFEDFFF50E2
:101E80005F910009FE001000000EF200000000DF6C
:101E9000200000002FD00000001DF50000001CF8FD
:101EA0000000001DF80000001DF80000002EF700E3
:101EB00000002EF60000002EFFCCCCCC94FFFFFFDC
:101EC000FFFC4FFFFFFFFF03CCCCCCEFD0000000A6
:101ED0002FE20000001DF40000000CF600000009D5
:101EE000FA00000000FFFE8000000668EFC000005E
:101EF0000000DF5000000008F801000000AF77E6A6
:101F000010006FF27FFFEEFFF60028CFFEA3000067
:101F1000000007FB00000000003FD10000000001AE
:101F2000EF30000000000CF600000000008FA00061
:101F300000000004FD00010000002EF2006F7000A0
:101F400000CF50006F700009F900006F70003FFF74
:101F5000FFFFFFFFF22CCCCCCCDFECC10000000077
:101F60007F7000000000007F7000000000007F70A4
:101F70000000FFFFFFFF001FFCCCCCC002FB0000F5
:101F800000004F9000000006F7000000007FECCA40
:101F9000720009FFFFFFF7000000028FF40000004D
:101FA000008FA000000004FC020000006FA3F820D6
:101FB000005FF44FFFEDFFF90017CEFEB500000003
:101FC0005BEFEB60000BFFECDFB000AFB200011085
:101FD00004FC000000000AF4000000000EF06CFF9A
:101FE000C6000FFAFDBCFFA00FFF60002EF50FFA30
:101FF000000005FA0CF7000003FC07FA000005FAE0
:1020000001EF60002EF4004FFEBCFF8000019DFE3A
:10201000B4006FFFFFFFFFF26FECCCCCDFF16F80FD
:1020200000006FA06F800000DF3014200004FC006F
:102030000000000CF5000000003FD000000000AFE1
:102040006000000002FE0000000009F8000000002F
:102050001FF1000000007F9000000000EF20000052
:102060000006FB0000000006CEFEB50000CFFCAC71
:10207000FFB006FC10002DF409F6000008F706FB7F
:1020800000001DF400AFEA9AFF80005EFFFFFE40F3
:1020900006FE61027FF40EF3000005FC1FE0000065
:1020A00000FF0FF1000003FE0AFB10002DF801DF16
:1020B000FCBCFFC00007CEFEB600003AEFEB4000CC
:1020C00006FFDACFF8001FF40001CF505F90000048
:1020D0002FD06F9000003FF12FF40001CFF408FFE4
:1020E000DABFECF5004BEFD91AF4000000000DF355
:1020F000000000001FF000000000AF900040001A38
:10210000FE1006FEDDFFE30003ADFEC710000AE48B
:102110000FF807B20000000000000000000007B246
:102120000FF80AE40AE40FF807B20000000000000C
:102130000000000006A10FF80AF705F209C00D70B3
:1021400000000000630000029FF40005CFFB402860
:10215000EFE81000AFC40000008FFA400000029EBC
:10216000FD710000006CFFB200000039F4000000B7
:102170000001AFFFFFFFF46AAAAAAAA200000000B4
:102180000000000000000000000000AFFFFFFFF4AF
:102190006AAAAAAAA26300000000AFD61000001726
:1021A000DFF930000003AFFC600000016EF40000B6
:1021B00006CFF30039FFD6005DFFA30000AD71002C
:1021C00000002000000000007CEFDA3002EFFCCEBF
:1021D000FF606F800008FE001000000FF10000009B
:1021E00001FE00000000BF60000001CF8000000081
:1021F000CF800000004FC00000000374000000000A
:102200000000000000029300000000AFC0000000CA
:1022100006F8000000000049DFFEC93000000000A1
:102220002DFD97679EFB10000005FD300000004D5E
:10223000E300003FA00058850394BE1000EC002D81
:10224000FFFFD7F51DB006F301EF7104DFF505F2CE
:102250000BD008F700001EF500E70E900CF0000010
:1022600008F500CA0F700EE0000006F500AB0F7015
:102270000DF0000006F500BA0E900AF300000BF511
:1022800000D80BD003FD10007FF703F406F3007FA6
:10229000FA9DF7FEAEC000EC0004CFFB405EFA10E2
:1022A000003FA0000000000000000005FD3000001D
:1022B0000000000000003DFD9768AF7000000000C6
:1022C000005ADFFDB71000000000000EF80000000B
:1022D0000000005FFE000000000000DFAF600000B3
:1022E000000004FA1FD0000000000BF30AF5000004
:1022F00000002FC003FC00000000AF5000CF3000F2
:102300000001FE00005FB0000008F700000EF200C0
:10231000000EFFFFFFFFF900006FDAAAAAAAFF1064
:1023200000DF300000009F8005FB000000002FE070
:102330000CF4000000000AF6EFFFFFFEB5000EFBF4
:10234000AAABDFFA00EF1000004FF30EF10000001F
:10235000AF60EF1000000CF40EF1000029FC00EF5C
:10236000FFFFFFFD100EFBAAAACEFD10EF1000002C
:1023700008FB0EF10000000FF0EF10000000FF1E40
:10238000F10000008FE0EFBAAAABEFF40EFFFFFF01
:10239000FD9200000017CEFEB5000005EFFFDEFF46
:1023A000C1005FF920003BF502FF6000000030082B
:1023B000F900000000000DF300000000000FF00025
:1023C000000000000FF000000000000DF30000000E
:1023D000000008F9000000000002FF60000000306B
:1023E000005FFA30003BF50005EFFFDFFFC10000A2
:1023F00017CEFEB500EFFFFFFDA40000EFDCCCDF41
:10240000FFB100EF1000005DFD00EF10000000CFF5
:10241000A0EF100000001FF1EF100000000AF6EF1F
:102420001000000008F8EF1000000007F8EF10009F
:1024300000000AF6EF100000001FF1EF100000008E
:10244000BFA0EF1000005DFD10EFCCCCDFFFB100AE
:10245000EFFFFFFDA40000EFFFFFFFFF0EFDCCCC60
:10246000CCC0EF100000000EF100000000EF1000E3
:1024700000000EF100000000EFFFFFFFF20EFCCCA9
:10248000CCCC10EF100000000EF100000000EF10A7
:102490000000000EF100000000EFCCCCCCCC3EFFE1
:1024A000FFFFFFF4EFFFFFFFFFEFDCCCCCCCEF1022
:1024B000000000EF10000000EF10000000EF10001F
:1024C0000000EFCCCCCCC1EFFFFFFFF2EF1000001B
:1024D00000EF10000000EF10000000EF10000000FF
:1024E000EF10000000EF10000000000016CEFEB656
:1024F000000005EFFFDEFFD2005FF9200029F702A0
:10250000FF600000002008F900000000000DF3004B
:10251000000000000FF000000000110FF0000000AC
:1025200003FB0DF300000003FB08FA00000003FBAF
:1025300001FF60000003FB005FFA30002AFB00048B
:10254000EFFFDFFFE4000017CEFEB600EF10000043
:1025500000DF2EF10000000DF2EF10000000DF2E72
:10256000F10000000DF2EF10000000DF2EF100007E
:10257000000DF2EFFFFFFFFFFF2EFDCCCCCCCFF222
:10258000EF10000000DF2EF10000000DF2EF100050
:102590000000DF2EF10000000DF2EF10000000DF60
:1025A0002EF10000000DF2EF1EF1EF1EF1EF1EF113
:1025B000EF1EF1EF1EF1EF1EF1EF1EF100CFFFFF56
:1025C000F4009CCCCFF40000000BF40000000BF4EE
:1025D0000000000BF40000000BF40000000BF400FE
:1025E00000000BF40000000BF40000000BF40100ED
:1025F000000DF20CC2006FE00AFFDEFF60006CFF0E
:10260000C500EF1000000BF80EF100000BF800EF12
:1026100010000BF9000EF1000BFA0000EF100AFB9E
:1026200000000EF10AFB000000EF19FF3000000E61
:10263000FAFEFE100000EFFD1AFC00000EFD100C6B
:10264000FA0000EF20001EF7000EF100002FF4004A
:10265000EF1000004FF20EF10000006FD1EF1000FC
:102660000000EF10000000EF10000000EF1000006D
:1026700000EF10000000EF10000000EF100000005D
:10268000EF10000000EF10000000EF10000000EF5E
:1026900010000000EF10000000EFCCCCCCC8EFFF22
:1026A000FFFFFBEF10000000000EFEF9000000002D
:1026B00008FFEFF300000002FFFEFFC0000000BFB4
:1026C000FFEF9F6000004FAFFEF1EE10000DF1FF35
:1026D000EF06F90007F70EFEF00CF301FD00EFEF37
:1026E000003FC0AF400EFEF0009F9FA000EFEF0044
:1026F00001EFF1000EFEF00006F70000EFEF000022
:102700000400000EFEF00000000000EFEF200000CB
:1027100000DF2EFD1000000DF2EFFB000000DF2EA9
:10272000FEF800000DF2EF4FF50000DF2EF15FF331
:10273000000DF2EF108FE100DF2EF100BFC00DF2AF
:10274000EF1001DF90DF2EF10002FF6DF2EF1000BD
:1027500005FFFF2EF1000008FFF2EF1000000BFF55
:102760002EF10000000DF2000016CEFEB5000000B4
:1027700004EFFEDFFFD300005FF920003BFF2001E4
:10278000FF600000009FD008F9000000000DF50D6B
:10279000F30000000006FA0FF00000000003FC0F39
:1027A000F00000000003FC0DF30000000006FA0832
:1027B000F9000000000DF501FF600000009FD0004F
:1027C0005FFA20003BFF200004EFFFDFFFD3000093
:1027D0000017CEFEB50000EFFFFFEC7000EFDCCD80
:1027E000EFFD20EF100002BFC0EF1000000EF3EF6E
:1027F0001000000AF5EF1000000BF5EF1000002F9D
:10280000F2EF100015DFA0EFFFFFFFFB00EFCCCCD5
:10281000B94000EF1000000000EF1000000000EFD2
:102820001000000000EF1000000000000016CEFEB7
:10283000B5000000004EFFFDFFFD3000005FFA20F4
:10284000004BFF20001FF600000009FD0008FA0001
:102850000000000DF500DF30000000006FA00FF059
:102860000000000003FC00FF00000000003FC00D5E
:10287000F20000000006FA009F9000000000CF5018
:1028800002FF500000008FD00006FF920003BFF34C
:10289000000006FFFECEFFE3000000028DFFFD609A
:1028A0000000000000009FE2001A10000000008FEE
:1028B000FBBFF300000000004BEFB300EFFFFFECA5
:1028C0007000EFDCCDEFFD20EF100002BFC0EF1075
:1028D00000000EF3EF1000000AF5EF1000000BF5FA
:1028E000EF1000002FF2EF100015DFA0EFFFFFFF49
:1028F000FA00EFCCCBDF9000EF10001EF200EF10DB
:102900000004FD00EF1000009F90EF1000000DF498
:102910000006CEFEC71000CFFDCDFFD008FC200082
:1029200017600CF3000000000CF40000000006FF2C
:1029300071000000007FFFD9400000016AEFFE40F7
:1029400000000003AFF20000000008F701000000E3
:1029500007F80DB300003EF40AFFFCCEFF900039EB
:10296000DFFEA400EFFFFFFFFFFABCCCDFFCCCC80A
:1029700000002FD0000000002FD0000000002FD05A
:10298000000000002FD0000000002FD00000000049
:102990002FD0000000002FD0000000002FD000003A
:1029A00000002FD0000000002FD0000000002FD02A
:1029B000000000002FD000000FF00000002FD0FF1B
:1029C00000000002FD0FF00000002FD0FF0000000B
:1029D00002FD0FF00000002FD0FF00000002FD0FED
:1029E000F00000002FD0FF00000002FC0FF00000FC
:1029F000002FC0DF30000005FA09F9000000CF60A9
:102A00002FF80001AFE0005FFFDEFFE3000029DFE9
:102A1000FD81000CF5000000000EF105FC00000037
:102A2000006F9000EF30000000DF20007FA000006A
:102A300004FB00001FF200000BF4000009F8000086
:102A40002FD0000002FF00009F60000000BF600167
:102A5000FE000000004FD007F8000000000DF40E4B
:102A6000F10000000006FB5FA00000000000EFEF97
:102A70003000000000008FFC0000000000001FF587
:102A80000000003FD0000000CF60000002FB0DF30B
:102A9000000001FFC0000008F508F8000007FFF182
:102AA00000000DF103FD00000CF8F700003FB0003E
:102AB000DF30002FB2FC00008F50008F80007F506D
:102AC000CF1000DF00003FD000DF007F7003FB006D
:102AD000000DF302FA002FC008F5000008F808F511
:102AE000000CF20EF0000003FD0DF00007F73FB000
:102AF000000000DF6FA00001FC8F500000008FFF7E
:102B0000400000CFEF000000003FFF0000006FFB1F
:102B1000000000000DF90000001FF500001FF30089
:102B20000000BF7005FE100006FB00009FA0002FF4
:102B3000E100000DF600DF40000003FF29F800006F
:102B400000007FEFC0000000000BFF20000000002D
:102B50001EFF7000000000BF9FF300000007FC058F
:102B6000FD0000003FF200AFA00000DF50000DF5B7
:102B7000000AFA000003FF205FD00000007FC00CB5
:102B8000F500000004FB002FE1000000DF20008FB3
:102B90009000007F700000EF30002FD0000005FC97
:102BA000000BF40000000BF605FA000000002FE116
:102BB000EF10000000008FEF700000000000DFD079
:102BC000000000000008F70000000000008F700007
:102BD0000000000008F70000000000008F700000F7
:102BE00000000008F70000000FFFFFFFFFFF40CCD0
:102BF000CCCCCCEFF2000000001DF6000000000B72
:102C0000F90000000008FC0000000005FE100000B4
:102C10000003FF3000000001EF5000000000CF80F3
:102C2000000000009FB0000000006FD10000000015
:102C30004FF2000000001EFECCCCCCCC72FFFFFF98
:102C4000FFFFF9EFFF4EFAA2EF000EF000EF000ECB
:102C5000F000EF000EF000EF000EF000EF000EF0BD
:102C600000EF000EF000EF000EF000EF000EFAA2F1
:102C7000EFFF405700000006F50000001FA0000015
:102C800000CF00000006F50000001FA0000000BFFC
:102C900000000006F50000001FB0000000BF0000AB
:102CA0000006F50000001FB0000000BF1000000586
:102CB000F60000000FB0000000AF10000005F600A5
:102CC00000000FB0000000AF10000005F6AFFF9647
:102CD000ACF9005F9005F9005F9005F9005F900581
:102CE000F9005F9005F9005F9005F9005F9005F924
:102CF000005F9005F9005F96ACF9AFFF900000759A
:102D000000000005FF1000000CBF7000003F49D01C
:102D100000009D03F40001F700CB0007F1006F20D5
:102D20000DA0000F804F300009E00000000000FF00
:102D3000FFFFFFFF333333333327700005FC1000F0
:102D40002DD105BEFEB4007FFDBDFF502A10007FCF
:102D5000E00000000DF20001111CF308EFFFFFF38B
:102D60009FC6444CF3FF00000BF3EF10003FF38FBE
:102D7000D769FEF306CFFC59F33FB0000000003FD7
:102D8000B0000000003FB0000000003FB0000000B5
:102D9000003FB19EFD92003FDEFDCEFE403FFE3083
:102DA000008FE13FF300000AF73FD0000004FA3F34
:102DB000B0000002FC3FD0000004FA3FF300000A1C
:102DC000F73FFE30008FE13FCEFDCEFF403FA19E9A
:102DD000FE92000003AEFE910007FFDCEFE204FE6E
:102DE00040007F60CF400000100FE000000002FCB8
:102DF000000000000FE000000000CF4000001004C1
:102E0000FE40007F6007FFDCEFE20003AEFE9100B2
:102E10000000000001FD0000000001FD00000000B6
:102E200001FD0000000001FD0004BEFC61FD008FFB
:102E3000FDCEFBFD05FE40007FFD0CF5000009FD09
:102E40000FE0000003FD2FC0000001FD0FE00000B7
:102E500003FD0CF4000008FD05FE20005FFD008F5F
:102E6000FBADFBFD0004BEFD70FD0004BEFC600078
:102E7000008FFCBEFC0005FD2000AF800CF30000BD
:102E80000DF00FE1111119F42FFFFFFFFFF60FE412
:102E9000444444410CF30000000004FE40002B2099
:102EA000007FFECDFF600003AEFEA3000006DFD66C
:102EB000006FEAC600CF200000EF0000BFFFFFF167
:102EC0007AFFAAA000EF000000EF000000EF000072
:102ED00000EF000000EF000000EF000000EF000036
:102EE00000EF000000EF00000004BEFD70DF008F67
:102EF000FDCEFCEF05FE40005FFF0CF4000006FF76
:102F00000FE0000000FF2FC0000000FF0FE00000F6
:102F100001FF0CF5000007FF05FE40005FFF008F7A
:102F2000FDBEFCFF0004BEFD71FE0000000003FBBF
:102F300001A400002DF504FFFCBDFFA00028CEFE7B
:102F4000B5003FB000000003FB000000003FB000F0
:102F5000000003FB000000003FB19EFE9103FDEF67
:102F6000DDFFD03FFD2002DF73FF200004FC3FD0D7
:102F700000001FD3FB000000FE3FB000000FE3FB8A
:102F8000000000FE3FB000000FE3FB000000FE3F2A
:102F9000B000000FE03EB07FF0084000003FB03FBF
:102FA000B03FB03FB03FB03FB03FB03FB03FB03FA9
:102FB000B03FB00002EC00005FF1000075000000BF
:102FC000000001FD00001FD00001FD00001FD00027
:102FD00001FD00001FD00001FD00001FD00001FD19
:102FE00000001FD00001FD00001FD00005FA07DB24
:102FF000FF407EFD50003FB0000000003FB00000E9
:1030000000003FB0000000003FB0000000003FB0F3
:103010000002DF503FB0002EF6003FB003EF60002B
:103020003FB03FF600003FB4FF9000003FEFFFF2DB
:1030300000003FFF59FD00003FF400CF90003FB07B
:10304000001EF6003FB00004FF203FB000007FD01C
:103050003FB3FB3FB3FB3FB3FB3FB3FB3FB3FB3F90
:10306000B3FB3FB3FB3FB03FA3AEFD7005CFFC50B9
:1030700003FDFEBCFFAAFEBCFF703FFB1003FFF97F
:103080000004FF13FF100009FE00000BF43FD00006
:10309000006FB000008F63FB000005F9000008F628
:1030A0003FB000005F9000008F63FB000005F90057
:1030B0000008F63FB000005F9000008F63FB000047
:1030C00005F9000008F63FB000005F9000008F6037
:1030D0003FA2AEFE9103FDFFCBEFD03FFC1001CF2E
:1030E00073FF200004FC3FD000001FD3FB00000052
:1030F000FE3FB000000FE3FB000000FE3FB0000009
:103100000FE3FB000000FE3FB000000FE00003AE45
:10311000FD9100007FFDCEFE3005FE40007FE10CFA
:10312000F4000009F70FE0000003FB2FC0000001CE
:10313000FD0FE0000003FB0CF4000009F704FE4063
:10314000007FE1007FFDCEFE300003AEFD91003F29
:10315000A29EFD92003FCEFBADFE403FFD20006FE2
:10316000E13FF3000009F73FD0000004FA3FB00050
:103170000002FC3FD0000004FA3FF300000AF73FD2
:10318000FE30008FE13FDEFDCEFF403FB19EFE925C
:10319000003FB0000000003FB0000000003FB00062
:1031A0000000003FB0000000000004BEFC60FD0015
:1031B0008FFDCEFAFD05FE40007FFD0CF4000009F6
:1031C000FD0FE0000003FD2FC0000001FD0FE00037
:1031D0000003FD0CF4000009FD05FE40007FFD002A
:1031E0008FFDCEFBFD0004BEFC61FD000000000170
:1031F000FD0000000001FD0000000001FD000000D6
:103200000001FD3FA19E83FCEFF73FFE4003FF401E
:10321000003FE00003FC00003FB00003FB00003F64
:10322000B00003FB00003FB00000005CEFEA500973
:10323000FFCBDFD01FE10002302FD00000000DFCDB
:1032400063000002CFFFFB30000147BFF200000027
:1032500009F60930000BF55FFEBBEFC005AEFEC7F7
:10326000000078000000EF000000EF0000BFFFFF4B
:10327000F17AFFAAA000EF000000EF000000EF00CD
:103280000000EF000000EF000000EF000000CF4062
:1032900000006FFBD70007DFD54FA000003FB4FA56
:1032A000000003FB4FA000003FB4FA000003FB4FF7
:1032B000A000003FB4FA000003FB4FB000005FB273
:1032C000FD000009FB0DF70005FFB04FFDADFCFB55
:1032D000003BEFD72FB00DF2000000EF006F900021
:1032E000005F9000FF00000BF20009F60002FB00F7
:1032F000002FC0009F400000BF300FD0000004FA34
:1033000006F70000000DF1DF100000007FBF900005
:10331000000001FFF30000000009FC000000BF10E6
:103320000000EF000001FA5F700005FF600006F585
:103330000FD0000BFFB0000CE00AF2001FABF10051
:103340001F9004F8006F55F7007F3000ED00CE00AD
:10335000EC00DE00008F32F9009F23F800003F9858
:10336000F3003F88F200000DEED0000DDEC000003B
:1033700007FF700007FF70000001FF100002FF1040
:10338000002FE10000DF306FB000AF6000AF706F62
:10339000A00000DF5FD1000003FFF30000000BFB83
:1033A00000000006FFF6000002FE2EF20000DF40E3
:1033B0003FD0009F80008FA05FC00000CF600DF263
:1033C000000000EF006F9000005F8000EF00000B36
:1033D000F20008F70002FB00001FD0009F40000031
:1033E000AF400FD0000003FB06F60000000DF2DF37
:1033F000000000006FCF8000000000EFF20000002E
:103400000008FB0000000000AF40000003003FC0C8
:10341000000002FDBFF300000008EFC40000000040
:103420001FFFFFFFF80AAAAAAFF50000009F900057
:103430000006FC0000003FE1000001DF4000000B3F
:10344000F70000007FB0000004FD1000001EFCAA81
:10345000AAA63FFFFFFFFB003CFA00EFC603FC00FB
:1034600004FA0004FA0004FA0004FA0005FA008ED7
:10347000F600DFE20007F90004FA0004FA0004FA9B
:103480000004FA0004FA0002FD0000EFC6003CFA56
:10349000EEEEEEEEEEEEEEEEEEEEEEEEEEEEEEEE4C
:1034A000EEEEEEAFC3006CFE0000CF3000AF400088
:1034B000AF4000AF4000AF40009F50005FE8002EDB
:1034C000FD009F70009F4000AF4000AF4000AF4044
:1034D00000AF4000CF306CFE00AFC30009EE6000CB
:1034E000D67FABFB26F3B9005EFF903100003200BF
:1034F000006DEA1007E53BC00E4000E41F0000B776
:103500000F3000D508C208E0009FFC20000010002A
:1035100009A28FFC9FFD2DE50000000000000000C7
:1035200000310000000000000015AEFD00000000AA
:1035300000027CFFFFFF0000000049EFFFFFFFFFDC
:10354000000004BFFFFFFFFFFFFF00000FFFFFFFB2
:10355000FFFFFFFF00000FFFFFFFFFFB69FF000001
:103560000FFFFFFE950008FF00000FFFC7300000AF
:1035700008FF00000FF80000000008FF00000FF82F
:103580000000000008FF00000FF80000000008FF26
:1035900000000FF80000000008FF00000FF8000016
:1035A000017BBDFF00000FF800001EFFFFFF0013AE
:1035B0003FF800007FFFFFFF2BFFFFF800004FFFE9
:1035C000FFFCDFFFFFF8000006EFFFA1FFFFFFF7A2
:1035D0000000000220007FFFFFD10000000000007B
:1035E000028AA600000000000000C403FFFFFFFFE6
:1035F000FFFF404CFDCDFFEEEEEEEEFFDCDFFA8A82
:10360000FA00000000AFB8AFF403FA000000009F1A
:10361000404FF404FA000000009F504FFFFFFA00F3
:103620000000009FFFFFF747FD77777777DF847F04
:10363000F403FFFFFFFFFFFF404FF747FD7777776A
:1036400077DF847FFFFFFA000000009FFFFFF40494
:10365000FA000000009F504FF403FA000000009FA2
:10366000404FFA8AFA00000000AFB8AFFDCDFFEE80
:10367000EEEEEEFFDCDFC403FFFFFFFFFFFF404C79
:1036800000000000000000000000DFFFFA0CFFFF58
:10369000FFFFFFFDFFFFFD0EFFFFFFFFFFFFFFFF2F
:1036A000FD0EFFFFFFFFFFFFFFFFFD0EFFFFFFFF10
:1036B000FFFFCFFFF90AFFFFFFFFFFFC0000000044
:1036C000000000000000CFFFF90BFFFFFFFFFFFC31
:1036D000FFFFFD0EFFFFFFFFFFFFFFFFFD0EFFFFE0
:1036E000FFFFFFFFFFFFFD0EFFFFFFFFFFFFCFFF0D
:1036F000FA0BFFFFFFFFFFFC0000000000000000CE
:103700000000CFFFF90AFFFFFFFFFFFBFFFFFD0EE9
:10371000FFFFFFFFFFFFFFFFFD0EFFFFFFFFFFFFAC
:10372000FFFFFD0EFFFFFFFFFFFFDFFFFA0CFFFFB4
:10373000FFFFFFFD0000000000000000000000008F
:103740000000000000004E600000000000000004C7
:10375000FFF7000000000000004FFFFF0000000026
:10376000000004FFFFF60000000000004FFFFF60B4
:1037700006E400000004FFFFF6007FFF4000004F5A
:10378000FFFF6000FFFFF40004FFFFF600006FFF83
:10379000FF404FFFFF60000006FFFFF8FFFFF5004E
:1037A0000000006FFFFFFFFF500000000005FFFF5B
:1037B000FFF50000000000005FFFFF500000000068
:1037C000000005FFF500000000000000005E500052
:1037D00000000000067000000018408FFB00000190
:1037E000DFF4FFFFB0001DFFFB7FFFFB01DFFFF4F5
:1037F00008FFFFBDFFFF40008FFFFFFFF400000840
:10380000FFFFFF40000001EFFFFC0000001DFFFF75
:10381000FFB00001DFFFFFFFFB001DFFFF48FFFFC0
:10382000B0CFFFF4008FFFF9DFFF400008FFF92E53
:10383000F40000008FC00010000000010000000034
:103840000026500000000000000000DFF300000030
:103850000000006400DFF400720000000BFE10DFC7
:10386000F409FE300000AFFF50DFF40EFFE1000569
:10387000FFFB00DFF405FFFB000DFFB000DFF400ED
:103880005FFF404FFF2000DFF4000BFFA08FFB0025
:1038900000DFF40004FFF0BFF70000DFF40001FFD9
:1038A000F1BFF60000DFF40000FFF2BFF700008D6B
:1038B000C10000FFF18FFA000000000004FFF04F8C
:1038C000FF10000000000AFFB00EFFB00000000073
:1038D0004FFF5006FFF900000004FFFC0000AFFF9F
:1038E000D510039FFFF200000BFFFFFFFFFFFF401B
:1038F0000000008FFFFFFFFFD200000000029EFFCC
:10390000FFB60000000000000012100000000000E0
:1039100000000002200000000000000006FFFF6021
:1039200000000000000008FFFF8000000000010010
:103930002BFFFFB2001000008F87FFFFFFFF79F819
:103940000004FFFFFFFFFFFFFFFF400CFFFFFFFF33
:10395000FFFFFFFFC02FFFFFFFC77CFFFFFFF20746
:10396000FFFFFA0000AFFFFF70006FFFF100001FC4
:10397000FFF600007FFFE000000EFFF700006FFF82
:10398000F100001FFFF60007FFFFFA0000AFFFFF86
:10399000702FFFFFFFC77CFFFFFFF20CFFFFFFFF51
:1039A000FFFFFFFFC004FFFFFFFFFFFFFFFF40001F
:1039B0008F97FFFFFFFF78F8000001001BFFFFB1AA
:1039C00000100000000008FFFF8000000000000061
:1039D00006FFFF6000000000000000022000000061
:1039E00000000000000046100067600000000000BA
:1039F000009FFE200FFF000000000001BFFFFF51ED
:103A0000FFF10000000002DFFC8FFF8FFF100000BD
:103A10000004FFFA004EFFFFF100000007FFF70867
:103A2000D32DFFFF1000000AFFF51BFFF50BFFF47D
:103A300000001CFFE22DFFFFF708FFF6003EFFC16C
:103A40004EFFFFFFFA05FFF90EFF906FFFFFFFFF2C
:103A5000FC13EFF64F709FFFFFFFFFFFFE31CC001E
:103A6000003FFFFFFFFFFFFFFB00000004FFFFFF21
:103A7000FFFFFFFFC00000004FFFFF8001EFFFFCD2
:103A800000000004FFFFF6000EFFFFC00000004F23
:103A9000FFFF6000EFFFFC00000004FFFFF6000ED8
:103AA000FFFFC00000002FFFFF4000CFFFFA000023
:103AB0000000000000000000000000000000000006
:103AC00056650000000000000007FFFF70000000C6
:103AD00000000008FFFF8000000000000008FFFF5A
:103AE0008000000000000008FFFF800000000000D0
:103AF0000008FFFF8000000000000008FFFF8000BA
:103B0000000000000008FFFF800000000007EEEF4B
:103B1000FFFFFEEE70000005FFFFFFFFFFFF5000FC
:103B200000006FFFFFFFFFF50000000005FFFFFF33
:103B3000FF5000000000005FFFFFF50000000000E4
:103B40000005FFFF500000007AAAAA914FF419AABD
:103B5000AAA7FFFFFFFD2332DFFFFFFFFFFFFFFFED
:103B6000F99FFFFFFFFFFFFFFFFFFFFFFFFFFFFFCB
:103B7000FFFFFFFFFFFFFB0F48FFFFFFFFFFFFFF00
:103B8000FFEFEFFF144444444444444444410000E4
:103B90003DFFFFFFFFFFF9000000001EFFFFFFFFDA
:103BA000FFFFF80000000AFF9888888888DFF3008C
:103BB0000005FFA00000000002FFD00001EFE100BF
:103BC0000000000007FF8000AFF5000000000000CB
:103BD0000DFF205FFA000000000000003FFC0DFF19
:103BE0009888700000038888DFF5FFFFFFFF500012
:103BF00000CFFFFFFF7FFFFFFFFC00005FFFFFFF25
:103C0000F8FFFFFFFFFFFFFFFFFFFFFF8FFFFFFF3B
:103C1000FFFFFFFFFFFFFFF8FFFFFFFFFFFFFFFFBB
:103C2000FFFFFF8EFFFFFFFFFFFFFFFFFFFFF65EBF
:103C3000FFFFFFFFFFFFFFFFFFFB00000000000191
:103C400010000007BA0000017CFFFFB5000BFF0069
:103C5000007FFFFFFFFFE50BFF000AFFFFDBBEFF5A
:103C6000FF9AFF00AFFFA200003BFFFFFF05FFF63A
:103C7000000000005FFFFF0DFF60000007BA9CFF1F
:103C8000FF3FFC0000000CFFFFFFFF7FF60000007D
:103C90000BFFFFFFFF00000000000000000000001D
:103CA0000000000000000000000000000000000014
:103CB000000000FFFFFFFFB00000006FF6FFFFFFF6
:103CC000FFC0000000CFF3FFFFC9AA70000007FF8C
:103CD000D0FFFFF5000000006FFF50FFFFFFB300B3
:103CE000003BFFF900FFA9FFFFEBBDFFFFA000FFB6
:103CF000B05DFFFFFFFFF70000FFB0005BFFFFC8F4
:103D0000100000AB70000001100000000000000077
:103D1000000100000002EE0000002EFF000002EF94
:103D2000FF47777EFFFFFFFFFFFFFFFFFFFFFFFF64
:103D3000FFFFFFFFFFFFFFFFFFFFFFFFFFFFFFFF93
:103D4000FFFFFFFFDFFFFFFFFF000009FFFF000095
:103D5000009FFF00000009FF000000008900000034
:103D600000890000000000009FF000000000009F9C
:103D7000FF00000000009FFFF00000DFFFFFFFFFDB
:103D800000730FFFFFFFFFF01FF4FFFFFFFFFF00B7
:103D90005FCFFFFFFFFFF000FFFFFFFFFFFF004FC0
:103DA000DFFFFFFFFFF01FF5FFFFFFFFFF008504B0
:103DB0007777EFFFF00000000002EFFF0000000047
:103DC0000002EFF0000000000002EE000000000022
:103DD000000110000000000000000000007B200037
:103DE000000000000010000009FE3000000000028A
:103DF000EE00000009FF2000000002EFF000087054
:103E000008FD00000002EFFF0000EFB00CF60477A1
:103E100077EFFFF00002DF803FD0FFFFFFFFFF00E2
:103E20007401FF10CF3FFFFFFFFFF01FF408F707FB
:103E3000F6FFFFFFFFFF005FC03FA04F9FFFFFFFA8
:103E4000FFF000FF02FB04F9FFFFFFFFFF005FC070
:103E50003FA05F9FFFFFFFFFF01FF408F707F6DFAB
:103E6000FFFFFFFF007402FF10CF3000009FFFF044
:103E70000002EF803FD00000009FFF0000EFB00C79
:103E8000F6000000009FF000087008FD0000000030
:103E9000008900000008FF20000000000000000072
:103EA00009FF300000000000000000007B2000003F
:103EB0005EFFFFFFFFFFFFFFFFE5EFFFFFFFFFFFDD
:103EC000FFFFFFFEFFF638FFFFFFFFFFFFFFFF6072
:103ED00000AFFFFFFFFFFFFFFF30007FFFFFFBEFA3
:103EE000FFFFFF8000CFFFFF903EFFFFFFFA7CFF48
:103EF000FFF90003EFFFFFFFFCFFFF9000003EFF14
:103F0000FFFF906FF900000008FFFFF90006900026
:103F1000000008FFFFB000000000000008FFFF8065
:103F200000000000000008FFFFC888888888888893
:103F30008CFFEFFFFFFFFFFFFFFFFFFE5EFFFFFFB6
:103F4000FFFFFFFFFFE5000000420000000000034C
:103F5000FF10000000000AFF60000000001FFFC00B
:103F6000000000008FFFF400000001FFFFFC0000D4
:103F7000000AFFFFFF6000004FFFFFFFF20001EFAC
:103F8000FFFFFFFC000BFFFFFFFFFF703FFFFFFF86
:103F9000FFFFF1AFFFFFFFFFFFF6EFFFFFFFFFFFA8
:103FA000FAFFA6FFFFFFFFFBEF91FFFFFFFFFABF46
:103FB000E09FFFFFFFF75FF907CFFFFFF20CFFB3B2
:103FC00009FFFF8001DFFFFFFFFA000009FFFFFF8D
:103FD0007000000015774000004760000000161BCD
:103FE000FF1000002DFBBFF100002EFFCBFF1000E3
:103FF0003EFFFCBFF1004FFFFFCBFF105FFFFFFC58
:10400000BFF16FFFFFFFCBFF9FFFFFFFFCBFFFFF75
:10401000FFFFFFCBFFFFFFFFFFFCBFFFFFFFFFFF27
:10402000CBFF4EFFFFFFFCBFF12DFFFFFFCBFF10CB
:104030001CFFFFFCBFF1000CFFFFCBFF10000BFFCC
:10404000FCBFF100000AFFCAFF10000008F70000E3
:104050000000000000065000000000000000BFFD4E
:1040600030000000000000FFFFFA10000000000018
:10407000FFFFFFF70000000000FFFFFFFFD400007C
:104080000000FFFFFFFFFFB2000000FFFFFFFFFF88
:10409000FF800000FFFFFFFFFFFFFE5000FFFFFF5C
:1040A000FFFFFFFFFB20FFFFFFFFFFFFFFFFF2FF10
:1040B000FFFFFFFFFFFFFFF6FFFFFFFFFFFFFFFF19
:1040C000F2FFFFFFFFFFFFFFFB20FFFFFFFFFFFFF0
:1040D000FD5000FFFFFFFFFFFF800000FFFFFFFF1D
:1040E000FFA2000000FFFFFFFFD400000000FFFF61
:1040F000FFF70000000000FFFFFA100000000000C2
:10410000BFFD30000000000000065000000000006D
:104110000000067777300006777730BFFFFFF300A7
:10412000BFFFFFF3FFFFFFF700FFFFFFF7FFFFFFFA
:10413000F800FFFFFFF8FFFFFFF800FFFFFFF8FFA9
:10414000FFFFF800FFFFFFF8FFFFFFF800FFFFFF92
:10415000F8FFFFFFF800FFFFFFF8FFFFFFF800FF89
:10416000FFFFF8FFFFFFF800FFFFFFF8FFFFFFF87A
:1041700000FFFFFFF8FFFFFFF800FFFFFFF8FFFF62
:10418000FFF800FFFFFFF8FFFFFFF800FFFFFFF859
:10419000FFFFFFF800FFFFFFF8FFFFFFF800FFFF42
:1041A000FFF8EFFFFFF600EFFFFFF66FFFFFC10024
:1041B0006FFFFFC1000000000000000000057777DE
:1041C000777777777730BFFFFFFFFFFFFFFFF3FFC2
:1041D000FFFFFFFFFFFFFFF7FFFFFFFFFFFFFFFFF7
:1041E000F8FFFFFFFFFFFFFFFFF8FFFFFFFFFFFFED
:1041F000FFFFF8FFFFFFFFFFFFFFFFF8FFFFFFFFDD
:10420000FFFFFFFFF8FFFFFFFFFFFFFFFFF8FFFFCC
:10421000FFFFFFFFFFFFF8FFFFFFFFFFFFFFFFF8BC
:10422000FFFFFFFFFFFFFFFFF8FFFFFFFFFFFFFFA5
:10423000FFF8FFFFFFFFFFFFFFFFF8FFFFFFFFFF9C
:10424000FFFFFFF8FFFFFFFFFFFFFFFFF8EFFFFF9C
:10425000FFFFFFFFFFF66FFFFFFFFFFFFFFFC10044
:10426000000000000000000005200000005766FF6D
:104270004000000CFF8FFF600000DFF8FFFF7000C0
:104280000DFF8FFFFF8000DFF8FFFFFF900DFF8F16
:10429000FFFFFFB0DFF8FFFFFFFFCDFF8FFFFFFF46
:1042A000FFFFF8FFFFFFFFFFFF8FFFFFFFFFFFF89C
:1042B000FFFFFFFF5DFF8FFFFFFF40DFF8FFFFFE07
:1042C000300DFF8FFFFE2000DFF8FFFD20000DFF07
:1042D0007FFD100000DFF3FB1000000CFF0000006A
:1042E00000000000000000000210000000000000BC
:1042F000000AFF400000000000000AFFFF3000003D
:1043000000000008FFFFFE200000000007FFFFFF85
:10431000FE1000000006FFFFFFFFFD10000005FF7C
:10432000FFFFFFFFFC000004FFFFFFFFFFFFFB009C
:1043300003FFFFFFFFFFFFFFFA00DFFFFFFFFFFFAD
:10434000FFFFF50EFFFFFFFFFFFFFFFF605FFFFFB7
:10435000FFFFFFFFFFC000000000000000000000A2
:104360009FFFFFFFFFFFFFFFE20FFFFFFFFFFFFFCA
:10437000FFFF70FFFFFFFFFFFFFFFFF80FFFFFFFD3
:10438000FFFFFFFFFF70BFFFFFFFFFFFFFFFF30017
:10439000000000000000000000000000000000001D
:1043A00000005F800000005FFF4000005FFFE20050
:1043B000005FFFE200005FFFE300005FFFE300003B
:1043C0005FFFE300005FFFE300000DFFF50000006A
:1043D0004FFFE30000004FFFE30000004FFFE3004A
:1043E00000005FFFE30000005FFFE30000005FFFED
:1043F000E20000005FFF400000005F80000000005E
:104400000000000000000002DB00000000CFFC0004
:10441000000009FFFC00000009FFFC00000009FF8C
:10442000FC00000009FFFC00000009FFFC00000088
:1044300009FFFC0000000DFFF6000009FFFC000072
:1044400009FFFC000009FFFC000009FFFC00000957
:10445000FFFC000009FFFC000000CFFC0000000290
:10446000DB0000000000000000000000000002551A
:10447000000000000000000FFF80000000000000AE
:104480002FFFA00000000000002FFFA00000000090
:1044900000002FFFA00000000000002FFFA0000080
:1044A000000000002FFFA00000003777778FFFC7C4
:1044B000777760EFFFFFFFFFFFFFFFF6FFFFFFFFD4
:1044C000FFFFFFFFF8DFFFFFFFFFFFFFFFF51444D3
:1044D000445FFFB44444300000002FFFA000000000
:1044E0000000002FFFA00000000000002FFFA00030
:1044F00000000000002FFFA00000000000001FFFD0
:10450000900000000000000DFF60000000000000AF
:10451000002100000000499999999999999980FF83
:10452000FFFFFFFFFFFFFFF7FFFFFFFFFFFFFFFFA3
:10453000F7CFFFFFFFFFFFFFFFF40222222222221C
:1045400022221000000006ADFFEC830000000000F6
:10455000008FFFFFEFFFFC4000000003EFFF920021
:1045600005DFFF90000004FFFF50025201CFFFB0B3
:104570000004FFFF80007FF901EFFFB001EFFFF0C3
:104580000008FFF708FFFF80AFFFFB0225FFFFE0F9
:104590003FFFFF2FFFFFA07FFFFFFF02FFFFF79FFF
:1045A000FFFB05FFFFFFC03FFFFF21EFFFF00CFF08
:1045B000FFF507FFFF8003FFFF801AFFE501EFFF14
:1045C000B00004FFFF50001001CFFFB0000003DF78
:1045D000FF920005DFFF90000000007FFFFFEFFF6C
:1045E000FC40000000000005ADEFEC83000000007F
:1045F000006000000000000000000000000BFC1044
:10460000000000000000000000000CFFE4000000BB
:1046100000000000000000009FFF70048CEFED948C
:10462000000000000005FFFBEFFFFEFFFFE60000BB
:104630000000002DFFFFC40004CFFFB10000000008
:1046400000BFFF60031009FFFE200000000007FF0D
:10465000F94FFA00CFFFE100000BB0004EFFEFFF73
:10466000A04FFFFB00006FFD3001CFFFFFF10FFFF8
:10467000FF5000BFFFF60008FFFFF30EFFFFA00092
:104680006FFFFF00005FFFF20FFFFF50000CFFFF06
:10469000400002DFFE8FFFFA000001EFFFC00000C4
:1046A0000AFFFFFFD10000002EFFF90000006FFF9E
:1046B000FD1000000001CFFFC4000003EFFD20004B
:1046C00000000006EFFFFEE3001BFFF50000000006
:1046D00000059DEFEC20008FFF900000000000001F
:1046E0000000000004EFFB000000000000000000DC
:1046F00000002CFA00000000000000000000000094
:1047000060000000000007A300000000000000009F
:1047100000008FFE10000000000000000002FFFFFC
:104720009000000000000000000AFFFFF3000000FE
:1047300000000000004FFFFFFB0000000000000031
:1047400000DFFFFFFF5000000000000006FFFFFF3A
:10475000FFD00000000000000EFFA224FFF70000C1
:10476000000000008FFF9001FFFF1000000000021A
:10477000FFFFA002FFFF90000000000AFFFFB00350
:10478000FFFFF2000000003FFFFFC004FFFFFB003F
:10479000000000CFFFFFD005FFFFFF40000006FF35
:1047A000FFFFF99CFFFFFFD000000EFFFFFFF52B7E
:1047B000FFFFFFF700008FFFFFFF9001FFFFFFFEED
:1047C0001001FFFFFFFF8000FFFFFFFF900AFFFFC8
:1047D000FFFFF41AFFFFFFFFF20FFFFFFFFFFFFFD6
:1047E000FFFFFFFFF70BFFFFFFFFFFFFFFFFFFFFD5
:1047F000F401688888888888888888884000000054
:1048000000000000043000000000000000000FF570
:1048100000000000000000000FFF50EFFFF6000056
:1048200001CFFFFFF5FFFFFF50000CFFFFFFFFFF71
:10483000FFFFF500BFFFFFFFF72223DFF809FFF7B7
:104840002FFF8000002EB07FFF900FF800000003C4
:1048500006FFFA000760000000004FFFB0000000F4
:1048600000000003FFFD030007600000002EFFE1D1
:104870003F900FF8002223DFFE22EFF72FFF80FF8B
:10488000FFFFF300CFFFFFFFF8FFFFFF50000CFF1B
:10489000FFFFFEEFFFF6000001CFFFFFF400000076
:1048A000000000000FFF40000000000000000FF5B6
:1048B0000000000000000000043000000000009430
:1048C000000000000000000CFF500000000000008D
:1048D000CFFFF500000000000CFFFFFF50000000BC
:1048E00000CFFFAEFFF50000000CFFF902EFFF5014
:1048F0000000CFFF90002EFFF5000CFFF900000232
:10490000EFFF50AFFF900000002EFFF27FF9000094
:10491000000002EFE1067000000000002920067090
:10492000000000000029207FF90000000003EFE1F3
:104930009FFF900000003EFFF20BFFF9000003EF25
:10494000FF5000BFFF90003EFFF500000BFFF90392
:10495000EFFF50000000BFFFAEFFF5000000000BAE
:10496000FFFFFF500000000000BFFFF50000000047
:1049700000000BFF50000000000000009400000049
:104980000000009C10000000000000000000000A71
:10499000FFD100588888888881000000AFFFFD2083
:1049A000EFFFFFFFFFF600000AFFFFFFE24EFFFFF1
:1049B000FFFFF600008FFCFFCFFD000000001FF698
:1049C00000007FC2FF67FC000000001FF60000032C
:1049D00001FF6030000000001FF600000001FF60D2
:1049E00000000000001FF600000001FF6000000052
:1049F00000001FF600000001FF6000000003D71F49
:104A0000F63D700001FF600000000AFF7FF9EFF043
:104A10000001FFB888888832EFFFFFFF600001FFC8
:104A2000FFFFFFFFF22EFFFFF6000000DFFFFFFF9A
:104A3000FFE202EFFF600000000000000000000045
:104A40002EF6000000000000000000000001300011
:104A5000005EFFFFFF900000000000EFFFFFFFF986
:104A60000000000000FFFFFFFFFFB888888860FF9C
:104A7000FFFFFFFFFFFFFFFFFBFFFFFFFFFFFFFF4A
:104A8000FFFFFFFFFFFFFFFFFFFFFFFFFFFFFFFF36
:104A9000FFFFFFFFFFFFFFFFFFFFFFFFFFFFFFFF26
:104AA000FFFFFFFFFFFFFFFFFFFFFFFFFFFFFFFF16
:104AB000FFFFFFFFFFFFFFFFFFFFFFFFFFFFFFFF06
:104AC000FFFFFFFFFFFFFFFFFFFFFFFFFFFFFFFFF6
:104AD000FFFFFFEFFFFFFFFFFFFFFFFFFE5EFFFF98
:104AE000FFFFFFFFFFFFE5000000000310000000D4
:104AF00000000000006FD10000000000000006FF71
:104B0000FD100000000000006FFFFFD1000000005A
:104B10000006FFFFFFFD10000000006FFFFFFFFF1A
:104B2000D100000006FFFFFFFFFFFD1000000DFF9A
:104B3000FFFFFFFFFF60000000111BFFFF5111008E
:104B4000000000000BFFFF400000000000000BFF12
:104B5000FF400000000000000BFFFF4000000000CD
:104B600000000BFFFF400000000000000BFFFF40B3
:104B70000000007AAAAA2BFFFF42AAAAA7FFFFFF04
:104B800082677608FFFFFFFFFFFFFB7777BFFFFF1E
:104B9000FFFFFFFFFFFFFFFFFFFFFFFFFFFFFFFF25
:104BA000FFFB0F48FFFFFFFFFFFFFFFFEFEFFF14CB
:104BB0004444444444444444410000000000000094
:104BC0000462000000000000000001FFFEB50000CC
:104BD00000000000007FFFFFF00000000000000E5A
:104BE000FFFFFF00000000000005FFFFFFD00000F6
:104BF00000000000BFFFFFFB00000000000006FFF8
:104C0000FFFF8000000000000005FFFFF40000002F
:104C10000000000005FFFE0000000000000000BFD3
:104C2000FF90000000000000004FFFF200000000B5
:104C30000000002EFFF8000000013000001DFFFD05
:104C400000000029FF70003EFFFF300004BFFFFF9F
:104C5000407FFFFF500000EFFFFFFEEFFFFF50001F
:104C6000000CFFFFFFFFFFFE400000008FFFFFFF73
:104C7000FFFB1000000004FFFFFFFFD50000000055
:104C8000001FFFFFEA400000000000005764200002
:104C900000000000000000254000000000000009A6
:104CA000FFFE30000004AA507FFFFFE000008FFFEE
:104CB000F5EFD37FF60008FFFFB0FF800FF7008FFE
:104CC000FFFB00DFE7AFF508FFFFB0005FFFFFFD70
:104CD0009FFFFB000005EFFFFFFFFFB0000000019A
:104CE0005FFFFFFB00000000000BFFFFF200000071
:104CF00000259FFFFFFD10000009FFFFFFFFFFD110
:104D000000007FFFFFFB6FFFFD1000EFD37FF50575
:104D1000FFFFD100FF800FF7005FFFFD10DFE7AF5F
:104D2000F50005FFFFD15FFFFFC000004FFFF40556
:104D3000EFFB1000000166200001000000000000F1
:104D400000000008BBBBBB50900000000FFFFFFF3E
:104D500081FB0000000FFFFFFF81FFB000000FFF8D
:104D6000FFFF81FFF88CC90FFFFFFF800000FFFCF1
:104D70000FFFFFFFD54443FFFC0FFFFFFFFFFFFACC
:104D8000FFFC0FFFFFFFFFFFFAFFFC0FFFFFFFFF1E
:104D9000FFFAFFFC0FFFFFFFFFFFFAFFFC0FFFFF13
:104DA000FFFFFFFAFFFC0FFFFFFFFFFFFAFFFC0F03
:104DB000FFFFFFFFFFFAFFFC0FFFFFFFFFFFFAFF00
:104DC000FC0FFFFFFFFFFFFAFFFC0FFFFFFFFFFFDE
:104DD000FAFFFE0BFFFFFFFFFFF7FFFF9100000050
:104DE000000000FFFFFFFFFFFF800000FFFFFFFF4D
:104DF000FFFF7000005888888888871000000677B9
:104E000077777777600000BFFFFFFFFFFFFD10009F
:104E1000FFFFFFFFFFFFFFC100FF9000000001DF69
:104E2000FC10FF8000000000BFFFC0FF80000000FA
:104E300000BFFFF3FF8000000000BFFFF4FF800011
:104E4000000000BFFFF4FFD888888888EFFFF4FFD8
:104E5000FFFFFFFFFFFFFFF4FFFFFFFFFFFFFFFF6D
:104E6000F4FFFFFFE402CFFFFFF4FFFFFF60002F1E
:104E7000FFFFF4FFFFFF40000FFFFFF4FFFFFFA065
:104E8000006FFFFFF4FFFFFFFC8AFFFFFFF4EFFF5F
:104E9000FFFFFFFFFFFFF36FFFFFFFFFFFFFFFA01D
:104EA0000000000000000000000000000000000002
:104EB0000000EFFFFFFFFFFFFFFFF6FFFFFFFFFF19
:104EC000FFFFFFF8ACCCCCCCCCCCCCCCC4000000E9
:104ED00000000000000000000000000000000000D2
:104EE0000000000000000000CDDDDDDDDDDDDDDDEA
:104EF000D5FFFFFFFFFFFFFFFFF8DFFFFFFFFFFF13
:104F0000FFFFF500000000000000000000000000AE
:104F10000000000000000000000000000000ACCC19
:104F2000CCCCCCCCCCCCC4FFFFFFFFFFFFFFFFF805
:104F3000EFFFFFFFFFFFFFFFF60000000000000093
:104F400000005EFFFFFFFFFFFFFFFFE5EFFFFFFF3A
:104F5000FFFFFFFFFFFEFFFFFFFFFFFFFFFFFFFF62
:104F60007FFFFFFFFFFFFFFFFFF703EFFFFFFFFFE5
:104F7000FFFFFE30E31BFFFFFFFFFFFFB13EFF70AF
:104F80007FFFFFFFFFF707FFFFFB13DFFFFFFD3191
:104F9000BFFFFFFFE40AFFFFA04EFFFFFFFFFF8000
:104FA0005DD508FFFFFFFFFFFFFC2002CFFFFFFFE3
:104FB000FFFFFFFFFDDFFFFFFFFFFFFFFFFFFFFF23
:104FC000FFFFFFFFEFFFFFFFFFFFFFFFFFFE5EFFA3
:104FD000FFFFFFFFFFFFFFE5001444444100000016
:104FE000BFFFFFFA000000EFFFFFF8000000FFFF27
:104FF000FFF3000002FFFFFFD0000004FFFFFF806F
:10500000000006FFFFFF40000008FFFFFFFFFFF565
:105010000AFFFFFFFFFFF40DFFFFFFFFFFB00FFFD1
:10502000FFFFFFFF200BFFFFFFFFF9000000008FD5
:10503000FFE100000000CFFF6000000000FFFD0066
:1050400000000003FFF40000000007FFA0000000C4
:10505000000BFF20000000000FF800000000002FF0
:10506000E0000000000009400000000000067100A0
:10507000000000001444BFFE4443000000EFFFF9AD
:105080004FFFFF400000FFFFF83FFFFF500000FF11
:10509000FFFFFFFFFF500000FFFFFFA888882000F0
:1050A00000FFFFF6000000000000FFFFF0CFFFFF51
:1050B00051E200FFFFF0EFFFFF51FE20FFFFF0EF96
:1050C000FFFF51FFE2FFFFF0EFFFFF50BBB7FFFF15
:1050D000F0EFFFFF800000FFFFF0EFFFFFFFFFFAA0
:1050E000FFFFF0EFFFFFFFFFFAFFFFF0EFFFFFFF13
:1050F000FFFAFFFFF0EFFFFFFFFFFACFFFF0EFFF38
:10510000FFFFFFFA000000EFFFFFFFFFFA000000C3
:10511000EFFFFFFFFFFA000000EFFFFFFFFFFA00C5
:1051200000007BBBBBBBBBB4000000003100000033
:105130000000000005FD0000000000000009FF1055
:10514000000000000007EFFFFB2000000000AFFFA1
:10515000FFFFF300000008FFFFFFFFFE1000001F2D
:10516000FFFFFFFFFF8000005FFFFFFFFFFFD0009A
:10517000007FFFFFFFFFFFF000008FFFFFFFFFFF3B
:10518000F000009FFFFFFFFFFFF10000DFFFFFFFC8
:10519000FFFFF50001FFFFFFFFFFFFF90009FFFF21
:1051A000FFFFFFFFFF105FFFFFFFFFFFFFFFD0EFDD
:1051B000FFFFFFFFFFFFFFF69FFFFFFFFFFFFFFF68
:1051C000E3000000000000000000000000AFFFF25C
:1051D0000000000000003FFFA000000000000002EF
:1051E00075000000005EFFFFFFFFFFFFFFFFFFFBFA
:1051F0000EFFFFFFFFFFFFFFFFFFFFF6FFC88FA8B7
:10520000AF88BF88FB88FF8FF800F404F005E00E3C
:10521000500FF8FF800F404F006F00F600FF8FFF28
:10522000FFFFFFFFFFFFFFFFFFF8FFFF946F648F9B
:1052300044BB44FFFF8FFFF602F205F008800EFF2B
:10524000F8FFFF946F648F44BB44FFFF8FFFFFFFA5
:10525000FFFFFFFFFFFFFFF8FF800F40000000008F
:10526000F600FF8FF800F4000000000E500FF8FF6A
:10527000C88FA888888888FB88FF8EFFFFFFFFFF04
:10528000FFFFFFFFFFF65EFFFFFFFFFFFFFFFFFFD8
:10529000FB000000000000000000005600000000BD
:1052A00000000000017EFFA0000000000000018F50
:1052B000FFFFF0000000000002AFFFFFFFA00000B2
:1052C000000004BFFFFFFFFF3000000005CFFFFF1D
:1052D000FFFFFB00000006DFFFFFFFFFFFF4000001
:1052E00018EFFFFFFFFFFFFFD00005FFFFFFFFFFED
:1052F000FFFFFF50000EFFFFFFFFFFFFFFFE00005C
:105300000DFFFFFFFFFFFFFFF7000002ACCCCCCD8D
:10531000FFFFFFF000000000000004FFFFFF80001F
:10532000000000000004FFFFFF100000000000006C
:1053300004FFFFF90000000000000004FFFFF2007E
:1053400000000000000004FFFFB0000000000000AB
:105350000004FFFF300000000000000003FFFC001D
:105360000000000000000000EFF40000000000005A
:105370000000002730000000002444444430300086
:105380000FFFFFFFFC0F6000FFFFFFFFC0FF600F7C
:10539000FFFFFFFC0FFF60FFFFFFFFC0FFFF6FFF7E
:1053A000FFFFFC0BBBBBFFFFFFFFE100000FFFFF98
:1053B000FFFFFFFFFFFFFFFFFFFFFFFFFFFFFFFFFD
:1053C000FFFFFFFFFFFFFFFFFFFFFFFFFFFFFFFFED
:1053D000FFFFFFFFFFFFFFFFFFFFFFFFFFFFFFFFDD
:1053E000FFFFFFFFFFFFFFFFFFFFFFFFFFFFFFFFCD
:1053F000FFFFFFFFFFFFFFFFFFFFFFFFFFFFFFFFBD
:10540000FFFFFFFFFFFFFFFFFFFFFFFFFFFFFF8B20
:10541000BBBBBBBBBBBB8000000000002343200024
:10542000000000000000038CFFFFFFFC8300000071
:1054300000006DFFFFFFFFFFFFFD60000003DFFFC7
:10544000FFFFFEFFFFFFFFD30008FFFFFB7200001E
:10545000027BFFFFF80AFFFFA2000000000002AF7E
:10546000FFFABFFD30000000000000003DFFB0BAB1
:105470001000059DEFED9500001AB00000006DFFD3
:10548000FFFFFFFD600000000001BFFFFFFFFFFF07
:10549000FFB1000000008FFFFA53235AFFFF800086
:1054A000000000CFB100000001BFC00000000000FC
:1054B0004000000000004000000000000000019DCE
:1054C0009100000000000000000000AFFFA00000FD
:1054D000000000000000000FFFFF000000000000BF
:1054E00000000000CFFFC00000000000000000002E
:1054F00003EFE300000000000000000000001000C7
:105500000000000000178888888888888888888834
:10551000600CFFFFFFFFFFFFFFFFFFFFFF80FFFFAC
:10552000FFFFFFFFFFFFFFFFFFFC0FF80000000081
:105530000000000000CFFDFF84FFFFFFFFFFFFFF23
:10554000FF0CFFFFF84FFFFFFFFFFFFFFFF05BFFC8
:10555000FF84FFFFFFFFFFFFFFFF008FFFF84FFFFC
:10556000FFFFFFFFFFFFF008FFFF84FFFFFFFFFFCC
:10557000FFFFFF0CFFFFF80000000000000000002C
:10558000CFFFFFC888888888888888888EFD4EFF6E
:10559000FFFFFFFFFFFFFFFFFFFFA04EFFFFFFFF2B
:1055A000FFFFFFFFFFFFC200178888888888888870
:1055B000888888600CFFFFFFFFFFFFFFFFFFFFFFF2
:1055C00080FFFFFFFFFFFFFFFFFFFFFFFC0FF80063
:1055D0000000000000000000CFFDFF81FFFFFFFF83
:1055E000FFFF60000CFFFFF81FFFFFFFFFFFF6004B
:1055F000005BFFFF81FFFFFFFFFFFF6000008FFFE9
:10560000F81FFFFFFFFFFFF6000008FFFF81FFFF0D
:10561000FFFFFFFF60000CFFFFF80000000000002C
:10562000000000CFFFFFC888888888888888888E17
:10563000FD4EFFFFFFFFFFFFFFFFFFFFFFA04EFF3D
:10564000FFFFFFFFFFFFFFFFFFC20017888888886A
:10565000888888888888600CFFFFFFFFFFFFFFFFB6
:10566000FFFFFF80FFFFFFFFFFFFFFFFFFFFFFFCCC
:105670000FF8000000000000000000CFFDFF81FFD8
:10568000FFFFFFA00000000CFFFFF81FFFFFFFFA65
:10569000000000005BFFFF81FFFFFFFFA000000094
:1056A000008FFFF81FFFFFFFFA0000000008FFFF58
:1056B00081FFFFFFFFA00000000CFFFFF8000000CB
:1056C000000000000000CFFFFFC888888888888815
:1056D00088888EFD4EFFFFFFFFFFFFFFFFFFFFFFEC
:1056E000A04EFFFFFFFFFFFFFFFFFFFFC200178875
:1056F000888888888888888888600CFFFFFFFFFF7B
:10570000FFFFFFFFFFFF80FFFFFFFFFFFFFFFFFF28
:10571000FFFFFC0FF8000000000000000000CFFDBC
:10572000FF81FFFFE000000000000CFFFFF81FFFFB
:10573000FE0000000000005BFFFF81FFFFE00000B3
:10574000000000008FFFF81FFFFE000000000000B7
:1057500008FFFF81FFFFE000000000000CFFFFF8E2
:10576000000000000000000000CFFFFFC88888880C
:1057700088888888888EFD4EFFFFFFFFFFFFFFFFB0
:10578000FFFFFFA04EFFFFFFFFFFFFFFFFFFFFC276
:10579000001788888888888888888888600CFFFF38
:1057A000FFFFFFFFFFFFFFFFFF80FFFFFFFFFFFF88
:1057B000FFFFFFFFFFFC0FF80000000000000000EB
:1057C00000CFFDFF8000000000000000000CFFFF84
:1057D000F80000000000000000005BFFFF800000F8
:1057E000000000000000008FFFF800000000000033
:1057F00000000008FFFF8000000000000000000C17
:10580000FFFFF8000000000000000000CFFFFFC80D
:1058100088888888888888888EFD4EFFFFFFFFFF74
:10582000FFFFFFFFFFFFA04EFFFFFFFFFFFFFFFF98
:10583000FFFFC20000000000000000100000000098
:10584000000000000000000CFE200000000000002E
:105850000000007CDFFF9000000000000000000955
:10586000FBBFFF9000000000000000002F700AFC4A
:105870001000000000003200009E00000000000048
:1058800000002DFF9001F600000000001C3000CF4A
:10589000FFF63CF333333333335FF910FFFFFFFF81
:1058A000FFFFFFFFFFFFFFFFD0CFFFF63334ED33E5
:1058B0003333335FFA102DFF9000005F300000009B
:1058C0001C300000320000000DA0000000000000AD
:1058D000000000000006F30AFFF7000000000000CF
:1058E000000000CEAEFFF800000000000000000045
:1058F00008BEFFF8000000000000000000000AFFE2
:10590000F70000000000000000000001222000005D
:105910000000000034310000000003BFFFFFE7007B
:1059200000006FFFFAFFFFB00004FFFFF19FFFF8D8
:10593000000DFFFFF10AFFFF103FFFFFF100BFFF67
:10594000607FFD8FF1660CFFA0AFF807F16F13FFCA
:10595000D0CFFF7071531EFFF0DFFFF70001DFFFB4
:10596000F0EFFFFF600CFFFFF0EFFFFF3007FFFFDE
:10597000F0DFFFF300108FFFF0CFFF30B16709FFBA
:10598000F09FF60BF26E02FFD06FFFCFF2522EFFA8
:10599000A01FFFFFF202EFFF5009FFFFF22EFFFEF4
:1059A0000000DFFFF4EFFFF500001AFFFFFFFF60CC
:1059B00000000027ABB9500000000002ABBBB700ED
:1059C000000057777CFFFFFF777772FFFFFFFFFF35
:1059D000FFFFFFF7EFFFFFFFFFFFFFFFF6000000F5
:1059E0000000000000000688888888888888200CCD
:1059F000FFFFFFFFFFFFFF400CFFFFFFFFFFFFFF69
:105A0000400CFF77FF3BFE1EFF400CFF66FF2AFEA7
:105A10000EFF400CFF66FF2AFE0EFF400CFF66FFE4
:105A20002AFE0EFF400CFF66FF2AFE0EFF400CFF11
:105A300066FF2AFE0EFF400CFF66FF2AFE0EFF40A7
:105A40000CFF66FF2AFE0EFF400CFF66FF2AFE0ECB
:105A5000FF400CFF77FF3BFE1EFF400BFFFFFFFFE9
:105A6000FFFFFF3007FFFFFFFFFFFFFE000057882B
:105A7000888888887200000000000000000164002F
:105A80000000000000000002DFF80000000000003D
:105A90000002EFFFF8000000000000007FFFFFF8A9
:105AA000000000000002908FFFFFF00000000002E5
:105AB000EFB08FFFFC0000000002EFFFB08FFE1080
:105AC00000000002EFFFFFB08E2000000002EFFF99
:105AD000FFFFB01000000002EFFFFFFFFE1000000C
:105AE0000002EFFFFFFFFE2000000002EFFFFFFFBC
:105AF000FE2000000002EFFFFFFFFE20000000027A
:105B0000EFFFFFFFFE2000000001EFFFFFFFFE2080
:105B1000000000008FFFFFFFFE20000000000AFFD2
:105B2000FFFFFE200000000000CFFFFFFE2000006E
:105B30000000000EFFFFFE20000000000000FFFF3D
:105B4000FE2000000000000005753100000000008C
:105B50000000000000006EFFFFFFFFFFFFFFFB20C3
:105B600000008FFFFFFFFFFFFFFFFFFB00008FFF25
:105B7000FFFFFFFFFFFFFFFFF0008FFFFFFF85FF2D
:105B8000FF58FFFFFF008FFFFFFFB004FF400BFF38
:105B9000FFF08FFFFFFFFF40044004FFFFFF8FFF78
:105BA000FFFFFFFF400004FFFFFFFFFFFFFFFFFFBE
:105BB000FF1000EFFFFFFF8FFFFFFFFFFF4000041C
:105BC000FFFFFFF08FFFFFFFFF40044004FFFFFFD8
:105BD000008FFFFFFFB004FF400BFFFFF0008FFFBF
:105BE000FFFF85FFFF58FFFFFF00008FFFFFFFFF54
:105BF000FFFFFFFFFFF000008FFFFFFFFFFFFFFF32
:105C0000FFFB0000006EFFFFFFFFFFFFFFFC200017
:105C100000288888887300002EFFFFFFFFF6001D14
:105C2000FFFFFFFFFFE01DF60E50D608FF1DFF60CF
:105C3000E50D608FFCFFF60E50D608FFFFFF60E514
:105C40000D608FFFFFFFFFFFFFFFFFFFFFFFFFFF65
:105C5000FFFFFFFFFFFFFFFFFFFFFFFFFFFFFFFF54
:105C6000FFFFFFFFFFFFFFFFFFFFFFFFFFFFFFFF44
:105C7000FFFFFFFFFFFFFFFFFFFFFFFFFFFFFFFF34
:105C8000FFFFFFFFFFFFFFFFFFFFFFFFFFFFFFFF24
:105C9000FFFFFFFFFFFFFFFFFFFFFFFFFFE9FFFF2A
:105CA000FFFFFFFFF807ABBBBBBBBBA600000000BC
:105CB00000000000000007000000000000000000DD
:105CC0000AF100000100000000000AFF10000AF3C2
:105CD0000000000000FFF1000BFF50000000000F6B
:105CE000FF100CFFF50000000000FFF11DFFFFCBCF
:105CF000BBBBBBBBBFFF1CFFFFFFFFFFFFFFFFFFE7
:105D0000F19FFFFFFFFFFFFFFFFFFF009FFFF9660F
:105D1000666666666640008FFF5000000000000067
:105D200000007FF50000000000000000005C100093
:105D30000000000000000000000000000000000063
:105D4000000060050000000000006005030E010077
:105D50001500D007060601082700100E0E0E0000E1
:105D60008900700C0C1400FD0101E010110E000000
:105D70007801C00D0E0F00FFE1013004020601089A
:105D8000E701C006061301FC2002C006051300FC53
:105D900050020008080800077002A00B0A0A01035D
:105DA000A2029004040600FDAE02B007060201053F
:105DB000B402900404030000BA0210070914FFFEA5
:105DC0001403500D0D0E00006F036007060E000057
:105DD0009903800B0B0E0000E603700B0B0E000006
:105DE0003304600D0E0E00009504800B0B0E0000B6
:105DF000E204500C0C0E00003605F00B0C0E0000F7
:105E00008A05E00C0C0E0000DE05500C0C0E0000A4
:105E100032069004040B000048069004040E00FDB6
:105E20006406A00B0A0A01029606A00B0A070104E9
:105E3000B906A00B0A0A0102EB06700B0B0E00005C
:105E40003807B014141200FCEC07A00E100EFF006F
:105E50005C08200F0D0E0200B708700E0E0E000039
:105E6000190980100E0E02007B09600D0B0E020056
:105E7000C809B00C0A0E02000E0A700F0E0E0000C8
:105E8000700A40100D0E0200CB0A3006030E02000D
:105E9000E00A400A0A0EFF00260B600E0D0E0200FB
:105EA000810BE00B0A0E0200C70B20130F0E02003D
:105EB000300C40100D0E02008B0CD010100E0000A4
:105EC000FB0C700E0C0E02004F0DD010111100FDD6
:105ED000E00D900E0C0E0200340E700C0C0E000043
:105EE000880EC00B0C0E0000DC0ED00F0D0E010052
:105EF000370F400E100EFF00A70F8016160E000081
:105F00004110700D0E0E0000A310F00C0F0EFF00DC
:105F10000C11200D0D0E00006711B006051302FCD8
:105F2000971110070914FFFEF111B006051300FCCC
:105F30002112B00B0A0901034E12000A0A0300FEE7
:105F40005D12000C0603020C6612F00B0A0B010036
:105F50009D12A00D0C0F0100F712700B0B0B00002F
:105F60003413A00D0C0F00008E13400C0C0B00001E
:105F7000D0131007080F00000C14D00D0C0F00FCFC
:105F80006614A00D0B0F0100B9149005040F010059
:105F9000D714B0050713FEFC1A15500C0C0F0100A6
:105FA00074159005030F01008B152015130B0100CC
:105FB000F415A00D0B0B01003116B00C0C0B0000FA
:105FC0007316A00D0C0F01FCCD16A00D0C0F00FCDC
:105FD00027173008070B01004E17000A0A0B0000B4
:105FE00085174008080E0000BD17900D0B0B01002F
:105FF000FA17300B0D0BFF0042180012120B0000B5
:10600000A518100B0B0B0000E218300B0D0FFFFC56
:106010004419700A0A0B00007B190007061301FCE3
:10602000B4190006021302FCC7190007061300FC8E
:10603000001AA00B0A040105141A600808080007DA
:10604000341A4006040401043C1A0014141500FD1F
:106050000E1B0014140F0000A41B0014141300FEE8
:10606000621C0014140F0000F81CC00D0E0F00007D
:10607000611D0014141500FD331E0014141500FDDD
:10608000051F8016171300FEE01F0014141500FDF5
:10609000B2208016170F00005F210014141500FDB8
:1060A0003122000A0A1000008122000F0F1000FFA9
:1060B000F9228016171300FED4230014140F0000D9
:1060C0006A24C00D0E1500FDFD2480110D1302FE83
:1060D00079258011121500FD36268011121300FE5D
:1060E000E1268011121300FE8C2780110D1302FE91
:1060F000082880111313FFFEBD28800C0B1301FE2E
:106100002629800C0B1301FE8F298011121300FE2B
:106110003A2A801112050005672A8016170F000021
:10612000142B00191A15FFFD252C80161815FFFDDC
:10613000212D0014141300FEDF2D8011120B00021C
:10614000422E8011120B0002A52E00191A1000FF1A
:10615000752F0014140F00000B300014141500FDEF
:10616000DD3000141515FFFDBA318011121300FE49
:1061700065328011121500FD22338011121300FECA
:10618000CD338011121100FF66340014140F00008B
:10619000FC34800C0E15FFFD8F358011121500FDAB
:1061A0004C368011121500FD09378016170F0000BC
:1061B000B63700141615FFFD9D38000F0F1500FDB2
:1061C0003B390019191300FE293A0019190D000175
:1061D000CC3A0019190D00016F3B0019190D00018F
:1061E000123C0019190D0001B53C0019190D0001F0
:1061F000583D00191A1100FF353E8011101501FDA0
:10620000DD3E8011121500FD9A3F00141515FFFDAB
:1062100077400019190F00003341000F0F1500FDE2
:10622000D1412014150D00010000721F51EF58EFED
:106230005BEF5CEF5DEF61EF63EF65EF69EF6CEFD4
:1062400071EF76EF77EF78EF8EEF93EF98EF9BEFAC
:106250009CEF9DEFA1EFA2EFA3EFA4EFB7EFB8EF94
:10626000BEEFC0EFC1EFC4EFC7EFC8EFC9EFCBEF90
:10627000E3EFE5EF14F015F017F019F030F037F018
:106280003AF043F06CF074F0ABF03BF190F191F127
:1062900092F193F194F1D7F1E3F13DF254F2AAF4C3
:1062A00012F7F2F7200000005F000100000000007C
:1062B0000000000000000200B0000000F3F76000E2
:1062C00028620408000000003E00030000000102F4
:1062D0000003040502060708090A090A0B0C000D51
:1062E0000E0F101112130C141400000015161718BD
:1062F00019161A1B1C1D1D1E1F201D1D16212223D1
:1063000003241E2525262728292A2B002C002D2E84
:106310002F303132332D343435302D2D2E2E36376B
:106320003839333A3A3B3A3C290000093D0900002C
:10633000000000000000000000000000000000005D
:10634000000000000000000000000000000000004D
:10635000000000000000000000000000000000003D
:106360000000000000000000000000000102000327
:10637000040502060708090A090A0B0C0D0E0F1086
:10638000110C1213141515000000161718191719FF
:1063900019191719191A1919191917191719031B86
:1063A0001C1D1D1E1F202122230024002526272717
:1063B00027002726282926262A2A272A272A2B2C7F
:1063C0002D2E2E2F2E300000230931090000000051
:1063D00000000000000000000000000000000000BD
:1063E00000000000000000000000000000000000AD
:1063F000000000000000000000000000000000009D
:10640000000000000000000000010000000000008B
:106410000001000003000000000200000000000076
:10642000000000000000000000000100000000006B
:10643000000000000000000000010E0009F900004B
:106440000000EEED020F0705F30210010D030A0034
:10645000000000000000000000001303FE00000028
:106460000000000000000000000600F60000000030
:1064700000FA05060000FD00FE0300FD00FDFEFA27
:1064800000000000FD0000FCFB0000FD00FA000021
:1064900000000000000000FDFD00FB00F700D90037
:1064A00000FA00060A0000FA03030B06FB060000D0
:1064B000EE0000000000000000000000F4000000FA
:1064C0000000000000000000000000F7FCF000F3F6
:1064D000FE00000000010C00F6FDFF0100FB0000C3
:1064E000FEE80000000000000000000000E6FD0CD7
:1064F000000000000000000000000000F3000000A9
:10650000000000000000000B00030000FA00000083
:1065100000000000000000000000000000000C036C
:10652000010000000000000000000000000000006A
:10653000000000000000000000000000000000005B
:106540000000000000000000F40000000000000057
:106550000000000000000000000000000000000239
:1065600006030AFD000006FDF5D402090601FC0041
:106570000C000A000A00E200FC0A000BFD06030002
:106580000001FD0000FB1A001A000A000D04050AB4
:10659000000000F40000000001FE0002FAFCFA0214
:1065A00000FD000000F300000000000000000000FB
:1065B00000EB0000000000000000000000000000F0
:1065C0000001EE00EC00000000FE0020FCFC0303D4
:1065D000FD00FC030000EF000000000000000000D0
:1065E0000000E100030000000000000000000000C7
:1065F00000EC00130000F4000B00EAE1EAFA0A00E4
:1066000000EB0004F900FB000000000000000000A7
:10661000000000080AD9000000000000000000008F
:1066200000000F000200000000000202FCFA00FF60
:10663000FFFD0000FE000000FA00FD00F9FA00F87E
:10664000F5F5FA00FA00FA00000000FD0000030072
:1066500002FD000100000003FE000000FE0303FF36
:10666000000000FA00FF0000000000010004FE002E
:10667000FC00FB0000FE000A0000FD00000000001E
:10668000FF01FEFE0000FD00FD0000000000000014
:106690000000FEFE00FDFC0000000000010000FE06
:1066A00000FDFDFD000000000000000000FE0000F5
:1066B0000000FEFC00FB00F6FEF6060000FA0306F2
:1066C0000900F8FFFC00FFF103FE02EF03000001E8
:1066D000EF00EFFDE4FE00F00006090004000000FA
:1066E000000100FAFC00F6000000FD000000FD00C3
:1066F00000000000FEFE00FEFC00000000000000A4
:10670000FDFD00FEFCFD0000FD000000000000009B
:1067100000000000FDFD00FC00FE00FA030000FC8C
:10672000020303000000000000FE00000000000261
:106730000000FD00FDFEFC00000000000000030062
:10674000FD00000000FCFB00FA000AFE01F600005C
:1067500009F0EFF3FA0300FDEBFA00FA00FA05FA8C
:10676000EC00F7000002FF03FE000300F6F400F067
:10677000F8F9F8F6FCF7FFFAF702000100FD000057
:10678000000200030000000000000000000000FD07
:1067900000FE00FFFD00FBF9F9FF00F6000000001D
:1067A0000000FD0000000001FE00000003000000EA
:1067B00000000000000F00000000000002000000C8
:1067C000FD0000000000000000000000FA000300CF
:1067D000000000000000000000000000FE000000BB
:1067E000FA00000000F0F6000000FBF00000FD03DE
:1067F00000F700000000000000000000FB0000FAAD
:106800000000000000000000000000000300FA008B
:10681000000000040002FAFA00FDFDFC0000000088
:106820000000F600FD00FBFD00F9F8F6FD00FA009F
:10683000F6000000001A0000020000FC000300F255
:106840000000000000E2FA0B0AFDF30003FB00F079
:10685000FEFC03EAFD040005F5FBF4F5F30000ED92
:1068600000120000FE000000FEFEFDF7F5FFE20052
:106870000000000000000000010000000000000017
:10688000000000000000000000FD00FEFDFB000015
:10689000FA00FD0000000000000000000000000001
:1068A0000000FF00FA000006FF0400F903FEFFF8F5
:1068B000FD00FCFDFE00FBFB0000FDFFFEFBFC00FD
:1068C00000FD0003FE00F9000000FA00FB00FBFBE6
:1068D000030000000000000000FA0300FC00FEFCC2
:1068E000F6FEFEFEFFFEFCFF0000000000FDFDFDC9
:1068F0000000000004FE00FE000000FEFCFEFDFCA7
:10690000FD00030DFF00F700FE0600FDF3FC05008F
:1069100000F1FB03FB0200FEFDF600FB020000FBA2
:106920000000000303FAFA00FBFDFBFDFD00FB0283
:10693000FAFB0A0000000000000000000300000055
:106940000000000000000000000000000000000047
:1069500000000000FB00000000000000000000003C
:106960000000000000000000000000000000000027
:106970000000000000000000000000000000000017
:10698000FE00000000000000000000000000000009
:106990000000000000000000000000000000FDFDFD
:1069A000000000000000000000000000FB0000FCF0
:1069B0000000FDFD00000000FD00000000FE0000E2
:1069C000000000FE00000000FB00FA000000F500DF
:1069D00002F90601FEF10000F9FD00F3F8F70000EE
:1069E000F2FDF3F4F100F8000315FC00F9FDFFFDE2
:1069F000FBF7FAF4F3F9FD0000FE00010000EAFDE8
:106A00000A07F9F40001F600F0FEFD06E3FC0100C0
:106A100000EBFCEFFDE90000EA00130100FE0000BE
:106A20000000FEFEF4FE00EB00000000F600FD009A
:106A3000FFF7F10000FEFBF6FD00FE00000000F293
:106A4000FDF5F6FDFBF8FDFB00FAFDF5FB00FCFA99
:106A5000FDFA000200FEF5000600FA000000000446
:106A60000002FA0D00FDFDFC000000000000F60031
:106A7000FD00FBFD00F9F8F6FD00FA030D00000033
:106A8000001A0000020000FC0003000000000000EB
:106A90000000FF0000000000FEFA0000000000FE01
:106AA000000000FDFD0000FAFD0000FA0005FE00F8
:106AB00000000000000200000000050603FD00F6D3
:106AC000FB000AF5F6FAFA0D0603E4FE06FD00FDEA
:106AD00004FDF500FD03FCFDF6FD00000A0600F7CD
:106AE00000EEFC09FCF401FCF5F5FD0D0300FB00D4
:106AF000F700030BF9F4F3F80A0001E9FD03FBFECC
:106B0000F900F9F4FBFBFD0000F9F9FD000A07FDAF
:106B1000EE00EEFC00F5EDFFF6FBF5F7090000FCDA
:106B200000FAFD00FDFA0005F5030000EF00FDF995
:106B3000FBFEF6F8F5F900F6FDF9FAF6FD000001A6
:106B40000FFB00F6FD00FDFAF9F7F7F4FCFA06007A
:106B5000FB00F0FC0206F6F4FAF50BFD02E2FA0681
:106B6000F9FBF400F6F3FCFDFDFDF9F6FF00000A69
:106B700009FEEB00EDF908F4EAFAF5F3F0F506008A
:106B8000000000FC000003FC0602FA060000F6FF0D
:106B900000FF000101FD000000000000FD000000FA
:106BA00000030A0100FC00000000FEFEFC000000E3
:106BB0000103000000000300FD000C00060101FCC1
:106BC00000060000000300000000000000000000BC
:106BD000000A0009000000000000000000000000A2
:106BE0000000ED00FD05000A00002004FAFA03038E
:106BF000FE01F000000FED000000000000000000AA
:106C00000000EA0C2D000000000000000000000061
:106C100000ED000000000000000000000000000087
:106C2000000000000000000000000000FB0000FA6F
:106C3000FD00000000000000000000000000000057
:106C400000000000FE00F700000100000329FAFD2B
:106C50000A09F70300000303FC0000000000000025
:106C600000000000D6090000000000000000000045
:106C700000000000000000F7000000F70000000026
:106C8000F9FE000000F900FC00F100000000000027
:106C90000000000000EB0000000001000000000008
:106CA00000FD0000FA00FB00F7000000FB03FC0001
:106CB00000F7FDF90000F700FD00F100FC0000E620
:106CC000FAF3FCF40000EB00F7FE00000000000007
:106CD0000000FBFAFDFB00000000F900F904FC06CF
:106CE00000FEF9FEFBFA00FCFEFE02F7FF000000CA
:106CF000E4FDFC00F900FEF1FD0000FEFD000000D7
:106D0000000200FEFBFE0500000000000000000085
:106D10000000000000000000000000000000000073
:106D20000000000000000000000000000000000063
:106D3000000004000000000000F900FE000000FA5E
:106D400003000000F7FDFA0000F700FD00F100006D
:106D50000000E100FAF4F00000EB00FEFB00000090
:106D60000000000000FDFBFEFB01000005FC000A26
:106D700010FDFDF604100507F7040D0409070900CE
:106D800000000000000000000000140FFAFD00FDEC
:106D90001A0E1A0000000300000C0000FB000000A7
:106DA000000000000000FE000000000000000004E1
:106DB00000000000E5FCFDF3F00000EB0000000027
:106DC00000000000000000000000000000FB0000C8
:106DD00000000000000000FE0000000000000000B5
:106DE0000400000000E5FCFDF3F00000F3000000EB
:106DF0000000000000000000000000000000000093
:106E0000FD000000F90300FD030603F600FFFD038B
:106E1000000300000000F800FDFEFA00FDF300147E
:106E2000FD00F9FE00FEFB00FDF7FAFC000000FB90
:106E3000000000000000000000FE00000000000054
:106E400000000400000000E5FCFDF3F00000EB0092
:106E50000000000000100000000000000000000022
:106E6000FB00F6FCFD0AFDFDF301FE01FEF7010744
:106E700001030103F8F3FC00F4FAF7F3F400FBFA62
:106E8000FCFCFDFEFCFE00FEFF050005FE000A0006
:106E90000000000000000000000000FEFDFD0000FA
:106EA000F700FE00FB0000000000000000000000F2
:106EB000ED0000000000000000000000FDFD00FCEF
:106EC00000000000FD0000FBFD0300FBFAFE00F7E0
:106ED000FEF9FEFC00FB00000000000000000000C6
:106EE00000EB000A0000FA00000000FC00FD0000BA
:106EF000FE0000FE00F900000DFCF5F6020404FFA0
:106F0000F70205020A020BFEF70000F30000F6F795
:106F10000000FA00FCFB00FB00FB00FE0500FDF694
:106F2000FD0C0000FD00FA000004F90003FD030061
:106F300000F500FEFF00FD04FD000000F3FCF90079
:106F4000F60000F1000CFD00FA000200FD00FDF665
:106F500000FD0300000000FE000003FC010000FC37
:106F6000FE00FC0000000000000000000000000027
:106F700000000000EC00070000FD00000000010020
:106F8000FDFD0000000600070000000000ECEE011F
:106F90000E0A05F3020D000C0006000000000000C0
:106FA00000000000001100000000000000000000D0
:106FB000000000000000000008640408CC6204081F
:106FC0006A6304083D310000DC1A0408385D0408D7
:106FD000A4620408B86F040810000228840200208C
:106FE000D9110208191102081600040000FF01005F
:106FF000C86F0408000000000000000006F2ECE882
:107000003699D661963ABE245E05FA05B1046A4DFA
:10701000098EE7CE47FF00FEC0FCA4FAA97AF1630F
:10702000F39C8AEA8EE3D3EC7AFE5DFF0FEA12F35B
:1070300076F4DAFD3DFF37AA59BB9BCCFCE53EF761
:10704000B87AB993FBB43DD63EEF585B397C5B9D73
:107050005DC65EEF3E45BE655F96FFBE9FE7BE2DF7
:107060001E4EBF863FB7BFE73B269C4EFD865EB7F0
:10707000BFE73325B54D5886FBB69EE7CD65308614
:10708000B4A639CFBDEF6C9EB0AE14C779DFDDF783
:107090000AD72EDF73E7B8F7DCFF6BFF8EFFB3FF75
:1070A000D8FFFCFF45FEA9FE10FF76FFDCFF24FDA4
:1070B000A9FD70FE16FF9CFF88FB4CFC52FD77FE7D
:1070C0005CFF6C8B4FA454BD79D65DEF937C3595F6
:1070D000F8B5DBCE7EEFF7BD1CE77DEFBEF7DFFF37
:1070E000C6E165D145C1E3B0CCD8CBC0AAA86988B8
:1070F0003589F478D368B148B65975513441D230E6
:10710000553AF331B2290F195C1CBA1B3813340AF3
:10711000DC045A04B703B3027805B40411040C0369
:107120004F04CD034B0368020845673CE62BE41A85
:10713000887DE76C4554433346C6A5ADE49CA283E5
:10714000C6FE05FE44FDE2F380FD00FD60FC60FB31
:1071500060FCE0F360EB80E283F243E202DAA1B983
:10716000686A065AA54924396F53CC4229328721CF
:10717000AE730C630842042100003C027804B3069D
:10718000EE08280B610D990FD01106143A166C18F1
:107190009D1ACB1CF71E212148236C258E27AC2974
:1071A000C72BDF2DF32F0332103418361C381C3A4E
:1071B000173C0E3EFF3FEC41D443B64593476A4926
:1071C0003C4B084DCD4E8D504652F953A5554B576B
:1071D000EA58825A135C9C5D1F5F9A600D62796366
:1071E000DD6439668D67D9681D6A596B8C6CB76D23
:1071F000D96EF36F04710C720B730174EE74D27557
:10720000AD767F7747780679BB79677A0A7BA27B70
:10721000327CB77C337DA57D0D7E6C7EC07E0B7F7E
:107220004B7F827FAF7FD27FEB7FFA7FFF7F0000B3
:10723000E4B80308DD9A0108000000000000000027
:107240002D9D01080000000001040000E4B80308BF
:10725000FDA8010851A901080000000071A901085A
:1072600004010D0000060000E4B8030893AC010817
:10727000000000000000000000000000D127D1271E
:1072800044020000E4B8030839AD010889AD0108E3
:1072900000000000A5AD0108040182008503000084
:1072A000E4B803089DBF0108D5BF01080000000035
:1072B00059C20108D127D127C4020000E4B803084D
:1072C000F5040208A905020800000000D50502081F
:1072D0008200D12705040000E4B80308990C0208D5
:1072E000CB0C0208000000000908020800000000A2
:1072F00080020000E4B80308A1200208252B020840
:1073000000000000612B0208D127D127C003000034
:10731000E4B80308913802082D3902080000000083
:107320007D390208D127D127C0040000E4B8030842
:10733000814D020800000000000000009D4D020881
:10734000D127D127C0020000E4B803084DBA0208D3
:107350000000000000000000D9BA0208D127820016
:10736000C5020000107304080000000000000000C7
:1073700000000000B5BC020800000000C0040000CE
:107380004C720408A9BE02080000000000000000C2
:1073900019BF02080000000085070000E4B80308D8
:1073A000FFD5020829D60208000000003DD60208D9
:1073B00034001E0084020000E4B8030805D8020867
:1073C00049D8020800000000A1D80208D127D1271F
:1073D00085030000E4B80308B9E0020887E3020867
:1073E00000000000ADE30208040182000406000072
:1073F00030313233343536373839414243444546EB
:1074000040305800303132333435363738396162E4
:1074100063646566403078000400000800000000E6
:107420000000000200010000100000000240000007
:10743000000000A00000000005400000000000C89F
:10744000000000000C4000000000409C0000000014
:10745000194000000020BCBE0000000034400000C5
:10746000BFC91B8E00000004B5400000504BCFD0B8
:107470006607E2CF010000006C4100003E8251AA85
:10748000DFEEA73401000000D9420000DCB5A0E225
:107490003A301F97FFFFFFFFB4450000FD25A0C84D
:1074A000E9A3C14FFFFFFFFFFF3F00000000008086
:1074B00000000000FF3F000000000080000000000E
:1074C000506C656173652075736520746865207301
:1074D00074796C757320636C69636B2074686520C4
:1074E00063726F7373206F6E2074686520736372AC
:1074F00065656E2E5468652063726F7373207769BB
:107500006C6C20616C77617973206D6F7665207586
:107510006E74696C207468652073637265656E2093
:1075200061646A7573746D656E7420697320636F2E
:107530006D706C657465642E00000000536100007E
:1075400057650000546800004D6F0000467200004F
:1075500053750000547500004A756E650000000008
:107560004D61726368000000417072696C00000038
:10757000446563656D626572000000005365707458
:10758000656D6265720000004E6F76656D626572B2
:10759000000000004F63746F62657200417567758B
:1075A000737400004D6179004A756C790000000029
:1075B0004A616E75617279004665627275617279B1
:1075C00000000000323032330A323032320A3230B8
:1075D00032310A323032300A323031390A32303107
:1075E000380A323031370A323031360A32303135EA
:1075F0000A323031340A323031330A323031320A11
:10760000323031310A323031300A323030390A32D8
:107610003030380A323030370A323030360A3230C1
:1076200030350A323030340A323030330A323030BA
:10763000320A323030310A323030300A3139393999
:107640000A313939380A313939370A313939360A84
:10765000313939350A313939340A313939330A3156
:107660003939320A313939310A313939300A313947
:1076700038390A313938380A313938370A31393826
:10768000360A313938350A313938340A3139383324
:107690000A313938320A313938310A313938300A49
:1076A000313937390A313937380A313937370A3100
:1076B0003937360A313937350A313937340A3139F1
:1076C00037330A313937320A313937310A313937EC
:1076D000300A313936390A313936380A31393637D4
:1076E0000A313936360A313936350A313936340AF3
:1076F000313936330A313936320A313936310A31C5
:107700003936300A313935390A313935380A3139A3
:1077100035370A313935360A313935350A31393597
:10772000340A313935330A313935320A3139353194
:107730000A313935300A313934390A313934380AA5
:10774000313934370A313934360A313934350A316E
:107750003934340A313934330A313934320A31395F
:1077600034310A313934300A313933390A31393355
:10777000380A313933370A313933360A313933353A
:107780000A313933340A313933330A313933320A61
:10779000313933310A313933300A313932390A312A
:1077A0003932380A313932370A313932360A313909
:1077B00032350A313932340A313932330A31393209
:1077C000320A313932310A313932300A31393139FC
:1077D0000A313931380A313931370A313931360A0B
:1077E000313931350A313931340A313931330A31DD
:1077F0003931320A313931310A313931300A3139CE
:1078000030390A313930380A313930370A313930B4
:10781000360A313930350A313930340A31393033AA
:107820000A313930320A31393031000030310A3012
:10783000320A30330A30340A30350A30360A3037EB
:107840000A30380A30390A31300A31310A3132000F
:107850000A000000200000002100000022000000BB
:107860003123000023000000240000002500000058
:107870002700000028000000290000002A00000066
:107880002B0000002C0000002B2F2D002D000000ED
:107890002F00000030000000310000003200000026
:1078A0003300000034000000350000003600000006
:1078B0003700000038000000390000003A000000E6
:1078C0003B0000003C0000003D0000003E000000C6
:1078D0003F000000400000004100000042000000A6
:1078E0004142430043000000440000004500000006
:1078F000460000004700000048000000490000006A
:107900004A0000004B0000004C0000004D00000049
:107910004E0000004F000000500000005100000029
:107920005200000053000000540000005500000009
:1079300056000000570000005800000059000000E9
:107940005A0000005B0000005C0000005D000000C9
:107950005F000000610000006200000061626300DF
:107960006300000064000000650000006600000085
:1079700067000000690000006A0000006B00000062
:107980006D0000006E0000006F000000700000003D
:10799000710000007200000073000000740000001D
:1079A00075000000760000007700000078000000FD
:1079B000790000007A0000007B0000007D000000DC
:1079C000EF808C00EF819300EF819400EF959A0097
:1079D000EF849C00EFA2A2000000000042746E3110
:1079E0000000000042746E320000000042746E33EA
:1079F0000000000042746E340000000042746E35D6
:107A000000000000233030303066662052652D6360
:107A10006F6C6F7223202366663030666620776F46
:107A2000726473232023666630303030206F662006
:107A30006123206C6162656C2C20616C69676E202B
:107A4000746865206C696E657320746F2074686556
:107A50002063656E746572616E6420207772617058
:107A6000206C6F6E672074657874206175746F6D1B
:107A700061746963616C6C792E000000B87A040847
:107A80000000002020030000C4010008A87B0408B7
:107A900020030020E08C0100200200081C000000F0
:107AA00043000000F8FFFFFF0C0000000E00000084
:107AB0000F0000002E00000011031D24F4321042BC
:107AC0000122F82BFFFF0C1205000D3CCD5F0308CF
:107AD0007D640308D959030816FDFF02082D1944D7
:107AE00012055A206B12681A550C1AF00C1AC80CA1
:107AF000013B023B1F1AAA01011402202D0266015C
:107B00001E5075040848041A54041A40041A440408
:107B10001A4C041A3C041AB0041AB8041A60041A65
:107B200068041AA4041A58041AA8041A9C041A7C9B
:107B3000041A94041A88041A70041E2C780408C4C9
:107B4000086112FF1F10BB030810BC041ABD041A01
:107B5000BE0429109904411AC0081AC0241AC0246E
:107B60001A642439109904016C0617D4C3B2A16FAA
:107B7000181609F60208E5F2020889F3020861F412
:107B80000208A9F50208D50C1A110C1A39041EDCDA
:107B9000790408E4041AEC041E50780408F4081A66
:087BA000FC041AD80481000066
:040000050800018965
:00000001FF
