:020000040800F2
:10000000A07C01205D020008651E00089F0E00080C
:10001000491E0008B7080008EF250008000000008E
:100020000000000000000000000000009D0100082A
:10003000F509000800000000F90100087D23000810
:1000400077020008770200087702000877020008AC
:10005000770200087702000877020008770200089C
:10006000770200087702000877020008770200088C
:10007000770200087702000877020008770200087C
:10008000770200087702000877020008770200086C
:10009000770200087702000877020008770200085C
:1000A000770200087702000877020008770200084C
:1000B00077020008770200087D2400087702000814
:1000C000770200087702000877020008770200082C
:1000D000770200087702000877020008770200081C
:1000E000770200087702000877020008770200080C
:1000F00077020008770200087702000877020008FC
:1001000077020008770200087702000877020008EB
:10011000770200087702000889240008CD2400082F
:1001200077020008770200087702000877020008CB
:1001300077020008770200087702000877020008BB
:1001400077020008770200087702000877020008AB
:10015000770200087702000877020008770200089B
:10016000770200087702000877020008770200088B
:1001700077020008770200087702000800000000FC
:100180007702000877020008DFF80CD000F056FB79
:1001900000480047E5D00108A07C01202C4B1968DD
:1001A0000868B0E8F04F80F30988BFF36F8F4FF015
:1001B000000080F3118870470000000008480068C4
:1001C000006880F308884FF0000080F3148862B65E
:1001D00061B6BFF34F8FBFF36F8F00DF00BF00BF6B
:1001E00008ED00E0DFF80C00016841F470010160E7
:1001F000704700BF88ED00E0EFF30980BFF36F8F19
:10020000134B1A681EF0100F08BF20ED108A20E96A
:10021000F04F106009B44FF0500080F31188BFF325
:100220004F8FBFF36F8F21F0EFFA4FF0000080F394
:10023000118809BC19680868B0E8F04F1EF0100F6B
:1002400008BFB0EC108A80F30988BFF36F8F704746
:1002500010000020EFF3058070470000064880473B
:1002600006480047FEE7FEE7FEE7FEE7FEE7FEE79B
:10027000FEE7FEE7FEE7FEE76D24000889010008BF
:100280002DE9F05F0546002092469B4688460646CB
:10029000814640241BE0284641464746224600F05E
:1002A00036FA53465A46C01A914110D311461846A1
:1002B000224600F01DFA2D1A67EB01084F46224630
:1002C0000120002100F014FA17EB00094E41201E16
:1002D000A4F10104DFDC484631462A464346BDE826
:1002E000F09F10B5431A934209D28318881803E08F
:1002F00010F8011D03F8011D521EF9D210BD40EA8D
:1003000001039B0703D009E008C9121F08C0042A93
:10031000FAD203E011F8013B00F8013B521EF9D27A
:1003200010BDD2B201E000F8012B491EFBD270478C
:100330000022F6E710B513460A4604461946FFF7B1
:10034000F0FF204610BD421C10F8011B0029FBD114
:10035000801A704710B5002200E0521C835C8C5C50
:10036000A34201D1002BF8D1D8B2E1B2401A10BD9E
:10037000034611F8012B00F8012B002AF9D1184689
:1003800070472DE9FE4F804681EA0300C00F0C46FE
:10039000009021F0004123F00045B8EB0200A94194
:1003A00005D24046214690461C460B46024623F0A5
:1003B0000040104347D0270DC7F30A00C3F30A518A
:1003C0000290401A019040286BDAC3F3130040F406
:1003D000801B0098924620B10023D2EB030A63EB06
:1003E0000B0B01985946C0F14002504600F080F9CD
:1003F00006460D4650465946019A00F098F910EB12
:1004000008006141002487EA115284EAE7731A4325
:1004100040D0009A62B3019A012A4FEA075215DCD4
:10042000001B61EB02014FF0004202EA0752CDE9E6
:100430000042001C41F5801132462B4600F098F92D
:1004400003B0BDE8F08F40462146F9E7001B61EBA1
:100450000201001C41F5801300185B412018A2F531
:10046000001747EB030140EAD570B6196D4111E062
:100470006D084FEA360645EAC0754FEA0752001B81
:1004800061EB0201001C41F5801149084FEA300080
:100490000019514132462B4603B0BDE8F04F00F041
:1004A00058B90098012240000023D0EB020263EB10
:1004B000E073009821464FEAE074B8EB000061EB6E
:1004C0000401E9E783F000435BE781F0004158E76E
:1004D0002DE9FE4F81EA030404F0004421F00041BD
:1004E00000944FF0000B23F0004350EA01045ED06B
:1004F00052EA03045BD0C3F30A54C1F30A552C44F7
:10050000A4F2F3340194A0FB0254C1F3130141F4AB
:100510008011C3F3130343F4801301FB024400FB77
:10052000034E840A970A44EA815447EA8357A4FB9E
:10053000076802958D0A05FB07854FEA932C04FB9B
:100540000C542705029D4FEA065847EA1637B5EBCB
:1005500008056EEB070C870E920E47EA811742EAF8
:100560008312A7FB0201B6EB0B0164EB00042B0D19
:1005700043EA0C335E1844EB1C50DA465146E7FB65
:100580000201C5F313044FEA0B3343EA14534FEA55
:100590000432019C43EA0603A4F10C040294009C7B
:1005A000CDE900B400F0E4F803B0BDE8F08F00201E
:1005B0000146F9E72DE9F04D81EA030404F0004B10
:1005C00021F0004514464FF0000A23F0004150EAA4
:1005D000050220D054EA01021DD0C5F30A57024695
:1005E000C5F31303C1F31300C1F30A5640F4801599
:1005F00043F48013A7EB0608101BD64608F2FD381B
:1006000073EB050002D308F1010801E092185B4189
:10061000B8F1000F03DA00200146BDE8F08D00209C
:100620004FF48011064684460EE0171B73EB050756
:1006300005D3121B63EB050306434CEA010C490882
:100640004FEA300092185B4150EA0107EDD152EABF
:10065000030012D082EA040083EA0501084305D0B2
:10066000101BAB4106D20122002306E000224FF00E
:10067000004302E06FF0010253101AEB06004CEB4E
:10068000085110EB0A0041EB0B01BDE8F04D00F002
:1006900060B8000030B5041E71F1000404DB4FF0B7
:1006A0000044404264EB0101141E73F1000405DBB9
:1006B0001C464FF00043524263EB0403994208BFCB
:1006C000904230BD30B50B46014600202022012467
:1006D00009E021FA02F59D4205D303FA02F5491B10
:1006E00004FA02F52844151EA2F10102F1DC30BD26
:1006F000202A04DB203A00FA02F1002070479140E2
:10070000C2F1200320FA03F3194390407047202AD6
:1007100004DB203A21FA02F00021704721FA02F3AB
:10072000D040C2F120029140084319467047202A68
:1007300006DBCB17203A41FA02F043EAE07306E009
:1007400041FA02F3D040C2F1200291400843194619
:10075000704710B5141E73F1000408DA401C41F113
:10076000000192185B411A4301D120F0010010BD35
:100770002DE9F04D92469B4611B1B1FA81F202E0AB
:10078000B0FA80F220329046FFF7B2FF04460F46DF
:1007900040EA0A0041EA0B0153465A46084313D087
:1007A000114653EA010019D0C8F140025046FFF744
:1007B000AEFF05460E46504659464246FFF798FFA3
:1007C000084305D0012004E020463946BDE8F08DFD
:1007D0000020054346EAE0762C4337430A98630538
:1007E000E40AA0EB08000022FD0A44EA47540A305C
:1007F00002D500200146E9E7010510196941DDE94C
:10080000084500196941BDE8F04DA2E7C1F30A525D
:10081000C1F3130140F2FF3341F480119A4202DA2E
:1008200000200146704740F233439A42A2F233421D
:1008300002DC5242FFF76BBFFFF75ABF064C074D71
:1008400006E0E06840F0010394E8070098471034A0
:10085000AC42F6D3FFF79CFC64A8020884A8020807
:1008600070B58C1810F8015B15F0070301D110F872
:10087000013B2A1106D110F8012B03E010F8016B9F
:1008800001F8016B5B1EF9D12B0705D40023521E22
:100890000DD401F8013BFAE710F8013BCB1A921C8A
:1008A00003E013F8015B01F8015B521EF9D5A14288
:1008B000D8D3002070BDFEE730B587B01821684658
:1008C000FFF736FD0E48016841F002010160006843
:1008D000002100F002004FF4807406900391009410
:1008E00001200221CDE90101064D04906946284608
:1008F00000F04AFFAC61044800F0D2FA07B030BD06
:10090000303802400004024098000020022000F02D
:1009100027B800001CB501A800900423032215216C
:100920000E4800F0C5FB9DF804109DF8050001F08D
:100930000F0140EA01229DF807009DF806300749A3
:1009400003F00F030F3040EA03200839A0F217101C
:10095000C2F1EF024042C1E900201CBD9800002016
:1009600002461521014800F0E7BB00009800002076
:1009700070B5074C4FF480752804A0610A2005F07B
:1009800077FFA561BDE87040642005F071BF0000ED
:1009900000040240144808B5016841F48001016078
:1009A000006800F48000009010480068C0F3022046
:1009B000C0F10701042900D90421021D072A01D230
:1009C000002000E0C01E01228A40521E02F00501F4
:1009D00081400801064981F8000405494FF0006094
:1009E0003739C1F8000108BD303802400CED00E095
:1009F0003BE000E07047000001488068704700005D
:100A0000000000200248816802781144816070472C
:100A1000000000200B4810B5016841F4007101602E
:100A2000016841F480610160016841F480710160F6
:100A3000032000F09FF80F2000F006F800F050F8B7
:100A4000002010BD003C024030B505461F4887B06D
:100A50000024016841F004010160006806A900F06B
:100A60000400009001A800F097F80498A8B100F0E5
:100A7000B3F840001649174AB0FBF1F11648491E79
:100A8000026040F2E732C0E90324C0E90114846146
:100A900000F0B4F8040003D015E000F09DF8E9E799
:100AA0000D4800F015F904000DD11E2000F034F8B7
:100AB000102D07D2002229461E2000F03BF80748DF
:100AC000056000E0012407B0204630BD40380240F8
:100AD00040420F00000800409C020020040000205B
:100AE0000C4882B0016841F480410160006800F464
:100AF000804000900748001F016841F0805101606C
:100B00000068002200F0805000900F21901E02B07B
:100B100000F010B844380240002809DB00F01F0242
:100B2000012191404009800000F1E020C0F800114F
:100B300070470000F0B40E4B1B680C46C3F3022351
:100B4000C3F10705042D00D90425191D072901D279
:100B5000002300E0DB1E012606FA05F1491E2140B4
:100B600099409E40761E16403143F0BC01F0AABD6C
:100B70000CED00E0064900F0070208684FF6FF039D
:100B8000184040EA0220034A104308607047000002
:100B90000CED00E00000FA050F2202600C4A136819
:100BA00003F003034360136803F0F00383601368EA
:100BB00003F4E053C36012684FF4E05303EAD20237
:100BC00002610448006800F00700086070470000F8
:100BD00008380240003C02400448054900680968A2
:100BE000044AC1F38221515CC84070470C000020C8
:100BF000083802406A2602087047704710B50400A2
:100C000003D094F83D0010B107E0012010BD002092
:100C100084F83C00204600F01EF8022084F83D00D5
:100C2000211D206801F074FC012084F8460084F83E
:100C30003E0084F83F0084F8400084F8410084F8C6
:100C4000420084F8430084F8440084F8450084F8A6
:100C50003D00002010BD704790F83D10012901D0E3
:100C600001207047022180F83D1000681149884238
:100C700014D0B0F1804F11D00F4988420ED00F49E7
:100C800088420BD00E49884208D00E49884205D0D0
:100C90000D49884202D00D49884204D1816801F093
:100CA0000701062903D0016841F00101016000201D
:100CB00070470000000001400004004000080040B0
:100CC000000C0040000401400040014000180040BA
:100CD00090F83D10012901D001207047022180F8D1
:100CE0003D100168CA6842F00102CA6000681149FB
:100CF000884214D0B0F1804F11D00F4988420ED0F5
:100D00000E4988420BD00E49884208D00D498842CE
:100D100005D00D49884202D00C49884204D181682F
:100D200001F00701062903D0016841F001010160CB
:100D3000002070470000014000040040000800400F
:100D4000000C004000040140004001400018004039
:100D500070472DE9F04104460068C66805694FF008
:100D60000007A90713D5B10711D5F91E01610120AC
:100D70002077206880698007204602D0FFF7E8FFCF
:100D800004E000F07EF8204600F07CF82777680742
:100D900016D5700714D521686FF004000861022091
:100DA00020772068806910F4407F204602D0FFF74A
:100DB000CFFF04E000F065F8204600F063F82777E5
:100DC000280715D5300713D521686FF00800086192
:100DD000042020772068C0698007204602D0FFF7F2
:100DE000B7FF04E000F04DF8204600F04BF82777FD
:100DF000E80616D5F00614D521686FF010000861DA
:100E0000082020772068C06910F4407F204602D077
:100E1000FFF79EFF04E000F034F8204600F032F8BF
:100E20002777E80708D0F00706D021686FF00100A7
:100E30000861204600F028F8280608D5300606D5B7
:100E400021686FF0800008612046FFF7D5FE680634
:100E500008D5700606D521686FF04000086120466D
:100E600000F01CF8A8060AD5B00608D521686FF076
:100E7000200008612046BDE8F041FFF7BEBEBDE896
:100E8000F08170477047000000680349884201D133
:100E9000FFF7B8BD70470000000800407047FEE74C
:100EA00010B586B0044618216846FFF741FA20893C
:100EB0000121CDE900010020CDE9030102200290CB
:100EC0006946206800F060FC6089009069466068AF
:100ED00000F05AFC06B010BD70B506460824002587
:100EE00001F0D2F813E06806050E0021304601F04B
:100EF000BAF8022005F0CAFC0121304601F0B3F82F
:100F0000012005F0C3FC304601F0B5F80543641E2E
:100F1000E4B2E8D20021304601F0A5F8304601F0F5
:100F2000D0F8284670BD10B50446002101F0C1F884
:100F3000012005F0ABFC0121204601F094F80120CE
:100F400005F0A4FC0021204601F08DF8BDE810401A
:100F5000012005F09BBC000070B50C460646082534
:100F600019E000BF01F07FF8022005F08FFC04F0CB
:100F70008001304601F09DF8012005F087FC6006F5
:100F8000040E012005F082FC0121304601F06BF8CF
:100F9000012005F07BFC6D1EEDB24FF000013046E4
:100FA000E0D201F060F8BDE87040022005F06EBCB0
:100FB00010B50446012101F07CF8012005F066FC23
:100FC0000121204601F04FF8012005F05FFC0021CF
:100FD000204601F048F8BDE81040022005F056BC5C
:100FE00010B50446012101F064F8022005F04EFC22
:100FF0000121204601F037F8012005F047FC0021CF
:10100000204601F056F8012005F040FC0021204662
:1010100001F029F8BDE81040012005F037BC10B5FB
:101020000446002101F01FF8022005F02FFC0021EA
:10103000204601F03EF8012005F028FC0121204661
:1010400001F011F8012005F021FC0121204601F0FA
:1010500030F8BDE81040012005F018BC70B5054619
:10106000052401F011F80121284600F0FCFF05E0FD
:10107000641EA4B2012005F009FC84B1284600F0EA
:10108000FAFF0028F4D1284601F01BF80021284679
:1010900000F0E9FF022005F0F9FB002070BD2846B2
:1010A00001F00FF82846FFF7BAFF012070BD0000DD
:1010B0002DE9F0411D4617460C468046069EFFF777
:1010C0008FFF6006010E4046FFF746FF4046FFF7E0
:1010D000C5FF28B14046FFF7A2FF0120BDE8F0811F
:1010E00039464046FFF738FF4046FFF7B7FF404616
:1010F000FFF776FF012000EB4400C1B24046FFF746
:101100002BFF4046FFF7AAFF00246F1E0AE000BF36
:10111000FFF7E2FE3055BC4202DA4046FFF703FF1C
:10112000641CE4B2AC424046F2D3FFF741FF4046B4
:10113000FFF775FF0020D1E770B516460C4605464F
:10114000FFF74EFF6006010E2846FFF705FF284611
:10115000FFF784FF31462846FFF7FEFE2846FFF7DB
:101160007DFF2846FFF73CFF012000EB4400C1B2A1
:101170002846FFF7F1FE2846FFF770FF2846FFF7E5
:10118000ABFE04462846FFF713FF2846FFF747FF4C
:10119000204670BD30B587B018216846FFF7C8F803
:1011A000012000F0D9FA01240025CDE90045694667
:1011B0000848049400F0E8FA082000F0CDFAAA20CC
:1011C000CDE9000569460494034800F0DDFA07B054
:1011D00030BD000000000240000C02402DE9F0414B
:1011E00004461D4616460F462A2000F03BFA2046CC
:1011F00000F029FA304600F026FA2B2000F032FAEF
:10120000384600F020FA284600F01DFABDE8F0410B
:101210002C2000F027BA70B55E1A141A641C761CD4
:10122000A4B2B6B21433143174439BB289B2049D94
:10123000FFF7D4FF4FF4006000F0F4FF214628468A
:1012400001F062F8BDE87040002000F0EBBF10B57F
:1012500014460B460246FFF7C1FF2046BDE810408A
:1012600000F0F1B92DE9F04780461F4603F1130065
:1012700083B21646501E82B20C4601F1140081B2B0
:101280004046DDF82090FFF7A9FF0AE0454604E05C
:10129000484600F0D8F96D1CADB2B542F8D3641CD5
:1012A000A4B2BC42F2D3BDE8F08700002DE9F041C2
:1012B00088B018216846FFF73BF81F48016841F0E5
:1012C0001001016000681D4C00F0100006904FF402
:1012D0008020A0614FF0040801AA01250326002701
:1012E000CDF8008082E8E0006946204600F04CFA24
:1012F000C4F81880E804A0614FF0080801AACDF8EE
:10130000008082E8E0006946204600F03DFAC4F81B
:1013100018802805A0614FF0100801AACDF80080C0
:1013200082E8E0006946204600F02EFAC4F81880F2
:1013300008B0BDE8F08100003038024000100240E3
:1013400010B5FFF727FB00F0D3FE00F08DFDFFF78F
:10135000ADFF642005F08CFA654C1021204600F0AA
:1013600074FD0421204600F070FD642005F080FA31
:101370000421204600F070FD642005F079FA112068
:1013800000F070F9782005F073FA362000F06AF961
:10139000C02000F079F93A2000F064F9052000F04F
:1013A00073F9B22000F05EF90C2000F06DF90C200A
:1013B00000F06AF9002000F067F9332000F064F9CA
:1013C000332000F061F9B72000F04CF9352000F02F
:1013D0005BF9BB2000F046F9192000F055F9C02058
:1013E00000F040F92C2000F04FF9C22000F03AF94B
:1013F000012000F049F9C32000F034F9122000F078
:1014000043F9C42000F02EF9202000F03DF9C62059
:1014100000F028F90F2000F037F9D02000F022F971
:10142000A42000F031F9A12000F02EF9E02000F016
:1014300019F9D02000F028F9042000F025F90D203A
:1014400000F022F9112000F01FF9132000F01CF920
:101450002B2000F019F93F2000F016F9542000F07D
:1014600013F94C2000F010F9182000F00DF90D20B0
:1014700000F00AF90B2000F007F91F2000F004F932
:10148000232000F001F9E12000F0ECF8D02000F07A
:10149000FBF8042000F0F8F80C2000F0F5F811201B
:1014A00000F0F2F8132000F0EFF82C2000F0ECF838
:1014B0003F2000F0E9F8442000F0E6F8512000F069
:1014C000E3F82F2000F0E0F81F2000F0DDF81F20E7
:1014D00000F0DAF8202000F0D7F8232000F0D4F84C
:1014E000212000F0BFF8BDE81040292000F0BAB874
:1014F00000100240411F5F2901D800F02DBD704748
:101500002DE9FF4F81B00446DDF83C9000904FEA92
:1015100059074FF00008780700D0012000EBD700F2
:1015200000FB09FB203AD0B203900298029948448C
:10153000401E83B2E019401E82B22046FFF74EFEE5
:10154000002553E0B9F10C0F2AD0B9F1100F2ED0BD
:10155000B9F1180F2ED0B9F1200F49D127490398BE
:1015600001EB8010002610F805A0109800284FF01D
:10157000010000FA06F000EA0A0022D020B120465D
:10158000049A0299FFF763FE641C0098A4B2201A23
:10159000B84225D10298009C401C80B2029023E002
:1015A0000398174900EB400001EB8000DAE715498A
:1015B000039803E00398144900EB400001EB00108E
:1015C000D0E708B1049800E00E9800F03CF808F16C
:1015D0000100C0B2B0FBF7F1804607FB118050B1AB
:1015E000761CF6B2082EC0D36D1CADB25D45A9D3F2
:1015F00005B0BDE8F08F4FF00008F5E7A6420208FD
:1016000072260208E62A0208D63002082DE9FE4FAB
:101610009946DDE90D6714468A460546DDF83080B7
:101620000CE0CDF800804B4651462846CDE90167D5
:10163000FFF766FF05EB560085B2641C2278002A8E
:10164000EFD1BDE8FE8F10B504464FF4006000F006
:10165000E9FD0121204600F0F7FDBDE81040002023
:1016600000F0E0BD10B5074C03460821204600F00D
:10167000ECFB184600F008F82046BDE810400821B1
:1016800000F0EABB00100240012100F00DBE000096
:1016900000B587B018216846FEF74AFE102000F01A
:1016A00067F808484FF460410A0482610091012103
:1016B0000022CDE90112CDE90321694600F064F86A
:1016C00007B000BD00100240034A516921F4604197
:1016D00041EA403050617047001002404FF4FA7404
:1016E00000F020F820461FF093FFF9E700B587B01F
:1016F00018216846FEF71CFE042000F039F808485F
:101700004FF400510A048261009101210022CDE9C9
:101710000112CDE90321694600F036F807B000BD9B
:101720000008024005494FF400524869824300F422
:10173000005042EA00408861704700000008024003
:10174000044908B50A6802430A600968014000912B
:1017500008BD000030380240044908B50A68024359
:101760000A6009680140009108BD0000303802405D
:10177000044908B50A6802430A60096801400091FB
:1017800008BD000030380240F0B50A680F2692FA12
:10179000A2F2B2FA82F303248AE001279F4015EAFD
:1017A00007027DD04D68012D01D0022D1BD18D681F
:1017B000876892FAA2FCBCFA8CFC4FEA4C0C04FA43
:1017C0000CFC27EA0C0792FAA2FCBCFA8CFC4FEA4C
:1017D0004C0C05FA0CF52F438760CD6847685543DC
:1017E00097432F4347600F69D0F80CC092FAA2F5D7
:1017F000B5FA85F54FEA450E04FA0EF52CEA050C0C
:1018000092FAA2F5B5FA85F56D00AF404CEA070CE7
:10181000C0F80CC04D68022D33D192FAA2F5B5FA8A
:1018200085F5082D15D2D1F814C0056A92FAA2F7F1
:10183000B7FA87F7BF0006FA07F7BD4392FAA2F797
:10184000B7FA87F7BF000CFA07FC45EA0C050562FA
:1018500017E0D1F814E0476A150A95FAA5FCBCFA1E
:101860008CFC4FEA8C0C06FA0CFC95FAA5F5B5FA3F
:1018700085F5AD0027EA0C070EFA05FE47EA0E07CC
:1018800047624D68076892FAA2FCBCFA8CFC4FEAEA
:101890004C0C04FA0CFE27EA0E0792FAA2F200E0C2
:1018A00005E0B2FA82F2520095402F4307605B1CBC
:1018B0000A681546DA407FF470AF0020F0BD10B51D
:1018C000044600F083FB206000F056FB606000F0EF
:1018D00061FBA060606800F06BFBE06010BD10B5BC
:1018E00003680122C3F380132BBBD1E900231A4301
:1018F000D1E9023423431A430B691A434B691A4353
:101900008B691A43CB691A430B6A1A4303684FF673
:10191000BF74A3431A43026042684B6922F0040279
:1019200042EA134242600A6AB2F5005F02D1898C32
:1019300089B201610022C16921F40061C1611046D0
:1019400010BD000001490860704700000C00002035
:10195000F0B50268254B264D264E274F274C4FF0F9
:10196000804C984209D0604507D0A84205D0B042CB
:1019700003D0B84201D0A04205D1D1F804E022F052
:10198000700242EA0E0298421BD0604519D0A8426C
:1019900017D0B04215D0B84213D0A04211D0184D84
:1019A000A8420ED0174DA8420BD0174DA84208D020
:1019B000164DA84205D0164DA84202D0154DA8429A
:1019C00003D1CD6822F440722A4302608A68C26261
:1019D0000A888262984201D0A04201D1096901635C
:1019E000416941F0010141610020F0BD000001406A
:1019F0000004004000080040000C004000040140CA
:101A000000400140004401400048014000180040EF
:101A1000001C004000200040F0B5012600236E4C61
:101A20006E4D012908D010293BD0B1F5807F73D0CD
:101A3000B1F5805F6ED1A6E0016A21F0010101627B
:101A4000016A46688769D2F800C027F0730747EA41
:101A50000C07D2F810C021F0020141EA0C01D2F8C3
:101A600004C021F0010141EA0C01A04201D0A842CA
:101A700012D1546921F0080141EA8401946821F0EF
:101A8000040141EA8401956926F480742C43D569E8
:101A900024F4007444EA450646608761D2684263D4
:101AA0006FE0016A21F010010162066A41688769EE
:101AB000D2F800C027F4E64747EA0C27D2F810C056
:101AC00026F0200646EA0C16D2F804C026F01006CE
:101AD00046EA0C16A04201D0A84213D1556926F05F
:101AE000800444EA8514956824F0400444EA85168D
:101AF000946921F4806141EA8401D46921F4006190
:101B000041EAC40141608761D168816361E003E01B
:101B100000E01E463046F0BD016A21F4807101628A
:101B2000016A4668C769D2F800C027F0730747EA20
:101B30000C07D2F810C021F4007141EA0C21D2F850
:101B400004C021F4807141EA0C21A04201D0A842D6
:101B500013D1546921F4006141EA8421946821F48D
:101B6000806141EA8421956926F4805444EA051491
:101B7000D56924F4005444EA45164660C761D2682A
:101B8000C2630162C5E7016A21F480510162066AFD
:101B90004168C769D2F800C027F4E64747EA0C2736
:101BA000D2F810C026F4005646EA0C36D2F804C02B
:101BB00026F4805646EA0C36A04201D0A84204D151
:101BC000946921F4804141EA84114160C761D16880
:101BD000016406629DE7000000000140000401402E
:101BE0007FB50446C0680D460126C0F34030C0BB37
:101BF000E9686868AA690843296911430843E168EC
:101C000049F20C6291430843E060A868216921F41D
:101C10004051014321616869616921F440710143C8
:101C200061616846FFF74BFE0F48844208D00F48B9
:101C300084420DD00E4884420AD00E48844201D11D
:101C4000039906E00C48844202D00C48844208D133
:101C5000029931B12B6823B100262046AA6900F011
:101C60000FF804B0304670BD001001400044004041
:101C70000048004000140140004C0040005000406B
:101C80002DE9F04106461920A1FB00011F46002363
:101C900064243225B2F5004F27D0BB0FBA00FEF7FF
:101CA000EFFA0146B0FBF4F06FF01802504301EB7D
:101CB000800005EB0010B0FBF4F000F0F002B1FB87
:101CC000F4F002EB0012B1FBF4F06FF0180358438C
:101CD00001EB800005EB0010B0FBF4F000F00F000A
:101CE000104480B2B060BDE8F081FA195B41FEF7A4
:101CF000C7FA0146B0FBF4F00201B1FBF4F06FF05B
:101D00001803584301EB800005EBC000B0FBF4F072
:101D100000F0F80002EB4002B1FBF4F0584301EB95
:101D2000800005EBC000B0FBF4F000F00700D7E73F
:101D30000A4C4FF0FF354FF4FA762946206920F01F
:101D40001DF9012805D100231A46194620691FF004
:101D500069FF30461FF05CFCEFE70000A8000020A0
:101D60000A4C4FF0FF352946206920F007F9012879
:101D700007D11AF06DFD00231A46194620691FF09D
:101D800051FF05201FF044FCEDE70000A8000020F3
:101D900000F02EBC10B58020FFF7D2FCBDE810404B
:101DA0000120FFF7CDBC000010B58EB01C216846A5
:101DB000FEF7BEFA182107A8FEF7BAFA1F48016815
:101DC00041F010010160006800F010000D901B4808
:101DD0001438016841F0010101600068002400F03E
:101DE00001000D904FF4C06007900220089003207E
:101DF000CDE909040720CDE90B4007A91048FFF7FA
:101E0000C3FC4FF4E130CDE900040C200294CDE98D
:101E10000340059406940B4C69462046FFF7E0FE0C
:101E2000206920F490402061606920F02A00606100
:101E3000E06840F40050E0600EB010BD443802404D
:101E40000000024000100140FEE70A04826142697E
:101E500031EA0202FBD070478161426931EA020235
:101E6000FBD17047FEE70000F0B595B0142110A833
:101E7000FEF75EFA202101A8FEF75AFA182109A8F8
:101E8000FEF756FA3048016841F00201016000682F
:101E9000002500F002000090A720ADF8400040F2BD
:101EA0002B10CDE91150294C10A920461395FFF7AE
:101EB0004FFD206820F0800020602548A1150279A0
:101EC0002248183016183068214F0822FF1D3B7930
:101ED0009A40104330606020CDE9010503950495D8
:101EE00001AA20460595FFF797FD30683A7904214D
:101EF000914088433060606820F070006060A068A6
:101F000020F08000A06010481038016841F0020104
:101F1000016000680C9500F002000090012009901B
:101F20000220CDE90A05CDE90D5009A90948FFF7BE
:101F30002BFC206840F001002060206A40F4807093
:101F40002062E56315B0F0BD403802400004004057
:101F50004426020800040240642800D964204FF49B
:101F6000967110FB01F06421B0FBF1F00149C863E8
:101F7000704700000004004004490968044A01F069
:101F8000F0010909515CC840704700000838024060
:101F90005A26020804490968044A01F4E05102EB98
:101FA00091210978C8407047083802406A26020823
:101FB00004490968044A01F4604102EB513109788F
:101FC000C8407047083802406A260208074800687F
:101FD00010F00C01064807D0042904D0082903D1C9
:101FE000082000F009B80348704700000838024094
:101FF0000024F40040787D0110B5104A044600200A
:10200000116811F480030E4903D0B3F5800F00D19D
:102010000C49082C11D1106800F03F00B1FBF0F022
:102020001168C1F3881148431168012201F440315D
:1020300002EB11414900B0FBF1F010BD0438024041
:102040000024F40040787D0100244FF4FA75641CEC
:10205000E4B2062C00D900242046FFF735FB2846C1
:102060001FF0D6FAF3E74289406809B182617047F0
:10207000110481617047016800890969884301D0B2
:10208000002070470120704710B586B00446182123
:102090006846FEF74DF9208900900020019001204C
:1020A00004900220029069462068FFF76DFB06B09D
:1020B00010BD0289006809B1826170471104816115
:1020C000704710B586B0044618216846FEF730F90F
:1020D00020890090012001900390002004900220AC
:1020E000029069462068FFF74FFB06B010BD000064
:1020F00030B591B028216846FEF71AF918210AA8D0
:10210000FEF716F94248016841F480510160006809
:1021100000F4805010903E481438016841F00101ED
:1021200001600068022500F001001090A020CDE9B8
:102130000A0503200024CDE90C040520CDE90E405A
:102140000AA93448FFF720FB34483349C2788A583B
:10215000C37822F0606242F0C062CA50C2788A58E6
:10216000C37822F0C00242F04002CA50C2788A58B6
:10217000C37822F44032CA50C2788A58C37822F415
:102180009072CA50C2788A58C37822F40072CA503A
:10219000C2788A58C37842F48062CA50C2788A589A
:1021A000C37822F4C05242F40062CA50C2788A58FE
:1021B000C37822F4C04242F40052CA501649C27891
:1021C00014315258C07822F0040242504FF4827009
:1021D000CDE9004001200294CDE903504002CDE951
:1021E00005040A20CDE9084007940D4C69462046B5
:1021F000FFF775FB606820F010006060606840F0D9
:1022000002006060206840F04000206011B030BDE6
:102210004438024000000240006402405226020896
:102220000030014007490A6822F040020A600A684B
:1022300022F4006202430A60086840F0400008602F
:1022400070470000003001402DE9F0410E4607467E
:10225000FEF7D2FB0446134D05E000BFFEF7CCFBB2
:10226000001BB0421CD2A868C0F340000028F5D083
:10227000EF6004E0FEF7C0FB001BB04210D2A8687C
:10228000C0F340000028F5D005E000BFFEF7B4FB26
:10229000001BB04204D2A868C0F3C0100028F5D1DA
:1022A000BDE8F081003001402DE9F0410E460746BF
:1022B000FEF7A2FB0546134C05E000BFFEF79CFBB2
:1022C000401BB0421CD2A068C0F340000028F5D0EB
:1022D000277304E0FEF790FB401BB04210D2A068C9
:1022E000C0F340000028F5D005E000BFFEF784FBF6
:1022F000401BB04204D2A068C0F3C0100028F5D142
:10230000BDE8F08100300140F0B5194A194BD4788E
:102310001C5914F0010FFAD14FF000649C60D5787D
:102320005D59D67825F001059D51124FD6780837B2
:10233000114DF551D6783D1D7051D578381F2D5867
:102340006FF30F050D43D1780D50D0781858D17820
:1023500040F001005850D078185810F0010FFAD111
:102360001868C0F3C0600028FAD09C60F0BD00007F
:1023700052260208006402400C30014010B54FF0B4
:10238000E02000691FF048FF012803D0BDE810409D
:102390001FF08EBB10BD000070B52E48016821F003
:1023A000070141F005010160016801F007010529FD
:1023B000FAD12949086840F480400860274802683B
:1023C00042F4803202600268C2F34042002AFAD02E
:1023D000224A234B121D1468224D2C4023431360C4
:1023E000136823F440331360026842F08072026085
:1023F0000268C2F34062002AFAD04868C0F3803015
:102400000028FAD015480830016821F0F001016079
:10241000016821F4E05141F4A0510160016821F408
:10242000604141F400410160016821F0030141F085
:1024300002010160016801F00C010829FAD10A4883
:10244000FFF780FA0F20FEF7FFFA002801D072B6DE
:10245000FEE770BD003C02400070004000380240C2
:10246000195440000080BFFF007A030A0248016847
:1024700041F470010160704788ED00E00148FEF70B
:1024800068BC00009C02002010B5064C206910F0CA
:10249000010F05D004A000F005F96FF001002061E4
:1024A00010BD00000010004054494D36E6ADA3E5D4
:1024B0009CA8E8BF90E8A18C2CE4BC98E58588E74F
:1024C000BAA7E4B8BA3A360D0A00000010B5064CB7
:1024D000206910F0010F05D004A000F0E3F86FF0C0
:1024E0000100206110BD00000014004054494D3728
:1024F000E6ADA3E59CA8E8BF90E8A18C2CE4BC98CD
:10250000E58588E7BAA7E4B8BA3A340D0A000000B6
:10251000F0B50268294C2A4D2A4E2B4F2B4B4FF019
:10252000804CA04209D0604507D0A84205D0B042F7
:1025300003D0B84201D0984204D122F0700E4A680C
:1025400042EA0E02A0421BD0604519D0A84217D023
:10255000B04215D0B84213D0984211D01C4DA842B9
:102560000ED01C4DA8420BD01B4DA84208D01B4DCD
:10257000A84205D01A4DA84202D01A4DA84203D154
:1025800022F44075CA682A434D6922F080022A432A
:1025900002608A68C2620A688262A04201D09842E0
:1025A00001D109690163012141610169C90703D0B2
:1025B000016921F001010161F0BD0000000001404E
:1025C0000004004000080040000C004000040140EE
:1025D0000040014000440140004801400018004014
:1025E000001C00400020004001201AF0EFB8FEE778
:1025F0001CB501201FF072FA15490324002308615D
:1026000001F10800CDE90040A20212A115481FF017
:10261000ABFD0F4800230C30CDE90040802212A111
:1026200014481FF0A1FD0A480124CDE90040002311
:10263000802211A114481FF097FD05480023001DBA
:10264000CDE90040802211A115481FF08DFD1CBD71
:10265000A80000204C7648616E646C65725461730A
:102660006B000000611D00084C56474C5F546173BD
:102670006B000000311D00084C4544546F67676CC7
:10268000655F5461736B0000DD1600085247424CD1
:102690004544546F67676C655F5461736B0000005D
:1026A000492000080FB4054B10B503A9044A02984D
:1026B00001F042FF10BC5DF814FB000029CA0008BD
:1026C000980200200907090E002804DB00F1E02031
:1026D00080F80014704700F00F0000F1E02080F84F
:1026E000141D704702E008C8121F08C1002AFAD161
:1026F00070477047002001E001C1121F002AFBD182
:10270000704770B5044600256FF02F0608E020687A
:10271000411C2160007805EB850106EB410145185D
:102720002068007800F0B6F80028F0D1284670BD87
:102730002DE9FF5FDDE90220010DDDF838B002432D
:1027400018D044F61050A1F2FF3141430D140F98F8
:10275000012820D0A5EB0B00401C5FEA000A4FF0D7
:102760000004474EDFF81C91A046504616D5CAF12A
:10277000000728E00F98012443A2012808D0002177
:1027800000980F9BC0E90021C0E90243BDE8FF9F0C
:102790006FEA0B01F4E7CBF10000DEE7074612E039
:1027A000F80707D02246334640464946FDF790FEDB
:1027B000804689462246334610461946FDF788FE74
:1027C00004460E467F10002FEAD1DDE90201BAF17E
:1027D000000F42464B4602DAFDF77AFE01E0FDF7B4
:1027E000E9FE04460E460022284BFDF753FF03D8AE
:1027F0004FF0FF30014607E00022254B20463146CE
:10280000FDF7BFFDFEF702F8102409E0002C0ADBFB
:102810000A220023FDF734FD019B30321A55641E55
:1028200050EA0102F2D1641C019AC4F1110314446C
:102830000F9A012A03D0012208430DD10AE0084370
:1028400004D000204FF0110B0F9080E7A3EB0B0595
:102850006D1E0DE05B4504DD4FF0000205F1010542
:1028600004E003DA4FF00002A5F10105002AECD0E4
:1028700000980F99C0E90231C0E9004586E70000E1
:10288000000024400000F03F300000000000F04352
:102890000000E03F3038092801D8012070470020AF
:1028A0007047000010B54021074801F077F9002279
:1028B0000A21064819F094FF054CA06002F0CCFCF8
:1028C0000020207010BD0000D4B600200153000885
:1028D000D801002070B5B1F90030B2F90040A34230
:1028E00000DC23460380B1F90250B2F90240A54250
:1028F00000DD2C464480B1F90460B2F90450AE42C8
:1029000000DA35468580B1F90610B2F90620914209
:1029100000DB1146C1800120AB4201DC8C4200DDAE
:10292000002070BDF8B50D460446B0F90000B1F9BD
:1029300000101646884247DBB4F90210B5F90220B0
:10294000914241DBB4F90410B5F9042091423BDC1B
:10295000B4F90610B5F90620914235DC96B3ADF80E
:1029600000006088ADF8020032466946284600F053
:1029700099F8002827D0A088ADF800006088ADF84D
:10298000020032466946284600F08CF800281AD02A
:102990002088ADF80000E088ADF8020032466946B4
:1029A000284600F07FF800280DD0A088ADF8000080
:1029B000E088ADF8020032466946284600F072F819
:1029C000002800D00120F8BD0020F8BDB0F900209B
:1029D000B1F904309A4213DCB0F90420B1F90030A7
:1029E0009A420DDBB0F90220B1F906309A4207DCB9
:1029F000B0F90600B1F90210884201DB01207047EE
:102A000000207047F8B50D460446B0F90400B1F94E
:102A100000101646884243DBB4F90600B5F90210EF
:102A200088423DDBB4F90000B5F90410884237DC78
:102A3000B4F90210B5F90620914231DC76B3ADF855
:102A400000006088ADF8020032466946284600F072
:102A500029F818BBA088ADF800006088ADF8020026
:102A600032466946284600F01DF8B8B92088ADF80E
:102A70000000E088ADF8020032466946284600F0C2
:102A800011F858B9A088ADF80000E088ADF8020050
:102A900032466946284600F005F808B10020F8BD26
:102AA0000120F8BD2DE9FC4114460E46B1F9002085
:102AB000B0F9001005468A423ADBB5F904008242BB
:102AC00036DCB6F90270B5F90220974230DBB5F971
:102AD00006309F422CDC002C75DD401A9A1A401CEF
:102AE000521C00B212B200EBD07002EBD272401056
:102AF0005210904200DB1046844200DD0446ADF8DF
:102B00000010288800222044ADF804006888ADF841
:102B10000200688831462044ADF806006846FFF799
:102B2000C1FF40B1BDF804002044ADF804003FE00F
:102B30000020BDE8FC81E8880022001BADF80200FF
:102B4000E888ADF8060031466846FFF7ABFF28B1CC
:102B5000BDF804002044ADF8040011E0A88800226C
:102B6000001BADF80000A888ADF8040031466846A7
:102B7000FFF798FF50B1BDF80000001BADF8000052
:102B8000BDF80200001BADF8020016E06888ADF841
:102B90000200688800222044ADF8060031466846ED
:102BA000FFF780FF70B1BDF80000001BADF800001A
:102BB000BDF806002044ADF806003146684617F01F
:102BC000A1FCB6E7FFE70120B3E710B5B1F900407B
:102BD000B2F900309C4200DA23460380B1F902408A
:102BE000B2F902309C4200DA23464380B1F9044036
:102BF000B2F904309C4200DD23468380B1F906100F
:102C0000B2F90620914200DC1146C18010BD0000DF
:102C10002DE9F0418AB0054619F0CEFD0026A04C02
:102C2000074600960DB1E86801E00EF0DFF960603C
:102C3000006917F0FBFB6068406908B117F0F6FB0C
:102C40006068C06917F0F2FB6068006A17F0EEFB7D
:102C500060680169F1B317F079FE17F0F5FD60685F
:102C6000B0F8501199B30168097C890715D50EF0A9
:102C70001BFA401E05B260680EF0D0F9401E03B288
:102C80000022114601A800950CF03CFF606801A9E4
:102C90000268926B516004F05FFD60684FF48071D0
:102CA000303013F083FC6068202100F5987013F039
:102CB0007DFC6068A0F85061384619F077FD0090FF
:102CC00060680068436A13B122680099984713F05E
:102CD000AFFA00E007E000F02FF900F001F9714DC4
:102CE0006F692FB13FE0A0F850610AB0BDE8F081F4
:102CF00013F053FA12F068FB074600227F2117F009
:102D000082FA0DF07CFE01460022384617F058FA90
:102D10000EF04FF801460022384617F012FB002251
:102D20000321384617F0DEFA00220321384617F057
:102D3000C7FA00220321384617F0C8FA00220321FF
:102D4000384617F0C9FA00220321384617F0F3FA83
:102D500055A1384613F0A2F900231A460621384639
:102D600013F0D6FD6F61286819F020FD4FF49678B6
:102D700040450CD2206841F28831884231D96868D8
:102D8000009908446860A868401CA86029E019F010
:102D900013FD286060684FF47A7140680068B1FBE9
:102DA000F0F0696809B901216960A968F1B14FF4CF
:102DB0007A7251436A68B1FBF2F46E60AE6084428D
:102DC00000D90446286920442861E868401CE8606E
:102DD00019F038FDC0F16403224634A1384613F0DF
:102DE00094F92F4D08356C6814B137E00446E4E7D8
:102DF00013F0D3F912F0E8FA044600227F2117F00D
:102E000002FA0DF0FCFD01460022204617F0D8F929
:102E10000DF0CFFF01460022204617F092FA002263
:102E20000321204617F05EFA00220321204617F006
:102E300047FA00220321204617F048FA0022032116
:102E4000204617F049FA18A1204613F027F900236D
:102E50001A460421204613F05BFD6C60286819F0C7
:102E6000A5FC40457FF641AF19F0A6FC286002A8FA
:102E700013F06EFA04990298401A820A514200EB4C
:102E800081206621B0FBF1F39DF821109DF8200010
:102E9000CDE9000109A1204613F037F925E700002C
:102EA000F000002040B500203F00000025752046BE
:102EB00050530A25752525204350550025752E258C
:102EC00075206B42207573656420282564202525B4
:102ED000290A2564252520667261672E00000000FE
:102EE00070B50A4D002400BFC4EBC40655F8260097
:102EF00008B113F011FA05EB86001C2113F056FB04
:102F0000641CE4B2042CEFD370BD0000B0B7002005
:102F1000084949680AE04A68824202D00A68824247
:102F200003D10A7E42F001020A7649690029F2D1F2
:102F300070470000C40000207047000004210148D1
:102F400000F02CBEC8B600201C21014800F026BEAF
:102F5000E0B600202DE9FF5F0446DDE90E0613B957
:102F6000B0F5807F7ED0B6F900504FF0FF376D424C
:102F7000454307EB25252DB22580B6F902C0CCF1DB
:102F8000000C0CFB00FC07EB2C273FB26780B6F966
:102F900000C0A1EB0C0141434FF0020C0CEB2121CE
:102FA00009B2A180B6F90280A2EB080242430CEB01
:102FB000222000B2E080002B7ED04FF00A0A93FB63
:102FC000FAF5684200EB800003EB400705F10109C8
:102FD00028B219F015FE00900FFA89F019F010FED2
:102FE00083465A3528B219F00BFE804609F15A0083
:102FF00000B219F005FE0146009AC7F10A0000FB75
:1030000002F300FB08F00BFB073301FB070193FB06
:10301000FAF291FBFAF04FEA601AB4F90010B4F931
:1030200002000AFB01FCCDF80CC05511378805FBE6
:1030300010C207EBA2220FFA82F905FB01F2BB4690
:10304000029277880AFB002107EBA1210BB2B4F9A9
:103050000410BE460AFB01FC05FB10C20BEBA222CA
:1030600016B200E02FE005FB01F7CDE9007CB4F9D2
:103070000680DDF80CC00AFB007005FB18C1DDF806
:1030800004C0009F05FB18C5029A0AFB087C0AFBD6
:1030900008220BEBA1210EEBAC270EEBA02009B20E
:1030A0000EEBA2220BEBA5250FFA87FC00B212B2A1
:1030B0002DB24F46494500E00EE000DA0F46B5421A
:1030C00016DAA84615E000202080491E6080A18005
:1030D000521EE280BDE8FF9F32882A442280728817
:1030E0003A44628032881144A180718808444FE0DC
:1030F000B046474504DA4F46494506DA0F4604E034
:10310000B54201DA2F4600E0374627804F46494551
:1031100000DD0F46B54201DDA84600E0B046474558
:1031200003DD4D46494505DC01E0B54201DD294698
:1031300000E03146A1809A4201DA154600E01D46C2
:10314000844501DA614600E001468D4205DA9A4283
:1031500001DA114606E0194604E0844501DA6146C9
:1031600000E0014661809A4201DD114600E0194607
:10317000844501DD654600E00546A94205DD9A4229
:1031800001DD104604E0184602E0844500DD60469B
:10319000E0809FE72DE9FE4F0446D0F800B0B0F97B
:1031A0000800E589081AB4F90A10511AD4E909325D
:1031B000B5F5807F38D0A589ADB3A66B70434511B6
:1031C0004E437011266BE16A06FB05F701FB107791
:1031D000694306FB001003EBA72902EBA020804601
:1031E0000612B4F904004FEA2927B8424EDD002F39
:1031F0004CDBB4F90610B14248DD002E46DB94F8F2
:1032000034104A0745D58A0704F1140322D400FB81
:10321000067045004FF0020A0BEB050152461846B6
:1032200013F07AF927E00DE0256BE66A05FB00F75D
:1032300006FB1177464305FB016003EBA70902EB90
:10324000A000CCE7A56B68434D4303EB601902EB8C
:103250006510C4E700FB067000EB40054FF0030A61
:103260000BEB05010222184613F056F9E81C5844EE
:1032700010F8010CA07594F83400C0071FD04FF46B
:10328000FC60ADF80000A18A814218D10020BDE8A1
:10329000FE8F32B204F118002369CDE90102002546
:1032A00039B2AA468B4611F02BFA0090BDF8000007
:1032B000A082DDE90102594611F0BAF9DAE7E07CB3
:1032C00078B1A4F83C90A4F83E80A4F84070A4F82B
:1032D0004260656484F848A02046BDE8FE4F00F0D7
:1032E00002B80120D3E72DE9F04F044690F83C10D6
:1032F000D0F8009090F83E0087B04FF0FF3670296C
:1033000007DAB4F940203546012A00D5002580317E
:103310000DE0902916DDB4F94020B4F90430012500
:10332000521C9A4200DB0025A1F27F114942C9B22A
:103330008846702809DAB4F94210012900D5002620
:10334000803010E00025FF21F2E790280DDDB4F970
:103350004210B4F906200126491C914200DB0026E8
:10336000A0F27F104042C7B201E00026FF2760694B
:103370000090A07D0590002083468246049094F83A
:103380003400400744D594F84810606C11FB0501E7
:103390004944022201A813F0BFF8A08894F848100D
:1033A00010FB01F0616C022206FB0011494403A8E6
:1033B00013F0B2F8A18894F8480011FB00F1626C98
:1033C00006FB012210FB05901118022202A813F03F
:1033D000A3F894F83400800761D594F84800626C33
:1033E00010FB052300EB09010B4413F8013C049387
:1033F000A38813FB00F306FB0322114411F801BC60
:1034000010FB0500111801EB090010F8010C45E054
:10341000B4F84000B4F94220284401B204F1180085
:103420008146236911F06CF90190B4F84200B4F9B7
:103430004010304402B254F8103F484611F060F991
:103440000390608E2368304402B2208E284401B27B
:10345000484611F055F9029094F82400103C80077A
:103460001DD5B4F9422034F8400F284401B2484633
:1034700011F0DEF804906088B4F90010304402B214
:10348000484611F0D5F883466088304402B234F8DB
:103490004009284401B2484611F0CAF8824694F81F
:1034A000340042464546800735D5059810FB08F3A1
:1034B0000499C8F1FF0011FB0031C1F307211BFB88
:1034C00008F61AFB0060C0F3072011FB07F3C7F1F1
:1034D000FF0610FB06331B0AA375022907D8022832
:1034E00003D8002007B0BDE8F08F002702E00228D3
:1034F00000D8FF270598022800D800220498022847
:1035000000D8FF22BBF1020F00D80025BAF1020F4C
:1035100003D8FF2501E0FF20A075EAB1FF2A04D0FF
:10352000DDE900010DF0D4FB0090BDB1FF2D17D0F7
:10353000DDE902102A460DF0CBFB049097B1FF2F76
:1035400005D001463A4600980DF0C2FB0090BDF848
:103550000000A0820120C5E70198E5E70298ECE7AA
:103560000398EAE7BDF81000F3E700002DE9F04703
:103570000446B0F908000A2700026062B4F90A00A4
:103580000002A062B4F90C1091FBF7F5684200EB61
:10359000800001EB4006684205F1010800B219F015
:1035A0002FFB8246E84300B219F02AFB8146C5F1A1
:1035B0005A0000B219F024FB0546C8F15A0000B2C7
:1035C00019F01EFBC6F10A0101FB0AF3024609FBD2
:1035D0000630694390FBF7F002FB061191FBF7F10F
:1035E0004011E06248112063A07C11F036F994F894
:1035F000341060F3000184F83410A07C11F01DF940
:1036000094F8341060F3410184F83410A07C04284D
:1036100024D0052822D0062820D021F0040100BFA4
:1036200084F8341021682162A16921F0E00160F37F
:103630000401A08860F39421E08860F35F51A161E8
:10364000E0894FF4001101EB5001B1FBF0F0A063F1
:10365000FF20A075208AA082BDE8F08741F0040118
:10366000DEE700002DE9F04115460E460746114CF5
:1036700019F0A2F880462B4632463946204611F012
:1036800031FC20B10020A062E06950B110E02C2193
:10369000204612F08BFF4FF00040A0620020BDE8F2
:1036A000F081404619F082F8E06108B90120E0613C
:1036B0002046F4E704B7002010B51421074800F0B5
:1036C0006DFA11F0D5FB40B1054901600549416033
:1036D000054981600549C16010BDFEE7ECB60020D8
:1036E0009D480108194C0108914D01086B480108DB
:1036F00070B50D4604461021284612F057FF206889
:103700000078012804D0022807D0042807D008E058
:10371000208A2880608A688003E0E06800E00A2050
:10372000686020684268002A03D02946BDE87040DE
:10373000104770BDFEB5866A0446BEB9A08A218ACC
:103740000844A082E08A618A0844E082204608F0AA
:103750007AFC060079D020460AF088FE0022092172
:10376000304610F0A9FA607880076ED4208A10B92C
:10377000608A002869D00025ADF80450ADF80850E3
:1037800094F83C0000F00F000328304616D014F0E7
:103790005DFA0746304614F033F903460C200090DA
:1037A000B4F912103A46304608F040F8ADF8080077
:1037B000304614F077F9C10712D017E014F0DAF9A7
:1037C0000746304614F076F9024603200090B4F91B
:1037D00010103B46304608F029F8ADF80400E7E742
:1037E000BDF90410002901DDADF80450810705D4AE
:1037F000BDF90410002901DAADF80450410705D4E1
:10380000BDF90810002901DDADF80850000705D406
:10381000BDF90800002801DAADF8085002AA01A994
:1038200020461BF060FB0023BDF90820BDF9041001
:10383000304616F049F9A08ABDF804100844A08269
:10384000E08ABDF808100844E082FEBD2DE9FC5F67
:103850000446806A5FEA000B71D094F83C000007D0
:103860006DD011F0F9FB019000684021457E58466B
:1038700015F0CFF84FF0000818B9A4F81A80A4F892
:103880001880584614F0D4F98246584614F0D7F9F7
:10389000064694F83C004FF0640900F00F000C2835
:1038A00002D003284CD09AE0A4F8188056B1B4F99D
:1038B0001A50002711F0D0FB00684946407EC0F145
:1038C000640022E0608BC5F1640110FB01F191FB03
:1038D000F9F06083584614F093F80546584614F002
:1038E000B5F902460C200090B4F91A102B46584640
:1038F00007F09CFF6083024600231EE07A1917B28E
:1039000010FB05F292FBF1F215B2002DF6D1ADF8E5
:103910000070A4F81A806A46002120461BF0E3FAE2
:1039200041F6FF72BDF900305142584608F0F0FCF4
:10393000BDF800100123084402B200214CE09AE0D7
:10394000A4F81A80BAF1000F0AD0B4F91850002771
:1039500011F082FB00684946407EC0F1640022E01D
:10396000208BC5F1640110FB01F191FBF9F020837C
:10397000584614F09FF80546584614F0FBF80346E5
:1039800003200090B4F918102A46584607F04EFF5D
:103990002083014600231EE07A1917B210FB05F2BE
:1039A00092FBF1F215B2002DF6D1ADF80070A4F83B
:1039B00018800022694620461BF095FA41F6FF72F6
:1039C000BDF900305142584608F01AFCBDF800100D
:1039D0000123084401B20022584616F075F8208BE6
:1039E000002848D1608B002845D1C6B9584614F04C
:1039F0002DF90546584614F003F8002D06DC002882
:103A00000DDD002D02DA01232A4604E0002806DA43
:103A10000123404202B20021584616F055F8BAF18F
:103A2000000F19D1584614F045F80546584614F0D1
:103A3000A1F8002D07DC00280EDD002D03DA01239C
:103A40000022294605E0002806DA01230022404230
:103A500001B2584616F038F80A215846019A10F07B
:103A60002BF96078800706D414F83C0F20F00F0083
:103A7000207044F8148CBDE8FC9F00007FB50E4612
:103A8000040003D10DF0B2FA040023D00025FEB1EA
:103A9000ADF80050ADF802500DF0C0FA401EADF880
:103AA000040020460DF000FB401EADF806006A46FB
:103AB000314602A8FEF70EFF00280BD02068017CDB
:103AC000890708D5DDE90001C4E90C0101202AE0DD
:103AD000A0F850517FBD82690AB102A99047002623
:103AE0000BE000BF04EBC601002202A83031FEF754
:103AF00019FF0028EED1761CB6B2B4F85001B042DE
:103B0000F0D880B2202804D204EBC00002A93030E3
:103B100004E0A4F8505104F1300069460BF052FF64
:103B2000B4F85001401CA4F8500160680028D1D0BE
:103B300018F036FF7FBD70B5054600F012F8044658
:103B40000CE02146284600F01EF80646214628468D
:103B500000F071F8204612F0DFFB3446002CF0D163
:103B600070BD002800D04068704700B503460022B1
:103B7000FFF7F7FF03E01846521C00F004F80100BD
:103B8000F9D1104600BD0068091D40587047006813
:103B900040587047002800D080687047002242607B
:103BA000C91C21F0030182600160704770B50446B2
:103BB0000068083012F026FB050013D001460022F1
:103BC000204619F0D7FE29462046626819F0CCFE3F
:103BD000616819B12A46204619F0CCFE6560A068DC
:103BE00000B9A560284670BD70B50446006808306D
:103BF00012F008FB050013D001460022204619F000
:103C0000B3FE29462046A26819F0B4FEA16819B196
:103C10002A46204619F0A8FEA560606800B96560D4
:103C2000284670BD28B1416809B9806808B10020F4
:103C300070470120704770B504000DD0FFF791FF69
:103C400000228842204608D1FFF79DFF6060011ED8
:103C500001D000221EE0A26070BDFFF79BFF8842EA
:103C6000206808440AD10168A16029B12046BDE856
:103C70007040002219F078BE626070BD0568204671
:103C8000FFF781FF064602462946204619F06CFEE2
:103C90002A4631462046BDE8704019F06BBE10B58B
:103CA0000446006882680AB121469047206800688F
:103CB000002801D02060F5E710BD8068002801D001
:103CC000B0F91600704700002DE9F047074690B0A4
:103CD000408C189E40F00400788490463A849946BF
:103CE0008A463289384614F043FD0546A7F82090ED
:103CF00032895146384614F03BFD0446788CA54283
:103D000020F00400788403D12904B1EB044F68D07B
:103D1000A7F8208032895146384614F029FD05461F
:103D20008046A7F820905146384609F07BFC31893F
:103D300000682A4617F09AFE3089602823D147F69A
:103D4000FF794D4501D04C451DD1384614F034FE65
:103D500000EBD0704510384614F02EFE00EBD0700A
:103D60004010C84506D1691C431C994200DA00E0A6
:103D7000194688464C4506D1691C421C914201DA1D
:103D80006C1C00E014461948FFF710FF05002BD00B
:103D90002F60C5E903843089A8806846C5F808A06B
:103DA0000BF028F91248FF21CDE90050114802908C
:103DB0001148039000200790CDE9080130880A904F
:103DC00070889DF83E1040420B90F06806900020ED
:103DD00060F300018DF83E103069059068460BF0E5
:103DE0007DF910B0BDE8F087FEE70000F8B60020CE
:103DF00005080208F90902085509020814210148BA
:103E0000FFF7CCBEF8B600202DE9FC5F00259246F6
:103E10008B4606462C46042743F60F0843F60E0948
:103E200000E100BFF16807EBC400085882017DD4AF
:103E300080B230EA0B0212D05FF0000230EA0A00D2
:103E40000FD00020824271D051F8340001AA41F60F
:103E50001001009017F016FC002868D103E0012241
:103E6000ECE70120EEE701AA41F61101009817F0F6
:103E700009FC002873D101AA41F61201009817F03D
:103E800001FC00286BD101AA41F61301009817F03C
:103E9000F9FB002863D101AA41F61501009817F03B
:103EA000F1FB00285BD101AA41F61401009817F03C
:103EB000E9FBE0BB01AA41F26901009817F0E2FBBF
:103EC000A8BB01AA43F20C01009817F0DBFB70BB02
:103ED00001AA43F20D01009817F0D4FB38BB01AAE8
:103EE00041F20101009817F0CDFB00BB01AA41F29D
:103EF0000401009817F0C6FBC8B901AA41F20201FB
:103F0000009817F0BFFB90B901AA41F20301009895
:103F100017F0B8FB58B901AA41F20501009817F053
:103F2000B1FB20B901AA41F2060101E079E016E0F7
:103F3000009817F0A7FB90B901AA41F2320100984E
:103F400017F0A0FB58B901AA4146009817F09AFB58
:103F500028B901AA4946009817F094FB10B1032034
:103F6000BDE8FC9F01AA40F60A01009817F08AFB01
:103F7000F0BB01AA40F60B01009817F083FBB8BB19
:103F800001AA4146009817F07DFB88BB01AA49466B
:103F9000009817F077FB58BB01AA40F63C01009847
:103FA00017F070FB20BB01AA40F63D01009817F006
:103FB00069FBE8B901AA40F63A01009817F062FBE4
:103FC000B0B901AA4FF40461009817F05BFB78B90F
:103FD00001AA40F64501009817F054FB40B901AA28
:103FE00040F64101009817F04DFB08B901AA00E026
:103FF00013E040F64201009817F044FB68B901AAAB
:1040000040F64301009817F03DFB30B901AA40F695
:104010004901009817F036FB08B1022501E005B907
:104020000125641C708CC0F3C500A0423FF6FAAEB7
:10403000284695E70148406870470000F0000020DE
:104040000549002048600861C860886008604861D0
:10405000024908604860704740B50020F800002021
:10406000C0F30410072800D90720704710B51821A5
:104070000348FFF793FD03490120087010BD0000BD
:10408000A4B60020040200202DE9F04190460C4621
:10409000050015D0FCF757F90A4F06462146BA68C5
:1040A000284690470446BA68281941469047014679
:1040B000701A03E06218AA5C2A55641CA042F9D267
:1040C000BDE8F081180200202DE9F041094D90462D
:1040D0000E466A681C46074619469047306020B174
:1040E00020686A68384400219047C8F80000BDE89D
:1040F000F0810000180200202DE9F04F87B004463F
:10410000DDE910581F4693468A46002005B12880F5
:1041100054B1217841B1BAF1000F05D0002618F052
:10412000060F15D0002004E0002007B0BDE8F08F96
:10413000401C215C0A2904D00D2902D00029F7D1A6
:1041400000E0401C002DF0D04FF0FF312980ECE75B
:104150005FEA887101D541F6FF7781468DF814003A
:10416000049026E0CDF8189068B34FF0000C05AA33
:1041700006ABCDF80CC0CDF80080CDE9013220446B
:104180003B465A46514618F065FD06997A1A314465
:1041900017B20EB288B104990144049120780A281C
:1041A0000BD00D2809D0605C0A280FD00D280DD047
:1041B0000846215C09B1002FD4DC049848B105B150
:1041C0002E800498B1E74FF0010CD0E7481C049012
:1041D000F3E7074A04A92046526890470146002D9C
:1041E000EFD0002250460FF040FE06B2E8E7000094
:1041F000180200202DE9F0411746884606001ED01F
:10420000002F1CD0FCF79FF804463846FCF79BF8BB
:10421000050014D00B4A2C44414692683046904722
:10422000411903E0621BB25C3255641EA142F9D908
:1042300030442A463946BDE8F04112F079B9BDE86C
:10424000F08100001802002000230278232902D008
:10425000012A0DD00FE02AB10021012A04D0022A40
:1042600004D008E0012101E0017004E0017001E0E8
:10427000202902D00123184670470221F6E72DE9D4
:10428000F0410E468046024600213346084618F0AB
:104290001DFF04460027401C11F0B4FF050008D0A4
:1042A0002F5533464246611C18F010FF2846BDE8E2
:1042B000F081FEE72DE9F0471E4614460D46824682
:1042C000DDF8209015E000BF4FEA540808FB0657C0
:1042D000394650464A469047002808DD44F300001E
:1042E000C0EB540407EB0605A4F1010401E005DA74
:1042F0004446002CE8D12046BDE8F0873846FBE76D
:104300002DE9FC5F9B460CAB8A468146DDE91160D6
:1043100093E81210DDE90F575FEA80784FF0300321
:104320001AD45EB15FEAC07808D000F00C0858EAF1
:104330000C0803D0761E01E00B55641CBC4204D26D
:10434000202CF9D301E00B55641C5FEAC07803D040
:10435000B44201D2202CF6D35FEAC06825D55FEACB
:1043600040580AD44CB1BC4201D0B44205D1641EBD
:1043700003D0102D03D1641E04E0102D02D0022DB5
:104380000AD00EE0850603D4202C1ED2782506E044
:10439000202C1AD2582502E0202C16D262250D5569
:1043A000641C202C11D20B55641C202C0DD2BCF1A6
:1043B000000F01D02D2306E0430701D52B2302E097
:1043C000030702D520230B55641CCDE900BAC8466B
:1043D000154681468B46AA46800714D1274607E03A
:1043E0002A46DDE900316D1C2020C446E0477F1CD1
:1043F000B742F5D307E02A466D1C641EDDE90031A3
:104400001BF80400C047002CF5D15FEA897006D480
:1044100009E02A46DDE900316D1C2020C047A5EBEC
:104420000A00B042F5D32846BDE8FC9F2DE9F04FC5
:104430008FB099468B46DDE91818DDE91C63DDE98C
:104440001A4792468646002209B923F01003580500
:1044500007AD00D5C9B1B1FBF4F004FB1010C0B238
:104460000A2801D2303009E05FEA836C02D54FF0B0
:10447000410C01E04FF0610C60440A38B1FBF4F1EB
:10448000A854521C09B1202AE5D3CDF80880CDE903
:104490000563CDE90052CDE903474B4652465946E4
:1044A0007046FFF72DFF0FB0BDE8F08F2DE9FF4FED
:1044B0008FB01CACDDE9239594E8030820AC94E8A8
:1044C000C004002450EA010201D125F010056A055C
:1044D0000DF11C0802D550EA010217D032463B46C6
:1044E000FBF7CEFED2B20A2A01D2303206E0AB068A
:1044F00001D5412300E061231A440A3A08F8042058
:10450000641C50EA010201D0202CE7D3CDE90084DD
:10451000CDF808B0CDE90595CDE9036A0FAF97E86E
:104520000F00FFF7EDFE13B0BDE8F08F9A4200D206
:1045300088547047704700002DE9FF4F95B09B46A7
:104540008946064600250FE2252877D10024274614
:10455000F84A0121059400E0044316F8013F203B8E
:1045600001FA03F01042F7D130782A2811D06FF009
:104570002F033078A0F13002092A16D8059A44F0AA
:10458000020402EB820203EB42021044761C059007
:10459000EFE759F8042B0592002A03DA504244F45D
:1045A0000054059044F00204761C30782E2816D171
:1045B00016F8010F44F004042A280DD06FF02F02E2
:1045C0003078A0F13003092B09D807EB870302EB01
:1045D0004303C718761CF3E759F8047B761C307840
:1045E0006C280FD006DC4C2817D068280DD06A281C
:1045F00014D104E0742810D07A280FD10DE044F4CF
:1046000000140AE044F4801401E044F44014727889
:10461000824202D104F58014761C761C307866281C
:104620000BD013DC582877D009DC002875D045283A
:10463000F6D04628F4D047281AD19DE118E0632827
:1046400035D0642879D0652812D195E1702873D0CF
:1046500008DC6728F1D069286FD06E280DD06F284C
:1046600006D1B5E073282CD0752875D0782874D081
:104670005A46179990476D1C75E1C4F30250022801
:1046800009D003280DD0D9F8001004280DD00D60F2
:1046900009F1040967E1D9F80010EA17C1E90052ED
:1046A000F6E7D9F800100D80F2E70D70F0E719F881
:1046B000041B8DF8001000208DF80100EA4601204F
:1046C00003E059F804AB4FF0FF3061074FF00001F1
:1046D00002D40DE008F101018846B9420FDA8045A5
:1046E000F8DB1AF808100029F4D108E008F10101FC
:1046F00088468142FADB1AF808100029F6D105989D
:104700005B46A0EB080721463846179A00F094FA5A
:10471000284400EB080507E04DE029E10DE01AF818
:10472000010B5A4617999047B8F10108F7D25B463A
:1047300021463846179A13E142E00A220092C4F358
:1047400002524FF0000A022A08D059F804CB032A7B
:104750004FEAEC710AD00DE029E02AE009F10701E7
:1047600021F00702F2E802C1914609E00FFA8CFC41
:104770004FEAEC71042A03D14FFA8CFC4FEAEC713A
:10478000002907DA0A460021DCF1000C61EB020186
:104790002D2202E0220504D52B228DF804200122CF
:1047A00003E0E20701D02022F7E7904659E00A2112
:1047B00002E010220DE010214FF0000A00910BE002
:1047C00010224FF0000A44F004040827009203E08E
:1047D00008224FF0000A0092C4F30252022A05D0C8
:1047E00059F804CB0021032A08D009E009F1070198
:1047F00021F00702F2E802C1914605E01FFA8CFCA5
:10480000042A01D10CF0FF0C4FF00008220728D534
:10481000702806D0009B83F0100353EA0A0305D0EA
:104820000EE040228DF80420012208E05CEA01023B
:1048300006D030228DF804208DF805000222904623
:10484000009B83F0080353EA0A030AD15CEA0102E1
:1048500001D1620705D530228DF804204FF0010800
:104860007F1E582804D034A003900EA802900DE0BB
:1048700036A0F9E753466046009AFBF701FD8446EF
:104880000398825C0298401E029002705CEA01006C
:10489000F0D1029806A9081A00F1200A600702D593
:1048A00024F4803400E00127574502DDA7EB0A001D
:1048B00000E0002000EB0A01009005984144401AF6
:1048C0000590E00306D45B462146179A059800F050
:1048D000B3F90544002706E001A85A46C05D1799C0
:1048E00090476D1C7F1C4745F6DBE0030CD55B460B
:1048F0002146179A059800F09FF9054404E03020FE
:104900005A46179990476D1C0099481E009000293F
:10491000F5DC08E0029802995A460078491C029199
:10492000179990476D1CBAF10001AAF1010AF1DC58
:1049300065E1000009280100303132333435363763
:1049400038396162636465660000000030313233DB
:10495000343536373839414243444546000000007B
:1049600000F058F90544761C307800287FF4ECAD4F
:1049700019B02846BDE8F08F620700D4062709F178
:10498000070222F0070CFCE80223E14603F000488E
:104990005FEA080C02D00FF2702C0DE05FEA045CB5
:1049A00002D50FF2682C07E05FEAC47C02D00FF258
:1049B000602C01E0AFF2700C4FF0FF3823F00043A1
:1049C000CDF850C065280CD006DC452809D0462813
:1049D0001DD047283DD13DE0662818D067287ED1FC
:1049E00038E00021112F01DB112000E0781CCDE917
:1049F000000106A90EA8FDF79BFEDDE90F010E9A46
:104A000003910021009207F1010A04914DE04FF05B
:104A100000400097CDE9011006A90EA8FDF788FE19
:104A2000DDE90F0203920E9B11990022DDF80CA024
:104A30000093049211B9791C00EB010AB7EB0A004C
:104A400004D4C0F1FF3007F1010A0490AAEB07007B
:104A5000019044E0012F00DA01270021112F01DD30
:104A6000112000E03846CDE9000106A90EA8FDF7A7
:104A70005FFEDDE90F010E9A03910021049100927F
:104A8000BA4621070CD40399514500DA8A46BAF197
:104A9000010F05DD009AAAF10101515C302908D00F
:104AA000B84202DA10F1040F06DA0121CDE9011053
:104AB00015E0AAF10101E9E7002805DC04990144A9
:104AC0000491AAEB000102E0411C514500DD8A4639
:104AD0000499401A401C01904FF0004002902007BA
:104AE00004D40198504501DBCDF8048000208DF8F6
:104AF0004F0002980DF14F07B0F1004F25D02B2049
:104B00000E9002984FF0020800280CDA4042029002
:104B10002D200E9007E00A210298FBF7D3FD3031DB
:104B2000029007F8011DB8F10001A8F10108F2DCBC
:104B300002980028EFD1791E0E980870307800F0A6
:104B4000200040F0450007F8020D12A8C01B00F13C
:104B500007081498007800B1012000EB0A010198C1
:104B600001EBE07105984144401A401E0590E003B6
:104B700006D45B462146179A059800F05DF8054477
:104B80001498007818B15A46179990476D1CE003A5
:104B900024D55B462146179A059800F04DF8054448
:104BA0001CE00498002807DBDDE90301884203DDEF
:104BB0000098405C179901E0179930205A469047B9
:104BC000049805F10105401C04900198401E0190D5
:104BD00004D12E205A46179990476D1CBAF1000156
:104BE000AAF1010ADDDC05E017F8010B5A46179916
:104BF00090476D1CB8F10001A8F10108F4DC5B4698
:104C00002146179A0598ABE62D0000002B00000006
:104C1000200000002DE9F041044600251E461746FD
:104C2000880404D405E039462020B0476D1C641E7A
:104C3000F9D52846BDE8F0812DE9F041044600256C
:104C40001E469046C80301D5302700E0202788047F
:104C500004D505E041463846B0476D1C641EF9D5C1
:104C60002846BDE8F08100002DE9FF4F89B00546D8
:104C70000A9800249246002800D1FE4D8FE1252895
:104C800004D02246641C53460A990BE2491C4FF09B
:104C9000000808460C9101782B2919D004DC202942
:104CA00019D0232904D119E02D290ED0302909D09B
:104CB0000026C8B2FDF7EEFDB0B10CA8FDF721FD4E
:104CC00006461FE048F001010AE048F0020107E053
:104CD00048F0040104E048F0080101E048F0100148
:104CE000401C88460C90D6E70C9908782A2809D1F0
:104CF000169840C81690002E02DA48F00208764254
:104D0000491C0C910C984FF0000B01782E2919D1F9
:104D1000401C0C9048F480680078FDF7BBFD20B182
:104D20000CA8FDF7EEFC83460CE00C9A10782A28BC
:104D300008D1169802C81690002900DC0021521CE8
:104D40008B460C920C9801786C290AD004DC6829F7
:104D50000FD06A2919D128E0742929D07A2914D1D1
:104D600026E0401C0C90017848F480786C291CD017
:104D70000BE0401C0C90017848F08008682904D1B1
:104D800048F04001401C88460C9002460078692893
:104D900022D015DC62281FD00DDC252871D05028C8
:104DA0001AD058287FF46DAF16E048F40071E9E797
:104DB00048F48071E6E7632878D06428F2D10BE0EC
:104DC000732874D004DC6F2806D07028EAD103E081
:104DD000752801D07828E5D178280DD058280BD037
:104DE00070280BD0502809D06F2816D0622816D012
:104DF0000A2128F0100016E0102107E05078102159
:104E000048F48878562804D1521C0C9210785828FF
:104E100007D01078502804D006E0082109E00221CC
:104E200007E048F0200080461078692803D0642805
:104E300001D028F00C085FEA485001D528F001089D
:104E4000107869281ED064281CD0562864D05FEAE8
:104E5000885072D5169804ABC01D002283E806085E
:104E60000292CDE9076820F007005346F0E80212ED
:104E7000CDE900121690224628460A99FFF716FB44
:104E800089E00AE15FEA885024D5169804AFC01D76
:104E900020F00703F3E802021693002387E80A08CC
:104EA000CDE90768002A03DA012102E080E0A6E0EC
:104EB00000210023029119461B1A914101DA114683
:104EC00003E00021404261EB020153462246CDE956
:104ED0000001D1E75FEAC85004D5169804C80FE076
:104EE000524215E05FEA486003D5169810F8042B8B
:104EF00006E05FEA0860F0D5169830F8042B12B28D
:104F00001690CDE9021BCDE90468D00F002AE7DD39
:104F1000CDE9002053461EE01698AAEB040202C811
:104F200016904868006800900A980B680119284696
:104F3000FFF79AFE04442FE0FFE75FEAC8500CD564
:104F4000CDE9021BCDE9046816980021534604C838
:104F5000CDE900211690224619E05FEA486003D5AA
:104F6000169810F8042B08E05FEA0860169803D53D
:104F700030F8042B92B200E004C816900020CDE96E
:104F80000020CDE9021BCDE904685346224628469D
:104F90000A99FFF74BFA04460C98401C0C900C99A8
:104FA000087800287FF46BAE54457DD222467DE020
:104FB00001275FEA887006D509E02246641C534643
:104FC00020200A99A84738467F1CB042F5D316998D
:104FD0002246641C11F8040B169153460A99A847FF
:104FE0005FEA887006D4D7E72246641C5346202027
:104FF0000A99A84738467F1CB042F5D3CCE71698EB
:1050000050F8049B16904B46BBF1000001D00146BE
:1050100001E04FF0FF31484600E0401C02780AB141
:10502000491EFAD2C71A5FEA485003D558465F4571
:1050300000D307465FEA887006D512E02246641C5A
:10504000534620200A99A84738467F1CB042F5D322
:1050500007E000BF224609F10109641C53460A9982
:10506000A84799F8000040B15FEA4851F2D5BBF17A
:10507000010B01E035450008ECD25FEA887006D4E8
:105080008AE72246641C534620200A99A8473846DE
:105090007F1CB042F5D37FE706E02246641C5346EE
:1050A00025200A99A84777E7AAF101025346002074
:1050B0000A99A8470DB02046BDE8F08F10B5020050
:1050C0004FF000000CD04B1E194200D0FEE70A44FE
:1050D000521E9A43B2F5803F02D20C2A01D91046E3
:1050E00010BD0C2010BD08444A1E401E90431142C2
:1050F00000D0FEE7704700002DE9F0410F46012186
:105100000025044641862E460BE01B49FBF722F999
:1051100010B16D1CADB202E0608E401C6086761C42
:10512000B6B257F8260010B101780029EDD1208ED3
:10513000A8421ED0A06A002610B111F0EDF8A662B8
:10514000E06A10B111F0E8F8E662E80011F05AF8F0
:10515000A06238B1680011F055F8E06218B1A16A98
:1051600011B102E0FEE7FEE70025690011F01EFA2A
:105170002586BDE8F08100008C0301082DE9F84F79
:105180008146407A0F4600F00700022819D01046E9
:105190008046974200DD3A46164603202A4C2B4AA9
:1051A00000EB460020F00305A06811681035411A95
:1051B000636805EB010C9C4505D2416821F0004174
:1051C00024E00846E4E79D4219D892464FF0FF3BA1
:1051D00048196168884210D9002269461C48CDF8F8
:1051E00000B009F039FC002269461A4809F034FC85
:1051F000A168DAF80000091AEAE7A068DDE72846A6
:1052000011F000F8C0B1416841F0004188EA67023E
:10521000416089EA02010160416801F04041491C96
:1052200031F0804141608681A0F80E8005D500F103
:1052300010018160BDE8F88FFEE7A16801F110025E
:1052400029448260A160F5E700010020F4010020FC
:1052500035C00008B9EA000810B5084C01202070DC
:105260000748FEF77EFC0028A06803D0BDE8104088
:1052700017F096BBBDE8104017F086BBD8010020A0
:10528000D4B6002010B5044690F83E00626B81074A
:1052900007D4A18F39B1A1F57F43FF3B15D0491E3B
:1052A000A187A18F89B90AB181070ED5214613487C
:1052B000FEF7C1FCFFF7D0FFE16809B1204688473F
:1052C0002046BDE8104011F027B8A16B4942E162C9
:1052D000002A11D0810702D4216B4942E1624110BA
:1052E000491C61F3410084F83E00616AE069E161B4
:1052F0006062A06AA262606310BD0000D4B60020A4
:1053000070B5304D686817F051FA0646687880F03D
:105310000100687047E00020287094F83E0069782A
:10532000C0F380028A4242D061F3820084F83E00DA
:10533000E16A8A19030719D4002917DC002A15DB52
:10534000C00709D1216939B120468847E169014484
:10535000E161616A08446062A16809B1204688473A
:1053600094F83E0040F0080084F83E00E06A80199E
:10537000E06216D4A16A884200DDE162A16920469C
:1053800088470146206A884204D0216262680AB1D7
:1053900020689047D4E90A01814202DB2046FFF7EA
:1053A00071FF287818B10848FEF7DBFB03E02146BF
:1053B0000548FEF7E8FB0400ADD117F0FDF9686081
:1053C00070BD0000D8010020D4B6002070B504469E
:1053D00040680D4608B1FFF7F9FF2268002A04D0A3
:1053E00029462046BDE87040104770BD89B20AF0DA
:1053F0004EBA89B20AF087BA10B5044640688208EE
:105400000AD0496821F00301091D08446060204664
:1054100000F042F8204610BDFEE74068103120F051
:105420000300884201D301207047002070472DE916
:10543000FC47054648680C4620F0030001AA69466F
:1054400018F03AF9DDE9007005EBC71101EB8009AE
:105450008046D9F83C0060B164B1C4E9020504F1AA
:105460000806C46030460421FFF73DFE864202D0A4
:10547000FEE7FEE7FEE7C9F83C400120296900FA93
:1054800007F21143296105EB870100FA08F04A6928
:1054900002434A61BDE8FC8710B5044600F087F876
:1054A000046010BD2DE9FC4706464FF000000D00DA
:1054B00000900746019042D00C46E9460DF10408E1
:1054C000802907D308461BF071F9411F012088404D
:1054D000401E044442464946204618F0EDF8009C20
:1054E0000A2C2CDA06EB8400019A40694FF0FF3158
:1054F00001FA02F210400CD1641C3069A14008404E
:105500001DD01BF04BF90446009006EB800040696B
:1055100078B11BF043F9034606EBC411019001EB8F
:105520008000C76B5FB1786820F00300A84201D209
:10553000FEE7FEE739463046009A19F0D9FA3846B8
:10554000BDE8FC8710B50446FFF7A6FF416841F0AF
:1055500002014160606840F00100606010BD10B55C
:10556000044600F024F8416821F0020141606068BF
:1055700020F00100606010BD70B506460D4608467B
:1055800000F015F8040010D02079C0070BD068682F
:1055900080080BD02146304600F03CF821462846D2
:1055A000FFF72AFF0546284670BDFEE7FEE7426882
:1055B00000F1080122F00300001F0844910800D107
:1055C000FEE7704770B506460C004FF000001ED095
:1055D000F2B120791546C0071BD011462046FFF7CF
:1055E0001CFF78B12946204600F025F805462046E4
:1055F000FFF752FF6868294640F0020068603046B5
:10560000FFF715FF2046FFF7AAFF04F1080070BD61
:10561000FEE7FEE77CB5054648680C4620F003002F
:1056200001AA694618F048F8DDE90023214628461A
:1056300019F05EFA7CBD2DE9F0410D46044600F1FB
:105640000801281F0E18606806F1080720F0030003
:10565000401BA0F1040838460421FFF744FD8742AF
:1056600000D0FEE7606820F0030108EB0500001D94
:10567000814200D0FEE7307900F0030040EA0800E4
:10568000706020F003000C2800D2FEE7207900F0C3
:105690000300284360603046FFF754FF3046BDE802
:1056A000F08138B504460FF0D7FC05460FF00DFD2C
:1056B0000028204605D0218FE18613F078FC0120D8
:1056C00038BD0EF0BFF8002820461ED00DF08FFF29
:1056D000218FE08E81420CD02087E08E00906A46B8
:1056E0001C2120460EF0E8FA0128E9D1204613F0EB
:1056F0005EFC28460FF0F5FC0428E0D1204612F0AD
:105700002DF900210EF073FFD9E70EF0F7F8D6E778
:105710002DE9F04F0D4687B00446002112F053F8F2
:1057200060B32946204600F061FA2946204600F081
:105730006FF80021204612F026FF05900021204638
:1057400012F0BBFF04900021204612F018FE012841
:1057500000D0002080460021204613F011F90746B2
:105760000021204612F07CFE42F2D17906464F45D8
:105770000BD1608C400508D4012707E007B028460C
:10578000BDE8F04F1C2110F011BF0027204612F099
:1057900098F8DFF878A0834620460021BAF8022066
:1057A00012F0E6FFD5F810C0AB682968CDF800C04C
:1057B000CDF80C80CDE90131C2B239465846059B7F
:1057C00007F0A2FF28834E4504D1608C800501D4E8
:1057D000012600E00026204612F059F80746204630
:1057E0000021BAF8062012F0C3FFC2B26869002493
:1057F0006B68E9688DE81B0031463846049B07F06A
:1058000083FF688307B0BDE8F08F0000240100200B
:105810002DE9F34F81B00C46019807F033FA0646A4
:10582000019812F04EF88246304600F0C5FE206125
:10583000400010F013FD20602069400010F00EFDC4
:10584000002541F69A79A0603AE036F91510DFF8A4
:105850002081494533D10027DFF818B11FE03946D0
:10586000019811F0B0FF5946009013F0D9F8A8B98B
:10587000009807F019FA012810D1009807F00AFAE9
:10588000A8420BD1009813F097F84146404501DA41
:10589000084602E0009813F08FF880467F1C0198BC
:1058A00011F0A3FFB842DAD8B8F1000F03DBA1680A
:1058B00021F8158003E0A168002021F815006D1C77
:1058C0002069A842C1D800252F46284641F69B787A
:1058D0004B4615E036F91010414504DB0D44A5F5A3
:1058E000F8559B3D0BE0994204D1A16831F81010A6
:1058F000394403E0A26822F8101039440FB2401C6A
:1059000021698142E6D80021019812F03CFE21690C
:10591000C1F1010200FB02A0C01B00B2002800DAA6
:10592000002000224FF0FF331146C44611E000BFB3
:1059300036F9117067450BDBA7F5F8579B3F3AB274
:1059400010FB02F3B3FBF5F3A76827F811300B4601
:10595000491C27698F42EBD8002B07DBA91A41436A
:10596000B1FBF5F1401AA16821F81300BDE8FE8FE4
:1059700001E0FFFF010006002DE9F14F0022114672
:10598000009814F0DFF90021009812F025FD04467C
:105990000021009812F0A6FE20440FFA80F90021A1
:1059A000009812F0B1FD20440FFA80F8009812F030
:1059B00093FC00EB090101EB0800DFF898A006B2A8
:1059C0005446009811F011FF074600252AE0009880
:1059D00021498068006850F82500834613F020F8BC
:1059E000F8B9584613F044FB40BB0021584612F06A
:1059F00098FC18B3012821D002281FD003281DD0FD
:105A00000021584612F0D1FF58B9BBF81A10BBF864
:105A10001600081A401C00B24844A04200DB0446AD
:105A200024B26D1CBD42D2D3544504D004EB08000F
:105A300000B2B04200DC3046BDE8F88F0098BBF9F8
:105A40001A10B0F91600081A411CA142E8DB0C46F6
:105A5000E6E7000001E0FFFF010004002DE9F84F38
:105A600000228046114614F057F90021404612F0FA
:105A7000B3FC04460021404612F0E0FD20440FFA3A
:105A800080FA0021404612F093FD20440FFA80F97D
:105A9000404612F02FFC00EB090101EB0A00DFF891
:105AA00044B105B25C46404611F09FFE0746002116
:105AB000404612F04FFC01284FF0000644D078E039
:105AC000D8F808004849006850F82600009012F005
:105AD000A7FFC0BB009813F0CBFA50B10098B8F9FB
:105AE0001810B0F91400091A481CA0422ADB4C1CFB
:105AF00028E00021009812F014FC58B1032809D0C6
:105B0000062807D0082805D00021009812F046FF8B
:105B100058B118E00098B8F91810B0F91400081A34
:105B2000411CA1420EDB0C460CE0009814300090A2
:105B300009F0B0FF5044A04204DB009809F0AAFF2E
:105B400000EB0A0424B2761CBE42B9D35C453BD0BC
:105B500004EB090033E000BFD8F8080022490068D0
:105B600050F82600009012F05BFF08BB009813F07D
:105B70007FFA60BB0021009812F0D3FB38B30128F4
:105B800025D0042823D0072821D00021009812F026
:105B90000CFF68B900981430009009F07BFF48446E
:105BA000A04204DB009809F075FF00EB090424B261
:105BB000761CBE42D0D35C4506D004EB0A0000B28E
:105BC000584501D0A84200DC2846BDE8F88F00986F
:105BD000B0F91810B8F91400091A481CA042E6DB05
:105BE0004C1CE4E701E0FFFF010004002DE9F84F41
:105BF0000C46834607F024FC064600F0DDFC60619D
:105C0000400010F02BFB60606069400010F026FB44
:105C1000002541F69A79E0603AE036F91500DFF8A0
:105C20000C81484533D10027DFF804A11FE0394635
:105C3000584611F0C8FD5146009012F0F1FEA8B987
:105C4000009807F083FC012810D1009807F074FC3D
:105C5000A8420BD1009811F086FE4146404501DA7A
:105C6000084602E0009811F07EFE80467F1C5846F0
:105C700011F0BBFDB842DAD8B8F1000F03DBE168E0
:105C800021F8158003E0E168002021F815006D1C63
:105C90006069A842C1D800273D46384641F69B7846
:105CA0004A4615E036F91010414504DB0F44A7F5CC
:105CB000F8579B3F0BE0914204D1E16831F8101096
:105CC000294403E0E36823F8101029440DB2401C76
:105CD00061698142E6D80021584612F0EEFC814607
:105CE000584611F0D4FD01466069C0F1010209FB7C
:105CF0000210401B02B2002A00DA002200204346B4
:105D00000FE000BF36F91010994209DBA1F5F851F8
:105D10009B3912FB01F1B1FBF7F1E56825F8101092
:105D2000401C61698142EDD8BDE8F88F01E0FFFFBA
:105D3000010006001CB50B8804892344ADF800302F
:105D40004B8844892344ADF802308B88048923446E
:105D5000ADF80430C98843891944ADF80610436989
:105D6000694698471CBD0000F8B50D46D0E90C21E6
:105D700004468AB112787AB141B100BF16F00DFC29
:105D80000D4909688847616B884211D2206B88B140
:105D900000200A4E009006E061B1EFE732686946E4
:105DA0009047A84206D0206B0099415C0029F5D1AC
:105DB0000020F8BD0120F8BD300200201C020020A8
:105DC0002DE9FF4F87B0C878189CC0070D46002802
:105DD00001D0F14800E0F148069001D0F04800E021
:105DE000F048049001D1EE4800E0EE484FF0100A70
:105DF0004FF00C0ECDF814006088A1884FF0000B16
:105E0000A0EB010001B25A465846276912E000BFD4
:105E100000EB8006E3680AEB860C13F80CC05FEA1F
:105E2000CC7C0BD04FF0080C0CEB86069B5BC91AA0
:105E300009B2401C8742EBD8002347E00EEB8606F0
:105E40009B5B1A4412B2F4E703EB8306E7680AEBA4
:105E500086000190385CC00737D191FBF2F00EEB61
:105E6000860CCDF800C037F80CC00CFB00FC0FFA14
:105E70008CF94FF0060C04200CEB860C00EB86002E
:105E800037F90C80385ECC46C84500DCC446604516
:105E900004DC4046CC46C84500DD6046484506D097
:105EA000DDF804804FF0010CE34647F808C0D4F851
:105EB0000CC0082707EB86062CF80600E768009E52
:105EC000BE5B921B081A12B201B25B1C2069984299
:105ED000BAD8BBF1000F8FD10021079812F048FA11
:105EE000012826D000270020ADF80800ADF80C00EE
:105EF00003A902A8CDE900012089B4F9022003B268
:105F00002878169917F0DEFDE878384207D0079810
:105F100011F0D7FCBDF808100844ADF80800099945
:105F2000079811F050FC06464FF4FA684FF0640BE6
:105F300027E10127D7E79C49304612F071FD002880
:105F40007DD10021304612F073FAE8B34FF000091A
:105F50004846216911E000BFE26800EB800352F877
:105F60002320B24208D100EB8002E168082000EB58
:105F7000820031F9009002E0401C8142ECD8E878C0
:105F8000C007708C02D040F4806001E040F40070E3
:105F9000708406F11400049982468847484528D049
:105FA000304613F004F8B08AADF80000F08AADF87E
:105FB0000200308BADF80400708BADF80600069A35
:105FC00049465046904700E00FE06A462921304696
:105FD0000DF072FE304611F007FD324622210DF021
:105FE0006BFE304612F0E3FF03E0708C20F4C060DB
:105FF0007084002000906878012810D0022816D103
:10600000059906F114008847B4F90010491C21F0E5
:106010000101081A00EBD07040F34F0006E005992B
:1060200006F1140088472188081A00B20090E87829
:1060300038420AD0049906F11400884700E098E03D
:10604000BDF80810081AADF808003046002143F2E8
:106050000C0212F08DFB0FFA80F93046002143F25A
:106060000D0212F085FB0FFA80FA304612F0A4FC04
:106070000190304611F077FC0146C9F34130012808
:106080000ED129F4C04040450ADCB0F57A7F01DD2D
:10609000C0F57A70019A504390FBFBF00FFA80F93B
:1060A000CAF3413001280DD12AF4C040404509DC33
:1060B000B0F57A7F01DDC0F57A70484390FBFBF0C4
:1060C0000FFA80FAB18A1498F28A411A01EB09009A
:1060D000159900B28A1A02EB0A01EA7809B2D207CE
:1060E000002A02D0BDF9082000E0009A10440FFAFF
:1060F00080FA01D0009801E0BDF9080008440FFAC9
:1061000080F95AEA09001BD0304612F050FFB18ADC
:1061100001EB0A00B082318B01EB0A003083F18A77
:1061200001EB0900F082718B01EB090070833046AE
:1061300012F03DFF01234A465146304612F0E6FF79
:10614000E87838420CD1049906F114008847179971
:106150000844BDF80C100844BDF80810084406E0D7
:10616000BDF80C1017980844BDF80810081AADF8CF
:106170000800E87809AAC0F38001079807F02CF816
:106180000646002E04D0DDE9090188427FF4D3AE33
:106190000BB0BDE8F08F00001DFB000813FB0008EA
:1061A000B9FA000861FA0008010006002DE9F04F75
:1061B00091B00E0005463FD02E83286808B110F03C
:1061C000ABF806EB4600062101EB400010F01AF890
:1061D000286040B3022101EB46010144E96004213B
:1061E00001EB86010144C5E9010101210024012ED2
:1061F0001AD0F000083010F031F8814600EB86002C
:1062000000F10408B00000B2A346ADF81000C0F1E0
:1062100001028010ADF812B00FFA82FA5C46CDF898
:1062200028B00690ABE0FEE7B4220270E868048074
:10623000E8684180A868048011B0BDE8F08F0027AD
:10624000BDF81220BAF1000F07DC032101EB420177
:106250000AEB01000FFA80FA0CE0BDF810100523DC
:10626000521A03EB420202EB0A00491E0FFA80FAAF
:10627000ADF81010BDF81200401CADF8120004A8D3
:1062800000F0E9F868B1BDF9100006A9821041F8E4
:1062900027200AA900F0030041F827007F1C042FE3
:1062A000CEDB042F71D109990698884212D129F8C2
:1062B000140028F814B0DDE90A010144DDE90C20DE
:1062C0001044084469680855696800010855641C51
:1062D00024B252E00799884219D029F8140028F80E
:1062E00014B06A680A9810556A6800011055641C59
:1062F000069A20B2521E29F8102028F810B0DDE9C5
:106300000B120A440D99091D11446A682FE008997F
:1063100029F81400884228F814B0DDE90A02594629
:10632000104412D06A6810556A6800011055641C48
:10633000069A20B2521E29F8102028F81010DDE924
:106340000C12114408316A6811E00C9A10446A6812
:1063500010556A6800011055641C069A20B2521E3E
:1063600029F8102028F810100D996A680C31115482
:106370006A6809011154401C04B20BF1010B04A816
:1063800000F069F800287FF45AAF40F2D32016FBE2
:1063900000F109EB4402881232F9022C824205D145
:1063A00008EB440232F9022C82421AD0A1EB802180
:1063B000B1F5007F03DC494341F3CF3106E0C1F57D
:1063C0008061494341F3CF31C1F10F0129F8140035
:1063D00028F8140068680155686809010155641CB3
:1063E00024B2A01E0EE000BF38F8102029F81420B7
:1063F00039F8102028F8142069680A5C0A55641CD2
:1064000024B2401E0028EFDAEA6800210846118015
:106410001BE0EA6822F81100AB6839F8102023F875
:1064200011200AE0AE6839F9102036F81130934295
:1064300000DA1A4626F81120401C38F910208A424A
:1064400001D1A042EEDB491C09B2A042E1DB484683
:106450000FF050FFF0E6B0F90210B0F900008142F1
:1064600001DC012070470020704717B581B0022A77
:1064700003D8BDF8080004B010BDBDF80830BDF861
:106480000400D90A01EBD0211F2900D31F2161F399
:10649000CF20C3F34511C0F345142144ADF80400E7
:1064A0003F2900D33F2161F34A1003F01F0100F0A0
:1064B0001F031944ADF804001F2900D31F2161F305
:1064C0000400ADF80400FF2A07D0DDE901010AF05D
:1064D000E5FB0090BDF80000CDE780B2CBE717B533
:1064E00081B0022A03D8BDF8080004B010BDBDF881
:1064F0000400BDF80810C30ACC0A13FB04F35B09BF
:1065000063F3CF2000F01F0301F01F0413FB04F31B
:106510005B0963F30400C0F34513C1F3451113FB9A
:1065200001F1890961F34A10ADF80400FF2A07D090
:10653000DDE901010AF0B2FB0090BDF80000D4E7EC
:1065400080B2D2E717B581B0022A03D8BDF808009F
:1065500004B010BDBDF80830BDF80400D90AA1EBA5
:10656000D021002900DC002161F3CF20C3F34511C5
:10657000C0F34514091BADF80400002900DC00211C
:1065800061F34A1003F01F0100F01F03C91AADF8B0
:106590000400002900DC002161F30400ADF80400D0
:1065A000FF2A07D0DDE901010AF078FB0090BDF871
:1065B0000000CDE780B2CBE70146002041F6FF7234
:1065C00000E0401C31F910309342FAD170471CB5FD
:1065D000044690F8500000F0010088422DD094F855
:1065E000500011B140F0010001E020F0010084F8FA
:1065F000500004F14401684609F023FA606ABDF8CE
:106600000010828A1144ADF80010BDF80210C08A53
:106610000844ADF80200606ABDF80410808A08449E
:10662000ADF80400606ABDF80610C08A0844ADF8F1
:1066300006006946204612F0EEFC1CBD08B508466F
:1066400011460AF004FA0090BDF8000008BD2DE9DB
:10665000F04F0646C87A89B015460F46022803D87F
:10666000012009B0BDE8F08F18463A69B968FCF717
:10667000F9FF041EF5D0207D00F01F000EF0EDF8AC
:1066800008B1062008E0207D00F01F000EF0D5F8CC
:1066900008B1052000E00420226A814622B1294683
:1066A000304618F054FEB7E0A069E8B3294602A8C6
:1066B00009F09AF9388818B97888B0F5807F2AD01F
:1066C000A88829886A88401A401C01B2E8883B1DC6
:1066D000801A401C02B27888CDE90003B7F9003077
:1066E00002A8FCF737FCBDF8080029880844ADF87B
:1066F0000800BDF80A0069880844ADF80A00BDF832
:106700000C0029880844ADF80C00BDF80E0069881B
:106710000844ADF80E0002AA04A8B168FCF7DAF844
:10672000002879D004A800E00DE0D6F80880B06019
:10673000CDF800902A4639463046A3690AF03EFF5C
:10674000C6F8088068E02A4604A8B168FCF7C2F8D9
:10675000002861D0BDF81400BDF81010401A401C8C
:106760000FFA80FB0BEB4B000FF078FD039004A9B0
:1067700001A8D6F808A009F037F9012101A809F00D
:10678000C8F9BDF91000B5F90010BDF91280401A22
:106790000690B5F90200A8EB000534E001AA5146C5
:1067A00007A8FCF797F860B30398009006985B463B
:1067B00001B22AB220460EF0F3FB01280CD020468D
:1067C0000EF043FB03980FF095FD20460EF03DFBC5
:1067D0000020C6F808A044E707A8B060CDF80090F4
:1067E00001AA39463046039B0AF0E8FEBDF80600D0
:1067F000401CADF80600BDF80A00401CADF80A00C8
:106800006D1C08F10108BDF916004045C6DAC6F84E
:1068100008A003980FF06EFD20460EF016FB1FE750
:106820007047000010B544080E4894B0002102687B
:1068300042F004020260006800F0040012900A486E
:106840000090601ECDE901014FF6FF70CDE9030114
:106850006846FAF7D3F96846FAF7FEF90348046088
:1068600014B010BD4038024000080040A4000020D1
:1068700070B5054600244FF47A7603E0304600F008
:1068800005F8641CAC42F9D370BD0000094910B58D
:106890000A684FF6FF7392B29B1A06E00C689442A6
:1068A00003D20C681C44844203D20C68A41A8442AC
:1068B000F4D310BD2408004038B5054600924C883A
:1068C000CB888A8808882146FAF7A5FC2846BDE8C7
:1068D00038400AF085BB00002DE9F04FA1B0074613
:1068E00014468A4604A80AF051FC4FF4A021384609
:1068F00011F021FD9DF81D1060F382018DF81D102F
:10690000A1882088091A491C09B201EBD1714E10E7
:106910003044ADF87000608800213044ADF872005A
:10692000384611F0CEFD8146514608A810F08AFD88
:1069300004A810904FF4003015902D4809900020C5
:106940000A9007F130008346FDF724F94AE02079E8
:10695000032843D1208BADF81000208AADF8120037
:106960006079FD2801D9484602E010FB09F0000AD1
:106970008DF81C002568B5F92030E88B184400908C
:10698000D5E90512A0680FF02BFC8046B5F9203040
:10699000E88B18440090D5E90512E0680FF020FC60
:1069A0000546608B08AA3044ADF85C001CA8119025
:1069B0001A21199438460DF07FF9A9B21FFA88F010
:1069C000CDE90001BDF85C301CAA04A950460AF0CC
:1069D000CDFB08AA1B2138460DF06EF9214658461A
:1069E000FDF7D5F80400B2D121B0BDE8F08F00006A
:1069F000606102082DE9F74FC878A0B00C46022864
:106A00007DD9114601A808F0E6FFB4F9200001285D
:106A100029DD94F82200FD2825D3208818B394F8A6
:106A20002300BDF804104008C0F380021144ADF803
:106A30000410BDF80610C0F340000844ADF806008D
:106A400094F82310BDF808004908C1F3C001401AAA
:106A5000ADF8080094F82310BDF80A00C1F3400116
:106A6000401AADF80A00209801A9826805A8FBF732
:106A700031FF002843D0E07B10F0070619D0E088F2
:106A8000ADF80000BDF800006189884200D1002601
:106A900001A80BF089FA07461C210EA8F9F748FC5B
:106AA000A0788DF85100BDF80000ADF840001FB18E
:106AB00005E060680090E5E7208800B9EEB3E07873
:106AC000FD2800D3FF208346BDF80800BDF8041060
:106AD000401A401C0FFA80FABDF80A00BDF80610F3
:106AE000401A401C01B289465046CA4500DB0846A0
:106AF000B4F90050B5EB600F00DB451000E043E057
:106B0000BDF81810BDF81400081A401C0FFA80F8E0
:106B10004FF0FF301D9000200790002D00DC87B162
:106B200040460FF09BFB079000232A4601A916A8B8
:106B30000BF0A6FC002116A800E01CE00BF054F8B6
:106B40001D90BDF81400ADF80C00BDF81800ADF8AC
:106B500010000798119003A80E901390FF208DF855
:106B600050004A465146A01D0DF08CFB040018D081
:106B7000022E0CD015E001A80E90E0788DF85000A0
:106B80000EA920980BF038FF23B0BDE8F08FBDF9B7
:106B90001410A06800EB4100BDF90410A0EB410007
:106BA0000F90002F7DD0BDF9165027E02FB2ADF821
:106BB0000E70ADF812704246594607980FF0C4FCAB
:106BC000BDF9141043463A4607980BF0AFF98DF81B
:106BD0004800012802D102208DF84800012E08D17A
:106BE000BDF90610A068691A00EB41000088ADF8F5
:106BF00040000EA920980BF0FFFE6D1CBDF91A0095
:106C0000A842D3DAB7E000BFBDF80600BDF9161000
:106C100038440FFA80F9BDF80A00C01B0FFA80FA59
:106C2000494503DDBDF91A10514544DB424659463A
:106C300007980FF089FCBDF90C1043464A460798A7
:106C40000BF074F98DF84800012802D102208DF86C
:106C50004800BDF91610494513DCADF80E90ADF8AB
:106C60001290012E09D1BDF90620A168A9EB0200FE
:106C700001EB40000088ADF840000EA920980BF011
:106C8000BBFEBDF91A10514515DBADF80EA0ADF8ED
:106C900012A0012E0BD1BDF90600A268AAEB0000DC
:106CA00000E009E002EB40000088ADF840000EA9CA
:106CB00020980BF0A1FE7F1CAF42A5DBBDF80400BD
:106CC000ADF87800BDF80800ADF87C00BDF806000E
:106CD0002844ADF87A00BDF80A00401BADF87E00EC
:106CE0001EA80BF061F9074630430CD001208DF847
:106CF0004800BDF90A008DF850B0A0EB0509BDF9B8
:106D00000600054435E0BDF806008DF850B0284473
:106D1000ADF80E00BDF80A000EA9401BADF8120038
:106D20000020119020980BF067FE24E06FB14246DE
:106D3000594607980FF008FCBDF9141043462AB2D3
:106D400007980BF0F3F88DF84800ADF80E50ADF849
:106D50001250012E08D1BDF90600A168281A01EBD6
:106D600040000088ADF840000EA920980BF044FECA
:106D70006D1C4D45DADD079808B10FF0BBFA1D9880
:106D8000401C05D01D980BF027FC16A80BF0F0F85E
:106D9000002C3FF4F9AE20460DF06DFAF4E6F0B5A4
:106DA000074608698FB015460C46002871D0A17EB1
:106DB00002296ED90EF007F9022820D06946206911
:106DC0000EF064F8012864D105A80AF0FFFBA07852
:106DD0008DF82000208BADF81C00E07E8DF81E00A1
:106DE000A07E8DF81F00207F4FF0FF36E0B30099A2
:106DF0006888ADF8060006EB51510844A8E000266B
:106E000041F6FF70CDE900600296D4E904123346E2
:106E10000DA815F0B9FF284608F042FE01462A8861
:106E2000BDF9340001EBD17102EB610200EBD071CE
:106E3000A2EB61010844401EADF81000ADF80C1043
:106E4000284608F007FE01466A88BDF9360001EBC6
:106E5000D17102EB610100EBD072A1EB6201084439
:106E6000ADF80E10401E00E015E0ADF8120005A8C8
:106E70000AF062FE60690590208BADF82000A07ECC
:106E80008DF82E00009603AA05A9384623690AF05A
:106E9000B7FB0FB0F0BD284608F002FE298800EBD2
:106EA000D07001EB60000099C1F38A21A0EB510082
:106EB000ADF80400284608F0CDFD698800EBD070DD
:106EC00001EB60010098A1EB9051C0F38A22ADF86C
:106ED0000610BDF80430521E1A4406EB5050ADF8AF
:106EE00008200844ADF80A0001AA05A9384623691C
:106EF0000AF044FBCDE700992888C1F38A21ADF858
:106F00000400491E084410E001AA05A93846236977
:106F10000AF034FB0098BDF80410C0F38A20014445
:106F2000ADF80410BDF808100844ADF80800BDF92C
:106F30000400B5F904108842E6DDBDF8061000989B
:106F400001EB5051ADF80610BDF80A1001EB50509E
:106F5000ADF80A00BDF90600B5F906108842CADD91
:106F600097E7F0B5074691F8220087B016460C4621
:106F700002286BD9208C002868D094F8230010F0E8
:106F80003E0F63D0C00761D1B08831887288401A43
:106F9000401C01B2F088B4F90050801A401C00B2C5
:106FA000814200DA0846B5EB600F00DD451031463E
:106FB00004A808F010FD94F82300BDF91020C0F3D8
:106FC00044014807B4F9200001D428444042104449
:106FD000ADF810000807BDF91420B4F9200001D461
:106FE00028444042101AADF8140094F82300BDF96B
:106FF000121040088007B4F9200001D42844404210
:107000000844ADF8120094F82300BDF916104008AA
:10701000C007B4F9200001D128444042081AADF855
:107020001600208C281A00B2002800DA0020A2786E
:1070300094F82210CDE90212E18BADF80410009013
:107040002B4604AA3146384600F002F807B0F0BDDE
:107050002DE9FF4FA9B01D46DDE93879DDF8D8806C
:1070600016460C46FF2F00D3FF2708460AF09CFF68
:107070002690284350EA080074D029982146826857
:1070800008A8FBF727FC002873D0BDF82400BDF842
:107090002010401A401C00B204901C210AA80FF0D6
:1070A00085FA04980FF0DAF80D904FF0FF30249035
:1070B000002D0ADD00232A46214615A80BF0E0F931
:1070C000002115A80AF090FD249001234246314684
:1070D0001BA80BF0D5F900211BA80AF085FD25900F
:1070E00001A80A900F90BDF8DC008DF84070ADF853
:1070F00030008DF84190B4F900002290B6F900C03C
:107100004319634500DC6346B4F904000FFA83F9C0
:107110002190B6F90430401B984200DB18460FFA64
:1071200080F8B4F902E0B6F902000EEB05018246E0
:10713000514500DC01460FB2B4F906B0B6F90610AD
:10714000ABEB05028A4200DB0A4610B20590A8EBC1
:107150000900401C00B22790D6450DDC01200CE050
:1071600000E006E0009732462146379B299800F060
:10717000B8F92DB0BDE8F08F002082468B4501DBC9
:10718000012000E0002083462698D8B3BDF82000F7
:10719000ADF80400BDF82400ADF80800BDF92240A8
:1071A00022E000BFBAF1000F01D1A7421BDCBBF106
:1071B000000F02D10598A0421ADB25B2ADF80650A7
:1071C000ADF80A5004990D980FF01EFABDF9201081
:1071D0002A46049B0D980AF0A9FE8DF838000AA9EA
:1071E00029980BF009FC641CBDF92600A042D9DAED
:1071F0001BA80AF0BDFE25980BF0EEF92498401C60
:1072000007D000E009E015A80AF0B2FE24980BF0C0
:10721000E3F90D980FF06EF8ABE72298604501DCBA
:10722000012000E0002013902198984201DB012109
:1072300000E000210120009013981291084000EA1C
:107240000A0010EA0B0F04D02798322801DA002038
:107250000090012000998DF838001AEA010F0ED035
:10726000ADF80490ADF808806088ADF8060070882D
:107270000AA9401EADF80A0029980BF0BDFB009941
:107280001BEA010F0ED0ADF80490ADF80880F0882D
:107290000AA9401CADF80600E088ADF80A0029985C
:1072A0000BF0AAFB139878B12088ADF80400308861
:1072B000ADF80670401EADF808000598ADF80A005C
:1072C0000AA929980BF098FB129878B1B0880AA9FE
:1072D000401CADF80400A088ADF808000598ADF892
:1072E0000670ADF80A0029980BF086FB0098C0B133
:1072F000BDF92400BDF92010A9F10102ADF8041078
:10730000904200DB1046ADF80800401A401C05B260
:10731000002D70DD139850EA0A0066D0BDF92240B6
:1073200061E0BDF82000ADF80400BDF82400ADF820
:107330000800B4F90200B6F90210401AA84200DBB6
:1073400005460FFA85F8002533E06088284406B228
:10735000E088401B07B2BDF92200B04203DDBDF951
:107360002600B84224DB04990D980FF04DF9BDF9C1
:1073700004103246049B0D980AF0D8FD8DF83800B1
:10738000BDF92200B04207DCADF80660ADF80A6036
:107390000AA929980BF030FBBDF92600B84207DB9B
:1073A000ADF80670ADF80A700AA929980BF024FB15
:1073B0006D1C4545C9DB8DE026B2ADF80660ADF821
:1073C0000A6029460D980FF01FF9BDF904102B46ED
:1073D00032460D980AF0AAFD8DF838000AA92998BE
:1073E0000BF00AFB641CA742E6DC139850EA0B0082
:1073F0001DD0059C16E01AE026B2ADF80660ADF887
:107400000A6029460D980FF0FFF8BDF904102B46CD
:1074100032460D980AF08AFD8DF838000AA929989D
:107420000BF0EAFABDF92600641CA042E4DABDF9CB
:10743000200008F10101884200DC0846BDF8241054
:10744000ADF80400081A401C05B2ADF80810002D74
:1074500040DD129850EA0A001BD0BDF9224016E028
:1074600026B2ADF80660ADF80A6029460D980FF017
:10747000CBF8BDF904102B4632460D980AF056FDA4
:107480008DF838000AA929980BF0B6FA641CA742B7
:10749000E6DC129850EA0B001CD0059C15E026B2E1
:1074A000ADF80660ADF80A6029460D980FF0ACF80B
:1074B000BDF904102B4632460D980AF037FD8DF8C1
:1074C00038000AA929980BF097FABDF92600641C28
:1074D000A042E4DA1BA80AF04BFD25980BF07CF8DB
:1074E0008FE62DE9FF478EB00C46824615461C21DB
:1074F00002A81A9E0FF05AF8CDF808D0BDF8440043
:10750000ADF810008DF82060B4F90200B5F9021052
:10751000884201DC012700E00027B4F90600B5F934
:107520000610884201DB012600E00026B4F90000C5
:10753000B5F90010884201DC012100E000218946F4
:10754000B4F90410B5F90420914201DB012100E0F7
:107550000021ADF80000A088ADF804006088ADF807
:10756000020068888846401EADF806001FB102A9D7
:1075700050460BF041FAE888401CADF80200E08864
:10758000ADF806001EB102A950460BF035FA20886E
:10759000ADF800002888401EADF8040017B1B5F919
:1075A000020001E0B4F90200ADF8020016B1B5F92D
:1075B000060001E0B4F90600ADF80600B9F1000FCD
:1075C00003D002A950460BF017FAA888401CADF86A
:1075D0000000A088ADF80400B8F1000F03D002A9A4
:1075E00050460BF009FA12B0BDE8F0872DE9F04FD4
:1075F0008B46A2F57F4195B091460646FF3944D0AF
:10760000746A208C8046984204D02384608C40F0B9
:10761000040060844FF4802A5146204611F041F95D
:1076200007465146204611F05EF90546B7F9087045
:10763000304605F0FAFCB0F916107A1909FB021170
:1076400005EBD570A1EB6000ADF8060038446D1E67
:107650002844ADF80A00706A818AADF80410008BE6
:10766000ADF8080006A80AF0DBFF06AA514620463E
:1076700011F042FB01AA06A958460AF0BDFFA4F882
:107680002080608C20F00400608415B0BDE8F08F8D
:107690002DE9F0430E46A2F57F4191B09046054694
:1076A000FF3956D06C6A278C9F4204D02384608CAB
:1076B00040F00400608406A80AF03EFA4FF48029E6
:1076C00006AA4946204611F074FA4946204611F0B0
:1076D0000AF9ADF82A00284605F0A7FC050038D0C5
:1076E0000698B5F91620B0F90810BDF92A0000EB8C
:1076F000010C08FB0C2200EBD073A2EB63021044D8
:10770000491EADF80A200844ADF80E00A08AADF875
:107710000800208BADF80C0002AA0EA8B168FBF798
:10772000D9F888B10EA8D6F80880B06028460EF0C7
:10773000E3F803460020009005F1140206A9304644
:1077400009F05EFFC6F808802784608C20F00400F2
:10775000608411B0BDE8F0832DE9F041274E074663
:10776000706809F057FC04463868856BE96A09B10E
:1077700028468847206850B1606828B907E07068DB
:107780000068816A01B1884720690028F7D101208B
:10779000206171680968C9688A69D20702D089695D
:1077A000890700D400206061606908B1012600E00B
:1077B00000263868416971B1016911F0300F06D0B7
:1077C000490704D5D5E9001000F01AF803E0D5E91F
:1077D0000021FEF7AFFA206800280BD0616800296D
:1077E00008D03A68127CB243D20703D1A268824221
:1077F00002D1A160BDE8F081A060FBE7F0000020AD
:107800002DE9F34F05468A4893B041680E68306908
:10781000820701D542076ED4C0F3011002281ED0A2
:10782000012801D0032866D100200F90084609F0F6
:10783000F1FB8346A988B5F90000EA88091A491CBA
:107840000CB2B5F90210521A521C17B24FF4A052E2
:10785000B2FBF4F3BB420FDAB2FBF4F20DE02946BF
:107860003046149A00F0F0F8149A15B029463046C4
:10787000BDE8F04FFEF75EBA3A460C920791317CB4
:10788000C1F30111012905D06880611E0844E88018
:107890000020BDE07188081A401EE880001B401CD3
:1078A0006880F5E70C99A7EB0A00884200DD0846DE
:1078B00000B201900120CBF81000BAF1000F20D1E6
:1078C000A7421EDB0194307CC0F30110032810D0C6
:1078D00000202146149A00F0EAF8307CC0F3011031
:1078E000012809D031880798081A401EA880001B7B
:1078F00056E00120EDE797E007982880079820449C
:1079000066E00F9820B94FF420500EF0A7FC0F90BE
:10791000307CC0F3011003281BD000208646DDF820
:1079200050C001990F980A9014FB01F0401E0D9071
:10793000601E48430E9000208146884222DA0E9A4B
:10794000BEF1000F02EB090001D00D9A101A0022BF
:1079500012E00120E2E70A9BBEF1000F03EB4008B2
:1079600063460CF1020C1B88A8F8003001D00844D3
:1079700000E0401A521C12B2A242ECDB09F10100F5
:1079800000B2D9E7307CC0F3011001281BD0318848
:107990000798091AA1EB0A00401EA8800199401A15
:1079A000401C288001990AEB0108B84513DBDBF87D
:1079B0001800C0070FD0DBF8180080070BD5012096
:1079C000CBF814000AE00798504428800199084435
:1079D000401EA880E6E70021CBF814100F9828B1CC
:1079E000024629463046FEF7A5F905E0149AF8E765
:1079F000B16A09B130468847DBF810000028F7D19A
:107A000001981499604301EB400014900FFA88F03C
:107A10008246B842FFF646AF0F98002804D015B052
:107A2000BDE8F04F0EF066BC15B0BDE8F08F000069
:107A3000F000002030B504880D880580108808808B
:107A4000188810801C8030BDF8B58B880C884D8854
:107A50001B1BCC885B1C641B641C13FB04F30024FD
:107A60005B1E0DE002EB430602EB44073588ADF8E0
:107A70000050B7F800C0A6F800C05B1E3D80641C33
:107A8000A342EFD843884C88CA881B1B5B1ECB805F
:107A900043889A1A521E4A8003880C888A881B1BC6
:107AA0005B1E8B800088801A401E0880F8BD2DE97F
:107AB000F0470C4617468246002601EBD47931E0A8
:107AC0000025601C00EBD07827E0A01B401E01B20F
:107AD000601B401E00B2BAF1000F0AD015FB041261
:107AE00007EB420311FB040107EB410210FB0460AA
:107AF00009E010FB046207EB420311FB040007EBF3
:107B0000400215FB041007EB400116FB045007EB85
:107B10004000FFF78FFF6D1C2DB2B5EB680FD4DB73
:107B2000761C36B2B6EB690FCADBBDE8F087000001
:107B30002DE9F047A2B005460CF0B9F804462846F6
:107B40000CF07DF88246606A0DF0D6FE054694F88A
:107B50005000C00778D004A80AF062FD4FF4E02975
:107B600004AA4946204611F0C7F804F1440101A8CF
:107B700007F067FF606ABDF80410828A1144ADF80F
:107B80000410BDF80610C08A01AA0844ADF806002A
:107B9000606ABDF80810808A0844ADF80800606A81
:107BA000BDF80A10C08A0844ADF80A0004A950467E
:107BB0000AF022FD4946204610F02AFC06464946B6
:107BC000204610F02DFD87194946204610F0C9FDCA
:107BD0004FF000081E490644CDF87480CDF8788037
:107BE000E06C0968284488470246E06C41191DA8EA
:107BF0000EF0FEFBBDF8040040F257423844ADF8E9
:107C00000400BDF8060041463044ADF80600606A45
:107C100010F0AEFD054612A809F08EFF12AA4946E3
:107C2000204610F0C6FF9DF81300022804D8BDF8C6
:107C30005400A9B2884207D01DAB01AA12A9504630
:107C4000CDF8008009F0DCFC22B0BDE8F087000030
:107C5000180200202DE9F04FD3B005460CF027F8AC
:107C6000044628460BF0EBFF4F9010A920460FF07A
:107C700042FE002140F60A02204610F079FD05463A
:107C8000002140F60B02204610F072FDBDF84010B6
:107C9000BDF84420491BADF840102A44BDF84230DD
:107CA000ADF844201B1ABDF84650511A2844ADF8CF
:107CB0004600C01A401C0FFA80FAADF84230D4E9F1
:107CC0000A02491C0FFA81FBA2EB0008D34501DB35
:107CD000012100E00021894600213E9194F85C10CA
:107CE00001F00301012908D1002806DA002A04DD89
:107CF000216B814201D101203E900021204610F0ED
:107D00006CFC21900021204610F0ADFC3690002143
:107D1000204610F0FCFC20900021204610F009FCC9
:107D2000359004F1340010A9139007F06FFEA18E76
:107D300021980844A086218F3698081A2087E18E62
:107D400020980144E186618F3598081A00B2608757
:107D5000B9F1000F11D0E18E401A401C00B2042886
:107D60001DDAE18A0AEBDA726FF0010000EB6200C3
:107D70000844E086001D608711E0218FA08E081A5C
:107D8000401C00B204280ADAA18A0BEBDB726FF008
:107D9000010000EB62000844A086001D2087218FAF
:107DA000A08E081A401C00B21890618FE08E081A4D
:107DB000401C00B22290B9F1000F05D004F1380543
:107DC000DC48189F139E04E004F13606DA48229F2F
:107DD000351D3A90A36D581C14D0216DA06A626DB8
:107DE000091A101A7943784391FBF8F190FBF8F0E7
:107DF00009B200B2401A5843C21700EB126001EBFF
:107E0000202005E0216BA06A081A784390FBF8F067
:107E100000B21690A26C501C14D0216CA06A636C46
:107E2000091A181A7943784391FBF8F190FBF8F09E
:107E300009B200B2401A5043C21700EB126001EBC6
:107E4000202005E0D4E90910081A784390FBF8F0E7
:107E500000B23F902046002141F26A4210F088FCB7
:107E6000C0B2B9F1000F28D001280AD130462E4601
:107E700005463F98404200B23F901698404200B2FB
:107E8000169031883F980844288031881698084415
:107E900030803E9888B3A06A4042784390FBF8F067
:107EA00000B2B9F1000F15D031880844B5F90010BF
:107EB00000B281420BDD308039E029883F98081AF2
:107EC000401C308029881698081A2880E1E7318004
:107ED00028802CE02988081A401CB6F9001000B24E
:107EE000814201DD288001E029803080B5F9001051
:107EF000B6F900008142EADB19E0FFE73A991398EE
:107F00008847012813DC35A84F990FF09BFA4FF4EE
:107F1000003042908948369000203790139838906E
:107F200035AA1A2120460BF0C7FE35AAFBE050A85F
:107F3000139907F06BFD68460AF072FB4FF40035A9
:107F40006A462946204610F0D7FE23A84F990FF025
:107F500079FA4FF000087948CDE924083095CDF83A
:107F60009CD013982690454623AA1A2120460BF050
:107F7000A3FE20466022294610F0FAFB05B25846BF
:107F80005146D34500DB0846B5EB600F00DD4510D8
:107F9000229A1899BDF90000914200DB1146B0EB1E
:107FA000610F00DD4810B9F1000F02D0228FA18EC1
:107FB00001E0628FE18E511A491C09B2B1EB400F0A
:107FC00018DD9DF8220012909DF803709DF81A604C
:107FD0008DF803808DF81A808DF822806946139AF7
:107FE0004F980AF009FB12988DF803708DF81A600B
:107FF0008DF82200A18A219800230844ADF83401AD
:10800000218B36982A46081AADF83801E18A209863
:108010000844ADF83601618B3598081AADF83A017D
:108020004DA947A80AF02CFA002147A809F0DCFD69
:1080300017909DF822608DF8228045468DF8368095
:1080400010A90EA807F0E2FCBDF8381021980844EA
:1080500000B2ADF83800BDF83A20209911440BB2B7
:10806000ADF83A30BDF83C203699511A0AB2ADF855
:108070003C20BDF83E703599791A09B2ADF83E1032
:10808000B9F1000F12D0C81A401C00B204281FDA40
:10809000E18A0AEBDA726FF0010000EB620008443B
:1080A000ADF83A00001DADF83E0011E0101A401C7A
:1080B00000B204280CDAA18A0BEBDB726FF001002E
:1080C00000EB62000844ADF83800001DADF83C003C
:1080D000BDF90020002319A813990AF0D1F9002155
:1080E00019A809F081FD07460EAA69464F980AF0C3
:1080F00083FA8DF822608DF803508DF81A508DF8B0
:1081000036506946139A4F980AF076FA19A809F082
:108110002FFF47A809F02CFF38460AF05DFA1798A0
:108120000AF05AFA23AA1B2120460BF0C5FD53B0D2
:10813000BDE8F08FC5FA00086DFA00082C99020816
:108140002DE9F047B8B005460BF0B1FD04462846CE
:108150000BF075FD82460021204610F017F9064607
:10816000204610F029FC054620460FF0FCFB854216
:1081700001DB012701E00027284694F85C108046C7
:10818000002001F00301012906D1A16A002903DAC8
:10819000E16A002900DD01208FB110B1606A00287A
:1081A0000ADB012E03D100BFB4F9340001E0B4F9B9
:1081B0003800ADF800000BE0012EF8D0F4E710B164
:1081C000606A002801DBE08E00E0608FADF80200FD
:1081D00017A80AF025FA4FF4403517AA2946204679
:1081E00010F08AFD3B4642466946204615F0A8FC41
:1081F00004F168006946814607F01AFC514605A85B
:108200000FF020F92F4806900020CDE9125017AD4D
:10821000CDE908950790204613F0DCF9022806D036
:1082200005AA1A2120460BF047FD4A463DE03822B8
:1082300017A926A80EF0DCF805AA1A2120460BF093
:108240003BFD4A4617A950460AF0D6F905AA1B215C
:1082500020460BF031FD4FB1012E02D0B4F93400AD
:1082600001E0B4F93800ADF8000002E0608FADF82D
:1082700002003B4642466946204615F061FC04F187
:1082800060006946064607F0D3FB382226A917A8E6
:108290000EF0AEF801200995CDE90706139005AA66
:1082A0001A2120460BF008FD324617A950460AF065
:1082B000A3F905AA1B2120460BF0FEFC38B0BDE84F
:1082C000F08700000C9A02082DE9F0438FB00446B5
:1082D0000BF0EDFC05460FF087FB074603A809F0FD
:1082E0002BFC03AA0021384610F063FC20460BF05B
:1082F000A6FC816804460E4607F114020DA8FAF7A1
:10830000E9FA002850D00DA8A0600BA9384605F066
:1083100027F9A88AADF80400E88AADF80600288B92
:10832000ADF80800BDF82E00ADF80A0001AA10460D
:10833000A168FAF7CFFA4FF000090DF1040878B1FF
:10834000A7682846C4F808800DF0D6FA034605F160
:10835000140203A92046CDF8009009F051F9A76056
:10836000A88AADF80400BDF83200ADF80600288BED
:10837000ADF80800688BADF80A0001AA1046A168A4
:10838000FAF7A8FA78B1A7682846C4F808800DF073
:10839000B3FA034605F1140203A92046CDF8009074
:1083A00009F02EF9A760A6600FB0BDE8F0830000C9
:1083B0002DE9FF4F9FB0987B8A7E00F00F04DDF817
:1083C000B0E00E46032C18D0012C1DD0022C21D079
:1083D000042C13D0082C7DD1A24D4FF0FF0A61016F
:1083E000FD2A2FD2A04F3878904202D17868A0425F
:1083F00025D00020DFF874821FE00424994D4FF04F
:10840000F00A103D1021EBE7964D4FF0800A163D23
:108410000221E5E7934D4FF0C00A143D0421DFE748
:1084200015F800C0BCF1FF0F1DD01CFB02FC4FEA89
:108430001C2C00BF08F800C0401C8842F0D38B4DB4
:108440003A707C601F9AB3F80680188907902199CA
:10845000926808FB04F0B1F90010B2F900309942BB
:1084600003DB002302E09446E4E75B1A9B46B2F983
:10847000043001EB08079F4201DC414601E0591A34
:10848000491C89462199B2F90230B1F9021099428A
:1084900001DB002300E05B1A1193079BB2F9062071
:1084A0000B44934201DC079901E0511A491C0A91DF
:1084B000119941430BFB04100EEBD00100F00707AC
:1084C0002C911C2115A80EF071F8B089ADF85C0054
:1084D000B07E00E0C2E08DF86C00B07FC0F3C20057
:1084E0008DF86D00FBF7A6FD08F098FD079A08FBD4
:1084F00002F1814200DC08461C900DF0AFFE0790AF
:10850000189021980026018801EB0B02ADF80C2091
:108510000188A9F1010001442198ADF810104388A9
:10852000119818448B1AADF81200ADF80E00ADF892
:108530003810ADF834200A99ADF836005B1C0844B9
:108540001BB2ADF83A000B930DA809F02DFD1D905C
:1085500003A815901A90C4F1080008EB0B010F90C6
:10856000A1EB090060431290119860E033462AFAAB
:1085700007F059464FF0000C1FE02C9ADDF83C80C4
:108580001278A8EB0708024032FA08F205D015F875
:108590000280079A02F8068002E0079A02F806C0F5
:1085A0000F9A974202D22744E04004E02C9A002719
:1085B000521C50462C92491C761C4945DDDB1D9807
:1085C00080B10798BDF912201844BDF90C108046FF
:1085D0000B9B09F0ABFC8DF8640018B940460B9971
:1085E0000DF0E4FFA9EB0B0081191C98814205D224
:1085F000BDF81200401CADF812000EE002208DF80C
:10860000640015A91F980AF0F7F9BDF81200401C84
:10861000ADF80E00ADF81200002612982C993844DF
:1086200001EBD00100F0070701982C91401C0A993A
:10863000019088429ADBBDF90E10BDF9120081420B
:1086400009D0401EADF8120002208DF8640015A973
:108650001F980AF0D1F907980DF04CFE23B0BDE841
:10866000F08F0000CA5F02080C01002058B50020FE
:108670002DE9F04F8346B1F902000C46401E41102F
:1086800000F001004618B2F90050B3F9000089B0BB
:10869000854200DA2846ADF80000B2F90000B3F9CF
:1086A0000030984200DC1846401EADF804005088A7
:1086B000801BADF8020050880844ADF806006946FA
:1086C0000846DBF80820FAF705F900281FD0E088F3
:1086D00018B1A08808B1012700E0002701256846ED
:1086E00009F062FC00B907B100251C2102A80DF0B9
:1086F0005DFFCDF808D02088ADF81000207A6E46D6
:108700008DF8200035B102A958460AF075F909B074
:10871000BDE8F08FBDF80410BDF90000BDF906807A
:10872000091A491C0DB2BDF80210ADF806104FF041
:10873000000A47B1B4F90610B4F90420114490FBC3
:10874000F1F201FB120A28460DF088FD079605900C
:108750008146BDF902603EE0294648460DF054FFCF
:10876000BDF900102B4632B2484609F0DFFB8DF808
:1087700018000FB300B3002150460B4617E000BFAE
:10878000B4F90420824205DB121A1144104409B2E4
:1087900000B208E0B4F906C06244824201DC002065
:1087A00001E009F80130491C401C09B200B2A9429D
:1087B000E6DB02208DF8180002A958460AF01CF9E1
:1087C000BDF80200401CADF80200BDF80600401CD8
:1087D000ADF80600761C4645BEDD48460DF08AFD24
:1087E00095E700002DE9FF4FB2F90240B3F90250BE
:1087F000C5B0AC4208DA128864F31F4062F30F0080
:1088000065F31F411A8807E01B8865F31F40128833
:1088100064F31F4163F30F0062F30F010FFA81F954
:1088200004B20514A9EB04064FEA214AAAEB050796
:108830000391002E01DD314600E07142002F01DD81
:10884000384600E07842814201DD012000E000204E
:1088500015904698B0F90210159858B1002F01DD17
:10886000384600E078424201002E01DD30460CE03F
:1088700070420AE0002E01DD304600E07042420105
:10888000002F01DD384600E0784292FBF0F0AB4A61
:10889000105C10FB01F03F30C0114FEA600800F09F
:1088A000010202EB080B49464C4500DA2146A1EBD8
:1088B0000001ADF8581001DD214600E049460144B1
:1088C000ADF85C105146554500DA2946A1EB000190
:1088D000ADF85A1001DD294600E051460844ADF8D4
:1088E0005E00459816A982680846F9F7F3FF00284C
:1088F0007ED01598002100287BD0002E16DDAAEB33
:10890000080000B2CDE90001A5EB080002B24B4619
:10891000214620A809F0ECFB0AEB0B00012100B274
:10892000CDE900014B4605EB0B0015E00AEB0B000F
:1089300000B2CDE9000105EB0B0002B24B46214627
:1089400020A809F0D5FBAAEB0800012100B2CDE96F
:1089500000014B46A5EB080002B221460AA809F027
:10896000C7FB002120A809F03FF9189000210AA8B0
:1089700009F03AF9159046984FF0FF39C846407A09
:10898000C00623D4A819032100B2CDE90001E01BE1
:1089900003B22A4621462BA809F0AAFB039902201C
:1089A0000A14911909B2CDE90010039801B2C81B4D
:1089B00003B236A809F09CFB00212BA809F014F99A
:1089C0008146002136A809F00FF98046BDF85C0009
:1089D000BDF85810401A401C04B2FBF72BFB08F0FE
:1089E0001DFB054616A807F047F8A84206D201E08D
:1089F000A1E027E016A807F03FF80546AA4628465A
:108A00000DF02CFC8346BDF95E70BDF85A00ADF840
:108A10005E000025514658460DF0F6FD1C2119A8B0
:108A20000DF0C4FD16A9199146980088ADF86C00A8
:108A30004698BDF95A60007A8DF87C00CDF870B088
:108A40001E9145E009EB0B00CDE900A103B204EB58
:108A50000B0001B22A4620A809F04AFB0121A9EB2C
:108A60000800CDE900A103B2A4EB080001B22A4638
:108A700074E700BFBDF958100BEB0500234632B276
:108A8000079009F053FA8DF8740018B92146079839
:108A90000DF08CFD25442919514505D2BDF85E0025
:108AA000401CADF85E0012E002208DF8740019A998
:108AB000459809F0A1FFBDF85E000025401CADF807
:108AC0005A00ADF85E00514658460DF09DFD761CEB
:108AD000BE42CFDDBDF95A10BDF95E00814209D01A
:108AE000401EADF85E0002208DF8740019A945986B
:108AF00009F082FF58460DF0FDFB20A809F038FA76
:108B00000AA809F035FAB9F1FF3F02D02BA809F005
:108B10002FFAB8F1FF3F02D036A809F029FA1898C9
:108B200009F05AFD159809F057FD484609F054FD23
:108B3000404609F051FD49B0BDE8F08FCA60020817
:108B40002DE9F04F8346B1F902000C46401E41105A
:108B500000F00100158889B00844281AADF800001B
:108B600010880844ADF80400B2F90210B3F902000D
:108B7000814200DA0846ADF80200B2F90200B3F90A
:108B80000210884200DC0846401EADF80600694627
:108B90000846DBF80820F9F79DFE00281FD0E08882
:108BA00018B1A08808B1012600E000260127684618
:108BB00009F0FAF900B906B100271C2102A80DF04E
:108BC000F5FCCDF808D02088ADF81000207A6D466D
:108BD0008DF8200037B102A9584609F00DFF09B001
:108BE000BDE8F08FBDF80400BDF80010BDF90670B7
:108BF000401A401C0FFA80F9BDF80200ADF80600DB
:108C000048460DF02BFB824605900795002056B193
:108C1000B4F90600B4F904100844BDF9021091FB40
:108C2000F0F200FB12108046BDF9025031E04946D7
:108C300050460DF0E9FCBDF900104B462AB25046F3
:108C400009F074F98DF81800A6B178B1B4F90410E0
:108C5000414502DA00208DF81800B4F90600B4F995
:108C600004100144414501DC4FF0000808F1010007
:108C70000FFA80F802A9584609F0BEFEBDF80200BE
:108C8000401CADF80200BDF80600401CADF806001F
:108C90006D1CBD42CBDD50460DF02CFB9FE77CB533
:108CA00005460BF004F8446A28460AF0C8FF626AD9
:108CB0000546816868461432F9F70CFE002835D065
:108CC000AE68C5F808D094F83C00800621D5628FC4
:108CD000E08E824208D1212329462046FEF786FCF9
:108CE0002046628F21231DE0202329462046FEF7DF
:108CF0007DFC2046628F20232946FEF7C9FC2046D2
:108D0000E28E01232946FEF771FC2046E28E012304
:108D100008E02046628F20232946FEF767FC628F19
:108D2000204620232946FEF7B3FCAE607CBD000040
:108D30002DE9F04FD5B005460AF0B9FF0446008E84
:108D400000287DD028460AF07AFF4F90608C49A910
:108D500040F00400608420460EF0CDFD0025278CF5
:108D60002584608CA94640F004012E46C8466184E3
:108D700033A809F055FC41A808F0DEFE4FF4A02A04
:108D800033AA514620460FF0B7FF41AA514620466C
:108D90000FF00FFF608C002120F00400608420465B
:108DA00027840FF0BBFC5390002120460FF0C8FB36
:108DB0005290002120460FF017FC519000212046D0
:108DC0000FF058FC509020A84F990EF03BFBB5488F
:108DD000CDF8B4A0CDE9210812A824900AA82590C6
:108DE00054E1761CB6B2606AAFA150F82600F7F7DE
:108DF000B1FA0028F5D0E06A30F81500C0F3C001E0
:108E0000002974D18846C0F3C01109B14FF00108A0
:108E1000C0F3401010B148F0800014E0A08EA842CA
:108E200012D1B80601D548F02008B80701D548F09E
:108E30000208780701D548F00408380704D500E097
:108E40002CE148F008008046A06A00EBC50103A8A9
:108E500006F0E5FDBDF80C10BDF82401B8F1000FD7
:108E60000144ADF80C10BDF80E20BDF826110A44DF
:108E7000ADF80E20BDF810201044ADF81000BDF87C
:108E800012000844ADF8120026D0A4F82080608CAF
:108E900040F00401618412A809F0C2FB0AA808F09E
:108EA0004BFE12AA514620460FF026FF0AAA514651
:108EB00020460FF07EFE2784608C20F00401618440
:108EC000E06A30F81500C0F3003000289DF8450036
:108ED0000ED040F001000DE0382233A912A80DF0A9
:108EE00087FA202241A90AA80DF082FAE8E7C9E032
:108EF00020F001008DF8450003A8239020AA1A2134
:108F00002E9520460AF0D8FE9DF86B004108C90650
:108F10003CD520F03E001E308DF86B00B4F91430C3
:108F20005199BDF90C2019448A4203D120F0080060
:108F30008DF86B00B4F918205098BDF91010101A74
:108F4000814205D19DF86B0020F010008DF86B0078
:108F5000B4F916205398BDF90E101044814205D182
:108F60009DF86B0020F004008DF86B00B4F91A2016
:108F70005298BDF91210101A814207D19DF86B006A
:108F80008108490061F345008DF86B00BDF81210AF
:108F9000BDF90E00091A491C0FFA81FB5FEA8861CE
:108FA00008D5E16A31F81510890503D5A0EB0B004F
:108FB000ADF80E0003AA12A94F9809F01DFB606AD4
:108FC000BDF93C30BDF93A1050F826000890BDF8C4
:108FD0002801BDF824C10A9AA0EB0C00401C00B285
:108FE000CDE900109DF845C0CDF808C054A80899F7
:108FF00013F0CAFEBDF81010BDF80C00BDF95031D9
:10900000091A491C09B2C91A01EBD17100EB6100C0
:10901000ADF80C00BDF81210BDF80EC0BDF952211C
:10902000A1EB0C01491C09B2891A01EBD1710CEBBF
:10903000610109B21844ADF81000881802B2ADF809
:109040000E10ADF812205FEA88600ED5E06A30F8A5
:109050001500800509D50BEBDB70A1EB6001A2EBDD
:109060006000ADF80E10ADF81200CDF8009003AA24
:109070000AA9089B4F9808F0C3FA20AA1B21204692
:109080000AF01AFE6D1C761CADB2B6B2208EA84254
:109090003FF6A9AE608C20F00400608455B0BDE8B6
:1090A000F08F0000649902080A0000002DE9F04FDB
:1090B000A7B005460AF0FBFD044628460AF0BFFDAE
:1090C0002290002120460FF095F90546002141F637
:1090D000120220460FF04CFB28440FFA80FB0021BF
:1090E00041F6130220460FF043FB28440FFA80FAA2
:1090F000002120460FF019FB28440FFA80F918A828
:1091000008F01AFD18AA4FF4003120460FF051FD67
:10911000A06A08B1179009E080200DF09FF805467D
:109120000146802220460AF05DFB179594F83C002A
:10913000002700F00F00012800D101272046002160
:1091400041F26A420FF014FBC0B2012800D101279E
:10915000E06A002869D00BF036FF804602280DD067
:1091600002A9E06A0BF092FE01281BD04FF0FF36F7
:109170003546E7B1A18A01EB0B001CE0BDF9720096
:109180009DF87D2041F6FF718DE80700BDF9743030
:10919000189A15A8E16A13F0F7FDBDF95460BDF9FE
:1091A0005650E6E70298C0F38A26450DE1E7218B89
:1091B000A1EB0A00801B711EADF814000844ADF845
:1091C0001800B8F1020F5ED020460EF0CCFB401B19
:1091D000E18A00EBD07001EB6000ADF81600691E6B
:1091E0000844ADF81A0011A808F0F0F94FF400385F
:1091F00011AA414620460FF093FC06EBD6704010B2
:10920000ADF8480005EBD5704010ADF84A00204697
:1092100043F60F0241460FF0ABFAADF8440005AA41
:1092200011A9E36A229808F0A9F909A808F084FCBA
:1092300009AA002120460FF0BCFCBDF936009DF8BC
:10924000412041F6FF718DE80700BDF9383007A8CD
:10925000099A179913F098FDE18A01EB0900BDF80E
:109260001E10ADF80E000844ADF81200E06AE0B13F
:109270003FB3218BA1EB0A00BDF81C10B0EB01003D
:10928000ADF80C0024E0E18A6D1E01EB0900ADF899
:1092900016002844ADF81A000020009005AA18A96D
:1092A000E36A229808F0ACF9BFE720460FF084FB90
:1092B000BDF91C10A28A401A00EBD07002EB6000CE
:1092C000DEE7A18A01EB0B00BDF81C10ADF80C0025
:1092D0000844ADF810000020009003AA09A9179BCC
:1092E000229808F08DF9A06A002802D117980DF095
:1092F00001F827B0BDE8F08F2DE9F04798B005469A
:109300000AF0D5FC044628460AF099FC06460FA947
:1093100020460EF08EFA94F848000025C10600D5CC
:109320000125800601D545F00205002120460FF0F9
:109330002EFBA0F51C51D13904D1608C400501D41D
:1093400045F0040507A808F0F7FBB4F84400ADF8B1
:109350003200B4F84600ADF834008DF8395007AA51
:10936000002120460FF025FC9DF83800012708B9A0
:109370008DF83870E06B0890206C099008994FF6D2
:10938000FF70814219D00999814216D04FF480288C
:10939000204644F2574241460FF0EAF90090BDF8EA
:1093A0000000ADF82A002046202241460FF0E0F9E7
:1093B0000090BDF80000ADF82C0094F8480041F68C
:1093C000FF7A00F00700022801D003281ED19DF883
:1093D0003800022801D0032818D1BDF92E100295BB
:1093E000CDE9001ABDF93030079A16A8616A13F06A
:1093F000CBFCBDF84000BDF83C10401A401CBDF944
:10940000581000B2884201DA8DF8387094F848009C
:1094100004F1300700F00700032809D0BDF842002E
:10942000BDF83E10401A401C00B2B0F5806F00DA63
:1094300000270FA914A8B268F9F74CFA00287DD0CC
:1094400094F8480040070BD120460EF0FFFB404245
:1094500002B200210FA806F048FB608BADF8420075
:1094600094F848000DF1500900F00700022813D0CD
:10947000032811D000970FAA07A93046636A08F0A5
:10948000BFF8B068C6F80890804694F8480000F02D
:10949000070003280FD05FE0D6F80880C6F80890D0
:1094A00000970FAA07A93046636A08F0A9F840465A
:1094B000C6F80880E6E7BDF92E100295CDE9001A3E
:1094C000BDF93030079A06A8616A13F05DFCBDF85B
:1094D0004000BDF83C10401A401CBDF9181000B205
:1094E000884219DA2022114607980AF0BEFCB4F827
:1094F0004410BDF8182000EB400011440844ADF8BA
:109500003200B4F84600ADF8340000970FAA07A95E
:109510003046636A08F074F8BDF84200BDF83E10AA
:10952000401A401C01B2BDF91A00814214DAB4F8A5
:109530004410ADF832100799098900E00EE0B4F844
:109540004620009710440844ADF834000FAA07A93C
:109550003046636A08F054F8C6F8088018B0BDE8D1
:10956000F0872DE9F04397B007460AF062FB054605
:1095700038460AF09CFB04464FF48026152D7DD01A
:10958000182D7CD138460AF05AFB054607A808F08A
:10959000D3FA07AA314620460FF00BFB13A9204649
:1095A00003F0DEFF13AA15A8A968F9F793F90028BC
:1095B00065D0204603F040FD814620460FF0FCF9BF
:1095C000064648460CF098F9BDF92E10CDE9001674
:1095D000022202920146BDF9303005A8079A13F025
:1095E000D3FB20460EF0BFF9B4F9161000EBD0768D
:1095F000B9F9160001EB6601471A48460EF0B3F9B7
:10960000B90391FBF0F7002120460FF052F90799BA
:10961000B0F90800B1F90810081A00EBD070BDF8D5
:1096200016104010091A09B2ADF81610E28A7943F3
:1096300002EB660202EBA1310F1A002120460EF068
:10964000E0FE80462046002141F612020FF090F81D
:1096500006462046002141F613020FF089F8A28A3F
:1096600006EB08011144ADF84010ADF84270218BB3
:10967000081AA0EB0800ADF8440001E01DE019E075
:10968000BDF816003844ADF846009DF8390040F0AA
:1096900002008DF8390015A8AC68A86048460CF0A7
:1096A0002BF903460020009010AA07A9284607F0CE
:1096B000A7FFAC6017B0BDE8F08338460AF0BFFAE8
:1096C000054610A9204603F04BFF684608F0A8FFA6
:1096D0006A46314620460FF00FFB10AA694628461D
:1096E00008F08AFFE6E72DE9F043ABB005460AF043
:1096F000DEFA044628460AF0A2FA814600212046F6
:109700000EF080FF0746002120460EF0C1FF0646FE
:10971000002120460FF017F80546002120460EF0E4
:109720001DFFA18AE28AADF88A20238BADF88C3028
:10973000B4F81AC03944ADF88810991BADF88C10F4
:10974000ACEB00005119ADF88E00ADF88A1006A8F8
:1097500008F066FF06AA4FF4003120460FF0CCFA5D
:1097600022AA06A9484608F047FF20460EF0FBF85B
:109770000546208BA18A411A491C481B06B2606A23
:10978000411C06D07043C11700EB116040F30F2756
:1097900008E020460EF0BCFD10F0010F01D0374666
:1097A00000E000272046002141F26A420EF0E0FF6F
:1097B000C0B2012801D1F01B07B2A08A3844ADF82D
:1097C00000002844ADF80400E08AADF80200608B88
:1097D000ADF806004FF44037394620460EF012FF30
:1097E0000646394620460EF053FF8046394620464D
:1097F0000EF0A9FF0546394620460EF0AFFEBDF833
:109800000010BDF80420891BADF8001002EB080120
:10981000ADF80410BDF80210491BADF80210BDF8F8
:1098200006100844ADF8060014A808F0F9FE14AAC2
:10983000394620460FF060FA6A4614A9484608F0F7
:10984000DBFE2BB0BDE8F0832DE9F04FE5B0054617
:109850000AF02DFA044628460AF0F1F98346826898
:1098600004F1140116A8F9F735F800287ED0DBF8CA
:109870000800089016A9CBF808102046002141F2F4
:1098800032020EF075FF00B25B90002120460EF010
:1098900061FF5F90002120460EF067FE619000217D
:1098A00020460EF0B6FE5E90002120460EF0F7FE38
:1098B0004FF4A0255D90294620460EF0AAFE0D909B
:1098C000294620460EF0EBFE0A90294620460EF06F
:1098D00041FF1590294620460EF047FE1490208C3B
:1098E00000260E902684608C40F00401618428A834
:1098F00008F096FE28AA294620460FF0FDF918A880
:1099000008F01AF918AA294620460FF052F90E98C5
:109910002084608C002720F00400608420460EF034
:10992000A3F9E28A5F991144091A5B980844401E22
:10993000ADF8160020460EF090F95C90002120460C
:109940000EF02BFD012800D000205A90594637A870
:109950000DF078FD4FF4A0204490E04838900020AE
:10996000399049A83B9020A83C9000E093E000206B
:1099700089E0E16ABDF8160031F919105791401CD1
:1099800000B2491E0144ADF81610BDF95E10ADF8E5
:10999000120088427CDC5A9850B1218B5D98091ADC
:1099A0005C98091A5B98081A401EADF8100009E08F
:1099B000A18A5E9801445C98091A5B980844401E8D
:1099C000ADF81400002558E0A06A4FF0000A50F8E6
:1099D000270008B190F800A05A9860B1BDF81000B7
:1099E000401EADF81400216B31F81510401A401CD0
:1099F000ADF810000BE0BDF81400401CADF81000ED
:109A0000216B31F815100844401EADF814000026F3
:109A100021E0A16AB81951F8200008B390F800A01D
:109A20005FEACA701CD05A98216B002805EB060229
:109A30004FF0020000EB4200085A05D0BDF81010AC
:109A4000081AADF8100004E0BDF814100844ADF891
:109A50001400761CB6B2A08C7119401E8142D8DB6E
:109A6000BDF91600BDF95A10884217DAB819401C22
:109A700087B2A81980B2401C85B2A08CA842A3D896
:109A800009F1010080B2E18C814649453FF671AF92
:109A90000898CBF8080065B0BDE8F08FBDF910203C
:109AA000ADF83C20BDF91210ADF83E10BDF91480A0
:109AB000ADF84080ADF8420086469DF8C300C0F383
:109AC000440043070DD5B4F914C05E9B63449A4229
:109AD00007DDBDF9C03003EBD373A2EB6302ADF831
:109AE0003C2082070DD5B4F916305F9A1A44914292
:109AF00007DDBDF9C02002EBD272A1EB6201ADF827
:109B00003E10010711D5B4F918205D99511A491E6C
:109B100088450ADABDF9C01001F0010201EBD171EC
:109B200002EB61014144ADF84010C00712D0B4F916
:109B30001A206198101A401E86450BDABDF9C00044
:109B400000F0010100EBD07001EB600101EB0E00B1
:109B5000ADF84200E28E00214A4569D1A08EA842AC
:109B600066D1208C420602D4820600D520218207CD
:109B700001D541F00201420701D541F0040100077F
:109B800001D541F00801E9B32184608C40F0040163
:109B9000618449A808F044FD20A807F0CDFF4FF4E8
:109BA000A02849AA414620460FF0A6F820AA41461F
:109BB00020460EF0FEFF0E982084608C20F00401F9
:109BC00061840FA83A90A18C37AA09FB01504590F7
:109BD0001A2120460AF070F80FAA49A9584608F041
:109BE0000BFDA06A50F82700F0B3BDF810100D98D7
:109BF000084403B2BDF814100A98ADF84430081AAE
:109C000002B200E014E0BDF812101598ADF848203B
:109C10000844ADF84600BDF816101498081AADF8BF
:109C20004A00CAF340005FEA00080CD002210BE0B2
:109C3000382228A949A80CF0DBFB202218A920A86B
:109C40000CF0D6FBBDE70021D01A401CBDF99220D4
:109C500000B20092CDE90101A06ABDF9943050F83C
:109C6000271060A8491C00E031E0189A13F08CF826
:109C7000B8F1000F14D15798BDF98221BDF8121028
:109C800000EBD07301EB630002EBD272A0EB620039
:109C9000ADF84600581000EB62000844ADF84A00E9
:109CA00004AA16A962A8F8F715FE80B162A90020DF
:109CB000CBF808100090A06A11AA20A950F827300C
:109CC00058465B1C07F09CFC16A9CBF8081037AA75
:109CD0001B21204609F0F0FFC8E60000449A020864
:109CE0002DE9F04F8B46074690881188A9B0401A9D
:109CF000401C00B200EBD07046108819ADF8780017
:109D000050883044ADF87A0020A807F04DFF4FF49A
:109D1000A02420AA214638460EF09AFF18A807F082
:109D200055FC18AA214638460EF0FAFE00213846A6
:109D30000EF0C7FB8246594602A80DF083FB60482F
:109D400003901EA80B9007F130002490F9F722FF32
:109D5000AFE0256813942079012801D0A0B3A4E0D6
:109D6000B5F92030E88B18440090D5E90512E06879
:109D70000CF036FAA98B628A00B211448D19804624
:109D800012F03EFF10FB05F147F6FF7991FBF9F069
:109D9000BDF87A100844ADF89A00404612F02CFF46
:109DA00010FB05F191FBF9F0BDF878100844ADF80F
:109DB0009800A08AADF88000208AADF88200607912
:109DC000FD2802D9504603E016E010FB0AF0000A15
:109DD0008DF888000120109020A8089026A80C90EB
:109DE00002AA1A21384609F067FF26AB1EAA20A94D
:109DF000584607F0CCFE53E02069E0B3B5F92030B7
:109E0000E88B18440090D5E90512E0680CF0E8F9F9
:109E1000054625A920690BF039F8BDF87800A18A1C
:109E2000411AADF85810BDF87A00E28A801AADF8F0
:109E30005A00259AC2F38A235B1E1944ADF85C10C0
:109E40004FF0FF3101EB52510844ADF85E006079EC
:109E5000FD2801D9504602E010FB0AF0000A8DF8F7
:109E60006B00A08AADF86400E08AADF8660005EBEF
:109E70008500400000E018E0B0F5616F01DDA0F55D
:109E80006160ADF8600018A8099002AA1A2138464E
:109E900009F012FF16AA18A95846236907F06EFBAD
:109EA00002AA1B21384609F007FF21462498F9F73A
:109EB0006EFE04007FF44DAF29B0BDE8F08F0000C6
:109EC0006061020830B5054691F82A0089B00C4659
:109ED00002285FD9E08C00285CD0114604A805F068
:109EE0007AFD208DBDF81010401E091AADF8101033
:109EF000BDF81210091AADF81210BDF81410014483
:109F0000ADF81410BDF816100844ADF8160004A9F9
:109F100006A805F060FDBDF81810E08CBDF8122011
:109F2000091AADF81810BDF81C100844ADF81C0053
:109F3000BDF81A00E18C401AADF81A00BDF81E00F9
:109F4000E18C0844ADF81E00BDF81400BDF81010F7
:109F5000401ABDF81610401C891A491C00B209B2FB
:109F6000B4F90020884200DA0146B2EB610F00DD4F
:109F70004A10E08CA178104403B294F82A00CDE98D
:109F80000201A08CADF80400009204AA06A928469C
:109F9000FDF75EF809B030BDF8B5044609F087FE5C
:109FA0000646204609F081FE0446406BB0F5A02F1E
:109FB00051D1A06B0025072805D22069C570206902
:109FC00080F8225012E081B22022304606F05FFA7B
:109FD00060B12069C570206980F82250122010F00D
:109FE00071FA00906069BDF800108181208F4FF4F4
:109FF000004281B2304606F04AFA98B121696620E3
:10A00000C870304612F0BAFB00902069BDF800100D
:10A010008180304606F039FAA16B884202D121696D
:10A02000B220C870208F4FF4804281B2304606F0D3
:10A030002EFA00280FD02169FF2081F82200304637
:10A0400012F09CFB00902069BDF80010C1832169CB
:10A05000088C401C0884F8BD2DE9F0418CB0054601
:10A0600009F025FE0446284609F0E9FD8046606AAD
:10A070000BF042FC007800283BD1A06A002838D0C1
:10A080000078002835D001A807F056FD01AA4FF44A
:10A09000002120460EF08DFD94F85C00000705D5E8
:10A0A0009DF8210040F002008DF82100002120469B
:10A0B0000EF0B6FA0746002120460EF052FB064687
:10A0C000002120460EF0A4F9054604F1140109A868
:10A0D00005F0B7FC701902B2781901B209A805F0B1
:10A0E00004FD0020009009AA01A94046A36A07F0D8
:10A0F00087FA0CB0BDE8F0817CB5044680696189BF
:10A100006D468668A08961B1002865D0814203D17F
:10A110002289E3889A427CD302297BD003297AD012
:10A12000AFE010BBE088218988421ED2B4F9060056
:10A1300012F066FDB4F90410B4F90E20891A4843F0
:10A140002168498801EBE030ADF80200E0885A3020
:10A1500000B212F055FDA18810FB01F021680988BA
:10A1600001EBE030ADF8040040E020680088ADF875
:10A1700000002068A18840880844ADF80600B4F9C2
:10A18000060012F03DFDB4F90410B4F90E20891A4E
:10A1900048432168498801EBE030ADF80200E088CF
:10A1A0005A3000B212F02CFDA18810FB01F021689A
:10A1B0003246098801EBE030ADF8040069460846F4
:10A1C000F8F788FB30B1A0696A4685602169A0690B
:10A1D00008F012FAA08970BB2068A18800880844A2
:10A1E000ADF8040020684088ADF80200B4F908001A
:10A1F00012F006FDA18810FB01F02168498801EBEF
:10A20000E030ADF8060020895A3000B212F0F8FCB8
:10A2100002E015E012E00FE0B4F90410B4F90E20EA
:10A22000891A484321683246098801EBE030ADF8CD
:10A23000000069461AE024E0022801D0012820D15C
:10A24000206832460088ADF8000020684088ADF8EC
:10A2500002002068A18800880844ADF80400206846
:10A26000A18840880844ADF8060029460846F8F75A
:10A2700031FB30B1A0696A4685602169A06908F0A8
:10A28000BBF9A06986607CBD7CB5044680696189A4
:10A290006D468668A08901290CD0012867D08142CB
:10A2A00003D12289E3889A427ED300297DD00329F5
:10A2B0007CD0B5E0012822D1E088218988421ED2D5
:10A2C000B4F9060012F09CFCA18810FB01F0216893
:10A2D000498801EBE030ADF80600E0885A3000B262
:10A2E00012F08EFCB4F90410B4F90E20891A484318
:10A2F0002168098801EBE030ADF8040042E02068F5
:10A30000A1880088401AADF8000020684088ADF8A8
:10A310000200B4F9060012F073FCA18810FB01F0F2
:10A320002168498801EBE030ADF80600E0885A303A
:10A3300000B212F065FCB4F90410B4F90E20891AC9
:10A34000484321683246098801EBE030ADF804004B
:10A3500069460846F8F7BEFA30B1A0696A468560DA
:10A360002169A06908F048F9A089012858D120681E
:10A370000088401EADF804002068A1884088084489
:10A38000ADF80600B4F9080012F03AFCB4F9041074
:10A39000B4F90E20891A48432168498801EBE0305E
:10A3A000ADF80200208902E018E010E014E05A3015
:10A3B00000B212F025FCA18810FB01F021683246A2
:10A3C000098801EBE030ADF8000069461DE0022885
:10A3D00004D0032802D023E0022821D12068A188DC
:10A3E00032460088401AADF8000020684088ADF879
:10A3F000020020680088401EADF804002068A18893
:10A4000040880844ADF8060029460846F8F762FA85
:10A4100030B1A0696A4685602169A06908F0ECF84E
:10A42000A06986607CBD7CB50446806961896D4603
:10A430008668A08902290CD002287ED0814203D1EF
:10A440002289E3889A4279D3002978D0012977D0EC
:10A45000D4E002283FD1E088218988423BD25A309B
:10A4600000B212F0CDFBA18810FB01F02168098831
:10A4700001EBE030ADF80000B4F9060012F0C0FBCB
:10A48000B4F90410B4F90E20891A484321684988A8
:10A4900001EBE030ADF80600B4F9080012F0B0FBB3
:10A4A000A18810FB01F02168498801EBE030ADF88C
:10A4B000020020895A3000B212F0A2FBB4F9041055
:10A4C000B4F90E20891A48432168098801EBE0306D
:10A4D000ADF8040066E020680088401EADF8040076
:10A4E0002068A1884088401AADF80200E0885A3000
:10A4F00000B212F085FBA18810FB01F021680988E9
:10A5000001EBE030ADF80000B4F9060012F078FB82
:10A51000B4F90410B4F90E20891A48432168324670
:10A52000498801EBE030ADF8060069460846F8F7C7
:10A53000D1F958B1A069856003E00AE03BE034E05E
:10A5400036E06A462169A06908F056F8A089022819
:10A5500054D12068A1880088401AADF80000206816
:10A560004088401EADF8060020895A3000B212F033
:10A5700047FBB4F90410B4F90E20891A4843216846
:10A58000098801EBE030ADF80400B4F9080012F0DE
:10A5900037FBA18810FB01F02168498801EBE0300E
:10A5A000ADF80200324669461DE0032803D025E0DD
:10A5B000032800D010BB2068A18832460088401ACA
:10A5C000ADF800002068A1884088401AADF802006C
:10A5D000206829460088401EADF8040020684088A5
:10A5E000401EADF806000846F8F774F930B1A069CE
:10A5F0006A4685602169A06907F0FEFFA069866050
:10A600007CBD7CB50446806961896D468668A089F9
:10A6100003290ED0032867D0814203D12289E38821
:10A620009A427ED302297DD001297CD002297BD099
:10A63000B1E003281FD1E088218988421BD25A301B
:10A6400000B212F0DDFAB4F90410B4F90E20891A40
:10A6500048432168098801EBE030ADF80000B4F907
:10A66000060012F0CDFAA18810FB01F0216849889C
:10A6700001EBE03040E02068A18800880844ADF894
:10A68000040020684088401EADF80600E0885A307B
:10A6900000B212F0B5FAB4F90410B4F90E20891A18
:10A6A00048432168098801EBE030ADF80000B4F9B7
:10A6B000060012F0A5FAA18810FB01F021683246CD
:10A6C000498801EBE030ADF8020069460846F8F72A
:10A6D00001F930B1A0696A4685602169A06907F077
:10A6E0008BFFA089032856D120680088ADF80000B0
:10A6F0002068A1884088401AADF8020020895A30AD
:10A7000000B212F07DFAA18810FB01F021680988DF
:10A7100001EBE030ADF80400B4F9080012F070FA73
:10A7200003E016E010E013E00FE0B4F90410B4F910
:10A730000E20891A484321683246498801EBE030EF
:10A74000ADF8060069461BE018B1012801D022E0EF
:10A7500008BB206832460088ADF800002068A18858
:10A760004088401AADF802002068A188008808449B
:10A77000ADF80400206829464088401EADF8060068
:10A780000846F8F7A7F830B1A0696A4685602169E4
:10A79000A06907F031FFA06986607CBD70B5A4B0E8
:10A7A0000C46054620AA22A90DF066FA22A805F05B
:10A7B00063F920B920A805F05FF900283ED012A95E
:10A7C000284614F0D9FB012838D1214668460CF000
:10A7D00039FE1B4801900220029012A804904FF409
:10A7E00080300D9022A805F047F980B122A803908F
:10A7F0006A461A21284609F05FFA22AA12A92046C1
:10A8000007F0FAFE6A461B21284609F055FA20A8EF
:10A8100005F032F9002811D020AE6A461A212846E8
:10A82000039609F049FA20AA12A92046039607F0D8
:10A83000E3FE6A461B21284609F03EFA24B070BDAB
:10A84000905F02082DE9F74FB1F92E00AAB0144627
:10A850000E46002872D096F8361002296ED90128CB
:10A8600008D1B6F93400002804DC308E10B9708E9F
:10A870000028EFD02088318E4218B08E151AADF81E
:10A880002850A28811440B18ADF82C306088718EC6
:10A890000844B18E421AADF82A20E088718E08442F
:10A8A000B18E0144ADF82E10B6F92E0000EBD07039
:10A8B000A5EB60056D1EADF84C50012505EB600061
:10A8C0001844ADF85000B6F92E0000EBD070A2EBA2
:10A8D0006000401EADF84E00B6F92E0000EBD070BF
:10A8E00005EB60000844ADF8520096F83600299058
:10A8F000FD2801D9FF2029902A9813A9826827A84A
:10A90000F7F7E8FF0028A5D021461DA805F063F859
:10A910004FF0FF38414642461DA805F0D9F8B6F978
:10A9200000901DA805F0BCF804461DA805F092F89B
:10A9300084421DA803DA05F0B3F802E0FEE305F057
:10A9400089F8B9EB600F01DD4FEA6009B6F9004004
:10A950000AA805F0A5F805460AA805F07BF8854287
:10A960000AA802DA05F09CF801E005F073F8B4EBF0
:10A97000600F00DD4410B6F92E00051905FB05F047
:10A9800040000BF06BFC10900146B6F92E202346D8
:10A990000AA814F01DFC13A807F006FB012720B934
:10A9A000F078FF2801D3B07860B1002701234A4630
:10A9B0001DA920A807F064FD002120A807F014F9C4
:10A9C000269001E0CDF8988013A805F069F80BF007
:10A9D00045FC83461C2115A80BF0E8FDCDF854D0AA
:10A9E000CDF860B0CDF868D0B08DADF85C0096F8C9
:10A9F00036008DF86C00B0788DF86D00BDF8500011
:10AA0000BDF84C20ADF80400811A491C09B201EBD5
:10AA1000D17102EB61010FFA81FABDF85220BDF845
:10AA20004E10401B521A521C12B202EBD27201EBB2
:10AA30006202401C14B200B26A1EADF80000ADF80C
:10AA40000210114409B20992ADF806105246504561
:10AA500000DC1046ADF80000A14200DB21462A9838
:10AA6000ADF806106946826806A8F7F733FFD0B341
:10AA70004A461DA906A8F7F755FFA0BBBDF81C0064
:10AA8000BDF91810BDF91A20401A401C00B20890F8
:10AA9000BDF94E301098D21A02FB0500BDF95020C6
:10AAA000521B891A0844401E059047B14A461DA909
:10AAB00006A8F7F7A7FF10B101200F9000E00F974D
:10AAC0000898002827DDBDF81800ADF80000BDF893
:10AAD0001C00ADF804000220CDF860B08DF86400D1
:10AAE000BDF91A8013E016E0ADF802800F98ADF8BA
:10AAF000068070B30598189015A92A9807F07CFF76
:10AB000005982844059008F101000FFA80F8BDF976
:10AB10001E104145E8DABDF85000ADF80400401BB6
:10AB2000401C00B2ADF80000BDF85220ADF8062080
:10AB3000511B491C09B2ADF802105246504500DCC9
:10AB40001046ADF80000601C1190814216DD0846E9
:10AB500015E0FFE72A46584605990BF049FCBDF978
:10AB6000181042465846089B07F0E0F98DF864003B
:10AB70000128C1D102208DF86400BDE7601CADF84A
:10AB800002002A986946826806A8F7F7A3FED0B3A8
:10AB90004A461DA906A8F7F7C5FEA0BBBDF81C00D4
:10ABA000BDF91810BDF90620401A401C00B20890EB
:10ABB000BDF91E301098D21A02FB0500BDF95020D5
:10ABC000521B891A0844401E059047B14A461DA9E8
:10ABD00006A8F7F717FF10B101200F9000E00F97BC
:10ABE0000898002827DDBDF81800ADF80000BDF872
:10ABF0001C00ADF804000220CDF860B08DF86400B0
:10AC0000BDF91E8013E016E0ADF802800F98ADF894
:10AC10000680B0B30598189015A92A9807F0ECFEA5
:10AC2000059828440590A8F101000FFA80F8BDF9B5
:10AC30001A104145E8DDBDF84C0009992844ADF8EB
:10AC40000000BDF85000401BADF80400BDF84E00F8
:10AC5000ADF80200084400B2ADF80600A04200DBE7
:10AC60002046ADF806002A986946826806A8F7F7DC
:10AC700031FEB0B34A461DA906A8F7F753FEA8B1A6
:10AC80007CE0FFE72A46584605990BF0B1FBBDF979
:10AC9000181042465846089B07F048F98DF86400A2
:10ACA0000128B9D102208DF86400B5E7BDF81C0079
:10ACB000BDF81810BDF90220401A401C00B20890DF
:10ACC000BDF91A101098891A01FB050005904FB1C3
:10ACD0004A461DA906A8F7F795FE18B101200F9066
:10ACE00001E04BE00F970898002847DD0F9860B10E
:10ACF00000201890BDF81800ADF80000BDF81C0049
:10AD0000ADF80400BDF91A0033E0CDF860B0F1E70A
:10AD1000ADF802800F98ADF8068060B12998FF2841
:10AD20000598007804D096F8361010FB01F0000A60
:10AD30008DF86C0013E00598089A017858460BF0DE
:10AD400003FCBDF9181042465846089B07F0EEF880
:10AD50008DF86400012802D102208DF8640015A945
:10AD60002A9807F049FE05982844059008F101004B
:10AD700000B2BDF91E1080464145C9DA96F836008A
:10AD80008DF86C00BDF84C002844ADF80000BDF80B
:10AD90005000BDF85210401BADF80400481B401C89
:10ADA000ADF8061000B21199ADF80200884200DC3F
:10ADB000601CADF802002A986946826806A8F7F779
:10ADC00089FD78B34A461DA906A8F7F7ABFD48BB35
:10ADD000BDF81C00BDF81810BDF91E20401A401C1B
:10ADE00000B20890BDF906101098891A01FB050001
:10ADF00005900898002851DD3FB14A461DA906A8D4
:10AE0000F7F700FE0020189001E0CDF860B0BDF823
:10AE10001800ADF80000BDF81C00ADF80400BDF945
:10AE20001E0036E03AE000BFADF80280ADF80680C3
:10AE30008FB14A461DA906A8F7F7E4FD2998FF2817
:10AE40000598007804D096F8361010FB01F0000A3F
:10AE50008DF86C0013E00598089A017858460BF0BD
:10AE600073FBBDF9181042465846089B07F05EF880
:10AE70008DF86400012802D102208DF8640015A924
:10AE80002A9807F0B9FD059828440590A8F101001B
:10AE900000B2BDF91A1080464145C5DD96F836006E
:10AEA0008DF86C00BDF85000ADF80400411BBDF8F2
:10AEB0004E00491C0AB22844ADF8002000B2ADF89B
:10AEC0000200BDF85210119B491B09B2ADF80610E3
:10AED000984200DB601CADF80200A14200DC214674
:10AEE000ADF806105046524500DC02462A98ADF8EF
:10AEF00000206946826806A8F7F7ECFCB8B34A461A
:10AF00004E461DA906A8F7F70DFD80BBBDF81C0035
:10AF1000BDF91810099A401A401C00B20890109808
:10AF200002FB0500BDF95020521B891A0844401E3F
:10AF30000590EFB132461DA906A8F7F763FD10B1E1
:10AF40004FF0010800E0B8460598189008980028CE
:10AF500036DDBDF81800ADF80000BDF81C00ADF8F6
:10AF6000040002208DF86400BDF91A6024E027E097
:10AF7000B8465846E9E700BFADF80260ADF8066094
:10AF8000B8F1000F12D15846089A05990BF030FA23
:10AF9000BDF9181032465846089B06F0C7FF8DF8D9
:10AFA0006400012802D102208DF8640015A92A98B6
:10AFB00007F022FD761C36B2BDF91E00B042DBDA86
:10AFC0000022109817E000BF00EB050EAEF1010162
:10AFD000002305EBD57608E090F800C091F80080DA
:10AFE00000F8018B01F801C95B1CB3EB660FF3DBC2
:10AFF000521C704612B2AA42E6DBBDF84C00099919
:10B00000ADF80000084401B2BDF84E00119B284481
:10B0100000B2ADF80200BDF85220ADF80410521B8A
:10B0200012B2ADF80620984200DB601CADF80200B9
:10B03000A24200DC2246AAF10100ADF806200C90E5
:10B04000814200DB01462A98ADF804106946826807
:10B0500006A8F7F73FFCA8B34A464E461DA906A826
:10B06000F7F760FC70BBBDF81C00BDF91810099A19
:10B07000401A401C00B20890109802FB0500BDF970
:10B080000020891A08440590EFB132461DA906A890
:10B09000F7F7B8FC10B14FF0010800E0B84605988A
:10B0A00018900898002835DDBDF81800ADF80000AC
:10B0B000BDF81C00ADF8040002208DF86400BDF955
:10B0C0001A6023E026E0B8465846E9E7ADF802608A
:10B0D000ADF80660B8F1000F12D15846089A0599EC
:10B0E0000BF086F9BDF9181032465846089B06F059
:10B0F0001DFF8DF86400012802D102208DF8640044
:10B1000015A92A9807F078FC761C36B2BDF91E0006
:10B11000B042DBDABDF84C000999ADF800000844F4
:10B12000BDF84E10099AADF80210114400B2ADF806
:10B13000040009B2ADF806100C9A00E05AE1904202
:10B1400001DBAAF10100ADF80400A14200DB2146B9
:10B150002A98ADF806106946826806A8F7F7BAFB88
:10B16000C0B34A461DA906A8F7F7DCFB90BBBDF8A3
:10B170001C00BDF91810BDF91A20401A401C00B27D
:10B180000890BDF902301098D21A02FB0500BDF9F3
:10B190000020891A01EB000847B14A461DA906A8FC
:10B1A000F7F730FC10B101200F9000E00F970898DE
:10B1B000CDF860B0002822DDBDF81800ADF8000021
:10B1C000BDF81C00ADF8040002208DF86400BDF944
:10B1D0001A6010E013E000BFADF802600F98ADF800
:10B1E0000660C8B3CDF8608015A92A9807F004FC62
:10B1F000761CA84436B2BDF91E00B042ECDABDF8A8
:10B200004C00ADF800000999BDF85220084401B285
:10B21000501BADF80410401CADF8062000B2119A86
:10B22000ADF80200904200DC601CADF802000C9802
:10B23000814201DBAAF101012A98ADF804106946A8
:10B24000826806A8F7F746FBC8B34A461DA906A8B8
:10B25000F7F768FBA8B15AE0FFE72A46414658468F
:10B260000BF0C6F8BDF9181032465846089B06F098
:10B270005DFE8DF864000128B6D102208DF86400CF
:10B28000B2E7BDF81C00BDF91810BDF90620401A40
:10B29000401C0FFA80FABDF91E301098D21A02FB3A
:10B2A0000500BDF90020891A0E184FB14A461DA9A4
:10B2B00006A8F7F7A7FB18B14FF0010801E026E058
:10B2C000B846CDF860B0BAF1000F20DDBDF8180027
:10B2D000ADF80000BDF81C00ADF8040002208DF8A8
:10B2E0006400BDF91E400EE0ADF80240ADF8064026
:10B2F000B8F1000F2FD0189615A92A9807F07CFBFB
:10B30000641E2E4424B2BDF91A00A042ECDDBDF843
:10B310004C0069462844ADF80000BDF85000401BC1
:10B32000ADF80400BDF84E00CDF860B02844ADF88B
:10B330000200BDF85200401BADF806002A98826852
:10B3400006A8F7F7C7FAE8B34A461DA906A8F7F713
:10B35000E9FAA0B141E02A46314658460BF048F8D8
:10B36000BDF9181053462246584606F0DFFD8DF809
:10B3700064000128C0D102208DF86400BCE7BDF94B
:10B380001C10BDF918000A1A521C15B2002D24DD3C
:10B39000ADF80410ADF80000BDF91A4019E000BF87
:10B3A000ADF80240ADF80640294658460BF02CF99E
:10B3B000BDF918102B462246584606F0B7FD8DF809
:10B3C000640000E009E015A92A9807F015FB641C49
:10B3D00024B2BDF91E00A042E2DA2FB920A806F07F
:10B3E000C7FD269807F0F8F810980AF083FF584632
:10B3F0000AF080FF2DB0BDE8F08F00002DE9F74F77
:10B40000D8B0589849909088B2F90030D4885188C3
:10B41000C01A401C611A00B2491C09B200EBD0707E
:10B42000401001EBD171B0EB610F00DB48102890A8
:10B430001844ADF80C00518828980844ADF80E0067
:10B4400025A806F0B1FB4FF4C02425AA2146589840
:10B450000DF0FEFB9DF89D0040F010008DF89D0062
:10B460000BA806F069FB0BAA214658980DF0A1FB2A
:10B4700013A859990BF0E6FFE948149003201590A2
:10B4800025A819904998209424300590F8F782FB5C
:10B49000BFE12494A08B2899BDF80C20084406B283
:10B4A000A189A088711A301A0FFA81FB111AADF820
:10B4B0002811BDF80E1002440B1AADF82C210844D7
:10B4C000ADF82A31ADF82E0147F6FF7501232A4663
:10B4D0004AA943A806F0D4FFBDF80C200123A2EB33
:10B4E0000B00ADF83001BDF80E00A0EB0B01ADF87C
:10B4F0003211ABF101010A44ADF834210844ADF832
:10B5000036012A464CA932A806F0BAFFBDF80C1045
:10B510000023881BADF83801BDF80E20901BADF854
:10B520003A01701E0144ADF83C111044ADF83E01E3
:10B530002A464EA92AA806F0A3FF00212AA806F051
:10B5400053FB4190608908B1401E01E04FF6FF7047
:10B550008046002749E100BF608908F101084FF0EB
:10B56000000A404502D1D0464FF0010AA069009080
:10B57000628800213846521E63690AF031FE814616
:10B580002390BAF1000F04D0A06839903090E08980
:10B5900003E0206839903090E08800B25290029029
:10B5A000499830300890F8F7F5FA43E028790228F6
:10B5B0003CD1A968494539DCEA684A4536DB2B8A23
:10B5C0000298184400B20290688AAB8A984203D16C
:10B5D000688AADF8E40029E0A87D4FF00003C007B9
:10B5E0004FF0FF000090484601D1D4E905120AF05F
:10B5F000F7FDC0B2698A001DB5F814C0C308ADF8E4
:10B60000241088B240EA0041864A1FFA8CF040EAD2
:10B61000004011401040401A584301EB50101040B8
:10B6200040EA1040ADF8000080B2399029460898F1
:10B63000F8F7ADFA0500B9D1E08B784301026088D4
:10B64000401E91FBF0F108123A90401CC9B20990DB
:10B650000091218C3A98084400B211F0D1FA0546C5
:10B66000218C0998084400B211F0CAFA0099C1F57A
:10B670008072079212FB05F210FB01200512218C4B
:10B680003A98084400B211F0B7FA0890218C099852
:10B69000084400B211F0B0FADDE9072112FB01F213
:10B6A000009910FB01200212BDF8E400ADF89400EF
:10B6B0000298ADF89600409230444243BDF80C1019
:10B6C0007F3201EBE231ADF8C4106843BDF80E10D3
:10B6D0007F3001EBE030ADF8C60003A821971C9045
:10B6E0000BA81890BAF1000F5BD0419806F074FFD8
:10B6F000B4F910104098ABEB01014843BDF80C20A1
:10B700007F3002EBE03040904D43BDF80E007F35B6
:10B7100000EBE53A20220BA938A80AF069FE38A808
:10B7200018904B4640A2102154A80FF05DFF54A87A
:10B730001E9013AA1A21589808F0BEFABDF93E00CF
:10B74000002541F6FF718DE82300BDF9403053A874
:10B750000B9A1E9911F018FBBDF94C11409801EBA2
:10B76000D172A0EB6202BDF94E01114400EBD07C16
:10B77000AAEB6C03ADF81C20ADF820101844ADF80E
:10B780001E30ADF82200009507AA1E9B1899599803
:10B7900005F036FF00212AA806F026FA419032A8CB
:10B7A00008E0002018901E9013AA1A21589808F05B
:10B7B00083FA43A8002106F017FA054603AB31AA25
:10B7C00025A9599806F0E3F9284606F005FF13AAC3
:10B7D0001621589808F070FABDF8C000ADF8940032
:10B7E00052987F1CADF89600FFB26088B8423FF6D1
:10B7F000B3AE43A806F0BCFB32A806F0B9FB2AA8FA
:10B8000006F0B6FB419806F0E7FE21460598F8F7EA
:10B81000BEF904007FF43DAE5BB0BDE8F08F0000E0
:10B82000606102081FF8E007256400002DE9FF5F52
:10B830000C46934680462021DDF838A00DF0E9F84B
:10B84000002878D0BAF1030F40461DD00CF0F7F96C
:10B85000814609F015FC002705463E46BAF1030F64
:10B860003946404613D00CF036FF82460021404650
:10B870000CF043FE4946B9F1010F5DD0022963D0B7
:10B88000B9F1030F66D13BE00CF0D2F9E0E70CF020
:10B8900088FE8246002140460CF0C9FE4946B9F1B7
:10B8A000010F1ED0022924D0B9F1030F52D1B8F8EC
:10B8B0001820B8F81410521A521C13B2A3EB0A0243
:10B8C000101A00EBD0720AEB6200084407B2298B11
:10B8D000A88A091A491C09B201EBD17100EB610079
:10B8E00027E0B8F81410B5F9146001EB0A0007B2AC
:10B8F00030E0B8F81810B5F91860081A07B229E056
:10B90000B8F81A20B8F81610521A521C13B2A3EB4A
:10B910000A02101A00EBD0720AEB6200084407B268
:10B92000688BE98A401A401C00B200EBD07001EB32
:10B93000600006B20EE02FE0B8F81610B5F91660F8
:10B9400001EB0A0007B205E0B8F81A10B5F91A6061
:10B95000081A07B2A01E039900B2002910DAB9F143
:10B96000000F15D0BE4221DC12E0002C01DDA41C2A
:10B9700024B2E01704EB9070801004B0BDE8F09F93
:10B98000BBF1000F12DAB9F1000F01D0BE420DDB9E
:10B99000002CEADA0446E8E70398E04202D503986F
:10B9A000404204B2BBEB040000D55C462046E4E70D
:10B9B00070B5044609F050FB48B1006882680AB1CE
:10B9C000217A9047207E810743D4C0077CD101268D
:10B9D000002160680BF0B4FF00251AE0016899B1FE
:10B9E000017ACA0910D0802904D0227A21F080017E
:10B9F000914209D14168E160016820468847207E74
:10BA0000810726D4C0075FD16D1C294660680BF002
:10BA100097FF08B1002EE1D1214600200BF0BDFEBA
:10BA2000050053D0002160680BF08AFF002619E062
:10BA3000016891B1017A0A060FD411B1227A9142BC
:10BA40000BD14168E160016820468847207E81076C
:10BA500001D5012070BDC00736D1761C3146606823
:10BA60000BF06EFF10B1012DE2D02FE0012D2DD192
:10BA70006068416851B3217E490727D4217A232980
:10BA800019D0242917D0A9030CF0C3FFF0B1207AF4
:10BA900011381C280FD2DFE800F0191919191919EB
:10BAA00019191919190E0E190E0E191919190E0E48
:10BAB0000E0E19190E196068406860602046FFF785
:10BAC00077FF0546012801D0002070BD284670BDD3
:10BAD0002DE9FF4F8A880B8889B0D21A521C17B201
:10BAE000CA8849880446511ADDE916B8491C1998D4
:10BAF0000FFA81F9012813D0022813D0032843D16B
:10BB0000434E00BF5FEA08000ED000200690208858
:10BB1000ADF8140098F80000FD2838D35A4639E0F3
:10BB20003C4EEFE73C4EEDE72088ADF80000ADF865
:10BB300008005A4600990C98B0470590002020E074
:10BB4000002517E0BDF8080034F8151088420BD026
:10BB500004EB45005A460088ADF81400ADF8080023
:10BB600005990C98B047059004EB4500BDF81410FA
:10BB700001806D1CBD42E5DB0B9804EB400408F12D
:10BB8000010080464845DBDB0DB0BDE8F08F00FBCF
:10BB90000BF0020A05990C98B0470890002033E09A
:10BBA000002528E018F8050020B30699884205D141
:10BBB000BDF8141034F81520914216D0FD2801D399
:10BBC0005A4602E000FB0BF0020A04EB4500008835
:10BBD000ADF8180006990C98B047089018F80500C1
:10BBE000069034F81500ADF8140004EB4500BDF8DC
:10BBF000201001806D1CBD42D4DB0B98189904EB1A
:10BC0000400488440AF1010082464845C8DBBBE78E
:10BC1000DF6400086B640008456500082DE9FF4FEC
:10BC200083B00F46DDE910860446F8F703FAB888BA
:10BC30003988401A401C05B2F8887988401A401C9F
:10BC40000FFA80F976B1BDF81800B8F1FD0F00EBDE
:10BC5000004000907DD3A5F104084FF0000BBDF823
:10BC600018A034E1B8F1FD0F0FD3002608E02A46F2
:10BC70002046069904F0F8FE0598761C04EB400473
:10BC80004E45F4DB07B0BDE8F08FBDF80010002092
:10BC900060F3040189B260F34A1189B260F3CF21E5
:10BCA000ADF8001088B20090BDF800000090014689
:10BCB0004246069804F0F2FF01900699404689B288
:10BCC000CA0A424362F30F06C1F3451201F01F0195
:10BCD00001FB08F102FB08F261F30F0762F31F4654
:10BCE000BA46C8F1FF01002250E0002048E000BF42
:10BCF000BDF8003034F81070BB423BD004EB400379
:10BD0000B7B21B88ADF80030ADF808309BB24FEAEF
:10BD1000D32C0CFB0177803707EBC71C0CEBC73724
:10BD2000BDF80480C7F3C45767F3CF28C3F3451C9D
:10BD3000370C0CFB0177803707EBC71C0CEBC737C0
:10BD4000C7F3C55767F34A181FFA8AF703F01F03B2
:10BD500000E0C3E003FB0173803303EBC31707EB81
:10BD6000C333C3F3C45363F30408ADF804801FFA6C
:10BD700088F3019304EB4003BDF804701F80401C5E
:10BD8000A842B5DB0598521C04EB40044A45ACDBE5
:10BD900078E7002710E03278FF2A12D02088ADF82B
:10BDA00004000199069804F079FF0190BDF80400A1
:10BDB0002080A41C761C7F1CAF425DDAB007EAD15C
:10BDC0005AE0A4F800A0F4E73068411C43D0E8B37F
:10BDD0003278FF2A53D02088ADF8040001990698E4
:10BDE00004F05CFF0190BDF80400208016F8012FDC
:10BDF000A41CFF2A46D02088ADF8040001990698BB
:10BE000004F04CFF0190BDF80400208016F8012FCB
:10BE1000A41CFF2A39D02088ADF8040001990698A7
:10BE200004F03CFF0190BDF80400208016F8012FBB
:10BE3000A41CFF2A2CD02088ADF804000199069894
:10BE400004F02CFF0190BDF8040000E011E0208018
:10BE5000A41C761C0FE0A00707D0A4F800A00220C5
:10BE600000990151A4F806A003E000982060009812
:10BE700060600834361D3F1D4745A5DD1CE0A4F871
:10BE800000A0B3E7A4F800A0C0E7A4F800A0CDE7A5
:10BE9000A4F800A0DCE73278FF2A1CD02088ADF897
:10BEA00004000199069804F0F9FE0190BDF8040021
:10BEB0002080A41C761C7F1CAF42ECDB05980BF1A4
:10BEC000010B401B04EB40041298401B0644CB4579
:10BED000FFF65FAFD6E6A4F800A0EAE700222188CB
:10BEE000ADF800109346104633E0002727E0307885
:10BEF00018B3904205D0FF282FD000FB08F31B0A8F
:10BF00009B46904203D134F81700814210D0BBF118
:10BF1000FF0F24D004EB47005A460088ADF800001C
:10BF20000099069804F0BAFE0090327834F81710A1
:10BF300004EB4700BDF800300380761C7F1CAF4245
:10BF4000D5DB059804EB40041298401B06440AF127
:10BF5000010082464845C8DB94E64346D0E7069890
:10BF6000E2E700002DE9FF4F83B00C46DDF8448086
:10BF7000F8F760F8BDF818A08146B8F1000F0CD0B2
:10BF8000A0882188401A401C07B2E0886188401AC6
:10BF9000401C0FFA80FB002641E0B4F9026017E074
:10BFA000B4F900500FFA86F80DE010980290ADF841
:10BFB00004A0CDF80080D9F800002BB2059AC7691B
:10BFC0000399B8476D1CB4F90400A842EDDA761C59
:10BFD000B4F90600B042E3DA07B0BDE8F08F0025FF
:10BFE00018E000BF18F8050098B11099ADF804A04A
:10BFF0004843000A029060880399304400B20090E0
:10C000002088059A284403B2D9F80000D0F81CC053
:10C01000E0476D1CBD42E5DB1298761C80445E450E
:10C02000DDDBD9E700680968884201D1012070474B
:10C030000020704740680A6820F04040904200D2DB
:10C040000860002070472DE9F04F002787B00446B4
:10C05000BA4609F001F800680025B4F9141090F808
:10C060001890266AA846002900DC4942B4F9160057
:10C07000002800DC4042814201DD0125ADE04FF0A7
:10C080000108AAE0102130460CF0C3FC00287ED045
:10C09000CDE90058AB46CDF8088030460BF002FDE4
:10C0A000C10700D18B46810701D4002100914107CF
:10C0B00001D400210291000701D4002001903046F4
:10C0C0000BF0C4FD059030460BF09AFC049030460E
:10C0D0000BF0F0FC039030460BF04CFD0599002965
:10C0E00002DC0499002910DD029919B1B4F9162077
:10C0F0004A4507DA019941B1B4F91620C9F10001A6
:10C100008A4202DC37464FF00C0A0399002901DC11
:10C11000002811DDBBF1000F03D0B4F914204A450B
:10C1200007DA009941B1B4F91420C9F100018A423B
:10C1300002DC37464FF0030A0599002901DC002193
:10C1400002910499002901DC002101910399002941
:10C1500001DC4FF0000B002801DC00200090BBF157
:10C16000000F03D0B4F91410494517DA009828B12C
:10C17000B4F91410C9F1000081420FDD029818B122
:10C18000B4F91610494509DA019800B100E010E051
:10C19000B4F91610C9F1000081420ADC0DB1032088
:10C1A00000E00C2094F83C1060F3030184F83C108C
:10C1B00016E04FF4807130460CF02BFC35EA00009D
:10C1C0000ED14FF4007130460CF023FC38EA000029
:10C1D00006D130460BF008FC0646002E7FF452AF25
:10C1E0004FB194F83C1000206AF3030184F83C102E
:10C1F000A762A082E08207B03846BDE8F08F000059
:10C200002DE9FF4F83B08B4682460BF011FD0600EF
:10C2100012D041F6FF784446002150460CF0C1F997
:10C220000090002150460CF002FA019050460BF0AD
:10C23000DCFA074600255FE0002007B0BDE8F08F7C
:10C24000DAF808003149006850F8250081460CF002
:10C25000E7FBE8BB4FF4805148460CF0DAFBB8B37B
:10C26000012E04D0022E08D0032E44D11AE0B9F9D1
:10C270001400BAF81420009932E0BAF81820019995
:10C28000B9F91800511A069A09B2104400B258457B
:10C2900031DB059A90422EDC401A00B2002821DDE5
:10C2A000014620E0B9F81820B9F81410BAF818308F
:10C2B000501A401C00B200EBD070BAF8142001EB09
:10C2C0006000991A491C0BB2009900B25B1A00E099
:10C2D00011E00199591A01EBD173009901EB630147
:10C2E0001144D0E74142002C01DD224600E06242C9
:10C2F000914200DA04466D1CBD42A1D3444501D1F0
:10C30000002000E0604200B297E700000100040056
:10C310002DE9FF4F83B08B4682460BF090FC060060
:10C3200012D041F6FF784446002150460CF0D3F974
:10C330000090002150460CF0E0F8019050460BF0C0
:10C3400054FA074600255FE0002007B0BDE8F08FF3
:10C35000DAF808003149006850F8250081460CF0F1
:10C360005FFBE8BB4FF4805148460CF052FBB8B37A
:10C37000012E04D0022E08D0032E44D11AE0B9F9C0
:10C380001600BAF81620009932E0BAF81A2001997E
:10C39000B9F91A00511A069A09B2104400B2584568
:10C3A00031DB059A90422EDC401A00B2002821DDD4
:10C3B000014620E0B9F81A20B9F81610BAF81A3078
:10C3C000501A401C00B200EBD070BAF8162001EBF6
:10C3D0006000991A491C0BB2009900B25B1A00E088
:10C3E00011E00199591A01EBD173009901EB630136
:10C3F0001144D0E74142002C01DD224600E06242B8
:10C40000914200DA04466D1CBD42A1D3444501D1DE
:10C41000002000E0604200B297E700000100040045
:10C420002DE9FF4F83B00E46DDE910B41746002119
:10C4300003980CF09EFA0546002103980CF009F8C9
:10C440000146F07882070BD5C30742F2D17202D0C1
:10C45000954202D006E0914206D120F00200F07031
:10C46000C00701D07D4800E07D488146F078C007D4
:10C4700012D07B484FF0000AA4F802A0A4F804A050
:10C48000C4F810A0A4F800A0C4F808A0C4F80CA038
:10C49000804639460197ADE07048EBE70198B84215
:10C4A00006D04FF4000128460CF0B3FA002873D1EF
:10C4B0006C4928460CF0B4FA00286ED100212846B9
:10C4C0000BF0B6FF029070B32069401C2061A28877
:10C4D00002EB0B01A180217DC90771D000EB800028
:10C4E000800009F0BBFE0090F0B1E16851B1206915
:10C4F000401E00EB80008200009809F079FFE068A0
:10C5000009F0F8FE206900EB8001009800EB810043
:10C510004FF0000140F8145CF078C007284604D0C2
:10C5200041F2020203E039E0FEE741F205020CF0BD
:10C530001FF9216900B201EB8102009901EB820130
:10C5400021F8100CF0784FF00001C007284602D007
:10C5500041F2030201E041F206020CF009F92169FF
:10C5600000B201EB8102009901EB820121F80E0C6F
:10C570002069029900EB8002009800EB820040F8ED
:10C58000081C206900EB8002009800EB820040F854
:10C5900004AC0098E06013E032E020E02846494611
:10C5A00088470146F078800705D5B4F904004218A1
:10C5B0000698824224DCA28801EB0B001044A08084
:10C5C0002846414688470146B4F90000814202DD11
:10C5D0002846414688472080A068401CA060F0782B
:10C5E000400702D54FF0FF3000E0012001994118CB
:10C5F000019105D403980BF0E6F8051E7FF44EAFC9
:10C60000B4F90400002802DDA0EB0B00A080206933
:10C6100008B1069801E0B4F904006080CDB101983A
:10C62000B84216D1039901AA8968096851F82050C7
:10C63000F078C0F38001039800F0CEFD4DB128469C
:10C640004146884720802846494688476080012027
:10C65000A060019807B0BDE8F08F0000B98901081B
:10C6600067790108010006002DE9F04FB24D93B043
:10C67000044600212A880CF07BF89DF81710421C14
:10C6800062F30001820862F34101C00860F3820195
:10C690008DF81710204600216A880CF069F88DF893
:10C6A000140020460021AA880CF062F88DF81500CD
:10C6B00020460021EA880CF05BF88DF81600002176
:10C6C00020460BF055FE012800D0002081469DF841
:10C6D00017004FF00001C00720460CD00BF0E6FF1A
:10C6E00082469DF817004FF00001C007204605D094
:10C6F0000BF042FF04E00BF03FFFF1E70BF0D6FF39
:10C7000007909DF81700C007204602D00BF0D9F81B
:10C7100001E00BF0BCF806902046002141F2320205
:10C720000CF026F805462046002141F610020CF0D8
:10C730001FF8E18A2844461820460BF095FA301A73
:10C74000ADF820002046002141F612020CF010F84E
:10C75000A18A2844451820460BF07FFA281AADF824
:10C7600040009DF817009DF81660C00701D008AD85
:10C7700000E010AD002120460CF0FBF811900021E4
:10C7800020460BF066FE83469DF81700C10708D0CF
:10C79000ABF51C52D13A02D1618C890509D5C1078C
:10C7A00008D1119AA2F51C51D13903D1618C4905E8
:10C7B00000D40026B9F1000F08D0C00706D116B189
:10C7C000012E02D002E0012600E000260027ADF88D
:10C7D0003C70B8468EB39DF81700400703D5A0689B
:10C7E0004268521E15E0002213E000200E9009A9B5
:10C7F0000798CDE9000105A92046069BFFF710FE2A
:10C800000246BDF8241007EB0A00084407B208F1FD
:10C810000108A0684068904201DD002AE5DAB8F11D
:10C82000000F02D0A7EB0A0007B29DF81700C0075F
:10C83000204603D00BF02BF802E00BE00BF041F8A0
:10C840000FA9CDE9005101460FFA88F33A46304668
:10C8500011F038F99DF81700410703D5A1684E681B
:10C86000761E00E00026B9F1000F04D0C00702D107
:10C8700028883844288009AFA0684068B04249DD64
:10C88000002E47DB01200E900798CDE900073246C5
:10C8900005A92046069BFFF7C3FD8046B9F1000FAE
:10C8A00008D09DF81700C00704D12888BDF82410CF
:10C8B000401A2880DDE90601BDF9202002AB019273
:10C8C00083E88300BDF9400000904346324605A945
:10C8D0002046F9F775FA46460C9809F00BFD002042
:10C8E0000C90B9F1000F03D09DF81700C0070AD0D3
:10C8F0002888BDF82410BDF83C20014402EB0A0052
:10C9000008442880B8E7BDF83C20298802EB0A00DB
:10C91000081AF6E7119942F2D170814201D083459D
:10C9200002D120460CF01DFE00222B21204607F0EC
:10C93000C3F913B0BDE8F08F140100202DE9F05FBA
:10C940000546007E92468B46C0076BD14FF001082A
:10C95000EC680026C1467CB9287EC0F3C000401EAA
:10C9600030425FD1B9F1000F5CD028465946884764
:10C970004FF000080446C1460EB9261E52D0B8F149
:10C98000000F06D021462846524690470446B04242
:10C9900048D04FF00108002CDED020680BF0B8FC26
:10C9A0000006D8D427683AE0012138460CF031F867
:10C9B00080B32FB1012138460CF02BF80028CAD1E2
:10C9C000E868A0422ED070B1284600F04FFA024627
:10C9D000E8680F21006807F06FF9012822D1E868A4
:10C9E00000680CF0E4FA2846EC6000F03FFA0246DA
:10C9F000E8680E21006807F05FF9012812D1E868A5
:10CA000000680CF0D4FA296900290BD02846BDE84B
:10CA1000F05F0847FFE738460AF0E6FF0746002FB9
:10CA2000C2D1CDE7BDE8F09F044AC1B251601168A0
:10CA3000C1F3C0110029FAD0704700000010014076
:10CA40002DE9F34F8FB0054669460AF054FF28469A
:10CA50000BF0B2FF0B9028460AF085FF0A900021E8
:10CA600028460BF0C1FD0790002128460BF002FE7E
:10CA70000746002128460BF051FE044600212846B7
:10CA80000BF05EFD8346002128460BF01DFE064696
:10CA9000002128460BF07EFD06F0010106EBD67260
:10CAA00001EB620100F0010200EBD07002EB6000CC
:10CAB000491C401C09B200B20D2900DB0D218A4639
:10CAC0000D2800DB0D2081460D2F00DB0D27B84619
:10CAD0000D2C00DB0D2426465846BBF10D0F01DA64
:10CAE000074600E00D2700246BE0A86A00EBC401B4
:10CAF00008A802F094FFBDF920000799884213DCD2
:10CB0000BDF900200D2900DB0D21511A00EB0100B9
:10CB1000ADF82000BDF92200B04233DCBDF90210AF
:10CB20000D2E07DA324606E0BDF80020A2EB09011F
:10CB30000844EDE70D22891A00EB01000B99ADF8CE
:10CB40002200BDF92400A1EB0801891E424688425B
:10CB50001EDBBDF90010B8F10D0F0144104600DBDB
:10CB60000D2008440A99ADF82400BDF92600C91B20
:10CB7000891E88421DDBBDF902100D2F08440DDA15
:10CB800039460CE0BDF80220A2EB0A010844D5E7C3
:10CB9000BDF80010014401EB0900E3E70D21084452
:10CBA000ADF82600002208A81099F5F77BFF58B9C8
:10CBB00005E0BDF80210014401EB0A00F0E7641C37
:10CBC000A4B2288EA04290D8288EA04201D14FF660
:10CBD000FF7411B02046BDE8F08F10F0070000D1BF
:10CBE00001207047B0F90C00032101EB400020F058
:10CBF0000300103070472DE9F05F89469346824666
:10CC000000210BF0E3FC0546002150460BF024FD0B
:10CC10008046002150460BF073FD0446002150462B
:10CC20000BF080FC064650460BF0C6FE411BA1EB04
:10CC3000080750460AF097FE001B801B87425046AB
:10CC400005DA0BF0B9FE411BA1EB080003E00AF086
:10CC50008AFE001B801B00EBD07040F34F00BAF837
:10CC6000141042191144A9F80010BAF8161002194C
:10CC70001144A9F80210BBF1000F01D0ABF800007D
:10CC8000BDE8F09F024A002112880BF071BD000040
:10CC900024010020034A10B5002112890BF068FD21
:10CCA000C0B210BD24010020034A10B500215289F2
:10CCB0000BF05EFDC0B210BD24010020032901D29B
:10CCC000012300E00023C01A03EB430301EB8301BF
:10CCD000891EC1EB41110C23B1FBF3F11144642215
:10CCE000B0FBF2F2014401EB9001891A4FF4C872D3
:10CCF000B0FBF2F008440721B0FBF1F201FB120097
:10CD0000C0B270472DE9FC470F0023D00569686960
:10CD100028B10168B94202D14068BDE8FC87698A40
:10CD200000224FF0040CC1F308040CE0AE6802EBE3
:10CD3000820356F823100CEB8303F35A791A8B42C3
:10CD40000AD2521C92B29442F0D818B107606969B5
:10CD5000002048600020E0E702EB82041222A8686D
:10CD600002EB84020026825C4FF00609022A0CD0F6
:10CD70004FF00C0A6AB1DFF8A8C008234FF0100882
:10CD8000032A0FD0012A26D043E009EB8402805AFF
:10CD900006E00AEB840209EB84038258C05A515C16
:10CDA000461836E0ADF8041008EB8401CDF800C059
:10CDB00003EB8408425A50F80810022301A8F7F741
:10CDC00079FA30B3A96851F80820801A09EB840277
:10CDD0004010895A1CE0ADF8041008EB8401CDF82E
:10CDE00000C003EB8408425A50F80810022301A83F
:10CDF000F7F760FA68B1A96809EB840351F80820D5
:10CE0000801A0AEB840240108A58C95A32F810007E
:10CE10000E18686910B107606869466030467CE7A3
:10CE2000191202082DE9F0410D46044600F0FDF804
:10CE3000071E19D0F88A00212D1A38460BF031FD53
:10CE40000689002138460BF04EFD00EBD07105EB52
:10CE50006101304409B200B291FBF0F0A18E80B2C2
:10CE6000814201D8491E88B2BDE8F0812DE9F04128
:10CE7000002607463546304610E000BF08F031F97D
:10CE8000216DB94209D1022802D0042803D003E061
:10CE90002046BDE8F08126462546204608F0E6F803
:10CEA0000400EBD10EB13046F3E70DB12846F0E7B0
:10CEB000BDE8F041002008F0D9B800007CB5036956
:10CEC000006900255B8AC4689E04A3682BD4980F70
:10CED00017D00120B0EB937F31D101EB02402668DF
:10CEE000019018480090A068042320F04042314689
:10CEF00001A8F7F7DFF910B3801B801061680D56A9
:10CF00001DE001EB02202668ADF804000E4823F076
:10CF1000404200900223314601A8F7F7CBF970B1E7
:10CF2000801B4010EAE76068405C995C38B131B121
:10CF3000637B2268401E10FB0320491E455628468D
:10CF40007CBD00008FEA0008A3EA00082DE9FC5F21
:10CF500088461F461446824605464FF400310BF0C2
:10CF6000F2F900EBD0704610A01B0FFA80F9A88EE2
:10CF7000AC8C10F0060F06D0C0F34100022804D09C
:10CF8000012845D004E0288D00E0E88C204484B2DC
:10CF900004F15A0000B20FF033FE10FB09F0C51384
:10CFA00020B20FF02DFE10FB09F0C4134FF44039EE
:10CFB000494650460BF00AFB8346494650460BF063
:10CFC0004BFB0190494650460BF09AFB00904946B6
:10CFD00050460BF0A7FAB8F8001030444A19A2EBFB
:10CFE0000B01891B3980B8F800104A1901993144A6
:10CFF0001144B980B8F802100A190099511A891B16
:10D000007980B8F8021021440844F880BDE8FC9FFC
:10D01000B5F93000B5F93210084400EBD070B5F91D
:10D020002E1040108142B0DBADE7406A002802D0EC
:10D0300000210AF0C8BB704700210AF0C4BB000001
:10D040002DE9F04105460F46698C00200426C1F306
:10D05000C503EA680FE000BF06EBC00414595FEA9D
:10D06000C41C07D524F07F44BC4203D152F83000E1
:10D07000BDE8F081401C8342EED84FF0806000EBA9
:10D0800071204FEAF0506884C0F3C500C10010461B
:10D0900009F086F9E860C0B3688CC0F3C504641E6B
:10D0A00016D06FF003025300E86802EBC401415848
:10D0B0005FEAC11C0CD489010AD403EBC40C00EB59
:10D0C000C4018444641EDCE9000CC1E9000CEBD10E
:10D0D000E868082100EBC40009F068FA082009F0AC
:10D0E00091F8E96841F834000EF0FDFAEA6806EBC1
:10D0F000C400115841F080711150EA6867F31701BC
:10D100001150E86850F83400B2E7FFE7FEE700008E
:10D110002DE9FC410068C068C068B0FBF1F494429E
:10D1200000DD1446154F78680068806920B3002040
:10D13000ADF80000ADF80400ADF8020025B2681E9D
:10D1400006B2ADF806607868694600688269904763
:10D15000BDF80600BDF80210401A401C00B2A04203
:10D1600002DD351EEBDC01E0002D02DC0020BDE815
:10D17000FC81BDF90640641C2046F8E7F000002061
:10D18000491E01D5401E0C310C2901DB401C0C3915
:10D1900001290DD0072091FBF0F200FB121000EBEB
:10D1A000D07121F00101401AC0F11F00C0B27047D8
:10D1B00081070CD16421B0FBF1F201FB120149B9E6
:10D1C0004FF4C871B0FBF1F201FB120010B1002066
:10D1D0001C30EBE70120FBE7136821B15B1E1360F5
:10D1E0000BD4806805E05B1C1360806841688B424B
:10D1F00003DA006850F823007047002070472DE9DB
:10D20000F84315460E46044607F026FF07F069FF6F
:10D2100001280AD0032808D04FF6FF7005B12880F6
:10D2200006B130800020BDE8F88307F015FF69469D
:10D2300007F02CFF4FF0000875B320460AF00DFDF3
:10D24000BDF80010084407B2002120460BF0A5F8F5
:10D2500001280CD0A08A00213F1A20460BF0D9F9F2
:10D26000381A02B24046A5F80080002110E00021E3
:10D2700020460BF014FA218B081AC01BF1E7236B30
:10D2800033F81030194409B28A4205DB401C28806B
:10D29000A38C80B29842F2D3FEB120460AF0E4FC9F
:10D2A000BDF802100844E18A451A002120460BF01F
:10D2B00051FA281A02B24046A6F80080002108E080
:10D2C000E36A33F81030194409B28A4205DB401C86
:10D2D0003080E38C80B29842F2D30120A3E72DE99D
:10D2E000FF4F83B005461F460598F6F7B9FE0121AA
:10D2F0008140B5F8208001F0FF096FEA080080B294
:10D30000019095F822004FF0FF36C0F3800B002407
:10D310004FF0040A22E0E96801EBC4004268920180
:10D3200049D5BBF1000F18D10AEBC4028958049A01
:10D33000C1F30741090491420FD10068817911EAD4
:10D34000090F0AD06A4605990EF09CF928B1009899
:10D350003860012007B0BDE8F08F641C688CC0F312
:10D36000C500A042D7D826E0E8680AEBC40200EB6B
:10D37000C4018058C0F307421FFA80FB04981204CE
:10D38000824217D10868817911EA090F12D0019AF7
:10D390001BEA020F0ED1B3450CDD6A4605990EF06B
:10D3A00071F938B15846C345D1D05E4502DA064618
:10D3B00000983860641C688CC0F3C500A042D3D8C4
:10D3C000002EC4DA0020C5E72DE9F047814642F37C
:10D3D0000006C0F15A001D460F46540800B2761CE4
:10D3E0000FF00EFCA7EB040800FB08F0C71148463D
:10D3F0000FF006FC00FB08F0C011002F06DD7F3F98
:10D4000039120A1B32442A80214405E07F37391241
:10D410000A1B21442A80891BA980002806DD7F3849
:10D420000012011B31446980204405E07F30001266
:10D43000011B20446980801BE880BDE8F087000064
:10D44000024A002192880BF093B9000024010020C9
:10D450002DE9FF4F0746808C85B0484384B207987A
:10D46000A14600250289DDE9151008440490104406
:10D470000FFA80FA57E0BB6A53F8241079B3D7F853
:10D4800030C00026401E3CF915B013E0A21953F835
:10D49000222092B11278D2070FD0AA194FF00208B9
:10D4A00008EB42023CF80280761C08EB0B020FFAF4
:10D4B00082FBB6B272198242E8DB002001B1087823
:10D4C00080070DD507981599B0F908000144169802
:10D4D00008445146504500DC08460FFA80FA1EE029
:10D4E000DDE913020244ABEB020000B2129ACDE96F
:10D4F000002000230293DDE9072303A8491C0FF055
:10D5000043FCBDF90E10049808445146504500DC18
:10D5100008460FFA80FAA01984B2A81985B2641CD3
:10D520006D1CA4B2ADB2B88C00EB0901A142A2D827
:10D5300009B05046BDE8F08F034A10B50021D289EA
:10D540000BF016F9C0B210BD24010020034A10B53B
:10D550000021128A0BF00CF9C0B210BD240100208A
:10D560002DE9FC410C46064600210BF0A2F90546C8
:10D570004FF4802130460BF09CF9B5F90870B0F9F2
:10D580000850002130460BF0BCF9E91901EBD171CC
:10D5900000EB610005B230460AF0E5F9F18A00EBD4
:10D5A000D07001EB600005EBD571A0EB61006080ED
:10D5B0002844E080694630460AF09DF9BDF8000035
:10D5C0002080BDF80400A080BDE8FC812DE9FF416A
:10D5D0000646FFF731FD040021D04FF4802739467D
:10D5E00030460BF066F90546304641F25A4239465C
:10D5F0000BF0BEF806B2204608F07EF90146002086
:10D6000041F6FF72CDE90002029033462A4603A894
:10D610000FF0BAFBBDF90C0004B0BDE8F0810020AA
:10D62000FAE700002DE9F04104460D46668C002023
:10D630000423C6F3C501E2680BE000BF03EBC0079B
:10D64000D7595FEA871C03D527F07F47AF4202D046
:10D65000401C8142F2D8814203D002EBC000BDE8F9
:10D66000F0814FF0806000EB76204FEAF05060844C
:10D67000C0F3C500C100104608F092FEE060608C67
:10D68000C0F3C500401E0DD06FF00702E16802EB49
:10D69000C00601EBC0030E44401ED6E90016C3E9E4
:10D6A0000016F3D10821E06808F080FF082008F098
:10D6B000A9FDE16808600EF016F8E168486840F0DE
:10D6C00000704860E16865F317004860E068C6E7ED
:10D6D00038B50C480D46144690F820004FF0020172
:10D6E000C0074FF0120002D00CF0BAFE01E00CF0BF
:10D6F000CFFE2246294603F005FB0090BDF800004E
:10D7000038BD000080B600202DE9F0474FF0000C36
:10D71000DDE90964089DDDF82CA0E1466F1E09BB18
:10D72000052A03D0062A01D0042A02D10023012DA4
:10D7300001D0002109E001225FF000019C4436F88D
:10D740001180491CC4440FFA8CFCA942F6D3ACEBFF
:10D75000030109B2072A2AD2DFE802F004070B29E5
:10D7600021160D00A4F8009021E0411A01EBD171BF
:10D7700012E0411A11E0411A09B23AB291FBF2F1FA
:10D78000A4F800900BB212E0411A09B22AB291FB40
:10D79000F2F10BB203EBD3714910218007E0411A7B
:10D7A0000AB2691C09B292FBF1F10BB2238000218D
:10D7B0000BE000BF34F8112036F811C0624404EBCE
:10D7C000410C1A44ACF80220491CB942F2D304EBD4
:10D7D000450106EB450231F8021C32F8022C1144D7
:10D7E0002288891A0AB2BAF1000F0CD0002108E091
:10D7F00034F8113036F81170C31ADB1B24F81130DD
:10D80000491CA942F4D31046BDE8F08770B58AB030
:10D810000446FFF737FA05462046FFF711FE002DB4
:10D820005FD000285DD069462046F7F771FF0C21D4
:10D8300007A808F0BBFE2046002141F232020AF0A0
:10D8400097FF05462046002141F612020AF090FF9C
:10D8500046192046002141F610020AF089FF0544CE
:10D8600020460AF0FAF9A18A3144081AADF82400DA
:10D8700020460AF0F9F9E18A2944081AADF8260091
:10D88000002507E0006807AA694650F8250000F067
:10D8900077FF6D1CA0684168A942F3D8009808F092
:10D8A00029FD019808F026FD029808F023FD039851
:10D8B00008F020FD002120460BF062F8054600210B
:10D8C00020460AF0CDFD42F2D1718D4201D088424E
:10D8D00002D120460BF045FE00222B21204606F007
:10D8E000EBF90AB070BD0021A0F13002092A01D87D
:10D8F000D1B216E0612801D32038C0B241380628E1
:10D900000FD2DFE800F0030507090B0D0A2108E03C
:10D910000B2106E00C2104E00D2102E00E2100E0C5
:10D920000F21084670472DE9F0470446406A4FF43E
:10D93000404102F0EEFA94F92E10A08D0122FFF77B
:10D94000BDF90546206B18B300264FF002084FF0D2
:10D950000309AF1D4FF4004A17E0206BA28D30F889
:10D96000261091420FD108EB8601415694F92E20E2
:10D97000914208D109EB860140565246384481B2A3
:10D98000606A02F090FD761CB6B2A08EB042E4D878
:10D99000A08D218D884211D194F92E1094F92A007E
:10D9A00081420BD194F92B00AD1D284481B2606AED
:10D9B000BDE8F0474FF4804202F075BDBDE8F08746
:10D9C0002DE9F0410446406D0D4600282BD0A96892
:10D9D000022230F9217002EB8101465EA87B01280A
:10D9E0000AD1B4F90C00B84203D1B4F90E00B04228
:10D9F00002D0201D00F088FC201D00F0E9FC00286A
:10DA000011D127816681A87B012804F104000CD084
:10DA100000F07AFC201D00F0DBFC002803D12089F7
:10DA2000A0816089E081BDE8F08100F07DFBF1E735
:10DA300070B5254C0546042160680AF0EAFF00280D
:10DA400028D0E96A6068814224D009F087FF064641
:10DA5000E86A08B109F082FF86421CD11EB16068F5
:10DA600006F0F4FC0FE0E86A40B10F21A26806F06E
:10DA700023F9284600F0ACFC00280BD1D4E90102C0
:10DA80000E2106F019F9284600F0A2FC002801D169
:10DA90006068E86270BD78B1EB6A53B1A26888B182
:10DAA0001021184606F008F9284600F091FC0028DD
:10DAB000F0D1002EE2D0D2E7E86A0028F9D00F2199
:10DAC000A268EFE70F21ECE7D00000202DE9F04736
:10DAD0000D460446897B40794FF0000801292AD081
:10DAE000010708D520F0080121F00101C4F84480A5
:10DAF000617184F80880277AA87B20726868E060EA
:10DB0000D4F850905FEA09007ED006F0FBFCB34EDB
:10DB10000028706078D0A87B08B1A5F80C80484632
:10DB200006F0F0FC706000286ED0A97B012905D0BA
:10DB300000296AD00AE1000766D4DCE717B1012F9B
:10DB400030D003E10EF038FE606469680A2909D01C
:10DB500014291AD013291BD01B291DD0484606F0C2
:10DB60003BFDF3E070680BF068FA20B91021706893
:10DB70000AF04FFF08B1012700E00027484606F0F1
:10DB8000BBFC8743D6D1012163E0A889401E01E098
:10DB9000A889401CA881D9E01B21484606F01CFD3D
:10DBA000202156E06079C0073DD1606C0EF0FEFD8B
:10DBB0002168898B8842607933D940F00100607117
:10DBC0000EF0FAFDA06468680A2819D170680BF09D
:10DBD00034FA20B9102170680AF01BFFB0B1484632
:10DBE00006F097FC01280BD9484606F085FC80F02A
:10DBF0000101484606F0FBFC2021706809F0F6F9A7
:10DC0000607940F00100A0E087E02CE0D6E9010255
:10DC1000052106F051F8201D00F0DAFB00287CD128
:10DC2000EEE7C0071ED0A06C0EF0C0FD2168C98BC6
:10DC3000884217D90EF0C0FDA06469680A2907D090
:10DC40001429A2D01329A3D0484606F0C5FC04E04D
:10DC50000621D6E9010206F02FF8201D00F0B8FBDE
:10DC600000285AD172E0012F70D169680A2967D162
:10DC70000BF0E3F920B9102170680AF0CAFE80B3F6
:10DC8000484606F039FC002860794FEAC07052D04F
:10DC900020B1484606F03DFC012847D8D6E90102EC
:10DCA000082106F009F8201D00F092FB00286AD137
:10DCB000D6E90102042105F0FFFF201D00F088FBDA
:10DCC000002860D1D6E90102072105F0F5FF201DEB
:10DCD00000F07EFB002856D10A21484606F07CFC65
:10DCE0002EE0FFE7D6E90102082105F0E5FF201D3F
:10DCF00000F06EFB002846D16079C00704D1D6E958
:10DD00000102042105F0D8FF201D00F061FB00286E
:10DD100039D1D6E90102072100E034E005F0CCFF5B
:10DD2000201D00F055FB00282DD109E0202170684E
:10DD300009F05CF904E018B90121484606F057FCE7
:10DD4000C4F84480607920F001006071C6F8048056
:10DD5000A889002817D0484606F0CEFB0028B5F960
:10DD60000C001FD0002810DA4FF0000406E000BFBE
:10DD70004FF01401484606F02FFC641CB5F90C0066
:10DD80004042A042F4DCBDE8F087FCDD002404E062
:10DD90001321484606F020FC641CB5F90C00A04293
:10DDA000F6DCF0E700280CDA4FF0000403E0484608
:10DDB00006F094FB641CB5F90C004042A042F6DC6E
:10DDC000E1E7E0DD002403E0484606F037FB641C91
:10DDD000B5F90C00A042F7DCD5E70000D000002028
:10DDE00070B50446806A002870D194F83D00C007E1
:10DDF0006CD14FF40046256A03E0284609F0F4FD93
:10DE00000546002D62D0314628460AF002FE002861
:10DE1000F3D1B4F91000002801DD014600E04142D1
:10DE20002B4A926813689B7E994209DAB4F9121062
:10DE3000002900DC4942994202DA002121876187EA
:10DE4000218F084400B22087618F638A002819441B
:10DE500009B2618701DD034600E043421668F67EA1
:10DE6000B34206DC002901DD0B4600E04B42B34221
:10DE70002CDD012384F83D30002801DD034600E05D
:10DE80004342002901DD0E4600E04E42B34209DD67
:10DE9000002894F83C0020F0F00001DD20300AE07A
:10DEA000103008E094F83C00002920F0F00001DD7B
:10DEB000803000E0403084F83C000C21284605F01A
:10DEC000FBFE2046BDE8704000F082BA70BD000045
:10DED000D00000202DE9F0410E460446897B4079B0
:10DEE000002701291DD0010704D520F0090067642F
:10DEF00060712772D4F850805FEA08007ED006F087
:10DF000001FB5B4D0028686078D0E2687168E160D1
:10DF1000217AB37B2372B37B012B05D0002B7AD0FF
:10DF2000A3E000076AD4E5E711B1012930D09CE0F5
:10DF30000EF042FC606471680A2909D01B290DD0DB
:10DF4000092915D00B291BD0404606F045FB8CE073
:10DF50000A21404606F040FB012104E01B21404617
:10DF600006F03AFB2021D5E9010205F0A5FE4AE0C2
:10DF70000021404606F03BFB404606F05FFA42E0D7
:10DF80000021404606F033FB404606F0A7FA3AE08F
:10DF900071680A2908D10221AA6805F08DFE201DAA
:10DFA00000F016FA002861D16079C00714D1606CC6
:10DFB0000EF0FCFB2168898B884260790AD940F019
:10DFC0000100607170680A284FD10EF0F5FB052141
:10DFD000A064C8E7C00748D0A06C0EF0E7FB21683A
:10DFE000C98B884241D90EF0E7FBA06471680A2909
:10DFF0000FD00929BCD00B29C2D001E036E00AE0DD
:10E00000404606F0E9FA201D00F0E2F900282DD183
:10E010002BE00621A7E7012927D172600A2A1FD128
:10E020000821AA6805F048FE201D00F0D1F900285B
:10E030001CD16079C00709D1D5E90102042105F09E
:10E040003BFE201D00F0C4F900280FD1D5E90102E4
:10E05000072105F031FE201D00F0BAF9002805D196
:10E060006764607920F0010060716F60BDE8F08145
:10E07000D000002070B5044600680D46098800698C
:10E080002182698861820268117CC1F30111022931
:10E0900001D003290AD111882A88891A491E2980AA
:10E0A00001686A884988891A491E69800168097C63
:10E0B000C1F30111012901D0032907D169882A88F8
:10E0C0006A8000684088401A401E288020680069E5
:10E0D00002F0A4FF2068006902F0E6FFE06C78B16E
:10E0E000B4F90C20B5F900108A4205D1B4F90E201C
:10E0F000B5F902309A4203D0B5F902200BF036FF91
:10E1000028882081688860812079012804F1040032
:10E1100006D000F0F9F82089A0816089E08170BD07
:10E1200000F002F8F7E700002DE9F041754D0446D4
:10E13000006A6860617809077DD4A96800260968CB
:10E140000F6930B1A16A39BB4FF400510AF061FC8C
:10E1500010BB384602F078FF211D07F09AF868607E
:10E1600070B9384602F078FF211D07F092F8686018
:10E1700030B9384602F082FF211D07F08AF8686046
:10E18000606A48B1268366832046F5F75FFB204628
:10E1900000F01EF900284ED1206A696888423CD000
:10E1A000A1882181E188618140B10321AA6805F03D
:10E1B00083FD204600F00CF900283CD168682062FD
:10E1C000606250B30EF0F8FA20646078012120F00C
:10E1D00001006070A682E68294F83C0020F0FF0007
:10E1E00084F83C0084F83D60268766872682668234
:10E1F000D5E9010205F060FD204600F0E9F80028AD
:10E200007DD1A8684179090779D4001DFFF710FC7A
:10E21000204600F0DDF8002871D1A0882189401A3D
:10E2200002B22282E0886189401A01B26182B4F9A7
:10E230001800431000E062E0B4F91A0003EB620238
:10E240004010228300EB61006083A069E061686890
:10E25000002854D00221AA6805F02EFD204600F0C7
:10E26000B7F800284BD1A8684079000747D420466A
:10E27000F5F760FA204600F0ABF800283FD12046C1
:10E28000FFF7AEFD204600F0A3F8002837D1A06AC2
:10E29000002834D16078C0071DD1206C0EF086FABA
:10E2A000AA681168898B88420FD90521686805F032
:10E2B00003FD204600F08CF8002820D1607840F063
:10E2C000010060700EF078FA6064A06A002816D130
:10E2D0006078C00713D0606C0EF068FAAA68116805
:10E2E000C98B88420BD90621686805F0E5FC2046F9
:10E2F00000F06EF8002802D10EF05EFA6064BDE80E
:10E30000F0810000D00000202DE9F0410446407863
:10E310004FF00006010706D526626662266420F0EB
:10E320000800666460701A4D206A6860A76A18B3B6
:10E330000821AA6805F0C0FC204600F049F8002832
:10E3400024D1B7B96078C00709D1D5E90102042109
:10E3500005F0B2FC204600F03BF8002816D1D5E9C4
:10E360000102072105F0A8FC204600F031F8002842
:10E370000CD1266226646664002F07D02046F5F78C
:10E3800065FA2046BDE8F04100F022B8BDE8F08112
:10E39000D00000204279910716D5002141628162A8
:10E3A000C162416481640183418390F8403022F06E
:10E3B000030223F00F0380F840308183C1838187FB
:10E3C000C18742710148416070470000D0000020C1
:10E3D0004078810702D5034A00215160C0F3400014
:10E3E00070470000D00000202DE9F041044690F86D
:10E3F0002A00C00738D0A08C0721B0FBF1F0E18CD7
:10E40000B1FBF0F200FB121200EB40010A4492B2A1
:10E41000B2FBF0F300FB13200844E28420850021C6
:10E4200020460AF046FA0546002120460AF069FA1D
:10E430000746B5F90850204609F029FA0646204655
:10E44000FEF7FAFD0246E18CE819414306EBD6706F
:10E4500005EBD573BDE8F0414010A0EB6300401A16
:10E4600001B210460BF0C6BFBDE8F0812DE9F843BC
:10E47000856A0446802128460AF0CBFA4D4FFE0CEF
:10E48000C8B1284609F0DBFB01281DD0022828D09E
:10E49000032837D06786E686284609F0C9FB01289D
:10E4A00047D0022850D003285AD02786A686208E2F
:10E4B000002872D072E0334639463A4604F1300003
:10E4C000009601F01FFBF2E7E88A0023401C01B22E
:10E4D00032462846FDF71CFF6086E88A401E02B2DD
:10E4E00009E0B5F91A10002332462846FDF710FF5F
:10E4F0006086B5F91A20002339462846FDF708FF43
:10E50000E086C9E7688BE98A0023401A401C00B204
:10E5100000EBD07001EB600808F1010001B2324657
:10E520002846FDF7F5FE6086A8F10100002302B23F
:10E53000E2E7B5F91410002332462846FDF760FEE5
:10E540002086B5F9142009E0B5F9181000233246E9
:10E550002846FDF755FE2086B5F91820002315E062
:10E56000288BA98A0023401A401C00B200EBD0700F
:10E5700001EB600808F1010001B232462846FDF7C0
:10E580003FFE2086A8F10100002302B2394628464A
:10E59000FDF736FEA0868AE7FFE72786A08E00B942
:10E5A000A686608E00B96786E08E002800D1E686D8
:10E5B000BDE8F88301E0FFFF70B50D4C0646002072
:10E5C0000D460A4620601D21304605F075FB206887
:10E5D00058B1017839B12946F1F7BCFE28B130466F
:10E5E00021680DF095FD002070BD012070BD000078
:10E5F000500200202DE9F04188B01F4614460D4618
:10E6000006460AF04BFD002842D0A54240D04FF408
:10E61000B470854202D9A5F5B475ADB2844202D971
:10E62000A4F5B474A4B2B18C4A1995B221448CB249
:10E63000854202D9A5F5B475ADB2844202D9A4F5DC
:10E64000B474A4B207AA06A93046FEF7D4FA394634
:10E65000304609F078FE80463046394651220AF0AD
:10E6600087F804A908B1012200E00022CDE90221C7
:10E67000CDE90048BDF81C00BDF91A1082B2BDF901
:10E6800018002B4602F0A1FD04A930460AF0C3FC95
:10E6900008B0BDE8F0811FB5044603AA02A9FEF741
:10E6A000AAFA6B46BDF90C2002A92046FEF74EFCE3
:10E6B000694620460AF0AFFC1FBDF0B50546A1F53E
:10E6C0007F408BB00E46FF3858D0288EB04255D9C7
:10E6D000A86A00EBC601684601F0A1F903A9284623
:10E6E00009F009F90021284609F0EEFF074600214C
:10E6F000284609F04FFF0446284609F003F902F0C6
:10E700007BFC0A2190FBF1F2BA4201DB90FBF1F7AE
:10E7100090FBF1F33AB2A34201DB90FBF1F4BDF8B8
:10E720000C30BDF80000991A0844ADF80000BDF89F
:10E730000E10BDF802000F1B3844BDF8047000B283
:10E740003B441A44ADF80420BDF80620ADF80200A1
:10E750001144214409B2ADF80610AA8EB24209D183
:10E76000EA6A32F81620920504D5091A491C401AA3
:10E77000ADF80200694628460AF04DFC0BB0F0BD2A
:10E780002DE9F74F0D4682B00446B1490AF048F929
:10E7900000287DD12046FEF787FA82462046FEF704
:10E7A000D5FE5FEA000973D0BAF1000F70D02046A1
:10E7B000FEF770FA07462046FEF7BEFEDFF894B279
:10E7C000064620460021BBF80C2009F0D1FF00F0DE
:10E7D000FF0820460021BBF8122009F0C9FFC0B293
:10E7E00001902B6807EB0A006FF00102D5F808C012
:10E7F00033F8171002EB40001B5A3CF80000184495
:10E80000401A00B200906B6806EB090002EB400072
:10E8100033F816101A5AEB68185A1044401A0FFAB7
:10E8200080FB0021204609F0AAFD01280AD1B8F199
:10E83000000F03D0B8F1020F02D003E0022000E085
:10E8400000208046208BA18A401A401C0FFA80FAD3
:10E85000608BE18A401A401C0FFA80F94046B8F1FB
:10E86000010F1BD0022824D02868B8F1030F30F91B
:10E87000170028D18046608CDDF800A040F480604D
:10E880006084019801287DD0022879D0032800E017
:10E89000DAE0686830F9167073D119E029680098D9
:10E8A000A0EB0A0031F8171000EBD07001EB60000C
:10E8B00008E020460AF080F8296831F8172000990E
:10E8C0001144081A00B28046608C20F48060D7E7BB
:10E8D000608CD94640F40070608420460AF06CF8E1
:10E8E000504504D1204609F03EF8484527D0A08A7B
:10E8F000ADF80000E08AADF80200208BADF804000E
:10E90000608BADF8060020460AF051FB04F11400BC
:10E910005146054601F002F94946284601F0F9F84A
:10E9200020460AF044FB6A462921204605F0C4F936
:10E93000204609F059F82246222105F0BDF920466B
:10E94000002143F20C0209F013FF06B22046002119
:10E9500043F20D0209F00CFF05B220460AF02CF834
:10E960008146204608F0FFFF0146C6F3413064228D
:10E970004FF4FA634FF47A7C01281BD027E001E0C2
:10E980000AE013E06968ABEB090000EBD07031F8E6
:10E99000161001EB600008E0204608F0E4FF69680B
:10E9A00031F8162002EB0B01081A07B2608C20F434
:10E9B000007091E726F4C040984208DC604501DD14
:10E9C000C0F57A7000FB09F090FBF2F006B2C5F3D7
:10E9D000413001280BD125F4C040984207DC604546
:10E9E00001DDC0F57A70484390FBF2F005B2049A5D
:10E9F00008EB0600791912891044A28A801A05B220
:10EA0000049840890844E18A401A06B255EA060093
:10EA10001AD020460AF0CBFAA08A2844A082208B84
:10EA200028442083E08A3044E082608B3044608355
:10EA300020460AF0BCFA05B0324629462046BDE819
:10EA4000F04F01230AF062BB05B0BDE8F08F000073
:10EA500001000600240100202DE9F041064615467C
:10EA60000F46002005E039462046B04701280AD06D
:10EA700020460EF061FF040002D060688000F2D1F1
:10EA80000020BDE8F08105B12C600120F9E7038882
:10EA90000A88934201D0981A704740884988401AE2
:10EAA000704703780A78934201D0981A70474078EB
:10EAB0004978401A704700002DE9F0414268096822
:10EAC00022F040428A4227D10446FEF78BF8DFF855
:10EAD0004C800546D8F80820131BA2EB05005E1BEE
:10EAE000C8F8080015D0274661193246384607F0A5
:10EAF0007FFC06E0A068401BA0602046FEF772F88D
:10EB00000444D8F808008442F4D1B819294607F023
:10EB10004DFD0120BDE8F0810020FBE70001002051
:10EB200070B5054605F085F80446284605F0BFF89F
:10EB3000064608F059FF05462A2C01D0292C0BD196
:10EB40000021304607F0AAFA28460FF025FD284696
:10EB5000BDE8704010F022BC70BD000070B50546E5
:10EB600008F043FE0646002406E0A868006850F856
:10EB70002400FFF7F3FF641CB442F6D3688CC1078E
:10EB80001ED020F00100688428460AF0EAFC2846DE
:10EB90000AF007FC002E13D00021284609F06EFC75
:10EBA00000280DD007494968884209D806490968F4
:10EBB00001EBC00050E902212846BDE87040104733
:10EBC00070BD0000E4000020E40100202DE9F047C2
:10EBD0008046089D1F46E86900FB01F39B12002850
:10EBE00007DD934207DD00BF95F8280080070DD4AC
:10EBF00089E09342F8DBCB1943439B12002808DDE0
:10EC0000934237DA95F8280080077CD40120BDE8CC
:10EC1000F0879342F6DCA869521C504340F39500FC
:10EC20000312C0B2FF22002826D06E6AC0F1FF0492
:10EC300004FB06F4A2EB2426A3EB0104A14636D084
:10EC4000002C15DBBC4213DAC0F1FF00C6F1FF0156
:10EC50004843A2EB6020C1B295F82800800701D597
:10EC6000C1F1FF0118F804000EF03CFD08F80400A3
:10EC7000641C1CE0A869D0E74FF0FF06DCE7002C1D
:10EC800010DBBC420EDAA6EB6000C1B295F828009A
:10EC9000800701D5C1F1FF0118F804000EF022FD34
:10ECA00008F80400686A641C361ABC4202DA686A12
:10ECB000B042E4DBBC4218DA002C16DBA8697043D2
:10ECC00080127043C0F34721E869002801DAC1F1DE
:10ECD000FF0195F82800800701D5C1F1FF0118F860
:10ECE00004000EF0FFFC08F8040095F828008007E7
:10ECF00007D54946B94506DC00290DDB404609E049
:10ED000001E0641C01D5002081E7BC4204DC391B12
:10ED100008EB040007F04AFC022078E72DE9F05FD9
:10ED200006460A9F8A461D46B86900FB02F18C120E
:10ED3000002800DD641C97F82830544502DA980753
:10ED400007D4D5E08C120AEB050CA44502DA98072B
:10ED50007ED483E0521C424341F3950142F3950473
:10ED60004FEA2129221204F0FF08C9B2A9EB0A04D4
:10ED7000914505D0002803DA11B9FF219146641EA0
:10ED8000914528D1002C0CDBAC420ADA01EB0800DB
:10ED90004108980701D5C1F1FF01305D0EF0A2FCDA
:10EDA000305597F82800641C800706D5A9EB0A01A6
:10EDB000A9424DDA8EE030460AE0AC4200DD2C4636
:10EDC000002C45D006DD00BFA5EB040106EB0400D6
:10EDD00007F0ECFB89E04FF0FF0B002844DAF869FC
:10EDE000404248434FEAA028002C0DDBAC420BDA2E
:10EDF00008FB01F0C0F34721980701D5C1F1FF01DD
:10EE0000305D0EF06FFC3055B969A8F1FF00414349
:10EE10008812641E11D4AC420FDAC8F1FF014143DD
:10EE2000ABEB6120C1B297F82800800701D5C1F192
:10EE3000FF01305D0EF056FC305597F82800A41CF9
:10EE4000800709D5A9EB0A01491EA9424DDC00E063
:10EE50004EE00029AFDC48E0AC4202DD0120BDE815
:10EE6000F09F002CB0DA40E0C1F1FF00F9694143A6
:10EE70004FEAA128002C0EDBAC420CDA00FB08F0B4
:10EE8000ABEB6020C1B2980701D5C1F1FF01305D45
:10EE90000EF028FC3055B969C8F1FF0041438912D2
:10EEA000641C0ED4AC420CDA4843C0F3472197F8F7
:10EEB0002800800701D5C1F1FF01305D0EF012FC82
:10EEC000305597F82800641C800707D5A9EB0A0184
:10EED000A9420DDC0029BFF66EAF06E0AC4200DDB2
:10EEE0002C46002C04D03FF76FAF4FF00200B6E77E
:10EEF0004FF00000B3E77CB5446A06F0ADF8054674
:10EF000006F0EFF804280CD1E18E2046218708F0A6
:10EF100025FD064605F0F0FA18B10021304605F04F
:10EF200066FB284606F0DDF8012804D0284606F0E6
:10EF3000D8F803280AD101A9284606F0A7F8BDF998
:10EF400006102046FDF76EFFE0862087204604F07D
:10EF50004EFBA06A10B920460AF029F8E08E009016
:10EF60006A461C21204604F0A7FE7CBD2DE9F04135
:10EF70000746884600261248F4F7F3FD044619E0D8
:10EF800021460F48F4F7FFFD05462068B84200D03F
:10EF90007FB96168414502D0B8F1000F09D121461F
:10EFA0000748F4F748FE204607F0B6F9F6F754F99B
:10EFB00001262C46002CE3D13046BDE8F08100004C
:10EFC000D4B6002070B505460C460948F4F7C9FDD3
:10EFD0000BE00168A94204D14168A14207D0002C8E
:10EFE00005D001460248F4F7CEFD0028F1D170BDEE
:10EFF000D4B6002010B50446402107F0D7FA4FF4EC
:10F00000FA70A0620020E061642060620120A087A5
:10F010000448A06194F83E0040F0010084F83E00EE
:10F0200010BD00008FF0000838B504464FF480652D
:10F030000095D4E90A200023194607F0D1F84FF4CF
:10F040006E7332220021009500F00CFFE269616AC4
:10F05000891A414302EBA12038BD38B504464FF46C
:10F0600080650095D4E90A200023194607F0B8F816
:10F0700040F2B6334FF461720021009500F0F2FEC9
:10F08000E269616A891A414302EBA12038BD38B5B3
:10F0900004464FF480600090D4E90A20002319460A
:10F0A00007F09EF8E269616A891A414302EBA120E8
:10F0B00038BDD0E90A128A4201DB406A7047C06954
:10F0C00070478B1A002B00DC531A4FF47A714B43B4
:10F0D000B3FBF0F0002800D10120704770B5416803
:10F0E000054611B12868FFF741FF1948F4F79AFD6A
:10F0F000184E10B10DF060FB70601548F4F756FD26
:10F10000040024D04022294607F072F92868A8425A
:10F1100000D12460717894F83E0061F3820084F895
:10F120003E00C0070FD0216939B120468847E16908
:10F130000144E161616A0844606262681AB1206852
:10F1400008B1E1699047F6F787F8204670BDFEE701
:10F15000D4B60020D801002010B500200C468884C9
:10F16000872161852D22A285E18449002185A18E18
:10F1700021F00601A1864FF40041E185A18E208691
:10F18000642041F00801608688B220F00100A0866A
:10F190001001E0860DF010FBA063208DA0870221F6
:10F1A000204607F025FB4FF44071204607F0E4FEAF
:10F1B0002046BDE810400D210AF0FEBD2DE9F04FBC
:10F1C000AFB0044604F073FD0746204604F037FD57
:10F1D0002A9028AA2CA93846FDF70DFD06A82A99E1
:10F1E00008F030F9BDF9A000DFF888810DF1B00A10
:10F1F0000DF1080B00282DDD584601F0C7FF02AACB
:10F200000021384609F045FC0020CDF83CA01390C1
:10F21000CDE90780BDF8A000ADF8540006AA1A2178
:10F220003846CDF838B004F047FDB98DB88C7A8DEA
:10F230000144104489B280B2CDE90001BDF85430D8
:10F240002CAA02A92A9801F091FF06AA1B21384690
:10F2500004F032FD4FF400394946384609F0B6F95A
:10F2600006464946384609F0F7F905464946384604
:10F2700009F046FA04464946384609F053F9AE42C9
:10F2800001DD314600E02946844201DD224600E0EE
:10F290000246914205DDAE4201DD304604E02846DB
:10F2A00002E0844200DD2046BDF8A010081A04B236
:10F2B000002C34DD02A801F069FF02AA4D46494640
:10F2C000384609F0E6FB0120CDF83CA01395CDE9C6
:10F2D0000780ADF8544006AA1A213846CDF838B058
:10F2E00004F0EAFCBDF90A10BDF95400814201DDC9
:10F2F000ADF80A00398DB88CFA8C0144104489B2FB
:10F3000080B2CDE90001BDF854302CAA02A92A9898
:10F3100001F02CFF06AA1B21384604F0CDFC2DABD2
:10F32000BDF9A0202CA93846FDF710FE18A803F05F
:10F3300077F94FF4403418AA2146384609F0DCFC2E
:10F3400002201394CDE907802DA8099018A80A90EF
:10F3500006AA1A21384604F0AFFC2DAA18A92A984B
:10F3600003F04AF906AA1B21384604F0A5FC2FB089
:10F37000BDE8F08F109902082DE9F04786B08A4663
:10F38000F74808F00AFA01287ED1504604F051FCF3
:10F390000646504604F08BFC0546504604F087FCB8
:10F3A0000446022E11D0082E6FD0032EFCD00D2E55
:10F3B0006CD0112E6BD0132E6AD0152E64D106B0EE
:10F3C0005046BDE8F047FFF7F9BE05F045FE0600E0
:10F3D0005AD005F086FE012856D101A9304605F025
:10F3E00055FE03AA02A92846FDF705FCBDF8040056
:10F3F000BDF80810401AADF80400BDF80600BDF8CD
:10F400000A10401AADF8060094F83400C00744D141
:10F410004FF40031284608F096FF0646BDF80C0070
:10F420004FF48031801BADF80C00284609F0F1FA4A
:10F4300010B1BDF80C0008E0BDF90C00C11700EBDD
:10F440009171B6EBA10F00DA8E10801BADF80C00A5
:10F4500000B2012802DA0120ADF80C00BDF804006A
:10F4600010FB00F1BDF8060010FB0010BDF80C10F9
:10F4700011FB01F1884206DDA08E40F00100A0865C
:10F480000DF09AF9A06304E086E099E0B2E0D5E0DF
:10F4900015E194F83400C0077ED0BDF9041019B905
:10F4A000BDF80600002877D0B4F92C60628DB0B2A8
:10F4B000904202D200F5B47006B2BDF9060000F029
:10F4C00032FBA18C628D401A801A00B2002802DA49
:10F4D00000F5B47000B2B11AA38F09B29A1A0FFAEC
:10F4E00082F8A0EB080212B202F58C72B2F50C7F22
:10F4F00007D994F83400000701D500200DE0084634
:10F500000BE001EBD171B0EB610FA18E02DA41F09B
:10F51000080101E021F00801A186A0EB080007B274
:10F52000A06B0DF043F9E18E41434FF47A70B1FBCB
:10F53000F0F000B2874201DD074603E04042874217
:10F5400000DA07B2618DB4F93220B4F9303008EB3B
:10F550000700A6EB010CD71A4FEACC0C9CFBF7F77F
:10F560003F1D00EB2710B4F92E700844009200B242
:10F57000324606F035FE06B2B5F92E00B04211D083
:10F580000DF01AF9A0633146284600F0F5F9BE42A5
:10F5900008D000221C2100E00FE0284604F08CFB7C
:10F5A00001280AD1B4F93000B04203D0B4F93200D6
:10F5B000B04202D10DF000F9A06306B0BDE8F087BB
:10F5C000A08E20F00100A086284608F0C7F9054665
:10F5D00004F092FF044605F03FFD05F082FD04288B
:10F5E000EBD1002CE9D006B02846BDE8F047002159
:10F5F00004F0FDBF504604F058FB0078B4F92E60CB
:10F60000132806D0112804D0142805D0122803D0BE
:10F6100008E0E88D401C01E0E88D401E01B228465C
:10F6200000F0AAF9B4F92E00B042C6D006B02846C0
:10F63000BDE8F04700221C2104F03EBB504604F018
:10F6400034FB044604AA03A92846FDF7D4FAA868A7
:10F65000002608B1B0F914600021284608F073FEB6
:10F660000546BDF810103044081ABDF80E20ADF85C
:10F670001000111809B20091BDF80C10121A0B18E5
:10F68000081A01B21BB212B201A800F03BFA47F609
:10F69000FF773A4601A82168F3F704FA08B1002081
:10F6A0000BE005EB460002B2114601A800F010FA8B
:10F6B0003A4601A82168F3F7F5F920717DE70021AA
:10F6C000284608F083FF07460021284608F0C4FFBB
:10F6D00006460021284609F013F804460021284672
:10F6E00008F020FFB74201DD394600E03146844290
:10F6F00001DD224600E00246914205DDB74201DD10
:10F70000384604E0304602E0844200DD2046804670
:10F710004FF440394946284608F058FF0446494608
:10F72000284608F099FF07464946284608F0E8FFB2
:10F7300006464946284608F0F5FEBC4201DD214652
:10F7400000E03946864201DD324600E00246914241
:10F7500008DDBC4201DD204607E0384605E0000038
:10F7600010990208864200DD3046801C04B25046E3
:10F7700004F09BFAB0F90010A4EB0802914200DCFF
:10F780001146018019E770B50C460546114600F098
:10F790007EF821462846BDE8704000F0B4B870B548
:10F7A0000C460546114600F006F821462846BDE8FD
:10F7B000704000F036B870B54FF4B47305460C468F
:10F7C000994202D9A1F5B474A4B2A88D698D421AE8
:10F7D000611A12B209B2002A02DA02F5B47212B248
:10F7E000002902DA01F5B47109B28E1AB4369E42CC
:10F7F00003D9284609F0DBFB0DE0914203DA002330
:10F800000246214604E08A4205DA002322460146E8
:10F810002846FEF7EFFE2846AC85BDE8704012F0A2
:10F820006BB870B54FF4B47305460C46994202D9D3
:10F83000A1F5B474A4B2A98D688D0A1A091B12B27D
:10F8400009B2002A02DA02F5B47212B2002902DA11
:10F8500001F5B47109B28E1AB4369E4203D9284616
:10F8600009F0A5FB0DE0914203DA00232246014690
:10F8700004E08A4205DA0023024621462846FEF7C4
:10F88000B9FE28466C85BDE8704012F035B870B5F9
:10F890004FF4B47305460C46994202D9A1F5B474ED
:10F8A000A4B2288DE98C421A611A12B209B2002A58
:10F8B00002DA02F5B47212B2002902DA01F5B4716B
:10F8C00009B28E1AB4369E4203D9284609F06FFB5E
:10F8D0000DE04FF40033914202DA0246214603E084
:10F8E0008A4204DA224601462846FEF783FE28466D
:10F8F000FEF7D1FE28462C85BDE87040FEF7CBBE52
:10F90000818409F054BB70B54FF4B47305460C46BE
:10F91000994202D9A1F5B474A4B2298DE88C0A1ACF
:10F92000091B12B209B2002A02DA02F5B47212B24D
:10F93000002902DA01F5B47109B28E1AB4369E427A
:10F9400003D9284609F033FB0DE04FF40033914210
:10F9500002DA2246014603E08A4204DA02462146E0
:10F960002846FEF747FE2846FEF795FE2846EC841B
:10F97000BDE87040FEF78FBEB0F92E308B420ED03E
:10F98000B0F932208A4200DA1146B0F930208A42BA
:10F9900000DD11468B4202D0C18511F0ADBF70472A
:10F9A0000A8802804A8842808A888280C988C18009
:10F9B00070470A8802804A8842808A888280C98883
:10F9C000C18070470A8802804A8842808A88828083
:10F9D000C988C18070470A8802804A8842808A8824
:10F9E0008280C988C18070470A8802804A88428024
:10F9F0008A888280C988C18070470A8802804A88C4
:10FA000042808A888280C988C18070470A880280C3
:10FA10004A8842808A888280C988C18070470A8863
:10FA200002804A8842808A888280C988C180704763
:10FA30000A8802804A8842808A888280C988C18078
:10FA400070470A8802804A8842808A888280C988F2
:10FA5000C1807047C1884088081A401C00B27047B6
:10FA6000C1884088081A401C00B27047C18840888D
:10FA7000081A401C00B27047B0F90410B0F9002019
:10FA8000891AB0F90620B0F90200101A401C491C6E
:10FA90004843704781880088081A401C00B27047AC
:10FAA00081880088081A401C00B27047818800884D
:10FAB000081A401C00B2704781880088081A401C50
:10FAC00000B2704781880088081A401C00B2704755
:10FAD00003885B1A03808388194481804188891ACE
:10FAE0004180C1881144C180704703880B44038062
:10FAF000838819448180418811444180C188114420
:10FB0000C180704710B5029C018042808380C48010
:10FB100010BD4288491E1144C18070470288491EA9
:10FB20001144818070470022002801DA01224042FE
:10FB3000002901DA4942921C884207D9C1EB011120
:10FB400001EB4101B1FBF0F3103205E0C0EB001016
:10FB500000EB4000B0FBF1F30020D9B216290BD91D
:10FB60002C2900D80120292900D8401C252900D89B
:10FB7000401C20290BD90BE0022900D301200629C3
:10FB800000D3401C0A2900D3401C0F2900D3401C7D
:10FB90001844D10601D5C0F15A0091074FEAC2714D
:10FBA00005D509B1B43005E0C0F1B40002E009B1F7
:10FBB000C0F5B47080B27047C160006809F0F7B951
:10FBC00000684FF0FF320168C26001F13C029042D0
:10FBD00002D182684A6205E001F14C02904201D1F3
:10FBE00082680A63006809F0E2B910B50C4600208B
:10FBF0006421C4E90A0120636062A0862087E08650
:10FC0000608784F85C0004F13C01204600F0A5F810
:10FC100004F14C01204600F0A0F80821204607F02E
:10FC2000ABF91021204607F0A7F920460022BDE8D5
:10FC30001040114600F0BDB810B50C46002104F18B
:10FC40003C00FFF793F904F14C00BDE8104000219F
:10FC5000FFF78CB92DE9F0410D46314807F09DFDC5
:10FC6000012854D1284603F0E4FF0446284604F056
:10FC70001EF88046132C0AD0012C4AD0082C48D0FC
:10FC8000152C44D12846BDE8F041F7F7E3BF4FF407
:10FC9000003107F041F80446284604F006F805460E
:10FCA000B0F90000A04200DD04462C80002140464F
:10FCB00008F093FC07460021404608F0D4FC0646B5
:10FCC0000021404608F023FD04460021404608F08C
:10FCD00030FCB74201DA394600E03146844201DAAD
:10FCE000224600E00246914205DAB74201DA384680
:10FCF00004E0304602E0844200DA2046002806DABA
:10FD0000B5F900104042814200DC01462980BDE87F
:10FD1000F08108F134014046BDE8F04109F07BB9BB
:10FD20002C99020890F85C0000F00300704790F8EE
:10FD30005C1001F00301022901D0806A7047816DD7
:10FD4000491C01D0406D7047006B7047816C491CA5
:10FD500001D0406C7047406A7047086000204860DE
:10FD60008860401EC860704738B5134690F85C2024
:10FD700002F00302022A1BD1D0E90A428A4201DDC5
:10FD80000D4600E01546AC4201DD214602E08A4204
:10FD900000DC1146426A8A4200DA1146026B8A424E
:10FDA00006D0009300F14C0300F1300200F022F87D
:10FDB00038BDF8B5456A13468D421AD0D0E90A42DB
:10FDC0008A4201DD0E4600E01646B44201DD2146BE
:10FDD00002E08A4200DC1146026B8A4200DD1146D5
:10FDE0008D4206D0009300F13C0300F1240200F0A4
:10FDF00001F8F8BD30B591B0054614981C4618B30B
:10FE0000E068401C27D0A068C4E90101116000210E
:10FE10001846FFF7ABF86846FFF7ECF80F484FF4C9
:10FE20008071CDE900400020CDE9080107900C4821
:10FE3000039028460021652208F09AFC0A90684643
:10FE4000FFF74CF911B030BD116011B02846BDE884
:10FE5000304009F0ACB81068D6E70000B9FB0008E4
:10FE6000C1FB0008F0B5C0F5806404FB04F5AD0AE1
:10FE700005FB04F64FEA962C00FB00F6B60A06FBDB
:10FE800000F745435543BF0A0CFB01FC74434FEA9E
:10FE90009C2105EB45005C43DDF814E004EB4402D3
:10FEA00001EB105007FB0EF700EB125000EB972010
:10FEB000F0BD10B50C461021204607F05DF8204635
:10FEC000BDE810404FF4806106F092BC10B50146C9
:10FED000034806F0A9FF044607F014F8204610BDB9
:10FEE0004899020870B50446008E154688420FD91D
:10FEF000E06A30F81120AA4320F811202046FEF7CE
:10FF0000DCFBA80504D52046BDE8704009F080BCA4
:10FF100070BD70B50E460546002406E03246214607
:10FF20002846FFF7DFFF641CA4B2288EA042F5D854
:10FF300070BD000008460021018641864FF6FF7221
:10FF400082868162C162416280F83610014900F008
:10FF5000DDBA00003402002010B50146034806F067
:10FF600063FF044606F0CEFF204610BD64990208E8
:10FF700010B50C46886A06F0CFF9E06A06F0CCF9B5
:10FF80000020A062E06210BD2DE9FC478846FE48D3
:10FF900007F003FC012827D1404603F04AFE06463D
:10FFA000404603F084FE00270446132E1ED02A2E5E
:10FFB0004BD0292E49D04FF6FF75012E49D0022E85
:10FFC0007CD0082E7BD0062E7AD0032E79D00E2E30
:10FFD00078D00F2E77D0102EFCD00D2E74D0152E89
:10FFE00002D14046F8F7A4FEBDE8FC87404603F086
:10FFF0005CFE8146608EA04620B30025D8F82460C0
:020000040801F1
:1000000014E000BFD8F82C0030F81500C0F34020F1
:1000100050B1608E28B1204607F039FC618E90FB0C
:10002000F1F0A9F80000DFE76D1CADB256F825002D
:1000300040B1D6A1F0F78EF920B156F8250000782E
:100040000028DFD1A9F80070CEE7616A00F05EFAFF
:10005000CAE7404603F029FE06462046A18EFEF779
:100060002CFB04F0F9FF05F03CF8012801D003282F
:1000700017D16946304605F009F869462046FCF775
:10008000DFFCA8420DD0E16A31F81010C1F3401234
:100090003AB9C1F3C00121B9A08601462046FEF756
:1000A0000CFBA18EA9429FD0E06A30F81100C0F38A
:1000B0000022002A98D1C0F340229EE00CE053E0D9
:1000C00093E0A2E0A3E0E1E0E7E000BFC0F3C000FE
:1000D000002889D1019141E0404603F0E6FD074642
:1000E00004F0BAFF064604F0FCFF04289BD0022867
:1000F00099D06946304604F0C9FF69462046FCF7AE
:100100009FFC0646A18E2046B1428CD0A94201D068
:10011000FEF7D3FAA686384605F090F8AE4293D0A3
:10012000E06A30F81600C0F3401100298CD1C0F30A
:10013000C000002888D131462046FEF7BEFAE06AAA
:1001400030F81610C1F300210029B3D1A18E30F888
:100150001100C0F340200028ACD1019601AA1C2157
:10016000204603F0A9FD3FE7A18EA94238D0E26AFC
:1001700032F81100C0F38013B3B1C0F340139BB940
:10018000C0F3C0131BB194F83630DB0714D040F035
:10019000800000BF22F8110094F83600C00703D099
:1001A0002046A18E0DF004F8A18EE26A32F811000B
:1001B000C0F3002232B902E020F08000EAE7C0F389
:1001C00040226AB1C0F3401252B9C0F3C00038B93E
:1001D000019101AA1C21204603F06EFD0128C2D125
:1001E0002046A18EFEF769FAFEE6A18EA942BAD09A
:1001F000E06A30F81100C0F30012002AB3D1C0F356
:100200004012002A3FF462AFEEE6A18E41E0404684
:1002100003F04BFD074604F064FF06462FB90020AB
:1002200004F024FF04F05DFF0646204607F096FB2D
:1002300004F062F9A18EA94295D1022E02D0042EBB
:1002400029D140B394F836100020E26AC90701D1E1
:1002500010E0401C32F81010C1F3C003002BF8D19D
:10026000C1F34013002BF4D1C1F3C0110029F0D029
:100270000AE0401C32F81010C1F3C003002BF8D183
:10028000C1F340110029F4D1A086ADE6A18EA942A8
:1002900001D0FEF712FAA586A6E6A18EFEF70DFAAA
:1002A000404603F002FD0078132813D0142831D003
:1002B00004264FF0020912284AD0112890D10021BB
:1002C000204608F067F9A28E8446AA425BD1A78631
:1002D000E26A9AE0A08EA84201D1A78601E0401C04
:1002E000A086A18E208E814200D3A786E26AA18ECD
:1002F00032F81100C0F3C0033BB1491C88B2A0869C
:10030000218E8842F3D3A786F1E7C0F3401000287E
:10031000F3D165E7A08EA84201D1A78600E000B91D
:10032000208E401EA086E26A06E011B1491EA18619
:1003300002E0208E401EA086A18E32F81100C0F38C
:10034000C003002BF1D1C0F340100028EDD147E7E6
:100350000021204608F01EF98046A08E0146A842E2
:100360001BD1A786E26A06E0491C88B2A086218ECE
:10037000884200D3A786A18E32F81100C0F3C003D3
:10038000002BF1D104E04CE0649902080A0000005F
:10039000C0F340100028E7D122E7A26A06EBC103B0
:1003A000D35A32F830505B1B5B1C43F34E032B4493
:1003B0000FFA83FC238E1CE009EBC00709EBC10593
:1003C000D75F555FAF4212DD32F9305065450EDC24
:1003D00006EBC005555F4544654508DBE56A35F821
:1003E0001070C7F3401515B9C7F3C0051DB1401C07
:1003F00080B28342E0D8834245D8F1E6491C88B2F6
:10040000A086218E884200D3A786A18E32F81100E3
:10041000C0F3C003002BF1D1C0F340100028EDD190
:10042000DEE6A16A06EBC200085A31F83230C01A83
:10043000401C40F34E00184405B2B4F934001DE0EE
:1004400009EBC00709EBC203CF5FCB5E9F4213DA13
:1004500031F93030A3EB0C03AB420DDC06EBC003EB
:10046000CB5EAB4208DBE36A33F81030C3F34017CE
:1004700017B9C3F3C00323B1401E00B20028DFDA6E
:10048000AEE6002888DBA086AAE6808E7047038E41
:100490008B4204D9C06A30F81100824301D0002099
:1004A00070470120704770B50446008E0E46154611
:1004B000B0421AD994F83600C00705D0280603D5F3
:1004C00080212046FFF725FDE06A30F81610294309
:1004D00020F8161031462046FEF7EFF8A80504D59F
:1004E0002046BDE8704009F093B970BD70B50E4666
:1004F0000546002406E0324621462846FFF7D3FF92
:10050000641CA4B2288EA042F5D870BD2DE9F34F2B
:1005100097B00D007BD0179C2046F4F7EDFD656287
:10052000002141F26A42179808F022F9C0B21290F5
:100530000021179808F058F80B900021179808F040
:10054000EDF80F900021179808F0BEF802900021F6
:10055000179808F01FF80990179807F0B2F904905F
:10056000179807F094F9618E0027C1F101020299F2
:10057000A94601FB020000B21090384686E000BF99
:100580004FF0000B5D460AE0E06A791930F811007F
:10059000FCF723FB58446D1C1FFA80FBADB259F8E1
:1005A000250040B142A1EFF7D5FE20B159F8250052
:1005B00000780028E8D15DB31099608E01FB08F146
:1005C000B1FBF0F20F995318029A08FB023109B2FD
:1005D0000891109908F101025143B1FBF0F10F9A13
:1005E0000298491E08FB0020084400B214900999A3
:1005F0000498C5F1010201FB020000B20E90002830
:1006000001DA00200E904FF0000A564636E04BE02B
:10061000FFE709F1040036E0E06A30F81700FCF764
:10062000DCFA0E9901FB0AF1B1FBFBF20999824455
:1006300006FB01210E9A09B20AFB02F0B0FBFBF0A7
:10064000099A401E06FB0200129A00B2012A06D146
:100650000A460499081A01B20498801A00B20B9A4B
:10066000104403B2149800901144A06A09B200EB40
:10067000C700089AFFF746FA761C7F1CAE42CBD320
:1006800009EB8500001D814608F101008046608E5F
:1006900040453FF675AF179809F0BAF8179819B0AA
:1006A000BDE8F04F08F083BC19B0BDE8F08F000042
:1006B0000A00000070B50446008E0D46A84203D81B
:1006C000A5F57F40FF380AD12046A18EFDF7F5FF42
:1006D0002046A5862946BDE87040FDF7EEBF70BDF7
:1006E0002DE9F0410F460C4640F2E47121850120CE
:1006F00084F82A0084F82B00A18584F82E0084F861
:100700002F0000202063A086A82104F58C7005F03E
:100710004DFF002108462D4B782506E028B1420701
:10072000B2F1604F08D0082808D253F8202000BF4B
:1007300004EB8006B2630CE025A2F9E704EB81022A
:1007400004EB800682F8185102F58C72491CC9B27C
:10075000B263401CC0B23828E0D31EA0C4F8140114
:100760003846FFF7F9FB04F138016062FFF7CEFE6F
:1007700054F8240F4FF48871FFF7B8FE00231A22B3
:100780001549206805F0F6FF42F26401206809F07F
:1007900003FE0121384609F033FB0121206809F0EE
:1007A0003FFB94F90A202189384600F019F894F9A2
:1007B000073094F90620A188384600F0AFF8206889
:1007C000BDE8F0414FF4804106F012B85C01002012
:1007D0000A00000000000000999F00082C307047BC
:1007E0002DE9F05F044688B2A08555B284F82E50FA
:1007F000012184F82F1082462021606AFFF789FBCF
:10080000002620223146606AFFF74DFE761CF6B2C4
:10081000072EF6D3564629463046FCF7B1FC8346F0
:10082000012229463046FCF749FA064607464FF0B2
:1008300001080BEB06090EE004EB8700434636A2E5
:10084000042100F58C700AF0CFFE7F1C08F1010036
:10085000FFB200F0FF08B945EED8691E5046FCF71C
:100860008FFC0025801B401CC7B211E004EB850003
:100870003B4629A2042100F58C700AF0B5FE202227
:10088000E91D606AFFF70FFE6D1C7F1CEDB2FFB221
:10089000B542EBD306EB0B00C5B2012712E000BF57
:1008A00004EB85003B461CA2042100F58C700AF085
:1008B0009BFE2022E91D606AFFF7F5FD6D1C7F1C81
:1008C000EDB2FFB22A2DEBD32046FDF72CF8606A7B
:1008D000FFF7DBFDA0F57F41FF3903D0F11D606A12
:1008E000FFF7E8FE204608F062FB204606F07DFF99
:1008F000064600250CE02946204606F064FF616AA2
:10090000814203D022461C2103F0D6F96D1CEDB2C2
:10091000B542F0D3BDE8F09F25640000018580F862
:100920002A2080F82B30FCF7FEBFF0B504464FF4C8
:10093000FA66C1F341307710642501280BD121F408
:10094000C040B04207DCB84201DDC0F57A705843C0
:1009500090FBF5F001B2C2F3413001280BD122F433
:10096000C040B04207DCB84201DDC0F57A705843A0
:1009700090FBF5F002B2944201DA204600E0104606
:10098000884201DA0846F0BD944201DA2046F0BD03
:100990001046F0BDF0B504464FF4FA66C1F341309D
:1009A0007710642501280BD121F4C040B04207DC48
:1009B000B84201DDC0F57A70584390FBF5F001B202
:1009C000C2F3413001280BD122F4C040B04207DC11
:1009D000B84201DDC0F57A70584390FBF5F002B2E1
:1009E000944201DA204600E01046884201DA0846C7
:1009F000F0BD944201DA2046F0BD1046F0BD002261
:100A000008B51146104600F088F80090BDF80000C7
:100A100008BD002208B51146104600F0AEF800905F
:100A2000BDF8000008BD002208B51146104600F0D0
:100A3000BCF80090BDF8000008BD002208B51146C2
:100A4000104600F0FAF80090BDF8000008BD38B577
:100A50000C460546FFF7F1FF2246294600F06CF9E7
:100A60000090BDF8000038BD07B58107BDF804301F
:100A700002D020F8023B521EBDF8041001EB0141E8
:100A80000EE002C0103A02C040F8081B40F8041CF7
:100A900040F8101B40F80C1C40F8081C40F8041CDF
:100AA000102AEED803E000BF20F8023B521E002AB5
:100AB000FAD10EBD4FF478414FF4FC6201EA1021E7
:100AC00002EA501208B51143C0F3C4000143ADF867
:100AD000001088B208BD4FF478414FF4FC6201EA7F
:100AE000102102EA501208B51143C0F3C4000143BB
:100AF000ADF8001088B208BD4FF478414FF4FC62A5
:100B000001EA102102EA501208B51143C0F3C400F3
:100B10000143ADF8001088B208BD08B5D308BDF890
:100B2000002063F30402ADF800208A08BDF800102D
:100B300062F34A11ADF80010C108BDF8000061F37E
:100B4000CF20ADF8000080B208BD08B5D308BDF8CD
:100B5000002063F30402ADF800208A08BDF80010FD
:100B600062F34A11ADF80010C108BDF8000061F34E
:100B7000CF20ADF8000080B208BD08B5D308BDF89D
:100B8000002063F30402ADF800208A08BDF80010CD
:100B900062F34A11ADF80010C108BDF8000061F31E
:100BA000CF20ADF8000080B208BD08B5D308BDF86D
:100BB000002063F30402ADF800208A08BDF800109D
:100BC00062F34A11ADF80010C108BDF8000061F3EE
:100BD000CF20ADF8000080B208BD08B5D308BDF83D
:100BE000002063F30402ADF800208A08BDF800106D
:100BF00062F34A11ADF80010C108BDF8000061F3BE
:100C0000CF20ADF8000080B208BD08B5D308BDF80C
:100C1000002063F30402ADF800208A08BDF800103C
:100C200062F34A11ADF80010C108BDF8000061F38D
:100C3000CF20ADF8000080B208BD08B5D308BDF8DC
:100C4000002063F30402ADF800208A08BDF800100C
:100C500062F34A11ADF80010C108BDF8000061F35D
:100C6000CF20ADF8000080B208BD08B5D308BDF8AC
:100C7000002063F30402ADF800208A08BDF80010DC
:100C800062F34A11ADF80010C108BDF8000061F32D
:100C9000CF20ADF8000080B208BD000008B5121DDD
:100CA000D3080A4A89B280B241EA014140EA0040D1
:100CB00011401040401A584301EB5010104040EAD8
:100CC0001040ADF8000080B208BD00001FF8E0073A
:100CD00008B5121DD3080A4A89B280B241EA01411F
:100CE00040EA004011401040401A584301EB5010B8
:100CF000104040EA1040ADF8000080B208BD00008E
:100D00001FF8E00708B5121DD3080A4A89B280B25D
:100D100041EA014140EA004011401040401A584366
:100D200001EB5010104040EA1040ADF8000080B2D6
:100D300008BD00001FF8E00708B5121DD3080A4AD5
:100D400089B280B241EA014140EA004011401040BE
:100D5000401A584301EB5010104040EA1040ADF8E3
:100D6000000080B208BD00001FF8E00782B2D00A80
:100D7000C0EBC00303EB0020C01D400960F3174126
:100D80000846C2F3451101EB410303EB0121C91CE5
:100D9000890961F30F2002F01F01C1EBC10202EBD0
:100DA0000121C91D490961F30700FF2161F31F609B
:100DB0007047FF2208B511461046FFF7AEFE0090BF
:100DC000BDF8000008BDFF2208B511461046FFF728
:100DD000ECFE0090BDF8000008BD08B51F20BDF86E
:100DE00000103F2260F3040189B262F34A1189B214
:100DF00060F3CF21ADF8001088B20090BDF800007C
:100E000008BD70B50C00054611D000F0F5F810FBD8
:100E100004F05030B0F5A07F0BDB284600F0ECF872
:100E200010FB04F0A021503090FBF1F002E0002014
:100E300000E0012000B270BD2DE9F0410D461E46D4
:100E4000174604461C2105F0B1FBC4E90057C4E96C
:100E50000256BDE8F081000038B504464C2105F08B
:100E6000A5FB4FF4A0702080F02060804FF0FF3091
:100E7000A080E0800020208160812069822120F014
:100E8000400040F0080061F3D01020614FF4FC6096
:100E9000ADF800000090BDF80000A0860248E063B5
:100EA00020643820606438BD95300108F8B50546E7
:100EB0004648F2F77BFE040002D0A86B08B10AE0B6
:100EC000FEE7686C05F09EF9060066D00146EA6B05
:100ED00028469047AE634FF4AC71204605F066FBA0
:100EE0003B4E25602246F7680A213A48F4600BF031
:100EF00077FC6060002851D0286981070AD52988CD
:100F00006A8811FB02F1EA68D268914202D920F0A6
:100F100002002861FF2211461046FFF776FE00907E
:100F2000BDF800000090BDF800006085FF2084F847
:100F300029000BF01BFC78B30BF0BCFBA060002079
:100F400006F0AAF82061002006F0A6F8E061002073
:100F500006F0A2F8204D20622A460021E06908F040
:100F600019FD2A460021206A08F014FD0221E069DB
:100F700006F002F80221206A05F0FEFF0021E06978
:100F800008F0FFFF0021206A08F0FBFF206908F04D
:100F90000EF8F7609FB113E001E0FEE7FEE70020E6
:100FA00009F090FA0546052009F08CFA01460B4835
:100FB000009000232A4620460BF086FBBEE7F46033
:100FC00060680BF0E4FC2046F8BD0000B0B60020DD
:100FD000C0010020112C0008FFFF0F00C09602087E
:100FE000C26800211161C068416170470148C06852
:100FF00070470000C001002010B90548C06820B14A
:1010000000680069C0F3C910704782207047000073
:10101000C00100200068C0687047000018B9094886
:10102000C068002809D00068017CC1F301110129C2
:1010300004D0032902D0B0F900007047B0F90200D3
:1010400070470000C001002010B518B9FFF7CEFFAF
:10105000002800D0006A10BD10B518B9FFF7C6FF10
:10106000002800D0C06910BD18B101460248F2F74F
:101070008ABD0148F2F775BDB0B6002010B518B9A9
:10108000FFF7B4FF002800D0006910BD10B518B9F3
:10109000FFF7ACFF002800D0406910BD10B508B9BB
:1010A000FFF7A4FF806810BD18B90948C068002880
:1010B00009D00068017CC1F30111012904D0032982
:1010C00002D0B0F902007047B0F90000704700008C
:1010D000C001002070B5054606F014FC040020D0C5
:1010E00026695EB100222521304602F0E5FD206927
:1010F00020B100222621284602F0DEFD25615DB1E7
:1011000000222721284602F0D7FD206920B10022C5
:101110002821304602F0D0FD2846BDE8704007F097
:1011200046BF70BD70B50D46040002D1FFF75EFFEB
:101130000446A560606A032817D1E068006806F0DD
:1011400054FB002811D1E068406806F04EFB0028EF
:101150000BD1E068806806F048FB002805D1E06804
:101160000068BDE870400BF091BA70BD7CB50E7B95
:10117000DDE90654022E08D94E88002E05D0A5427E
:1011800003D0CDE900540469A0477CBD38B50446BE
:10119000102105F00BFA01206080FF202073BDF8BC
:1011A0000010002060F3040189B260F34A1189B293
:1011B00060F3CF21ADF8001088B20090BDF80000B8
:1011C0000090BDF80000208038BD2DE9F04F85B0BB
:1011D000824610B294468B460FFA82F9AAEB000EB3
:1011E000DDF838800FFA8EF20492ABEB000217B2F2
:1011F00003920AEB000203F5B471119C58441E4699
:10120000029212B203B2019088457DD04FF4B471BE
:101210008E4202D9A6F5B476B6B2884503D9A8F5B0
:10122000B4701FFA80F80F99ACEB010000B2009087
:10123000109818B101EBD1704010401C05B25A2132
:10124000B6FBF1F0B8FBF1F1C0B2C9B2042800D18D
:101250000320042900D1032188427ED146457CD851
:1012600068B3012854D0022878D003287ED106F133
:101270005A0000B20BF0C4FC009910FB01F10AEB1C
:10128000E130401B208030B20BF0BAFC10FB09F1BA
:101290000BEBE130401B608008F15A0000B20BF00C
:1012A000AFFC10FB09F10AEBE1302844A0800FFAF3
:1012B00088F00BF0A5FC009910FB01F15AE130B267
:1012C0000BF09EFC009910FB01F10BEBE130401B91
:1012D00060805A3630B20BF093FC10FB09F10AEB38
:1012E000E1302844A0800FFA88F00BF089FC10FB55
:1012F00009F10BEBE1302844E08008F15A0000B21C
:101300000BF07EFC009900E0E6E010FB01F129E023
:1013100030B20BF075FC10FB09F10BEBE130284407
:10132000E0805A3630B20BF06BFC009910FB01F1F3
:101330000AEBE1302844A0800FFA88F00BF060FC43
:10134000009910FB01F10BEBE130401B608008F1CC
:101350005A0000B20BF054FC02E036E009E005E070
:1013600010FB09F10AEBE130401B208005B0BDE81D
:10137000F08F06F15A0000B20BF042FC10FB09F1AD
:101380000AEBE130401B208030B20BF039FC0099B1
:1013900010FB01F10BEBE1302844E0800FFA88F0FC
:1013A0000BF02EFC10FB09F10BEBE130401B6080D1
:1013B00008F15A0000B20BF023FC009910FB01F178
:1013C0000AEBE1302844A080D0E730B1012837D0C3
:1013D000022861D003287ED099E001297CD108F150
:1013E0005A0000B20BF00CFC10FB09F10AEBE130E3
:1013F000401B20800FFA88F002900BF001FC07469A
:1014000030B280460BF0FCFB874201DA029800E024
:1014100040460BF0F5FB009910FB01F10BEBE130BE
:10142000401B60805A3630B20BF0EAFB10FB09F12A
:101430000AEBE1302844A08001982844E08095E739
:10144000022964D1AEEB050020800FFA88F00BF082
:10145000D7FB10FB09F10BEBE130401B608006F17C
:101460005A0000B201900BF0CBFB074608F15A007E
:1014700000B280460BF0C4FB874201DD019800E01A
:1014800040460BF0BDFB009910FB01F10AEBE13087
:101490002844A08030B269E0032938D106F15A000F
:1014A00000B20BF0ADFB10FB09F10AEBE130401B81
:1014B00020800398401B608008F15A0000B20BF0B6
:1014C0009FFB10FB09F10AEBE1302844A0800FFAE2
:1014D00088F0804601E019E019E00BF091FB0099DB
:1014E00010FB01F730B206460BF08AFB009910FBA7
:1014F00001F0874201DD404600E030460BF080FB02
:10150000009910FB01F00BEBE03096E729B104984D
:1015100020806780A280E38028E708F15A0000B2AB
:1015200003900BF06DFB074606F15A0000B20190E4
:101530000BF066FB874201DA039800E001980BF09C
:101540005FFB009910FB01F10AEBE130401B2080AA
:1015500030B20BF055FB10FB09F10BEBE130401BF7
:10156000608002982844A0800FFA88F00BF048FBB6
:1015700010FB09F10BEBE1305FE7000070B5164698
:1015800004463BB1C87A022812D9A569204625B184
:10159000A84704E007A2314606E0F5F758F800280E
:1015A00006D104A231462046BDE870400DF0CFBE02
:1015B00070BD00004E6F0A646174610038B5446903
:1015C000049D002C01D00095A04738BD38B50446D5
:1015D000182104F0EBFF002211461046FFF7B5FA80
:1015E0000090BDF800000090BDF800002081FF20B1
:1015F000E072401C60800120207538BD70470000FB
:101600002DE9FF4FB5B0887E429F1E4692460C469C
:1016100002287DD9206800287AD03598C069002832
:1016200076D0202221A8EEF75CFE20680390002EE1
:101630006ED0307800286BD03598514682682DA83E
:10164000F1F748F9002863D0207FB0F1000B01D1F9
:101650004FF0010B607F810707D4BAF80410BAF885
:101660000000081A401C03B20FE0B4F912100091F8
:1016700041F6FF72CDE90120B4F91430314608A8D3
:1016800022680BF081FBBDF920300398B4F91210E9
:101690000025B0F908906A1E01EB09000890BAF81D
:1016A0000000ADF81000BAF80210ADF81210B4F94D
:1016B00016000690B4F918000144ADF81210FFB1FD
:1016C000F0B9BAF9021000291ADAD7F808C0ACEB61
:1016D0000100002801DCA1EB0C0008994FF4806C9C
:1016E00049420CEB4101884200DD3A60386800282D
:1016F00006DB0546BDF81210B8880844ADF81200A4
:10170000617F0020CDE90001B4F91420701900E0D8
:10171000ACE02F930399F2F7EFFC00EB050829E00A
:10172000617F0020CDE90001B4F9142006EB080028
:101730002F9B0399F2F7E0FC454600EB0508BDF846
:1017400012100898084400B2ADF812007FB110F5ED
:10175000806F0CDB3868002809DA3D60BDF9121093
:10176000BAF90200081A7860BAF90200B860705D30
:1017700000287BD03598BDF9121080684944B0F933
:1017800002008142CCDB5846CDF8C0B0BBF1020F5D
:1017900002D0032816D029E0607F0090B4F91430FD
:1017A000A8EB05017019039A0BF04CFB0746504655
:1017B000FEF77CF9C01BBDF8101000EBD07001EBF8
:1017C000600011E0607F0090B4F91430A8EB0501CF
:1017D0007019039A0BF036FB07465046FEF766F980
:1017E000BDF81010C01B0844ADF81000D4E9019BEF
:1017F000D94502D94846D9468346A07F800717D0ED
:101800001EA800F0D1F9A089ADF87800039890F9EE
:101810000E0000B90120ADF87A00A07E8DF880009E
:10182000A07FC1089DF8810061F301008DF881005F
:1018300000200F90FFF7EDF8319010A800F0F0FEB7
:10184000208AADF84400BDF9100032906BE100BF72
:10185000BDF81000069900270844ADF81000701973
:101860000D90A8EB050007970E90BCE05FE100210A
:10187000A9F57F420091FF3A09D0ABF57F42FF3ACC
:1018800005D0AC4A2918304612689047009007AB43
:101890000BAA0CA90D98F2F717FC607FC0070AD0BD
:1018A0000C98232802D0012F13D004E047B1012F58
:1018B0000AD0022F0BD0E0683190022F4FD050E0B9
:1018C00007980F90012048E00027E06848E00020DA
:1018D00043E0202842D107990F98081A072801D021
:1018E000A08938E00F9A0D98694610445FF006020F
:1018F00010F8013B01F8013B521EF9D100208DF890
:1019000006009DF80100FBF7EEFF07469DF800007A
:10191000FBF7E9FF07EB001029909DF80300FBF7A8
:10192000E2FF07469DF80200FBF7DDFF07EB001022
:101930002A909DF80500FBF7D6FF07469DF80400A6
:10194000FBF7D1FF07EB0010C2B22A98C1B2299869
:10195000C0B2FFF712F92C900220074643E02C9802
:101960003190DDE90B21039802F07FFA33904FF6B6
:10197000FF70814522D0834520D0009848451DD373
:1019800058451BD2BDF81010ADF80010BDF812007C
:10199000ADF80200A28A0A443399491E1144ADF8F9
:1019A000041008996A46491E0844ADF8060010A9BB
:1019B000359800F021FEE089ADF8C400BDF8C40000
:1019C000ADF8900004AA21A90C9B359800F0DAF834
:1019D0003398002807DDBDF81010A08A0144339821
:1019E0000844ADF810000E99079881423FF63FAFCA
:1019F000A07F800723D53298ADF800002068BDF99C
:101A00007A1002ABB0F9080001EBD17100EBD07095
:101A1000401000EB6100BDF812106A460844BDF8A2
:101A20001010ADF80810ADF80200ADF80A00BDF8CE
:101A3000C400ADF878001EA9359800F0A8F8A07F82
:101A4000C0071FD03298ADF800002068BDF8121012
:101A500002AB028940891144091A03986A4690F939
:101A60000D00081ABDF81010ADF80810ADF802000E
:101A7000ADF80A00BDF8C400ADF878001EA935988D
:101A800000F085F8617F0020CDE9000106EB080039
:101A9000B4F9142007462F9B0399F2F72DFB454616
:101AA00000EB0508BAF80000ADF8100030980228E5
:101AB00002D0032816D029E0607F0090B4F91430DA
:101AC000A8EB05013846039A0BF0BCF907465046CF
:101AD000FDF7ECFFC01BBDF8101000EBD07001EB60
:101AE000600011E0607F0090B4F91430A8EB0501AC
:101AF0003846039A0BF0A6F907465046FDF7D6FF85
:101B0000BDF81010C01B0844ADF81000BDF812104D
:101B100008980844359900B2ADF812008968B1F907
:101B20000610884203DC705D00287FF491AE39B066
:101B3000BDE8F08F2C02002038B50446202104F0C7
:101B400035FDFF20A076FEF764FF0090BDF8000091
:101B5000A0810B4820604FF6FF706060A060FEF728
:101B600058FF0090BDF80000E081052008F0AAFCB5
:101B70000090BDF8000020820020E07638BD000013
:101B8000C096020830B4C469A44630BC604730B483
:101B90004C88002C06D00C7A022C03D9046AA44687
:101BA00030BC604730BC704738B504460A2104F0A9
:101BB000FDFC01206080FF202072BDF80010002095
:101BC00060F3040189B260F34A1189B260F3CF2156
:101BD000ADF8001088B20090BDF800000090BDF88C
:101BE0000000208038BD000010B503460A4A0020DE
:101BF00052F8304024B1401CC0B21028F8D301E0A4
:101C0000102802D34FF0FF3010BD42F8303002EB05
:101C1000C002516010BD000020B800202DE9FF4F28
:101C200081B08B460E9D16461C46B5F90A10B5F9D3
:101C30000C00571AB5F9082005F11009ABEB0203A7
:101C400005F13C0AB4285DDAB5F90E20B42A7DDA34
:101C500000287BD0002A79D0904277DDB1425ADC4F
:101C6000696D79434FEAA12CA96A7F1C79438912D7
:101C7000A0F20F15582D01D8002909DB451E592D5A
:101C800001D8002904DB5B38B32802D2002900DD2B
:101C90000021A2F20F10582801D8002909DB501E9C
:101CA000592801D8002904DB5B3AB32A02D2002963
:101CB00000DD0021ACEB010001EB60000125C71A3B
:101CC000A74200DD2746002F0DDD3BB232465946C4
:101CD000CDF80090019800F091F9050003D1394644
:101CE000019804F063FCA74200DD2746002F00DACC
:101CF0000027CDF800A05DE0B54276D1284605B0BA
:101D0000BDE8F08F68DDB5F90E20B42A64DD90429D
:101D100062DDB14201DA0120F1E7696D79434FEAF2
:101D2000A12CA96A7F1C79438912A0F20F15582DA6
:101D300001D8002909DB451E592D01D8002904DBF3
:101D40005B38B32804D2002902DD00E044E0002122
:101D5000A2F20F10582801D8002909DB501E59287B
:101D600001D8002904DB5B3AB32A02D2002900DD46
:101D70000021ACEB010001EB60000125C71AA7426E
:101D800000DD2746002F0DDD3BB232465946CDF827
:101D900000A0019800F032F9050003D139460198FE
:101DA00004F004FCA74200DD2746002F00DA0027DC
:101DB000CDF800900BEB070001B20198E41B38440A
:101DC00023B20746324600F019F9060094D12146A5
:101DD000384604F0EBFB8FE70127B846B42805D05E
:101DE00038B109DAB14209DC0AE047E0B14210DC5F
:101DF00004E0B14202DC0CE0B14201DC032708E060
:101E0000234632465946CDF80090019800F0F6F886
:101E10000746B5F90E00B42806D060B1B5F90A003E
:101E20000FDAB04204DC0EE0B5F90A00B04206DD7C
:101E30004FF0030803E0B5F90A00B042F8DDBFB186
:101E40000EE0B042F4DD234632465946CDF800A0FC
:101E5000019800F0D3F8804657B1B8F1000F07D0D1
:101E6000032F02D0012F05D008E0B8F1030F05D1F0
:101E7000002044E74046B8F1010FFAD002203EE7C7
:101E80002DE9F8430546884640F26710411C089C3E
:101E90001746002B01DA002302E08B4200DB0346E9
:101EA000002C01DA002402E08C4200DB04469C4254
:101EB00003DAC3F5B470204403E0E01A002800DC24
:101EC000181BA5F86800AB81EC81A5F808806F812C
:101ED00015482860012028718B4200D9FEE7B42BF9
:101EE00001D2002000E00120002C01DB8B4200DD4C
:101EF000FEE7B42C05D3A4F1B401B42901D2002625
:101F000000E0012600903A46414605F1100000F03D
:101F1000CBF823463A46414605F13C00009600F0D6
:101F2000C3F8BDE8F88300001D1C01082DE9F84343
:101F30001E4617468846814600250C4C0DE0009051
:101F4000D0F800C033463A4641464846E0470028AC
:101F500008D0022800D10125083420680028EED1DD
:101F600015B10220BDE8F8830120FBE720B800206E
:101F700010B50179022906D0052913D18068BDE882
:101F8000104004F0C9B90446406900280AD001692C
:101F9000002904DA406804F0BFF96069EFE741699D
:101FA000491E416110BD000070B5134D060008D0F8
:101FB0005FF0000455F83410B9B10879022805D053
:101FC00002E02868002800D0012070BD887CB1F9AB
:101FD0001020C007304601F1080102D0F0F712FDD1
:101FE00001E0F0F79FFC0028EED0641CE4B2102C56
:101FF000E0D3002070BD000020B80020F8B5069C9A
:10200000A58A266A521B658A12B2491B94F8285089
:1020100009B24FEAC57526B1009485B3FCF7D6FD29
:10202000F8BD85B1207C810727D000F0030101298C
:1020300023D0022901D1511C1FD4C043800728D1CD
:10204000002A1ADC25E0227C02F00304022C14D0C2
:10205000D543AD0711D0012C01D100290DDC920729
:1020600001EB030207D0002A13DB49420FD5002100
:10207000002B0EDD0FE0002A02DA0120F8BD10E08F
:102080004A4206D49A420ADA991A104405E0994263
:1020900001DB0020F2E7994201DA04F087FA02201E
:1020A000ECE7FCF73BFEE9E72DE9FC471C46DDF8D1
:1020B000288016460F468146B42B01DDB43C24B27D
:1020C00004F15A0000B20AF09BFD07EB60152046B0
:1020D0000AF096FD06EB601000B2CDE900082BB2C5
:1020E00032463946484600F003F8BDE8FC87000058
:1020F0002DE9F0470F46DDE9086998461546044684
:102100002C2104F053FAB54206D1B9F1030F03D1E3
:102110006D1E761E2DB236B2B54205DD4046B8467C
:10212000074630462E46054627816581A4F80C8077
:10213000E68184F810906782A8EB07004B46A582E1
:10214000002801DD014601E0A7EB0801721B002A0F
:1021500001DD154600E0AD1BA94294F8281002DD10
:1021600041F0010101E021F0010184F8281000256F
:10217000E561244E2660A5612571CE074FF48015D8
:102180000DD020B195FBF0F65643B612E66122B1B0
:1021900095FBF2F242439012A061E0690CE022B19B
:1021A00095FBF2F64643B612A66120B195FBF0F01E
:1021B00050438012E061A0692062980709D003F0C3
:1021C0000300012808D0022813D0D843800714D078
:1021D00006E021F0020001E041F0020084F828004E
:1021E000216A88106062002901DA40426062BDE81D
:1021F000F087206A0028EFDCEBE7206A0028EBDD9F
:10220000E7E70000FD1F01082DE9FE4F8046DDF8DD
:1022100030900E461C4699F81200174600F0010A4D
:10222000B9F91050684609F10801FDF7E6FBBDF960
:102230000200BAF1000F2FD0B84250DCBDF9060001
:10224000B8424CDBBDF900004119B14205DCBDF9D3
:1022500004203119521B914209DDBDF902104A19BF
:10226000BA4240DCBDF90620521BBA423BDBBAF150
:10227000000F18D0801B00D50020A04231DCBDF932
:102280000410891B091A491C4218A24200DD211AB8
:10229000002926DB4044EFE0B84213DCBDF906001C
:1022A000B8420FDBCEE7871BA7420BDC002F03DB16
:1022B0003946404604F07AF9BDF90400851B6D1CCF
:1022C000002D02DC0020BDE8FE8FA54204DA611B70
:1022D00008EB050004F06AF91FB9A54201D10120FD
:1022E000F1E70220EFE7BDF80430821B181A401C0A
:1022F0000FFA80FCBDF80600401A401C03B2781AA1
:1023000000B2A84202DA281A401E01E0591B401A06
:10231000D9F8141000B20223CF6803EB4003FB5A34
:1023200037F810609B1B1EB28B68496833F8103079
:1023300037F810004FF0000700EB010B02EB0C0028
:10234000401B18440FFA80F95019C01A401E05B2FC
:10235000BAF1000F22D06BE0F11B01EB0B0010F87B
:10236000010C029009EB07005FEA000A08D4A245BD
:1023700006DA18F80A1002980BF0B4F908F80A0007
:10238000B5EB070A08D4A24506DA18F80A10029835
:102390000BF0A8F908F80A007F1C3FB2B742DBDB5C
:1023A00009EB0700A04201DA014600E021460029BE
:1023B00001DA002002E0A04200DB204600B2211A30
:1023C000404404F0F3F8A81B411CA14201DA0A467C
:1023D00000E02246002A01DA002402E0A14200DAED
:1023E0000C4621B2404647E0F11B01EB0B0010F810
:1023F000010CC0F1FF00029009EB07005FEA000A40
:1024000008D4A24506DA18F80A1002980BF06AF907
:1024100008F80A00B5EB070A08D4A24506DA18F84E
:102420000A1002980BF05EF908F80A007F1C3FB210
:10243000B742D9DB681CA04201DA691C00E02146E2
:10244000002901DA002504E0A04201DA6D1C00E059
:1024500025462AB2A9EB0200A11A884201DA0346F6
:1024600000E00B46002B01DA002002E0884200DB8E
:10247000084601B208EB020004F098F831E70000CA
:102480002DE9F0411546064688880A881C46801AC0
:10249000401C02B2C8884B88C01A401C00B282425D
:1024A00000DA1046B5EB600F00DD4510002D00DAB4
:1024B000002506F10800FDF7A0FA3582B47438480B
:1024C0003060022030710023C5B1364800214FF43E
:1024D0007A7200BFC1EBC10400EB8404B4F9184068
:1024E000AC421BD1C1EBC10100EB81004169491C29
:1024F00041610169102D04DA012303E07361BDE835
:10250000F0812B110B44934205DA102D01DA0122E0
:1025100000E02A110A4402617061F0E7491C0429B5
:10252000D8D300244FEA0401C1EBC10700EB8707B1
:10253000D7F814C0BCF1000F07D12CB1D7F810C0E8
:10254000D4F810E0F44500DA3C46491C0429EBD3EA
:102550003CB16069401CC4E90430102D0EDA012042
:102560000DE01C2003F04EFE040006D01C2104F0F8
:102570001DF84FF0FF3020610BE0FEE728111844F2
:10258000904205DA102D01DA012000E028111A1816
:102590002261204629467461BDE8F041F3F706BE8A
:1025A00009220108B0B70020F0B50025094E074602
:1025B0002C4600BF06EBC4004068B84204D156F870
:1025C0003450204600F008F8641CE4B2102CF1D31B
:1025D0002846F0BD20B800200021421C08D0054A42
:1025E000002352F8301042F8303002EBC000436054
:1025F0000846704720B8002030B4D38854881B1B8D
:102600005B1C1BB2012B09DB938814881B1B5B1C12
:102610001BB2012B02DBC36830BC184730BC7047CB
:1026200038B50446382103F0C1FFFEF7CCFB00901B
:10263000BDF8000024F8040FFEF7C5FB0090BDF8BC
:1026400000006080FEF7EFF90090BDF80000E08028
:10265000FF2525720220A072FEF7E5F90090BDF873
:1026600000006083FEF7DFF90090BDF800002085D0
:102670000748206104F8015CA57584F82650A57709
:1026800084F83250E07F20F03E001E30E07738BD05
:10269000C09602082DE9F04FCBB08346DDE95465C2
:1026A000087B984614460F4602287DD9B7F90200E8
:1026B000002879D0AE4277D01AB281469246404582
:1026C00000DD914606A8FFF7ABFF787B00F0030022
:1026D0008DF81A00B86840B100208DF81B00B8686A
:1026E0000A90387B8DF8320005E0387B8DF81B00AE
:1026F0003888ADF81C002188A1EB0800ADF8100067
:102700006288A8F10101A2EB0802ADF8122023882B
:102710000B44ADF81430B4F802C0ADF804006144C5
:10272000ADF80830ADF81610ADF80620ADF80A1077
:10273000B7F802C06044ADF80400B7F802C06244C4
:1027400012B2ADF80620B7F802C0A3EB0C03ADF847
:102750000830B7F802C0181AA1EB0C01401C09B2EE
:102760004FF0FF3C00B2ADF80A10CDF814C10028BC
:1027700010DD881A401C00B200280BDD012347F64B
:10278000FF7201A932A8FFF77BFE002132A8FFF7F4
:102790002BFA4590002347F6FF7204A938A8FFF7EB
:1027A0006FFE002138A800E024E0FFF71DFA4890F2
:1027B00006F5B470A84205D005F5B4714FF4B470B5
:1027C0008E421ED147F6FF70ADF8180004AA06A984
:1027D0005846FFF711FF4898FFF7FEFE4598401C4A
:1027E00002D04598FFF7F8FE38A8FFF7C1FB32A8E2
:1027F000FFF7BEFB4BB0BDE8F08F00BFA6F5B47687
:10280000B6B28642FAD202E0A5F5B475ADB2854201
:10281000FAD228B246900090B4F90220B4F9001020
:1028200033B214A84793FFF72BFB002114A8FFF73E
:10283000DBF92F90B54203D9A81BC0F5B47000E0B6
:10284000701BDBF8081000913C282ADDB8F10A0F54
:1028500027D95A20B6FBF0F1B5FBF0F000F00300E9
:10286000ADF8040106A8ADF8FCA0ADF8005101F0E8
:10287000030142903E94ADF8FE60ADF80211ADF850
:10288000069104A8CDE9430B3EA8F7F735FC3EA816
:10289000F7F7FAFC3EA8F7F7C6FD3EA8F7F7B1FE3A
:1028A00004E004AA06A95846FFF7A6FE14A8FFF7FD
:1028B0005FFB38A8FFF75CFB32A8FFF759FB2F98A6
:1028C000FFF78AFE4898FFF787FE4598401C02D024
:1028D0004598FFF781FE787B40078BD509F0FF0212
:1028E0002FAB51464798FAF76FFDBDF8BC00218821
:1028F0002FAA0844ADF8BC00BDF8C00021880844E8
:10290000ADF8C000BDF8BE0061880844ADF8BE0057
:10291000BDF8C20061880844ADF8C20048A800991B
:10292000EFF7D8FF48ADC0B1002347F6FF722FA9DB
:102930003EA8FFF7A5FD00213EA8FFF755F9064682
:10294000584604AA06A9CBF80850FFF755FE3046B2
:10295000FFF742FE3EA8FFF70BFB09F0FF022FAB8B
:1029600051464698FAF730FDBDF8BC0021882FAAE1
:102970000844ADF8BC00BDF8C00021880844ADF89B
:10298000C000BDF8BE0061880844ADF8BE00BDF8C7
:10299000C20061880844ADF8C20048A80099EFF76A
:1029A00099FFC0B1002347F6FF722FA93EA8FFF799
:1029B00067FD00213EA8FFF717F90446584604AA10
:1029C00006A9CBF80850FFF717FE2046FFF704FED4
:1029D0003EA8FFF7CDFA0098CBF808000AE770B5DB
:1029E00014460D460646F4F705F8224629463046B9
:1029F000BDE87040F4F7D3B97CB50446087E0D46B7
:102A000002280ED9A26868462968EFF763FF0028FC
:102A100007D0E16A09B120468847626B2946204603
:102A200090477CBD2DE9F04FCD6889B00C468046BB
:102A300015B1207C002879D0207C012800D1002508
:102A4000D8F8040081880088081A401C00B207905A
:102A5000D8F8082005A82168EFF73CFF002865D0CA
:102A6000F1F7E8FA83460068D8F800A0C06980B999
:102A7000D8F80400BDF91410B0F90020B0F9020034
:102A8000891ABDF91620121A079800FB02110AEBE9
:102A9000410AD4F804905FEA090013D020688288C4
:102AA000B0F90010B0F90200521A521C17B2BDF969
:102AB0001420511ABDF91620101A07FB001109EB5A
:102AC000410900E0002795B160698288B0F90010E3
:102AD000B0F90200521A521C16B2BDF91420891A1C
:102AE000BDF916202944801A06FB001500E00026D7
:102AF000D8F804004188008849420AB2404201B235
:102B000005A8FCF7F2FFDBF80000C0690028606848
:102B100018D00028207E0CD001A9009781E8610020
:102B20004B4605A95046079A0AF05CFD09B0BDE87E
:102B3000F08F8DE86100A36805A95046079AF9F760
:102B400011FAF3E70028607E0DD018B3217E0097BC
:102B5000CDE90360CDE901154B4605A95046079A1A
:102B60000AF03CFBE2E758B1217ECDE90260CDE9F5
:102B70000015A36805A95046079AF8F7A9FFD5E7FD
:102B8000207E05A98DE86100A3685046079AF9F7F1
:102B900045F8CBE7207E01A9009781E861004B460C
:102BA00005A95046079A0AF09BFBBFE72DE9FF4FA6
:102BB000B7B00C463798994616468068DDF810A1E4
:102BC0000188ADF814104188ADF816108188ADF871
:102BD0001810C088ADF81A0005A8FFF7E5F91F9096
:102BE0001C2122A803F0E2FCE07A8DF8A000207BF3
:102BF00000F00F008DF8A1001F9840B9208830B96F
:102C00006088B0F5807F02D1BAF1040F03D0BAF129
:102C1000050F35D001E0A07A48B30227B18830888B
:102C20000025081A401C00B21D904FF4FC60ADF85E
:102C300000003390BDF81A10BDF81600BDF814203E
:102C4000091A491C09B22991BDF81810ADF80820DD
:102C5000ADF80C10ADF80A00ADF80E0002A88B1A02
:102C600022905B1C20880FFA83F878B90AE0CDE93E
:102C7000226922A93798FFF7BFFE3BB0BDE8F08F6D
:102C80000327CBE76088B0F5807F01D0012000E00A
:102C900000202E901F99014304D1BAF1050F01D1F4
:102CA000A07A60B1F1F7C6F9FEF7B8F9834605A836
:102CB000FCF7E2FE5946584575D9084676E0F1F72B
:102CC000B9F9FEF7ABF9044605A8FCF7D5FE214695
:102CD000A04201D9084602E005A8FCF7CDFE8246D5
:102CE000400003F0BBFA8346504603F0B7FA0446AF
:102CF000259002A827900220CDF88CB08DF898007E
:102D0000BDF91620B6F90210511A1D9A514301FB64
:102D10000790BDF91410B6F90020891A01FB0709C4
:102D200000262AE0484600210BE0827862552AB14D
:102D30000378427803EB02232BF81530491C384402
:102D40006D1C4145F1DB1D9810FB079905EB08014F
:102D5000514505D8BDF80E00401CADF80E000BE043
:102D600022A93798FFF748FEBDF80E00401CADF8C9
:102D70000A00ADF80E000025761C29988642D1DBAA
:102D8000BDF90A10BDF90E00814206D0401EADF813
:102D90000E0022A93798FFF72FFE204603F0AAFA6B
:102DA000584673E1FFE705A8FCF766FE2190400056
:102DB00003F054FA2D90219803F050FA01902590D9
:102DC00002A8279002208DF898002D9823900020CB
:102DD00004904C210AA803F0E9FB2E9820B3208828
:102DE000ADF834006088ADF836001D98CDF8289015
:102DF000ADF82C00F18870888DF83AA0081A401CB4
:102E0000ADF82E00A088ADF83000E088ADF83200B3
:102E10002089ADF83800207D00F001008DF83B00DE
:102E20000AA8F0F7A3FB10E0BDF91620B6F90200DE
:102E3000B6F90010101A1D9A5043BDF9142000FB7A
:102E40000790511A01FB07000490002020902B905E
:102E5000A07AC0F1FF013491B0B121898AB2D10AC0
:102E600011FB00F3209963F30F01C2F3451313FB29
:102E700000F363F31F41209102F01F0111FB00F1E9
:102E80002B9861F30F002B90BAF1040F05D1208825
:102E900018B96088B0F5807F01D0022000E00120E1
:102EA0008DF898001F9818B12199019803F0ACFB98
:102EB000BDF90A10B6F90200081A30900020CEE0E1
:102EC000DDF810B03195BDF90800B6F900104FF0EB
:102ED0000009401A329073E02E98B0B108993098EA
:102EE0000844329902B201EB090001B20AA8F0F7D6
:102EF00051F930B101989DF83E104155BDF83C00A4
:102F000022E001980021415556E0BAF1050F0ED09C
:102F10000198FF2100F805109BF800109BF80100B4
:102F2000BAF1060F01EB002080B206D00CE0019947
:102F30009BF802004855E0B3EEE73399884203D18D
:102F400001990020485537E0A17A81B32099349A3D
:102F500089B2C30A13FB0211803101EBC11303EBE9
:102F6000C131C1F3C453BDF8D410C0F3451C63F3A1
:102F7000CF21209B1B0C1CFB0233803303EBC31CB3
:102F80000CEBC333C3F3C55363F34A112B9B00F01F
:102F90001F0010FB0230803000EBC01202EBC0308B
:102FA000C0F3C45060F30401ADF8D41088B22D9979
:102FB00000E001E021F8150009F10109BB446D1C96
:102FC000C14589DB1F98C0B1BDF816100898019B58
:102FD000084402B23198BDF90810184481464346AE
:102FE000FEF7A4FF10B1022804D006E0484641468F
:102FF00003F0DCFA02208DF898001D99049811FB6B
:1030000007000490219805EB0801814205D2BDF824
:103010000E00401CADF80E001FE022A93798FFF704
:10302000EBFCBDF80E000025401CADF80A00ADF821
:103030000E00BAF1040F05D1208818B96088B0F5E8
:10304000807F01D0022000E001208DF898001F98B9
:1030500018B12199019803F0D7FA0898401C01464D
:10306000089029988142FFF62BAFBDF90A10BDF9EF
:103070000E00814206D0401EADF80E0022A93798FE
:10308000FFF7BAFC019803F035F92D9803F032F9F7
:10309000F3E5000010B50C463821204603F086FA0F
:1030A000094820610948E0600948A0620948E061D8
:1030B0000948606109482062094860620948E06285
:1030C0000948606310BD000095260108B535010868
:1030D000DF290108ED300108AD2B0108913101080D
:1030E00035330108ED350108252A0108F0B51F46E2
:1030F000064687B014460D46086800233A4602A9E2
:1031000000F045FE002841D0BDF81020002A3DD037
:10311000BDF80E10002939D02088BDF812301844AF
:1031200000B2ADF804002B686488B3F808C05B896E
:10313000ACEB03032344BDF814409B1A1B1B1BB2CA
:10314000ADF806304418B168B1F900C064451DDB24
:10315000B1F90440A04219DC9818B1F9022090425C
:1031600014DBB1F90600834210DC3946029800F006
:103170000AFE00280AD00299097B890706D100902F
:1031800002AB01AA29463046F5F712F907B0F0BDA7
:103190002DE9F0470E46B1F9021096B01C461546CF
:1031A000814600297ED0307A02287BD9B5F900000B
:1031B000B4F90020904205D1B5F90230B4F902709B
:1031C000BB426FD0904200DB104601EBD171A0EB07
:1031D0006100ADF84400B5F90010B4F90000B6F98B
:1031E0000220814200DD084602EBD27100EB610053
:1031F000ADF84800B5F90210B4F90200B6F90220A2
:10320000814200DA084602EBD271A0EB6100ADF812
:103210004600B5F90210B4F90200B6F90220814265
:1032200000DD084602EBD27100EB6100ADF84A0008
:1032300011A90846D9F80820EFF74CFB002875D0F3
:1032400011A9D9F808A0C9F80810B5F90200B4F915
:103250000210884206D123462A4631464846F5F7F1
:1032600007FA0EE0B5F90000B4F9001023468842D1
:103270002A463146484602D1F5F762FC01E0F5F7EF
:10328000B1FA707A010701D440074DD502A8FFF7C3
:10329000C7F93088ADF80C0047F6FF70ADF80800AC
:1032A000307A00E042E08DF80B00B6F902004710DA
:1032B00040F3000000F10108707A400718D5288813
:1032C0006A46C01BADF800006888C01BADF802005C
:1032D0002888C119A1EB0800ADF804006888C1195D
:1032E000A1EB0800ADF8060002A94846FFF784F9F3
:1032F000707A000718D520886A46C01BADF8000018
:103300006088C01BADF802002088C119A1EB08003D
:10331000ADF804006088C119A1EB0800ADF8060003
:1033200002A94846FFF768F9C9F808A016B0BDE839
:10333000F08700002DE9FF4F8BB01E461746032B88
:103340007ED3002F7CD0B00002F088FF05007BD038
:103350000024386828602046721E15E007EB8001C3
:1033600037F92030B1F904C0634505D1B1F9023015
:10337000B1F906C0634505D005EB84030968641CF8
:103380001960A4B2401C80B29042E7DB07EB8600D4
:10339000B7F9001030F9042C914205D1B7F90210A9
:1033A00030F9022C914206D005EB840150F8040C50
:1033B000641C0860A4B2032C43D37D49D1E9000109
:1033C000CDE90201002027E0BDF9082035F92010E1
:1033D0008A4200DA1146ADF8081005EB8002BDF90B
:1033E0000A10B2F90230994200DB1946ADF80A1012
:1033F000BDF90C3035F920108B4200DD1946ADF8CF
:103400000C10BDF90E30B2F902108B4200DD1946E6
:10341000401CADF80E1080B2A042D5D30B9802A983
:10342000826805A8EFF756FA58B10B9805A900264F
:10343000806809900B988160B5F90210012011E0B5
:1034400002E0284602F056FF0FB0BDE8F08F00BF43
:1034500005EB8002B2F902208A4201DA114606B277
:10346000401C80B2A042F3D32C2104FB01F002F0F7
:10347000F5FE8346B2460490D1464FF00008701E18
:1034800000D52044621E09F101010892914200DD3D
:10349000002135F8262035F8203035F8217005EB6D
:1034A00080009B1ABF1A428805EB860005EB81015C
:1034B00040884988121A081A0021079112FB07F167
:1034C00010FB03F0814267DA0120079001E00798C2
:1034D000F0B308980AF10106864200DD0026B9F132
:1034E000010700D5274405EB860005EB8A01B0F9FA
:1034F0000200B1F90220904216DB12D035F92630D5
:1035000035F92A108B420CD04FF0010CCDE9000C9C
:103510005846FEF7EDFD58460499FEF765FB0BF1A2
:103520002C0B08F10108B246A04523D005EB87001B
:1035300005EB8901B0F90200B1F90220904217DBD6
:1035400013D035F9273035F929108B420DD000E022
:1035500022E00026CDE900065846FEF7C9FD584690
:103560000499FEF741FB0BF12C0B08F10108B94659
:10357000A045ACD3DDE90B0102AAFFF73DF80498A2
:10358000FFF712F8049802F0B5FE284602F0B2FEEA
:103590000B990998886057E7BAF1010600D52644CF
:1035A000089809F1010787429DDD00279BE700008D
:1035B000EC60020870B514460D460646F7F742F96E
:1035C000224629463046F3F715FA22462946304668
:1035D000F3F7E5FB224629463046F3F7C2FC2246C4
:1035E00029463046BDE87040F6F76CBC704710B510
:1035F0000446012103F0FAFC4FF6FF7060870121B9
:10360000606A03F0F5F820460022BDE81040202152
:1036100000F052BB70B500200C46486216A1C4E908
:103620000B10A06294F83C1041F0300184F83C107B
:10363000E08620874FF6FF716187A08694F83C00F2
:103640004FF4806120F00F00083084F83C002046E1
:1036500003F0CEF809A1204600F090FA204604F0CD
:10366000C7F901460C4803F0DFFB054603F04AFCAE
:1036700065626C6270BD0000EF81B8004F707469C4
:103680006F6E20310A4F7074696F6E20320A4F706E
:1036900074696F6E203300009C99020810B50146D2
:1036A000034803F0C1FB044603F02CFC204610BD88
:1036B0008099020870B5486A0C46002510B103F0E5
:1036C000F7FC656294F83C00C00603D4206B02F05E
:1036D00023FE256370BD000070B50E463F4804F020
:1036E0005CF8012843D1304600F0A3FA0546304685
:1036F00000F0DDFA04460E2D14D00F2D21D0102D30
:103700001FD0082D21D02A2D23D0292D21D02C2DBA
:1037100023D00D2D2CD0152D29D13046BDE8704079
:10372000F5F7C4BC04F01AF900F0E6FE054601F016
:1037300093FC01F0D6FC042819D17DBB218F2046D3
:10374000E186BDE87040FFF752BFBDE87040F1F779
:10375000A8BFBDE8704006F087B8304600F0A5FA73
:1037600005460021204605F09CF80089688070BD60
:10377000304600F09AFA0078132810D012280ED0A4
:10378000142817D0112815D01B28D7D00A28EED11D
:1037900001F076FCA042EAD02046D6E719E02046A8
:1037A00000F050F8A8B1E08EA18E401C8842DED215
:1037B000214608E0204600F045F850B1E08E002890
:1037C000D5D02146401EE086BDE8704008460AF08C
:1037D00007BA2046BDE8704000F090B88099020812
:1037E000C08E70472DE9F04104460025006B9046DD
:1037F0000E462F4620B1ECF7A6FD0246002008E059
:103800000F70BDE8F081216B095C0A2900D16D1CA5
:10381000401C904202D2218FA942F4D10021A8F18C
:10382000010507E0B8F1000F01D0A94208D2735496
:10383000401C491C904203D2236B1B5C0A2BF1D124
:103840007754DEE710B5406A012105F0E2F880F018
:10385000010010BDF8B50F46084600F0EAF905462C
:10386000182805D03946244803F097FF01283AD19B
:10387000384600F01CFA446A0646082D0ED0012D89
:1038800017D0092D30D0182D2DD13846F5F707FA6D
:103890003946BDE8F840184803F07FBF01F0DCFB73
:1038A00001F013FC00281ED13046BDE8F840FBF7BC
:1038B00022BB01F0D1FB050015D001F012FC01285C
:1038C00004D0284601F00DFC03280CD16946284697
:1038D00001F0DCFBBDF902102046F9F7A3FA60877E
:1038E000304605F064FBF8BD4FF6FF706087304648
:1038F000BDE8F84005F05BBB9C9902082DE9F84350
:103900000446012102F0A7FF204604F071F80146A9
:10391000606A06F0BCFA4FF0FF31606A05F0B6FC51
:103920000121606A03F028FB00221F21204600F0DD
:10393000C3F92046F9F779FB8046216B02F013FCAE
:1039400042F2D171606A06F027FD404606F06EFD36
:10395000606A05F031F80546204605F02DF88542ED
:103960000EDC94F83C0000F00F00042801D0082879
:1039700006D1204605F020F80146606A06F00CFDED
:10398000404603F0F0FF07460021606A04F032FD74
:1039900005460021606A04F0C8FE4619002141F680
:1039A0001102606A04F0E4FE2844B919084407B221
:1039B00094F83C003D4600F00F06082E02D0042E7D
:1039C0001ED034E0FDF712FBFDF76EFBB4F91A10C0
:1039D000294488422BDAFDF709FBFDF765FBB4F9B2
:1039E0001A10411AB4F91600814201DA042605E0E2
:1039F000FDF7FCFAFDF758FB618B401A401E15E0FD
:103A0000B4F91600401B12D5FDF7F0FAFDF74CFB98
:103A1000B4F91A10B4F91650411AA94207DD082664
:103A2000FDF7E4FAFDF740FB618B401A05B2BD4299
:103A300000DD3D462946606A06F0FEF920460AF0A0
:103A4000CFF80020082E06D0042E09D0012E0CD06D
:103A5000022E0FD015E0009000230D22606A0DE0C9
:103A6000009000230A22606A08E0009000231022E0
:103A7000606A03E000900023606A1322214602F08E
:103A800055FF606A06F0D2FC94F83C0000F00F008D
:103A9000012801D0022818D1606A04F093FF06467D
:103AA000606A04F0ABFF0546FDF7A0FAFDF7FCFAEB
:103AB000A8420ADCFDF79AFAFDF7F6FA281A301A3E
:103AC000401E01B2606A06F095FC00214046226B60
:103AD00003F08EF9022808D04FF0000303281A469D
:103AE00001D0012104E0032102E000231A4609214C
:103AF00001B04046BDE8F04302F00ABF2DE9F041B5
:103B00000E00044603D00025A586284606E0FEE701
:103B10000A2902D1A18E491CA186401C315C0029D2
:103B2000F6D1A08E401CA086E58625873046ECF7AE
:103B30000AFC471C206B30B194F83C10C90602D433
:103B400002F0EAFB2563384602F05CFB206390B18B
:103B50003146ECF70DFC94F83C0020F010012046B3
:103B600084F83C1005F023FA606A002804D0BDE810
:103B7000F04105F01CBAFEE7BDE8F08170B50E001B
:103B8000044603D00025A586294606E0FEE70A285C
:103B900002D1A08E401CA086491C705C0028F6D182
:103BA000A08E401CA086E586258794F83C00C006C0
:103BB00004D4206B10B102F0AFFB256394F83C00F5
:103BC00040F0100184F83C102046266305F0EFF920
:103BD000606A002803D0BDE8704005F0E8B970BD08
:103BE000C28E8A4207D0828E8A4200D8511EC18678
:103BF000018705F0DCB9704710B50C464FF48061C1
:103C0000204603F0B9F90421204603F0B5F94FF43A
:103C10000031204602F0ECFD0121204602F0E8FDD3
:103C20002046BDE8104001F0CFBB486A0021416248
:103C30007047007A20F08000704740687047017A32
:103C400015290BD0142909D0162907D0182905D019
:103C5000172903D0192901D0002070470069704747
:103C6000017A01291FD002291DD003291BD0042964
:103C700019D0052917D0062915D0072913D00829EE
:103C800011D009290FD00A290DD00B290BD00C29EE
:103C900009D00D2907D00E2905D00F2903D01029EE
:103CA00001D00020704700697047006970470068C4
:103CB0007047C0687047000010B588B0C0B1009070
:103CC00001908DF808100020CDE903029DF818003E
:103CD000084C20F007008DF8180060680590C4F8C3
:103CE00004D06846F7F764FE0599616008B010BD1E
:103CF0000120FBE7C4000020027A132A06D10069E4
:103D0000B0F900208A4200DD11460180704710B5ED
:103D100000F004F8BDE8104000F01CBB10B5002115
:103D20000B4802F041FA0B4CE06007F05BFD20808D
:103D300007F058FD40F48050608007F053FD40F4D8
:103D40008050A08007F04EFD40F48050E08010BD10
:103D500069C600081401002010B5092900D12021EE
:103D60000469F8F7CFFF002806D0616801EBC000B6
:103D7000618A890B01D0002010BD00682168C0F362
:103D80001300084410BD08B142681047FEE72DE952
:103D9000F0411E4617460D4688B18DB100210446FC
:103DA0002960D4F800C033463A4629462046E04709
:103DB00038B1A97BC90604D42C60BDE8F081FEE7C8
:103DC000FEE76469002CECD1F7E72DE9F047002607
:103DD0009A460C468146092A01D120220126114625
:103DE000D9F81050F8F78EFF071E3CD0E8684FF066
:103DF000000850B151464846F8F784FF020004D04D
:103E000039464846F9F75AF880466868298A00EB2F
:103E1000C70001FB08F10A110168090D002E01D04D
:103E20004FEA4101114401F108014FEA1111A1804B
:103E3000417921810179E18090F90620628190F930
:103E40000700A081688A4FEA5022A07B62F303003A
:103E500020F01000A07304D04FF6FF7000EA41007C
:103E6000E0804FF00100BDE8F0871FB550B1134668
:103E70000A466946FFF78BFF002801D0BDF8040011
:103E800004B010BDFEE770B504464068B0B1C2682A
:103E9000B2B12168904705466068408840B1A0688B
:103EA00030B1C06808B102F037FAA06802F034FA05
:103EB000002020606060A060284670BD0B2070BDAF
:103EC000092070BD10B504460748EFF74AFE08E028
:103ED00008680078A04201D1086810BD0248EFF7D9
:103EE00052FE0100F4D110BDC8B6002010B5044642
:103EF000ECF729FA40B1215C2E2907D02F2903D0F5
:103F00005C2901D0401EF6D102A010BD2044401C07
:103F100010BD00000000000010F8011F3A2900D178
:103F2000401C70472DE9F04117460E00054624D08D
:103F30003078FFF7C7FF040021D0616809B18847D6
:103F4000F8B1A068F8B13046FFF7E6FF0146A36874
:103F50003A4620469847C0B1411C16D0C5E9000436
:103F6000608838B1102002F04DF9A86078B11021B6
:103F700002F01CFB0020BDE8F0810B20FBE70320D2
:103F8000F9E70120F7E70920F5E70C20F3E7FEE762
:103F90007CB51C0005464FF0000300D02360686824
:103FA00050B1066956B101934388002B01AB07D08D
:103FB000284600F010F809E00B207CBD09207CBDEC
:103FC00000932D6813460A462946B047002CF6D0C8
:103FD000019921607CBD2DE9FC5F0446806815468F
:103FE0008B4690E84600D0F80C80606800279A461F
:103FF000B0F80290B14237D8964235D2701A80B2EA
:10400000A9EB00018EB2B54208EB000104D82A46A4
:10401000584602F0EDF955E03246584602F0E8F90C
:104020004D4508D9CDF800A0D4E90010AB1B0BEB2F
:104030000602066920E00020019001A80090D4E962
:1040400000104B4607694246B847A16807464868D2
:10405000401C0860A168019A10444860A81B82B205
:104060000BEB0600414628E04D4508D9CDF800A0ED
:10407000066921682B465A46B04707461FE0B8F14B
:10408000000F06D1484602F0BDF8A168C860C0B173
:1040900080460020019001A80090D4E900104B4612
:1040A00007694246B8470746A0682A460660A068E6
:1040B00001993144416041465846ECF712F90FB17D
:1040C00006E0FEE7CAF80050A068816829448160D4
:1040D0003846BDE8FC9FF8B545680446E5B1AE69D1
:1040E000E6B16B880020C3B3D2B1012A21D0022AE5
:1040F00011D1134620680A4601462846B0470028D9
:1041000009D1D4E900106A46C3699847002802D152
:10411000A26800999160F8BD0B20F8BD0920F8BD98
:10412000A2689160A3680A461D68A9420CD3596829
:1041300008E0A3689A680A449A60A1680B689A42EA
:1041400002D349688A42EAD9D4E90010002384697D
:1041500001B0A446BDE8F0406047FFE71346206881
:104160000A46014601B02846B446BDE8F040604723
:10417000F0B58646807889B015460C4610FB04F0F1
:104180000012824203DCBEF8000009B0F0BD9EF8C8
:1041900008700EEB870212F8023C13FB04F31B12AB
:1041A0009D4202DB32F8040CEFE70022012326E0F7
:1041B0000EEB830C9CF802C01CFB04FC4FEA2C2C79
:1041C00065451ADC0EEB830737F8040DADF80000E7
:1041D0000098FCF7CBFD0646B888ADF800000098C3
:1041E000FCF7C4FD0146B87810FB04F0BA79001260
:1041F00012FB04F2C0EB222203E05B1CDBB29F4205
:10420000D6D8281A00B2C0EB002090FBF2F0C0B262
:10421000C0F1FF02CBB213FB00F3F4B214FB023384
:1042200003EBC31404EBC3339C0EBDF8143064F3EA
:104230000403C1F3072414FB00F4C6F3072515FBA0
:10424000024404EBC41505EBC434640E64F34A1352
:10425000C1F3074111FB00F0C6F3074111FB020057
:1042600000EBC01101EBC030800E60F3CF23ADF83E
:10427000143098B289E74168002901DA02F04CB89D
:1042800070470000FEB50546407A16460C464007CA
:104290002FD0224F387820B9002000F043F80120B9
:1042A0003870687A00F00700022818D04FEA06003C
:1042B00080EA640068400190002000906A4601A9ED
:1042C0001748FAF7C9FB01280BD032462146284689
:1042D000F0F754FF009000280BD0002418E020468F
:1042E000E6E700980422416802EBB1714FEAB101A0
:1042F0004160FEBD22462846FFF73AFF0290009833
:10430000BDF80810806800EB4400641C018024B2F2
:104310000098B0F90E10A142ECDCFEBD00010020B7
:1043200025C0000870B5094D0446286801F0F4FF67
:10433000204601F067FF2860054DA86020B12146A6
:1043400002F034F96C6070BDFEE70000F40100205B
:104350000001002010B500211B4801F025FF1B4C77
:10436000606107F03FFA40F48050208007F03AFA8D
:1043700040F48050A08007F035FA40F4805060800F
:1043800007F030FA40F48050E08007F02BFA40F458
:104390008050208207F026FA40F48050E08107F038
:1043A00021FA40F48050608107F01CFA40F48050FC
:1043B000208107F017FA40F48050A08107F012FA2C
:1043C00040F48050608210BD0DD800082401002008
:1043D00070B50C4606002FD0EFF7C3FB05E0086868
:1043E000A04229D03046EFF7CEFB0100F7D120469E
:1043F00003F0B4FA40B1A168896829B1C9680968B5
:10440000A14201D100F087F8A06810B9204602F05F
:10441000F9FBA06886603046EFF7E6FB05000AD09E
:1044200030462C60EFF79DFBA84205D13046BDE831
:10443000704000F070B8FEE770BD0000014A02490C
:10444000F8F77CBA873B0008633B000870B50600AC
:1044500043D003F083FA04003FD0207EC0073CD154
:104460000021204600F0C3F82046EFF77AFB32E047
:104470002868B0422BD1E06888B10068B0420ED005
:104480002046F8F7F3FC0246E0680F210068FFF7CA
:1044900013FC012821D1E068006804F088FDE56084
:1044A000002D1AD0216909B1204688472046F8F727
:1044B000DDFC0246E0680E210068FFF7FDFB0128E5
:1044C0000BD1E0680068BDE8704004F070BD29467B
:1044D0002046EFF758FB0500CAD170BD014A0249DA
:1044E000F8F72CBA8F3B0008953B0008014800689C
:1044F00070470000CC000020002802D0007EC0F3EE
:1045000040007047002803D0C068002800D0006831
:104510007047EFF72ABB70B50446007EC0F3C005B4
:1045200040F0080020764007204602D4FFF786FFBF
:1045300001E0FFF7D3FF207E65F3C300207670BD56
:104540002DE9F041064603F009FA04003DD0E06889
:10455000002740B30068B04220D1207EC10702D0BE
:1045600020F0010020762046EFF7FBFAE168884250
:104570000FD12046EFF70EFBE168884209D12046B3
:10458000F8F774FC0246E0680F210068FFF794FB1F
:1045900002E02046FFF7BFFFE06820B1E068006856
:1045A000B04200D1E7602046EFF7DBFA11E028685F
:1045B0002946B04220460AD1EFF73DFB284601F0DC
:1045C000ABFEB068002800D08760BDE8F081EFF74F
:1045D000DAFA0500EBD1F8E713B5FFF793FF20B146
:1045E00001AA0D21FFF768FB1CBD01201CBD70B5A1
:1045F00004001CD0207EC0F340028A4217D061F331
:10460000410020762046FFF77DFF05000FD02046B1
:10461000F8F72CFC0246E0680E210068FFF74CFB1F
:10462000012804D12846BDE8704004F0C0BC70BD2C
:10463000FFB58368006800F01F04052C08D00B2C20
:1046400010D00C2C23D00D2C32D00E2C47D01CE0D7
:10465000C0F38A2010FB021000EB40001844807861
:1046600004B0F0BD01F00704C0F38A20C910C01DDA
:10467000C00810FB0210185CC4F1070101228A4037
:104680001040C84001D00020EAE7FF20E8E717A467
:10469000C0F38A20246800948C07640F8910C01C22
:1046A000800810FB0210185CC4F10601032210E020
:1046B0000FA7C0F38A20F0CF8DE8F000CC07640F7D
:1046C0004910401C400810FB0210185CC4F10401A2
:1046D0000F228A401040C8401DF80000C0E7C0F318
:1046E0008A2010FB0210185CBAE700000055AAFFF0
:1046F00000112233445566778899AABBCCDDEEFFC2
:104700002DE9FF410D460746BDF80010002060F37B
:10471000040189B260F34A1189B260F3CF21ADF888
:10472000001088B20090BDF8000001903968BC68A4
:1047300001F01F001646042814D0062812D00528C0
:1047400010D007281DD008282AD0092837D00A28D9
:1047500049D00B2851D00C284FD00D284DD00E2811
:104760004BD04BE000F04FF8C1083868C0F38A2006
:1047700010FB065001FB0041022201A801F0CCFE13
:104780003CE0C1F38A21EA10C91D05F00700C90801
:1047900011FB06210834C0F10700615C01221CE016
:1047A000A807C1F38A21400FAA10C91C890811FB70
:1047B00006211034C0F10600615C03220DE0E80719
:1047C000C1F38A21400F6A10491C490811FB0621D8
:1047D0004034C0F10400615C0F2282401140C140AE
:1047E000ADF804100AE0C1F38A2010FB025004F572
:1047F0008064205CADF8040000E00193BDF8040083
:1048000004B0BDE8F081014600200F290AD2DFE89C
:1048100001F009090909080A080C0E10120C0E1003
:1048200012001020704718207047012070470220A6
:104830007047042070470820704701460020891EF9
:104840000D2909D2DFE801F0070808070807070764
:1048500007070707070001207047014600200329CA
:1048600001D0062900D10120704770B54C6A0D4671
:10487000002C12D0287C012802D12046FFF703FB30
:10488000E06808B101F048FD206908B101F044FD7D
:10489000204601F041FD0020686270BD7FB51446DE
:1048A0000D46084600F08FFB20B1012817D00228E2
:1048B00039D035E0296801F01F00001F0B282FD2E6
:1048C000880A216860F3942121602868400D60F314
:1048D0005F512160287860F3040121602FE02846B1
:1048E000FFF704FB17A1EBF735FDC8B902222946F3
:1048F0006846FFF717FB68B903AB042221466846F8
:10490000FFF746FB05466846FFF7BDFA45B9039831
:10491000042805D1207800F01F00001F0B280ED3BB
:10492000002004B070BD2068012161F39420C0F321
:10493000140000F5001020F01F000B302060012053
:10494000EFE7000062696E002DE9FF4F80465CA032
:1049500087B0006804905BA05BA3006893460F4695
:1049600005900FCB8DE80F00B8F80810002089B231
:10497000CAB2090A09E000BF149C00EB4003401CC6
:10498000E254149C00B2234459700A9B9842F3DB12
:1049900098F814004FF0000900F01F00FFF733FFF4
:1049A0008246012101FA0AF1491E88B206900025CB
:1049B000D8F814002C4600F01F012E460B2906D013
:1049C0000C2912D00D2920D00E2931D12CE0C0F3B2
:1049D0008A20C01DC50804EBE70115FB0B1407F086
:1049E0000700C0F1070604A80DE0C0F38A20C01C30
:1049F000850804EBA70115FB0B1407F00300062143
:104A0000A1EB400605A8814612E0C0F38A20401CB5
:104A1000450804EB670115FB0B1407F001000421A6
:104A2000A1EB80066846EEE7C0F38A2515FB0B7400
:104A30002846D8F8247001F011FC5FEA000B13D06F
:104A400098F81000A0B10022211D3846FFF743FB63
:104A500000232A4659463846FFF79AFA5946CAF1C2
:104A60000802002053B222E000200BB0BDE8F08F16
:104A7000D8F8040080680119F1E70A78069CF24032
:104A8000224098F8144004F01F040E2C01D019F8AD
:104A90000220149C00EB40052C44A270A6EB0A02F5
:104AA00056B2002E01DA1E46491C401C00B20A9A7A
:104AB0009042E2DB584601F01DFC0120D5E70000E2
:104AC00000FF00000055AAFF00112233445566770D
:104AD0008899AABBCCDDEEFF2DE9FF4F8046007D13
:104AE00081B091460E4600F01F00FFF78CFE824613
:104AF000012101FA0AF1491E0025D8F814001FFA15
:104B000081FB00F01F012F462C46072906D00829FB
:104B100012D009291FD00A2932D12BE0C0F38A20F4
:104B2000C01DC50804EBE60115FB091406F00700DB
:104B3000C0F10707083423E0C0F38A20C01C8508B1
:104B400004EBA60115FB0914062106F00300A1EBF6
:104B50004007103414E0C0F38A20401C450804EBE1
:104B6000660115FB0914042106F00100A1EB800782
:104B7000403405E0C0F38A2515FB096404F5806420
:104B80002846D8F8249001F069FB061E40D098F81A
:104B9000100068B10022211D4846FFF79CFA00234F
:104BA0002A4631464846FFF7F3F93146002028E00F
:104BB000D8F8040080680119F8E70A78D9F80C30B1
:104BC000FA4002EA0B0203EB42030E9D1B8800EB46
:104BD0004004ADF800302B55BDF800301D0A0E9B87
:104BE00023445D70D9F81040A25C9A70A7EB0A02CA
:104BF00057B2002F03DACAF1080257B2491C401C11
:104C000000B2049A9042D8DB304601F073FB0120D9
:104C100005B0BDE8F08F00002DE9FE430646087C94
:104C20000C46012801D028B328E06068FFF75EF940
:104C300056A1EBF78FFB28B9022268466168FFF79F
:104C400071F910B10020BDE8FE83606A38B9142004
:104C500001F0D8FA606260B1142101F0A7FC606A2B
:104C600069460C2211F8013B00F8013B521EF9D1B4
:104C700004E0FEE7606880680028E4D0207D00F052
:104C80001F00042814D0052812D0062810D00728A9
:104C900014D0082812D0092810D00A280ED00B28CA
:104CA0006DD00C286BD00D2869D00E2867D068E035
:104CB000207C80BB60688068A06160E0FFF7A3FD96
:104CC00001278740606A38B9142001F09BFA6062BE
:104CD000B8B1142101F06AFC7800656A01F092FA1B
:104CE000E86078B1384601F08DFA286158B1E8687B
:104CF00078B3207C012807D060680024D0F80880B1
:104D00003BE0FEE7FEE7FEE7002204212846FFF72E
:104D1000E2F900241AE032E0002304226946284622
:104D2000FFF736F99DF800209DF801109DF802006C
:104D3000FBF753FF0190E868BDF8041000EB440056
:104D4000018029699DF803000855641CBC42E3D327
:104D500015E016E008EB840618F824207178B07886
:104D6000FBF73BFF0090E868BDF8001000EB440043
:104D700001802969F0780855641CBC42EAD30120FF
:104D800061E721463046FFF770FD5BE762696E0020
:104D90002DE9F84F0C461D461646207DDDE90A3206
:104DA000002100F01F00042816D0052814D0062882
:104DB00012D00B2839D00C2837D00D2835D00E282A
:104DC00033D0072838D0082836D0092834D00A280C
:104DD00032D00020BDE8F88F277C012F33D19846D0
:104DE0009146D4F824A0FFF70EFD07466069C0F392
:104DF0008A2015FB00607843C11000225046091D2F
:104E0000FFF769F9002470B9FD0805FB08F56B464A
:104E10002A46494650460094FFF7BAF818B9009858
:104E2000854200D1012421460DE000922A463146F8
:104E30002046FFF789FD05E000922A4631462046CC
:104E4000FFF74AFE01460846C4E710B5044600686D
:104E500000280BD0C2680AB121469047207C012867
:104E600004D1606801F058FA0020606010BD0000B5
:104E700010B50548EEF79AFE040004D0142101F0A5
:104E800095FB204610BDFEE7ECB600202DE9F04171
:104E90000F4605460421384601F088FB25B1284617
:104EA00000F091F818B105E00020BDE8F081A86895
:104EB0000028FAD000260A48EEF753FE0BE02368DC
:104EC0002BB13A46294698470646012805D0214687
:104ED0000348EEF758FE0400F1D13046E5E7000044
:104EE000ECB600202DE9FF410E461D460446282160
:104EF00001F05CFBAEB1304600F065F808B9B1686E
:104F000079B1BDF8081021812074E56001280CD02A
:104F1000666000272148EEF724FE054604F11408D8
:104F200031E0002004B0BDE8F0813046EBF70BFA29
:104F3000401C01F067F9606018B13146EBF718FAD0
:104F4000E7E7FEE72B68CBB16868B8B14246314667
:104F5000284698470746012810D125606A682146EF
:104F60002846904707460128DCD00421404601F03E
:104F70001DFB00202062A0616062E06129460748B5
:104F8000EEF701FE0546002DDCD1207C012802D180
:104F9000606801F0C1F93846C4E70000ECB60020B3
:104FA0002DE9FC4105680E46089FAC6800213CB124
:104FB000CDE900371346014632462846A047014650
:104FC0000846BDE8FC81032130B10078A0F1200142
:104FD0005F2903D80120704708467047802801D315
:104FE000022070470020704710B50446202101F0D0
:104FF000DDFA002020700A20207660764FF4C87019
:10500000A0836420E0833220E0760320A07610BDE8
:1050100070B50546006920B9FBF7E8FF2861002854
:1050200014D00B48EEF7C2FD040010D0582101F057
:10503000BDFA25606079224640F0020060710A21C5
:10504000044807F0CDFB21684861204670BDFEE7AB
:10505000BCB600200D51010801488068704700006F
:10506000D000002090F840000009704718B10146B8
:105070000248EEF788BD0148EEF773BDBCB60020CC
:105080000148406870470000D000002038B1026835
:105090001278012A05D0032A03D04FF0FF30088090
:1050A00002E002890A80408948807047002806D0C3
:1050B00001680978012903D0032901D00020704735
:1050C00090F8400000F00F007047002806D00168FB
:1050D0000978012903D0032901D000207047C06A54
:1050E0007047002801D000680078704700220A80CD
:1050F0004A80002809D002681278012A01D0032AC8
:1051000003D1828A0A80C08A488070477FB5284CC4
:10511000C068A06001680969002947D0F9F73AF929
:10512000A0684079400741D400256946A068EEF7A1
:10513000DFFA9DF80F60A068F9F72CF96560A168A7
:105140009DF80E000871012806D008680078042830
:1051500009D1BDF80C00D0B107F02EFBA168096899
:105160000969C1F85401A06801680978012906D0CD
:10517000022908D004290AD003290DD00FE069467E
:10518000F8F778FF0BE06946F8F7A4FE07E06946F8
:10519000A068F8F79BFC02E06946F8F711FCA068EC
:1051A000F9F7F8F8002EC0D1A56065607FBD00005A
:1051B000D000002070B5204E0C460025B0B34179D8
:1051C00041F002014171B168814200D1756001680E
:1051D0000978012901D002290ED114B1016BA14235
:1051E00001D1056314B1416AA14201D1456214B1F4
:1051F000816AA14200D1856270BD417941F002010E
:10520000417101680978012901D002290ED114B138
:10521000016BA14201D1056314B1416AA14201D1E0
:10522000456214B1816AA14200D18562FFF71EFF79
:105230000028E2D1756070BDD000002010B5044692
:10524000407920F00100607107F0B6FAA06407F021
:10525000B3FA606410BD002804D0032906D00C29DD
:1052600001D000207047B0F9221001E0B0F9201001
:105270000068427E0020C2F16402642306E0084414
:1052800000B212FB01F191FBF3F109B20029F6D152
:1052900070472DE9F0410F460546012103F0B9FBA7
:1052A00030BB3946284603F0C5FB06460022394686
:1052B00005F11400EDF7F6FB28B94FF4002128465C
:1052C00003F0A7FB80B1284602F08FFA401E0400CD
:1052D0000AD4A8683946006850F82400FFF7D9FFBF
:1052E000002803D1641EF4D516B12846BDE8F0812C
:1052F0000020FBE7002803D0417941F0080141710B
:105300007047000010B5144C2078002821D101F01E
:1053100011F8EEF7ABFEEDF711FEEDF7C3FAEDF77E
:1053200013FEFCF76BF9EEF769FD4FF4AC710B4817
:10533000EEF734FC58210A48EEF730FCEEF780FE19
:10534000EEF7BAF94420112804D0FEF7E0FC012062
:10535000207010BDFEE70000DC000020B0B6002089
:10536000BCB6002010B50C460020486214F8481F57
:1053700021F0180104F81C19411E2160227F22F03F
:105380000702227720836083E060C4E90110090CE2
:105390002161616144F8040C14F81C0F022120F013
:1053A000400004F84809204601F0E6FD00212046AF
:1053B00000F038FE2046BDE8104001A100F06EBEAE
:1053C000546578740000000010B50146034801F0F0
:1053D0002BFD044601F096FD204610BDB899020849
:1053E00010B508460C4600F00AF894F8480000078B
:1053F00002D4606A00F090FF0020606210BD10B51A
:10540000044690F84800400603D5A06A08B100F0B1
:1054100083FF94F8480020F0400084F84800002002
:10542000A06210BD2DE9FF470E463F4802F0B5F9D6
:10543000012876D13046FEF7FCFB04463046FEF7E5
:1054400036FC05462A2C1CD0132C0BD0292C18D046
:105450002C2C1ED0152C64D104B03046BDE8F0478A
:10546000F3F74ABF002103F020FAB0F9080004B0B6
:10547000C11700EB917081103046BDE8F047FEF790
:105480003BBC00F09DFD04B02846BDE8F04700F0AD
:105490004BBB002103F009FA81460021284603F0A6
:1054A00014FA80460021284603F024FA074695F8AE
:1054B00048000024C10600D50124800601D544F02F
:1054C0000204284602F0FDF90021284603F05FFAA5
:1054D000A0F51C51D13905D1688C400502D441F6A4
:1054E000FF7002E0284602F0ECF90097CDE90104D4
:1054F00043464A4603A8696A07F046FC3046FEF771
:10550000D4FBB0F90020BDF90C108A4200DD114631
:105510000180B0F90220BDF90E108A4200DD11466B
:105520004180BDE8FF870000B89902082DE9F04FDF
:105530008BB00D0080465BD0002141F6120203F0D3
:1055400017F9298841F61002081A60F30F04404643
:10555000002103F00DF96988081A60F31F44A14681
:1055600008A9404602F065F9BDF82400BDF82010F6
:105570000025401A401C00B2D8F8247005902C4633
:105580002946404603F091F902900021404603F07D
:10559000B1F900900021404603F097F9039002987A
:1055A000AB465E46B0F90800079098F84800C1067F
:1055B00000D50126800601D546F0020600214046AE
:1055C00003F0E5F9A0F51C51D13905D1B8F8220056
:1055D000400501D446F0040640460021D8F82420B6
:1055E00001F006FC82460099079800EB010821E0D3
:1055F000FEE70020CDE90006DDE902127819059BDF
:10560000EEF77AFD044407984FEA29425844824253
:105610000BDC444A009469461268384690470A28D1
:105620000BD0385D48B9641C07E008EB0B000FFA9B
:1056300080FB2546785D0028DBD107EB050B4FF09A
:105640000008BAF1020F03D0BAF1030F16D025E01B
:10565000DDE90223611B5846009607F0F3FBBDF815
:105660002410BDF8202000EBD070891A491C09B223
:1056700001EBD1714910A1EB60000DE0DDE90223DF
:10568000611B5846009607F0DDFBBDF82410BDF8FD
:105690002020891A491C081A0FFA80F800208DF87A
:1056A00018008246049044BB2BE004AB6A4601A973
:1056B0005846EEF709FDF00706D004981BF80010D5
:1056C00006A8EEF7C1FDC0B9DDE90110009AFEF7AA
:1056D000CCFB01B20FFA89F208EB010082421EDB1B
:1056E00004994A19A2421AD00AEB0502BA5CB2B177
:1056F000039A8A4610440FFA80F804982844A0427E
:10570000D3D3094C5846049922689047064622682C
:105710002946384690470BB03044BDE8F08FCDF8AD
:1057200010A0EEE7280200202C0200202DE9F74F00
:105730008AB05FEA0209804664D0D8F82450404617
:105740002A46002101F054FB8346287800285AD0CD
:1057500007A9404602F06DF8BDF82000BDF81C1006
:105760000024401A401C00B20490264621464046C0
:1057700003F09BF803900021404603F0BBF806902D
:105780000021404603F0A1F802900398A246574634
:10579000B0F90800059098F84800C10600D5012727
:1057A000800601D547F002070021404603F0EFF8DC
:1057B000A0F51C51D13905D1B8F82200400501D41B
:1057C00047F004074B4A28460B99126890478046D9
:1057D000A85DA8B3DDE90510084409900020CDE9D3
:1057E0000007DDE902212819049BEEF785FC064439
:1057F000B04526D3A85D18B30998344650440FFA33
:1058000080FAEBE7FEE70020A9F802005946BBF159
:10581000010F07D002290AD0BBF1030F04D1404683
:1058200002F04FF8A9F800000DB0BDE8F08F404637
:1058300002F047F800EBD0704110A9F80010F3E730
:10584000FFE7B8F1000F12D005EB080010F8010CCB
:105850000A2801D00D280AD115F8080038B9DDE969
:105860000501014401EB0A000FFA80FA44462819A9
:10587000CDE90070DDE90103A8EB0401039A07F00C
:10588000E1FA05460B98A04202D00298284405B2DE
:10589000BBF1020F03D0BBF1030F16D025E0009738
:1058A000DDE90103311B039A07F0CCFABDF82010A3
:1058B000BDF81C2000EBD070891A491C09B201EB1D
:1058C000D1714910A1EB60000DE00097DDE9010303
:1058D000311B039A07F0B6FABDF82010BDF81C2062
:1058E000891A491C081A284405B2A9F80050A9F8D9
:1058F00002A099E720020020406A7047006C7047C0
:10590000C06B70472DE9F04117000D46044627D0C3
:1059100094F84800000725D4204603F048FB606A4D
:10592000EAF711FD06463846EAF70DFD8119491CD4
:10593000606A00F035FD606298B1A5F57F41FF39DE
:1059400003D109490968884705463A462946606AED
:10595000EEF750FC2046BDE8F041002100F09EBB70
:10596000FEE7FEE7BDE8F081300200202DE9F04FB0
:1059700095B05FEA010A80465FD010A9404601F069
:1059800058FFBDF84400BDF840100024401A401CE8
:1059900000B2D8F824700A9025462146404602F00D
:1059A00084FF03900021404602F0A4FF00900021F4
:1059B000404602F08AFF029003980021B0F90800E7
:1059C0000B904046D8F8242001F012FA834698F84C
:1059D0004800A1464E46C10600D50126800601D5E5
:1059E00046F002060021404602F0D1FFA0F51C520D
:1059F000D13A05D1B8F82210490501D446F0040681
:105A00000B99009801EB0008385DB8B10020CDE992
:105A10000006DDE9022138190A9BEEF76DFB0B99B0
:105A20000544BAF9022009EB0100824206DD08EBC9
:105A300009000FFA80F92C46E6E7FEE74FF0000870
:105A4000C146BBF1020F03D0BBF1030F16D025E016
:105A5000DDE90232291B3819009607F0F3F9BDF889
:105A60004410BDF8402000EBD070891A491C09B2DF
:105A700001EBD1714910A1EB60000DE0DDE90232CC
:105A8000291B3819009607F0DDF9BDF84410BDF860
:105A90004020891A491C081A0FFA80F800208DF856
:105AA0004800089004940C90FDB16D1E0498A84223
:105AB0001BD804AB0CAA08A93846EEF705FBF00783
:105AC00006D00498395C12A8EEF7BEFB0028EDD191
:105AD000C1460C9A08990398FEF7C7F94044BAF9F1
:105AE000001000B2814216DA04940C9A08990398C7
:105AF000FEF7BBF90299029B0144BAF90000A9EB39
:105B00000302491C90420CDB4944884209DC012015
:105B100015B0BDE8F08F0299049C08440FFA80F894
:105B2000C4E70020F4E700002DE9F04F0446406A86
:105B300099B000287ED04FF0FF3913A92046C4F851
:105B4000309001F076FEBDF85000BDF84C10401AC0
:105B5000401C0FFA80F80021204602F0A6FE054600
:105B60000021204602F0C6FE07460021204602F032
:105B7000ACFE824694F848000026C10600D50126F6
:105B8000800601D546F002060021204602F0FFFE05
:105B9000A0F51C51D13904D1608C400501D446F0E8
:105BA00004060097CDE9018653462A4615A8616A86
:105BB00007F0EAF8204603F057FE94F848004FF645
:105BC000FF7B00F007004FF00008022804D00328F4
:105BD0007ED001287DD0DFE10021204602F0A8FB25
:105BE0000604360C08D1204601F08CFEFBF704FABF
:105BF000032190FBF1F086B26846F9F7FBF94FF408
:105C000096700094ADF83CB00C900E90BDF850101A
:105C1000BDF84C00BDF95420081A401C002701B201
:105C2000914233DA0020891A0790CDE90801DD4856
:105C3000014600E0B3E101902046F9F7C3F90021E5
:105C40000A4620B1C16A90F83E00C0F340020A98AB
:105C500088420FDD9DF83E000B9120F001008DF889
:105C60003E003AB140F002008DF83E0009990798D5
:105C7000079109903046099A0799F9F722FA0A9094
:105C80000D906846F9F72AFA012705E0C549204634
:105C9000F9F76CF9A4F84480BDF85200BDF84E1035
:105CA000BDF95620401A401C00B290427EDA002F07
:105CB0007CD1821AB5F908000021101ACDE908102C
:105CC000B9480791014601902046F9F77BF901E0B8
:105CD00023E0AEE000210A4620B1C16A90F83E0000
:105CE000C0F340020A9888420FDD9DF83E000B91F8
:105CF00020F001008DF83E003AB140F002008DF82E
:105D00003E0009990798079109903046099A07992A
:105D1000F9F7D7F90A900D9087E00021204602F0AC
:105D200007FB0604360C08D1204601F0EBFDFBF71B
:105D300063F9032190FBF1F086B26846F9F75AF94E
:105D40000094ADF83CB0BDF85000BDF84C100027F1
:105D5000401A401CBDF9541000B288422CDA2022AF
:105D600011462846FEF781F8BDF9541000EB4000BB
:105D700008444042CDE908708A48079701903046B0
:105D8000099A0799F9F79DF90A9086492046F9F78B
:105D900019F900B1C06A0A99814206DD0B909DF89D
:105DA0003E0020F001008DF83E0000E016E068465D
:105DB000F9F794F9012705E07A492046F9F7D6F872
:105DC000A4F84480BDF85200BDF84E10401A401CA3
:105DD000BDF9561000B2884200DA37B17249204648
:105DE000F9F7C4F8A4F84680D6E0B5F908200020F9
:105DF000114449420790CDE908016B480A460190D9
:105E000030460799F9F75DF90A9067492046F9F796
:105E1000D9F800B1C06A0A99814206DD0B909DF85D
:105E20003E0020F001008DF83E006846F9F756F973
:105E3000B2E0BDF85200BDF84E10401A401C01B24D
:105E4000BDF95600814209DAB5F90810884205DD2E
:105E50005649606A09688847032802D8C4F82C901C
:105E60009AE0BDF85000BDF84C102E22461A11469B
:105E70002846761CFDF7F9FF5044A0EB8000304423
:105E8000ADF80000BDF85200BDF84E10401A401C9D
:105E900000B2ADF80200B5F90820D11990FBF1F37A
:105EA00001FB13018A42A0EB010004DCADF8020003
:105EB0002989084400E0C01BADF80200694620466D
:105EC000FFF734FB8146606AEAF73DFA384A074635
:105ED00049461268606A9047364D069005E02A6888
:105EE00006A9606A9047A9F101090698C01CB8424A
:105EF000F5D80025DFF8C0B0069EAA46606A06996C
:105F00000844DBF8001088472C4A2844C5B21268C0
:105F100006A9606A9047032D07D80698B84204D8AE
:105F20000AF1010ABAF1030FE8D9616A204601EBD0
:105F3000060A0746FFF763FA042D12D9681C00F021
:105F400061F9B86240B32A46514600F051FAB96A85
:105F500001F8058097F8480040F0400087F84800B5
:105F60000BE097F848002A4620F0400087F84800E8
:105F7000514607F1280000F03BFA00202E2133188B
:105F8000626A401C0328D154F9D3616AF61C09F1F6
:105F9000030001F80680E062204603F008F819B01B
:105FA000BDE8F08F7DF0010885F001083002002087
:105FB0002002002028020020180200201C020020DD
:105FC0002DE9F0410446054690F8480000F007002E
:105FD000012823D1E96A481C20D0114A686AC91EE9
:105FE00012689047024694F848100020490601D5EF
:105FF000A16A06E004F1280103E00F5C401CF7549D
:10600000C0B26E6A1318F75C002FF6D1095C104419
:1060100031542046FFF7F3F9781EE862BDE8F081BD
:106020002002002070B50D4604461A49F8F79EFF7D
:1060300019492046F8F79AFF0020A4F84400A4F874
:106040004600022D0FD0032D0DD0042D0BD094F857
:10605000480020F0200100BF01F0070084F848103C
:10606000012805D00AE094F8480040F02001F3E749
:10607000E06A401C02D02046FFF7A2FF94F84800D7
:1060800065F3020084F848002046BDE87040FFF741
:106090004BBD00007DF0010885F0010870B50D468C
:1060A000044602F084FF05B9656A606AA8420CD113
:1060B00094F84810090708D4EAF745F9411C606ACA
:1060C00000F06EF96062D0B9FEE738B194F848107C
:1060D000090703D400F020F9002161622846EAF79D
:1060E00032F9401C00F08EF8606268B12946EAF788
:1060F0003FF994F8480020F0080184F84810204641
:10610000BDE87040FFF710BDFEE70FB470B5044660
:106110000598F8B1204602F04AFF0598D8B1606AA8
:10612000002530B194F84810090702D400F0F4F8C3
:10613000656206A90598EEF7A2F8606294F8480037
:1061400020F00801204684F84810FFF7EDFC70BCF1
:106150005DF814FBFEE72046F7E7016402F027BF75
:10616000C16302F024BF70B5044690F848000D46A4
:10617000000705D4606A18B100F0CEF80021616212
:1061800035B194F8480040F0080184F84810656281
:106190002046BDE87040FFF7C7BC10B5FAF726FFF0
:1061A000BDE81040FAF750BF2DE9F0410A4C074610
:1061B0000A4D60680E46401CC1006060286800F00F
:1061C000EFF8286038B1616800EBC10040E9027661
:1061D0000846BDE8F081FEE7E4000020E40100206D
:1061E00010B59042029C01DB204610BD884201DCC4
:1061F000184610BD521AE41A401A604390FBF2F0A0
:10620000184410BD10B588B038B101460748406841
:1062100006F052FC040003D005E0044808B010BDAD
:10622000684600F095F82046F8E70000F8010020E5
:1062300070B50024084E254656F8340038B100F0F9
:106240006BF806EBC40046F8345085718580641CF9
:10625000E4B2102CF0D370BD30B700202DE9F0412E
:1062600005000BD00022224C4FF0FF30012600BF6A
:1062700004EBC2018B79DB0703D014E00020BDE8FA
:10628000F0818988A9420ED305D104EBC200867142
:1062900054F83200F3E7002804DB04EBC0039B88CA
:1062A000994200D250B2521CD2B2102AE0D3002838
:1062B00005DB04EBC0018E7154F83000DFE70027E6
:1062C00004EBC7008079C00704D07F1CFFB2102FF9
:1062D000F6D3FEE754F83700294600F061F830B1F4
:1062E00004EBC7018E718D8044F83700C7E7FEE7E5
:1062F00030B70020074A002152F83130834204D1E0
:1063000002EBC101002088717047491CC9B21029F5
:10631000F2D3704730B700200549884206D00028E4
:1063200004D001460248406806F098BB7047000060
:10633000F801002010B54FF44041034806F080FBFF
:106340000249486010BD0000A0B80020F8010020FC
:1063500010B504461C22002100F0F6F80E484068F3
:1063600006F0A7FB22460D4906F026FC4FF44041FB
:106370002160A06864224243B2FBF1F1C1F16401E3
:10638000217638B1E16864225143B1FBF0F0C0B22C
:10639000C0F16400607610BDF8010020D1630108EF
:1063A00010B539B1094A904208D1BDE810400846FD
:1063B000FFF728BFFFF7B0FF044810BD0A460146AB
:1063C00002484068BDE8104006F089BBF801002093
:1063D0001AB11869401C186170475868401C586011
:1063E000986808449860D8688842F5D2D9607047A8
:1063F00030B500F0030401F003050346A54243D184
:106400004EE00C781C704C785C708C789C70CC786A
:10641000DC700C791C714C795C718C799C71CC7935
:10642000DC710C7A1C724C7A5C728C7A9C72CC7A1D
:10643000DC720C7B1C734C7B5C738C7B9C73CC7B05
:10644000DC730C7C1C744C7C5C748C7C9C74CC7CED
:10645000DC740C7D1C754C7D5C758C7D9C75CC7DD5
:10646000DC750C7E1C764C7E5C768C7E9C76CC7EBD
:10647000DC760C7F1C774C7F5C778C7F9C77CC7FA5
:10648000DC772031203A2033202ABAD805E000BF3B
:1064900011F8014B03F8014B521E002AF8D130BD10
:1064A0004CB3C4F1040405E011F8015B521E03F87B
:1064B000015B641EFCB1002AF6D11CE010C9203A31
:1064C00010C310C910C351F8084B43F8084B51F8DA
:1064D000044C43F8044C51F8104B43F8104B51F85E
:1064E0000C4C43F80C4C51F8084C43F8084C51F84C
:1064F000044C43F8044C202AE0D802E010C9121FD3
:1065000010C3042AFAD804E011F8014B03F8014B38
:10651000521E002AF8D130BD10B5034605E000BF79
:1065200011F8014B03F8014B521E002AF8D110BD9F
:1065300010B5034605E000BF11F8014B03F8014B0D
:10654000521E002AF8D110BD10F0030309D0C3F188
:10655000040303E0521E00F8011B5B1E0BB1002A6E
:10656000F8D101EB012303EB014303EB01630EE0E0
:1065700008C0203A08C040F8083B40F8043C40F806
:10658000103B40F80C3C40F8083C40F8043C202A02
:10659000EED801E008C0121F042AFBD803E000BFB8
:1065A00000F8011B521E002AFAD1704710F00303B5
:1065B0004FF0000219D0C3F1040303E0491E00F8B4
:1065C000012B5B1E8BB10029F8D1704704C0203924
:1065D00004C040F8082B40F8042C40F8102B40F879
:1065E0000C2C40F8082C40F8042C2029EED801E0AF
:1065F00004C0091F0429FBD803E000BF00F8012BE9
:10660000491E0029FAD1704710F003024FF0FF0332
:106610000AD0C2F1040203E0491E00F8013B521EF9
:1066200012B10029F8D170474FF0FF320EE004C0DC
:10663000203904C040F8082B40F8042C40F8102BF7
:1066400040F80C2C40F8082C40F8042C2029EED8F7
:1066500001E004C0091F0429FBD802E000F8013B57
:10666000491E0029FAD1704710B50C46242104F1C7
:106670002400EDF793FA04F13000BDE810401C212E
:10668000EDF78CBA10B50C4601F13000EDF753FA76
:1066900004F12400BDE81040EDF74DBA2DE9F043B8
:1066A00097B00D46324801F078F801285DD12846B0
:1066B000FDF7BFFA06462846FDF7F9FA0446152EFF
:1066C00053D12846FDF7BBFA81466946204601F0C2
:1066D000B0F86A4649462046F0F7FEF86A46494651
:1066E0002046F4F78BFE6A4649462046F3F7F8FA4F
:1066F000BDF80400BDF80010401A401C00B200EBC9
:10670000D07040100E18BDF802100D1804A8FBF749
:1067100087FF4FF4003804AA4146204602F0ECFA05
:10672000204641F20102414602F022F800B200EB9D
:10673000D0704710204641F20402414602F018F89A
:1067400000B200EBD070F11B4010ADF85410291AC4
:10675000ADF85610F119ADF858102844ADF85A00AC
:1067600015AA04A94846FBF747FF17B0BDE8F08318
:10677000606102082DE9F0411D4616460F460446A9
:1067800000F040FAA068817E491CC9B28176A068F9
:1067900001EB41018900C068FFF702FEA168C860F3
:1067A000A16820B3897E6FF0030301EB41026FF013
:1067B0000B0101EB82028750A068C268807E00EB6B
:1067C000400003EB80000B1D1654A068C268807E59
:1067D00000EB400003EB80001550A068C268807E8B
:1067E00000EB400001EB80001044BDE8F081FEE7C3
:1067F0007FB50C46054602F03BFC0646E00702D09A
:10680000284602F0D4FBE8692043E861E00702D0A3
:10681000284602F0CCFB284602F02AFCB04202D106
:1068200014F0C07F07D0284601F0DEF802F059FCD2
:10683000284602F056FCE0060CD502AA6946284616
:1068400001F01AFA6946284602F0E5FB02A928463B
:1068500002F0E1FB7FBD028C11438A4201D003F0BC
:10686000AFBB70472DE9F047174688464FF6FF79D2
:10687000044600234A4639460AF0DEF8618C0025BA
:106880000426C1F3C502E06809E000BF06EBC503BA
:10689000C3585FEA831C01D4DB0102D56D1CAA42F8
:1068A000F4D84FF0806202EB71214FEAF15161841C
:1068B000C1F3C501C900FFF773FDE060608C6FF0A4
:1068C0000702C0F3C50009E0E16802EBC00C01EB70
:1068D000C0036144D1E900C1C3E900C1401EA84220
:1068E000F2D8E068082100EBC500FFF75FFEE16821
:1068F00041F83580E06806EBC501425867F317029E
:1069000042504A4639462046BDE8F04702F0C4BF2F
:1069100070B516461D460446002203F04BFC2A467D
:1069200031462046BDE8704003F020BB2DE9FF4F03
:1069300081B093468846019803F078FDB8F1000FC6
:1069400003D1019801F050F88046002425460198B3
:1069500001F04AF88146002101F03EFD0646002183
:10696000484601F025FE30440FFA80FA00214846DF
:1069700001F0B8FE304400B200900021404601F022
:106980002BFD06460021404601F012FE304407B2BE
:106990000021404601F0A6FE304406B2BBF1000FD4
:1069A0000FD0BBF1160F34D2DFE80BF0D511233432
:1069B0003F4454676913828797A1A6B5BFC5CBD161
:1069C000FDFC0021404601F0C5FC012822D03C46D8
:1069D0001EE0404600F075FF0246019801F0ECFF12
:1069E000014602EBD270401001EBD171A0EB6100C7
:1069F0004DE0404600F065FF0246019801F0DCFFE3
:106A000002EBD271491000EBD070A1EB600009E0FD
:106A10003546A0E0404600F054FF0246019801F0E0
:106A2000CBFF101A384404B2F2E73C461CE0304475
:106A300005B290E0404600F044FF0246019801F0A4
:106A4000BBFF014602EBD270401001EBD171A0EB0D
:106A5000610007E0404600F034FF0246019801F073
:106A6000ABFF101A384404B2404600F010FF024653
:106A7000019800F078FF101AD9E73C4609E040463B
:106A800000F01FFF0246019801F096FF101A3844EB
:106A900004B2404600F0FBFE0246019800F063FF9E
:106AA00002EBD271491000EBD070A1EB6000BEE7A1
:106AB000019800F058FF4042BAE7404601F07CFFE1
:106AC0000246019801F078FF014602EBD2704010B7
:106AD00001EBD171A0EB610007E0404601F06CFFD3
:106AE0000246019801F068FF101A04B2E0E7404640
:106AF00000F039FF05462EE0404601F05DFF0246FA
:106B0000019801F059FF02EBD271491000EBD070EF
:106B1000A1EB600007E0404601F04EFF02460198FD
:106B200001F04AFF101A04B2E1E7019801F044FFB6
:106B3000404204B20FE0019801F03EFF404204B22F
:106B400041E0019801F038FF404204B24EE0404677
:106B500001F032FF04460021484601F0FBFB01280A
:106B600048464CD000F0A6FFB8F8142004990A4417
:106B7000B9F81410511A0144A1EB0A00204404B2E0
:106B8000484601F063F8B8F816200E990A44B9F89F
:106B90001610511A014400980022081A284405B220
:106BA000012101E01EE00AE0019803F003FB0198D7
:106BB00005B02A462146BDE8F04F03F0D7B940465C
:106BC00001F0FAFE0446404600F0CDFE0246019870
:106BD00000F0C9FE02EBD271491000EBD070A1EBBE
:106BE000600025E7404601F0E7FE0446404600F01D
:106BF000BAFE0246019800F0B6FE101A18E700F03F
:106C0000B9FFB1E710B504468068002813D10B48DE
:106C10004168491C41601C20FFF7F4FAA06058B19C
:106C20001C21FFF7C3FCA1680F204876A068017EF5
:106C300041F00301017610BDFEE70000DC000020FA
:106C40002DE9FC410E460546012101F0E2FEE0BBC4
:106C5000284600F0CDFE044600F054FE0746FAF741
:106C60000DFAA0420ED03846FAF710FAA04209D029
:106C70003846FAF7F1F9A04204D03846FAF7E4F9B9
:106C8000A04232D14FF400273946284601F0C1FE18
:106C900028BB2846EDF711F8044605F114016846B3
:106CA000F8F787FEBDF80000001BADF80000BDF846
:106CB0000200001BADF80200BDF804002044ADF84E
:106CC0000400BDF80600204400E00EE0ADF8060028
:106CD00031466A460846EBF7FDFD002806D02846F7
:106CE00014E0012101F095FE10B10020BDE8FC8107
:106CF0003946204601F08DFE38B9314604F11402C0
:106D00000846EBF7E7FD0028F0D0204600F06CFEC7
:106D10000400E6D10120E9E72DE9F0410E460746DF
:106D2000002501F0AFFD040035D03146384601F0B2
:106D30009BFD02282FD904EBD470012101EB6004E4
:106D40003146384601F097FD20440FFA80F831466D
:106D5000384601F07BFD04463146384601F07DFDA2
:106D6000002C01DD214600E06142002801DD0246E1
:106D700000E04242914205DD002C01DD204604E0A6
:106D8000604202E0002800DC4042404400B200289B
:106D900000DA284605463146384601F0A7FB0400D4
:106DA0000ED03146384601F093FB022808D931460F
:106DB000384601F094FB2044A84200DB05462DB282
:106DC0003846314640F60A0201F0D2FC04B2384699
:106DD000314640F60B0201F0CBFC00B2844200DCED
:106DE0000446002C01DD281905B22846BDE8F081D3
:106DF00070B50D46064641F25D4201F0B9FCC4B2E1
:106E00003046294641F26A4201F0B2FC04B901243D
:106E1000204670BD002803D00068884201D10120BF
:106E200070470020704700002DE9F0410D460746ED
:106E30000026334900E00068B8B182690A42FAD0FE
:106E40008069C0F30F108046FFF7DCF9041E4BD0B9
:106E50004146FFF7ABFBC4E900754FF001086FF046
:106E6000030725B1A86848B32BE03046EBE7FAF7F3
:106E7000BDF8051E38D0EA68C2B1686A401C8100BE
:106E800068621046FFF78CFAE860696A07EB8101D7
:106E90004450A682E6820020FAF7C0F8401E208304
:106EA0000020FAF701F9401E60831CE00420FFF780
:106EB000A9F9E8600460C5F82480EAE72846FFF7EE
:106EC000A1FEA868016889B14168491C4160A868B1
:106ED00089000068FFF764FAA9680860A968496832
:106EE00007EB810144502046BDE8F0810420FFF704
:106EF00089F9A96808600460A968C1F80480F2E70C
:106F0000F0FF0F0070B5054602F0EBF8002000F02E
:106F1000A1FA284605F0BAFB284600F06FF80120D8
:106F200000F098FA4FF6FF724FF47021284602F0F5
:106F3000B3FC284602F098FCFDF7D8FA030007D00E
:106F4000284602F087F818B129461846FDF740FA9E
:106F5000284600F049FD04000DD02A462221FCF706
:106F6000ABFE2A4623212046FCF7A6FE2846BDE8B4
:106F7000704002F01CB870BD7FB50C46064602F0AA
:106F800077F80546E0060CD502AA6946304600F0BF
:106F900073FE6946304602F03EF802A9304602F020
:106FA0003AF8F069A043F061E0070ED0304601F0F6
:106FB000FEFF304602F05CF838B1304600F014FDB8
:106FC00002F08FF8304602F08CF8304602F050F8AC
:106FD000A84202D114F0C07F07D0304600F004FD73
:106FE00004B0BDE8704002F07CB87FBD028C22EA9C
:106FF00001018A4201D002F0E3BF704770B5046816
:107000000546206818B128602846FFF7F7FF2C6076
:1070100062682046002A03D02946BDE87040104728
:1070200070BD2DE9F0414D680C46FDB1284600F0D9
:1070300041FD0646284600F009FE07462846002185
:1070400041F6100201F094FBE98A41F6120208446D
:10705000C01BE082401E60832846002101F088FBAF
:10706000A98A0844801BA082401E208341F20200AE
:10707000E061002D04D043F2020043F20230E061EF
:1070800040F0740040F40060E06102D040F4004041
:10709000E061BDE8F081000010B501460348FFF74C
:1070A000C3FE0446FFF72EFF204610BD905F020886
:1070B00070B5054601F07BFF284600F095FC040002
:1070C00001D002F055FE2846A4B106F058FC00217C
:1070D000204602F01DF9204602F04AFE002222213D
:1070E0002046FCF7E9FD2046BDE87040002224213F
:1070F000FCF7E2BD00F006FC040007D02069A842BE
:10710000284604D106F03BFC0020206170BDBDE89C
:10711000704006F034BC000070B50C460846EBF732
:10712000F7FE002000F096F92046144A002102F0F4
:1071300031FC012000F08EF900212046F7F716FF00
:10714000204600F00BFC10B12046FDF7F9F9A068CD
:10715000002811D00068002518B1FFF7DDF8A068FD
:107160000560A068C06818B1FFF7D6F8A068C560D0
:10717000A068FFF7D1F8A56070BD0000FFFF0F0009
:107180002DE9F047A2B08046FCF753FD0646404685
:10719000FCF78DFD012700240546122E72D0DFF882
:1071A000A092152E6CD0182E7AD14046FCF747FDE0
:1071B000824601462846F3F7F1FA0021284601F0FD
:1071C0002EF950B105F59070FBF7EEF9060004D0EA
:1071D000FAF7CEFE3046FFF78DF80021284601F081
:1071E000F3F800285CD002A8FBF71AFA8DF80B40E0
:1071F0008DF822408DF832408DF83E4002AA0021E1
:10720000284601F079FD0021284601F09DFB8046CB
:107210000021284601F08AFB064605F11401684664
:10722000F8F7BEFBBDF80010A1EB0800BDF8041094
:10723000ADF8000001EB0800ADF80400BDF8020055
:107240005146801BADF80200BDF806003044ADF891
:10725000060010A800F0F6F802A8149068461D94E5
:10726000CDE91270CDF8449010AA1A212846FCF7F7
:1072700023FD6A4602A95046FBF7BEF9DAE001E0B9
:107280005BE00DE04046FCF710FD06460078022862
:1072900006D00021284601F0C2F820B1022030704B
:1072A00022B0BDE8F0870021284601F0C9FA8246E5
:1072B0000021284601F048FB81460021284601F0C4
:1072C00035FB804605F114016846F8F769FBBDF807
:1072D00000105246A1EB0900BDF80410ADF8000003
:1072E00001EB0900BDF80210ADF80400A1EB0800A5
:1072F000BDF80610ADF8020001EB0800ADF806007D
:1073000069467068EBF70EFB98B10021284601F042
:107310004FF8FD280DD328460021682201F028FAF5
:1073200010F0FF0F05D10021284601F0BCF8FD2820
:1073300001D23770B4E73470B2E74046FCF77FFC07
:10734000804602A8FBF76CF90021284601F03CF8C2
:1073500028B19DF82B0040F001008DF82B0002AA07
:107360000021284601F0C8FC0021284601F0ECFA73
:1073700006460021284601F0D9FA074605F1140116
:107380008A466846F8F70CFBBDF800004146801BB2
:10739000ADF80000BDF804003044ADF80400BDF8BD
:1073A0000200C01BADF80200BDF806003844ADF87D
:1073B000060010A800F046F802A814906846CDE92F
:1073C0001240CDF8449010AA1A2128461D94FCF7CB
:1073D00073FC0021284601F022F830B1BDF8080006
:1073E00018B1069E0127069401E0069E00276A4612
:1073F00002A94046FBF700F9E7B11820FEF72EFF7F
:107400000746BDF9082000235146FBF739F805F57A
:1074100090713846FAF7E8FB66B18DF80B408DF8AD
:107420002A408DF832408DF83E406A4602A9404617
:10743000069621E710AA1B212846FCF73DFC2FE702
:10744000905F020870B50D4604464821FFF7AEF87C
:10745000256070BD0149087070470000EC000020F5
:107460002DE9FF4188460846FCF7E3FB0446404609
:10747000FCF7E3FB0546012C21D0082C21D0032C7E
:107480003CD02A2C3CD00D2C4AD00E2C7ED0092C7E
:107490007DD00A2C7CD00F2C7BD0292C7AD0222CAA
:1074A00079D0132C78D0152C03D0182C01D0122CA5
:1074B00034D104B04046BDE8F041FFF761BE202161
:1074C000F9E02021FFF792FD4046FCF7EEFBFDF7C7
:1074D000FCFD002822D10821284601F09AFA002854
:1074E0001CD095F820004FF00101C007284602D0BB
:1074F000FFF77CFD30E0FFF7AEF92DE02021F7E04B
:1075000000F073F90646002406E0A868006850F809
:10751000240001F0E6FD641CB442F6D3BDE8FF810F
:10752000082101F076FAF8B14046FCF7BEFB04787A
:10753000132C06D0112C04D0142C07D0122C05D0FB
:1075400008E001212846FFF786F903E001212846DB
:10755000FFF74CFD0A2CE1D004B02846BDE8F0410D
:1075600000221C21FCF7A8BB4FF40161284601F062
:1075700050FA0028D2D0284601F05FFD0028CDD176
:107580000027284600F096FA064606E069E091E0FA
:1075900096E0ACE0B1E0CDE0F0E0284600F0EAFA99
:1075A00004464046FCF781FB007812281BD01128C6
:1075B0000CD013282BD01428B0D1284600F072FA32
:1075C000800703D0002E38DC002C36DC284600F083
:1075D000CAF90446284600F047FBE11704EB917115
:1075E000A0EBA1000BE0284600F0BDF904462846B8
:1075F00000F03AFBE11704EB917100EBA10001B23E
:1076000004B03A462846BDE8F04102F09BBB28464C
:1076100000F048FA8007E6D0002E01DC002CE2DD05
:10762000284601F0C9F90446284600F016FBE11788
:1076300004EB917100EBA1000BE0284601F0BCF9CE
:107640000446284600F009FBE11704EB9171A0EB1A
:10765000A10001B204B03A462846BDE8F04102F06C
:107660005BBB4FF4806101F0D4F918B101212846C9
:1076700002F035FB284600F071F9FCF73DFF0646A5
:107680000224FDF7E9FC10B94046FCF7E9FAFDF7E2
:1076900028FD022801D0042800D106241EB144F0A0
:1076A0000801284607E021462846FFF7D4F80821BC
:1076B00028461DE0402104B0BDE8F041FFF7CBB8FB
:1076C0004021FFF793FC284600F0FEFD02287FF4DE
:1076D00025AF02AA6946284600F0CEFA6946284638
:1076E00001F099FC02A9284601F095FC16E70E214D
:1076F00004B0BDE8F041FFF779BC002100F00AFEBC
:1077000004460021284600F0B2FE204302D028465D
:1077100001F0E7FC284600F068F80646002406E081
:10772000A868006850F8240001F0DBFC641CB44237
:10773000F6D3F3E6002141F2010201F019F806B296
:107740002846002141F2040201F012F804B200219F
:10775000284600F0DFFD07460021284600F087FE9E
:10776000384305D142F2D170864201D08442BDD166
:1077700004B02846BDE8F04101F0B3BC4046FCF738
:1077800094FA044600212846FFF7C6FAB4F900101F
:10779000814200DD08462080C0E610B50C4600B9E5
:1077A0006068006868B101690029FAD00021E160D1
:1077B000026921469047217E0120C90700D00020A0
:1077C00010BD012010BD8068002809D0002902DA10
:1077D0004268511803D443680A468B4201D80020FE
:1077E0007047006850F8220070478068002800D079
:1077F0004068704770B50C46054600F114012046FC
:10780000F8F7D7F8A868002812D02188808A081ACB
:107810002080A968A088898A0844A080A968608817
:10782000898A401A6080A968E088898A0844E080D3
:1078300070BD70B50C460546002100F0CDFD064632
:107840002146284600F057F8704202B21146204601
:10785000F8F73EF90021284600F0AAFE21880844E6
:1078600020800021284600F0E9FEA188081AA080A7
:107870000021284600F036FF61880844608000211E
:10788000284600F041FEE188081AE08070BD70B51E
:107890000446002100F026FF05460021204600F0A6
:1078A00033FE06460021204600F096FD02462046A3
:1078B00000F059F8401B801B514200EB410000B220
:1078C00070BD70B50446002100F072FE054600212F
:1078D000204600F0B3FE06460021204600F07CFD65
:1078E0000246204601F068F8401B801B514200EB25
:1078F000410000B270BD0A4600F114011046F8F7CD
:1079000058B8000010B5416809B100F071F804469C
:107910000A48ECF726F90EE00021426A05E0C36848
:1079200053F82130A34208D0491C8A42F7D80146B7
:107930000248ECF728F90028EED110BDB0B60020BF
:107940008068002803D0827E8A4201D800207047D8
:10795000C06801EB410100EB81007047806800289E
:1079600000D080687047418BC08A081A401C00B262
:10797000704770B5064600F037F8050001D00024C6
:107980000AE0002070BD21462846FFF71CFFB042E8
:1079900001D1204670BD641C2846FFF726FFA04297
:1079A000F1D84FF0FF3070BDF0B4468C00240425B0
:1079B000C6F3C50613E000BFC76805EBC40C57F853
:1079C0000C705FEAC71C09D527F07F479F4205D19D
:1079D000C06850F83400F0BC03F054BE641CA642EA
:1079E000EAD8F0BC00207047002800D040687047FB
:1079F00000B50146FFF7F8FF0028FAD1084600BDA0
:107A00002DE9F047DFF8948006464446FFF7EDFE87
:107A100007460025DFF888A00EE0B06851460068F0
:107A200050F82500814600F0FBFF20B9B9F91A0093
:107A3000A04200DB04466D1CBD42EED3002130465F
:107A400000F057FE81460021304600F064FD0746F5
:107A50000021304600F0C7FC0546444504D0708B39
:107A6000C01B401B201A04B2304600F035FC804693
:107A70003046FFF778FFA0EB0900C01B694200EB1E
:107A80004101A8EB0101304600F0EEF8081A00B2FF
:107A9000844200DD2046BDE8F087000001E0FFFFE2
:107AA00001000400806818B1407E00F00F007047AC
:107AB0000F2070472DE9F84F0646002100F051FCD9
:107AC000012807D0B068002802D0008A404200B2E6
:107AD000BDE8F88F0021304600F0B7FD009000218E
:107AE000304600F06CFD81460021304600F07BFC02
:107AF000804641F6FF7A54463046FFF776FE074649
:107B000000250EE0B0681949006850F8250083464A
:107B100000F086FF20B9BBF91400A04200DC044647
:107B20006D1CBD42EED3544506D0B28A09EB080065
:107B30001044001B04B200E00D4C304600F0DAFBAC
:107B40000546304600F038FF0099411AA1EB0901C3
:107B5000C8F1000001EB4000291A304600F07DF822
:107B6000084400B28442B3DD2046B1E701000400BE
:107B700001E0FFFF2DE9F0470646002100F0F1FB90
:107B800001280AD0DFF8A08030464446FFF72DFEDA
:107B900007460025DFF894A015E0B068002801D062
:107BA000B0F91000BDE8F087B0685146006850F8A1
:107BB0002500814600F034FF20B9B9F91800A04231
:107BC00000DB04466D1CBD42EED30021304600F0C0
:107BD0003CFD07460021304600F0F1FC81460021C3
:107BE000304600F000FC0546444504D0308BC01BF5
:107BF000401B201A04B2304600F07CFB8046304621
:107C000000F0DAFEC11BA1EB0900694200EB410163
:107C1000A8EB0101304600F020F8081A00B28442B7
:107C2000C0DD2046BEE7000001E0FFFF01000400C8
:107C30008068002802D0007EC0F381007047806811
:107C4000002802D0007EC0F3011070478068002831
:107C500002D0408A404200B270478068002802D0BB
:107C6000008A404200B270478068002802D0408AF3
:107C7000404200B2704700002DE9F04F91B0164627
:107C80000C464FF0FF37054600223B461146204682
:107C90000097F7F737FF00223B4611463046009722
:107CA000F7F730FF1021284600F0B3FE002816D069
:107CB000284600F009FB070011D00020FDF7D6F997
:107CC0008046022F08D010E0FDF7FFF9A84209D046
:107CD0004046FDF7CBF98046B8F1000FF4D111B062
:107CE000BDE8F08FB8F1000FF9D02846FFF7AEFFDE
:107CF00005902846FFF784FE0C902846FFF7DAFE31
:107D00000A902846FFF736FF08902846FFF7CAFE7C
:107D10008146002019F00C0F009014D0012F10D0D4
:107D2000032F02D0022F07D00DE00598002808DCB1
:107D30000C98002805DC06E04046FDF7B7F90C2852
:107D400001D101200090002009905FEA897014D0D1
:107D5000012F10D0032F02D0022F07D00DE00A9878
:107D6000002808DC0898002805DC06E04046FDF7FE
:107D70009DF9032801D10120099000990998084331
:107D8000ADD04FF480373946284600F0EAFA012892
:107D900000D000200E903946284600F0AAFC06903C
:107DA0003946284600F0B7FB0F903946284600F0C8
:107DB00006FC80463946284600F047FC81462846A6
:107DC00041F20102394600F0D3FC0FFA80FB28464D
:107DD000FFF7C9FD0490284600F0EEFD03900098DF
:107DE00000B158468246099800B15846109028467E
:107DF0003946212200F0BCFCC0B2022808D2284635
:107E00003946312200F0B4FCC0B20228FFF467AF5B
:107E1000DDE9040101440C98A027084400B20B904E
:107E20000098002870D00B980028FBD0E88A70805A
:107E3000688BF0800E9840B1A98A01EB0800308071
:107E4000ABF101010844B08007E0298BA1EB0900E8
:107E5000B080A0EB0B00401C308006990498411ABA
:107E60000F98091A1098081A0499009048430B9922
:107E700090FBF1F000B205900020F9F7BDF800EB9F
:107E80008001502000EB4100B0F5A07F0ADB00200C
:107E9000F9F7B2F800EB8001502000EB410090FBB5
:107EA000F7F000E001200599884201DA084616E063
:107EB0000020F9F7A1F800EB8001502000EB410011
:107EC000B0F5A07F0ADB0020F9F796F800EB8001FF
:107ED000502000EB410090FBF7F000E001200099FA
:107EE00000B2091A0AB2049B0B99C91A09B20029F7
:107EF0000BDCE98A069808447080698B0F98091A90
:107F00001098081A401EF08090E00C9B12FB03F3BF
:107F100093FBF1F1511A069AEB8A1144194409B204
:107F2000401E71800844F080B5F916200698104470
:107F3000814238DA70800020F9F75EF800EB8001AA
:107F4000502000EB4100B0F5A07F0ADB0020F9F7DC
:107F500053F800EB8001502000EB410090FBF7F05C
:107F600000E00120B6F902100844B6F90610884274
:107F700019DD0020F9F740F800EB8001502000EBFC
:107F80004100B0F5A07F0ADB0020F9F735F800EBDF
:107F90008001502000EB410090FBF7F000E0012051
:107FA00071880844F080B5F91A201098B6F90610C7
:107FB000121A0F98101A814238DDF0800020F9F76C
:107FC0001BF800EB8001502000EB4100B0F5A07FD2
:107FD0000ADB0020F9F710F800EB8001502000EBDD
:107FE000410090FBF7F000E00120B6F90610081AF6
:107FF000B6F90210884219DA0020F8F7FDFF00EB0D
:108000008001502000EB4100B0F5A07F0ADB00208A
:10801000F8F7F2FF00EB8001502000EB410090FBED
:10802000F7F000E00120F188081A70800A9903989F
:1080300001440898084400B20490099800283FF4CD
:108040004EAE04980028FAD0698B0F98081AE08089
:10805000A0EB0B00401C6080A88A2080288BA080A9
:108060000399A1EB0801A1EB0901A1EB0A00039917
:1080700000904843049990FBF1F000B20290002078
:10808000F8F7BAFF00EB8000502606EB40004FF4F3
:10809000A07B584509DB0020F8F7AEFF00EB80001D
:1080A00006EB400090FBF7F000E0012002998842C7
:1080B00001DA084613E00020F8F79EFF00EB80008D
:1080C00006EB4000584509DB0020F8F795FF00EB70
:1080D000800006EB400090FBF7F000E001200099E3
:1080E00000B2091A0AB2DDE90331C91A09B200293E
:1080F00016DCA98A0E9840B14144AAF10100084457
:108100002080298BA1EB090008E001EB080020800A
:10811000298BA1EB0901A1EB0A00401EA080DEE53E
:10812000089B12FB03F393FBF1F1511A0E9A09B26B
:10813000EAB3AA8A401E531808EB0A02991809B23A
:1081400021800844A080B5F914001044884233DD32
:1081500020800020F8F750FF00EB800006EB400085
:10816000584509DB0020F8F747FF00EB800006EBDD
:10817000400090FBF7F000E00120B4F90010084443
:10818000B4F90410884217DD0020F8F735FF00EB42
:10819000800006EB400058450ADB0020F8F72CFF72
:1081A00000EB800006EB400090FBF7F001E03AE0C6
:1081B000012021880844A080B4F90410B5F91820E2
:1081C00078E0A0800020F8F717FF00EB800006EBB6
:1081D00040005D46A84273DB0020F8F70DFF00EB7E
:1081E000800006EB400090FBF7F000BFB4F90410EC
:1081F000081AB4F90010884291DA0020F8F7FCFE62
:1082000000EB800006EB4000A8425BDB0020F8F7A3
:10821000F3FE00EB800006EB400090FBF7F0A18836
:10822000081A20805BE5AB8A4144194409B2401E1C
:1082300021800844A080B5F9142002EB0800814297
:1082400032DA20800020F8F7D7FE00EB800006EB42
:108250004000584509DB0020F8F7CEFE00EB800017
:1082600006EB400090FBF7F000E00120B4F90010AD
:108270000844B4F90410884216DD0020F8F7BCFE6B
:1082800000EB800006EB4000584509DB0020F8F7C2
:10829000B3FE00EB800006EB400090FBF7F000E03F
:1082A000012021880844A080B5F91820B4F90410F1
:1082B000A2EB0A02A2EB0900814282DC0FE5FFE794
:1082C000012093E70120AAE7806818B1007E00F042
:1082D000030070470320704708B505496A4649689E
:1082E00000912C21FBF7E8FCBDF9020008BD00005D
:1082F000AC5F020808B505496A46096800912C215F
:10830000FBF7DAFCBDF9000008BD0000AC5F020815
:10831000008C704710B541F2090200F029FAC0B292
:1083200010BD10B541F2090200F022FAC0B210BD32
:10833000662200F01DBA10B5512200F019FA00288B
:1083400000D0012010BD10B54FF4056200F010FA06
:1083500000B210BD10B541F26A4200F009FAC0B295
:1083600010BD10B541F26A4200F002FAC0B210BD71
:1083700010B541F26A4200F0FBF9C0B210BD10B571
:1083800041F26A4200F0F4F9C0B210BD10B541F2FA
:108390006A4200F0EDF9C0B210BD10B541F26A4278
:1083A00000F0E6F9C0B210BD44F2200200F0E0B9DE
:1083B00010B5212200F0DCF9C0B210BD10B5682262
:1083C00000F0D6F9C0B210BD10B5342200F0D0F9DB
:1083D000002800D0012010BD10B541F2320200F09B
:1083E000C7F900B210BD10B541F2320200F0C0F979
:1083F00000B210BD10B541F2320200F0B9F900B27E
:1084000010BD10B541F2320200F0B2F900B210BD59
:1084100010B541F2320200F0ABF900B210BD10B558
:10842000612200F0A5F9002800D0012010BD000055
:10843000034A10B5128900F09BF9C0B210BD0000CC
:108440001401002010B541F2040200F091F900B2CD
:1084500010BD10B541F2040200F08AF900B210BD5F
:1084600010B541F2040200F083F900B210BD10B55E
:1084700041F2690200F07CF980B210BD10B541F202
:10848000690200F075F980B210BD10B541F2060224
:1084900000F06EF900B210BD10B541F2050200F017
:1084A00067F900B210BD10B540F2624200F060F909
:1084B000C0B210BD10B540F2624200F059F9C0B22E
:1084C00010BD10B540F2624200F052F9C0B210BDCA
:1084D00010B540F63C0200F04BF9C0B210BD10B52B
:1084E00040F63D0200F044F900B210BD10B540F670
:1084F0003A0200F03DF900B210BD10B541F611028C
:1085000000F036F900B210BD10B541F6110200F0CE
:108510002FF900B210BD10B541F6110200F028F994
:1085200000B210BD10B541F6110200F021F900B201
:1085300010BD10B541F6110200F01AF900B210BDDD
:1085400010B541F6110200F013F900B210BD10B5DC
:1085500041F6110200F00CF900B210BD10B541F661
:10856000110200F005F900B210BD10B541F611027C
:1085700000F0FEF800B210BD10B541F6150200F093
:10858000F7F800B210BD10B541F6150200F0F0F892
:1085900000B210BD10B541F6150200F0E9F800B2C6
:1085A00010BD10B541F6120200F0E2F800B210BDA5
:1085B00010B541F6120200F0DBF800B210BD10B5A4
:1085C00041F6120200F0D4F800B210BD10B541F629
:1085D000120200F0CDF800B210BD10B541F6120243
:1085E00000F0C6F800B210BD10B541F6120200F05E
:1085F000BFF800B210BD10B541F6120200F0B8F895
:1086000000B210BD10B541F6120200F0B1F800B290
:1086100010BD10B541F6120200F0AAF800B210BD6C
:1086200010B541F6120200F0A3F800B210BD10B56B
:1086300041F6130200F09CF800B210BD10B541F6EF
:10864000130200F095F800B210BD10B541F6130208
:1086500000F08EF800B210BD10B541F6130200F024
:1086600087F800B210BD10B541F6130200F080F893
:1086700000B210BD10B541F6130200F079F800B257
:1086800010BD10B541F6130200F072F800B210BD33
:1086900010B541F6130200F06BF800B210BD10B532
:1086A00041F6130200F064F800B210BD10B541F6B7
:1086B000140200F05DF800B210BD10B541F61402CE
:1086C00000F056F800B210BD10B541F6140200F0EB
:1086D0004FF800B210BD10B541F6100200F048F896
:1086E00000B210BD10B541F6100200F041F800B222
:1086F00010BD10B541F6100200F03AF800B210BDFE
:1087000010B541F6100200F033F800B210BD10B5FC
:1087100041F6100200F02CF800B210BD10B541F681
:10872000100200F025F800B210BD10B541F610029D
:1087300000F01EF800B210BD10B541F6100200F0B6
:1087400017F800B210BD10B541F6100200F010F895
:1087500000B210BD10B541F6100200F009F800B2E9
:1087600010BD10B541F6100200F002F800B210BDC5
:108770002DE9F04186B00C4606461546C2F3802826
:10878000C2F380379FB122F4804510E002AB2A4645
:1087900021463046F4F7A3FD60BBB8F1000F08D0C6
:1087A0000CB1002403E03046FFF71EF90646002E08
:1087B000ECD13CB941F201018D4207D0A5F58050C2
:1087C000043803D0284602F097FF12E0306807E033
:1087D0008D4202D1828A3AB901E0C28A12B9006898
:1087E0000028F5D18D4202D1B0F9140001E0B0F9B2
:1087F0001600029017B30298350000901AD0304648
:1088000021466322FFF7B4FF060012D0306880B122
:10881000284621466422FFF7ABFF10F0FF0208D084
:1088200033683046009998470190BDF80400ADF8D0
:1088300000000098029006B0BDE8F0810298FAE7C7
:1088400010B56022FFF794FF00B210BD10B540F6DE
:108850004102FFF78DFF00B210BD10B540F6420295
:10886000FFF786FF00B210BD10B540F64502FFF7D6
:108870007FFFC0B210BD10B540F64302FFF778FF8E
:1088800000B210BD10B54FF40462FFF771FF00B2E3
:1088900010BD44F25742FFF76BBF41F25942FFF758
:1088A00067BF41F25942FFF763BF41F25942FFF7F8
:1088B0005FBF41F25942FFF75BBF41F25942FFF7F8
:1088C00057BF41F25942FFF753BF10B541F25A4228
:1088D000FFF74EFF00B210BD10B541F25A42FFF74C
:1088E00047FF00B210BD10B541F25B42FFF740FFF9
:1088F00000B210BD10B541F25B42FFF739FF00B284
:1089000010BD10B541F25B42FFF732FF00B210BD5F
:1089100010B541F25B42FFF72BFF00B210BD10B55E
:1089200041F25B42FFF724FF00B210BD10B540F6E4
:108930000B02FFF71DFF00B210BD10B540F60B0291
:10894000FFF716FF00B210BD10B540F60A02FFF7A0
:108950000FFF00B210BD10B540F60A02FFF708FF86
:1089600000B210BD10B541F20102FFF701FF00B2E5
:1089700010BD10B541F20102FFF7FAFE00B210BDC2
:1089800010B541F20102FFF7F3FE00B210BD10B5C1
:1089900041F20102FFF7ECFE00B210BD10B541F24A
:1089A0000702FFF7E5FE00B210BD10B541F2080264
:1089B000FFF7DEFE00B210BD018B808A081A401C52
:1089C00000B2704770B50546FFF70EF8040012D0EC
:1089D000E88AE18A451A2046FFF746F90544002156
:1089E0002046FFF77FFE2D1A00212046FFF7F4FCFA
:1089F000281A00B270BDB5F9160070BD10B5044656
:108A0000FFF7E0FF02462046FEF7ADFF104400B23C
:108A100010BDC069814301D000207047012070471C
:108A2000C069084000D001207047008C084000D089
:108A3000012070477FB50D4606460221FFF7E9FF8A
:108A4000002820D080213046FFF7EFFFE8B902A9C7
:108A50003046FEF7CFFE0022294602A8EAF722F8A8
:108A6000040012D04FF480313046FFF7D2FF70B1CE
:108A700001208DF8040000956A4611213046FBF76D
:108A80001BF99DF8040004B070BD0020FBE72046F0
:108A9000F9E7F8B514460D4606464FF40562FFF7B0
:108AA00067FE00B26080002839D030462946532244
:108AB000FFF75EFEC0B22073022830D92946304647
:108AC000FFF7F8FCFD2804D2217B11FB00F0000A1F
:108AD0002073207B022822D93046294644F25202D4
:108AE000FFF746FE0090BDF8000020803046294682
:108AF0005422FFF73DFEA060304629465122FFF781
:108B000037FE00B10120617B60F382016173294669
:108B10003046FFF753FC617B60F301016173F8BDE0
:108B2000F8B514460E4605464622FFF721FEC0B2B0
:108B3000E07202283CD931462846FFF7BBFCFD28ED
:108B400004D2E17A11FB00F0000AE072E07A022818
:108B50002ED9002020804FF480706080288BA98A55
:108B60004822401A401C00B200EBD0704010A08098
:108B7000688BE98A401A401C00B200EBD0704010AC
:108B8000E08028463146FFF7F3FD10F0FF00A072A9
:108B900009D02846314644F24702FFF7E9FD00902C
:108BA000BDF80000208131462846FFF707FC2073FE
:108BB000F8BDF8B514460D4606464FF48B62FFF734
:108BC000D7FDC0B2A076022841D929463046FFF72A
:108BD00071FCFD2804D2A17E11FB00F0000AA076F2
:108BE000A07E022833D929463046FFF752FE009076
:108BF000BDF80000A0813046294641F25A42FFF7F5
:108C0000B7FDA0823046294641F25B42FFF7B0FD36
:108C100060823046294640F25C42FFF7A9FDA17F01
:108C200060F30201A17729463046FFF7C7FBA17F19
:108C300060F3C501A17729463046FFF72EFE20607C
:108C40003046294641F25D42FFF792FD2077F8BD9C
:108C5000F8B514460D46064640F64902FFF788FD72
:108C600000B26080002846D0304629464E22FFF7E9
:108C70007FFDC0B2207202283DD929463046FFF759
:108C800019FCFD2804D2217A11FB00F0000A2072A1
:108C9000207A02282FD93046294644F24D02FFF7A8
:108CA00067FD0090BDF800002080304629464A222A
:108CB000FFF75EFD00B2A08028B1304629464B2266
:108CC000FFF756FDE080304629464C22FFF750FD65
:108CD00008B1012100E00021607A61F3820081087F
:108CE00061F3C300607229463046FFF767FB617A83
:108CF00060F301016172F8BD2DE9F84314460D4699
:108D000006466022FFF734FD208025B12946304613
:108D1000FFF7D0FB00E0FF20804629463046FFF7F2
:108D2000C9FB0746022802D9B8F1020F09D8002072
:108D3000E07084F8220084F8360084F82A00BDE848
:108D4000F88329463046FFF739FBA070E078002809
:108D500051D0304629462122FFF70AFDC0B2E0700B
:108D6000022848D929463046FFF71EFB0090BDF87F
:108D70000000A080304629462622FFF7F9FC0100BA
:108D800007D0487A400704D00A22A01DFDF730FB27
:108D900031E0304629462322FFF7EAFCE17B60F30D
:108DA0000201E17348071DD029463046FFF7FCFA5F
:108DB0000090BDF80000E0803046294644F22202CF
:108DC000FFF7D6FC0090BDF80000608130462946D0
:108DD0002422FFF7CDFC2072304629462522FFF7DA
:108DE000C7FC2073304629462722FFF7C1FCE17BF0
:108DF00060F3C501E1733046294641F23202FFF7C4
:108E0000B7FC00B2208408B394F82200F0B13046D9
:108E100029463122FFF7ACFCC0B284F822000228B8
:108E200014D9304629463322FFF7A2FC94F82310C8
:108E300044F2300260F3450184F82310304629469D
:108E4000FFF796FC0090BDF80000E083294630460D
:108E5000FFF74CFBE084C8B194F82A00B0B1294672
:108E60003046FFF735FB84F82A0002280ED9294640
:108E70003046FFF734FB20853046294644F23B025A
:108E8000FFF776FC0090BDF80000A084A07E68B3D8
:108E90003046294640F62802FFF76AFC206128B3D5
:108EA000304629462922FFF763FCC0B2A07602288B
:108EB0001CD92069FCF787F802286AD03046294679
:108EC00044F22A02FFF754FC0090BDF80000208312
:108ED000304629462B22FFF74BFCE07630462946E8
:108EE0002C22FFF745FC00B10120207794F83600D2
:108EF00050B329463046FFF7C5FCE08520B394F80F
:108F00003600022820D929463046FFF7ADFC84F808
:108F10003600022818D929463046FFF797FC2086EC
:108F200029463046FFF799FC608629463046FFF710
:108F3000A2FCA0863046294644F24402FFF718FC02
:108F40000090BDF80000A085B8F1FD0F02D218FB1B
:108F500007F0070AFD2FBFF4F2AE14F8030F10FB61
:108F600007F0000A04F8140BE07810FB07F0000A81
:108F7000E070E07A10FB07F0000AE072E07F10FB7F
:108F800007F0000AE077E07C10FB07F0000AE074CD
:108F9000D5E629463046FFF780FC60612946304619
:108FA000FFF777FC0090BDF8000020839EE77CB5BA
:108FB00005464FF4002403E02846FEF715FD05465C
:108FC000FEF712FD28B121462846FFF722FD0028B2
:108FD000F2D12846EAF771FE044605F1140168460D
:108FE000F6F7E7FCBDF800006946001BADF800008D
:108FF000BDF80200001BADF80200BDF804002044DB
:10900000ADF80400BDF806002044ADF8060028467F
:1090100000F001F87CBD1CB504466846F6F7C9FCB3
:1090200069462046FDF70CFE002805D02046FEF7D5
:1090300069FC6946EAF722FD1CBD0068002808D0DB
:10904000017E8907F9D0007E00F00300012800D0DE
:10905000002070470068002809D0017E11F00C0F35
:10906000F8D0007EC0F38100012800D000207047B6
:1090700010B504460849FFF7D3FC08B1002010BD25
:109080002046FEF7B1FC0028F9D00021FFF7F6F9E1
:109090000028F4D0012010BD010006007CB5054673
:1090A000EAF70BFE044605F114016846F6F781FC69
:1090B000BDF800006946001BADF80000BDF80200D5
:1090C000001BADF80200BDF804002044ADF8040018
:1090D000BDF806002044ADF806002846FDF7B0FDB7
:1090E0007CBD10B5418C41F001014184FEF780FC4C
:1090F000418C41F002014184FEF704FC40680028E5
:1091000003D0BDE8104003F04BBC10BD2DE9F04783
:109110009946174688468246FEF767FB06460025B5
:1091200023E000BFDAF80800B9F1000F006850F83A
:10913000254005D04FF480212046FFF76AFC98B9FE
:10914000A18A002301EB0800A082E08A3A46384455
:10915000E082218B01EB08002083608B414638447C
:1091600060832046FFF7D2FF6D1CB542DAD3BDE81D
:10917000F0872DE9FF47456816460F4604469DB324
:1091800000212846FFF714FA804600212846FFF701
:10919000A9FA81464FF480212046FFF73AFC48B1F6
:1091A000A98A07EB0800084407B2E98A06EB090020
:1091B000084410E02846FEF750FDAA8A02EB080199
:1091C000081A384407B22846FEF74EFDEA8A02EB39
:1091D0000901081A304406B200212846FFF7FCF8BE
:1091E000391830440FB206B2A08A381A07B2E08AA2
:1091F000301A06B20FB9002E40D02046FFF7D7FE36
:1092000002A92046FEF777FB4FF0000875B16946CA
:109210002846FEF70EFB0022694602A8E9F782FB0A
:109220005FEA000802D1284600F0A2FDA08A32467B
:109230003844A082E08A39463044E082208B002303
:1092400038442083608B304460832046FFF75EFF04
:109250008DB1224622212846FAF72EFD2046FFF73F
:10926000A6FE0022694604F11400E9F75BFBB8F1A1
:10927000000F07D104E02046FFF799FEBDE8FF8705
:109280000028FBD0284600F073FDF7E770B50C000E
:10929000064604D5FEF7A8FBFEF7A7FA04443046BD
:1092A000FEF767FB02463046FEF79EFB0546002CA4
:1092B0002DDBFEF79AFAA04229DD944227D015DA79
:1092C0006FF00301A24214DDA86801EB820300687D
:1092D000C35840F82230521EF4E7A86801EB82031D
:1092E0000068C35840F82230521C00E00421A2421A
:1092F000F3DBA86800222221006840F82460284699
:10930000FAF7DAFC2846BDE87040FFF750BE70BDA2
:109310002DE9F0410D460646FEF791FCA0B9304616
:10932000FEF794FC04463046FEF76AFB00280BDA91
:10933000002C09DD4042844200DB044622B22B4669
:109340000021304600F0C0FB3046FEF771FC0028DB
:1093500025D13046FEF7AEFB04463046FEF70AFC48
:10936000074600213046FEF7FCFF01280BD0002FF6
:1093700015DA002C13DD7842844200DB044621B26A
:109380002B46002206E0002C09DA002F07DD2B46D1
:10939000002221463046BDE8F04100F095BBBDE813
:1093A000F0812DE9F14F82B00298FFF761FE0028AD
:1093B0007DD10298FEF718FB009000210298FFF77C
:1093C000EDFA824600210298FFF7EFFA074600986F
:1093D00068B1FEF776FA81460098FEF758FA05461E
:1093E000CAF341304FF0640B012803D012E03A4633
:1093F000514694E02AF4C040B0F5FA6F0ADCB0F5AB
:109400007A7F01DDC0F57A7000FB09F090FBFBF07C
:109410000FFA80FAC7F3413001280DD127F4C0407C
:10942000B0F5FA6F08DCB0F57A7F01DDC0F57A702F
:10943000684390FBFBF007B2002143F20C02029854
:10944000FFF796F906B2002143F20D020298FFF7EA
:109450008FF902B20298FFF7AFFA80460298FEF742
:1094600082FA0446C6F3413001280ED126F4C040EA
:10947000B0F5FA6F09DCB0F57A7F01DDC0F57A70DE
:1094800000FB08F090FBFBF006B2C2F3413001286C
:109490000FD122F4C040B0F5FA6F0ADCB0F57A7F44
:1094A00001DDC0F57A70604390FBFBF000E056E010
:1094B00002B20AEB060006B2B81807B20021029801
:1094C000FEF72FFF50B1012827D0801E082824D294
:1094D000DFE800F00B13202B3318383B00210098F5
:1094E000FEF738FF012808D017E009EBD9714910C1
:1094F00008EBD870A1EB600001E0A9EB0800304454
:1095000006B20AE005EBD570401004EBD471A0EB75
:10951000610000E0281B384407B23A463146029801
:1095200003B0BDE8F04FFFF724BE09EBD971491035
:1095300008EBD870A1EB600001E0A9EB0800304413
:1095400006B2E7E7A9EB080006E009EBD97149107C
:1095500008EBD870A1EB6000304406B2D2E7BDE85A
:10956000FE8F2DE9F04F0446408C87B0410501D5B0
:1095700080057ED42046FEF737FA5FEA000878D0EF
:109580002046FEF797FA0190608C002640054FF4C4
:10959000FA6B42F2D17A03D52046FFF70DFA5FE06D
:1095A00000212046FFF7DEF90546504501D101268E
:1095B00000E00026C5F34130012805D125F4C04064
:1095C000584501DC012000E0002081464046FEF7BE
:1095D00078F9074626B12046ECF740FA05462BE01D
:1095E000B9F1000F28D0B8F82200400518D40021A6
:1095F0004046FFF7B7F9504512D100212046FEF74B
:10960000EBFE054600212046FEF7D2FF00EB0509E0
:1096100000212046FFF712F8411901EB09000AE08A
:1096200025F4C040B0F57A7F01DDC0F57A7078434B
:10963000642190FBF1F005B22046002141F20202C4
:10964000FFF796F80FFA80F92046002141F2030255
:10965000FFF78EF802B23B4649462846F7F79AF9DB
:1096600007462046FEF7F2FA00904FF00009608CA2
:1096700000E06FE0800503D52046FEF774F955E061
:1096800000212046FEF7DEFEA0F51C510546D1392B
:1096900006D000208146C5F34130012802D007E002
:1096A0000120F7E725F4C040584501DC012000E027
:1096B000002083464046FEF7EAF88246B9F1000FE3
:1096C00004D02046ECF758F905461BE0BBF1000F2B
:1096D00018D0B8F82200800507D400214046FEF7D4
:1096E000B1FEA0F51C51D13938D025F4C040B0F5F9
:1096F0007A7F01DDC0F57A7000FB0AF0642190FBEF
:10970000F1F005B22046002141F20502FFF730F8E2
:109710000FFA80FB2046002141F20602FFF728F8ED
:1097200002B2534659462846F7F7FFF8054656EA6F
:10973000090605D0DDE900210023204600F0C1FA2A
:109740002046FFF739F9B8421BD12046FEF70BF946
:10975000A84216D1002007B0BDE8F08F00212046B6
:10976000FEF73AFE054600212046FEF7BBFF00EB60
:10977000050B00212046FEF7C7FE411901EB0B0047
:10978000BFE72046FFF713FC02A92046FEF7B3F817
:1097900004A94046FEF74DF8002204A902A8E9F703
:1097A000C1F8060002D1404600F0E2FAE08A6D1EE0
:1097B0002844608300212046FEF7CCFD01281CD000
:1097C000A08A7F1E3844208302AA29212046FAF766
:1097D00073FA224622214046FAF76EFA2046FFF736
:1097E000E6FB00212046FFF793FD002204A904F1C7
:1097F0001400E9F797F836B904E0208BC01B401C31
:10980000A082E1E710B1404600F0B2FA0120A2E7E1
:1098100038B50446EAF751FA05460020ADF80000D5
:109820006A4613212046FAF747FABDF90000A8421C
:1098300002D02046FFF7BBFBA06818B1BDF80010AE
:10984000C18209E0BDF8000030B12046FDF7DAF929
:10985000A168BDF80000C882BDF90000A84202D08E
:109860002046FFF7A4FB38BD70B505460021FFF781
:1098700079F8044600212846FEF7E4FD42F2D17152
:109880008C4203D0884201D0002070BD2846FFF7EB
:1098900028FC012070BD00002DE9F04706462C4849
:1098A00014460D46007800284FD03046FFF77FFB66
:1098B00005F47F05E0044FF470294FF6FF771ED5BD
:1098C0004D4514D09DB13046002141F20402FEF70F
:1098D0004FFF00B242F2D178404508D03046002117
:1098E00041F20102FEF744FF00B2404514D10022CC
:1098F0002A213046FAF7E0F93046FFF7F2FB4D45F2
:1099000000D04DB9BC4201D0A00405D53046FEF7C9
:109910006BF808B1FFF7E5FBBC4201D0200502D58A
:109920003046FFF775FF3046FFF741FBBC4204D0DD
:1099300060050AD514F4C05F07D0B5F5803F04D0A8
:109940003046BDE8F04705F018B8BDE8F0870000E4
:10995000EC000020F0B4448C00230425C4F3C504BB
:109960000BE000BFC66805EBC307F659F70103D546
:1099700026F07F46964202D05B1C9C42F2D89C4265
:1099800002D1F0BC00207047C06850F83300F0BC32
:1099900001F030BF2DE9F05F4FF6FF7A0F0005466A
:1099A0001FFA82F802F47F09564602D0F87900B90E
:1099B00000260024214659E0EA68042000EBC40B8D
:1099C000964652F80B00C0F307424FEA024C52464B
:1099D00083B2904501D0434509D1B9F5702F01D02C
:1099E000CC4504D12FB15EF83430BB4201D0641CA9
:1099F0003CE0800104D500234946284607F01CF8C6
:109A0000E86850F80B10CA0101D489010CD550F850
:109A1000340001F052FFE86850F83400FCF77CFC99
:109A2000E968002041F83400204608220AE0E9688D
:109A300002EBC00C01EBC0036144401CD1E900C142
:109A4000C3E900C1698CC1F3C501491E8142EED84A
:109A5000688CC108491E61F3C8006884C0F3C50062
:109A6000C100E868FCF79CFC0121E860688CC0F349
:109A7000C500A042A0D8002908D0002E06D032464A
:109A800049462846BDE8F05FFFF706BFBDE8F09FF6
:109A900070B506460B480078002812D000200CE074
:109AA000002506E0E06850F82510304605F041F842
:109AB0006D1C606AA842F5D82046F7F7D5FA040075
:109AC000EED170BDEC0000202DE9F04116460746AE
:109AD00090B00D4651EA060076D0012B19D03C49D2
:109AE0003846F5F743FA04463A493846F5F73EFA60
:109AF000804632462946384605F0D0F954EA080433
:109B000062D010B03846BDE8F04100220A21FAF7D1
:109B1000D3B83846FDF7F6FE80466846F5F76AFA90
:109B20002D484FF4C874009703902DB34046F7F7C3
:109B300075FA40102A460021F5F7C3FAC82801D269
:109B4000C82002E0A04200D920460A903846FEF71D
:109B500084F84142281ACDE908101E4801901F4898
:109B6000079106906A4609213846FAF7A5F80128B8
:109B70002AD16846F5F7B2FA002E25D04046F7F70D
:109B800093FA401032460021F5F79BFAC82801D21B
:109B9000C82002E0A04200D920460A903846FEF7CD
:109BA00063F84142301ACDE90810094801900B488A
:109BB000079106906A4609213846FAF77DF8012890
:109BC00002D16846F5F78AFA10B0BDE8F0810000CE
:109BD00061EF010849EF0108F5EB01085BF00008AF
:109BE0002DE9F0471546824699460C4651EA050094
:109BF00065D0504600F01AFC5046FEF72EF8404261
:109C00000FFA80F808EB040004B200215046FEF77A
:109C1000A8FB012813D0002C13DC25DA5046FDF7F1
:109C200049FF06465046FDF7A5FF304400B2002824
:109C300000DA00204042844216DA04B214E0002C1C
:109C400002DA4FF000040FE00EDD5046FDF732FF60
:109C500006465046FDF78EFF304400B2002800DA79
:109C60000020844200DD04465046FDF7FDFF4042DF
:109C700006B2701905B2002D02DD4FF0000510E0AC
:109C80000FDA5046FDF7E2FF07465046FDF7B8FEF3
:109C9000384400B2002800DA00204042854200DA51
:109CA00005B2A4EB080001B2A81B02B251EA0200FF
:109CB00005D04B465046BDE8F047FFF705BFBDE86D
:109CC000F08770B516461D4604461A4600F024F883
:109CD0002A4631462046BDE8704000F033B8F8B55A
:109CE0000E46044600F0A2FB002000902046FDF73F
:109CF0007BFE054604F114070AE033466A46214616
:109D0000384604F085FF2C462046FDF76DFE0546DB
:109D1000002DF2D1F8BD000070B50D461446064680
:109D20000749F5F723F93046FDF797FF401B01B2CD
:109D300023463046BDE870400022FFF751BF0000C7
:109D400049EF010870B50D46144606460749F5F778
:109D50000DF93046FDF788FF401B02B2234630461E
:109D6000BDE870400021FFF73BBF000061EF010834
:109D70001FB5044602AA6946FDF77EFF6846F5F75F
:109D80007BFE20B902A8F5F777FE002810D06846C0
:109D9000F5F772FE18B169462046FFF73CF902A8B4
:109DA000F5F76AFE002803D002A92046FFF733F931
:109DB0001FBD002200F0FEB970B50D460446FCF749
:109DC00021FFA068858270BD70B516461D46044609
:109DD000002200F035FA00223146204600F018FA41
:109DE00000222946204600F033FA044800228089E8
:109DF00081B22046BDE8704000F038BA140100205E
:109E000010B50446002200F00BFA044800228089B5
:109E100081B22046BDE8104000F028BA14010020AD
:109E200010B50446002200F003FA2046FDF7DCFDE1
:109E3000BDE81040FFF755B938B50C46054600237C
:109E40006A4641F20401FDF7AFFD012807D0002862
:109E500004D100222146284600F002FA38BD0098BD
:109E6000A042F6D138BD2DE9F0410C4615461F46FB
:109E700006461946F3F7E4F82A46214601F0F6FDB6
:109E8000224639463046BDE8F041FFF705BD70B5C2
:109E9000064640680C46002867D0002C65D0304646
:109EA000FFF785F82046FCF7ADFE30467568FDF7F4
:109EB00060FD0146042207E0A86802EB8103006808
:109EC000C35840F82130491C2846FDF78EFC801EFF
:109ED0008842F1DAA9684868401E4860A96805D040
:109EE000820008681146FCF75BFA03E00868FCF79B
:109EF00013FA0020A9680860A1684868401C4860FF
:109F0000A26881001068FCF74BFAA168086020463F
:109F1000FDF76BFC6FF0030101EB8000A16809689D
:109F20000E50002128467460FFF7F2F92846FFF72B
:109F30001FFF324622212846F9F7BEFE00222421C7
:109F40002846F9F7B9FE324622212046F9F7B4FE39
:109F5000002223212046F9F7AFFE3046FFF7C1F873
:109F60003046BDE87040FFF722B870BD70B51546A9
:109F7000044600F028FA29462046BDE8704000F06B
:109F800039BA70B50C460546FCF73CFEA868017E60
:109F900001F00302A24207D064F3010101762846D2
:109FA000BDE87040FFF703B870BD70B515460446B4
:109FB00000F0F2F929462046BDE87040FFF73CBFAB
:109FC0002DE9F34F87B08146008C089988427DD0F7
:109FD0000390A9F820104846089A0399E9F714FF5E
:109FE0005FEA000872D04FF420742046FCF736F97F
:109FF00021460290FCF7DAFA0025284693E000BFDC
:10A00000D9F80C10042201EBCA0002EBCA04049038
:10A01000085920F07F4000F007FA0090D9F80C00B2
:10A02000005920F07F4000F0FCF906900899009854
:10A03000884376D104984068800172D404986722DE
:10A040000068838819040AD5006804E0914201D1B0
:10A0500044681DE0083001880029F7D161E0C1792A
:10A06000A9B301290FD90468002004EB810307E09C
:10A0700033F81060964202D104EB800007E0401CE8
:10A080008142F5D84DE0C3F30E01672949D1046838
:10A09000002740E0002620E0029806EB860100EB56
:10A0A00081010591D1F804B0584600F0BDF9019046
:10A0B000584600F0B6F9216831F81720059909894A
:10A0C0008A4209D10699884206D101E06FE028E072
:10A0D000DDE90001814202D2761CAE42DCD3AE4201
:10A0E00018D1029A05EB8500A18922F82010029A66
:10A0F000218A02EB80006D1C4180A168C16021684B
:10A1000031F817100181616801610499496821F0F3
:10A110007F4141607F1C206830F8170008B1202D76
:10A12000B8D30AF101008246B9F82200C0F3C50194
:10A13000514502D9202DFFF463AF002410E000BF89
:10A14000029804EB840100EB8106706800F069F965
:10A15000014600964846089B039AE9F7B5FD641C42
:10A16000AC42EDD30298FCF7C5F8B8F1010F0ED060
:10A17000B8F1030F11D0B8F1020F18D14846FEF71D
:10A1800016FF09B04846BDE8F04FFFF741BB09B0E4
:10A190004846BDE8F04FFEF70ABF09B04846BDE8A3
:10A1A000F04F4FF6FF724FF47021FFF775BB09B007
:10A1B000BDE8F08F13460A4641F20901FFF753BE8E
:10A1C00007B481B01346BDF80810ADF80010009A2E
:10A1D000202104B0FFF747BE07B481B01346BDF895
:10A1E0000810ADF80010009A222104B0FFF73BBE22
:10A1F00013460A462321FFF736BE13460A4640F6A9
:10A200002801FFF730BE13460A462121FFF72BBE77
:10A2100013460A4601498988FFF725BE140100202C
:10A2200013460A4601490988FFF71DBE14010020A4
:10A2300013460A4601490989FFF715BE140100209B
:10A2400013460A4601494988FFF70DBE1401002054
:10A2500013460A460149C988FFF705BE14010020CC
:10A2600013460A4641F20401FFF7FDBD13460A46B4
:10A2700041F26901FFF7F7BD13460A4640F2624119
:10A28000FFF7F1BD07B481B01346BDF80810ADF873
:10A290000010009A3B2104B0FFF7E5BD13460A46C3
:10A2A00040F63C01FFF7DFBD13460A4640F63D018C
:10A2B000FFF7D9BD13460A4640F63A01FFF7D3BD72
:10A2C00013460A4641F61101FFF7CDBD13460A4673
:10A2D00041F61201FFF7C7BD13460A4641F61301C6
:10A2E000FFF7C1BD13460A4641F61001FFF7BBBD9B
:10A2F00013460A466021FFF7B6BD07B481B0134686
:10A30000BDF80810ADF80010009A442104B0FFF722
:10A31000AABD13460A4640F64501FFF7A4BD134601
:10A320000A4640F64301FFF79EBD13460A464FF426
:10A330000461FFF798BD13460A4641F25D41FFF7FD
:10A3400092BD07B481B01346BDF80810ADF80010F7
:10A35000009A40F2574104B0FFF785BD13460A4604
:10A3600041F25941FFF77FBD13460A464FF48B6116
:10A37000FFF779BD13460A4641F20101FFF773BDAD
:10A3800013460A4641F20701FFF76DBD13460A4620
:10A3900041F20801FFF767BD38B50C4605460023BA
:10A3A0006A4641F20101FDF7FFFA012807D00028B3
:10A3B00004D1002221462846FFF7DCFF38BD009873
:10A3C000A042F6D138BD38B50C46054600236A4692
:10A3D00041F20701FDF7E8FA012807D0002804D16F
:10A3E000002221462846FFF7CBFF38BD0098A04247
:10A3F000F6D138BD38B50C46054600236A4641F211
:10A400000801FDF7D1FA012807D0002804D1002265
:10A4100021462846FFF7BAFF38BD0098A042F6D182
:10A4200038BD00F47F00704780B2704770B50B4DA7
:10A430002978002911D101212970FDF7D9FA0446A4
:10A4400006E000BF20F0020060842046F4F786FB9F
:10A45000608C8107F6D40020287070BDE4000020D5
:10A4600008B5132802D209B1042905D9F6F7E5FA8F
:10A470000090BDF8000008BD044A491EC9B202EBB5
:10A48000C00000EB4100008808BD0000C097020832
:10A4900008B5132802D209B1052905D9F6F7CDFA76
:10A4A0000090BDF8000008BD054A491E00EB800081
:10A4B000C9B202EB400000EB4100008808BD00007B
:10A4C0000297020808B5132805D3F6F7B6FA0090EC
:10A4D000BDF8000008BD024901EB4000008808BD3E
:10A4E000DC960208002801DAC0F57A7040F40050CA
:10A4F00000B27047002801DAC0F57A7040F40050CD
:10A5000000B2704710B5B0F90420B0F900304088AF
:10A51000D21A02EBD27252100C88134449881044AC
:10A52000E31A081A12FB02F113FB03F210FB0020DE
:10A53000884201D8012010BD002010BD10B50E4882
:10A54000F6F78AFC0C4CF0200D4A20804FF48C70FA
:10A5500060800A48A2F5525160614FF4D253A1F1D4
:10A560001C00F6F769FC04F14C00E060BDE8104007
:10A570004C38F6F79BBC0000B84B0020B9680008C7
:10A58000A080002010B50648FAF72EFD04480121EE
:10A59000017004494160FAF73BFD0349486010BD72
:10A5A00020B50020BD070208BC0000202DE9F04FB7
:10A5B000544E054689B0706801688C6BC96889681B
:10A5C0002160016809698A0701D4C90723D0F6F719
:10A5D0006BFD401E07B27068F6F720FD401E03B207
:10A5E0000022114601A80097F5F78CFA01A96160D5
:10A5F00070680068027CC068920705D5826942F0E5
:10A6000002028261A16076E08169826961F34102A0
:10A610008261A5606FE0A9882A88891A491C0FFA0F
:10A6200081F9E9886A88891A491C0FFA81F8F6F7D6
:10A630003BFD0146B5F90600814203DC7068F6F780
:10A6400033FD401E07B242464946B2467068F2F7F3
:10A650005FFD81460026B5F902000DF10C0B28E0E4
:10A660002A88ADF80C20AA88ADF81020ADF80E00AD
:10A67000ADF81210C4F804B0C4F808B0DAF8040059
:10A680000168C96889682160BDF91210B94201DD0D
:10A69000ADF81270BDF91260B74205D10068C0680C
:10A6A000816941F002018161204600F02DF80FFA26
:10A6B00088F000EB0908A8F10101B942D0DDB742EA
:10A6C0001CD02988ADF80C10A988ADF81010ADF891
:10A6D0000E00ADF81270C4F804B0C4F808B0DAF88F
:10A6E00004000168C968896821600068C0688169E0
:10A6F00041F002018161204600F006F809B0BDE892
:10A70000F08F0000F0000020F0B54E4C06468FB0F0
:10A710006068F6F77FFC0546006850B1686828B1AC
:10A7200007E060680068816A01B1884728690028ED
:10A73000F7D100256068F6F7A1FC0146706800F0CB
:10A74000CDF807466068416919B1706800F0C6F835
:10A75000054657EA05004BD1B06AB0B16846F7F735
:10A760005FFF6068C16A049190F829108DF81A1093
:10A77000418DADF8041090F829008DF80300B36AFC
:10A78000694630467268984732E06068C06AF8B13E
:10A7900009A9FAF77BFB01282AD109980022410D6B
:10A7A000491EC0F38A230091114607A85B1EF5F7E6
:10A7B000A9F901A8F6F70AFF606807AA90F829101E
:10A7C0008DF80F10C36A01A93046F6F7D7FE0FE0E7
:10A7D0006846F7F725FF6068418DADF8041090F8E2
:10A7E00029008DF80300694630467268F7F704FFC8
:10A7F0006068406928B105B905462946304600F031
:10A8000071F90FB9606807693046394600F06AF996
:10A810006068F6F721FC0146304600F063F9606895
:10A82000F6F712FC0146304600F05CF960680168FA
:10A83000097C890704D40FB0BDE8F040ECF78CBF69
:10A840000FB0F0BDF000002070B5234D002028604F
:10A850006868B0F85041002C3DD0002603E0011993
:10A8600091F8301179B1641EF9D50168C9688A6917
:10A8700022F001028A610068C068816921F002014A
:10A880008161002422E02646EFE7011991F830119A
:10A89000D9B9B44205D10168C9688A6942F0010298
:10A8A0008A610168C9688A6922F002028A6100EB44
:10A8B000C4003030FFF77AFE686800EBC400303027
:10A8C000F5F7DAF8296808442860641C6868B0F86D
:10A8D0005011A142D9DC70BDF00000202DE9FC41EF
:10A8E0000D460024804622461431E8F71BF858B381
:10A8F00001212846FEF78DF830BB00208DF80000BE
:10A900006A4612212846CDF80480F9F7D5F99DF85A
:10A910000000022805D02846FCF767FF07460026FE
:10A920000CE00020BDE8FC81A868006850F8261003
:10A930004046FFF7D3FF040006D1761CBE42F3D396
:10A940009DF8000000B92C462046EBE72DE9FC41BC
:10A950000025DFF8B4804FE0294491F83011E9BBBD
:10A96000002441E0011991F83011C1BBA5423AD051
:10A9700000EBC40100EBC50030303031E8F726F8B9
:10A9800068B37068B04600EBC40200EBC5016846CE
:10A9900030313032E8F719F96846F5F76DF80646B8
:10A9A000D8F8040000EBC5003030F5F765F807462D
:10A9B000D8F8040000EBC4003030F5F75DF83844F7
:10A9C000864210D2D8F80400464600EBC50069461E
:10A9D0003030F4F7F7FF0120716801E00BE002E08E
:10A9E000214481F83001641CD8F804004646B0F8D0
:10A9F0005011A142B6D86D1CD8F80410B1F85021FE
:10AA0000AA42A9D8BDE8FC81F00000202DE9F0435E
:10AA10008846044687B001214046FDF7FAFF00282A
:10AA20005DD102A94046A668FCF765FF4046E9F7FC
:10AA300044F90146024602A8F5F74AF802AA31464F
:10AA400004A8E7F747FF002849D00DF11009224676
:10AA500014214046C4F80890F9F72EF92246152132
:10AA60004046F9F729F9224616214046F9F724F91C
:10AA70004FF400214046FDF7CCFF20B13068009034
:10AA80007068019006E008F1140231466846E7F765
:10AA900021FF90B1C4F808D04046FCF7A6FE074657
:10AAA000002508E0D8F80800006850F82510204676
:10AAB000FFF7ACFF6D1CBD42F4D322461721404680
:10AAC000C4F80890F9F7F8F8224618214046F9F73B
:10AAD000F3F8224619214046F9F7EEF8A66007B0D0
:10AAE000BDE8F0832DE9F0470C00814605D11B48F5
:10AAF0004068F6F7C3FA04002AD021464846FFF71B
:10AB000085FF1FE00027FCF770FE0646002508E0E1
:10AB1000A068006850F82510E7B14846FFF776FFB7
:10AB20006D1CB542F4D34A4617212046F9F7C4F804
:10AB30004A4618212046F9F7BFF84A46192120460F
:10AB4000F9F7BAF8A0464046FCF74EFF0400D9D109
:10AB5000BDE8F0874145E3D10127E1E7F00000209F
:10AB600010B591F82A000C4620F0010081F82A0067
:10AB700000208884C884088510212046FCF7FCF951
:10AB80004FF400712046FCF7F7F921460548FCF721
:10AB90004BF9FCF7B7F92046BDE81040002202A1AE
:10ABA00000F00AB9F09902084F7074696F6E203195
:10ABB0000A4F7074696F6E20320A4F7074696F6E3D
:10ABC00020330A4F7074696F6E20340A4F707469B5
:10ABD0006F6E203500000000F8B50E465648FCF7B1
:10ABE000DCFD01282ED13046F9F723F80546304622
:10ABF000F9F75DF804462C2D1CD02A2D23D0292DE1
:10AC00002DD0012D2DD0022D37D0082D50D0032D61
:10AC10004ED00E2D50D00F2D5DD00D2D66D0132DA2
:10AC20007CD0152D01D0182D0CD13046BDE8F84050
:10AC3000EEF797BC3046F9F738F805462046F2F7AC
:10AC4000C5FC2880F8BDF2F7F7F918B100222A21D7
:10AC5000F9F732F82046FEF707FE002141E0002117
:10AC600040E0A06A20F400312046A162F2F7E4F946
:10AC7000BDE8F8403149F4F779B9FAF7EDF96946DA
:10AC8000FAF734FABDF802000028DBD02046F2F7CC
:10AC9000D3F90546FDF796FEBDF80210084401B24F
:10ACA0002846FFF7A7FBA06A40F40030A062F8BD79
:10ACB000BDE8F84003F080BEFCF750FEF9F71CFC3D
:10ACC0000546FAF7C9F9FAF70CFA042800D115B1CC
:10ACD000E08C2085F8BDE18C208D8142FAD0E084A3
:10ACE00001212046BDE8F84003F060BD3046F8F78A
:10ACF000DCFF0078132812D0122810D0142801D0BD
:10AD00001128E7D1E08C0028E4D0258D401E81B2C7
:10AD10000122204600F0BBF82585F8BD06E0E08C56
:10AD2000A18C401C8842F8D2258DF0E7F2F784F917
:10AD3000BDE8F840FEF76CBDD499020899F001080F
:10AD400070B50E460846F8F774FF0446152805D07E
:10AD500031461848FCF721FD012823D13046F8F789
:10AD6000A6FF0546132C08D0292C1CD0152C19D170
:10AD70003046BDE87040EDF7A7BA3046F8F795FFCA
:10AD800004462846FCF730FEF2F720FC064628462B
:10AD9000FDF712FE0246B4F90000B11A884200DC49
:10ADA0000846208070BDFCF71FFEBDE87040002102
:10ADB00003F0FCBCF09902082DE9F84F15465FEA54
:10ADC000010904460DD02046F2F736F94FF0000B8A
:10ADD0000090A4F826B0A4F828B0A4F824B05846EF
:10ADE00006E0FEE70A2902D1A18C491CA184401C7F
:10ADF00019F800100029F5D1A08C401CA08494F80B
:10AE00002A00DDB340F0010184F82A104846E5F736
:10AE10009AFA471CC7EBC7008246FBF71FFA0646A3
:10AE20000025A0F1010800BF07FB05604946E5F7D2
:10AE30009FFA6D1C07FB05F10A20EDB201F808002E
:10AE4000072DF1D30AEB060101F801BC3146009849
:10AE5000FBF724F93046FBF74DFAA08C00EB4001DC
:10AE6000E184C0EBC000A0842046F3F7BDFAE08C7B
:10AE700020850098BDE8F84FFEF7CABC20F001001D
:10AE800084F82A0049460098FBF708F9EFE730B448
:10AE900090F82A30DB070BD0C38C0724B3FBF4F304
:10AEA00013B1A3EBC3042144C3EBC303194489B218
:10AEB000838C8B4200D8591EC184018530BC114659
:10AEC00003F074BC10B5F6F791F8BDE81040F6F742
:10AED000D5B800002DE9F04FA1B0994615468A4635
:10AEE0000646DDF8A8B0FCF70DFD0446FFF7EAFFC3
:10AEF0000746A06940F26248C8B1B84217D0F6F7D9
:10AF0000E9F80021A069F4F731F800221146A069A0
:10AF1000FFF72CF800224146A069FEF71BFD94F8CC
:10AF20002800C00702D03846FCF7C2F8A769A6611E
:10AF3000606938B194F82810C90703D0FCF7B8F855
:10AF40000020606184F828B000213046F4F70EF844
:10AF5000FFF7B8FF0021F4F709F800221146304648
:10AF6000FFF704F8FFF7AEFF00221146FEF7FEFFE1
:10AF7000002241463046FEF7EDFCFFF7A3FF00221A
:10AF80004146FEF7E7FC6846F4F734F84948009676
:10AF90000290C9F100064848CDE90A56039010A86E
:10AFA000F4F728F820691090CDE91A56BAF10A0F83
:10AFB0004AD2DFE80AF0050913191F2636576879C7
:10AFC0003E480190002004E03C4801902046F6F7FE
:10AFD00025F800210790CDE9080135E037480190B8
:10AFE0002046F6F71BF80AE0354801902046F6F7B0
:10AFF0005BF8EEE7324801902046F6F755F84042FC
:10B00000E7E72E4801902046F6F708F80021079060
:10B01000CDE90801294811900D462046F5F7FEFFBD
:10B020002FE0264801902046F5F7F8FF4042002126
:10B030000790CDE90801214811900D462046F5F70B
:10B04000EDFFCDE918501795002225213846F8F775
:10B0500033FE6846F4F742F810A8F4F73FF821B041
:10B06000BDE8F08F164801902046F6F71DF8002144
:10B070000790CDE90801124811900D462046F6F7D9
:10B0800013F84042DDE70E4801902046F6F70CF831
:10B09000404200210790CDE90801094811900D4672
:10B0A0002046F6F701F8CCE7064801900020FF2182
:10B0B00090E70000D1EB01088BEB01088DF001084F
:10B0C00093F0010899DA010870B50020086791F83B
:10B0D00074000C4620F0030081F874004FF44071B6
:10B0E0002046FBF749FF10212046FBF745FF0020D3
:10B0F000F5F782FF502505EBC000B0F5A07F08DB17
:10B100000020F5F779FF05EBC000A02190FBF1F0DE
:10B1100000E0012001B22046BDE87040FEF74CBEC1
:10B120002DE9F34F83B0FE480499FCF736FB012864
:10B1300052D10498F8F77DFD05460498F8F7B7FD5D
:10B14000044600F047FA0646112D17D0012D46D0CF
:10B15000022D78D0082D77D0032DFCD00E2D74D081
:10B16000292D73D0132D72D00D2D71D0152D33D103
:10B17000049805B0BDE8F04FECF7E2BF0498F8F78B
:10B1800094FD0546A06810B1B0F9147000E00027E6
:10B1900004F168016846F4F74BFC3A4611466846EC
:10B1A000F4F796FC002268462968E7F77BFC2871D3
:10B1B000002811D1022E0FD104F160016846F4F786
:10B1C00037FC3A4611466846F4F782FC002268468E
:10B1D0002968E7F767FC287105B0BDE8F08F2046C5
:10B1E000FDF7E5FE94F8740040F0010184F8741056
:10B1F0009EB1012E11D0022EEED1F9F72DFF694636
:10B20000F9F744FF2046FDF7D7FB05462046FCF73B
:10B21000AAFB854204DB012503E004F124003BE0A6
:10B22000002500212046FDF7B1F8A5B30128BDF99E
:10B2300000000ED0B4F96C108842EEDCB4F9601056
:10B24000884241DB0DE062E0D6E008E115E11AE159
:10B2500089E1B4F968108842DFDBB4F964108842F0
:10B2600032DCB4F96410B4F96000091A01EBD17151
:10B2700000EB6102BDF90000111A002900DC811AFF
:10B280000BB2B4F96C20B4F96810521A02EBD27206
:10B2900001EB62022EE00DE020679DE708B29842C4
:10B2A0002DDA04F1240044F8700F207920F0020018
:10B2B000207191E7BDF90200B4F96A209042ACDB3D
:10B2C000B4F96610884202DD04F13000E4E7B4F915
:10B2D0006230C91A01EBD17103EB6103191A00291D
:10B2E00000DCC11A0BB2B4F96E10891A01EBD171EE
:10B2F00002EB6102111A0029D0DC811ACEE704F1B9
:10B30000300044F8700F207940F00200D0E7206F41
:10B310000028C2D0F9F7A0FE0546F9F7E2FE0128A1
:10B32000BBD169462846F9F7B1FE00212046FDF75A
:10B330002DF882462046FDF73FFB06462046FCF7E7
:10B3400012FB054600212046FDF755F980460021F5
:10B350002046FDF796F9074600212046FDF7ECF957
:10B36000814600212046FDF7F2F80246D4E90A01A1
:10B370000B1AAE421FDBA6EB0802D21B15B2BAF1C4
:10B38000010F11D0B4F91470BDF9006007EB080289
:10B39000B21A5A4392FBF5F2236F04F130050244CE
:10B3A000AB4214D1616A13E0B4F91820BDF9006012
:10B3B000D21B921BEDE7AE1AA6EB0905B4F91A7081
:10B3C000BDF902603A44B21A2DB25242E1E7206B55
:10B3D000824201DA024602E08A4200DD0A4618682B
:10B3E000904296D020461A60FDF7E1FD00221C2114
:10B3F0002046F8F761FCEFE694F8740020F00101B4
:10B4000084F87410002120462167FDF7D0FD204606
:10B41000FCF7A4FA0546F9F76FF80646F9F71CFEA3
:10B42000F9F75FFE0428E6D1002EE4D0204600F0B4
:10B43000D1F802280CD194F87400810704D440F0AC
:10B44000020084F87400C7E620F0020084F874005B
:10B4500005B02846BDE8F04F0021F9F7C8B8F9F764
:10B46000FBFDF9F73EFE042801D00228C3D114F8F1
:10B47000740F20F002002070AEE605B02046BDE853
:10B48000F04FFEF7C5B94FF4403739462046FDF777
:10B49000B2F8814639462046FDF7F3F88046394632
:10B4A0002046FDF749F9064639462046FDF74FF894
:10B4B0000546204643F60E023946FDF759F900B21B
:10B4C000009039462046FDF746FA82463946204626
:10B4D000FDF733FA83462046FDF76EFA00EB4A0784
:10B4E0002046FCF740FA00EB4B008742204604DA86
:10B4F000FDF762FA00EB4A0003E0FCF734FA00EBD8
:10B500004B000099401010FB01F040F30F2049461A
:10B510004246C14500DC1146B54203DD2A4602E041
:10B520000C9A02083246914207DD49464246C1451F
:10B5300001DD0D4604E0154602E0B54200DC35466B
:10B5400005444FF440312046AD1CFBF7E5FB284491
:10B5500004B20498F8F7A9FBB0F90010A14200DD8D
:10B560000C46048038E60498F8F79FFB007813280F
:10B5700012D0112810D0142801D01228F2D194F83A
:10B5800074008007204616D4F4F7E0FB411E012228
:10B590002046F4F70EFC15E094F87400800720466E
:10B5A00004D4F4F7D3FB0122411CF1E7F4F7BFFB0D
:10B5B0000122411C03E0F4F7BAFB411E01222046A0
:10B5C000F4F7D2FB05B02046BDE8F04F00221C2165
:10B5D000F8F772BB10B5F4F7A5FB012802D00228DA
:10B5E00000D0002010BD00000FB40A4608B505A920
:10B5F000009101460348049BE9F736FB01B05DF872
:10B6000014FB00002D45000830B50C4691B0022116
:10B610002046FBF7B1FC6846F3F7ECFC1548CDE992
:10B6200000404FF6FF70ADF83C00134801680A91E6
:10B630004268079202F5B470CDE908206846F3F736
:10B640004DFD0E48069000204FF4B475CDE9080575
:10B6500007900B4801906846F3F740FD2A46002109
:10B660002046F4F79CF84FF487712046F4F748F928
:10B6700011B030BDED530008B001002029F00008E2
:10B68000F3530008F0B584884FF0010623040BD56E
:10B69000006804E08B4201D1406815E0083003885F
:10B6A000002BF7D10020F0BDC379002BFAD0012B7D
:10B6B00011D90468002004EB830509E035F8107007
:10B6C0008F4204D154F8200010603046F0BD401C79
:10B6D0008342F3D8E6E7C4F30E038B42E2D100685D
:10B6E00010600120F0BD0821FAF760BFC07908B1F1
:10B6F00000207047012070471CB50022FF214E2812
:10B7000064D01EDC332863D00EDC29285ED006DC32
:10B71000202849D022284BD025283FD156E0302878
:10B7200046D031283AD151E046284FD004DC3B289E
:10B730003ED0442832D13BE0472839D04D282DD186
:10B7400036E040F63C04A0F63C03A0423ED010DCBC
:10B7500040F25744A0F25743A04229D004DC5228BB
:10B7600026D053281AD131E0012B2FD00B2B15D125
:10B770002CE040F2CA74A3F2CA70A3422DD004DCBC
:10B78000092B23D0C31C09D127E0A0F580605338D2
:10B7900021D0A0F2B530B0F5005F02D00092009841
:10B7A0001CBD4FF4807014E0FF221146104602E0E9
:10B7B000002211461046F5F758FA0190BDF8040032
:10B7C0000190BDF80400ADF80000E8E70091E6E75D
:10B7D0000F200090E3E70248FBE741F6FF70F8E72F
:10B7E000C096020802490888401C80B20880704751
:10B7F000000200202DE9F041828804460F46100423
:10B8000059D4E079002851D0012804D026680021BD
:10B8100006EB80054DE0C2F30E0088424BD1D00B01
:10B82000C003A0800020E0713FE000BF35F8113078
:10B83000BB423DD1022811D0401E00EB4000400029
:10B84000FAF7E0FC010036D02160E079401EC0B27A
:10B85000E07101EB8003002002461FE00120E0714F
:10B86000002907D0B5F8000060F30E02A28003D1D2
:10B87000706802E06888F7E73068206012E000BF77
:10B8800035F810C0BC4508D056F820E041F822E059
:10B8900035F810C023F812C0521C401C94F807C0A1
:10B8A0008445EDD23046FAF737FD0120BDE8F0813E
:10B8B000491C8842BAD80020F8E710B504468088B1
:10B8C00000040BD4E079012802D92068FAF724FD9E
:10B8D0002046BDE810400821FAF768BE10BD0A46B0
:10B8E000652100F0C3B803B482B0BDF80C10ADF808
:10B8F0000010009A522104B000F0B8B80A46512155
:10B9000000F0B4B80A464FF4056100F0AFB803B4D4
:10B9100082B0BDF80C10ADF80010009A202104B0E0
:10B9200000F0A4B80A46212100F0A0B803B482B008
:10B93000BDF80C10ADF80010009A302104B000F0F2
:10B9400095B80A46342100F091B80A46332100F038
:10B950008DB80A4641F2320100F088B80A466121EA
:10B9600000F084B80A46632100F080B80A466421DA
:10B9700000F07CB80A4641F2040100F077B803B445
:10B9800082B0BDF80C10ADF80010009A4D2104B043
:10B9900000F06CB80A4640F6490100F067B80A4664
:10B9A00041F2060100F062B803B482B0BDF80C1099
:10B9B000ADF80010009A3B2104B000F057B80A46D9
:10B9C00040F63C0100F052B80A4640F63D0100F056
:10B9D0004DB80A4640F63A0100F048B870B50C463A
:10B9E000054600F02EF82146284600F02FF82146A3
:10B9F000284600F035F821462846BDE87040AFF3F0
:10BA000000800A4641F6110100F030B80A4641F6BE
:10BA1000150100F02BB870B50C46054600F01BF878
:10BA200021462846BDE87040FFF7F0BF70B50C46D0
:10BA3000054600F006F821462846BDE8704000F0B3
:10BA400005B80A4641F6120100F010B80A4641F660
:10BA5000130100F00BB80A4641F6140100F006B8D5
:10BA60000A4641F6100100F001B800002DE9F0414E
:10BA7000044680880E46010410D4E179012715465A
:10BA8000012935D92268084602EB810308E000BF8E
:10BA900033F810C0B44503D142F82050BDE8F0811E
:10BAA000401EF5D5491C01EB410041001046FAF754
:10BAB00077FC0100F2D02160E07901EB800205E023
:10BAC00002EB400C32F81030ACF80430401EF7D5D1
:10BAD000E079401CC2B201EB820000EB4200E2714F
:10BAE00020F8026CE07901EB800040F8045C20E073
:10BAF0001AD1C0F30E00B04201D12260CEE70C2073
:10BB0000FAF780FB0028C9D022682060E179491C3F
:10BB1000C9B2E171A38800EB8101C3F30E030B806E
:10BB20004E80C0E9002504E0E77166F30E00A080B6
:10BB300022603046E8F794FAA17987403943A17131
:10BB4000ACE70A466021FFF791BF03B482B0BDF8AD
:10BB50000C10ADF80010009A442104B0FFF786BF26
:10BB60000A4640F64201FFF781BF0A4640F645010A
:10BB7000FFF77CBF0A464FF40461FFF777BF70B54B
:10BB80000C46054600F02AF821462846BDE87040DC
:10BB9000FFF7F0BE0A4641F25D41FFF767BF03B40D
:10BBA00082B0BDF80C10ADF80010009A40F2574179
:10BBB00004B0FFF75BBF0A4641F25B41FFF756BF97
:10BBC0000A4640F60B01FFF751BF0A4640F60A014C
:10BBD000FFF74CBF0A466721FFF748BF0A4641F20C
:10BBE0000101FFF743BF00002DE9F0470F46DDE9F3
:10BBF00008891E46154604461421FAF7D7FC27602B
:10BC000005B9044DC4F80490083484E86001BDE827
:10BC1000F08700008FF000084162FDF7C8B90068A6
:10BC20004FF0FF314162FDF7C2B910B54FF0FF3060
:10BC30000C46486210212046FBF79EF90821204659
:10BC4000FAF7D6FD2046BDE810404FF48061FAF7C0
:10BC5000CFBD000010B501460348FBF7E5F80446E8
:10BC6000FBF750F9204610BD289A0208084600212B
:10BC7000F3F77CB92DE9F04789463548FBF78DFD90
:10BC800001285CD14846F7F7D4FF04464846F8F748
:10BC90000EF88046132C08D01C2C52D0152C4ED1F7
:10BCA0004846BDE8F047EDF71EBD4FF44035294644
:10BCB000FCF7A8FC074629464046FCF7E9FC064687
:10BCC00029464046FCF73FFD044629464046FCF71E
:10BCD00045FCB74201DD394600E03146A04201DDB6
:10BCE000024600E02246914205DDB74201DD3846BA
:10BCF00004E0304602E0A04200DC2046841C2946D5
:10BD00004046FBF709F8204405B24846F7F7CDFF57
:10BD10000446B0F90000A84200DD054625804FF436
:10BD2000003529464046FAF7F7FF0146B4F900000E
:10BD3000814203DB29464046FAF7EEFF2080BDE84A
:10BD4000F08700F007F84046BDE8F047FDF72FB94F
:10BD5000289A0208F0B591B0064600216522FCF74A
:10BD600007FD07002DD03046FCF7D2FA746A00F0C8
:10BD70000100611C4FF4807501D038B905E008B1AD
:10BD8000002403E02C46002503E00025601B00286A
:10BD900001DD601B00E0281B7843070A00213046C4
:10BDA000F3F7E4F86846F3F725F9074808A9CDE961
:10BDB000006006480390079481E8B0006846F3F7F6
:10BDC0008DF911B0F0BD000019BC01081FBC0108BD
:10BDD00010B501208884C8840C460220FAF712FAB4
:10BDE0002063E08C4000FAF70DFAE062216B8220BC
:10BDF0000880E16A0880E08CA18C48438100A06A39
:10BE0000FAF7CEFA0021A062016010BD70B50025DE
:10BE10000C462E460AE000BF50F8250020B1FAF784
:10BE20007BFAA06A40F825606D1CADB2A08CE18C55
:10BE30004843A842A06AEFDC08B1FAF76DFAE06A5D
:10BE400008B1FAF769FA206B002803D0BDE870400A
:10BE5000FAF762BA70BD00002DE9FC410F466B484D
:10BE6000FBF79BFC012843D13846F7F7E2FE054675
:10BE70003846F7F71CFF04462A2D14D02C2D17D076
:10BE8000012D37D0022D35D04FF6FF76082D49D041
:10BE90000E2D66D00D2D68D0152D29D13846BDE860
:10BEA000FC41EDF7D1BCBDE8FC41002102F008BD2A
:10BEB0003846F7F7FAFE034600200146A28C05E05B
:10BEC000256B35F81150491C284400B28A42F7D836
:10BED00000210A46E58C05E0E66A36F81260521C3D
:10BEE000314409B29542F7D8401E1880491E598046
:10BEF000BDE8FC8101AA6946F1F781F90128F7D173
:10BF0000A18EBDF80400814204D1E18EBDF800206D
:10BF10009142EDD0A086BDF800102046E186FDF7E5
:10BF200046F8E5E7FDF743F8F9F796F8F9F7CDF8A5
:10BF3000A18EB1420AD0E18EB14207D030B90022C1
:10BF40001C212046F7F7B8FE0128D1D1F9F784F873
:10BF5000F9F7C7F8012801D00328C9D1A686E686DB
:10BF6000C6E7BDE8FC41FDF722B83846F7F79DFE6D
:10BF7000A18E0568E08E0F468446B14201D0B042E2
:10BF800004D10020A086E0862046EAE7A38C8B42FD
:10BF900000DC0021E28C824200DC0020142D0ED057
:10BFA000132D0ED0112D0ED0122DA1D1401C8B427D
:10BFB0000DDC511E814208DD0021401C0EE0491EAF
:10BFC000F5E7491CF3E7401EF1E7591E06E000299A
:10BFD00004DA10B1591E401E00E00021824201DC4B
:10BFE000501E02E0002800DA00208F4201D1844573
:10BFF00097D0A186E0862046FCF7D9FF02B0204604
:10C00000BDE8F04100221C21F7F756BE449A020811
:10C0100073B592B0044613981090002010AD1190A3
:10C0200029462046F2F7C8FA012862D194F85C004C
:10C03000000704D513980A285BD00D2859D0304A40
:10C04000002113A81268904701462046E9F78CFEAC
:10C0500000284ED094F85C00400702D5204602F03C
:10C0600037FAA06A38B1606AF9F746FC007810B96F
:10C070002046FCF79CFF2A46216C606AF9F742FCD7
:10C08000204600F0D3F894F85C00400727D5E06A1A
:10C09000E4F759F906462846E4F755F93118491CE2
:10C0A000E06AFAF77DF9E06228B32A46216CE8F7E6
:10C0B000A1F8208F00B36846F2F79CFF11480121D8
:10C0C000CDE90040208F0A9000200790CDE90801BB
:10C0D0000D4806900D4803906846F2F7FFFF216C6B
:10C0E0002046491C00F062FA00221C212046F7F786
:10C0F000E3FD14B070BDFEE7204602F0E9F9EEE77B
:10C100001C02002065E50108B3F0000867E501089E
:10C11000F0B591B00D00044609D094F85C004007DA
:10C1200002D5204602F0D4F9206B18B900E0FEE7F2
:10C13000606BA0B10020374E374F009009E03268A5
:10C140006946284690473968884701462046FFF7E8
:10C150005FFF0098285C0028F1D111B0F0BD29469E
:10C160002046F2F729FA0128F7D1A06A38B1606AAF
:10C17000F9F7C2FB007810B92046FCF718FF2A46F1
:10C18000216C606AF9F7BEFB204600F04FF894F886
:10C190005C00400727D5E06AE4F7D5F80646284654
:10C1A000E4F7D1F83118491CE06AFAF7F9F8E062CF
:10C1B00050B32A46216CE8F71DF8208F28B3684653
:10C1C000F2F718FF15480121CDE90040208F0A90B1
:10C1D00000200790CDE9080111480690114803900E
:10C1E0006846F2F77BFF10492846266C09688847A5
:10C1F0003118204600F0DAF911B02046BDE8F040D1
:10C2000000221C21F7F758BDFEE7204602F060F936
:10C21000E9E700001C0200202402002065E5010877
:10C22000B3F0000867E501083002002070B504464D
:10C23000406AF9F765FB4FF6FF75A84204D1606AC2
:10C24000F9F75CFBA84209D02946606AF9F788FF34
:10C250002946606ABDE87040F9F77FBF70BD0000F5
:10C2600010B591F85C000C4620F0040081F85C00E9
:10C270000020C86240F2DC5121872063606394F89B
:10C28000501041F0010184F850100121216494F80C
:10C29000501041F0020184F85010A08794F85C100F
:10C2A00021F00A0184F85C106062A0622046F9F770
:10C2B0008BF860626420FEF715F90146606AFEF7AC
:10C2C0006BF80CA1606AF9F7E9FE00231A460A49E7
:10C2D000606AFAF74FFA4FF480612046FAF788FA5D
:10C2E0000021204600F062F92046BDE8104003F02E
:10C2F00055B800000000000021EB000838B50446E6
:10C30000016C406A6A46F9F711FA00212046FCF7F1
:10C3100006FB054600212046FCF7D3FA0089BDF84C
:10C3200002106D1C08442844ADF80200A08FADF83F
:10C330000000606AFBF717FBBDF90210884209DDB7
:10C340006946606AF9F7F2F801462046A58F00F0C9
:10C350002DF9A58738BD016C002902D0491E00F0D7
:10C3600025B97047016C491C00F020B938B5044666
:10C37000016C406A6A46F9F7D9F900212046FCF7BA
:10C38000CEFA054600212046FCF79BFA0189BDF84C
:10C3900002002944401A401CADF80200A08FADF8FD
:10C3A00000006946606AF9F7C1F80146A58F20468A
:10C3B00000F0FCF8A58738BD38B50446006C0028AD
:10C3C0003FD021A06946006800902046F2F7F4F8BB
:10C3D000012836D1606AF9F78FFA216C05460122EF
:10C3E000491EE7F751FE2946606AF9F757FE2046D5
:10C3F000FFF71CFFA06A38B1606AF9F77DFA007890
:10C4000010B92046FCF7D3FD94F85C0040070ED528
:10C41000216C0122491EE06AE7F736FEE06AE3F785
:10C4200092FF411CE06AF9F7BBFFE06250B1216C5A
:10C430002046491E00F0BAF800221C212046F7F7DA
:10C440003BFC38BDFEE700007F00000070B5056CC6
:10C450000446691C00F0AAF8206CA84204D02046CB
:10C46000BDE87040FFF7A8BF70BD70B5C86A0C4644
:10C47000002510B1F9F750FFE562A06A002802D04C
:10C48000F9F74AFFA56270BD70B50E463F48FBF74D
:10C4900084F9012878D13046F7F7CBFB04463046C3
:10C4A000F7F705FC05460E2C12D00D2C14D0012CEC
:10C4B00060D0022C5ED0032C5CD0082C5AD0152CF6
:10C4C0005DD0182C60D13046BDE87040EBF730BB32
:10C4D000BDE8704002F062BF3046F7F7E6FB016846
:10C4E000132910D0142913D0112916D0122919D0CC
:10C4F00008291CD07F291FD0022922D0032922D04D
:10C500000A2927D031E02846BDE87040FFF72ABF4E
:10C510002846BDE87040FFF71EBF2846BDE87040C2
:10C52000FFF724BF2846BDE87040FFF7E7BE284666
:10C53000BDE87040FFF740BF2846BDE87040FFF7F8
:10C5400085BF002101E047F6FF712846BDE8704035
:10C5500000F02CB8284600F01BF830B12846BDE8A2
:10C56000704000221F21F7F7A7BB2846BDE87040A6
:10C57000FFF74EBD3046BDE8704004F051BE304676
:10C58000BDE87040EDF768BD70BD0000609A02081C
:10C5900090F85C00C0F3C000704790F85C10490749
:10C5A00002D4406AF9F7A8B9C06A7047F8B50546E1
:10C5B000006C0C46A04266D0686AF9F79DF93249D2
:10C5C00009688847002C00DA0444844203DCA4F59F
:10C5D000FE41FF3900D1044628462C64FDF726FFB2
:10C5E00000212846FCF76DF906466A462146686A2E
:10C5F000F9F79CF8B6F908402846FBF727FBBDF988
:10C600000210884203DD01222846FDF79BFB2846E5
:10C61000FBF73DF906462846FBF718FBBDF902106B
:10C620000A19101AB04206DD881B204401B201220B
:10C630002846FDF787FB2846FBF73CFABDF90010BA
:10C64000884203DD01222846FDF766FB2846FBF7FA
:10C6500038F906462846FBF72DFABDF900100A19ED
:10C66000101AB04206DD881B204401B20122284680
:10C67000FDF752FBBDF800102846A98702F08EFE98
:10C68000284601F089FFF8BD3002002070B504464D
:10C6900000F081F805000AD02046054A0021FDF788
:10C6A00079F921462846BDE87040E8F78FBE70BD95
:10C6B000FFFF0F0000B500F059F8002800D0014836
:10C6C00000BD000080B600202DE9FF4799460746CF
:10C6D0000C9E00F04BF8214D40B9002028704FF41B
:10C6E000B070F9F78FFD1E490860E860F4F77EFC32
:10C6F000F4F794FC4FF00108B0F5A07F01DC0320B3
:10C7000007E0F4F773FCF4F789FCB0F5347F02DA44
:10C710000220687001E085F80180124CA4F1280025
:10C72000E760BDF804100187BDF808104187666115
:10C730000D48A6612060C4E9076902F05FFE27B1D9
:10C740003846F4F7ABFCA04202D10020FDF7A0F977
:10C7500085F8008004B00348BDE8F0873C01002064
:10C76000EC01002080B60020B900020802480068F1
:10C77000002800D001207047EC01002008B500F02F
:10C780000AF808B1006902E01120FDF79BFE009055
:10C79000BDF8000008BD10B510B1FBF7B3F801E01B
:10C7A000F4F724FCBDE81040F4F778BC10B504465B
:10C7B00000F002F8001B10BD0349012248680A700E
:10C7C0000B78002BFBD07047D001002003490022DA
:10C7D0000A704A681044486070470000D001002089
:10C7E0002DE9F041074615460E460B48E7F7DEF9FE
:10C7F000040010D0A7604FF0FF30266020610020B9
:10C800006061FFF7D9FFE5600449606001200871AD
:10C810002046BDE8F081FEE7A4B600200402002017
:10C8200010B5044601460548E7F705FA044901201A
:10C83000C8702046BDE81040F9F76EBDA4B60020D0
:10C8400004020020014840787047000004020020E4
:10C850002DE9F047494CA07810B10120BDE8F087E0
:10C860000120A0702078002628B1FFF7A5FF5FEA1D
:10C87000000902D007E0A670EFE72069401C2061A4
:10C88000642800D926613E4D4FEA060884F80380EB
:10C8900084F804803B48E7F764F9286037E03948BA
:10C8A000E7F771F92E680746307DC0072ED1824622
:10C8B000304600F078F888B93069B0F1000A01DD3F
:10C8C000401E3061FFF778FF7060B16821B1BAF1A6
:10C8D000000F01D0304688474FF0010AE07820B9B8
:10C8E000306910B93046FFF79BFFBAF1000F0DD049
:10C8F0002079E178084309D028680028C6D100BF14
:10C900004FF0FF351F48E7F72CF911E02F60296839
:10C910000029C4D1F4E7307DC00705D1304600F0CE
:10C9200042F8A84200D2054631461648E7F72BF9EF
:10C930000600F0D14846FFF739FFE1680844E0609F
:10C94000A068FFF733FFB0F5FA7F13D3E1686422E4
:10C950005143B1FBF0F0C0B26070642801D90020EF
:10C9600001E0C0F1640060702646C4F80C80FFF757
:10C9700023FFB06084F8028028466FE7040200209D
:10C98000E8010020A4B6002001214161704710B5E4
:10C990000446FFF711FF2168401A401E606010BD79
:10C9A00000214161704710B504464068FFF7FEFE64
:10C9B0002168814201D8002010BD081A10BD70B551
:10C9C0000346083A0C4602F00300111AA00705D1ED
:10C9D000A1F10C004FF6F572904201D3002070BD1A
:10C9E0002078251F00F00300084320F0020040F0EB
:10C9F0000101216029461846E8F719FD2846E8F7A5
:10CA00004BFD017902214160204670BD70B5810760
:10CA100001D0002070BD00238060C0E903031946E7
:10CA200000EB810200EBC1145361002204EB82068B
:10CA3000521CF063202AF9DB491C0A29F0DB70BD87
:10CA400070B50C460546FFF7E1FF0646A4F23C52DE
:10CA500005F23C51FFF7B3FF304670BD70B50029B9
:10CA600026D00839064608790C46C00700D0FEE7F4
:10CA70000846E8F767FD2179304689070CD5256817
:10CA8000A5B12979C90712D02946E8F7C3FD214687
:10CA90002846E8F7B1FC044621463046E8F76CFD2D
:10CAA00001463046BDE87040E8F7C1BCFEE7FEE74E
:10CAB00070BD00F23C50704770B50A46054604212F
:10CAC0001046E8F7FBFA044601462846E8F7EAFC78
:10CAD000014622462846BDE87040E8F773BD2DE9BF
:10CAE000F05F90460C0081464FF000051FD0B8F172
:10CAF000000F18D0A4F108052846E8F758FD824633
:10CB00006868042120F00307DAF8040020F003002D
:10CB1000384400F1040B4046E8F7D0FA064628797D
:10CB2000C00709D0FEE74846FFF798FF41E01146ED
:10CB3000FFF7C2FF05463CE0BE4216D99AF8040052
:10CB4000C00701D05E4510D941464846FFF7B4FF03
:10CB500005002ED04046474500D307463A462146B9
:10CB60002846F9F745FC2146DDE7BE4206D92946AD
:10CB70004846E8F701FD2846E8F7F1FC28794F46DA
:10CB8000C00700D0FEE731462846E8F746FC78B1FA
:10CB900031462846E8F74FFD0146406820F0020084
:10CBA00048603846E8F7E8FC01463846E8F73FFCBD
:10CBB00025462846BDE8F09F70B5164601B90D49D7
:10CBC000001F0D460DE000BF10F0010F0FD0002236
:10CBD00020F0030104F108003346A8472046E8F797
:10CBE000E6FC040002D060688108EDD170BD01222E
:10CBF000EEE70000216800085A3000B2AFF3008071
:10CC00004FF4B47190FBF1F201FB1200002802DA3C
:10CC100000F5B47000B20E495A2802DA31F910005A
:10CC20007047A0F15A025A2A03D2C0F1B40000B2F0
:10CC3000F4E7A0F1B4025A2A01D210B202E0C0F522
:10CC4000B47000B231F81000404200B270470000EA
:10CC5000589802082DE9FF4F83B05FEA0009119F41
:10CC60007BD099F80000002877D00498002871D074
:10CC70001098800702D541F6FF70069000243F4AC5
:10CC8000009401945268A346254626464FF0FF388B
:10CC900069464846904782460098019050E0374ADE
:10CCA00001A948465268904783461098761CC007F1
:10CCB00004D051461298E7F7C7FA98BB5A46514636
:10CCC0000498F7F7D2F800B229180DB2002802DD57
:10CCD0000598284405B2B8F1FF3F05D10598291AF7
:10CCE0000698814200DDA0465046BAF10A0F1AD0DC
:10CCF000BAF10D0F17D00146A0F59C4045F2A512E0
:10CD0000904210D9002005E01DA2125C8A420AD090
:10CD1000401CC0B21AA2125C002AF5D117B1B8F1BA
:10CD2000FF3F08D008E024B9B8F1FF3F01D107B1B7
:10CD30003D60761E08E03D60DDE90040DA46009087
:10CD400019F804000028AAD1B8F1FF3F06D01398C3
:10CD500070B1404607B0BDE8F08F0CE02EB1BAF1DB
:10CD60000D0F03D1BBF10A0F00D1009C2046F1E763
:10CD70000FB1002038600020ECE70000180200200E
:10CD8000202C2E3B3A2D5F002DE9FF4F83B0044647
:10CD90004FF00000DDF848A0DDF840902080934679
:10CDA0000F00608049D0BBF1000F46D05FEA8A7067
:10CDB00002D541F6FF7011900025A846BBF8086027
:10CDC00025E00020CDE9000A781902905946119B10
:10CDD000069AE7F791F98044B4F9020006EB0901DD
:10CDE0000144B1F5004F28D2304448446080A8EB9C
:10CDF0000501CDF800A05A46069B029800F022F8E3
:10CE0000B4F90010814200DB084620804546785D79
:10CE10000028D6D15DB1781910F8010C0A2801D08C
:10CE20000D2804D1618806EB090008446080B4F93C
:10CE3000020028B1A0EB0900608007B0BDE8F08FC8
:10CE40006680FAE72DE9FF471E46DDF830909046F0
:10CE50000D4607000CD0B8F1000F09D03878002833
:10CE600007D00020044602908DF80C00EDB923E0B5
:10CE7000002004B0BDE8F08702AB01AA694638463D
:10CE8000E7F722F95FEAC97004D003A80099E7F731
:10CE9000DBF950B9DDE900124046F6F7E6FF00B2D3
:10CEA000002802DD2044304404B20298A842E3D3B3
:10CEB000002C01DDA01B04B22046DAE710B50146C4
:10CEC000802825D3002301F03F0242F08002B1F513
:10CED000006F0AD2C0F3841141F0C00161F3070072
:10CEE00062F30F2063F3174010E0C1F3851444F0A0
:10CEF0008004B1F5803F0CD2C0F3033141F0E00172
:10CF000061F3070064F30F2062F3174063F31F60BF
:10CF100010BDB1F5881FFBD2C1F3824343F0F0038B
:10CF2000C1F3053163F3070041F0800161F30F2085
:10CF300064F3174062F31F6010BD00002DE9F0415B
:10CF400000240F4606462546DFF8248007E0D8F87F
:10CF500000103019884700B9012004446D1CBD42FF
:10CF600002D2305D0028F2D12046BDE8F0810000F9
:10CF700018020020F8B5074600200D460446064E6C
:10CF8000009004E07268694638469047641C009837
:10CF9000A842F7D32046F8BD18020020F8B50024B7
:10CFA0000546074E009404E072686946284690479B
:10CFB000641C0098285C0028F6D12046F8BD0000CB
:10CFC0001802002078B500250446009501B969468D
:10CFD0000A68A05C030601D4054634E00626022355
:10CFE000B6EB501F06D1C006400D24E004F03F030D
:10CFF0001D1828E00E26B6EB101F02D10007000C0A
:10D000000FE01E26B6EBD00F1DD1521C0A60400760
:10D01000A55CC00AB3EB951F13D105F03F0500EBEB
:10D020000530521C0A60A55CB3EB951F09D105F0D1
:10D030003F0500EB8510521C0A60A45CB3EB941F03
:10D04000D4D0002078BD521C28460A6078BD00006C
:10D05000F8B5074608680025401E0C460D4E0860CE
:10D0600001E0042D13D2206831683844884718B98C
:10D07000216861B1491E21606D1CEDB20028F0D01D
:10D08000206800907268694638469047F8BD0020D5
:10D09000F8BD0000180200200078010601D401202C
:10D0A00070470621B1EB501F01D1022070470E21BD
:10D0B000B1EB101F01D1032070471E21B1EBD00F3F
:10D0C00001D10420704700207047000008B500938C
:10D0D00013460A4601460248E7F7C6FD08BD0000B0
:10D0E0002D4500080EB5E3F795FCE4F753F8E4F797
:10D0F000FDFAE4F7CDFAE5F74FF9E4F74BFEE4F774
:10D1000053FEA820E9F78EFBE3F7D6FBE3F730FCEC
:10D110006420E9F7ADFBE4F713F94FF47A74204685
:10D12000E9F7A6FB4FF6FF704FF48C7600210090D4
:10D130003346F0220846E4F795F83220E9F798FBE9
:10D140001420E4F7D7F918204FF47841CDE9001006
:10D1500000251F2313A2029578214820E4F756FAF0
:10D160002046E9F785FB00213346F022084600956A
:10D17000E4F778F8F8F7C6F8FDF7E0F9FDF702FAFA
:10D1800004F026F86420E9F773FB00F089FCE4F76B
:10D19000FFFD04F0EDFA00BFE4F7C4FA2046E9F71A
:10D1A00067FBF9E757656C636F6D65210000000050
:10D1B00070B50D4606468022F3F769F904468021D2
:10D1C0003046F2F7A6FE002C06D029463046BDE8D0
:10D1D00070408022F3F767B970BD00002DE9FF4F62
:10D1E00098468A880B8883B0D21A521C16B2CA8815
:10D1F00049888146511A491C1498DDF848B00FB28D
:10D2000001280AD002280AD003282FD1314D00BFAF
:10D210005FEA0B0027D0002058E02F4DF8E72F4D94
:10D22000F6E7002415E000BF09EB440B119ABBF8A8
:10D230000000ADF8040008EB44000088ADF80000E1
:10D24000DDE90001A8470090BDF80010ABF8001020
:10D25000641CB442E8DB05990AF1010009EB4109BD
:10D26000109908EB41088246B842DADB07B0BDE806
:10D27000F08F00241EE000BF1BF80400C8B1FD2899
:10D2800001D3119A02E011994843020A09EB4400C4
:10D2900001900088ADF8080008EB4400029900886E
:10D2A000ADF800000098A84700900198BDF8001064
:10D2B0000180641CB442DFDB05990AF1010009EB2F
:10D2C0004109109908EB410813998B448246B842F2
:10D2D000CFDBCBE7DF6400086B640008456500081E
:10D2E0002DE9FF4F06468A8808888BB0101A401C2B
:10D2F00007B2CA884888DDE919BA101A401C0FFA2B
:10D3000080F85FEA0A001D46584605D0FD287CD902
:10D31000A7F1040B002027E1FD2813D300247F0090
:10D320000BE03A4629463046F9F762F80D98641C3E
:10D3300006EB4006189805EB40054445F1DB0FB0BD
:10D34000BDE8F08F002021E0002415E006EB440A40
:10D350005A46BAF80000ADF8180005EB4400008802
:10D36000ADF81400DDE90501F3F798FC0590BDF870
:10D370001410AAF80010641CBC42E7DB0D9806EB01
:10D380004006189805EB400509F10100814640452B
:10D39000DADBD4E7D14600241CE000BF99F8002076
:10D3A000AAB1FF2A06EB44001AD009900088ADF814
:10D3B000200005EB44000088ADF81C00DDE9070102
:10D3C000F3F76CFC0690BDF818100998018009F17C
:10D3D0000109641CBC427CDA5FEA8970DED178E026
:10D3E00005EB44010988F1E7D9F80000F0B3401CCF
:10D3F00074D099F80020BAB1FF2A06EB44007AD025
:10D4000009900088ADF8200000E0B6E005EB44008C
:10D410000088ADF81C00DDE90701F3F73FFC06903A
:10D42000BDF818100998018009F10100059099F8DC
:10D430000120AAB1FF2A06EB440060D00990408881
:10D44000ADF8200005EB44004088ADF81C00DDE994
:10D450000701F3F723FC0690BDF8181009984180E6
:10D460000598401C05900278BAB100E02EE0FF2A32
:10D4700006EB440047D009908088ADF8200005EB0A
:10D4800044008088ADF81C00DDE90701F3F706FCD5
:10D490000690BDF818100998818005984278AAB1C5
:10D4A000FF2A06EB440032D00590C088ADF820007A
:10D4B00005EB4400C088ADF81C00DDE90701F3F777
:10D4C000EDFB0690BDF818100598C18009F104091C
:10D4D000241D5C4588DB3BE000E00CE005EB4400EC
:10D4E00006EB440102880A8042884A8082888A804A
:10D4F000C088C880EAE705EB4401098893E705EB9B
:10D5000044014988ABE705EB44018988C4E705EB92
:10D510004401C988D9E700BF99F80020AAB1FF2AC1
:10D5200006EB440025D009900088ADF8200005EBFB
:10D5300044000088ADF81C00DDE90701F3F7AEFBFD
:10D540000690BDF818100998018009F10109641CC2
:10D55000BC42E1DB0D981B9906EB400618988A4403
:10D5600005EB40050198401C01904045FFF612AFC5
:10D57000E5E605EB44010988E6E700202DE00024FC
:10D580001FE000BF1AF80400D0B1FD2801D35A46AD
:10D5900002E000FB0BF0020A06EB44000390008857
:10D5A000ADF8180005EB44000088ADF81400DDE983
:10D5B0000501F3F773FB05900398BDF81410018083
:10D5C000641CBC42DEDB0D981B9906EB40061898E4
:10D5D0008A4405EB400509F1010081464045CEDB58
:10D5E000ADE600002DE9FF4F85B09A460C46DDF808
:10D5F00050B0E6F71FFD0390A0882188401A401C18
:10D6000006B2E0886188401A401C0FFA80F8BBF12E
:10D61000000F01D000204BE000271DE0002515E0A1
:10D62000139802900AEB4500079A0088ADF80400B1
:10D630006088384400B2009020880599284403B2DD
:10D6400003980068D0F81CC0E0476D1CB542E7DBCA
:10D6500012997F1C0AEB410A4745DFDB09B0BDE8A0
:10D66000F08F00251BE000BF1BF80500B0B1139937
:10D670004843000A02900AEB4500079A0088ADF87B
:10D680000400618801EB090000B200902088059930
:10D69000284403B203980068C769B8476D1CB542B7
:10D6A000E2DB159909F101008B4412990AEB410A5A
:10D6B00081464045D5DBD1E770B515460E46044698
:10D6C000802805D2E117002004EB9171891006E053
:10D6D00003F06CF8411FCC4084F02001801F3060C3
:10D6E000296070BDFD2902D2022901D800207047AF
:10D6F00010FB01F000EBC01101EBC030C0F3C750CC
:10D70000704700002DE9F041F6F7D1FA0746FAF725
:10D710006BF90646FAF768F90546F3F75FF804680F
:10D7200000213046FAF74FF8B84244F3074008D1D9
:10D73000012801D0401E07E00C2060F31744601E52
:10D740001FE00C2819D0401C60F3174444F307472E
:10D75000A1B20C463A462846F3F742F8012130467A
:10D76000FAF731F80849224601EB870151F8043CE9
:10D77000BDE8F04105A1F8F7C8BC012060F31744EB
:10D78000601C60F30F04E1E7780100202564202588
:10D790007300000070B50546F6F789FA044628467E
:10D7A000F6F787FA05462046F6F71AF804462846A3
:10D7B000F3F714F80088641C62B262F3174081B278
:10D7C0002846BDE87040F3F70BB8000070B50D4671
:10D7D00000212846FBF75AFD00212846FCF710FBE4
:10D7E0000023022219462846FCF7EEFA2846F2F7F3
:10D7F0006DFB0646002228A1FCF7FFFC42F2640103
:10D800003046FCF719FB3046FCF710FE3046FAF7BD
:10D81000AAF8044601463046FCF7BEFD0023072265
:10D820001E493046F8F7A6FF04213046F9F7A4FB5D
:10D830002846F7F7C9FD06460321F8F7F3FB002257
:10D8400002213046FCF777FD01213046FCF7E8FA6B
:10D850002846F2F73BFB0646002211A1FCF7CDFC5F
:10D86000224611463046FCF7A0FB002307220B4955
:10D870003046F8F77FFF04213046F9F77DFB00239F
:10D880001C2208492846F8F775FF2846BDE8704075
:10D8900000221C21F6F710BAEF81930005D701088A
:10D8A000EF8194006D1802082DE9F0410F460846FB
:10D8B000FAF79AF8044600213846FBF7E7FC002106
:10D8C0003846FCF79DFA3846F5F7E8FE164D064651
:10D8D0006968F6F713F923461C2214493046F8F715
:10D8E00049FF01213046FCF79BFA3846F5F7D6FE92
:10D8F00006462968F6F702F923461C220C493046F1
:10D90000F8F738FF01213046FCF78AFA00231C2281
:10D9100008493846F8F72EFF3846BDE8F0410022A6
:10D920001C21F6F7C9B90000A80100200D26020845
:10D9300095D70108B118020870B5094D044668680A
:10D94000002808D044B12046EFF74CF9A9682044DC
:10D95000884200D3002070BD0248006870BD0000FE
:10D9600000010020F4010020002902D00068091DF8
:10D9700042507047002901D00068425070472DE99D
:10D98000F041044600222121F6F796F900287ED0C6
:10D9900000212046F9F717FF10B1FFF7F0FFF7E776
:10D9A0002046F9F7DBFF06460020F7F75FFB054648
:10D9B00000271CE0686AA04202D0A86AA04203D1F6
:10D9C00021462846F7F7F6FB286BA04200D12F63CB
:10D9D000286DB04207D1F7F753FBA04203D121468F
:10D9E0002846F7F7E7FB2846F7F740FB0546002DEA
:10D9F000E0D12046E6F753F9606804260028204667
:10DA000002D0F9F7B6FF29E0F9F77CFF05460020C0
:10DA1000EA68696A04E052F82030A3420AD0401C48
:10DA20008142F8D806E0E96806EB80028A5841F89E
:10DA30002020401C696A491E8142F4D8686A401E51
:10DA400081006862E868F8F7ABFCE8601BE00968F1
:10DA500006EB80028A5841F82020401C61688968E2
:10DA60004A68521E8242F2D8606880684068401E50
:10DA7000486061688200896808681146F8F790FC80
:10DA80006168896808602046BDE8F04100E001E077
:10DA9000F8F742BCBDE8F081C9B20022FCF7ECBB4C
:10DAA000EFF3058010B16FF005007047044801687E
:10DAB00011B14FF0FF307047012101600020704725
:10DAC00060000020F0B50027DDE905458E1A012B26
:10DAD00005DC03280CD004280AD0052808D0891AB0
:10DAE00009B206282AD2DFE800F0290A0320140E22
:10DAF0002F80208806EBD67100EB61001CE02F80A0
:10DB00002088304418E05B1E18B291FBF0F02880AA
:10DB1000F0BD91FBF3F02988084400B228802188E9
:10DB200000EBD07001EB600006E05B1C18B291FBCB
:10DB3000F0F02880218808442080F0BD2F80F0BDBF
:10DB40002DE9F05F05460C46501E53B12188A1EB2C
:10DB5000620121800844A080E88A6080688BE080B0
:10DB600009E06188A1EB620161800844E080A88A35
:10DB70002080288BA0804FF4403631462846FAF7A3
:10DB80003AFD814631462846FAF77BFD824631460A
:10DB90002846FAF7D1FD804631462846FAF7D7FCE9
:10DBA000834631462846FAF7D6FE074631462846D0
:10DBB000FAF7C3FE0146208809EB0702801A20808D
:10DBC000A0880AEB07021044A080608808EB0102DD
:10DBD000801A6080E08859440844E080BDE8F09FE6
:10DBE00070B50446EFF721FA05001DD0F9F7BBFE2A
:10DBF00006462046F9F74BFE864215DD00212846F1
:10DC0000FAF74FFE068900212846FAF76CFEE18EEE
:10DC10003044414309B20022606AFCF793F8606A1D
:10DC2000BDE87040FBF7C3B970BD00002DE9F041BD
:10DC3000134C0F460546E6682068001D03F0B0FB54
:10DC4000681C07D137B12168BDE8F0410D48091DB6
:10DC500003F0F9BB20683544B5424560216805D220
:10DC6000A06BBDE8F041091D03F0D5BB606B091D39
:10DC700003F0D1FBA06A854200D2A562BDE8F08125
:10DC800010000020D40700202DE9F041054603F0E4
:10DC9000E7FB2D4CA068401CA06020682B4F10B102
:10DCA000606930B32BE02560A068012827D10026E9
:10DCB00006EB860007EB800003F09FFB761C382EF6
:10DCC000F6D3234803F099FB2148143003F095FB69
:10DCD0001F48283003F091FB1D483C3003F08DFBBA
:10DCE0001B48503003F089FB194860631430A0636F
:10DCF00005E02068E96AC06A884200D82560606A49
:10DD0000401C60626864E86A2169884200D9206129
:10DD100000EB800007EB8000291D03F094FB03F06B
:10DD2000BFFB606900280CD02068E96AC06A88429D
:10DD300007D208494FF080500860BFF34F8FBFF300
:10DD40006F8FBDE8F0810000100000202403002048
:10DD50008407002004ED00E038B503F081FB104C8F
:10DD60002068C8B90F4803F048FB0E48143003F090
:10DD700044FB0C48E060143020610A4B0020F03B6B
:10DD8000009003F1500210210A2003F0D3FE20601E
:10DD900010B105A103F006FCBDE8384003F080BBDC
:10DDA0004C000020D8080020546D72510000000083
:10DDB00030B4026C0B46002A0BD0C1681144C1601C
:10DDC0008468A14201D30168C16030BC1846E2F703
:10DDD00088BA30BC70472DE9F041856B1746044680
:10DDE0000026026C82B1C7B1E068E2F77AFAE16816
:10DDF000206C091AE1602268914202D2A168081AD7
:10DE0000E060022F16D017E02068A8B9A06804F0DF
:10DE100083FA06460020A0600EE06068E2F761FA2F
:10DE2000216C606808446060A168884204D320685F
:10DE3000606001E005B16D1E6D1CA5633046BDE854
:10DE4000F08110B5044690F8590058B101280CD063
:10DE500002280FD0502080F31188BFF34F8FBFF3FB
:10DE60006F8FFEE7206B03F02FFB2046BDE81040CC
:10DE700003F02ABB10BD000010484FF47051420758
:10DE800006D0C01D0D4920F00700411AC1F57051A0
:10DE90000B4A00230144C2E900030839183A21F073
:10DEA000070111604B600B600B1AC0E9001393600F
:10DEB0004FF000405360506170470000B80F0020E1
:10DEC0007C000020154E164CA6F29C474FF080585F
:10DED000DFF8509012E000BF03F0C2FAF068C568A6
:10DEE000281D03F05DFAA068401EA0606068401E17
:10DEF000606003F0D5FA2846FFF7A3FF60680028AA
:10DF0000EAD13868012805D9C9F80080BFF34F8FDE
:10DF1000BFF36F8F03F06EFAF0E70000C007002038
:10DF20001000002004ED00E0002807D000218160EF
:10DF300001600B460A46C16003F074BE70470000E2
:10DF400070B51D46049C51B1C4F80020C4E90F010E
:10DF50000121204603F022FE84F84C5070BD24605D
:10DF6000F4E700002DE9F05F8846DDE90B941546E3
:10DF7000834691009A460A9EA522206BE2F7D1F9CA
:10DF80006FF00301206B01EB8501084420F00707C7
:10DF9000780707D0502080F31188BFF34F8FBFF36D
:10DFA0006F8FFEE70025B8F1000F0FD05FF0000083
:10DFB000221818F8001082F8341018F8001011B167
:10DFC000401C1028F4D384F8435001E084F8345006
:10DFD000382E00D33726E662C4E91365201D03F00E
:10DFE00017FA04F1180003F013FA2461C6F138009F
:10DFF0006462A061656584F85850524659463846B7
:10E0000000F0B4FA2060B9F1000F01D0C9F8004067
:10E01000BDE8F09F30B5114900E011460A68824220
:10E02000FBD34B685C18844203D1406818444860B5
:10E03000084643681C18944209D1084C183C2468CF
:10E04000A24209D052681A4442600A68126802600B
:10E05000814200D0086030BD0460F9E77C000020F8
:10E0600070B5002441600B4D0061914206D8D11A71
:10E070008269914206D2011D286907E09A4203D2C3
:10E08000994201D3012403E0011DE86803F0C3F9BC
:10E09000204670BD4C00002010B5044603F0E0F9A6
:10E0A000A06B28B15FF0000403F0FAF9204610BD20
:10E0B0000124F9E730B589B03C4D6EE004980028A2
:10E0C00006DADDE90601059A90470498002864DB2A
:10E0D000069C606910B1201D03F062F903A800F0EE
:10E0E000D7F8024604980A2857D2DFE800F0050561
:10E0F000052D334A05052D3394F8280040F0010022
:10E1000084F828000599A069059B01442046FFF783
:10E11000A7FF68B3216A2046884794F82800400783
:10E120003BD5002000900598A169002342181946AC
:10E13000204604F037FAD8B9502080F31188BFF395
:10E140004F8FBFF36F8FFEE714F8280F20F0010008
:10E15000207022E094F8280040F0010084F82800A4
:10E160000598A06128B1811813462046FFF778FF73
:10E1700013E0502080F31188BFF34F8FBFF36F8FF0
:10E18000FEE794F82800810703D4204603F09CF9A9
:10E1900003E020F0010084F82800002204A9286888
:10E1A00003F050FE002889D109B030BD4C0000209A
:10E1B0002DE9FC410F46054603F01EFB01A800F0C7
:10E1C00067F80446019818B104F05AF9BDE8FC81DB
:10E1D000254EAFB130690068D0B30027291B3A46FD
:10E1E000306803F0F3F904F04BF90028EED11F4931
:10E1F0004FF080500860BFF34F8FBFF36F8FE5E79C
:10E20000A542EBD804F03CF9F0682746C068C46822
:10E21000201D03F0C5F894F82800410719D5A0691E
:10E220002B4641193A462046FFF71AFFA8B10020B5
:10E230000346014600902A46204604F0B3F960B92F
:10E24000502080F31188BFF34F8FBFF36F8FFEE72D
:10E2500007E020F0010084F82800216A2046884762
:10E26000B4E70127BAE700004C00002004ED00E00D
:10E270000648416B096829B1416BC968C96849689A
:10E28000816270474FF0FF31FAE700001000002074
:10E2900070B5054603F0CEFF064E0446B0688442D2
:10E2A00003D200F009F8012000E000202860204699
:10E2B000B46070BD4C000020F8B5194D20E0C06876
:10E2C000C4680668201D03F06BF8216A2046884761
:10E2D00094F82800400713D5A0693044B04206D90D
:10E2E00024616060211DE86803F095F808E00020D3
:10E2F0000346014600903246204604F053F938B1F7
:10E30000E86801680029DAD12969C5E90310F8BD78
:10E31000502080F31188BFF34F8FBFF36F8FFEE75C
:10E320004C00002008484068401C4FF0500080F32B
:10E33000118804D0BFF34F8FBFF36F8FFEE7BFF399
:10E340004F8FBFF36F8FFEE784000020074CE0681B
:10E35000016841B1C0680021D0F80000FFF728FF34
:10E36000FFF7A8FEF3E701210020F7E74C000020AB
:10E370002DE9F041044603F073F894F9455004F197
:10E38000240609E0606A48B1304604F041F808B15B
:10E3900003F06CF96D1E6DB2002DF3DC4FF0FF360B
:10E3A00084F8456003F07CF803F05AF894F944507F
:10E3B00004F1100709E0206948B1384604F028F854
:10E3C00008B103F053F96D1E6DB2002DF3DC84F833
:10E3D0004460BDE8F04103F063B800002DE9F0416E
:10E3E0000546002703F008FA324E306808B9FFF7F7
:10E3F00043FD706905424ED1C5B3083568070ED09C
:10E4000005F00700C0F108000544680707D0502058
:10E4100080F31188BFF34F8FBFF36F8FFEE72DB3EB
:10E420007068854237D82348183001460C6801E0EF
:10E4300020460C466168A94202D221680029F7D122
:10E4400031688C4227D0076821680160606808370E
:10E45000411B10290FD96019420708D0502080F3C2
:10E460001188BFF34F8FBFF36F8FFEE713E041605A
:10E470006560FFF7CFFD61687068401A7060B26830
:10E48000904200D2B060706901430020C4E90001ED
:10E49000F068401CF06003F0F3FF780707D05020CD
:10E4A00080F31188BFF34F8FBFF36F8FFEE73846BD
:10E4B000BDE8F081640000200449086818B10868CC
:10E4C000026D521C026508687047000010000020B1
:10E4D0002DE9FF47064690F85C00400739D5706A81
:10E4E000F7F70AFA1C4909688847040031D000216F
:10E4F0003046FAF7E6F9002342F222026946F5F7C0
:10E5000046FC08B115A000E015A08146E1F71BFF0D
:10E51000074604FB07F0401CF7F7A0FE80460025E5
:10E5200007E000BF05FB07803A464946F7F760FF62
:10E530006D1CA542F6DB7D43002108F8051041461D
:10E54000706AF7F7ABFD4046F7F7D4FE304600F0AF
:10E5500023F8BDE8FF87000030020020E280A2001F
:10E560002A00000070470068FFF7B2BF10B5031F14
:10E570004FF080741C601B1F21F001011960191FEE
:10E58000044B0B6014390A60091F6FF00202443813
:10E590000A6010BD25E301082DE9F04F91B0044653
:10E5A0000021FAF78EF9099000212046FAF7B7F911
:10E5B0000890206C0590606AF7F79EF9784A8246C9
:10E5C000059912689047DFF8DCB106460AEB0600B1
:10E5D000DBF8002081460021904707000998B0F938
:10E5E00008807DD00A2FFCD00D2FFAD000223946AA
:10E5F0000998F5F73AFC05B203AA606A0599F7F79E
:10E6000095F8606AF7F778F902460021606AF8F732
:10E61000EFFB616ABDF90C20B1F91430B1F91810A3
:10E620001A442A448A4228DD94F85C10090724D44D
:10E63000032822D00020ADF80C000899BDF80E2068
:10E6400008EB01001044ADF80E00002F7ED05649B3
:10E650004846096888470644DBF800200AEB0600B4
:10E6600000219047010071D00A296FD00D296DD08B
:10E6700000220998F5F7F9FB05B24FF4E02B20468C
:10E680005946E664F9F7C4FE064659462046FAF7AD
:10E6900068F800EB060A204641F611025946FAF7DF
:10E6A00067F800EB060959462046F9F7B9FF8719C4
:10E6B000204641F613025946FAF75AF8BDF80C20E5
:10E6C0003044D11BADF83410BDF80E3010446D1E2F
:10E6D000A3EB0A012844ADF83610ADF8380000E08D
:10E6E00057E003EB0901A8F101000844ADF83A0036
:10E6F00004F144010D4601A8F1F7A3F9606ABDF8E1
:10E700000410828A1144ADF80410BDF80610C08AC6
:10E710000844ADF80600606ABDF80810808A084415
:10E72000ADF80800606ABDF80A10C08A0844ADF868
:10E730000A0001A92046FAF76EFC0DA92846F1F758
:10E7400080F9294601A8F1F77CF900E024E0606A2D
:10E75000BDF80410828A1144ADF80410BDF806100B
:10E76000C08A0844ADF80600606ABDF80810808AC7
:10E770000844ADF80800606ABDF80A10C08A084471
:10E78000ADF80A0001A92046FAF745FC11B0BDE832
:10E79000F08F002220212BE70022202169E70000D2
:10E7A000200200201C020020180200202DE9F04762
:10E7B00090B088460646EEF73FFC05006BD0F7F7B1
:10E7C0009BF8024600212846F8F712FB012838D0B2
:10E7D000022802D0032819D10CE03046F9F771F86D
:10E7E00004462846FAF7E8F8201A00EBD07040F308
:10E7F0004F0108E03046F9F764F804462846FAF776
:10E80000DBF8201A01B22846FBF7DDFD0021304677
:10E81000FAF74FF8044600213046FAF772F88246BC
:10E82000B4F908703046F9F732F8814630460021D5
:10E830006522F9F79DFF84B2B8F1000F03D014B13F
:10E8400004E00021DFE73046EFF7CEFDF18C07EB67
:10E850000A00484309EBD971491007EBD772A1EBC5
:10E860006201081A06B2B8F1000F17D0B4B16846B9
:10E87000F0F7C0FB0F48CDE900502846FAF7A2F8A0
:10E88000CDE9080607900C4803900C4806900A94BE
:10E890006846F0F723FC10B0BDE8F087054928462C
:10E8A000F0F764FB10B031462846BDE8F047FBF7AF
:10E8B000A1BD000099F00108FFEB01085BF0000822
:10E8C0002DE9F04F0C464FF4A02689B0054631469D
:10E8D000F9F79FFE079031462846F9F7E0FE824699
:10E8E00031462846F9F736FF814631462846F9F782
:10E8F0003CFE804631462846F9F7EEFF0690314649
:10E900002846FAF705F8834631462846F9F7D5FF39
:10E91000059031462846F9F7BFFD0746314628469F
:10E92000F9F7B3FD06461FE0079BCDF800B0CDE92F
:10E93000013ACDE90398DDE90523A1B22846EEF7B7
:10E9400087FDE96AB04221F81400E96A01DA02465B
:10E9500000E03246BA4201DA384602E0B04200DB5B
:10E96000304621F81400641CE88CA042DCD809B0C1
:10E970002846BDE8F04FFAF777BF2DE9F04107468A
:10E98000F8F733FF0546002412E0B868006850F835
:10E9900024603046FAF70BFB00222A213046F5F7B7
:10E9A0008BF93046FAF703FB3046FFF7E6FF641CAD
:10E9B000AC42EAD3BDE8F0812DE9FE4F0446EEF704
:10E9C0003BFB060009D0F6F747FB8046F6F789FBCC
:10E9D000042805D0022803D012E00120BDE8FE8FF4
:10E9E000E28C2146228504280AD10846F8F7B6FFB2
:10E9F0000546F5F781FD18B100212846F5F7F7FD2A
:10EA00004046F6F76EFB012804D04046F6F769FB56
:10EA1000032863D1A06A800331D4002569464046AB
:10EA2000F6F734FBBDF80200F18A401AADF8020097
:10EA3000BDF80000B18A401AADF8000069463046C2
:10EA4000F6F774FD07463046F6F756FF824600207B
:10EA500080460646DFF8949001900DE0D9F800203A
:10EA600001A9504690470A2803D1B84501D06D1C32
:10EA70002DB2DDF80480761CBE42EFD327E00021E2
:10EA80002046F9F716FF054600212046F9F739FF21
:10EA90002989B4F91A200844B4F9161007B2501A9B
:10EAA00000EBD07001EB600005B20C214046F6F798
:10EAB000D2FBF18A084400B2281A90FBF7F0002834
:10EAC00000DA0020A18C814200DC481E05B2002D36
:10EAD00004DBA9B201222046FCF7D9F9E08C0290B0
:10EAE00002AA1C212046F5F7E7F877E71C02002070
:10EAF00070B5D1E90245D5B1D4B1E560AC6000EBA9
:10EB0000C21505EB8305EE6B8E420FD1EC63844298
:10EB10000CD100EB820501216C6901FA03F39C43DF
:10EB20006C6103D1036991408B43036170BDFEE7C3
:10EB3000FEE72DE9F0410C46498C06460020C1F362
:10EB4000C5010EE026B1E26852F83020B24207D18A
:10EB50004FF6FF724FF470212046FAF79DFE02E057
:10EB6000401C8142EED82046F8F73FFE07460025BC
:10EB700007E0A068006850F825103046FFF7D9FF7D
:10EB80006D1CBD42F5D3BDE8F08170B50546006847
:10EB9000F8F7B8FE0446006900222721F5F78CF843
:10EBA000002228216069F5F787F8606928B194F898
:10EBB0002810C90701D0F8F77BFA00206061A06136
:10EBC0002868BDE87040002240F26241FAF7C2BEF8
:10EBD00070B504460068F8F795FE0546FCF772F933
:10EBE000686123682B61BDE8704000222621184629
:10EBF000F5F762B8002200680A21F5F75DB810B594
:10EC00000068F8F7F1FEBDE81040EFF7EDBB00003B
:10EC10002DE9FF4F85B090460C460846F8F7E4FE14
:10EC200006461021F9F7F5FE00286FD03046F8F7B8
:10EC300039FF834600253046F9F701F81434CDE951
:10EC4000024000B9059C00213046F9F7CCFB824612
:10EC500000213046F9F74DFD504407B200213046FF
:10EC6000F9F759FC504400B20190F08A61883844A9
:10EC7000421AB8F80210501A0FFA80F9728B0198F4
:10EC8000101AE288801A081A00B200903046F8F78D
:10EC90006AFEC11B0198081A00B20490B9F1000F76
:10ECA0000CDB0098002814DAB9F1000006DD0546F7
:10ECB0003046F8F7CBFF401B0AD40AE00098002842
:10ECC00007DD404205B23046F8F79AFEE84200D52B
:10ECD00000250398012804D0022807D003280DD16D
:10ECE00015E0F08A61883844294421E0718B01984D
:10ECF000091AE0882844081A284405B2002430463E
:10ED0000F8F796FF0090A8B1029F14E0BEE00498C7
:10ED1000F18A00EBD07007EB60000844E28861885C
:10ED2000521A521C12B202EBD27205EB620211446B
:10ED3000401AE1E7059F00213046F9F740FC5044B6
:10ED40000FFA80F900213046F9F77FFC5044B18A70
:10ED50000FFA80FA01EB09003988338B421AB8F8B0
:10ED60000010501AA3EB0A02BB8800B2D21A891A0B
:10ED700009B200280BDB002913DA002807DD04465E
:10ED80003046F8F797FE2044002809DC09E0002906
:10ED900007DD484204B23046F8F7ECFEE04200D509
:10EDA00000243046F9F708FEA0EB0901A1EB0A00A8
:10EDB000009900B2012904D0022907D003290DD1FE
:10EDC00022E0B18A01EB0900398803E0318BA1EB25
:10EDD0000A00B9882144401A204404B22D49304623
:10EDE000F0F7C4F807462C493046F0F7BFF838432F
:10EDF00006D000220A213046F4F75EFF012845D1F3
:10EE00005FEACB7011D013E000EBD072B18A09EB4E
:10EE100062000844B9883A88891A491C09B201EB92
:10EE2000D17104EB61011144D5E7002C00DA002414
:10EE30005FEA8B7002D4002C00DD00245FEA4B7087
:10EE400002D4002D00DA00255FEA0B7002D4002DF9
:10EE500000DD00250898B8F90010002800D02046F1
:10EE60000844A8F80000B8F9021002D14FF00000E1
:10EE700000E028460844A8F80200089B09B02A468A
:10EE800021463046BDE8F04FFAF71EBE09B0BDE896
:10EE9000F08F000061EF010849EF010870B51646D8
:10EEA00005460C4651EA06001CD02846F7F7AAFE94
:10EEB000A86801233246018A21440182A868418A58
:10EEC0003144418221462846FAF720F900220B21DD
:10EED0002846F4F7F1FE012804D12846BDE8704029
:10EEE000FAF765B870BD30B5AAB1B0F91630B2F90D
:10EEF00000401D19B0F93240A54201DAE31A13802F
:10EF0000B0F91640B2F90030E518B0F936309D423C
:10EF100001DD1B1B1380002915D0B0F91430B1F9A5
:10EF200000209C18B0F93020944201DAD21A0A80ED
:10EF3000B0F91420B1F90030B0F934001344834221
:10EF400001DD801A088030BD10B50346F8F785FE54
:10EF5000084401B2BDE8104000221846FFF79EBFEA
:10EF600010B50346F8F780FE084402B2BDE8104031
:10EF700000211846FFF792BFF8B505460C46084633
:10EF8000F3F74EFB4FF4803631462846F9F710FA76
:10EF9000E070022808D9284631462022F9F7E8FB1C
:10EFA0000090BDF80000A080284631463122F9F7D4
:10EFB000DFFBC0B2002784F82200022815D92846BA
:10EFC000314641F23202F9F7D3FB00B22084002827
:10EFD00009DD284631463022F9F7CAFB0090BDF81A
:10EFE0000000E08301E084F822702846314640F6B4
:10EFF0004502F9F7BDFBC0B284F8360002281CD9DF
:10F00000284631464FF40462F9F7B2FB00B2E085BE
:10F01000002810DD284640F643023146F9F7A8FBE8
:10F02000A086284644223146F9F7A2FB0090BDF89D
:10F030000000A08501E084F8367031462846F9F7D3
:10F0400032FAFD280AD2E17811FB00F1090AE170D9
:10F050004143080A84F8220084F83600E07830B989
:10F0600094F8220018B994F83600002805D03146EB
:10F070002846F9F7E5FB20800120F8BDA0F84410F0
:10F08000F9F795BFA0F84610F9F791BF09B2FBF761
:10F090009AB909B2FBF7AEB909B2FBF7ABB90000F8
:10F0A0002DE9F84F04464F1091460D464FEA610A8C
:10F0B000C80700D17F1E60008346F7F7CFF80646E9
:10F0C0004B46002026E000BF03EB4400009030F8E0
:10F0D000021C6943601E15D4002200EB0A0C26F8BE
:10F0E0001010A44501DA33F81C208A1AC11B01292B
:10F0F00001D5198803E003EB410131F8021C401EE1
:10F100001144E9D55A4631461846F7F771F9009B84
:10F1100008F101008046A042D6DB4FF47F51B1FBDD
:10F12000F5F2002093B214FB04FC0CE039F8102037
:10F1300042B18A4202D129F8103003E092FBF5F285
:10F1400029F81020401C8445F0D8002039E000BF89
:10F1500009EB4002934613886B43002123E0002B08
:10F1600002DA4FF0000C01E04FEAA31C26F811C0B0
:10F17000A1EB0A0CBCF1000F02DCB2F800C003E006
:10F180000CFB040839F818C0A3EB0C0CCB195B1C62
:10F19000A34200DB631E03FB040802EB440239F8C0
:10F1A0001830491C6344A142D9DB5A46002105E0CE
:10F1B00036F81130138002EB4402491CA142F7DB00
:10F1C000401CA042C4DB3046BDE8F84FF7F792B8C8
:10F1D0002DE9F0470E468AB01F4680460146154687
:10F1E0009146D41907A8F0F7F6FB05EBD57007EBAD
:10F1F000600145F30002891A891EADF82010012133
:10F2000001EB6000ADF81E004046F0F749FCBDF888
:10F210002010081AADF81C004046F0F71BFCBDF8A2
:10F220001E1000230844ADF822003A4607A901A8A1
:10F23000F3F726F94D46B9F1010F01D04FEA690500
:10F240002046F7F70BF88246B046002734E0214607
:10F250005046F7F7D9F901A80090DDF804C023B2B1
:10F260003AB200215046E04740B19AF800008001D0
:10F2700090FBF5F1A8F80010012018E0610040466D
:10F28000F7F794F915E000BF0AEB00021AF8001036
:10F2900012F8012C914204D108EB400131F8022C04
:10F2A00002E0890191FBF5F228F81020401CA042F1
:10F2B000EADB08EB44087F1CA742C8DB5046F7F79F
:10F2C00019F801A8F2F754FE012D14D020B23246ED
:10F2D00029460746FFF7E4FE09F00100284401B281
:10F2E000012926DD4FF47F5090FBF1F2002093B20C
:10F2F00004FB04F517E00020644304E036F8101026
:10F300008A093254401C8442F8DC0AB0BDE8F08718
:10F3100036F8102032B1FF2A0ED0920192FBF1F2A2
:10F3200026F81020401C8542F2D832463846FFF7B6
:10F33000B7FE0020644307E026F81030F2E700BF74
:10F3400016F810103154401C8442F9DCDDE7F0B5AA
:10F3500097B0074614460D4601A8F3F761F9FF225E
:10F3600011461046F1F7F1FB0090BDF80000009047
:10F37000BDF80000ADF8080000262A4601A938466D
:10F38000F3F73AF90FA8F2F7D7FB23462A460FA95D
:10F3900038460096F2F734F917B0F0BD30B591B0A9
:10F3A00005464FF4E0216522F9F7E2F9040017D091
:10F3B0006846EFF71FFE0F480A94CDE90050012080
:10F3C0000D9400210790CDE908010B4806904FF6F7
:10F3D000FF70ADF83C006846EFF780FE11B030BD1D
:10F3E00004492846EFF7C2FD15F8500F40F0010020
:10F3F0002870F3E7CF650008B3F000082DE9FC475B
:10F40000FE4DFF4C95F82000C00703D0FD48F1F7F2
:10F4100051FB03E004211220FBF73AF80090BDF8FD
:10F420000000608095F82000C00704D0052112205C
:10F43000FBF72EF803E004211220FBF711F80090EF
:10F44000BDF80000A08095F82000C00703D0EE486A
:10F45000F1F730FB01E0F1F7C0FC0090BDF80000CF
:10F46000E08095F82000C00703D0E848F1F722FBC0
:10F4700003E002211220FBF70BF80090BDF800001A
:10F48000208100264620CDE90006DC485023E04AD2
:10F49000E0492838FCF7A8FBD84800965023DC4AFE
:10F4A000DC4914380196FCF79FFBE068D03000F08F
:10F4B000F9FDD249E0682839D030FCF78BFBE068D1
:10F4C000D83000F0EFFDCD49E0681439D830FCF7B2
:10F4D00081FBE068083000F0E5FD95F82000C007EA
:10F4E00004D002211220FAF7BBFF02E01220FAF743
:10F4F000E9FF0146E0680830FCF709FAE06847F6E2
:10F50000FF7A51460830FCF71CFB0721E868F1F749
:10F5100078FC0146E0680830FCF760FA0521E868ED
:10F52000F1F76FFC0146E0680830FCF757FBE06834
:10F5300066210830FCF7F6F9B049E0681439083064
:10F54000FCF748FBE068103000F0ACFDE068FF21FC
:10F550001030FCF7E7F9E06800F0A4FDFF21E06857
:10F56000FCF7E0F96088ADF800000099E068FCF76E
:10F57000CEF9A088ADF800000099E068FCF70FFB19
:10F58000607801287ED00228E8687CD05FF00A010C
:10F59000F1F737FC0146E068FCF75DFA6078012876
:10F5A00072D00228E86870D05FF00A01F1F729FCF8
:10F5B0000146E068FCF72AFAE068183000F072FDB6
:10F5C00060780128E8687DD05FF00801F1F719FC48
:10F5D0000146E0681830FCF7B4FAE068FF21183003
:10F5E000FCF7A0F9E088ADF80000E0680099183059
:10F5F000FCF78DF92089ADF80000E068009918301B
:10F60000FCF794F90221E868F1F7FBFB0146E0689A
:10F610001830FCF79EF9E06801211830FCF791F9E9
:10F62000A088ADF80000E06800991830FCF7B7FA40
:10F63000607801287ED00228E8687CD05FF0100155
:10F64000F1F7DFFB0146E0681830FCF7C7F9607896
:10F65000012871D00228E8686FD00A21F1F7D1FBA8
:10F660000146E0681830FCF7F6F96078012865D0AB
:10F670000228E8687ED00A21F1F7C3FB0146E06862
:10F68000183003E07FE081E082E084E0FCF7BEF91F
:10F690001220FAF717FF0146E0681830FCF76FF9FF
:10F6A0000121E868F1F7ADFB0146E0681830FCF78E
:10F6B00071F9E068A03000F0F5FC504EE068283E9B
:10F6C000B16B00E069E0A030FCF76EF90321E86857
:10F6D000F1F797FB0146E068A030FCF77AF90321C7
:10F6E000E868F1F78EFB0146E068A030FCF76CF9A2
:10F6F000E0687F21A030FCF762F9E068A83000F0F4
:10F70000D1FC708FADF80000E0680099A830FCF7DC
:10F710004BF90321E868F1F774FB0146E068A83073
:10F72000FCF757F9E0687F21A830FCF748F9E0685A
:10F73000203004E033E035E036E038E039E000F036
:10F74000B1FC6078012839D00228E86839D0082156
:10F75000F1F757FB0146E0682030FCF7F2F9E0686A
:10F76000FF212030FCF7DEF82089ADF80000009979
:10F77000E06800E020E02030FCF7C9F895F82000B0
:10F78000C00720D070E00E21E86801E70C21FFE6F9
:10F790000E21E8680AE70C2108E70C2116E718217A
:10F7A000E8684DE714214BE70E21E86856E70C2185
:10F7B00054E70E21E8685FE70C215DE71021E86857
:10F7C000C6E70C21C4E71220FAF77CFE0146E06888
:10F7D0002030FCF7BAF90020F1F70EFC00EB4000F6
:10F7E0004FF4A07950304FF0A008484517DB0020B7
:10F7F000F1F702FC00EB400050300DE080B6002035
:10F800003C0100201A171500302B280037322F003A
:10F810008FF00008F460020890FBF8F000E001208F
:10F8200001B2E0682030FCF7A5F9E0687F212030C4
:10F83000FCF79BF90020F1F7DFFB502707EB800076
:10F84000484507DB0020F1F7D7FB07EB800191FB70
:10F85000F8F000E0012001B2E868F1F7D2FA0146C1
:10F86000E0682030FCF77CF9A088ADF80000E06883
:10F8700000992030FCF793F9607801287ED00228A7
:10F88000E8687CD05FF01001F1F7BBFA0146E06850
:10F890002030FCF7CBF8E06800F120086078012800
:10F8A0006ED00228E8686CD05FF00A01F1F7A9FA7F
:10F8B000074601464046FCF7D3F839464046FCF778
:10F8C000A0F80521E868F1F79CFA0146E0682030CD
:10F8D000FCF79CF80521E868F1F793FA0146E06827
:10F8E0002030FCF7B8F8FF49FD4808600831FE48B1
:10F8F0000860E068583000F0D5FBE068F9495830FE
:10F90000FCF730F8E06823215830FCF72FF8E06866
:10F91000603000F0C7FBF349E06808316030FCF765
:10F9200021F8E0687F216030FCF720F8E068C03003
:10F9300000F0B8FBE0680121C030FCF70FF8E06888
:10F940000121C030FBF7FDFFE068803000F0AAFB2A
:10F95000607801287ED00228E8687CD05FF0100132
:10F96000F1F74FFA0146E0688030FCF737F860782D
:10F97000012871D00228E8686FD003E09FE2A1E27D
:10F98000A2E2A4E25FF01001F1F73BFA0146E06861
:10F990008030FCF760F8607801287DD00228E868A4
:10F9A0007BD01021F1F72DFA0146E0688030FCF79A
:10F9B0002DF8E068783000F075FB607801286DD094
:10F9C0000228E8686BD00A21F1F71BFA0146E068CB
:10F9D0007830FCF703F8607801287CD00228E868CA
:10F9E0007AD00A21F1F70DFA0146E0687830FCF789
:10F9F00012F8E068883000F055FB0A21E868F1F75A
:10FA000000FA0146E0688830FCF725F80A21E8682A
:10FA1000F1F7F7F90146E0688830FBF7F7FFE06897
:10FA2000903000F03FFB1421E868F1F7EAF9014655
:10FA3000E0689030FCF7BFF8E068983000F032FBE7
:10FA4000E06802219830FCF7A5F8E068683000F023
:10FA500029FB03E03DE23FE240E242E2E0680021B0
:10FA60006830FBF7BBFFE06800216830FBF7F3FF6D
:10FA7000E06800216830FBF7C9FFE068703000F0F3
:10FA800011FB607801287DD00228E8687BD0022134
:10FA9000F1F7B7F9014603E025E227E228E22AE27E
:10FAA000E0687030FBF79AFF607801286CD002287C
:10FAB000E8686AD05FF00201F1F7A3F90146E06857
:10FAC0007030FBF7C8FF607801287DD00228E86815
:10FAD0007BD0022101E010E212E2F1F792F9014637
:10FAE000E0687030FBF792FFE068283000F0DAFA47
:10FAF000E068B16B2830FBF70AFFF1F76EF90146B9
:10FB0000E0682830FCF74BF8E068FF212830FBF76D
:10FB100009FFE068303000F0C5FAE068B16B3030C2
:10FB2000FBF7F5FEE068B16B3030FCF738F8E068C1
:10FB300033213030FBF7F6FEE068383000F0B2FADF
:10FB4000708FADF80000E06800993830FBF7DFFEF9
:10FB5000F1F743F90146E0683830FCF720F8E06837
:10FB6000FF213830FBF7DEFEE068403000F09AFA03
:10FB7000708FADF80000E06800994030FBF7C7FED9
:10FB8000708F03E0BEE1C0E1C1E1C3E1ADF8000068
:10FB9000E06800994030FCF702F8E068332140301B
:10FBA000FBF7C0FEE068483000F07CFA2089ADF831
:10FBB0000000E06800994830FBF7A9FEE068FF21EB
:10FBC0004830FBF7AFFE01E0A6E1A8E1A088ADF860
:10FBD0000000E06800994830FBF7E1FFE068503032
:10FBE00000F060FAE088ADF80000E068009950305D
:10FBF000FBF78DFEE068FF215030FBF793FEA088F5
:10FC0000ADF80000E06800995030FBF7C8FFE068ED
:10FC1000B03000F047FAE06857465146B030FBF785
:10FC200090FFE068B83000F03DFAE0680021B8309D
:10FC3000FBF787FFE068C83000F034FA0321E8687A
:10FC4000F1F7DFF80146E068C830FBF7BEFF03219B
:10FC5000E868F1F7D6F80146E068C830FBF7B0FF76
:10FC6000E068F03000F01EFAE068B16BF030FBF7AE
:10FC70004EFEE068FF21F030FBF754FE0621E868F5
:10FC8000F1F7BFF80146E068F030FBF7A7FEE06847
:10FC90003946F030FBF755FFE068E03000F002FA3B
:10FCA000E068C821E030FBF71AFEE068E83000F0B9
:10FCB000F9F9E0687821E830FBF711FEE06800F51B
:10FCC000807000F0EFF92089ADF80000E06800993D
:10FCD00000F58070FBF707FE0F21E86806E00000E2
:10FCE0003D6600084C010020D1D60008F1F789F8E4
:10FCF0000146E06800F58070FBF704FEE068012132
:10FD000000F58070FBF7FAFDE06800F5847000F004
:10FD1000C9F9E068B16B00F58470FBF7E4FDE068B9
:10FD200000F5887000F0BEF9E0684FF4827100F5CC
:10FD30008870FBF734FEE06800F58C7000F0B2F9D3
:10FD40000421E868F1F75DF8404201B2E06800F58F
:10FD50008C70FBF743FEF1F740F80146E06800F5D0
:10FD60008C70FBF7D4FDE06800F5947000F09AF910
:10FD70000521E868F1F745F80146E06800F5947060
:10FD8000FBF708FEA088ADF80000E068009900F5D8
:10FD90009470FBF7F4FD1421E868F1F732F801469E
:10FDA000E06800F59470FBF7EAFE0F21E868F1F7D0
:10FDB00028F80146E06800F59470FBF742FEE06821
:10FDC00000F5987000F06EF9E068394600F598701B
:10FDD000FBF7B7FEA088ADF80000E068009900F5D9
:10FDE0009870FBF794FDE068FF2100F59870FBF731
:10FDF00099FD0F21E868F1F704F80146E06800F585
:10FE00009870FBF7BCFEE06800F5907000F04AF9CE
:10FE10000121E868F0F7F5FF0146E06800F5907011
:10FE2000FBF797FD2089ADF80000E068009900F528
:10FE30009070FBF77BFDE068032100F59070FBF705
:10FE400084FDE06800F59C7000F02CF9A088ADF806
:10FE50000000E068009900F59C70FBF767FD022147
:10FE6000E868F0F7CEFF0146E06800F59C70FBF70C
:10FE700070FD0121E868F0F7C4FF404201B2E0687C
:10FE800000F59C70FBF7DDFDE068042100F59C7037
:10FE9000FBF75BFDE0684FF4C87100F59C70FBF761
:10FEA0001EFDE06800F5A07000F0FCF895F8200059
:10FEB000C00736D002211220FAF7D2FA35E0182115
:10FEC000E868E1E41421DFE40E21E868EEE40C21A7
:10FED000ECE41821E86843E5142141E51821E868BD
:10FEE00052E5142150E51821E8685BE5142159E535
:10FEF0000E21E86868E50C2166E50E21E86871E5E9
:10FF00000C216FE50821E868C2E50621C0E508215B
:10FF1000E868D1E50621CFE50821E868DAE50621A1
:10FF2000D8E501211220FAF7B3FA0146E06800F59E
:10FF3000A070FBF734FEE06800F5A47000F0B2F8A2
:10FF4000607801287ED00228E8687CD05FF00A0142
:10FF5000F0F757FF0146E06800F5A470FBF73EFD9F
:10FF60006078012870D00228E8686ED05FF00A013E
:10FF7000F0F747FF00EBD0704110E06800F5A47087
:10FF8000FBF749FDE06800F5A87000F08BF801214F
:10FF9000E868F0F736FF0146E06800F5A870FBF767
:10FFA000D8FC2089ADF80000E068009900F5A87041
:10FFB000FBF7BCFCE088ADF80000E068009900F5B4
:10FFC000A870FBF7A4FCE068332100F5A870FBF7EC
:10FFD000A9FCE06800F5AC7000F064F860780128D6
:10FFE0004CD00228E8684CD05FF00A01F0F709FF16
:10FFF0000146E06800F5AC70FBF718FD6078012859
:020000040802F0
:1000000041D00228E86841D05FF00A01F0F7F9FE1C
:100010000146E06800F5AC70FBF722FD607801282E
:1000200036D00228E86836D05FF00201F0F7E9FE2A
:100030000146E06800F5AC70FBF7E3FC607801284E
:100040002BD003E010E012E013E015E00228E8688E
:1000500026D00A21F0F7D5FE0146E068BDE8FC474E
:1000600000F5AC70FBF7D7BC0E21E86870E70C21F7
:100070006EE70E21E8687BE70C2179E70E21E8683E
:10008000B4E70C21B2E70E21E868BFE70C21BDE719
:100090000821E868CAE70621C8E70E21E868D9E721
:1000A0000C21D7E70349097809B1FBF706BCFBF738
:1000B0001ABB00003C0100202DE9F35F0198F7F71F
:1000C00093FCF84CDFF8E0934FF48038E8B1F7493F
:1000D0000198F6F79FFEE0B10198F7F785FCF44927
:1000E000F6F798FE00287CD1E168002218310198CB
:1000F000F6F7B8FBE168424608310198F6F7B2FB23
:10010000E1684A461031019828E30022E16801982D
:10011000EEE7E8490198F6F77DFEA0B3E16800221A
:1001200020310198F6F79EFBE16800222831019802
:10013000F6F798FBE1680022D0310198F6F792FBC0
:10014000E168202258310198F6F78CFBE168202203
:10015000D8310198F6F786FBE1680422A0310198B6
:10016000F6F780FBE1682022C8310198F6F77AFBA8
:10017000E168012238310198F6F774FBE1688022CA
:1001800060310198EAE2FFE7CB490198F6F742FEB9
:100190004FF4A027DFF824A307F1040B002865D053
:1001A0000198F7F721FCC249F6F734FEC34DE16828
:1001B0006035002801984FF0000223D001F5A471AA
:1001C000F6F750FBE1680422A0310198F6F74AFBEC
:1001D000E1680822A8310198F6F744FB3A46E16845
:1001E00000E0C0E201F5A8710198F6F73BFBE16879
:1001F000524658310198F6F735FBE1682A466031DE
:10020000019825E01831F6F72DFBE1680422A031B2
:100210000198F6F727FBE1680822A8310198F6F764
:1002200021FBE1683A4620310198F6F71BFBE168B3
:100230002A4660310198F6F715FBE16852465831BD
:100240000198F6F70FFB9D4AE1681F3A28310198A3
:10025000F6F708FBE1685A46A0310198F6F702FB71
:10026000964AE168183AA831019877E294490198D2
:10027000F6F7D0FD4FF4003510B3E16800223031BD
:100280000198F6F7EFFAE1680022B0310198F6F72D
:10029000E9FAE1680422A0310198F6F7E3FAE1688F
:1002A0000822A8310198F6F7DDFAE1682A462831DC
:1002B0000198F6F7D7FAE1682A46B03101984DE285
:1002C00080490198F6F7A6FD4FF44036A8B3E168DF
:1002D000002230310198F6F7C5FAE1680022B0310A
:1002E0000198F6F7BFFAE1680422A0310198F6F709
:1002F000B9FAE1680822A8310198F6F7B3FAE16883
:100300002A4628310198F6F7ADFAE1682A46B0315D
:100310000198F6F7A7FAE1683246F0310198F6F74E
:10032000A1FA694DE1682A46C8310198F6F79AFAB0
:10033000E1683246D0310198ACE0FFE763490198AB
:10034000F6F768FDF0B3E168002218310198F6F77E
:1003500089FAE168002268310198F6F783FAE168CA
:100360000022B8310198F6F77DFAE1680422A03145
:100370000198F6F777FAE1680822A8310198F6F7B4
:1003800071FAE168424608310198F6F76BFAE168C4
:100390004A4610310198F6F765FAE1683A4650315D
:1003A0000198F6F75FFAE1683A4601F59071019815
:1003B000F6F758FAE1683A4680310198F6F752FAB2
:1003C000524600E010E0E16801985831F6F74AFA29
:1003D000E1685A4628310198F6F744FA374AE1684D
:1003E000183A38310198B9E139490198F6F712FD08
:1003F000002871D0E168002248310198F6F732FAFE
:10040000E1680022B0310198F6F72CFAE168002289
:10041000E8310198F6F726FAE16880226031019808
:10042000F6F720FAE1680422A0310198F6F71AFAEB
:10043000284FE1683A4628310198F6F713FAE16847
:100440002A46B0310198F6F70DFA224AE1687F3268
:1004500060310198F6F706FAE1683246F03101980A
:10046000F6F700FAE168324650310198F6F7FAF9EA
:10047000E168324601F58C710198F6F7F3F9124AFA
:10048000E168603260310198F6F7ECF9E1683A46CC
:10049000D8310198F6F7E6F9E1682A46D831019893
:1004A0005CE119E03C01002040000100905F02087F
:1004B0000C610208489902086499020820000500AE
:1004C0002C9902080C9A020820000300449A0208A2
:1004D000289A020801000200A4490198F6F79AFC44
:1004E0004FF4802740B3E168002218310198F6F7F5
:1004F000B9F9E1680022E0310198F6F7B3F9E16853
:10050000002290310198F6F7ADF9E16800229831A8
:100510000198F6F7A7F9E1680422A0310198F6F7EF
:10052000A1F9E1680822A8310198F6F79BF9E16882
:100530003A462831019811E18D490198F6F76AFC95
:1005400040B3E168002218310198F6F78BF9E168B1
:10055000002278310198F6F785F9E1680022D03160
:100560000198F6F77FF9E1682022D8310198F6F773
:1005700079F9E168202258310198F6F773F9E168BA
:100580000422A0310198F6F76DF9E1680822A8313C
:1005900001987FE777490198F6F73CFCB0B3E16832
:1005A000002218310198F6F75DF9E1680022C031A8
:1005B0000198F6F757F9E168002290310198F6F7B3
:1005C00051F9E168002201F588710198F6F74AF9BE
:1005D000E168424608310198F6F744F9E1684A4675
:1005E00010310198F6F73EF9E1683A46503101982A
:1005F000F6F738F9E168604A28310198F6F732F9E0
:100600005D4AE1681F3258310198A7E0FFE75B4976
:100610000198F6F7FFFBC8B1E168002201F580718F
:100620000198F6F71FF9E1682A4601F580710198F3
:10063000F6F718F9E1682A4601F584710198F6F792
:1006400011F9E1683246F031019887E04C49019890
:10065000F6F7E0FB98B1E168002201F5807101989E
:10066000F6F700F9E1682A4601F580710198F6F77E
:10067000F9F8E1682A4601F5847101986EE0414974
:100680000198F6F7C7FB88B1E1680022183101989C
:10069000F6F7E8F8E1680022B0310198F6F7E2F8E1
:1006A000E1682A4601F59871019857E036490198AA
:1006B000F6F7B0FB88B3E168002218310198F6F72D
:1006C000D1F8E168002278310198F6F7CBF8E168BB
:1006D0000422A0310198F6F7C5F8E1680822A83194
:1006E0000198F6F7BFF8E168424608310198F6F73D
:1006F000B9F8E1684A4610310198F6F7B3F8E168B5
:10070000224A01F59C710198F6F7ACF8E1684FF4C4
:10071000002201F5A071019820E0FFE71C49019833
:10072000F6F778FB50B1E168002218310198F6F72E
:1007300099F8E1680022683101980FE015490198A5
:10074000F6F768FB28B914490198F6F763FB00280F
:1007500009D0E1680198002201F5AC7102B0BDE852
:10076000F05FF6F77FB8BDE8FC9F0000D49902085F
:10077000809902089C99020801000400109902085F
:100780007C61020860610208609A020802000700AA
:100790000C6102082861020844610208C143491C37
:1007A0000840B0FA80F0C0F11F00704718B1B0FAED
:1007B00080F0C0F12000401E704700002DE9F0419C
:1007C0000C46E0F7A3F878B1E0F7A0F8FF280BD0CB
:1007D0000A4E0127B51CE0F79DF8094801883180D1
:1007E00080882880A77301E00020A0730348018857
:1007F000218040886080BDE8F0810000BC000020BE
:1008000090000020FEB5066804460025728C042086
:10081000C2F3C5020CE000BFF36800EBC507DB596B
:100820009F0104D5A76823F07F43BB4203D06D1C12
:10083000AA42F1D8FEBDA388472B60D00EDC342B32
:1008400050D006DC202B5AD0302B58D0332B16D169
:1008500048E03B2B53D0442B11D150E0682B41D0C2
:1008600004DC632B41D0672B09D13BE0A3F580600A
:10087000573844D000F6FE70B0F5005F32D069B34F
:10088000FF292DD0D4E90302121A4A4300EB22209B
:100890000090F068012701AA50F835001946FAF7D0
:1008A000F1FE60B1DDE90010814208D1BDF8002001
:1008B000BDF804309A4202D1814200D10027F0688D
:1008C000A188009A50F83500FBF7D0F8002FB1D07E
:1008D000A288A1682068F8F7DFFFFEBDE068D7E7CF
:1008E0002069D5E7FF29FBDAF8E7E0680028F7D0B0
:1008F0002269002ACCD08029CADB0092C9E70029EE
:1009000001DCA08920E0FF2901DB208A1CE0C8B2BD
:10091000228AB4F80CC0001DC7080D491FFA8CF0DC
:1009200092B240EA004042EA024208400A40121AEB
:100930007A4300EB5210084040EA1040ADF808003E
:1009400080B20290BDF80800ADF80000A1E70000F9
:100950001FF8E0072DE9F04104682648A6882568BD
:10096000E3F7FFF810E0A1420BD00868226890423C
:1009700007D18868A268904203D18888A2889042F3
:1009800036D01C48E3F7FFF80100ECD1698C002752
:100990000420C1F3C50129E0EA6800EBC703D2587F
:1009A000930122D5A36822F07F429A421DD12146AD
:1009B0001048E3F740F92046F5F7AEFCE868314609
:1009C00000EBC7042068FAF715FFE86850F8370015
:1009D000FAF78CFE00280BD06068216820F07F4277
:1009E0002846BDE8F041F8F7D5BF7F1CB942D3D8FF
:1009F000BDE8F081F8B6002070B50468A068A28850
:100A000000F47F0631462068F7F7B2FEE060A58863
:100A10000020A08023462A463146206800F00CF8CA
:100A2000A580A1682068ECF7FDFDA1880068E26858
:100A3000BDE87040FBF71AB82DE9FF4F064681B0BC
:100A40009B46894600272648E3F7A4F804464FF45E
:100A5000702A4FF004083DE05C453DD02146204817
:100A6000E3F795F800902068B04232D1A16849457B
:100A700001D0D1452DD1A1880398814203D0A0F5A2
:100A80007F41FF3925D100251EE000BFF06808EB4B
:100A9000C50141588A0116D5D14503D021F07F42C6
:100AA0004A4510D150F83500A188FAF7A3FE00217D
:100AB0002046EEF75BFA21460948E3F7BCF82046EA
:100AC000F5F72AFC01276D1C708CC0F3C500A84205
:100AD000DCD8009C002CBFD105B03846BDE8F08FB3
:100AE000F8B600202DE9F0410020F6F7D5FAE04EE7
:100AF00010213060F6F740FA4FF6A270EFF7EBFFE7
:100B0000014600223068F9F75BFB0022FF213068C4
:100B1000F9F779FB4FF6FC70EFF7DDFF0146002295
:100B20003068F9F759FB002201213068F9F760FBC2
:100B30003068F4F749FCCF4C42F2D178414620604E
:100B4000F9F72AFC41462068F9F776F90221206876
:100B5000F9F739FC6FF05E012068F9F74BFC0921C9
:100B60002068F9F726F9C4A12068F5F797FAC34879
:100B7000EFF7B1FF014600222068F9F7E2FB0022FF
:100B8000FF212068F9F7F0FB0022BD492068F9F742
:100B9000E5FB3068F4F718FCBA4C41462060F9F7E1
:100BA000FBFB41462068F9F747F903212068F9F774
:100BB0000AFC6FF040012068F9F71CFC092120684D
:100BC000F9F7F7F8B0A12068F5F768FAB048EFF741
:100BD00082FF014600222068F9F7B3FB0022FF21C3
:100BE0002068F9F7C1FB0022AA492068F9F7B6FB93
:100BF0003068EFF76BF9A84D46212860F9F7CCFB78
:100C000046212868F9F718F900212868F9F7DBFB75
:100C10006FF013012868F9F7EDFB09212868F9F74F
:100C2000C8F84FF480612868F5F7E2FD10212868C4
:100C3000F6F7A2F9002223212868F9F759FB974813
:100C4000EFF749FF014600222868F9F7B9FA0022B8
:100C5000FF212868F9F7D7FA9148EFF73CFF0146E2
:100C600000222868F9F7B8FA002201212868F9F76C
:100C7000BFFA4FF65670EFF72EFF01462022286884
:100C8000F9F79EFA2022FF212868F9F7BCFA854877
:100C9000EFF721FF014620222868F9F79DFA20226C
:100CA00002212868F9F7A4FA4FF62D70EFF713FF29
:100CB000014620222868F9F720FB2022FF2128681E
:100CC000F9F727FB202232212868F9F72EFB202292
:100CD00000212868F9F723FB3068FAF7BBFF724C54
:100CE00020603220F9F706FC01462068F9F754FB32
:100CF0000A20F9F7FFFB01462068F9F79DF86FF02D
:100D000005012068F9F75FFB3E212068F9F772FBC7
:100D100009212068F9F74DF86448EFF7DCFE014639
:100D200000222068F9F74CFA0022FF212068F9F729
:100D30006AFA5F48EFF7CFFE014600222068F9F714
:100D40004BFA002201212068F9F752FA594F384630
:100D5000EFF7C1FE014600222068F9F793FA00225E
:100D6000FF212068F9F79AFA002202212068F9F79A
:100D7000A1FA002211462068F9F796FA3846EFF7F3
:100D8000AAFE014600222068F9F7B7FA0022FF21E7
:100D90002068F9F7BEFA002232212068F9F7C5FA77
:100DA000002211462068F9F7BAFA4348EFF793FE9C
:100DB0004FF4003701463A462068F9F701FA3A46FF
:100DC000FF212068F9F71FFA3C48EFF784FE01463F
:100DD0003A462068F9F700FA3A4602212068F9F706
:100DE00007FA3748EFF777FE01464FF440373A46A7
:100DF0002068F9F7E5F93A46FF212068F9F703FA88
:100E00003048EFF768FE01463A462068F9F7E4F902
:100E10003A4602212068F9F7EBF93068F4F7D4FA82
:100E2000294C41462060F9F7B7FA41462068F9F7A6
:100E300003F800212068F9F7C6FA6FF01201206864
:100E4000F9F7D8FA09212068F8F7B3FF1FA1206845
:100E5000F5F724F900220F492068F9F77FFA28688E
:100E6000BDE8F04100231A461A49F5F783BC00009B
:100E7000540200205C020020EE999C002D14AE006C
:100E800008A5020860020020E4BDA0E5A5BD0000A1
:100E900099312800B49C02086402002000E8FF0099
:100EA0000092FF0000FF52006802002000FFE800EF
:100EB000009FFF000041FF0000FF6E0000F5FF00F3
:100EC000D8338700FC75BC006C020020E58887E6FB
:100ED0008DA200005D1102082DE9F0410020F6F717
:100EE000DBF8814D10212860F6F746F82868EEF708
:100EF000EDFF7E4E50213060F9F74EFA1E2130682A
:100F0000F8F79AFF6FF008013068F9F75CFA6FF0B4
:100F10001E013068F9F76EFA09213068F8F749FFC9
:100F20004FF480613068F5F763FC10213068F6F704
:100F300023F82868F4F748FA6D4C42F2D17841461C
:100F40002060F9F729FA41462068F8F775FF6FF03D
:100F50000A0739462068F9F736FA6FF01D01206854
:100F6000F9F748FA09212068F8F723FF61A1206802
:100F7000F5F794F8002261492068F9F7EFF928683D
:100F8000F4F722FA5E4C41462060F9F705FA414633
:100F90002068F8F751FF39462068F9F714FA6FF026
:100FA00048012068F9F726FA09212068F8F701FFBF
:100FB00054A12068F5F772F84FF2FC70EFF79CFD32
:100FC000014600222068F9F7BCF90022FF212068C1
:100FD000F9F7CAF900224C492068F9F7BFF92868E7
:100FE000F4F7F2F9494C41462060F9F7D5F941464A
:100FF0002068F8F721FF6FF044012068F9F7E3F962
:101000002B212068F9F7F6F909212068F8F7D1FEBD
:101010003FA12068F5F742F8380AEFF76DFD014669
:1010200000222068F9F78DF90022FF212068F9F7E6
:101030009BF9002234492068F9F790F92868F4F701
:10104000C3F9344C41462060F9F7A6F941462068BF
:10105000F8F7F2FE6FF056012068F9F7B4F9452170
:101060002068F9F7C7F909212068F8F7A2FE2AA13C
:101070002068F5F713F82948EFF73EFD01460022F6
:101080002068F9F75EF90022FF212068F9F76CF972
:1010900000221D492068F9F761F92868FAF7DAFD9E
:1010A0001F4C32212060F9F777F919212068F8F7F1
:1010B000C3FE15212068F9F786F936212068F9F773
:1010C00099F909212068F8F774FE00231A4615499A
:1010D0003068F5F74FFB2868BDE8F04100231A4659
:1010E0001149F5F747BB00005802002070020020AC
:1010F00074020020E58887E68DA20000B49C0208F7
:1011000078020020EE98B10008A502087C020020B9
:10111000EE98B60080020020EE988300F5F5F50009
:10112000840200202D1102088D11020838B50546F1
:10113000F2F77FFD04462846F2F7B9FD012C0AD1EB
:10114000FFF7D0FC0120009003480023642209210E
:101150000068F9F7BFFE38BD5402002038B50546D7
:10116000F2F767FD04462846F2F7A1FD082C0AD1E4
:10117000FFF7B2FE012000900348002364220921FA
:101180004068F9F7A7FE38BD5402002038B505467F
:10119000F2F74FFD04462846F2F789FD0C2C14D1D6
:1011A000F3F75AFFF3F75EFF01280ED1F3F754FF70
:1011B000F4F7A0F8FFF796FC012000900348002305
:1011C000642209210068F9F785FE38BD5402002029
:1011D00038B5EFF70BFF05460020F9F773F9044621
:1011E0000520F9F76FF901460948009001232246CE
:1011F0002846FBF769FA01462846EFF793FFFFF709
:1012000071FC04480068BDE83840EFF763BF000098
:10121000C09602085402002000880988401A7047CE
:101220002DE9F04186B00446F3F716FF050073D0B0
:101230002046F2F7FEFC06462046F2F738FD04464B
:1012400090F85000800767D52846F3F74AFF022838
:1012500062D02846F3F745FF04285DD06946606AEE
:10126000F6F749FB03A92846F3F710FF04A928461F
:10127000F3F73CFFBDF90C1000294DDBBDF90E0062
:10128000002849DBBDF80020891AADF80810BDF828
:101290000210401AADF80A00606AF7F78DFB0146AC
:1012A000606ABDF908200546002A01DA002703E03C
:1012B0008A4203DB47F6FF77012009E002A9F4F731
:1012C00035F987B202A9606AF4F750FB80F001009B
:1012D00094F85C104FF6FF788A0724D501F00102DC
:1012E00002434FF4407001D1012E08D0C9071ED02F
:1012F000022E12D0032E12D0082E10D019E0C4E90D
:10130000157894F85C1041F00102014684F85C20E5
:101310002046F5F731FE06E03FE0A76503E0014611
:101320002046F5F765FA94F85C00C00701D1012E5C
:1013300033D139462046FBF739F994F85C00C007F1
:101340002BD0D4E91510814208D9EA6B824202D130
:101350002A6C8A4218D0E863606D11E008D2EA6B0B
:101360008A4202D12A6C82420ED0E963A06D07E066
:10137000E96B4046814202D1296C814204D0E86386
:1013800028642046F7F713FE032E01D0082E04D15F
:1013900014F85C0F20F00100207006B0BDE8F08169
:1013A000D0E9013201699A60D0E901235A604A68A4
:1013B000824201D182684A60002202610868401EB0
:1013C0000860086870470000034B036003F15C008D
:1013D000086080201060704700090020044B036003
:1013E00003F15C0008604FF48070106070470000EB
:1013F0005C0B00207047E1F7F7B800F108014FF0EF
:10140000FF32C0E90112C160016100210160704733
:1014100000210161704730B50B685A1C02D000F101
:10142000080202E0026904E02246546825689D42F1
:10143000FAD953684B6099608A605160086101680D
:10144000491C016030BD42684A6093688B609368B4
:101450005960916008610168491C01607047000093
:10146000502080F31188BFF34F8FBFF36F8F0A496D
:101470004868401C486001280CD10848006810F0FA
:10148000FF0F07D0502080F31188BFF34F8FBFF3B9
:101490006F8FFEE7704700008400002004ED00E03D
:1014A0000849486828B1401E486001D180F311887E
:1014B0007047502080F31188BFF34F8FBFF36F8FB9
:1014C000FEE700008400002070B500282AD0164DE9
:1014D000A0F1080460686969084207D1502080F3D0
:1014E0001188BFF34F8FBFF36F8FFEE722683AB1C9
:1014F000502080F31188BFF34F8FBFF36F8FFEE74B
:101500008843606000F078F9606869680844686042
:101510002046FCF77FFD2869401C2861BDE870402B
:1015200000F0AEBF70BD0000640000204FF0E0206E
:1015300000210161816105494FF47A720968B1FBAC
:10154000F2F1491E41610721016170470C00002042
:1015500010B5DEF77FFE114910280ED300F1E02010
:1015600090F8F0030A78904207D2502080F3118857
:10157000BFF34F8FBFF36F8FFEE70948006889689C
:1015800000F4E060884207D9502080F31188BFF34F
:101590004F8FBFF36F8FFEE710BD00008400002067
:1015A0000CED00E010B5084B002200BF53F83240AC
:1015B0001CB1521C082AF9D310BD43F8321003EBBA
:1015C000C201486010BD0000E402002070B515465D
:1015D0000E460446FFF744FF94F944100020491CCE
:1015E00001D184F8440094F94510491C01D184F8D4
:1015F0004500FFF755FFA06B28B92A46314604F194
:10160000240000F051F82046BDE87040FCF7B0BE61
:1016100010B5020014D00F48006B38B1502080F391
:101620001188BFF34F8FBFF36F8FFEE700F0E4F830
:1016300000211046FCF7FAFA00F022FF002807D13B
:1016400005494FF080500860BFF34F8FBFF36F8F95
:1016500010BD00001000002004ED00E002490A6AFD
:101660000260C968416070471000002001490120F4
:10167000C86170471000002010B50C4650B10949F0
:1016800009681831FFF7C7FE2046BDE81040012168
:10169000FCF7CCBA502080F31188BFF34F8FBFF313
:1016A0006F8FFEE71000002070B514460D4668B13C
:1016B0000A4909681831FFF7C6FE0CB14FF0FF3533
:1016C00021462846BDE87040FCF7B0BA502080F3B0
:1016D0001188BFF34F8FBFF36F8FFEE7100000201C
:1016E00070B504003ED0226DA2B1E06C884200D3F8
:1016F0000146E06A884235D0012A33D11A4D2A6862
:1017000094420FD1502080F31188BFF34F8FBFF365
:101710006F8FFEE7502080F31188BFF34F8FBFF328
:101720006F8FFEE7E162A269002A02DBC1F1380196
:10173000A1610E4E00EB8000616906EB80008142E2
:1017400010D1201DFFF72CFEE06A2969884200D9DC
:10175000286100EB800006EB8000211DBDE8704091
:10176000FFF771BE70BD00001000002024030020B0
:1017700030B587B00024039405AA04A903A80494F3
:10178000FFF722FEDDE903010094CDE901100023FB
:1017900015A11748059A00F014FD164D0028E862BF
:1017A0001FD000F0CFFE012809D0401C19D15020D5
:1017B00080F31188BFF34F8FBFF36F8FFEE7502088
:1017C00080F31188BFF34F8FBFF36F8F4FF0FF305F
:1017D000A86201206861EC6007B0BDE8304000F00D
:1017E000EDB807B030BD000049444C450000000092
:1017F000C5DE0108100000200248016B491C01638E
:101800007047000010000020164810B5016B11B1A0
:101810000121C16110BD0021C1610169124A01E0CD
:10182000B9B1491E01EB810352F82330002BF7D0E8
:1018300001EB810302EB830202F1080453685B6849
:101840005360A34201D15B685360DA6802600161B2
:1018500010BD502080F31188BFF34F8FBFF36F8FFF
:10186000FEE70000100000202403002070B5F2F70E
:101870001EFA0546F6F7B8F8EEF7B0FF0446012168
:101880002846F5F7A0FF054694F90200054922888D
:1018900001EB800004A150F8043C2846BDE87040EC
:1018A000F4F733BC78010020256420257300000084
:1018B00070B5F2F7FCF90546F6F796F8EEF78EFFED
:1018C000044600212846F5F77EFF02462088A0F254
:1018D000E770404281B21046F2F782F901212846B2
:1018E000F5F771FF024694F90200BDE87040401E12
:1018F00081B21046F2F774B9F8B50446B0F92E007B
:1019000010F5004F59D0B4F92C30678D99B2B94217
:1019100002D201F5B4710BB294F83410C1F3410155
:10192000D9B301290ED0022947D10093B4F932204E
:10193000B4F930103B46F4F753FC05B22046A28DB3
:10194000A9B237E0F91801EBD171B4F93050B4F90C
:10195000322041F34F06A91801EBD17141F34F0139
:1019600088420CDA0A463B4629460096F4F738FCD2
:1019700005B2A9B22046EDF7C6FFB1B209E0009367
:101980003346F4F72DFC05B2B1B22046EDF7BBFFAC
:10199000A9B22046EDF77BFF0EE0FFE70093B4F914
:1019A0003220B4F930103B46F4F71AFC05B2AAB263
:1019B0002046618DEDF7E7FEA587F8BD1CB53748D9
:1019C0000168374A914207D1502080F31188BFF354
:1019D0004F8FBFF36F8FFEE700683149491E884281
:1019E00007D1502080F31188BFF34F8FBFF36F8F63
:1019F000FEE72C4908780190FF20087008788DF8E0
:101A000000009DF800009DF8002000F0F0009042DA
:101A100007D0502080F31188BFF34F8FBFF36F8F33
:101A2000FEE79DF80000204C00F0500020700720D9
:101A3000A06005E09DF8002052008DF80020401EB7
:101A40009DF800201206F5D4A060032807D050208E
:101A500080F31188BFF34F8FBFF36F8FFEE74FF412
:101A60004070A060019808700C482030016841F473
:101A700070010160016841F070410160FFF756FD9F
:101A800000206060DEF7AEFB0848016841F040418D
:101A90000160DEF793FB00201CBD000000ED00E0BC
:101AA00071C20F4100E400E08400002034EF00E048
:101AB00010B5502080F31188BFF34F8FBFF36F8FA5
:101AC00000F0BEFB18B104494FF0805008600020C0
:101AD00080F3118810BD000004ED00E010B502464F
:101AE0000021012000F005F80446FCF71DFA20460D
:101AF00010BDF8B517460E46050013D005FB06F0DD
:101B00005030FCF76BFC04000AD0002084F846003B
:101B100004F150023B46314628460094FCF710FA87
:101B20002046F8BD502080F31188BFF34F8FBFF3DC
:101B30006F8FFEE738B5049D18B153B1CAB181B1BA
:101B400020E0502080F31188BFF34F8FBFF36F8FD9
:101B5000FEE7502080F31188BFF34F8FBFF36F8FE4
:101B6000FEE7502080F31188BFF34F8FBFF36F8FD4
:101B7000FEE739B1502080F31188BFF34F8FBFF3D8
:101B80006F8FFEE750241C46012384F846302B4615
:101B90000094FCF7D5F9204638BD000070B50D461D
:101BA000040025D0FFF75CFCD4E90F20216802FB7C
:101BB0000011A1600021A163216861600A46D4E997
:101BC0000F01401E00FB0121E16021464FF0FF3074
:101BD00001F8440F487004F110008DB1FFF70DFCBF
:101BE00004F12400FFF709FCFFF75AFC012070BD47
:101BF000502080F31188BFF34F8FBFF36F8FFEE744
:101C000021690029F0D000F003FC0028ECD0044941
:101C10004FF080500860BFF34F8FBFF36F8FE3E743
:101C200004ED00E02DE9FF4782B01D468A464FF0E3
:101C30000008040003D0BAF1000F08D011E05020D2
:101C400080F31188BFF34F8FBFF36F8FFEE7206CD7
:101C500038B1502080F31188BFF34F8FBFF36F8FDF
:101C6000FEE7022D0AD1E06B012807D0502080F357
:101C70001188BFF34F8FBFF36F8FFEE700F0CCFAF0
:101C80003F4F4FF000094FF0805648B9049838B1E3
:101C9000502080F31188BFF34F8FBFF36F8FFEE7A3
:101CA000FFF7DEFBA06BE16B884207D3022D05D066
:101CB0000498D0B1B8F1000F1AD01EE02A46514660
:101CC0002046FCF788F8616A19B104F1240000F09D
:101CD0009FFB20B13E60BFF34F8FBFF36F8FFFF7C5
:101CE000DFFB012006B0BDE8F087FFF7D9FB22E05B
:101CF0006846FFF7B3FC4FF00108FFF7D1FBFFF791
:101D00007BFDFFF7ADFB94F94400401C01D184F842
:101D1000449094F94500401C01D184F84590FFF7A8
:101D2000BFFB04A9684600F0E5F930B12046FCF796
:101D30001FFB00F0A5FB0020D4E7FFF791FBA06B91
:101D4000E16B884213D1FFF7ABFB04F1100004995B
:101D5000FFF792FC2046FCF70BFB00F091FB0028FC
:101D60009ED13E60BFF34F8FBFF36F8F98E7FFF7B1
:101D700097FB2046FCF7FCFA00F082FB90E700009E
:101D800004ED00E02DE9F0471F4690468946040027
:101D900003D0B9F1000F08D011E0502080F3118872
:101DA000BFF34F8FBFF36F8FFEE7206C38B1502029
:101DB00080F31188BFF34F8FBFF36F8FFEE7022FC1
:101DC0000AD1E06B012807D0502080F31188BFF3BF
:101DD0004F8FBFF36F8FFEE7FFF7BAFB5020EFF393
:101DE000118680F31188BFF34F8FBFF36F8FA06B05
:101DF000E16B884206D3022F04D0002086F31188BD
:101E0000BDE8F08794F94550A06B3A464946204614
:101E1000FBF7E1FF681C04D06D1C84F845500120DD
:101E2000ECE7606A0028FAD004F1240000F0F0FA30
:101E30000028F4D0B8F1000FF1D00121C8F800104B
:101E4000EDE700002DE9F747002683B08A4604003D
:101E500003D0BAF1000F08D011E0502080F31188B0
:101E6000BFF34F8FBFF36F8FFEE7206C38B1502068
:101E700080F31188BFF34F8FBFF36F8FFEE700F041
:101E8000CBF9DFF8F4804FF000094FF0805748B9E4
:101E9000059838B1502080F31188BFF34F8FBFF3FE
:101EA0006F8FFEE7FFF7DCFAA56BC5B15146204600
:101EB000FBF77EFF6D1EA563206950B104F1100091
:101EC00000F0A6FA28B1C8F80070BFF34F8FBFF337
:101ED0006F8FFFF7E5FA012006B0BDE8F08705989F
:101EE00008B11EB106E0FFF7DBFA27E06846FFF70E
:101EF000B5FB0126FFF7D4FAFFF77EFCFFF7B0FA37
:101F000094F94400401C01D184F8449094F94500B0
:101F1000401C01D184F84590FFF7C2FA05A9684634
:101F200000F0E8F8002820460AD0FCF721FA00F07B
:101F3000A7FA2046FCF7B0F80028B3D00020CBE782
:101F4000FCF7AAF890B104F124000599FFF794FB7F
:101F50002046FCF70DFA00F093FA0028A2D1C8F849
:101F60000070BFF34F8FBFF36F8F9BE72046FCF7E6
:101F7000FFF900F085FA95E704ED00E02DE9F34361
:101F8000002683B00400354609D0206C78B150207B
:101F900080F31188BFF34F8FBFF36F8FFEE75020A0
:101FA00080F31188BFF34F8FBFF36F8FFEE700F010
:101FB00033F9DFF83C814FF000094FF0805748B902
:101FC000049838B1502080F31188BFF34F8FBFF3CE
:101FD0006F8FFEE7FFF744FAA06BC8B1401EA06305
:101FE000206810B9FCF768FAA060206950B104F1CC
:101FF000100000F00DFA28B1C8F80070BFF34F8F41
:10200000BFF36F8FFFF74CFA012005B0BDE8F083F6
:10201000049808B166B10FE03DB1502080F31188FB
:10202000BFF34F8FBFF36F8FFEE7FFF739FA5DE025
:102030006846FFF713FB0126FFF732FAFFF7DCFBD8
:10204000FFF70EFA94F94400401C01D184F8449043
:1020500094F94500401C01D184F84590FFF720FA1F
:1020600004A9684600F046F80028204612D0FCF784
:102070007FF900F005FA2046FCF70EF80028A9D0F9
:102080009DB3FFF7EDF9606A50B3206B0068C0F1B3
:10209000380126E0FCF700F8E0B1206838B9FFF716
:1020A000DFF9A06800F078F90546FFF7F9F904F1C7
:1020B00024000499FFF7E0FA2046FCF759F900F0F4
:1020C000DFF9002886D1C8F80070BFF34F8FBFF347
:1020D0006F8F7FE72046FCF74BF900F0D1F979E7E5
:1020E0000021A068FFF7FCFA9FE7FFE700208CE7DC
:1020F00004ED00E02DE9F0410C46050011D0C4B11B
:10210000FFF7AEF9174BDA686E682068911B471C21
:1021100017D02F681B6A9F4219D0964217D8012406
:1021200010E0502080F31188BFF34F8FBFF36F8F03
:10213000FEE7502080F31188BFF34F8FBFF36F8FFE
:10214000FEE70024FFF7ACF92046BDE8F0818842A5
:1021500005D9401A20602846FFF780FAF1E70020F1
:102160002060DCE7100000202DE9FF5F8346DDE9F9
:102170000E87994616468A469000FCF72FF905000F
:102180001CD05C20FCF72AF9040014D00020256341
:1021900084F85900CDE90240CDE900874B4632462C
:1021A00051465846FBF7DEFE2046FBF76DFD012049
:1021B00004B0BDE8F09F2846FFF786F94FF0FF30E6
:1021C000F6E7F0B585B0DDE90B640A9DA6B1DCB198
:1021D0005C2700972663022684F85960002604AF26
:1021E000CDE90246CDE90057FBF7BCFE2046FBF7E0
:1021F0004BFD049805B0F0BD502080F31188BFF36B
:102200004F8FBFF36F8FFEE7502080F31188BFF32D
:102210004F8FBFF36F8FFEE70548416919B1006B1F
:1022200018B100207047012070470220704700005D
:10223000100000200148C068704700001000002016
:102240002DE9F041324C0027206B38B1A069401CC9
:10225000A061FFF7D0F83846BDE8F081E668761C4B
:10226000E66013D1606B006838B1502080F31188AC
:10227000BFF34F8FBFF36F8FFEE7606BA16B61639E
:10228000A063206A401C2062FBF7F2FFA06ADFF81F
:102290008480864209D3606B006890B1606BC0682F
:1022A000C568686886420FD2A0622068C06A00EBE9
:1022B000800158F82100012800D90127A069F8B150
:1022C00020E04FF0FF30EFE7281DFFF769F8A86A1C
:1022D00018B105F11800FFF763F8E86A2169884230
:1022E00000D9206100EB800108EB8100291DFFF778
:1022F000AAF8E86A2168C96A8842CCD30127CAE7EC
:10230000FFF779F8E0690028A5D00127A3E70000CE
:10231000100000202403002070B504004FF00001DD
:1023200033D01B4D2868844207D0502080F3118899
:10233000BFF34F8FBFF36F8FFEE7206D38B1401EA4
:102340002065E36CE26A9A421FD040B11DE0502044
:1023500080F31188BFF34F8FBFF36F8FFEE7201D0F
:10236000FFF71EF8E06CE062C0F13800A061E06A9F
:102370002969884200D92861064900EB800001EBF9
:102380008000211DFFF75FF80121084670BD0000A5
:10239000100000202403002070B504004FF000005E
:1023A0002BD0194DE16A2A68D26A914226D2A069DF
:1023B000002804DB2868C06AC0F13800A061134E11
:1023C00001EB8101606906EB8101884211D1201D7A
:1023D000FEF7E6FF2868C06AE0622969884200D9F2
:1023E000286100EB800006EB8000211DFFF72BF831
:1023F00002E02868C06AE062012070BDE16C2A68D2
:10240000D26A9142F8D370BD10000020240300204E
:1024100070B5C068C46854B104F118000646FEF7F0
:10242000BFFF144D286B50B13146134815E05020C2
:1024300080F31188BFF34F8FBFF36F8FFEE7201D2E
:10244000FEF7AEFFE06A2969884200D928610B498E
:1024500000EB800001EB8000211DFEF7F4FFE06A35
:102460002968C96A884202D90120E86170BD00204C
:1024700070BD000010000020AC07002024030020E5
:102480002DE9F0472C4D00242746286B38B1FEF784
:10249000E7FF286B401E2863286B40B146E05020C0
:1024A00080F31188BFF34F8FBFF36F8FFEE7A968EA
:1024B000224E0120D1B3A6F5916980463068E0B183
:1024C000F068C46804F11800FEF76AFF201DFEF7EB
:1024D00067FFE06A2969884200D9286100EB800122
:1024E00009EB8100211DFEF7AEFFE06A2968C96A89
:1024F0008842E3D3C5F81C80E0E70CB1FBF7B8FED7
:10250000AC694CB14FEA0806FFF79AFE00B1EE61E4
:10251000641EF9D10020A861E86938B10849012793
:1025200038070860BFF34F8FBFF36F8FFEF7B8FF18
:102530003846BDE8F087000010000020AC070020FE
:1025400004ED00E010B586B0FBF706FC114C2068E6
:10255000B8B100200390049005AA04A903A8FEF7CF
:102560003DFFDDE9032137208DE8070000230AA1A4
:102570000B48059AFFF725FE606010B106B00120F8
:1025800010BD502080F31188BFF34F8FBFF36F8FC2
:10259000FEE700004C000020546D7220537663006B
:1025A0004DE301082DE9FF411E46134602000A9D36
:1025B0004FF0000016D0144C2768002F0FD0CDE943
:1025C00000130292062917DAFFF726FE02284FF0C1
:1025D00000030FD0002269462068FFF723FB04B0F8
:1025E000BDE8F081502080F31188BFF34F8FBFF317
:1025F0006F8FFEE72A46EEE70023324669463846EB
:10260000FFF7C0FBEBE700004C00002070B505466B
:10261000F1F74DFB04462846F1F74BFB05462046F3
:10262000F1F7DEF804462846EEF7D8F80068A4F281
:10263000E774614240F307422846BDE8704089B222
:10264000EEF7CEB80000000004040400000800000B
:102650000008102840587088A0B800000000000052
:10266000000001020304060708090000000001023F
:102670000304000000000000000000000000000053
:102680000404040404000004000014140A00000000
:1026900000000000000000000A0A1F0A0A1F0A0AC0
:1026A000000000040E1505060C14150E04000000B1
:1026B00012150D152E2C2A1200000000040A0A36ED
:1026C000151529160000020201000000000000009C
:1026D00000001008080404040404080810000204A0
:1026E0000408080808080404020000000004150E8D
:1026F0000E150400000000000008083E0808000055
:1027000000000000000000000000020201000000C4
:102710000000003F0000000000000000000000007A
:10272000000000020000002010100808040402024B
:10273000010000000E1111111111110E0000000016
:10274000040604040404040E000000000E11110825
:102750000402011F000000000E11100C1010110ED9
:1027600000000000080C0C0A091F081C00000000F3
:102770001F01010F1110110E000000000C12010DBD
:102780001311110E000000001E10080804040404B8
:10279000000000000E11110E1111110E00000000BA
:1027A0000E111119161009060000000000000400A7
:1027B000000000040000000000000004000000040D
:1027C00004000000100804020204081000000000C9
:1027D00000003F003F00000000000000020408105D
:1027E00010080402000000000E1111080404000487
:1027F000000000001C22292D2D1D221C00000000BD
:1028000004040C0A0A1E1233000000000F12120EFC
:102810001212120F000000001E1101010101110E21
:10282000000000000F1212121212120F000000001E
:102830001F120A0E0A02121F000000001F120A0EC9
:102840000A020207000000001C1201013911120CDB
:10285000000000003312121E12121233000000009A
:102860001F0404040404041F000000003E080808BC
:10287000080808080907000037120A060A1212376A
:1028800000000000070202020202223F00000000D6
:102890003B1B1B1B15151535000000003B121616BF
:1028A0001A1A1217000000000E1111111111110E49
:1028B000000000000F12120E0202020700000000CA
:1028C0000E1111111117190E180000000F12120E1F
:1028D0000A121237000000001E1101060810110F25
:1028E000000000001F1504040404040E0000000092
:1028F000331212121212120C000000003312120ACC
:102900000A0C040400000000151515150E0A0A0A29
:10291000000000001B0A0A04040A0A1B0000000051
:102920001B0A0A0A0404040E000000001F09080420
:102930000402121F00001C04040404040404040420
:102940001C000002020404040808081010000E080D
:1029500008080808080808080E00040A000000001B
:102960000000000000000000000000000000000067
:10297000003F020400000000000000000000000012
:102980000000000C121C123C000000030202020EA8
:102990001212120E000000000000001C1202120CA5
:1029A000000000181010101C1212123C0000000051
:1029B0000000000C121E021C000000182404041E5B
:1029C0000404041E000000000000003C120C021C65
:1029D000221C00030202020E121212370000000431
:1029E000040000060404040E000000080800000CA7
:1029F00008080808080700030202021A0A060A1358
:102A000000000007040404040404041F0000000084
:102A10000000000F15151515000000000000000F44
:102A200012121237000000000000000C1212120CEB
:102A3000000000000000000F1212120E020700003A
:102A40000000001C1212121C103800000000001BB5
:102A500006020207000000000000001E020C101E0B
:102A6000000000000004041E0404041C0000000018
:102A70000000001B1212123C000000000000001BAE
:102A80000A0A04040000000000000015150E0A0ADE
:102A9000000000000000001B0A040A1B00000000E8
:102AA0000000003312120C08040300000000001E96
:102AB0000804041E000018080808080C0808080884
:102AC0001800080808080808080808080808060484
:102AD00004040408040404040600160900000000AD
:102AE00000000000000000000000000000000000E6
:102AF000000000000000000000080808080808089E
:102B000000001818000000486C24120000000000AB
:102B10000000000000000000002424247F12121294
:102B20007F12121200000000081C2A2A0A0C182822
:102B3000282A2A1C080800000022251515152A58E5
:102B40005454542200000000000C1212120A762580
:102B50002911916E00000006060403000000000029
:102B600000000000000000402010100808080808BD
:102B70000810102040000002040808101010101067
:102B80001008080402000000000008086B1C1C6B01
:102B900008080000000000000000080808087F087E
:102BA000080808000000000000000000000000000D
:102BB0000000060604030000000000000000FE0004
:102BC0000000000000000000000000000000000005
:102BD0000000060600000000804040202010100881
:102BE000080404020200000000182442424242424B
:102BF000424224180000000000080E0808080808D7
:102C00000808083E00000000003C4242422020101C
:102C10000804427E00000000003C42422018204090
:102C20004042221C000000000020302824242222E0
:102C30007E20207800000000007E0202021A26405A
:102C40004042221C0000000000382402021A2642E2
:102C50004242241800000000007E222210100808C2
:102C60000808080800000000003C424242241824E2
:102C70004242423C00000000001824424242645894
:102C80004040241C00000000000000001818000054
:102C900000001818000000000000000000080000FC
:102CA000000000080804000000402010080402048E
:102CB0000810204000000000000000007F0000001D
:102CC0007F000000000000000002040810204020E7
:102CD0001008040200000000003C42424640201060
:102CE0001000181800000000001C225A55555555B8
:102CF0002D42221C00000000000808181414243C77
:102D0000224242E700000000001F2222221E22422F
:102D10004242221F00000000007C424201010101EA
:102D20000142221C00000000001F22424242424297
:102D30004242221F00000000003F4212121E1212E7
:102D40000242423F00000000003F4212121E1212D7
:102D50000202020700000000003C22220101017172
:102D60002122221C0000000000E7424242427E4233
:102D7000424242E700000000003E08080808080838
:102D80000808083E00000000007C10101010101011
:102D900010101010110F0000007722120A0E0A12F4
:102DA0001222227700000000000702020202020243
:102DB0000202427F000000000077363636362A2AAB
:102DC0002A2A2A6B0000000000E346464A4A525273
:102DD0005262624700000000001C22414141414113
:102DE0004141221C00000000003F424242423E029C
:102DF0000202020700000000001C22414141414143
:102E00004D53321C60000000003F4242423E12120D
:102E1000222242C700000000007C42420204182027
:102E20004042423E00000000007F490808080808B0
:102E30000808081C0000000000E7424242424242EB
:102E40004242423C0000000000E742422224241497
:102E50001418080800000000006B494949495555FD
:102E6000362222220000000000E74224241818180D
:102E7000242442E7000000000077222214140808EE
:102E80000808081C00000000007E21201010080423
:102E90000442423F000000780808080808080808B3
:102EA0000808080878000000020204040808081056
:102EB000102020204040001E101010101010101084
:102EC000101010101E000038440000000000000028
:102ED00000000000000000000000000000000000F2
:102EE0000000000000FF00060800000000000000D5
:102EF000000000000000000000000000003C4278DC
:102F0000444242FC0000000000030202021A264272
:102F10004242261A0000000000000000003844026F
:102F20000202443800000000006040404078444203
:102F3000424264D80000000000000000003C427ED5
:102F40000202423C0000000000F08808087E0808E9
:102F50000808083E0000000000000000007C22225B
:102F60001C023C42423C000000030202023A46427C
:102F7000424242E700000000000C0C00000E08086E
:102F80000808083E00000000003030000038202013
:102F900020202020221E0000000302020272120ADA
:102FA0001612227700000000000E08080808080822
:102FB0000808083E0000000000000000007F929218
:102FC000929292B70000000000000000003B4642D1
:102FD000424242E70000000000000000003C424284
:102FE0004242423C0000000000000000001B26425C
:102FF0004242221E02070000000000000078444206
:103000004242447840E000000000000000774C0499
:103010000404041F0000000000000000007C4202C5
:103020003C40423E0000000000000008083E080846
:103030000808083000000000000000000063424261
:10304000424262DC000000000000000000E7422471
:1030500024140808000000000000000000EB4949AB
:1030600055552222000000000000000000762418C0
:103070001818246E000000000000000000E7422441
:10308000241418080807000000000000007E221029
:103090000808447E000000C02020202020102020AE
:1030A00020202020C0001010101010101010101040
:1030B0001010101010100006080808080810080862
:1030C0000808080806000C32C200000000000000DA
:1030D00000000000000000000000000000000000F0
:1030E00000000000000000000000000000000000E0
:1030F00000000000000000000000000000000000D0
:10310000000000000000000000000000000060005F
:10311000600060006000600060006000400020000F
:10312000200020000000000000006000600060003F
:103130000000000000000000000060066006300390
:10314000980188004400000000000000000000001A
:10315000000000000000000000000000000000006F
:10316000000000000000000000000000000010024D
:10317000100210021002FE07FE07080208010801F3
:1031800008010801FE07FE0704010401040104010F
:1031900000000000000000000000000040004000AF
:1031A000F00158034C03CC034C0058007000E000C1
:1031B000C001C00140034C035C034C034801F00014
:1031C00040004000000000000000000000000E0170
:1031D0000A01910091009100510051003A00AE03A4
:1031E000A0025004500448044804480484028403A4
:1031F0000000000000000000000000000000380097
:103200006C006C006C006C006C002C0098071C01BA
:103210001A01330133016301E300C308C6093C0707
:10322000000000000000000000000C001C00100066
:103230001000080004000000000000000000000072
:10324000000000000000000000000000000000007E
:103250000000000000000000000000040002000167
:10326000800080004000400020002000200020005E
:10327000200020002000400040008000800000016D
:10328000000200040000000000000200040008002A
:1032900010001000200020004000400040004000CE
:1032A00040004000400020002000100010000800F6
:1032B0000400020000000000000000000000000008
:1032C00000004000C0004000460C4E0FD001F0014D
:1032D0005E0F460C4000400040000000000000006F
:1032E00000000000000000000000000000000000DE
:1032F0000000000040004000400040004000FE0F81
:10330000400040004000400040000000000000007D
:1033100000000000000000000000000000000000AD
:10332000000000000000000000000000000000009D
:10333000000000000000000000000C001C00100055
:103340001000080004000000000000000000000061
:103350000000000000000000000000000000FE0768
:10336000000000000000000000000000000000005D
:10337000000000000000000000000000000000004D
:10338000000000000000000000000000000000003D
:10339000000000000000000000001C001C001C00D9
:1033A0000000000000000000000000040006000211
:1033B0000003000100018000800040004000600028
:1033C0002000200010001000080008000C0004007D
:1033D00006000200000000000000000000000000E5
:1033E000F00098010C030C03060606060606060606
:1033F00006060606060606060C030C039801F000F6
:1034000000000000000000000000000000000000BC
:1034100040007C00600060006000600060006000B0
:103420006000600060006000600060006000FC03FD
:10343000000000000000000000000000000000008C
:10344000F800840102030603060300030001800163
:10345000C000600020001000080204020602FE0303
:10346000000000000000000000000000000000005C
:103470007800C6008601860180018001C0007000CE
:103480008001000100030003060306038601F80023
:10349000000000000000000000000000000000002C
:1034A00080018001C001A001A00190018801880174
:1034B00084018201FE0F8001800180018001E0070C
:1034C00000000000000000000000000000000000FC
:1034D000FC0304000400040004000400F4008C0158
:1034E0000403000300030603060382018401F800BD
:1034F00000000000000000000000000000000000CC
:10350000E00118030C030C0004000600E60116039A
:103510000E0606060606060604060C021803F00050
:10352000000000000000000000000000000000009B
:10353000F8070C060402040100010001800080006D
:1035400040004000400060006000600060006000DB
:10355000000000000000000000000000000000006B
:10356000F8010C030606060606060C021C03F00012
:10357000C8010C0306060606060606060C03F00143
:10358000000000000000000000000000000000003B
:10359000F0000C010C0306020606060606060607E6
:1035A0008C0678060006000300030C018C017800ED
:1035B000000000000000000000000000000000000B
:1035C00000000000000000000000E000E000E0005B
:1035D00000000000000000000000E000E000E0004B
:1035E00000000000000000000000000000000000DB
:1035F000000000000000000000006000600000000B
:1036000000000000000000000000000060006000FA
:103610004000200020000000000000000000000426
:10362000000200018000400020001000080004009B
:10363000080010002000400080000001000200048B
:10364000000000000000000000000000000000007A
:1036500000000000000000000000FE070000000065
:103660000000FE0700000000000000000000000055
:103670000000000000000000000000000000040046
:10368000080010002000400080000001000200043B
:10369000000200018000400020001000080004002B
:1036A000000000000000000000000000000000001A
:1036B000E0031806040C040C0C0C0C0C0007800131
:1036C00040004000400000000000E000E000E0009A
:1036D0000000000000000000000000000000E0000A
:1036E00018030C02CC0564056605A605B604B604ED
:1036F000B604B604B602E4010C040C021803F00090
:1037000000000000000000000000000000000000B9
:10371000600060005000D000900090008800880198
:103720000801F801040304030402020202060F0F59
:103730000000000000000000000000000000000089
:10374000FE008C030C030C030C030C038C01FC0027
:103750000C030C020C060C060C060C060C03FE01F6
:103760000000000000000000000000000000000059
:10377000E00318030C060C0404040600060006000F
:1037800006000600060006040C040C021803F000F4
:103790000000000000000000000000000000000029
:1037A0007F008C010C030C030C060C060C060C06A7
:1037B0000C060C060C060C060C030C038C017F0097
:1037C00000000000000000000000000000000000F9
:1037D000FF03060306040604060086008600FE00BA
:1037E0008600860086000600060406040602FF0323
:1037F00000000000000000000000000000000000C9
:10380000FF03060306040604060086008600FE0089
:1038100086008600860006000600060006001F00DF
:103820000000000000000000000000000000000098
:10383000F00018010C020C0204020600060006004B
:103840000600C60F060306030C030C031803F00062
:103850000000000000000000000000000000000068
:103860000F0F060606060606060606060606FE07ED
:1038700006060606060606060606060606060F0FD6
:103880000000000000000000000000000000000038
:10389000FC03600060006000600060006000600089
:1038A0006000600060006000600060006000FC0379
:1038B0000000000000000000000000000000000008
:1038C000F807C000C000C000C000C000C000C000B9
:1038D000C000C000C000C000C000C000C000C000E8
:1038E000C60066003C000000000000000000000070
:1038F000CF038601C60046002600160036002E00C3
:103900006E004600C60086008601060106038F078A
:1039100000000000000000000000000000000000A7
:103920001F0006000600060006000600060006004E
:103930000600060006000600060406040602FF0351
:103940000000000000000000000000000000000077
:103950000707860386038E038E034E034E034A0336
:103960005A035A033A03320332033203120387071E
:103970000000000000000000000000000000000047
:103980008E0F0C021C021C02340234026402640218
:103990004402C402840284038403040304031F0258
:1039A0000000000000000000000000000000000017
:1039B000F00098010C030C02060606060606060631
:1039C00006060606060606060C020C039801F00021
:1039D00000000000000000000000000000000000E7
:1039E000FF0006030606060606060606060686030A
:1039F000FE000600060006000600060006001F0086
:103A000000000000000000000000000000000000B6
:103A1000F00098010C030C020606060606060606D0
:103A200006060606060676064C02CC039801F00050
:103A300080070003000000000000000000000000FC
:103A4000FF01060306060606060606060603FE0036
:103A50004600C600860086010603060306060F0E12
:103A60000000000000000000000000000000000056
:103A7000F8020C030602060206000E003C00F800E5
:103A8000E003800300070206020606060C03F001AD
:103A90000000000000000000000000000000000026
:103AA000FE07620461086108600060006000600059
:103AB0006000600060006000600060006000F8016D
:103AC00000000000000000000000000000000000F6
:103AD0001E070C020C020C020C020C020C020C025F
:103AE0000C020C020C020C020C020C021801F00079
:103AF00000000000000000000000000000000000C6
:103B00000F070602040104010C010C018800880063
:103B100098009800500050007000300020002000F5
:103B20000000000000000000000000000000000095
:103B3000F70E620442044604460464026402E4028E
:103B4000E4029C029C019801980188018800880089
:103B50000000000000000000000000000000000065
:103B60009E070C01080118019000B00060002000C1
:103B700060006000D00090008801080104038E07F7
:103B80000000000000000000000000000000000035
:103B90000F0F060404020C0208011801B800B0005F
:103BA0007000600060006000600060006000F8016C
:103BB0000000000000000000000000000000000005
:103BC000FC070C0206030201800180004000400057
:103BD000200020001000180008040C040402FE035A
:103BE00000000000000000000000E00320002000B2
:103BF00020002000200020002000200020002000C5
:103C000020002000200020002000200020002000B4
:103C10002000E0030000000000000000000004009D
:103C20000400080008001000100010002000200010
:103C300040004000C0008000800000010001000240
:103C4000000200020004000000007C004000400070
:103C50004000400040004000400040004000400064
:103C60004000400040004000400040004000400054
:103C700040007C000000000060009000080100008F
:103C80000000000000000000000000000000000034
:103C90000000000000000000000000000000000024
:103CA0000000000000000000000000000000000014
:103CB0000000000000000000000000000000000004
:103CC00000000000000000000000000000000000F4
:103CD00000000000FF0F000000001800600000005E
:103CE00000000000000000000000000000000000D4
:103CF00000000000000000000000000000000000C4
:103D000000000000000000000000000000000000B3
:103D100000000000000000000000F0010C030C0394
:103D20000003E0031C030E03060306038E0B7C0E48
:103D3000000000000000000000000000000008007B
:103D40000E000C000C000C000C00CC013C031C0607
:103D50000C060C060C060C060C060C021C03E401F7
:103D60000000000000000000000000000000000053
:103D700000000000000000000000F0008C018C0139
:103D8000860106000600060006020C020C01F00087
:103D90000000000000000000000000000000000221
:103DA000C003000300030003000378038C030C032B
:103DB0000603060306030603060304038C077801C3
:103DC00000000000000000000000000000000000F3
:103DD00000000000000000000000E00118030802DD
:103DE0000C060C06FC070C000C0018041802E0017D
:103DF00000000000000000000000000000000000C3
:103E0000C0036006300630003000FE013000300094
:103E10003000300030003000300030003000FC0155
:103E20000000000000000000000000000000000092
:103E300000000000000000000000F007D8068C0120
:103E40008C018C019801F8000C00FC00CC030603E7
:103E500006038E03F80000000000000000000800C8
:103E60000E000C000C000C000C00EC011C030C03F9
:103E70000C030C030C030C030C030C030C039E0734
:103E80000000000000000000000000000000000032
:103E9000600060000000000040007C0060006000E6
:103EA0006000600060006000600060006000FC0373
:103EB0000000000000000000000000000000000002
:103EC000C001C001000000000001F001800180017C
:103ED00080018001800180018001800180018001DA
:103EE0008001CC007C000000000000000000080001
:103EF0000E000C000C000C000C008C038C008C00DD
:103F00004C006C005C008C008C010C010C039E07C3
:103F10000000000000000000000000000000400061
:103F20007C00600060006000600060006000600075
:103F30006000600060006000600060006000FC03E2
:103F40000000000000000000000000000000000071
:103F5000000000000000000000003707EE066606C3
:103F60006606660666066606660666066606FF0F4F
:103F70000000000000000000000000000000000041
:103F800000000000000000000000EE011C030C0314
:103F90000C030C030C030C030C030C030C039E0713
:103FA0000000000000000000000000000000000011
:103FB00000000000000000000000F00098010C0369
:103FC000060606060606060606060C030C03F000A7
:103FD00000000000000000000000000000000000E1
:103FE00000000000000000000000EE011C030C06B1
:103FF0000C060C060C060C060C060C031C03EC014C
:104000000C000C003E00000000000000000000005A
:104010000000000000000000000078028C030C0388
:104020000603060306030603060304038C03780352
:1040300000030003C00700000000000000000000B3
:10404000000000000000000000009F035806380632
:104050001800180018001800180018001800FF00B9
:104060000000000000000000000000000000000050
:1040700000000000000000000000F0031C030C0220
:104080000C023800F000C003040304038C03FC019D
:104090000000000000000000000000000000000020
:1040A00000002000200030003000FE013000300011
:1040B0003000300030003000300030023002E001CB
:1040C00000000000000000000000000000000000F0
:1040D000000000000000000008028E030C030C0327
:1040E0000C030C030C030C030C030C039C0778015A
:1040F00000000000000000000000000000000000C0
:10410000000000000000000000001E070C02080173
:10411000080118019000B000B000600060002000AD
:10412000000000000000000000000000000000008F
:1041300000000000000000000000F70E62044604CA
:1041400064026402EC029C01980198019801080045
:10415000000000000000000000000000000000005F
:1041600000000000000000000000BC071801100162
:10417000B00060006000E0009000080108039E07A6
:10418000000000000000000000000000000000002F
:10419000000000000000000000009E070801080168
:1041A000080190009000B0006000600060002000F6
:1041B000200024001C00000000000000000000009F
:1041C00000000000000000000000FC018401C400A9
:1041D0004400600020003000180208020C03FC01BB
:1041E00000000000000000000000000380008000CC
:1041F000800080008000800080008000400020005F
:1042000040008000800080008000800080008000EE
:1042100080000003000040004000400040004000DB
:10422000400040004000400040004000400040008E
:10423000400040004000400040004000400040007E
:10424000400040004000000000000C001000100082
:10425000100010001000100010001000200040009E
:1042600020001000100010001000100010001000BE
:1042700010000C00000000001C002204C204800397
:10428000000000000000000000000000000000002E
:10429000000000000000000000000000000000001E
:1042A000000000000000000000000000000000000E
:1042B00000000000000000000000000000000000FE
:1042C00000000000000000000000000000000000EE
:1042D00000000000000000000000000000000000DE
:1042E00000000000000000000000000000000000CE
:1042F000C001C001C001C001C001C001C0018000F7
:1043000080008000800080008000800000000000AD
:10431000000000008001C003C00380010000000015
:10432000000000000000000000000000E01CE01C95
:10433000F01E700E3807180308018400000000000A
:10434000000000000000000000000000000000006D
:10435000000000000000000000000000000000005D
:10436000000000000000000000000000000000004D
:10437000000020102010201020102010FE7FFE7F53
:104380001008100810081008100810081008FE7F08
:10439000FE7F080408040804080408040000000064
:1043A000000000000000000000000000000000010C
:1043B0000001C00760191031183118391839380157
:1043C0007001E001C0038007000F001D00390031BB
:1043D0001C311C310C310C11180DE00700010001DB
:1043E00000010000000000000000000000000000CC
:1043F00000001C1036186308630C63046304630236
:1044000063026301361D9C378022806340634063F2
:1044100020632063306310221836081C000000005F
:10442000000000000000000000000000000000008C
:104430000000F00098018C018C018C018C018C0033
:10444000CC007800183E1C08360832086304630468
:10445000C304C303834306438E26781C0000000078
:104460000000000000000000000000001C003C00F4
:104470003C003000300010000C000600000000007E
:10448000000000000000000000000000000000002C
:10449000000000000000000000000000000000001C
:1044A00000000000000000000000000000400020AC
:1044B00000100008000C00040006000300030003C5
:1044C00080018001800180018001800180018001E4
:1044D00000030003000300060006000C00080010A3
:1044E0000020004000000000000000000200040066
:1044F00008001000300020006000C000C000C000B4
:1045000080018001800180018001800180018001A3
:10451000C000C000C0006000600030001000080053
:104520000400020000000000000000000000000085
:1045300000000000000000018003800300011C71E6
:104540003C79783DC0070001C007783D3C791C717B
:1045500000018003800380010000000000000000D3
:10456000000000000000000000000000000000004B
:104570000000000000000000000100010001000137
:10458000000100010001FC7F0001000100010001A9
:104590000001000100010000000000000000000018
:1045A000000000000000000000000000000000000B
:1045B00000000000000000000000000000000000FB
:1045C00000000000000000000000000000000000EB
:1045D0000000000000001C003C003C0030003000E7
:1045E00010000C00060000000000000000000000A9
:1045F00000000000000000000000000000000000BB
:10460000000000000000FE7F00000000000000002D
:10461000000000000000000000000000000000009A
:10462000000000000000000000000000000000008A
:10463000000000000000000000000000000000007A
:10464000000000000000000000000000000000006A
:104650000000000018003C003C00180000000000B2
:1046600000000000000000000000000000400060AA
:1046700000200030001000180008000C00040006A4
:1046800000020003000180018000C00040006000C3
:10469000200030001000180008000C000400060084
:1046A0000200000000000000000000000000000008
:1046B0000000C007600C30181830183018200C604B
:1046C0000C600C600C600C600C600C600C600C608A
:1046D0001820183018303018600CC0070000000097
:1046E00000000000000000000000000000000000CA
:1046F000000000018001F80180018001800180013B
:1047000080018001800180018001800180018001A1
:104710008001800180018001C003F81F00000000BB
:104720000000000000000000000000000000000089
:104730000000E007101C0818043004300C300C3066
:104740000030001800080004000200018000400052
:104750002020102008200430FC1FFC1F0000000057
:104760000000000000000000000000000000000049
:104770000000E003180E0C0C0C180C180C18001894
:10478000000C0006C003000E0018001000300030BE
:104790000C300C300C100C18180CE003000000005A
:1047A0000000000000000000000000000000000009
:1047B0000000000C000E000E000F800E800E400E58
:1047C000600E200E100E100E080E040E040EFE7F5A
:1047D000000E000E000E000E000E000EC07F000046
:1047E00000000000000000000000000000000000C9
:1047F0000000F03FF03F100010001000080008001B
:10480000C807280C1818081000300030003000309D
:104810000C300C3004180418080CF00300000000E1
:104820000000000000000000000000000000000088
:104830000000800FC0102030103018001800080051
:104840000C008C0F6C183C301C600C600C600C6011
:104850000C601860182030306018C007000000009D
:104860000000000000000000000000000000000048
:104870000000F83FF83F1C100C0804080404000472
:1048800000020002000100010001800080008000A1
:10489000C000C000C000C000C000C0000000000098
:1048A0000000000000000000000000000000000008
:1048B0000000E007300C18180C300C300C301C30A5
:1048C00038187008E007B007180E0C1C06380630C0
:1048D0000630063006300C18180CE003000000000B
:1048E00000000000000000000000000000000000C8
:1048F0000000E00318040C080C18061006300630FF
:104900000630063006380C3C1836F03100300018FE
:10491000001800180C0C0C060C03F001000000003D
:104920000000000000000000000000000000000087
:104930000000000000000000000000000000000077
:104940008001C003C00380010000000000000000DF
:10495000000000008001C003C003800100000000CF
:104960000000000000000000000000000000000047
:104970000000000000000000000000000000000037
:10498000C000C000000000000000000000000000A7
:104990000000000000000000C000C0008000800097
:1049A0004000400000000000000000000000000087
:1049B0000020001000080004000600038001C00071
:1049C0006000300018000C00180030006000C000CB
:1049D0008001000300060004000800100020000011
:1049E00000000000000000000000000000000000C7
:1049F00000000000000000000000000000000000B7
:104A0000FE7F00000000000000000000FE7F0000AC
:104A10000000000000000000000000000000000096
:104A20000000000000000000000000000000000086
:104A300004000800100020006000C0008001000396
:104A40000006000C001800300018000C00060003DF
:104A50008001C00060002000100008000400000079
:104A60000000000000000000000000000000000046
:104A7000C0073018083008600C601C601C601C60A7
:104A80000030001C000600018000800080008000D3
:104A9000000000008001C003C0038001000000008E
:104AA0000000000000000000000000000000000006
:104AB0000000C0076018103018200C2F8C4D864C59
:104AC000C64CC64C664C6644664466266626661529
:104AD000CC1C0C40082018303018C0070000000023
:104AE00000000000000000000000000000000000C6
:104AF0000001C001C001C001400160032003200388
:104B000020033006100610061006F80F080C080CDB
:104B1000080C0C0C0418041806181F7C0000000078
:104B20000000000000000000000000000000000085
:104B30000000FE07181C18381830183018301830CC
:104B40001818180CF8071818183018201860186072
:104B500018601860186018301818FE0F0000000068
:104B60000000000000000000000000000000000045
:104B70000000C0276038103018200C400C400400A2
:104B800006000600060006000600060006000600F5
:104B90000C400C400C2018303018C00700000000FA
:104BA0000000000000000000000000000000000005
:104BB0000000FE03180E181818301830183018604E
:104BC0001860186018601860186018601860186025
:104BD0001830183018101818180EFE0300000000C6
:104BE00000000000000000000000000000000000C5
:104BF0000000FE3F183018201860184018001808F0
:104C00001808180CF80F180C1808180818001800C5
:104C100018001840184018201830FE3F000000000F
:104C20000000000000000000000000000000000084
:104C30000000FE7F1870184018C018801800181067
:104C400018101818F81F1818181018101800180045
:104C5000180018001800180018007E00000000005E
:104C60000000000000000000000000000000000044
:104C70000000C013701C101018100C200C20040031
:104C80000600060006000600060006FC0630063098
:104C90000C300C30183018303008C007000000000D
:104CA0000000000000000000000000000000000004
:104CB00000003F7E0C180C180C180C180C180C185F
:104CC0000C180C180C18FC1F0C180C180C180C18CD
:104CD0000C180C180C180C180C183F7E0000000063
:104CE00000000000000000000000000000000000C4
:104CF0000000F81F80018001800180018001800197
:104D0000800180018001800180018001800180019B
:104D100080018001800180018001F81F00000000F7
:104D20000000000000000000000000000000000083
:104D30000000E07F000600060006000600060006F0
:104D40000006000600060006000600060006000633
:104D500000060006000600060006000600060E0615
:104D60000E038E01FC0000000000000000000000A7
:104D700000007E7C1818180818041806180218017C
:104D800098019801D801B803380318071806180EBF
:104D9000180C181C1818183018307EFC0000000081
:104DA0000000000000000000000000000000000003
:104DB00000007E00180018001800180018001800E5
:104DC0001800180018001800180018001800180023
:104DD00018001840184018201830FE3F000000004E
:104DE00000000000000000000000000000000000C3
:104DF00000001FF81C381C381C381C3C3434343478
:104E00003434343674326432643264326431C431DE
:104E1000C431C431C430C43084309FFC0000000071
:104E20000000000000000000000000000000000082
:104E300000001F7C1C103C103410341074106410DF
:104E4000E410C410C411841184130413041704164D
:104E5000041E041C041C041C04181F18000000007D
:104E60000000000000000000000000000000000042
:104E70000000C003300C181808100C300C3006600D
:104E800006600660066006600660066006600660F2
:104E90000C200C3008101818300CC0030000000063
:104EA0000000000000000000000000000000000002
:104EB0000000FE0F1818183018601860186018608D
:104EC000186018301818F80F18001800180018008B
:104ED000180018001800180018007E0000000000DC
:104EE00000000000000000000000000000000000C2
:104EF0000000C003300C18180C100C300C20066099
:104F00000660066006600660066006600660066071
:104F1000E4612C331C321816300EC007004C007CA4
:104F20000038000000000000000000000000000049
:104F30000000FE07181C18381830183018301830C8
:104F40001818180CF80798031803180718061806FD
:104F5000180E180C180C181C18187E780000000089
:104F60000000000000000000000000000000000041
:104F70000000E027303818300C200C200C000C000A
:104F800018007800E003800F001E003800700060F9
:104F900004600460086018303818C80F0000000072
:104FA0000000000000000000000000000000000001
:104FB0000000FC3F8C21846182418241800180019C
:104FC00080018001800180018001800180018001D9
:104FD00080018001800180018001E0070000000065
:104FE00000000000000000000000000000000000C1
:104FF00000003F7C0C100C100C100C100C100C104E
:105000000C100C100C100C100C100C100C100C10C0
:105010000C100C100C1008083804E003000000000D
:105020000000000000000000000000000000000080
:1050300000003EF8182018201820301030103010D2
:105040003010600860086008E00CC004C004C004B0
:105050008003800380038003000100010000000042
:105060000000000000000000000000000000000040
:105070000000DFF38661862186218C210C218C23A0
:105080008C138C138C134C1358125816580E380E60
:10509000380E380E300C100410041004000000000C
:1050A0000000000000000000000000000000000000
:1050B00000007E3E18083808300430047002600298
:1050C000E001C001C00180018003400340072006C9
:1050D0002006100C100C081808183E7C0000000078
:1050E00000000000000000000000000000000000C0
:1050F00000007E7C1C10181018083008300C70045A
:1051000060046002C002C002C00180018001800111
:1051100080018001800180018001E0070000000023
:10512000000000000000000000000000000000007F
:105130000000F83F18180818040C040E00060007B9
:10514000000380038001C001C000E0006000700027
:105150003000382018201C100C18FE1F0000000022
:10516000000000000000000000000000C03F400000
:10517000400040004000400040004000400040002F
:10518000400040004000400040004000400040001F
:10519000400040004000400040004000400040000F
:1051A000C03F000000000000000000000000000000
:1051B0000800180018001000300020006000600097
:1051C0004000C00080008001800100010003000257
:1051D000000600060004000C00080018001800106B
:1051E000003000200000000000000000FC0300026E
:1051F000000200020002000200020002000200029F
:10520000000200020002000200020002000200028E
:10521000000200020002000200020002000200027E
:10522000FC03000000000000000000008007C00632
:105230002008101000000000000000000000000026
:10524000000000000000000000000000000000005E
:10525000000000000000000000000000000000004E
:10526000000000000000000000000000000000003E
:10527000000000000000000000000000000000002E
:10528000000000000000000000000000000000001E
:10529000000000000000000000000000000000000E
:1052A00000000000FFFF0000000000007800C000C8
:1052B00000010000000000000000000000000000ED
:1052C00000000000000000000000000000000000DE
:1052D00000000000000000000000000000000000CE
:1052E00000000000000000000000000000000000BE
:1052F00000000000000000000000000000000000AE
:10530000F00318060C0C0C0C000C800F700C1C0C1D
:105310000C0C060C060C064C0C4FF8380000000074
:10532000000000000000000000000000000000007D
:1053300010001E00180018001800180018001800AF
:10534000180FD81838303860186018601860186066
:1053500018601860182038307818C807000000005E
:10536000000000000000000000000000000000003D
:10537000000000000000000000000000000000002D
:10538000C007700C181818180C180C000C000C0032
:105390000C000C20182018103008C0070000000076
:1053A00000000000000000000000000000000000FD
:1053B0000010001E0018001800180018001800182F
:1053C000E01B301C181818180C180C180C180C18A6
:1053D0000C180C180818181C307AE009000000009E
:1053E00000000000000000000000000000000000BD
:1053F00000000000000000000000000000000000AD
:10540000C007300C181808100C300C30FC3F0C0092
:105410000C000C00182018107018C00700000000C5
:10542000000000000000000000000000000000007C
:105430000000003E80C380C0C0C0C000C000C000EB
:10544000FC1FC000C000C000C000C000C000C00001
:10545000C000C000C000C000C000F80F0000000085
:10546000000000000000000000000000000000003C
:10547000000000000000000000000000000000002C
:10548000C077306C10181818181818181018300C2D
:10549000F00718001800F00FF03F08700C600C6067
:1054A0000C603838E00F0000000000000000000031
:1054B00010001E001800180018001800180018002E
:1054C000980FD81838301830183018301830183075
:1054D000183018301830183018307EFC00000000EA
:1054E00000000000000000000000000000000000BC
:1054F0000000800380038003000000000000000122
:10550000F80180018001800180018001800180011B
:1055100080018001800180018001F81F00000000EF
:10552000000000000000000000000000000000007B
:1055300000000038003800380000000000000010B3
:10554000801F001800180018001800180018001814
:10555000001800180018001800180018001800188B
:10556000180C1806F0030000000000000000000006
:1055700010001E001800180018001800180018006D
:10558000183E180C1806180318019801D8013803A2
:1055900018071806180C181C18187E7C000000004C
:1055A00000000000000000000000000000000000FB
:1055B0000001F801800180018001800180018001EB
:1055C00080018001800180018001800180018001D3
:1055D00080018001800180018001F81F000000002F
:1055E00000000000000000000000000000000000BB
:1055F00000000000000000000000000000000800A3
:10560000EE1C9C338C318C318C318C318C318C3153
:105610008C318C318C318C318C31DE7B0000000080
:10562000000000000000000000000000000000007A
:10563000000000000000000000000000000010005A
:105640001E0FD8183830183018301830183018306D
:10565000183018301830183018307EFC0000000068
:10566000000000000000000000000000000000003A
:10567000000000000000000000000000000000002A
:10568000C007701C103018300C600C600C600C608F
:105690000C600C60183018303018C0070000000093
:1056A00000000000000000000000000000000000FA
:1056B00000000000000000000000000000001000DA
:1056C0009E0F58183830182018601860186018603D
:1056D00018601860183038307818980718001800CB
:1056E000180018007E00000000000000000000000C
:1056F00000000000000000000000000000000000AA
:10570000C023303C183818300C300C300C300C30C2
:105710000C300C3008301838303CE03300300030AA
:105720000030003000FC000000000000000000001D
:105730000000000000000000000000000000600009
:105740007E3C60666061E000E00060006000600038
:1057500060006000600060006000FE070000000064
:105760000000000000000000000000000000000039
:105770000000000000000000000000000000000029
:10578000E02730381830182018007000E003800F30
:10579000001C043004300C301C18EC0F000000001A
:1057A00000000000000000000000000000000000F9
:1057B000000000000000800080008000C000E000C9
:1057C000FC1FC000C000C000C000C000C000C0007E
:1057D000C000C000C020C0208011000F00000000E9
:1057E00000000000000000000000000000000000B9
:1057F0000000000000000000000000000000102079
:105800001E3C183018301830183018301830183046
:10581000183018301830183830F4E0130000000049
:105820000000000000000000000000000000000078
:105830000000000000000000000000000000000068
:105840007E3C1818180838083004300470026002D2
:105850006002E001C001C001C00080000000000043
:105860000000000000000000000000000000000038
:105870000000000000000000000000000000000028
:10588000DFF78E630C238C238C2398139813581600
:105890005816700E700E700E2004200400000000D8
:1058A00000000000000000000000000000000000F8
:1058B00000000000000000000000000000000000E8
:1058C000FC3E70087004E004C002C0018003800345
:1058D00040076006200C100C18183E7E00000000E7
:1058E00000000000000000000000000000000000B8
:1058F00000000000000000000000000000000000A8
:105900007E7C1818180830083008300460046004E1
:10591000C002C002C00280018001800180008000BE
:1059200080004C003C00000000000000000000006F
:105930000000000000000000000000000000000067
:10594000FC1F0C0C040E0406000380038001C00041
:10595000E0007020302038301C18FC1F00000000D0
:1059600000000000000000000000000000300008FF
:105970000004000400040004000400040004000407
:10598000000400040002800100020004000400047E
:1059900000040004000400040004000400040004E7
:1059A00000080030000000010001000100010001BA
:1059B00000010001000100010001000100010001DF
:1059C00000010001000100010001000100010001CF
:1059D00000010001000100010001000100010001BF
:1059E0000001000100010000000000000C00100098
:1059F00020002000200020002000200020002000A7
:105A000020002000400080014000200020002000F5
:105A10002000200020002000200020002000200086
:105A200010000C00000000003800C4008640026135
:105A30000022001C00000000000000000000000028
:105A40000000000000000000000000000000000056
:105A50000000000000000000000000000000000046
:105A6000000000000000D6D0200020002000FE032F
:105A7000220222022202FE03220220002000200035
:105A8000BEB0FC010401FC010401FC012000FF0781
:105A90000401FC01200024013202D4B0FE070204FC
:105AA000FA0402040204FE05520452044A05860563
:105AB0000204FE07B5E710001000FF0111011101FB
:105AC000FF0111011101FF0111041004E007D7D3F8
:105AD0000000FC018000400020002000FF072000A3
:105AE0002000200020003800D6D0800080008000F8
:105AF0008000FC1F84108410841084108410FC1F0C
:105B000084108000800080008000BEB0F80F08087C
:105B1000F80F0808F80F8000FF7F0000F80F080852
:105B20000808F80F80008410A2204000D4B00000C4
:105B3000FE3F0220F22702200220FA2F22212221FA
:105B40002221122912290A2E0220FE3F0220B5E747
:105B5000800080008000FC1F841084108410FC1FD3
:105B6000841084108410FC1F845080408040007F8B
:105B7000D7D30000FE1F000800040002800180004F
:105B8000FF7F800080008000800080008000A000F7
:105B90004000D6D0000000000000001800000800FF
:105BA000000800000800080818F8FF1F1808181857
:105BB0000818180818180818180818180818F8FFEE
:105BC0001F0808080008000008000008000008007E
:105BD000001800001800001800000000BEB000000F
:105BE00000000000400006C0FF07400006C0FF079D
:105BF000400006C0FF07400802003000FEFF3F00E3
:105C00000000C0FF07C00002C00002C00002C0FFC9
:105C10000380100080110160100E3010180C1E302F
:105C2000001C00000000D4B00000000000000800CC
:105C300030F8FF1F08001008C010083F10080010BF
:105C4000080010080013C8FF1008221008221008CE
:105C5000221008221008211208211488601648C05A
:105C600013280010080010F8FF1F080010000000A3
:105C7000B5E7000000000000001800000800000860
:105C800000000800F0FF0F100804100804100804BA
:105C9000100804F0FF07100804100804100804108E
:105CA0000804F0FF071008000008100008100008A2
:105CB0002000183000F01F000000D7D300000000C3
:105CC0000000000004F0FF0F00000600000100C00B
:105CD00000002800001800001800001830FEFF7FA8
:105CE000001800001800001800001800001800003C
:105CF0001800001800001800001800001F00000C19
:105D000000000000D6D0000000000000000000806D
:105D10000000008001000080010000800100008080
:105D20000100008001001080010CF0FFFF0F3080A7
:105D3000010430800104308001043080010430808F
:105D40000104308001043080010430800104F0FF40
:105D5000FF073080010430800104008001000080D2
:105D6000010000800100008001000080010000802F
:105D7000010000800100008001000080010000801F
:105D8000000000000000BEB00000000000000000A5
:105D9000000000000001800100FFFF0100038001FE
:105DA0000003800100FFFF01000380010003800168
:105DB00000FFFF0100818100000003000000031CC0
:105DC000FCFFFF3F000040000003C00100FFFF0197
:105DD0000003C0000003C0000003C00000FFFF007C
:105DE0000001410000040100000E71000007810164
:105DF000800101076000010E1898011C04E00118E1
:105E000000C0000000000000D4B00000000000004E
:105E1000000000000008F0FFFF1F3000000C300001
:105E2000000C3000100C30FE3F0C3004000C300031
:105E3000000C3000000C3000000C3000C00CF0FFF3
:105E4000FF0D3030060E3030060C3010060C3010CE
:105E5000060C3010060C3018860C3018860C3008F2
:105E6000060D300C860D3006EE0F3002FC0D3001B1
:105E7000000CF000000C3000000CF0FFFF0F3000B1
:105E8000000C1000000400000000B5E70000000056
:105E90000000000000C0000000C0010000C00000C1
:105EA00000C0000000C0000000C00000E0FFFF03D1
:105EB00060C0000360C0000360C0000360C0000356
:105EC00060C0000360C00003E0FFFF0360C0000388
:105ED00060C0000360C0000360C0000360C0000336
:105EE000E0FFFF0360C0000160C0000000C00008C8
:105EF00000C0001000C0001000C0001800C0013831
:105F00000080FF1F0000000000000000D7D3000049
:105F10000000000000000000000000000003C0FFBF
:105F2000FF07000080070000C000000060000000C4
:105F3000180000000C0000800300008003000080B7
:105F40000100008001080080011CFCFFFF3F008071
:105F5000010000800100008001000080010000803D
:105F6000010000800100008001000080010000802D
:105F7000010000800100008001000080010000FCA1
:105F8000010000E0000000400000000000000000F0
:105F900000000000237001081971010800000000D2
:105FA00061740108820082004A020000000001E0E2
:105FB00001E0000000FF0055AAFF00112233445504
:105FC00066778899AABBCCDDEEFF000102030405C9
:105FD000060708090A0B0C0D0E0F101112131415E9
:105FE000161718191A1B1C1D1E1F202122232425D9
:105FF000262728292A2B2C2D2E2F303132333435C9
:10600000363738393A3B3C3D3E3F404142434445B8
:10601000464748494A4B4C4D4E4F505152535455A8
:10602000565758595A5B5C5D5E5F60616263646598
:10603000666768696A6B6C6D6E6F70717273747588
:10604000767778797A7B7C7D7E7F80818283848578
:10605000868788898A8B8C8D8E8F90919293949568
:10606000969798999A9B9C9D9E9FA0A1A2A3A4A558
:10607000A6A7A8A9AAABACADAEAFB0B1B2B3B4B548
:10608000B6B7B8B9BABBBCBDBEBFC0C1C2C3C4C538
:10609000C6C7C8C9CACBCCCDCECFD0D1D2D3D4D528
:1060A000D6D7D8D9DADBDCDDDEDFE0E1E2E3E4E518
:1060B000E6E7E8E9EAEBECEDEEEFF0F1F2F3F4F508
:1060C000F6F7F8F9FAFBFCFDFEFF80808081818203
:1060D000828384858687898A8C8D8F919395979901
:1060E0009B9EA0A2A5A7AAADAFB2B500FF1FFF1F40
:1060F00001E001E0210020000A080B080D300C30FF
:106100000E380F386400630000000000905F020842
:10611000E10601080000000000000000000000008F
:10612000C300C300041C0000905F0208CDD7010823
:1061300000000000000000000000000064202B00B0
:1061400000000000905F0208A9D8010800000000CC
:1061500000000000000000006420D12700000000C3
:10616000905F02086966010885660108000000006A
:106170009D66010800000000C0030000109902089D
:1061800009B6010800000000000000000000000047
:1061900000000000000000000EA0D90D90C80C8087
:1061A000B70A60110B80D91F0991F0881F0880F091
:1061B00088000000000D203C00000F0069002FFF48
:1061C000FFFFF7015C11A610006900C30000880002
:1061D000D2009FFFFFFFF012C523E22000D203C0D0
:1061E0000000F004B0000000700000000E0000008D
:1061F00000E0000019EFEA300CD6E6A702F40E002A
:10620000001F80E000006FEF50000016FFE5000067
:106210000E0AF00100E05F13F85E6EB005CFFE914C
:1062200000000E0000000070000008DD3000A70034
:106230004B02D004C0007700D01D20004B03D0A734
:10624000000007DC34C4CC3000001D2D22D000003B
:10625000A63B00B30005C03A00A3001D200D00D0EE
:1062600000A60004CC40004DFC300000F718C00030
:1062700001F205D00000BB6E4000005FF300000794
:10628000E6DB03802F301DBAA05F0001DF401FB4A2
:1062900048FEC003BFFC40B200000000001F01F038
:1062A0001F00F0000003F10B900F404F007D009B9A
:1062B00000AA00AA009B007D004F000F400B900336
:1062C000F15E000E6008C004F001F300F500E60086
:1062D000E600F501F304F008C00E605E00009300D4
:1062E00088A6C209FE404DDDB14293500052000025
:1062F0000450000008A0000008A0001FFFFFF303E7
:1063000039B3300008A0000008A0000103F61E60A9
:10631000E12C00000003FFF90333100003F52E40C9
:1063200000000E400004E000009A00000E4000044F
:10633000F000009A00000E400003F000009A0000F8
:106340000E500003F000009A00000E500003F00011
:1063500000004CFE70004FB68F900DB0005F32F41D
:106360000000E74F20000CA4F20000CA2F40000EEE
:1063700070DB0005F204FB68F90004CFE700EFFBD7
:1063800044CB00AB00AB00AB00AB00AB00AB00AB51
:1063900000AB07DFEA108E857EC0010006F1000029
:1063A00006F000000D900000CC00001CC00001DBD6
:1063B00000001DE544427FFFFFF97FFFFFF024440A
:1063C0005F900000BC000009E100003FD81000040D
:1063D0006DD0000002F4100002F4BD757DD019DF0D
:1063E000EA1000000DA0000000AC00000007E10072
:1063F00000004F40100002F600F5001DA000F5005F
:106400007FFFFFFFF3133333F730000000F5000088
:106410000000F50009FFFFF00AB444400C800000C2
:106420000E7000000FFFFC4003345CF2000000F728
:10643000100000F78E856CF108DFFB30002AEFD5E5
:10644000003FD657400CC0000002F40000004F5B34
:10645000FFA104FE845DD03F80003F30E80003F2DE
:1064600006F845DC0005DFE9109FFFFFFD9D444471
:10647000E99C0004F200000BB000002F400000ADCA
:10648000000001F6000008E000000E8000006F1020
:1064900000019EFE9100BE636EC00F60006F00CCD5
:1064A000202BC002EFFFE200DC424CD05F20001F37
:1064B00055F20002F50ED535DE001AEFEA1003BFE3
:1064C000EA202FA44BE18E0000E99D0000DD4F7112
:1064D00029FF07FFFC9E000210AC000002F60765D2
:1064E0008FB00AEFD7002E53F50000000000003FE8
:1064F00052E42E53F50000000000002E52F60D214C
:10650000D001000000003100006CF2018ED6000FB7
:10651000C300000AFB40000017EE70000005C30036
:106520000000001FFFFFF3033333300000000000C2
:106530000000001FFFFFF303333330040000000EA0
:10654000D71000005CF92000002AF20003AFB1066A
:10655000DE82001C6000000000000007DFEA109EE1
:10656000746EC0010006F0000009C000008E20001B
:1065700006F2000008700000000000000B80000020
:106580000C900000006CEFDA4000003DA41016D91A
:106590000001E509EE98CA900A80BD43AFC0D30F51
:1065A00013F2000CC0693C06D00007C03B4B06D07C
:1065B0000007C02C3C03F2000CC04A0F10BD439EE4
:1065C000E3C50A8009EE91CF9001E50000000000CC
:1065D000003DA41028000000007CEFD9100000004E
:1065E0000CF1000000003FD700000000B96E000071
:1065F0000002F20E50000009A007D000001F30007A
:10660000F400007FFFFFFB0000E733334F2005F06D
:1066100000000C900C90000006F18FFFFEC408E310
:10662000334BF28E00001F58E00018F18FFFFFF887
:1066300008E33337F68E000009C8E000009D8E3372
:10664000347F78FFFFFD700007CFFB4000CF966AD4
:10665000F50AE20000301F600000004F200000003B
:106660004F200000001F600000000AE2000030011F
:10667000CF966AF50007DFFB408FFFFEA4008E4433
:1066800046CF708E000007F38E000000DA8E000007
:10669000009D8E0000009D8E000000DA8E00000735
:1066A000F38E4446BF708FFFFEA4008FFFFFF68E6F
:1066B0004444418E0000008E0000008FFFFFC08E1A
:1066C0003333208E0000008E0000008E4444428F41
:1066D000FFFFF98FFFFFF68E4444418E0000008ECD
:1066E0000000008E0000008FFFFFC08E3333208E2D
:1066F0000000008E0000008E0000000007CFFC505C
:1067000000CF966AF60AE20000201F600000004FEA
:10671000200000004F200000B91F600000B90AE30C
:106720000000B900CF966AF80007DFFC608E000019
:1067300008E8E000008E8E000008E8E000008E8F80
:10674000FFFFFFE8E333339E8E000008E8E000001F
:106750008E8E000008E8E000008E8E8E8E8E8E8E6B
:106760008E8E8E8E02FFFFC00444BC000009C00064
:10677000009C000009C000009C000009C02000BA75
:106780000EB58F603CFE808E00004F508E0004F6E8
:10679000008E003F70008E03F800008E2EC00000B7
:1067A0008EECF600008FB07F30008E000AE1008E84
:1067B0000000CC008E00001EA08E0000008E0000A5
:1067C000008E0000008E0000008E0000008E000091
:1067D000008E0000008E0000008E4444408FFFFFBA
:1067E000F28E00000008E8F7000002FE8FF10000C2
:1067F000BFE8DCA0004F9E8D2F300D87E8D09C06AF
:10680000E07E8D01E7E507E8D006FC007E8D000AFA
:106810002007E8D00000007E8E100008E8FC000091
:106820008E8FF90008E8E6F6008E8E09F308E8E09E
:106830000CE18E8E001EB8E8E0003FEE8E00006F87
:10684000E8E00000AE0007CFEB500000CF966BF9F8
:10685000000AE200005F601F6000000AD04F2000C5
:106860000006F04F20000006F01F6000000AD00A6A
:10687000E200005F6000CF966BFA000007DFEB508C
:10688000008FFFFD7008E4458FB08E00005F38E098
:106890000001F58E00003F48E0014DD08FFFFFB2B0
:1068A00008E33310008E00000008E000000000073D
:1068B000CFEB500000CF966BF9000AE200005F605A
:1068C0001F6000000AD04F20000006F04F2000009B
:1068D00005F01F6000000AD00AE200005F6001DFDF
:1068E000855AFA000008DFFC5000000001EC2194FA
:1068F0000000001BFFC10000000012008FFFFD70B0
:1069000008E4458FB08E00005F38E00001F58E008E
:10691000003F38E0014DD08FFFFFC208E333DA00BB
:106920008E0002F608E00005F3019EFDA200CE6491
:106930006B702F40000001F800000006FD9500007C
:10694000016AEE500000009F00200005F13FA547BE
:10695000EB004BEFE910FFFFFFFF2444BD44400074
:1069600009C00000009C00000009C00000009C005D
:10697000000009C00000009C00000009C0000000E9
:106980009C00009C00000BA9C00000BA9C00000BFA
:10699000A9C00000BA9C00000BA9C00000BA8E007C
:1069A000000D94F40003F50CF868FD0009EFE91000
:1069B0000CB000000AC05F200001F500E900008E65
:1069C0000008F0000E70001F6005F10000AD00C966
:1069D000000003F43F3000000CBAC00000005FF577
:1069E00000000000EE00006F10000DB00002F21F6A
:1069F00060003FF10008D00BB0008BE6000D700680
:106A0000F000E69B002F2001F503F14F108D0000F0
:106A1000CA09B00E60D800006F0E6009B2F3000022
:106A20001F9F1004F9D000000CFB0000EF80000055
:106A300007F600009F30003F50000DA008F2009DB7
:106A40000000CC04F300002F9E70000006FC000044
:106A50000009FE1000004F4DB00001E802F7000BE6
:106A6000D0007F207F20000BD00CB000009C002FB6
:106A700050002F30009E000C900000E805F100004F
:106A800005F3E60000000CFD000000003F400000A0
:106A90000002F3000000002F3000000002F30000AD
:106AA0004FFFFFFF9144444AF3000003F60000014A
:106AB000EA000000CC0000009E1000006F400000C3
:106AC0003F7000001ED4444436FFFFFFFC8FF68D5C
:106AD000318D008D008D008D008D008D008D008D1D
:106AE000008D008D008D318FF65D000000F20000FA
:106AF0000B8000006D000001F200000B8000006DB3
:106B0000000001F200000B7000006D000001F200B7
:106B1000000B7000006D000001F2BFF325F302F3DB
:106B200002F302F302F302F302F302F302F302F3BD
:106B300002F325F3BFF300AD00001EC4000885A0DA
:106B400000E20E105B00970B5002E0EEEEEEE00B61
:106B5000C00009B004CFEA100B745DB0000004F06F
:106B600004CEEEF21F8214F24F1004F21F703DF2B9
:106B700004DFD7F2BA000000BA000000BA0000003B
:106B8000BA8EFC30BFD54BF3BE1000CABA00007EEF
:106B9000BA00007EBE1000CABFD55BF3B98EFC30D0
:106BA000007DFD6009F748F42F5000205F000000D1
:106BB0005F0000002F50002009F748F4007DFD60C1
:106BC0000000001F40000001F40000001F4008EF1B
:106BD000C4F40AF748FF42F50007F45F00002F45B0
:106BE000F00001F42F50006F40AE637EF4008EFC85
:106BF0004F40008EFC400AD538F42F20008C5FEE09
:106C0000EEFF5F2111112F70001009F846E4007D9E
:106C1000FE80009EE305F44108C000CFFFF029D3B9
:106C20002008D00008D00008D00008D00008D0000C
:106C300008D000007EFC4E60AF747FF62F50005FDE
:106C400065F00000F65F00000F62F60006F609F737
:106C500047FF5007EFC4F50000003F20CB646EB043
:106C600003AEFD8000BA000000BA000000BA0000C8
:106C700000BA8EFB20BFC56DD0BE0003F2BA000083
:106C8000F4BA0000F5BA0000F5BA0000F5BA000049
:106C9000F5BAA800BABABABABABABABA000AB00013
:106CA0009900000000AB000AB000AB000AB000ABD6
:106CB000000AB000AB000AB000AA064E71DFA0BA0D
:106CC000000000BA000000BA000000BA001CC0BA00
:106CD00001CC00BA1CD100BBCF6000BFDBE100BD1E
:106CE00011DC00BA003F70BA0007F3BABABABABAF8
:106CF000BABABABABABAB99EFA15DFD40BFB45EDE7
:106D0000E64AF2BE0006F6000E7BA0004F2000C946
:106D1000BA0003F1000C9BA0003F1000C9BA0003A9
:106D2000F1000C9BA0003F1000C9B99EFB20BFB42E
:106D30005DD0BE0003F2BA0000F4BA0000F5BA005C
:106D400000F5BA0000F5BA0000F5007DFD60009F77
:106D5000748F702F50007F05F00001F35F00002F4B
:106D600032F50007F009F748F70007DFD600B98EC3
:106D7000FC30BFC43AF3BE1000CABA00007EBA00AD
:106D8000007EBE1000CABFD55BF3BA7EFC30BA00ED
:106D90000000BA000000BA000000008EFC3F40AFC7
:106DA000748EF42F50007F45F00001F45F00002F37
:106DB00042F50007F40AF748FF4008EFC4F400006A
:106DC000001F40000001F40000001F40B98E4BFD81
:106DD00071BE100BB000BA000BA000BA000BA000EF
:106DE00005DFEA13F735A06F000001EE9610016A87
:106DF000EF300000D96C646F62AEFD7008D00008FF
:106E0000D000CFFFF029D32008D00008D00008D050
:106E10000008D00005F551009FE3C80002F3C80048
:106E200002F3C80002F3C80002F3C90003F3AB0089
:106E300007F35F837EF306DFC5F30D90000AA06EB3
:106E40000001F300F5007D0009C00E60003F24F052
:106E50000000C8B9000006FF3000000FC000C800E5
:106E600006F1000D56D000CF6003F01F302F9C00BC
:106E70009A00B807B2F10E4005E0D60C74E0000F9E
:106E80006F007C990000AFA001FF400005F4000BEB
:106E9000E0004F3007E109D02F4000D9D900003F72
:106EA000D000004FE10001E7BB000BB01E707E1068
:106EB00005F30D90000AA06F0001F300F6007D00BD
:106EC00009C00D60002F34F00000C9A9000005FFC3
:106ED0002000000EC0000000E5000094AD00001B83
:106EE000FC2000005FFFFFA13337F40001E7000042
:106EF000CB00008E10004F40001EA33326FFFFFC86
:106F0000006EA00F9201F4001F4001F4003F303FDB
:106F1000C0006F3001F4001F4001F4001F4000FA70
:106F20002005EA8B8B8B8B8B8B8B8B8B8B8B8B8B43
:106F30008BBE5002AE0005F0005F0005F0004F1060
:106F400000DF104F5005F0005F0005F0005F002AE1
:106F5000E00BE40007EC40B41E25DFC00100000098
:106F600004CC302B01C05700932B01C005CC300658
:106F7000A10FF60BE200000000000000000000007E
:106F800000027BFB000000049DFFFFD00003AFFF69
:106F9000FFFFFD0000AFFFFFFFDFD0000AFFFFB6DD
:106FA00010ED0000AF9400000ED0000AF1000000C8
:106FB000ED0000AF1000000ED0000AF1000045FD0A
:106FC0000000AF1001EFFFD0179DF1005FFFFC0E36
:106FD000FFFF1000AFFD31FFFFE00000010003BD27
:106FE000A3000000000050188888888405FABFDDDF
:106FF000DDDDFDAFE47F100000CA4EE04F10000061
:10700000C80EFEEF100000CFEFE03FEEEEEEF80E00
:10701000F68F766666EB6FF8AF100000CC8FE03F1E
:10702000100000C80EFCDF655555EECFC25FFFFFB4
:10703000FFF92C57750577777775FFFF1FFFFFFF67
:10704000FFFFFF2FFFFFFFFFEFFF0EFFFFFFFE0120
:10705000100011111110EFFE0EFFFFFFFEFFFF2FBA
:10706000FFFFFFFFFFFF1FFFFFFFFF688707888805
:10707000888668870788888886FFFF1FFFFFFFFFD5
:10708000FFFF2FFFFFFFFFDFFD0DFFFFFFFD0000F4
:10709000000000015000000000001DF8000000008A
:1070A00001DFFD000000001DFFE22D600001DFFE9A
:1070B00020DFF7001DFFE2008FFF71DFFE200008D8
:1070C000FFFEFFE20000008FFFFE2000000008FF2F
:1070D000E200000000007D20000000000000000031
:1070E0007F60000BE2EFF600BFF84FFF6BFFD104AB
:1070F000FFFFFD10005FFFE10000BFFFF6000BFF88
:10710000DFFF60BFFD14FFF5CFD1004FF617100071
:10711000036000000011000000000000FF000000FC
:10712000006F21FF12F70006FF61FF16FF601FF9D5
:1071300001FF109FF16FE001FF100EF6AF8001FF1D
:107140001008FACF6001FF1006FCAF8000AA00080B
:10715000FB7FD00000000DF71FF80000008FF10743
:10716000FF91002AFF70009FFFEEFFF9000005CF9E
:10717000FFFD50000000024420000000000000005D
:10718000000000000AFFA0000000000CFFC000008B
:1071900003D6DFFFFD6D300EFFFFFFFFFFE05FFF57
:1071A000FFAAFFFFF51AFFF4004FFFA103FFD00075
:1071B0000DFF3004FFF0000FFF404FFFFB22BFFF29
:1071C000F42FFFFFFFFFFFF209FEFFFFFFEF90002C
:1071D000505EFFE5050000000CFFC0000000000449
:1071E0007740000000000003100341000000009FF2
:1071F000F50DF50000001BFDFF8DF5000002DFB16D
:107200002DFFF500004FF83EC2BFF50007FF55FF08
:10721000FE39FE409FE38FFFFFF56FF6AC2AFFFFBC
:10722000FFFF73E6005FFFFFFFFFF100006FFFD776
:107230007FFFF200006FFF900DFFF200006FFF90E4
:107240000DFFF200004FFF700BFFE1000000003364
:1072500000000000000BFFB0000000000CFFC000A9
:107260000000000CFFC0000000000CFFC000000088
:10727000000CFFC00000008FFFFFFFF800002EFF92
:10728000FFFFE2000002EFFFFE200000002DFFE202
:107290000000799982DE289997FFFFFB22BFFFFF4C
:1072A000FFFFFFFFFFFFFFFFFFFFFFFAB3CFACCCF5
:1072B000CCCCCCCCCA0006BBBBBBBA3000004FFF65
:1072C000FFFFFFE10000EF30000006FB0009F800BF
:1072D000000000CF504FD0000000002FE1DF8442BB
:1072E0000000344BF9FFFFFD0001FFFFFBFFFFFF34
:1072F000988BFFFFFCFFFFFFFFFFFFFFFCFFFFFF7F
:10730000FFFFFFFFFB9FFFFFFFFFFFFFF6000000F7
:107310000000003300018DFFC600EF004EFFFFFFAD
:10732000E4DF04FFB3004CFFFF0EF90000008FFF05
:107330006FC00001FFFFFF8E500001DEEEED000088
:10734000000000000022222200000021FFFFFF10A9
:107350000008F8FFFBBC10001EF4FFFC100001DF6A
:10736000C0FEEFE8448EFE10FE1AFFFFFFC100FDD5
:107370000028BB940000000002700002EF0002EF42
:10738000FDFFFFFFFFFFFFFFFFFFFFFFFFFFFFFF0F
:10739000FFFF3447FFF00005FF000005C0000000BC
:1073A0000000027000000002EF00000002EFF00099
:1073B0000DFFFFFF0220FFFFFFF08E1FFFFFFF000A
:1073C000E7FFFFFFF03F5FFFFFFF08903447FFF04C
:1073D00000000005FF0000000005C00000000000E4
:1073E00000000000000000077000000002700005AF
:1073F000FA0000002EF000814F600002EFF001DD86
:1074000007F0DFFFFFF0321E80F6FFFFFFF08E2750
:10741000E0B9FFFFFFF00E73F19BFFFFFFF03F5459
:10742000F09AFFFFFFF0890AC0D83447FFF0007FD1
:1074300043F300005FF002F60CB0000005C000004E
:10744000BF10000000000009E3000000000000027F
:10745000100037888888888873EFFFFFFFFFFFFEE2
:10746000FE32DFFFFFFFFFF9007FFFFDFFFFFD1092
:10747000CFFFA07FFFFFFFFFFA0007FFFFF35FA032
:107480000000CFFF3003000000CFFC000000000030
:10749000CFFFCCCCCCCCCCFFAFFFFFFFFFFFF90080
:1074A000002000000001FA00000006FF1000000D9F
:1074B000FF7000006FFFF10001EFFFFA000BFFFF0C
:1074C000FF605FFFFFFFE0CFFFFFFFF6FEBFFFFFA4
:1074D000F9FD4FFFFFF9BF49FFFFF53FE52EFFD054
:1074E00006FFFFFD200028BA600004300000311FB5
:1074F000E00006F91FE0007FFA1FE009FFFA1FE035
:10750000AFFFFA1FEBFFFFFA1FFFFFFFFA1FFFFF9E
:10751000FFFA1FE6FFFFFA1FE05FFFFA1FE004FF1C
:10752000FA1FE0003EFA0FD00002D7000000000072
:107530000200000000000CFB2000000000FFFF9094
:107540000000000FFFFFE6000000FFFFFFFC30001F
:107550000FFFFFFFFF9100FFFFFFFFFFE60FFFFFA1
:10756000FFFFFFF2FFFFFFFFFFFD0FFFFFFFFFF831
:1075700000FFFFFFFFB2000FFFFFFD400000FFFF15
:10758000F70000000FFFA1000000006A40000000AB
:1075900000001444200144420DFFFF10DFFFF1FF03
:1075A000FFF30FFFFF3FFFFF40FFFFF4FFFFF40F6C
:1075B000FFFF4FFFFF40FFFFF4FFFFF40FFFFF4F00
:1075C000FFFF40FFFFF4FFFFF40FFFFF4FFFFF40FF
:1075D000FFFFF4FFFFF40FFFFF4FFFFF30FFFFF34C
:1075E0009FFFC009FFFC001444444444420DFFFFC8
:1075F000FFFFFFF1FFFFFFFFFFFF3FFFFFFFFFFF69
:10760000F4FFFFFFFFFFFF4FFFFFFFFFFFF4FFFF50
:10761000FFFFFFFF4FFFFFFFFFFFF4FFFFFFFFFF35
:10762000FF4FFFFFFFFFFFF4FFFFFFFFFFFF4FFFD5
:10763000FFFFFFFFF39FFFFFFFFFFC0002100000B2
:10764000420FE20003FB0FFE3004FB0FFFF404FBCC
:107650000FFFFF54FB0FFFFFFAFB0FFFFFFFFB0FB6
:10766000FFFFFFFB0FFFFFD6FB0FFFFD14FB0FFF1C
:10767000C104FB0FFB0004FB0CA00003FA00000098
:10768000000000000012000000000003FF60000086
:1076900000002EFFF500000001EFFFFF4000001D7D
:1076A000FFFFFFF30000CFFFFFFFFE200AFFFFFFF9
:1076B000FFFFE00EFFFFFFFFFFF2039999999999F1
:1076C00050058888888888700FFFFFFFFFFFF30F41
:1076D000FFFFFFFFFFF40BFFFFFFFFFFD1000000E4
:1076E000000000003F9000003FFC00003FFD100044
:1076F0003FFD10003FFD10001FFD100000CFF40003
:107700000000CFF4000000CFF4000000CFF4000030
:1077100000CFE0000000A4000000000000CD100039
:10772000001FFD1000003FFD1000003FFD10000095
:107730003FFD1000003FFD000008FF900008FF9093
:107740000008FF900008FF900002FF9000000780F3
:10775000000000000004500000000002FF60000074
:1077600000003FF70000000003FF70000000003F32
:10777000F7000006999AFFC99980FFFFFFFFFFFFFE
:107780003DFFFFFFFFFFF201113FF7111000000363
:10779000FF70000000003FF70000000003FF7000D2
:1077A0000000000CD30000006999999999980FFF87
:1077B000FFFFFFFFF3DFFFFFFFFFFF2000000000E0
:1077C000000000000156640000000003BFFEEFF956
:1077D0001000007FFA1003DFE40008FFA009B41EC8
:1077E000FF504FFF200BFF26FFE1EFFF09CFFF63A4
:1077F000FFFABFFF09FFFF54FFF61EFF51DFFB0931
:10780000FFB003EFE204305FFC10002CFF956AFF2D
:107810009000000049DFFD92000000000000000021
:10782000000000CD20000000000000008FF50014D3
:10783000664000000004EFACFFEFFF910000001C69
:10784000FFA1004DFE300000009FF5AB31EFF400CA
:1078500007B105FFFFE17FFE100FFE302DFFF54F52
:10786000FF900CFFE000AFF65FFF6002FFF4000640
:10787000FFEFFB00004FFD10003EFFC0000002DFE5
:10788000E85401BFE300000005AEFF6007FF6000A1
:107890000000000000004EF60000000000000001A3
:1078A000A10000000000000000000000003ED00029
:1078B00000000000000CFF80000000000006FFFF39
:1078C000200000000000EFFFFB00000000008FFC24
:1078D000CFF4000000002FFB00FFD00000000BFFE2
:1078E000C00FFF70000004FFFD01FFFF100000DF6C
:1078F000FFE02FFFFA00007FFFFF9BFFFFF3001F59
:10790000FFFFB00EFFFFC00AFFFFFE24FFFFFF6076
:10791000FFFFFFFFFFFFFFFA06CCCCCCCCCCCCCBDB
:10792000300000000000360000000000007F80DD15
:10793000DB00008DEFF8FFFFB007FFFFFD556FF490
:107940006FF8AFE2000574FF907E2000003FFA0060
:1079500000000002EFB2504A00012EFD1DF48FB06E
:10796000FFFFD10BFFFFFBFFFE2000CFFFFB12212B
:107970000000029FC000000000005B00000007A0A4
:107980000000000008FFB000000008FFFFB000008A
:1079900008FF95FFB00008FF9005FFB007FF9000BB
:1079A00005FFB09F90000005FD004000000003109F
:1079B0004C20000000B60BFE200000CFF02EFE2071
:1079C00000CFF4002EFE20CFF400002EFECFF400F6
:1079D00000002EFFF4000000002EF4000000000064
:1079E0001300000000083000000000000000BFF39A
:1079F00008BBBBBB90000BFFFF39FFFFFFF1008FFF
:107A0000CFCFF000000AF100382F948000000AF177
:107A100000002F900000000AF100002F90000003EA
:107A20000AF130002F9000001FCBF8F8002FEBBBBD
:107A3000BB39FFFFE2001FFFFFFFB09FFD200000EA
:107A40000000000008D10037888700000000EFFF29
:107A5000FFA0000000FFFFFFFDCCCCB6FFFFFFFF43
:107A6000FFFFFFFFFFFFFFFFFFFFFFFFFFFFFFFF26
:107A7000FFFFFFFFFFFFFFFFFFFFFFFFFFFFFFFF16
:107A8000FFFFFFFFFFFFFFFFFFFFFFFFFFAFFFFF56
:107A9000FFFFFFF900000000000000000001DD1002
:107AA000000000001DFFD100000001DFFFFD1000FD
:107AB000001DFFFFFFD100009FFFFFFFF900000145
:107AC0001CFFC1100000000CFFC0000000000CFFF4
:107AD000C0000000000CFFC0000079993BFFB39983
:107AE00097FFFFB2442BFFFFFFFFFEDDEFFFFFFF1D
:107AF000FFFFFFFAB3CFACCCCCCCCCCCCA0000009B
:107B000000000200000000000004FFC700000000A9
:107B100000AFFFF0000000001FFFFD0000000006A6
:107B2000FFFFC00000000008FFF700000000000C8D
:107B3000FF300000000004FFC00000000001EFF370
:107B400000004A3002DFF80005DFFE15EFFB000001
:107B5000EFFFFFFFFA00000BFFFFFFF70000007FC1
:107B6000FFFFA200000002BA8500000000000486AA
:107B70000000001006FFFA0002DFD1EF3CF101DF48
:107B8000FA0EE0AF21DFFA009FEFF6DFFA00008D7A
:107B9000FFFFFB00000006FFFD00000048EFFFF6BE
:107BA00000006FFFFBFFF6000EF3CF23FFF600EEA1
:107BB0000AF204FFF609FEFC0004FFF108DA1000E7
:107BC00002620000000000000000006FFFF9870063
:107BD0000008FFFF98F708A68FFFF95990FFA8FF4C
:107BE000FFFCCC0FFA8FFFFFFFF1FFA8FFFFFFFFA5
:107BF0001FFA8FFFFFFFF1FFA8FFFFFFFF1FFA8FA4
:107C0000FFFFFFF1FFA8FFFFFFFF1FFA7FFFFFFF4E
:107C1000F0FFE3122222210FFFFFFFF90000ACCC9E
:107C2000CCCB5000004999999995000EFFFFFFFFBA
:107C3000F600FD2222224FF60FC0000001FFF3FCE8
:107C40000000001FFF6FC0000002FFF6FFFFFFFFF4
:107C5000FFFF6FFFFFDCFFFFF6FFFFB005FFFF6FC9
:107C6000FFF6000FFFF6FFFFC006FFFF6FFFFFEDFF
:107C7000FFFFF69FFFFFFFFFFD10CDDDDDDDDDDD4A
:107C80002FFFFFFFFFFFF31222222222220000001B
:107C9000000000000000000000000FFFFFFFFFFFDA
:107CA000F3DEEEEEEEEEEE2000000000000000003D
:107CB000000000000DEEEEEEEEEEE2FFFFFFFFFF34
:107CC000FF3000000000000037888888888873EF44
:107CD000FFFFFFFFFFFEEFFFFFFFFFFFFE1CFFFFA9
:107CE000FFFFFFC1D28FFFFFFFF82DFF64EFFFFE04
:107CF00045FFFFFA2BFFB2AFFFFFFFD3553DFFFF5C
:107D0000FFFFFFBBFFFFFFFFFFFFFFFFFFFFAFFF17
:107D1000FFFFFFFFF9000000000001FFFFF000047B
:107D2000FFFFD00006FFFF800008FFFF30000AFFC2
:107D3000FFAAA60CFFFFFFF80EFFFFFFE10BDDDF40
:107D4000FF6000004FFD0000007FF3000000BFA0B7
:107D5000000000FF10000003F800000003C0000056
:107D60000000200000000455EFB5520000FFFD1F89
:107D7000FFB0000FFFFFFFFC0000FFFF53332000A8
:107D80000FFF97FFFB5700FFF8AFFFC6F80FFF8A02
:107D9000FFFC4AA1FFF8AFFFE3220FFF8AFFFFFFBE
:107DA000F4FFF8AFFFFFFF4FFF8AFFFFFFF43552EC
:107DB000AFFFFFFF40000AFFFFFFF400007FFFFF5F
:107DC000FE20000001100000000000AF00000000D5
:107DD000018FFA30000002EFFFFF500000BFFFFFED
:107DE000FF10001FFFFFFFF50003FFFFFFFF700004
:107DF0005FFFFFFFF90008FFFFFFFFC000DFFFFF8D
:107E0000FFFF209FFFFFFFFFFD0EFFFFFFFFFFF2C1
:107E1000022222222221000008FFC00000000009E7
:107E2000A20000005BBBBBBBBBBBBBA3FFFFFFFF54
:107E3000FFFFFFFBFC0C30E11D0D11FCFC0B30E0E3
:107E40001D0D10FCFFFEFFEFFEFEEFFCFFF15A08D8
:107E500070A05FFCFFF37B2992C27FFCFFBFCBBB0E
:107E6000BBBFCBFCFC0B2000000D00FCFFCFCCCC3B
:107E7000CCCFCCFB9FFFFFFFFFFFFFF60000000011
:107E800000000200000000000005DFB0000000005C
:107E900007EFFFD000000018FFFFFF70000029FF70
:107EA000FFFFFF00003BFFFFFFFFF8000AFFFFFF9F
:107EB000FFFFF1000FFFFFFFFFFFA000049AAAAF32
:107EC000FFFF20000000000EFFFB00000000000E7E
:107ED000FFF400000000000EFFC000000000000ED4
:107EE000FF5000000000000DFD0000000000000435
:107EF000B300000035555502000FFFFFF2F400FFFC
:107F0000FFFF2FF40FFFFFF2FFF3FFFFFF32221FEF
:107F1000FFFFFFFFF7FFFFFFFFFF8FFFFFFFFFF8F0
:107F2000FFFFFFFFFF8FFFFFFFFFF8FFFFFFFFFFD8
:107F30008FFFFFFFFFF8FFFFFFFFFF8FFFFFFFFF38
:107F4000F88AAAAAAAAA300000002455310000002D
:107F50000003AFFFFFFFC7000002BFFFFEDEFFFF11
:107F6000F6005FFFB51000038EFFB0DFD300000006
:107F700000008FF5180005AEFEC81004600002DF97
:107F8000FFFFFFF80000000CFF95347DFF4000006C
:107F900002A200000077000000000002960000002E
:107FA000000000000DFF500000000000000EFF6008
:107FB00000000000000005DA000000005BBBBBBB56
:107FC000BBBBBBBA20FFFFFFFFFFFFFFFF90FC1210
:107FD00022222222220FF7FC5FFFFFFFFFFF2CFA75
:107FE000FC5FFFFFFFFFFF21FAFC5FFFFFFFFFFFCA
:107FF00027FAFC2666666666661FFAFEBBBBBBBB3D
:10800000BBBBBFB1AFFFFFFFFFFFFFFF5000000092
:108010000000000000005BBBBBBBBBBBBBBA20FFCA
:10802000FFFFFFFFFFFFFF90FC1222222221000F23
:10803000F7FC5FFFFFFFF8000CFAFC5FFFFFFFF8A3
:108040000001FAFC5FFFFFFFF80007FAFC266666F6
:108050006663000FFAFEBBBBBBBBBBBBBFB1AFFFD0
:10806000FFFFFFFFFFFF50000000000000000000C6
:108070005BBBBBBBBBBBBBBA20FFFFFFFFFFFFFF70
:10808000FF90FC1222221000000FF7FC5FFFFFD0D0
:1080900000000CFAFC5FFFFFD0000001FAFC5FFF5C
:1080A000FFD0000007FAFC2666665000000FFAFEBB
:1080B000BBBBBBBBBBBBBFB1AFFFFFFFFFFFFFFF46
:1080C000500000000000000000005BBBBBBBBBBB5E
:1080D000BBBA20FFFFFFFFFFFFFFFF90FC12220053
:1080E0000000000FF7FC5FFF300000000CFAFC5F9F
:1080F000FF3000000001FAFC5FFF3000000007FACB
:10810000FC2666100000000FFAFEBBBBBBBBBBBB6E
:10811000BFB1AFFFFFFFFFFFFFFF500000000000F7
:10812000000000005BBBBBBBBBBBBBBA20FFFFFFBB
:10813000FFFFFFFFFF90FC0000000000000FF7FCB6
:108140000000000000000CFAFC000000000000012C
:10815000FAFC00000000000007FAFC00000000002C
:10816000000FFAFEBBBBBBBBBBBBBFB1AFFFFFFF8A
:10817000FFFFFFFF500000000000000000000000B3
:10818000000007B20000000000000ADFFA00000053
:10819000000000A93DF5000000044002E0001000CE
:1081A0000000AFF80B600000006C30FFFFFFFFFF26
:1081B000FFFFFFF4AFF9000C5000006D40055000C8
:1081C00004C00000100000000000C43EE8000000F1
:1081D0000000002EEFFA000000000000004FFA003F
:1081E000000000000000000000000000011000007E
:1081F0000007EFFFB30000AFFD8FFF2004FFFD0974
:10820000FFB00AFEFD12AFF00EF55D2C0EF30FFF6E
:1082100033129FF50FFFF307FFF60FFFE206FFF69D
:108220000FFE24137FF50DF57D2C0DF30AFFFD11D4
:10823000BFF003FFFE0BFFA0007FFEBFFE10000398
:10824000ACDC810000003443000005667FFFF96666
:1082500050FFFFFFFFFFFF356666666666501CCC69
:10826000CCCCCCC402FFFFFFFFFF602FF3FB7F6D80
:10827000F602FF2FB7F5DF602FF2FB7F5DF602FFFE
:108280002FB7F5DF602FF2FB7F5DF602FF2FB7F50A
:10829000DF602FF3FB7F6DF601FFFFFFFFFF50074D
:1082A000BCCCCCCC900000000000000120000000FD
:1082B000000004FF500000000002FFFF500000001B
:1082C0000439FFFE00000004FF39FFA0000004FF96
:1082D000FF39B0000004FFFFFF20000004FFFFFF94
:1082E000B0000004FFFFFFB0000004FFFFFFB0007C
:1082F0000004FFFFFFB0000000BFFFFFB000000060
:108300000DFFFFB000000000FFFFB00000000009FB
:10831000A860000000000000001788888888874057
:108320000002EFFFFFFFFFFFF4003EFFFFCFFFCF94
:10833000FFF703EFFFF908F809FFF83EFFFFFE2003
:10834000402EFFF8DFFFFFFFE101EFFFF89FFFFF87
:10835000FF80008FFFF809FFFFF902C209FFF80054
:108360009FFFFE4EFE4EFFF80009FFFFFFFFFFFFDD
:10837000F700008FFFFFFFFFFFC1000000000000BB
:1083800003EFFFFFE203FBFBCEBFA4FF1D03A1FA37
:10839000FFF1D03A1FAFFFFFFFFFFAFFFFFFFFFF24
:1083A000AFFFFFFFFFFAFFFFFFFFFFAFFFFFFFFF82
:1083B000FAFFFFFFFFFFAFFFFFFFFFFAFFFFFFFF27
:1083C000FFADFFFFFFFFF829AAAAAAA8000000003E
:1083D0000000000300000000000004F1000820007D
:1083E0000001FF100BF70000002FF10CFF94444434
:1083F00045FF1BFFFFFFFFFFFFF18FFFFFFFFFFFA9
:10840000FD007FF70000000000006F60000000002A
:10841000000030000000000000000000000000002C
:108420000000C003000000000000C003030A0000B9
:108430000F008005050500051C00D0090A0A000090
:108440004E00B008090F00FE9200D00B0C0A00008D
:10845000CE00A0090A0B00FF0501F002030500058C
:108460000D01B004040E01FD2901C004040E00FD3D
:108470004501A0050606000557012008080700026F
:1084800073013003030500FE7B0160050503000353
:1084900083013003030300008801F004070EFFFF8F
:1084A000B9015009090A0000E6013005040A00007C
:1084B000FA011008080A000022020008080A000059
:1084C0004A0260090A0A00007C021008080A00003B
:1084D000A402A008090A0000D1026008080A0000EE
:1084E000F9020009090A00002603A008080A000092
:1084F0004E033003030800005A033003030B00FD52
:108500006B032008080800018B03200808060002FE
:10851000A303200808080001C3030008080A00009C
:10852000EB03800E0E0D00FD4604400A0C0AFF000E
:108530008204A00A090A0100AF04200A0A0A000006
:10854000E104900B0A0A010013056009080A010002
:108550003B05E008080A01006305D00A0A0A00008A
:108560009505600B090A0100C2055004020A0100CA
:10857000CC053007070AFF00EF05100A0A0A0100C0
:1085800021065008080A01004906600D0B0A010087
:108590008006600B090A0100AD06C00B0C0A000042
:1085A000E906200A090A01001607C00B0C0D00FDA0
:1085B0006407300A090A01009107B008090A00009F
:1085C000BE073008090A0000EB07100B090A01007A
:1085D0001808F0090B0AFF004F08C00F100A00002E
:1085E0009F0870090A0A0000D10810090B0AFF0051
:1085F00008093009090A00003509B004040E01FD1C
:108600005109F004070EFFFF8209B004040E00FDBB
:108610009E09300807060102B3090007070100FFA1
:10862000B709600805020109BC09600808080000D4
:10863000DC099009080B0100080A0008080800007E
:10864000280A9009090B00005A0A9008080800003F
:108650007A0AF004060B00009B0AB009090B00FD22
:10866000CD0A9009080B0100F90AE003020B010092
:10867000040B0004050EFEFD270BA008080B0100EB
:10868000530BE003020B01005E0BD00E0D0801003E
:10869000920B900908080100B20BE00809080000DD
:1086A000D60B9009080B01FD020C9009090B00FD87
:1086B000340CC00505080100480C0007070800003D
:1086C000640CD005060A0000820C8009080801002D
:1086D000A20CD0070908FF00C60C900C0D08000082
:1086E000FA0CC007080800001A0DD007090BFFFD9F
:1086F0004C0D500707080000680DF004050E00FD42
:108700008B0D3004020E01FD990DF004050E00FDE5
:10871000BC0D200808030003C80DE005060500068F
:10872000D70D600404030003DD0D000E0F0FFFFEE4
:108730004E0E000E0E0B00009B0E000E0E0D00FFE5
:10874000F60E000E0E0B0000430FA0090A0B0000EE
:108750007A0F000E0E0F00FEE30F000E0E0F00FE4C
:108760004C10C00F100D00FFB410000E0E0F00FED5
:108770001D11C00F100B00007511000E0E0F00FE32
:10878000DE110007070C00FF0812800A0B0C00FF27
:108790004A12C00F100E00FEBA12000E0E0B00009F
:1087A0000713A0090A0F00FE5213400C0A0E01FE27
:1087B0009813400C0D0F00FEFA13400C0D0D00FF36
:1087C0004F14400C0D0D00FFA414400C0A0E01FEC6
:1087D000EA14400C0E0DFFFF4515C008090D00FFFF
:1087E0008015C008090D00FFBB15400C0D0D00FFE2
:1087F0001016400C0D0400032A16C00F100B0000C9
:1088000082168011120F00FE0917C00F110FFFFE14
:108810008917000E0E0D00FFE417400C0D08000133
:108820001818400C0D0800014C188011120B0000A4
:10883000AF18000E0E0B0000FC18000E0E0F00FE0D
:108840006519000E0F0FFFFED619400C0D0D00FF2D
:108850002B1A400C0D0F00FE8D1A400C0D0D00FF61
:10886000E21A400C0D0C00FF301B000E0E0B000036
:108870007D1BC0080A0FFFFEC81B400C0D0F00FE39
:108880002A1C400C0D0F00FE8C1CC00F100B0000AA
:10889000E41C000E100FFFFE5C1D800A0B0F00FE93
:1088A000AF1D8011120D00FF241E8011120A00005E
:1088B0007E1E8011120A0000D81E8011120A0000CC
:1088C000321F8011120A00008C1F8011120A000052
:1088D000E61F8011120C00FF5220400C0C0F00FE0E
:1088E000AC20400C0D0F00FE0E21000E0F0FFFFEFE
:1088F0007F218011120B0000E221800A0B0F00FE85
:108900003522100E0F0A00000000721F51EF58EFC1
:108910005BEF5CEF5DEF61EF63EF65EF69EF6CEFCD
:1089200071EF76EF77EF78EF8EEF93EF98EF9BEFA5
:108930009CEF9DEFA1EFA2EFA3EFA4EFB7EFB8EF8D
:10894000BEEFC0EFC1EFC4EFC7EFC8EFC9EFCBEF89
:10895000E3EFE5EF14F015F017F019F030F037F011
:108960003AF043F06CF074F0ABF03BF190F191F120
:1089700092F193F194F1D7F1E3F13DF254F2AAF4BC
:1089800012F7F2F7200000005F0001000000000075
:108990000000000000000200B0000000F3F76000DB
:1089A00008890208000000003E00030000000102E8
:1089B0000003040502060708090A090A0B0C000D4A
:1089C0000E0F101112130C141400000015161718B6
:1089D00019161A1B1C1D1D1E1F201D1D16212223CA
:1089E00003241E2525262728292A2B002C002D2E7E
:1089F0002F303132332D343435302D2D2E2E363765
:108A00003839333A3A3B3A3C290000093D09000025
:108A10000000000000000000000000000000000056
:108A20000000000000000000000000000000000046
:108A30000000000000000000000000000000000036
:108A40000000000000000000000000000102000320
:108A5000040502060708090A090A0B0C0D0E0F107F
:108A6000110C1213141515000000161718191719F8
:108A700019191719191A1919191917191719031B7F
:108A80001C1D1D1E1F202122230024002526272710
:108A900027002726282926262A2A272A272A2B2C78
:108AA0002D2E2E2F2E30000023093109000000004A
:108AB00000000000000000000000000000000000B6
:108AC00000000000000000000000000000000000A6
:108AD0000000000000000000000000000000000096
:108AE0000000000000000000000100000000000085
:108AF0000001000002000000000200000000000071
:108B00000000000000000000000001000000000064
:108B1000000000000000000000010A0006FB000049
:108B20000000F4F3020B0504F7020B010902070031
:108B3000000000000000000000000D02FE00000028
:108B40000000000000000000000400F90000000028
:108B500000FC04040000FE00FE0200FE00FEFFFC1C
:108B600000000000FE0000FDFD0000FE00FC000013
:108B700000000000000000FEFE00FD00FA00E5001D
:108B800000FC0004070000FC02020704FC040000D3
:108B9000F30000000000000000000000F8000000EA
:108BA0000000000000000000000000FAFDF500F7E2
:108BB000FE00000000000900F9FEFF0100FC0000BB
:108BC000FEEF0000000000000000000000EEFE09C3
:108BD000000000000000000000000000F70000009E
:108BE000000000000000000700020000FC00000080
:108BF000000000000000000000000000000009026A
:108C00000100000000000000000000000000000063
:108C10000000000000000000000000000000000054
:108C20000000000000000000F8000000000000004C
:108C30000000000000000000000000000000000232
:108C4000040207FE000004FEF9E102060400FD0034
:108C5000080007000700EB00FD070007FE04020004
:108C60000001FE0000FC12001200070009030407C7
:108C7000000000F80000000001FE0002FCFDFC0204
:108C800000FE000000F700000000000000000000EF
:108C900000F10000000000000000000000000000E3
:108CA0000001F400F200000000FE0016FDFD0202CB
:108CB000FE00FD020000F4000000000000000000C3
:108CC0000000EA00020000000000000000000000B8
:108CD00000F2000D0000F8000700F1EAF1FC0700C7
:108CE00000F10003FB00FD00000000000000000098
:108CF0000000000607E50000000000000000000082
:108D000000000B000200000000000202FDFC00FF5A
:108D1000FFFE0000FE000000FC00FE00FBFC00FA6D
:108D2000F9F9FC00FC00FC00000000FE000002005D
:108D300002FE000100000002FE000000FE0202FF31
:108D4000000000FC00FF0000000000010003FE0026
:108D5000FD00FC0000FE00070000FE000000000017
:108D6000FF01FEFE0000FE00FE000000000000000B
:108D70000000FFFF00FEFD0000000000010000FEFB
:108D800000FEFEFE000000000000000000FF0000EA
:108D90000000FEFD00FD00F9FEF9040000FC0204E5
:108DA0000600FAFFFD00FFF502FE02F402000001DA
:108DB000F400F4FEEDFE00F50004060003000000E0
:108DC000000000FCFD00F9000000FE000000FE00B5
:108DD00000000000FFFF00FFFD0000000000000099
:108DE000FEFE00FEFDFE0000FE0000000000000090
:108DF00000000000FEFE00FD00FE00FC020000FD81
:108E0000010202000000000000FE0000000000025D
:108E10000000FE00FEFEFD00000000000000020059
:108E2000FE00000000FEFD00FC0007FE01F900004E
:108E300006F5F4F7FC0200FEF1FC00FC00FC03FC6C
:108E4000F200FA000001FF02FE000200F9F700F54F
:108E5000FBFBFBF9FDFA00FCFA01000100FE00003B
:108E6000000200020000000000000000000000FE00
:108E700000FF00FFFE00FCFBFBFF00F9000000000C
:108E80000000FE0000000001FF00000002000000E2
:108E900000000000000B00000000000002000000C5
:108EA000FE0000000000000000000000FC000200C6
:108EB000000000000000000000000000FE000000B4
:108EC000FC00000000F5F9000000FDF50000FE02C6
:108ED00000FA00000000000000000000FC0000FCA0
:108EE0000000000000000000000000000200FC0084
:108EF000000000030002FCFC00FEFEFD000000007C
:108F00000000F900FE00FDFE00FBFAF9FE00FC0087
:108F1000F900000000120000010000FD000200F650
:108F20000000000000EBFC0707FEF70002FD00F563
:108F3000FFFD02F0FE030003F8FDF8F9F70000F36F
:108F4000000D0000FF000000FFFFFEFAF900EB003B
:108F50000000000000000000010000000000000010
:108F6000000000000000000000FE00FFFEFD000009
:108F7000FC00FE00000000000000000000000000F7
:108F80000000FF00FC000004FF0300FB02FEFFFAEC
:108F9000FE00FDFEFE00FDFC0000FEFFFEFCFD00ED
:108FA00000FE0002FE00FB000000FC00FC00FCFCD8
:108FB000020000000000000000FC0200FD00FEFDB9
:108FC000F9FEFEFEFFFEFDFF0000000000FEFEFEBB
:108FD0000000000003FE00FE000000FEFDFEFEFD9E
:108FE000FE000209FF00FA00FE0400FEF7FD030088
:108FF00000F5FC02FC0200FEFEF900FD010000FC91
:109000000000000202FCFC00FCFEFDFEFE00FC0174
:10901000FCFC07000000000000000000020000004F
:109020000000000000000000000000000000000040
:1090300000000000FC000000000000000000000034
:109040000000000000000000000000000000000020
:109050000000000000000000000000000000000010
:10906000FE00000000000000000000000000000002
:109070000000000000000000000000000000FEFEF4
:10908000000000000000000000000000FD0000FDE6
:109090000000FEFE00000000FE00000000FF0000D7
:1090A000000000FE00000000FD00FC000000F900D0
:1090B00002FB0400FEF50000FBFE00F7FAFA0000D8
:1090C000F6FEF7F7F500FA00020FFD00FBFEFFFECB
:1090D000FCFAFCF8F7FBFE0000FE00010000F0FEC9
:1090E0000705FBF80001F900F5FEFE04EBFD0100A9
:1090F00000F1FDF4FEF00000F0000D0100FE0000A4
:109100000000FFFEF7FE00F100000000F900FE0085
:10911000FFFAF50000FFFDF9FE00FE00000000F67A
:10912000FEF9F9FEFCFAFEFC00FCFEF9FD00FDFC78
:10913000FEFC000100FEF9000400FC00000000033A
:109140000002FC0900FEFEFD000000000000F90026
:10915000FE00FDFE00FBFAF9FE00FC020900000023
:1091600000120000010000FD0002000000000000ED
:109170000000000000000000FEFC0000000000FFF6
:10918000000000FEFE0000FCFE0000FC0004FF00EA
:1091900000000000000100000000030402FE00F9CE
:1091A000FC0007F9F9FCFC090402EDFE04FE00FED8
:1091B00002FEF800FE02FDFEF9FE0000070400FAC0
:1091C00000F4FD06FDF701FDF9F9FE090200FD00BE
:1091D000FA000207FBF8F7FA070001F0FE02FCFEB6
:1091E000FB00FBF8FDFDFE0000FBFBFE000705FE9B
:1091F000F400F4FD00F8F3FFF9FCF9FA060000FDB5
:1092000000FCFE00FEFC0004F9020000F400FEFB7E
:10921000FCFEF9FAF9FB00F9FEFBFCF9FE00000187
:109220000BFC00F9FE00FEFCFBFAFAF7FDFC040063
:10923000FD00F5FD0104F9F8FCF907FE01EBFC0463
:10924000FBFCF800F9F7FDFEFEFEFBF9FF0000074E
:1092500006FEF100F3FB05F7F1FCF8F7F5F9040061
:10926000000000FD000002FD0402FC040000F9FF04
:1092700000FF000101FE000000000000FE000000F1
:109280000002070000FD00000000FEFEFD000000DF
:109290000102000000000200FE000900040101FDBF
:1092A00000040000000200000000000000000000B8
:1092B00000070006000000000000000000000000A1
:1092C0000000F300FE04000700001603FCFC02028D
:1092D000FE01F500000BF30000000000000000009C
:1092E0000000F1091F000000000000000000000065
:1092F00000F300000000000000000000000000007B
:10930000000000000000000000000000FC0000FC65
:10931000FE0000000000000000000000000000004F
:1093200000000000FE00FA0000010000021DFCFE2B
:109330000706FA0200000202FD0000000000000023
:1093400000000000E3060000000000000000000034
:1093500000000000000000FA000000FA0000000019
:10936000FBFF000000FB00FD00F500000000000016
:109370000000000000F100000000010000000000FB
:1093800000FE0000FC00FD00FA000000FC02FD00F1
:1093900000FAFEFB0000FA00FE00F500FE0000EE01
:1093A000FCF7FEF80000F100FAFF000000000000EA
:1093B0000000FDFCFEFC00000000FB00FB03FE04BF
:1093C00000FEFBFEFCFC00FDFFFE02FAFF000000B9
:1093D000ECFEFD00FB00FEF5FE0000FEFE000000BE
:1093E000000200FEFCFE040000000000000000007F
:1093F000000000000000000000000000000000006D
:10940000000000000000000000000000000000005C
:10941000000003000000000000FB00FE000000FC54
:1094200002000000FAFEFC0000FA00FE00F5000059
:109430000000EA00FCF8F50000F100FEFD0000006D
:109440000000000000FEFDFFFD01000004FD00071C
:109450000BFEFEF9030B0405FA03090306050600DB
:10946000000000000000000000000E0BFCFE00FEEB
:10947000120A12000000020000080000FC000000B8
:10948000000000000000FE000000000000000003DB
:1094900000000000EDFDFEF7F50000F10000000007
:1094A00000000000000000000000000000FC0000C0
:1094B00000000000000000FE0000000000000000AE
:1094C0000300000000EDFDFEF7F50000F7000000CE
:1094D000000000000000000000000000000000008C
:1094E000FE000000FB0200FE020402F90000FE0282
:1094F000000200000000FA00FEFEFC00FEF7000E75
:10950000FE00FBFE00FEFC00FEFAFCFD000000FC7D
:10951000000000000000000000FE0000000000004D
:1095200000000300000000EDFDFEF7F50000F10073
:1095300000000000000B0000000000000000000020
:10954000FC00F9FDFE07FEFEF701FF01FEFA000533
:1095500000020102FBF7FD00F7FCFAF7F700FCFC44
:10956000FDFDFEFEFDFE00FEFF030003FE00070002
:109570000000000000000000000000FEFEFE0000F1
:10958000FA00FF00FC0000000000000000000000E6
:10959000F30000000000000000000000FEFE00FDDF
:1095A00000000000FE0000FCFE0200FCFCFE00FAD1
:1095B000FEFBFEFD00FC00000000000000000000BB
:1095C00000F100070000FC00000000FD00FE0000AC
:1095D000FF0000FE00FB000009FDF9F90202020095
:1095E000FA020302070207FEFA0000F70000F9FA88
:1095F0000000FC00FDFC00FD00FD00FE0300FEF984
:10960000FE080000FE00FC000003FB0002FE02005A
:1096100000F900FEFF00FE02FE000000F7FDFB0067
:10962000F90000F50008FE00FC000100FE00FEF954
:1096300000FE0200000000FE000002FD010000FD2F
:10964000FE00FD000000000000000000000000001F
:1096500000000000F200050000FE00000000000015
:10966000FEFE0000000400050000000000F2F3010F
:109670000A0704F7020900080004000000000000C7
:1096800000000000000C00000000000000000000CE
:109690000000000000000000E88A0208AC8902080F
:1096A0004A8A02083D3100009861020818840208C5
:1096B000848902089896020810000228B801002048
:1096C000CB3D0108593D01081000030000FF0100D7
:1096D000A8960208000000000000000006F2ECE876
:1096E0003699D661963ABE245E05FA05B1046A4DF4
:1096F000098EE7CE47FF00FEC0FCA4FAA97AF16309
:10970000F39C8AEA8EE3D3EC7AFE5DFF0FEA12F354
:1097100076F4DAFD3DFF37AA59BB9BCCFCE53EF75A
:10972000B87AB993FBB43DD63EEF585B397C5B9D6C
:109730005DC65EEF3E45BE655F96FFBE9FE7BE2DF0
:109740001E4EBF863FB7BFE73B269C4EFD865EB7E9
:10975000BFE73325B54D5886FBB69EE7CD6530860D
:10976000B4A639CFBDEF6C9EB0AE14C779DFDDF77C
:109770000AD72EDF73E7B8F7DCFF6BFF8EFFB3FF6E
:10978000D8FFFCFF45FEA9FE10FF76FFDCFF24FD9D
:10979000A9FD70FE16FF9CFF88FB4CFC52FD77FE76
:1097A0005CFF6C8B4FA454BD79D65DEF937C3595EF
:1097B000F8B5DBCE7EEFF7BD1CE77DEFBEF7DFFF30
:1097C000C6E165D145C1E3B0CCD8CBC0AAA86988B1
:1097D0003589F478D368B148B65975513441D230DF
:1097E000553AF331B2290F195C1CBA1B3813340AED
:1097F000DC045A04B703B3027805B40411040C0363
:109800004F04CD034B0368020845673CE62BE41A7E
:10981000887DE76C4554433346C6A5ADE49CA283DE
:10982000C6FE05FE44FDE2F380FD00FD60FC60FB2A
:1098300060FCE0F360EB80E283F243E202DAA1B97C
:10984000686A065AA54924396F53CC4229328721C8
:10985000AE730C630842042100003C027804B30696
:10986000EE08280B610D990FD01106143A166C18EA
:109870009D1ACB1CF71E212148236C258E27AC296D
:10988000C72BDF2DF32F0332103418361C381C3A47
:10989000173C0E3EFF3FEC41D443B64593476A491F
:1098A0003C4B084DCD4E8D504652F953A5554B5764
:1098B000EA58825A135C9C5D1F5F9A600D6279635F
:1098C000DD6439668D67D9681D6A596B8C6CB76D1C
:1098D000D96EF36F04710C720B730174EE74D27550
:1098E000AD767F7747780679BB79677A0A7BA27B6A
:1098F000327CB77C337DA57D0D7E6C7EC07E0B7F78
:109900004B7F827FAF7FD27FEB7FFA7FFF7F0000AC
:10991000905F020859F100080000000000000000FC
:1099200079F300080000000001040000905F0208C5
:10993000EBFB000839FC00080000000055FC0008A3
:1099400004010D0000060000905F0208B3FE00084D
:10995000000000000000000000000000D127D12717
:1099600044020000905F020835FF000871FF000804
:109970000000000089FF0008040182008503000048
:10998000905F020815360108B53601080000000096
:10999000D93601088200D12705040000905F020833
:1099A000F93B01082B3C0108000000005538010874
:1099B0000000000080020000905F0208655301086B
:1099C000E15301080000000025540108D127D127E8
:1099D000C0040000905F020861AB010800000000B5
:1099E00000000000D9AB0108D1278200C5020000A9
:1099F000B89902080000000000000000000000000C
:109A000041AD010800000000C00400002C990208CC
:109A1000C9B00108000000000000000021B10108E9
:109A20000000000085070000905F02082BBC0108C1
:109A30006DBC01080000000075BC010834001E0068
:109A400084020000905F0208D1BD01080DBE01082C
:109A50000000000059BE0108D127D127850300006E
:109A6000905F020861C201086BC401080000000099
:109A700089C401080401820004060000000EF39F5F
:109A800050000000003FF0CFFFFFFFF4009FC0EF49
:109A9000FFFFFFF201FF73FD11113FF00AFF28F9EC
:109AA00002206FB04FFF16830EF158405FFF100089
:109AB0000EF100005EFF11DA0EF19D5042FF12FB25
:109AC0000EF16F9000FF13FA0EF12FC000FF16F891
:109AD0000EF10FF000FF19F50EF10DF000FF1DF271
:109AE0000EF10BF100FF3FE2FFF10AF200FF10025E
:109AF000FFF1000000EF307FFFFFFFE00EF307FFF4
:109B0000FFFFFE00EF3002FF324FE28FFEF00FF159
:109B100002FE6FFFFF00FF102FE5DFF8501FF0027D
:109B2000FE00EF3002FF002FE00EF3003FE002FEE8
:109B300000EF3006FB002FE00EF3009F9002FE00C6
:109B4000EFBE3DF5002FE00EFFF6FF1002FE00EF26
:109B5000D8AFC0014FE006102FF500CFFE00000A7D
:109B6000FE000CFFE000DF5005CCCCCC3000FF3015
:109B700007FFFFFF103FFFFFD2555AFC003FFFFFDA
:109B8000D0000CF70007F93FD0003FF10009F63F85
:109B9000C111BF91100BF44FAFFFFFFFF40DF17F28
:109BA0008FFFFFFFF40FF2BF5000CF40001FFFFFF9
:109BB0001000CF300003EFFE0000CF3000001EFF8A
:109BC0008000CF3000004FFF9011CF300000DF84C5
:109BD00071FFFF300007FE0001FFFF3000009F8093
:109BE000009CCCCC20009F8004FFFFFE000CEFE91E
:109BF0002EF83BF8001FFFFCDFD23FF31006CFB575
:109C0000EFFFFFFFF0009F808FFDFFDFF0009FA7B9
:109C10006F91FD0FF02AEFFF6F91FD0FF03FFFC630
:109C2000DFECFFBFF616AF81FFFFFFFFF8009F805C
:109C3000445DFFA442009F8038FFDFFB500CFF8390
:109C4000FFFB13EFF70DFF83FB400018F700000147
:109C500010000000010000000000000000000000F3
:109C600000000010100F00FE780000100F0F00FE23
:109C7000E9000010100F00FE61010010100F00FE3F
:109C80000000A7021D0A0214604F00000314010027
:109C9000809C020800000000040003007C9A020877
:109CA000589C0208889C020800000000000001087F
:109CB00088020020CB3D0108593D01080F00020039
:109CC00000FE01009C9C0208000000000000000053
:109CD00000000001454100000000000000000000FD
:109CE000000006DFFFFFC4000000000000000000CD
:109CF0000001CFED946AFFA000000000000000000A
:109D0000002EF700430439FC1000000000000000A2
:109D100000DF90000462006FC1000000000000003E
:109D200007F7060004620006FD10000000000000B6
:109D30000DE00060420420047FD10000000000001C
:109D40002F9000093000424206FC00000000000095
:109D50005FB0004360000750008F6000000000000B
:109D60006F35042006004242000FF00000000000A2
:109D70005F508300006420042049F40000000000CC
:109D80002F842500004700004622F7000000000055
:109D90000DF20050042060005631F9000000000070
:109DA00006F70005520006052044F80000000000F8
:109DB00000CF4004700000A20008F6000000000080
:109DC000001DF442060005260009F2000000000014
:109DD0000002EF6000606100601FC0000000000032
:109DE00000002EF4000A200006CF40000000000012
:109DF000000002EF605160001BFF00000000000047
:109E00000000002DFF610638EFFFA00000000000F9
:109E1000000000008FFFFFFFD409FA0000000000DF
:109E2000000000000058AA7300009FA0000000007E
:109E30000000000000000000000008FB000000001F
:109E400000000000000000000000008FB0000000D3
:109E5000000000000000000000000008FB000000FF
:109E60000000000000000000000000007FC00000B3
:109E700000000000000000000000000007FC0000DF
:109E8000000000000000000000000000006FC100A2
:109E90000000000000000000000000000006FC10B0
:109EA00000000000000000000000000000006FD172
:109EB000000000000000000000000000000005FBA2
:109EC000000000000000000000000000000000444E
:109ED0000000000000378A985000000000000000D9
:109EE000000007EFFFFFFFFF400000000000000040
:109EF0004EFFFFFFFFFFFFF30000000000006FFFB9
:109F0000FFFA6545CFFFF700000000000AFFFF8160
:109F10000000000AFFF8000000000655EE300000C7
:109F2000000002BF8000000002C1C000000000006D
:109F300000007D80000000B2B400000000000000BE
:109F400000BE3000003A490000000000000000029E
:109F5000BC00000A2B1000000000000000000AB442
:109F60000000C39000000000000000000059B00095
:109F7000588300000000000000000000AC10084FF3
:109F8000EE700000000000001BED3B8500B6FFFFF7
:109F9000F300000000000AFFFFF6800D8FFFFFB006
:109FA0000000000000CFFFFF9B00CAFFFFFC000085
:109FB0000000000CFFFFFAC03DCFFFFFC000000013
:109FC0000000CFFFFFFC08DFFFFFFC0000000000E7
:109FD0000CFFFFFFE4AEFFFFFFC00000000000CF5A
:109FE000FFFFFF88FFFFFFFC00000000000CFFFFE9
:109FF000FFE92DFFFFFFC00000000000CFFFFFEED4
:10A00000703DFFFFFC00000000000CFFFFF6C100E8
:10A010005FFFFFC00000000000CFFFFF510002FF04
:10A02000FFFC000000000008FFFFF4000003FFFF3A
:10A0300060000000000007FFFE0000000047300045
:10A04000000000000000661000000000006000003A
:10A050000000000000000000000000000B90000065
:10A06000000000000000000000000000A930000017
:10A070000000000000000000000000371BA73000B7
:10A08000000000000000000000000730004E6000EB
:10A0900000000000000000000000A000005B1000B5
:10A0A0000000000000000000000B0000503900001C
:10A0B000000000000000000002800006008BA730B6
:10A0C00000000000000000006400041000007E009A
:10A0D000000000000000000A0000600000154800B9
:10A0E00000000000000000B0002300000600A200F5
:10A0F0000000000000002900060000060002AB730B
:10A10000000000000005500140000420000007E2AC
:10A11000000000000091005000015000000432A037
:10A12000000000000C00050000600000052008721F
:10A1300000000001F2050000600000061000049B12
:10A1400080000056A990003200000600000007B20F
:10A15000000009200900150000160000004B500007
:10A160000000B0007A78000025000001A80000007F
:10A17000000A000912900034000007A2000000004D
:10A180000560027009635300004B5000000000009E
:10A19000FF209000B45A0002A800000000000076E2
:10A1A0006F970092008648A20000000000003E2049
:10A1B0001FF06500008F400000000000000B1450ED
:10A1C0000DFA0002A70000000000000003800260FA
:10A1D00006F608A100000000000000007300006205
:10A1E00001FF3000000000000000000820000045D2
:10A1F0000B10000000000000000000640000002EB2
:10A200003000000000000000000001B000000770F6
:10A210000000000000000000000004B4003A7000DC
:10A2200000000000000000000000017BB8200000DA
:10A2300000000000000000000000000000169A97D7
:10A2400030000000000158A9730000000000000267
:10A25000AFFFFFFFD60000001AFFFFFFFE60000007
:10A26000000005FFFFCABEFFFB00005FFFFCABDF85
:10A27000FFB100000005FFE6000003BFFC106FFF08
:10A280007100003AFFC0000002FFC1000000007F23
:10A29000FC7FFC2000000006FF900000AFE1000002
:10A2A0000000005FFFFC100000000008FF30002FDE
:10A2B000F60000000000005FFC0000000000000D40
:10A2C000F90006FF00000000000000480000000048
:10A2D0000000007FE0009FB00000000000000000D0
:10A2E00000000000000003FF100AFA000000000058
:10A2F00000007A000000000000002FF200AFA00074
:10A3000000000000001FF600000000000003FF2016
:10A3100007FD00000000000005FFC0000000000075
:10A32000005FF0004FF2000000010000AFFF2000CE
:10A33000000000000BFC0000DF90000004FC000F98
:10A34000FFF8000000000002FF600005F6000001B9
:10A35000EFF504FFAFD00000000000DFD0000000E8
:10A36000000000CFFFC09FC3FF3000000000CFF40B
:10A37000008FFFFFFFFFFFF9FF4EF70DFFFFF50016
:10A3800000CFF6000AFFFFFFFFFFF90CFEFF206F72
:10A39000FFFF8000CFF60000034444444443004FD5
:10A3A000FFD00045554000CFF6000000000000003F
:10A3B0002B4000CFF90000000000CFF600000000A5
:10A3C00000000008FF5004FF4000000000CFF6002E
:10A3D000000000000000001DFF5008900000000178
:10A3E000CFF60000000000000000001DFF5000003C
:10A3F000000001CFF5000000000000000000001D7B
:10A40000FF5000000001CFF5000000000000000038
:10A410000000001DFF50000001CFF500000000000B
:10A42000000000000000001CFF600001CFF50000EC
:10A4300000000000000000000000001CFF6001DFC1
:10A44000F500000000000000000000000000001CFB
:10A45000FF61DFF5000000000000000000000000C8
:10A460000000000CFFEFF5000000000000000000FD
:10A47000000000000000000CFFF5000000000000DC
:10A4800000000000000000000000000CF5000000CB
:10A4900000000000000000000000000000000000BC
:10A4A00000000000000000000000000000000000AC
:10A4B0000000000000000020202000FC000200201E
:10A4C0001D1A02FD790350241F2001FC6905602636
:10A4D000272000FC00002E003300590003E6000096
:10A4E0005A000100D4A40208000000000400030088
:10A4F000D09C0208ACA40208DCA402080000000002
:10A500000000010890020020CB3D0108593D0108E0
:10A510002000040000000000F0A402080000000079
:10A5200000000000536100005765000054680000FF
:10A530004D6F000046720000537500005475000016
:10A540004A756E65000000004D617263680000008E
:10A55000417072696C000000446563656D626572EC
:10A560000000000053657074656D62657200000044
:10A570004E6F76656D626572000000004F63746F08
:10A580006265720041756775737400004D617900F2
:10A590004A756C79000000004A616E75617279003D
:10A5A00046656272756172790000000032303233A4
:10A5B0000A323032320A323032310A323032300A24
:10A5C000323031390A323031380A323031370A32DA
:10A5D0003031360A323031350A323031340A3230D5
:10A5E00031330A323031320A323031310A323031CD
:10A5F000300A323030390A323030380A32303037AF
:10A600000A323030360A323030350A323030340ACD
:10A61000323030330A323030320A323030310A329E
:10A620003030300A313939390A313939380A31395B
:10A6300039370A313939360A313939350A31393938
:10A64000340A313939330A313939320A3139393139
:10A650000A313939300A313938390A313938380A4A
:10A66000313938370A313938360A313938350A3113
:10A670003938340A313938330A313938320A313904
:10A6800038310A313938300A313937390A313937F6
:10A69000380A313937370A313937360A31393735DF
:10A6A0000A313937340A313937330A313937320A06
:10A6B000313937310A313937300A313936390A31CF
:10A6C0003936380A313936370A313936360A3139AE
:10A6D00036350A313936340A313936330A313936AA
:10A6E000320A313936310A313936300A31393539A1
:10A6F0000A313935380A313935370A313935360AB0
:10A70000313935350A313935340A313935330A3181
:10A710003935320A313935310A313935300A313972
:10A7200034390A313934380A313934370A31393455
:10A73000360A313934350A313934340A313934334F
:10A740000A313934320A313934310A313934300A74
:10A75000313933390A313933380A313933370A312B
:10A760003933360A313933350A313933340A31391C
:10A7700033330A313933320A313933310A3139331B
:10A78000300A313932390A313932380A31393237FF
:10A790000A313932360A313932350A313932340A1E
:10A7A000313932330A313932320A313932310A31F0
:10A7B0003932300A313931390A313931380A3139CF
:10A7C00031370A313931360A313931350A313931C7
:10A7D000340A313931330A313931320A31393131C0
:10A7E0000A313931300A313930390A313930380AD1
:10A7F000313930370A313930360A313930350A319A
:10A800003930340A313930330A313930320A31398A
:10A810003031000030310A30320A30330A30340A25
:10A8200030350A30360A30370A30380A30390A31C2
:10A83000300A31310A3132000A00000042746E31B0
:10A840000000000042746E320000000042746E335B
:10A850000000000042746E340000000042746E3547
:10A860000000000084A80208000000209C020000F4
:10A87000600800081CA902089C020020047A01005C
:10A88000F426000832018210037924F41AAA01D1B7
:10A890002C04024004128002214002272D29EC01E1
:10A8A0006C1E38A5020830041A3C041A28041A2C1D
:10A8B000041A34041A24041A98041AA0041A480426
:10A8C0001A50041A8C041A40041A90041A84041AA8
:10A8D00064041A7C041A70041A58041E14A802088E
:10A8E000AC08014845D4C3B2A102176F180A99D029
:10A8F0000108C5CF01083D041EBDCE010851101A44
:10A90000750C1A9D041A3C8C1A44041A4C041A380B
:0CA91000041A54041A5C040A49A8A0416F
:040000050800018965
:00000001FF
